ISO-10303-21;
HEADER;
FILE_DESCRIPTION (( 'STEP AP214' ),
    '1' );
FILE_NAME ('Probe_Drive_4.STEP',
    '2024-08-29T00:43:15',
    ( '' ),
    ( '' ),
    'SwSTEP 2.0',
    'SolidWorks 2022',
    '' );
FILE_SCHEMA (( 'AUTOMOTIVE_DESIGN' ));
ENDSEC;

DATA;
#1 = CARTESIAN_POINT ( 'NONE',  ( 2.772986293234238175, -11.59999999999999609, -4.656557420857756924 ) ) ;
#2 = EDGE_LOOP ( 'NONE', ( #1376, #1921, #2824, #2792, #684, #158, #3163, #2483, #1335, #3031 ) ) ;
#3 = DIRECTION ( 'NONE',  ( 0.9711449662289644014, -0.2384899464718453210, 0.000000000000000000 ) ) ;
#4 = CARTESIAN_POINT ( 'NONE',  ( -2.314149816779088376, -10.59999999999999609, 5.199999999999997513 ) ) ;
#5 = DIRECTION ( 'NONE',  ( 0.000000000000000000, -0.6824374923515555968, 0.7309439575185777693 ) ) ;
#6 = CARTESIAN_POINT ( 'NONE',  ( 6.451000000000000512, -7.733087104677060175, 7.809307837348835157 ) ) ;
#7 = CARTESIAN_POINT ( 'NONE',  ( -4.896553359447219478, -11.60000000000000142, 11.19884974457708182 ) ) ;
#8 = LINE ( 'NONE', #2654, #305 ) ;
#9 = CARTESIAN_POINT ( 'NONE',  ( 4.869016231867695055, -8.789773039201607574, 9.430606505214987223 ) ) ;
#10 = CARTESIAN_POINT ( 'NONE',  ( 1.622500358202256132, -11.73676935852710557, 3.391947120378516978 ) ) ;
#11 = VERTEX_POINT ( 'NONE', #696 ) ;
#12 = ORIENTED_EDGE ( 'NONE', *, *, #948, .T. ) ;
#13 = ORIENTED_EDGE ( 'NONE', *, *, #1962, .T. ) ;
#14 = CARTESIAN_POINT ( 'NONE',  ( -4.069377941073434535, -6.687360266508893147, 8.608975125695558006 ) ) ;
#15 = FACE_OUTER_BOUND ( 'NONE', #3669, .T. ) ;
#16 = DIRECTION ( 'NONE',  ( 0.000000000000000000, -1.000000000000000000, -2.243462635206246592E-16 ) ) ;
#17 = ADVANCED_FACE ( 'NONE', ( #1861 ), #2426, .T. ) ;
#18 = EDGE_CURVE ( 'NONE', #1902, #1398, #3270, .T. ) ;
#19 = LINE ( 'NONE', #3170, #1080 ) ;
#20 = DIRECTION ( 'NONE',  ( 0.000000000000000000, 0.000000000000000000, 1.000000000000000000 ) ) ;
#21 = ORIENTED_EDGE ( 'NONE', *, *, #2266, .T. ) ;
#22 = CYLINDRICAL_SURFACE ( 'NONE', #3229, 2.190625000000015365 ) ;
#23 = CARTESIAN_POINT ( 'NONE',  ( 5.984076285685270058, -10.23704847023278930, 10.37377150992577235 ) ) ;
#24 = FACE_OUTER_BOUND ( 'NONE', #681, .T. ) ;
#25 = LINE ( 'NONE', #1408, #880 ) ;
#26 = DIRECTION ( 'NONE',  ( -0.9711449662289644014, -0.2384899464718453210, 0.000000000000000000 ) ) ;
#27 = CIRCLE ( 'NONE', #333, 0.9119999999999991447 ) ;
#28 = CARTESIAN_POINT ( 'NONE',  ( 1.449999999999998623, -14.59999999999999609, -1.000000000000000222 ) ) ;
#29 = PLANE ( 'NONE',  #3546 ) ;
#30 = ORIENTED_EDGE ( 'NONE', *, *, #3726, .T. ) ;
#31 = VERTEX_POINT ( 'NONE', #3586 ) ;
#32 = VERTEX_POINT ( 'NONE', #680 ) ;
#33 = CARTESIAN_POINT ( 'NONE',  ( -3.949999999999998845, -6.469999612419820245, 8.006141249057149523 ) ) ;
#34 = VERTEX_POINT ( 'NONE', #1845 ) ;
#35 = CYLINDRICAL_SURFACE ( 'NONE', #877, 2.433087104677061685 ) ;
#36 = CARTESIAN_POINT ( 'NONE',  ( 4.949999999999999289, -7.733087104677060175, -7.163102064221032350 ) ) ;
#37 = DIRECTION ( 'NONE',  ( -1.000000000000000000, 8.761229676650544604E-17, -0.000000000000000000 ) ) ;
#38 = AXIS2_PLACEMENT_3D ( 'NONE', #3406, #3120, #515 ) ;
#39 = DIRECTION ( 'NONE',  ( 0.000000000000000000, 1.000000000000000000, 0.000000000000000000 ) ) ;
#40 = ORIENTED_EDGE ( 'NONE', *, *, #1051, .T. ) ;
#41 = VECTOR ( 'NONE', #3610, 1000.000000000000000 ) ;
#42 = VECTOR ( 'NONE', #735, 1000.000000000000000 ) ;
#43 = DIRECTION ( 'NONE',  ( 0.000000000000000000, 0.000000000000000000, 1.000000000000000000 ) ) ;
#44 = CARTESIAN_POINT ( 'NONE',  ( 6.206752104212802656, -9.721862837573814531, 9.829581457395567767 ) ) ;
#45 = CARTESIAN_POINT ( 'NONE',  ( 3.898464874824869142, -8.722526917761177501, 8.445798752202813731 ) ) ;
#46 = CARTESIAN_POINT ( 'NONE',  ( 5.694277797525394647, -10.72092506130645440, 11.92056911025153454 ) ) ;
#47 = DIRECTION ( 'NONE',  ( -0.000000000000000000, 1.000000000000000000, 1.629370806621315981E-15 ) ) ;
#48 = EDGE_CURVE ( 'NONE', #1967, #358, #3730, .T. ) ;
#49 = ADVANCED_FACE ( 'NONE', ( #91 ), #1617, .T. ) ;
#50 = CARTESIAN_POINT ( 'NONE',  ( -2.740936061098496079, -11.65116505323557483, 4.798713116746853302 ) ) ;
#51 = CARTESIAN_POINT ( 'NONE',  ( -4.869016231867652422, -8.963421216868512786, 8.445798752202819060 ) ) ;
#52 = ORIENTED_EDGE ( 'NONE', *, *, #873, .F. ) ;
#53 = ORIENTED_EDGE ( 'NONE', *, *, #149, .F. ) ;
#54 = ORIENTED_EDGE ( 'NONE', *, *, #3666, .F. ) ;
#55 = CARTESIAN_POINT ( 'NONE',  ( -4.869016231867652422, -8.789773039201588034, 9.430606505215022750 ) ) ;
#56 = EDGE_LOOP ( 'NONE', ( #1192, #259, #2718, #921, #2668, #153, #1369 ) ) ;
#57 = DIRECTION ( 'NONE',  ( 1.000000000000000000, -0.000000000000000000, -0.000000000000000000 ) ) ;
#58 = FACE_OUTER_BOUND ( 'NONE', #2260, .T. ) ;
#59 = DIRECTION ( 'NONE',  ( -1.000000000000000000, 0.000000000000000000, 0.000000000000000000 ) ) ;
#60 = CARTESIAN_POINT ( 'NONE',  ( -3.949999999999998845, -3.639570137611278344, -4.190450317280070003 ) ) ;
#61 = VERTEX_POINT ( 'NONE', #3054 ) ;
#62 = CARTESIAN_POINT ( 'NONE',  ( 4.869016231867650646, -8.789773039201598692, 9.430606505215024526 ) ) ;
#63 = CARTESIAN_POINT ( 'NONE',  ( -2.613264153373087595, -11.92258927280779979, -3.051673139727958173 ) ) ;
#64 = FACE_BOUND ( 'NONE', #1998, .T. ) ;
#65 = CARTESIAN_POINT ( 'NONE',  ( -6.450000000000001066, -5.299999999999998046, -2.411999999999999922 ) ) ;
#66 = B_SPLINE_CURVE_WITH_KNOTS ( 'NONE', 3,
 ( #933, #2973, #63, #308, #3458, #3217, #3498, #849, #614, #1446 ),
 .UNSPECIFIED., .F., .F.,
 ( 4, 2, 2, 2, 4 ),
 ( 0.000000000000000000, 0.0003047368360463343804, 0.0006094736720926687609, 0.0009142105081390031413, 0.001218947344185337522 ),
 .UNSPECIFIED. ) ;
#67 = LINE ( 'NONE', #595, #2285 ) ;
#68 = CARTESIAN_POINT ( 'NONE',  ( -4.802700504077066945, -8.973215870013826034, 9.462952425704717285 ) ) ;
#69 = CARTESIAN_POINT ( 'NONE',  ( 4.950999999999999623, -11.59999999999999964, -4.521487454308140919 ) ) ;
#70 =( BOUNDED_CURVE ( )  B_SPLINE_CURVE ( 3, ( #750, #1680, #1948, #1968 ),
 .UNSPECIFIED., .F., .F. ) 
 B_SPLINE_CURVE_WITH_KNOTS ( ( 4, 4 ),
 ( 1.327509146878108837, 1.570796326794896558 ),
 .UNSPECIFIED. ) 
 CURVE ( )  GEOMETRIC_REPRESENTATION_ITEM ( )  RATIONAL_B_SPLINE_CURVE ( ( 1.000000000000000000, 0.9950736914535426303, 0.9950736914535426303, 1.000000000000000000 ) ) 
 REPRESENTATION_ITEM ( '' )  );
#71 = VERTEX_POINT ( 'NONE', #699 ) ;
#72 = ORIENTED_EDGE ( 'NONE', *, *, #1101, .T. ) ;
#73 = ORIENTED_EDGE ( 'NONE', *, *, #2190, .T. ) ;
#74 = CARTESIAN_POINT ( 'NONE',  ( -5.832272847375758573, -10.50817032047070398, 10.94737952336543607 ) ) ;
#75 = CARTESIAN_POINT ( 'NONE',  ( -5.398106577800377615, -11.10000000000001918, 12.08795098915746991 ) ) ;
#76 = DIRECTION ( 'NONE',  ( 1.000000000000000000, 0.000000000000000000, 0.000000000000000000 ) ) ;
#77 = SURFACE_STYLE_FILL_AREA ( #2756 ) ;
#78 = EDGE_LOOP ( 'NONE', ( #175, #452, #3721, #2069, #2090 ) ) ;
#79 = CIRCLE ( 'NONE', #1406, 0.5000000000000038858 ) ;
#80 = CARTESIAN_POINT ( 'NONE',  ( 5.774482310579633904, -10.59999999999999787, 11.58795098915740773 ) ) ;
#81 = CARTESIAN_POINT ( 'NONE',  ( 2.740936061098496079, -11.65116505323557483, 4.798713116746853302 ) ) ;
#82 = LINE ( 'NONE', #615, #736 ) ;
#83 = CARTESIAN_POINT ( 'NONE',  ( 2.312581941768991900, -10.60148167184889623, -4.238101298048118970 ) ) ;
#84 = CARTESIAN_POINT ( 'NONE',  ( 2.314149816779083935, -10.60000000000000142, 11.58795098915740773 ) ) ;
#85 = CARTESIAN_POINT ( 'NONE',  ( -6.450000000000001066, -6.266543552338529111, -0.7378974596215572834 ) ) ;
#86 = CARTESIAN_POINT ( 'NONE',  ( 4.950999999999999623, -7.733087104677060175, -7.163102064221033238 ) ) ;
#87 = AXIS2_PLACEMENT_3D ( 'NONE', #3505, #1395, #3183 ) ;
#88 = VERTEX_POINT ( 'NONE', #3305 ) ;
#89 = VERTEX_POINT ( 'NONE', #2444 ) ;
#90 = ORIENTED_EDGE ( 'NONE', *, *, #543, .T. ) ;
#91 = FACE_OUTER_BOUND ( 'NONE', #1474, .T. ) ;
#92 = DIRECTION ( 'NONE',  ( 0.000000000000000000, 0.000000000000000000, -1.000000000000000000 ) ) ;
#93 = CARTESIAN_POINT ( 'NONE',  ( 4.287085751233932207, -6.762728116648171195, 8.818002345749585302 ) ) ;
#94 = ORIENTED_EDGE ( 'NONE', *, *, #2458, .F. ) ;
#95 = CIRCLE ( 'NONE', #398, 1.933087104677062129 ) ;
#96 = CARTESIAN_POINT ( 'NONE',  ( -2.911027309380699979, -11.41175161701447749, 10.48814032510490080 ) ) ;
#97 = VECTOR ( 'NONE', #2198, 1000.000000000000000 ) ;
#98 = CARTESIAN_POINT ( 'NONE',  ( -2.314149816779088376, -10.59999999999999609, 0.000000000000000000 ) ) ;
#99 = CARTESIAN_POINT ( 'NONE',  ( -4.949999999999997513, -5.299999999999998934, -2.411999999999999478 ) ) ;
#100 = DIRECTION ( 'NONE',  ( 0.000000000000000000, -1.000000000000000000, 0.000000000000000000 ) ) ;
#101 = ORIENTED_EDGE ( 'NONE', *, *, #2852, .F. ) ;
#102 = VERTEX_POINT ( 'NONE', #121 ) ;
#103 = ADVANCED_FACE ( 'NONE', ( #714 ), #1865, .T. ) ;
#104 = EDGE_CURVE ( 'NONE', #2857, #102, #2703, .T. ) ;
#105 = CYLINDRICAL_SURFACE ( 'NONE', #1946, 1.000000000000000888 ) ;
#106 = CARTESIAN_POINT ( 'NONE',  ( 2.318364077607157903, -13.09999999999999964, 3.699999999999996625 ) ) ;
#107 = DIRECTION ( 'NONE',  ( 0.000000000000000000, 0.000000000000000000, -1.000000000000000000 ) ) ;
#108 = VERTEX_POINT ( 'NONE', #3340 ) ;
#109 = DIRECTION ( 'NONE',  ( -1.000000000000000000, -0.000000000000000000, -0.000000000000000000 ) ) ;
#110 = CARTESIAN_POINT ( 'NONE',  ( -1.522260501054746529, -12.59999999999999787, 3.199999999999997069 ) ) ;
#111 = DIRECTION ( 'NONE',  ( -1.596161054396002134E-16, 1.000000000000000000, 0.000000000000000000 ) ) ;
#112 = CARTESIAN_POINT ( 'NONE',  ( -3.949999999999999734, -3.011151223315919001, -1.586721782416620652 ) ) ;
#113 = EDGE_CURVE ( 'NONE', #531, #1341, #3573, .T. ) ;
#114 = CIRCLE ( 'NONE', #903, 2.433087104677063461 ) ;
#115 = CARTESIAN_POINT ( 'NONE',  ( -2.772986293234238175, -11.60000000000000142, 5.096882918728833367 ) ) ;
#116 = CARTESIAN_POINT ( 'NONE',  ( 4.950999999999999623, -5.299999999999998046, 0.02108710467706165215 ) ) ;
#117 = AXIS2_PLACEMENT_3D ( 'NONE', #2392, #2116, #2981 ) ;
#118 = EDGE_LOOP ( 'NONE', ( #557, #2984, #920, #3073, #2217, #1657, #1304 ) ) ;
#119 = EDGE_CURVE ( 'NONE', #2803, #779, #3623, .T. ) ;
#120 = ORIENTED_EDGE ( 'NONE', *, *, #241, .F. ) ;
#121 = CARTESIAN_POINT ( 'NONE',  ( -6.450000000000000178, -7.733087104677060175, -8.361449492586217502 ) ) ;
#122 = VECTOR ( 'NONE', #43, 1000.000000000000000 ) ;
#123 = CARTESIAN_POINT ( 'NONE',  ( 2.312905168947979817, -10.60117595188436823, -4.246039211797250523 ) ) ;
#124 = DIRECTION ( 'NONE',  ( -0.2384899464718452933, -0.9711449662289642903, 2.807779952490150529E-16 ) ) ;
#125 = ORIENTED_EDGE ( 'NONE', *, *, #3106, .T. ) ;
#126 = EDGE_CURVE ( 'NONE', #3091, #3349, #1848, .T. ) ;
#127 = EDGE_CURVE ( 'NONE', #340, #643, #3588, .T. ) ;
#128 = CARTESIAN_POINT ( 'NONE',  ( -2.772986293233624888, -11.60000000000001563, 11.36016949097593631 ) ) ;
#129 = CARTESIAN_POINT ( 'NONE',  ( 3.898464874824913995, -8.722526917761198817, 8.445798752202778203 ) ) ;
#130 = CARTESIAN_POINT ( 'NONE',  ( 6.103897328211515649, -6.733087104677055734, -0.4685620821013199988 ) ) ;
#131 = CARTESIAN_POINT ( 'NONE',  ( 6.398052839826221749, -8.963421216868512786, 8.445798752202819060 ) ) ;
#132 = LINE ( 'NONE', #2247, #3221 ) ;
#133 = EDGE_CURVE ( 'NONE', #1141, #102, #2769, .T. ) ;
#134 = CARTESIAN_POINT ( 'NONE',  ( 5.949999999999998401, -6.733087104677055734, -4.378258937514117655 ) ) ;
#135 = AXIS2_PLACEMENT_3D ( 'NONE', #1168, #2344, #2108 ) ;
#136 = EDGE_LOOP ( 'NONE', ( #776, #2037, #1673, #3288, #1543, #1920, #3417, #887 ) ) ;
#137 = EDGE_LOOP ( 'NONE', ( #559, #978, #138, #1139 ) ) ;
#138 = ORIENTED_EDGE ( 'NONE', *, *, #1147, .F. ) ;
#139 = CARTESIAN_POINT ( 'NONE',  ( -6.450000000000000178, -7.733087104677060175, 7.809307837348835157 ) ) ;
#140 = CARTESIAN_POINT ( 'NONE',  ( 4.496225972351028055, -6.855355840406669010, 8.987025529991795381 ) ) ;
#141 = SURFACE_STYLE_USAGE ( .BOTH. , #1568 ) ;
#142 = VERTEX_POINT ( 'NONE', #3569 ) ;
#143 = CIRCLE ( 'NONE', #2275, 1.000000000000000222 ) ;
#144 = CARTESIAN_POINT ( 'NONE',  ( 3.313280635793208972, -10.20998237243485640, 10.29430124223892307 ) ) ;
#145 = CARTESIAN_POINT ( 'NONE',  ( 0.5000000000000000000, -14.59999999999999609, 12.08795098915740063 ) ) ;
#146 = DIRECTION ( 'NONE',  ( 0.000000000000000000, -1.000000000000000000, 0.000000000000000000 ) ) ;
#147 = LINE ( 'NONE', #1667, #3551 ) ;
#148 = EDGE_CURVE ( 'NONE', #2527, #408, #1947, .T. ) ;
#149 = EDGE_CURVE ( 'NONE', #198, #2232, #2136, .T. ) ;
#150 = ADVANCED_FACE ( 'NONE', ( #1898 ), #682, .F. ) ;
#151 = DIRECTION ( 'NONE',  ( -1.000000000000000000, -0.000000000000000000, -0.000000000000000000 ) ) ;
#152 = CARTESIAN_POINT ( 'NONE',  ( 2.772986293234238175, -11.59999999999999964, -4.521487454308140919 ) ) ;
#153 = ORIENTED_EDGE ( 'NONE', *, *, #995, .F. ) ;
#154 = AXIS2_PLACEMENT_3D ( 'NONE', #1539, #3040, #1054 ) ;
#155 = EDGE_CURVE ( 'NONE', #1233, #1499, #3001, .T. ) ;
#156 = EDGE_CURVE ( 'NONE', #1847, #846, #3645, .T. ) ;
#157 = ORIENTED_EDGE ( 'NONE', *, *, #1742, .F. ) ;
#158 = ORIENTED_EDGE ( 'NONE', *, *, #963, .F. ) ;
#159 = EDGE_LOOP ( 'NONE', ( #2428, #2752, #392, #1047 ) ) ;
#160 = DIRECTION ( 'NONE',  ( -0.9993479408251048079, -0.03610669146602633189, 0.000000000000000000 ) ) ;
#161 = CARTESIAN_POINT ( 'NONE',  ( -4.137635290879053684, -12.31657248612719968, 0.000000000000000000 ) ) ;
#162 = ORIENTED_EDGE ( 'NONE', *, *, #551, .F. ) ;
#163 = CARTESIAN_POINT ( 'NONE',  ( 5.949999999999998401, -5.299999999999998046, -4.845087104677062939 ) ) ;
#164 = CARTESIAN_POINT ( 'NONE',  ( 2.711654458776466381, -10.60000000000000142, 11.24595166486856890 ) ) ;
#165 = CARTESIAN_POINT ( 'NONE',  ( -2.711654458772685405, -10.60000000000000142, 10.87797269319372440 ) ) ;
#166 = DIRECTION ( 'NONE',  ( -1.000000000000000000, 0.000000000000000000, 0.000000000000000000 ) ) ;
#167 = LINE ( 'NONE', #2797, #3310 ) ;
#168 = ADVANCED_FACE ( 'NONE', ( #2722 ), #105, .T. ) ;
#169 = AXIS2_PLACEMENT_3D ( 'NONE', #1553, #399, #2708 ) ;
#170 = DIRECTION ( 'NONE',  ( 1.596161054396002134E-16, 1.000000000000000000, 0.000000000000000000 ) ) ;
#171 = DIRECTION ( 'NONE',  ( 1.000000000000000000, -0.000000000000000000, -0.000000000000000000 ) ) ;
#172 = VECTOR ( 'NONE', #2279, 1000.000000000000000 ) ;
#173 = ORIENTED_EDGE ( 'NONE', *, *, #3198, .F. ) ;
#174 = EDGE_CURVE ( 'NONE', #2132, #2447, #888, .T. ) ;
#175 = ORIENTED_EDGE ( 'NONE', *, *, #3022, .T. ) ;
#176 = ORIENTED_EDGE ( 'NONE', *, *, #1770, .T. ) ;
#177 = ORIENTED_EDGE ( 'NONE', *, *, #3647, .F. ) ;
#178 = ORIENTED_EDGE ( 'NONE', *, *, #3344, .T. ) ;
#179 = ORIENTED_EDGE ( 'NONE', *, *, #819, .F. ) ;
#180 = DIRECTION ( 'NONE',  ( -1.000000000000000000, 0.000000000000000000, 0.000000000000000000 ) ) ;
#181 = VERTEX_POINT ( 'NONE', #3277 ) ;
#182 =( BOUNDED_CURVE ( )  B_SPLINE_CURVE ( 3, ( #1757, #1124, #3116, #1402 ),
 .UNSPECIFIED., .F., .T. ) 
 B_SPLINE_CURVE_WITH_KNOTS ( ( 4, 4 ),
 ( 0.4166039484894016875, 0.9363773027921178382 ),
 .UNSPECIFIED. ) 
 CURVE ( )  GEOMETRIC_REPRESENTATION_ITEM ( )  RATIONAL_B_SPLINE_CURVE ( ( 1.000000000000000000, 0.9776127366864658663, 0.9776127366864658663, 1.000000000000000000 ) ) 
 REPRESENTATION_ITEM ( '' )  );
#183 = DIRECTION ( 'NONE',  ( 0.000000000000000000, -0.000000000000000000, 1.000000000000000000 ) ) ;
#184 = CARTESIAN_POINT ( 'NONE',  ( 2.314149816779088376, -10.59999999999999609, 10.29684157670538447 ) ) ;
#185 = FACE_OUTER_BOUND ( 'NONE', #3697, .T. ) ;
#186 = EDGE_CURVE ( 'NONE', #34, #2509, #2188, .T. ) ;
#187 = CARTESIAN_POINT ( 'NONE',  ( -4.949999999999997513, 0.000000000000000000, 0.000000000000000000 ) ) ;
#188 = CARTESIAN_POINT ( 'NONE',  ( 5.117755140996171015, -11.39114068157666892, 10.45253859236204086 ) ) ;
#189 = FACE_BOUND ( 'NONE', #3487, .T. ) ;
#190 = CARTESIAN_POINT ( 'NONE',  ( 3.949999999999998845, -8.300961894323346968, 0.000000000000000000 ) ) ;
#191 = ORIENTED_EDGE ( 'NONE', *, *, #1910, .T. ) ;
#192 =( GEOMETRIC_REPRESENTATION_CONTEXT ( 3 ) GLOBAL_UNCERTAINTY_ASSIGNED_CONTEXT ( ( #1106 ) ) GLOBAL_UNIT_ASSIGNED_CONTEXT ( ( #3649, #3668, #1966 ) ) REPRESENTATION_CONTEXT ( 'NONE', 'WORKASPACE' ) );
#193 = ORIENTED_EDGE ( 'NONE', *, *, #2401, .T. ) ;
#194 = ORIENTED_EDGE ( 'NONE', *, *, #485, .T. ) ;
#195 = VERTEX_POINT ( 'NONE', #415 ) ;
#196 = ORIENTED_EDGE ( 'NONE', *, *, #485, .F. ) ;
#197 = CARTESIAN_POINT ( 'NONE',  ( -3.662762364876225529, -9.983423023688580145, 10.02643345821951826 ) ) ;
#198 = VERTEX_POINT ( 'NONE', #432 ) ;
#199 = EDGE_CURVE ( 'NONE', #765, #1981, #3279, .T. ) ;
#200 = VECTOR ( 'NONE', #2137, 1000.000000000000000 ) ;
#201 = CARTESIAN_POINT ( 'NONE',  ( -5.949999999999997513, -5.299999999999998046, -4.845087104677062051 ) ) ;
#202 = CARTESIAN_POINT ( 'NONE',  ( 2.150782636239554790, -10.75425173224781084, 10.59246931908756295 ) ) ;
#203 = ADVANCED_FACE ( 'NONE', ( #3555 ), #1837, .T. ) ;
#204 = EDGE_CURVE ( 'NONE', #71, #2527, #1506, .T. ) ;
#205 = CARTESIAN_POINT ( 'NONE',  ( -4.950999999999999623, -3.011151223315919001, -1.586721782416620874 ) ) ;
#206 = ORIENTED_EDGE ( 'NONE', *, *, #2628, .F. ) ;
#207 = AXIS2_PLACEMENT_3D ( 'NONE', #2008, #3, #1687 ) ;
#208 = CARTESIAN_POINT ( 'NONE',  ( 6.450000000000000178, -6.733087104677056622, -1.114661530410399504 ) ) ;
#209 = CARTESIAN_POINT ( 'NONE',  ( 6.451000000000000512, -8.963421216868512786, 8.445798752202819060 ) ) ;
#210 = CARTESIAN_POINT ( 'NONE',  ( 2.520754163184558916, -12.27585577199018019, -2.725092291974441139 ) ) ;
#211 = DIRECTION ( 'NONE',  ( -1.000000000000000000, -0.000000000000000000, -0.000000000000000000 ) ) ;
#212 = VECTOR ( 'NONE', #1092, 1000.000000000000000 ) ;
#213 = AXIS2_PLACEMENT_3D ( 'NONE', #619, #1411, #1156 ) ;
#214 = VERTEX_POINT ( 'NONE', #3039 ) ;
#215 = ORIENTED_EDGE ( 'NONE', *, *, #2955, .F. ) ;
#216 = ORIENTED_EDGE ( 'NONE', *, *, #307, .F. ) ;
#217 = EDGE_LOOP ( 'NONE', ( #2479, #2467, #3291, #2215 ) ) ;
#218 = CARTESIAN_POINT ( 'NONE',  ( -3.608189861443706903, -9.378163901535579328, 9.581020325714339592 ) ) ;
#219 = EDGE_CURVE ( 'NONE', #3140, #3248, #2131, .T. ) ;
#220 = ORIENTED_EDGE ( 'NONE', *, *, #2084, .F. ) ;
#221 = CARTESIAN_POINT ( 'NONE',  ( -4.646099569455548028, -9.773491711886789446, -6.087573305430415083 ) ) ;
#222 = CARTESIAN_POINT ( 'NONE',  ( 6.398052839826221749, -8.963421216868512786, 8.445798752202819060 ) ) ;
#223 = CARTESIAN_POINT ( 'NONE',  ( 2.573758920962800456, -12.06001730808829819, 4.119057818140072769 ) ) ;
#224 = ORIENTED_EDGE ( 'NONE', *, *, #843, .T. ) ;
#225 = FACE_OUTER_BOUND ( 'NONE', #2757, .T. ) ;
#226 = LINE ( 'NONE', #789, #2577 ) ;
#227 = CARTESIAN_POINT ( 'NONE',  ( -5.117755140996171015, -11.39114068157666892, 11.99444465888804601 ) ) ;
#228 = CARTESIAN_POINT ( 'NONE',  ( -4.949999999999999289, -6.733087104677055734, 5.596403449619694055E-16 ) ) ;
#229 = CYLINDRICAL_SURFACE ( 'NONE', #3180, 2.499999999999998668 ) ;
#230 = EDGE_LOOP ( 'NONE', ( #3510, #251, #1596, #2658, #1379, #1359 ) ) ;
#231 = ORIENTED_EDGE ( 'NONE', *, *, #324, .T. ) ;
#232 = EDGE_CURVE ( 'NONE', #88, #32, #1586, .T. ) ;
#233 = ORIENTED_EDGE ( 'NONE', *, *, #604, .F. ) ;
#234 = UNCERTAINTY_MEASURE_WITH_UNIT (LENGTH_MEASURE( 1.000000000000000082E-05 ), #949, 'distance_accuracy_value', 'NONE');
#235 = CARTESIAN_POINT ( 'NONE',  ( 6.451000000000001400, -10.59999999999999787, 11.58795098915740773 ) ) ;
#236 = B_SPLINE_CURVE_WITH_KNOTS ( 'NONE', 3,
 ( #1050, #1380, #1676, #525, #3683, #1982 ),
 .UNSPECIFIED., .F., .F.,
 ( 4, 2, 4 ),
 ( 0.000000000000000000, 0.0008333318961968040313, 0.001666663792393608063 ),
 .UNSPECIFIED. ) ;
#237 = CARTESIAN_POINT ( 'NONE',  ( -4.949999999999999289, -8.300961894323346968, -6.863766498373638392 ) ) ;
#238 = DIRECTION ( 'NONE',  ( -1.000000000000000000, 0.000000000000000000, 0.000000000000000000 ) ) ;
#239 = LINE ( 'NONE', #3687, #1524 ) ;
#240 = EDGE_LOOP ( 'NONE', ( #2636, #2379, #1940, #2061 ) ) ;
#241 = EDGE_CURVE ( 'NONE', #2396, #1952, #1326, .T. ) ;
#242 = EDGE_CURVE ( 'NONE', #316, #2047, #2971, .T. ) ;
#243 = DIRECTION ( 'NONE',  ( 0.9993479408251048079, -0.03610669146602633189, 0.000000000000000000 ) ) ;
#244 = CARTESIAN_POINT ( 'NONE',  ( -2.312581941768991900, -10.60148167184889623, -4.238101298048118970 ) ) ;
#245 = CARTESIAN_POINT ( 'NONE',  ( -1.532106518243486315, -12.32748549913100256, 0.000000000000000000 ) ) ;
#246 = EDGE_CURVE ( 'NONE', #3227, #2059, #3574, .T. ) ;
#247 = DIRECTION ( 'NONE',  ( 0.000000000000000000, 0.000000000000000000, -1.000000000000000000 ) ) ;
#248 = CARTESIAN_POINT ( 'NONE',  ( -6.449999999999997513, -5.299999999999998934, -2.411999999999999478 ) ) ;
#249 = AXIS2_PLACEMENT_3D ( 'NONE', #1490, #3010, #111 ) ;
#250 = VERTEX_POINT ( 'NONE', #80 ) ;
#251 = ORIENTED_EDGE ( 'NONE', *, *, #1337, .F. ) ;
#252 = VERTEX_POINT ( 'NONE', #2448 ) ;
#253 = LINE ( 'NONE', #341, #3670 ) ;
#254 = AXIS2_PLACEMENT_3D ( 'NONE', #2554, #450, #1068 ) ;
#255 = LINE ( 'NONE', #2297, #427 ) ;
#256 = CARTESIAN_POINT ( 'NONE',  ( -3.782051511691397749, -9.067078194714563111, 8.581379947489754301 ) ) ;
#257 = CARTESIAN_POINT ( 'NONE',  ( -4.949999999999999289, -7.733087104677060175, 7.809307837348835157 ) ) ;
#258 = CARTESIAN_POINT ( 'NONE',  ( 5.398106577800377615, -11.10000000000001918, 12.08795098915746991 ) ) ;
#259 = ORIENTED_EDGE ( 'NONE', *, *, #429, .F. ) ;
#260 = CARTESIAN_POINT ( 'NONE',  ( 2.318364077607157903, -13.09999999999999964, 3.699999999999996625 ) ) ;
#261 = AXIS2_PLACEMENT_3D ( 'NONE', #2856, #2615, #3444 ) ;
#262 = LINE ( 'NONE', #3516, #2921 ) ;
#263 = ADVANCED_FACE ( 'NONE', ( #1234 ), #1271, .T. ) ;
#264 = PLANE ( 'NONE',  #2096 ) ;
#265 = CARTESIAN_POINT ( 'NONE',  ( -4.869016231867652422, -8.789773039201588034, 9.430606505215022750 ) ) ;
#266 = ADVANCED_FACE ( 'NONE', ( #1003 ), #1570, .F. ) ;
#267 = VECTOR ( 'NONE', #646, 1000.000000000000000 ) ;
#268 = CARTESIAN_POINT ( 'NONE',  ( 2.314149816779088376, -10.59999999999999609, 10.29684157670538447 ) ) ;
#269 = EDGE_CURVE ( 'NONE', #1952, #2396, #2783, .T. ) ;
#270 = CARTESIAN_POINT ( 'NONE',  ( 3.608189861443708235, -9.378163901535577551, 9.581020325714339592 ) ) ;
#271 = CARTESIAN_POINT ( 'NONE',  ( 1.532106518243486315, -12.32748549913100256, 3.218653022104373207 ) ) ;
#272 = EDGE_CURVE ( 'NONE', #487, #142, #3356, .T. ) ;
#273 = ORIENTED_EDGE ( 'NONE', *, *, #572, .F. ) ;
#274 = ORIENTED_EDGE ( 'NONE', *, *, #232, .F. ) ;
#275 = VECTOR ( 'NONE', #2891, 1000.000000000000227 ) ;
#276 = VERTEX_POINT ( 'NONE', #2256 ) ;
#277 = CARTESIAN_POINT ( 'NONE',  ( 4.949999999999997513, -6.733087104677055734, -4.378258937514117655 ) ) ;
#278 = CARTESIAN_POINT ( 'NONE',  ( -4.950999999999999623, -5.299999999999998046, 0.02108710467706165215 ) ) ;
#279 = CARTESIAN_POINT ( 'NONE',  ( -3.610630615691138967, -9.349743300263119394, 8.782783482628110150 ) ) ;
#280 = CARTESIAN_POINT ( 'NONE',  ( 4.869016231867652422, -8.789773039201588034, 9.430606505215022750 ) ) ;
#281 = FACE_OUTER_BOUND ( 'NONE', #695, .T. ) ;
#282 = ORIENTED_EDGE ( 'NONE', *, *, #1679, .T. ) ;
#283 = CARTESIAN_POINT ( 'NONE',  ( -3.949999999999998845, -3.011151223315919001, -1.586721782416620430 ) ) ;
#284 = CARTESIAN_POINT ( 'NONE',  ( -6.449999999999997513, -6.733087104677055734, -1.114661530410402834 ) ) ;
#285 = CARTESIAN_POINT ( 'NONE',  ( -3.949999999999998845, -6.469999612419820245, 8.006141249057149523 ) ) ;
#286 = DIRECTION ( 'NONE',  ( 0.000000000000000000, -0.8846265015520630159, 0.4663002817410232814 ) ) ;
#287 = EDGE_CURVE ( 'NONE', #487, #2447, #3651, .T. ) ;
#288 = CARTESIAN_POINT ( 'NONE',  ( -4.896553359447206155, -11.60000000000001386, 11.58795098915740773 ) ) ;
#289 = CARTESIAN_POINT ( 'NONE',  ( 6.449999999999997513, -5.299999999999999822, -2.411999999999999478 ) ) ;
#290 = CYLINDRICAL_SURFACE ( 'NONE', #2956, 0.5000000000000034417 ) ;
#291 = CARTESIAN_POINT ( 'NONE',  ( 2.314149816779088376, -10.59999999999999609, 5.199999999999997513 ) ) ;
#292 = EDGE_CURVE ( 'NONE', #2290, #3638, #70, .T. ) ;
#293 = EDGE_CURVE ( 'NONE', #2939, #1695, #455, .T. ) ;
#294 = EDGE_LOOP ( 'NONE', ( #3113, #3165, #538, #444, #3000, #3568 ) ) ;
#295 = EDGE_LOOP ( 'NONE', ( #2412, #2334, #1750, #1631 ) ) ;
#296 = EDGE_LOOP ( 'NONE', ( #466, #540, #2120, #2490, #2772, #3069 ) ) ;
#297 = DIRECTION ( 'NONE',  ( -1.000000000000000000, -0.000000000000000000, -0.000000000000000000 ) ) ;
#298 = B_SPLINE_CURVE_WITH_KNOTS ( 'NONE', 3,
 ( #1807, #2953, #2421, #1275, #1514, #2438 ),
 .UNSPECIFIED., .F., .F.,
 ( 4, 2, 4 ),
 ( 0.004091964285099046819, 0.004767851849803368333, 0.005443739414507690715 ),
 .UNSPECIFIED. ) ;
#299 = CARTESIAN_POINT ( 'NONE',  ( -6.020448519445248614, -10.16499470510973424, 10.27174766049222221 ) ) ;
#300 = VECTOR ( 'NONE', #1285, 1000.000000000000000 ) ;
#301 = DIRECTION ( 'NONE',  ( 0.000000000000000000, -0.6824374923515555968, 0.7309439575185777693 ) ) ;
#302 = DIRECTION ( 'NONE',  ( 1.000000000000000000, -0.000000000000000000, -0.000000000000000000 ) ) ;
#303 = CARTESIAN_POINT ( 'NONE',  ( 2.312581941768991900, -10.60148167184889623, -4.238101298048118970 ) ) ;
#304 = VERTEX_POINT ( 'NONE', #3671 ) ;
#305 = VECTOR ( 'NONE', #3264, 1000.000000000000000 ) ;
#306 = FACE_OUTER_BOUND ( 'NONE', #1476, .T. ) ;
#307 = EDGE_CURVE ( 'NONE', #3358, #1036, #1070, .T. ) ;
#308 = CARTESIAN_POINT ( 'NONE',  ( -2.657856588928503072, -11.80981164222225210, -3.214782858463210768 ) ) ;
#309 = LINE ( 'NONE', #574, #1600 ) ;
#310 = CARTESIAN_POINT ( 'NONE',  ( 6.451000000000001400, -14.59999999999999609, -1.000000000000000000 ) ) ;
#311 = AXIS2_PLACEMENT_3D ( 'NONE', #2600, #2041, #2277 ) ;
#312 = CYLINDRICAL_SURFACE ( 'NONE', #612, 2.433087104677061685 ) ;
#313 = CARTESIAN_POINT ( 'NONE',  ( 4.429528978523688210, -9.454785199950375585, 9.655446298492714519 ) ) ;
#314 = LINE ( 'NONE', #1725, #744 ) ;
#315 = ORIENTED_EDGE ( 'NONE', *, *, #3022, .F. ) ;
#316 = VERTEX_POINT ( 'NONE', #163 ) ;
#317 = EDGE_LOOP ( 'NONE', ( #1726, #2740, #2079, #1938, #2532, #1693 ) ) ;
#318 = CARTESIAN_POINT ( 'NONE',  ( 3.276892961810296434, -11.06630028174102165, -5.406113955860203824 ) ) ;
#319 = ORIENTED_EDGE ( 'NONE', *, *, #3224, .T. ) ;
#320 = DIRECTION ( 'NONE',  ( 0.000000000000000000, 0.5000000000000002220, 0.8660254037844384856 ) ) ;
#321 = CARTESIAN_POINT ( 'NONE',  ( 4.950999999999999623, -8.789773039201588034, 9.430606505215022750 ) ) ;
#322 = CARTESIAN_POINT ( 'NONE',  ( 4.676956209250016094, -9.160725471216224491, 9.528133514114880853 ) ) ;
#323 = CARTESIAN_POINT ( 'NONE',  ( 3.000680438189951893, -11.32710089111842322, -5.208018075719008877 ) ) ;
#324 = EDGE_CURVE ( 'NONE', #89, #1847, #3713, .T. ) ;
#325 = VERTEX_POINT ( 'NONE', #3419 ) ;
#326 = AXIS2_PLACEMENT_3D ( 'NONE', #2170, #1884, #107 ) ;
#327 = EDGE_CURVE ( 'NONE', #3698, #198, #361, .T. ) ;
#328 = ADVANCED_FACE ( 'NONE', ( #783 ), #1620, .F. ) ;
#329 = DIRECTION ( 'NONE',  ( 0.000000000000000000, -0.9848077530122092416, 0.1736481776669238086 ) ) ;
#330 = CARTESIAN_POINT ( 'NONE',  ( 0.4999999999999995559, -11.60000000000001030, 11.58795098915740773 ) ) ;
#331 = CARTESIAN_POINT ( 'NONE',  ( -6.450000000000000178, -8.300961894323346968, 9.344415911902006044 ) ) ;
#332 = CARTESIAN_POINT ( 'NONE',  ( -5.774482310579633904, -10.59999999999999787, 11.58795098915740773 ) ) ;
#333 = AXIS2_PLACEMENT_3D ( 'NONE', #3509, #2001, #1793 ) ;
#334 = CARTESIAN_POINT ( 'NONE',  ( -3.906232857545215875, -8.800202263986395934, 9.397717173808230129 ) ) ;
#335 = CARTESIAN_POINT ( 'NONE',  ( 1.522260501054746529, -12.59999999999999787, 3.199999999999997069 ) ) ;
#336 =( BOUNDED_SURFACE ( )  B_SPLINE_SURFACE ( 3, 2, ( 
 ( #938, #3582, #661 ),
 ( #1520, #1261, #1575 ),
 ( #1200, #991, #3014 ),
 ( #2678, #334, #2731 ),
 ( #957, #3317, #68 ),
 ( #2129, #1219, #710 ) ),
 .UNSPECIFIED., .F., .F., .F. ) 
 B_SPLINE_SURFACE_WITH_KNOTS ( ( 4, 2, 4 ),
 ( 3, 3 ),
 ( 0.000000000000000000, 0.0008350170325996768284, 0.001670034065199353657 ),
 ( 0.000000000000000000, 1.000000000000000000 ),
 .UNSPECIFIED. ) 
 GEOMETRIC_REPRESENTATION_ITEM ( )  RATIONAL_B_SPLINE_SURFACE ( (
 ( 1.000000000000000000, 0.8458604322079343873, 1.000000000000000000),
 ( 1.000000000000000000, 0.8233048280045531797, 1.000000000000000000),
 ( 1.000000000000000000, 0.7994570151606739117, 1.000000000000000000),
 ( 1.000000000000000000, 0.7548338935843428299, 1.000000000000000000),
 ( 1.000000000000000000, 0.7345546108933280749, 1.000000000000000000),
 ( 1.000000000000000000, 0.7217447111168673324, 1.000000000000000000) ) ) 
 REPRESENTATION_ITEM ( '' )  SURFACE ( )  );
#337 = AXIS2_PLACEMENT_3D ( 'NONE', #2452, #1331, #2762 ) ;
#338 = EDGE_LOOP ( 'NONE', ( #2133, #1675, #2314, #3300, #598, #763, #2252, #2078 ) ) ;
#339 = ORIENTED_EDGE ( 'NONE', *, *, #2002, .T. ) ;
#340 = VERTEX_POINT ( 'NONE', #3134 ) ;
#341 = CARTESIAN_POINT ( 'NONE',  ( -6.450000000000001066, -7.233087104677059287, -2.412000000000000810 ) ) ;
#342 = ORIENTED_EDGE ( 'NONE', *, *, #2351, .T. ) ;
#343 = CARTESIAN_POINT ( 'NONE',  ( -6.450000000000001066, -4.333456447661467870, -4.086102540378443670 ) ) ;
#344 = LINE ( 'NONE', #884, #3077 ) ;
#345 = CARTESIAN_POINT ( 'NONE',  ( 5.949999999999998401, -5.299999999999999822, -2.411999999999999478 ) ) ;
#346 = VECTOR ( 'NONE', #1957, 1000.000000000000000 ) ;
#347 = DIRECTION ( 'NONE',  ( -0.6865306214108640726, -0.7271008911184286827, 0.000000000000000000 ) ) ;
#348 = ORIENTED_EDGE ( 'NONE', *, *, #3754, .F. ) ;
#349 = AXIS2_PLACEMENT_3D ( 'NONE', #1788, #2311, #1996 ) ;
#350 = VECTOR ( 'NONE', #2173, 1000.000000000000000 ) ;
#351 = DIRECTION ( 'NONE',  ( 0.000000000000000000, 0.000000000000000000, -1.000000000000000000 ) ) ;
#352 = CARTESIAN_POINT ( 'NONE',  ( 6.339979657980181926, -9.288813360765383109, 9.565504664931149037 ) ) ;
#353 = CARTESIAN_POINT ( 'NONE',  ( 3.276892961810296434, -11.06630028174102165, -5.406113955860203824 ) ) ;
#354 = CARTESIAN_POINT ( 'NONE',  ( 5.763512910608839412, -10.61725123355823719, 11.73634588877791352 ) ) ;
#355 = CARTESIAN_POINT ( 'NONE',  ( -4.950999999999999623, -3.639570137611278344, -4.190450317280070003 ) ) ;
#356 = CARTESIAN_POINT ( 'NONE',  ( 4.971107442379369523, -11.52960583392300009, 10.81616914679836050 ) ) ;
#357 = CARTESIAN_POINT ( 'NONE',  ( -2.312905168947979817, -10.60117595188436823, -4.246039211797250523 ) ) ;
#358 = VERTEX_POINT ( 'NONE', #1927 ) ;
#359 = EDGE_LOOP ( 'NONE', ( #465, #3374, #749, #3057, #878, #1980 ) ) ;
#360 = EDGE_LOOP ( 'NONE', ( #1030, #1202, #53, #1033, #1942 ) ) ;
#361 =( BOUNDED_CURVE ( )  B_SPLINE_CURVE ( 3, ( #1661, #221, #1641, #237 ),
 .UNSPECIFIED., .F., .T. ) 
 B_SPLINE_CURVE_WITH_KNOTS ( ( 4, 4 ),
 ( 0.7567067142714359873, 1.570796326794896558 ),
 .UNSPECIFIED. ) 
 CURVE ( )  GEOMETRIC_REPRESENTATION_ITEM ( )  RATIONAL_B_SPLINE_CURVE ( ( 1.000000000000000000, 0.9455298561393253864, 0.9455298561393253864, 1.000000000000000000 ) ) 
 REPRESENTATION_ITEM ( '' )  );
#362 = CARTESIAN_POINT ( 'NONE',  ( -6.450000000000001066, -3.366912895322936361, -2.411999999999999478 ) ) ;
#363 = DIRECTION ( 'NONE',  ( 0.000000000000000000, 1.000000000000000000, 0.000000000000000000 ) ) ;
#364 = LINE ( 'NONE', #2066, #954 ) ;
#365 = AXIS2_PLACEMENT_3D ( 'NONE', #3629, #3608, #1255 ) ;
#366 = CARTESIAN_POINT ( 'NONE',  ( 2.313428730886685880, -10.60068085124339987, -4.253966383332781653 ) ) ;
#367 = LINE ( 'NONE', #3274, #3299 ) ;
#368 = ORIENTED_EDGE ( 'NONE', *, *, #1580, .T. ) ;
#369 = DIRECTION ( 'NONE',  ( 0.000000000000000000, -1.000000000000000000, 0.000000000000000000 ) ) ;
#370 = DIRECTION ( 'NONE',  ( 0.6865306214108632954, -0.7271008911184292378, 0.000000000000000000 ) ) ;
#371 = CARTESIAN_POINT ( 'NONE',  ( -4.869016231867652422, -8.963421216868512786, 8.445798752202819060 ) ) ;
#372 = CARTESIAN_POINT ( 'NONE',  ( 6.450000000000000178, -8.300961894323346968, 8.328989300016257147 ) ) ;
#373 = CARTESIAN_POINT ( 'NONE',  ( 6.451000000000001400, -10.59999999999999787, 5.199999999999997513 ) ) ;
#374 = CARTESIAN_POINT ( 'NONE',  ( 2.314149816779088376, -10.59999999999999609, 0.000000000000000000 ) ) ;
#375 = ORIENTED_EDGE ( 'NONE', *, *, #3023, .T. ) ;
#376 = EDGE_LOOP ( 'NONE', ( #3126, #494, #1455, #1711, #761 ) ) ;
#377 = VERTEX_POINT ( 'NONE', #803 ) ;
#378 = DIRECTION ( 'NONE',  ( 0.000000000000000000, 0.000000000000000000, 1.000000000000000000 ) ) ;
#379 = CARTESIAN_POINT ( 'NONE',  ( 4.287085751233932207, -6.762728116648171195, 8.818002345749585302 ) ) ;
#380 = CARTESIAN_POINT ( 'NONE',  ( 4.069377941073434535, -6.687360266508893147, 8.608975125695558006 ) ) ;
#381 = ORIENTED_EDGE ( 'NONE', *, *, #2433, .F. ) ;
#382 = B_SPLINE_CURVE_WITH_KNOTS ( 'NONE', 3,
 ( #3208, #2337, #2860, #1142, #822, #3449 ),
 .UNSPECIFIED., .F., .F.,
 ( 4, 2, 4 ),
 ( 0.000000000000000000, 0.0003994944536451136281, 0.0007989889072902272562 ),
 .UNSPECIFIED. ) ;
#383 = CARTESIAN_POINT ( 'NONE',  ( 4.950999999999999623, -5.299999999999998046, -2.411999999999999922 ) ) ;
#384 = SURFACE_STYLE_USAGE ( .BOTH. , #3575 ) ;
#385 = FACE_OUTER_BOUND ( 'NONE', #230, .T. ) ;
#386 = CARTESIAN_POINT ( 'NONE',  ( -6.440588335255625019, -8.627468410870335447, 9.401987820146372243 ) ) ;
#387 = EDGE_CURVE ( 'NONE', #1084, #622, #1088, .T. ) ;
#388 = CARTESIAN_POINT ( 'NONE',  ( -4.949999999999997513, -5.299999999999998934, -2.411999999999999478 ) ) ;
#389 = CARTESIAN_POINT ( 'NONE',  ( -2.314149816779088376, -10.59999999999999609, -4.261854658931081730 ) ) ;
#390 = VECTOR ( 'NONE', #1172, 1000.000000000000000 ) ;
#391 = ORIENTED_EDGE ( 'NONE', *, *, #2848, .F. ) ;
#392 = ORIENTED_EDGE ( 'NONE', *, *, #2595, .F. ) ;
#393 = ORIENTED_EDGE ( 'NONE', *, *, #3106, .F. ) ;
#394 = CARTESIAN_POINT ( 'NONE',  ( -4.949999999999999289, -6.733087104677055734, 5.596403449619694055E-16 ) ) ;
#395 = DIRECTION ( 'NONE',  ( 0.000000000000000000, 0.000000000000000000, 1.000000000000000000 ) ) ;
#396 = ADVANCED_FACE ( 'NONE', ( #528, #2810 ), #1698, .F. ) ;
#397 = ORIENTED_EDGE ( 'NONE', *, *, #219, .T. ) ;
#398 = AXIS2_PLACEMENT_3D ( 'NONE', #708, #1007, #1589 ) ;
#399 = DIRECTION ( 'NONE',  ( -1.000000000000000000, 0.000000000000000000, 0.000000000000000000 ) ) ;
#400 = VECTOR ( 'NONE', #1593, 1000.000000000000227 ) ;
#401 = CARTESIAN_POINT ( 'NONE',  ( 6.451000000000000512, -6.733087104677052182, -8.361449492586219279 ) ) ;
#402 = DIRECTION ( 'NONE',  ( 0.000000000000000000, -0.4999999999999997780, -0.8660254037844388186 ) ) ;
#403 = CARTESIAN_POINT ( 'NONE',  ( 5.495687225529364284, -10.98850694431948760, 12.08795098915742550 ) ) ;
#404 = CARTESIAN_POINT ( 'NONE',  ( -2.722654958085629850, -11.68183653627176533, 4.701226204127805453 ) ) ;
#405 = PLANE ( 'NONE',  #2408 ) ;
#406 = ORIENTED_EDGE ( 'NONE', *, *, #3302, .F. ) ;
#407 = DIRECTION ( 'NONE',  ( -1.000000000000000000, 0.000000000000000000, 0.000000000000000000 ) ) ;
#408 = VERTEX_POINT ( 'NONE', #2555 ) ;
#409 = ADVANCED_FACE ( 'NONE', ( #1346 ), #1053, .T. ) ;
#410 = EDGE_CURVE ( 'NONE', #1063, #3349, #3343, .T. ) ;
#411 = DIRECTION ( 'NONE',  ( -0.2374424051704076832, -0.9566438450872826182, 0.1686821208175644238 ) ) ;
#412 = CARTESIAN_POINT ( 'NONE',  ( 2.199999999999999734, -8.300961894323346968, 0.000000000000000000 ) ) ;
#413 = CARTESIAN_POINT ( 'NONE',  ( 3.949999999999999734, -8.443230537916427636, 8.368409843461513731 ) ) ;
#414 = ORIENTED_EDGE ( 'NONE', *, *, #2292, .T. ) ;
#415 = CARTESIAN_POINT ( 'NONE',  ( 4.949999999999999289, -8.146263015843599575, 8.301711713854940555 ) ) ;
#416 = CARTESIAN_POINT ( 'NONE',  ( -4.949999999999997513, -5.299999999999998934, -2.411999999999999478 ) ) ;
#417 = DIRECTION ( 'NONE',  ( 0.000000000000000000, 0.000000000000000000, -1.000000000000000000 ) ) ;
#418 = CARTESIAN_POINT ( 'NONE',  ( 6.137307201530316725, -9.906724132985573306, 8.766989975114981348 ) ) ;
#419 = AXIS2_PLACEMENT_3D ( 'NONE', #2343, #3492, #928 ) ;
#420 = CARTESIAN_POINT ( 'NONE',  ( 2.740435916156297669, -11.65199814570815384, -3.581952499684044611 ) ) ;
#421 = LINE ( 'NONE', #1043, #3373 ) ;
#422 = VECTOR ( 'NONE', #1431, 1000.000000000000000 ) ;
#423 = VERTEX_POINT ( 'NONE', #201 ) ;
#424 = EDGE_LOOP ( 'NONE', ( #3072, #2384, #712, #3438, #1659, #216 ) ) ;
#425 = ORIENTED_EDGE ( 'NONE', *, *, #2730, .T. ) ;
#426 = CARTESIAN_POINT ( 'NONE',  ( 4.430281615477007939, -9.931086126570100703, 8.772718921191710706 ) ) ;
#427 = VECTOR ( 'NONE', #841, 1000.000000000000000 ) ;
#428 = LINE ( 'NONE', #2968, #2910 ) ;
#429 = EDGE_CURVE ( 'NONE', #408, #3399, #1778, .T. ) ;
#430 = ORIENTED_EDGE ( 'NONE', *, *, #2700, .T. ) ;
#431 = B_SPLINE_CURVE_WITH_KNOTS ( 'NONE', 3,
 ( #1493, #1746, #2892, #1199, #1217, #3542, #937, #3520, #637, #1809, #2633, #1450 ),
 .UNSPECIFIED., .F., .F.,
 ( 4, 2, 2, 2, 2, 4 ),
 ( 0.000000000000000000, 0.0008821057696816016550, 0.001764211539363203310, 0.002205264424204005872, 0.002646317309044808868, 0.003528423078726414426 ),
 .UNSPECIFIED. ) ;
#432 = CARTESIAN_POINT ( 'NONE',  ( -4.949999999999999289, -8.300961894323346968, -6.863766498373638392 ) ) ;
#433 = CARTESIAN_POINT ( 'NONE',  ( 3.949999999999998845, -5.299999999999998046, -2.411999999999999922 ) ) ;
#434 = FACE_OUTER_BOUND ( 'NONE', #2699, .T. ) ;
#435 = VECTOR ( 'NONE', #2587, 1000.000000000000114 ) ;
#436 = CARTESIAN_POINT ( 'NONE',  ( 4.949999999999997513, -5.299999999999999822, -2.411999999999999478 ) ) ;
#437 = EDGE_CURVE ( 'NONE', #2725, #879, #255, .T. ) ;
#438 = ADVANCED_FACE ( 'NONE', ( #562 ), #1917, .T. ) ;
#439 = DIRECTION ( 'NONE',  ( 0.000000000000000000, -0.1736481776669178134, -0.9848077530122103518 ) ) ;
#440 = PRESENTATION_LAYER_ASSIGNMENT (  '', '', ( #1409 ) ) ;
#441 = CARTESIAN_POINT ( 'NONE',  ( -4.896553359447206155, -11.60000000000001386, 11.58795098915740773 ) ) ;
#442 = DIRECTION ( 'NONE',  ( 0.000000000000000000, 0.000000000000000000, 1.000000000000000000 ) ) ;
#443 = CIRCLE ( 'NONE', #2445, 2.433087104677063461 ) ;
#444 = ORIENTED_EDGE ( 'NONE', *, *, #272, .F. ) ;
#445 = ORIENTED_EDGE ( 'NONE', *, *, #1355, .T. ) ;
#446 = VECTOR ( 'NONE', #1500, 1000.000000000000000 ) ;
#447 = ORIENTED_EDGE ( 'NONE', *, *, #3224, .F. ) ;
#448 = CARTESIAN_POINT ( 'NONE',  ( -1.949999999999999512, -14.59999999999999609, 0.000000000000000000 ) ) ;
#449 = CARTESIAN_POINT ( 'NONE',  ( -2.626750014382423171, -10.30484205075905457, 9.703762128096455442 ) ) ;
#450 = DIRECTION ( 'NONE',  ( 0.000000000000000000, 0.000000000000000000, 1.000000000000000000 ) ) ;
#451 = EDGE_CURVE ( 'NONE', #1844, #1836, #3167, .T. ) ;
#452 = ORIENTED_EDGE ( 'NONE', *, *, #1879, .T. ) ;
#453 =( BOUNDED_CURVE ( )  B_SPLINE_CURVE ( 3, ( #2304, #2262, #3457, #3440 ),
 .UNSPECIFIED., .F., .T. ) 
 B_SPLINE_CURVE_WITH_KNOTS ( ( 4, 4 ),
 ( 0.7567067142714358763, 1.570796326794896558 ),
 .UNSPECIFIED. ) 
 CURVE ( )  GEOMETRIC_REPRESENTATION_ITEM ( )  RATIONAL_B_SPLINE_CURVE ( ( 1.000000000000000000, 0.9455298561393253864, 0.9455298561393253864, 1.000000000000000000 ) ) 
 REPRESENTATION_ITEM ( '' )  );
#454 = CIRCLE ( 'NONE', #3007, 0.5000000000000004441 ) ;
#455 = LINE ( 'NONE', #3705, #965 ) ;
#456 = DIRECTION ( 'NONE',  ( 0.000000000000000000, -1.000000000000000000, 0.000000000000000000 ) ) ;
#457 = CARTESIAN_POINT ( 'NONE',  ( 4.950999999999999623, -11.10000000000000675, 11.58795098915740773 ) ) ;
#458 = DIRECTION ( 'NONE',  ( 0.000000000000000000, -2.891205793294682764E-16, -1.000000000000000000 ) ) ;
#459 = CARTESIAN_POINT ( 'NONE',  ( 4.949999999999999289, -8.233087104677061063, 7.809307837348835157 ) ) ;
#460 = CARTESIAN_POINT ( 'NONE',  ( 2.765765771928987427, -11.61085025733748566, -3.779803259768260482 ) ) ;
#461 = DIRECTION ( 'NONE',  ( 0.000000000000000000, -0.4999999999999998335, 0.8660254037844387076 ) ) ;
#462 = EDGE_LOOP ( 'NONE', ( #2842, #780, #231, #2081 ) ) ;
#463 = ORIENTED_EDGE ( 'NONE', *, *, #1364, .T. ) ;
#464 = AXIS2_PLACEMENT_3D ( 'NONE', #3743, #2579, #16 ) ;
#465 = ORIENTED_EDGE ( 'NONE', *, *, #387, .F. ) ;
#466 = ORIENTED_EDGE ( 'NONE', *, *, #3693, .T. ) ;
#467 = ORIENTED_EDGE ( 'NONE', *, *, #1248, .T. ) ;
#468 = ADVANCED_FACE ( 'NONE', ( #1440 ), #3152, .F. ) ;
#469 = EDGE_LOOP ( 'NONE', ( #2475, #2476, #2006, #3688, #1791 ) ) ;
#470 = CARTESIAN_POINT ( 'NONE',  ( 1.540216616513601533, -12.10301713393186063, -2.316198205578575475 ) ) ;
#471 = B_SPLINE_CURVE_WITH_KNOTS ( 'NONE', 3,
 ( #2372, #1198, #354, #1808, #46, #1516, #403, #676 ),
 .UNSPECIFIED., .F., .F.,
 ( 4, 2, 2, 4 ),
 ( 0.000000000000000000, 0.0002215301149096173591, 0.0004430602298192347181, 0.0008861204596384690026 ),
 .UNSPECIFIED. ) ;
#472 = ORIENTED_EDGE ( 'NONE', *, *, #1565, .T. ) ;
#473 = DIRECTION ( 'NONE',  ( 0.000000000000000000, -0.9848077530122092416, 0.1736481776669235588 ) ) ;
#474 = FACE_OUTER_BOUND ( 'NONE', #1444, .T. ) ;
#475 = CARTESIAN_POINT ( 'NONE',  ( -4.949999999999998401, -8.127313716656429321, 9.313797053028469719 ) ) ;
#476 = PLANE ( 'NONE',  #3372 ) ;
#477 = DIRECTION ( 'NONE',  ( -1.000000000000000000, -0.000000000000000000, -0.000000000000000000 ) ) ;
#478 = VECTOR ( 'NONE', #1305, 1000.000000000000000 ) ;
#479 = CARTESIAN_POINT ( 'NONE',  ( 2.613264153373087595, -11.92258927280779979, -3.051673139727958173 ) ) ;
#480 = LINE ( 'NONE', #3105, #3192 ) ;
#481 = AXIS2_PLACEMENT_3D ( 'NONE', #2087, #3533, #3234 ) ;
#482 = VERTEX_POINT ( 'NONE', #824 ) ;
#483 = ADVANCED_FACE ( 'NONE', ( #2004 ), #1713, .F. ) ;
#484 = ORIENTED_EDGE ( 'NONE', *, *, #1889, .T. ) ;
#485 = EDGE_CURVE ( 'NONE', #1180, #34, #867, .T. ) ;
#486 = ORIENTED_EDGE ( 'NONE', *, *, #1094, .T. ) ;
#487 = VERTEX_POINT ( 'NONE', #4 ) ;
#488 = ORIENTED_EDGE ( 'NONE', *, *, #1961, .T. ) ;
#489 = PLANE ( 'NONE',  #3729 ) ;
#490 = ORIENTED_EDGE ( 'NONE', *, *, #2901, .F. ) ;
#491 = CARTESIAN_POINT ( 'NONE',  ( -1.593029955774380335, -11.84953612510321541, 3.342077631249762870 ) ) ;
#492 = CARTESIAN_POINT ( 'NONE',  ( 3.608189861443706903, -9.378163901535579328, 9.581020325714339592 ) ) ;
#493 = CARTESIAN_POINT ( 'NONE',  ( -2.594807529933691015, -10.33500223068162782, -4.661171868325921785 ) ) ;
#494 = ORIENTED_EDGE ( 'NONE', *, *, #3712, .T. ) ;
#495 = DIRECTION ( 'NONE',  ( -1.000000000000000000, -0.000000000000000000, -0.000000000000000000 ) ) ;
#496 = LINE ( 'NONE', #2816, #2342 ) ;
#497 = PLANE ( 'NONE',  #1274 ) ;
#498 = CARTESIAN_POINT ( 'NONE',  ( -3.401428587469011333, -9.573388453780596663, -5.062630244401820967 ) ) ;
#499 = ADVANCED_FACE ( 'NONE', ( #3749 ), #2929, .F. ) ;
#500 =( GEOMETRIC_REPRESENTATION_CONTEXT ( 3 ) GLOBAL_UNCERTAINTY_ASSIGNED_CONTEXT ( ( #234 ) ) GLOBAL_UNIT_ASSIGNED_CONTEXT ( ( #949, #2706, #3325 ) ) REPRESENTATION_CONTEXT ( 'NONE', 'WORKASPACE' ) );
#501 = ORIENTED_EDGE ( 'NONE', *, *, #1906, .F. ) ;
#502 = ORIENTED_EDGE ( 'NONE', *, *, #3761, .F. ) ;
#503 = EDGE_LOOP ( 'NONE', ( #12, #463 ) ) ;
#504 = ORIENTED_EDGE ( 'NONE', *, *, #1796, .T. ) ;
#505 = CARTESIAN_POINT ( 'NONE',  ( -2.887531611039676260, -10.05861136421678736, 10.06487025037460725 ) ) ;
#506 = APPLICATION_PROTOCOL_DEFINITION ( 'draft international standard', 'automotive_design', 1998, #1388 ) ;
#507 = ORIENTED_EDGE ( 'NONE', *, *, #1551, .T. ) ;
#508 = VECTOR ( 'NONE', #3176, 1000.000000000000000 ) ;
#509 = CARTESIAN_POINT ( 'NONE',  ( -1.536612374780222723, -12.20277403239700575, 3.235805839601161971 ) ) ;
#510 = CYLINDRICAL_SURFACE ( 'NONE', #1008, 0.9119999999999991447 ) ;
#511 = CARTESIAN_POINT ( 'NONE',  ( 4.950999999999999623, -10.60000000000000497, 11.58795098915740773 ) ) ;
#512 = ORIENTED_EDGE ( 'NONE', *, *, #3363, .F. ) ;
#513 = CIRCLE ( 'NONE', #998, 1.000000000000000222 ) ;
#514 = CARTESIAN_POINT ( 'NONE',  ( 4.950999999999999623, -14.59999999999999609, -1.500000000000000222 ) ) ;
#515 = DIRECTION ( 'NONE',  ( 0.000000000000000000, -0.4999999999999998335, 0.8660254037844387076 ) ) ;
#516 = DIRECTION ( 'NONE',  ( -1.000000000000000000, -0.000000000000000000, -0.000000000000000000 ) ) ;
#517 = EDGE_CURVE ( 'NONE', #195, #71, #3175, .T. ) ;
#518 = CARTESIAN_POINT ( 'NONE',  ( -3.949999999999998845, -6.733087104677053958, -7.078677163997933341 ) ) ;
#519 = AXIS2_PLACEMENT_3D ( 'NONE', #773, #2214, #2779 ) ;
#520 = VECTOR ( 'NONE', #1535, 1000.000000000000000 ) ;
#521 = CIRCLE ( 'NONE', #3136, 2.433087104677063461 ) ;
#522 = VERTEX_POINT ( 'NONE', #909 ) ;
#523 = ORIENTED_EDGE ( 'NONE', *, *, #149, .T. ) ;
#524 = EDGE_LOOP ( 'NONE', ( #1244, #1633, #746, #1877, #931, #3353 ) ) ;
#525 = CARTESIAN_POINT ( 'NONE',  ( -4.430281615477007939, -9.931086126570100703, 8.772718921191710706 ) ) ;
#526 = ADVANCED_FACE ( 'NONE', ( #1151 ), #2159, .T. ) ;
#527 = EDGE_CURVE ( 'NONE', #3445, #2857, #617, .T. ) ;
#528 = FACE_OUTER_BOUND ( 'NONE', #942, .T. ) ;
#529 = DIRECTION ( 'NONE',  ( 0.000000000000000000, 0.000000000000000000, -1.000000000000000000 ) ) ;
#530 = CARTESIAN_POINT ( 'NONE',  ( 6.451000000000001400, -6.733087104677053958, -6.861449492586219279 ) ) ;
#531 = VERTEX_POINT ( 'NONE', #2888 ) ;
#532 = DIRECTION ( 'NONE',  ( -1.000000000000000000, 8.761229676650544604E-17, -0.000000000000000000 ) ) ;
#533 = EDGE_CURVE ( 'NONE', #2154, #3399, #1804, .T. ) ;
#534 = LINE ( 'NONE', #869, #435 ) ;
#535 = CARTESIAN_POINT ( 'NONE',  ( -4.949999999999997513, -5.299999999999998934, -2.411999999999999478 ) ) ;
#536 = LINE ( 'NONE', #554, #2463 ) ;
#537 = CARTESIAN_POINT ( 'NONE',  ( 5.832272847375758573, -10.50817032047070398, 10.94737952336543607 ) ) ;
#538 = ORIENTED_EDGE ( 'NONE', *, *, #1879, .F. ) ;
#539 = EDGE_LOOP ( 'NONE', ( #719, #3658, #3727, #2506 ) ) ;
#540 = ORIENTED_EDGE ( 'NONE', *, *, #2267, .T. ) ;
#541 = LINE ( 'NONE', #2317, #1671 ) ;
#542 = DIRECTION ( 'NONE',  ( -1.000000000000000000, 8.761229676650544604E-17, -0.000000000000000000 ) ) ;
#543 = EDGE_CURVE ( 'NONE', #1967, #1637, #1129, .T. ) ;
#544 = CARTESIAN_POINT ( 'NONE',  ( -3.276892961810296434, -11.06630028174102165, -5.406113955860203824 ) ) ;
#545 = ADVANCED_FACE ( 'NONE', ( #2669 ), #22, .F. ) ;
#546 = EDGE_LOOP ( 'NONE', ( #2324, #3339, #467, #3205, #425, #2858 ) ) ;
#547 = CARTESIAN_POINT ( 'NONE',  ( -3.949999999999998845, -8.300961894323346968, 0.000000000000000000 ) ) ;
#548 = EDGE_CURVE ( 'NONE', #3164, #1499, #2585, .T. ) ;
#549 = LINE ( 'NONE', #2908, #3103 ) ;
#550 = EDGE_CURVE ( 'NONE', #1999, #2939, #549, .T. ) ;
#551 = EDGE_CURVE ( 'NONE', #3708, #3285, #262, .T. ) ;
#552 = CARTESIAN_POINT ( 'NONE',  ( -6.451000000000000512, -8.963421216868512786, 8.445798752202819060 ) ) ;
#553 = LINE ( 'NONE', #2870, #1173 ) ;
#554 = CARTESIAN_POINT ( 'NONE',  ( 5.117755140996171015, -11.39114068157666892, 0.000000000000000000 ) ) ;
#555 = CARTESIAN_POINT ( 'NONE',  ( 2.106250414532498283, -10.81758107679997849, 4.262403192117558248 ) ) ;
#556 = AXIS2_PLACEMENT_3D ( 'NONE', #552, #3751, #2890 ) ;
#557 = ORIENTED_EDGE ( 'NONE', *, *, #186, .T. ) ;
#558 = VERTEX_POINT ( 'NONE', #284 ) ;
#559 = ORIENTED_EDGE ( 'NONE', *, *, #3236, .T. ) ;
#560 = ORIENTED_EDGE ( 'NONE', *, *, #3409, .T. ) ;
#561 = CARTESIAN_POINT ( 'NONE',  ( -4.950999999999999623, -5.299999999999998046, -2.411999999999999922 ) ) ;
#562 = FACE_OUTER_BOUND ( 'NONE', #3759, .T. ) ;
#563 = DIRECTION ( 'NONE',  ( 1.000000000000000000, -0.000000000000000000, -0.000000000000000000 ) ) ;
#564 = CARTESIAN_POINT ( 'NONE',  ( -3.276892961810296434, -11.06630028174102165, -5.406113955860203824 ) ) ;
#565 = ADVANCED_FACE ( 'NONE', ( #306 ), #2385, .T. ) ;
#566 = DIRECTION ( 'NONE',  ( 0.2122913360599896493, 0.8644626972274448429, -0.4556716292859535611 ) ) ;
#567 = ORIENTED_EDGE ( 'NONE', *, *, #3078, .T. ) ;
#568 = DIRECTION ( 'NONE',  ( 0.03194546426177171522, 0.8841750000479056126, -0.4660622883299891384 ) ) ;
#569 = AXIS2_PLACEMENT_3D ( 'NONE', #2576, #1477, #900 ) ;
#570 = DIRECTION ( 'NONE',  ( 0.000000000000000000, 0.000000000000000000, 1.000000000000000000 ) ) ;
#571 = FACE_OUTER_BOUND ( 'NONE', #3682, .T. ) ;
#572 = EDGE_CURVE ( 'NONE', #61, #1635, #3537, .T. ) ;
#573 = EDGE_CURVE ( 'NONE', #3644, #3708, #1720, .T. ) ;
#574 = CARTESIAN_POINT ( 'NONE',  ( 2.314149816779088376, -10.59999999999999609, 0.000000000000000000 ) ) ;
#575 = CARTESIAN_POINT ( 'NONE',  ( -4.410644607656815097, -9.472073051151919998, 9.665057901290138531 ) ) ;
#576 = DIRECTION ( 'NONE',  ( 0.000000000000000000, -0.1736481776669186461, -0.9848077530122101297 ) ) ;
#577 = CARTESIAN_POINT ( 'NONE',  ( 3.927677577455558122, -8.670118198333113924, 9.390413095734411186 ) ) ;
#578 = PLANE ( 'NONE',  #2211 ) ;
#579 = AXIS2_PLACEMENT_3D ( 'NONE', #436, #3082, #146 ) ;
#580 = ORIENTED_EDGE ( 'NONE', *, *, #2190, .F. ) ;
#581 = ORIENTED_EDGE ( 'NONE', *, *, #2294, .F. ) ;
#582 = VERTEX_POINT ( 'NONE', #2517 ) ;
#583 = LINE ( 'NONE', #1753, #1913 ) ;
#584 = CARTESIAN_POINT ( 'NONE',  ( 3.949999999999998845, -8.300961894323346968, 8.328989300016257147 ) ) ;
#585 = ADVANCED_FACE ( 'NONE', ( #474 ), #3382, .F. ) ;
#586 = CARTESIAN_POINT ( 'NONE',  ( -3.949999999999999734, -8.442892634198875257, 8.368316215323419627 ) ) ;
#587 = PLANE ( 'NONE',  #464 ) ;
#588 = CARTESIAN_POINT ( 'NONE',  ( 4.949999999999998401, -8.127313716656429321, 9.313797053028469719 ) ) ;
#589 = DIRECTION ( 'NONE',  ( 0.000000000000000000, 0.000000000000000000, 1.000000000000000000 ) ) ;
#590 = ORIENTED_EDGE ( 'NONE', *, *, #1075, .T. ) ;
#591 = CARTESIAN_POINT ( 'NONE',  ( -6.450000000000000178, -8.233087104677061063, 7.809307837348835157 ) ) ;
#592 = CARTESIAN_POINT ( 'NONE',  ( 6.095243887395395355, -10.00317230056823803, 10.07983895218525383 ) ) ;
#593 = CARTESIAN_POINT ( 'NONE',  ( -5.398106577800377615, -11.10000000000001918, 12.08795098915746991 ) ) ;
#594 = LINE ( 'NONE', #310, #3013 ) ;
#595 = CARTESIAN_POINT ( 'NONE',  ( -4.949999999999997513, -6.733087104677054846, -4.378258937514117655 ) ) ;
#596 = CARTESIAN_POINT ( 'NONE',  ( 4.697342586599407177, -9.145683418329726422, 9.517852735765046646 ) ) ;
#597 = CARTESIAN_POINT ( 'NONE',  ( 2.301436914238728981, -10.61180438721885899, 4.951191121674884066 ) ) ;
#598 = ORIENTED_EDGE ( 'NONE', *, *, #1363, .T. ) ;
#599 = VERTEX_POINT ( 'NONE', #722 ) ;
#600 = EDGE_LOOP ( 'NONE', ( #3602, #1525, #580, #2519, #3049, #2551 ) ) ;
#601 = ADVANCED_FACE ( 'NONE', ( #1642 ), #1928, .T. ) ;
#602 = LINE ( 'NONE', #2361, #3480 ) ;
#603 = ORIENTED_EDGE ( 'NONE', *, *, #2852, .T. ) ;
#604 = EDGE_CURVE ( 'NONE', #1486, #2255, #3080, .T. ) ;
#605 = EDGE_CURVE ( 'NONE', #1881, #487, #2208, .T. ) ;
#606 = CARTESIAN_POINT ( 'NONE',  ( -6.450000000000000178, -8.300961894323346968, 9.344415911902006044 ) ) ;
#607 = VECTOR ( 'NONE', #3139, 1000.000000000000114 ) ;
#608 = CARTESIAN_POINT ( 'NONE',  ( -2.199999999999999734, -8.300961894323346968, 0.000000000000000000 ) ) ;
#609 = LINE ( 'NONE', #905, #3701 ) ;
#610 = DIRECTION ( 'NONE',  ( -1.000000000000000000, 8.761229676650544604E-17, -0.000000000000000000 ) ) ;
#611 = ORIENTED_EDGE ( 'NONE', *, *, #2898, .T. ) ;
#612 = AXIS2_PLACEMENT_3D ( 'NONE', #3202, #1472, #3243 ) ;
#613 = CARTESIAN_POINT ( 'NONE',  ( -6.450000000000001066, -6.266543552338529111, -4.086102540378443670 ) ) ;
#614 = CARTESIAN_POINT ( 'NONE',  ( -2.772986293234239064, -11.59999999999999787, -3.883065488421543865 ) ) ;
#615 = CARTESIAN_POINT ( 'NONE',  ( -6.450000000000001066, -4.333456447661467870, -4.086102540378443670 ) ) ;
#616 = LINE ( 'NONE', #3580, #3733 ) ;
#617 = CIRCLE ( 'NONE', #2742, 0.5000000000000004441 ) ;
#618 = LINE ( 'NONE', #2033, #1955 ) ;
#619 = CARTESIAN_POINT ( 'NONE',  ( 5.949999999999997513, -5.299999999999999822, -2.411999999999999478 ) ) ;
#620 = FACE_OUTER_BOUND ( 'NONE', #2937, .T. ) ;
#621 = B_SPLINE_CURVE_WITH_KNOTS ( 'NONE', 3,
 ( #3767, #2903, #2298, #3435, #1108, #825 ),
 .UNSPECIFIED., .F., .F.,
 ( 4, 2, 4 ),
 ( 0.000000000000000000, 0.0004227321446969595372, 0.0008454642893939190744 ),
 .UNSPECIFIED. ) ;
#622 = VERTEX_POINT ( 'NONE', #2794 ) ;
#623 = VERTEX_POINT ( 'NONE', #1038 ) ;
#624 = EDGE_CURVE ( 'NONE', #941, #1637, #737, .T. ) ;
#625 = VERTEX_POINT ( 'NONE', #2497 ) ;
#626 = ORIENTED_EDGE ( 'NONE', *, *, #3258, .T. ) ;
#627 = CARTESIAN_POINT ( 'NONE',  ( -6.391872915056477034, -9.048216957578736341, 9.476177141024935580 ) ) ;
#628 = FACE_OUTER_BOUND ( 'NONE', #217, .T. ) ;
#629 = PLANE ( 'NONE',  #1644 ) ;
#630 = CARTESIAN_POINT ( 'NONE',  ( 1.645739343164441593, -11.66739943651795386, -2.545819016936922363 ) ) ;
#631 = ORIENTED_EDGE ( 'NONE', *, *, #1467, .T. ) ;
#632 = VECTOR ( 'NONE', #2366, 1000.000000000000000 ) ;
#633 = DIRECTION ( 'NONE',  ( 0.000000000000000000, -0.9848077530122092416, 0.1736481776669235588 ) ) ;
#634 = CARTESIAN_POINT ( 'NONE',  ( 5.916455589094499423, -10.36387789348342459, 10.59068444457422231 ) ) ;
#635 = CARTESIAN_POINT ( 'NONE',  ( 6.451000000000000512, -7.733087104677060175, 7.809307837348835157 ) ) ;
#636 = CARTESIAN_POINT ( 'NONE',  ( 4.949999999999999289, -6.762728116648171195, 8.818002345749585302 ) ) ;
#637 = CARTESIAN_POINT ( 'NONE',  ( -6.137307201530316725, -9.906724132985573306, 8.766989975114981348 ) ) ;
#638 = EDGE_CURVE ( 'NONE', #3640, #3456, #3672, .T. ) ;
#639 = DIRECTION ( 'NONE',  ( -1.000000000000000000, 8.761229676650544604E-17, -0.000000000000000000 ) ) ;
#640 = DIRECTION ( 'NONE',  ( -1.000000000000000000, -0.000000000000000000, -0.000000000000000000 ) ) ;
#641 = AXIS2_PLACEMENT_3D ( 'NONE', #1574, #2407, #3295 ) ;
#642 = ORIENTED_EDGE ( 'NONE', *, *, #3259, .F. ) ;
#643 = VERTEX_POINT ( 'NONE', #1022 ) ;
#644 = ORIENTED_EDGE ( 'NONE', *, *, #3200, .T. ) ;
#645 = CARTESIAN_POINT ( 'NONE',  ( 4.950999999999999623, -8.409374999999986500, 11.58795098915740773 ) ) ;
#646 = DIRECTION ( 'NONE',  ( 0.000000000000000000, 0.000000000000000000, -1.000000000000000000 ) ) ;
#647 = CARTESIAN_POINT ( 'NONE',  ( -5.949999999999997513, -6.733087104677054846, -4.378258937514115878 ) ) ;
#648 = EDGE_CURVE ( 'NONE', #2970, #2015, #2465, .T. ) ;
#649 = LINE ( 'NONE', #2464, #1452 ) ;
#650 = CARTESIAN_POINT ( 'NONE',  ( 2.573758920962800456, -12.06001730808829819, 0.000000000000000000 ) ) ;
#651 = VERTEX_POINT ( 'NONE', #1328 ) ;
#652 = AXIS2_PLACEMENT_3D ( 'NONE', #2091, #3238, #2346 ) ;
#653 = DIRECTION ( 'NONE',  ( -1.000000000000000000, -1.596161054396002134E-16, 0.000000000000000000 ) ) ;
#654 = FACE_OUTER_BOUND ( 'NONE', #907, .T. ) ;
#655 = CIRCLE ( 'NONE', #1934, 0.5000000000000038858 ) ;
#656 = PLANE ( 'NONE',  #1721 ) ;
#657 = DIRECTION ( 'NONE',  ( 0.000000000000000000, 0.000000000000000000, -1.000000000000000000 ) ) ;
#658 = ADVANCED_FACE ( 'NONE', ( #2774 ), #1892, .T. ) ;
#659 = CARTESIAN_POINT ( 'NONE',  ( -6.450000000000001066, -6.266543552338529111, -0.7378974596215572834 ) ) ;
#660 = B_SPLINE_CURVE_WITH_KNOTS ( 'NONE', 3,
 ( #265, #1430, #3178, #3752, #1133, #575, #1556, #3519 ),
 .UNSPECIFIED., .F., .F.,
 ( 4, 2, 2, 4 ),
 ( 0.000000000000000000, 0.0003214612107330075863, 0.0006429224214660151726, 0.001285844842932032297 ),
 .UNSPECIFIED. ) ;
#661 = CARTESIAN_POINT ( 'NONE',  ( -4.087959208879874851, -9.707779657957114949, 9.823586164405934795 ) ) ;
#662 = CARTESIAN_POINT ( 'NONE',  ( 3.949999999999998845, -5.299999999999998046, -2.411999999999999922 ) ) ;
#663 = ORIENTED_EDGE ( 'NONE', *, *, #1846, .T. ) ;
#664 = EDGE_LOOP ( 'NONE', ( #3228, #899, #2808, #1073, #2235, #3053, #3257, #523 ) ) ;
#665 = ORIENTED_EDGE ( 'NONE', *, *, #2572, .F. ) ;
#666 = EDGE_CURVE ( 'NONE', #2216, #1486, #2959, .T. ) ;
#667 = AXIS2_PLACEMENT_3D ( 'NONE', #383, #109, #2468 ) ;
#668 = LINE ( 'NONE', #1834, #3397 ) ;
#669 = ORIENTED_EDGE ( 'NONE', *, *, #691, .T. ) ;
#670 = CARTESIAN_POINT ( 'NONE',  ( 4.949999999999999289, -8.524526905683906364, 8.368409843461515507 ) ) ;
#671 = EDGE_CURVE ( 'NONE', #2255, #3149, #3686, .T. ) ;
#672 = CYLINDRICAL_SURFACE ( 'NONE', #3133, 1.344200000000002948 ) ;
#673 = ADVANCED_FACE ( 'NONE', ( #3630 ), #1621, .F. ) ;
#674 = DIRECTION ( 'NONE',  ( 0.000000000000000000, -1.000000000000000000, 0.000000000000000000 ) ) ;
#675 = EDGE_CURVE ( 'NONE', #697, #2841, #2341, .T. ) ;
#676 = CARTESIAN_POINT ( 'NONE',  ( 5.398106577800377615, -11.10000000000001918, 12.08795098915746991 ) ) ;
#677 = CARTESIAN_POINT ( 'NONE',  ( 4.087959208879875739, -10.30048934489902557, -5.809784719717332457 ) ) ;
#678 = CARTESIAN_POINT ( 'NONE',  ( 1.532106518243486315, -12.32748549913100256, 3.218653022104373207 ) ) ;
#679 = EDGE_LOOP ( 'NONE', ( #2395, #1297, #1212, #220 ) ) ;
#680 = CARTESIAN_POINT ( 'NONE',  ( -1.449999999999999067, -14.59999999999999609, 3.199999999999997069 ) ) ;
#681 = EDGE_LOOP ( 'NONE', ( #339, #2849, #1897, #611, #3448, #3326 ) ) ;
#682 = PLANE ( 'NONE',  #1451 ) ;
#683 = CARTESIAN_POINT ( 'NONE',  ( -2.085247901709772034, -14.04926265915371708, -1.790302152096228117 ) ) ;
#684 = ORIENTED_EDGE ( 'NONE', *, *, #307, .T. ) ;
#685 = CARTESIAN_POINT ( 'NONE',  ( -2.481913297292830389, -10.59999999999999787, 11.18942777247094611 ) ) ;
#686 = CARTESIAN_POINT ( 'NONE',  ( -1.528842434833007413, -12.41782761862462081, 3.206227365278026209 ) ) ;
#687 = VECTOR ( 'NONE', #3308, 1000.000000000000000 ) ;
#688 = CARTESIAN_POINT ( 'NONE',  ( -6.450000000000000178, -8.300961894323346968, 0.000000000000000000 ) ) ;
#689 = LINE ( 'NONE', #1825, #1424 ) ;
#690 = EDGE_CURVE ( 'NONE', #733, #2290, #2771, .T. ) ;
#691 = EDGE_CURVE ( 'NONE', #622, #2687, #621, .T. ) ;
#692 = CARTESIAN_POINT ( 'NONE',  ( -2.573758920962800456, -12.06001730808829819, 4.119057818140072769 ) ) ;
#693 = CARTESIAN_POINT ( 'NONE',  ( -6.398052839826221749, -8.963421216868512786, 8.445798752202819060 ) ) ;
#694 = VECTOR ( 'NONE', #1131, 1000.000000000000000 ) ;
#695 = EDGE_LOOP ( 'NONE', ( #193, #1436, #1869, #3396, #319, #923 ) ) ;
#696 = CARTESIAN_POINT ( 'NONE',  ( 6.450000000000000178, -6.733087104677052182, -8.361449492586219279 ) ) ;
#697 = VERTEX_POINT ( 'NONE', #1681 ) ;
#698 = VECTOR ( 'NONE', #3690, 1000.000000000000000 ) ;
#699 = CARTESIAN_POINT ( 'NONE',  ( 4.949999999999999289, -8.300961894323346968, 8.328989300016257147 ) ) ;
#700 = LINE ( 'NONE', #3552, #1329 ) ;
#701 = CARTESIAN_POINT ( 'NONE',  ( 2.468101707677519574, -12.49025964050415816, 3.699999999999996625 ) ) ;
#702 = EDGE_LOOP ( 'NONE', ( #406, #2617 ) ) ;
#703 = CIRCLE ( 'NONE', #2826, 1.933087104677062129 ) ;
#704 = CARTESIAN_POINT ( 'NONE',  ( -2.584065528459827732, -10.59999999999999787, 11.39834331984157423 ) ) ;
#705 = AXIS2_PLACEMENT_3D ( 'NONE', #1894, #3695, #2765 ) ;
#706 = CARTESIAN_POINT ( 'NONE',  ( -4.949999999999997513, -6.733087104677053958, -4.378258937514115878 ) ) ;
#707 = TOROIDAL_SURFACE ( 'NONE', #213, 1.933087104677063461, 0.4999999999999997780 ) ;
#708 = CARTESIAN_POINT ( 'NONE',  ( -6.449999999999997513, -5.299999999999998934, -2.411999999999999478 ) ) ;
#709 = DIRECTION ( 'NONE',  ( 0.000000000000000000, 0.000000000000000000, 1.000000000000000000 ) ) ;
#710 = CARTESIAN_POINT ( 'NONE',  ( -4.869016231867695055, -8.789773039201607574, 9.430606505214987223 ) ) ;
#711 = CARTESIAN_POINT ( 'NONE',  ( -6.421796260437353077, -8.789773039201598692, 9.430606505215031632 ) ) ;
#712 = ORIENTED_EDGE ( 'NONE', *, *, #2052, .T. ) ;
#713 = VERTEX_POINT ( 'NONE', #222 ) ;
#714 = FACE_OUTER_BOUND ( 'NONE', #2411, .T. ) ;
#715 = DIRECTION ( 'NONE',  ( -0.2122913360599896493, 0.8644626972274448429, -0.4556716292859535611 ) ) ;
#716 = EDGE_CURVE ( 'NONE', #2447, #1695, #182, .T. ) ;
#717 = EDGE_CURVE ( 'NONE', #181, #1358, #3321, .T. ) ;
#718 = APPLICATION_PROTOCOL_DEFINITION ( 'draft international standard', 'automotive_design', 1998, #2175 ) ;
#719 = ORIENTED_EDGE ( 'NONE', *, *, #2563, .F. ) ;
#720 =( BOUNDED_CURVE ( )  B_SPLINE_CURVE ( 3, ( #3383, #1987, #2847, #785 ),
 .UNSPECIFIED., .F., .T. ) 
 B_SPLINE_CURVE_WITH_KNOTS ( ( 4, 4 ),
 ( 3.946300505677300396, 4.712388980384689674 ),
 .UNSPECIFIED. ) 
 CURVE ( )  GEOMETRIC_REPRESENTATION_ITEM ( )  RATIONAL_B_SPLINE_CURVE ( ( 1.000000000000000000, 0.9516874428207602321, 0.9516874428207602321, 1.000000000000000000 ) ) 
 REPRESENTATION_ITEM ( '' )  );
#721 = CARTESIAN_POINT ( 'NONE',  ( 4.869016231867652422, -8.963421216868512786, 8.445798752202819060 ) ) ;
#722 = CARTESIAN_POINT ( 'NONE',  ( -5.117755140996171015, -11.39114068157666892, 11.99444465888804601 ) ) ;
#723 = DIRECTION ( 'NONE',  ( 0.000000000000000000, -0.4999999999999997780, -0.8660254037844387076 ) ) ;
#724 = CARTESIAN_POINT ( 'NONE',  ( -1.540216616513601533, -12.10301713393186063, -2.316198205578575475 ) ) ;
#725 = CARTESIAN_POINT ( 'NONE',  ( -2.772986293234246613, -11.59999999999999787, -3.986304015030786907 ) ) ;
#726 = LINE ( 'NONE', #3656, #908 ) ;
#727 = LINE ( 'NONE', #190, #97 ) ;
#728 = ORIENTED_EDGE ( 'NONE', *, *, #2900, .T. ) ;
#729 = ORIENTED_EDGE ( 'NONE', *, *, #527, .F. ) ;
#730 = EDGE_LOOP ( 'NONE', ( #1109, #2928, #282, #3663, #501 ) ) ;
#731 = CARTESIAN_POINT ( 'NONE',  ( 4.869016231867652422, -8.963421216868507457, 8.445798752202813731 ) ) ;
#732 = FACE_OUTER_BOUND ( 'NONE', #2036, .T. ) ;
#733 = VERTEX_POINT ( 'NONE', #3420 ) ;
#734 = CARTESIAN_POINT ( 'NONE',  ( -1.622500358202256132, -11.73676935852710557, 3.391947120378516978 ) ) ;
#735 = DIRECTION ( 'NONE',  ( 0.000000000000000000, 0.000000000000000000, -1.000000000000000000 ) ) ;
#736 = VECTOR ( 'NONE', #2728, 1000.000000000000000 ) ;
#737 =( BOUNDED_CURVE ( )  B_SPLINE_CURVE ( 3, ( #184, #1347, #2449, #3402 ),
 .UNSPECIFIED., .F., .F. ) 
 B_SPLINE_CURVE_WITH_KNOTS ( ( 4, 4 ),
 ( 0.4166039484894016875, 0.9363773027921178382 ),
 .UNSPECIFIED. ) 
 CURVE ( )  GEOMETRIC_REPRESENTATION_ITEM ( )  RATIONAL_B_SPLINE_CURVE ( ( 1.000000000000000000, 0.9776127366864658663, 0.9776127366864658663, 1.000000000000000000 ) ) 
 REPRESENTATION_ITEM ( '' )  );
#738 = CARTESIAN_POINT ( 'NONE',  ( -6.236886797437046326, -6.733087104677054846, -0.5504180827438575063 ) ) ;
#739 = CARTESIAN_POINT ( 'NONE',  ( 6.352089046205358080, -9.254697115285795306, 8.497158551923876146 ) ) ;
#740 = CARTESIAN_POINT ( 'NONE',  ( 4.949999999999999289, -8.300961894323346968, 0.000000000000000000 ) ) ;
#741 = DIRECTION ( 'NONE',  ( 0.000000000000000000, 0.000000000000000000, 1.000000000000000000 ) ) ;
#742 = EDGE_LOOP ( 'NONE', ( #2596, #2875, #829, #504 ) ) ;
#743 = ORIENTED_EDGE ( 'NONE', *, *, #2919, .T. ) ;
#744 = VECTOR ( 'NONE', #2548, 1000.000000000000000 ) ;
#745 = ORIENTED_EDGE ( 'NONE', *, *, #717, .F. ) ;
#746 = ORIENTED_EDGE ( 'NONE', *, *, #996, .T. ) ;
#747 = DIRECTION ( 'NONE',  ( 0.6865306214108630734, -0.7271008911184295709, 0.000000000000000000 ) ) ;
#748 = DIRECTION ( 'NONE',  ( 0.000000000000000000, 0.000000000000000000, 1.000000000000000000 ) ) ;
#749 = ORIENTED_EDGE ( 'NONE', *, *, #1150, .F. ) ;
#750 = CARTESIAN_POINT ( 'NONE',  ( -3.898464874824869142, -8.722526917761177501, 8.445798752202813731 ) ) ;
#751 = CARTESIAN_POINT ( 'NONE',  ( 4.030476370306247169, -12.41775222779606658, 0.000000000000000000 ) ) ;
#752 = CARTESIAN_POINT ( 'NONE',  ( -3.949999999999998845, -6.876620837248679230, 8.077839541923195199 ) ) ;
#753 = CARTESIAN_POINT ( 'NONE',  ( -1.645739343164441593, -11.66739943651795386, -2.545819016936922363 ) ) ;
#754 = CARTESIAN_POINT ( 'NONE',  ( -2.772986293234238175, -11.59999999999999964, 5.199999999999997513 ) ) ;
#755 = VECTOR ( 'NONE', #1262, 1000.000000000000000 ) ;
#756 = DIRECTION ( 'NONE',  ( 1.000000000000000000, 0.000000000000000000, 0.000000000000000000 ) ) ;
#757 = DIRECTION ( 'NONE',  ( 0.000000000000000000, 0.000000000000000000, 1.000000000000000000 ) ) ;
#758 = VERTEX_POINT ( 'NONE', #3168 ) ;
#759 = VECTOR ( 'NONE', #862, 1000.000000000000000 ) ;
#760 = VERTEX_POINT ( 'NONE', #3706 ) ;
#761 = ORIENTED_EDGE ( 'NONE', *, *, #604, .T. ) ;
#762 = EDGE_LOOP ( 'NONE', ( #2139, #2146, #2251, #642, #2680, #1616 ) ) ;
#763 = ORIENTED_EDGE ( 'NONE', *, *, #2628, .T. ) ;
#764 = DIRECTION ( 'NONE',  ( 0.000000000000000000, -0.1736481776669186183, -0.9848077530122101297 ) ) ;
#765 = VERTEX_POINT ( 'NONE', #3153 ) ;
#766 = CARTESIAN_POINT ( 'NONE',  ( -3.949999999999998845, -10.33500223068162782, -4.661171868325921785 ) ) ;
#767 = DIRECTION ( 'NONE',  ( 1.000000000000000000, 0.000000000000000000, 0.000000000000000000 ) ) ;
#768 = DIRECTION ( 'NONE',  ( -1.000000000000000000, 0.000000000000000000, 0.000000000000000000 ) ) ;
#769 = CARTESIAN_POINT ( 'NONE',  ( -6.236993274995518810, -6.733087104677053958, -4.273587324993633807 ) ) ;
#770 = AXIS2_PLACEMENT_3D ( 'NONE', #731, #411, #3323 ) ;
#771 = CARTESIAN_POINT ( 'NONE',  ( 6.278743644093526477, -9.525621745510870042, 8.585746564661935309 ) ) ;
#772 = CARTESIAN_POINT ( 'NONE',  ( 2.490132350778648807, -12.40054957738846220, -2.659364262702692105 ) ) ;
#773 = CARTESIAN_POINT ( 'NONE',  ( -6.449999999999997513, -5.299999999999998934, -2.411999999999999478 ) ) ;
#774 = VECTOR ( 'NONE', #3604, 1000.000000000000000 ) ;
#775 = CIRCLE ( 'NONE', #117, 2.433087104677061685 ) ;
#776 = ORIENTED_EDGE ( 'NONE', *, *, #946, .T. ) ;
#777 = ADVANCED_FACE ( 'NONE', ( #1714 ), #510, .F. ) ;
#778 = EDGE_LOOP ( 'NONE', ( #1896, #1650, #626, #837, #1701, #2457 ) ) ;
#779 = VERTEX_POINT ( 'NONE', #1089 ) ;
#780 = ORIENTED_EDGE ( 'NONE', *, *, #1718, .T. ) ;
#781 = FACE_OUTER_BOUND ( 'NONE', #137, .T. ) ;
#782 = ORIENTED_EDGE ( 'NONE', *, *, #1697, .T. ) ;
#783 = FACE_OUTER_BOUND ( 'NONE', #2478, .T. ) ;
#784 = LINE ( 'NONE', #1383, #3747 ) ;
#785 = CARTESIAN_POINT ( 'NONE',  ( -2.318364077607157903, -13.09999999999999964, 3.699999999999996625 ) ) ;
#786 = EDGE_CURVE ( 'NONE', #2293, #316, #521, .T. ) ;
#787 = ORIENTED_EDGE ( 'NONE', *, *, #2522, .F. ) ;
#788 = FACE_OUTER_BOUND ( 'NONE', #3465, .T. ) ;
#789 = CARTESIAN_POINT ( 'NONE',  ( 4.949999999999999289, -6.891868358501276326, -7.226921471345510106 ) ) ;
#790 = CARTESIAN_POINT ( 'NONE',  ( 2.772986293234239064, -11.59999999999999787, -3.883065488421543865 ) ) ;
#791 = CYLINDRICAL_SURFACE ( 'NONE', #1563, 3.190625000000047784 ) ;
#792 = EDGE_CURVE ( 'NONE', #2660, #3354, #784, .T. ) ;
#793 = EDGE_CURVE ( 'NONE', #1695, #2290, #1293, .T. ) ;
#794 = CIRCLE ( 'NONE', #1410, 2.433087104677061685 ) ;
#795 = ORIENTED_EDGE ( 'NONE', *, *, #638, .T. ) ;
#796 = VERTEX_POINT ( 'NONE', #2534 ) ;
#797 = ORIENTED_EDGE ( 'NONE', *, *, #2228, .F. ) ;
#798 = VERTEX_POINT ( 'NONE', #1462 ) ;
#799 = CARTESIAN_POINT ( 'NONE',  ( 1.645739343164441593, -11.66739943651795386, -2.545819016936922363 ) ) ;
#800 = PRODUCT_RELATED_PRODUCT_CATEGORY ( 'part', '', ( #3628 ) ) ;
#801 = ORIENTED_EDGE ( 'NONE', *, *, #543, .F. ) ;
#802 = ADVANCED_FACE ( 'NONE', ( #2622 ), #587, .F. ) ;
#803 = CARTESIAN_POINT ( 'NONE',  ( -2.312581941768991900, -10.60148167184889623, -4.238101298048118970 ) ) ;
#804 = CARTESIAN_POINT ( 'NONE',  ( 0.5000000000000000000, -14.59999999999999609, 11.08795098915741661 ) ) ;
#805 = CARTESIAN_POINT ( 'NONE',  ( -2.573758920962800456, -12.06001730808829819, 4.119057818140072769 ) ) ;
#806 = ORIENTED_EDGE ( 'NONE', *, *, #3530, .F. ) ;
#807 = CIRCLE ( 'NONE', #1677, 2.433087104677061685 ) ;
#808 = CARTESIAN_POINT ( 'NONE',  ( -4.950999999999999623, -10.60000000000000497, 11.58795098915740773 ) ) ;
#809 = DIRECTION ( 'NONE',  ( 0.000000000000000000, -1.000000000000000000, 0.000000000000000000 ) ) ;
#810 = DIRECTION ( 'NONE',  ( -1.000000000000000000, -0.000000000000000000, -0.000000000000000000 ) ) ;
#811 = DIRECTION ( 'NONE',  ( 0.000000000000000000, 0.000000000000000000, -1.000000000000000000 ) ) ;
#812 = CIRCLE ( 'NONE', #1307, 0.5000000000000022204 ) ;
#813 = CIRCLE ( 'NONE', #1373, 1.344200000000002948 ) ;
#814 = DIRECTION ( 'NONE',  ( 0.000000000000000000, 0.000000000000000000, -1.000000000000000000 ) ) ;
#815 = FACE_BOUND ( 'NONE', #503, .T. ) ;
#816 = VECTOR ( 'NONE', #1071, 1000.000000000000000 ) ;
#817 = ORIENTED_EDGE ( 'NONE', *, *, #3379, .T. ) ;
#818 = ORIENTED_EDGE ( 'NONE', *, *, #1565, .F. ) ;
#819 = EDGE_CURVE ( 'NONE', #3393, #3456, #2257, .T. ) ;
#820 = ORIENTED_EDGE ( 'NONE', *, *, #2955, .T. ) ;
#821 = ADVANCED_FACE ( 'NONE', ( #2042 ), #3189, .F. ) ;
#822 = CARTESIAN_POINT ( 'NONE',  ( -2.921274842952072071, -11.40207586819252228, -5.128612480481129943 ) ) ;
#823 = EDGE_CURVE ( 'NONE', #2242, #3746, #655, .T. ) ;
#824 = CARTESIAN_POINT ( 'NONE',  ( 6.450000000000000178, -7.733087104677060175, 7.809307837348835157 ) ) ;
#825 = CARTESIAN_POINT ( 'NONE',  ( -4.949999999999998401, -7.146263015843597799, 9.140811345032231472 ) ) ;
#826 = EDGE_CURVE ( 'NONE', #765, #760, #364, .T. ) ;
#827 = ADVANCED_FACE ( 'NONE', ( #58 ), #1777, .T. ) ;
#828 = CARTESIAN_POINT ( 'NONE',  ( 4.949999999999997513, -5.299999999999999822, -2.411999999999999478 ) ) ;
#829 = ORIENTED_EDGE ( 'NONE', *, *, #3272, .T. ) ;
#830 = DIRECTION ( 'NONE',  ( -1.000000000000000000, -0.000000000000000000, -0.000000000000000000 ) ) ;
#831 = CARTESIAN_POINT ( 'NONE',  ( -1.756579144497310230, -11.36913986673388699, -2.729471115740923715 ) ) ;
#832 = CARTESIAN_POINT ( 'NONE',  ( 6.450000000000000178, -8.146263015843599575, 8.301711713854940555 ) ) ;
#833 = CARTESIAN_POINT ( 'NONE',  ( -4.059468349809405296, -10.32739049083503424, -5.795604710518976077 ) ) ;
#834 = CARTESIAN_POINT ( 'NONE',  ( 5.774482310579633904, -10.59999999999999787, 11.58795098915740773 ) ) ;
#835 = VERTEX_POINT ( 'NONE', #36 ) ;
#836 = ORIENTED_EDGE ( 'NONE', *, *, #2522, .T. ) ;
#837 = ORIENTED_EDGE ( 'NONE', *, *, #2051, .T. ) ;
#838 = EDGE_CURVE ( 'NONE', #2147, #531, #2925, .T. ) ;
#839 = ORIENTED_EDGE ( 'NONE', *, *, #3359, .F. ) ;
#840 = CARTESIAN_POINT ( 'NONE',  ( 3.000680438189951893, -11.32710089111842322, -5.208018075719008877 ) ) ;
#841 = DIRECTION ( 'NONE',  ( 0.000000000000000000, -0.000000000000000000, 1.000000000000000000 ) ) ;
#842 = DIRECTION ( 'NONE',  ( 1.000000000000000000, 0.000000000000000000, 0.000000000000000000 ) ) ;
#843 = EDGE_CURVE ( 'NONE', #623, #2255, #2591, .T. ) ;
#844 = CARTESIAN_POINT ( 'NONE',  ( 3.000680438189951893, -11.32710089111842322, -5.208018075719008877 ) ) ;
#845 = LINE ( 'NONE', #3171, #1908 ) ;
#846 = VERTEX_POINT ( 'NONE', #647 ) ;
#847 = CARTESIAN_POINT ( 'NONE',  ( -4.949999999999998401, -8.300961894323346968, 8.328989300016258923 ) ) ;
#848 = DIRECTION ( 'NONE',  ( -1.000000000000000000, 0.000000000000000000, 0.000000000000000000 ) ) ;
#849 = CARTESIAN_POINT ( 'NONE',  ( -2.765765771928987427, -11.61085025733748566, -3.779803259768260482 ) ) ;
#850 = CYLINDRICAL_SURFACE ( 'NONE', #3169, 0.5000000000000038858 ) ;
#851 = DIRECTION ( 'NONE',  ( 1.000000000000000000, -0.000000000000000000, -0.000000000000000000 ) ) ;
#852 = CARTESIAN_POINT ( 'NONE',  ( -4.950999999999999623, -7.146263015843597799, 9.140811345032231472 ) ) ;
#853 = ADVANCED_FACE ( 'NONE', ( #628 ), #1481, .F. ) ;
#854 = CARTESIAN_POINT ( 'NONE',  ( 3.517677331859521583, -9.463626075959977513, 8.891238350663694945 ) ) ;
#855 = CARTESIAN_POINT ( 'NONE',  ( -6.450000000000000178, -6.733087104677052182, -8.361449492586219279 ) ) ;
#856 =( BOUNDED_CURVE ( )  B_SPLINE_CURVE ( 3, ( #1669, #2818, #1893, #441 ),
 .UNSPECIFIED., .F., .T. ) 
 B_SPLINE_CURVE_WITH_KNOTS ( ( 4, 4 ),
 ( 5.333921008871900682, 6.283185307179586232 ),
 .UNSPECIFIED. ) 
 CURVE ( )  GEOMETRIC_REPRESENTATION_ITEM ( )  RATIONAL_B_SPLINE_CURVE ( ( 1.000000000000000000, 0.9263072625247753544, 0.9263072625247753544, 1.000000000000000000 ) ) 
 REPRESENTATION_ITEM ( '' )  );
#857 = VERTEX_POINT ( 'NONE', #2943 ) ;
#858 = EDGE_LOOP ( 'NONE', ( #2171, #3111, #2272, #1597, #1522, #2218 ) ) ;
#859 = ORIENTED_EDGE ( 'NONE', *, *, #2394, .F. ) ;
#860 = CARTESIAN_POINT ( 'NONE',  ( -2.314149816779088376, -10.59999999999999609, 10.29684157670538447 ) ) ;
#861 = CARTESIAN_POINT ( 'NONE',  ( -3.937433766819323999, -8.565523156577025787, 9.391065200487608067 ) ) ;
#862 = DIRECTION ( 'NONE',  ( -0.000000000000000000, 1.000000000000000000, -0.000000000000000000 ) ) ;
#863 = DIRECTION ( 'NONE',  ( -1.000000000000000000, 0.000000000000000000, 0.000000000000000000 ) ) ;
#864 = CARTESIAN_POINT ( 'NONE',  ( 2.772986293234238175, -11.59999999999999964, -4.521487454308140919 ) ) ;
#865 = ORIENTED_EDGE ( 'NONE', *, *, #3023, .F. ) ;
#866 = VECTOR ( 'NONE', #1454, 1000.000000000000227 ) ;
#867 = LINE ( 'NONE', #1445, #122 ) ;
#868 = CARTESIAN_POINT ( 'NONE',  ( -4.030476370306247169, -12.41775222779606658, 0.000000000000000000 ) ) ;
#869 = CARTESIAN_POINT ( 'NONE',  ( 6.450000000000000178, -8.963421216868512786, 8.445798752202819060 ) ) ;
#870 = LINE ( 'NONE', #245, #1688 ) ;
#871 = EDGE_CURVE ( 'NONE', #758, #625, #344, .T. ) ;
#872 = PLANE ( 'NONE',  #1460 ) ;
#873 = EDGE_CURVE ( 'NONE', #3349, #1381, #1439, .T. ) ;
#874 = ADVANCED_FACE ( 'NONE', ( #1505 ), #3490, .F. ) ;
#875 = CARTESIAN_POINT ( 'NONE',  ( 4.949999999999999289, -5.299999999999998046, -2.411999999999999922 ) ) ;
#876 = DIRECTION ( 'NONE',  ( 0.000000000000000000, -1.000000000000000000, -3.569419883894063799E-16 ) ) ;
#877 = AXIS2_PLACEMENT_3D ( 'NONE', #3119, #2103, #2965 ) ;
#878 = ORIENTED_EDGE ( 'NONE', *, *, #951, .T. ) ;
#879 = VERTEX_POINT ( 'NONE', #3233 ) ;
#880 = VECTOR ( 'NONE', #851, 1000.000000000000000 ) ;
#881 = ORIENTED_EDGE ( 'NONE', *, *, #1925, .F. ) ;
#882 = CARTESIAN_POINT ( 'NONE',  ( -3.949999999999998845, -5.299999999999998046, -3.323999999999999844 ) ) ;
#883 = CARTESIAN_POINT ( 'NONE',  ( 2.711654458772685405, -10.60000000000000497, 11.58795098915740773 ) ) ;
#884 = CARTESIAN_POINT ( 'NONE',  ( -4.949999999999997513, -4.333456447661466093, -0.7378974596215569504 ) ) ;
#885 = DIRECTION ( 'NONE',  ( -1.000000000000000000, 0.000000000000000000, 0.000000000000000000 ) ) ;
#886 = CARTESIAN_POINT ( 'NONE',  ( 1.756579144497310230, -11.36913986673388699, -2.729471115740923715 ) ) ;
#887 = ORIENTED_EDGE ( 'NONE', *, *, #2864, .T. ) ;
#888 = B_SPLINE_CURVE_WITH_KNOTS ( 'NONE', 3,
 ( #2758, #704, #685, #1605, #1288, #2172 ),
 .UNSPECIFIED., .F., .F.,
 ( 4, 2, 4 ),
 ( -9.360839108547402881E-06, 0.0006762556941050766471, 0.001361872227318700838 ),
 .UNSPECIFIED. ) ;
#889 = CARTESIAN_POINT ( 'NONE',  ( -6.450000000000000178, -7.146263015843597799, 9.140811345032229696 ) ) ;
#890 = CARTESIAN_POINT ( 'NONE',  ( -4.949999999999997513, -4.333456447661467870, -4.086102540378443670 ) ) ;
#891 = CARTESIAN_POINT ( 'NONE',  ( 1.645739343164441593, -11.66739943651795386, -2.545819016936922363 ) ) ;
#892 = EDGE_CURVE ( 'NONE', #181, #625, #1765, .T. ) ;
#893 = FACE_OUTER_BOUND ( 'NONE', #679, .T. ) ;
#894 = FACE_OUTER_BOUND ( 'NONE', #600, .T. ) ;
#895 = DIRECTION ( 'NONE',  ( 1.000000000000000000, -0.000000000000000000, -0.000000000000000000 ) ) ;
#896 = PLANE ( 'NONE',  #261 ) ;
#897 = ORIENTED_EDGE ( 'NONE', *, *, #2540, .F. ) ;
#898 = ORIENTED_EDGE ( 'NONE', *, *, #1240, .T. ) ;
#899 = ORIENTED_EDGE ( 'NONE', *, *, #3579, .F. ) ;
#900 = DIRECTION ( 'NONE',  ( 0.000000000000000000, 0.000000000000000000, -1.000000000000000000 ) ) ;
#901 = ORIENTED_EDGE ( 'NONE', *, *, #2595, .T. ) ;
#902 = CARTESIAN_POINT ( 'NONE',  ( 3.401428587469011333, -9.573388453780596663, 9.018169981923099598 ) ) ;
#903 = AXIS2_PLACEMENT_3D ( 'NONE', #345, #37, #3513 ) ;
#904 = DIRECTION ( 'NONE',  ( 0.000000000000000000, 1.000000000000000000, 0.000000000000000000 ) ) ;
#905 = CARTESIAN_POINT ( 'NONE',  ( 6.451000000000001400, -11.66739943651795386, -2.545819016936922363 ) ) ;
#906 = CARTESIAN_POINT ( 'NONE',  ( -6.450000000000001066, -5.299999999999998046, -3.323999999999999400 ) ) ;
#907 = EDGE_LOOP ( 'NONE', ( #1048, #2638, #1945, #2575 ) ) ;
#908 = VECTOR ( 'NONE', #2473, 1000.000000000000114 ) ;
#909 = CARTESIAN_POINT ( 'NONE',  ( 1.949999999999999512, -14.59999999999999609, 3.699999999999997069 ) ) ;
#910 = ADVANCED_FACE ( 'NONE', ( #2871 ), #3753, .F. ) ;
#911 = CARTESIAN_POINT ( 'NONE',  ( 3.000680438189951893, -11.32710089111842322, 0.000000000000000000 ) ) ;
#912 = CARTESIAN_POINT ( 'NONE',  ( -6.450000000000001066, -6.266543552338529111, -0.7378974596215572834 ) ) ;
#913 = DIRECTION ( 'NONE',  ( -0.03610669146602633189, -0.9993479408251048079, 0.000000000000000000 ) ) ;
#914 = VECTOR ( 'NONE', #570, 1000.000000000000000 ) ;
#915 = DIRECTION ( 'NONE',  ( -1.000000000000000000, 0.000000000000000000, 0.000000000000000000 ) ) ;
#916 = DIRECTION ( 'NONE',  ( -1.000000000000000000, 8.761229676650544604E-17, -0.000000000000000000 ) ) ;
#917 = LINE ( 'NONE', #69, #2952 ) ;
#918 = EDGE_CURVE ( 'NONE', #3155, #3664, #2095, .T. ) ;
#919 = ADVANCED_FACE ( 'NONE', ( #894 ), #2590, .T. ) ;
#920 = ORIENTED_EDGE ( 'NONE', *, *, #3005, .T. ) ;
#921 = ORIENTED_EDGE ( 'NONE', *, *, #3481, .F. ) ;
#922 = LINE ( 'NONE', #1206, #390 ) ;
#923 = ORIENTED_EDGE ( 'NONE', *, *, #219, .F. ) ;
#924 = VECTOR ( 'NONE', #1095, 1000.000000000000000 ) ;
#925 = DIRECTION ( 'NONE',  ( 0.000000000000000000, 0.8660254037844385966, -0.5000000000000003331 ) ) ;
#926 = CARTESIAN_POINT ( 'NONE',  ( 6.450000000000000178, -7.733087104677060175, 7.809307837348835157 ) ) ;
#927 = DIRECTION ( 'NONE',  ( 1.000000000000000000, -0.000000000000000000, -0.000000000000000000 ) ) ;
#928 = DIRECTION ( 'NONE',  ( 0.000000000000000000, -0.8846265015520634600, 0.4663002817410225043 ) ) ;
#929 = FACE_OUTER_BOUND ( 'NONE', #3033, .T. ) ;
#930 = ADVANCED_FACE ( 'NONE', ( #2310 ), #2115, .F. ) ;
#931 = ORIENTED_EDGE ( 'NONE', *, *, #2721, .F. ) ;
#932 = CARTESIAN_POINT ( 'NONE',  ( 3.949999999999999734, -8.300961894323346968, 8.328989300016257147 ) ) ;
#933 = CARTESIAN_POINT ( 'NONE',  ( -2.573758920962800456, -12.06001730808829819, -2.905361833170860830 ) ) ;
#934 = AXIS2_PLACEMENT_3D ( 'NONE', #868, #1489, #2630 ) ;
#935 = DIRECTION ( 'NONE',  ( -1.000000000000000000, 0.000000000000000000, 0.000000000000000000 ) ) ;
#936 = DIRECTION ( 'NONE',  ( -1.000000000000000000, -0.000000000000000000, -0.000000000000000000 ) ) ;
#937 = CARTESIAN_POINT ( 'NONE',  ( -5.974353014741936363, -10.25876331848779266, 8.984385287569118361 ) ) ;
#938 = CARTESIAN_POINT ( 'NONE',  ( -3.401428587469010889, -9.573388453780596663, 9.018169981923099598 ) ) ;
#939 = DIRECTION ( 'NONE',  ( -1.000000000000000000, -0.000000000000000000, -0.000000000000000000 ) ) ;
#940 = AXIS2_PLACEMENT_3D ( 'NONE', #2128, #1855, #657 ) ;
#941 = VERTEX_POINT ( 'NONE', #268 ) ;
#942 = EDGE_LOOP ( 'NONE', ( #2185, #1414, #3214, #836 ) ) ;
#943 = EDGE_LOOP ( 'NONE', ( #3110, #3700, #2192, #1916 ) ) ;
#944 = EDGE_CURVE ( 'NONE', #304, #2494, #67, .T. ) ;
#945 = AXIS2_PLACEMENT_3D ( 'NONE', #3159, #2611, #811 ) ;
#946 = EDGE_CURVE ( 'NONE', #2232, #2099, #2957, .T. ) ;
#947 = DIRECTION ( 'NONE',  ( 1.000000000000000000, -0.000000000000000000, -0.000000000000000000 ) ) ;
#948 = EDGE_CURVE ( 'NONE', #1902, #981, #3400, .T. ) ;
#949 =( LENGTH_UNIT ( ) NAMED_UNIT ( * ) SI_UNIT ( .MILLI., .METRE. ) );
#950 = VERTEX_POINT ( 'NONE', #2074 ) ;
#951 = EDGE_CURVE ( 'NONE', #61, #2687, #3220, .T. ) ;
#952 = DIRECTION ( 'NONE',  ( -1.000000000000000000, -0.000000000000000000, -0.000000000000000000 ) ) ;
#953 = PLANE ( 'NONE',  #1689 ) ;
#954 = VECTOR ( 'NONE', #904, 1000.000000000000000 ) ;
#955 = CARTESIAN_POINT ( 'NONE',  ( -2.314149816779088376, -10.59999999999999609, 0.000000000000000000 ) ) ;
#956 = CARTESIAN_POINT ( 'NONE',  ( 4.950999999999999623, -11.60000000000001030, 11.58795098915740773 ) ) ;
#957 = CARTESIAN_POINT ( 'NONE',  ( -3.856264813865668550, -8.892548900776388265, 8.492909348698026051 ) ) ;
#958 = DIRECTION ( 'NONE',  ( -1.000000000000000000, 8.761229676650544604E-17, -0.000000000000000000 ) ) ;
#959 = ORIENTED_EDGE ( 'NONE', *, *, #3561, .T. ) ;
#960 = VERTEX_POINT ( 'NONE', #332 ) ;
#961 = ORIENTED_EDGE ( 'NONE', *, *, #3521, .T. ) ;
#962 = AXIS2_PLACEMENT_3D ( 'NONE', #3567, #407, #1245 ) ;
#963 = EDGE_CURVE ( 'NONE', #2917, #1036, #618, .T. ) ;
#964 = CARTESIAN_POINT ( 'NONE',  ( -2.573758920962800456, -12.06001730808829819, -2.905361833170860830 ) ) ;
#965 = VECTOR ( 'NONE', #2832, 1000.000000000000000 ) ;
#966 = CARTESIAN_POINT ( 'NONE',  ( -6.450000000000001066, -7.233087104677059287, -2.412000000000000810 ) ) ;
#967 = DIRECTION ( 'NONE',  ( 0.000000000000000000, 0.000000000000000000, -1.000000000000000000 ) ) ;
#968 = ORIENTED_EDGE ( 'NONE', *, *, #204, .F. ) ;
#969 = ADVANCED_FACE ( 'NONE', ( #3179 ), #312, .T. ) ;
#970 = EDGE_CURVE ( 'NONE', #1181, #651, #431, .T. ) ;
#971 = DIRECTION ( 'NONE',  ( 1.000000000000000000, -0.000000000000000000, -0.000000000000000000 ) ) ;
#972 = VECTOR ( 'NONE', #3066, 1000.000000000000227 ) ;
#973 = DIRECTION ( 'NONE',  ( 0.000000000000000000, 0.000000000000000000, 1.000000000000000000 ) ) ;
#974 = PLANE ( 'NONE',  #940 ) ;
#975 = VECTOR ( 'NONE', #2516, 1000.000000000000114 ) ;
#976 = DIRECTION ( 'NONE',  ( -1.000000000000000000, 0.000000000000000000, 0.000000000000000000 ) ) ;
#977 = LINE ( 'NONE', #86, #3131 ) ;
#978 = ORIENTED_EDGE ( 'NONE', *, *, #232, .T. ) ;
#979 = ORIENTED_EDGE ( 'NONE', *, *, #2919, .F. ) ;
#980 = EDGE_CURVE ( 'NONE', #651, #2804, #8, .T. ) ;
#981 = VERTEX_POINT ( 'NONE', #2330 ) ;
#982 = CARTESIAN_POINT ( 'NONE',  ( 3.949999999999999734, -8.789450127243688016, -5.475856235133948147 ) ) ;
#983 = FACE_OUTER_BOUND ( 'NONE', #424, .T. ) ;
#984 = CARTESIAN_POINT ( 'NONE',  ( -4.949999999999997513, -6.266543552338529111, -4.086102540378443670 ) ) ;
#985 = EDGE_LOOP ( 'NONE', ( #1263, #2823, #120, #1773 ) ) ;
#986 = CARTESIAN_POINT ( 'NONE',  ( -2.301436914238728981, -10.61180438721885899, 4.951191121674884066 ) ) ;
#987 = CARTESIAN_POINT ( 'NONE',  ( -1.525555313570568838, -12.50880737144831478, 3.199999999999997069 ) ) ;
#988 = CIRCLE ( 'NONE', #1668, 1.000000000000000000 ) ;
#989 = DIRECTION ( 'NONE',  ( 0.000000000000000000, 0.000000000000000000, 1.000000000000000000 ) ) ;
#990 = LINE ( 'NONE', #2472, #1615 ) ;
#991 = CARTESIAN_POINT ( 'NONE',  ( -3.800664330286429582, -9.085562862267920536, 9.459317099764900760 ) ) ;
#992 = ADVANCED_FACE ( 'NONE', ( #3479 ), #872, .F. ) ;
#993 = LINE ( 'NONE', #374, #2884 ) ;
#994 = ORIENTED_EDGE ( 'NONE', *, *, #1101, .F. ) ;
#995 = EDGE_CURVE ( 'NONE', #2271, #214, #2807, .T. ) ;
#996 = EDGE_CURVE ( 'NONE', #3087, #1999, #3598, .T. ) ;
#997 = ORIENTED_EDGE ( 'NONE', *, *, #3395, .T. ) ;
#998 = AXIS2_PLACEMENT_3D ( 'NONE', #3655, #3064, #439 ) ;
#999 = CARTESIAN_POINT ( 'NONE',  ( 6.451000000000001400, -6.999936963806543844, -6.419136241810186050 ) ) ;
#1000 = LINE ( 'NONE', #2446, #774 ) ;
#1001 = LINE ( 'NONE', #650, #687 ) ;
#1002 = ORIENTED_EDGE ( 'NONE', *, *, #2571, .F. ) ;
#1003 = FACE_OUTER_BOUND ( 'NONE', #539, .T. ) ;
#1004 = CARTESIAN_POINT ( 'NONE',  ( 3.662762364876225529, -9.983423023688580145, 10.02643345821951826 ) ) ;
#1005 = LINE ( 'NONE', #2126, #520 ) ;
#1006 = COLOUR_RGB ( '',0.7529411764705882248, 0.7529411764705882248, 0.7529411764705882248 ) ;
#1007 = DIRECTION ( 'NONE',  ( -1.000000000000000000, 8.761229676650544604E-17, -0.000000000000000000 ) ) ;
#1008 = AXIS2_PLACEMENT_3D ( 'NONE', #3469, #563, #529 ) ;
#1009 = CARTESIAN_POINT ( 'NONE',  ( 5.915950054158668259, -10.36696112641629064, 9.064882214677727035 ) ) ;
#1010 = ADVANCED_FACE ( 'NONE', ( #3544 ), #2656, .F. ) ;
#1011 = FACE_OUTER_BOUND ( 'NONE', #2525, .T. ) ;
#1012 = CARTESIAN_POINT ( 'NONE',  ( 6.416872916257946535, -6.733087104677054846, -4.022437964320288550 ) ) ;
#1013 = ORIENTED_EDGE ( 'NONE', *, *, #3386, .T. ) ;
#1014 = B_SPLINE_CURVE_WITH_KNOTS ( 'NONE', 3,
 ( #1849, #123, #366, #1599 ),
 .UNSPECIFIED., .F., .F.,
 ( 4, 4 ),
 ( 0.000000000000000000, 2.385111604833861496E-05 ),
 .UNSPECIFIED. ) ;
#1015 = ORIENTED_EDGE ( 'NONE', *, *, #3734, .F. ) ;
#1016 = VERTEX_POINT ( 'NONE', #1827 ) ;
#1017 = CARTESIAN_POINT ( 'NONE',  ( -4.949999999999999289, -11.06630028174102165, -5.406113955860203824 ) ) ;
#1018 = CARTESIAN_POINT ( 'NONE',  ( 6.451000000000001400, -14.59999999999999609, -1.000000000000000000 ) ) ;
#1019 = CARTESIAN_POINT ( 'NONE',  ( 6.450000000000000178, -7.233087104677055734, -8.361449492586219279 ) ) ;
#1020 = ORIENTED_EDGE ( 'NONE', *, *, #1628, .T. ) ;
#1021 = CARTESIAN_POINT ( 'NONE',  ( 4.949999999999999289, -8.300961894323346968, 0.000000000000000000 ) ) ;
#1022 = CARTESIAN_POINT ( 'NONE',  ( -2.573758920962800456, -12.06001730808829819, -2.905361833170860830 ) ) ;
#1023 = CARTESIAN_POINT ( 'NONE',  ( -4.949999999999997513, -6.266543552338529111, -0.7378974596215572834 ) ) ;
#1024 = VECTOR ( 'NONE', #2225, 1000.000000000000000 ) ;
#1025 = DIRECTION ( 'NONE',  ( -1.000000000000000000, -0.000000000000000000, -0.000000000000000000 ) ) ;
#1026 = CARTESIAN_POINT ( 'NONE',  ( 5.347037107338776352, -11.16427940498627436, 9.956619473444870749 ) ) ;
#1027 = CARTESIAN_POINT ( 'NONE',  ( 2.772986293234246613, -11.59999999999999787, -3.986304015030786907 ) ) ;
#1028 = CYLINDRICAL_SURFACE ( 'NONE', #2651, 1.749999999999998890 ) ;
#1029 = ORIENTED_EDGE ( 'NONE', *, *, #3647, .T. ) ;
#1030 = ORIENTED_EDGE ( 'NONE', *, *, #3692, .F. ) ;
#1031 = EDGE_CURVE ( 'NONE', #2047, #2494, #3704, .T. ) ;
#1032 = ORIENTED_EDGE ( 'NONE', *, *, #838, .T. ) ;
#1033 = ORIENTED_EDGE ( 'NONE', *, *, #2045, .T. ) ;
#1034 = CARTESIAN_POINT ( 'NONE',  ( -4.949999999999997513, -6.733087104677054846, -4.378258937514114990 ) ) ;
#1035 = PLANE ( 'NONE',  #1555 ) ;
#1036 = VERTEX_POINT ( 'NONE', #1494 ) ;
#1037 = CARTESIAN_POINT ( 'NONE',  ( -2.314149816779088376, -10.59999999999999609, 0.000000000000000000 ) ) ;
#1038 = CARTESIAN_POINT ( 'NONE',  ( 3.949999999999998845, -3.639570137611278344, -4.190450317280070003 ) ) ;
#1039 = CARTESIAN_POINT ( 'NONE',  ( 2.609625013428935159, -11.91396848853815449, 4.259572497884493991 ) ) ;
#1040 = CARTESIAN_POINT ( 'NONE',  ( -2.199999999999999734, -8.300961894323346968, 0.000000000000000000 ) ) ;
#1041 = CARTESIAN_POINT ( 'NONE',  ( -4.949999999999999289, -8.300961894323346968, 0.000000000000000000 ) ) ;
#1042 = CARTESIAN_POINT ( 'NONE',  ( -4.949999999999999289, -3.011151223315919001, -1.586721782416620874 ) ) ;
#1043 = CARTESIAN_POINT ( 'NONE',  ( -6.450000000000000178, -8.963421216868512786, 8.445798752202819060 ) ) ;
#1044 = ORIENTED_EDGE ( 'NONE', *, *, #1483, .F. ) ;
#1045 = CIRCLE ( 'NONE', #1250, 0.9119999999999995888 ) ;
#1046 = EDGE_LOOP ( 'NONE', ( #901, #1069 ) ) ;
#1047 = ORIENTED_EDGE ( 'NONE', *, *, #1611, .T. ) ;
#1048 = ORIENTED_EDGE ( 'NONE', *, *, #675, .F. ) ;
#1049 = ORIENTED_EDGE ( 'NONE', *, *, #126, .T. ) ;
#1050 = CARTESIAN_POINT ( 'NONE',  ( -4.869016231867652422, -8.963421216868512786, 8.445798752202819060 ) ) ;
#1051 = EDGE_CURVE ( 'NONE', #1523, #3593, #1801, .T. ) ;
#1052 = VERTEX_POINT ( 'NONE', #1858 ) ;
#1053 = PLANE ( 'NONE',  #1279 ) ;
#1054 = DIRECTION ( 'NONE',  ( 0.000000000000000000, 0.000000000000000000, -1.000000000000000000 ) ) ;
#1055 = LINE ( 'NONE', #530, #2536 ) ;
#1056 = AXIS2_PLACEMENT_3D ( 'NONE', #343, #925, #320 ) ;
#1057 = FACE_OUTER_BOUND ( 'NONE', #2461, .T. ) ;
#1058 = CARTESIAN_POINT ( 'NONE',  ( 6.084834813625557892, -10.02919381371227558, 8.835683101434668174 ) ) ;
#1059 = AXIS2_PLACEMENT_3D ( 'NONE', #2839, #1976, #3123 ) ;
#1060 = EDGE_CURVE ( 'NONE', #3285, #2026, #3696, .T. ) ;
#1061 = CARTESIAN_POINT ( 'NONE',  ( -1.455103583947186641, -14.45874485029322010, -1.074457769454201683 ) ) ;
#1062 = CARTESIAN_POINT ( 'NONE',  ( 3.949999999999998845, -5.299999999999998046, -3.323999999999999844 ) ) ;
#1063 = VERTEX_POINT ( 'NONE', #2960 ) ;
#1064 = ORIENTED_EDGE ( 'NONE', *, *, #1959, .T. ) ;
#1065 = ORIENTED_EDGE ( 'NONE', *, *, #792, .F. ) ;
#1066 = ORIENTED_EDGE ( 'NONE', *, *, #3236, .F. ) ;
#1067 = CARTESIAN_POINT ( 'NONE',  ( -2.150782636239554790, -10.75425173224781084, 10.59246931908756295 ) ) ;
#1068 = DIRECTION ( 'NONE',  ( 1.000000000000000000, 0.000000000000000000, 0.000000000000000000 ) ) ;
#1069 = ORIENTED_EDGE ( 'NONE', *, *, #2901, .T. ) ;
#1070 = LINE ( 'NONE', #2238, #2089 ) ;
#1071 = DIRECTION ( 'NONE',  ( -1.000000000000000000, 0.000000000000000000, 0.000000000000000000 ) ) ;
#1072 = DIRECTION ( 'NONE',  ( -1.000000000000000000, 8.761229676650544604E-17, -0.000000000000000000 ) ) ;
#1073 = ORIENTED_EDGE ( 'NONE', *, *, #1932, .F. ) ;
#1074 = CARTESIAN_POINT ( 'NONE',  ( 3.949999999999998845, -6.733087104677053958, -6.861449492586219279 ) ) ;
#1075 = EDGE_CURVE ( 'NONE', #1499, #1836, #3584, .T. ) ;
#1076 = ADVANCED_FACE ( 'NONE', ( #2374 ), #336, .T. ) ;
#1077 = FACE_OUTER_BOUND ( 'NONE', #159, .T. ) ;
#1078 = CARTESIAN_POINT ( 'NONE',  ( 2.329990527825852364, -10.58504315792847272, -4.435143161351558838 ) ) ;
#1079 = CARTESIAN_POINT ( 'NONE',  ( -6.450000000000000178, -8.300961894323346968, 8.328989300016257147 ) ) ;
#1080 = VECTOR ( 'NONE', #59, 1000.000000000000000 ) ;
#1081 = PRODUCT_DEFINITION ( 'UNKNOWN', '', #3050, #3432 ) ;
#1082 = VECTOR ( 'NONE', #976, 1000.000000000000000 ) ;
#1083 = ORIENTED_EDGE ( 'NONE', *, *, #2540, .T. ) ;
#1084 = VERTEX_POINT ( 'NONE', #1875 ) ;
#1085 = ORIENTED_EDGE ( 'NONE', *, *, #2245, .F. ) ;
#1086 = ORIENTED_EDGE ( 'NONE', *, *, #3741, .F. ) ;
#1087 = EDGE_LOOP ( 'NONE', ( #1437, #1654, #1365, #486, #13, #2549, #2637, #644 ) ) ;
#1088 = LINE ( 'NONE', #1401, #3407 ) ;
#1089 = CARTESIAN_POINT ( 'NONE',  ( -1.949999999999999512, -14.59999999999999609, 3.699999999999997069 ) ) ;
#1090 = CARTESIAN_POINT ( 'NONE',  ( -4.949999999999997513, -3.366912895322936361, -2.411999999999999478 ) ) ;
#1091 = ORIENTED_EDGE ( 'NONE', *, *, #970, .F. ) ;
#1092 = DIRECTION ( 'NONE',  ( 0.000000000000000000, -0.3391897544469196224, 0.9407179760577759620 ) ) ;
#1093 = FACE_OUTER_BOUND ( 'NONE', #2359, .T. ) ;
#1094 = EDGE_CURVE ( 'NONE', #1836, #1225, #775, .T. ) ;
#1095 = DIRECTION ( 'NONE',  ( -1.000000000000000000, -0.000000000000000000, -0.000000000000000000 ) ) ;
#1096 = CARTESIAN_POINT ( 'NONE',  ( 0.000000000000000000, -11.60000000000001030, 11.08795098915741661 ) ) ;
#1097 = MECHANICAL_DESIGN_GEOMETRIC_PRESENTATION_REPRESENTATION (  '', ( #1409 ), #192 ) ;
#1098 = CIRCLE ( 'NONE', #2809, 0.5000000000000004441 ) ;
#1099 = CARTESIAN_POINT ( 'NONE',  ( -6.450000000000000178, -7.233087104677061063, 8.648407468526123409 ) ) ;
#1100 = DIRECTION ( 'NONE',  ( 1.000000000000000000, -8.761229676650544604E-17, 0.000000000000000000 ) ) ;
#1101 = EDGE_CURVE ( 'NONE', #181, #1119, #2695, .T. ) ;
#1102 = EDGE_CURVE ( 'NONE', #798, #3087, #2958, .T. ) ;
#1103 = ORIENTED_EDGE ( 'NONE', *, *, #2972, .T. ) ;
#1104 = ORIENTED_EDGE ( 'NONE', *, *, #1337, .T. ) ;
#1105 = ORIENTED_EDGE ( 'NONE', *, *, #1075, .F. ) ;
#1106 = UNCERTAINTY_MEASURE_WITH_UNIT (LENGTH_MEASURE( 1.000000000000000082E-05 ), #3649, 'distance_accuracy_value', 'NONE');
#1107 = CARTESIAN_POINT ( 'NONE',  ( -3.963984714464243275, -8.270677951712068321, 9.339076035737354786 ) ) ;
#1108 = CARTESIAN_POINT ( 'NONE',  ( -4.834946500028377336, -7.066144138812427755, 9.126684225347574397 ) ) ;
#1109 = ORIENTED_EDGE ( 'NONE', *, *, #3138, .F. ) ;
#1110 = AXIS2_PLACEMENT_3D ( 'NONE', #2281, #3711, #2887 ) ;
#1111 = DIRECTION ( 'NONE',  ( -8.761229676650544604E-17, -1.000000000000000000, 0.000000000000000000 ) ) ;
#1112 = CYLINDRICAL_SURFACE ( 'NONE', #2557, 0.5000000000000013323 ) ;
#1113 = DIRECTION ( 'NONE',  ( 0.000000000000000000, 0.000000000000000000, 1.000000000000000000 ) ) ;
#1114 = CARTESIAN_POINT ( 'NONE',  ( 3.721890843070920774, -9.234079065603282288, 9.510045161255886725 ) ) ;
#1115 = CARTESIAN_POINT ( 'NONE',  ( 2.255755739703692697, -10.65667536211489264, 4.711822773570589540 ) ) ;
#1116 =( BOUNDED_CURVE ( )  B_SPLINE_CURVE ( 3, ( #1785, #2093, #2652, #1237 ),
 .UNSPECIFIED., .F., .F. ) 
 B_SPLINE_CURVE_WITH_KNOTS ( ( 4, 4 ),
 ( 4.712388980384689674, 4.827658463182957327 ),
 .UNSPECIFIED. ) 
 CURVE ( )  GEOMETRIC_REPRESENTATION_ITEM ( )  RATIONAL_B_SPLINE_CURVE ( ( 1.000000000000000000, 0.9988930519971322974, 0.9988930519971322974, 1.000000000000000000 ) ) 
 REPRESENTATION_ITEM ( '' )  );
#1117 = AXIS2_PLACEMENT_3D ( 'NONE', #1441, #1144, #2319 ) ;
#1118 = ORIENTED_EDGE ( 'NONE', *, *, #1710, .F. ) ;
#1119 = VERTEX_POINT ( 'NONE', #3694 ) ;
#1120 = ORIENTED_EDGE ( 'NONE', *, *, #550, .F. ) ;
#1121 = DIRECTION ( 'NONE',  ( 0.000000000000000000, 0.4999999999999999445, -0.8660254037844385966 ) ) ;
#1122 = AXIS2_PLACEMENT_3D ( 'NONE', #2677, #1176, #915 ) ;
#1123 = CARTESIAN_POINT ( 'NONE',  ( -4.949999999999999289, -8.127313716656429321, 9.313797053028467943 ) ) ;
#1124 = CARTESIAN_POINT ( 'NONE',  ( -2.553770265343974888, -10.37374972652975202, 9.785547743347722260 ) ) ;
#1125 = CARTESIAN_POINT ( 'NONE',  ( -3.080777403591584918, -11.25147312047200998, -5.288115041120641457 ) ) ;
#1126 = DIRECTION ( 'NONE',  ( -1.000000000000000000, -0.000000000000000000, -0.000000000000000000 ) ) ;
#1127 = EDGE_LOOP ( 'NONE', ( #3466, #2648, #2280, #3392 ) ) ;
#1128 = DIRECTION ( 'NONE',  ( -1.000000000000000000, -0.000000000000000000, -0.000000000000000000 ) ) ;
#1129 = LINE ( 'NONE', #2629, #914 ) ;
#1130 = EDGE_CURVE ( 'NONE', #1578, #3149, #132, .T. ) ;
#1131 = DIRECTION ( 'NONE',  ( 0.000000000000000000, 1.629370806621315981E-15, -1.000000000000000000 ) ) ;
#1132 = CARTESIAN_POINT ( 'NONE',  ( 4.950999999999999623, -11.10000000000000675, 11.58795098915740773 ) ) ;
#1133 = CARTESIAN_POINT ( 'NONE',  ( -4.613972121575767638, -9.243752744135399269, 9.560722969944233540 ) ) ;
#1134 = DIRECTION ( 'NONE',  ( -0.2384899464718452933, 0.9711449662289642903, 0.000000000000000000 ) ) ;
#1135 = AXIS2_PLACEMENT_3D ( 'NONE', #2419, #971, #3292 ) ;
#1136 = CIRCLE ( 'NONE', #2676, 1.000000000000000000 ) ;
#1137 = LINE ( 'NONE', #1394, #1992 ) ;
#1138 = CARTESIAN_POINT ( 'NONE',  ( 4.030476370306247169, -12.41775222779606658, 0.000000000000000000 ) ) ;
#1139 = ORIENTED_EDGE ( 'NONE', *, *, #2161, .F. ) ;
#1140 = ORIENTED_EDGE ( 'NONE', *, *, #1492, .T. ) ;
#1141 = VERTEX_POINT ( 'NONE', #3369 ) ;
#1142 = CARTESIAN_POINT ( 'NONE',  ( -2.863775026568838644, -11.47297468305717238, -5.025769390168080442 ) ) ;
#1143 = CARTESIAN_POINT ( 'NONE',  ( 3.000680438189951893, -11.32710089111842322, 10.29684157670539513 ) ) ;
#1144 = DIRECTION ( 'NONE',  ( -0.2374424051704076832, 0.9566438450872826182, -0.1686821208175644238 ) ) ;
#1145 = DIRECTION ( 'NONE',  ( 0.000000000000000000, 0.000000000000000000, 1.000000000000000000 ) ) ;
#1146 = CARTESIAN_POINT ( 'NONE',  ( 2.166922966065460976, -10.74961051887894925, -3.535869593670746269 ) ) ;
#1147 = EDGE_CURVE ( 'NONE', #2583, #32, #726, .T. ) ;
#1148 = ORIENTED_EDGE ( 'NONE', *, *, #892, .T. ) ;
#1149 = FACE_OUTER_BOUND ( 'NONE', #1415, .T. ) ;
#1150 = EDGE_CURVE ( 'NONE', #1531, #1233, #2197, .T. ) ;
#1151 = FACE_OUTER_BOUND ( 'NONE', #3018, .T. ) ;
#1152 = DIRECTION ( 'NONE',  ( 0.7271008911184292378, 0.6865306214108632954, 0.000000000000000000 ) ) ;
#1153 = CARTESIAN_POINT ( 'NONE',  ( -1.695519280028844555, -11.50919111100867731, -2.629213067001351600 ) ) ;
#1154 = CARTESIAN_POINT ( 'NONE',  ( -4.971107442379369523, -11.52960583392300009, 10.81616914679836050 ) ) ;
#1155 = DIRECTION ( 'NONE',  ( 1.000000000000000000, -0.000000000000000000, -0.000000000000000000 ) ) ;
#1156 = DIRECTION ( 'NONE',  ( -8.761229676650544604E-17, -1.000000000000000000, 0.000000000000000000 ) ) ;
#1157 = CARTESIAN_POINT ( 'NONE',  ( 1.593029955774380335, -11.84953612510321541, 3.342077631249762870 ) ) ;
#1158 = ORIENTED_EDGE ( 'NONE', *, *, #3216, .T. ) ;
#1159 = ORIENTED_EDGE ( 'NONE', *, *, #3287, .T. ) ;
#1160 = ORIENTED_EDGE ( 'NONE', *, *, #1796, .F. ) ;
#1161 = CARTESIAN_POINT ( 'NONE',  ( -4.949999999999997513, -5.299999999999998046, -1.500000000000000666 ) ) ;
#1162 = VECTOR ( 'NONE', #1530, 1000.000000000000114 ) ;
#1163 = B_SPLINE_CURVE_WITH_KNOTS ( 'NONE', 3,
 ( #3654, #2487, #130, #3611, #1349, #3384, #2761, #208 ),
 .UNSPECIFIED., .F., .F.,
 ( 4, 2, 2, 4 ),
 ( 0.002307760279912555654, 0.002535359629332470735, 0.002762958978752385816, 0.003218157677592213810 ),
 .UNSPECIFIED. ) ;
#1164 = DIRECTION ( 'NONE',  ( 0.000000000000000000, -1.000000000000000000, 0.000000000000000000 ) ) ;
#1165 = DIRECTION ( 'NONE',  ( 0.000000000000000000, -1.000000000000000000, -3.569419883894063799E-16 ) ) ;
#1166 = FACE_OUTER_BOUND ( 'NONE', #3342, .T. ) ;
#1167 = EDGE_CURVE ( 'NONE', #3336, #2660, #1536, .T. ) ;
#1168 = CARTESIAN_POINT ( 'NONE',  ( 0.000000000000000000, -14.59999999999999609, 11.08795098915741661 ) ) ;
#1169 = VERTEX_POINT ( 'NONE', #1935 ) ;
#1170 = VECTOR ( 'NONE', #2236, 1000.000000000000114 ) ;
#1171 = CARTESIAN_POINT ( 'NONE',  ( -4.949999999999997513, -6.733087104677056622, -0.4457410624858849091 ) ) ;
#1172 = DIRECTION ( 'NONE',  ( 1.000000000000000000, -0.000000000000000000, -0.000000000000000000 ) ) ;
#1173 = VECTOR ( 'NONE', #2032, 1000.000000000000000 ) ;
#1174 = PLANE ( 'NONE',  #556 ) ;
#1175 = CARTESIAN_POINT ( 'NONE',  ( 3.949999999999998845, -6.999936963806543844, -6.419136241810186050 ) ) ;
#1176 = DIRECTION ( 'NONE',  ( 0.000000000000000000, 0.000000000000000000, 1.000000000000000000 ) ) ;
#1177 = FACE_OUTER_BOUND ( 'NONE', #1046, .T. ) ;
#1178 = LINE ( 'NONE', #2635, #866 ) ;
#1179 = VECTOR ( 'NONE', #2520, 1000.000000000000000 ) ;
#1180 = VERTEX_POINT ( 'NONE', #3029 ) ;
#1181 = VERTEX_POINT ( 'NONE', #3675 ) ;
#1182 = VECTOR ( 'NONE', #640, 1000.000000000000000 ) ;
#1183 = ORIENTED_EDGE ( 'NONE', *, *, #1289, .F. ) ;
#1184 = CARTESIAN_POINT ( 'NONE',  ( 3.173684312292858856, -11.16375016683082322, -5.354746617448706836 ) ) ;
#1185 = ORIENTED_EDGE ( 'NONE', *, *, #1857, .F. ) ;
#1186 = AXIS2_PLACEMENT_3D ( 'NONE', #2811, #1367, #456 ) ;
#1187 = LINE ( 'NONE', #362, #1179 ) ;
#1188 = ADVANCED_FACE ( 'NONE', ( #1956 ), #2455, .F. ) ;
#1189 = CARTESIAN_POINT ( 'NONE',  ( -3.949999999999998845, -7.233087104677054846, -6.861449492586219279 ) ) ;
#1190 = CARTESIAN_POINT ( 'NONE',  ( 4.256442233104520412, -9.598556768556770535, 9.743208508740005769 ) ) ;
#1191 = CARTESIAN_POINT ( 'NONE',  ( 6.451000000000000512, -8.146263015843599575, 8.301711713854940555 ) ) ;
#1192 = ORIENTED_EDGE ( 'NONE', *, *, #1457, .F. ) ;
#1193 = DIRECTION ( 'NONE',  ( 0.000000000000000000, 0.000000000000000000, -1.000000000000000000 ) ) ;
#1194 = CARTESIAN_POINT ( 'NONE',  ( 6.133538009811411840, -9.913506665953786268, 9.990429263019505512 ) ) ;
#1195 = ADVANCED_FACE ( 'NONE', ( #2778, #1011 ), #2178, .T. ) ;
#1196 = EDGE_CURVE ( 'NONE', #2859, #2345, #3044, .T. ) ;
#1197 = CARTESIAN_POINT ( 'NONE',  ( 6.449999999999997513, -5.299999999999999822, -2.411999999999999478 ) ) ;
#1198 = CARTESIAN_POINT ( 'NONE',  ( 5.774482310579631239, -10.59999999999999964, 11.66293599610419740 ) ) ;
#1199 = CARTESIAN_POINT ( 'NONE',  ( -5.601811809778675766, -10.85636912853993685, 9.523257179010048645 ) ) ;
#1200 = CARTESIAN_POINT ( 'NONE',  ( -3.618791165388060449, -9.338898583338732351, 8.773275820308466422 ) ) ;
#1201 = DIRECTION ( 'NONE',  ( 0.000000000000000000, 0.000000000000000000, 1.000000000000000000 ) ) ;
#1202 = ORIENTED_EDGE ( 'NONE', *, *, #946, .F. ) ;
#1203 = ORIENTED_EDGE ( 'NONE', *, *, #1518, .T. ) ;
#1204 = ORIENTED_EDGE ( 'NONE', *, *, #2696, .F. ) ;
#1205 = EDGE_CURVE ( 'NONE', #599, #2701, #856, .T. ) ;
#1206 = CARTESIAN_POINT ( 'NONE',  ( -6.450000000000001066, -5.299999999999998046, -1.500000000000000888 ) ) ;
#1207 = ORIENTED_EDGE ( 'NONE', *, *, #675, .T. ) ;
#1208 = CYLINDRICAL_SURFACE ( 'NONE', #1501, 2.190625000000015365 ) ;
#1209 = DIRECTION ( 'NONE',  ( 1.000000000000000000, -1.596161054396002134E-16, 0.000000000000000000 ) ) ;
#1210 = CARTESIAN_POINT ( 'NONE',  ( 4.949999999999999289, -8.350878728016986940, 9.353217596473724527 ) ) ;
#1211 = CARTESIAN_POINT ( 'NONE',  ( 1.962794740205022537, -11.00786320092976744, -3.092846540149601697 ) ) ;
#1212 = ORIENTED_EDGE ( 'NONE', *, *, #1276, .F. ) ;
#1213 = DIRECTION ( 'NONE',  ( 0.000000000000000000, 0.000000000000000000, 1.000000000000000000 ) ) ;
#1214 = CARTESIAN_POINT ( 'NONE',  ( -5.763512910608839412, -10.61725123355823719, 11.73634588877791352 ) ) ;
#1215 = FACE_OUTER_BOUND ( 'NONE', #1636, .T. ) ;
#1216 = DIRECTION ( 'NONE',  ( 0.000000000000000000, 0.000000000000000000, -1.000000000000000000 ) ) ;
#1217 = CARTESIAN_POINT ( 'NONE',  ( -5.733966313455802322, -10.67375194474949041, 9.324234727657374933 ) ) ;
#1218 = ADVANCED_FACE ( 'NONE', ( #189, #1629 ), #497, .F. ) ;
#1219 = CARTESIAN_POINT ( 'NONE',  ( -3.937433766819371517, -8.565523156577036445, 9.391065200487568987 ) ) ;
#1220 = EDGE_CURVE ( 'NONE', #276, #3336, #2274, .T. ) ;
#1221 = DIRECTION ( 'NONE',  ( 0.000000000000000000, 1.000000000000000000, 0.000000000000000000 ) ) ;
#1222 = ORIENTED_EDGE ( 'NONE', *, *, #3639, .F. ) ;
#1223 = ORIENTED_EDGE ( 'NONE', *, *, #2848, .T. ) ;
#1224 = EDGE_CURVE ( 'NONE', #2271, #3644, #3388, .T. ) ;
#1225 = VERTEX_POINT ( 'NONE', #1042 ) ;
#1226 = AXIS2_PLACEMENT_3D ( 'NONE', #688, #935, #3539 ) ;
#1227 = ADVANCED_FACE ( 'NONE', ( #2212 ), #264, .F. ) ;
#1228 = EDGE_CURVE ( 'NONE', #3358, #3227, #2911, .T. ) ;
#1229 = CARTESIAN_POINT ( 'NONE',  ( -5.782336559964174505, -10.58790330481495978, 11.32439987520814562 ) ) ;
#1230 = CARTESIAN_POINT ( 'NONE',  ( 4.949999999999997513, -5.299999999999999822, -2.411999999999999478 ) ) ;
#1231 =( BOUNDED_SURFACE ( )  B_SPLINE_SURFACE ( 3, 2, ( 
 ( #2806, #2844, #1923 ),
 ( #1618, #1343, #3056 ),
 ( #1067, #3341, #2825 ),
 ( #449, #505, #1400 ),
 ( #3416, #1696, #197 ),
 ( #2220, #218, #3702 ) ),
 .UNSPECIFIED., .F., .F., .F. ) 
 B_SPLINE_SURFACE_WITH_KNOTS ( ( 4, 2, 4 ),
 ( 3, 3 ),
 ( 0.000000000000000000, 0.4681886513960586971, 0.9363773027921173941 ),
 ( 0.000000000000000000, 1.000000000000000000 ),
 .UNSPECIFIED. ) 
 GEOMETRIC_REPRESENTATION_ITEM ( )  RATIONAL_B_SPLINE_SURFACE ( (
 ( 1.000000000000000000, 0.9292741498391176025, 1.000000000000000000),
 ( 1.000000000000000000, 0.9292924659863059933, 1.000000000000000000),
 ( 1.000000000000000000, 0.9220792570310357705, 1.000000000000000000),
 ( 1.000000000000000000, 0.8938808192453667756, 1.000000000000000000),
 ( 1.000000000000000000, 0.8728930858832918416, 1.000000000000000000),
 ( 1.000000000000000000, 0.8458604322079346094, 1.000000000000000000) ) ) 
 REPRESENTATION_ITEM ( '' )  SURFACE ( )  );
#1232 = DIRECTION ( 'NONE',  ( 1.000000000000000000, 0.000000000000000000, 0.000000000000000000 ) ) ;
#1233 = VERTEX_POINT ( 'NONE', #1448 ) ;
#1234 = FACE_OUTER_BOUND ( 'NONE', #1672, .T. ) ;
#1235 = CARTESIAN_POINT ( 'NONE',  ( 2.722654958085629850, -11.68183653627176533, 4.701226204127805453 ) ) ;
#1236 = VECTOR ( 'NONE', #1100, 1000.000000000000000 ) ;
#1237 = CARTESIAN_POINT ( 'NONE',  ( 6.421796260437353077, -8.789773039201598692, 9.430606505215031632 ) ) ;
#1238 = DIRECTION ( 'NONE',  ( 5.414014760983162593E-17, -0.3391897544469196224, 0.9407179760577759620 ) ) ;
#1239 = CARTESIAN_POINT ( 'NONE',  ( 2.976322163284486511, -9.974775085438041700, 9.313552356858423309 ) ) ;
#1240 = EDGE_CURVE ( 'NONE', #1358, #181, #3199, .T. ) ;
#1241 = DIRECTION ( 'NONE',  ( 0.000000000000000000, -1.629370806621315981E-15, 1.000000000000000000 ) ) ;
#1242 = DIRECTION ( 'NONE',  ( -1.000000000000000000, 0.000000000000000000, 0.000000000000000000 ) ) ;
#1243 = VECTOR ( 'NONE', #1608, 1000.000000000000000 ) ;
#1244 = ORIENTED_EDGE ( 'NONE', *, *, #2200, .T. ) ;
#1245 = DIRECTION ( 'NONE',  ( 0.000000000000000000, 0.000000000000000000, -1.000000000000000000 ) ) ;
#1246 = ORIENTED_EDGE ( 'NONE', *, *, #451, .F. ) ;
#1247 = VECTOR ( 'NONE', #57, 1000.000000000000000 ) ;
#1248 = EDGE_CURVE ( 'NONE', #3549, #599, #2879, .T. ) ;
#1249 = EDGE_CURVE ( 'NONE', #1775, #796, #79, .T. ) ;
#1250 = AXIS2_PLACEMENT_3D ( 'NONE', #662, #2697, #1221 ) ;
#1251 = DIRECTION ( 'NONE',  ( 0.000000000000000000, 0.000000000000000000, -1.000000000000000000 ) ) ;
#1252 = CARTESIAN_POINT ( 'NONE',  ( 5.949999999999998401, -5.299999999999998046, 0.02108710467706382055 ) ) ;
#1253 = ORIENTED_EDGE ( 'NONE', *, *, #1150, .T. ) ;
#1254 =( BOUNDED_CURVE ( )  B_SPLINE_CURVE ( 3, ( #840, #3150, #1184, #318 ),
 .UNSPECIFIED., .F., .T. ) 
 B_SPLINE_CURVE_WITH_KNOTS ( ( 4, 4 ),
 ( 0.7567067142714414274, 1.085692418789583114 ),
 .UNSPECIFIED. ) 
 CURVE ( )  GEOMETRIC_REPRESENTATION_ITEM ( )  RATIONAL_B_SPLINE_CURVE ( ( 1.000000000000000000, 0.9910010191257063727, 0.9910010191257063727, 1.000000000000000000 ) ) 
 REPRESENTATION_ITEM ( '' )  );
#1255 = DIRECTION ( 'NONE',  ( 0.000000000000000000, -3.469446951953598806E-15, -1.000000000000000000 ) ) ;
#1256 = CARTESIAN_POINT ( 'NONE',  ( -4.949999999999997513, -5.299999999999998046, 0.02108710467706208583 ) ) ;
#1257 = AXIS2_PLACEMENT_3D ( 'NONE', #2373, #576, #3503 ) ;
#1258 = LINE ( 'NONE', #635, #2221 ) ;
#1259 = CARTESIAN_POINT ( 'NONE',  ( 4.949999999999998401, -7.146263015843597799, 9.140811345032231472 ) ) ;
#1260 = ADVANCED_FACE ( 'NONE', ( #3424 ), #1112, .T. ) ;
#1261 = CARTESIAN_POINT ( 'NONE',  ( -3.721890843070920774, -9.234079065603282288, 9.510045161255886725 ) ) ;
#1262 = DIRECTION ( 'NONE',  ( -1.000000000000000000, -0.000000000000000000, -0.000000000000000000 ) ) ;
#1263 = ORIENTED_EDGE ( 'NONE', *, *, #3302, .T. ) ;
#1264 = ORIENTED_EDGE ( 'NONE', *, *, #690, .F. ) ;
#1265 = ORIENTED_EDGE ( 'NONE', *, *, #437, .F. ) ;
#1266 = CLOSED_SHELL ( 'NONE', ( #777, #853, #3107, #969, #2976, #1323, #203, #2065, #1277, #1994, #3338, #601, #1339, #1802, #2646, #821, #17, #3181, #2690, #396, #2627, #1315, #585, #409, #2994, #2230, #1604, #1755, #3667, #2229, #1664, #2979, #992, #3643, #1534, #2020, #328, #1188, #168, #3499, #2566, #1227, #2974, #483, #2980, #3332, #2720, #2568, #103, #2355, #2320, #2296, #3251, #1769, #2162, #1260, #2386, #3500, #1218, #2945, #2664, #1010, #49, #526, #1803, #658, #673, #2607, #2028, #3276, #1566, #2453, #1842, #2702, #910, #545, #919, #2827, #2995, #1314, #3020, #263, #827, #2354, #150, #1336, #930, #565, #1389, #2371, #438, #1076, #2321, #1682, #1873, #1195, #3385, #3255, #266, #1540, #499, #468, #1332, #802, #3543, #1603, #874, #3641, #1880 ) ) ;
#1267 = CARTESIAN_POINT ( 'NONE',  ( -3.240300886754839738, -11.10085061764817738, 9.785547743347727589 ) ) ;
#1268 = CARTESIAN_POINT ( 'NONE',  ( -4.087959208879875739, -10.30048934489902557, -5.809784719717332457 ) ) ;
#1269 = ORIENTED_EDGE ( 'NONE', *, *, #2898, .F. ) ;
#1270 = AXIS2_PLACEMENT_3D ( 'NONE', #457, #1950, #3099 ) ;
#1271 = PLANE ( 'NONE',  #169 ) ;
#1272 = CARTESIAN_POINT ( 'NONE',  ( 2.772986293234238175, -11.59999999999999964, 5.199999999999997513 ) ) ;
#1273 = EDGE_CURVE ( 'NONE', #2857, #2099, #1993, .T. ) ;
#1274 = AXIS2_PLACEMENT_3D ( 'NONE', #1610, #2764, #170 ) ;
#1275 = CARTESIAN_POINT ( 'NONE',  ( 2.787640906056642276, -11.57585138820379989, 11.13638060509849304 ) ) ;
#1276 = EDGE_CURVE ( 'NONE', #1569, #377, #3566, .T. ) ;
#1277 = ADVANCED_FACE ( 'NONE', ( #1703 ), #850, .T. ) ;
#1278 = DIRECTION ( 'NONE',  ( 0.000000000000000000, 0.000000000000000000, -1.000000000000000000 ) ) ;
#1279 = AXIS2_PLACEMENT_3D ( 'NONE', #1021, #2223, #3381 ) ;
#1280 = CARTESIAN_POINT ( 'NONE',  ( 4.646099569455548028, -9.773491711886789446, -6.087573305430415083 ) ) ;
#1281 = DIRECTION ( 'NONE',  ( 0.000000000000000000, 0.000000000000000000, -1.000000000000000000 ) ) ;
#1282 = ORIENTED_EDGE ( 'NONE', *, *, #1652, .F. ) ;
#1283 = VERTEX_POINT ( 'NONE', #2264 ) ;
#1284 = CARTESIAN_POINT ( 'NONE',  ( 3.401428587469011333, -9.573388453780596663, -5.062630244401820967 ) ) ;
#1285 = DIRECTION ( 'NONE',  ( -1.000000000000000000, 8.761229676650544604E-17, -0.000000000000000000 ) ) ;
#1286 = LINE ( 'NONE', #3024, #1162 ) ;
#1287 = ORIENTED_EDGE ( 'NONE', *, *, #2009, .F. ) ;
#1288 = CARTESIAN_POINT ( 'NONE',  ( -2.314149816779088376, -10.59999999999999609, 10.52715123497322658 ) ) ;
#1289 = EDGE_CURVE ( 'NONE', #2917, #3127, #534, .T. ) ;
#1290 = VECTOR ( 'NONE', #1443, 999.9999999999998863 ) ;
#1291 = CARTESIAN_POINT ( 'NONE',  ( -1.578323198096190261, -11.88165835477635923, -2.432879834384589213 ) ) ;
#1292 = DIRECTION ( 'NONE',  ( -1.000000000000000000, 0.000000000000000000, 0.000000000000000000 ) ) ;
#1293 = B_SPLINE_CURVE_WITH_KNOTS ( 'NONE', 3,
 ( #1733, #2601, #279, #256, #1986, #1969 ),
 .UNSPECIFIED., .F., .F.,
 ( 4, 2, 4 ),
 ( 0.000000000000000000, 0.0005770312427118298943, 0.001154062485423659789 ),
 .UNSPECIFIED. ) ;
#1294 = DIRECTION ( 'NONE',  ( 1.571911781425326862E-16, 0.9848077530122101297, -0.1736481776669186461 ) ) ;
#1295 = FACE_OUTER_BOUND ( 'NONE', #56, .T. ) ;
#1296 = EDGE_LOOP ( 'NONE', ( #348, #797, #3760, #1466, #3410, #215 ) ) ;
#1297 = ORIENTED_EDGE ( 'NONE', *, *, #1653, .T. ) ;
#1298 = CIRCLE ( 'NONE', #2763, 0.9119999999999991447 ) ;
#1299 = ORIENTED_EDGE ( 'NONE', *, *, #1273, .T. ) ;
#1300 = CARTESIAN_POINT ( 'NONE',  ( 3.756608816926257699, -9.238026323681900465, -5.239404798946508457 ) ) ;
#1301 = CARTESIAN_POINT ( 'NONE',  ( 4.950999999999999623, -7.146263015843597799, 9.140811345032231472 ) ) ;
#1302 = CARTESIAN_POINT ( 'NONE',  ( -0.4999999999999995559, -11.10000000000000675, 12.08795098915741306 ) ) ;
#1303 = EDGE_CURVE ( 'NONE', #798, #1881, #309, .T. ) ;
#1304 = ORIENTED_EDGE ( 'NONE', *, *, #2191, .T. ) ;
#1305 = DIRECTION ( 'NONE',  ( -1.000000000000000000, 0.000000000000000000, 0.000000000000000000 ) ) ;
#1306 = DIRECTION ( 'NONE',  ( -0.000000000000000000, -0.000000000000000000, -1.000000000000000000 ) ) ;
#1307 = AXIS2_PLACEMENT_3D ( 'NONE', #1915, #3068, #1334 ) ;
#1308 = CARTESIAN_POINT ( 'NONE',  ( 2.314149816779088376, -10.59999999999999609, 5.199999999999997513 ) ) ;
#1309 = VECTOR ( 'NONE', #3735, 1000.000000000000114 ) ;
#1310 = CARTESIAN_POINT ( 'NONE',  ( -6.103897328211507656, -6.733087104677054846, -4.355437917898684397 ) ) ;
#1311 = AXIS2_PLACEMENT_3D ( 'NONE', #433, #2978, #1905 ) ;
#1312 = DIRECTION ( 'NONE',  ( -1.000000000000000000, 0.000000000000000000, 0.000000000000000000 ) ) ;
#1313 = VECTOR ( 'NONE', #1517, 1000.000000000000000 ) ;
#1314 = ADVANCED_FACE ( 'NONE', ( #24 ), #1174, .F. ) ;
#1315 = ADVANCED_FACE ( 'NONE', ( #1722 ), #2869, .F. ) ;
#1316 = CARTESIAN_POINT ( 'NONE',  ( 2.657856588928503072, -11.80981164222225210, -3.214782858463210768 ) ) ;
#1317 = FACE_OUTER_BOUND ( 'NONE', #1087, .T. ) ;
#1318 = ORIENTED_EDGE ( 'NONE', *, *, #186, .F. ) ;
#1319 = ORIENTED_EDGE ( 'NONE', *, *, #48, .T. ) ;
#1320 = VERTEX_POINT ( 'NONE', #3731 ) ;
#1321 = ORIENTED_EDGE ( 'NONE', *, *, #573, .T. ) ;
#1322 = DIRECTION ( 'NONE',  ( 0.000000000000000000, 3.569419883894063799E-16, -1.000000000000000000 ) ) ;
#1323 = ADVANCED_FACE ( 'NONE', ( #2854 ), #1391, .T. ) ;
#1324 = FACE_OUTER_BOUND ( 'NONE', #294, .T. ) ;
#1325 = ORIENTED_EDGE ( 'NONE', *, *, #3409, .F. ) ;
#1326 = CIRCLE ( 'NONE', #2605, 0.9119999999999995888 ) ;
#1327 = DIRECTION ( 'NONE',  ( -1.000000000000000000, 8.761229676650544604E-17, -0.000000000000000000 ) ) ;
#1328 = CARTESIAN_POINT ( 'NONE',  ( -6.398052839826221749, -8.963421216868512786, 8.445798752202819060 ) ) ;
#1329 = VECTOR ( 'NONE', #3037, 1000.000000000000114 ) ;
#1330 = CARTESIAN_POINT ( 'NONE',  ( 4.950999999999999623, -12.40054957738846220, -2.659364262702692105 ) ) ;
#1331 = DIRECTION ( 'NONE',  ( -1.000000000000000000, -0.000000000000000000, -0.000000000000000000 ) ) ;
#1332 = ADVANCED_FACE ( 'NONE', ( #2992 ), #2931, .F. ) ;
#1333 = CARTESIAN_POINT ( 'NONE',  ( 2.573758920962800456, -12.06001730808829819, -2.905361833170860830 ) ) ;
#1334 = DIRECTION ( 'NONE',  ( 0.000000000000000000, -3.469446951953598806E-15, -1.000000000000000000 ) ) ;
#1335 = ORIENTED_EDGE ( 'NONE', *, *, #3529, .T. ) ;
#1336 = ADVANCED_FACE ( 'NONE', ( #64, #1215 ), #3578, .F. ) ;
#1337 = EDGE_CURVE ( 'NONE', #2336, #487, #1573, .T. ) ;
#1338 = ORIENTED_EDGE ( 'NONE', *, *, #269, .T. ) ;
#1339 = ADVANCED_FACE ( 'NONE', ( #2142 ), #2388, .T. ) ;
#1340 = EDGE_LOOP ( 'NONE', ( #3619, #3109, #94, #1357 ) ) ;
#1341 = VERTEX_POINT ( 'NONE', #45 ) ;
#1342 = ORIENTED_EDGE ( 'NONE', *, *, #3200, .F. ) ;
#1343 = CARTESIAN_POINT ( 'NONE',  ( -2.314149816783189095, -10.59999999999654285, 11.18020059237474761 ) ) ;
#1344 = SHAPE_DEFINITION_REPRESENTATION ( #3052, #2500 ) ;
#1345 = EDGE_LOOP ( 'NONE', ( #3269, #669, #176, #997, #2402 ) ) ;
#1346 = FACE_OUTER_BOUND ( 'NONE', #3506, .T. ) ;
#1347 = CARTESIAN_POINT ( 'NONE',  ( 2.553770265343974888, -10.37374972652975202, 9.785547743347722260 ) ) ;
#1348 = CARTESIAN_POINT ( 'NONE',  ( 6.451000000000001400, -10.59999999999999787, 11.58795098915740773 ) ) ;
#1349 = CARTESIAN_POINT ( 'NONE',  ( 6.291786412037236431, -6.733087104677055734, -0.6076716555619489091 ) ) ;
#1350 = CARTESIAN_POINT ( 'NONE',  ( 5.601811809778675766, -10.85636912853993685, 9.523257179010048645 ) ) ;
#1351 =( BOUNDED_CURVE ( )  B_SPLINE_CURVE ( 3, ( #33, #2940, #14, #1438 ),
 .UNSPECIFIED., .F., .T. ) 
 B_SPLINE_CURVE_WITH_KNOTS ( ( 4, 4 ),
 ( 4.712388980384689674, 5.558480784965925459 ),
 .UNSPECIFIED. ) 
 CURVE ( )  GEOMETRIC_REPRESENTATION_ITEM ( )  RATIONAL_B_SPLINE_CURVE ( ( 1.000000000000000000, 0.9412284720914849689, 0.9412284720914849689, 1.000000000000000000 ) ) 
 REPRESENTATION_ITEM ( '' )  );
#1352 = CARTESIAN_POINT ( 'NONE',  ( 2.548813998891941601, -12.16159448507403340, -2.807633658869580273 ) ) ;
#1353 = LINE ( 'NONE', #3389, #346 ) ;
#1354 = EDGE_LOOP ( 'NONE', ( #3447, #806, #2821, #1299 ) ) ;
#1355 = EDGE_CURVE ( 'NONE', #760, #2573, #82, .T. ) ;
#1356 = VECTOR ( 'NONE', #180, 1000.000000000000000 ) ;
#1357 = ORIENTED_EDGE ( 'NONE', *, *, #2294, .T. ) ;
#1358 = VERTEX_POINT ( 'NONE', #2072 ) ;
#1359 = ORIENTED_EDGE ( 'NONE', *, *, #716, .F. ) ;
#1360 = EDGE_LOOP ( 'NONE', ( #3661, #581, #994, #1148 ) ) ;
#1361 = CARTESIAN_POINT ( 'NONE',  ( -1.532106518243486315, -12.32748549913100256, -2.197877465977551292 ) ) ;
#1362 = VECTOR ( 'NONE', #2488, 1000.000000000000000 ) ;
#1363 = EDGE_CURVE ( 'NONE', #1036, #2147, #1116, .T. ) ;
#1364 = EDGE_CURVE ( 'NONE', #981, #1902, #2863, .T. ) ;
#1365 = ORIENTED_EDGE ( 'NONE', *, *, #451, .T. ) ;
#1366 = CARTESIAN_POINT ( 'NONE',  ( -4.949999999999997513, -5.299999999999998934, -2.411999999999999478 ) ) ;
#1367 = DIRECTION ( 'NONE',  ( -1.000000000000000000, 8.761229676650544604E-17, -0.000000000000000000 ) ) ;
#1368 = CARTESIAN_POINT ( 'NONE',  ( -2.711654458772685405, -10.60000000000000497, 11.58795098915740773 ) ) ;
#1369 = ORIENTED_EDGE ( 'NONE', *, *, #1224, .T. ) ;
#1370 = CARTESIAN_POINT ( 'NONE',  ( -6.450000000000018829, -6.733087104677054846, -3.862777023832760559 ) ) ;
#1371 = CARTESIAN_POINT ( 'NONE',  ( -6.450000000000000178, -8.300961894323346968, 8.328989300016257147 ) ) ;
#1372 = CIRCLE ( 'NONE', #1059, 0.5000000000000038858 ) ;
#1373 = AXIS2_PLACEMENT_3D ( 'NONE', #1748, #3716, #2013 ) ;
#1374 = CARTESIAN_POINT ( 'NONE',  ( -6.451000000000000512, -6.733087104677059287, 8.648407468526123409 ) ) ;
#1375 = CYLINDRICAL_SURFACE ( 'NONE', #2581, 2.433087104677061685 ) ;
#1376 = ORIENTED_EDGE ( 'NONE', *, *, #3359, .T. ) ;
#1377 = ORIENTED_EDGE ( 'NONE', *, *, #3137, .F. ) ;
#1378 = ORIENTED_EDGE ( 'NONE', *, *, #3579, .T. ) ;
#1379 = ORIENTED_EDGE ( 'NONE', *, *, #293, .T. ) ;
#1380 = CARTESIAN_POINT ( 'NONE',  ( -4.801872265880989588, -9.233940974069383856, 8.493498684212028138 ) ) ;
#1381 = VERTEX_POINT ( 'NONE', #3518 ) ;
#1382 = CARTESIAN_POINT ( 'NONE',  ( -2.106250414532498283, -10.81758107679997849, 4.262403192117558248 ) ) ;
#1383 = CARTESIAN_POINT ( 'NONE',  ( 4.950999999999999623, -11.59999999999999787, -3.986304015030786907 ) ) ;
#1384 = FACE_OUTER_BOUND ( 'NONE', #2102, .T. ) ;
#1385 = ORIENTED_EDGE ( 'NONE', *, *, #666, .F. ) ;
#1386 = CARTESIAN_POINT ( 'NONE',  ( -6.421796260437353077, -8.789773039201598692, 9.430606505215031632 ) ) ;
#1387 = LINE ( 'NONE', #3423, #1856 ) ;
#1388 = APPLICATION_CONTEXT ( 'automotive_design' ) ;
#1389 = ADVANCED_FACE ( 'NONE', ( #385 ), #656, .F. ) ;
#1390 = EDGE_CURVE ( 'NONE', #482, #1320, #1258, .T. ) ;
#1391 = CYLINDRICAL_SURFACE ( 'NONE', #1900, 0.5000000000000038858 ) ;
#1392 = DIRECTION ( 'NONE',  ( 0.000000000000000000, 3.569419883894063799E-16, -1.000000000000000000 ) ) ;
#1393 = VECTOR ( 'NONE', #715, 1000.000000000000000 ) ;
#1394 = CARTESIAN_POINT ( 'NONE',  ( -4.950999999999999623, -5.299999999999998046, -4.845087104677062051 ) ) ;
#1395 = DIRECTION ( 'NONE',  ( 1.000000000000000000, -0.000000000000000000, -0.000000000000000000 ) ) ;
#1396 =( BOUNDED_CURVE ( )  B_SPLINE_CURVE ( 3, ( #3744, #1125, #2301, #564 ),
 .UNSPECIFIED., .F., .T. ) 
 B_SPLINE_CURVE_WITH_KNOTS ( ( 4, 4 ),
 ( 0.7567067142714414274, 1.085692418789583114 ),
 .UNSPECIFIED. ) 
 CURVE ( )  GEOMETRIC_REPRESENTATION_ITEM ( )  RATIONAL_B_SPLINE_CURVE ( ( 1.000000000000000000, 0.9910010191257063727, 0.9910010191257063727, 1.000000000000000000 ) ) 
 REPRESENTATION_ITEM ( '' )  );
#1397 = ORIENTED_EDGE ( 'NONE', *, *, #174, .T. ) ;
#1398 = VERTEX_POINT ( 'NONE', #1854 ) ;
#1399 = ORIENTED_EDGE ( 'NONE', *, *, #716, .T. ) ;
#1400 = CARTESIAN_POINT ( 'NONE',  ( -3.313280635793208972, -10.20998237243485640, 10.29430124223892307 ) ) ;
#1401 = CARTESIAN_POINT ( 'NONE',  ( -4.950999999999999623, -6.762728116648171195, 8.818002345749585302 ) ) ;
#1402 = CARTESIAN_POINT ( 'NONE',  ( -3.401428587469011333, -9.573388453780596663, 9.018169981923099598 ) ) ;
#1403 = CARTESIAN_POINT ( 'NONE',  ( 4.087959208879874851, -10.30048934489902557, 9.018169981923099598 ) ) ;
#1404 = ORIENTED_EDGE ( 'NONE', *, *, #995, .T. ) ;
#1405 = DIRECTION ( 'NONE',  ( -0.000000000000000000, 0.7309439575185777693, 0.6824374923515555968 ) ) ;
#1406 = AXIS2_PLACEMENT_3D ( 'NONE', #2631, #1691, #1975 ) ;
#1407 = CARTESIAN_POINT ( 'NONE',  ( -1.645739343164441593, -11.66739943651795386, -2.545819016936922363 ) ) ;
#1408 = CARTESIAN_POINT ( 'NONE',  ( -6.450000000000001066, -5.299999999999998046, -1.500000000000000888 ) ) ;
#1409 = STYLED_ITEM ( 'NONE', ( #1583 ), #2500 ) ;
#1410 = AXIS2_PLACEMENT_3D ( 'NONE', #2685, #2966, #363 ) ;
#1411 = DIRECTION ( 'NONE',  ( -1.000000000000000000, 8.761229676650544604E-17, -0.000000000000000000 ) ) ;
#1412 = DIRECTION ( 'NONE',  ( -1.000000000000000000, 8.761229676650544604E-17, -0.000000000000000000 ) ) ;
#1413 = ORIENTED_EDGE ( 'NONE', *, *, #2514, .F. ) ;
#1414 = ORIENTED_EDGE ( 'NONE', *, *, #1647, .F. ) ;
#1415 = EDGE_LOOP ( 'NONE', ( #897, #2234, #2805, #1066, #3719 ) ) ;
#1416 = VERTEX_POINT ( 'NONE', #353 ) ;
#1417 = DIRECTION ( 'NONE',  ( 0.000000000000000000, 1.000000000000000000, 0.000000000000000000 ) ) ;
#1418 = AXIS2_PLACEMENT_3D ( 'NONE', #248, #3483, #3736 ) ;
#1419 = CARTESIAN_POINT ( 'NONE',  ( -4.922743977948705663, -8.573306576252598177, 9.392437627378587450 ) ) ;
#1420 = CARTESIAN_POINT ( 'NONE',  ( 4.950999999999999623, -6.733087104677053958, -7.078677163997933341 ) ) ;
#1421 = CARTESIAN_POINT ( 'NONE',  ( 4.949999999999998401, -8.127313716656429321, 9.313797053028469719 ) ) ;
#1422 = CARTESIAN_POINT ( 'NONE',  ( 5.117755140996171015, -11.39114068157666892, 11.99444465888804601 ) ) ;
#1423 = ORIENTED_EDGE ( 'NONE', *, *, #605, .T. ) ;
#1424 = VECTOR ( 'NONE', #2073, 1000.000000000000000 ) ;
#1425 = CARTESIAN_POINT ( 'NONE',  ( 5.949999999999998401, -5.299999999999999822, -2.411999999999999478 ) ) ;
#1426 = B_SPLINE_CURVE_WITH_KNOTS ( 'NONE', 3,
 ( #630, #2046, #886, #1485, #1211, #2865, #1146, #1735, #3193, #303 ),
 .UNSPECIFIED., .F., .F.,
 ( 4, 2, 2, 2, 4 ),
 ( 0.000000000000000000, 0.0005478817906213041648, 0.001095763581242608330, 0.001643645371863912494, 0.002191527162485216659 ),
 .UNSPECIFIED. ) ;
#1427 = CARTESIAN_POINT ( 'NONE',  ( 4.922743977948705663, -8.573306576252598177, 9.392437627378587450 ) ) ;
#1429 = CARTESIAN_POINT ( 'NONE',  ( 4.950999999999999623, -11.10000000000000675, 11.58795098915740773 ) ) ;
#1428 = CIRCLE ( 'NONE', #1924, 0.5000000000000004441 ) ;
#1430 = CARTESIAN_POINT ( 'NONE',  ( -4.832461989963905857, -8.890889545612715494, 9.448436073490286802 ) ) ;
#1431 = DIRECTION ( 'NONE',  ( 0.000000000000000000, 0.000000000000000000, 1.000000000000000000 ) ) ;
#1432 = CARTESIAN_POINT ( 'NONE',  ( 3.618791165388060449, -9.338898583338732351, 8.773275820308466422 ) ) ;
#1433 = CARTESIAN_POINT ( 'NONE',  ( -4.087959208879875739, -10.30048934489902557, 9.018169981923104928 ) ) ;
#1434 = EDGE_LOOP ( 'NONE', ( #2529, #178, #2874, #743, #162, #1639, #3118, #1860 ) ) ;
#1435 = ORIENTED_EDGE ( 'NONE', *, *, #1467, .F. ) ;
#1436 = ORIENTED_EDGE ( 'NONE', *, *, #2213, .T. ) ;
#1437 = ORIENTED_EDGE ( 'NONE', *, *, #1718, .F. ) ;
#1438 = CARTESIAN_POINT ( 'NONE',  ( -4.287085751233932207, -6.762728116648171195, 8.818002345749585302 ) ) ;
#1439 = CIRCLE ( 'NONE', #3268, 0.5000000000000013323 ) ;
#1440 = FACE_OUTER_BOUND ( 'NONE', #1340, .T. ) ;
#1441 = CARTESIAN_POINT ( 'NONE',  ( -4.869016231867652422, -8.963421216868507457, 8.445798752202813731 ) ) ;
#1442 = CARTESIAN_POINT ( 'NONE',  ( 4.785841074055331212, -8.984601109586668244, 9.472179147975754887 ) ) ;
#1443 = DIRECTION ( 'NONE',  ( 0.000000000000000000, 0.8846265015520631270, -0.4663002817410233369 ) ) ;
#1444 = EDGE_LOOP ( 'NONE', ( #2060, #1619, #1321, #2313, #2270, #2938, #414, #1782 ) ) ;
#1445 = CARTESIAN_POINT ( 'NONE',  ( -3.000680438189951893, -11.32710089111842322, 0.000000000000000000 ) ) ;
#1446 = CARTESIAN_POINT ( 'NONE',  ( -2.772986293234246613, -11.59999999999999787, -3.986304015030786907 ) ) ;
#1447 = AXIS2_PLACEMENT_3D ( 'NONE', #2753, #1598, #1922 ) ;
#1448 = CARTESIAN_POINT ( 'NONE',  ( -4.949999999999999289, -6.733087104677059287, 8.648407468526123409 ) ) ;
#1449 = CARTESIAN_POINT ( 'NONE',  ( -6.451000000000000512, -8.233087104677061063, 7.809307837348835157 ) ) ;
#1450 = CARTESIAN_POINT ( 'NONE',  ( -6.398052839826221749, -8.963421216868512786, 8.445798752202819060 ) ) ;
#1451 = AXIS2_PLACEMENT_3D ( 'NONE', #2415, #160, #2150 ) ;
#1452 = VECTOR ( 'NONE', #92, 1000.000000000000000 ) ;
#1453 = CARTESIAN_POINT ( 'NONE',  ( 3.856264813865668550, -8.892548900776388265, 8.492909348698026051 ) ) ;
#1454 = DIRECTION ( 'NONE',  ( 0.000000000000000000, 0.7309439575185777693, 0.6824374923515555968 ) ) ;
#1455 = ORIENTED_EDGE ( 'NONE', *, *, #2401, .F. ) ;
#1456 = ORIENTED_EDGE ( 'NONE', *, *, #3395, .F. ) ;
#1457 = EDGE_CURVE ( 'NONE', #3399, #3644, #298, .T. ) ;
#1458 = VERTEX_POINT ( 'NONE', #891 ) ;
#1459 = DIRECTION ( 'NONE',  ( 0.000000000000000000, 0.000000000000000000, 1.000000000000000000 ) ) ;
#1460 = AXIS2_PLACEMENT_3D ( 'NONE', #2056, #47, #1241 ) ;
#1461 = CARTESIAN_POINT ( 'NONE',  ( -5.984076285685270058, -10.23704847023278930, 10.37377150992577235 ) ) ;
#1462 = CARTESIAN_POINT ( 'NONE',  ( 2.314149816779088376, -10.59999999999999609, -4.261854658931081730 ) ) ;
#1463 = CARTESIAN_POINT ( 'NONE',  ( 4.922871768584276886, -8.572791714038313415, 9.392346843278863489 ) ) ;
#1464 = CARTESIAN_POINT ( 'NONE',  ( -6.450000000000000178, -7.233087104677055734, -8.361449492586219279 ) ) ;
#1465 = AXIS2_PLACEMENT_3D ( 'NONE', #3401, #3115, #2533 ) ;
#1466 = ORIENTED_EDGE ( 'NONE', *, *, #871, .F. ) ;
#1467 = EDGE_CURVE ( 'NONE', #1523, #408, #3219, .T. ) ;
#1468 = CARTESIAN_POINT ( 'NONE',  ( 3.937433766819323999, -8.565523156577025787, 9.391065200487608067 ) ) ;
#1469 = LINE ( 'NONE', #1784, #508 ) ;
#1470 = DIRECTION ( 'NONE',  ( -0.000000000000000000, 1.000000000000000000, 0.000000000000000000 ) ) ;
#1471 = DIRECTION ( 'NONE',  ( -1.000000000000000000, 0.000000000000000000, 0.000000000000000000 ) ) ;
#1472 = DIRECTION ( 'NONE',  ( 1.000000000000000000, -0.000000000000000000, -0.000000000000000000 ) ) ;
#1473 = CARTESIAN_POINT ( 'NONE',  ( 2.772986293234246613, -11.59999999999999787, -3.986304015030786907 ) ) ;
#1474 = EDGE_LOOP ( 'NONE', ( #2550, #2460, #512, #3650, #1613 ) ) ;
#1475 = ORIENTED_EDGE ( 'NONE', *, *, #3048, .T. ) ;
#1476 = EDGE_LOOP ( 'NONE', ( #1104, #1918, #315, #1203, #3309, #2822 ) ) ;
#1477 = DIRECTION ( 'NONE',  ( -1.000000000000000000, -0.000000000000000000, -0.000000000000000000 ) ) ;
#1478 = CIRCLE ( 'NONE', #3600, 0.5000000000000038858 ) ;
#1479 = ORIENTED_EDGE ( 'NONE', *, *, #2851, .F. ) ;
#1480 = CARTESIAN_POINT ( 'NONE',  ( -4.949999999999999289, -8.300961894323346968, 8.328989300016257147 ) ) ;
#1481 = CYLINDRICAL_SURFACE ( 'NONE', #2961, 0.9119999999999991447 ) ;
#1482 = EDGE_CURVE ( 'NONE', #1577, #2804, #1626, .T. ) ;
#1483 = EDGE_CURVE ( 'NONE', #1794, #760, #703, .T. ) ;
#1484 = CARTESIAN_POINT ( 'NONE',  ( 4.613972121575767638, -9.243752744135399269, 9.560722969944233540 ) ) ;
#1485 = CARTESIAN_POINT ( 'NONE',  ( 1.890061969967046673, -11.11820512509660475, -2.961029611513426030 ) ) ;
#1486 = VERTEX_POINT ( 'NONE', #2406 ) ;
#1487 = AXIS2_PLACEMENT_3D ( 'NONE', #161, #2791, #2482 ) ;
#1488 = DIRECTION ( 'NONE',  ( -1.000000000000000000, 0.000000000000000000, -0.000000000000000000 ) ) ;
#1489 = DIRECTION ( 'NONE',  ( 0.000000000000000000, 0.000000000000000000, 1.000000000000000000 ) ) ;
#1490 = CARTESIAN_POINT ( 'NONE',  ( -3.949999999999998845, -8.300961894323346968, 0.000000000000000000 ) ) ;
#1491 = CARTESIAN_POINT ( 'NONE',  ( 3.949999999999998845, -6.469999612419820245, 8.006141249057149523 ) ) ;
#1492 = EDGE_CURVE ( 'NONE', #558, #3164, #3763, .T. ) ;
#1493 = CARTESIAN_POINT ( 'NONE',  ( -5.117755140996171015, -11.39114068157666892, 10.45253859236204086 ) ) ;
#1494 = CARTESIAN_POINT ( 'NONE',  ( 6.450000000000000178, -8.300961894323346968, 9.344415911902006044 ) ) ;
#1495 = DIRECTION ( 'NONE',  ( -0.7271008911184292378, 0.6865306214108632954, 0.000000000000000000 ) ) ;
#1496 = ORIENTED_EDGE ( 'NONE', *, *, #3198, .T. ) ;
#1497 = VERTEX_POINT ( 'NONE', #1953 ) ;
#1498 = CIRCLE ( 'NONE', #1743, 1.933087104677063905 ) ;
#1499 = VERTEX_POINT ( 'NONE', #2226 ) ;
#1500 = DIRECTION ( 'NONE',  ( -1.000000000000000000, -0.000000000000000000, -0.000000000000000000 ) ) ;
#1501 = AXIS2_PLACEMENT_3D ( 'NONE', #645, #2261, #1776 ) ;
#1502 = ORIENTED_EDGE ( 'NONE', *, *, #2025, .T. ) ;
#1503 = AXIS2_PLACEMENT_3D ( 'NONE', #751, #2759, #767 ) ;
#1504 = CARTESIAN_POINT ( 'NONE',  ( 2.584065528459827732, -10.59999999999999787, 11.39834331984157423 ) ) ;
#1505 = FACE_OUTER_BOUND ( 'NONE', #469, .T. ) ;
#1506 =( BOUNDED_CURVE ( )  B_SPLINE_CURVE ( 3, ( #3260, #670, #2989, #721 ),
 .UNSPECIFIED., .F., .F. ) 
 B_SPLINE_CURVE_WITH_KNOTS ( ( 4, 4 ),
 ( 4.712388980384689674, 4.955676160301478284 ),
 .UNSPECIFIED. ) 
 CURVE ( )  GEOMETRIC_REPRESENTATION_ITEM ( )  RATIONAL_B_SPLINE_CURVE ( ( 1.000000000000000000, 0.9950736914535426303, 0.9950736914535426303, 1.000000000000000000 ) ) 
 REPRESENTATION_ITEM ( '' )  );
#1507 = CARTESIAN_POINT ( 'NONE',  ( 4.949999999999997513, -5.299999999999998046, -4.845087104677062939 ) ) ;
#1508 = LINE ( 'NONE', #2024, #2562 ) ;
#1509 = ORIENTED_EDGE ( 'NONE', *, *, #2300, .F. ) ;
#1510 = CARTESIAN_POINT ( 'NONE',  ( 3.949999999999999734, -8.442892634198875257, 8.368316215323419627 ) ) ;
#1511 = EDGE_CURVE ( 'NONE', #1398, #2202, #3012, .T. ) ;
#1512 = CARTESIAN_POINT ( 'NONE',  ( -5.774482310579631239, -10.59999999999999964, 11.66293599610419740 ) ) ;
#1513 = EDGE_CURVE ( 'NONE', #3127, #482, #3491, .T. ) ;
#1514 = CARTESIAN_POINT ( 'NONE',  ( 2.772986293233624888, -11.60000000000001563, 11.36016949097593631 ) ) ;
#1515 = EDGE_CURVE ( 'NONE', #276, #340, #2501, .T. ) ;
#1516 = CARTESIAN_POINT ( 'NONE',  ( 5.588259651945119977, -10.86942305897740724, 12.05073038451923395 ) ) ;
#1517 = DIRECTION ( 'NONE',  ( 1.000000000000000000, -0.000000000000000000, -0.000000000000000000 ) ) ;
#1518 = EDGE_CURVE ( 'NONE', #2345, #1569, #2181, .T. ) ;
#1519 = EDGE_CURVE ( 'NONE', #760, #765, #95, .T. ) ;
#1520 = CARTESIAN_POINT ( 'NONE',  ( -3.517677331859521583, -9.463626075959977513, 8.891238350663694945 ) ) ;
#1521 = CARTESIAN_POINT ( 'NONE',  ( -0.5000000000000000000, -10.59999999999999787, 11.08795098915741661 ) ) ;
#1522 = ORIENTED_EDGE ( 'NONE', *, *, #3379, .F. ) ;
#1523 = VERTEX_POINT ( 'NONE', #2451 ) ;
#1524 = VECTOR ( 'NONE', #1970, 1000.000000000000114 ) ;
#1525 = ORIENTED_EDGE ( 'NONE', *, *, #127, .F. ) ;
#1526 = B_SPLINE_CURVE_WITH_KNOTS ( 'NONE', 3,
 ( #379, #2107, #140, #1867, #3591, #2986 ),
 .UNSPECIFIED., .F., .F.,
 ( 4, 2, 4 ),
 ( 0.000000000000000000, 0.0004227321446969595372, 0.0008454642893939190744 ),
 .UNSPECIFIED. ) ;
#1527 = CARTESIAN_POINT ( 'NONE',  ( -5.884911184688180086, -10.41912256698230088, 10.70693548587423116 ) ) ;
#1528 = CARTESIAN_POINT ( 'NONE',  ( -4.949999999999997513, -5.299999999999998046, -3.323999999999999400 ) ) ;
#1529 = PLANE ( 'NONE',  #3451 ) ;
#1530 = DIRECTION ( 'NONE',  ( 0.2384899464718452933, -0.9711449662289642903, 2.807779952490150529E-16 ) ) ;
#1531 = VERTEX_POINT ( 'NONE', #2815 ) ;
#1532 =( BOUNDED_CURVE ( )  B_SPLINE_CURVE ( 3, ( #1931, #2157, #3313, #2663 ),
 .UNSPECIFIED., .F., .T. ) 
 B_SPLINE_CURVE_WITH_KNOTS ( ( 4, 4 ),
 ( 0.08609841703846178584, 1.085692418789582891 ),
 .UNSPECIFIED. ) 
 CURVE ( )  GEOMETRIC_REPRESENTATION_ITEM ( )  RATIONAL_B_SPLINE_CURVE ( ( 1.000000000000000000, 0.9184532445148541058, 0.9184532445148541058, 1.000000000000000000 ) ) 
 REPRESENTATION_ITEM ( '' )  );
#1533 = DIRECTION ( 'NONE',  ( -1.000000000000000000, -0.000000000000000000, -0.000000000000000000 ) ) ;
#1534 = ADVANCED_FACE ( 'NONE', ( #1057 ), #476, .F. ) ;
#1535 = DIRECTION ( 'NONE',  ( 0.000000000000000000, 0.000000000000000000, 1.000000000000000000 ) ) ;
#1536 = B_SPLINE_CURVE_WITH_KNOTS ( 'NONE', 3,
 ( #3085, #1914, #479, #1316, #1648, #2523, #420, #460, #790, #1027 ),
 .UNSPECIFIED., .F., .F.,
 ( 4, 2, 2, 2, 4 ),
 ( 0.000000000000000000, 0.0003047368360463343804, 0.0006094736720926687609, 0.0009142105081390031413, 0.001218947344185337522 ),
 .UNSPECIFIED. ) ;
#1537 = DIRECTION ( 'NONE',  ( -1.000000000000000000, 8.761229676650544604E-17, -0.000000000000000000 ) ) ;
#1538 = CARTESIAN_POINT ( 'NONE',  ( 6.398052839826221749, -8.963421216868512786, 8.445798752202819060 ) ) ;
#1539 = CARTESIAN_POINT ( 'NONE',  ( -6.450000000000000178, -8.300961894323346968, 0.000000000000000000 ) ) ;
#1540 = ADVANCED_FACE ( 'NONE', ( #1645, #2796 ), #1607, .F. ) ;
#1541 = CARTESIAN_POINT ( 'NONE',  ( -2.765988145090194195, -11.61051023584927755, 4.996102702011230967 ) ) ;
#1542 = CARTESIAN_POINT ( 'NONE',  ( -1.449999999999998623, -14.59999999999999609, -1.000000000000000222 ) ) ;
#1543 = ORIENTED_EDGE ( 'NONE', *, *, #3529, .F. ) ;
#1544 = CARTESIAN_POINT ( 'NONE',  ( -4.949999999999997513, -6.644200000000002326, -2.411999999999999478 ) ) ;
#1545 = EDGE_LOOP ( 'NONE', ( #1594, #2303, #1552, #1029 ) ) ;
#1546 = VECTOR ( 'NONE', #3122, 1000.000000000000000 ) ;
#1547 = CARTESIAN_POINT ( 'NONE',  ( 4.801872265880989588, -9.233940974069383856, 8.493498684212028138 ) ) ;
#1548 = B_SPLINE_CURVE_WITH_KNOTS ( 'NONE', 3,
 ( #1815, #1504, #1795, #1756, #2642, #2942 ),
 .UNSPECIFIED., .F., .F.,
 ( 4, 2, 4 ),
 ( -9.360839108547402881E-06, 0.0006762556941050766471, 0.001361872227318700838 ),
 .UNSPECIFIED. ) ;
#1549 = DIRECTION ( 'NONE',  ( -0.000000000000000000, -0.000000000000000000, -1.000000000000000000 ) ) ;
#1550 = CARTESIAN_POINT ( 'NONE',  ( 3.949999999999998845, -6.469999612419820245, 8.006141249057149523 ) ) ;
#1551 = EDGE_CURVE ( 'NONE', #325, #3071, #1163, .T. ) ;
#1552 = ORIENTED_EDGE ( 'NONE', *, *, #1513, .F. ) ;
#1553 = CARTESIAN_POINT ( 'NONE',  ( -6.450000000000000178, -8.300961894323346968, 0.000000000000000000 ) ) ;
#1554 = PRESENTATION_STYLE_ASSIGNMENT (( #384 ) ) ;
#1555 = AXIS2_PLACEMENT_3D ( 'NONE', #1018, #2530, #3094 ) ;
#1556 = CARTESIAN_POINT ( 'NONE',  ( -4.256442233104520412, -9.598556768556770535, 9.743208508740005769 ) ) ;
#1557 = DIRECTION ( 'NONE',  ( 0.000000000000000000, -1.000000000000000000, 0.000000000000000000 ) ) ;
#1558 = CARTESIAN_POINT ( 'NONE',  ( 4.949999999999999289, -3.639570137611278344, -4.190450317280070003 ) ) ;
#1559 = ORIENTED_EDGE ( 'NONE', *, *, #2714, .T. ) ;
#1560 = ORIENTED_EDGE ( 'NONE', *, *, #1483, .T. ) ;
#1561 = EDGE_LOOP ( 'NONE', ( #2233, #157, #1926, #194, #3601 ) ) ;
#1562 = AXIS2_PLACEMENT_3D ( 'NONE', #187, #3042, #2195 ) ;
#1563 = AXIS2_PLACEMENT_3D ( 'NONE', #1723, #3478, #3408 ) ;
#1564 = DIRECTION ( 'NONE',  ( -1.000000000000000000, 8.761229676650544604E-17, -0.000000000000000000 ) ) ;
#1565 = EDGE_CURVE ( 'NONE', #846, #1981, #3391, .T. ) ;
#1566 = ADVANCED_FACE ( 'NONE', ( #2776 ), #3596, .T. ) ;
#1567 = EDGE_CURVE ( 'NONE', #2336, #1999, #1532, .T. ) ;
#1568 = SURFACE_SIDE_STYLE ('',( #77 ) ) ;
#1569 = VERTEX_POINT ( 'NONE', #753 ) ;
#1570 = CYLINDRICAL_SURFACE ( 'NONE', #1135, 0.9119999999999991447 ) ;
#1571 = LINE ( 'NONE', #1023, #1585 ) ;
#1572 = B_SPLINE_CURVE_WITH_KNOTS ( 'NONE', 3,
 ( #280, #1779, #1442, #322, #1484, #2645, #1190, #2431 ),
 .UNSPECIFIED., .F., .F.,
 ( 4, 2, 2, 4 ),
 ( 0.000000000000000000, 0.0003214612107330075863, 0.0006429224214660151726, 0.001285844842932032297 ),
 .UNSPECIFIED. ) ;
#1573 = LINE ( 'NONE', #955, #2391 ) ;
#1574 = CARTESIAN_POINT ( 'NONE',  ( 6.451000000000001400, -12.59999999999999787, -4.315072020041047729 ) ) ;
#1575 = CARTESIAN_POINT ( 'NONE',  ( -4.270556681887463846, -9.589406757161121675, 9.736474970840246712 ) ) ;
#1576 = DIRECTION ( 'NONE',  ( -0.6865306214108632954, -0.7271008911184292378, 0.000000000000000000 ) ) ;
#1577 = VERTEX_POINT ( 'NONE', #1480 ) ;
#1578 = VERTEX_POINT ( 'NONE', #584 ) ;
#1579 = EDGE_LOOP ( 'NONE', ( #1325, #2698, #1105, #2377, #3738 ) ) ;
#1580 = EDGE_CURVE ( 'NONE', #3495, #941, #1548, .T. ) ;
#1581 = CARTESIAN_POINT ( 'NONE',  ( -2.548813998891941601, -12.16159448507403340, -2.807633658869580273 ) ) ;
#1582 = CARTESIAN_POINT ( 'NONE',  ( -4.949999999999997513, -3.955799999999996430, -2.411999999999999478 ) ) ;
#1583 = PRESENTATION_STYLE_ASSIGNMENT (( #141 ) ) ;
#1584 = EDGE_LOOP ( 'NONE', ( #2206, #1772, #2443, #3737, #224, #233, #1385, #3662 ) ) ;
#1585 = VECTOR ( 'NONE', #723, 1000.000000000000114 ) ;
#1586 = LINE ( 'NONE', #1822, #478 ) ;
#1587 = CARTESIAN_POINT ( 'NONE',  ( -5.949999999999997513, -5.299999999999998046, 0.02108710467706208583 ) ) ;
#1588 = AXIS2_PLACEMENT_3D ( 'NONE', #3616, #3104, #3347 ) ;
#1589 = DIRECTION ( 'NONE',  ( 0.000000000000000000, -1.000000000000000000, 0.000000000000000000 ) ) ;
#1590 = FACE_OUTER_BOUND ( 'NONE', #1655, .T. ) ;
#1591 = VECTOR ( 'NONE', #1213, 1000.000000000000000 ) ;
#1592 = DIRECTION ( 'NONE',  ( 1.000000000000000000, -0.000000000000000000, -0.000000000000000000 ) ) ;
#1593 = DIRECTION ( 'NONE',  ( 0.000000000000000000, 0.5000000000000001110, 0.8660254037844384856 ) ) ;
#1594 = ORIENTED_EDGE ( 'NONE', *, *, #3303, .F. ) ;
#1595 = EDGE_CURVE ( 'NONE', #3164, #1844, #2348, .T. ) ;
#1596 = ORIENTED_EDGE ( 'NONE', *, *, #1567, .T. ) ;
#1597 = ORIENTED_EDGE ( 'NONE', *, *, #1941, .T. ) ;
#1598 = DIRECTION ( 'NONE',  ( -1.571911781425327109E-16, -0.9848077530122102408, 0.1736481776669186461 ) ) ;
#1599 = CARTESIAN_POINT ( 'NONE',  ( 2.314149816779088376, -10.59999999999999609, -4.261854658931081730 ) ) ;
#1600 = VECTOR ( 'NONE', #2054, 1000.000000000000000 ) ;
#1601 = VERTEX_POINT ( 'NONE', #1074 ) ;
#1602 = COLOUR_RGB ( '',0.7529411764705882248, 0.7529411764705882248, 0.7529411764705882248 ) ;
#1603 = ADVANCED_FACE ( 'NONE', ( #15 ), #2340, .F. ) ;
#1604 = ADVANCED_FACE ( 'NONE', ( #788 ), #35, .T. ) ;
#1605 = CARTESIAN_POINT ( 'NONE',  ( -2.347476201170928256, -10.59999999999999787, 10.75176905770873681 ) ) ;
#1606 = CARTESIAN_POINT ( 'NONE',  ( -6.450000000000000178, -6.733087104677053070, -8.361449492586219279 ) ) ;
#1607 = PLANE ( 'NONE',  #1562 ) ;
#1608 = DIRECTION ( 'NONE',  ( -0.000000000000000000, 1.000000000000000000, -0.000000000000000000 ) ) ;
#1609 = AXIS2_PLACEMENT_3D ( 'NONE', #3665, #3378, #764 ) ;
#1610 = CARTESIAN_POINT ( 'NONE',  ( 3.949999999999998845, -8.300961894323346968, 0.000000000000000000 ) ) ;
#1611 = EDGE_CURVE ( 'NONE', #1794, #1984, #1187, .T. ) ;
#1612 = CYLINDRICAL_SURFACE ( 'NONE', #2513, 3.190625000000047784 ) ;
#1613 = ORIENTED_EDGE ( 'NONE', *, *, #2213, .F. ) ;
#1614 = ORIENTED_EDGE ( 'NONE', *, *, #1031, .T. ) ;
#1615 = VECTOR ( 'NONE', #709, 1000.000000000000000 ) ;
#1616 = ORIENTED_EDGE ( 'NONE', *, *, #2025, .F. ) ;
#1617 = CYLINDRICAL_SURFACE ( 'NONE', #1447, 1.000000000000000444 ) ;
#1618 = CARTESIAN_POINT ( 'NONE',  ( -2.025123837365761403, -10.87289910887785460, 11.08983214450851307 ) ) ;
#1619 = ORIENTED_EDGE ( 'NONE', *, *, #1457, .T. ) ;
#1620 = CYLINDRICAL_SURFACE ( 'NONE', #1465, 1.500000000000000000 ) ;
#1621 = PLANE ( 'NONE',  #2655 ) ;
#1622 = DIRECTION ( 'NONE',  ( -0.6489777746508509360, -0.6127665642488110409, 0.4509378956662848936 ) ) ;
#1623 = CARTESIAN_POINT ( 'NONE',  ( -6.417463885629306475, -6.733087104677056622, -4.021455100480108236 ) ) ;
#1624 = FACE_OUTER_BOUND ( 'NONE', #2118, .T. ) ;
#1625 = EDGE_CURVE ( 'NONE', #1895, #3495, #2019, .T. ) ;
#1626 =( BOUNDED_CURVE ( )  B_SPLINE_CURVE ( 3, ( #3262, #1824, #2975, #371 ),
 .UNSPECIFIED., .F., .T. ) 
 B_SPLINE_CURVE_WITH_KNOTS ( ( 4, 4 ),
 ( 4.712388980384689674, 4.955676160301478284 ),
 .UNSPECIFIED. ) 
 CURVE ( )  GEOMETRIC_REPRESENTATION_ITEM ( )  RATIONAL_B_SPLINE_CURVE ( ( 1.000000000000000000, 0.9950736914535426303, 0.9950736914535426303, 1.000000000000000000 ) ) 
 REPRESENTATION_ITEM ( '' )  );
#1627 = AXIS2_PLACEMENT_3D ( 'NONE', #608, #3211, #1797 ) ;
#1628 = EDGE_CURVE ( 'NONE', #1486, #3140, #2243, .T. ) ;
#1629 = FACE_OUTER_BOUND ( 'NONE', #3186, .T. ) ;
#1630 = DIRECTION ( 'NONE',  ( 0.000000000000000000, 0.9848077530122092416, -0.1736481776669238086 ) ) ;
#1631 = ORIENTED_EDGE ( 'NONE', *, *, #3316, .T. ) ;
#1632 = EDGE_CURVE ( 'NONE', #2237, #857, #2064, .T. ) ;
#1633 = ORIENTED_EDGE ( 'NONE', *, *, #1102, .T. ) ;
#1634 = ORIENTED_EDGE ( 'NONE', *, *, #2673, .F. ) ;
#1635 = VERTEX_POINT ( 'NONE', #606 ) ;
#1636 = EDGE_LOOP ( 'NONE', ( #3446, #2253, #2289, #21, #1475, #959, #1158, #2941 ) ) ;
#1637 = VERTEX_POINT ( 'NONE', #902 ) ;
#1638 = CYLINDRICAL_SURFACE ( 'NONE', #1609, 1.000000000000000444 ) ;
#1639 = ORIENTED_EDGE ( 'NONE', *, *, #573, .F. ) ;
#1640 = AXIS2_PLACEMENT_3D ( 'NONE', #2741, #1851, #2726 ) ;
#1641 = CARTESIAN_POINT ( 'NONE',  ( -4.949999999999999289, -9.068586260341026772, -6.459139848010676310 ) ) ;
#1642 = FACE_OUTER_BOUND ( 'NONE', #2707, .T. ) ;
#1643 = LINE ( 'NONE', #1348, #1024 ) ;
#1644 = AXIS2_PLACEMENT_3D ( 'NONE', #3154, #863, #2602 ) ;
#1645 = FACE_OUTER_BOUND ( 'NONE', #1296, .T. ) ;
#1646 = CARTESIAN_POINT ( 'NONE',  ( -3.949999999999998845, -6.999936963806543844, -6.419136241810186050 ) ) ;
#1647 = EDGE_CURVE ( 'NONE', #950, #2803, #3232, .T. ) ;
#1648 = CARTESIAN_POINT ( 'NONE',  ( 2.681196675011682462, -11.76092283339951905, -3.303026259712335655 ) ) ;
#1649 = PLANE ( 'NONE',  #945 ) ;
#1650 = ORIENTED_EDGE ( 'NONE', *, *, #572, .T. ) ;
#1651 =( BOUNDED_CURVE ( )  B_SPLINE_CURVE ( 3, ( #1421, #1210, #1463, #2580 ),
 .UNSPECIFIED., .F., .T. ) 
 B_SPLINE_CURVE_WITH_KNOTS ( ( 4, 4 ),
 ( 4.712388980384689674, 4.955676160301476507 ),
 .UNSPECIFIED. ) 
 CURVE ( )  GEOMETRIC_REPRESENTATION_ITEM ( )  RATIONAL_B_SPLINE_CURVE ( ( 1.000000000000000000, 0.9950736914535426303, 0.9950736914535426303, 1.000000000000000000 ) ) 
 REPRESENTATION_ITEM ( '' )  );
#1652 = EDGE_CURVE ( 'NONE', #960, #2132, #1686, .T. ) ;
#1653 = EDGE_CURVE ( 'NONE', #3247, #377, #2836, .T. ) ;
#1654 = ORIENTED_EDGE ( 'NONE', *, *, #2682, .F. ) ;
#1655 = EDGE_LOOP ( 'NONE', ( #2767, #1015, #3207, #3246 ) ) ;
#1656 = ORIENTED_EDGE ( 'NONE', *, *, #517, .F. ) ;
#1657 = ORIENTED_EDGE ( 'NONE', *, *, #2315, .T. ) ;
#1658 = DIRECTION ( 'NONE',  ( -1.000000000000000000, 0.000000000000000000, 0.000000000000000000 ) ) ;
#1659 = ORIENTED_EDGE ( 'NONE', *, *, #1363, .F. ) ;
#1660 = B_SPLINE_CURVE_WITH_KNOTS ( 'NONE', 3,
 ( #3517, #2327, #2608, #3261, #2092, #2049 ),
 .UNSPECIFIED., .F., .F.,
 ( 4, 2, 4 ),
 ( 0.000000000000000000, 0.0005770312427118298943, 0.001154062485423659789 ),
 .UNSPECIFIED. ) ;
#1661 = CARTESIAN_POINT ( 'NONE',  ( -4.087959208879875739, -10.30048934489902557, -5.809784719717332457 ) ) ;
#1662 = CARTESIAN_POINT ( 'NONE',  ( 2.314149816783189095, -10.59999999999654285, 11.18020059237474761 ) ) ;
#1663 = CARTESIAN_POINT ( 'NONE',  ( -4.087959208879874851, -9.707779657957114949, 9.823586164405934795 ) ) ;
#1664 = ADVANCED_FACE ( 'NONE', ( #225 ), #1208, .F. ) ;
#1665 = ORIENTED_EDGE ( 'NONE', *, *, #2851, .T. ) ;
#1666 = DIRECTION ( 'NONE',  ( 0.000000000000000000, 1.000000000000000000, -2.891205793294682764E-16 ) ) ;
#1667 = CARTESIAN_POINT ( 'NONE',  ( -2.573758920962800456, -12.06001730808829819, 0.000000000000000000 ) ) ;
#1668 = AXIS2_PLACEMENT_3D ( 'NONE', #3455, #3235, #347 ) ;
#1669 = CARTESIAN_POINT ( 'NONE',  ( -5.117755140996171015, -11.39114068157666892, 11.99444465888804601 ) ) ;
#1670 = DIRECTION ( 'NONE',  ( 1.000000000000000000, 0.000000000000000000, 0.000000000000000000 ) ) ;
#1671 = VECTOR ( 'NONE', #3187, 1000.000000000000000 ) ;
#1672 = EDGE_LOOP ( 'NONE', ( #1937, #1560 ) ) ;
#1673 = ORIENTED_EDGE ( 'NONE', *, *, #104, .T. ) ;
#1674 = VERTEX_POINT ( 'NONE', #2924 ) ;
#1675 = ORIENTED_EDGE ( 'NONE', *, *, #3352, .T. ) ;
#1676 = CARTESIAN_POINT ( 'NONE',  ( -4.698490148838136093, -9.479523760773979291, 8.572007027634978016 ) ) ;
#1677 = AXIS2_PLACEMENT_3D ( 'NONE', #99, #2389, #2711 ) ;
#1678 = EDGE_LOOP ( 'NONE', ( #3017, #3535, #560, #3226, #1413 ) ) ;
#1679 = EDGE_CURVE ( 'NONE', #2907, #960, #3124, .T. ) ;
#1680 = CARTESIAN_POINT ( 'NONE',  ( -3.932736580008175942, -8.584447892657273371, 8.407539090266652693 ) ) ;
#1681 = CARTESIAN_POINT ( 'NONE',  ( 3.949999999999998845, -6.733087104677053958, -7.078677163997933341 ) ) ;
#1682 = ADVANCED_FACE ( 'NONE', ( #3222 ), #707, .T. ) ;
#1683 = EDGE_CURVE ( 'NONE', #214, #31, #536, .T. ) ;
#1684 = CARTESIAN_POINT ( 'NONE',  ( -0.4999999999999995559, -11.10000000000000675, 11.58795098915740773 ) ) ;
#1685 = ORIENTED_EDGE ( 'NONE', *, *, #2880, .T. ) ;
#1686 = LINE ( 'NONE', #808, #1247 ) ;
#1687 = DIRECTION ( 'NONE',  ( 0.2384899464718452933, 0.9711449662289642903, 0.000000000000000000 ) ) ;
#1688 = VECTOR ( 'NONE', #2012, 1000.000000000000000 ) ;
#1689 = AXIS2_PLACEMENT_3D ( 'NONE', #1838, #1888, #3041 ) ;
#1690 = AXIS2_PLACEMENT_3D ( 'NONE', #2833, #3724, #2022 ) ;
#1691 = DIRECTION ( 'NONE',  ( 1.000000000000000000, 0.000000000000000000, 0.000000000000000000 ) ) ;
#1692 = LINE ( 'NONE', #2589, #1864 ) ;
#1693 = ORIENTED_EDGE ( 'NONE', *, *, #3078, .F. ) ;
#1694 = ORIENTED_EDGE ( 'NONE', *, *, #843, .F. ) ;
#1695 = VERTEX_POINT ( 'NONE', #2287 ) ;
#1696 = CARTESIAN_POINT ( 'NONE',  ( -3.225759109676382241, -9.739256048254217646, 9.769799948555153435 ) ) ;
#1697 = EDGE_CURVE ( 'NONE', #2202, #1398, #813, .T. ) ;
#1698 = PLANE ( 'NONE',  #1958 ) ;
#1699 = DIRECTION ( 'NONE',  ( 0.000000000000000000, 3.569419883894063799E-16, -1.000000000000000000 ) ) ;
#1700 = DIRECTION ( 'NONE',  ( 0.6837092907985561352, 0.6455601554198344694, -0.3402847210940484479 ) ) ;
#1701 = ORIENTED_EDGE ( 'NONE', *, *, #2546, .F. ) ;
#1702 = CARTESIAN_POINT ( 'NONE',  ( -6.450000000000000178, -8.146263015843599575, 8.301711713854940555 ) ) ;
#1703 = FACE_OUTER_BOUND ( 'NONE', #546, .T. ) ;
#1704 = DIRECTION ( 'NONE',  ( 0.000000000000000000, -3.569419883894063799E-16, 1.000000000000000000 ) ) ;
#1705 = B_SPLINE_CURVE_WITH_KNOTS ( 'NONE', 3,
 ( #3318, #357, #2117, #389 ),
 .UNSPECIFIED., .F., .F.,
 ( 4, 4 ),
 ( 0.000000000000000000, 2.385111604833861496E-05 ),
 .UNSPECIFIED. ) ;
#1706 = CARTESIAN_POINT ( 'NONE',  ( 1.522260501054746529, -12.59999999999999787, 3.199999999999997069 ) ) ;
#1707 = CARTESIAN_POINT ( 'NONE',  ( 5.774482310579701405, -10.59999999999999964, 11.45569753719046346 ) ) ;
#1708 = ORIENTED_EDGE ( 'NONE', *, *, #533, .F. ) ;
#1709 = ORIENTED_EDGE ( 'NONE', *, *, #156, .F. ) ;
#1710 = EDGE_CURVE ( 'NONE', #1531, #61, #3319, .T. ) ;
#1711 = ORIENTED_EDGE ( 'NONE', *, *, #1628, .F. ) ;
#1712 = DIRECTION ( 'NONE',  ( -1.000000000000000000, -0.000000000000000000, -0.000000000000000000 ) ) ;
#1713 = PLANE ( 'NONE',  #1781 ) ;
#1714 = FACE_OUTER_BOUND ( 'NONE', #985, .T. ) ;
#1715 = CARTESIAN_POINT ( 'NONE',  ( 1.532106518243486315, -12.32748549913100256, -2.197877465977551292 ) ) ;
#1716 = DIRECTION ( 'NONE',  ( 0.000000000000000000, 0.000000000000000000, -1.000000000000000000 ) ) ;
#1717 = ORIENTED_EDGE ( 'NONE', *, *, #292, .F. ) ;
#1718 = EDGE_CURVE ( 'NONE', #423, #89, #1137, .T. ) ;
#1719 = DIRECTION ( 'NONE',  ( 0.000000000000000000, 0.000000000000000000, 1.000000000000000000 ) ) ;
#1720 = LINE ( 'NONE', #2868, #3265 ) ;
#1721 = AXIS2_PLACEMENT_3D ( 'NONE', #98, #3240, #3294 ) ;
#1722 = FACE_OUTER_BOUND ( 'NONE', #664, .T. ) ;
#1723 = CARTESIAN_POINT ( 'NONE',  ( -6.451000000000000512, -8.409374999999954525, 11.58795098915743260 ) ) ;
#1724 = CARTESIAN_POINT ( 'NONE',  ( -6.449999999999997513, -3.366912895322936805, -2.411999999999999922 ) ) ;
#1725 = CARTESIAN_POINT ( 'NONE',  ( -6.450000000000000178, -6.733087104677053070, -8.361449492586219279 ) ) ;
#1726 = ORIENTED_EDGE ( 'NONE', *, *, #3471, .T. ) ;
#1727 = EDGE_LOOP ( 'NONE', ( #3108, #2496, #1222, #3237, #1083, #1204 ) ) ;
#1728 = ORIENTED_EDGE ( 'NONE', *, *, #2746, .T. ) ;
#1729 = ORIENTED_EDGE ( 'NONE', *, *, #3648, .F. ) ;
#1730 = CARTESIAN_POINT ( 'NONE',  ( 6.451000000000001400, -10.59999999999999787, 11.58795098915740773 ) ) ;
#1731 = VECTOR ( 'NONE', #297, 1000.000000000000000 ) ;
#1732 = CARTESIAN_POINT ( 'NONE',  ( -4.949999999997544364, -8.350348431485643985, 9.353124090887472875 ) ) ;
#1733 = CARTESIAN_POINT ( 'NONE',  ( -3.401428587469011333, -9.573388453780596663, 9.018169981923099598 ) ) ;
#1734 = CARTESIAN_POINT ( 'NONE',  ( -6.450000000000001066, -4.333456447661467870, -4.086102540378443670 ) ) ;
#1735 = CARTESIAN_POINT ( 'NONE',  ( 2.269351178082067211, -10.64181131977021622, -3.871681959569766907 ) ) ;
#1736 = ORIENTED_EDGE ( 'NONE', *, *, #148, .T. ) ;
#1737 = AXIS2_PLACEMENT_3D ( 'NONE', #2777, #1292, #2158 ) ;
#1738 = LINE ( 'NONE', #209, #3253 ) ;
#1739 = DIRECTION ( 'NONE',  ( -1.000000000000000000, -0.000000000000000000, -0.000000000000000000 ) ) ;
#1740 = FACE_OUTER_BOUND ( 'NONE', #2038, .T. ) ;
#1741 = VECTOR ( 'NONE', #495, 1000.000000000000000 ) ;
#1742 = EDGE_CURVE ( 'NONE', #3622, #3698, #2075, .T. ) ;
#1744 = CARTESIAN_POINT ( 'NONE',  ( -5.306259085251767260, -11.20494250488354382, 12.08795098915742727 ) ) ;
#1743 = AXIS2_PLACEMENT_3D ( 'NONE', #2441, #958, #1843 ) ;
#1745 = LINE ( 'NONE', #518, #275 ) ;
#1746 = CARTESIAN_POINT ( 'NONE',  ( -5.223136228176725737, -11.29163957498920112, 10.19123354959625694 ) ) ;
#1747 = B_SPLINE_CURVE_WITH_KNOTS ( 'NONE', 3,
 ( #2650, #1512, #1214, #2930, #2369, #1805, #2111, #2387 ),
 .UNSPECIFIED., .F., .F.,
 ( 4, 2, 2, 4 ),
 ( 0.000000000000000000, 0.0002215301149096173591, 0.0004430602298192347181, 0.0008861204596384690026 ),
 .UNSPECIFIED. ) ;
#1748 = CARTESIAN_POINT ( 'NONE',  ( 4.949999999999997513, -5.299999999999999822, -2.411999999999999478 ) ) ;
#1749 = CARTESIAN_POINT ( 'NONE',  ( 6.450000000000000178, -8.300961894323346968, 0.000000000000000000 ) ) ;
#1750 = ORIENTED_EDGE ( 'NONE', *, *, #1240, .F. ) ;
#1751 = EDGE_LOOP ( 'NONE', ( #2201, #2640, #1223, #1792, #2619, #2830 ) ) ;
#1752 = ORIENTED_EDGE ( 'NONE', *, *, #2434, .F. ) ;
#1753 = CARTESIAN_POINT ( 'NONE',  ( 1.532106518243486315, -12.32748549913100256, 0.000000000000000000 ) ) ;
#1754 =( BOUNDED_CURVE ( )  B_SPLINE_CURVE ( 3, ( #3293, #686, #987, #110 ),
 .UNSPECIFIED., .F., .F. ) 
 B_SPLINE_CURVE_WITH_KNOTS ( ( 4, 4 ),
 ( 4.575706541733376653, 4.712388980384689674 ),
 .UNSPECIFIED. ) 
 CURVE ( )  GEOMETRIC_REPRESENTATION_ITEM ( )  RATIONAL_B_SPLINE_CURVE ( ( 1.000000000000000000, 0.9984437650909829820, 0.9984437650909829820, 1.000000000000000000 ) ) 
 REPRESENTATION_ITEM ( '' )  );
#1755 = ADVANCED_FACE ( 'NONE', ( #3482 ), #3427, .F. ) ;
#1756 = CARTESIAN_POINT ( 'NONE',  ( 2.347476201170928256, -10.59999999999999787, 10.75176905770873681 ) ) ;
#1757 = CARTESIAN_POINT ( 'NONE',  ( -2.314149816779088376, -10.59999999999999609, 10.29684157670538447 ) ) ;
#1758 = CYLINDRICAL_SURFACE ( 'NONE', #3765, 2.433087104677061685 ) ;
#1759 = CARTESIAN_POINT ( 'NONE',  ( 5.306259085251767260, -11.20494250488354382, 12.08795098915742727 ) ) ;
#1760 = ORIENTED_EDGE ( 'NONE', *, *, #648, .T. ) ;
#1761 = DIRECTION ( 'NONE',  ( -0.6837092907985553580, 0.6455601554198355796, -0.3402847210940483369 ) ) ;
#1762 = CARTESIAN_POINT ( 'NONE',  ( 6.020448519445248614, -10.16499470510973424, 10.27174766049222221 ) ) ;
#1763 = CARTESIAN_POINT ( 'NONE',  ( 6.451000000000001400, -7.233087104677054846, -6.861449492586219279 ) ) ;
#1764 = LINE ( 'NONE', #3201, #3493 ) ;
#1765 = LINE ( 'NONE', #659, #2416 ) ;
#1766 = AXIS2_PLACEMENT_3D ( 'NONE', #145, #3329, #3009 ) ;
#1767 = CARTESIAN_POINT ( 'NONE',  ( 3.789218012417544745, -9.052405205821333567, 8.572872083994589332 ) ) ;
#1768 = CARTESIAN_POINT ( 'NONE',  ( 5.811244963529142105, -10.54197640950675385, 11.07078951271737566 ) ) ;
#1769 = ADVANCED_FACE ( 'NONE', ( #2614 ), #290, .F. ) ;
#1770 = EDGE_CURVE ( 'NONE', #2687, #1988, #3755, .T. ) ;
#1771 = VERTEX_POINT ( 'NONE', #28 ) ;
#1772 = ORIENTED_EDGE ( 'NONE', *, *, #242, .T. ) ;
#1773 = ORIENTED_EDGE ( 'NONE', *, *, #3614, .F. ) ;
#1774 = LINE ( 'NONE', #2080, #2817 ) ;
#1775 = VERTEX_POINT ( 'NONE', #2935 ) ;
#1776 = DIRECTION ( 'NONE',  ( 0.000000000000000000, 0.000000000000000000, 1.000000000000000000 ) ) ;
#1777 = CYLINDRICAL_SURFACE ( 'NONE', #1627, 4.250000000000000000 ) ;
#1778 =( BOUNDED_CURVE ( )  B_SPLINE_CURVE ( 3, ( #2861, #3434, #3742, #1143 ),
 .UNSPECIFIED., .F., .T. ) 
 B_SPLINE_CURVE_WITH_KNOTS ( ( 4, 4 ),
 ( 5.346808004387472835, 5.866581358690184267 ),
 .UNSPECIFIED. ) 
 CURVE ( )  GEOMETRIC_REPRESENTATION_ITEM ( )  RATIONAL_B_SPLINE_CURVE ( ( 1.000000000000000000, 0.9776127366864661994, 0.9776127366864661994, 1.000000000000000000 ) ) 
 REPRESENTATION_ITEM ( '' )  );
#1779 = CARTESIAN_POINT ( 'NONE',  ( 4.832461989963905857, -8.890889545612715494, 9.448436073490286802 ) ) ;
#1780 = CARTESIAN_POINT ( 'NONE',  ( 5.209378589808048687, -11.30462957422282244, 12.05640602417976659 ) ) ;
#1781 = AXIS2_PLACEMENT_3D ( 'NONE', #2578, #2029, #1783 ) ;
#1782 = ORIENTED_EDGE ( 'NONE', *, *, #3595, .T. ) ;
#1783 = DIRECTION ( 'NONE',  ( 0.000000000000000000, -0.9848077530122092416, 0.1736481776669238086 ) ) ;
#1784 = CARTESIAN_POINT ( 'NONE',  ( -6.450000000000001066, -3.366912895322936361, -2.411999999999999478 ) ) ;
#1785 = CARTESIAN_POINT ( 'NONE',  ( 6.450000000000000178, -8.300961894323346968, 9.344415911902006044 ) ) ;
#1786 = CARTESIAN_POINT ( 'NONE',  ( 1.528686065069442490, -12.42215556435657220, 3.199999999999997069 ) ) ;
#1787 = DIRECTION ( 'NONE',  ( 1.000000000000000000, -0.000000000000000000, -0.000000000000000000 ) ) ;
#1788 = CARTESIAN_POINT ( 'NONE',  ( 4.950999999999999623, -3.011151223315919001, -1.586721782416620874 ) ) ;
#1789 = CARTESIAN_POINT ( 'NONE',  ( 5.398106577800377615, -11.10000000000001918, 12.08795098915746991 ) ) ;
#1790 = VERTEX_POINT ( 'NONE', #1706 ) ;
#1791 = ORIENTED_EDGE ( 'NONE', *, *, #3344, .F. ) ;
#1792 = ORIENTED_EDGE ( 'NONE', *, *, #2433, .T. ) ;
#1793 = DIRECTION ( 'NONE',  ( 0.000000000000000000, 0.000000000000000000, -1.000000000000000000 ) ) ;
#1794 = VERTEX_POINT ( 'NONE', #1724 ) ;
#1795 = CARTESIAN_POINT ( 'NONE',  ( 2.481913297292830389, -10.59999999999999787, 11.18942777247094611 ) ) ;
#1796 = EDGE_CURVE ( 'NONE', #108, #1052, #1866, .T. ) ;
#1797 = DIRECTION ( 'NONE',  ( -1.000000000000000000, 0.000000000000000000, 0.000000000000000000 ) ) ;
#1798 = CARTESIAN_POINT ( 'NONE',  ( -4.950999999999999623, -8.789773039201588034, 9.430606505215022750 ) ) ;
#1799 = CARTESIAN_POINT ( 'NONE',  ( 6.450000000000000178, -6.733087104677059287, 8.648407468526123409 ) ) ;
#1800 = ORIENTED_EDGE ( 'NONE', *, *, #2498, .F. ) ;
#1801 =( BOUNDED_CURVE ( )  B_SPLINE_CURVE ( 3, ( #677, #1280, #2144, #3522 ),
 .UNSPECIFIED., .F., .T. ) 
 B_SPLINE_CURVE_WITH_KNOTS ( ( 4, 4 ),
 ( 0.7567067142714359873, 1.570796326794896558 ),
 .UNSPECIFIED. ) 
 CURVE ( )  GEOMETRIC_REPRESENTATION_ITEM ( )  RATIONAL_B_SPLINE_CURVE ( ( 1.000000000000000000, 0.9455298561393253864, 0.9455298561393253864, 1.000000000000000000 ) ) 
 REPRESENTATION_ITEM ( '' )  );
#1802 = ADVANCED_FACE ( 'NONE', ( #1177 ), #2057, .T. ) ;
#1803 = ADVANCED_FACE ( 'NONE', ( #2569 ), #2782, .T. ) ;
#1804 = LINE ( 'NONE', #2606, #1591 ) ;
#1805 = CARTESIAN_POINT ( 'NONE',  ( -5.588259651945119977, -10.86942305897740724, 12.05073038451923395 ) ) ;
#1806 = AXIS2_PLACEMENT_3D ( 'NONE', #3748, #532, #1111 ) ;
#1807 = CARTESIAN_POINT ( 'NONE',  ( 3.000680438189951893, -11.32710089111842322, 10.29684157670539513 ) ) ;
#1808 = CARTESIAN_POINT ( 'NONE',  ( 5.723383934940434514, -10.67784771701924385, 11.86517809408865176 ) ) ;
#1809 = CARTESIAN_POINT ( 'NONE',  ( -6.278743644093526477, -9.525621745510870042, 8.585746564661935309 ) ) ;
#1810 = DIRECTION ( 'NONE',  ( 0.6865306214108642946, -0.7271008911184283496, 0.000000000000000000 ) ) ;
#1811 = DIRECTION ( 'NONE',  ( 0.000000000000000000, 0.000000000000000000, 1.000000000000000000 ) ) ;
#1812 = ORIENTED_EDGE ( 'NONE', *, *, #3412, .T. ) ;
#1813 = ORIENTED_EDGE ( 'NONE', *, *, #1482, .F. ) ;
#1814 = EDGE_LOOP ( 'NONE', ( #274, #1185, #567, #2787 ) ) ;
#1815 = CARTESIAN_POINT ( 'NONE',  ( 2.711654458772685405, -10.60000000000000497, 11.58795098915740773 ) ) ;
#1816 = CARTESIAN_POINT ( 'NONE',  ( 1.455103583947186641, -14.45874485029322010, -1.074457769454201683 ) ) ;
#1817 = DIRECTION ( 'NONE',  ( -1.000000000000000000, -1.596161054396002134E-16, 0.000000000000000000 ) ) ;
#1818 = AXIS2_PLACEMENT_3D ( 'NONE', #2353, #26, #1134 ) ;
#1819 = CARTESIAN_POINT ( 'NONE',  ( 3.949999999999998845, -3.011151223315919001, -1.586721782416620430 ) ) ;
#1820 = CYLINDRICAL_SURFACE ( 'NONE', #1974, 0.5000000000000004441 ) ;
#1821 = ORIENTED_EDGE ( 'NONE', *, *, #1925, .T. ) ;
#1822 = CARTESIAN_POINT ( 'NONE',  ( 6.451000000000001400, -14.59999999999999609, 3.199999999999997069 ) ) ;
#1823 = DIRECTION ( 'NONE',  ( 0.000000000000000000, -0.7309439575185777693, -0.6824374923515555968 ) ) ;
#1824 = CARTESIAN_POINT ( 'NONE',  ( -4.949999999999999289, -8.524526905683906364, 8.368409843461515507 ) ) ;
#1825 = CARTESIAN_POINT ( 'NONE',  ( 6.451000000000000512, -6.733087104677059287, 8.648407468526123409 ) ) ;
#1826 = CARTESIAN_POINT ( 'NONE',  ( 0.4999999999999995559, -10.59999999999999787, 11.58795098915740773 ) ) ;
#1827 = CARTESIAN_POINT ( 'NONE',  ( -4.087959208879874851, -9.707779657957114949, 9.823586164405934795 ) ) ;
#1828 = CARTESIAN_POINT ( 'NONE',  ( -1.949999999999999512, -14.59999999999999609, -1.500000000000000000 ) ) ;
#1829 = VECTOR ( 'NONE', #2688, 1000.000000000000114 ) ;
#1830 = ORIENTED_EDGE ( 'NONE', *, *, #2714, .F. ) ;
#1831 = ORIENTED_EDGE ( 'NONE', *, *, #1679, .F. ) ;
#1832 = PRESENTATION_LAYER_ASSIGNMENT (  '', '', ( #3637 ) ) ;
#1833 = ORIENTED_EDGE ( 'NONE', *, *, #793, .F. ) ;
#1834 = CARTESIAN_POINT ( 'NONE',  ( 2.772986293234246613, -11.59999999999998543, -2.650631321861654150E-15 ) ) ;
#1835 = CARTESIAN_POINT ( 'NONE',  ( 6.450000000000000178, -7.233087104677061063, 8.648407468526123409 ) ) ;
#1836 = VERTEX_POINT ( 'NONE', #1256 ) ;
#1837 = CYLINDRICAL_SURFACE ( 'NONE', #667, 2.433087104677061685 ) ;
#1838 = CARTESIAN_POINT ( 'NONE',  ( -4.950999999999999623, -3.011151223315919001, -1.586721782416620874 ) ) ;
#1839 = DIRECTION ( 'NONE',  ( -1.000000000000000000, -0.000000000000000000, -0.000000000000000000 ) ) ;
#1840 = CARTESIAN_POINT ( 'NONE',  ( 4.949999999999999289, -6.733087104677055734, 5.596403449619694055E-16 ) ) ;
#1841 = CARTESIAN_POINT ( 'NONE',  ( -2.660836022514857291, -11.79972284105175007, 4.425964505253714876 ) ) ;
#1842 = ADVANCED_FACE ( 'NONE', ( #3278 ), #953, .F. ) ;
#1843 = DIRECTION ( 'NONE',  ( 0.000000000000000000, -1.000000000000000000, 0.000000000000000000 ) ) ;
#1844 = VERTEX_POINT ( 'NONE', #1587 ) ;
#1845 = CARTESIAN_POINT ( 'NONE',  ( -3.000680438189951893, -11.32710089111842322, 10.29684157670539513 ) ) ;
#1846 = EDGE_CURVE ( 'NONE', #2717, #1981, #1907, .T. ) ;
#1847 = VERTEX_POINT ( 'NONE', #706 ) ;
#1848 = LINE ( 'NONE', #999, #3390 ) ;
#1849 = CARTESIAN_POINT ( 'NONE',  ( 2.312581941768991900, -10.60148167184889623, -4.238101298048118970 ) ) ;
#1850 = ORIENTED_EDGE ( 'NONE', *, *, #3613, .T. ) ;
#1851 = DIRECTION ( 'NONE',  ( -1.000000000000000000, -1.596161054396002134E-16, 0.000000000000000000 ) ) ;
#1852 = CARTESIAN_POINT ( 'NONE',  ( 3.937433766819371517, -8.565523156577036445, 9.391065200487568987 ) ) ;
#1853 = CIRCLE ( 'NONE', #2339, 2.433087104677061685 ) ;
#1854 = CARTESIAN_POINT ( 'NONE',  ( 4.949999999999997513, -6.644200000000003214, -2.411999999999999478 ) ) ;
#1855 = DIRECTION ( 'NONE',  ( 1.000000000000000000, 0.000000000000000000, 0.000000000000000000 ) ) ;
#1856 = VECTOR ( 'NONE', #3142, 1000.000000000000000 ) ;
#1857 = EDGE_CURVE ( 'NONE', #1771, #88, #1005, .T. ) ;
#1858 = CARTESIAN_POINT ( 'NONE',  ( 4.949999999999999289, -5.299999999999998046, -1.500000000000000666 ) ) ;
#1859 = LINE ( 'NONE', #2410, #3615 ) ;
#1860 = ORIENTED_EDGE ( 'NONE', *, *, #2588, .T. ) ;
#1861 = FACE_OUTER_BOUND ( 'NONE', #1862, .T. ) ;
#1862 = EDGE_LOOP ( 'NONE', ( #393, #1878, #1342, #2681 ) ) ;
#1863 = AXIS2_PLACEMENT_3D ( 'NONE', #3141, #3689, #1164 ) ;
#1864 = VECTOR ( 'NONE', #2284, 1000.000000000000000 ) ;
#1865 = PLANE ( 'NONE',  #2423 ) ;
#1866 = CIRCLE ( 'NONE', #2352, 0.9119999999999991447 ) ;
#1867 = CARTESIAN_POINT ( 'NONE',  ( 4.720453024754965199, -6.989667805240955545, 9.093480658260252980 ) ) ;
#1868 = CARTESIAN_POINT ( 'NONE',  ( 3.949999999999998845, -6.583691315803124944, 8.321456873126333420 ) ) ;
#1869 = ORIENTED_EDGE ( 'NONE', *, *, #1228, .F. ) ;
#1870 = CARTESIAN_POINT ( 'NONE',  ( -2.772986293234243060, -11.60000000000001030, 11.58795098915740773 ) ) ;
#1871 = CARTESIAN_POINT ( 'NONE',  ( -6.416872916257942094, -6.733087104677055734, -0.8015620356797040769 ) ) ;
#1872 = CARTESIAN_POINT ( 'NONE',  ( 5.733966313455802322, -10.67375194474949041, 9.324234727657374933 ) ) ;
#1873 = ADVANCED_FACE ( 'NONE', ( #2760 ), #672, .F. ) ;
#1874 = MANIFOLD_SOLID_BREP ( 'Cut-Extrude4', #1266 ) ;
#1875 = CARTESIAN_POINT ( 'NONE',  ( -4.949999999999999289, -6.762728116648171195, 8.818002345749585302 ) ) ;
#1876 = CARTESIAN_POINT ( 'NONE',  ( 6.236886797437039220, -6.733087104677055734, -4.273581917256147555 ) ) ;
#1877 = ORIENTED_EDGE ( 'NONE', *, *, #1567, .F. ) ;
#1878 = ORIENTED_EDGE ( 'NONE', *, *, #324, .F. ) ;
#1879 = EDGE_CURVE ( 'NONE', #142, #2583, #1754, .T. ) ;
#1880 = ADVANCED_FACE ( 'NONE', ( #434 ), #2450, .F. ) ;
#1881 = VERTEX_POINT ( 'NONE', #1308 ) ;
#1882 = CARTESIAN_POINT ( 'NONE',  ( 6.451000000000000512, -7.733087104677060175, -8.361449492586217502 ) ) ;
#1883 = CARTESIAN_POINT ( 'NONE',  ( -4.087959208879875739, -10.30048934489902557, 9.018169981923104928 ) ) ;
#1884 = DIRECTION ( 'NONE',  ( 1.000000000000000000, -0.000000000000000000, -0.000000000000000000 ) ) ;
#1885 = ORIENTED_EDGE ( 'NONE', *, *, #624, .T. ) ;
#1886 = CARTESIAN_POINT ( 'NONE',  ( -3.000680438189951893, -11.32710089111842322, 10.29684157670539513 ) ) ;
#1887 = DIRECTION ( 'NONE',  ( -5.414014760983162593E-17, -0.3391897544469196224, 0.9407179760577759620 ) ) ;
#1888 = DIRECTION ( 'NONE',  ( 0.000000000000000000, -0.9407179760577759620, -0.3391897544469196224 ) ) ;
#1889 = EDGE_CURVE ( 'NONE', #11, #2717, #2436, .T. ) ;
#1890 = CARTESIAN_POINT ( 'NONE',  ( -1.645739343164441593, -11.66739943651795386, -2.545819016936922363 ) ) ;
#1891 = LINE ( 'NONE', #3043, #1362 ) ;
#1892 =( BOUNDED_SURFACE ( )  B_SPLINE_SURFACE ( 3, 2, ( 
 ( #3061, #84, #2485 ),
 ( #164, #1662, #3362 ),
 ( #2224, #2693, #202 ),
 ( #144, #1949, #3098 ),
 ( #1004, #3328, #1239 ),
 ( #3609, #492, #2469 ) ),
 .UNSPECIFIED., .F., .F., .F. ) 
 B_SPLINE_SURFACE_WITH_KNOTS ( ( 4, 2, 4 ),
 ( 3, 3 ),
 ( 0.000000000000000000, 0.4681886513960586971, 0.9363773027921173941 ),
 ( 0.000000000000000000, 1.000000000000000000 ),
 .UNSPECIFIED. ) 
 GEOMETRIC_REPRESENTATION_ITEM ( )  RATIONAL_B_SPLINE_SURFACE ( (
 ( 1.000000000000000000, 0.9292741498391176025, 1.000000000000000000),
 ( 1.000000000000000000, 0.9292924659863059933, 1.000000000000000000),
 ( 1.000000000000000000, 0.9220792570310357705, 1.000000000000000000),
 ( 1.000000000000000000, 0.8938808192453667756, 1.000000000000000000),
 ( 1.000000000000000000, 0.8728930858832918416, 1.000000000000000000),
 ( 1.000000000000000000, 0.8458604322079346094, 1.000000000000000000) ) ) 
 REPRESENTATION_ITEM ( '' )  SURFACE ( )  );
#1893 = CARTESIAN_POINT ( 'NONE',  ( -4.896553359447205267, -11.60000000000001386, 11.75240732297993063 ) ) ;
#1894 = CARTESIAN_POINT ( 'NONE',  ( 4.950999999999999623, -11.10000000000000675, 11.58795098915740773 ) ) ;
#1895 = VERTEX_POINT ( 'NONE', #3631 ) ;
#1896 = ORIENTED_EDGE ( 'NONE', *, *, #951, .F. ) ;
#1897 = ORIENTED_EDGE ( 'NONE', *, *, #980, .F. ) ;
#1898 = FACE_OUTER_BOUND ( 'NONE', #78, .T. ) ;
#1899 = DIRECTION ( 'NONE',  ( -0.000000000000000000, 0.000000000000000000, -1.000000000000000000 ) ) ;
#1900 = AXIS2_PLACEMENT_3D ( 'NONE', #1132, #810, #2308 ) ;
#1901 = EDGE_CURVE ( 'NONE', #625, #1283, #1571, .T. ) ;
#1902 = VERTEX_POINT ( 'NONE', #2194 ) ;
#1903 = EDGE_CURVE ( 'NONE', #3708, #3335, #2784, .T. ) ;
#1904 = CARTESIAN_POINT ( 'NONE',  ( -1.817974377250976881, -11.24027777038595488, 3.715426466426199337 ) ) ;
#1905 = DIRECTION ( 'NONE',  ( 0.000000000000000000, 1.000000000000000000, 0.000000000000000000 ) ) ;
#1906 = EDGE_CURVE ( 'NONE', #1016, #2132, #3459, .T. ) ;
#1907 = LINE ( 'NONE', #1606, #41 ) ;
#1908 = VECTOR ( 'NONE', #566, 1000.000000000000000 ) ;
#1909 = CARTESIAN_POINT ( 'NONE',  ( -5.949999999999997513, -6.733087104677055734, -0.4457410624858840209 ) ) ;
#1910 = EDGE_CURVE ( 'NONE', #879, #2132, #1643, .T. ) ;
#1911 = EDGE_CURVE ( 'NONE', #3638, #2574, #2559, .T. ) ;
#1912 = CARTESIAN_POINT ( 'NONE',  ( 6.450000000000000178, -7.146263015843597799, 9.140811345032229696 ) ) ;
#1913 = VECTOR ( 'NONE', #1459, 1000.000000000000000 ) ;
#1914 = CARTESIAN_POINT ( 'NONE',  ( 2.591721080989823900, -11.98687434524687490, -2.975733233849605419 ) ) ;
#1915 = CARTESIAN_POINT ( 'NONE',  ( -4.949999999999999289, -7.233087104677061063, 8.648407468526123409 ) ) ;
#1916 = ORIENTED_EDGE ( 'NONE', *, *, #2276, .T. ) ;
#1917 =( BOUNDED_SURFACE ( )  B_SPLINE_SURFACE ( 3, 2, ( 
 ( #1123, #3452, #3188 ),
 ( #1732, #1107, #586 ),
 ( #1419, #2881, #2318 ),
 ( #3766, #861, #2021 ) ),
 .UNSPECIFIED., .F., .F., .F. ) 
 B_SPLINE_SURFACE_WITH_KNOTS ( ( 4, 4 ),
 ( 3, 3 ),
 ( 4.712388980384689674, 4.955676160301477395 ),
 ( 0.000000000000000000, 1.000000000000000000 ),
 .UNSPECIFIED. ) 
 GEOMETRIC_REPRESENTATION_ITEM ( )  RATIONAL_B_SPLINE_SURFACE ( (
 ( 1.000000000000000000, 0.7071067811865475727, 1.000000000000000000),
 ( 1.000000000000000000, 0.7120858271821225438, 1.000000000000000000),
 ( 1.000000000000000000, 0.7170108276740084774, 1.000000000000000000),
 ( 1.000000000000000000, 0.7217447111168664442, 1.000000000000000000) ) ) 
 REPRESENTATION_ITEM ( '' )  SURFACE ( )  );
#1918 = ORIENTED_EDGE ( 'NONE', *, *, #272, .T. ) ;
#1919 = VECTOR ( 'NONE', #1719, 1000.000000000000000 ) ;
#1920 = ORIENTED_EDGE ( 'NONE', *, *, #1390, .T. ) ;
#1921 = ORIENTED_EDGE ( 'NONE', *, *, #2801, .F. ) ;
#1922 = DIRECTION ( 'NONE',  ( 0.000000000000000000, -0.1736481776669186183, -0.9848077530122101297 ) ) ;
#1923 = CARTESIAN_POINT ( 'NONE',  ( -2.711654458772685850, -10.60000000000000142, 11.58795098915740773 ) ) ;
#1924 = AXIS2_PLACEMENT_3D ( 'NONE', #1096, #2544, #1113 ) ;
#1925 = EDGE_CURVE ( 'NONE', #1601, #1381, #1055, .T. ) ;
#1926 = ORIENTED_EDGE ( 'NONE', *, *, #2182, .F. ) ;
#1927 = CARTESIAN_POINT ( 'NONE',  ( 3.949999999999998845, -8.300961894323346968, -5.733345921728560057 ) ) ;
#1928 = PLANE ( 'NONE',  #154 ) ;
#1929 = LINE ( 'NONE', #2005, #172 ) ;
#1930 = B_SPLINE_CURVE_WITH_KNOTS ( 'NONE', 3,
 ( #291, #3204, #597, #1115, #3756, #555, #2357, #2288, #2593, #10, #1157, #2312, #2014, #271 ),
 .UNSPECIFIED., .F., .F.,
 ( 4, 2, 2, 2, 2, 2, 4 ),
 ( 8.673617379884035472E-19, 0.0003709657412454090298, 0.0007419314824908171922, 0.001483862964981633300, 0.002225794447472449408, 0.002596760188717859522, 0.002967725929963269636 ),
 .UNSPECIFIED. ) ;
#1931 = CARTESIAN_POINT ( 'NONE',  ( -2.314149816779088376, -10.59999999999999609, -4.261854658931081730 ) ) ;
#1932 = EDGE_CURVE ( 'NONE', #1416, #1523, #2775, .T. ) ;
#1933 = DIRECTION ( 'NONE',  ( 0.000000000000000000, -1.629370806621315981E-15, 1.000000000000000000 ) ) ;
#1934 = AXIS2_PLACEMENT_3D ( 'NONE', #2846, #238, #2556 ) ;
#1935 = CARTESIAN_POINT ( 'NONE',  ( -2.772986293234238175, -11.59999999999999964, -4.521487454308140919 ) ) ;
#1936 = CARTESIAN_POINT ( 'NONE',  ( -4.949999999999997513, -4.333456447661467870, -4.086102540378443670 ) ) ;
#1937 = ORIENTED_EDGE ( 'NONE', *, *, #2184, .T. ) ;
#1938 = ORIENTED_EDGE ( 'NONE', *, *, #1518, .F. ) ;
#1939 = ORIENTED_EDGE ( 'NONE', *, *, #2880, .F. ) ;
#1940 = ORIENTED_EDGE ( 'NONE', *, *, #918, .T. ) ;
#1941 = EDGE_CURVE ( 'NONE', #2026, #1674, #720, .T. ) ;
#1942 = ORIENTED_EDGE ( 'NONE', *, *, #2002, .F. ) ;
#1943 = CARTESIAN_POINT ( 'NONE',  ( 6.451000000000001400, -12.59999999999999787, 3.199999999999997069 ) ) ;
#1944 = VECTOR ( 'NONE', #1251, 1000.000000000000000 ) ;
#1945 = ORIENTED_EDGE ( 'NONE', *, *, #2853, .F. ) ;
#1946 = AXIS2_PLACEMENT_3D ( 'NONE', #2429, #952, #2403 ) ;
#1947 = B_SPLINE_CURVE_WITH_KNOTS ( 'NONE', 3,
 ( #2480, #1547, #3289, #426, #2736, #2462 ),
 .UNSPECIFIED., .F., .F.,
 ( 4, 2, 4 ),
 ( 0.000000000000000000, 0.0008333318961968040313, 0.001666663792393608063 ),
 .UNSPECIFIED. ) ;
#1948 = CARTESIAN_POINT ( 'NONE',  ( -3.949999999999999734, -8.443230537916427636, 8.368409843461513731 ) ) ;
#1949 = CARTESIAN_POINT ( 'NONE',  ( 2.887531611039676260, -10.05861136421678736, 10.06487025037460725 ) ) ;
#1950 = DIRECTION ( 'NONE',  ( -1.000000000000000000, -0.000000000000000000, -0.000000000000000000 ) ) ;
#1951 = VECTOR ( 'NONE', #302, 1000.000000000000000 ) ;
#1952 = VERTEX_POINT ( 'NONE', #2518 ) ;
#1953 = CARTESIAN_POINT ( 'NONE',  ( 4.287085751233932207, -6.762728116648171195, 8.818002345749585302 ) ) ;
#1954 = DIRECTION ( 'NONE',  ( 0.000000000000000000, 0.000000000000000000, 1.000000000000000000 ) ) ;
#1955 = VECTOR ( 'NONE', #2390, 1000.000000000000000 ) ;
#1956 = FACE_OUTER_BOUND ( 'NONE', #3275, .T. ) ;
#1957 = DIRECTION ( 'NONE',  ( -0.000000000000000000, -0.000000000000000000, -1.000000000000000000 ) ) ;
#1958 = AXIS2_PLACEMENT_3D ( 'NONE', #2793, #2845, #183 ) ;
#1959 = EDGE_CURVE ( 'NONE', #250, #3495, #2834, .T. ) ;
#1960 = ORIENTED_EDGE ( 'NONE', *, *, #3287, .F. ) ;
#1961 = EDGE_CURVE ( 'NONE', #3746, #879, #3151, .T. ) ;
#1962 = EDGE_CURVE ( 'NONE', #1225, #3473, #3673, .T. ) ;
#1963 = ORIENTED_EDGE ( 'NONE', *, *, #2546, .T. ) ;
#1964 = ORIENTED_EDGE ( 'NONE', *, *, #3337, .F. ) ;
#1965 = ORIENTED_EDGE ( 'NONE', *, *, #2682, .T. ) ;
#1966 =( NAMED_UNIT ( * ) SI_UNIT ( $, .STERADIAN. ) SOLID_ANGLE_UNIT ( ) );
#1967 = VERTEX_POINT ( 'NONE', #2486 ) ;
#1968 = CARTESIAN_POINT ( 'NONE',  ( -3.949999999999998845, -8.300961894323346968, 8.328989300016257147 ) ) ;
#1969 = CARTESIAN_POINT ( 'NONE',  ( -3.898464874824869142, -8.722526917761177501, 8.445798752202813731 ) ) ;
#1970 = DIRECTION ( 'NONE',  ( 0.000000000000000000, -0.9848077530122092416, 0.1736481776669238086 ) ) ;
#1971 = ORIENTED_EDGE ( 'NONE', *, *, #2673, .T. ) ;
#1972 = CARTESIAN_POINT ( 'NONE',  ( 3.205879337300979515, -10.27960766673785642, 10.24439717794212257 ) ) ;
#1973 = LINE ( 'NONE', #2521, #698 ) ;
#1974 = AXIS2_PLACEMENT_3D ( 'NONE', #3256, #2724, #3004 ) ;
#1975 = DIRECTION ( 'NONE',  ( 0.000000000000000000, 0.000000000000000000, -1.000000000000000000 ) ) ;
#1976 = DIRECTION ( 'NONE',  ( 1.000000000000000000, 0.000000000000000000, 0.000000000000000000 ) ) ;
#1977 = EDGE_CURVE ( 'NONE', #3746, #3549, #1929, .T. ) ;
#1978 = ORIENTED_EDGE ( 'NONE', *, *, #517, .T. ) ;
#1979 = ORIENTED_EDGE ( 'NONE', *, *, #548, .F. ) ;
#1980 = ORIENTED_EDGE ( 'NONE', *, *, #691, .F. ) ;
#1981 = VERTEX_POINT ( 'NONE', #3081 ) ;
#1982 = CARTESIAN_POINT ( 'NONE',  ( -4.087959208879875739, -10.30048934489902557, 9.018169981923104928 ) ) ;
#1983 = AXIS2_PLACEMENT_3D ( 'NONE', #1041, #1312, #3597 ) ;
#1984 = VERTEX_POINT ( 'NONE', #1090 ) ;
#1985 = CARTESIAN_POINT ( 'NONE',  ( -2.222377264516578688, -10.69030441845970891, 4.594121271351506053 ) ) ;
#1986 = CARTESIAN_POINT ( 'NONE',  ( -3.852934109497892834, -8.905968145880919451, 8.496627611747076259 ) ) ;
#1987 = CARTESIAN_POINT ( 'NONE',  ( -2.504259813733302309, -12.34302172459230107, 3.846777117249755129 ) ) ;
#1988 = VERTEX_POINT ( 'NONE', #475 ) ;
#1989 = CARTESIAN_POINT ( 'NONE',  ( -6.206752104212802656, -9.721862837573814531, 9.829581457395567767 ) ) ;
#1990 = CARTESIAN_POINT ( 'NONE',  ( 3.000680438189951893, -11.32710089111842322, 10.29684157670539513 ) ) ;
#1991 = CIRCLE ( 'NONE', #519, 1.933087104677062129 ) ;
#1992 = VECTOR ( 'NONE', #3160, 1000.000000000000000 ) ;
#1993 = LINE ( 'NONE', #2610, #3659 ) ;
#1994 = ADVANCED_FACE ( 'NONE', ( #185 ), #3403, .T. ) ;
#1995 = FACE_OUTER_BOUND ( 'NONE', #2109, .T. ) ;
#1996 = DIRECTION ( 'NONE',  ( 0.000000000000000000, 0.3391897544469196224, -0.9407179760577759620 ) ) ;
#1997 = CARTESIAN_POINT ( 'NONE',  ( -5.949999999999997513, -5.299999999999998934, -2.411999999999999478 ) ) ;
#1998 = EDGE_LOOP ( 'NONE', ( #2780, #1338 ) ) ;
#1999 = VERTEX_POINT ( 'NONE', #493 ) ;
#2000 = ORIENTED_EDGE ( 'NONE', *, *, #327, .F. ) ;
#2001 = DIRECTION ( 'NONE',  ( 1.000000000000000000, 0.000000000000000000, 0.000000000000000000 ) ) ;
#2002 = EDGE_CURVE ( 'NONE', #252, #1577, #239, .T. ) ;
#2003 = EDGE_CURVE ( 'NONE', #2895, #2047, #2307, .T. ) ;
#2004 = FACE_OUTER_BOUND ( 'NONE', #3209, .T. ) ;
#2005 = CARTESIAN_POINT ( 'NONE',  ( 4.950999999999999623, -11.10000000000000675, 12.08795098915741306 ) ) ;
#2006 = ORIENTED_EDGE ( 'NONE', *, *, #1961, .F. ) ;
#2007 = VECTOR ( 'NONE', #1322, 1000.000000000000000 ) ;
#2008 = CARTESIAN_POINT ( 'NONE',  ( 1.949999999999999512, -14.59999999999999609, 0.000000000000000000 ) ) ;
#2009 = EDGE_CURVE ( 'NONE', #1895, #1637, #1136, .T. ) ;
#2010 = VECTOR ( 'NONE', #3653, 1000.000000000000000 ) ;
#2011 = DIRECTION ( 'NONE',  ( -1.000000000000000000, 0.000000000000000000, 0.000000000000000000 ) ) ;
#2012 = DIRECTION ( 'NONE',  ( 0.000000000000000000, 0.000000000000000000, 1.000000000000000000 ) ) ;
#2013 = DIRECTION ( 'NONE',  ( 0.000000000000000000, -1.000000000000000000, 0.000000000000000000 ) ) ;
#2014 = CARTESIAN_POINT ( 'NONE',  ( 1.536612374780222723, -12.20277403239700575, 3.235805839601161971 ) ) ;
#2015 = VERTEX_POINT ( 'NONE', #3725 ) ;
#2016 = ORIENTED_EDGE ( 'NONE', *, *, #3137, .T. ) ;
#2017 = ORIENTED_EDGE ( 'NONE', *, *, #1492, .F. ) ;
#2018 = FACE_OUTER_BOUND ( 'NONE', #2135, .T. ) ;
#2019 =( BOUNDED_CURVE ( )  B_SPLINE_CURVE ( 3, ( #3489, #1972, #2363, #883 ),
 .UNSPECIFIED., .F., .T. ) 
 B_SPLINE_CURVE_WITH_KNOTS ( ( 4, 4 ),
 ( 5.346808004387468394, 6.283185307179586232 ),
 .UNSPECIFIED. ) 
 CURVE ( )  GEOMETRIC_REPRESENTATION_ITEM ( )  RATIONAL_B_SPLINE_CURVE ( ( 1.000000000000000000, 0.9282581067182471557, 0.9282581067182471557, 1.000000000000000000 ) ) 
 REPRESENTATION_ITEM ( '' )  );
#2020 = ADVANCED_FACE ( 'NONE', ( #1384 ), #3437, .F. ) ;
#2021 = CARTESIAN_POINT ( 'NONE',  ( -3.898464874824868254, -8.722526917761182830, 8.445798752202813731 ) ) ;
#2022 = DIRECTION ( 'NONE',  ( 0.000000000000000000, -1.000000000000000000, 0.000000000000000000 ) ) ;
#2023 = LINE ( 'NONE', #1734, #2977 ) ;
#2024 = CARTESIAN_POINT ( 'NONE',  ( 4.949999999999999289, -7.733087104677060175, 0.000000000000000000 ) ) ;
#2025 = EDGE_CURVE ( 'NONE', #31, #2271, #3709, .T. ) ;
#2026 = VERTEX_POINT ( 'NONE', #805 ) ;
#2027 = DIRECTION ( 'NONE',  ( -0.000000000000000000, 0.9848077530122102408, -0.1736481776669177857 ) ) ;
#2028 = ADVANCED_FACE ( 'NONE', ( #3768 ), #629, .T. ) ;
#2029 = DIRECTION ( 'NONE',  ( -0.000000000000000000, 0.1736481776669238086, 0.9848077530122092416 ) ) ;
#2030 = LINE ( 'NONE', #330, #694 ) ;
#2031 = CARTESIAN_POINT ( 'NONE',  ( -2.166922966065460976, -10.74961051887894925, -3.535869593670746269 ) ) ;
#2032 = DIRECTION ( 'NONE',  ( 0.000000000000000000, 0.000000000000000000, 1.000000000000000000 ) ) ;
#2033 = CARTESIAN_POINT ( 'NONE',  ( 6.450000000000000178, -8.300961894323346968, 0.000000000000000000 ) ) ;
#2034 = CARTESIAN_POINT ( 'NONE',  ( 4.802700504077066945, -8.973215870013826034, 9.462952425704717285 ) ) ;
#2035 = CARTESIAN_POINT ( 'NONE',  ( -4.949999999999998401, -7.146263015843597799, 9.140811345032231472 ) ) ;
#2036 = EDGE_LOOP ( 'NONE', ( #3431, #1377, #3394 ) ) ;
#2037 = ORIENTED_EDGE ( 'NONE', *, *, #1273, .F. ) ;
#2038 = EDGE_LOOP ( 'NONE', ( #196, #381, #859, #1002, #2250, #2918, #979, #1318 ) ) ;
#2039 = DIRECTION ( 'NONE',  ( 1.000000000000000000, -0.000000000000000000, -0.000000000000000000 ) ) ;
#2040 = VECTOR ( 'NONE', #1712, 1000.000000000000000 ) ;
#2041 = DIRECTION ( 'NONE',  ( 0.000000000000000000, -0.8660254037844387076, -0.4999999999999999445 ) ) ;
#2042 = FACE_OUTER_BOUND ( 'NONE', #3006, .T. ) ;
#2043 =( BOUNDED_CURVE ( )  B_SPLINE_CURVE ( 3, ( #288, #7, #1154, #3732 ),
 .UNSPECIFIED., .F., .T. ) 
 B_SPLINE_CURVE_WITH_KNOTS ( ( 4, 4 ),
 ( 7.611715154139037055E-15, 0.3638330002391623741 ),
 .UNSPECIFIED. ) 
 CURVE ( )  GEOMETRIC_REPRESENTATION_ITEM ( )  RATIONAL_B_SPLINE_CURVE ( ( 1.000000000000000000, 0.9889991839895456716, 0.9889991839895456716, 1.000000000000000000 ) ) 
 REPRESENTATION_ITEM ( '' )  );
#2044 = LINE ( 'NONE', #2365, #2609 ) ;
#2045 = EDGE_CURVE ( 'NONE', #198, #1577, #2044, .T. ) ;
#2046 = CARTESIAN_POINT ( 'NONE',  ( 1.695519280028844555, -11.50919111100867731, -2.629213067001351600 ) ) ;
#2047 = VERTEX_POINT ( 'NONE', #1507 ) ;
#2048 = DIRECTION ( 'NONE',  ( 1.000000000000000000, -8.761229676650544604E-17, 0.000000000000000000 ) ) ;
#2049 = CARTESIAN_POINT ( 'NONE',  ( 3.898464874824869142, -8.722526917761177501, 8.445798752202813731 ) ) ;
#2050 = VECTOR ( 'NONE', #3559, 1000.000000000000000 ) ;
#2051 = EDGE_CURVE ( 'NONE', #2907, #733, #2666, .T. ) ;
#2052 = EDGE_CURVE ( 'NONE', #2059, #531, #1651, .T. ) ;
#2054 = DIRECTION ( 'NONE',  ( 0.000000000000000000, 0.000000000000000000, 1.000000000000000000 ) ) ;
#2053 = VECTOR ( 'NONE', #939, 1000.000000000000000 ) ;
#2055 = CARTESIAN_POINT ( 'NONE',  ( 6.450000000000000178, -6.733087104677056622, -1.114661530410399504 ) ) ;
#2056 = CARTESIAN_POINT ( 'NONE',  ( 4.950999999999999623, -11.60000000000001030, 11.58795098915740773 ) ) ;
#2057 = PLANE ( 'NONE',  #2831 ) ;
#2058 = DIRECTION ( 'NONE',  ( 0.000000000000000000, 3.569419883894063799E-16, -1.000000000000000000 ) ) ;
#2059 = VERTEX_POINT ( 'NONE', #588 ) ;
#2060 = ORIENTED_EDGE ( 'NONE', *, *, #533, .T. ) ;
#2061 = ORIENTED_EDGE ( 'NONE', *, *, #3048, .F. ) ;
#2062 = LINE ( 'NONE', #3166, #2040 ) ;
#2063 = ORIENTED_EDGE ( 'NONE', *, *, #1846, .F. ) ;
#2064 = LINE ( 'NONE', #3405, #3190 ) ;
#2065 = ADVANCED_FACE ( 'NONE', ( #2947 ), #1758, .T. ) ;
#2066 = CARTESIAN_POINT ( 'NONE',  ( -6.450000000000001066, -6.266543552338529111, -4.086102540378443670 ) ) ;
#2067 = CARTESIAN_POINT ( 'NONE',  ( 5.117755140996171015, -11.39114068157666892, 11.99444465888804601 ) ) ;
#2068 = FACE_OUTER_BOUND ( 'NONE', #858, .T. ) ;
#2069 = ORIENTED_EDGE ( 'NONE', *, *, #2539, .F. ) ;
#2070 = CARTESIAN_POINT ( 'NONE',  ( 4.949999999999999289, -6.876620837248638374, 8.077839541923180988 ) ) ;
#2071 = DIRECTION ( 'NONE',  ( 1.000000000000000000, 0.000000000000000000, 0.000000000000000000 ) ) ;
#2072 = CARTESIAN_POINT ( 'NONE',  ( -6.450000000000001066, -4.333456447661466093, -0.7378974596215569504 ) ) ;
#2073 = DIRECTION ( 'NONE',  ( -1.000000000000000000, -0.000000000000000000, -0.000000000000000000 ) ) ;
#2074 = CARTESIAN_POINT ( 'NONE',  ( 1.949999999999999512, -14.59999999999999609, -1.500000000000000000 ) ) ;
#2075 = LINE ( 'NONE', #833, #3618 ) ;
#2076 = CARTESIAN_POINT ( 'NONE',  ( -4.949999999999997513, -6.733087104677056622, -0.4457410624858827441 ) ) ;
#2077 = ORIENTED_EDGE ( 'NONE', *, *, #2972, .F. ) ;
#2078 = ORIENTED_EDGE ( 'NONE', *, *, #3605, .T. ) ;
#2079 = ORIENTED_EDGE ( 'NONE', *, *, #2084, .T. ) ;
#2080 = CARTESIAN_POINT ( 'NONE',  ( -2.772986293234246613, -11.59999999999998543, -2.650631321861654150E-15 ) ) ;
#2081 = ORIENTED_EDGE ( 'NONE', *, *, #156, .T. ) ;
#2082 = AXIS2_PLACEMENT_3D ( 'NONE', #3562, #916, #100 ) ;
#2083 = EDGE_CURVE ( 'NONE', #325, #2293, #114, .T. ) ;
#2084 = EDGE_CURVE ( 'NONE', #1458, #1569, #609, .T. ) ;
#2085 = DIRECTION ( 'NONE',  ( -1.000000000000000000, 0.000000000000000000, 0.000000000000000000 ) ) ;
#2086 = DIRECTION ( 'NONE',  ( 0.000000000000000000, 0.000000000000000000, 1.000000000000000000 ) ) ;
#2087 = CARTESIAN_POINT ( 'NONE',  ( -5.949999999999997513, -5.299999999999998934, -2.411999999999999478 ) ) ;
#2088 = CARTESIAN_POINT ( 'NONE',  ( -3.949999999999998845, -8.300961894323346968, 8.328989300016257147 ) ) ;
#2089 = VECTOR ( 'NONE', #473, 1000.000000000000114 ) ;
#2090 = ORIENTED_EDGE ( 'NONE', *, *, #1196, .T. ) ;
#2091 = CARTESIAN_POINT ( 'NONE',  ( -4.030476370306247169, -12.41775222779606658, 0.000000000000000000 ) ) ;
#2092 = CARTESIAN_POINT ( 'NONE',  ( 3.852934109497892834, -8.905968145880919451, 8.496627611747076259 ) ) ;
#2093 = CARTESIAN_POINT ( 'NONE',  ( 6.450000000000000178, -8.464350799863849417, 9.373225784297222418 ) ) ;
#2094 = DIRECTION ( 'NONE',  ( 1.000000000000000000, -0.000000000000000000, -0.000000000000000000 ) ) ;
#2095 = LINE ( 'NONE', #355, #1313 ) ;
#2096 = AXIS2_PLACEMENT_3D ( 'NONE', #6, #1470, #3460 ) ;
#2097 = CARTESIAN_POINT ( 'NONE',  ( 4.896553359447219478, -11.60000000000000142, 11.19884974457708182 ) ) ;
#2098 = LINE ( 'NONE', #3545, #2713 ) ;
#2099 = VERTEX_POINT ( 'NONE', #257 ) ;
#2100 = ORIENTED_EDGE ( 'NONE', *, *, #792, .T. ) ;
#2101 = VECTOR ( 'NONE', #3494, 1000.000000000000000 ) ;
#2102 = EDGE_LOOP ( 'NONE', ( #54, #2358, #73, #2124 ) ) ;
#2103 = DIRECTION ( 'NONE',  ( -1.000000000000000000, -0.000000000000000000, -0.000000000000000000 ) ) ;
#2104 = CARTESIAN_POINT ( 'NONE',  ( 2.711654458772685405, -10.60000000000000497, 11.58795098915740773 ) ) ;
#2105 = CARTESIAN_POINT ( 'NONE',  ( 3.949999999999998845, -5.299999999999998046, -2.411999999999999922 ) ) ;
#2106 = CIRCLE ( 'NONE', #569, 0.9119999999999991447 ) ;
#2107 = CARTESIAN_POINT ( 'NONE',  ( 4.387167434667573751, -6.797375203094691898, 8.914093505965835718 ) ) ;
#2108 = DIRECTION ( 'NONE',  ( 0.000000000000000000, 0.000000000000000000, 1.000000000000000000 ) ) ;
#2109 = EDGE_LOOP ( 'NONE', ( #3016, #3404, #782, #3351 ) ) ;
#2110 = CARTESIAN_POINT ( 'NONE',  ( -3.949999999999998845, -5.299999999999998046, -2.411999999999999922 ) ) ;
#2111 = CARTESIAN_POINT ( 'NONE',  ( -5.495687225529364284, -10.98850694431948760, 12.08795098915742550 ) ) ;
#2112 = CIRCLE ( 'NONE', #2644, 2.433087104677063461 ) ;
#2113 = CARTESIAN_POINT ( 'NONE',  ( -6.449999999999997513, -5.299999999999998934, -2.411999999999999478 ) ) ;
#2114 = CARTESIAN_POINT ( 'NONE',  ( -4.949999999999997513, -3.639570137611279232, -4.190450317280070003 ) ) ;
#2115 = CYLINDRICAL_SURFACE ( 'NONE', #1122, 1.749999999999998890 ) ;
#2116 = DIRECTION ( 'NONE',  ( -1.000000000000000000, 8.761229676650544604E-17, -0.000000000000000000 ) ) ;
#2117 = CARTESIAN_POINT ( 'NONE',  ( -2.313428730886685880, -10.60068085124339987, -4.253966383332781653 ) ) ;
#2118 = EDGE_LOOP ( 'NONE', ( #2843, #3076 ) ) ;
#2119 = ORIENTED_EDGE ( 'NONE', *, *, #793, .T. ) ;
#2120 = ORIENTED_EDGE ( 'NONE', *, *, #3676, .T. ) ;
#2121 = VECTOR ( 'NONE', #3252, 1000.000000000000000 ) ;
#2122 = CARTESIAN_POINT ( 'NONE',  ( -3.898464874824869142, -8.722526917761177501, 8.445798752202813731 ) ) ;
#2123 = B_SPLINE_CURVE_WITH_KNOTS ( 'NONE', 3,
 ( #188, #3346, #1026, #1350, #1872, #1009, #2196, #1058, #418, #771, #739, #131 ),
 .UNSPECIFIED., .F., .F.,
 ( 4, 2, 2, 2, 2, 4 ),
 ( 0.000000000000000000, 0.0008821057696816016550, 0.001764211539363203310, 0.002205264424204005872, 0.002646317309044808868, 0.003528423078726414426 ),
 .UNSPECIFIED. ) ;
#2124 = ORIENTED_EDGE ( 'NONE', *, *, #1515, .F. ) ;
#2125 = CARTESIAN_POINT ( 'NONE',  ( 4.949999999999998401, -7.146263015843597799, 9.140811345032231472 ) ) ;
#2126 = CARTESIAN_POINT ( 'NONE',  ( 1.449999999999999512, -14.59999999999999609, 0.000000000000000000 ) ) ;
#2127 = CARTESIAN_POINT ( 'NONE',  ( -6.449999999999997513, -6.733087104677055734, -1.114661530410402834 ) ) ;
#2128 = CARTESIAN_POINT ( 'NONE',  ( 4.949999999999999289, -8.300961894323346968, 0.000000000000000000 ) ) ;
#2129 = CARTESIAN_POINT ( 'NONE',  ( -3.898464874824913995, -8.722526917761198817, 8.445798752202778203 ) ) ;
#2130 = DIRECTION ( 'NONE',  ( -1.000000000000000000, -0.000000000000000000, -0.000000000000000000 ) ) ;
#2131 = CIRCLE ( 'NONE', #365, 0.5000000000000022204 ) ;
#2132 = VERTEX_POINT ( 'NONE', #3470 ) ;
#2133 = ORIENTED_EDGE ( 'NONE', *, *, #1683, .F. ) ;
#2134 = VECTOR ( 'NONE', #2813, 1000.000000000000000 ) ;
#2135 = EDGE_LOOP ( 'NONE', ( #1246, #3271, #2413, #590 ) ) ;
#2136 = LINE ( 'NONE', #1017, #2477 ) ;
#2137 = DIRECTION ( 'NONE',  ( 1.000000000000000000, -0.000000000000000000, -0.000000000000000000 ) ) ;
#2138 = CARTESIAN_POINT ( 'NONE',  ( 3.898464874824869142, -8.722526917761177501, 8.445798752202813731 ) ) ;
#2139 = ORIENTED_EDGE ( 'NONE', *, *, #3605, .F. ) ;
#2140 = CARTESIAN_POINT ( 'NONE',  ( 4.950999999999999623, -5.299999999999998046, -4.845087104677062051 ) ) ;
#2141 = DIRECTION ( 'NONE',  ( -1.000000000000000000, 8.761229676650544604E-17, -0.000000000000000000 ) ) ;
#2142 = FACE_OUTER_BOUND ( 'NONE', #3194, .T. ) ;
#2143 = FACE_OUTER_BOUND ( 'NONE', #1579, .T. ) ;
#2144 = CARTESIAN_POINT ( 'NONE',  ( 4.949999999999999289, -9.068586260341026772, -6.459139848010676310 ) ) ;
#2145 = CARTESIAN_POINT ( 'NONE',  ( 1.525555313570568838, -12.50880737144831478, 3.199999999999997069 ) ) ;
#2146 = ORIENTED_EDGE ( 'NONE', *, *, #2459, .T. ) ;
#2147 = VERTEX_POINT ( 'NONE', #2322 ) ;
#2148 = EDGE_CURVE ( 'NONE', #423, #846, #3282, .T. ) ;
#2149 = EDGE_LOOP ( 'NONE', ( #1685, #3684, #2788, #1020, #397 ) ) ;
#2150 = DIRECTION ( 'NONE',  ( -0.03610669146602633189, 0.9993479408251048079, 0.000000000000000000 ) ) ;
#2151 = AXIS2_PLACEMENT_3D ( 'NONE', #3472, #1126, #589 ) ;
#2152 = LINE ( 'NONE', #683, #1393 ) ;
#2153 = LINE ( 'NONE', #984, #3418 ) ;
#2154 = VERTEX_POINT ( 'NONE', #844 ) ;
#2155 = DIRECTION ( 'NONE',  ( 0.000000000000000000, -1.000000000000000000, 0.000000000000000000 ) ) ;
#2156 = CARTESIAN_POINT ( 'NONE',  ( 2.772986293234238175, -11.60000000000000142, 5.096882918728833367 ) ) ;
#2157 = CARTESIAN_POINT ( 'NONE',  ( -2.329990527825852364, -10.58504315792847272, -4.435143161351558838 ) ) ;
#2158 = DIRECTION ( 'NONE',  ( 0.000000000000000000, 0.000000000000000000, -1.000000000000000000 ) ) ;
#2159 =( BOUNDED_SURFACE ( )  B_SPLINE_SURFACE ( 3, 2, ( 
 ( #932, #2950, #3215 ),
 ( #1510, #3157, #2326 ),
 ( #3195, #3475, #1427 ),
 ( #2649, #1468, #62 ) ),
 .UNSPECIFIED., .F., .F., .T. ) 
 B_SPLINE_SURFACE_WITH_KNOTS ( ( 4, 4 ),
 ( 3, 3 ),
 ( 4.712388980384689674, 4.955676160301477395 ),
 ( 0.000000000000000000, 1.000000000000000000 ),
 .UNSPECIFIED. ) 
 GEOMETRIC_REPRESENTATION_ITEM ( )  RATIONAL_B_SPLINE_SURFACE ( (
 ( 1.000000000000000000, 0.7071067811865475727, 1.000000000000000000),
 ( 1.000000000000000000, 0.7120858271821225438, 1.000000000000000000),
 ( 1.000000000000000000, 0.7170108276740084774, 1.000000000000000000),
 ( 1.000000000000000000, 0.7217447111168664442, 1.000000000000000000) ) ) 
 REPRESENTATION_ITEM ( '' )  SURFACE ( )  );
#2160 = AXIS2_PLACEMENT_3D ( 'NONE', #65, #2692, #1216 ) ;
#2161 = EDGE_CURVE ( 'NONE', #1790, #2583, #19, .T. ) ;
#2162 = ADVANCED_FACE ( 'NONE', ( #1166 ), #2382, .T. ) ;
#2163 = CARTESIAN_POINT ( 'NONE',  ( -4.087959208879875739, -10.30048934489902557, 0.000000000000000000 ) ) ;
#2164 = ORIENTED_EDGE ( 'NONE', *, *, #2625, .F. ) ;
#2165 = VERTEX_POINT ( 'NONE', #1715 ) ;
#2166 = AXIS2_PLACEMENT_3D ( 'NONE', #2474, #3636, #741 ) ;
#2167 = CARTESIAN_POINT ( 'NONE',  ( -2.490132350778648807, -12.40054957738846220, -2.659364262702692105 ) ) ;
#2168 = VECTOR ( 'NONE', #2085, 1000.000000000000000 ) ;
#2169 = CARTESIAN_POINT ( 'NONE',  ( -3.949999999999998845, -6.733087104677053958, -7.078677163997933341 ) ) ;
#2170 = CARTESIAN_POINT ( 'NONE',  ( -4.949999999999999289, -8.233087104677061063, 7.809307837348835157 ) ) ;
#2171 = ORIENTED_EDGE ( 'NONE', *, *, #1903, .F. ) ;
#2172 = CARTESIAN_POINT ( 'NONE',  ( -2.314149816779088376, -10.59999999999999609, 10.29684157670538447 ) ) ;
#2173 = DIRECTION ( 'NONE',  ( -1.000000000000000000, -0.000000000000000000, -0.000000000000000000 ) ) ;
#2174 = DIRECTION ( 'NONE',  ( 0.000000000000000000, -1.000000000000000000, 0.000000000000000000 ) ) ;
#2175 = APPLICATION_CONTEXT ( 'automotive_design' ) ;
#2176 = CARTESIAN_POINT ( 'NONE',  ( -5.949999999999997513, -6.733087104677054846, -4.378258937514115878 ) ) ;
#2177 = DIRECTION ( 'NONE',  ( 1.000000000000000000, 0.000000000000000000, 0.000000000000000000 ) ) ;
#2178 = PLANE ( 'NONE',  #2613 ) ;
#2179 = FACE_OUTER_BOUND ( 'NONE', #2491, .T. ) ;
#2180 = ORIENTED_EDGE ( 'NONE', *, *, #293, .F. ) ;
#2181 =( BOUNDED_CURVE ( )  B_SPLINE_CURVE ( 3, ( #2471, #724, #1291, #1890 ),
 .UNSPECIFIED., .F., .T. ) 
 B_SPLINE_CURVE_WITH_KNOTS ( ( 4, 4 ),
 ( 1.606910868208228482, 1.875636914550945722 ),
 .UNSPECIFIED. ) 
 CURVE ( )  GEOMETRIC_REPRESENTATION_ITEM ( )  RATIONAL_B_SPLINE_CURVE ( ( 1.000000000000000000, 0.9939912407228886915, 0.9939912407228886915, 1.000000000000000000 ) ) 
 REPRESENTATION_ITEM ( '' )  );
#2182 = EDGE_CURVE ( 'NONE', #1180, #3622, #1396, .T. ) ;
#2183 = ORIENTED_EDGE ( 'NONE', *, *, #3576, .F. ) ;
#2184 = EDGE_CURVE ( 'NONE', #760, #1794, #2023, .T. ) ;
#2185 = ORIENTED_EDGE ( 'NONE', *, *, #119, .F. ) ;
#2186 = EDGE_CURVE ( 'NONE', #531, #1895, #1572, .T. ) ;
#2187 = DIRECTION ( 'NONE',  ( 0.000000000000000000, 0.8846265015520631270, -0.4663002817410233369 ) ) ;
#2188 = B_SPLINE_CURVE_WITH_KNOTS ( 'NONE', 3,
 ( #1886, #96, #3327, #3008, #128, #1870 ),
 .UNSPECIFIED., .F., .F.,
 ( 4, 2, 4 ),
 ( 0.004091964285099046819, 0.004767851849803368333, 0.005443739414507690715 ),
 .UNSPECIFIED. ) ;
#2189 = LINE ( 'NONE', #2510, #1170 ) ;
#2190 = EDGE_CURVE ( 'NONE', #2803, #340, #2152, .T. ) ;
#2191 = EDGE_CURVE ( 'NONE', #2659, #34, #2404, .T. ) ;
#2192 = ORIENTED_EDGE ( 'NONE', *, *, #826, .F. ) ;
#2193 = CARTESIAN_POINT ( 'NONE',  ( 4.950999999999999623, -3.011151223315919001, -1.586721782416620874 ) ) ;
#2194 = CARTESIAN_POINT ( 'NONE',  ( 6.449999999999997513, -6.644200000000003214, -2.411999999999999478 ) ) ;
#2195 = DIRECTION ( 'NONE',  ( 0.000000000000000000, 0.000000000000000000, -1.000000000000000000 ) ) ;
#2196 = CARTESIAN_POINT ( 'NONE',  ( 5.974353014741936363, -10.25876331848779266, 8.984385287569118361 ) ) ;
#2197 = LINE ( 'NONE', #1374, #2914 ) ;
#2198 = DIRECTION ( 'NONE',  ( 0.000000000000000000, 0.000000000000000000, 1.000000000000000000 ) ) ;
#2199 = ORIENTED_EDGE ( 'NONE', *, *, #155, .T. ) ;
#2200 = EDGE_CURVE ( 'NONE', #3247, #798, #1014, .T. ) ;
#2201 = ORIENTED_EDGE ( 'NONE', *, *, #2528, .F. ) ;
#2202 = VERTEX_POINT ( 'NONE', #3625 ) ;
#2203 = ORIENTED_EDGE ( 'NONE', *, *, #3761, .T. ) ;
#2204 = CARTESIAN_POINT ( 'NONE',  ( 4.137635290879053684, -12.31657248612719968, 0.000000000000000000 ) ) ;
#2205 = CARTESIAN_POINT ( 'NONE',  ( 6.451000000000001400, -12.59999999999999787, 5.199999999999997513 ) ) ;
#2206 = ORIENTED_EDGE ( 'NONE', *, *, #786, .T. ) ;
#2207 = CARTESIAN_POINT ( 'NONE',  ( -1.726107765686504703, -11.42365469411690704, 3.565037876625968938 ) ) ;
#2208 = LINE ( 'NONE', #373, #816 ) ;
#2209 = DIRECTION ( 'NONE',  ( 0.000000000000000000, 0.000000000000000000, 1.000000000000000000 ) ) ;
#2210 = PLANE ( 'NONE',  #1983 ) ;
#2211 = AXIS2_PLACEMENT_3D ( 'NONE', #1749, #2424, #1281 ) ;
#2212 = FACE_OUTER_BOUND ( 'NONE', #136, .T. ) ;
#2213 = EDGE_CURVE ( 'NONE', #1497, #3227, #1526, .T. ) ;
#2214 = DIRECTION ( 'NONE',  ( -1.000000000000000000, 8.761229676650544604E-17, -0.000000000000000000 ) ) ;
#2215 = ORIENTED_EDGE ( 'NONE', *, *, #3272, .F. ) ;
#2216 = VERTEX_POINT ( 'NONE', #2705 ) ;
#2217 = ORIENTED_EDGE ( 'NONE', *, *, #980, .T. ) ;
#2218 = ORIENTED_EDGE ( 'NONE', *, *, #2267, .F. ) ;
#2219 = ORIENTED_EDGE ( 'NONE', *, *, #2700, .F. ) ;
#2220 = CARTESIAN_POINT ( 'NONE',  ( -3.401428587469010001, -9.573388453780598439, 9.018169981923101375 ) ) ;
#2221 = VECTOR ( 'NONE', #1839, 1000.000000000000000 ) ;
#2222 = ORIENTED_EDGE ( 'NONE', *, *, #2459, .F. ) ;
#2223 = DIRECTION ( 'NONE',  ( 1.000000000000000000, 0.000000000000000000, 0.000000000000000000 ) ) ;
#2224 = CARTESIAN_POINT ( 'NONE',  ( 2.837313257650497356, -10.51853887265412268, 10.90447140960900363 ) ) ;
#2225 = DIRECTION ( 'NONE',  ( -1.000000000000000000, 0.000000000000000000, 0.000000000000000000 ) ) ;
#2226 = CARTESIAN_POINT ( 'NONE',  ( -4.949999999999997513, -6.733087104677055734, -0.4457410624858840209 ) ) ;
#2227 = LINE ( 'NONE', #3102, #2878 ) ;
#2228 = EDGE_CURVE ( 'NONE', #1283, #2507, #700, .T. ) ;
#2229 = ADVANCED_FACE ( 'NONE', ( #983 ), #1529, .F. ) ;
#2230 = ADVANCED_FACE ( 'NONE', ( #3021 ), #3570, .T. ) ;
#2231 = CARTESIAN_POINT ( 'NONE',  ( 6.450000000000000178, -8.300961894323346968, 8.328989300016257147 ) ) ;
#2232 = VERTEX_POINT ( 'NONE', #3254 ) ;
#2233 = ORIENTED_EDGE ( 'NONE', *, *, #2746, .F. ) ;
#2234 = ORIENTED_EDGE ( 'NONE', *, *, #3471, .F. ) ;
#2235 = ORIENTED_EDGE ( 'NONE', *, *, #3297, .T. ) ;
#2236 = DIRECTION ( 'NONE',  ( 1.412006369463988051E-16, 0.8846265015520634600, -0.4663002817410225043 ) ) ;
#2237 = VERTEX_POINT ( 'NONE', #2169 ) ;
#2238 = CARTESIAN_POINT ( 'NONE',  ( 6.450000000000000178, -7.146263015843597799, 9.140811345032229696 ) ) ;
#2239 = CARTESIAN_POINT ( 'NONE',  ( 3.949999999999999734, -3.011151223315919001, -1.586721782416620652 ) ) ;
#2240 = DIRECTION ( 'NONE',  ( 0.000000000000000000, -1.000000000000000000, 0.000000000000000000 ) ) ;
#2241 = AXIS2_PLACEMENT_3D ( 'NONE', #2535, #3707, #2258 ) ;
#2242 = VERTEX_POINT ( 'NONE', #2723 ) ;
#2243 = LINE ( 'NONE', #3531, #212 ) ;
#2244 = PLANE ( 'NONE',  #38 ) ;
#2245 = EDGE_CURVE ( 'NONE', #1601, #697, #649, .T. ) ;
#2246 = VECTOR ( 'NONE', #3283, 1000.000000000000114 ) ;
#2247 = CARTESIAN_POINT ( 'NONE',  ( 3.949999999999998845, -6.876620837248679230, 8.077839541923195199 ) ) ;
#2248 = CARTESIAN_POINT ( 'NONE',  ( 6.027402751197742603, -6.733087104677054846, -4.378258937514603488 ) ) ;
#2249 = VECTOR ( 'NONE', #329, 1000.000000000000114 ) ;
#2250 = ORIENTED_EDGE ( 'NONE', *, *, #3366, .T. ) ;
#2251 = ORIENTED_EDGE ( 'NONE', *, *, #1249, .T. ) ;
#2252 = ORIENTED_EDGE ( 'NONE', *, *, #3249, .T. ) ;
#2253 = ORIENTED_EDGE ( 'NONE', *, *, #410, .T. ) ;
#2254 = CARTESIAN_POINT ( 'NONE',  ( 1.578323198096190261, -11.88165835477635923, -2.432879834384589213 ) ) ;
#2255 = VERTEX_POINT ( 'NONE', #1819 ) ;
#2256 = CARTESIAN_POINT ( 'NONE',  ( 2.490132350778648807, -12.40054957738846220, -2.659364262702692105 ) ) ;
#2257 = LINE ( 'NONE', #804, #759 ) ;
#2258 = DIRECTION ( 'NONE',  ( 0.000000000000000000, -0.8846265015520634600, 0.4663002817410225598 ) ) ;
#2259 = EDGE_CURVE ( 'NONE', #981, #2202, #2738, .T. ) ;
#2260 = EDGE_LOOP ( 'NONE', ( #2016, #2988, #665, #1831, #2835, #1960, #1269, #1091 ) ) ;
#2261 = DIRECTION ( 'NONE',  ( -1.000000000000000000, -0.000000000000000000, -0.000000000000000000 ) ) ;
#2262 = CARTESIAN_POINT ( 'NONE',  ( -3.756608816926257699, -9.238026323681900465, -5.239404798946508457 ) ) ;
#2263 = CIRCLE ( 'NONE', #2754, 0.5000000000000038858 ) ;
#2264 = CARTESIAN_POINT ( 'NONE',  ( -4.949999999999997513, -7.233087104677059287, -2.412000000000000810 ) ) ;
#2265 = CARTESIAN_POINT ( 'NONE',  ( 2.594807529933691015, -10.33500223068162782, -4.661171868325921785 ) ) ;
#2266 = EDGE_CURVE ( 'NONE', #1381, #2237, #1000, .T. ) ;
#2267 = EDGE_CURVE ( 'NONE', #3335, #3429, #2671, .T. ) ;
#2268 = CARTESIAN_POINT ( 'NONE',  ( 6.451000000000001400, -10.10185208981111415, -4.218858617549887668 ) ) ;
#2269 = FACE_OUTER_BOUND ( 'NONE', #2733, .T. ) ;
#2270 = ORIENTED_EDGE ( 'NONE', *, *, #3693, .F. ) ;
#2271 = VERTEX_POINT ( 'NONE', #3273 ) ;
#2272 = ORIENTED_EDGE ( 'NONE', *, *, #1060, .T. ) ;
#2273 = PLANE ( 'NONE',  #3360 ) ;
#2274 =( BOUNDED_CURVE ( )  B_SPLINE_CURVE ( 3, ( #772, #210, #1352, #1333 ),
 .UNSPECIFIED., .F., .T. ) 
 B_SPLINE_CURVE_WITH_KNOTS ( ( 4, 4 ),
 ( 2.055900234800209780, 2.336884801502284059 ),
 .UNSPECIFIED. ) 
 CURVE ( )  GEOMETRIC_REPRESENTATION_ITEM ( )  RATIONAL_B_SPLINE_CURVE ( ( 1.000000000000000000, 0.9934314543182773960, 0.9934314543182773960, 1.000000000000000000 ) ) 
 REPRESENTATION_ITEM ( '' )  );
#2275 = AXIS2_PLACEMENT_3D ( 'NONE', #847, #2027, #2541 ) ;
#2276 = EDGE_CURVE ( 'NONE', #765, #2507, #428, .T. ) ;
#2277 = DIRECTION ( 'NONE',  ( 0.000000000000000000, 0.4999999999999999445, -0.8660254037844387076 ) ) ;
#2278 = DIRECTION ( 'NONE',  ( -1.000000000000000000, -0.000000000000000000, -0.000000000000000000 ) ) ;
#2279 = DIRECTION ( 'NONE',  ( -1.000000000000000000, -0.000000000000000000, -0.000000000000000000 ) ) ;
#2280 = ORIENTED_EDGE ( 'NONE', *, *, #1580, .F. ) ;
#2281 = CARTESIAN_POINT ( 'NONE',  ( 3.949999999999998845, -7.233087104677054846, -6.861449492586219279 ) ) ;
#2282 = VECTOR ( 'NONE', #842, 1000.000000000000000 ) ;
#2283 = DIRECTION ( 'NONE',  ( 0.000000000000000000, 0.000000000000000000, 1.000000000000000000 ) ) ;
#2284 = DIRECTION ( 'NONE',  ( 0.000000000000000000, 0.000000000000000000, 1.000000000000000000 ) ) ;
#2285 = VECTOR ( 'NONE', #2612, 1000.000000000000000 ) ;
#2286 = B_SPLINE_CURVE_WITH_KNOTS ( 'NONE', 3,
 ( #258, #1759, #1780, #1422 ),
 .UNSPECIFIED., .F., .F.,
 ( 4, 4 ),
 ( 0.0008861204596384690026, 0.001303149574570396010 ),
 .UNSPECIFIED. ) ;
#2287 = CARTESIAN_POINT ( 'NONE',  ( -3.401428587469011333, -9.573388453780596663, 9.018169981923099598 ) ) ;
#2288 = CARTESIAN_POINT ( 'NONE',  ( 1.817974377250976881, -11.24027777038595488, 3.715426466426199337 ) ) ;
#2289 = ORIENTED_EDGE ( 'NONE', *, *, #873, .T. ) ;
#2290 = VERTEX_POINT ( 'NONE', #2122 ) ;
#2291 = ORIENTED_EDGE ( 'NONE', *, *, #2292, .F. ) ;
#2292 = EDGE_CURVE ( 'NONE', #2660, #2964, #668, .T. ) ;
#2293 = VERTEX_POINT ( 'NONE', #1252 ) ;
#2294 = EDGE_CURVE ( 'NONE', #1119, #1283, #3290, .T. ) ;
#2295 = DIRECTION ( 'NONE',  ( 1.166704277937239789E-16, 0.7309439575185778804, 0.6824374923515554858 ) ) ;
#2296 = ADVANCED_FACE ( 'NONE', ( #3398 ), #1035, .T. ) ;
#2297 = CARTESIAN_POINT ( 'NONE',  ( -0.4999999999999995559, -10.59999999999999787, 11.58795098915740773 ) ) ;
#2298 = CARTESIAN_POINT ( 'NONE',  ( -4.496225972351028055, -6.855355840406669010, 8.987025529991795381 ) ) ;
#2299 =( BOUNDED_CURVE ( )  B_SPLINE_CURVE ( 3, ( #693, #3015, #3348, #1079 ),
 .UNSPECIFIED., .F., .T. ) 
 B_SPLINE_CURVE_WITH_KNOTS ( ( 4, 4 ),
 ( 1.414285353254860711, 1.570796326794896558 ),
 .UNSPECIFIED. ) 
 CURVE ( )  GEOMETRIC_REPRESENTATION_ITEM ( )  RATIONAL_B_SPLINE_CURVE ( ( 1.000000000000000000, 0.9979597344511408341, 0.9979597344511408341, 1.000000000000000000 ) ) 
 REPRESENTATION_ITEM ( '' )  );
#2300 = EDGE_CURVE ( 'NONE', #358, #3091, #2189, .T. ) ;
#2301 = CARTESIAN_POINT ( 'NONE',  ( -3.173684312292858856, -11.16375016683082322, -5.354746617448706836 ) ) ;
#2302 = LINE ( 'NONE', #1191, #632 ) ;
#2303 = ORIENTED_EDGE ( 'NONE', *, *, #1390, .F. ) ;
#2304 = CARTESIAN_POINT ( 'NONE',  ( -3.401428587469011333, -9.573388453780596663, -5.062630244401820967 ) ) ;
#2305 = DIRECTION ( 'NONE',  ( 1.000000000000000000, -0.000000000000000000, -0.000000000000000000 ) ) ;
#2306 = DIRECTION ( 'NONE',  ( 0.000000000000000000, 0.000000000000000000, 1.000000000000000000 ) ) ;
#2307 = CIRCLE ( 'NONE', #2481, 2.433087104677063461 ) ;
#2308 = DIRECTION ( 'NONE',  ( 0.000000000000000000, 0.000000000000000000, 1.000000000000000000 ) ) ;
#2309 = DIRECTION ( 'NONE',  ( 0.000000000000000000, 0.000000000000000000, 1.000000000000000000 ) ) ;
#2310 = FACE_OUTER_BOUND ( 'NONE', #2508, .T. ) ;
#2311 = DIRECTION ( 'NONE',  ( 0.000000000000000000, -0.9407179760577759620, -0.3391897544469196224 ) ) ;
#2312 = CARTESIAN_POINT ( 'NONE',  ( 1.550243260548948898, -12.08240422297518535, 3.264240157603823800 ) ) ;
#2313 = ORIENTED_EDGE ( 'NONE', *, *, #1903, .T. ) ;
#2314 = ORIENTED_EDGE ( 'NONE', *, *, #3225, .T. ) ;
#2315 = EDGE_CURVE ( 'NONE', #2804, #2659, #236, .T. ) ;
#2316 = ORIENTED_EDGE ( 'NONE', *, *, #127, .T. ) ;
#2317 = CARTESIAN_POINT ( 'NONE',  ( -1.449999999999999512, -14.59999999999999609, 0.000000000000000000 ) ) ;
#2318 = CARTESIAN_POINT ( 'NONE',  ( -3.932655112531213693, -8.584776121140118121, 8.407630037539252754 ) ) ;
#2319 = DIRECTION ( 'NONE',  ( -0.9705513570427835024, -0.2408942991073293738, 0.000000000000000000 ) ) ;
#2320 = ADVANCED_FACE ( 'NONE', ( #781 ), #489, .T. ) ;
#2321 = ADVANCED_FACE ( 'NONE', ( #3112 ), #1231, .T. ) ;
#2322 = CARTESIAN_POINT ( 'NONE',  ( 6.421796260437353077, -8.789773039201598692, 9.430606505215031632 ) ) ;
#2323 = CARTESIAN_POINT ( 'NONE',  ( 0.4999999999999995559, -10.59999999999999787, 11.58795098915740773 ) ) ;
#2324 = ORIENTED_EDGE ( 'NONE', *, *, #823, .T. ) ;
#2325 = DIRECTION ( 'NONE',  ( 0.03610669146602633189, 0.9993479408251048079, 0.000000000000000000 ) ) ;
#2326 = CARTESIAN_POINT ( 'NONE',  ( 4.949999999997544364, -8.350348431485643985, 9.353124090887472875 ) ) ;
#2327 = CARTESIAN_POINT ( 'NONE',  ( 3.512055031888248635, -9.468934666748662465, 8.897377331872968753 ) ) ;
#2328 = CARTESIAN_POINT ( 'NONE',  ( -6.450000000000001066, -4.333456447661466093, -0.7378974596215569504 ) ) ;
#2329 = CYLINDRICAL_SURFACE ( 'NONE', #3556, 0.4999999999999995559 ) ;
#2330 = CARTESIAN_POINT ( 'NONE',  ( 6.449999999999997513, -3.955799999999997318, -2.411999999999999478 ) ) ;
#2331 = EDGE_CURVE ( 'NONE', #2165, #1458, #2558, .T. ) ;
#2332 = DIRECTION ( 'NONE',  ( 0.000000000000000000, 0.000000000000000000, 1.000000000000000000 ) ) ;
#2333 = CARTESIAN_POINT ( 'NONE',  ( 5.782336559964174505, -10.58790330481495978, 11.32439987520814562 ) ) ;
#2334 = ORIENTED_EDGE ( 'NONE', *, *, #892, .F. ) ;
#2335 = ORIENTED_EDGE ( 'NONE', *, *, #1959, .F. ) ;
#2336 = VERTEX_POINT ( 'NONE', #3130 ) ;
#2337 = CARTESIAN_POINT ( 'NONE',  ( -2.772986293234238175, -11.59999999999999609, -4.656557420857756924 ) ) ;
#2338 = B_SPLINE_CURVE_WITH_KNOTS ( 'NONE', 3,
 ( #3298, #2749, #1012, #3370, #1876, #2504, #2248, #134 ),
 .UNSPECIFIED., .F., .F.,
 ( 4, 2, 2, 4 ),
 ( 0.001395312447585943466, 0.001851536363749249018, 0.002079648321830900818, 0.002307760279912553052 ),
 .UNSPECIFIED. ) ;
#2339 = AXIS2_PLACEMENT_3D ( 'NONE', #1997, #1412, #3223 ) ;
#2340 = PLANE ( 'NONE',  #1056 ) ;
#2341 = LINE ( 'NONE', #1420, #2282 ) ;
#2342 = VECTOR ( 'NONE', #477, 1000.000000000000000 ) ;
#2343 = CARTESIAN_POINT ( 'NONE',  ( 6.451000000000001400, -10.33500223068162782, -4.661171868325921785 ) ) ;
#2344 = DIRECTION ( 'NONE',  ( -0.000000000000000000, 1.000000000000000000, -0.000000000000000000 ) ) ;
#2345 = VERTEX_POINT ( 'NONE', #1361 ) ;
#2346 = DIRECTION ( 'NONE',  ( -1.000000000000000000, 0.000000000000000000, 0.000000000000000000 ) ) ;
#2347 = PLANE ( 'NONE',  #2641 ) ;
#2348 = CIRCLE ( 'NONE', #1863, 2.433087104677061685 ) ;
#2349 = DIRECTION ( 'NONE',  ( -0.000000000000000000, 0.4663002817410233369, 0.8846265015520631270 ) ) ;
#2350 = FACE_OUTER_BOUND ( 'NONE', #2149, .T. ) ;
#2351 = EDGE_CURVE ( 'NONE', #3495, #3640, #2553, .T. ) ;
#2352 = AXIS2_PLACEMENT_3D ( 'NONE', #875, #2547, #247 ) ;
#2353 = CARTESIAN_POINT ( 'NONE',  ( -1.949999999999999512, -14.59999999999999609, 0.000000000000000000 ) ) ;
#2354 = ADVANCED_FACE ( 'NONE', ( #732 ), #2770, .T. ) ;
#2355 = ADVANCED_FACE ( 'NONE', ( #1324 ), #3646, .T. ) ;
#2356 = CARTESIAN_POINT ( 'NONE',  ( 4.087959208879874851, -9.707779657957114949, 9.823586164405934795 ) ) ;
#2357 = CARTESIAN_POINT ( 'NONE',  ( 2.006879198781099660, -10.93901436917399472, 4.062489625329109622 ) ) ;
#2358 = ORIENTED_EDGE ( 'NONE', *, *, #1647, .T. ) ;
#2359 = EDGE_LOOP ( 'NONE', ( #2360, #1965, #3095, #472, #3606, #3413, #1044, #490, #745, #1634, #1140 ) ) ;
#2360 = ORIENTED_EDGE ( 'NONE', *, *, #1595, .T. ) ;
#2361 = CARTESIAN_POINT ( 'NONE',  ( 3.949999999999998845, -6.733087104677053958, -7.078677163997933341 ) ) ;
#2362 = ORIENTED_EDGE ( 'NONE', *, *, #819, .T. ) ;
#2363 = CARTESIAN_POINT ( 'NONE',  ( 2.711654458772685405, -10.60000000000000142, 10.87797269319372440 ) ) ;
#2364 = CARTESIAN_POINT ( 'NONE',  ( -0.5000000000000000000, -14.59999999999999609, 11.08795098915741661 ) ) ;
#2365 = CARTESIAN_POINT ( 'NONE',  ( -4.949999999999999289, -8.300961894323346968, 0.000000000000000000 ) ) ;
#2366 = DIRECTION ( 'NONE',  ( -1.000000000000000000, -0.000000000000000000, -0.000000000000000000 ) ) ;
#2367 = ORIENTED_EDGE ( 'NONE', *, *, #1977, .F. ) ;
#2368 = DIRECTION ( 'NONE',  ( 0.000000000000000000, 0.000000000000000000, 1.000000000000000000 ) ) ;
#2369 = CARTESIAN_POINT ( 'NONE',  ( -5.694277797525394647, -10.72092506130645440, 11.92056911025153454 ) ) ;
#2370 = DIRECTION ( 'NONE',  ( -1.000000000000000000, 8.761229676650544604E-17, -0.000000000000000000 ) ) ;
#2371 = ADVANCED_FACE ( 'NONE', ( #3075 ), #1638, .T. ) ;
#2372 = CARTESIAN_POINT ( 'NONE',  ( 5.774482310579633904, -10.59999999999999787, 11.58795098915740773 ) ) ;
#2373 = CARTESIAN_POINT ( 'NONE',  ( -4.950999999999999623, -7.146263015843597799, 9.140811345032231472 ) ) ;
#2374 = FACE_OUTER_BOUND ( 'NONE', #3074, .T. ) ;
#2375 = CARTESIAN_POINT ( 'NONE',  ( 4.950999999999999623, -3.639570137611278344, -4.190450317280070003 ) ) ;
#2376 = ORIENTED_EDGE ( 'NONE', *, *, #1910, .F. ) ;
#2377 = ORIENTED_EDGE ( 'NONE', *, *, #155, .F. ) ;
#2378 = CARTESIAN_POINT ( 'NONE',  ( -4.922871768584276886, -8.572791714038313415, 9.392346843278863489 ) ) ;
#2379 = ORIENTED_EDGE ( 'NONE', *, *, #2672, .T. ) ;
#2380 = CARTESIAN_POINT ( 'NONE',  ( -6.133538009811411840, -9.913506665953786268, 9.990429263019505512 ) ) ;
#2381 = DIRECTION ( 'NONE',  ( 0.000000000000000000, 1.000000000000000000, 1.734723475976802558E-15 ) ) ;
#2382 = PLANE ( 'NONE',  #419 ) ;
#2383 = DIRECTION ( 'NONE',  ( 0.000000000000000000, -1.000000000000000000, 0.000000000000000000 ) ) ;
#2384 = ORIENTED_EDGE ( 'NONE', *, *, #246, .T. ) ;
#2385 = CYLINDRICAL_SURFACE ( 'NONE', #652, 2.499999999999998668 ) ;
#2386 = ADVANCED_FACE ( 'NONE', ( #3722 ), #2273, .T. ) ;
#2387 = CARTESIAN_POINT ( 'NONE',  ( -5.398106577800377615, -11.10000000000001918, 12.08795098915746991 ) ) ;
#2388 = PLANE ( 'NONE',  #1226 ) ;
#2389 = DIRECTION ( 'NONE',  ( -1.000000000000000000, 8.761229676650544604E-17, -0.000000000000000000 ) ) ;
#2390 = DIRECTION ( 'NONE',  ( 0.000000000000000000, 0.000000000000000000, 1.000000000000000000 ) ) ;
#2391 = VECTOR ( 'NONE', #973, 1000.000000000000000 ) ;
#2392 = CARTESIAN_POINT ( 'NONE',  ( -4.949999999999997513, -5.299999999999998934, -2.411999999999999478 ) ) ;
#2393 = LINE ( 'NONE', #116, #1182 ) ;
#2394 = EDGE_CURVE ( 'NONE', #3354, #1169, #1774, .T. ) ;
#2395 = ORIENTED_EDGE ( 'NONE', *, *, #3639, .T. ) ;
#2396 = VERTEX_POINT ( 'NONE', #882 ) ;
#2397 = ORIENTED_EDGE ( 'NONE', *, *, #3138, .T. ) ;
#2398 = CARTESIAN_POINT ( 'NONE',  ( -5.774482310579701405, -10.59999999999999964, 11.45569753719046346 ) ) ;
#2399 = CARTESIAN_POINT ( 'NONE',  ( 2.414806479979570319, -12.70728091485376865, 3.699999999999997513 ) ) ;
#2400 = DIRECTION ( 'NONE',  ( 1.000000000000000000, 0.000000000000000000, 0.000000000000000000 ) ) ;
#2401 = EDGE_CURVE ( 'NONE', #3140, #1497, #2062, .T. ) ;
#2402 = ORIENTED_EDGE ( 'NONE', *, *, #1911, .T. ) ;
#2403 = DIRECTION ( 'NONE',  ( 0.000000000000000000, 0.000000000000000000, 1.000000000000000000 ) ) ;
#2404 =( BOUNDED_CURVE ( )  B_SPLINE_CURVE ( 3, ( #1883, #2755, #1267, #3307 ),
 .UNSPECIFIED., .F., .F. ) 
 B_SPLINE_CURVE_WITH_KNOTS ( ( 4, 4 ),
 ( 5.346808004387472835, 5.866581358690184267 ),
 .UNSPECIFIED. ) 
 CURVE ( )  GEOMETRIC_REPRESENTATION_ITEM ( )  RATIONAL_B_SPLINE_CURVE ( ( 1.000000000000000000, 0.9776127366864661994, 0.9776127366864661994, 1.000000000000000000 ) ) 
 REPRESENTATION_ITEM ( '' )  );
#2405 = VECTOR ( 'NONE', #913, 1000.000000000000114 ) ;
#2406 = CARTESIAN_POINT ( 'NONE',  ( 4.949999999999999289, -3.011151223315919001, -1.586721782416620874 ) ) ;
#2407 = DIRECTION ( 'NONE',  ( -1.000000000000000000, 0.000000000000000000, 0.000000000000000000 ) ) ;
#2408 = AXIS2_PLACEMENT_3D ( 'NONE', #3583, #1576, #1495 ) ;
#2409 = CARTESIAN_POINT ( 'NONE',  ( 2.314149816779088376, -10.59999999999999609, 0.000000000000000000 ) ) ;
#2410 = CARTESIAN_POINT ( 'NONE',  ( 4.949999999999999289, -6.733087104677055734, 5.596403449619694055E-16 ) ) ;
#2411 = EDGE_LOOP ( 'NONE', ( #1502, #1404, #3376 ) ) ;
#2412 = ORIENTED_EDGE ( 'NONE', *, *, #871, .T. ) ;
#2413 = ORIENTED_EDGE ( 'NONE', *, *, #548, .T. ) ;
#2414 = EDGE_CURVE ( 'NONE', #2560, #3548, #2106, .T. ) ;
#2415 = CARTESIAN_POINT ( 'NONE',  ( -1.449999999999999512, -14.59999999999999609, 0.000000000000000000 ) ) ;
#2416 = VECTOR ( 'NONE', #1787, 1000.000000000000000 ) ;
#2417 = CARTESIAN_POINT ( 'NONE',  ( 2.573758920962800456, -12.06001730808829819, 4.119057818140072769 ) ) ;
#2418 = ORIENTED_EDGE ( 'NONE', *, *, #3067, .F. ) ;
#2419 = CARTESIAN_POINT ( 'NONE',  ( -6.450000000000001066, -5.299999999999998046, -2.411999999999999922 ) ) ;
#2420 = FILL_AREA_STYLE_COLOUR ( '', #1006 ) ;
#2421 = CARTESIAN_POINT ( 'NONE',  ( 2.857141528534721697, -11.48141769143223101, 10.69742180331951253 ) ) ;
#2422 = CARTESIAN_POINT ( 'NONE',  ( -6.421796260437353077, -8.789773039201598692, 9.430606505215031632 ) ) ;
#2423 = AXIS2_PLACEMENT_3D ( 'NONE', #2204, #747, #3603 ) ;
#2424 = DIRECTION ( 'NONE',  ( 1.000000000000000000, 0.000000000000000000, 0.000000000000000000 ) ) ;
#2425 = ORIENTED_EDGE ( 'NONE', *, *, #3303, .T. ) ;
#2426 = PLANE ( 'NONE',  #962 ) ;
#2427 = VECTOR ( 'NONE', #2470, 1000.000000000000000 ) ;
#2428 = ORIENTED_EDGE ( 'NONE', *, *, #2934, .T. ) ;
#2429 = CARTESIAN_POINT ( 'NONE',  ( 4.950999999999999623, -10.59999999999999787, -4.521487454308140919 ) ) ;
#2430 = AXIS2_PLACEMENT_3D ( 'NONE', #2409, #1810, #2996 ) ;
#2431 = CARTESIAN_POINT ( 'NONE',  ( 4.087959208879874851, -9.707779657957114949, 9.823586164405934795 ) ) ;
#2432 = ORIENTED_EDGE ( 'NONE', *, *, #104, .F. ) ;
#2433 = EDGE_CURVE ( 'NONE', #1169, #1180, #382, .T. ) ;
#2434 = EDGE_CURVE ( 'NONE', #697, #623, #602, .T. ) ;
#2435 = CARTESIAN_POINT ( 'NONE',  ( -2.314149816779088376, -10.59999999999999609, 5.199999999999997513 ) ) ;
#2436 = LINE ( 'NONE', #401, #2427 ) ;
#2437 = AXIS2_PLACEMENT_3D ( 'NONE', #613, #351, #1488 ) ;
#2438 = CARTESIAN_POINT ( 'NONE',  ( 2.772986293234243060, -11.60000000000001030, 11.58795098915740773 ) ) ;
#2439 = LINE ( 'NONE', #3674, #1243 ) ;
#2440 = CARTESIAN_POINT ( 'NONE',  ( -2.609625013428935159, -11.91396848853815449, 4.259572497884493991 ) ) ;
#2441 = CARTESIAN_POINT ( 'NONE',  ( 6.449999999999997513, -5.299999999999999822, -2.411999999999999478 ) ) ;
#2442 = ORIENTED_EDGE ( 'NONE', *, *, #1906, .T. ) ;
#2443 = ORIENTED_EDGE ( 'NONE', *, *, #2003, .F. ) ;
#2444 = CARTESIAN_POINT ( 'NONE',  ( -4.949999999999997513, -5.299999999999998046, -4.845087104677062051 ) ) ;
#2445 = AXIS2_PLACEMENT_3D ( 'NONE', #1230, #610, #2383 ) ;
#2446 = CARTESIAN_POINT ( 'NONE',  ( -3.949999999999998845, -6.733087104677053958, -6.861449492586219279 ) ) ;
#2447 = VERTEX_POINT ( 'NONE', #860 ) ;
#2448 = CARTESIAN_POINT ( 'NONE',  ( -4.949999999999999289, -8.146263015843599575, 8.301711713854940555 ) ) ;
#2449 = CARTESIAN_POINT ( 'NONE',  ( 2.924496058181999647, -10.02370943358137190, 9.349563381715858768 ) ) ;
#2450 = PLANE ( 'NONE',  #1766 ) ;
#2451 = CARTESIAN_POINT ( 'NONE',  ( 4.087959208879875739, -10.30048934489902557, -5.809784719717332457 ) ) ;
#2452 = CARTESIAN_POINT ( 'NONE',  ( 6.451000000000000512, -7.233087104677055734, -8.361449492586219279 ) ) ;
#2453 = ADVANCED_FACE ( 'NONE', ( #2018 ), #3468, .T. ) ;
#2454 = TOROIDAL_SURFACE ( 'NONE', #1806, 1.933087104677062129, 0.4999999999999995559 ) ;
#2455 = PLANE ( 'NONE',  #1588 ) ;
#2456 = DIRECTION ( 'NONE',  ( 0.000000000000000000, 0.000000000000000000, 1.000000000000000000 ) ) ;
#2457 = ORIENTED_EDGE ( 'NONE', *, *, #1770, .F. ) ;
#2458 = EDGE_CURVE ( 'NONE', #1119, #765, #253, .T. ) ;
#2459 = EDGE_CURVE ( 'NONE', #2750, #1775, #3762, .T. ) ;
#2460 = ORIENTED_EDGE ( 'NONE', *, *, #1130, .F. ) ;
#2461 = EDGE_LOOP ( 'NONE', ( #2515, #817, #30, #787 ) ) ;
#2462 = CARTESIAN_POINT ( 'NONE',  ( 4.087959208879875739, -10.30048934489902557, 9.018169981923104928 ) ) ;
#2463 = VECTOR ( 'NONE', #3504, 1000.000000000000000 ) ;
#2464 = CARTESIAN_POINT ( 'NONE',  ( 3.949999999999998845, -6.733087104677053958, -6.861449492586219279 ) ) ;
#2465 = CIRCLE ( 'NONE', #1311, 0.9119999999999995888 ) ;
#2466 = FILL_AREA_STYLE_COLOUR ( '', #1602 ) ;
#2467 = ORIENTED_EDGE ( 'NONE', *, *, #3058, .T. ) ;
#2468 = DIRECTION ( 'NONE',  ( 0.000000000000000000, 0.000000000000000000, 1.000000000000000000 ) ) ;
#2469 = CARTESIAN_POINT ( 'NONE',  ( 3.401428587469010001, -9.573388453780598439, 9.018169981923101375 ) ) ;
#2470 = DIRECTION ( 'NONE',  ( -1.000000000000000000, -0.000000000000000000, -0.000000000000000000 ) ) ;
#2471 = CARTESIAN_POINT ( 'NONE',  ( -1.532106518243486315, -12.32748549913100256, -2.197877465977551292 ) ) ;
#2472 = CARTESIAN_POINT ( 'NONE',  ( -6.450000000000000178, -8.300961894323346968, 0.000000000000000000 ) ) ;
#2473 = DIRECTION ( 'NONE',  ( 0.03610669146602633189, -0.9993479408251048079, 0.000000000000000000 ) ) ;
#2474 = CARTESIAN_POINT ( 'NONE',  ( 6.451000000000000512, -8.233087104677061063, 7.809307837348835157 ) ) ;
#2475 = ORIENTED_EDGE ( 'NONE', *, *, #3337, .T. ) ;
#2476 = ORIENTED_EDGE ( 'NONE', *, *, #437, .T. ) ;
#2477 = VECTOR ( 'NONE', #2187, 999.9999999999998863 ) ;
#2478 = EDGE_LOOP ( 'NONE', ( #3554, #3525, #2537, #2316, #3703, #1065 ) ) ;
#2479 = ORIENTED_EDGE ( 'NONE', *, *, #2743, .F. ) ;
#2480 = CARTESIAN_POINT ( 'NONE',  ( 4.869016231867652422, -8.963421216868512786, 8.445798752202819060 ) ) ;
#2481 = AXIS2_PLACEMENT_3D ( 'NONE', #828, #1072, #2240 ) ;
#2482 = DIRECTION ( 'NONE',  ( -0.7271008911184294599, 0.6865306214108629623, 0.000000000000000000 ) ) ;
#2483 = ORIENTED_EDGE ( 'NONE', *, *, #1513, .T. ) ;
#2484 = CARTESIAN_POINT ( 'NONE',  ( -1.532106518243486315, -12.32748549913100256, 3.218653022104373207 ) ) ;
#2485 = CARTESIAN_POINT ( 'NONE',  ( 2.025123837361821888, -10.87289910888157429, 11.58795098915740773 ) ) ;
#2486 = CARTESIAN_POINT ( 'NONE',  ( 3.401428587469011333, -9.573388453780596663, -5.062630244401820967 ) ) ;
#2487 = CARTESIAN_POINT ( 'NONE',  ( 6.027228813272586194, -6.733087104677056622, -0.4457410624854085679 ) ) ;
#2488 = DIRECTION ( 'NONE',  ( 0.000000000000000000, -3.569419883894063799E-16, 1.000000000000000000 ) ) ;
#2489 = CARTESIAN_POINT ( 'NONE',  ( -0.5000000000000000000, -11.60000000000001030, 11.08795098915741661 ) ) ;
#2490 = ORIENTED_EDGE ( 'NONE', *, *, #3084, .F. ) ;
#2491 = EDGE_LOOP ( 'NONE', ( #90, #2766, #2618, #2077, #2786 ) ) ;
#2492 = ORIENTED_EDGE ( 'NONE', *, *, #292, .T. ) ;
#2493 = EDGE_LOOP ( 'NONE', ( #3681, #2662, #3572, #3100 ) ) ;
#2494 = VERTEX_POINT ( 'NONE', #277 ) ;
#2495 = CARTESIAN_POINT ( 'NONE',  ( 1.532106518243486315, -12.32748549913100256, -2.197877465977551292 ) ) ;
#2496 = ORIENTED_EDGE ( 'NONE', *, *, #2200, .F. ) ;
#2497 = CARTESIAN_POINT ( 'NONE',  ( -4.949999999999997513, -6.266543552338529111, -0.7378974596215572834 ) ) ;
#2498 = EDGE_CURVE ( 'NONE', #1052, #108, #27, .T. ) ;
#2499 = CARTESIAN_POINT ( 'NONE',  ( 4.059468349809405296, -10.32739049083503424, -5.795604710518976077 ) ) ;
#2500 = ADVANCED_BREP_SHAPE_REPRESENTATION ( 'Probe_Drive_4', ( #1874, #254 ), #500 ) ;
#2501 = LINE ( 'NONE', #1330, #1741 ) ;
#2502 = CYLINDRICAL_SURFACE ( 'NONE', #337, 0.5000000000000038858 ) ;
#2503 = CARTESIAN_POINT ( 'NONE',  ( 6.451000000000000512, -11.60000000000001386, 11.58795098915740773 ) ) ;
#2504 = CARTESIAN_POINT ( 'NONE',  ( 6.104608534941238673, -6.733087104677055734, -4.355071109428707565 ) ) ;
#2505 =( BOUNDED_CURVE ( )  B_SPLINE_CURVE ( 3, ( #678, #2936, #2145, #335 ),
 .UNSPECIFIED., .F., .T. ) 
 B_SPLINE_CURVE_WITH_KNOTS ( ( 4, 4 ),
 ( 4.575706541733376653, 4.712388980384689674 ),
 .UNSPECIFIED. ) 
 CURVE ( )  GEOMETRIC_REPRESENTATION_ITEM ( )  RATIONAL_B_SPLINE_CURVE ( ( 1.000000000000000000, 0.9984437650909829820, 0.9984437650909829820, 1.000000000000000000 ) ) 
 REPRESENTATION_ITEM ( '' )  );
#2506 = ORIENTED_EDGE ( 'NONE', *, *, #269, .F. ) ;
#2507 = VERTEX_POINT ( 'NONE', #2922 ) ;
#2508 = EDGE_LOOP ( 'NONE', ( #2180, #1013, #3486, #1717, #1833 ) ) ;
#2509 = VERTEX_POINT ( 'NONE', #3230 ) ;
#2510 = CARTESIAN_POINT ( 'NONE',  ( 3.949999999999998845, -10.33500223068162782, -4.661171868325921785 ) ) ;
#2511 = AXIS2_PLACEMENT_3D ( 'NONE', #1040, #989, #166 ) ;
#2512 = PRODUCT_CONTEXT ( 'NONE', #2175, 'mechanical' ) ;
#2513 = AXIS2_PLACEMENT_3D ( 'NONE', #2819, #211, #757 ) ;
#2514 = EDGE_CURVE ( 'NONE', #2574, #622, #1351, .T. ) ;
#2515 = ORIENTED_EDGE ( 'NONE', *, *, #3676, .F. ) ;
#2516 = DIRECTION ( 'NONE',  ( -1.412006369463988051E-16, 0.8846265015520634600, -0.4663002817410225043 ) ) ;
#2517 = CARTESIAN_POINT ( 'NONE',  ( 4.949999999999999289, -6.733087104677055734, -0.4457410624858827441 ) ) ;
#2518 = CARTESIAN_POINT ( 'NONE',  ( -3.949999999999998845, -5.299999999999998046, -1.500000000000000666 ) ) ;
#2519 = ORIENTED_EDGE ( 'NONE', *, *, #119, .T. ) ;
#2520 = DIRECTION ( 'NONE',  ( 1.000000000000000000, -0.000000000000000000, -0.000000000000000000 ) ) ;
#2521 = CARTESIAN_POINT ( 'NONE',  ( -6.451000000000000512, -8.146263015843599575, 8.301711713854940555 ) ) ;
#2522 = EDGE_CURVE ( 'NONE', #522, #779, #2599, .T. ) ;
#2523 = CARTESIAN_POINT ( 'NONE',  ( 2.722510524210464133, -11.68208525495817263, -3.486790326713077093 ) ) ;
#2524 = FACE_OUTER_BOUND ( 'NONE', #3093, .T. ) ;
#2525 = EDGE_LOOP ( 'NONE', ( #2962, #3132 ) ) ;
#2526 = ORIENTED_EDGE ( 'NONE', *, *, #1102, .F. ) ;
#2527 = VERTEX_POINT ( 'NONE', #3488 ) ;
#2528 = EDGE_CURVE ( 'NONE', #2154, #1416, #1254, .T. ) ;
#2529 = ORIENTED_EDGE ( 'NONE', *, *, #3035, .T. ) ;
#2530 = DIRECTION ( 'NONE',  ( 0.000000000000000000, 0.4663002817410229484, 0.8846265015520633490 ) ) ;
#2531 =( BOUNDED_CURVE ( )  B_SPLINE_CURVE ( 3, ( #331, #3560, #386, #2422 ),
 .UNSPECIFIED., .F., .T. ) 
 B_SPLINE_CURVE_WITH_KNOTS ( ( 4, 4 ),
 ( 4.712388980384689674, 4.827658463182957327 ),
 .UNSPECIFIED. ) 
 CURVE ( )  GEOMETRIC_REPRESENTATION_ITEM ( )  RATIONAL_B_SPLINE_CURVE ( ( 1.000000000000000000, 0.9988930519971322974, 0.9988930519971322974, 1.000000000000000000 ) ) 
 REPRESENTATION_ITEM ( '' )  );
#2532 = ORIENTED_EDGE ( 'NONE', *, *, #1196, .F. ) ;
#2533 = DIRECTION ( 'NONE',  ( 0.000000000000000000, 0.000000000000000000, 1.000000000000000000 ) ) ;
#2534 = CARTESIAN_POINT ( 'NONE',  ( 0.4999999999999995559, -11.60000000000001030, 11.58795098915740773 ) ) ;
#2535 = CARTESIAN_POINT ( 'NONE',  ( 4.950999999999999623, -14.59999999999999609, -1.500000000000000222 ) ) ;
#2536 = VECTOR ( 'NONE', #768, 1000.000000000000000 ) ;
#2537 = ORIENTED_EDGE ( 'NONE', *, *, #1515, .T. ) ;
#2538 = CARTESIAN_POINT ( 'NONE',  ( -6.339979657980181926, -9.288813360765383109, 9.565504664931149037 ) ) ;
#2539 = EDGE_CURVE ( 'NONE', #2859, #32, #541, .T. ) ;
#2540 = EDGE_CURVE ( 'NONE', #2165, #3090, #583, .T. ) ;
#2541 = DIRECTION ( 'NONE',  ( 0.000000000000000000, -0.1736481776669178134, -0.9848077530122103518 ) ) ;
#2542 = AXIS2_PLACEMENT_3D ( 'NONE', #388, #639, #1557 ) ;
#2543 = CARTESIAN_POINT ( 'NONE',  ( 4.950999999999999623, -7.146263015843597799, 9.140811345032231472 ) ) ;
#2544 = DIRECTION ( 'NONE',  ( -0.000000000000000000, 1.000000000000000000, 1.629370806621315981E-15 ) ) ;
#2545 = VECTOR ( 'NONE', #3723, 1000.000000000000000 ) ;
#2546 = EDGE_CURVE ( 'NONE', #1988, #733, #3051, .T. ) ;
#2547 = DIRECTION ( 'NONE',  ( 1.000000000000000000, 0.000000000000000000, 0.000000000000000000 ) ) ;
#2548 = DIRECTION ( 'NONE',  ( 0.000000000000000000, -3.569419883894063799E-16, 1.000000000000000000 ) ) ;
#2549 = ORIENTED_EDGE ( 'NONE', *, *, #3561, .F. ) ;
#2550 = ORIENTED_EDGE ( 'NONE', *, *, #3712, .F. ) ;
#2551 = ORIENTED_EDGE ( 'NONE', *, *, #1941, .F. ) ;
#2552 = UNCERTAINTY_MEASURE_WITH_UNIT (LENGTH_MEASURE( 1.000000000000000082E-05 ), #3062, 'distance_accuracy_value', 'NONE');
#2553 = LINE ( 'NONE', #235, #1356 ) ;
#2554 = CARTESIAN_POINT ( 'NONE',  ( 0.000000000000000000, 0.000000000000000000, 0.000000000000000000 ) ) ;
#2555 = CARTESIAN_POINT ( 'NONE',  ( 4.087959208879875739, -10.30048934489902557, 9.018169981923104928 ) ) ;
#2556 = DIRECTION ( 'NONE',  ( 0.000000000000000000, 0.000000000000000000, 1.000000000000000000 ) ) ;
#2557 = AXIS2_PLACEMENT_3D ( 'NONE', #1763, #2011, #2283 ) ;
#2558 =( BOUNDED_CURVE ( )  B_SPLINE_CURVE ( 3, ( #2495, #470, #2254, #799 ),
 .UNSPECIFIED., .F., .F. ) 
 B_SPLINE_CURVE_WITH_KNOTS ( ( 4, 4 ),
 ( 1.606910868208228482, 1.875636914550945722 ),
 .UNSPECIFIED. ) 
 CURVE ( )  GEOMETRIC_REPRESENTATION_ITEM ( )  RATIONAL_B_SPLINE_CURVE ( ( 1.000000000000000000, 0.9939912407228886915, 0.9939912407228886915, 1.000000000000000000 ) ) 
 REPRESENTATION_ITEM ( '' )  );
#2559 = LINE ( 'NONE', #752, #607 ) ;
#2560 = VERTEX_POINT ( 'NONE', #1161 ) ;
#2561 = CARTESIAN_POINT ( 'NONE',  ( 0.5000000000000000000, -11.60000000000001030, 11.08795098915741661 ) ) ;
#2562 = VECTOR ( 'NONE', #2667, 1000.000000000000000 ) ;
#2563 = EDGE_CURVE ( 'NONE', #2560, #1952, #922, .T. ) ;
#2564 = DIRECTION ( 'NONE',  ( 1.000000000000000000, -0.000000000000000000, -0.000000000000000000 ) ) ;
#2565 = DIRECTION ( 'NONE',  ( -1.000000000000000000, 8.761229676650544604E-17, -0.000000000000000000 ) ) ;
#2566 = ADVANCED_FACE ( 'NONE', ( #571 ), #2347, .T. ) ;
#2567 = AXIS2_PLACEMENT_3D ( 'NONE', #2909, #2306, #2071 ) ;
#2568 = ADVANCED_FACE ( 'NONE', ( #2586 ), #2670, .T. ) ;
#2569 = FACE_OUTER_BOUND ( 'NONE', #3375, .T. ) ;
#2570 = FACE_OUTER_BOUND ( 'NONE', #1727, .T. ) ;
#2571 = EDGE_CURVE ( 'NONE', #643, #3354, #66, .T. ) ;
#2572 = EDGE_CURVE ( 'NONE', #960, #3549, #1747, .T. ) ;
#2573 = VERTEX_POINT ( 'NONE', #890 ) ;
#2574 = VERTEX_POINT ( 'NONE', #285 ) ;
#2575 = ORIENTED_EDGE ( 'NONE', *, *, #3521, .F. ) ;
#2576 = CARTESIAN_POINT ( 'NONE',  ( -4.949999999999997513, -5.299999999999998046, -2.411999999999999922 ) ) ;
#2577 = VECTOR ( 'NONE', #1405, 1000.000000000000227 ) ;
#2578 = CARTESIAN_POINT ( 'NONE',  ( 6.451000000000000512, -8.963421216868512786, 8.445798752202819060 ) ) ;
#2579 = DIRECTION ( 'NONE',  ( 0.000000000000000000, -2.243462635206246592E-16, 1.000000000000000000 ) ) ;
#2580 = CARTESIAN_POINT ( 'NONE',  ( 4.869016231867652422, -8.789773039201588034, 9.430606505215022750 ) ) ;
#2581 = AXIS2_PLACEMENT_3D ( 'NONE', #3045, #171, #2456 ) ;
#2582 = CYLINDRICAL_SURFACE ( 'NONE', #2151, 1.500000000000000444 ) ;
#2583 = VERTEX_POINT ( 'NONE', #3750 ) ;
#2584 = FACE_OUTER_BOUND ( 'NONE', #296, .T. ) ;
#2585 = LINE ( 'NONE', #1171, #2620 ) ;
#2586 = FACE_OUTER_BOUND ( 'NONE', #338, .T. ) ;
#2587 = DIRECTION ( 'NONE',  ( 0.000000000000000000, 0.9848077530122092416, -0.1736481776669238086 ) ) ;
#2588 = EDGE_CURVE ( 'NONE', #796, #3393, #2030, .T. ) ;
#2589 = CARTESIAN_POINT ( 'NONE',  ( 1.949999999999999512, -14.59999999999999609, 0.000000000000000000 ) ) ;
#2590 = PLANE ( 'NONE',  #1818 ) ;
#2591 = CIRCLE ( 'NONE', #3564, 2.433087104677061685 ) ;
#2592 = CARTESIAN_POINT ( 'NONE',  ( 3.906232857545215875, -8.800202263986395934, 9.397717173808230129 ) ) ;
#2593 = CARTESIAN_POINT ( 'NONE',  ( 1.726107765686504703, -11.42365469411690704, 3.565037876625968938 ) ) ;
#2594 = ORIENTED_EDGE ( 'NONE', *, *, #2003, .T. ) ;
#2595 = EDGE_CURVE ( 'NONE', #1794, #1358, #1469, .T. ) ;
#2596 = ORIENTED_EDGE ( 'NONE', *, *, #3058, .F. ) ;
#2597 = ORIENTED_EDGE ( 'NONE', *, *, #1932, .T. ) ;
#2598 = ORIENTED_EDGE ( 'NONE', *, *, #3225, .F. ) ;
#2599 = LINE ( 'NONE', #2899, #446 ) ;
#2600 = CARTESIAN_POINT ( 'NONE',  ( -6.450000000000001066, -7.233087104677059287, -2.412000000000000810 ) ) ;
#2601 = CARTESIAN_POINT ( 'NONE',  ( -3.512055031888248635, -9.468934666748662465, 8.897377331872968753 ) ) ;
#2602 = DIRECTION ( 'NONE',  ( 0.000000000000000000, 0.000000000000000000, -1.000000000000000000 ) ) ;
#2603 = CARTESIAN_POINT ( 'NONE',  ( 0.000000000000000000, -10.59999999999999787, 11.08795098915741661 ) ) ;
#2604 = ORIENTED_EDGE ( 'NONE', *, *, #996, .F. ) ;
#2605 = AXIS2_PLACEMENT_3D ( 'NONE', #2110, #653, #369 ) ;
#2606 = CARTESIAN_POINT ( 'NONE',  ( 3.000680438189951893, -11.32710089111842322, 0.000000000000000000 ) ) ;
#2607 = ADVANCED_FACE ( 'NONE', ( #1740 ), #2889, .F. ) ;
#2608 = CARTESIAN_POINT ( 'NONE',  ( 3.610630615691138967, -9.349743300263119394, 8.782783482628110150 ) ) ;
#2609 = VECTOR ( 'NONE', #2905, 1000.000000000000000 ) ;
#2610 = CARTESIAN_POINT ( 'NONE',  ( -6.451000000000000512, -7.733087104677060175, 7.809307837348835157 ) ) ;
#2611 = DIRECTION ( 'NONE',  ( 1.000000000000000000, 0.000000000000000000, 0.000000000000000000 ) ) ;
#2612 = DIRECTION ( 'NONE',  ( -1.000000000000000000, 8.761229676650544604E-17, -0.000000000000000000 ) ) ;
#2613 = AXIS2_PLACEMENT_3D ( 'NONE', #740, #756, #3333 ) ;
#2614 = FACE_OUTER_BOUND ( 'NONE', #524, .T. ) ;
#2615 = DIRECTION ( 'NONE',  ( 0.000000000000000000, -1.000000000000000000, -3.569419883894063799E-16 ) ) ;
#2616 = ORIENTED_EDGE ( 'NONE', *, *, #2458, .T. ) ;
#2617 = ORIENTED_EDGE ( 'NONE', *, *, #2414, .F. ) ;
#2618 = ORIENTED_EDGE ( 'NONE', *, *, #3741, .T. ) ;
#2619 = ORIENTED_EDGE ( 'NONE', *, *, #2182, .T. ) ;
#2620 = VECTOR ( 'NONE', #2048, 1000.000000000000000 ) ;
#2621 = CARTESIAN_POINT ( 'NONE',  ( -5.916455589094499423, -10.36387789348342459, 10.59068444457422231 ) ) ;
#2622 = FACE_OUTER_BOUND ( 'NONE', #295, .T. ) ;
#2623 = CARTESIAN_POINT ( 'NONE',  ( 4.950999999999999623, -5.299999999999998046, -2.411999999999999922 ) ) ;
#2624 = CYLINDRICAL_SURFACE ( 'NONE', #135, 0.5000000000000004441 ) ;
#2625 = EDGE_CURVE ( 'NONE', #1637, #1341, #1660, .T. ) ;
#2626 = ORIENTED_EDGE ( 'NONE', *, *, #2083, .T. ) ;
#2627 = ADVANCED_FACE ( 'NONE', ( #654 ), #3538, .F. ) ;
#2628 = EDGE_CURVE ( 'NONE', #2147, #250, #3558, .T. ) ;
#2629 = CARTESIAN_POINT ( 'NONE',  ( 3.401428587469011333, -9.573388453780596663, 0.000000000000000000 ) ) ;
#2630 = DIRECTION ( 'NONE',  ( -1.000000000000000000, 0.000000000000000000, 0.000000000000000000 ) ) ;
#2631 = CARTESIAN_POINT ( 'NONE',  ( 0.4999999999999995559, -11.10000000000000675, 11.58795098915740773 ) ) ;
#2632 = CYLINDRICAL_SURFACE ( 'NONE', #3368, 1.344200000000002948 ) ;
#2633 = CARTESIAN_POINT ( 'NONE',  ( -6.352089046205358080, -9.254697115285795306, 8.497158551923876146 ) ) ;
#2634 = DIRECTION ( 'NONE',  ( -0.6837092907985561352, 0.6455601554198344694, -0.3402847210940484479 ) ) ;
#2635 = CARTESIAN_POINT ( 'NONE',  ( -4.949999999999999289, -6.891868358501276326, -7.226921471345510106 ) ) ;
#2636 = ORIENTED_EDGE ( 'NONE', *, *, #1632, .T. ) ;
#2637 = ORIENTED_EDGE ( 'NONE', *, *, #918, .F. ) ;
#2638 = ORIENTED_EDGE ( 'NONE', *, *, #2434, .T. ) ;
#2639 = DIRECTION ( 'NONE',  ( 0.000000000000000000, -0.000000000000000000, 1.000000000000000000 ) ) ;
#2640 = ORIENTED_EDGE ( 'NONE', *, *, #3595, .F. ) ;
#2641 = AXIS2_PLACEMENT_3D ( 'NONE', #911, #370, #1152 ) ;
#2642 = CARTESIAN_POINT ( 'NONE',  ( 2.314149816779088376, -10.59999999999999609, 10.52715123497322658 ) ) ;
#2643 = CARTESIAN_POINT ( 'NONE',  ( -6.450000000000001066, -5.299999999999998046, -2.411999999999999922 ) ) ;
#2644 = AXIS2_PLACEMENT_3D ( 'NONE', #1425, #3728, #809 ) ;
#2645 = CARTESIAN_POINT ( 'NONE',  ( 4.410644607656815097, -9.472073051151919998, 9.665057901290138531 ) ) ;
#2646 = ADVANCED_FACE ( 'NONE', ( #2269 ), #896, .F. ) ;
#2647 = CARTESIAN_POINT ( 'NONE',  ( 4.949999999999999289, -11.06630028174102165, -5.406113955860203824 ) ) ;
#2648 = ORIENTED_EDGE ( 'NONE', *, *, #624, .F. ) ;
#2649 = CARTESIAN_POINT ( 'NONE',  ( 3.898464874824868254, -8.722526917761182830, 8.445798752202813731 ) ) ;
#2650 = CARTESIAN_POINT ( 'NONE',  ( -5.774482310579633904, -10.59999999999999787, 11.58795098915740773 ) ) ;
#2652 = CARTESIAN_POINT ( 'NONE',  ( 6.440588335255625019, -8.627468410870335447, 9.401987820146372243 ) ) ;
#2651 = AXIS2_PLACEMENT_3D ( 'NONE', #3030, #442, #1670 ) ;
#2653 = LINE ( 'NONE', #1840, #3065 ) ;
#2654 = CARTESIAN_POINT ( 'NONE',  ( -6.451000000000000512, -8.963421216868512786, 8.445798752202819060 ) ) ;
#2655 = AXIS2_PLACEMENT_3D ( 'NONE', #3652, #301, #3453 ) ;
#2656 = PLANE ( 'NONE',  #2430 ) ;
#2657 = DIRECTION ( 'NONE',  ( 1.000000000000000000, -0.000000000000000000, -0.000000000000000000 ) ) ;
#2658 = ORIENTED_EDGE ( 'NONE', *, *, #550, .T. ) ;
#2659 = VERTEX_POINT ( 'NONE', #1433 ) ;
#2660 = VERTEX_POINT ( 'NONE', #1473 ) ;
#2661 = CARTESIAN_POINT ( 'NONE',  ( -4.949999999999999289, -8.350878728016986940, 9.353217596473724527 ) ) ;
#2662 = ORIENTED_EDGE ( 'NONE', *, *, #948, .F. ) ;
#2663 = CARTESIAN_POINT ( 'NONE',  ( -2.594807529933691015, -10.33500223068162782, -4.661171868325921785 ) ) ;
#2664 = ADVANCED_FACE ( 'NONE', ( #2570 ), #229, .T. ) ;
#2665 = DIRECTION ( 'NONE',  ( 0.000000000000000000, 0.000000000000000000, -1.000000000000000000 ) ) ;
#2666 = LINE ( 'NONE', #1798, #1951 ) ;
#2667 = DIRECTION ( 'NONE',  ( 0.000000000000000000, -0.000000000000000000, 1.000000000000000000 ) ) ;
#2668 = ORIENTED_EDGE ( 'NONE', *, *, #3352, .F. ) ;
#2669 = FACE_OUTER_BOUND ( 'NONE', #730, .T. ) ;
#2670 = CYLINDRICAL_SURFACE ( 'NONE', #2567, 4.250000000000000000 ) ;
#2671 =( BOUNDED_CURVE ( )  B_SPLINE_CURVE ( 3, ( #2417, #3324, #2399, #106 ),
 .UNSPECIFIED., .F., .T. ) 
 B_SPLINE_CURVE_WITH_KNOTS ( ( 4, 4 ),
 ( 3.946300505677300396, 4.712388980384689674 ),
 .UNSPECIFIED. ) 
 CURVE ( )  GEOMETRIC_REPRESENTATION_ITEM ( )  RATIONAL_B_SPLINE_CURVE ( ( 1.000000000000000000, 0.9516874428207602321, 0.9516874428207602321, 1.000000000000000000 ) ) 
 REPRESENTATION_ITEM ( '' )  );
#2672 = EDGE_CURVE ( 'NONE', #857, #3155, #1178, .T. ) ;
#2673 = EDGE_CURVE ( 'NONE', #558, #181, #3121, .T. ) ;
#2674 = CARTESIAN_POINT ( 'NONE',  ( 4.087959208879875739, -10.30048934489902557, 0.000000000000000000 ) ) ;
#2675 = CARTESIAN_POINT ( 'NONE',  ( 4.949999999999999289, -6.733087104677059287, 8.648407468526123409 ) ) ;
#2676 = AXIS2_PLACEMENT_3D ( 'NONE', #1403, #1622, #3117 ) ;
#2677 = CARTESIAN_POINT ( 'NONE',  ( -2.199999999999999734, -8.300961894323346968, 0.000000000000000000 ) ) ;
#2678 = CARTESIAN_POINT ( 'NONE',  ( -3.789218012417544745, -9.052405205821333567, 8.572872083994589332 ) ) ;
#2679 = CARTESIAN_POINT ( 'NONE',  ( -6.451000000000000512, -11.60000000000001386, 11.58795098915740773 ) ) ;
#2680 = ORIENTED_EDGE ( 'NONE', *, *, #1224, .F. ) ;
#2681 = ORIENTED_EDGE ( 'NONE', *, *, #2672, .F. ) ;
#2682 = EDGE_CURVE ( 'NONE', #1844, #423, #1853, .T. ) ;
#2683 = EDGE_LOOP ( 'NONE', ( #1265, #3508, #3206, #3720, #368, #1479, #1423, #3621, #2814, #2376 ) ) ;
#2684 = CARTESIAN_POINT ( 'NONE',  ( -5.811244963529142105, -10.54197640950675385, 11.07078951271737566 ) ) ;
#2685 = CARTESIAN_POINT ( 'NONE',  ( -3.949999999999998845, -5.299999999999998046, -2.411999999999999922 ) ) ;
#2686 = DIRECTION ( 'NONE',  ( 0.000000000000000000, 0.9848077530122101297, -0.1736481776669186461 ) ) ;
#2687 = VERTEX_POINT ( 'NONE', #2035 ) ;
#2688 = DIRECTION ( 'NONE',  ( -1.571911781425327109E-16, -0.9848077530122101297, 0.1736481776669186461 ) ) ;
#2689 =( NAMED_UNIT ( * ) SI_UNIT ( $, .STERADIAN. ) SOLID_ANGLE_UNIT ( ) );
#2690 = ADVANCED_FACE ( 'NONE', ( #620 ), #29, .F. ) ;
#2691 = DIRECTION ( 'NONE',  ( 0.000000000000000000, -1.000000000000000000, 0.000000000000000000 ) ) ;
#2692 = DIRECTION ( 'NONE',  ( 1.000000000000000000, -0.000000000000000000, -0.000000000000000000 ) ) ;
#2693 = CARTESIAN_POINT ( 'NONE',  ( 2.437317316699241676, -10.48370491455762732, 10.76782005946490806 ) ) ;
#2694 =( BOUNDED_CURVE ( )  B_SPLINE_CURVE ( 3, ( #1550, #1868, #380, #93 ),
 .UNSPECIFIED., .F., .T. ) 
 B_SPLINE_CURVE_WITH_KNOTS ( ( 4, 4 ),
 ( 4.712388980384689674, 5.558480784965925459 ),
 .UNSPECIFIED. ) 
 CURVE ( )  GEOMETRIC_REPRESENTATION_ITEM ( )  RATIONAL_B_SPLINE_CURVE ( ( 1.000000000000000000, 0.9412284720914849689, 0.9412284720914849689, 1.000000000000000000 ) ) 
 REPRESENTATION_ITEM ( '' )  );
#2695 = LINE ( 'NONE', #85, #2246 ) ;
#2696 = EDGE_CURVE ( 'NONE', #1881, #3090, #1930, .T. ) ;
#2697 = DIRECTION ( 'NONE',  ( 1.000000000000000000, -1.596161054396002134E-16, 0.000000000000000000 ) ) ;
#2698 = ORIENTED_EDGE ( 'NONE', *, *, #1094, .F. ) ;
#2699 = EDGE_LOOP ( 'NONE', ( #865, #795, #179, #3038, #3070 ) ) ;
#2700 = EDGE_CURVE ( 'NONE', #558, #1531, #314, .T. ) ;
#2701 = VERTEX_POINT ( 'NONE', #3161 ) ;
#2702 = ADVANCED_FACE ( 'NONE', ( #2873 ), #3717, .T. ) ;
#2703 = LINE ( 'NONE', #139, #1944 ) ;
#2704 = VECTOR ( 'NONE', #2657, 1000.000000000000000 ) ;
#2705 = CARTESIAN_POINT ( 'NONE',  ( 4.949999999999997513, -5.299999999999998046, 0.02108710467706382055 ) ) ;
#2706 =( NAMED_UNIT ( * ) PLANE_ANGLE_UNIT ( ) SI_UNIT ( $, .RADIAN. ) );
#2707 = EDGE_LOOP ( 'NONE', ( #2616, #3185, #2063, #2985, #2432, #729, #3758, #1159, #273, #1118, #2219, #1971, #72 ) ) ;
#2708 = DIRECTION ( 'NONE',  ( 0.000000000000000000, 0.000000000000000000, -1.000000000000000000 ) ) ;
#2709 =( NAMED_UNIT ( * ) PLANE_ANGLE_UNIT ( ) SI_UNIT ( $, .RADIAN. ) );
#2710 = CARTESIAN_POINT ( 'NONE',  ( -6.450000000000000178, -6.733087104677056622, -0.9618651214476308109 ) ) ;
#2711 = DIRECTION ( 'NONE',  ( 0.000000000000000000, -1.000000000000000000, 0.000000000000000000 ) ) ;
#2712 = AXIS2_PLACEMENT_3D ( 'NONE', #3330, #1025, #417 ) ;
#2713 = VECTOR ( 'NONE', #1201, 1000.000000000000000 ) ;
#2714 = EDGE_CURVE ( 'NONE', #582, #325, #3464, .T. ) ;
#2715 = CARTESIAN_POINT ( 'NONE',  ( 4.896553359447206155, -11.60000000000001386, 11.58795098915740773 ) ) ;
#2716 = LINE ( 'NONE', #2375, #2053 ) ;
#2717 = VERTEX_POINT ( 'NONE', #855 ) ;
#2718 = ORIENTED_EDGE ( 'NONE', *, *, #148, .F. ) ;
#2719 = ORIENTED_EDGE ( 'NONE', *, *, #3412, .F. ) ;
#2720 = ADVANCED_FACE ( 'NONE', ( #3428, #815 ), #578, .T. ) ;
#2721 = EDGE_CURVE ( 'NONE', #377, #2336, #1705, .T. ) ;
#2722 = FACE_OUTER_BOUND ( 'NONE', #1751, .T. ) ;
#2723 = CARTESIAN_POINT ( 'NONE',  ( -0.4999999999999995559, -11.60000000000001030, 11.58795098915740773 ) ) ;
#2724 = DIRECTION ( 'NONE',  ( -1.000000000000000000, -0.000000000000000000, -0.000000000000000000 ) ) ;
#2725 = VERTEX_POINT ( 'NONE', #1521 ) ;
#2726 = DIRECTION ( 'NONE',  ( 0.000000000000000000, -1.000000000000000000, 0.000000000000000000 ) ) ;
#2727 = SURFACE_STYLE_FILL_AREA ( #2991 ) ;
#2728 = DIRECTION ( 'NONE',  ( 1.000000000000000000, -0.000000000000000000, -0.000000000000000000 ) ) ;
#2729 = LINE ( 'NONE', #112, #2944 ) ;
#2730 = EDGE_CURVE ( 'NONE', #2701, #2509, #3267, .T. ) ;
#2731 = CARTESIAN_POINT ( 'NONE',  ( -4.697342586599407177, -9.145683418329726422, 9.517852735765046646 ) ) ;
#2732 = CARTESIAN_POINT ( 'NONE',  ( 4.950999999999999623, -11.60000000000001030, 11.58795098915740773 ) ) ;
#2733 = EDGE_LOOP ( 'NONE', ( #1709, #125, #2949, #3034, #881, #3380, #1207, #173, #3147, #2866, #839, #484, #663, #818 ) ) ;
#2734 =( GEOMETRIC_REPRESENTATION_CONTEXT ( 3 ) GLOBAL_UNCERTAINTY_ASSIGNED_CONTEXT ( ( #2552 ) ) GLOBAL_UNIT_ASSIGNED_CONTEXT ( ( #3062, #2709, #2689 ) ) REPRESENTATION_CONTEXT ( 'NONE', 'WORKASPACE' ) );
#2735 = ORIENTED_EDGE ( 'NONE', *, *, #1625, .T. ) ;
#2736 = CARTESIAN_POINT ( 'NONE',  ( 4.270091046515569033, -10.12851997283862104, 8.891616884413240385 ) ) ;
#2737 = AXIS2_PLACEMENT_3D ( 'NONE', #289, #3462, #2913 ) ;
#2738 = LINE ( 'NONE', #1582, #300 ) ;
#2739 = LINE ( 'NONE', #701, #3114 ) ;
#2740 = ORIENTED_EDGE ( 'NONE', *, *, #2331, .T. ) ;
#2741 = CARTESIAN_POINT ( 'NONE',  ( -3.949999999999998845, -5.299999999999998046, -2.411999999999999922 ) ) ;
#2742 = AXIS2_PLACEMENT_3D ( 'NONE', #591, #848, #1193 ) ;
#2743 = EDGE_CURVE ( 'NONE', #2015, #2970, #1045, .T. ) ;
#2744 = CARTESIAN_POINT ( 'NONE',  ( 4.950999999999999623, -13.09999999999999964, 3.699999999999996625 ) ) ;
#2745 = EDGE_CURVE ( 'NONE', #2242, #2509, #3245, .T. ) ;
#2746 = EDGE_CURVE ( 'NONE', #3698, #2659, #3523, .T. ) ;
#2747 = CARTESIAN_POINT ( 'NONE',  ( 2.573758920962800456, -12.06001730808829819, -2.905361833170860830 ) ) ;
#2748 = CARTESIAN_POINT ( 'NONE',  ( 2.594807529933691015, -10.33500223068162782, -4.661171868325921785 ) ) ;
#2749 = CARTESIAN_POINT ( 'NONE',  ( 6.449999999999996625, -6.733087104677053958, -3.862134878552325290 ) ) ;
#2750 = VERTEX_POINT ( 'NONE', #1789 ) ;
#2751 = ORIENTED_EDGE ( 'NONE', *, *, #3660, .T. ) ;
#2752 = ORIENTED_EDGE ( 'NONE', *, *, #3316, .F. ) ;
#2753 = CARTESIAN_POINT ( 'NONE',  ( 4.949999999999998401, -7.319911193510516334, 8.156003592020020676 ) ) ;
#2754 = AXIS2_PLACEMENT_3D ( 'NONE', #1019, #1232, #2987 ) ;
#2755 = CARTESIAN_POINT ( 'NONE',  ( -3.611026679592865385, -10.75081032469979547, 9.349563381715865873 ) ) ;
#2756 = FILL_AREA_STYLE ('',( #2466 ) ) ;
#2757 = EDGE_LOOP ( 'NONE', ( #3467, #2735, #2335, #206, #1032 ) ) ;
#2758 = CARTESIAN_POINT ( 'NONE',  ( -2.711654458772685405, -10.60000000000000497, 11.58795098915740773 ) ) ;
#2759 = DIRECTION ( 'NONE',  ( 0.000000000000000000, 0.000000000000000000, 1.000000000000000000 ) ) ;
#2760 = FACE_OUTER_BOUND ( 'NONE', #2493, .T. ) ;
#2761 = CARTESIAN_POINT ( 'NONE',  ( 6.450000000000018829, -6.733087104677055734, -0.9612229761672298478 ) ) ;
#2762 = DIRECTION ( 'NONE',  ( 0.000000000000000000, 0.000000000000000000, 1.000000000000000000 ) ) ;
#2763 = AXIS2_PLACEMENT_3D ( 'NONE', #3633, #3367, #1278 ) ;
#2764 = DIRECTION ( 'NONE',  ( 1.000000000000000000, -1.596161054396002134E-16, 0.000000000000000000 ) ) ;
#2765 = DIRECTION ( 'NONE',  ( 0.000000000000000000, 0.000000000000000000, 1.000000000000000000 ) ) ;
#2766 = ORIENTED_EDGE ( 'NONE', *, *, #2625, .T. ) ;
#2767 = ORIENTED_EDGE ( 'NONE', *, *, #1889, .F. ) ;
#2768 = ORIENTED_EDGE ( 'NONE', *, *, #2528, .T. ) ;
#2769 = LINE ( 'NONE', #1882, #3634 ) ;
#2770 = PLANE ( 'NONE',  #1487 ) ;
#2771 = CIRCLE ( 'NONE', #1117, 0.9999999999999998890 ) ;
#2772 = ORIENTED_EDGE ( 'NONE', *, *, #3666, .T. ) ;
#2773 = CARTESIAN_POINT ( 'NONE',  ( -2.006879198781099660, -10.93901436917399472, 4.062489625329109622 ) ) ;
#2774 = FACE_OUTER_BOUND ( 'NONE', #1127, .T. ) ;
#2775 = LINE ( 'NONE', #2499, #3032 ) ;
#2776 = FACE_OUTER_BOUND ( 'NONE', #2998, .T. ) ;
#2777 = CARTESIAN_POINT ( 'NONE',  ( -6.450000000000000178, -8.300961894323346968, 0.000000000000000000 ) ) ;
#2778 = FACE_BOUND ( 'NONE', #2897, .T. ) ;
#2779 = DIRECTION ( 'NONE',  ( 0.000000000000000000, -1.000000000000000000, 0.000000000000000000 ) ) ;
#2780 = ORIENTED_EDGE ( 'NONE', *, *, #241, .T. ) ;
#2781 = ORIENTED_EDGE ( 'NONE', *, *, #2801, .T. ) ;
#2782 =( BOUNDED_SURFACE ( )  B_SPLINE_SURFACE ( 3, 2, ( 
 ( #2356, #270, #3182 ),
 ( #2872, #1114, #854 ),
 ( #313, #3443, #1432 ),
 ( #596, #2592, #1767 ),
 ( #2034, #577, #1453 ),
 ( #9, #1852, #129 ) ),
 .UNSPECIFIED., .F., .F., .F. ) 
 B_SPLINE_SURFACE_WITH_KNOTS ( ( 4, 2, 4 ),
 ( 3, 3 ),
 ( 0.000000000000000000, 0.0008350170325996768284, 0.001670034065199353657 ),
 ( 0.000000000000000000, 1.000000000000000000 ),
 .UNSPECIFIED. ) 
 GEOMETRIC_REPRESENTATION_ITEM ( )  RATIONAL_B_SPLINE_SURFACE ( (
 ( 1.000000000000000000, 0.8458604322079343873, 1.000000000000000000),
 ( 1.000000000000000000, 0.8233048280045531797, 1.000000000000000000),
 ( 1.000000000000000000, 0.7994570151606739117, 1.000000000000000000),
 ( 1.000000000000000000, 0.7548338935843428299, 1.000000000000000000),
 ( 1.000000000000000000, 0.7345546108933280749, 1.000000000000000000),
 ( 1.000000000000000000, 0.7217447111168673324, 1.000000000000000000) ) ) 
 REPRESENTATION_ITEM ( '' )  SURFACE ( )  );
#2783 = CIRCLE ( 'NONE', #1640, 0.9119999999999995888 ) ;
#2784 = B_SPLINE_CURVE_WITH_KNOTS ( 'NONE', 3,
 ( #1272, #2156, #3312, #81, #1235, #3557, #1039, #223 ),
 .UNSPECIFIED., .F., .F.,
 ( 4, 2, 2, 4 ),
 ( 0.000000000000000000, 0.0003041779501004870934, 0.0006083559002009741867, 0.001216711800401948590 ),
 .UNSPECIFIED. ) ;
#2785 = B_SPLINE_CURVE_WITH_KNOTS ( 'NONE', 3,
 ( #864, #1, #3514, #2927, #2948, #323 ),
 .UNSPECIFIED., .F., .F.,
 ( 4, 2, 4 ),
 ( 0.000000000000000000, 0.0003994944536451136281, 0.0007989889072902272562 ),
 .UNSPECIFIED. ) ;
#2786 = ORIENTED_EDGE ( 'NONE', *, *, #48, .F. ) ;
#2787 = ORIENTED_EDGE ( 'NONE', *, *, #2539, .T. ) ;
#2788 = ORIENTED_EDGE ( 'NONE', *, *, #666, .T. ) ;
#2789 = ORIENTED_EDGE ( 'NONE', *, *, #2184, .F. ) ;
#2790 = AXIS2_PLACEMENT_3D ( 'NONE', #1684, #3364, #2209 ) ;
#2791 = DIRECTION ( 'NONE',  ( -0.6865306214108630734, -0.7271008911184295709, 0.000000000000000000 ) ) ;
#2792 = ORIENTED_EDGE ( 'NONE', *, *, #3691, .T. ) ;
#2793 = CARTESIAN_POINT ( 'NONE',  ( 4.950999999999999623, -14.59999999999999609, 3.699999999999997069 ) ) ;
#2794 = CARTESIAN_POINT ( 'NONE',  ( -4.287085751233932207, -6.762728116648171195, 8.818002345749585302 ) ) ;
#2795 = CARTESIAN_POINT ( 'NONE',  ( -3.205879337300979515, -10.27960766673785642, 10.24439717794212257 ) ) ;
#2796 = FACE_BOUND ( 'NONE', #702, .T. ) ;
#2797 = CARTESIAN_POINT ( 'NONE',  ( -6.450000000000001066, -4.333456447661466093, -0.7378974596215569504 ) ) ;
#2798 = CARTESIAN_POINT ( 'NONE',  ( 2.431849355817635061, -10.48886777796185221, -4.580066963689755966 ) ) ;
#2799 = CYLINDRICAL_SURFACE ( 'NONE', #705, 0.5000000000000038858 ) ;
#2800 = ORIENTED_EDGE ( 'NONE', *, *, #2186, .F. ) ;
#2801 = EDGE_CURVE ( 'NONE', #3071, #2963, #1498, .T. ) ;
#2802 = ORIENTED_EDGE ( 'NONE', *, *, #429, .T. ) ;
#2803 = VERTEX_POINT ( 'NONE', #1828 ) ;
#2804 = VERTEX_POINT ( 'NONE', #51 ) ;
#2805 = ORIENTED_EDGE ( 'NONE', *, *, #1857, .T. ) ;
#2806 = CARTESIAN_POINT ( 'NONE',  ( -2.025123837361821888, -10.87289910888157429, 11.58795098915740773 ) ) ;
#2807 =( BOUNDED_CURVE ( )  B_SPLINE_CURVE ( 3, ( #2715, #2097, #356, #3244 ),
 .UNSPECIFIED., .F., .F. ) 
 B_SPLINE_CURVE_WITH_KNOTS ( ( 4, 4 ),
 ( 7.611715154139037055E-15, 0.3638330002391623741 ),
 .UNSPECIFIED. ) 
 CURVE ( )  GEOMETRIC_REPRESENTATION_ITEM ( )  RATIONAL_B_SPLINE_CURVE ( ( 1.000000000000000000, 0.9889991839895456716, 0.9889991839895456716, 1.000000000000000000 ) ) 
 REPRESENTATION_ITEM ( '' )  );
#2808 = ORIENTED_EDGE ( 'NONE', *, *, #1051, .F. ) ;
#2809 = AXIS2_PLACEMENT_3D ( 'NONE', #2603, #39, #20 ) ;
#2810 = FACE_BOUND ( 'NONE', #1814, .T. ) ;
#2811 = CARTESIAN_POINT ( 'NONE',  ( 4.949999999999997513, -5.299999999999999822, -2.411999999999999478 ) ) ;
#2812 = EDGE_CURVE ( 'NONE', #2293, #2216, #2393, .T. ) ;
#2813 = DIRECTION ( 'NONE',  ( -1.000000000000000000, -0.000000000000000000, -0.000000000000000000 ) ) ;
#2814 = ORIENTED_EDGE ( 'NONE', *, *, #174, .F. ) ;
#2815 = CARTESIAN_POINT ( 'NONE',  ( -6.450000000000000178, -6.733087104677059287, 8.648407468526123409 ) ) ;
#2816 = CARTESIAN_POINT ( 'NONE',  ( 4.950999999999999623, -11.06630028174102165, -5.406113955860203824 ) ) ;
#2817 = VECTOR ( 'NONE', #3433, 1000.000000000000000 ) ;
#2818 = CARTESIAN_POINT ( 'NONE',  ( -4.976153218118308352, -11.52484159886859771, 11.89868480065067224 ) ) ;
#2819 = CARTESIAN_POINT ( 'NONE',  ( 6.451000000000000512, -8.409374999999954525, 11.58795098915743260 ) ) ;
#2820 = AXIS2_PLACEMENT_3D ( 'NONE', #2850, #243, #2325 ) ;
#2821 = ORIENTED_EDGE ( 'NONE', *, *, #527, .T. ) ;
#2822 = ORIENTED_EDGE ( 'NONE', *, *, #2721, .T. ) ;
#2823 = ORIENTED_EDGE ( 'NONE', *, *, #2563, .T. ) ;
#2824 = ORIENTED_EDGE ( 'NONE', *, *, #3067, .T. ) ;
#2825 = CARTESIAN_POINT ( 'NONE',  ( -2.837313257650497356, -10.51853887265412268, 10.90447140960900363 ) ) ;
#2826 = AXIS2_PLACEMENT_3D ( 'NONE', #2113, #1537, #2691 ) ;
#2827 = ADVANCED_FACE ( 'NONE', ( #3599 ), #405, .T. ) ;
#2828 = EDGE_CURVE ( 'NONE', #3090, #1790, #2505, .T. ) ;
#2829 = VECTOR ( 'NONE', #1392, 1000.000000000000000 ) ;
#2830 = ORIENTED_EDGE ( 'NONE', *, *, #3297, .F. ) ;
#2831 = AXIS2_PLACEMENT_3D ( 'NONE', #2915, #3203, #3463 ) ;
#2832 = DIRECTION ( 'NONE',  ( 0.000000000000000000, 0.000000000000000000, 1.000000000000000000 ) ) ;
#2833 = CARTESIAN_POINT ( 'NONE',  ( -6.449999999999997513, -5.299999999999998934, -2.411999999999999478 ) ) ;
#2834 = LINE ( 'NONE', #511, #2134 ) ;
#2835 = ORIENTED_EDGE ( 'NONE', *, *, #3258, .F. ) ;
#2836 = LINE ( 'NONE', #3710, #2168 ) ;
#2837 = PLANE ( 'NONE',  #2820 ) ;
#2838 = CARTESIAN_POINT ( 'NONE',  ( 4.950999999999999623, -11.06630028174102165, -5.406113955860203824 ) ) ;
#2839 = CARTESIAN_POINT ( 'NONE',  ( 0.4999999999999995559, -11.10000000000000675, 11.58795098915740773 ) ) ;
#2840 = DIRECTION ( 'NONE',  ( 1.000000000000000000, 0.000000000000000000, 0.000000000000000000 ) ) ;
#2841 = VERTEX_POINT ( 'NONE', #2982 ) ;
#2842 = ORIENTED_EDGE ( 'NONE', *, *, #2148, .F. ) ;
#2843 = ORIENTED_EDGE ( 'NONE', *, *, #826, .T. ) ;
#2844 = CARTESIAN_POINT ( 'NONE',  ( -2.314149816779083935, -10.60000000000000142, 11.58795098915740773 ) ) ;
#2845 = DIRECTION ( 'NONE',  ( -0.000000000000000000, 1.000000000000000000, 0.000000000000000000 ) ) ;
#2846 = CARTESIAN_POINT ( 'NONE',  ( -0.4999999999999995559, -11.10000000000000675, 11.58795098915740773 ) ) ;
#2847 = CARTESIAN_POINT ( 'NONE',  ( -2.414806479979570319, -12.70728091485376865, 3.699999999999997513 ) ) ;
#2848 = EDGE_CURVE ( 'NONE', #2964, #1169, #917, .T. ) ;
#2849 = ORIENTED_EDGE ( 'NONE', *, *, #1482, .T. ) ;
#2850 = CARTESIAN_POINT ( 'NONE',  ( 1.449999999999999512, -14.59999999999999609, 0.000000000000000000 ) ) ;
#2851 = EDGE_CURVE ( 'NONE', #1881, #941, #993, .T. ) ;
#2852 = EDGE_CURVE ( 'NONE', #3593, #71, #2098, .T. ) ;
#2853 = EDGE_CURVE ( 'NONE', #2895, #623, #2716, .T. ) ;
#2854 = FACE_OUTER_BOUND ( 'NONE', #762, .T. ) ;
#2855 = DIRECTION ( 'NONE',  ( -1.000000000000000000, 0.000000000000000000, 0.000000000000000000 ) ) ;
#2856 = CARTESIAN_POINT ( 'NONE',  ( 6.451000000000000512, -6.733087104677053070, -8.361449492586219279 ) ) ;
#2857 = VERTEX_POINT ( 'NONE', #3284 ) ;
#2858 = ORIENTED_EDGE ( 'NONE', *, *, #2745, .F. ) ;
#2859 = VERTEX_POINT ( 'NONE', #1542 ) ;
#2860 = CARTESIAN_POINT ( 'NONE',  ( -2.790217576733859062, -11.57184752897481239, -4.789624450112493825 ) ) ;
#2861 = CARTESIAN_POINT ( 'NONE',  ( 4.087959208879875739, -10.30048934489902557, 9.018169981923104928 ) ) ;
#2862 = DIRECTION ( 'NONE',  ( 0.000000000000000000, -1.000000000000000000, 0.000000000000000000 ) ) ;
#2863 = CIRCLE ( 'NONE', #3350, 1.344200000000002948 ) ;
#2864 = EDGE_CURVE ( 'NONE', #835, #2232, #977, .T. ) ;
#2865 = CARTESIAN_POINT ( 'NONE',  ( 2.100238494260217248, -10.82486926492234147, -3.378244616496432595 ) ) ;
#2866 = ORIENTED_EDGE ( 'NONE', *, *, #2900, .F. ) ;
#2867 = LINE ( 'NONE', #926, #267 ) ;
#2868 = CARTESIAN_POINT ( 'NONE',  ( 2.772986293234243060, -11.59999999999999076, 1.332421607020471543E-15 ) ) ;
#2869 = PLANE ( 'NONE',  #3718 ) ;
#2870 = CARTESIAN_POINT ( 'NONE',  ( -5.117755140996171015, -11.39114068157666892, 0.000000000000000000 ) ) ;
#2871 = FACE_OUTER_BOUND ( 'NONE', #778, .T. ) ;
#2872 = CARTESIAN_POINT ( 'NONE',  ( 4.270556681887463846, -9.589406757161121675, 9.736474970840246712 ) ) ;
#2873 = FACE_OUTER_BOUND ( 'NONE', #359, .T. ) ;
#2874 = ORIENTED_EDGE ( 'NONE', *, *, #2745, .T. ) ;
#2875 = ORIENTED_EDGE ( 'NONE', *, *, #648, .F. ) ;
#2876 = ORIENTED_EDGE ( 'NONE', *, *, #1551, .F. ) ;
#2877 = CARTESIAN_POINT ( 'NONE',  ( 4.950999999999999623, -11.10000000000000675, 12.08795098915741306 ) ) ;
#2878 = VECTOR ( 'NONE', #1128, 1000.000000000000000 ) ;
#2879 = B_SPLINE_CURVE_WITH_KNOTS ( 'NONE', 3,
 ( #593, #1744, #3441, #227 ),
 .UNSPECIFIED., .F., .F.,
 ( 4, 4 ),
 ( 0.0008861204596384690026, 0.001303149574570396010 ),
 .UNSPECIFIED. ) ;
#2880 = EDGE_CURVE ( 'NONE', #3248, #582, #1859, .T. ) ;
#2881 = CARTESIAN_POINT ( 'NONE',  ( -3.960338835810723879, -8.418411306413458917, 9.365125412121791726 ) ) ;
#2882 = CARTESIAN_POINT ( 'NONE',  ( 5.949999999999998401, -5.299999999999999822, -2.411999999999999478 ) ) ;
#2883 = DIRECTION ( 'NONE',  ( -1.000000000000000000, -0.000000000000000000, -0.000000000000000000 ) ) ;
#2884 = VECTOR ( 'NONE', #2997, 1000.000000000000000 ) ;
#2885 = CARTESIAN_POINT ( 'NONE',  ( 4.949999999999999289, -8.300961894323346968, -6.863766498373638392 ) ) ;
#2886 = EDGE_LOOP ( 'NONE', ( #2626, #3699, #2183, #1559 ) ) ;
#2887 = DIRECTION ( 'NONE',  ( 0.000000000000000000, 1.000000000000000000, 1.734723475976802558E-15 ) ) ;
#2888 = CARTESIAN_POINT ( 'NONE',  ( 4.869016231867652422, -8.789773039201588034, 9.430606505215022750 ) ) ;
#2889 = CYLINDRICAL_SURFACE ( 'NONE', #934, 1.500000000000000444 ) ;
#2890 = DIRECTION ( 'NONE',  ( 0.000000000000000000, -0.9848077530122092416, 0.1736481776669238086 ) ) ;
#2891 = DIRECTION ( 'NONE',  ( -1.166704277937239789E-16, 0.7309439575185778804, 0.6824374923515554858 ) ) ;
#2892 = CARTESIAN_POINT ( 'NONE',  ( -5.347037107338776352, -11.16427940498627436, 9.956619473444870749 ) ) ;
#2893 = AXIS2_PLACEMENT_3D ( 'NONE', #3135, #1165, #1699 ) ;
#2894 = CARTESIAN_POINT ( 'NONE',  ( 6.451000000000000512, -6.733087104677053070, -8.361449492586219279 ) ) ;
#2895 = VERTEX_POINT ( 'NONE', #1558 ) ;
#2896 = ORIENTED_EDGE ( 'NONE', *, *, #671, .F. ) ;
#2897 = EDGE_LOOP ( 'NONE', ( #1160, #1800 ) ) ;
#2898 = EDGE_CURVE ( 'NONE', #651, #3421, #2299, .T. ) ;
#2899 = CARTESIAN_POINT ( 'NONE',  ( 4.950999999999999623, -14.59999999999999609, 3.699999999999997069 ) ) ;
#2900 = EDGE_CURVE ( 'NONE', #2963, #304, #2338, .T. ) ;
#2901 = EDGE_CURVE ( 'NONE', #1358, #1794, #1991, .T. ) ;
#2902 = CARTESIAN_POINT ( 'NONE',  ( -6.095243887395395355, -10.00317230056823803, 10.07983895218525383 ) ) ;
#2903 = CARTESIAN_POINT ( 'NONE',  ( -4.387167434667573751, -6.797375203094691898, 8.914093505965835718 ) ) ;
#2904 = VECTOR ( 'NONE', #378, 1000.000000000000000 ) ;
#2905 = DIRECTION ( 'NONE',  ( 0.000000000000000000, 0.000000000000000000, 1.000000000000000000 ) ) ;
#2906 = DIRECTION ( 'NONE',  ( 1.000000000000000000, -0.000000000000000000, -0.000000000000000000 ) ) ;
#2907 = VERTEX_POINT ( 'NONE', #711 ) ;
#2908 = CARTESIAN_POINT ( 'NONE',  ( -4.397417070196203426, -8.632973443543189518, -5.558337510075888055 ) ) ;
#2909 = CARTESIAN_POINT ( 'NONE',  ( 2.199999999999999734, -8.300961894323346968, 0.000000000000000000 ) ) ;
#2910 = VECTOR ( 'NONE', #947, 1000.000000000000000 ) ;
#2911 = LINE ( 'NONE', #2543, #924 ) ;
#2912 = DIRECTION ( 'NONE',  ( 1.000000000000000000, -0.000000000000000000, -0.000000000000000000 ) ) ;
#2913 = DIRECTION ( 'NONE',  ( 0.000000000000000000, -1.000000000000000000, 0.000000000000000000 ) ) ;
#2914 = VECTOR ( 'NONE', #1592, 1000.000000000000000 ) ;
#2915 = CARTESIAN_POINT ( 'NONE',  ( -6.450000000000000178, -8.300961894323346968, 0.000000000000000000 ) ) ;
#2916 = DIRECTION ( 'NONE',  ( 0.000000000000000000, 0.000000000000000000, 1.000000000000000000 ) ) ;
#2917 = VERTEX_POINT ( 'NONE', #2231 ) ;
#2918 = ORIENTED_EDGE ( 'NONE', *, *, #1060, .F. ) ;
#2919 = EDGE_CURVE ( 'NONE', #2509, #3285, #1353, .T. ) ;
#2920 = ORIENTED_EDGE ( 'NONE', *, *, #3411, .F. ) ;
#2921 = VECTOR ( 'NONE', #1739, 1000.000000000000000 ) ;
#2922 = CARTESIAN_POINT ( 'NONE',  ( -4.949999999999997513, -6.266543552338529111, -4.086102540378443670 ) ) ;
#2923 = VERTEX_POINT ( 'NONE', #2489 ) ;
#2924 = CARTESIAN_POINT ( 'NONE',  ( -2.318364077607157903, -13.09999999999999964, 3.699999999999996625 ) ) ;
#2925 = LINE ( 'NONE', #321, #2121 ) ;
#2926 = DIRECTION ( 'NONE',  ( 0.000000000000000000, 0.5000000000000001110, 0.8660254037844384856 ) ) ;
#2927 = CARTESIAN_POINT ( 'NONE',  ( 2.863775026568838644, -11.47297468305717238, -5.025769390168080442 ) ) ;
#2928 = ORIENTED_EDGE ( 'NONE', *, *, #2051, .F. ) ;
#2929 = PLANE ( 'NONE',  #2437 ) ;
#2930 = CARTESIAN_POINT ( 'NONE',  ( -5.723383934940434514, -10.67784771701924385, 11.86517809408865176 ) ) ;
#2931 = PLANE ( 'NONE',  #3536 ) ;
#2932 = FACE_OUTER_BOUND ( 'NONE', #742, .T. ) ;
#2933 = CARTESIAN_POINT ( 'NONE',  ( -4.949999999999999289, -7.733087104677060175, 0.000000000000000000 ) ) ;
#2934 = EDGE_CURVE ( 'NONE', #1984, #758, #480, .T. ) ;
#2935 = CARTESIAN_POINT ( 'NONE',  ( 0.4999999999999995559, -11.10000000000000675, 12.08795098915741306 ) ) ;
#2936 = CARTESIAN_POINT ( 'NONE',  ( 1.528842434833007413, -12.41782761862462081, 3.206227365278026209 ) ) ;
#2937 = EDGE_LOOP ( 'NONE', ( #2876, #1830, #1939, #447, #2418 ) ) ;
#2938 = ORIENTED_EDGE ( 'NONE', *, *, #1167, .T. ) ;
#2939 = VERTEX_POINT ( 'NONE', #498 ) ;
#2940 = CARTESIAN_POINT ( 'NONE',  ( -3.949999999999998845, -6.583691315803124944, 8.321456873126333420 ) ) ;
#2941 = ORIENTED_EDGE ( 'NONE', *, *, #1911, .F. ) ;
#2942 = CARTESIAN_POINT ( 'NONE',  ( 2.314149816779088376, -10.59999999999999609, 10.29684157670538447 ) ) ;
#2943 = CARTESIAN_POINT ( 'NONE',  ( -4.949999999999999289, -6.733087104677053070, -7.078677163997932453 ) ) ;
#2944 = VECTOR ( 'NONE', #1238, 1000.000000000000000 ) ;
#2945 = ADVANCED_FACE ( 'NONE', ( #2179 ), #1028, .F. ) ;
#2946 = EDGE_CURVE ( 'NONE', #3421, #3445, #421, .T. ) ;
#2947 = FACE_OUTER_BOUND ( 'NONE', #2886, .T. ) ;
#2948 = CARTESIAN_POINT ( 'NONE',  ( 2.921274842952072071, -11.40207586819252228, -5.128612480481129943 ) ) ;
#2949 = ORIENTED_EDGE ( 'NONE', *, *, #1632, .F. ) ;
#2950 = CARTESIAN_POINT ( 'NONE',  ( 3.949999999999999289, -8.127313716656429321, 9.313797053028467943 ) ) ;
#2951 = CARTESIAN_POINT ( 'NONE',  ( 6.391872915056477034, -9.048216957578736341, 9.476177141024935580 ) ) ;
#2953 = CARTESIAN_POINT ( 'NONE',  ( 2.911027309380699979, -11.41175161701447749, 10.48814032510490080 ) ) ;
#2952 = VECTOR ( 'NONE', #2130, 1000.000000000000000 ) ;
#2954 = CYLINDRICAL_SURFACE ( 'NONE', #641, 1.999999999999997780 ) ;
#2955 = EDGE_CURVE ( 'NONE', #2573, #1984, #3334, .T. ) ;
#2956 = AXIS2_PLACEMENT_3D ( 'NONE', #2268, #2855, #2332 ) ;
#2957 = LINE ( 'NONE', #2933, #422 ) ;
#2958 =( BOUNDED_CURVE ( )  B_SPLINE_CURVE ( 3, ( #3635, #1078, #2798, #2748 ),
 .UNSPECIFIED., .F., .T. ) 
 B_SPLINE_CURVE_WITH_KNOTS ( ( 4, 4 ),
 ( 0.08609841703846178584, 1.085692418789582891 ),
 .UNSPECIFIED. ) 
 CURVE ( )  GEOMETRIC_REPRESENTATION_ITEM ( )  RATIONAL_B_SPLINE_CURVE ( ( 1.000000000000000000, 0.9184532445148541058, 0.9184532445148541058, 1.000000000000000000 ) ) 
 REPRESENTATION_ITEM ( '' )  );
#2959 = CIRCLE ( 'NONE', #1186, 2.433087104677063461 ) ;
#2960 = CARTESIAN_POINT ( 'NONE',  ( -3.949999999999998845, -8.300961894323346968, -5.733345921728560057 ) ) ;
#2961 = AXIS2_PLACEMENT_3D ( 'NONE', #2643, #927, #2665 ) ;
#2962 = ORIENTED_EDGE ( 'NONE', *, *, #1511, .F. ) ;
#2963 = VERTEX_POINT ( 'NONE', #3677 ) ;
#2964 = VERTEX_POINT ( 'NONE', #152 ) ;
#2965 = DIRECTION ( 'NONE',  ( 0.000000000000000000, 0.000000000000000000, 1.000000000000000000 ) ) ;
#2966 = DIRECTION ( 'NONE',  ( 1.000000000000000000, 1.596161054396002134E-16, -0.000000000000000000 ) ) ;
#2967 = DIRECTION ( 'NONE',  ( 0.000000000000000000, -1.000000000000000000, -2.243462635206247085E-16 ) ) ;
#2968 = CARTESIAN_POINT ( 'NONE',  ( -6.450000000000001066, -6.266543552338529111, -4.086102540378443670 ) ) ;
#2969 = CARTESIAN_POINT ( 'NONE',  ( 3.932736580008175942, -8.584447892657273371, 8.407539090266652693 ) ) ;
#2970 = VERTEX_POINT ( 'NONE', #1062 ) ;
#2971 = LINE ( 'NONE', #2140, #3450 ) ;
#2972 = EDGE_CURVE ( 'NONE', #358, #1578, #727, .T. ) ;
#2973 = CARTESIAN_POINT ( 'NONE',  ( -2.591721080989823900, -11.98687434524687490, -2.975733233849605419 ) ) ;
#2974 = ADVANCED_FACE ( 'NONE', ( #1295 ), #1612, .T. ) ;
#2975 = CARTESIAN_POINT ( 'NONE',  ( -4.922871768584276886, -8.746439891705234615, 8.407539090266656245 ) ) ;
#2976 = ADVANCED_FACE ( 'NONE', ( #1317 ), #1375, .T. ) ;
#2977 = VECTOR ( 'NONE', #2926, 1000.000000000000227 ) ;
#2978 = DIRECTION ( 'NONE',  ( 1.000000000000000000, -1.596161054396002134E-16, 0.000000000000000000 ) ) ;
#2979 = ADVANCED_FACE ( 'NONE', ( #2524 ), #2799, .T. ) ;
#2980 = ADVANCED_FACE ( 'NONE', ( #3657 ), #3617, .F. ) ;
#2981 = DIRECTION ( 'NONE',  ( 0.000000000000000000, -1.000000000000000000, 0.000000000000000000 ) ) ;
#2982 = CARTESIAN_POINT ( 'NONE',  ( 4.949999999999999289, -6.733087104677053070, -7.078677163997932453 ) ) ;
#2983 = ORIENTED_EDGE ( 'NONE', *, *, #2045, .F. ) ;
#2984 = ORIENTED_EDGE ( 'NONE', *, *, #2730, .F. ) ;
#2985 = ORIENTED_EDGE ( 'NONE', *, *, #3624, .F. ) ;
#2986 = CARTESIAN_POINT ( 'NONE',  ( 4.949999999999998401, -7.146263015843597799, 9.140811345032231472 ) ) ;
#2987 = DIRECTION ( 'NONE',  ( 0.000000000000000000, 0.000000000000000000, -1.000000000000000000 ) ) ;
#2988 = ORIENTED_EDGE ( 'NONE', *, *, #1248, .F. ) ;
#2989 = CARTESIAN_POINT ( 'NONE',  ( 4.922871768584276886, -8.746439891705234615, 8.407539090266656245 ) ) ;
#2990 = EDGE_CURVE ( 'NONE', #1084, #1233, #812, .T. ) ;
#2991 = FILL_AREA_STYLE ('',( #2420 ) ) ;
#2992 = FACE_OUTER_BOUND ( 'NONE', #1360, .T. ) ;
#2993 = CYLINDRICAL_SURFACE ( 'NONE', #2160, 0.9119999999999991447 ) ;
#2994 = ADVANCED_FACE ( 'NONE', ( #3086 ), #1649, .T. ) ;
#2995 = ADVANCED_FACE ( 'NONE', ( #3144 ), #791, .T. ) ;
#2996 = DIRECTION ( 'NONE',  ( 0.7271008911184283496, 0.6865306214108642946, 0.000000000000000000 ) ) ;
#2997 = DIRECTION ( 'NONE',  ( 0.000000000000000000, 0.000000000000000000, 1.000000000000000000 ) ) ;
#2998 = EDGE_LOOP ( 'NONE', ( #1813, #2983, #2000, #1728, #3320 ) ) ;
#2999 = ORIENTED_EDGE ( 'NONE', *, *, #2572, .T. ) ;
#3000 = ORIENTED_EDGE ( 'NONE', *, *, #605, .F. ) ;
#3001 = LINE ( 'NONE', #394, #2007 ) ;
#3002 = AXIS2_PLACEMENT_3D ( 'NONE', #2205, #3357, #748 ) ;
#3003 = DIRECTION ( 'NONE',  ( 0.000000000000000000, -0.1736481776669186461, -0.9848077530122101297 ) ) ;
#3004 = DIRECTION ( 'NONE',  ( 0.000000000000000000, 0.000000000000000000, 1.000000000000000000 ) ) ;
#3005 = EDGE_CURVE ( 'NONE', #2701, #1181, #2043, .T. ) ;
#3006 = EDGE_LOOP ( 'NONE', ( #1979, #2017, #430, #1253, #2199 ) ) ;
#3007 = AXIS2_PLACEMENT_3D ( 'NONE', #459, #2177, #3387 ) ;
#3008 = CARTESIAN_POINT ( 'NONE',  ( -2.787640906056642276, -11.57585138820379989, 11.13638060509849304 ) ) ;
#3009 = DIRECTION ( 'NONE',  ( 0.000000000000000000, 0.000000000000000000, -1.000000000000000000 ) ) ;
#3010 = DIRECTION ( 'NONE',  ( -1.000000000000000000, -1.596161054396002134E-16, 0.000000000000000000 ) ) ;
#3011 = CARTESIAN_POINT ( 'NONE',  ( 6.450000000000001066, -8.522912377451341115, 8.368125158572999212 ) ) ;
#3012 = CIRCLE ( 'NONE', #579, 1.344200000000002948 ) ;
#3013 = VECTOR ( 'NONE', #1471, 1000.000000000000000 ) ;
#3014 = CARTESIAN_POINT ( 'NONE',  ( -4.429528978523688210, -9.454785199950375585, 9.655446298492714519 ) ) ;
#3015 = CARTESIAN_POINT ( 'NONE',  ( -6.432648879047762058, -8.744183603692917472, 8.407141245813834374 ) ) ;
#3016 = ORIENTED_EDGE ( 'NONE', *, *, #1364, .F. ) ;
#3017 = ORIENTED_EDGE ( 'NONE', *, *, #3216, .F. ) ;
#3018 = EDGE_LOOP ( 'NONE', ( #3547, #1086, #3301, #3377 ) ) ;
#3019 = CARTESIAN_POINT ( 'NONE',  ( -2.520754163184558916, -12.27585577199018019, -2.725092291974441139 ) ) ;
#3020 = ADVANCED_FACE ( 'NONE', ( #3461 ), #2329, .F. ) ;
#3021 = FACE_OUTER_BOUND ( 'NONE', #3485, .T. ) ;
#3022 = EDGE_CURVE ( 'NONE', #2345, #142, #870, .T. ) ;
#3023 = EDGE_CURVE ( 'NONE', #3640, #1775, #1372, .T. ) ;
#3024 = CARTESIAN_POINT ( 'NONE',  ( -2.468101707677519574, -12.49025964050415816, 3.699999999999996625 ) ) ;
#3025 = ORIENTED_EDGE ( 'NONE', *, *, #2743, .T. ) ;
#3026 = CARTESIAN_POINT ( 'NONE',  ( -6.449999999999997513, -5.299999999999998934, -2.411999999999999478 ) ) ;
#3027 = CARTESIAN_POINT ( 'NONE',  ( -6.104608534941215581, -6.733087104677056622, -0.4689288905712846733 ) ) ;
#3028 = PLANE ( 'NONE',  #1737 ) ;
#3029 = CARTESIAN_POINT ( 'NONE',  ( -3.000680438189951893, -11.32710089111842322, -5.208018075719008877 ) ) ;
#3030 = CARTESIAN_POINT ( 'NONE',  ( 2.199999999999999734, -8.300961894323346968, 0.000000000000000000 ) ) ;
#3031 = ORIENTED_EDGE ( 'NONE', *, *, #3734, .T. ) ;
#3032 = VECTOR ( 'NONE', #1700, 1000.000000000000114 ) ;
#3033 = EDGE_LOOP ( 'NONE', ( #2362, #1850, #1964, #3128 ) ) ;
#3034 = ORIENTED_EDGE ( 'NONE', *, *, #2266, .F. ) ;
#3035 = EDGE_CURVE ( 'NONE', #3393, #2923, #1428, .T. ) ;
#3036 = DIRECTION ( 'NONE',  ( -1.000000000000000000, -0.000000000000000000, -0.000000000000000000 ) ) ;
#3037 = DIRECTION ( 'NONE',  ( 0.000000000000000000, 0.4999999999999999445, -0.8660254037844385966 ) ) ;
#3038 = ORIENTED_EDGE ( 'NONE', *, *, #2588, .F. ) ;
#3039 = CARTESIAN_POINT ( 'NONE',  ( 5.117755140996171015, -11.39114068157666892, 10.45253859236204086 ) ) ;
#3040 = DIRECTION ( 'NONE',  ( -1.000000000000000000, 0.000000000000000000, 0.000000000000000000 ) ) ;
#3041 = DIRECTION ( 'NONE',  ( 0.000000000000000000, 0.3391897544469196224, -0.9407179760577759620 ) ) ;
#3042 = DIRECTION ( 'NONE',  ( 1.000000000000000000, 0.000000000000000000, 0.000000000000000000 ) ) ;
#3043 = CARTESIAN_POINT ( 'NONE',  ( 6.450000000000000178, -6.733087104677053070, -8.361449492586219279 ) ) ;
#3044 = LINE ( 'NONE', #1061, #972 ) ;
#3045 = CARTESIAN_POINT ( 'NONE',  ( -4.950999999999999623, -5.299999999999998046, -2.411999999999999922 ) ) ;
#3046 = ORIENTED_EDGE ( 'NONE', *, *, #2083, .F. ) ;
#3047 = VECTOR ( 'NONE', #151, 1000.000000000000000 ) ;
#3048 = EDGE_CURVE ( 'NONE', #2237, #3664, #1745, .T. ) ;
#3049 = ORIENTED_EDGE ( 'NONE', *, *, #3726, .F. ) ;
#3050 = PRODUCT_DEFINITION_FORMATION_WITH_SPECIFIED_SOURCE ( 'ANY', '', #3628, .NOT_KNOWN. ) ;
#3051 =( BOUNDED_CURVE ( )  B_SPLINE_CURVE ( 3, ( #3527, #2661, #2378, #55 ),
 .UNSPECIFIED., .F., .T. ) 
 B_SPLINE_CURVE_WITH_KNOTS ( ( 4, 4 ),
 ( 4.712388980384689674, 4.955676160301476507 ),
 .UNSPECIFIED. ) 
 CURVE ( )  GEOMETRIC_REPRESENTATION_ITEM ( )  RATIONAL_B_SPLINE_CURVE ( ( 1.000000000000000000, 0.9950736914535426303, 0.9950736914535426303, 1.000000000000000000 ) ) 
 REPRESENTATION_ITEM ( '' )  );
#3052 = PRODUCT_DEFINITION_SHAPE ( 'NONE', 'NONE',  #1081 ) ;
#3053 = ORIENTED_EDGE ( 'NONE', *, *, #1742, .T. ) ;
#3054 = CARTESIAN_POINT ( 'NONE',  ( -6.450000000000000178, -7.146263015843597799, 9.140811345032229696 ) ) ;
#3055 = AXIS2_PLACEMENT_3D ( 'NONE', #1835, #2400, #967 ) ;
#3056 = CARTESIAN_POINT ( 'NONE',  ( -2.711654458776466381, -10.60000000000000142, 11.24595166486856890 ) ) ;
#3057 = ORIENTED_EDGE ( 'NONE', *, *, #1710, .T. ) ;
#3058 = EDGE_CURVE ( 'NONE', #2015, #1052, #25, .T. ) ;
#3059 = AXIS2_PLACEMENT_3D ( 'NONE', #3196, #5, #1823 ) ;
#3060 = CARTESIAN_POINT ( 'NONE',  ( -1.550243260548948898, -12.08240422297518535, 3.264240157603823800 ) ) ;
#3061 = CARTESIAN_POINT ( 'NONE',  ( 2.711654458772685850, -10.60000000000000142, 11.58795098915740773 ) ) ;
#3062 =( LENGTH_UNIT ( ) NAMED_UNIT ( * ) SI_UNIT ( .MILLI., .METRE. ) );
#3063 = CARTESIAN_POINT ( 'NONE',  ( -6.027228813272574648, -6.733087104677053958, -4.378258937514589277 ) ) ;
#3064 = DIRECTION ( 'NONE',  ( 0.000000000000000000, -0.9848077530122102408, 0.1736481776669177857 ) ) ;
#3065 = VECTOR ( 'NONE', #3502, 1000.000000000000000 ) ;
#3066 = DIRECTION ( 'NONE',  ( -0.03194546426177171522, 0.8841750000479056126, -0.4660622883299891384 ) ) ;
#3067 = EDGE_CURVE ( 'NONE', #3071, #3642, #1764, .T. ) ;
#3068 = DIRECTION ( 'NONE',  ( -1.000000000000000000, 0.000000000000000000, 0.000000000000000000 ) ) ;
#3069 = ORIENTED_EDGE ( 'NONE', *, *, #1220, .T. ) ;
#3070 = ORIENTED_EDGE ( 'NONE', *, *, #1249, .F. ) ;
#3071 = VERTEX_POINT ( 'NONE', #2055 ) ;
#3072 = ORIENTED_EDGE ( 'NONE', *, *, #1228, .T. ) ;
#3073 = ORIENTED_EDGE ( 'NONE', *, *, #970, .T. ) ;
#3074 = EDGE_LOOP ( 'NONE', ( #1264, #2397, #3231, #2119 ) ) ;
#3075 = FACE_OUTER_BOUND ( 'NONE', #1345, .T. ) ;
#3076 = ORIENTED_EDGE ( 'NONE', *, *, #1519, .T. ) ;
#3077 = VECTOR ( 'NONE', #2967, 1000.000000000000000 ) ;
#3078 = EDGE_CURVE ( 'NONE', #1771, #2859, #594, .T. ) ;
#3079 = DIRECTION ( 'NONE',  ( 1.000000000000000000, -0.000000000000000000, -0.000000000000000000 ) ) ;
#3080 = LINE ( 'NONE', #2193, #350 ) ;
#3081 = CARTESIAN_POINT ( 'NONE',  ( -6.449999999999997513, -6.733087104677054846, -3.709338469589597675 ) ) ;
#3082 = DIRECTION ( 'NONE',  ( -1.000000000000000000, 8.761229676650544604E-17, -0.000000000000000000 ) ) ;
#3083 = DIRECTION ( 'NONE',  ( 1.000000000000000000, -0.000000000000000000, -0.000000000000000000 ) ) ;
#3084 = EDGE_CURVE ( 'NONE', #950, #522, #1692, .T. ) ;
#3085 = CARTESIAN_POINT ( 'NONE',  ( 2.573758920962800456, -12.06001730808829819, -2.905361833170860830 ) ) ;
#3086 = FACE_OUTER_BOUND ( 'NONE', #3322, .T. ) ;
#3087 = VERTEX_POINT ( 'NONE', #2265 ) ;
#3088 = VECTOR ( 'NONE', #3286, 1000.000000000000000 ) ;
#3089 = AXIS2_PLACEMENT_3D ( 'NONE', #3026, #3311, #2155 ) ;
#3090 = VERTEX_POINT ( 'NONE', #3425 ) ;
#3091 = VERTEX_POINT ( 'NONE', #1175 ) ;
#3092 = ORIENTED_EDGE ( 'NONE', *, *, #944, .T. ) ;
#3093 = EDGE_LOOP ( 'NONE', ( #2222, #3524, #1064, #342, #375 ) ) ;
#3094 = DIRECTION ( 'NONE',  ( 0.000000000000000000, -0.8846265015520632380, 0.4663002817410228928 ) ) ;
#3095 = ORIENTED_EDGE ( 'NONE', *, *, #2148, .T. ) ;
#3096 = VECTOR ( 'NONE', #1155, 1000.000000000000000 ) ;
#3097 = CARTESIAN_POINT ( 'NONE',  ( -2.255755739703692697, -10.65667536211489264, 4.711822773570589540 ) ) ;
#3098 = CARTESIAN_POINT ( 'NONE',  ( 2.626750014382423171, -10.30484205075905457, 9.703762128096455442 ) ) ;
#3099 = DIRECTION ( 'NONE',  ( 0.000000000000000000, 0.000000000000000000, 1.000000000000000000 ) ) ;
#3100 = ORIENTED_EDGE ( 'NONE', *, *, #1511, .T. ) ;
#3101 = CARTESIAN_POINT ( 'NONE',  ( -6.291966446048496309, -6.733087104677055734, -0.6079841178696531179 ) ) ;
#3102 = CARTESIAN_POINT ( 'NONE',  ( 4.950999999999999623, -13.09999999999999964, 3.699999999999996625 ) ) ;
#3103 = VECTOR ( 'NONE', #1761, 1000.000000000000000 ) ;
#3104 = DIRECTION ( 'NONE',  ( 0.000000000000000000, 1.000000000000000000, -3.241362397758729653E-15 ) ) ;
#3105 = CARTESIAN_POINT ( 'NONE',  ( -4.949999999999997513, -3.366912895322936361, -2.411999999999999478 ) ) ;
#3106 = EDGE_CURVE ( 'NONE', #1847, #857, #3715, .T. ) ;
#3107 = ADVANCED_FACE ( 'NONE', ( #1995 ), #2632, .F. ) ;
#3108 = ORIENTED_EDGE ( 'NONE', *, *, #1303, .F. ) ;
#3109 = ORIENTED_EDGE ( 'NONE', *, *, #2276, .F. ) ;
#3110 = ORIENTED_EDGE ( 'NONE', *, *, #3754, .T. ) ;
#3111 = ORIENTED_EDGE ( 'NONE', *, *, #551, .T. ) ;
#3112 = FACE_OUTER_BOUND ( 'NONE', #3415, .T. ) ;
#3113 = ORIENTED_EDGE ( 'NONE', *, *, #2828, .T. ) ;
#3114 = VECTOR ( 'NONE', #124, 1000.000000000000114 ) ;
#3115 = DIRECTION ( 'NONE',  ( -1.000000000000000000, -0.000000000000000000, -0.000000000000000000 ) ) ;
#3116 = CARTESIAN_POINT ( 'NONE',  ( -2.924496058181999647, -10.02370943358137190, 9.349563381715858768 ) ) ;
#3117 = DIRECTION ( 'NONE',  ( 0.6865306214108640726, -0.7271008911184286827, 0.000000000000000000 ) ) ;
#3118 = ORIENTED_EDGE ( 'NONE', *, *, #3259, .T. ) ;
#3119 = CARTESIAN_POINT ( 'NONE',  ( 4.950999999999999623, -5.299999999999998046, -2.411999999999999922 ) ) ;
#3120 = DIRECTION ( 'NONE',  ( 0.000000000000000000, 0.8660254037844387076, 0.4999999999999998335 ) ) ;
#3121 = CIRCLE ( 'NONE', #1418, 1.933087104677062129 ) ;
#3122 = DIRECTION ( 'NONE',  ( 0.000000000000000000, -1.000000000000000000, -2.243462635206247085E-16 ) ) ;
#3123 = DIRECTION ( 'NONE',  ( 0.000000000000000000, 0.000000000000000000, -1.000000000000000000 ) ) ;
#3124 = B_SPLINE_CURVE_WITH_KNOTS ( 'NONE', 3,
 ( #1386, #627, #2538, #3422, #1989, #2380, #2902, #299, #1461, #2621, #1527, #74, #2684, #1229, #2398, #3550 ),
 .UNSPECIFIED., .F., .F.,
 ( 4, 2, 2, 2, 2, 2, 2, 4 ),
 ( 0.000000000000000000, 0.0007799379847368680813, 0.001169906977105302989, 0.001559875969473737680, 0.001949844961842172155, 0.002339813954210607280, 0.002729782946579041754, 0.003119751938947476662 ),
 .UNSPECIFIED. ) ;
#3125 = VECTOR ( 'NONE', #568, 1000.000000000000227 ) ;
#3126 = ORIENTED_EDGE ( 'NONE', *, *, #671, .T. ) ;
#3127 = VERTEX_POINT ( 'NONE', #832 ) ;
#3128 = ORIENTED_EDGE ( 'NONE', *, *, #3035, .F. ) ;
#3129 = ORIENTED_EDGE ( 'NONE', *, *, #242, .F. ) ;
#3130 = CARTESIAN_POINT ( 'NONE',  ( -2.314149816779088376, -10.59999999999999609, -4.261854658931081730 ) ) ;
#3131 = VECTOR ( 'NONE', #1242, 1000.000000000000000 ) ;
#3132 = ORIENTED_EDGE ( 'NONE', *, *, #1697, .F. ) ;
#3133 = AXIS2_PLACEMENT_3D ( 'NONE', #416, #2141, #2174 ) ;
#3134 = CARTESIAN_POINT ( 'NONE',  ( -2.490132350778648807, -12.40054957738846220, -2.659364262702692105 ) ) ;
#3135 = CARTESIAN_POINT ( 'NONE',  ( 6.451000000000000512, -6.733087104677053070, -8.361449492586219279 ) ) ;
#3136 = AXIS2_PLACEMENT_3D ( 'NONE', #2882, #542, #2862 ) ;
#3137 = EDGE_CURVE ( 'NONE', #1181, #599, #553, .T. ) ;
#3138 = EDGE_CURVE ( 'NONE', #733, #1016, #660, .T. ) ;
#3139 = DIRECTION ( 'NONE',  ( -1.571911781425326862E-16, 0.9848077530122101297, -0.1736481776669186461 ) ) ;
#3140 = VERTEX_POINT ( 'NONE', #636 ) ;
#3141 = CARTESIAN_POINT ( 'NONE',  ( -5.949999999999997513, -5.299999999999998934, -2.411999999999999478 ) ) ;
#3142 = DIRECTION ( 'NONE',  ( 0.000000000000000000, -0.3391897544469196224, 0.9407179760577759620 ) ) ;
#3143 = CARTESIAN_POINT ( 'NONE',  ( -1.890061969967046673, -11.11820512509660475, -2.961029611513426030 ) ) ;
#3144 = FACE_OUTER_BOUND ( 'NONE', #118, .T. ) ;
#3145 = CARTESIAN_POINT ( 'NONE',  ( -4.949999999999998401, -7.146263015843597799, 9.140811345032231472 ) ) ;
#3146 = CARTESIAN_POINT ( 'NONE',  ( 5.884911184688180086, -10.41912256698230088, 10.70693548587423116 ) ) ;
#3147 = ORIENTED_EDGE ( 'NONE', *, *, #944, .F. ) ;
#3148 = ORIENTED_EDGE ( 'NONE', *, *, #717, .T. ) ;
#3149 = VERTEX_POINT ( 'NONE', #1491 ) ;
#3150 = CARTESIAN_POINT ( 'NONE',  ( 3.080777403591584918, -11.25147312047200998, -5.288115041120641457 ) ) ;
#3151 = CIRCLE ( 'NONE', #2790, 0.5000000000000038858 ) ;
#3152 = PLANE ( 'NONE',  #311 ) ;
#3153 = CARTESIAN_POINT ( 'NONE',  ( -6.450000000000001066, -6.266543552338529111, -4.086102540378443670 ) ) ;
#3154 = CARTESIAN_POINT ( 'NONE',  ( -4.949999999999999289, -8.300961894323346968, 0.000000000000000000 ) ) ;
#3155 = VERTEX_POINT ( 'NONE', #2114 ) ;
#3156 = PLANE ( 'NONE',  #207 ) ;
#3157 = CARTESIAN_POINT ( 'NONE',  ( 3.963984714464243275, -8.270677951712068321, 9.339076035737354786 ) ) ;
#3158 = CARTESIAN_POINT ( 'NONE',  ( -2.269351178082067211, -10.64181131977021622, -3.871681959569766907 ) ) ;
#3159 = CARTESIAN_POINT ( 'NONE',  ( 4.949999999999999289, -8.300961894323346968, 0.000000000000000000 ) ) ;
#3160 = DIRECTION ( 'NONE',  ( 1.000000000000000000, -0.000000000000000000, -0.000000000000000000 ) ) ;
#3161 = CARTESIAN_POINT ( 'NONE',  ( -4.896553359447206155, -11.60000000000001386, 11.58795098915740773 ) ) ;
#3162 = ORIENTED_EDGE ( 'NONE', *, *, #410, .F. ) ;
#3163 = ORIENTED_EDGE ( 'NONE', *, *, #1289, .T. ) ;
#3164 = VERTEX_POINT ( 'NONE', #3263 ) ;
#3165 = ORIENTED_EDGE ( 'NONE', *, *, #2161, .T. ) ;
#3166 = CARTESIAN_POINT ( 'NONE',  ( 4.950999999999999623, -6.762728116648171195, 8.818002345749585302 ) ) ;
#3167 = LINE ( 'NONE', #278, #2545 ) ;
#3168 = CARTESIAN_POINT ( 'NONE',  ( -4.949999999999997513, -4.333456447661466093, -0.7378974596215569504 ) ) ;
#3169 = AXIS2_PLACEMENT_3D ( 'NONE', #1429, #516, #3714 ) ;
#3170 = CARTESIAN_POINT ( 'NONE',  ( 6.451000000000001400, -12.59999999999999787, 3.199999999999997069 ) ) ;
#3171 = CARTESIAN_POINT ( 'NONE',  ( 2.085247901709772034, -14.04926265915371708, -1.790302152096228117 ) ) ;
#3172 = ORIENTED_EDGE ( 'NONE', *, *, #126, .F. ) ;
#3173 =( BOUNDED_CURVE ( )  B_SPLINE_CURVE ( 3, ( #1538, #3241, #3011, #372 ),
 .UNSPECIFIED., .F., .T. ) 
 B_SPLINE_CURVE_WITH_KNOTS ( ( 4, 4 ),
 ( 1.414285353254860711, 1.570796326794896558 ),
 .UNSPECIFIED. ) 
 CURVE ( )  GEOMETRIC_REPRESENTATION_ITEM ( )  RATIONAL_B_SPLINE_CURVE ( ( 1.000000000000000000, 0.9979597344511408341, 0.9979597344511408341, 1.000000000000000000 ) ) 
 REPRESENTATION_ITEM ( '' )  );
#3174 = CARTESIAN_POINT ( 'NONE',  ( 0.5000000000000000000, -10.59999999999999787, 11.08795098915741661 ) ) ;
#3175 = LINE ( 'NONE', #2070, #2249 ) ;
#3176 = DIRECTION ( 'NONE',  ( 0.000000000000000000, -0.4999999999999998335, 0.8660254037844387076 ) ) ;
#3177 = CARTESIAN_POINT ( 'NONE',  ( -2.305019310318624282, -10.60863468239081442, -4.052375839076892028 ) ) ;
#3178 = CARTESIAN_POINT ( 'NONE',  ( -4.785841074055331212, -8.984601109586668244, 9.472179147975754887 ) ) ;
#3179 = FACE_OUTER_BOUND ( 'NONE', #462, .T. ) ;
#3180 = AXIS2_PLACEMENT_3D ( 'NONE', #1138, #2916, #2840 ) ;
#3181 = ADVANCED_FACE ( 'NONE', ( #2350 ), #974, .T. ) ;
#3182 = CARTESIAN_POINT ( 'NONE',  ( 3.401428587469010889, -9.573388453780596663, 9.018169981923099598 ) ) ;
#3183 = DIRECTION ( 'NONE',  ( 0.000000000000000000, 0.000000000000000000, 1.000000000000000000 ) ) ;
#3184 = ORIENTED_EDGE ( 'NONE', *, *, #786, .F. ) ;
#3185 = ORIENTED_EDGE ( 'NONE', *, *, #199, .T. ) ;
#3186 = EDGE_LOOP ( 'NONE', ( #1103, #3430, #2896, #1694, #1752, #1085, #2719, #1509 ) ) ;
#3187 = DIRECTION ( 'NONE',  ( 0.000000000000000000, 0.000000000000000000, 1.000000000000000000 ) ) ;
#3188 = CARTESIAN_POINT ( 'NONE',  ( -3.949999999999999734, -8.300961894323346968, 8.328989300016257147 ) ) ;
#3189 = PLANE ( 'NONE',  #2893 ) ;
#3190 = VECTOR ( 'NONE', #3511, 1000.000000000000000 ) ;
#3191 = CARTESIAN_POINT ( 'NONE',  ( 4.896553359447206155, -11.60000000000001386, 11.58795098915740773 ) ) ;
#3192 = VECTOR ( 'NONE', #461, 1000.000000000000000 ) ;
#3193 = CARTESIAN_POINT ( 'NONE',  ( 2.305019310318624282, -10.60863468239081442, -4.052375839076892028 ) ) ;
#3194 = EDGE_LOOP ( 'NONE', ( #898, #3148 ) ) ;
#3195 = CARTESIAN_POINT ( 'NONE',  ( 3.932655112531213693, -8.584776121140118121, 8.407630037539252754 ) ) ;
#3196 = CARTESIAN_POINT ( 'NONE',  ( 4.950999999999999623, -6.891868358501276326, -7.226921471345510106 ) ) ;
#3197 =( BOUNDED_CURVE ( )  B_SPLINE_CURVE ( 3, ( #2138, #2969, #413, #3571 ),
 .UNSPECIFIED., .F., .T. ) 
 B_SPLINE_CURVE_WITH_KNOTS ( ( 4, 4 ),
 ( 1.327509146878108837, 1.570796326794896558 ),
 .UNSPECIFIED. ) 
 CURVE ( )  GEOMETRIC_REPRESENTATION_ITEM ( )  RATIONAL_B_SPLINE_CURVE ( ( 1.000000000000000000, 0.9950736914535426303, 0.9950736914535426303, 1.000000000000000000 ) ) 
 REPRESENTATION_ITEM ( '' )  );
#3198 = EDGE_CURVE ( 'NONE', #2494, #2841, #2653, .T. ) ;
#3199 = LINE ( 'NONE', #2328, #1546 ) ;
#3200 = EDGE_CURVE ( 'NONE', #3155, #89, #807, .T. ) ;
#3201 = CARTESIAN_POINT ( 'NONE',  ( 6.450000000000000178, -6.733087104677053070, -8.361449492586219279 ) ) ;
#3202 = CARTESIAN_POINT ( 'NONE',  ( -4.950999999999999623, -5.299999999999998046, -2.411999999999999922 ) ) ;
#3203 = DIRECTION ( 'NONE',  ( -1.000000000000000000, 0.000000000000000000, 0.000000000000000000 ) ) ;
#3204 = CARTESIAN_POINT ( 'NONE',  ( 2.314149816779086599, -10.59999999999999609, 5.073842614011418561 ) ) ;
#3205 = ORIENTED_EDGE ( 'NONE', *, *, #1205, .T. ) ;
#3206 = ORIENTED_EDGE ( 'NONE', *, *, #638, .F. ) ;
#3207 = ORIENTED_EDGE ( 'NONE', *, *, #133, .T. ) ;
#3208 = CARTESIAN_POINT ( 'NONE',  ( -2.772986293234238175, -11.59999999999999964, -4.521487454308140919 ) ) ;
#3209 = EDGE_LOOP ( 'NONE', ( #1656, #177, #1183, #2598, #3739, #968 ) ) ;
#3210 = DIRECTION ( 'NONE',  ( -1.000000000000000000, -0.000000000000000000, -0.000000000000000000 ) ) ;
#3211 = DIRECTION ( 'NONE',  ( 0.000000000000000000, 0.000000000000000000, 1.000000000000000000 ) ) ;
#3212 = CARTESIAN_POINT ( 'NONE',  ( 4.896553359447205267, -11.60000000000001386, 11.75240732297993063 ) ) ;
#3213 = CARTESIAN_POINT ( 'NONE',  ( 2.772986293234243060, -11.60000000000001030, 11.58795098915740773 ) ) ;
#3214 = ORIENTED_EDGE ( 'NONE', *, *, #3084, .T. ) ;
#3215 = CARTESIAN_POINT ( 'NONE',  ( 4.949999999999999289, -8.127313716656429321, 9.313797053028467943 ) ) ;
#3216 = EDGE_CURVE ( 'NONE', #3473, #2574, #2729, .T. ) ;
#3217 = CARTESIAN_POINT ( 'NONE',  ( -2.722510524210464133, -11.68208525495817263, -3.486790326713077093 ) ) ;
#3218 = MECHANICAL_DESIGN_GEOMETRIC_PRESENTATION_REPRESENTATION (  '', ( #3637 ), #2734 ) ;
#3219 = LINE ( 'NONE', #2674, #2050 ) ;
#3220 = LINE ( 'NONE', #852, #3096 ) ;
#3221 = VECTOR ( 'NONE', #1294, 1000.000000000000114 ) ;
#3222 = FACE_OUTER_BOUND ( 'NONE', #3528, .T. ) ;
#3223 = DIRECTION ( 'NONE',  ( 0.000000000000000000, -1.000000000000000000, 0.000000000000000000 ) ) ;
#3224 = EDGE_CURVE ( 'NONE', #3642, #3248, #689, .T. ) ;
#3225 = EDGE_CURVE ( 'NONE', #713, #2917, #3173, .T. ) ;
#3226 = ORIENTED_EDGE ( 'NONE', *, *, #387, .T. ) ;
#3227 = VERTEX_POINT ( 'NONE', #1259 ) ;
#3228 = ORIENTED_EDGE ( 'NONE', *, *, #2864, .F. ) ;
#3229 = AXIS2_PLACEMENT_3D ( 'NONE', #3497, #2305, #2368 ) ;
#3230 = CARTESIAN_POINT ( 'NONE',  ( -2.772986293234243060, -11.60000000000001030, 11.58795098915740773 ) ) ;
#3231 = ORIENTED_EDGE ( 'NONE', *, *, #3648, .T. ) ;
#3232 = LINE ( 'NONE', #514, #3315 ) ;
#3233 = CARTESIAN_POINT ( 'NONE',  ( -0.4999999999999995559, -10.59999999999999787, 11.58795098915740773 ) ) ;
#3234 = DIRECTION ( 'NONE',  ( 0.000000000000000000, -1.000000000000000000, 0.000000000000000000 ) ) ;
#3235 = DIRECTION ( 'NONE',  ( -0.6489777746508509360, 0.6127665642488110409, -0.4509378956662848936 ) ) ;
#3236 = EDGE_CURVE ( 'NONE', #1790, #88, #3281, .T. ) ;
#3237 = ORIENTED_EDGE ( 'NONE', *, *, #2331, .F. ) ;
#3238 = DIRECTION ( 'NONE',  ( 0.000000000000000000, 0.000000000000000000, 1.000000000000000000 ) ) ;
#3239 = CARTESIAN_POINT ( 'NONE',  ( 6.421796260437353077, -8.789773039201598692, 9.430606505215031632 ) ) ;
#3240 = DIRECTION ( 'NONE',  ( -0.6865306214108642946, -0.7271008911184283496, 0.000000000000000000 ) ) ;
#3241 = CARTESIAN_POINT ( 'NONE',  ( 6.432648879047762058, -8.744183603692917472, 8.407141245813834374 ) ) ;
#3242 = CIRCLE ( 'NONE', #3055, 0.5000000000000022204 ) ;
#3243 = DIRECTION ( 'NONE',  ( 0.000000000000000000, 0.000000000000000000, 1.000000000000000000 ) ) ;
#3244 = CARTESIAN_POINT ( 'NONE',  ( 5.117755140996171015, -11.39114068157666892, 10.45253859236204086 ) ) ;
#3245 = LINE ( 'NONE', #2732, #755 ) ;
#3246 = ORIENTED_EDGE ( 'NONE', *, *, #3624, .T. ) ;
#3247 = VERTEX_POINT ( 'NONE', #83 ) ;
#3248 = VERTEX_POINT ( 'NONE', #2675 ) ;
#3249 = EDGE_CURVE ( 'NONE', #250, #2750, #471, .T. ) ;
#3250 = LINE ( 'NONE', #1816, #3125 ) ;
#3251 = ADVANCED_FACE ( 'NONE', ( #893 ), #2954, .T. ) ;
#3252 = DIRECTION ( 'NONE',  ( -1.000000000000000000, -0.000000000000000000, -0.000000000000000000 ) ) ;
#3253 = VECTOR ( 'NONE', #830, 1000.000000000000000 ) ;
#3254 = CARTESIAN_POINT ( 'NONE',  ( -4.949999999999999289, -7.733087104677060175, -7.163102064221032350 ) ) ;
#3255 = ADVANCED_FACE ( 'NONE', ( #2932 ), #2993, .F. ) ;
#3256 = CARTESIAN_POINT ( 'NONE',  ( 4.950999999999999623, -7.233087104677059287, 8.648407468526125186 ) ) ;
#3257 = ORIENTED_EDGE ( 'NONE', *, *, #327, .T. ) ;
#3258 = EDGE_CURVE ( 'NONE', #1635, #2907, #2531, .T. ) ;
#3259 = EDGE_CURVE ( 'NONE', #3644, #796, #3540, .T. ) ;
#3260 = CARTESIAN_POINT ( 'NONE',  ( 4.949999999999999289, -8.300961894323346968, 8.328989300016257147 ) ) ;
#3261 = CARTESIAN_POINT ( 'NONE',  ( 3.782051511691397749, -9.067078194714563111, 8.581379947489754301 ) ) ;
#3262 = CARTESIAN_POINT ( 'NONE',  ( -4.949999999999999289, -8.300961894323346968, 8.328989300016257147 ) ) ;
#3263 = CARTESIAN_POINT ( 'NONE',  ( -5.949999999999997513, -6.733087104677055734, -0.4457410624858840209 ) ) ;
#3264 = DIRECTION ( 'NONE',  ( 1.000000000000000000, -0.000000000000000000, -0.000000000000000000 ) ) ;
#3265 = VECTOR ( 'NONE', #1306, 1000.000000000000000 ) ;
#3266 = CARTESIAN_POINT ( 'NONE',  ( -2.772986293234238175, -11.59999999999999964, 5.199999999999997513 ) ) ;
#3267 = LINE ( 'NONE', #2679, #2704 ) ;
#3268 = AXIS2_PLACEMENT_3D ( 'NONE', #1189, #1817, #2381 ) ;
#3269 = ORIENTED_EDGE ( 'NONE', *, *, #2514, .T. ) ;
#3270 = LINE ( 'NONE', #1544, #3088 ) ;
#3271 = ORIENTED_EDGE ( 'NONE', *, *, #1595, .F. ) ;
#3272 = EDGE_CURVE ( 'NONE', #2970, #108, #616, .T. ) ;
#3273 = CARTESIAN_POINT ( 'NONE',  ( 4.896553359447206155, -11.60000000000001386, 11.58795098915740773 ) ) ;
#3274 = CARTESIAN_POINT ( 'NONE',  ( 4.397417070196203426, -8.632973443543189518, -5.558337510075888055 ) ) ;
#3275 = EDGE_LOOP ( 'NONE', ( #2291, #2100, #3679, #391 ) ) ;
#3276 = ADVANCED_FACE ( 'NONE', ( #2143 ), #2210, .T. ) ;
#3277 = CARTESIAN_POINT ( 'NONE',  ( -6.450000000000001066, -6.266543552338529111, -0.7378974596215572834 ) ) ;
#3278 = FACE_OUTER_BOUND ( 'NONE', #1678, .T. ) ;
#3279 = CIRCLE ( 'NONE', #3089, 1.933087104677062129 ) ;
#3280 = DIRECTION ( 'NONE',  ( 0.000000000000000000, -0.8660254037844388186, 0.4999999999999997780 ) ) ;
#3281 = LINE ( 'NONE', #1786, #2405 ) ;
#3282 = CIRCLE ( 'NONE', #481, 2.433087104677061685 ) ;
#3283 = DIRECTION ( 'NONE',  ( 0.000000000000000000, -0.4999999999999997780, -0.8660254037844387076 ) ) ;
#3284 = CARTESIAN_POINT ( 'NONE',  ( -6.450000000000000178, -7.733087104677060175, 7.809307837348835157 ) ) ;
#3285 = VERTEX_POINT ( 'NONE', #754 ) ;
#3286 = DIRECTION ( 'NONE',  ( -1.000000000000000000, 8.761229676650544604E-17, -0.000000000000000000 ) ) ;
#3287 = EDGE_CURVE ( 'NONE', #3421, #1635, #990, .T. ) ;
#3288 = ORIENTED_EDGE ( 'NONE', *, *, #133, .F. ) ;
#3289 = CARTESIAN_POINT ( 'NONE',  ( 4.698490148838136093, -9.479523760773979291, 8.572007027634978016 ) ) ;
#3290 = LINE ( 'NONE', #966, #200 ) ;
#3291 = ORIENTED_EDGE ( 'NONE', *, *, #2498, .T. ) ;
#3292 = DIRECTION ( 'NONE',  ( 0.000000000000000000, 0.000000000000000000, -1.000000000000000000 ) ) ;
#3293 = CARTESIAN_POINT ( 'NONE',  ( -1.532106518243486315, -12.32748549913100256, 3.218653022104373207 ) ) ;
#3294 = DIRECTION ( 'NONE',  ( -0.7271008911184283496, 0.6865306214108642946, 0.000000000000000000 ) ) ;
#3295 = DIRECTION ( 'NONE',  ( 0.000000000000000000, 0.000000000000000000, 1.000000000000000000 ) ) ;
#3296 = CARTESIAN_POINT ( 'NONE',  ( 6.451000000000001400, -10.33500223068162782, -4.661171868325922674 ) ) ;
#3297 = EDGE_CURVE ( 'NONE', #1416, #3622, #496, .T. ) ;
#3298 = CARTESIAN_POINT ( 'NONE',  ( 6.450000000000000178, -6.733087104677054846, -3.709338469589600784 ) ) ;
#3299 = VECTOR ( 'NONE', #3626, 1000.000000000000000 ) ;
#3300 = ORIENTED_EDGE ( 'NONE', *, *, #963, .T. ) ;
#3301 = ORIENTED_EDGE ( 'NONE', *, *, #113, .F. ) ;
#3302 = EDGE_CURVE ( 'NONE', #3548, #2560, #1298, .T. ) ;
#3303 = EDGE_CURVE ( 'NONE', #1320, #195, #454, .T. ) ;
#3304 = ORIENTED_EDGE ( 'NONE', *, *, #1031, .F. ) ;
#3305 = CARTESIAN_POINT ( 'NONE',  ( 1.449999999999999067, -14.59999999999999609, 3.199999999999997069 ) ) ;
#3306 = AXIS2_PLACEMENT_3D ( 'NONE', #561, #2039, #3740 ) ;
#3307 = CARTESIAN_POINT ( 'NONE',  ( -3.000680438189951893, -11.32710089111842322, 10.29684157670539513 ) ) ;
#3308 = DIRECTION ( 'NONE',  ( 0.000000000000000000, 0.000000000000000000, 1.000000000000000000 ) ) ;
#3309 = ORIENTED_EDGE ( 'NONE', *, *, #1276, .T. ) ;
#3310 = VECTOR ( 'NONE', #3083, 1000.000000000000000 ) ;
#3311 = DIRECTION ( 'NONE',  ( -1.000000000000000000, 8.761229676650544604E-17, -0.000000000000000000 ) ) ;
#3312 = CARTESIAN_POINT ( 'NONE',  ( 2.765988145090194195, -11.61051023584927755, 4.996102702011230967 ) ) ;
#3313 = CARTESIAN_POINT ( 'NONE',  ( -2.431849355817635061, -10.48886777796185221, -4.580066963689755966 ) ) ;
#3314 = LINE ( 'NONE', #3612, #3426 ) ;
#3315 = VECTOR ( 'NONE', #3210, 1000.000000000000000 ) ;
#3316 = EDGE_CURVE ( 'NONE', #1358, #758, #167, .T. ) ;
#3317 = CARTESIAN_POINT ( 'NONE',  ( -3.927677577455558122, -8.670118198333113924, 9.390413095734411186 ) ) ;
#3318 = CARTESIAN_POINT ( 'NONE',  ( -2.312581941768991900, -10.60148167184889623, -4.238101298048118970 ) ) ;
#3319 = CIRCLE ( 'NONE', #3496, 0.5000000000000022204 ) ;
#3320 = ORIENTED_EDGE ( 'NONE', *, *, #2315, .F. ) ;
#3321 = CIRCLE ( 'NONE', #1690, 1.933087104677062129 ) ;
#3322 = EDGE_LOOP ( 'NONE', ( #961, #2594, #1614, #1496 ) ) ;
#3323 = DIRECTION ( 'NONE',  ( 0.9705513570427835024, -0.2408942991073293738, 0.000000000000000000 ) ) ;
#3324 = CARTESIAN_POINT ( 'NONE',  ( 2.504259813733302309, -12.34302172459230107, 3.846777117249755129 ) ) ;
#3325 =( NAMED_UNIT ( * ) SI_UNIT ( $, .STERADIAN. ) SOLID_ANGLE_UNIT ( ) );
#3326 = ORIENTED_EDGE ( 'NONE', *, *, #3530, .T. ) ;
#3327 = CARTESIAN_POINT ( 'NONE',  ( -2.857141528534721697, -11.48141769143223101, 10.69742180331951253 ) ) ;
#3328 = CARTESIAN_POINT ( 'NONE',  ( 3.225759109676382241, -9.739256048254217646, 9.769799948555153435 ) ) ;
#3329 = DIRECTION ( 'NONE',  ( 1.000000000000000000, 0.000000000000000000, 0.000000000000000000 ) ) ;
#3330 = CARTESIAN_POINT ( 'NONE',  ( 6.450000000000000178, -8.233087104677061063, 7.809307837348835157 ) ) ;
#3331 = CARTESIAN_POINT ( 'NONE',  ( 2.573758920962800456, -12.06001730808829819, 4.119057818140072769 ) ) ;
#3332 = ADVANCED_FACE ( 'NONE', ( #1590 ), #2502, .T. ) ;
#3333 = DIRECTION ( 'NONE',  ( 0.000000000000000000, 0.000000000000000000, -1.000000000000000000 ) ) ;
#3334 = LINE ( 'NONE', #1936, #400 ) ;
#3335 = VERTEX_POINT ( 'NONE', #3331 ) ;
#3336 = VERTEX_POINT ( 'NONE', #2747 ) ;
#3337 = EDGE_CURVE ( 'NONE', #2923, #2725, #2439, .T. ) ;
#3338 = ADVANCED_FACE ( 'NONE', ( #1624 ), #3028, .T. ) ;
#3339 = ORIENTED_EDGE ( 'NONE', *, *, #1977, .T. ) ;
#3340 = CARTESIAN_POINT ( 'NONE',  ( 4.949999999999999289, -5.299999999999998046, -3.323999999999999400 ) ) ;
#3341 = CARTESIAN_POINT ( 'NONE',  ( -2.437317316699241676, -10.48370491455762732, 10.76782005946490806 ) ) ;
#3342 = EDGE_LOOP ( 'NONE', ( #2203, #1319, #3757, #1049, #3162, #3507, #1120, #2604 ) ) ;
#3343 = LINE ( 'NONE', #766, #975 ) ;
#3344 = EDGE_CURVE ( 'NONE', #2923, #2242, #3314, .T. ) ;
#3345 = CARTESIAN_POINT ( 'NONE',  ( -6.449999999999997513, -6.733087104677054846, -3.709338469589597675 ) ) ;
#3346 = CARTESIAN_POINT ( 'NONE',  ( 5.223136228176725737, -11.29163957498920112, 10.19123354959625694 ) ) ;
#3347 = DIRECTION ( 'NONE',  ( 0.000000000000000000, 3.241362397758729653E-15, 1.000000000000000000 ) ) ;
#3348 = CARTESIAN_POINT ( 'NONE',  ( -6.450000000000001066, -8.522912377451341115, 8.368125158572999212 ) ) ;
#3349 = VERTEX_POINT ( 'NONE', #1646 ) ;
#3350 = AXIS2_PLACEMENT_3D ( 'NONE', #1197, #2370, #674 ) ;
#3351 = ORIENTED_EDGE ( 'NONE', *, *, #18, .F. ) ;
#3352 = EDGE_CURVE ( 'NONE', #214, #713, #2123, .T. ) ;
#3353 = ORIENTED_EDGE ( 'NONE', *, *, #1653, .F. ) ;
#3354 = VERTEX_POINT ( 'NONE', #725 ) ;
#3355 = CARTESIAN_POINT ( 'NONE',  ( 3.949999999999998845, -8.300961894323346968, -5.733345921728560057 ) ) ;
#3356 = B_SPLINE_CURVE_WITH_KNOTS ( 'NONE', 3,
 ( #2435, #3594, #986, #3097, #1985, #1382, #2773, #1904, #2207, #734, #491, #3060, #509, #2484 ),
 .UNSPECIFIED., .F., .F.,
 ( 4, 2, 2, 2, 2, 2, 4 ),
 ( 8.673617379884035472E-19, 0.0003709657412454090298, 0.0007419314824908171922, 0.001483862964981633300, 0.002225794447472449408, 0.002596760188717859522, 0.002967725929963269636 ),
 .UNSPECIFIED. ) ;
#3357 = DIRECTION ( 'NONE',  ( -1.000000000000000000, 0.000000000000000000, 0.000000000000000000 ) ) ;
#3358 = VERTEX_POINT ( 'NONE', #1912 ) ;
#3359 = EDGE_CURVE ( 'NONE', #11, #2963, #1891, .T. ) ;
#3360 = AXIS2_PLACEMENT_3D ( 'NONE', #1730, #1417, #2639 ) ;
#3361 = DIRECTION ( 'NONE',  ( 0.000000000000000000, -1.000000000000000000, 0.000000000000000000 ) ) ;
#3362 = CARTESIAN_POINT ( 'NONE',  ( 2.025123837365761403, -10.87289910887785460, 11.08983214450851307 ) ) ;
#3363 = EDGE_CURVE ( 'NONE', #2059, #1578, #513, .T. ) ;
#3364 = DIRECTION ( 'NONE',  ( -1.000000000000000000, 0.000000000000000000, 0.000000000000000000 ) ) ;
#3365 = CARTESIAN_POINT ( 'NONE',  ( -6.027402751197731945, -6.733087104677055734, -0.4457410624853991310 ) ) ;
#3366 = EDGE_CURVE ( 'NONE', #643, #2026, #147, .T. ) ;
#3367 = DIRECTION ( 'NONE',  ( -1.000000000000000000, -0.000000000000000000, -0.000000000000000000 ) ) ;
#3368 = AXIS2_PLACEMENT_3D ( 'NONE', #535, #2565, #3442 ) ;
#3369 = CARTESIAN_POINT ( 'NONE',  ( 6.450000000000000178, -7.733087104677060175, -8.361449492586217502 ) ) ;
#3370 = CARTESIAN_POINT ( 'NONE',  ( 6.291966446048492756, -6.733087104677055734, -4.216015882130350612 ) ) ;
#3371 = ORIENTED_EDGE ( 'NONE', *, *, #113, .T. ) ;
#3372 = AXIS2_PLACEMENT_3D ( 'NONE', #2744, #458, #1666 ) ;
#3373 = VECTOR ( 'NONE', #1630, 1000.000000000000114 ) ;
#3374 = ORIENTED_EDGE ( 'NONE', *, *, #2990, .T. ) ;
#3375 = EDGE_LOOP ( 'NONE', ( #3371, #2164, #1287, #2800 ) ) ;
#3376 = ORIENTED_EDGE ( 'NONE', *, *, #1683, .T. ) ;
#3377 = ORIENTED_EDGE ( 'NONE', *, *, #2052, .F. ) ;
#3378 = DIRECTION ( 'NONE',  ( 1.571911781425327109E-16, -0.9848077530122102408, 0.1736481776669186461 ) ) ;
#3379 = EDGE_CURVE ( 'NONE', #3429, #1674, #2227, .T. ) ;
#3380 = ORIENTED_EDGE ( 'NONE', *, *, #2245, .T. ) ;
#3381 = DIRECTION ( 'NONE',  ( 0.000000000000000000, 0.000000000000000000, -1.000000000000000000 ) ) ;
#3382 = CYLINDRICAL_SURFACE ( 'NONE', #1503, 1.500000000000000444 ) ;
#3383 = CARTESIAN_POINT ( 'NONE',  ( -2.573758920962800456, -12.06001730808829819, 4.119057818140072769 ) ) ;
#3384 = CARTESIAN_POINT ( 'NONE',  ( 6.417463885629303810, -6.733087104677055734, -0.8025448995198860569 ) ) ;
#3385 = ADVANCED_FACE ( 'NONE', ( #1093 ), #2454, .T. ) ;
#3386 = EDGE_CURVE ( 'NONE', #2939, #1063, #453, .T. ) ;
#3387 = DIRECTION ( 'NONE',  ( 0.000000000000000000, 0.000000000000000000, -1.000000000000000000 ) ) ;
#3388 = LINE ( 'NONE', #2503, #3047 ) ;
#3389 = CARTESIAN_POINT ( 'NONE',  ( -2.772986293234243060, -11.59999999999999076, 1.332421607020471543E-15 ) ) ;
#3390 = VECTOR ( 'NONE', #3589, 1000.000000000000000 ) ;
#3391 = B_SPLINE_CURVE_WITH_KNOTS ( 'NONE', 3,
 ( #2176, #3063, #1310, #769, #3632, #1623, #1370, #3345 ),
 .UNSPECIFIED., .F., .F.,
 ( 4, 2, 2, 4 ),
 ( 0.002307760279912829740, 0.002535359629332794261, 0.002762958978752758782, 0.003218157677592688257 ),
 .UNSPECIFIED. ) ;
#3392 = ORIENTED_EDGE ( 'NONE', *, *, #1625, .F. ) ;
#3393 = VERTEX_POINT ( 'NONE', #2561 ) ;
#3394 = ORIENTED_EDGE ( 'NONE', *, *, #3005, .F. ) ;
#3395 = EDGE_CURVE ( 'NONE', #1988, #3638, #143, .T. ) ;
#3396 = ORIENTED_EDGE ( 'NONE', *, *, #3691, .F. ) ;
#3397 = VECTOR ( 'NONE', #1549, 1000.000000000000000 ) ;
#3398 = FACE_OUTER_BOUND ( 'NONE', #317, .T. ) ;
#3399 = VERTEX_POINT ( 'NONE', #1990 ) ;
#3400 = CIRCLE ( 'NONE', #2737, 1.344200000000002948 ) ;
#3401 = CARTESIAN_POINT ( 'NONE',  ( 4.950999999999999623, -13.09999999999999787, -3.986304015030786907 ) ) ;
#3402 = CARTESIAN_POINT ( 'NONE',  ( 3.401428587469011333, -9.573388453780596663, 9.018169981923099598 ) ) ;
#3403 = CYLINDRICAL_SURFACE ( 'NONE', #1270, 0.5000000000000038858 ) ;
#3404 = ORIENTED_EDGE ( 'NONE', *, *, #2259, .T. ) ;
#3405 = CARTESIAN_POINT ( 'NONE',  ( -4.950999999999999623, -6.733087104677053958, -7.078677163997933341 ) ) ;
#3406 = CARTESIAN_POINT ( 'NONE',  ( -6.450000000000001066, -3.366912895322936361, -2.411999999999999478 ) ) ;
#3407 = VECTOR ( 'NONE', #3079, 1000.000000000000000 ) ;
#3408 = DIRECTION ( 'NONE',  ( 0.000000000000000000, 0.000000000000000000, 1.000000000000000000 ) ) ;
#3409 = EDGE_CURVE ( 'NONE', #1225, #1084, #1387, .T. ) ;
#3410 = ORIENTED_EDGE ( 'NONE', *, *, #2934, .F. ) ;
#3411 = EDGE_CURVE ( 'NONE', #316, #304, #2112, .T. ) ;
#3412 = EDGE_CURVE ( 'NONE', #3091, #1601, #3484, .T. ) ;
#3413 = ORIENTED_EDGE ( 'NONE', *, *, #1519, .F. ) ;
#3414 = ORIENTED_EDGE ( 'NONE', *, *, #690, .T. ) ;
#3415 = EDGE_LOOP ( 'NONE', ( #1729, #2442, #1397, #1399 ) ) ;
#3416 = CARTESIAN_POINT ( 'NONE',  ( -2.976322163284486511, -9.974775085438041700, 9.313552356858423309 ) ) ;
#3417 = ORIENTED_EDGE ( 'NONE', *, *, #3660, .F. ) ;
#3418 = VECTOR ( 'NONE', #3553, 1000.000000000000000 ) ;
#3419 = CARTESIAN_POINT ( 'NONE',  ( 5.949999999999998401, -6.733087104677057511, -0.4457410624858827441 ) ) ;
#3420 = CARTESIAN_POINT ( 'NONE',  ( -4.869016231867652422, -8.789773039201588034, 9.430606505215022750 ) ) ;
#3421 = VERTEX_POINT ( 'NONE', #1371 ) ;
#3422 = CARTESIAN_POINT ( 'NONE',  ( -6.242018322919736129, -9.619212022046264465, 9.757282248165253691 ) ) ;
#3423 = CARTESIAN_POINT ( 'NONE',  ( -4.949999999999999289, -3.011151223315919001, -1.586721782416620874 ) ) ;
#3424 = FACE_OUTER_BOUND ( 'NONE', #3565, .T. ) ;
#3425 = CARTESIAN_POINT ( 'NONE',  ( 1.532106518243486315, -12.32748549913100256, 3.218653022104373207 ) ) ;
#3426 = VECTOR ( 'NONE', #1933, 1000.000000000000000 ) ;
#3427 = PLANE ( 'NONE',  #349 ) ;
#3428 = FACE_OUTER_BOUND ( 'NONE', #2, .T. ) ;
#3429 = VERTEX_POINT ( 'NONE', #260 ) ;
#3430 = ORIENTED_EDGE ( 'NONE', *, *, #1130, .T. ) ;
#3431 = ORIENTED_EDGE ( 'NONE', *, *, #1205, .F. ) ;
#3432 = PRODUCT_DEFINITION_CONTEXT ( 'detailed design', #1388, 'design' ) ;
#3433 = DIRECTION ( 'NONE',  ( -0.000000000000000000, -0.000000000000000000, -1.000000000000000000 ) ) ;
#3434 = CARTESIAN_POINT ( 'NONE',  ( 3.611026679592865385, -10.75081032469979547, 9.349563381715865873 ) ) ;
#3435 = CARTESIAN_POINT ( 'NONE',  ( -4.720453024754965199, -6.989667805240955545, 9.093480658260252980 ) ) ;
#3436 = VECTOR ( 'NONE', #1887, 1000.000000000000000 ) ;
#3437 = PLANE ( 'NONE',  #2241 ) ;
#3438 = ORIENTED_EDGE ( 'NONE', *, *, #838, .F. ) ;
#3439 = AXIS2_PLACEMENT_3D ( 'NONE', #2364, #3512, #2086 ) ;
#3440 = CARTESIAN_POINT ( 'NONE',  ( -3.949999999999998845, -8.300961894323346968, -5.733345921728560057 ) ) ;
#3441 = CARTESIAN_POINT ( 'NONE',  ( -5.209378589808048687, -11.30462957422282244, 12.05640602417976659 ) ) ;
#3442 = DIRECTION ( 'NONE',  ( 0.000000000000000000, -1.000000000000000000, 0.000000000000000000 ) ) ;
#3443 = CARTESIAN_POINT ( 'NONE',  ( 3.800664330286429582, -9.085562862267920536, 9.459317099764900760 ) ) ;
#3444 = DIRECTION ( 'NONE',  ( 0.000000000000000000, 3.569419883894063799E-16, -1.000000000000000000 ) ) ;
#3445 = VERTEX_POINT ( 'NONE', #1702 ) ;
#3446 = ORIENTED_EDGE ( 'NONE', *, *, #3526, .F. ) ;
#3447 = ORIENTED_EDGE ( 'NONE', *, *, #3692, .T. ) ;
#3448 = ORIENTED_EDGE ( 'NONE', *, *, #2946, .T. ) ;
#3449 = CARTESIAN_POINT ( 'NONE',  ( -3.000680438189951893, -11.32710089111842322, -5.208018075719008877 ) ) ;
#3450 = VECTOR ( 'NONE', #1533, 1000.000000000000000 ) ;
#3451 = AXIS2_PLACEMENT_3D ( 'NONE', #1301, #3003, #2686 ) ;
#3452 = CARTESIAN_POINT ( 'NONE',  ( -3.949999999999999289, -8.127313716656429321, 9.313797053028467943 ) ) ;
#3453 = DIRECTION ( 'NONE',  ( -0.000000000000000000, -0.7309439575185777693, -0.6824374923515555968 ) ) ;
#3454 = CARTESIAN_POINT ( 'NONE',  ( 4.976153218118308352, -11.52484159886859771, 11.89868480065067224 ) ) ;
#3455 = CARTESIAN_POINT ( 'NONE',  ( -4.087959208879874851, -10.30048934489902557, 9.018169981923099598 ) ) ;
#3456 = VERTEX_POINT ( 'NONE', #3174 ) ;
#3457 = CARTESIAN_POINT ( 'NONE',  ( -3.949999999999999734, -8.789450127243688016, -5.475856235133948147 ) ) ;
#3458 = CARTESIAN_POINT ( 'NONE',  ( -2.681196675011682462, -11.76092283339951905, -3.303026259712335655 ) ) ;
#3459 =( BOUNDED_CURVE ( )  B_SPLINE_CURVE ( 3, ( #1663, #2795, #165, #1368 ),
 .UNSPECIFIED., .F., .T. ) 
 B_SPLINE_CURVE_WITH_KNOTS ( ( 4, 4 ),
 ( 5.346808004387468394, 6.283185307179586232 ),
 .UNSPECIFIED. ) 
 CURVE ( )  GEOMETRIC_REPRESENTATION_ITEM ( )  RATIONAL_B_SPLINE_CURVE ( ( 1.000000000000000000, 0.9282581067182471557, 0.9282581067182471557, 1.000000000000000000 ) ) 
 REPRESENTATION_ITEM ( '' )  );
#3460 = DIRECTION ( 'NONE',  ( 0.000000000000000000, -0.000000000000000000, 1.000000000000000000 ) ) ;
#3461 = FACE_OUTER_BOUND ( 'NONE', #1354, .T. ) ;
#3462 = DIRECTION ( 'NONE',  ( -1.000000000000000000, 8.761229676650544604E-17, -0.000000000000000000 ) ) ;
#3463 = DIRECTION ( 'NONE',  ( 0.000000000000000000, 0.000000000000000000, -1.000000000000000000 ) ) ;
#3464 = LINE ( 'NONE', #2076, #1236 ) ;
#3465 = EDGE_LOOP ( 'NONE', ( #3129, #3585, #3092, #3304 ) ) ;
#3466 = ORIENTED_EDGE ( 'NONE', *, *, #2009, .T. ) ;
#3467 = ORIENTED_EDGE ( 'NONE', *, *, #2186, .T. ) ;
#3468 = CYLINDRICAL_SURFACE ( 'NONE', #3306, 2.433087104677061685 ) ;
#3469 = CARTESIAN_POINT ( 'NONE',  ( -6.450000000000001066, -5.299999999999998046, -2.411999999999999922 ) ) ;
#3470 = CARTESIAN_POINT ( 'NONE',  ( -2.711654458772685405, -10.60000000000000497, 11.58795098915740773 ) ) ;
#3471 = EDGE_CURVE ( 'NONE', #1771, #2165, #3250, .T. ) ;
#3472 = CARTESIAN_POINT ( 'NONE',  ( 4.950999999999999623, -13.09999999999999964, 5.199999999999997513 ) ) ;
#3473 = VERTEX_POINT ( 'NONE', #283 ) ;
#3474 = LINE ( 'NONE', #547, #1919 ) ;
#3475 = CARTESIAN_POINT ( 'NONE',  ( 3.960338835810723879, -8.418411306413458917, 9.365125412121791726 ) ) ;
#3476 = CARTESIAN_POINT ( 'NONE',  ( 6.242018322919736129, -9.619212022046264465, 9.757282248165253691 ) ) ;
#3477 = CARTESIAN_POINT ( 'NONE',  ( -1.962794740205022537, -11.00786320092976744, -3.092846540149601697 ) ) ;
#3478 = DIRECTION ( 'NONE',  ( 1.000000000000000000, -0.000000000000000000, -0.000000000000000000 ) ) ;
#3479 = FACE_OUTER_BOUND ( 'NONE', #1434, .T. ) ;
#3480 = VECTOR ( 'NONE', #2295, 1000.000000000000227 ) ;
#3481 = EDGE_CURVE ( 'NONE', #713, #2527, #1738, .T. ) ;
#3482 = FACE_OUTER_BOUND ( 'NONE', #376, .T. ) ;
#3483 = DIRECTION ( 'NONE',  ( -1.000000000000000000, 8.761229676650544604E-17, -0.000000000000000000 ) ) ;
#3484 = CIRCLE ( 'NONE', #1110, 0.5000000000000013323 ) ;
#3485 = EDGE_LOOP ( 'NONE', ( #3587, #1736, #1435, #40, #603 ) ) ;
#3486 = ORIENTED_EDGE ( 'NONE', *, *, #3526, .T. ) ;
#3487 = EDGE_LOOP ( 'NONE', ( #1760, #3025 ) ) ;
#3488 = CARTESIAN_POINT ( 'NONE',  ( 4.869016231867652422, -8.963421216868512786, 8.445798752202819060 ) ) ;
#3489 = CARTESIAN_POINT ( 'NONE',  ( 4.087959208879874851, -9.707779657957114949, 9.823586164405934795 ) ) ;
#3490 = PLANE ( 'NONE',  #3439 ) ;
#3491 = CIRCLE ( 'NONE', #2712, 0.5000000000000004441 ) ;
#3492 = DIRECTION ( 'NONE',  ( 0.000000000000000000, 0.4663002817410225598, 0.8846265015520635711 ) ) ;
#3493 = VECTOR ( 'NONE', #1704, 1000.000000000000000 ) ;
#3494 = DIRECTION ( 'NONE',  ( 1.000000000000000000, -0.000000000000000000, -0.000000000000000000 ) ) ;
#3495 = VERTEX_POINT ( 'NONE', #2104 ) ;
#3496 = AXIS2_PLACEMENT_3D ( 'NONE', #1099, #895, #814 ) ;
#3497 = CARTESIAN_POINT ( 'NONE',  ( -4.950999999999999623, -8.409374999999986500, 11.58795098915740773 ) ) ;
#3498 = CARTESIAN_POINT ( 'NONE',  ( -2.740435916156297669, -11.65199814570815384, -3.581952499684044611 ) ) ;
#3499 = ADVANCED_FACE ( 'NONE', ( #2584 ), #3156, .T. ) ;
#3500 = ADVANCED_FACE ( 'NONE', ( #1149 ), #2837, .F. ) ;
#3501 = CARTESIAN_POINT ( 'NONE',  ( -2.100238494260217248, -10.82486926492234147, -3.378244616496432595 ) ) ;
#3502 = DIRECTION ( 'NONE',  ( 0.000000000000000000, 3.569419883894063799E-16, -1.000000000000000000 ) ) ;
#3503 = DIRECTION ( 'NONE',  ( 0.000000000000000000, 0.9848077530122101297, -0.1736481776669186461 ) ) ;
#3504 = DIRECTION ( 'NONE',  ( 0.000000000000000000, 0.000000000000000000, 1.000000000000000000 ) ) ;
#3505 = CARTESIAN_POINT ( 'NONE',  ( -4.950999999999999623, -7.233087104677059287, 8.648407468526125186 ) ) ;
#3506 = EDGE_LOOP ( 'NONE', ( #2425, #1978, #101, #1378, #2751 ) ) ;
#3507 = ORIENTED_EDGE ( 'NONE', *, *, #3386, .F. ) ;
#3508 = ORIENTED_EDGE ( 'NONE', *, *, #3613, .F. ) ;
#3509 = CARTESIAN_POINT ( 'NONE',  ( 4.949999999999999289, -5.299999999999998046, -2.411999999999999922 ) ) ;
#3510 = ORIENTED_EDGE ( 'NONE', *, *, #287, .F. ) ;
#3511 = DIRECTION ( 'NONE',  ( -1.000000000000000000, 0.000000000000000000, 0.000000000000000000 ) ) ;
#3512 = DIRECTION ( 'NONE',  ( -1.000000000000000000, 0.000000000000000000, 0.000000000000000000 ) ) ;
#3513 = DIRECTION ( 'NONE',  ( 0.000000000000000000, -1.000000000000000000, 0.000000000000000000 ) ) ;
#3514 = CARTESIAN_POINT ( 'NONE',  ( 2.790217576733859062, -11.57184752897481239, -4.789624450112493825 ) ) ;
#3515 = ORIENTED_EDGE ( 'NONE', *, *, #1303, .T. ) ;
#3516 = CARTESIAN_POINT ( 'NONE',  ( 4.950999999999999623, -11.59999999999999964, 5.199999999999997513 ) ) ;
#3517 = CARTESIAN_POINT ( 'NONE',  ( 3.401428587469011333, -9.573388453780596663, 9.018169981923099598 ) ) ;
#3518 = CARTESIAN_POINT ( 'NONE',  ( -3.949999999999998845, -6.733087104677053958, -6.861449492586219279 ) ) ;
#3519 = CARTESIAN_POINT ( 'NONE',  ( -4.087959208879874851, -9.707779657957114949, 9.823586164405934795 ) ) ;
#3520 = CARTESIAN_POINT ( 'NONE',  ( -6.084834813625557892, -10.02919381371227558, 8.835683101434668174 ) ) ;
#3521 = EDGE_CURVE ( 'NONE', #2841, #2895, #226, .T. ) ;
#3522 = CARTESIAN_POINT ( 'NONE',  ( 4.949999999999999289, -8.300961894323346968, -6.863766498373638392 ) ) ;
#3523 = LINE ( 'NONE', #2163, #3678 ) ;
#3524 = ORIENTED_EDGE ( 'NONE', *, *, #3249, .F. ) ;
#3525 = ORIENTED_EDGE ( 'NONE', *, *, #1220, .F. ) ;
#3526 = EDGE_CURVE ( 'NONE', #1063, #3638, #3474, .T. ) ;
#3527 = CARTESIAN_POINT ( 'NONE',  ( -4.949999999999998401, -8.127313716656429321, 9.313797053028469719 ) ) ;
#3528 = EDGE_LOOP ( 'NONE', ( #2781, #728, #2920, #3184, #3046, #507 ) ) ;
#3529 = EDGE_CURVE ( 'NONE', #482, #1141, #2867, .T. ) ;
#3530 = EDGE_CURVE ( 'NONE', #3445, #252, #1973, .T. ) ;
#3531 = CARTESIAN_POINT ( 'NONE',  ( 4.949999999999999289, -3.011151223315919001, -1.586721782416620874 ) ) ;
#3532 = DIRECTION ( 'NONE',  ( 0.000000000000000000, 1.000000000000000000, 0.000000000000000000 ) ) ;
#3533 = DIRECTION ( 'NONE',  ( -1.000000000000000000, 8.761229676650544604E-17, -0.000000000000000000 ) ) ;
#3534 = LINE ( 'NONE', #2647, #1290 ) ;
#3535 = ORIENTED_EDGE ( 'NONE', *, *, #1962, .F. ) ;
#3536 = AXIS2_PLACEMENT_3D ( 'NONE', #912, #3280, #402 ) ;
#3537 = LINE ( 'NONE', #889, #3620 ) ;
#3538 = PLANE ( 'NONE',  #3059 ) ;
#3539 = DIRECTION ( 'NONE',  ( 0.000000000000000000, 0.000000000000000000, -1.000000000000000000 ) ) ;
#3540 = LINE ( 'NONE', #956, #3607 ) ;
#3541 = CIRCLE ( 'NONE', #326, 0.5000000000000004441 ) ;
#3542 = CARTESIAN_POINT ( 'NONE',  ( -5.915950054158668259, -10.36696112641629064, 9.064882214677727035 ) ) ;
#3543 = ADVANCED_FACE ( 'NONE', ( #1077 ), #2244, .F. ) ;
#3544 = FACE_OUTER_BOUND ( 'NONE', #3680, .T. ) ;
#3545 = CARTESIAN_POINT ( 'NONE',  ( 4.949999999999999289, -8.300961894323346968, 0.000000000000000000 ) ) ;
#3546 = AXIS2_PLACEMENT_3D ( 'NONE', #2894, #876, #2058 ) ;
#3547 = ORIENTED_EDGE ( 'NONE', *, *, #3363, .T. ) ;
#3548 = VERTEX_POINT ( 'NONE', #1528 ) ;
#3549 = VERTEX_POINT ( 'NONE', #75 ) ;
#3550 = CARTESIAN_POINT ( 'NONE',  ( -5.774482310579633904, -10.59999999999999787, 11.58795098915740773 ) ) ;
#3551 = VECTOR ( 'NONE', #1954, 1000.000000000000000 ) ;
#3552 = CARTESIAN_POINT ( 'NONE',  ( -4.949999999999997513, -7.233087104677059287, -2.412000000000000810 ) ) ;
#3553 = DIRECTION ( 'NONE',  ( 0.000000000000000000, 1.000000000000000000, 0.000000000000000000 ) ) ;
#3554 = ORIENTED_EDGE ( 'NONE', *, *, #1167, .F. ) ;
#3555 = FACE_OUTER_BOUND ( 'NONE', #1584, .T. ) ;
#3556 = AXIS2_PLACEMENT_3D ( 'NONE', #1449, #2912, #2309 ) ;
#3557 = CARTESIAN_POINT ( 'NONE',  ( 2.660836022514857291, -11.79972284105175007, 4.425964505253714876 ) ) ;
#3558 = B_SPLINE_CURVE_WITH_KNOTS ( 'NONE', 3,
 ( #3239, #2951, #352, #3476, #44, #1194, #592, #1762, #23, #634, #3146, #537, #1768, #2333, #1707, #834 ),
 .UNSPECIFIED., .F., .F.,
 ( 4, 2, 2, 2, 2, 2, 2, 4 ),
 ( 0.000000000000000000, 0.0007799379847368680813, 0.001169906977105302989, 0.001559875969473737680, 0.001949844961842172155, 0.002339813954210607280, 0.002729782946579041754, 0.003119751938947476662 ),
 .UNSPECIFIED. ) ;
#3559 = DIRECTION ( 'NONE',  ( 0.000000000000000000, 0.000000000000000000, 1.000000000000000000 ) ) ;
#3560 = CARTESIAN_POINT ( 'NONE',  ( -6.450000000000000178, -8.464350799863849417, 9.373225784297222418 ) ) ;
#3561 = EDGE_CURVE ( 'NONE', #3664, #3473, #794, .T. ) ;
#3562 = CARTESIAN_POINT ( 'NONE',  ( 4.949999999999997513, -5.299999999999999822, -2.411999999999999478 ) ) ;
#3563 = DIRECTION ( 'NONE',  ( 0.000000000000000000, 3.569419883894063799E-16, -1.000000000000000000 ) ) ;
#3564 = AXIS2_PLACEMENT_3D ( 'NONE', #2105, #1209, #3532 ) ;
#3565 = EDGE_LOOP ( 'NONE', ( #1812, #1821, #52, #3172 ) ) ;
#3566 = B_SPLINE_CURVE_WITH_KNOTS ( 'NONE', 3,
 ( #1407, #1153, #831, #3143, #3477, #3501, #2031, #3158, #3177, #244 ),
 .UNSPECIFIED., .F., .F.,
 ( 4, 2, 2, 2, 4 ),
 ( 0.000000000000000000, 0.0005478817906213041648, 0.001095763581242608330, 0.001643645371863912494, 0.002191527162485216659 ),
 .UNSPECIFIED. ) ;
#3567 = CARTESIAN_POINT ( 'NONE',  ( -4.949999999999999289, -8.300961894323346968, 0.000000000000000000 ) ) ;
#3568 = ORIENTED_EDGE ( 'NONE', *, *, #2696, .T. ) ;
#3569 = CARTESIAN_POINT ( 'NONE',  ( -1.532106518243486315, -12.32748549913100256, 3.218653022104373207 ) ) ;
#3570 = CYLINDRICAL_SURFACE ( 'NONE', #3581, 2.750000000000000000 ) ;
#3571 = CARTESIAN_POINT ( 'NONE',  ( 3.949999999999998845, -8.300961894323346968, 8.328989300016257147 ) ) ;
#3572 = ORIENTED_EDGE ( 'NONE', *, *, #18, .T. ) ;
#3573 = CIRCLE ( 'NONE', #770, 0.9999999999999998890 ) ;
#3574 = LINE ( 'NONE', #2125, #1829 ) ;
#3575 = SURFACE_SIDE_STYLE ('',( #2727 ) ) ;
#3576 = EDGE_CURVE ( 'NONE', #582, #2216, #443, .T. ) ;
#3577 = VECTOR ( 'NONE', #1564, 1000.000000000000000 ) ;
#3578 = PLANE ( 'NONE',  #249 ) ;
#3579 = EDGE_CURVE ( 'NONE', #3593, #835, #3534, .T. ) ;
#3580 = CARTESIAN_POINT ( 'NONE',  ( -6.450000000000001066, -5.299999999999998046, -3.323999999999999400 ) ) ;
#3581 = AXIS2_PLACEMENT_3D ( 'NONE', #412, #395, #76 ) ;
#3582 = CARTESIAN_POINT ( 'NONE',  ( -3.608189861443708235, -9.378163901535577551, 9.581020325714339592 ) ) ;
#3583 = CARTESIAN_POINT ( 'NONE',  ( -3.000680438189951893, -11.32710089111842322, 0.000000000000000000 ) ) ;
#3584 = CIRCLE ( 'NONE', #2542, 2.433087104677061685 ) ;
#3585 = ORIENTED_EDGE ( 'NONE', *, *, #3411, .T. ) ;
#3586 = CARTESIAN_POINT ( 'NONE',  ( 5.117755140996171015, -11.39114068157666892, 11.99444465888804601 ) ) ;
#3587 = ORIENTED_EDGE ( 'NONE', *, *, #204, .T. ) ;
#3588 =( BOUNDED_CURVE ( )  B_SPLINE_CURVE ( 3, ( #2167, #3019, #1581, #964 ),
 .UNSPECIFIED., .F., .F. ) 
 B_SPLINE_CURVE_WITH_KNOTS ( ( 4, 4 ),
 ( 2.055900234800209780, 2.336884801502284059 ),
 .UNSPECIFIED. ) 
 CURVE ( )  GEOMETRIC_REPRESENTATION_ITEM ( )  RATIONAL_B_SPLINE_CURVE ( ( 1.000000000000000000, 0.9934314543182773960, 0.9934314543182773960, 1.000000000000000000 ) ) 
 REPRESENTATION_ITEM ( '' )  );
#3589 = DIRECTION ( 'NONE',  ( -1.000000000000000000, 0.000000000000000000, 0.000000000000000000 ) ) ;
#3590 = AXIS2_PLACEMENT_3D ( 'NONE', #1366, #1327, #3361 ) ;
#3591 = CARTESIAN_POINT ( 'NONE',  ( 4.834946500028377336, -7.066144138812427755, 9.126684225347574397 ) ) ;
#3592 = CARTESIAN_POINT ( 'NONE',  ( 2.772986293234238175, -11.59999999999999964, 5.199999999999997513 ) ) ;
#3593 = VERTEX_POINT ( 'NONE', #2885 ) ;
#3594 = CARTESIAN_POINT ( 'NONE',  ( -2.314149816779086599, -10.59999999999999609, 5.073842614011418561 ) ) ;
#3595 = EDGE_CURVE ( 'NONE', #2964, #2154, #2785, .T. ) ;
#3596 = CYLINDRICAL_SURFACE ( 'NONE', #2511, 2.750000000000000000 ) ;
#3597 = DIRECTION ( 'NONE',  ( 0.000000000000000000, 0.000000000000000000, -1.000000000000000000 ) ) ;
#3598 = LINE ( 'NONE', #3296, #1082 ) ;
#3599 = FACE_OUTER_BOUND ( 'NONE', #1561, .T. ) ;
#3600 = AXIS2_PLACEMENT_3D ( 'NONE', #1464, #2906, #1716 ) ;
#3601 = ORIENTED_EDGE ( 'NONE', *, *, #2191, .F. ) ;
#3602 = ORIENTED_EDGE ( 'NONE', *, *, #3366, .F. ) ;
#3603 = DIRECTION ( 'NONE',  ( 0.7271008911184294599, 0.6865306214108629623, 0.000000000000000000 ) ) ;
#3604 = DIRECTION ( 'NONE',  ( 0.000000000000000000, 0.000000000000000000, -1.000000000000000000 ) ) ;
#3605 = EDGE_CURVE ( 'NONE', #2750, #31, #2286, .T. ) ;
#3606 = ORIENTED_EDGE ( 'NONE', *, *, #199, .F. ) ;
#3607 = VECTOR ( 'NONE', #936, 1000.000000000000000 ) ;
#3608 = DIRECTION ( 'NONE',  ( -1.000000000000000000, -0.000000000000000000, -0.000000000000000000 ) ) ;
#3609 = CARTESIAN_POINT ( 'NONE',  ( 4.087959208879873962, -9.707779657957116726, 9.823586164405934795 ) ) ;
#3610 = DIRECTION ( 'NONE',  ( 0.000000000000000000, -3.569419883894063799E-16, 1.000000000000000000 ) ) ;
#3611 = CARTESIAN_POINT ( 'NONE',  ( 6.236993274995497494, -6.733087104677055734, -0.5504126750063470519 ) ) ;
#3612 = CARTESIAN_POINT ( 'NONE',  ( -0.4999999999999995559, -11.60000000000001030, 11.58795098915740773 ) ) ;
#3613 = EDGE_CURVE ( 'NONE', #3456, #2725, #1098, .T. ) ;
#3614 = EDGE_CURVE ( 'NONE', #3548, #2396, #3745, .T. ) ;
#3615 = VECTOR ( 'NONE', #3563, 1000.000000000000000 ) ;
#3616 = CARTESIAN_POINT ( 'NONE',  ( 4.950999999999999623, -11.59999999999999787, -3.986304015030786907 ) ) ;
#3617 = CYLINDRICAL_SURFACE ( 'NONE', #2166, 0.4999999999999995559 ) ;
#3618 = VECTOR ( 'NONE', #2634, 1000.000000000000114 ) ;
#3619 = ORIENTED_EDGE ( 'NONE', *, *, #2228, .T. ) ;
#3620 = VECTOR ( 'NONE', #633, 1000.000000000000114 ) ;
#3621 = ORIENTED_EDGE ( 'NONE', *, *, #287, .T. ) ;
#3622 = VERTEX_POINT ( 'NONE', #544 ) ;
#3623 = LINE ( 'NONE', #448, #2904 ) ;
#3624 = EDGE_CURVE ( 'NONE', #102, #2717, #1478, .T. ) ;
#3625 = CARTESIAN_POINT ( 'NONE',  ( 4.949999999999997513, -3.955799999999997318, -2.411999999999999478 ) ) ;
#3626 = DIRECTION ( 'NONE',  ( 0.6837092907985553580, 0.6455601554198355796, -0.3402847210940483369 ) ) ;
#3627 = ORIENTED_EDGE ( 'NONE', *, *, #1611, .F. ) ;
#3628 = PRODUCT ( 'Probe_Drive_4', 'Probe_Drive_4', '', ( #2512 ) ) ;
#3629 = CARTESIAN_POINT ( 'NONE',  ( 4.949999999999999289, -7.233087104677061063, 8.648407468526123409 ) ) ;
#3630 = FACE_OUTER_BOUND ( 'NONE', #240, .T. ) ;
#3631 = CARTESIAN_POINT ( 'NONE',  ( 4.087959208879874851, -9.707779657957114949, 9.823586164405934795 ) ) ;
#3632 = CARTESIAN_POINT ( 'NONE',  ( -6.291786412037234655, -6.733087104677053958, -4.216328344438048603 ) ) ;
#3633 = CARTESIAN_POINT ( 'NONE',  ( -4.949999999999997513, -5.299999999999998046, -2.411999999999999922 ) ) ;
#3634 = VECTOR ( 'NONE', #3036, 1000.000000000000000 ) ;
#3635 = CARTESIAN_POINT ( 'NONE',  ( 2.314149816779088376, -10.59999999999999609, -4.261854658931081730 ) ) ;
#3636 = DIRECTION ( 'NONE',  ( -1.000000000000000000, -0.000000000000000000, -0.000000000000000000 ) ) ;
#3637 = STYLED_ITEM ( 'NONE', ( #1554 ), #1874 ) ;
#3638 = VERTEX_POINT ( 'NONE', #2088 ) ;
#3639 = EDGE_CURVE ( 'NONE', #1458, #3247, #1426, .T. ) ;
#3640 = VERTEX_POINT ( 'NONE', #2323 ) ;
#3641 = ADVANCED_FACE ( 'NONE', ( #929 ), #2624, .F. ) ;
#3642 = VERTEX_POINT ( 'NONE', #1799 ) ;
#3643 = ADVANCED_FACE ( 'NONE', ( #2068 ), #2582, .F. ) ;
#3644 = VERTEX_POINT ( 'NONE', #3213 ) ;
#3645 = LINE ( 'NONE', #1034, #3577 ) ;
#3646 = CYLINDRICAL_SURFACE ( 'NONE', #3002, 2.000000000000000000 ) ;
#3647 = EDGE_CURVE ( 'NONE', #3127, #195, #2302, .T. ) ;
#3648 = EDGE_CURVE ( 'NONE', #1016, #1695, #988, .T. ) ;
#3649 =( LENGTH_UNIT ( ) NAMED_UNIT ( * ) SI_UNIT ( .MILLI., .METRE. ) );
#3650 = ORIENTED_EDGE ( 'NONE', *, *, #246, .F. ) ;
#3651 = LINE ( 'NONE', #1037, #3764 ) ;
#3652 = CARTESIAN_POINT ( 'NONE',  ( -4.950999999999999623, -6.891868358501276326, -7.226921471345510106 ) ) ;
#3653 = DIRECTION ( 'NONE',  ( 1.000000000000000000, -0.000000000000000000, -0.000000000000000000 ) ) ;
#3654 = CARTESIAN_POINT ( 'NONE',  ( 5.949999999999998401, -6.733087104677057511, -0.4457410624858827441 ) ) ;
#3655 = CARTESIAN_POINT ( 'NONE',  ( 4.949999999999998401, -8.300961894323346968, 8.328989300016258923 ) ) ;
#3656 = CARTESIAN_POINT ( 'NONE',  ( -1.528686065069442490, -12.42215556435657220, 3.199999999999997069 ) ) ;
#3657 = FACE_OUTER_BOUND ( 'NONE', #1545, .T. ) ;
#3658 = ORIENTED_EDGE ( 'NONE', *, *, #2414, .T. ) ;
#3659 = VECTOR ( 'NONE', #2564, 1000.000000000000000 ) ;
#3660 = EDGE_CURVE ( 'NONE', #835, #1320, #1508, .T. ) ;
#3661 = ORIENTED_EDGE ( 'NONE', *, *, #1901, .T. ) ;
#3662 = ORIENTED_EDGE ( 'NONE', *, *, #2812, .F. ) ;
#3663 = ORIENTED_EDGE ( 'NONE', *, *, #1652, .T. ) ;
#3664 = VERTEX_POINT ( 'NONE', #60 ) ;
#3665 = CARTESIAN_POINT ( 'NONE',  ( -4.949999999999998401, -7.319911193510516334, 8.156003592020020676 ) ) ;
#3666 = EDGE_CURVE ( 'NONE', #950, #276, #845, .T. ) ;
#3667 = ADVANCED_FACE ( 'NONE', ( #281 ), #1820, .T. ) ;
#3668 =( NAMED_UNIT ( * ) PLANE_ANGLE_UNIT ( ) SI_UNIT ( $, .RADIAN. ) );
#3669 = EDGE_LOOP ( 'NONE', ( #820, #3627, #2789, #445 ) ) ;
#3670 = VECTOR ( 'NONE', #1121, 1000.000000000000114 ) ;
#3671 = CARTESIAN_POINT ( 'NONE',  ( 5.949999999999998401, -6.733087104677055734, -4.378258937514117655 ) ) ;
#3672 = LINE ( 'NONE', #1826, #42 ) ;
#3673 = LINE ( 'NONE', #205, #2010 ) ;
#3674 = CARTESIAN_POINT ( 'NONE',  ( -0.5000000000000000000, -14.59999999999999609, 11.08795098915741661 ) ) ;
#3675 = CARTESIAN_POINT ( 'NONE',  ( -5.117755140996171015, -11.39114068157666892, 10.45253859236204086 ) ) ;
#3676 = EDGE_CURVE ( 'NONE', #3429, #522, #2739, .T. ) ;
#3677 = CARTESIAN_POINT ( 'NONE',  ( 6.450000000000000178, -6.733087104677054846, -3.709338469589600784 ) ) ;
#3678 = VECTOR ( 'NONE', #1811, 1000.000000000000000 ) ;
#3679 = ORIENTED_EDGE ( 'NONE', *, *, #2394, .T. ) ;
#3680 = EDGE_LOOP ( 'NONE', ( #1665, #1885, #801, #502, #2526, #3515 ) ) ;
#3681 = ORIENTED_EDGE ( 'NONE', *, *, #2259, .F. ) ;
#3682 = EDGE_LOOP ( 'NONE', ( #631, #2802, #1708, #2768, #2597 ) ) ;
#3683 = CARTESIAN_POINT ( 'NONE',  ( -4.270091046515569033, -10.12851997283862104, 8.891616884413240385 ) ) ;
#3684 = ORIENTED_EDGE ( 'NONE', *, *, #3576, .T. ) ;
#3685 = DIRECTION ( 'NONE',  ( 0.000000000000000000, 0.000000000000000000, 1.000000000000000000 ) ) ;
#3686 = LINE ( 'NONE', #2239, #3436 ) ;
#3687 = CARTESIAN_POINT ( 'NONE',  ( -4.949999999999999289, -6.876620837248638374, 8.077839541923180988 ) ) ;
#3688 = ORIENTED_EDGE ( 'NONE', *, *, #823, .F. ) ;
#3689 = DIRECTION ( 'NONE',  ( -1.000000000000000000, 8.761229676650544604E-17, -0.000000000000000000 ) ) ;
#3690 = DIRECTION ( 'NONE',  ( 1.000000000000000000, -0.000000000000000000, -0.000000000000000000 ) ) ;
#3691 = EDGE_CURVE ( 'NONE', #3642, #3358, #3242, .T. ) ;
#3692 = EDGE_CURVE ( 'NONE', #2099, #252, #3541, .T. ) ;
#3693 = EDGE_CURVE ( 'NONE', #3336, #3335, #1001, .T. ) ;
#3694 = CARTESIAN_POINT ( 'NONE',  ( -6.450000000000001066, -7.233087104677059287, -2.412000000000000810 ) ) ;
#3695 = DIRECTION ( 'NONE',  ( -1.000000000000000000, -0.000000000000000000, -0.000000000000000000 ) ) ;
#3696 = B_SPLINE_CURVE_WITH_KNOTS ( 'NONE', 3,
 ( #3266, #115, #1541, #50, #404, #1841, #2440, #692 ),
 .UNSPECIFIED., .F., .F.,
 ( 4, 2, 2, 4 ),
 ( 0.000000000000000000, 0.0003041779501004870934, 0.0006083559002009741867, 0.001216711800401948590 ),
 .UNSPECIFIED. ) ;
#3697 = EDGE_LOOP ( 'NONE', ( #2367, #488, #191, #1282, #2999 ) ) ;
#3698 = VERTEX_POINT ( 'NONE', #1268 ) ;
#3699 = ORIENTED_EDGE ( 'NONE', *, *, #2812, .T. ) ;
#3700 = ORIENTED_EDGE ( 'NONE', *, *, #1355, .F. ) ;
#3701 = VECTOR ( 'NONE', #885, 1000.000000000000000 ) ;
#3702 = CARTESIAN_POINT ( 'NONE',  ( -4.087959208879873962, -9.707779657957116726, 9.823586164405934795 ) ) ;
#3703 = ORIENTED_EDGE ( 'NONE', *, *, #2571, .T. ) ;
#3704 = CIRCLE ( 'NONE', #2082, 2.433087104677063461 ) ;
#3705 = CARTESIAN_POINT ( 'NONE',  ( -3.401428587469011333, -9.573388453780596663, 0.000000000000000000 ) ) ;
#3706 = CARTESIAN_POINT ( 'NONE',  ( -6.450000000000001066, -4.333456447661467870, -4.086102540378443670 ) ) ;
#3707 = DIRECTION ( 'NONE',  ( -0.000000000000000000, 0.4663002817410226153, 0.8846265015520635711 ) ) ;
#3708 = VERTEX_POINT ( 'NONE', #3592 ) ;
#3709 =( BOUNDED_CURVE ( )  B_SPLINE_CURVE ( 3, ( #2067, #3454, #3212, #3191 ),
 .UNSPECIFIED., .F., .F. ) 
 B_SPLINE_CURVE_WITH_KNOTS ( ( 4, 4 ),
 ( 5.333921008871900682, 6.283185307179586232 ),
 .UNSPECIFIED. ) 
 CURVE ( )  GEOMETRIC_REPRESENTATION_ITEM ( )  RATIONAL_B_SPLINE_CURVE ( ( 1.000000000000000000, 0.9263072625247753544, 0.9263072625247753544, 1.000000000000000000 ) ) 
 REPRESENTATION_ITEM ( '' )  );
#3710 = CARTESIAN_POINT ( 'NONE',  ( 6.451000000000001400, -10.60148167184889623, -4.238101298048118970 ) ) ;
#3711 = DIRECTION ( 'NONE',  ( -1.000000000000000000, 1.596161054396002134E-16, -0.000000000000000000 ) ) ;
#3712 = EDGE_CURVE ( 'NONE', #3149, #1497, #2694, .T. ) ;
#3713 = CIRCLE ( 'NONE', #3590, 2.433087104677061685 ) ;
#3714 = DIRECTION ( 'NONE',  ( 0.000000000000000000, 0.000000000000000000, 1.000000000000000000 ) ) ;
#3715 = LINE ( 'NONE', #228, #2829 ) ;
#3716 = DIRECTION ( 'NONE',  ( -1.000000000000000000, 8.761229676650544604E-17, -0.000000000000000000 ) ) ;
#3717 = CYLINDRICAL_SURFACE ( 'NONE', #87, 0.5000000000000004441 ) ;
#3718 = AXIS2_PLACEMENT_3D ( 'NONE', #2838, #2349, #286 ) ;
#3719 = ORIENTED_EDGE ( 'NONE', *, *, #2828, .F. ) ;
#3720 = ORIENTED_EDGE ( 'NONE', *, *, #2351, .F. ) ;
#3721 = ORIENTED_EDGE ( 'NONE', *, *, #1147, .T. ) ;
#3722 = FACE_OUTER_BOUND ( 'NONE', #2683, .T. ) ;
#3723 = DIRECTION ( 'NONE',  ( 1.000000000000000000, -0.000000000000000000, -0.000000000000000000 ) ) ;
#3724 = DIRECTION ( 'NONE',  ( -1.000000000000000000, 8.761229676650544604E-17, -0.000000000000000000 ) ) ;
#3725 = CARTESIAN_POINT ( 'NONE',  ( 3.949999999999998845, -5.299999999999998046, -1.500000000000000666 ) ) ;
#3726 = EDGE_CURVE ( 'NONE', #1674, #779, #1286, .T. ) ;
#3727 = ORIENTED_EDGE ( 'NONE', *, *, #3614, .T. ) ;
#3728 = DIRECTION ( 'NONE',  ( -1.000000000000000000, 8.761229676650544604E-17, -0.000000000000000000 ) ) ;
#3729 = AXIS2_PLACEMENT_3D ( 'NONE', #1943, #1899, #1658 ) ;
#3730 =( BOUNDED_CURVE ( )  B_SPLINE_CURVE ( 3, ( #1284, #1300, #982, #3355 ),
 .UNSPECIFIED., .F., .F. ) 
 B_SPLINE_CURVE_WITH_KNOTS ( ( 4, 4 ),
 ( 0.7567067142714358763, 1.570796326794896558 ),
 .UNSPECIFIED. ) 
 CURVE ( )  GEOMETRIC_REPRESENTATION_ITEM ( )  RATIONAL_B_SPLINE_CURVE ( ( 1.000000000000000000, 0.9455298561393253864, 0.9455298561393253864, 1.000000000000000000 ) ) 
 REPRESENTATION_ITEM ( '' )  );
#3731 = CARTESIAN_POINT ( 'NONE',  ( 4.949999999999999289, -7.733087104677060175, 7.809307837348835157 ) ) ;
#3732 = CARTESIAN_POINT ( 'NONE',  ( -5.117755140996171015, -11.39114068157666892, 10.45253859236204086 ) ) ;
#3733 = VECTOR ( 'NONE', #2094, 1000.000000000000000 ) ;
#3734 = EDGE_CURVE ( 'NONE', #1141, #11, #2263, .T. ) ;
#3735 = DIRECTION ( 'NONE',  ( 1.571911781425327109E-16, -0.9848077530122101297, 0.1736481776669186461 ) ) ;
#3736 = DIRECTION ( 'NONE',  ( 0.000000000000000000, -1.000000000000000000, 0.000000000000000000 ) ) ;
#3737 = ORIENTED_EDGE ( 'NONE', *, *, #2853, .T. ) ;
#3738 = ORIENTED_EDGE ( 'NONE', *, *, #2990, .F. ) ;
#3739 = ORIENTED_EDGE ( 'NONE', *, *, #3481, .T. ) ;
#3740 = DIRECTION ( 'NONE',  ( 0.000000000000000000, 0.000000000000000000, 1.000000000000000000 ) ) ;
#3741 = EDGE_CURVE ( 'NONE', #1341, #1578, #3197, .T. ) ;
#3742 = CARTESIAN_POINT ( 'NONE',  ( 3.240300886754839738, -11.10085061764817738, 9.785547743347727589 ) ) ;
#3743 = CARTESIAN_POINT ( 'NONE',  ( -6.450000000000001066, -4.333456447661466093, -0.7378974596215569504 ) ) ;
#3744 = CARTESIAN_POINT ( 'NONE',  ( -3.000680438189951893, -11.32710089111842322, -5.208018075719008877 ) ) ;
#3745 = LINE ( 'NONE', #906, #2101 ) ;
#3746 = VERTEX_POINT ( 'NONE', #1302 ) ;
#3747 = VECTOR ( 'NONE', #2278, 1000.000000000000000 ) ;
#3748 = CARTESIAN_POINT ( 'NONE',  ( -5.949999999999997513, -5.299999999999998934, -2.411999999999999478 ) ) ;
#3749 = FACE_OUTER_BOUND ( 'NONE', #943, .T. ) ;
#3750 = CARTESIAN_POINT ( 'NONE',  ( -1.522260501054746529, -12.59999999999999787, 3.199999999999997069 ) ) ;
#3751 = DIRECTION ( 'NONE',  ( 0.000000000000000000, 0.1736481776669238086, 0.9848077530122092416 ) ) ;
#3752 = CARTESIAN_POINT ( 'NONE',  ( -4.676956209250016094, -9.160725471216224491, 9.528133514114880853 ) ) ;
#3753 = PLANE ( 'NONE',  #1257 ) ;
#3754 = EDGE_CURVE ( 'NONE', #2507, #2573, #2153, .T. ) ;
#3755 = LINE ( 'NONE', #3145, #1309 ) ;
#3756 = CARTESIAN_POINT ( 'NONE',  ( 2.222377264516578688, -10.69030441845970891, 4.594121271351506053 ) ) ;
#3757 = ORIENTED_EDGE ( 'NONE', *, *, #2300, .T. ) ;
#3758 = ORIENTED_EDGE ( 'NONE', *, *, #2946, .F. ) ;
#3759 = EDGE_LOOP ( 'NONE', ( #1456, #1963, #3414, #2492 ) ) ;
#3760 = ORIENTED_EDGE ( 'NONE', *, *, #1901, .F. ) ;
#3761 = EDGE_CURVE ( 'NONE', #3087, #1967, #367, .T. ) ;
#3762 = LINE ( 'NONE', #2877, #1731 ) ;
#3763 = B_SPLINE_CURVE_WITH_KNOTS ( 'NONE', 3,
 ( #2127, #2710, #1871, #3101, #738, #3027, #3365, #1909 ),
 .UNSPECIFIED., .F., .F.,
 ( 4, 2, 2, 4 ),
 ( 0.001395312447586031287, 0.001851536363749431164, 0.002079648321831130235, 0.002307760279912829306 ),
 .UNSPECIFIED. ) ;
#3764 = VECTOR ( 'NONE', #3685, 1000.000000000000000 ) ;
#3765 = AXIS2_PLACEMENT_3D ( 'NONE', #2623, #2883, #1145 ) ;
#3766 = CARTESIAN_POINT ( 'NONE',  ( -4.869016231867650646, -8.789773039201598692, 9.430606505215024526 ) ) ;
#3767 = CARTESIAN_POINT ( 'NONE',  ( -4.287085751233932207, -6.762728116648171195, 8.818002345749585302 ) ) ;
#3768 = FACE_OUTER_BOUND ( 'NONE', #360, .T. ) ;
ENDSEC;
END-ISO-10303-21;
