ISO-10303-21;
HEADER;
FILE_DESCRIPTION (( 'STEP AP214' ),
    '1' );
FILE_NAME ('Probe_Drive_3.STEP',
    '2024-08-29T00:42:46',
    ( '' ),
    ( '' ),
    'SwSTEP 2.0',
    'SolidWorks 2022',
    '' );
FILE_SCHEMA (( 'AUTOMOTIVE_DESIGN' ));
ENDSEC;

DATA;
#1 = FACE_OUTER_BOUND ( 'NONE', #3447, .T. ) ;
#2 = FACE_OUTER_BOUND ( 'NONE', #1304, .T. ) ;
#3 = CARTESIAN_POINT ( 'NONE',  ( -16.87470748512143004, -8.642248473930015606, 10.10587294787396928 ) ) ;
#4 = AXIS2_PLACEMENT_3D ( 'NONE', #3189, #1640, #2889 ) ;
#5 = CARTESIAN_POINT ( 'NONE',  ( -16.87470748512143004, -8.642248473930015606, 10.48134101828549447 ) ) ;
#6 = DIRECTION ( 'NONE',  ( -0.000000000000000000, -0.8846265015520631270, 0.4663002817410232259 ) ) ;
#7 = ORIENTED_EDGE ( 'NONE', *, *, #1015, .F. ) ;
#8 = ORIENTED_EDGE ( 'NONE', *, *, #2307, .F. ) ;
#9 = VECTOR ( 'NONE', #1870, 1000.000000000000000 ) ;
#10 = LINE ( 'NONE', #340, #3106 ) ;
#11 = FACE_OUTER_BOUND ( 'NONE', #2342, .T. ) ;
#12 = EDGE_CURVE ( 'NONE', #511, #2255, #1733, .T. ) ;
#13 = CARTESIAN_POINT ( 'NONE',  ( -2.699999999999999289, -5.299999999999998046, -1.500000000000000666 ) ) ;
#14 = VECTOR ( 'NONE', #2915, 1000.000000000000000 ) ;
#15 = FACE_OUTER_BOUND ( 'NONE', #2045, .T. ) ;
#16 = CARTESIAN_POINT ( 'NONE',  ( -1.449999999999999512, -10.59999999999999609, 0.000000000000000000 ) ) ;
#17 = CARTESIAN_POINT ( 'NONE',  ( -28.92807245819994577, -8.843906975845866825, 15.98013380099344971 ) ) ;
#18 = ADVANCED_FACE ( 'NONE', ( #2968 ), #3025, .F. ) ;
#19 = EDGE_CURVE ( 'NONE', #2429, #1994, #1563, .T. ) ;
#20 = ORIENTED_EDGE ( 'NONE', *, *, #1583, .T. ) ;
#21 = EDGE_LOOP ( 'NONE', ( #3596, #737, #1090, #63, #387, #1826, #2869, #2350, #3385, #2924, #1632, #3510 ) ) ;
#22 = ORIENTED_EDGE ( 'NONE', *, *, #38, .T. ) ;
#23 = FACE_OUTER_BOUND ( 'NONE', #652, .T. ) ;
#24 = CARTESIAN_POINT ( 'NONE',  ( -2.199999999999999734, 3.750000000000000000, 6.729031597682705090 ) ) ;
#25 = ADVANCED_FACE ( 'NONE', ( #1779 ), #886, .F. ) ;
#26 = AXIS2_PLACEMENT_3D ( 'NONE', #580, #3441, #1003 ) ;
#27 = CARTESIAN_POINT ( 'NONE',  ( -2.199999999999999734, -8.300961894323346968, 0.000000000000000000 ) ) ;
#28 = CARTESIAN_POINT ( 'NONE',  ( -1.562648137834736328, -10.59999999999999787, 3.643750000000006928 ) ) ;
#29 = CARTESIAN_POINT ( 'NONE',  ( -30.99979317598215545, -8.789773039201591587, 9.430606505215028079 ) ) ;
#30 = LINE ( 'NONE', #942, #3628 ) ;
#31 = ORIENTED_EDGE ( 'NONE', *, *, #474, .F. ) ;
#32 = VERTEX_POINT ( 'NONE', #3389 ) ;
#33 = CARTESIAN_POINT ( 'NONE',  ( -0.02500000000000000139, 13.73658701805916493, 6.981741367795245345 ) ) ;
#34 = DIRECTION ( 'NONE',  ( -0.8660254037844379305, 0.000000000000000000, 0.5000000000000014433 ) ) ;
#35 = PLANE ( 'NONE',  #2117 ) ;
#36 = DIRECTION ( 'NONE',  ( -0.000000000000000000, 1.000000000000000000, -0.000000000000000000 ) ) ;
#37 = CARTESIAN_POINT ( 'NONE',  ( -0.3060541859600000580, -10.46005818924133024, 12.57325528985392893 ) ) ;
#38 = EDGE_CURVE ( 'NONE', #1945, #3816, #280, .T. ) ;
#39 = CIRCLE ( 'NONE', #560, 1.499999999999971800 ) ;
#40 = VECTOR ( 'NONE', #2572, 1000.000000000000227 ) ;
#41 = ORIENTED_EDGE ( 'NONE', *, *, #3804, .T. ) ;
#42 = ORIENTED_EDGE ( 'NONE', *, *, #2011, .T. ) ;
#43 = ORIENTED_EDGE ( 'NONE', *, *, #1972, .F. ) ;
#44 = EDGE_CURVE ( 'NONE', #3254, #3752, #2376, .T. ) ;
#45 = DIRECTION ( 'NONE',  ( -0.4999999999999985567, 0.000000000000000000, 0.8660254037844394848 ) ) ;
#46 = DIRECTION ( 'NONE',  ( 0.000000000000000000, -0.1736481776669250021, -0.9848077530122090195 ) ) ;
#47 = VECTOR ( 'NONE', #627, 1000.000000000000114 ) ;
#48 = PLANE ( 'NONE',  #3566 ) ;
#49 = ADVANCED_FACE ( 'NONE', ( #1838 ), #3008, .F. ) ;
#50 = CARTESIAN_POINT ( 'NONE',  ( -11.20000000000000107, -5.677650778284625055, 12.62941422284274573 ) ) ;
#51 = DIRECTION ( 'NONE',  ( -0.6104124877388409365, 0.5467532281777068848, 0.5731121201734753479 ) ) ;
#52 = CARTESIAN_POINT ( 'NONE',  ( -28.92807245819994577, -9.581911730930183779, 11.79470085069209162 ) ) ;
#53 = VERTEX_POINT ( 'NONE', #3066 ) ;
#54 = ORIENTED_EDGE ( 'NONE', *, *, #2253, .F. ) ;
#55 = PLANE ( 'NONE',  #2126 ) ;
#56 = CARTESIAN_POINT ( 'NONE',  ( -1.562648137834738993, -10.40488770189220524, 2.806250000000007461 ) ) ;
#57 = AXIS2_PLACEMENT_3D ( 'NONE', #2448, #278, #1474 ) ;
#58 = DIRECTION ( 'NONE',  ( 0.8660254037844395958, 0.000000000000000000, 0.4999999999999982792 ) ) ;
#59 = DIRECTION ( 'NONE',  ( 0.000000000000000000, 0.000000000000000000, 1.000000000000000000 ) ) ;
#60 = DIRECTION ( 'NONE',  ( -0.000000000000000000, -0.000000000000000000, 1.000000000000000000 ) ) ;
#61 = AXIS2_PLACEMENT_3D ( 'NONE', #2463, #3726, #311 ) ;
#62 = VERTEX_POINT ( 'NONE', #1819 ) ;
#63 = ORIENTED_EDGE ( 'NONE', *, *, #2913, .F. ) ;
#64 = ORIENTED_EDGE ( 'NONE', *, *, #267, .F. ) ;
#65 = FACE_OUTER_BOUND ( 'NONE', #3739, .T. ) ;
#66 = PLANE ( 'NONE',  #2298 ) ;
#67 = EDGE_CURVE ( 'NONE', #1805, #3448, #1412, .T. ) ;
#68 = VECTOR ( 'NONE', #361, 1000.000000000000000 ) ;
#69 = CARTESIAN_POINT ( 'NONE',  ( -1.562648137834743434, -10.59999999999999787, 1.550000000000007150 ) ) ;
#70 = CARTESIAN_POINT ( 'NONE',  ( -16.87370748512142882, -5.299999999999998046, -3.323999999999999400 ) ) ;
#71 = DIRECTION ( 'NONE',  ( -0.6844815048078809472, 0.000000000000000000, -0.7290302254200019538 ) ) ;
#72 = FACE_OUTER_BOUND ( 'NONE', #1665, .T. ) ;
#73 = ORIENTED_EDGE ( 'NONE', *, *, #312, .T. ) ;
#74 = VERTEX_POINT ( 'NONE', #3982 ) ;
#75 = EDGE_CURVE ( 'NONE', #3060, #3675, #371, .T. ) ;
#76 = ADVANCED_FACE ( 'NONE', ( #2396 ), #2433, .T. ) ;
#77 = ORIENTED_EDGE ( 'NONE', *, *, #1976, .T. ) ;
#78 = CARTESIAN_POINT ( 'NONE',  ( -16.68999999999998352, -3.047900561033110911, 9.119438471360195919 ) ) ;
#79 = CARTESIAN_POINT ( 'NONE',  ( -16.87470748512143004, -8.642248473930015606, 10.48134101828549447 ) ) ;
#80 = AXIS2_PLACEMENT_3D ( 'NONE', #625, #3125, #2493 ) ;
#81 = LINE ( 'NONE', #2538, #47 ) ;
#82 = CARTESIAN_POINT ( 'NONE',  ( -16.87470748512143004, -10.59999999999999609, -3.108461733501794999 ) ) ;
#83 = CARTESIAN_POINT ( 'NONE',  ( -1.200000000000001954, -10.59999999999999787, 3.853125000000005684 ) ) ;
#84 = AXIS2_PLACEMENT_3D ( 'NONE', #1350, #369, #3850 ) ;
#85 = EDGE_LOOP ( 'NONE', ( #2596, #1714 ) ) ;
#86 = ORIENTED_EDGE ( 'NONE', *, *, #3779, .F. ) ;
#87 = ORIENTED_EDGE ( 'NONE', *, *, #2209, .T. ) ;
#88 = PLANE ( 'NONE',  #3259 ) ;
#89 = CARTESIAN_POINT ( 'NONE',  ( -2.199999999999999734, 2.750000000000000888, 9.112538782871100196 ) ) ;
#90 = DIRECTION ( 'NONE',  ( 0.000000000000000000, 0.9848077530122096857, -0.1736481776669211996 ) ) ;
#91 = DIRECTION ( 'NONE',  ( 0.000000000000000000, -0.7235499442460513464, 0.6902720320145790955 ) ) ;
#92 = EDGE_CURVE ( 'NONE', #230, #2383, #906, .T. ) ;
#93 = DIRECTION ( 'NONE',  ( -0.8660254037844379305, -0.4924038765061058420, 0.08682408883346197370 ) ) ;
#94 = LINE ( 'NONE', #1066, #3831 ) ;
#95 = ORIENTED_EDGE ( 'NONE', *, *, #3197, .F. ) ;
#96 = ORIENTED_EDGE ( 'NONE', *, *, #863, .F. ) ;
#97 =( BOUNDED_CURVE ( )  B_SPLINE_CURVE ( 3, ( #3277, #2706, #834, #3587 ),
 .UNSPECIFIED., .F., .T. ) 
 B_SPLINE_CURVE_WITH_KNOTS ( ( 4, 4 ),
 ( 1.047197551196600962, 1.570796326794896558 ),
 .UNSPECIFIED. ) 
 CURVE ( )  GEOMETRIC_REPRESENTATION_ITEM ( )  RATIONAL_B_SPLINE_CURVE ( ( 1.000000000000000000, 0.9772838841927123932, 0.9772838841927123932, 1.000000000000000000 ) ) 
 REPRESENTATION_ITEM ( '' )  );
#98 = ORIENTED_EDGE ( 'NONE', *, *, #1256, .F. ) ;
#99 = CARTESIAN_POINT ( 'NONE',  ( -10.22572142074251467, -4.656658000778489459, 8.701826809569254806 ) ) ;
#100 = CARTESIAN_POINT ( 'NONE',  ( -1.950058440456964526, -10.59994482036299779, 11.60370543523398901 ) ) ;
#101 = EDGE_CURVE ( 'NONE', #1386, #195, #2703, .T. ) ;
#102 = CARTESIAN_POINT ( 'NONE',  ( -15.68999999999999595, 13.50884290664671283, 13.56188082151079755 ) ) ;
#103 = LINE ( 'NONE', #2539, #3027 ) ;
#104 = LINE ( 'NONE', #3210, #208 ) ;
#105 = ADVANCED_FACE ( 'NONE', ( #2070 ), #3310, .F. ) ;
#106 = ORIENTED_EDGE ( 'NONE', *, *, #1115, .F. ) ;
#107 = ORIENTED_EDGE ( 'NONE', *, *, #44, .F. ) ;
#108 = ORIENTED_EDGE ( 'NONE', *, *, #1881, .T. ) ;
#109 = CARTESIAN_POINT ( 'NONE',  ( -1.449999999999999512, -10.59999999999999609, 0.000000000000000000 ) ) ;
#110 = CIRCLE ( 'NONE', #298, 0.9119999999999995888 ) ;
#111 = DIRECTION ( 'NONE',  ( 0.000000000000000000, 0.9848077530122094636, -0.1736481776669221433 ) ) ;
#112 = LINE ( 'NONE', #2550, #452 ) ;
#113 = FACE_OUTER_BOUND ( 'NONE', #2710, .T. ) ;
#114 = CARTESIAN_POINT ( 'NONE',  ( -2.633012701892218033, -8.550961894323346968, 10.83994474078947690 ) ) ;
#115 = EDGE_LOOP ( 'NONE', ( #2214, #3593, #1403, #3192, #3985, #2361 ) ) ;
#116 = ORIENTED_EDGE ( 'NONE', *, *, #1339, .F. ) ;
#117 = VERTEX_POINT ( 'NONE', #245 ) ;
#118 = DIRECTION ( 'NONE',  ( 8.095798021000292727E-17, -0.9848077530122094636, 0.1736481776669220045 ) ) ;
#119 = CARTESIAN_POINT ( 'NONE',  ( -3.229795932116302115, -9.391613231000984996, 8.893837469608344648 ) ) ;
#120 = EDGE_CURVE ( 'NONE', #1958, #1569, #2743, .T. ) ;
#121 = SURFACE_STYLE_USAGE ( .BOTH. , #2292 ) ;
#122 = LINE ( 'NONE', #1362, #2796 ) ;
#123 = AXIS2_PLACEMENT_3D ( 'NONE', #1026, #156, #483 ) ;
#124 = CARTESIAN_POINT ( 'NONE',  ( -16.68999999999997641, 14.24310872090336133, 13.43240994744549255 ) ) ;
#125 = ORIENTED_EDGE ( 'NONE', *, *, #1428, .F. ) ;
#126 = EDGE_CURVE ( 'NONE', #3284, #1883, #1193, .T. ) ;
#127 = ORIENTED_EDGE ( 'NONE', *, *, #2979, .F. ) ;
#128 = VECTOR ( 'NONE', #3682, 1000.000000000000000 ) ;
#129 = CARTESIAN_POINT ( 'NONE',  ( -4.700000000000009948, -4.656658000778498341, 8.701826809569167764 ) ) ;
#130 = CARTESIAN_POINT ( 'NONE',  ( -2.368755898258497528, 3.750000000001132872, 7.920785190276623311 ) ) ;
#131 = CARTESIAN_POINT ( 'NONE',  ( -3.699999999999999734, 3.285408048021869476, -3.914175083630924146 ) ) ;
#132 = LINE ( 'NONE', #1609, #960 ) ;
#133 = DIRECTION ( 'NONE',  ( 1.000000000000000000, -0.000000000000000000, -0.000000000000000000 ) ) ;
#134 = ORIENTED_EDGE ( 'NONE', *, *, #2449, .F. ) ;
#135 = ORIENTED_EDGE ( 'NONE', *, *, #3799, .F. ) ;
#136 = ORIENTED_EDGE ( 'NONE', *, *, #1687, .F. ) ;
#137 = CARTESIAN_POINT ( 'NONE',  ( -1.562648137834733442, -10.59999999999999787, 4.481250000000006395 ) ) ;
#138 = CARTESIAN_POINT ( 'NONE',  ( -3.646379325263700455, -8.698437487850442906, 8.445798752202819060 ) ) ;
#139 = CARTESIAN_POINT ( 'NONE',  ( -17.14800787051146358, 4.750000000000000888, 7.729031597682705090 ) ) ;
#140 = CARTESIAN_POINT ( 'NONE',  ( -30.99979317598215545, 7.185655229193324445, 6.613707473124440739 ) ) ;
#141 = DIRECTION ( 'NONE',  ( 1.000000000000000000, -0.000000000000000000, -0.000000000000000000 ) ) ;
#142 = VECTOR ( 'NONE', #814, 1000.000000000000114 ) ;
#143 = ADVANCED_FACE ( 'NONE', ( #590 ), #4000, .F. ) ;
#144 = VERTEX_POINT ( 'NONE', #849 ) ;
#145 = VERTEX_POINT ( 'NONE', #2090 ) ;
#146 = ORIENTED_EDGE ( 'NONE', *, *, #763, .T. ) ;
#147 = VECTOR ( 'NONE', #324, 1000.000000000000000 ) ;
#148 = VECTOR ( 'NONE', #2116, 1000.000000000000000 ) ;
#149 = B_SPLINE_CURVE_WITH_KNOTS ( 'NONE', 3,
 ( #3476, #102, #1942, #3187, #1638, #406 ),
 .UNSPECIFIED., .F., .F.,
 ( 4, 2, 4 ),
 ( 7.152448122690996019E-18, 0.0003933909761702840098, 0.0007867819523405608639 ),
 .UNSPECIFIED. ) ;
#150 = ADVANCED_FACE ( 'NONE', ( #3165 ), #3455, .F. ) ;
#151 = CARTESIAN_POINT ( 'NONE',  ( -15.52610953482577116, -10.60222042827638766, 11.56145912958557354 ) ) ;
#152 = FACE_OUTER_BOUND ( 'NONE', #3858, .T. ) ;
#153 = DIRECTION ( 'NONE',  ( -0.000000000000000000, 1.000000000000000000, -0.000000000000000000 ) ) ;
#154 = EDGE_CURVE ( 'NONE', #2501, #117, #81, .T. ) ;
#155 = DIRECTION ( 'NONE',  ( 0.000000000000000000, 0.000000000000000000, -1.000000000000000000 ) ) ;
#156 = DIRECTION ( 'NONE',  ( 0.000000000000000000, -0.9848077530122097967, 0.1736481776669206445 ) ) ;
#157 = ORIENTED_EDGE ( 'NONE', *, *, #3661, .T. ) ;
#158 = ORIENTED_EDGE ( 'NONE', *, *, #2776, .T. ) ;
#159 = DIRECTION ( 'NONE',  ( 0.000000000000000000, -5.181372389416986022E-16, 1.000000000000000000 ) ) ;
#160 = LINE ( 'NONE', #2600, #204 ) ;
#161 = LINE ( 'NONE', #1703, #2089 ) ;
#162 = CYLINDRICAL_SURFACE ( 'NONE', #242, 1.499999999999963141 ) ;
#163 = EDGE_LOOP ( 'NONE', ( #158, #2628, #1925, #967 ) ) ;
#164 = ORIENTED_EDGE ( 'NONE', *, *, #1831, .T. ) ;
#165 = ORIENTED_EDGE ( 'NONE', *, *, #1134, .T. ) ;
#166 = ADVANCED_FACE ( 'NONE', ( #669 ), #35, .F. ) ;
#167 = CARTESIAN_POINT ( 'NONE',  ( -16.57638694958165004, -9.973619003707446140, 10.04940802021132562 ) ) ;
#168 = CARTESIAN_POINT ( 'NONE',  ( -3.861403299422695223, 2.653382045604024686, -3.483125627706719296 ) ) ;
#169 = EDGE_CURVE ( 'NONE', #3857, #2848, #3801, .T. ) ;
#170 = CARTESIAN_POINT ( 'NONE',  ( -15.68999999999999595, -9.176331943257538981, 11.21547288535252562 ) ) ;
#171 = DIRECTION ( 'NONE',  ( 0.000000000000000000, -1.000000000000000000, 0.000000000000000000 ) ) ;
#172 = CARTESIAN_POINT ( 'NONE',  ( -3.322165225389838383, -9.304397895295890564, 8.801611347553890852 ) ) ;
#173 = VERTEX_POINT ( 'NONE', #710 ) ;
#174 = ORIENTED_EDGE ( 'NONE', *, *, #2312, .T. ) ;
#175 = EDGE_CURVE ( 'NONE', #2933, #4004, #178, .T. ) ;
#176 = CARTESIAN_POINT ( 'NONE',  ( -11.20000000000000107, -5.444996607064769734, 8.840832175791518921 ) ) ;
#177 = CARTESIAN_POINT ( 'NONE',  ( -1.661035506018166741, -10.87284105416769719, 11.60719828176022084 ) ) ;
#178 =( BOUNDED_CURVE ( )  B_SPLINE_CURVE ( 3, ( #2249, #3494, #648, #3083 ),
 .UNSPECIFIED., .F., .T. ) 
 B_SPLINE_CURVE_WITH_KNOTS ( ( 4, 4 ),
 ( 0.7567067142714372086, 1.570796326794896780 ),
 .UNSPECIFIED. ) 
 CURVE ( )  GEOMETRIC_REPRESENTATION_ITEM ( )  RATIONAL_B_SPLINE_CURVE ( ( 1.000000000000000000, 0.9455298561393254975, 0.9455298561393254975, 1.000000000000000000 ) ) 
 REPRESENTATION_ITEM ( '' )  );
#179 = VERTEX_POINT ( 'NONE', #360 ) ;
#180 = AXIS2_PLACEMENT_3D ( 'NONE', #299, #973, #1593 ) ;
#181 = PLANE ( 'NONE',  #1479 ) ;
#182 = UNCERTAINTY_MEASURE_WITH_UNIT (LENGTH_MEASURE( 1.000000000000000082E-05 ), #591, 'distance_accuracy_value', 'NONE');
#183 = CARTESIAN_POINT ( 'NONE',  ( -16.68999999999998707, 7.185655229193324445, 6.613707473124440739 ) ) ;
#184 = EDGE_LOOP ( 'NONE', ( #3416, #3171, #2191, #3874 ) ) ;
#185 = CARTESIAN_POINT ( 'NONE',  ( -15.18999999999998884, 14.59451754584471317, 11.84730717252068821 ) ) ;
#186 = ORIENTED_EDGE ( 'NONE', *, *, #1063, .T. ) ;
#187 = AXIS2_PLACEMENT_3D ( 'NONE', #2903, #118, #2599 ) ;
#188 = VECTOR ( 'NONE', #1457, 1000.000000000000000 ) ;
#189 = CARTESIAN_POINT ( 'NONE',  ( -16.29893599405517080, -10.34033721677822903, 10.52995787803811467 ) ) ;
#190 = DIRECTION ( 'NONE',  ( 1.000000000000000000, -0.000000000000000000, -0.000000000000000000 ) ) ;
#191 = ORIENTED_EDGE ( 'NONE', *, *, #3968, .F. ) ;
#192 = DIRECTION ( 'NONE',  ( 0.000000000000000000, 0.000000000000000000, -1.000000000000000000 ) ) ;
#193 = EDGE_CURVE ( 'NONE', #535, #3669, #3677, .T. ) ;
#194 = VERTEX_POINT ( 'NONE', #1532 ) ;
#195 = VERTEX_POINT ( 'NONE', #2841 ) ;
#196 = PLANE ( 'NONE',  #3499 ) ;
#197 = DIRECTION ( 'NONE',  ( 0.000000000000000000, 0.000000000000000000, 1.000000000000000000 ) ) ;
#198 = EDGE_CURVE ( 'NONE', #2309, #3375, #1856, .T. ) ;
#199 = ORIENTED_EDGE ( 'NONE', *, *, #363, .F. ) ;
#200 = DIRECTION ( 'NONE',  ( 0.000000000000000000, 0.000000000000000000, 1.000000000000000000 ) ) ;
#201 = DIRECTION ( 'NONE',  ( 0.000000000000000000, 0.000000000000000000, 1.000000000000000000 ) ) ;
#202 = DIRECTION ( 'NONE',  ( -0.4999999999999985567, 0.000000000000000000, 0.8660254037844394848 ) ) ;
#203 = ORIENTED_EDGE ( 'NONE', *, *, #1503, .T. ) ;
#204 = VECTOR ( 'NONE', #1398, 1000.000000000000227 ) ;
#205 = DIRECTION ( 'NONE',  ( -0.8660254037844379305, 0.000000000000000000, 0.5000000000000014433 ) ) ;
#206 = FACE_OUTER_BOUND ( 'NONE', #2437, .T. ) ;
#207 = ORIENTED_EDGE ( 'NONE', *, *, #2776, .F. ) ;
#208 = VECTOR ( 'NONE', #3252, 1000.000000000000114 ) ;
#209 = ORIENTED_EDGE ( 'NONE', *, *, #2769, .F. ) ;
#210 = AXIS2_PLACEMENT_3D ( 'NONE', #552, #3031, #2190 ) ;
#211 = FACE_OUTER_BOUND ( 'NONE', #2168, .T. ) ;
#212 = DIRECTION ( 'NONE',  ( -1.000000000000000000, -1.031027462301852710E-15, 1.817979594551890555E-16 ) ) ;
#213 = VERTEX_POINT ( 'NONE', #13 ) ;
#214 = CIRCLE ( 'NONE', #2482, 3.087499999999999911 ) ;
#215 = CARTESIAN_POINT ( 'NONE',  ( -1.277114203190020225, -9.148652920022209756, 4.735146905970107234 ) ) ;
#216 = EDGE_CURVE ( 'NONE', #1037, #1547, #1084, .T. ) ;
#217 = CARTESIAN_POINT ( 'NONE',  ( -12.17427857925749102, -4.656658000778494788, 8.701826809569254806 ) ) ;
#218 = ORIENTED_EDGE ( 'NONE', *, *, #1526, .T. ) ;
#219 = VECTOR ( 'NONE', #1561, 1000.000000000000114 ) ;
#220 = CARTESIAN_POINT ( 'NONE',  ( -0.02499999999998157169, -0.9508839431741503700, -6.499500000000000277 ) ) ;
#221 = EDGE_CURVE ( 'NONE', #1741, #653, #1791, .T. ) ;
#222 = FACE_OUTER_BOUND ( 'NONE', #977, .T. ) ;
#223 = ORIENTED_EDGE ( 'NONE', *, *, #2363, .T. ) ;
#224 = AXIS2_PLACEMENT_3D ( 'NONE', #696, #111, #1667 ) ;
#225 = DIRECTION ( 'NONE',  ( -0.000000000000000000, 1.000000000000000000, -0.000000000000000000 ) ) ;
#226 = EDGE_CURVE ( 'NONE', #3099, #923, #1991, .T. ) ;
#227 = CARTESIAN_POINT ( 'NONE',  ( -15.68999999999999595, 12.77000956099266205, 10.13816393299717333 ) ) ;
#228 = DIRECTION ( 'NONE',  ( -0.000000000000000000, 1.000000000000000000, -0.000000000000000000 ) ) ;
#229 = ORIENTED_EDGE ( 'NONE', *, *, #2100, .F. ) ;
#230 = VERTEX_POINT ( 'NONE', #321 ) ;
#231 = DIRECTION ( 'NONE',  ( 1.000000000000000000, -0.000000000000000000, -0.000000000000000000 ) ) ;
#232 = DIRECTION ( 'NONE',  ( 0.000000000000000000, 0.000000000000000000, 1.000000000000000000 ) ) ;
#233 = VERTEX_POINT ( 'NONE', #2472 ) ;
#234 = CARTESIAN_POINT ( 'NONE',  ( -2.699999999999999289, 0.000000000000000000, 1.550000000000000933 ) ) ;
#235 = FACE_OUTER_BOUND ( 'NONE', #1816, .T. ) ;
#236 = VECTOR ( 'NONE', #2790, 1000.000000000000227 ) ;
#237 = DIRECTION ( 'NONE',  ( 1.219727444046189284E-16, -1.000000000000000000, 3.469446951953605117E-15 ) ) ;
#238 = MECHANICAL_DESIGN_GEOMETRIC_PRESENTATION_REPRESENTATION (  '', ( #3223 ), #432 ) ;
#239 = AXIS2_PLACEMENT_3D ( 'NONE', #2552, #701, #1974 ) ;
#240 = EDGE_LOOP ( 'NONE', ( #1663, #2040 ) ) ;
#241 = FACE_OUTER_BOUND ( 'NONE', #1765, .T. ) ;
#242 = AXIS2_PLACEMENT_3D ( 'NONE', #3583, #141, #2294 ) ;
#243 = CARTESIAN_POINT ( 'NONE',  ( -11.20000000000000107, -6.024947133618472783, 10.65979871681833480 ) ) ;
#244 = ADVANCED_FACE ( 'NONE', ( #3712 ), #929, .F. ) ;
#245 = CARTESIAN_POINT ( 'NONE',  ( -1.449999999999999734, -10.59999999999999609, 3.997462567297412228 ) ) ;
#246 = CARTESIAN_POINT ( 'NONE',  ( -5.914847813846336955, 2.653382045604023798, -5.670216303966725491 ) ) ;
#247 = CARTESIAN_POINT ( 'NONE',  ( -0.5000000000000000000, -10.59999999999999609, 11.58795098915741306 ) ) ;
#248 = EDGE_CURVE ( 'NONE', #1019, #1914, #3409, .T. ) ;
#249 = ORIENTED_EDGE ( 'NONE', *, *, #1227, .T. ) ;
#250 = AXIS2_PLACEMENT_3D ( 'NONE', #2114, #3040, #1489 ) ;
#251 = ORIENTED_EDGE ( 'NONE', *, *, #3503, .F. ) ;
#252 = VECTOR ( 'NONE', #925, 1000.000000000000114 ) ;
#253 = CARTESIAN_POINT ( 'NONE',  ( -15.68999999999999595, 12.29247707240862475, 7.429942612213611852 ) ) ;
#254 = CARTESIAN_POINT ( 'NONE',  ( -11.20000000000000107, -6.985295699373764045, 10.32142077390275325 ) ) ;
#255 = AXIS2_PLACEMENT_3D ( 'NONE', #3217, #1332, #436 ) ;
#256 = DIRECTION ( 'NONE',  ( 5.529529938777226896E-16, 0.9848077530122094636, -0.1736481776669222821 ) ) ;
#257 = CARTESIAN_POINT ( 'NONE',  ( -15.68999999999999595, 13.37777818282680542, 13.58499106853935245 ) ) ;
#258 = FACE_OUTER_BOUND ( 'NONE', #2667, .T. ) ;
#259 = ORIENTED_EDGE ( 'NONE', *, *, #2405, .T. ) ;
#260 = PLANE ( 'NONE',  #2590 ) ;
#261 = DIRECTION ( 'NONE',  ( 0.000000000000000000, 0.000000000000000000, -1.000000000000000000 ) ) ;
#262 = DIRECTION ( 'NONE',  ( -0.5000000000000013323, 0.8660254037844378194, 1.387647220426501232E-16 ) ) ;
#263 = EDGE_CURVE ( 'NONE', #1769, #2598, #1252, .T. ) ;
#264 = PLANE ( 'NONE',  #2874 ) ;
#265 = ORIENTED_EDGE ( 'NONE', *, *, #1256, .T. ) ;
#266 = ORIENTED_EDGE ( 'NONE', *, *, #3504, .F. ) ;
#267 = EDGE_CURVE ( 'NONE', #1260, #3291, #1645, .T. ) ;
#268 = CARTESIAN_POINT ( 'NONE',  ( -0.02499999999999196962, 5.000000000000000000, 1.616186689024135203 ) ) ;
#269 = LINE ( 'NONE', #1886, #2157 ) ;
#270 = DIRECTION ( 'NONE',  ( 1.000000000000000000, 0.000000000000000000, 0.000000000000000000 ) ) ;
#271 = VECTOR ( 'NONE', #1212, 1000.000000000000000 ) ;
#272 = EDGE_CURVE ( 'NONE', #1159, #799, #3229, .T. ) ;
#273 = DIRECTION ( 'NONE',  ( 1.000000000000000000, -0.000000000000000000, -0.000000000000000000 ) ) ;
#274 = DIRECTION ( 'NONE',  ( 1.000000000000000000, -0.000000000000000000, -0.000000000000000000 ) ) ;
#275 = DIRECTION ( 'NONE',  ( 0.000000000000000000, 0.000000000000000000, 1.000000000000000000 ) ) ;
#276 = EDGE_LOOP ( 'NONE', ( #3112, #3718, #911, #3296, #3825, #3354 ) ) ;
#277 = EDGE_LOOP ( 'NONE', ( #424, #1766, #1557, #223, #836, #2871 ) ) ;
#278 = DIRECTION ( 'NONE',  ( -0.000000000000000000, -0.1736481776669215049, -0.9848077530122095746 ) ) ;
#279 = CARTESIAN_POINT ( 'NONE',  ( -9.251442841485026491, -6.318521083986579967, 8.994858109382185773 ) ) ;
#280 = LINE ( 'NONE', #3692, #3355 ) ;
#281 =( LENGTH_UNIT ( ) NAMED_UNIT ( * ) SI_UNIT ( .MILLI., .METRE. ) );
#282 = FACE_OUTER_BOUND ( 'NONE', #2584, .T. ) ;
#283 = ORIENTED_EDGE ( 'NONE', *, *, #1797, .T. ) ;
#284 = EDGE_CURVE ( 'NONE', #3967, #1695, #149, .T. ) ;
#285 = ORIENTED_EDGE ( 'NONE', *, *, #667, .F. ) ;
#286 = CARTESIAN_POINT ( 'NONE',  ( -15.27681682943084240, -8.598331367907913858, 17.37286228163346280 ) ) ;
#287 = LINE ( 'NONE', #1285, #417 ) ;
#288 = EDGE_CURVE ( 'NONE', #1580, #3752, #2181, .T. ) ;
#289 = FACE_OUTER_BOUND ( 'NONE', #2764, .T. ) ;
#290 = CARTESIAN_POINT ( 'NONE',  ( -1.562648137834741879, -10.59999999999999787, 1.968750000000007772 ) ) ;
#291 = CARTESIAN_POINT ( 'NONE',  ( -3.646379325263698679, -8.698437487850450012, 8.445798752202820836 ) ) ;
#292 = CARTESIAN_POINT ( 'NONE',  ( -15.18999999999998884, 14.59451754584471317, 11.84730717252068821 ) ) ;
#293 = EDGE_LOOP ( 'NONE', ( #2489, #1328, #3624, #4023, #441 ) ) ;
#294 = VERTEX_POINT ( 'NONE', #2341 ) ;
#295 = EDGE_CURVE ( 'NONE', #2967, #2543, #2250, .T. ) ;
#296 = DIRECTION ( 'NONE',  ( -0.000000000000000000, 1.000000000000000000, -0.000000000000000000 ) ) ;
#297 = CARTESIAN_POINT ( 'NONE',  ( -0.02499999999999134512, 2.750000000000000888, 4.963813310975871751 ) ) ;
#298 = AXIS2_PLACEMENT_3D ( 'NONE', #3298, #2673, #521 ) ;
#299 = CARTESIAN_POINT ( 'NONE',  ( -0.02500000000000071609, 12.37930116124208801, 7.922346488719714586 ) ) ;
#300 = CARTESIAN_POINT ( 'NONE',  ( -16.66721162951827040, -8.351503099339767644, 17.39330971215995092 ) ) ;
#301 =( NAMED_UNIT ( * ) SI_UNIT ( $, .STERADIAN. ) SOLID_ANGLE_UNIT ( ) );
#302 =( BOUNDED_CURVE ( )  B_SPLINE_CURVE ( 3, ( #2465, #1224, #2593, #1354 ),
 .UNSPECIFIED., .F., .T. ) 
 B_SPLINE_CURVE_WITH_KNOTS ( ( 4, 4 ),
 ( 1.018027441683128531, 3.108253144328489981 ),
 .UNSPECIFIED. ) 
 CURVE ( )  GEOMETRIC_REPRESENTATION_ITEM ( )  RATIONAL_B_SPLINE_CURVE ( ( 1.000000000000000000, 0.6678695434995836067, 0.6678695434995836067, 1.000000000000000000 ) ) 
 REPRESENTATION_ITEM ( '' )  );
#303 = CARTESIAN_POINT ( 'NONE',  ( -4.715689954098496781E-15, 1.554434467874972192, 8.815635937446860027 ) ) ;
#304 = ORIENTED_EDGE ( 'NONE', *, *, #3103, .T. ) ;
#305 = ORIENTED_EDGE ( 'NONE', *, *, #1369, .T. ) ;
#306 = ORIENTED_EDGE ( 'NONE', *, *, #3688, .T. ) ;
#307 = CARTESIAN_POINT ( 'NONE',  ( -2.199999999999999734, 3.750000000000000000, 0.000000000000000000 ) ) ;
#308 = CARTESIAN_POINT ( 'NONE',  ( -4.699999999999999289, -8.127313716656423992, 9.313797053028469719 ) ) ;
#309 = DIRECTION ( 'NONE',  ( -0.4999999999999998335, 0.000000000000000000, 0.8660254037844388186 ) ) ;
#310 = VECTOR ( 'NONE', #618, 1000.000000000000000 ) ;
#311 = DIRECTION ( 'NONE',  ( 0.000000000000000000, 0.000000000000000000, -1.000000000000000000 ) ) ;
#312 = EDGE_CURVE ( 'NONE', #3896, #855, #761, .T. ) ;
#313 = DIRECTION ( 'NONE',  ( -0.4999999999999976130, -0.8528685319524454966, 0.1503837331804297739 ) ) ;
#314 = CARTESIAN_POINT ( 'NONE',  ( -4.076423975150151868, -9.479189361942346181, 9.672371964404380407 ) ) ;
#315 = VERTEX_POINT ( 'NONE', #2624 ) ;
#316 = ORIENTED_EDGE ( 'NONE', *, *, #2629, .T. ) ;
#317 = FACE_OUTER_BOUND ( 'NONE', #733, .T. ) ;
#318 = EDGE_CURVE ( 'NONE', #1427, #1756, #2930, .T. ) ;
#319 = ADVANCED_FACE ( 'NONE', ( #258 ), #162, .T. ) ;
#320 = AXIS2_PLACEMENT_3D ( 'NONE', #1467, #2674, #1146 ) ;
#321 = CARTESIAN_POINT ( 'NONE',  ( -1.562648137834737883, -10.40488770189220880, 3.225000000000007194 ) ) ;
#322 = DIRECTION ( 'NONE',  ( -0.4803844614152628090, 0.8320502943378429439, -0.2773500981126142961 ) ) ;
#323 = CARTESIAN_POINT ( 'NONE',  ( -0.5000000000000002220, -10.54563043130797517, 12.08795098915740063 ) ) ;
#324 = DIRECTION ( 'NONE',  ( 1.000000000000000000, 0.000000000000000000, 0.000000000000000000 ) ) ;
#325 = ORIENTED_EDGE ( 'NONE', *, *, #2985, .T. ) ;
#326 = ORIENTED_EDGE ( 'NONE', *, *, #288, .F. ) ;
#327 = ORIENTED_EDGE ( 'NONE', *, *, #1972, .T. ) ;
#328 = CARTESIAN_POINT ( 'NONE',  ( -15.57238272321260730, -8.425397626698027054, 17.39330971215995092 ) ) ;
#329 = CARTESIAN_POINT ( 'NONE',  ( -4.670031382612756410, -8.573624580330363898, 9.392493700077480412 ) ) ;
#330 = LINE ( 'NONE', #372, #2975 ) ;
#331 = LINE ( 'NONE', #3, #3633 ) ;
#332 = VECTOR ( 'NONE', #1400, 1000.000000000000227 ) ;
#333 = CARTESIAN_POINT ( 'NONE',  ( -2.699999999999998845, 2.542893218813452982, -5.499499999999998501 ) ) ;
#334 = DIRECTION ( 'NONE',  ( -1.000000000000000000, -1.031027462301852710E-15, 1.817979594551890555E-16 ) ) ;
#335 = ORIENTED_EDGE ( 'NONE', *, *, #635, .T. ) ;
#336 = ORIENTED_EDGE ( 'NONE', *, *, #3340, .F. ) ;
#337 = VECTOR ( 'NONE', #3561, 1000.000000000000000 ) ;
#338 = EDGE_CURVE ( 'NONE', #1947, #3100, #2950, .T. ) ;
#339 = B_SPLINE_CURVE_WITH_KNOTS ( 'NONE', 3,
 ( #2078, #172, #1488, #2368, #1713, #3609 ),
 .UNSPECIFIED., .F., .F.,
 ( 4, 2, 4 ),
 ( 0.000000000000000000, 0.0004687965430506616784, 0.0009375930861013233569 ),
 .UNSPECIFIED. ) ;
#340 = CARTESIAN_POINT ( 'NONE',  ( -16.87470748512143004, 2.250000000000001332, -5.499499999999999389 ) ) ;
#341 = DIRECTION ( 'NONE',  ( 8.095798021000292727E-17, -0.9848077530122094636, 0.1736481776669220045 ) ) ;
#342 = DIRECTION ( 'NONE',  ( -0.000000000000000000, 0.1736481776669235588, 0.9848077530122092416 ) ) ;
#343 = ADVANCED_FACE ( 'NONE', ( #880 ), #2118, .F. ) ;
#344 = CARTESIAN_POINT ( 'NONE',  ( -1.562648137834734774, 0.000000000000000000, 4.062500000000006217 ) ) ;
#345 = FACE_OUTER_BOUND ( 'NONE', #2762, .T. ) ;
#346 = ORIENTED_EDGE ( 'NONE', *, *, #1801, .T. ) ;
#347 = ORIENTED_EDGE ( 'NONE', *, *, #2308, .F. ) ;
#348 = EDGE_CURVE ( 'NONE', #1177, #855, #3883, .T. ) ;
#349 = VERTEX_POINT ( 'NONE', #3651 ) ;
#350 = DIRECTION ( 'NONE',  ( -0.5000000000000013323, 0.8660254037844378194, 0.000000000000000000 ) ) ;
#351 = FACE_OUTER_BOUND ( 'NONE', #3884, .T. ) ;
#352 = DIRECTION ( 'NONE',  ( 1.760504077399226339E-15, -0.1736481776669244192, -0.9848077530122092416 ) ) ;
#353 = DIRECTION ( 'NONE',  ( -0.000000000000000000, -0.000000000000000000, 1.000000000000000000 ) ) ;
#354 = CARTESIAN_POINT ( 'NONE',  ( -2.633012701892218033, -8.550961894323346968, 10.83994474078947690 ) ) ;
#355 = CARTESIAN_POINT ( 'NONE',  ( -16.87470748512142649, 0.000000000000000000, 1.550000000000000933 ) ) ;
#356 = ORIENTED_EDGE ( 'NONE', *, *, #2105, .F. ) ;
#357 = ORIENTED_EDGE ( 'NONE', *, *, #647, .F. ) ;
#358 = CARTESIAN_POINT ( 'NONE',  ( -1.200000000000006173, -10.59999999999999787, 2.596875000000006928 ) ) ;
#359 = ADVANCED_FACE ( 'NONE', ( #1795 ), #862, .F. ) ;
#360 = CARTESIAN_POINT ( 'NONE',  ( -16.68999999999998707, -8.789773039201593363, 9.430606505215028079 ) ) ;
#361 = DIRECTION ( 'NONE',  ( -0.000000000000000000, -0.000000000000000000, 1.000000000000000000 ) ) ;
#362 = LINE ( 'NONE', #1232, #536 ) ;
#363 = EDGE_CURVE ( 'NONE', #1672, #213, #3557, .T. ) ;
#364 = CIRCLE ( 'NONE', #3936, 0.8870000000000018980 ) ;
#365 = VERTEX_POINT ( 'NONE', #3539 ) ;
#366 = ORIENTED_EDGE ( 'NONE', *, *, #1428, .T. ) ;
#367 = VERTEX_POINT ( 'NONE', #561 ) ;
#368 = ADVANCED_FACE ( 'NONE', ( #754 ), #450, .F. ) ;
#369 = DIRECTION ( 'NONE',  ( 1.000000000000000000, 0.000000000000000000, -0.000000000000000000 ) ) ;
#370 = CARTESIAN_POINT ( 'NONE',  ( -28.92807245819994577, -9.176331943257538981, 11.21547288535252562 ) ) ;
#371 = CIRCLE ( 'NONE', #698, 0.7499999999999988898 ) ;
#372 = CARTESIAN_POINT ( 'NONE',  ( -1.562648137834736328, -10.59999999999999787, 3.643750000000006928 ) ) ;
#373 = PLANE ( 'NONE',  #2008 ) ;
#374 = DIRECTION ( 'NONE',  ( 0.000000000000000000, -0.9848077530122092416, 0.1736481776669241417 ) ) ;
#375 = DIRECTION ( 'NONE',  ( 0.000000000000000000, -0.9848077530122079093, 0.1736481776669313859 ) ) ;
#376 = ORIENTED_EDGE ( 'NONE', *, *, #12, .T. ) ;
#377 = EDGE_LOOP ( 'NONE', ( #107, #1413, #3859, #378 ) ) ;
#378 = ORIENTED_EDGE ( 'NONE', *, *, #288, .T. ) ;
#379 = VECTOR ( 'NONE', #525, 1000.000000000000114 ) ;
#380 = CARTESIAN_POINT ( 'NONE',  ( -30.99979317598215545, 13.11730591632642806, 12.10777943902106379 ) ) ;
#381 = DIRECTION ( 'NONE',  ( 0.000000000000000000, 0.1736481776669235588, 0.9848077530122093526 ) ) ;
#382 = VECTOR ( 'NONE', #2351, 1000.000000000000000 ) ;
#383 = DIRECTION ( 'NONE',  ( 0.000000000000000000, -0.9848077530122090195, 0.1736481776669251131 ) ) ;
#384 = VECTOR ( 'NONE', #1310, 999.9999999999998863 ) ;
#385 = LINE ( 'NONE', #3783, #68 ) ;
#386 = CARTESIAN_POINT ( 'NONE',  ( -0.8058153215959342752, -11.71576059245325219, 4.463042369812992405 ) ) ;
#387 = ORIENTED_EDGE ( 'NONE', *, *, #2973, .F. ) ;
#388 = ORIENTED_EDGE ( 'NONE', *, *, #3204, .T. ) ;
#389 = ORIENTED_EDGE ( 'NONE', *, *, #818, .T. ) ;
#390 = EDGE_CURVE ( 'NONE', #2094, #3222, #1988, .T. ) ;
#391 = CARTESIAN_POINT ( 'NONE',  ( -16.87470748512143004, -8.900827117692704959, 4.650000000000001243 ) ) ;
#392 = DIRECTION ( 'NONE',  ( 0.000000000000000000, -0.9848077530122093526, 0.1736481776669226706 ) ) ;
#393 = AXIS2_PLACEMENT_3D ( 'NONE', #2231, #1594, #3166 ) ;
#394 = EDGE_CURVE ( 'NONE', #3160, #1386, #546, .T. ) ;
#395 = DIRECTION ( 'NONE',  ( 0.000000000000000000, 0.1736481776669215049, 0.9848077530122095746 ) ) ;
#396 = FACE_OUTER_BOUND ( 'NONE', #1136, .T. ) ;
#397 = DIRECTION ( 'NONE',  ( -1.000000000000000000, 0.000000000000000000, 0.000000000000000000 ) ) ;
#398 = LINE ( 'NONE', #1630, #2597 ) ;
#399 = ORIENTED_EDGE ( 'NONE', *, *, #1976, .F. ) ;
#400 = ORIENTED_EDGE ( 'NONE', *, *, #295, .F. ) ;
#401 = VERTEX_POINT ( 'NONE', #3562 ) ;
#402 = ADVANCED_FACE ( 'NONE', ( #778 ), #2014, .F. ) ;
#403 = DIRECTION ( 'NONE',  ( -0.000000000000000000, -1.000000000000000000, -1.148823494024375695E-16 ) ) ;
#404 = LINE ( 'NONE', #1340, #2938 ) ;
#405 = AXIS2_PLACEMENT_3D ( 'NONE', #243, #568, #1740 ) ;
#406 = CARTESIAN_POINT ( 'NONE',  ( -15.18999999999999950, 13.85528540077045179, 13.41368383082762072 ) ) ;
#407 = CARTESIAN_POINT ( 'NONE',  ( -1.200000000000001510, -7.197900932261644513, 7.197900932261644513 ) ) ;
#408 = CARTESIAN_POINT ( 'NONE',  ( -1.200000000000009059, -10.59999999999999787, 1.759375000000007461 ) ) ;
#409 = AXIS2_PLACEMENT_3D ( 'NONE', #1194, #2435, #4022 ) ;
#410 = EDGE_LOOP ( 'NONE', ( #955, #2140, #606, #456 ) ) ;
#411 = ORIENTED_EDGE ( 'NONE', *, *, #1506, .F. ) ;
#412 = VECTOR ( 'NONE', #3300, 1000.000000000000000 ) ;
#413 = ORIENTED_EDGE ( 'NONE', *, *, #3098, .F. ) ;
#414 = CARTESIAN_POINT ( 'NONE',  ( -1.562648137834741879, 0.000000000000000000, 1.968750000000007772 ) ) ;
#415 = CARTESIAN_POINT ( 'NONE',  ( -1.983311178642017225, -10.59999999999999254, 10.75188613959395845 ) ) ;
#416 = EDGE_CURVE ( 'NONE', #715, #1448, #3024, .T. ) ;
#417 = VECTOR ( 'NONE', #616, 1000.000000000000000 ) ;
#418 = CARTESIAN_POINT ( 'NONE',  ( -15.68999999999999595, 13.37777818282679831, 13.58499106853935245 ) ) ;
#419 = CARTESIAN_POINT ( 'NONE',  ( -2.199999999999999734, 3.750000000000000444, -4.999500000000000277 ) ) ;
#420 = DIRECTION ( 'NONE',  ( 1.000000000000000000, -0.000000000000000000, -0.000000000000000000 ) ) ;
#421 = EDGE_CURVE ( 'NONE', #3020, #2933, #3978, .T. ) ;
#422 = ORIENTED_EDGE ( 'NONE', *, *, #2379, .F. ) ;
#423 = ORIENTED_EDGE ( 'NONE', *, *, #822, .F. ) ;
#424 = ORIENTED_EDGE ( 'NONE', *, *, #617, .T. ) ;
#425 = FACE_OUTER_BOUND ( 'NONE', #792, .T. ) ;
#426 = CARTESIAN_POINT ( 'NONE',  ( -1.949999999999999512, -10.59999999999999609, 0.000000000000000000 ) ) ;
#427 = EDGE_CURVE ( 'NONE', #315, #3629, #39, .T. ) ;
#428 = CARTESIAN_POINT ( 'NONE',  ( -1.270364564057492318, -10.59999999999999787, 4.650000000000001243 ) ) ;
#429 = ORIENTED_EDGE ( 'NONE', *, *, #363, .T. ) ;
#430 = EDGE_LOOP ( 'NONE', ( #2369, #3575, #1295, #1225 ) ) ;
#431 = ORIENTED_EDGE ( 'NONE', *, *, #2662, .F. ) ;
#432 =( GEOMETRIC_REPRESENTATION_CONTEXT ( 3 ) GLOBAL_UNCERTAINTY_ASSIGNED_CONTEXT ( ( #1116 ) ) GLOBAL_UNIT_ASSIGNED_CONTEXT ( ( #774, #1739, #2031 ) ) REPRESENTATION_CONTEXT ( 'NONE', 'WORKASPACE' ) );
#433 = CIRCLE ( 'NONE', #239, 1.499999999999999556 ) ;
#434 = CARTESIAN_POINT ( 'NONE',  ( -2.199999999999999289, 4.923648177666921200, 7.713839350694917663 ) ) ;
#435 = AXIS2_PLACEMENT_3D ( 'NONE', #3758, #2230, #2210 ) ;
#436 = DIRECTION ( 'NONE',  ( 1.031027462301852710E-15, -1.000000000000000000, 0.000000000000000000 ) ) ;
#437 = CARTESIAN_POINT ( 'NONE',  ( -17.14800787051146358, 2.250000000000000888, -6.499500000000000277 ) ) ;
#438 = DIRECTION ( 'NONE',  ( -0.8660254037844379305, 0.000000000000000000, 0.5000000000000014433 ) ) ;
#439 = ORIENTED_EDGE ( 'NONE', *, *, #1087, .T. ) ;
#440 = ORIENTED_EDGE ( 'NONE', *, *, #2085, .T. ) ;
#441 = ORIENTED_EDGE ( 'NONE', *, *, #175, .F. ) ;
#442 = CARTESIAN_POINT ( 'NONE',  ( -2.199999999999999734, 3.750000000000000444, -4.999500000000000277 ) ) ;
#443 = EDGE_CURVE ( 'NONE', #594, #2680, #900, .T. ) ;
#444 = DIRECTION ( 'NONE',  ( 0.000000000000000000, 0.000000000000000000, 1.000000000000000000 ) ) ;
#445 = AXIS2_PLACEMENT_3D ( 'NONE', #1650, #679, #374 ) ;
#446 = DIRECTION ( 'NONE',  ( 0.000000000000000000, 0.9848077530122095746, -0.1736481776669218380 ) ) ;
#447 = ADVANCED_FACE ( 'NONE', ( #3772 ), #1871, .T. ) ;
#448 = CIRCLE ( 'NONE', #3757, 1.386999999999998678 ) ;
#449 = CARTESIAN_POINT ( 'NONE',  ( -0.5000000000000002220, -9.530203819422258249, 12.08795098915740063 ) ) ;
#450 = PLANE ( 'NONE',  #3548 ) ;
#451 = AXIS2_PLACEMENT_3D ( 'NONE', #1007, #702, #438 ) ;
#452 = VECTOR ( 'NONE', #2327, 1000.000000000000000 ) ;
#453 = ORIENTED_EDGE ( 'NONE', *, *, #12, .F. ) ;
#454 = ORIENTED_EDGE ( 'NONE', *, *, #3606, .F. ) ;
#455 = VERTEX_POINT ( 'NONE', #3446 ) ;
#456 = ORIENTED_EDGE ( 'NONE', *, *, #421, .F. ) ;
#457 = EDGE_CURVE ( 'NONE', #117, #746, #1545, .T. ) ;
#458 = VECTOR ( 'NONE', #2982, 1000.000000000000000 ) ;
#459 = DIRECTION ( 'NONE',  ( 1.000000000000000000, -0.000000000000000000, -0.000000000000000000 ) ) ;
#460 = CARTESIAN_POINT ( 'NONE',  ( -30.99979317598215545, 5.816749334850371156, 7.556361520181530622 ) ) ;
#461 = CARTESIAN_POINT ( 'NONE',  ( -30.99979317598215545, -4.483009823111577141, 9.686634562581376784 ) ) ;
#462 = DIRECTION ( 'NONE',  ( 0.000000000000000000, -0.9848077530122093526, 0.1736481776669230870 ) ) ;
#463 = PLANE ( 'NONE',  #123 ) ;
#464 = ORIENTED_EDGE ( 'NONE', *, *, #3746, .T. ) ;
#465 = VERTEX_POINT ( 'NONE', #4011 ) ;
#466 = DIRECTION ( 'NONE',  ( -1.000000000000000000, -1.031027462301852710E-15, 1.817979594551890555E-16 ) ) ;
#467 = DIRECTION ( 'NONE',  ( -0.6666068814329914050, 0.6294120143945872714, -0.3993441895933002028 ) ) ;
#468 = EDGE_CURVE ( 'NONE', #1884, #673, #2813, .T. ) ;
#469 = AXIS2_PLACEMENT_3D ( 'NONE', #2093, #3569, #784 ) ;
#470 = DIRECTION ( 'NONE',  ( -0.000000000000000000, -0.1736481776669215049, -0.9848077530122095746 ) ) ;
#471 = CARTESIAN_POINT ( 'NONE',  ( -0.02500000000000071609, -3.047900561033107358, 9.119438471360195919 ) ) ;
#472 = CARTESIAN_POINT ( 'NONE',  ( -0.02500000000000071609, 5.643101157183453509, 6.571553767169316274 ) ) ;
#473 = VECTOR ( 'NONE', #1438, 1000.000000000000000 ) ;
#474 = EDGE_CURVE ( 'NONE', #2225, #1945, #966, .T. ) ;
#475 = VERTEX_POINT ( 'NONE', #2488 ) ;
#476 = ORIENTED_EDGE ( 'NONE', *, *, #1369, .F. ) ;
#477 = VECTOR ( 'NONE', #1623, 1000.000000000000000 ) ;
#478 = AXIS2_PLACEMENT_3D ( 'NONE', #3784, #689, #1920 ) ;
#479 = CARTESIAN_POINT ( 'NONE',  ( -16.68999999999996930, -8.177080781372387364, 17.38569426929322148 ) ) ;
#480 = LINE ( 'NONE', #3352, #1494 ) ;
#481 = EDGE_CURVE ( 'NONE', #817, #1946, #30, .T. ) ;
#482 = PLANE ( 'NONE',  #3613 ) ;
#483 = DIRECTION ( 'NONE',  ( -0.000000000000000000, -0.1736481776669206167, -0.9848077530122096857 ) ) ;
#484 = ORIENTED_EDGE ( 'NONE', *, *, #1577, .T. ) ;
#485 = ORIENTED_EDGE ( 'NONE', *, *, #2340, .T. ) ;
#486 = DIRECTION ( 'NONE',  ( 0.8660254037844395958, 0.000000000000000000, 0.4999999999999982792 ) ) ;
#487 = CARTESIAN_POINT ( 'NONE',  ( -15.95156995891428764, -9.696469493326700828, 16.90378197866035492 ) ) ;
#488 = ORIENTED_EDGE ( 'NONE', *, *, #815, .T. ) ;
#489 = SURFACE_STYLE_FILL_AREA ( #3269 ) ;
#490 =( BOUNDED_CURVE ( )  B_SPLINE_CURVE ( 3, ( #1229, #4017, #2469, #2185 ),
 .UNSPECIFIED., .F., .T. ) 
 B_SPLINE_CURVE_WITH_KNOTS ( ( 4, 4 ),
 ( 4.712388980384689674, 7.068583470577037176 ),
 .UNSPECIFIED. ) 
 CURVE ( )  GEOMETRIC_REPRESENTATION_ITEM ( )  RATIONAL_B_SPLINE_CURVE ( ( 1.000000000000000000, 0.5884556215767255960, 0.5884556215767255960, 1.000000000000000000 ) ) 
 REPRESENTATION_ITEM ( '' )  );
#491 = FACE_OUTER_BOUND ( 'NONE', #1686, .T. ) ;
#492 = ORIENTED_EDGE ( 'NONE', *, *, #3549, .F. ) ;
#493 = ORIENTED_EDGE ( 'NONE', *, *, #1531, .F. ) ;
#494 = ORIENTED_EDGE ( 'NONE', *, *, #3155, .T. ) ;
#495 = ADVANCED_FACE ( 'NONE', ( #987 ), #1857, .F. ) ;
#496 = DIRECTION ( 'NONE',  ( 1.000000000000000000, 0.000000000000000000, 0.000000000000000000 ) ) ;
#497 = LINE ( 'NONE', #1726, #2213 ) ;
#498 = ORIENTED_EDGE ( 'NONE', *, *, #1904, .F. ) ;
#499 = ADVANCED_FACE ( 'NONE', ( #3120 ), #640, .F. ) ;
#500 = EDGE_CURVE ( 'NONE', #145, #3707, #2834, .T. ) ;
#501 = CARTESIAN_POINT ( 'NONE',  ( -1.449999999999999512, -10.59999999999999609, 0.000000000000000000 ) ) ;
#502 = CARTESIAN_POINT ( 'NONE',  ( -3.699999999999999289, 2.250000000000000444, 7.169849049453848266 ) ) ;
#503 = ORIENTED_EDGE ( 'NONE', *, *, #2614, .T. ) ;
#504 = VERTEX_POINT ( 'NONE', #2532 ) ;
#505 = LINE ( 'NONE', #2962, #382 ) ;
#506 = CARTESIAN_POINT ( 'NONE',  ( -0.02499999999999135900, 4.999999999999998224, 4.963813310975872639 ) ) ;
#507 = ORIENTED_EDGE ( 'NONE', *, *, #318, .T. ) ;
#508 = CARTESIAN_POINT ( 'NONE',  ( -16.68999999999998352, 12.77000956099265139, 10.13816393299717511 ) ) ;
#509 = LINE ( 'NONE', #1550, #2217 ) ;
#510 = VERTEX_POINT ( 'NONE', #1911 ) ;
#511 = VERTEX_POINT ( 'NONE', #292 ) ;
#512 = VERTEX_POINT ( 'NONE', #3469 ) ;
#513 =( BOUNDED_CURVE ( )  B_SPLINE_CURVE ( 3, ( #1133, #530, #3046, #3330 ),
 .UNSPECIFIED., .F., .T. ) 
 B_SPLINE_CURVE_WITH_KNOTS ( ( 4, 4 ),
 ( 1.570796326794900333, 1.605070660930941084 ),
 .UNSPECIFIED. ) 
 CURVE ( )  GEOMETRIC_REPRESENTATION_ITEM ( )  RATIONAL_B_SPLINE_CURVE ( ( 1.000000000000000000, 0.9999021082307543162, 0.9999021082307543162, 1.000000000000000000 ) ) 
 REPRESENTATION_ITEM ( '' )  );
#514 = AXIS2_PLACEMENT_3D ( 'NONE', #2207, #2227, #2515 ) ;
#515 = CARTESIAN_POINT ( 'NONE',  ( -1.200000000000001954, -10.59999999999999787, 3.853125000000005684 ) ) ;
#516 = ORIENTED_EDGE ( 'NONE', *, *, #226, .T. ) ;
#517 = EDGE_CURVE ( 'NONE', #2167, #2680, #302, .T. ) ;
#518 = ORIENTED_EDGE ( 'NONE', *, *, #2502, .F. ) ;
#519 = TOROIDAL_SURFACE ( 'NONE', #3690, 1.999999999999997335, 1.000000000000000000 ) ;
#520 = CIRCLE ( 'NONE', #1034, 1.000000000000000222 ) ;
#521 = DIRECTION ( 'NONE',  ( 0.000000000000000000, -1.000000000000000000, 0.000000000000000000 ) ) ;
#522 = CYLINDRICAL_SURFACE ( 'NONE', #924, 0.3500000000000004774 ) ;
#523 = ORIENTED_EDGE ( 'NONE', *, *, #3919, .F. ) ;
#524 = ADVANCED_FACE ( 'NONE', ( #2771 ), #3220, .F. ) ;
#525 = DIRECTION ( 'NONE',  ( 0.000000000000000000, 0.1736481776669235588, 0.9848077530122092416 ) ) ;
#526 = CARTESIAN_POINT ( 'NONE',  ( -0.02499999999999991812, 12.29247707240864607, 7.429942612213608299 ) ) ;
#527 = EDGE_LOOP ( 'NONE', ( #1913, #203, #1992, #106, #1102 ) ) ;
#528 = EDGE_CURVE ( 'NONE', #3448, #1248, #3262, .T. ) ;
#529 = DIRECTION ( 'NONE',  ( 0.000000000000000000, 0.000000000000000000, 1.000000000000000000 ) ) ;
#530 = CARTESIAN_POINT ( 'NONE',  ( -0.5000000000000001110, -8.420721177933724988, 11.08223832051217173 ) ) ;
#531 = CARTESIAN_POINT ( 'NONE',  ( -30.99979317598215545, -3.047900561033110911, 9.119438471360195919 ) ) ;
#532 = AXIS2_PLACEMENT_3D ( 'NONE', #79, #946, #972 ) ;
#533 = LINE ( 'NONE', #227, #2029 ) ;
#534 = FACE_OUTER_BOUND ( 'NONE', #1432, .T. ) ;
#535 = VERTEX_POINT ( 'NONE', #2553 ) ;
#536 = VECTOR ( 'NONE', #3457, 1000.000000000000000 ) ;
#537 = ORIENTED_EDGE ( 'NONE', *, *, #3586, .T. ) ;
#538 = APPLICATION_CONTEXT ( 'automotive_design' ) ;
#539 = CARTESIAN_POINT ( 'NONE',  ( -17.14800787051146358, -7.206002401616428799, -6.027910825094059177 ) ) ;
#540 = CARTESIAN_POINT ( 'NONE',  ( -3.699999999999999734, 3.128679656440357171, 6.911624164737062870 ) ) ;
#541 = ORIENTED_EDGE ( 'NONE', *, *, #1460, .T. ) ;
#542 = AXIS2_PLACEMENT_3D ( 'NONE', #1426, #1158, #553 ) ;
#543 = DIRECTION ( 'NONE',  ( 1.000000000000000000, 0.000000000000000000, -0.000000000000000000 ) ) ;
#544 = LINE ( 'NONE', #1754, #1679 ) ;
#545 = ADVANCED_FACE ( 'NONE', ( #2242 ), #463, .F. ) ;
#546 = LINE ( 'NONE', #3324, #1786 ) ;
#547 = EDGE_LOOP ( 'NONE', ( #912, #3173, #2604, #3191, #1068, #2095, #43, #989, #1021, #229, #2961 ) ) ;
#548 = CARTESIAN_POINT ( 'NONE',  ( -1.562648137834734774, -10.59999999999999787, 4.062500000000006217 ) ) ;
#549 = CARTESIAN_POINT ( 'NONE',  ( -28.92807245819994577, 12.29247707240864962, 7.429942612213607411 ) ) ;
#550 = EDGE_CURVE ( 'NONE', #2574, #944, #1975, .T. ) ;
#551 = CARTESIAN_POINT ( 'NONE',  ( -1.449999999999999067, -10.59999999999999609, 4.900000000000005684 ) ) ;
#552 = CARTESIAN_POINT ( 'NONE',  ( -1.449999999999999512, -10.59999999999999609, 0.000000000000000000 ) ) ;
#553 = DIRECTION ( 'NONE',  ( -0.5000000000000013323, 0.8660254037844378194, 0.000000000000000000 ) ) ;
#554 = ORIENTED_EDGE ( 'NONE', *, *, #3972, .T. ) ;
#555 = ORIENTED_EDGE ( 'NONE', *, *, #1607, .F. ) ;
#556 = LINE ( 'NONE', #615, #3876 ) ;
#557 = CARTESIAN_POINT ( 'NONE',  ( -4.700000000000002842, -4.483009823111577141, 9.686634562581376784 ) ) ;
#558 = CARTESIAN_POINT ( 'NONE',  ( -1.449999999999999734, -10.59999999999999609, 1.903712567297407787 ) ) ;
#559 = DIRECTION ( 'NONE',  ( -0.8660254037844379305, 0.000000000000000000, 0.5000000000000014433 ) ) ;
#560 = AXIS2_PLACEMENT_3D ( 'NONE', #1268, #334, #661 ) ;
#561 = CARTESIAN_POINT ( 'NONE',  ( -3.699999999999998401, -8.300961894323346968, 8.328989300016260700 ) ) ;
#562 = PRESENTATION_LAYER_ASSIGNMENT (  '', '', ( #3223 ) ) ;
#563 = AXIS2_PLACEMENT_3D ( 'NONE', #1487, #2112, #2421 ) ;
#564 = VERTEX_POINT ( 'NONE', #114 ) ;
#565 = ADVANCED_FACE ( 'NONE', ( #72 ), #1651, .F. ) ;
#566 = DIRECTION ( 'NONE',  ( -0.6844815048078809472, 0.000000000000000000, -0.7290302254200019538 ) ) ;
#567 = AXIS2_PLACEMENT_3D ( 'NONE', #2101, #3668, #1055 ) ;
#568 = DIRECTION ( 'NONE',  ( -0.000000000000000000, -0.1736481776669215049, -0.9848077530122095746 ) ) ;
#569 = DIRECTION ( 'NONE',  ( 1.000000000000000000, -0.000000000000000000, -0.000000000000000000 ) ) ;
#570 = AXIS2_PLACEMENT_3D ( 'NONE', #3673, #3332, #3370 ) ;
#571 = ADVANCED_FACE ( 'NONE', ( #1394 ), #3872, .F. ) ;
#572 = CARTESIAN_POINT ( 'NONE',  ( 0.000000000000000000, 0.000000000000000000, 0.000000000000000000 ) ) ;
#573 = DIRECTION ( 'NONE',  ( 0.6104124877388408255, -0.5467532281777067737, -0.5731121201734754589 ) ) ;
#574 = EDGE_LOOP ( 'NONE', ( #249, #541, #3491, #2025, #2814 ) ) ;
#575 = EDGE_CURVE ( 'NONE', #643, #724, #1156, .T. ) ;
#576 = VECTOR ( 'NONE', #3680, 1000.000000000000000 ) ;
#577 = ORIENTED_EDGE ( 'NONE', *, *, #3989, .T. ) ;
#578 = AXIS2_PLACEMENT_3D ( 'NONE', #2774, #3328, #529 ) ;
#579 = DIRECTION ( 'NONE',  ( 0.6104124877388411585, -0.5467532281777065517, -0.5731121201734751258 ) ) ;
#580 = CARTESIAN_POINT ( 'NONE',  ( -1.200000000000007727, -10.59999999999999787, 2.178125000000007194 ) ) ;
#581 = CARTESIAN_POINT ( 'NONE',  ( -16.87470748512143004, -10.59999999999999787, 10.45107736344326810 ) ) ;
#582 = DIRECTION ( 'NONE',  ( -0.8660254037844400399, 0.4924038765061022338, -0.08682408883346136308 ) ) ;
#583 = AXIS2_PLACEMENT_3D ( 'NONE', #602, #898, #1565 ) ;
#584 = LINE ( 'NONE', #5, #1380 ) ;
#585 = CARTESIAN_POINT ( 'NONE',  ( -1.246439964954092039, -9.013812820466073461, 4.663812873732602782 ) ) ;
#586 = ORIENTED_EDGE ( 'NONE', *, *, #1649, .F. ) ;
#587 = LINE ( 'NONE', #548, #1097 ) ;
#588 = LINE ( 'NONE', #3959, #473 ) ;
#589 = VECTOR ( 'NONE', #322, 1000.000000000000114 ) ;
#590 = FACE_OUTER_BOUND ( 'NONE', #2792, .T. ) ;
#591 =( LENGTH_UNIT ( ) NAMED_UNIT ( * ) SI_UNIT ( .MILLI., .METRE. ) );
#592 = EDGE_CURVE ( 'NONE', #3089, #3284, #787, .T. ) ;
#593 = LINE ( 'NONE', #2107, #271 ) ;
#594 = VERTEX_POINT ( 'NONE', #1086 ) ;
#595 = ORIENTED_EDGE ( 'NONE', *, *, #1927, .F. ) ;
#596 = EDGE_CURVE ( 'NONE', #1737, #2523, #520, .T. ) ;
#597 = LINE ( 'NONE', #1519, #2576 ) ;
#598 = CARTESIAN_POINT ( 'NONE',  ( -10.22572142074251467, -4.656658000778489459, 8.701826809569254806 ) ) ;
#599 = VECTOR ( 'NONE', #751, 1000.000000000000000 ) ;
#600 = LINE ( 'NONE', #1830, #2123 ) ;
#601 = VECTOR ( 'NONE', #4001, 1000.000000000000000 ) ;
#602 = CARTESIAN_POINT ( 'NONE',  ( -30.99979317598215545, -9.828714728858045646, 16.15378197866036203 ) ) ;
#603 = CARTESIAN_POINT ( 'NONE',  ( -15.18999999999999595, -10.56671948394236793, 11.96834902835900749 ) ) ;
#604 = DIRECTION ( 'NONE',  ( -0.000000000000000000, 0.000000000000000000, -1.000000000000000000 ) ) ;
#605 = ORIENTED_EDGE ( 'NONE', *, *, #3533, .T. ) ;
#606 = ORIENTED_EDGE ( 'NONE', *, *, #3721, .F. ) ;
#607 = CARTESIAN_POINT ( 'NONE',  ( -15.68999999999999595, -8.091030832839361864, 17.37052134167826623 ) ) ;
#608 = CARTESIAN_POINT ( 'NONE',  ( -15.18999999999998707, -8.698799454673483922, 13.92369420613610309 ) ) ;
#609 = DIRECTION ( 'NONE',  ( 1.000000000000000000, -0.000000000000000000, -0.000000000000000000 ) ) ;
#610 = CARTESIAN_POINT ( 'NONE',  ( -16.87470748512143004, -8.355948655222587007, 11.07081717714964775 ) ) ;
#611 = ORIENTED_EDGE ( 'NONE', *, *, #2449, .T. ) ;
#612 = ORIENTED_EDGE ( 'NONE', *, *, #998, .T. ) ;
#613 = ORIENTED_EDGE ( 'NONE', *, *, #3533, .F. ) ;
#614 = EDGE_CURVE ( 'NONE', #3268, #715, #2573, .T. ) ;
#615 = CARTESIAN_POINT ( 'NONE',  ( -30.99979317598215545, 13.73658701805917204, 6.981741367795244457 ) ) ;
#616 = DIRECTION ( 'NONE',  ( 0.000000000000000000, 1.749329683417239021E-16, -1.000000000000000000 ) ) ;
#617 = EDGE_CURVE ( 'NONE', #1741, #1037, #3573, .T. ) ;
#618 = DIRECTION ( 'NONE',  ( 8.220688754975634355E-17, -1.000000000000000000, 0.000000000000000000 ) ) ;
#619 = CYLINDRICAL_SURFACE ( 'NONE', #3432, 1.499999999999999556 ) ;
#620 = CARTESIAN_POINT ( 'NONE',  ( -2.696967258605448503, -8.355948655222608323, 11.07081717714965130 ) ) ;
#621 = CARTESIAN_POINT ( 'NONE',  ( -3.663846190376061518, -8.732243683353578589, 9.386211353176157957 ) ) ;
#622 = ORIENTED_EDGE ( 'NONE', *, *, #120, .F. ) ;
#623 = EDGE_LOOP ( 'NONE', ( #20, #2648, #1535, #586, #2514, #2459, #2322, #507 ) ) ;
#624 = CARTESIAN_POINT ( 'NONE',  ( -2.199999999999999734, 4.923648177666922976, 7.713839350694916774 ) ) ;
#625 = CARTESIAN_POINT ( 'NONE',  ( -3.699999999999998401, -4.483009823111577141, 9.686634562581376784 ) ) ;
#626 = AXIS2_PLACEMENT_3D ( 'NONE', #3626, #3931, #2077 ) ;
#627 = DIRECTION ( 'NONE',  ( 0.4803844614152624759, -0.8320502943378424998, -0.2773500981126162945 ) ) ;
#628 = DIRECTION ( 'NONE',  ( 0.4803844614152624759, -0.8320502943378424998, -0.2773500981126162945 ) ) ;
#629 = LINE ( 'NONE', #2456, #1960 ) ;
#630 = ORIENTED_EDGE ( 'NONE', *, *, #1231, .T. ) ;
#631 = ORIENTED_EDGE ( 'NONE', *, *, #2629, .F. ) ;
#632 = VERTEX_POINT ( 'NONE', #3181 ) ;
#633 = LINE ( 'NONE', #1864, #3087 ) ;
#634 = CARTESIAN_POINT ( 'NONE',  ( -11.20000000000000107, -3.906142637184034427, 11.80933623507915620 ) ) ;
#635 = EDGE_CURVE ( 'NONE', #32, #1447, #398, .T. ) ;
#636 = DIRECTION ( 'NONE',  ( -0.8490679783918487766, 0.5202577906995553558, -0.09173548542410737971 ) ) ;
#637 = LINE ( 'NONE', #983, #3368 ) ;
#638 = VECTOR ( 'NONE', #3404, 1000.000000000000000 ) ;
#639 = DIRECTION ( 'NONE',  ( 0.000000000000000000, -0.9848077530122094636, 0.1736481776669223653 ) ) ;
#640 = PLANE ( 'NONE',  #2391 ) ;
#641 = VECTOR ( 'NONE', #700, 1000.000000000000000 ) ;
#642 = EDGE_CURVE ( 'NONE', #3254, #2870, #3114, .T. ) ;
#643 = VERTEX_POINT ( 'NONE', #3856 ) ;
#644 = EDGE_LOOP ( 'NONE', ( #842, #872, #1431, #2617, #1303 ) ) ;
#645 = LINE ( 'NONE', #1636, #1288 ) ;
#646 = CARTESIAN_POINT ( 'NONE',  ( -9.251442841485026491, -6.318521083986579967, 8.994858109382185773 ) ) ;
#647 = EDGE_CURVE ( 'NONE', #3225, #3786, #94, .T. ) ;
#648 = CARTESIAN_POINT ( 'NONE',  ( -3.699999999999997957, -8.719666093969351550, -5.230035331914765884 ) ) ;
#649 = LINE ( 'NONE', #407, #3552 ) ;
#650 = CARTESIAN_POINT ( 'NONE',  ( -1.200000000000007727, -10.59999999999999787, 2.178125000000007194 ) ) ;
#651 = VERTEX_POINT ( 'NONE', #1694 ) ;
#652 = EDGE_LOOP ( 'NONE', ( #3531, #3584, #1417, #3751 ) ) ;
#653 = VERTEX_POINT ( 'NONE', #2304 ) ;
#654 = CARTESIAN_POINT ( 'NONE',  ( -3.664466094067261537, 4.923648177666921200, 7.713839350694918551 ) ) ;
#655 = CARTESIAN_POINT ( 'NONE',  ( -1.200000000000004619, -10.59999999999999787, 3.015625000000006661 ) ) ;
#656 = CARTESIAN_POINT ( 'NONE',  ( -1.200000000000000622, 0.000000000000000000, 4.271875000000005862 ) ) ;
#657 = ADVANCED_FACE ( 'NONE', ( #3547 ), #765, .T. ) ;
#658 = CARTESIAN_POINT ( 'NONE',  ( -0.02499999999999750339, -10.45757721428065601, 12.58732559804335516 ) ) ;
#659 = VECTOR ( 'NONE', #2537, 1000.000000000000000 ) ;
#660 = LINE ( 'NONE', #1586, #1762 ) ;
#661 = DIRECTION ( 'NONE',  ( 1.029992063861248539E-15, -1.000000000000000000, 0.000000000000000000 ) ) ;
#662 = ORIENTED_EDGE ( 'NONE', *, *, #2017, .T. ) ;
#663 = ORIENTED_EDGE ( 'NONE', *, *, #3146, .F. ) ;
#664 = VECTOR ( 'NONE', #3889, 1000.000000000000114 ) ;
#665 = VECTOR ( 'NONE', #628, 1000.000000000000114 ) ;
#666 = DIRECTION ( 'NONE',  ( 1.000000000000000000, 0.000000000000000000, 0.000000000000000000 ) ) ;
#667 = EDGE_CURVE ( 'NONE', #976, #475, #339, .T. ) ;
#668 = DIRECTION ( 'NONE',  ( 1.000000000000000000, 0.000000000000000000, 0.000000000000000000 ) ) ;
#669 = FACE_OUTER_BOUND ( 'NONE', #644, .T. ) ;
#670 = DIRECTION ( 'NONE',  ( 0.000000000000000000, -0.8846265015520632380, 0.4663002817410230039 ) ) ;
#671 = EDGE_CURVE ( 'NONE', #1109, #643, #4018, .T. ) ;
#672 = ORIENTED_EDGE ( 'NONE', *, *, #3625, .T. ) ;
#673 = VERTEX_POINT ( 'NONE', #2695 ) ;
#674 = ORIENTED_EDGE ( 'NONE', *, *, #1531, .T. ) ;
#675 = LINE ( 'NONE', #3809, #3458 ) ;
#676 = CARTESIAN_POINT ( 'NONE',  ( -0.02499999999999981751, 2.250000000000000888, -6.499500000000000277 ) ) ;
#677 = CARTESIAN_POINT ( 'NONE',  ( -1.562648137834738993, 0.000000000000000000, 2.806250000000007017 ) ) ;
#678 = DIRECTION ( 'NONE',  ( 0.000000000000000000, 0.1736481776669215049, 0.9848077530122095746 ) ) ;
#679 = DIRECTION ( 'NONE',  ( 0.000000000000000000, 0.1736481776669235588, 0.9848077530122093526 ) ) ;
#680 = CARTESIAN_POINT ( 'NONE',  ( -3.916326553527165633, -9.582976101474736552, 9.738221726469948436 ) ) ;
#681 = ORIENTED_EDGE ( 'NONE', *, *, #3631, .T. ) ;
#682 = ORIENTED_EDGE ( 'NONE', *, *, #961, .T. ) ;
#683 = ORIENTED_EDGE ( 'NONE', *, *, #500, .F. ) ;
#684 = DIRECTION ( 'NONE',  ( 0.000000000000000000, -1.000000000000000000, 0.000000000000000000 ) ) ;
#685 = CARTESIAN_POINT ( 'NONE',  ( -3.699999999999999289, -8.127313716656423992, 9.313797053028467943 ) ) ;
#686 = ADVANCED_FACE ( 'NONE', ( #2959 ), #522, .F. ) ;
#687 = DIRECTION ( 'NONE',  ( 1.000000000000000000, 0.000000000000000000, -0.000000000000000000 ) ) ;
#688 = DIRECTION ( 'NONE',  ( 0.000000000000000000, 0.9848077530122096857, -0.1736481776669211996 ) ) ;
#689 = DIRECTION ( 'NONE',  ( -0.000000000000000000, -0.1736481776669215049, -0.9848077530122095746 ) ) ;
#690 = EDGE_CURVE ( 'NONE', #2523, #923, #723, .T. ) ;
#691 = CIRCLE ( 'NONE', #2901, 2.190625000000008704 ) ;
#692 = ORIENTED_EDGE ( 'NONE', *, *, #2085, .F. ) ;
#693 = ORIENTED_EDGE ( 'NONE', *, *, #3832, .T. ) ;
#694 = ORIENTED_EDGE ( 'NONE', *, *, #2723, .F. ) ;
#695 = CARTESIAN_POINT ( 'NONE',  ( -0.02499999999999012387, 4.750000000000000888, 7.729031597682705090 ) ) ;
#696 = CARTESIAN_POINT ( 'NONE',  ( -4.699999999999995737, -4.830306178445420429, 7.717019056556959633 ) ) ;
#697 = ADVANCED_FACE ( 'NONE', ( #3970 ), #2976, .F. ) ;
#698 = AXIS2_PLACEMENT_3D ( 'NONE', #2686, #3960, #3618 ) ;
#699 = CARTESIAN_POINT ( 'NONE',  ( -2.699999999999999289, -8.300961894323346968, 0.000000000000000000 ) ) ;
#700 = DIRECTION ( 'NONE',  ( 0.000000000000000000, 0.000000000000000000, 1.000000000000000000 ) ) ;
#701 = DIRECTION ( 'NONE',  ( 1.000000000000000000, -0.000000000000000000, -0.000000000000000000 ) ) ;
#702 = DIRECTION ( 'NONE',  ( -0.5000000000000014433, 0.000000000000000000, -0.8660254037844379305 ) ) ;
#703 = ORIENTED_EDGE ( 'NONE', *, *, #2362, .F. ) ;
#704 = ORIENTED_EDGE ( 'NONE', *, *, #2075, .T. ) ;
#705 = ORIENTED_EDGE ( 'NONE', *, *, #421, .T. ) ;
#706 = VECTOR ( 'NONE', #1004, 999.9999999999998863 ) ;
#707 = CARTESIAN_POINT ( 'NONE',  ( -2.700000000000001066, 3.749999999999987121, 8.936211802162642215 ) ) ;
#708 = CARTESIAN_POINT ( 'NONE',  ( -3.688796614513781602, -8.544084639011016336, 9.387285011414332914 ) ) ;
#709 = VECTOR ( 'NONE', #813, 1000.000000000000000 ) ;
#710 = CARTESIAN_POINT ( 'NONE',  ( -2.580308370582907962, -8.642248473930015606, 10.48134101828549447 ) ) ;
#711 = CARTESIAN_POINT ( 'NONE',  ( -1.562648137834734774, 0.000000000000000000, 4.062500000000006217 ) ) ;
#712 = DIRECTION ( 'NONE',  ( -0.8660254037844379305, 0.000000000000000000, 0.5000000000000014433 ) ) ;
#713 = ORIENTED_EDGE ( 'NONE', *, *, #2614, .F. ) ;
#714 = ORIENTED_EDGE ( 'NONE', *, *, #3205, .F. ) ;
#715 = VERTEX_POINT ( 'NONE', #2654 ) ;
#716 = EDGE_CURVE ( 'NONE', #1914, #1841, #2712, .T. ) ;
#717 = CARTESIAN_POINT ( 'NONE',  ( -1.199999999999999067, -9.064494797382380398, 4.690625000000005151 ) ) ;
#718 = LINE ( 'NONE', #3506, #14 ) ;
#719 = EDGE_CURVE ( 'NONE', #816, #976, #3214, .T. ) ;
#720 = DIRECTION ( 'NONE',  ( -0.000000000000000000, 1.000000000000000000, -0.000000000000000000 ) ) ;
#721 = PLANE ( 'NONE',  #1144 ) ;
#722 = DIRECTION ( 'NONE',  ( -2.764764969388616406E-16, 0.9848077530122095746, -0.1736481776669221710 ) ) ;
#723 =( BOUNDED_CURVE ( )  B_SPLINE_CURVE ( 3, ( #502, #540, #2113, #3663 ),
 .UNSPECIFIED., .F., .T. ) 
 B_SPLINE_CURVE_WITH_KNOTS ( ( 4, 4 ),
 ( 1.570796326794896558, 3.141592653589793116 ),
 .UNSPECIFIED. ) 
 CURVE ( )  GEOMETRIC_REPRESENTATION_ITEM ( )  RATIONAL_B_SPLINE_CURVE ( ( 1.000000000000000000, 0.8047378541243649375, 0.8047378541243649375, 1.000000000000000000 ) ) 
 REPRESENTATION_ITEM ( '' )  );
#724 = VERTEX_POINT ( 'NONE', #824 ) ;
#725 = VERTEX_POINT ( 'NONE', #3644 ) ;
#726 = ORIENTED_EDGE ( 'NONE', *, *, #3989, .F. ) ;
#727 = FACE_OUTER_BOUND ( 'NONE', #2268, .T. ) ;
#728 = AXIS2_PLACEMENT_3D ( 'NONE', #2558, #791, #1150 ) ;
#729 = CIRCLE ( 'NONE', #1562, 0.4999999999999995559 ) ;
#730 = CARTESIAN_POINT ( 'NONE',  ( -1.449999999999999512, -10.59999999999999609, 0.000000000000000000 ) ) ;
#731 = CARTESIAN_POINT ( 'NONE',  ( -1.199999999999999067, -10.59999999999999787, 4.690625000000005151 ) ) ;
#732 = AXIS2_PLACEMENT_3D ( 'NONE', #2872, #1022, #3136 ) ;
#733 = EDGE_LOOP ( 'NONE', ( #809, #1058, #1057, #3946 ) ) ;
#734 = ORIENTED_EDGE ( 'NONE', *, *, #198, .T. ) ;
#735 = VECTOR ( 'NONE', #3914, 1000.000000000000000 ) ;
#736 = PRODUCT_DEFINITION ( 'UNKNOWN', '', #3828, #1720 ) ;
#737 = ORIENTED_EDGE ( 'NONE', *, *, #2006, .T. ) ;
#738 = LINE ( 'NONE', #2218, #2220 ) ;
#739 = EDGE_CURVE ( 'NONE', #3314, #1862, #2061, .T. ) ;
#740 = CARTESIAN_POINT ( 'NONE',  ( -1.200000000000007727, -10.59999999999999787, 2.178125000000007194 ) ) ;
#741 = CARTESIAN_POINT ( 'NONE',  ( -0.6383054962418657219, -5.299999999999998046, -5.499500000000000277 ) ) ;
#742 = CARTESIAN_POINT ( 'NONE',  ( -0.02499999999999724665, -10.59999999999999432, -3.108461733501795887 ) ) ;
#743 = ORIENTED_EDGE ( 'NONE', *, *, #1087, .F. ) ;
#744 = VECTOR ( 'NONE', #1865, 1000.000000000000000 ) ;
#745 = APPLICATION_CONTEXT ( 'automotive_design' ) ;
#746 = VERTEX_POINT ( 'NONE', #1750 ) ;
#747 = EDGE_CURVE ( 'NONE', #535, #315, #1183, .T. ) ;
#748 = EDGE_CURVE ( 'NONE', #144, #2534, #3198, .T. ) ;
#749 = ORIENTED_EDGE ( 'NONE', *, *, #2559, .T. ) ;
#750 = CARTESIAN_POINT ( 'NONE',  ( -2.699999999999999289, -5.299999999999998046, -3.323999999999999844 ) ) ;
#751 = DIRECTION ( 'NONE',  ( 0.000000000000000000, 0.000000000000000000, 1.000000000000000000 ) ) ;
#752 = LINE ( 'NONE', #139, #1658 ) ;
#753 = DIRECTION ( 'NONE',  ( 1.000000000000000000, -0.000000000000000000, -0.000000000000000000 ) ) ;
#754 = FACE_OUTER_BOUND ( 'NONE', #3660, .T. ) ;
#755 = ORIENTED_EDGE ( 'NONE', *, *, #998, .F. ) ;
#756 = VERTEX_POINT ( 'NONE', #3338 ) ;
#757 = ORIENTED_EDGE ( 'NONE', *, *, #3345, .T. ) ;
#758 = AXIS2_PLACEMENT_3D ( 'NONE', #3253, #2736, #1774 ) ;
#759 = FACE_BOUND ( 'NONE', #240, .T. ) ;
#760 = PLANE ( 'NONE',  #1454 ) ;
#761 = CIRCLE ( 'NONE', #3742, 1.887000000000018884 ) ;
#762 = CARTESIAN_POINT ( 'NONE',  ( -0.5000000000000000000, -5.617478421954031020, 11.08795098915741661 ) ) ;
#763 = EDGE_CURVE ( 'NONE', #1028, #2804, #214, .T. ) ;
#764 = CARTESIAN_POINT ( 'NONE',  ( -4.641174390281189055, -5.072723820220364388, -6.021974312392132767 ) ) ;
#765 = CYLINDRICAL_SURFACE ( 'NONE', #1743, 2.190625000000008704 ) ;
#766 = ORIENTED_EDGE ( 'NONE', *, *, #1162, .T. ) ;
#767 = ORIENTED_EDGE ( 'NONE', *, *, #2232, .F. ) ;
#768 = ORIENTED_EDGE ( 'NONE', *, *, #101, .F. ) ;
#769 = DIRECTION ( 'NONE',  ( -0.8660254037844379305, 0.000000000000000000, 0.5000000000000014433 ) ) ;
#770 = B_SPLINE_CURVE_WITH_KNOTS ( 'NONE', 3,
 ( #354, #3096, #2789, #620 ),
 .UNSPECIFIED., .F., .F.,
 ( 4, 4 ),
 ( 2.491306920542243817E-18, 0.0003093928232228865824 ),
 .UNSPECIFIED. ) ;
#771 = DIRECTION ( 'NONE',  ( 1.971276677246371765E-16, 1.000000000000000000, 0.000000000000000000 ) ) ;
#772 = EDGE_CURVE ( 'NONE', #230, #3089, #1430, .T. ) ;
#773 = AXIS2_PLACEMENT_3D ( 'NONE', #897, #543, #2098 ) ;
#774 =( LENGTH_UNIT ( ) NAMED_UNIT ( * ) SI_UNIT ( .MILLI., .METRE. ) );
#775 = AXIS2_PLACEMENT_3D ( 'NONE', #3144, #1012, #3474 ) ;
#776 = LINE ( 'NONE', #1965, #2999 ) ;
#777 = EDGE_CURVE ( 'NONE', #1727, #3788, #3932, .T. ) ;
#778 = FACE_OUTER_BOUND ( 'NONE', #276, .T. ) ;
#779 = EDGE_LOOP ( 'NONE', ( #494, #2803, #595, #2499, #1010 ) ) ;
#780 = VERTEX_POINT ( 'NONE', #841 ) ;
#781 = ORIENTED_EDGE ( 'NONE', *, *, #101, .T. ) ;
#782 = CIRCLE ( 'NONE', #971, 1.000000000000012212 ) ;
#783 = LINE ( 'NONE', #3908, #3388 ) ;
#784 = DIRECTION ( 'NONE',  ( 0.000000000000000000, 0.000000000000000000, 1.000000000000000000 ) ) ;
#785 = DIRECTION ( 'NONE',  ( 1.000000000000000000, -0.000000000000000000, -0.000000000000000000 ) ) ;
#786 = CARTESIAN_POINT ( 'NONE',  ( -0.02499999999999726746, -8.634542605080017807, 10.58857638027146209 ) ) ;
#787 = LINE ( 'NONE', #3813, #1542 ) ;
#788 = ORIENTED_EDGE ( 'NONE', *, *, #2639, .F. ) ;
#789 = ORIENTED_EDGE ( 'NONE', *, *, #1339, .T. ) ;
#790 = CARTESIAN_POINT ( 'NONE',  ( -16.68999999999998707, -3.852279280905808179, 8.910632640464678289 ) ) ;
#791 = DIRECTION ( 'NONE',  ( 1.000000000000000000, -0.000000000000000000, -0.000000000000000000 ) ) ;
#792 = EDGE_LOOP ( 'NONE', ( #3774, #3775, #1872, #3554 ) ) ;
#793 = EDGE_CURVE ( 'NONE', #1037, #2574, #3396, .T. ) ;
#794 = CARTESIAN_POINT ( 'NONE',  ( -1.449999999999998845, -10.59999999999999609, 3.578712567297409830 ) ) ;
#795 = CARTESIAN_POINT ( 'NONE',  ( -1.449999999999997957, -10.59999999999999609, 2.452537432702603937 ) ) ;
#796 = DIRECTION ( 'NONE',  ( -1.000000000000000000, 0.000000000000000000, 0.000000000000000000 ) ) ;
#797 = VECTOR ( 'NONE', #1251, 999.9999999999998863 ) ;
#798 = ORIENTED_EDGE ( 'NONE', *, *, #867, .F. ) ;
#799 = VERTEX_POINT ( 'NONE', #254 ) ;
#800 = ORIENTED_EDGE ( 'NONE', *, *, #2340, .F. ) ;
#801 = ADVANCED_FACE ( 'NONE', ( #876 ), #3357, .F. ) ;
#802 =( BOUNDED_CURVE ( )  B_SPLINE_CURVE ( 3, ( #3423, #333, #1223, #3119 ),
 .UNSPECIFIED., .F., .T. ) 
 B_SPLINE_CURVE_WITH_KNOTS ( ( 4, 4 ),
 ( 3.141592653589794892, 4.712388980384689674 ),
 .UNSPECIFIED. ) 
 CURVE ( )  GEOMETRIC_REPRESENTATION_ITEM ( )  RATIONAL_B_SPLINE_CURVE ( ( 1.000000000000000000, 0.8047378541243654926, 0.8047378541243654926, 1.000000000000000000 ) ) 
 REPRESENTATION_ITEM ( '' )  );
#803 = AXIS2_PLACEMENT_3D ( 'NONE', #1481, #1157, #1516 ) ;
#804 = CARTESIAN_POINT ( 'NONE',  ( -28.92807245819994577, 12.37930116124208801, 7.922346488719714586 ) ) ;
#805 = PLANE ( 'NONE',  #1568 ) ;
#806 = DIRECTION ( 'NONE',  ( 1.224099226999764518E-16, -0.9848077530122090195, 0.1736481776669251131 ) ) ;
#807 = CARTESIAN_POINT ( 'NONE',  ( -1.562648137834737661, -10.59999999999999787, 3.225000000000006750 ) ) ;
#808 = ORIENTED_EDGE ( 'NONE', *, *, #2280, .T. ) ;
#809 = ORIENTED_EDGE ( 'NONE', *, *, #221, .T. ) ;
#810 = DIRECTION ( 'NONE',  ( 0.8660254037844400399, 0.000000000000000000, 0.4999999999999975020 ) ) ;
#811 = CARTESIAN_POINT ( 'NONE',  ( -0.02499999999999726746, -8.634542605080017807, 10.58857638027146209 ) ) ;
#812 = EDGE_LOOP ( 'NONE', ( #1385, #157, #2065, #704, #2457, #1621 ) ) ;
#813 = DIRECTION ( 'NONE',  ( 0.000000000000000000, 0.000000000000000000, 1.000000000000000000 ) ) ;
#814 = DIRECTION ( 'NONE',  ( 0.4803844614152624759, -0.8320502943378424998, -0.2773500981126162945 ) ) ;
#815 = EDGE_CURVE ( 'NONE', #2626, #3511, #287, .T. ) ;
#816 = VERTEX_POINT ( 'NONE', #3055 ) ;
#817 = VERTEX_POINT ( 'NONE', #2809 ) ;
#818 = EDGE_CURVE ( 'NONE', #944, #1260, #3536, .T. ) ;
#819 = CARTESIAN_POINT ( 'NONE',  ( -1.200000000000001954, 0.000000000000000000, 3.853125000000005684 ) ) ;
#820 = CARTESIAN_POINT ( 'NONE',  ( -1.776763033915802925, -10.03402982322247361, 2.263880707110098367 ) ) ;
#821 = ORIENTED_EDGE ( 'NONE', *, *, #3129, .F. ) ;
#822 = EDGE_CURVE ( 'NONE', #1613, #3915, #2748, .T. ) ;
#823 = CARTESIAN_POINT ( 'NONE',  ( -0.4537773834709973308, -8.536854112172147069, 10.87044276493282702 ) ) ;
#824 = CARTESIAN_POINT ( 'NONE',  ( -3.699999999999999734, 3.285408048021869476, -3.914175083630924146 ) ) ;
#825 = ORIENTED_EDGE ( 'NONE', *, *, #1134, .F. ) ;
#826 = FACE_OUTER_BOUND ( 'NONE', #2490, .T. ) ;
#827 = CARTESIAN_POINT ( 'NONE',  ( -0.02500000000000071609, -5.299999999999998046, -2.411999999999999922 ) ) ;
#828 = ORIENTED_EDGE ( 'NONE', *, *, #1948, .F. ) ;
#829 = DIRECTION ( 'NONE',  ( -8.220688754975634355E-17, 1.000000000000000000, 0.000000000000000000 ) ) ;
#830 = CARTESIAN_POINT ( 'NONE',  ( -16.68999999999998707, 6.501202282021851353, 7.085034496652985680 ) ) ;
#831 = CARTESIAN_POINT ( 'NONE',  ( -1.028983406417311119, -11.32922213091478802, 2.916888523659145527 ) ) ;
#832 = ORIENTED_EDGE ( 'NONE', *, *, #3103, .F. ) ;
#833 = VECTOR ( 'NONE', #3492, 1000.000000000000227 ) ;
#834 = CARTESIAN_POINT ( 'NONE',  ( -2.699999999999998845, -8.389240250724812498, -4.273787316829982252 ) ) ;
#835 = LINE ( 'NONE', #2671, #3966 ) ;
#836 = ORIENTED_EDGE ( 'NONE', *, *, #3293, .F. ) ;
#837 = ORIENTED_EDGE ( 'NONE', *, *, #19, .T. ) ;
#838 = VECTOR ( 'NONE', #2099, 1000.000000000000000 ) ;
#839 = EDGE_CURVE ( 'NONE', #194, #2383, #2172, .T. ) ;
#840 = FACE_OUTER_BOUND ( 'NONE', #2657, .T. ) ;
#841 = CARTESIAN_POINT ( 'NONE',  ( -2.699999999999999289, -8.300961894323346968, 11.06112152762134571 ) ) ;
#842 = ORIENTED_EDGE ( 'NONE', *, *, #1111, .T. ) ;
#843 = ADVANCED_FACE ( 'NONE', ( #1 ), #3988, .F. ) ;
#844 = PLANE ( 'NONE',  #1537 ) ;
#845 = LINE ( 'NONE', #3899, #2996 ) ;
#846 = ORIENTED_EDGE ( 'NONE', *, *, #909, .T. ) ;
#847 = LINE ( 'NONE', #2411, #2261 ) ;
#848 = FACE_OUTER_BOUND ( 'NONE', #3879, .T. ) ;
#849 = CARTESIAN_POINT ( 'NONE',  ( -0.02500000000000000139, 3.750000000000000444, 6.729031597682705090 ) ) ;
#850 = AXIS2_PLACEMENT_3D ( 'NONE', #1799, #3922, #2374 ) ;
#851 = LINE ( 'NONE', #2476, #601 ) ;
#852 = PLANE ( 'NONE',  #542 ) ;
#853 = EDGE_LOOP ( 'NONE', ( #1452, #1261, #3986, #3264 ) ) ;
#854 = CIRCLE ( 'NONE', #2742, 0.9999999999999995559 ) ;
#855 = VERTEX_POINT ( 'NONE', #634 ) ;
#856 = CARTESIAN_POINT ( 'NONE',  ( -2.699999999999999289, -8.319337261456245969, 11.06436160062729890 ) ) ;
#857 = CARTESIAN_POINT ( 'NONE',  ( -2.699999999999999289, -10.59999999999999432, 1.550000000000000933 ) ) ;
#858 = ADVANCED_FACE ( 'NONE', ( #351 ), #1219, .T. ) ;
#859 = VECTOR ( 'NONE', #2873, 1000.000000000000114 ) ;
#860 = CARTESIAN_POINT ( 'NONE',  ( -1.200000000000001510, 0.000000000000000000, 4.900000000000005684 ) ) ;
#861 = DIRECTION ( 'NONE',  ( 1.029992063861229212E-15, -1.000000000000000000, 0.000000000000000000 ) ) ;
#862 = CYLINDRICAL_SURFACE ( 'NONE', #2320, 1.000000000000000000 ) ;
#863 = EDGE_CURVE ( 'NONE', #3376, #144, #269, .T. ) ;
#864 = VERTEX_POINT ( 'NONE', #2153 ) ;
#865 = CARTESIAN_POINT ( 'NONE',  ( -1.429687500000044853, -1.051353432320849990, -6.499500000000000277 ) ) ;
#866 = FACE_OUTER_BOUND ( 'NONE', #1484, .T. ) ;
#867 = EDGE_CURVE ( 'NONE', #3052, #715, #1451, .T. ) ;
#868 = DIRECTION ( 'NONE',  ( 1.000000000000000000, -0.000000000000000000, -0.000000000000000000 ) ) ;
#869 = FILL_AREA_STYLE ('',( #3983 ) ) ;
#870 = CARTESIAN_POINT ( 'NONE',  ( -10.22572142074251111, -7.980384167194676692, 9.287889409195116741 ) ) ;
#871 = CARTESIAN_POINT ( 'NONE',  ( -11.20000000000000107, -3.515434237433465725, 14.02515367935662560 ) ) ;
#872 = ORIENTED_EDGE ( 'NONE', *, *, #2204, .F. ) ;
#873 = ORIENTED_EDGE ( 'NONE', *, *, #1180, .F. ) ;
#874 = DIRECTION ( 'NONE',  ( 0.000000000000000000, 0.1736481776669235588, 0.9848077530122093526 ) ) ;
#875 = PRODUCT ( 'Probe_Drive_3', 'Probe_Drive_3', '', ( #2475 ) ) ;
#876 = FACE_OUTER_BOUND ( 'NONE', #3143, .T. ) ;
#877 = LINE ( 'NONE', #1128, #379 ) ;
#878 = CARTESIAN_POINT ( 'NONE',  ( -0.5650554471254269906, -5.554631661224375350, -5.499500000000000277 ) ) ;
#879 = DIRECTION ( 'NONE',  ( 0.000000000000000000, 0.9848077530122093526, -0.1736481776669235588 ) ) ;
#880 = FACE_OUTER_BOUND ( 'NONE', #4003, .T. ) ;
#881 = AXIS2_PLACEMENT_3D ( 'NONE', #2878, #3855, #3468 ) ;
#882 = VERTEX_POINT ( 'NONE', #3399 ) ;
#883 = CARTESIAN_POINT ( 'NONE',  ( -0.02500000000000181591, 5.816749334850372044, 7.556361520181530622 ) ) ;
#884 = EDGE_CURVE ( 'NONE', #1511, #510, #3767, .T. ) ;
#885 = DIRECTION ( 'NONE',  ( -1.000000000000000000, 0.000000000000000000, 0.000000000000000000 ) ) ;
#886 = PLANE ( 'NONE',  #570 ) ;
#887 = AXIS2_PLACEMENT_3D ( 'NONE', #2759, #1441, #2106 ) ;
#888 = ADVANCED_FACE ( 'NONE', ( #3137 ), #1844, .F. ) ;
#889 = CARTESIAN_POINT ( 'NONE',  ( -15.48289321881344982, -9.632772104628132936, 11.50625733799990336 ) ) ;
#890 = DIRECTION ( 'NONE',  ( 2.125626000519988545E-17, -4.190196959373537533E-33, 1.000000000000000000 ) ) ;
#891 = ORIENTED_EDGE ( 'NONE', *, *, #1287, .F. ) ;
#892 = VECTOR ( 'NONE', #3442, 1000.000000000000000 ) ;
#893 = ORIENTED_EDGE ( 'NONE', *, *, #443, .F. ) ;
#894 = AXIS2_PLACEMENT_3D ( 'NONE', #1735, #466, #2310 ) ;
#895 = CARTESIAN_POINT ( 'NONE',  ( -10.22572142074251467, -4.656658000778489459, 8.701826809569254806 ) ) ;
#896 = LINE ( 'NONE', #980, #1773 ) ;
#897 = CARTESIAN_POINT ( 'NONE',  ( -2.199999999999999734, 4.750000000000000888, 6.729031597682706867 ) ) ;
#898 = DIRECTION ( 'NONE',  ( 0.000000000000000000, 0.9848077530122096857, -0.1736481776669214494 ) ) ;
#899 = DIRECTION ( 'NONE',  ( 0.000000000000000000, 0.1736481776669223653, 0.9848077530122094636 ) ) ;
#900 = LINE ( 'NONE', #3750, #2505 ) ;
#901 = ORIENTED_EDGE ( 'NONE', *, *, #427, .F. ) ;
#902 = ORIENTED_EDGE ( 'NONE', *, *, #3276, .F. ) ;
#903 = LINE ( 'NONE', #2700, #3237 ) ;
#904 = CARTESIAN_POINT ( 'NONE',  ( -0.02500000000000053915, -6.739702119875408570, -5.143284323541995384 ) ) ;
#905 = EDGE_CURVE ( 'NONE', #2354, #3268, #1258, .T. ) ;
#906 = LINE ( 'NONE', #831, #3559 ) ;
#907 = CARTESIAN_POINT ( 'NONE',  ( -1.200000000000000622, -10.59999999999999787, 4.271875000000005862 ) ) ;
#908 = EDGE_CURVE ( 'NONE', #2467, #3284, #896, .T. ) ;
#909 = EDGE_CURVE ( 'NONE', #2446, #3675, #3379, .T. ) ;
#910 = ORIENTED_EDGE ( 'NONE', *, *, #1780, .T. ) ;
#911 = ORIENTED_EDGE ( 'NONE', *, *, #884, .F. ) ;
#912 = ORIENTED_EDGE ( 'NONE', *, *, #1649, .T. ) ;
#913 = CARTESIAN_POINT ( 'NONE',  ( -1.449999999999998845, -10.59999999999999609, 3.159962567297409208 ) ) ;
#914 = CARTESIAN_POINT ( 'NONE',  ( -4.610632208772838858, -8.789773039201593363, 9.430606505215028079 ) ) ;
#915 = VECTOR ( 'NONE', #3599, 1000.000000000000114 ) ;
#916 =( BOUNDED_CURVE ( )  B_SPLINE_CURVE ( 3, ( #1091, #1415, #2005, #1110 ),
 .UNSPECIFIED., .F., .T. ) 
 B_SPLINE_CURVE_WITH_KNOTS ( ( 4, 4 ),
 ( 3.141592653589791340, 4.712388980384692339 ),
 .UNSPECIFIED. ) 
 CURVE ( )  GEOMETRIC_REPRESENTATION_ITEM ( )  RATIONAL_B_SPLINE_CURVE ( ( 1.000000000000000000, 0.8047378541243640493, 0.8047378541243640493, 1.000000000000000000 ) ) 
 REPRESENTATION_ITEM ( '' )  );
#917 = CARTESIAN_POINT ( 'NONE',  ( -12.17427857925748391, -7.980384167194680245, 9.287889409195118517 ) ) ;
#918 = AXIS2_PLACEMENT_3D ( 'NONE', #3766, #1002, #3523 ) ;
#919 = DIRECTION ( 'NONE',  ( 0.6104124877388408255, -0.5467532281777067737, -0.5731121201734754589 ) ) ;
#920 = CARTESIAN_POINT ( 'NONE',  ( -1.562648137834734774, -10.59999999999999787, 4.062500000000006217 ) ) ;
#921 = CARTESIAN_POINT ( 'NONE',  ( -9.054436356076802639, -3.891972041446823738, -7.774787374614256841 ) ) ;
#922 = ORIENTED_EDGE ( 'NONE', *, *, #3773, .T. ) ;
#923 = VERTEX_POINT ( 'NONE', #24 ) ;
#924 = AXIS2_PLACEMENT_3D ( 'NONE', #3317, #1410, #2731 ) ;
#925 = DIRECTION ( 'NONE',  ( 1.224099226999764764E-16, -0.9848077530122093526, 0.1736481776669226706 ) ) ;
#926 = PLANE ( 'NONE',  #3258 ) ;
#927 = B_SPLINE_CURVE_WITH_KNOTS ( 'NONE', 3,
 ( #1709, #3543, #1689, #151, #2018, #3944, #2970, #189, #1445, #167, #2690, #2055, #3009, #2670 ),
 .UNSPECIFIED., .F., .F.,
 ( 4, 2, 2, 2, 2, 2, 4 ),
 ( -9.360830140992641170E-06, 0.0003857795035940972980, 0.0007809198373291872507, 0.001571200504799362711, 0.002361481172269537954, 0.002756621506004628720, 0.003151761839739719920 ),
 .UNSPECIFIED. ) ;
#928 = AXIS2_PLACEMENT_3D ( 'NONE', #3072, #2766, #1198 ) ;
#929 = PLANE ( 'NONE',  #1148 ) ;
#930 = CARTESIAN_POINT ( 'NONE',  ( -0.02499999999999750339, -10.45757721428065601, 12.58732559804335516 ) ) ;
#931 = EDGE_CURVE ( 'NONE', #2447, #1851, #1264, .T. ) ;
#932 = CARTESIAN_POINT ( 'NONE',  ( -1.200000000000001510, -8.642248473930015606, 0.000000000000000000 ) ) ;
#933 = ORIENTED_EDGE ( 'NONE', *, *, #1827, .F. ) ;
#934 = ORIENTED_EDGE ( 'NONE', *, *, #3297, .T. ) ;
#935 = VERTEX_POINT ( 'NONE', #2219 ) ;
#936 = ADVANCED_FACE ( 'NONE', ( #959 ), #2197, .F. ) ;
#937 = FACE_OUTER_BOUND ( 'NONE', #163, .T. ) ;
#938 = DIRECTION ( 'NONE',  ( 0.000000000000000000, 2.192129585459224245E-16, 1.000000000000000000 ) ) ;
#939 = CARTESIAN_POINT ( 'NONE',  ( -10.22572142074251467, -4.449908139243835770, 9.874363540499260239 ) ) ;
#940 = ADVANCED_FACE ( 'NONE', ( #3176 ), #66, .F. ) ;
#941 = CARTESIAN_POINT ( 'NONE',  ( -15.18999999999999950, 12.87170503774819252, 7.835522399886253986 ) ) ;
#942 = CARTESIAN_POINT ( 'NONE',  ( -9.251442841485026491, -6.111771222451927166, 10.16739484031219121 ) ) ;
#943 = VERTEX_POINT ( 'NONE', #676 ) ;
#944 = VERTEX_POINT ( 'NONE', #3868 ) ;
#945 = CARTESIAN_POINT ( 'NONE',  ( -3.699999999999998845, -3.221548738700034331, 8.134630718347985123 ) ) ;
#946 = DIRECTION ( 'NONE',  ( 0.000000000000000000, -1.000000000000000000, -0.000000000000000000 ) ) ;
#947 = CIRCLE ( 'NONE', #2315, 1.386999999999998678 ) ;
#948 = VECTOR ( 'NONE', #3812, 1000.000000000000000 ) ;
#949 = DIRECTION ( 'NONE',  ( -0.000000000000000000, -6.713177961746018904E-17, -1.000000000000000000 ) ) ;
#950 = AXIS2_PLACEMENT_3D ( 'NONE', #2866, #4019, #3104 ) ;
#951 = CARTESIAN_POINT ( 'NONE',  ( -4.610632208772838858, -8.789773039201593363, 9.430606505215028079 ) ) ;
#952 = DIRECTION ( 'NONE',  ( 1.225394005923294733E-16, -1.000000000000000000, 0.000000000000000000 ) ) ;
#953 = DIRECTION ( 'NONE',  ( 0.000000000000000000, 0.9848077530122099077, -0.1736481776669202004 ) ) ;
#954 = VERTEX_POINT ( 'NONE', #2569 ) ;
#955 = ORIENTED_EDGE ( 'NONE', *, *, #3558, .T. ) ;
#956 = ADVANCED_FACE ( 'NONE', ( #3830 ), #760, .T. ) ;
#957 = ORIENTED_EDGE ( 'NONE', *, *, #1771, .F. ) ;
#958 = LINE ( 'NONE', #3987, #1275 ) ;
#959 = FACE_OUTER_BOUND ( 'NONE', #1282, .T. ) ;
#960 = VECTOR ( 'NONE', #1312, 1000.000000000000000 ) ;
#961 = EDGE_CURVE ( 'NONE', #2574, #2675, #1969, .T. ) ;
#962 = CONICAL_SURFACE ( 'NONE', #57, 1.386999999999998678, 0.7853981633974695953 ) ;
#963 = PLANE ( 'NONE',  #3822 ) ;
#964 = DIRECTION ( 'NONE',  ( 1.000000000000000000, -0.000000000000000000, -0.000000000000000000 ) ) ;
#965 = CARTESIAN_POINT ( 'NONE',  ( -1.200000000000001954, -10.59999999999999787, 3.853125000000005684 ) ) ;
#966 = LINE ( 'NONE', #1610, #2194 ) ;
#967 = ORIENTED_EDGE ( 'NONE', *, *, #1711, .F. ) ;
#968 = ORIENTED_EDGE ( 'NONE', *, *, #777, .F. ) ;
#969 = EDGE_CURVE ( 'NONE', #367, #2675, #2936, .T. ) ;
#970 = CARTESIAN_POINT ( 'NONE',  ( -0.02499999999999724665, -9.176331943257535428, 11.21547288535252562 ) ) ;
#971 = AXIS2_PLACEMENT_3D ( 'NONE', #3443, #1266, #3402 ) ;
#972 = DIRECTION ( 'NONE',  ( 0.000000000000000000, 0.000000000000000000, -1.000000000000000000 ) ) ;
#973 = DIRECTION ( 'NONE',  ( -1.000000000000000000, -1.205502409205620347E-16, 2.125626000519988545E-17 ) ) ;
#974 = CYLINDRICAL_SURFACE ( 'NONE', #1812, 0.8870000000000015650 ) ;
#975 = LINE ( 'NONE', #2562, #3132 ) ;
#976 = VERTEX_POINT ( 'NONE', #2278 ) ;
#977 = EDGE_LOOP ( 'NONE', ( #3069, #1684, #713, #2993, #2274, #3481 ) ) ;
#978 = ORIENTED_EDGE ( 'NONE', *, *, #2632, .T. ) ;
#979 = CARTESIAN_POINT ( 'NONE',  ( -1.832555055121147136, -9.937395207837859346, 2.650419168648558088 ) ) ;
#980 = CARTESIAN_POINT ( 'NONE',  ( -1.200000000000003286, -10.59999999999999787, 3.434375000000006395 ) ) ;
#981 = VECTOR ( 'NONE', #3295, 1000.000000000000114 ) ;
#982 = CARTESIAN_POINT ( 'NONE',  ( -1.562648137834731887, -10.59999999999999787, 4.900000000000005684 ) ) ;
#983 = CARTESIAN_POINT ( 'NONE',  ( -15.18999999999999950, -9.191203331179597313, 14.01051829496956636 ) ) ;
#984 = VECTOR ( 'NONE', #2795, 1000.000000000000000 ) ;
#985 = EDGE_CURVE ( 'NONE', #855, #3896, #3852, .T. ) ;
#986 = CARTESIAN_POINT ( 'NONE',  ( -16.87470748512142649, -10.59999999999999609, 1.550000000000000933 ) ) ;
#987 = FACE_OUTER_BOUND ( 'NONE', #3406, .T. ) ;
#988 = EDGE_LOOP ( 'NONE', ( #2618, #2859, #1815, #1894 ) ) ;
#989 = ORIENTED_EDGE ( 'NONE', *, *, #1601, .F. ) ;
#990 = VECTOR ( 'NONE', #205, 999.9999999999998863 ) ;
#991 = VECTOR ( 'NONE', #712, 999.9999999999998863 ) ;
#992 = CARTESIAN_POINT ( 'NONE',  ( -1.200000000000000622, -10.59999999999999787, 4.271875000000005862 ) ) ;
#993 = CARTESIAN_POINT ( 'NONE',  ( -0.02499999999999698297, -9.442150602394923098, 12.58732559804335516 ) ) ;
#994 = ADVANCED_FACE ( 'NONE', ( #1603, #2258 ), #1907, .T. ) ;
#995 = CARTESIAN_POINT ( 'NONE',  ( -16.68999999999998352, -3.221548738700036996, 8.134630718347969136 ) ) ;
#996 = CARTESIAN_POINT ( 'NONE',  ( -11.20000000000000107, -5.238246745530101833, 10.01336890672163094 ) ) ;
#997 = CARTESIAN_POINT ( 'NONE',  ( -0.5000000000000002220, -9.530203819422258249, 12.08795098915740063 ) ) ;
#998 = EDGE_CURVE ( 'NONE', #2354, #1448, #1624, .T. ) ;
#999 = ORIENTED_EDGE ( 'NONE', *, *, #3374, .T. ) ;
#1000 = VERTEX_POINT ( 'NONE', #89 ) ;
#1001 = ORIENTED_EDGE ( 'NONE', *, *, #3401, .F. ) ;
#1002 = DIRECTION ( 'NONE',  ( -1.000000000000000000, -8.220688754975634355E-17, 0.000000000000000000 ) ) ;
#1003 = DIRECTION ( 'NONE',  ( -0.8660254037844379305, 0.000000000000000000, 0.5000000000000014433 ) ) ;
#1004 = DIRECTION ( 'NONE',  ( 0.000000000000000000, 0.9848077530122093526, -0.1736481776669235588 ) ) ;
#1005 = DIRECTION ( 'NONE',  ( -0.000000000000000000, 0.1736481776669235311, 0.9848077530122093526 ) ) ;
#1006 = DIRECTION ( 'NONE',  ( 0.000000000000000000, 0.9848077530122093526, -0.1736481776669226706 ) ) ;
#1007 = CARTESIAN_POINT ( 'NONE',  ( -1.200000000000001954, -10.59999999999999787, 3.853125000000005684 ) ) ;
#1008 = VERTEX_POINT ( 'NONE', #2589 ) ;
#1009 = ORIENTED_EDGE ( 'NONE', *, *, #3205, .T. ) ;
#1010 = ORIENTED_EDGE ( 'NONE', *, *, #3768, .F. ) ;
#1011 = EDGE_CURVE ( 'NONE', #1884, #1000, #718, .T. ) ;
#1012 = DIRECTION ( 'NONE',  ( 1.000000000000000000, -0.000000000000000000, -0.000000000000000000 ) ) ;
#1013 = CARTESIAN_POINT ( 'NONE',  ( -2.487727385792803059, -10.50909746956456203, 10.86243474112178120 ) ) ;
#1014 = DIRECTION ( 'NONE',  ( -0.5000000000000014433, 0.000000000000000000, -0.8660254037844379305 ) ) ;
#1015 = EDGE_CURVE ( 'NONE', #2266, #816, #3084, .T. ) ;
#1016 = CARTESIAN_POINT ( 'NONE',  ( -1.200000000000004619, -10.59999999999999787, 3.015625000000006661 ) ) ;
#1017 = CARTESIAN_POINT ( 'NONE',  ( -1.562648137834737661, 0.000000000000000000, 3.225000000000006750 ) ) ;
#1018 = ORIENTED_EDGE ( 'NONE', *, *, #394, .T. ) ;
#1019 = VERTEX_POINT ( 'NONE', #3544 ) ;
#1020 = ADVANCED_FACE ( 'NONE', ( #152 ), #1592, .F. ) ;
#1021 = ORIENTED_EDGE ( 'NONE', *, *, #3326, .F. ) ;
#1022 = DIRECTION ( 'NONE',  ( -0.4999999999999985567, 0.000000000000000000, 0.8660254037844394848 ) ) ;
#1023 = DIRECTION ( 'NONE',  ( 0.000000000000000000, 0.000000000000000000, 1.000000000000000000 ) ) ;
#1024 = DIRECTION ( 'NONE',  ( 0.000000000000000000, -0.6902720320145789845, -0.7235499442460513464 ) ) ;
#1025 = DIRECTION ( 'NONE',  ( 0.000000000000000000, 0.1736481776669235588, 0.9848077530122092416 ) ) ;
#1026 = CARTESIAN_POINT ( 'NONE',  ( -30.99979317598215545, 13.73658701805917204, 6.981741367795244457 ) ) ;
#1027 = ORIENTED_EDGE ( 'NONE', *, *, #457, .T. ) ;
#1028 = VERTEX_POINT ( 'NONE', #3313 ) ;
#1029 = ORIENTED_EDGE ( 'NONE', *, *, #3641, .T. ) ;
#1030 = CIRCLE ( 'NONE', #773, 1.000000000000000000 ) ;
#1031 = FACE_OUTER_BOUND ( 'NONE', #3279, .T. ) ;
#1032 = CARTESIAN_POINT ( 'NONE',  ( -2.748296563137611948, -9.846246233149290816, 9.182289300290642942 ) ) ;
#1033 = LINE ( 'NONE', #1016, #2621 ) ;
#1034 = AXIS2_PLACEMENT_3D ( 'NONE', #1935, #722, #1956 ) ;
#1035 = CARTESIAN_POINT ( 'NONE',  ( -15.18999999999999950, 13.26241343749876478, 10.05133984416371185 ) ) ;
#1036 = ADVANCED_FACE ( 'NONE', ( #1745 ), #852, .F. ) ;
#1037 = VERTEX_POINT ( 'NONE', #2038 ) ;
#1038 = VERTEX_POINT ( 'NONE', #247 ) ;
#1039 = ORIENTED_EDGE ( 'NONE', *, *, #3549, .T. ) ;
#1040 = ADVANCED_FACE ( 'NONE', ( #206 ), #805, .F. ) ;
#1041 = CARTESIAN_POINT ( 'NONE',  ( -0.02500000000000000139, 10.69711991084998992, -10.25593317864687037 ) ) ;
#1042 = DIRECTION ( 'NONE',  ( 0.000000000000000000, 0.9848077530122095746, -0.1736481776669215049 ) ) ;
#1043 = LINE ( 'NONE', #3545, #4015 ) ;
#1044 = CARTESIAN_POINT ( 'NONE',  ( -1.562648137834738993, 0.000000000000000000, 2.806250000000007017 ) ) ;
#1045 = DIRECTION ( 'NONE',  ( 0.8660254037844397068, 0.000000000000000000, 0.4999999999999983347 ) ) ;
#1046 = ORIENTED_EDGE ( 'NONE', *, *, #2030, .T. ) ;
#1047 = VERTEX_POINT ( 'NONE', #3622 ) ;
#1048 = EDGE_LOOP ( 'NONE', ( #96, #3405, #1305, #3221, #174, #1979 ) ) ;
#1049 = LINE ( 'NONE', #1676, #1931 ) ;
#1050 = CARTESIAN_POINT ( 'NONE',  ( -2.347090441680361739, -10.22506613454455149, 9.587054190542932730 ) ) ;
#1051 = CIRCLE ( 'NONE', #3975, 1.499999999999999556 ) ;
#1052 = FACE_OUTER_BOUND ( 'NONE', #3034, .T. ) ;
#1053 =( BOUNDED_CURVE ( )  B_SPLINE_CURVE ( 3, ( #3635, #2430, #865, #220 ),
 .UNSPECIFIED., .F., .T. ) 
 B_SPLINE_CURVE_WITH_KNOTS ( ( 4, 4 ),
 ( 0.03333950926127764863, 3.108253144328516182 ),
 .UNSPECIFIED. ) 
 CURVE ( )  GEOMETRIC_REPRESENTATION_ITEM ( )  RATIONAL_B_SPLINE_CURVE ( ( 1.000000000000000000, 0.3555555555555390823, 0.3555555555555390823, 1.000000000000000000 ) ) 
 REPRESENTATION_ITEM ( '' )  );
#1054 = DIRECTION ( 'NONE',  ( 0.000000000000000000, 0.000000000000000000, 1.000000000000000000 ) ) ;
#1055 = DIRECTION ( 'NONE',  ( 0.000000000000000000, -1.000000000000000000, 0.000000000000000000 ) ) ;
#1056 = AXIS2_PLACEMENT_3D ( 'NONE', #370, #1307, #392 ) ;
#1057 = ORIENTED_EDGE ( 'NONE', *, *, #3853, .T. ) ;
#1058 = ORIENTED_EDGE ( 'NONE', *, *, #2033, .T. ) ;
#1059 = EDGE_LOOP ( 'NONE', ( #1527, #498, #1327, #1653 ) ) ;
#1060 = EDGE_CURVE ( 'NONE', #1483, #2244, #3890, .T. ) ;
#1061 = CARTESIAN_POINT ( 'NONE',  ( -13.14855715851497386, -6.318521083986588849, 8.994858109382187550 ) ) ;
#1062 = CARTESIAN_POINT ( 'NONE',  ( -2.955428465740860045, 3.560679584526027064, 6.784668759760938528 ) ) ;
#1063 = EDGE_CURVE ( 'NONE', #3225, #1958, #1446, .T. ) ;
#1064 = CARTESIAN_POINT ( 'NONE',  ( -4.699999999999999289, -4.483009823111577141, 9.686634562581376784 ) ) ;
#1065 = CARTESIAN_POINT ( 'NONE',  ( -11.20000000000000107, -6.111771222451932495, 10.16739484031219298 ) ) ;
#1066 = CARTESIAN_POINT ( 'NONE',  ( -1.562648137834740547, -10.59999999999999787, 2.387500000000007727 ) ) ;
#1067 = ORIENTED_EDGE ( 'NONE', *, *, #909, .F. ) ;
#1068 = ORIENTED_EDGE ( 'NONE', *, *, #1634, .F. ) ;
#1069 = ORIENTED_EDGE ( 'NONE', *, *, #931, .F. ) ;
#1070 = ADVANCED_FACE ( 'NONE', ( #2691 ), #3928, .T. ) ;
#1071 = CYLINDRICAL_SURFACE ( 'NONE', #3359, 0.4999999999999979461 ) ;
#1072 = CARTESIAN_POINT ( 'NONE',  ( -2.199999999999999734, 2.750000000000000888, 0.000000000000000000 ) ) ;
#1073 = CYLINDRICAL_SURFACE ( 'NONE', #2506, 1.887000000000015110 ) ;
#1074 = FACE_OUTER_BOUND ( 'NONE', #2466, .T. ) ;
#1075 = CARTESIAN_POINT ( 'NONE',  ( -1.199999999999999067, -9.064494797382380398, 4.690625000000005151 ) ) ;
#1076 = EDGE_LOOP ( 'NONE', ( #1840, #1959, #755, #2193 ) ) ;
#1077 = ORIENTED_EDGE ( 'NONE', *, *, #3473, .F. ) ;
#1078 = ORIENTED_EDGE ( 'NONE', *, *, #216, .T. ) ;
#1079 = ORIENTED_EDGE ( 'NONE', *, *, #985, .T. ) ;
#1080 = DIRECTION ( 'NONE',  ( 1.000000000000000000, 0.000000000000000000, 0.000000000000000000 ) ) ;
#1081 = CIRCLE ( 'NONE', #3348, 1.499999999999999778 ) ;
#1082 = CARTESIAN_POINT ( 'NONE',  ( -2.199999999999999289, 3.749999999999999112, 6.729031597682707755 ) ) ;
#1083 = EDGE_CURVE ( 'NONE', #1862, #349, #835, .T. ) ;
#1084 = CIRCLE ( 'NONE', #950, 1.000000000000000222 ) ;
#1085 = LINE ( 'NONE', #2958, #2175 ) ;
#1086 = CARTESIAN_POINT ( 'NONE',  ( -0.02499999999998157169, -0.9508839431741503700, -6.499500000000000277 ) ) ;
#1087 = EDGE_CURVE ( 'NONE', #3142, #954, #497, .T. ) ;
#1088 = ORIENTED_EDGE ( 'NONE', *, *, #248, .T. ) ;
#1089 = AXIS2_PLACEMENT_3D ( 'NONE', #1515, #202, #3637 ) ;
#1090 = ORIENTED_EDGE ( 'NONE', *, *, #2875, .F. ) ;
#1091 = CARTESIAN_POINT ( 'NONE',  ( -15.68999999999999595, 12.29247707240862475, 7.429942612213611852 ) ) ;
#1092 = FACE_OUTER_BOUND ( 'NONE', #1336, .T. ) ;
#1093 = ADVANCED_FACE ( 'NONE', ( #534 ), #3257, .F. ) ;
#1094 = ORIENTED_EDGE ( 'NONE', *, *, #3374, .F. ) ;
#1095 = VECTOR ( 'NONE', #1243, 1000.000000000000000 ) ;
#1096 = CARTESIAN_POINT ( 'NONE',  ( -11.20000000000000107, -5.677650778284632160, 12.62941422284274395 ) ) ;
#1097 = VECTOR ( 'NONE', #3308, 1000.000000000000000 ) ;
#1098 = LINE ( 'NONE', #1660, #337 ) ;
#1099 = DIRECTION ( 'NONE',  ( 0.000000000000000000, -1.000000000000000000, 0.000000000000000000 ) ) ;
#1100 = TOROIDAL_SURFACE ( 'NONE', #3105, 1.499999999999999556, 1.499999999999999556 ) ;
#1101 = ORIENTED_EDGE ( 'NONE', *, *, #1521, .F. ) ;
#1102 = ORIENTED_EDGE ( 'NONE', *, *, #2011, .F. ) ;
#1103 = VECTOR ( 'NONE', #3042, 999.9999999999998863 ) ;
#1104 = CARTESIAN_POINT ( 'NONE',  ( -2.580308370582907518, -8.642248473930015606, 10.60728274798526094 ) ) ;
#1105 = CARTESIAN_POINT ( 'NONE',  ( -4.622365386945567423, -5.105301969637392467, 9.290499894885897447 ) ) ;
#1106 = DIRECTION ( 'NONE',  ( 0.000000000000000000, 0.000000000000000000, -1.000000000000000000 ) ) ;
#1107 = CARTESIAN_POINT ( 'NONE',  ( -1.949999999999999512, -10.59999999999999609, 10.29684157670540401 ) ) ;
#1108 = VERTEX_POINT ( 'NONE', #3964 ) ;
#1109 = VERTEX_POINT ( 'NONE', #168 ) ;
#1110 = CARTESIAN_POINT ( 'NONE',  ( -15.18999999999999950, 12.87170503774819252, 7.835522399886253986 ) ) ;
#1111 = EDGE_CURVE ( 'NONE', #2275, #1349, #1124, .T. ) ;
#1112 = CARTESIAN_POINT ( 'NONE',  ( -1.200000000000000622, 0.000000000000000000, 4.271875000000005862 ) ) ;
#1113 = ORIENTED_EDGE ( 'NONE', *, *, #1015, .T. ) ;
#1114 = CARTESIAN_POINT ( 'NONE',  ( -1.449999999999999512, -10.59999999999999609, 0.000000000000000000 ) ) ;
#1115 = EDGE_CURVE ( 'NONE', #2977, #2638, #3010, .T. ) ;
#1116 = UNCERTAINTY_MEASURE_WITH_UNIT (LENGTH_MEASURE( 1.000000000000000082E-05 ), #774, 'distance_accuracy_value', 'NONE');
#1117 = CARTESIAN_POINT ( 'NONE',  ( -13.68999999999999950, 11.99890312204050957, 5.765002004777338485 ) ) ;
#1118 = AXIS2_PLACEMENT_3D ( 'NONE', #2885, #467, #2247 ) ;
#1119 = ORIENTED_EDGE ( 'NONE', *, *, #2006, .F. ) ;
#1120 = EDGE_LOOP ( 'NONE', ( #1079, #2782, #3585, #825 ) ) ;
#1121 = CIRCLE ( 'NONE', #918, 0.9119999999999995888 ) ;
#1122 = ADVANCED_FACE ( 'NONE', ( #1462 ), #2708, .T. ) ;
#1123 = FACE_OUTER_BOUND ( 'NONE', #1939, .T. ) ;
#1124 = LINE ( 'NONE', #2365, #981 ) ;
#1125 = ORIENTED_EDGE ( 'NONE', *, *, #2749, .T. ) ;
#1126 = DIRECTION ( 'NONE',  ( 0.000000000000000000, 0.000000000000000000, 1.000000000000000000 ) ) ;
#1127 = ORIENTED_EDGE ( 'NONE', *, *, #3606, .T. ) ;
#1128 = CARTESIAN_POINT ( 'NONE',  ( -16.68999999999998352, -8.698799454673483922, 13.92369420613610309 ) ) ;
#1129 = DIRECTION ( 'NONE',  ( 1.000000000000000000, -0.000000000000000000, -0.000000000000000000 ) ) ;
#1130 = VERTEX_POINT ( 'NONE', #2019 ) ;
#1131 = EDGE_CURVE ( 'NONE', #2912, #1248, #480, .T. ) ;
#1132 = CARTESIAN_POINT ( 'NONE',  ( -3.699999999999998401, -5.299999999999997158, -6.499500000000000277 ) ) ;
#1133 = CARTESIAN_POINT ( 'NONE',  ( -0.5000000000000002220, -8.453119331762996680, 11.08795098915741484 ) ) ;
#1134 = EDGE_CURVE ( 'NONE', #855, #2911, #1176, .T. ) ;
#1135 = DIRECTION ( 'NONE',  ( 0.000000000000000000, 0.9848077530122096857, -0.1736481776669211996 ) ) ;
#1136 = EDGE_LOOP ( 'NONE', ( #2306, #2664, #2891 ) ) ;
#1137 = CYLINDRICAL_SURFACE ( 'NONE', #3648, 0.4999999999999987232 ) ;
#1138 = CARTESIAN_POINT ( 'NONE',  ( -4.634931688417419871, 3.078017896419044774, 8.039273765691454798 ) ) ;
#1139 = EDGE_CURVE ( 'NONE', #2870, #511, #2108, .T. ) ;
#1140 = ORIENTED_EDGE ( 'NONE', *, *, #2012, .F. ) ;
#1141 = VERTEX_POINT ( 'NONE', #344 ) ;
#1142 = B_SPLINE_CURVE_WITH_KNOTS ( 'NONE', 3,
 ( #1811, #1471, #3305, #3650, #878, #1772 ),
 .UNSPECIFIED., .F., .F.,
 ( 4, 2, 4 ),
 ( 3.726944967918921492E-20, 0.0007809771047864955346, 0.001561954209572991069 ),
 .UNSPECIFIED. ) ;
#1143 = AXIS2_PLACEMENT_3D ( 'NONE', #1361, #2947, #1381 ) ;
#1144 = AXIS2_PLACEMENT_3D ( 'NONE', #1998, #93, #1955 ) ;
#1145 = CARTESIAN_POINT ( 'NONE',  ( -0.4997063462535595857, -8.355948655222587007, 11.07081717714964775 ) ) ;
#1146 = DIRECTION ( 'NONE',  ( -0.5731121201734749038, 0.1945780377377657189, -0.7960413839370318323 ) ) ;
#1147 = ORIENTED_EDGE ( 'NONE', *, *, #3773, .F. ) ;
#1148 = AXIS2_PLACEMENT_3D ( 'NONE', #2164, #1551, #383 ) ;
#1149 = DIRECTION ( 'NONE',  ( -0.000000000000000000, 0.000000000000000000, -1.000000000000000000 ) ) ;
#1150 = DIRECTION ( 'NONE',  ( 0.000000000000000000, 0.000000000000000000, 1.000000000000000000 ) ) ;
#1151 = ORIENTED_EDGE ( 'NONE', *, *, #193, .T. ) ;
#1152 = DIRECTION ( 'NONE',  ( -1.000000000000000000, -8.220688754975634355E-17, 0.000000000000000000 ) ) ;
#1153 = LINE ( 'NONE', #1778, #3517 ) ;
#1154 = DIRECTION ( 'NONE',  ( 1.000000000000000000, -0.000000000000000000, -0.000000000000000000 ) ) ;
#1155 = ADVANCED_FACE ( 'NONE', ( #2799 ), #974, .F. ) ;
#1156 = CIRCLE ( 'NONE', #3307, 1.499999999999999778 ) ;
#1157 = DIRECTION ( 'NONE',  ( -1.000000000000000000, -8.220688754975634355E-17, 0.000000000000000000 ) ) ;
#1158 = DIRECTION ( 'NONE',  ( -0.8660254037844379305, -0.5000000000000014433, 0.000000000000000000 ) ) ;
#1159 = VERTEX_POINT ( 'NONE', #996 ) ;
#1160 = VERTEX_POINT ( 'NONE', #1552 ) ;
#1161 = CIRCLE ( 'NONE', #1615, 1.499999999999999334 ) ;
#1162 = EDGE_CURVE ( 'NONE', #3222, #3395, #385, .T. ) ;
#1163 = CARTESIAN_POINT ( 'NONE',  ( -2.696967258605448503, -8.355948655222608323, 11.07081717714965130 ) ) ;
#1164 = CARTESIAN_POINT ( 'NONE',  ( -30.99979317598215545, -3.221548738700036996, 8.134630718347969136 ) ) ;
#1165 = DIRECTION ( 'NONE',  ( 0.8660254037844394848, 0.000000000000000000, 0.4999999999999985012 ) ) ;
#1166 = ADVANCED_FACE ( 'NONE', ( #3734 ), #2888, .F. ) ;
#1167 = LINE ( 'NONE', #2407, #838 ) ;
#1168 = CARTESIAN_POINT ( 'NONE',  ( -4.699999999999999289, -3.221548738700036996, 8.134630718347969136 ) ) ;
#1169 = ORIENTED_EDGE ( 'NONE', *, *, #1881, .F. ) ;
#1170 = DIRECTION ( 'NONE',  ( 2.125626000519988545E-17, -4.190196959373537533E-33, 1.000000000000000000 ) ) ;
#1171 = CARTESIAN_POINT ( 'NONE',  ( -11.20000000000000107, -6.024947133618472783, 10.65979871681833480 ) ) ;
#1172 = DIRECTION ( 'NONE',  ( -0.4803844614152628090, 0.8320502943378429439, -0.2773500981126140741 ) ) ;
#1173 = AXIS2_PLACEMENT_3D ( 'NONE', #1678, #2311, #444 ) ;
#1174 = CARTESIAN_POINT ( 'NONE',  ( -15.68999999999999950, -9.464775455949725469, 11.26633325905048544 ) ) ;
#1175 = DIRECTION ( 'NONE',  ( 0.4803844614152624759, -0.8320502943378424998, -0.2773500981126162945 ) ) ;
#1176 = LINE ( 'NONE', #871, #3776 ) ;
#1177 = VERTEX_POINT ( 'NONE', #1617 ) ;
#1178 = VECTOR ( 'NONE', #1789, 1000.000000000000000 ) ;
#1179 = AXIS2_PLACEMENT_3D ( 'NONE', #1813, #3361, #3077 ) ;
#1180 = EDGE_CURVE ( 'NONE', #1631, #2429, #3478, .T. ) ;
#1181 = ORIENTED_EDGE ( 'NONE', *, *, #517, .T. ) ;
#1182 = CARTESIAN_POINT ( 'NONE',  ( -16.68999999999998707, 5.816749334850371156, 7.556361520181530622 ) ) ;
#1183 = LINE ( 'NONE', #3282, #2685 ) ;
#1184 = EDGE_CURVE ( 'NONE', #632, #2273, #3377, .T. ) ;
#1185 = DIRECTION ( 'NONE',  ( -1.000000000000000000, -1.225394005923294733E-16, -0.000000000000000000 ) ) ;
#1186 = CARTESIAN_POINT ( 'NONE',  ( -1.199999999999999067, -10.59999999999999787, 4.690625000000005151 ) ) ;
#1187 = DIRECTION ( 'NONE',  ( -0.7271008911184282386, 0.6865306214108644056, 0.000000000000000000 ) ) ;
#1188 = DIRECTION ( 'NONE',  ( -1.000000000000000000, -1.031027462301852710E-15, 1.817979594551890555E-16 ) ) ;
#1189 = EDGE_LOOP ( 'NONE', ( #3394, #821, #663 ) ) ;
#1190 = ADVANCED_FACE ( 'NONE', ( #15 ), #1575, .F. ) ;
#1191 = CARTESIAN_POINT ( 'NONE',  ( -4.699999999999999289, -8.963421216868512786, 8.445798752202820836 ) ) ;
#1192 = DIRECTION ( 'NONE',  ( -0.5000000000000013323, 0.8660254037844378194, 0.000000000000000000 ) ) ;
#1193 = LINE ( 'NONE', #2124, #1279 ) ;
#1194 = CARTESIAN_POINT ( 'NONE',  ( -4.610632208772833529, -8.963421216868516339, 8.445798752202820836 ) ) ;
#1195 = ORIENTED_EDGE ( 'NONE', *, *, #3444, .F. ) ;
#1196 = VERTEX_POINT ( 'NONE', #3456 ) ;
#1197 = LINE ( 'NONE', #307, #1345 ) ;
#1198 = DIRECTION ( 'NONE',  ( -0.5000000000000013323, 0.8660254037844378194, 0.000000000000000000 ) ) ;
#1199 = CARTESIAN_POINT ( 'NONE',  ( -15.68999999999999595, -8.091030832839361864, 17.37052134167826623 ) ) ;
#1200 = LINE ( 'NONE', #3139, #2850 ) ;
#1201 = ADVANCED_FACE ( 'NONE', ( #2582 ), #3820, .T. ) ;
#1202 = LINE ( 'NONE', #920, #148 ) ;
#1203 = CARTESIAN_POINT ( 'NONE',  ( -3.646379325263698679, -8.698437487850450012, 8.445798752202820836 ) ) ;
#1204 = ORIENTED_EDGE ( 'NONE', *, *, #2702, .T. ) ;
#1205 = ORIENTED_EDGE ( 'NONE', *, *, #671, .T. ) ;
#1206 = LINE ( 'NONE', #3063, #3888 ) ;
#1207 = CARTESIAN_POINT ( 'NONE',  ( -3.699999999999999734, 2.250000000000001332, -4.999500000000000277 ) ) ;
#1208 = EDGE_CURVE ( 'NONE', #2848, #1769, #2136, .T. ) ;
#1209 = CARTESIAN_POINT ( 'NONE',  ( -16.87470748512143004, -7.892248473930015606, 10.48134101828549447 ) ) ;
#1210 = VECTOR ( 'NONE', #262, 1000.000000000000114 ) ;
#1211 = CARTESIAN_POINT ( 'NONE',  ( -15.19000000000000128, -9.581911730930183779, 11.79470085069209162 ) ) ;
#1212 = DIRECTION ( 'NONE',  ( 0.000000000000000000, 0.000000000000000000, 1.000000000000000000 ) ) ;
#1213 = ORIENTED_EDGE ( 'NONE', *, *, #3869, .T. ) ;
#1214 = ORIENTED_EDGE ( 'NONE', *, *, #635, .F. ) ;
#1215 = VECTOR ( 'NONE', #3725, 1000.000000000000000 ) ;
#1216 = ORIENTED_EDGE ( 'NONE', *, *, #284, .T. ) ;
#1217 = VECTOR ( 'NONE', #1358, 1000.000000000000114 ) ;
#1218 = CARTESIAN_POINT ( 'NONE',  ( -15.18999999999999950, -8.598331367907917411, 17.37286228163344859 ) ) ;
#1219 = PLANE ( 'NONE',  #3920 ) ;
#1220 = MECHANICAL_DESIGN_GEOMETRIC_PRESENTATION_REPRESENTATION (  '', ( #2917 ), #2195 ) ;
#1221 = DIRECTION ( 'NONE',  ( 1.000000000000000000, 0.000000000000000000, 0.000000000000000000 ) ) ;
#1222 = CARTESIAN_POINT ( 'NONE',  ( -1.199999999999999067, -10.59999999999999787, 4.690625000000005151 ) ) ;
#1223 = CARTESIAN_POINT ( 'NONE',  ( -2.492893218813451384, 2.750000000000000000, -5.292393218813451483 ) ) ;
#1224 = CARTESIAN_POINT ( 'NONE',  ( -0.9783080504330455840, -4.118083861532817025, -5.499500000000000277 ) ) ;
#1225 = ORIENTED_EDGE ( 'NONE', *, *, #2973, .T. ) ;
#1226 = ORIENTED_EDGE ( 'NONE', *, *, #2729, .T. ) ;
#1227 = EDGE_CURVE ( 'NONE', #746, #2501, #2495, .T. ) ;
#1228 = CARTESIAN_POINT ( 'NONE',  ( -0.02499999999999500885, -5.617478421954031020, 12.58732559804335516 ) ) ;
#1229 = CARTESIAN_POINT ( 'NONE',  ( -2.431017920999829052, -8.900827117692704959, 4.650000000000001243 ) ) ;
#1230 = CARTESIAN_POINT ( 'NONE',  ( -2.199999999999999734, 4.750000000000000888, 6.729031597682706867 ) ) ;
#1231 = EDGE_CURVE ( 'NONE', #194, #294, #1033, .T. ) ;
#1232 = CARTESIAN_POINT ( 'NONE',  ( -0.02499999999999824238, -10.59999999999999609, -6.499500000000000277 ) ) ;
#1233 = APPLICATION_PROTOCOL_DEFINITION ( 'draft international standard', 'automotive_design', 1998, #538 ) ;
#1234 = LINE ( 'NONE', #610, #2681 ) ;
#1235 = ORIENTED_EDGE ( 'NONE', *, *, #2335, .T. ) ;
#1236 = ORIENTED_EDGE ( 'NONE', *, *, #1777, .F. ) ;
#1237 = EDGE_CURVE ( 'NONE', #1141, #1967, #2251, .T. ) ;
#1238 = ORIENTED_EDGE ( 'NONE', *, *, #647, .T. ) ;
#1239 = VECTOR ( 'NONE', #1514, 1000.000000000000000 ) ;
#1240 = DIRECTION ( 'NONE',  ( 0.000000000000000000, 0.000000000000000000, -1.000000000000000000 ) ) ;
#1241 = CARTESIAN_POINT ( 'NONE',  ( -17.14800787051146358, -10.59999999999999432, 11.58795098915740951 ) ) ;
#1242 = CIRCLE ( 'NONE', #3521, 1.000000000000005995 ) ;
#1243 = DIRECTION ( 'NONE',  ( -1.000000000000000000, 1.971276677246372012E-16, -3.475892646398526195E-17 ) ) ;
#1244 = AXIS2_PLACEMENT_3D ( 'NONE', #303, #3050, #1534 ) ;
#1245 = DIRECTION ( 'NONE',  ( -0.8660254037844379305, 0.000000000000000000, 0.5000000000000014433 ) ) ;
#1246 = CARTESIAN_POINT ( 'NONE',  ( -1.450000000000000844, -10.59999999999999609, -3.108461733501795443 ) ) ;
#1247 = DIRECTION ( 'NONE',  ( 0.000000000000000000, 0.000000000000000000, 1.000000000000000000 ) ) ;
#1248 = VERTEX_POINT ( 'NONE', #1964 ) ;
#1249 = ORIENTED_EDGE ( 'NONE', *, *, #3919, .T. ) ;
#1250 = DIRECTION ( 'NONE',  ( 0.000000000000000000, -1.148823494024375695E-16, 1.000000000000000000 ) ) ;
#1251 = DIRECTION ( 'NONE',  ( -0.000000000000000000, 0.1736481776669235311, 0.9848077530122093526 ) ) ;
#1252 = LINE ( 'NONE', #2797, #1662 ) ;
#1253 = DIRECTION ( 'NONE',  ( 1.000000000000000000, -0.000000000000000000, -0.000000000000000000 ) ) ;
#1254 = CARTESIAN_POINT ( 'NONE',  ( -3.699999999999998401, -5.299999999999998046, -2.411999999999999922 ) ) ;
#1255 = ADVANCED_BREP_SHAPE_REPRESENTATION ( 'Probe_Drive_3', ( #1323, #2127 ), #2393 ) ;
#1256 = EDGE_CURVE ( 'NONE', #1862, #1047, #1943, .T. ) ;
#1257 = DIRECTION ( 'NONE',  ( 0.000000000000000000, 0.1736481776669202004, 0.9848077530122099077 ) ) ;
#1258 = CIRCLE ( 'NONE', #2492, 1.000000000000002665 ) ;
#1259 = ORIENTED_EDGE ( 'NONE', *, *, #961, .F. ) ;
#1260 = VERTEX_POINT ( 'NONE', #951 ) ;
#1261 = ORIENTED_EDGE ( 'NONE', *, *, #2397, .F. ) ;
#1262 = ADVANCED_FACE ( 'NONE', ( #1277 ), #3188, .T. ) ;
#1263 = DIRECTION ( 'NONE',  ( 1.000000000000000000, -0.000000000000000000, -0.000000000000000000 ) ) ;
#1264 = LINE ( 'NONE', #2504, #3537 ) ;
#1265 = CARTESIAN_POINT ( 'NONE',  ( -11.20000000000000107, -5.677650778284618838, 12.62941422284274573 ) ) ;
#1266 = DIRECTION ( 'NONE',  ( 1.000000000000000000, -0.000000000000000000, -0.000000000000000000 ) ) ;
#1267 = FACE_OUTER_BOUND ( 'NONE', #3815, .T. ) ;
#1268 = CARTESIAN_POINT ( 'NONE',  ( -0.02500000000000071609, 13.11730591632642806, 12.10777943902106379 ) ) ;
#1269 = ORIENTED_EDGE ( 'NONE', *, *, #2232, .T. ) ;
#1270 = ORIENTED_EDGE ( 'NONE', *, *, #1344, .T. ) ;
#1271 = LINE ( 'NONE', #99, #3043 ) ;
#1272 = AXIS2_PLACEMENT_3D ( 'NONE', #1525, #375, #2138 ) ;
#1273 = DIRECTION ( 'NONE',  ( 0.000000000000000000, -0.9848077530122092416, 0.1736481776669241417 ) ) ;
#1274 = VECTOR ( 'NONE', #2601, 1000.000000000000000 ) ;
#1275 = VECTOR ( 'NONE', #2483, 1000.000000000000000 ) ;
#1276 = CARTESIAN_POINT ( 'NONE',  ( -4.064505683975004224, -9.486915665411073562, 9.677274086268450759 ) ) ;
#1277 = FACE_OUTER_BOUND ( 'NONE', #293, .T. ) ;
#1278 = CARTESIAN_POINT ( 'NONE',  ( -14.77514012493679019, 11.50929053509758759, 4.706179557775200806 ) ) ;
#1279 = VECTOR ( 'NONE', #1459, 999.9999999999998863 ) ;
#1280 = ORIENTED_EDGE ( 'NONE', *, *, #3250, .T. ) ;
#1281 = ORIENTED_EDGE ( 'NONE', *, *, #1418, .F. ) ;
#1282 = EDGE_LOOP ( 'NONE', ( #749, #3619, #1635, #2625, #622 ) ) ;
#1283 = EDGE_CURVE ( 'NONE', #725, #365, #649, .T. ) ;
#1284 = CARTESIAN_POINT ( 'NONE',  ( -1.562648137834734996, -10.40488770189221235, 4.062500000000007105 ) ) ;
#1285 = CARTESIAN_POINT ( 'NONE',  ( -1.200000000000001510, -10.59999999999999787, 11.46650397532900101 ) ) ;
#1286 = VECTOR ( 'NONE', #2406, 1000.000000000000000 ) ;
#1287 = EDGE_CURVE ( 'NONE', #74, #1447, #103, .T. ) ;
#1288 = VECTOR ( 'NONE', #1590, 1000.000000000000000 ) ;
#1289 = ADVANCED_FACE ( 'NONE', ( #3841 ), #2907, .F. ) ;
#1290 = FACE_OUTER_BOUND ( 'NONE', #3765, .T. ) ;
#1291 = DIRECTION ( 'NONE',  ( -1.000000000000000000, 0.000000000000000000, 0.000000000000000000 ) ) ;
#1292 = CARTESIAN_POINT ( 'NONE',  ( -4.888125556634515867, 2.653382045604023798, -4.576670965836722615 ) ) ;
#1293 = DIRECTION ( 'NONE',  ( 1.000000000000000000, 0.000000000000000000, 0.000000000000000000 ) ) ;
#1294 = VERTEX_POINT ( 'NONE', #3598 ) ;
#1295 = ORIENTED_EDGE ( 'NONE', *, *, #614, .F. ) ;
#1296 = ADVANCED_FACE ( 'NONE', ( #1052 ), #1073, .T. ) ;
#1297 = DIRECTION ( 'NONE',  ( -0.000000000000000000, 0.1736481776669235311, 0.9848077530122093526 ) ) ;
#1298 = VECTOR ( 'NONE', #273, 1000.000000000000000 ) ;
#1299 = CARTESIAN_POINT ( 'NONE',  ( -1.200000000000001510, -10.59999999999999787, 4.900000000000005684 ) ) ;
#1300 = DIRECTION ( 'NONE',  ( -1.000000000000000000, 0.000000000000000000, 0.000000000000000000 ) ) ;
#1301 = DIRECTION ( 'NONE',  ( 0.000000000000000000, 0.000000000000000000, 1.000000000000000000 ) ) ;
#1302 = CARTESIAN_POINT ( 'NONE',  ( -3.699999999999999734, 2.250000000000001332, -4.999500000000000277 ) ) ;
#1303 = ORIENTED_EDGE ( 'NONE', *, *, #1503, .F. ) ;
#1304 = EDGE_LOOP ( 'NONE', ( #4013, #306, #1195, #1119 ) ) ;
#1305 = ORIENTED_EDGE ( 'NONE', *, *, #1162, .F. ) ;
#1306 = PLANE ( 'NONE',  #732 ) ;
#1307 = DIRECTION ( 'NONE',  ( 0.000000000000000000, 0.1736481776669226984, 0.9848077530122094636 ) ) ;
#1308 = EDGE_CURVE ( 'NONE', #2534, #3099, #752, .T. ) ;
#1309 = DIRECTION ( 'NONE',  ( 0.8660254037844387076, 0.000000000000000000, 0.4999999999999998335 ) ) ;
#1310 = DIRECTION ( 'NONE',  ( -0.000000000000000000, 0.1736481776669235311, 0.9848077530122093526 ) ) ;
#1311 = VECTOR ( 'NONE', #3186, 1000.000000000000114 ) ;
#1312 = DIRECTION ( 'NONE',  ( 1.000000000000000000, -0.000000000000000000, -0.000000000000000000 ) ) ;
#1313 = CARTESIAN_POINT ( 'NONE',  ( -15.68999999999999595, 12.77000956099266205, 10.13816393299717333 ) ) ;
#1314 = EDGE_CURVE ( 'NONE', #3100, #3957, #3615, .T. ) ;
#1315 = ORIENTED_EDGE ( 'NONE', *, *, #818, .F. ) ;
#1316 = ORIENTED_EDGE ( 'NONE', *, *, #1083, .T. ) ;
#1317 = ORIENTED_EDGE ( 'NONE', *, *, #3168, .T. ) ;
#1318 = VECTOR ( 'NONE', #2277, 1000.000000000000114 ) ;
#1319 = DIRECTION ( 'NONE',  ( -0.000000000000000000, 1.000000000000000000, -0.000000000000000000 ) ) ;
#1320 =( BOUNDED_SURFACE ( )  B_SPLINE_SURFACE ( 3, 2, ( 
 ( #3514, #1717, #119 ),
 ( #1359, #3267, #1032 ),
 ( #2027, #3227, #1050 ),
 ( #1013, #2334, #2963 ),
 ( #2290, #3800, #3535 ),
 ( #1941, #100, #177 ) ),
 .UNSPECIFIED., .F., .F., .F. ) 
 B_SPLINE_SURFACE_WITH_KNOTS ( ( 4, 2, 4 ),
 ( 3, 3 ),
 ( 5.277770519529259907, 5.783494157717374407, 6.289217795905488018 ),
 ( 0.000000000000000000, 1.000000000000000000 ),
 .UNSPECIFIED. ) 
 GEOMETRIC_REPRESENTATION_ITEM ( )  RATIONAL_B_SPLINE_SURFACE ( (
 ( 1.000000000000000000, 0.8335273217527925382, 1.000000000000000000),
 ( 1.000000000000000000, 0.8645980034088541766, 1.000000000000000000),
 ( 1.000000000000000000, 0.8888179714375190610, 1.000000000000000000),
 ( 1.000000000000000000, 0.9212641785113910853, 1.000000000000000000),
 ( 1.000000000000000000, 0.9294944877600875843, 1.000000000000000000),
 ( 1.000000000000000000, 0.9292705906309753905, 1.000000000000000000) ) ) 
 REPRESENTATION_ITEM ( '' )  SURFACE ( )  );
#1321 = EDGE_CURVE ( 'NONE', #1511, #1538, #1984, .T. ) ;
#1322 = CARTESIAN_POINT ( 'NONE',  ( -17.14800787051146358, 3.750000000000000000, -4.999500000000000277 ) ) ;
#1323 = MANIFOLD_SOLID_BREP ( 'Cut-Extrude12[1]', #3782 ) ;
#1324 = DIRECTION ( 'NONE',  ( -1.000000000000000000, 1.031027462301852316E-15, -1.817979594551889569E-16 ) ) ;
#1325 = FACE_OUTER_BOUND ( 'NONE', #1120, .T. ) ;
#1326 = ORIENTED_EDGE ( 'NONE', *, *, #348, .F. ) ;
#1327 = ORIENTED_EDGE ( 'NONE', *, *, #2904, .F. ) ;
#1328 = ORIENTED_EDGE ( 'NONE', *, *, #667, .T. ) ;
#1329 = LINE ( 'NONE', #391, #3131 ) ;
#1330 = DIRECTION ( 'NONE',  ( -0.5000000000000014433, 0.000000000000000000, -0.8660254037844379305 ) ) ;
#1331 = CARTESIAN_POINT ( 'NONE',  ( -30.99979317598215545, -3.221548738700036996, 9.134630718347983347 ) ) ;
#1332 = DIRECTION ( 'NONE',  ( -1.000000000000000000, -1.031027462301852710E-15, 1.817979594551890555E-16 ) ) ;
#1333 = CYLINDRICAL_SURFACE ( 'NONE', #445, 1.499999999999995781 ) ;
#1334 = CARTESIAN_POINT ( 'NONE',  ( -13.68999999999999950, 11.99890312204050957, 5.765002004777338485 ) ) ;
#1335 = ORIENTED_EDGE ( 'NONE', *, *, #2033, .F. ) ;
#1336 = EDGE_LOOP ( 'NONE', ( #2234, #2737, #8, #3206 ) ) ;
#1337 = VERTEX_POINT ( 'NONE', #1681 ) ;
#1338 = LINE ( 'NONE', #78, #833 ) ;
#1339 = EDGE_CURVE ( 'NONE', #465, #1177, #947, .T. ) ;
#1340 = CARTESIAN_POINT ( 'NONE',  ( -1.200000000000000622, -10.59999999999999787, 4.271875000000005862 ) ) ;
#1341 = DIRECTION ( 'NONE',  ( -0.000000000000000000, -0.1736481776669205057, -0.9848077530122097967 ) ) ;
#1342 = EDGE_CURVE ( 'NONE', #2692, #1741, #2900, .T. ) ;
#1343 =( BOUNDED_CURVE ( )  B_SPLINE_CURVE ( 3, ( #3226, #3817, #2945, #442 ),
 .UNSPECIFIED., .F., .T. ) 
 B_SPLINE_CURVE_WITH_KNOTS ( ( 4, 4 ),
 ( 0.000000000000000000, 1.570796326794896780 ),
 .UNSPECIFIED. ) 
 CURVE ( )  GEOMETRIC_REPRESENTATION_ITEM ( )  RATIONAL_B_SPLINE_CURVE ( ( 1.000000000000000000, 0.8047378541243649375, 0.8047378541243649375, 1.000000000000000000 ) ) 
 REPRESENTATION_ITEM ( '' )  );
#1344 = EDGE_CURVE ( 'NONE', #2244, #725, #1719, .T. ) ;
#1345 = VECTOR ( 'NONE', #3678, 1000.000000000000000 ) ;
#1346 = DIRECTION ( 'NONE',  ( 0.000000000000000000, 0.1736481776669235588, 0.9848077530122092416 ) ) ;
#1347 = VERTEX_POINT ( 'NONE', #1702 ) ;
#1348 = ORIENTED_EDGE ( 'NONE', *, *, #969, .T. ) ;
#1349 = VERTEX_POINT ( 'NONE', #794 ) ;
#1350 = CARTESIAN_POINT ( 'NONE',  ( -0.5000000000000004441, -9.089507854424077493, 11.70787676185863013 ) ) ;
#1351 = CARTESIAN_POINT ( 'NONE',  ( -1.200000000000001510, 0.000000000000000000, 0.000000000000000000 ) ) ;
#1352 = DIRECTION ( 'NONE',  ( -8.095798021000292727E-17, 0.9848077530122094636, -0.1736481776669220045 ) ) ;
#1353 = DIRECTION ( 'NONE',  ( -0.000000000000000000, -0.000000000000000000, -1.000000000000000000 ) ) ;
#1354 = CARTESIAN_POINT ( 'NONE',  ( -0.02500000000000101794, -2.848001607888265951, -5.499500000000000277 ) ) ;
#1355 = ORIENTED_EDGE ( 'NONE', *, *, #1827, .T. ) ;
#1356 = ORIENTED_EDGE ( 'NONE', *, *, #1728, .F. ) ;
#1357 = ORIENTED_EDGE ( 'NONE', *, *, #2632, .F. ) ;
#1358 = DIRECTION ( 'NONE',  ( -0.6104124877388408255, 0.5467532281777067737, 0.5731121201734752368 ) ) ;
#1359 = CARTESIAN_POINT ( 'NONE',  ( -3.434717018721731741, -9.895190255965552240, 9.936312810931720918 ) ) ;
#1360 = ADVANCED_FACE ( 'NONE', ( #3862 ), #181, .T. ) ;
#1361 = CARTESIAN_POINT ( 'NONE',  ( -16.68999999999998352, -4.483009823111577141, 9.686634562581376784 ) ) ;
#1362 = CARTESIAN_POINT ( 'NONE',  ( -13.14855715851497386, -6.318521083986588849, 8.994858109382187550 ) ) ;
#1363 = EDGE_CURVE ( 'NONE', #3150, #3225, #3903, .T. ) ;
#1364 = ORIENTED_EDGE ( 'NONE', *, *, #3853, .F. ) ;
#1365 = ORIENTED_EDGE ( 'NONE', *, *, #3869, .F. ) ;
#1366 = EDGE_LOOP ( 'NONE', ( #1978, #3275, #3343, #376, #3159, #1216 ) ) ;
#1367 = FACE_OUTER_BOUND ( 'NONE', #2296, .T. ) ;
#1368 = CARTESIAN_POINT ( 'NONE',  ( -2.527308230867060690, 4.923648177661520187, 7.713839350695869790 ) ) ;
#1369 = EDGE_CURVE ( 'NONE', #1841, #1019, #2050, .T. ) ;
#1370 = DIRECTION ( 'NONE',  ( -1.000000000000000000, 1.031027462301852316E-15, -1.817979594551889569E-16 ) ) ;
#1371 = CARTESIAN_POINT ( 'NONE',  ( -11.20000000000000107, -7.232098697301574397, 14.68050190187159387 ) ) ;
#1372 = CARTESIAN_POINT ( 'NONE',  ( -13.69000000000002260, 12.86423366011706015, 5.612420883683465256 ) ) ;
#1373 = ORIENTED_EDGE ( 'NONE', *, *, #2639, .T. ) ;
#1374 = EDGE_LOOP ( 'NONE', ( #1226, #672, #2772, #3885, #389, #1492, #3659, #2806, #2696, #1280, #3301 ) ) ;
#1375 = ORIENTED_EDGE ( 'NONE', *, *, #3926, .T. ) ;
#1376 = CARTESIAN_POINT ( 'NONE',  ( 0.000000000000000000, 4.999999999999999112, 3.290000000000004032 ) ) ;
#1377 = AXIS2_PLACEMENT_3D ( 'NONE', #1171, #2684, #2987 ) ;
#1378 = CARTESIAN_POINT ( 'NONE',  ( -0.02499999999999895361, -12.74130461084057053, -6.123106550174093776 ) ) ;
#1379 = VECTOR ( 'NONE', #2417, 1000.000000000000227 ) ;
#1380 = VECTOR ( 'NONE', #2487, 1000.000000000000000 ) ;
#1381 = DIRECTION ( 'NONE',  ( 0.000000000000000000, 0.000000000000000000, -1.000000000000000000 ) ) ;
#1382 = DIRECTION ( 'NONE',  ( -0.000000000000000000, 1.000000000000000000, -0.000000000000000000 ) ) ;
#1383 = DIRECTION ( 'NONE',  ( 0.000000000000000000, 0.000000000000000000, 1.000000000000000000 ) ) ;
#1384 = ORIENTED_EDGE ( 'NONE', *, *, #216, .F. ) ;
#1385 = ORIENTED_EDGE ( 'NONE', *, *, #390, .T. ) ;
#1386 = VERTEX_POINT ( 'NONE', #1437 ) ;
#1387 = EDGE_LOOP ( 'NONE', ( #3763, #3617, #2182, #431, #356, #3995 ) ) ;
#1388 = EDGE_CURVE ( 'NONE', #1028, #3448, #2682, .T. ) ;
#1389 = DIRECTION ( 'NONE',  ( 0.8660254037844382635, 0.4924038765061053424, -0.08682408883346187656 ) ) ;
#1390 = CARTESIAN_POINT ( 'NONE',  ( -2.220047018339166733, -10.59999999999998899, 11.39853845279516875 ) ) ;
#1391 = EDGE_CURVE ( 'NONE', #673, #2377, #1206, .T. ) ;
#1392 = DIRECTION ( 'NONE',  ( 0.000000000000000000, 0.000000000000000000, 1.000000000000000000 ) ) ;
#1393 = LINE ( 'NONE', #501, #1788 ) ;
#1394 = FACE_OUTER_BOUND ( 'NONE', #3437, .T. ) ;
#1395 = ORIENTED_EDGE ( 'NONE', *, *, #193, .F. ) ;
#1396 = VERTEX_POINT ( 'NONE', #1798 ) ;
#1397 = CARTESIAN_POINT ( 'NONE',  ( -4.699999999999999289, 2.423648177666922532, 8.154656802466057286 ) ) ;
#1398 = DIRECTION ( 'NONE',  ( -0.4999999999999976130, -0.8528685319524454966, 0.1503837331804297739 ) ) ;
#1399 = EDGE_LOOP ( 'NONE', ( #1078, #3897, #1259, #2934 ) ) ;
#1400 = DIRECTION ( 'NONE',  ( 1.224099226999764518E-16, -0.9848077530122094636, 0.1736481776669220045 ) ) ;
#1401 = CARTESIAN_POINT ( 'NONE',  ( -17.14800787051146358, 4.750000000000000888, 6.729031597682705090 ) ) ;
#1402 = VERTEX_POINT ( 'NONE', #3081 ) ;
#1403 = ORIENTED_EDGE ( 'NONE', *, *, #1344, .F. ) ;
#1404 = CARTESIAN_POINT ( 'NONE',  ( -16.68238455713322210, -8.264125691647963734, 17.39330971215996513 ) ) ;
#1405 = VECTOR ( 'NONE', #2808, 1000.000000000000000 ) ;
#1406 = DIRECTION ( 'NONE',  ( -0.3779644730092284743, 0.6546536707079767536, 0.6546536707079767536 ) ) ;
#1407 = EDGE_CURVE ( 'NONE', #3816, #2309, #1817, .T. ) ;
#1408 = SURFACE_STYLE_USAGE ( .BOTH. , #3371 ) ;
#1409 = CARTESIAN_POINT ( 'NONE',  ( -2.580308370582907962, -8.642248473930015606, 5.753553390593274308 ) ) ;
#1410 = DIRECTION ( 'NONE',  ( 1.000000000000000000, -0.000000000000000000, -0.000000000000000000 ) ) ;
#1411 = ORIENTED_EDGE ( 'NONE', *, *, #1869, .F. ) ;
#1412 = CIRCLE ( 'NONE', #887, 3.087500000000000799 ) ;
#1413 = ORIENTED_EDGE ( 'NONE', *, *, #642, .T. ) ;
#1414 = ADVANCED_FACE ( 'NONE', ( #241 ), #962, .T. ) ;
#1415 = CARTESIAN_POINT ( 'NONE',  ( -15.68999999999999950, 12.58092058510081301, 7.379082238515654701 ) ) ;
#1416 = CARTESIAN_POINT ( 'NONE',  ( -0.02499999999999030775, 4.750000000000000888, 6.729031597682705090 ) ) ;
#1417 = ORIENTED_EDGE ( 'NONE', *, *, #1734, .T. ) ;
#1418 = EDGE_CURVE ( 'NONE', #1177, #465, #448, .T. ) ;
#1419 = CIRCLE ( 'NONE', #3497, 1.499999999999999778 ) ;
#1420 = DIRECTION ( 'NONE',  ( -1.000000000000000000, 0.000000000000000000, 0.000000000000000000 ) ) ;
#1421 = VECTOR ( 'NONE', #3997, 1000.000000000000000 ) ;
#1422 = CARTESIAN_POINT ( 'NONE',  ( -2.431017920999829052, -8.900827117692704959, 4.650000000000001243 ) ) ;
#1423 = ORIENTED_EDGE ( 'NONE', *, *, #822, .T. ) ;
#1424 = ORIENTED_EDGE ( 'NONE', *, *, #3452, .T. ) ;
#1425 = CARTESIAN_POINT ( 'NONE',  ( -2.633012701892218033, -8.550961894323346968, 10.83994474078947690 ) ) ;
#1426 = CARTESIAN_POINT ( 'NONE',  ( -1.449999999999999512, -10.59999999999999609, 0.000000000000000000 ) ) ;
#1427 = VERTEX_POINT ( 'NONE', #2087 ) ;
#1428 = EDGE_CURVE ( 'NONE', #294, #3089, #847, .T. ) ;
#1429 = LINE ( 'NONE', #3261, #3156 ) ;
#1430 = LINE ( 'NONE', #807, #735 ) ;
#1431 = ORIENTED_EDGE ( 'NONE', *, *, #908, .T. ) ;
#1432 = EDGE_LOOP ( 'NONE', ( #2727, #2754, #3564, #1643, #726 ) ) ;
#1433 = CARTESIAN_POINT ( 'NONE',  ( -1.200000000000009059, -10.59999999999999787, 1.759375000000007461 ) ) ;
#1434 = CARTESIAN_POINT ( 'NONE',  ( -0.02500000000000071609, 2.250000000000000888, -4.999500000000000277 ) ) ;
#1435 = ADVANCED_FACE ( 'NONE', ( #3689 ), #3654, .F. ) ;
#1436 = EDGE_LOOP ( 'NONE', ( #3551, #2837 ) ) ;
#1437 = CARTESIAN_POINT ( 'NONE',  ( -1.449999999999999512, -10.59999999999999609, 4.900000000000005684 ) ) ;
#1438 = DIRECTION ( 'NONE',  ( 1.000000000000000000, -0.000000000000000000, -0.000000000000000000 ) ) ;
#1439 = ADVANCED_FACE ( 'NONE', ( #3004 ), #3958, .F. ) ;
#1440 = AXIS2_PLACEMENT_3D ( 'NONE', #2909, #2358, #2032 ) ;
#1441 = DIRECTION ( 'NONE',  ( -1.000000000000000000, -1.225394005923294733E-16, -0.000000000000000000 ) ) ;
#1442 = ORIENTED_EDGE ( 'NONE', *, *, #3586, .F. ) ;
#1443 = VECTOR ( 'NONE', #890, 1000.000000000000000 ) ;
#1444 =( BOUNDED_CURVE ( )  B_SPLINE_CURVE ( 3, ( #3209, #3840, #487, #1981 ),
 .UNSPECIFIED., .F., .T. ) 
 B_SPLINE_CURVE_WITH_KNOTS ( ( 4, 4 ),
 ( 3.316125578789230754, 4.712388980384689674 ),
 .UNSPECIFIED. ) 
 CURVE ( )  GEOMETRIC_REPRESENTATION_ITEM ( )  RATIONAL_B_SPLINE_CURVE ( ( 1.000000000000000000, 0.8440296287459864155, 0.8440296287459864155, 1.000000000000000000 ) ) 
 REPRESENTATION_ITEM ( '' )  );
#1445 = CARTESIAN_POINT ( 'NONE',  ( -16.43021315003304039, -10.21726821233703575, 10.32664074079532668 ) ) ;
#1446 = LINE ( 'NONE', #820, #2291 ) ;
#1447 = VERTEX_POINT ( 'NONE', #607 ) ;
#1448 = VERTEX_POINT ( 'NONE', #883 ) ;
#1449 = CARTESIAN_POINT ( 'NONE',  ( -0.2841844339609269077, -8.618560593633407763, 10.67092846605903489 ) ) ;
#1450 = CARTESIAN_POINT ( 'NONE',  ( -0.02499999999999030775, 4.750000000000000888, 6.729031597682705090 ) ) ;
#1451 = CIRCLE ( 'NONE', #3208, 1.000000000000005995 ) ;
#1452 = ORIENTED_EDGE ( 'NONE', *, *, #2578, .F. ) ;
#1453 = CARTESIAN_POINT ( 'NONE',  ( -0.5000000000000004441, -9.581911730930183779, 11.79470085069209162 ) ) ;
#1454 = AXIS2_PLACEMENT_3D ( 'NONE', #1351, #3485, #1023 ) ;
#1455 = ORIENTED_EDGE ( 'NONE', *, *, #3053, .T. ) ;
#1456 = EDGE_CURVE ( 'NONE', #2791, #594, #1053, .T. ) ;
#1457 = DIRECTION ( 'NONE',  ( 1.000000000000000000, 0.000000000000000000, 0.000000000000000000 ) ) ;
#1458 = LINE ( 'NONE', #2740, #1239 ) ;
#1459 = DIRECTION ( 'NONE',  ( -0.8660254037844379305, 0.000000000000000000, 0.5000000000000014433 ) ) ;
#1460 = EDGE_CURVE ( 'NONE', #2501, #1141, #587, .T. ) ;
#1461 = DIRECTION ( 'NONE',  ( 0.000000000000000000, 0.1736481776669235588, 0.9848077530122092416 ) ) ;
#1462 = FACE_OUTER_BOUND ( 'NONE', #430, .T. ) ;
#1463 = ORIENTED_EDGE ( 'NONE', *, *, #1596, .T. ) ;
#1464 = ADVANCED_FACE ( 'NONE', ( #1776 ), #1529, .T. ) ;
#1465 = VERTEX_POINT ( 'NONE', #1758 ) ;
#1466 = CARTESIAN_POINT ( 'NONE',  ( -16.68999999999999773, 11.99890312204048115, 5.765002004777338485 ) ) ;
#1467 = CARTESIAN_POINT ( 'NONE',  ( -4.888125556634516755, 2.653382045604023354, -4.576670965836721727 ) ) ;
#1468 = ORIENTED_EDGE ( 'NONE', *, *, #3035, .F. ) ;
#1469 = VECTOR ( 'NONE', #2427, 999.9999999999998863 ) ;
#1470 = CARTESIAN_POINT ( 'NONE',  ( -0.02500000000000472677, -6.694631324239790793, -5.166570696033986998 ) ) ;
#1471 = CARTESIAN_POINT ( 'NONE',  ( -0.1417368438868554792, -6.483222321492356777, -5.273606474016514944 ) ) ;
#1472 = CARTESIAN_POINT ( 'NONE',  ( -12.17427857925748391, -7.980384167194680245, 9.287889409195118517 ) ) ;
#1473 = ORIENTED_EDGE ( 'NONE', *, *, #3823, .T. ) ;
#1474 = DIRECTION ( 'NONE',  ( 0.000000000000000000, 0.9848077530122095746, -0.1736481776669216159 ) ) ;
#1475 = DIRECTION ( 'NONE',  ( 1.760504077399226339E-15, -0.1736481776669244192, -0.9848077530122092416 ) ) ;
#1476 = EDGE_CURVE ( 'NONE', #3320, #2626, #903, .T. ) ;
#1477 = AXIS2_PLACEMENT_3D ( 'NONE', #2171, #3418, #2747 ) ;
#1478 = DIRECTION ( 'NONE',  ( 0.4803844614152624759, -0.8320502943378424998, -0.2773500981126162945 ) ) ;
#1479 = AXIS2_PLACEMENT_3D ( 'NONE', #508, #1420, #2665 ) ;
#1480 = ADVANCED_FACE ( 'NONE', ( #3709, #3045 ), #260, .T. ) ;
#1481 = CARTESIAN_POINT ( 'NONE',  ( -3.699999999999998401, -5.299999999999998046, -2.411999999999999922 ) ) ;
#1482 = DIRECTION ( 'NONE',  ( 0.8660254037844401509, 0.000000000000000000, 0.4999999999999974465 ) ) ;
#1483 = VERTEX_POINT ( 'NONE', #2121 ) ;
#1484 = EDGE_LOOP ( 'NONE', ( #1455, #1644, #1685, #2458 ) ) ;
#1485 = VECTOR ( 'NONE', #1736, 999.9999999999998863 ) ;
#1486 = EDGE_CURVE ( 'NONE', #3788, #3060, #4014, .T. ) ;
#1487 = CARTESIAN_POINT ( 'NONE',  ( -16.87470748512143004, -8.642248473930015606, 5.753553390593274308 ) ) ;
#1488 = CARTESIAN_POINT ( 'NONE',  ( -3.404945385780298484, -9.204512442789734905, 8.712194017207490759 ) ) ;
#1489 = DIRECTION ( 'NONE',  ( 0.000000000000000000, 0.000000000000000000, 1.000000000000000000 ) ) ;
#1490 = DIRECTION ( 'NONE',  ( 1.226773100365861064E-16, -1.000000000000000000, 0.000000000000000000 ) ) ;
#1491 = DIRECTION ( 'NONE',  ( 1.031027462301852710E-15, -1.000000000000000000, 0.000000000000000000 ) ) ;
#1492 = ORIENTED_EDGE ( 'NONE', *, *, #2428, .F. ) ;
#1493 = DIRECTION ( 'NONE',  ( 0.000000000000000000, -0.1736481776669229482, -0.9848077530122093526 ) ) ;
#1494 = VECTOR ( 'NONE', #3658, 1000.000000000000000 ) ;
#1495 = CARTESIAN_POINT ( 'NONE',  ( -30.99979317598215545, 11.99890312204050957, 5.765002004777337596 ) ) ;
#1496 = CIRCLE ( 'NONE', #80, 1.999999999999997335 ) ;
#1497 = APPLICATION_PROTOCOL_DEFINITION ( 'draft international standard', 'automotive_design', 1998, #745 ) ;
#1498 = LINE ( 'NONE', #870, #1379 ) ;
#1499 = ORIENTED_EDGE ( 'NONE', *, *, #3578, .T. ) ;
#1500 = AXIS2_PLACEMENT_3D ( 'NONE', #3153, #1646, #1928 ) ;
#1501 = VECTOR ( 'NONE', #1346, 1000.000000000000114 ) ;
#1502 = ORIENTED_EDGE ( 'NONE', *, *, #3297, .F. ) ;
#1503 = EDGE_CURVE ( 'NONE', #2275, #1883, #2066, .T. ) ;
#1504 = CYLINDRICAL_SURFACE ( 'NONE', #1477, 1.499999999999999556 ) ;
#1505 = CARTESIAN_POINT ( 'NONE',  ( -0.02500000000000071609, 7.359303406860246533, 7.598515226136655976 ) ) ;
#1506 = EDGE_CURVE ( 'NONE', #3512, #3857, #2141, .T. ) ;
#1507 = CARTESIAN_POINT ( 'NONE',  ( -15.61679526518477168, -8.351503099339767644, 17.39330971215995092 ) ) ;
#1508 = FACE_OUTER_BOUND ( 'NONE', #527, .T. ) ;
#1509 = CARTESIAN_POINT ( 'NONE',  ( -3.699999999999998845, -8.435458847913746894, 8.368515036251393369 ) ) ;
#1510 = CARTESIAN_POINT ( 'NONE',  ( -0.5000000000000004441, -9.828714728858045646, 16.15378197866036203 ) ) ;
#1511 = VERTEX_POINT ( 'NONE', #2794 ) ;
#1512 = ORIENTED_EDGE ( 'NONE', *, *, #3391, .T. ) ;
#1513 = CARTESIAN_POINT ( 'NONE',  ( -0.02499999999999472783, -8.642248473930015606, -6.123106550174093776 ) ) ;
#1514 = DIRECTION ( 'NONE',  ( 1.225394005923294733E-16, -1.000000000000000000, 0.000000000000000000 ) ) ;
#1515 = CARTESIAN_POINT ( 'NONE',  ( -1.562648137834734774, -10.59999999999999787, 4.062500000000006217 ) ) ;
#1516 = DIRECTION ( 'NONE',  ( 0.000000000000000000, -1.000000000000000000, 0.000000000000000000 ) ) ;
#1517 = VERTEX_POINT ( 'NONE', #3428 ) ;
#1518 = ORIENTED_EDGE ( 'NONE', *, *, #126, .F. ) ;
#1519 = CARTESIAN_POINT ( 'NONE',  ( -2.633012701892218033, -8.550961894323346968, 0.000000000000000000 ) ) ;
#1520 = CARTESIAN_POINT ( 'NONE',  ( -16.87470748512143004, -7.872768491406145763, 9.970192865839937468 ) ) ;
#1521 = EDGE_CURVE ( 'NONE', #2755, #2225, #1915, .T. ) ;
#1522 = LINE ( 'NONE', #677, #2451 ) ;
#1523 = DIRECTION ( 'NONE',  ( -1.000000000000000000, 0.000000000000000000, 0.000000000000000000 ) ) ;
#1524 = LINE ( 'NONE', #3140, #1887 ) ;
#1525 = CARTESIAN_POINT ( 'NONE',  ( -28.92807245819994577, 12.87170503774819252, 7.835522399886253986 ) ) ;
#1526 = EDGE_CURVE ( 'NONE', #3291, #2266, #2041, .T. ) ;
#1527 = ORIENTED_EDGE ( 'NONE', *, *, #1314, .T. ) ;
#1528 = ORIENTED_EDGE ( 'NONE', *, *, #3218, .T. ) ;
#1529 = CYLINDRICAL_SURFACE ( 'NONE', #3170, 1.499999999999999556 ) ;
#1530 = LINE ( 'NONE', #3451, #2410 ) ;
#1531 = EDGE_CURVE ( 'NONE', #465, #3896, #645, .T. ) ;
#1532 = CARTESIAN_POINT ( 'NONE',  ( -1.200000000000004619, -10.59999999999999787, 3.015625000000006661 ) ) ;
#1533 = CARTESIAN_POINT ( 'NONE',  ( -1.950000000000001732, -10.59999999999999787, -4.238882310146869337 ) ) ;
#1534 = DIRECTION ( 'NONE',  ( 0.000000000000000000, -0.9848077530122093526, 0.1736481776669229204 ) ) ;
#1535 = ORIENTED_EDGE ( 'NONE', *, *, #3926, .F. ) ;
#1536 = ORIENTED_EDGE ( 'NONE', *, *, #2581, .T. ) ;
#1537 = AXIS2_PLACEMENT_3D ( 'NONE', #3934, #3304, #1149 ) ;
#1538 = VERTEX_POINT ( 'NONE', #3185 ) ;
#1539 = VECTOR ( 'NONE', #3407, 999.9999999999998863 ) ;
#1540 = PLANE ( 'NONE',  #563 ) ;
#1541 = DIRECTION ( 'NONE',  ( 0.000000000000000000, 0.9848077530122090195, -0.1736481776669250021 ) ) ;
#1542 = VECTOR ( 'NONE', #2285, 1000.000000000000000 ) ;
#1543 = DIRECTION ( 'NONE',  ( 0.8660254037844387076, 0.000000000000000000, 0.4999999999999997780 ) ) ;
#1544 = DIRECTION ( 'NONE',  ( -0.4999999999999974465, 0.000000000000000000, 0.8660254037844401509 ) ) ;
#1545 = LINE ( 'NONE', #2158, #2828 ) ;
#1546 = ORIENTED_EDGE ( 'NONE', *, *, #1961, .T. ) ;
#1547 = VERTEX_POINT ( 'NONE', #945 ) ;
#1548 = DIRECTION ( 'NONE',  ( -0.8660254037844379305, 0.000000000000000000, 0.5000000000000014433 ) ) ;
#1549 = ADVANCED_FACE ( 'NONE', ( #3450 ), #55, .T. ) ;
#1550 = CARTESIAN_POINT ( 'NONE',  ( -2.699999999999999289, -10.59999999999999432, -3.108461733501795443 ) ) ;
#1551 = DIRECTION ( 'NONE',  ( 0.000000000000000000, 0.1736481776669251131, 0.9848077530122090195 ) ) ;
#1552 = CARTESIAN_POINT ( 'NONE',  ( -0.5000000000000000000, -10.59999999999999609, 11.08795098915741661 ) ) ;
#1553 = EDGE_CURVE ( 'NONE', #1977, #1946, #1271, .T. ) ;
#1554 = DIRECTION ( 'NONE',  ( 1.000000000000000000, -0.000000000000000000, -0.000000000000000000 ) ) ;
#1555 = CARTESIAN_POINT ( 'NONE',  ( -0.02500000000000000139, -9.828714728858045646, 16.15378197866035848 ) ) ;
#1556 = VERTEX_POINT ( 'NONE', #624 ) ;
#1557 = ORIENTED_EDGE ( 'NONE', *, *, #2058, .F. ) ;
#1558 = ORIENTED_EDGE ( 'NONE', *, *, #3672, .F. ) ;
#1559 = CIRCLE ( 'NONE', #2611, 1.674000000000000599 ) ;
#1560 = CYLINDRICAL_SURFACE ( 'NONE', #2644, 1.000000000000000000 ) ;
#1561 = DIRECTION ( 'NONE',  ( 1.084016012482792148E-16, -0.8846265015520630159, 0.4663002817410233924 ) ) ;
#1562 = AXIS2_PLACEMENT_3D ( 'NONE', #2800, #60, #1576 ) ;
#1563 = CIRCLE ( 'NONE', #3037, 1.000000000000012212 ) ;
#1564 = CARTESIAN_POINT ( 'NONE',  ( -1.562648137834731887, -9.236237314317673253, 4.900000000000005684 ) ) ;
#1565 = DIRECTION ( 'NONE',  ( 0.000000000000000000, 0.1736481776669214216, 0.9848077530122095746 ) ) ;
#1566 = PLANE ( 'NONE',  #2474 ) ;
#1567 = CARTESIAN_POINT ( 'NONE',  ( -3.608388489494255946, -8.836682855116411162, 8.486426079077752149 ) ) ;
#1568 = AXIS2_PLACEMENT_3D ( 'NONE', #2956, #2971, #1482 ) ;
#1569 = VERTEX_POINT ( 'NONE', #2816 ) ;
#1570 = ORIENTED_EDGE ( 'NONE', *, *, #416, .F. ) ;
#1571 = CARTESIAN_POINT ( 'NONE',  ( -2.700000000000000178, 2.542893218813452538, 9.149057296281968732 ) ) ;
#1572 = DIRECTION ( 'NONE',  ( 1.000000000000000000, -0.000000000000000000, -0.000000000000000000 ) ) ;
#1573 = EDGE_CURVE ( 'NONE', #1631, #2354, #1338, .T. ) ;
#1574 = DIRECTION ( 'NONE',  ( -0.8660254037844379305, 0.000000000000000000, 0.5000000000000014433 ) ) ;
#1575 = PLANE ( 'NONE',  #1619 ) ;
#1576 = DIRECTION ( 'NONE',  ( -1.000000000000000000, 0.000000000000000000, 0.000000000000000000 ) ) ;
#1577 = EDGE_CURVE ( 'NONE', #1000, #1196, #2564, .T. ) ;
#1578 = EDGE_CURVE ( 'NONE', #756, #2847, #2557, .T. ) ;
#1579 = EDGE_LOOP ( 'NONE', ( #429, #1732 ) ) ;
#1580 = VERTEX_POINT ( 'NONE', #33 ) ;
#1581 = ORIENTED_EDGE ( 'NONE', *, *, #3661, .F. ) ;
#1582 = FACE_OUTER_BOUND ( 'NONE', #1059, .T. ) ;
#1583 = EDGE_CURVE ( 'NONE', #1756, #1038, #2658, .T. ) ;
#1584 = LINE ( 'NONE', #3117, #1095 ) ;
#1585 = CARTESIAN_POINT ( 'NONE',  ( -11.20000000000000107, -7.622807097052151981, 12.46468445759412447 ) ) ;
#1586 = CARTESIAN_POINT ( 'NONE',  ( -16.68999999999998352, 12.77000956099265139, 10.13816393299717511 ) ) ;
#1587 = DIRECTION ( 'NONE',  ( 0.000000000000000000, -1.000000000000000000, -0.000000000000000000 ) ) ;
#1588 = EDGE_LOOP ( 'NONE', ( #3426, #2944, #1373, #259, #3011, #3234, #218, #3306 ) ) ;
#1589 = ORIENTED_EDGE ( 'NONE', *, *, #3823, .F. ) ;
#1590 = DIRECTION ( 'NONE',  ( 8.659560562355117747E-17, -0.8191520442889987930, -0.5735764363510360564 ) ) ;
#1591 = LINE ( 'NONE', #358, #3062 ) ;
#1592 =( BOUNDED_SURFACE ( )  B_SPLINE_SURFACE ( 3, 2, ( 
 ( #434, #2852, #1082 ),
 ( #1368, #130, #3154 ),
 ( #2547, #1996, #1690 ),
 ( #2610, #3851, #1062 ),
 ( #3790, #2238, #2300 ),
 ( #3239, #2631, #2991 ),
 ( #2346, #3588, #1783 ),
 ( #1138, #2326, #2073 ),
 ( #3334, #2399, #3033 ),
 ( #2056, #3605, #2381 ) ),
 .UNSPECIFIED., .F., .F., .F. ) 
 B_SPLINE_SURFACE_WITH_KNOTS ( ( 4, 2, 2, 2, 4 ),
 ( 3, 3 ),
 ( 3.141592653589793116, 3.534291735288517255, 3.926990816987241395, 4.319689898685965090, 4.712388980384689674 ),
 ( 0.000000000000000000, 1.000000000000000000 ),
 .UNSPECIFIED. ) 
 GEOMETRIC_REPRESENTATION_ITEM ( )  RATIONAL_B_SPLINE_SURFACE ( (
 ( 1.000000000000000000, 0.6427876096865424715, 1.000000000000000000),
 ( 1.000000000000000000, 0.6427771212814420432, 1.000000000000000000),
 ( 1.000000000000000000, 0.6445517631953460169, 1.000000000000000000),
 ( 1.000000000000000000, 0.6512645839739946707, 1.000000000000000000),
 ( 1.000000000000000000, 0.6562061167034608511, 1.000000000000000000),
 ( 1.000000000000000000, 0.6683407462130855903, 1.000000000000000000),
 ( 1.000000000000000000, 0.6755240865245295545, 1.000000000000000000),
 ( 1.000000000000000000, 0.6908929210880655480, 1.000000000000000000),
 ( 1.000000000000000000, 0.6990715672639706835, 1.000000000000000000),
 ( 1.000000000000000000, 0.7071067811865476838, 1.000000000000000000) ) ) 
 REPRESENTATION_ITEM ( '' )  SURFACE ( )  );
#1593 = DIRECTION ( 'NONE',  ( 1.219727444046195693E-16, -1.000000000000000000, 0.000000000000000000 ) ) ;
#1594 = DIRECTION ( 'NONE',  ( 0.000000000000000000, 0.000000000000000000, 1.000000000000000000 ) ) ;
#1595 = CARTESIAN_POINT ( 'NONE',  ( -0.5000000000000001110, -9.480584320208677696, 12.36935715294594296 ) ) ;
#1596 = EDGE_CURVE ( 'NONE', #62, #935, #10, .T. ) ;
#1597 = AXIS2_PLACEMENT_3D ( 'NONE', #531, #1761, #3942 ) ;
#1598 = ORIENTED_EDGE ( 'NONE', *, *, #2908, .F. ) ;
#1599 = ORIENTED_EDGE ( 'NONE', *, *, #1982, .F. ) ;
#1600 = ORIENTED_EDGE ( 'NONE', *, *, #169, .F. ) ;
#1601 = EDGE_CURVE ( 'NONE', #3669, #1402, #1854, .T. ) ;
#1602 = CARTESIAN_POINT ( 'NONE',  ( -3.699999999999999289, 2.250000000000000444, 7.169849049453848266 ) ) ;
#1603 = FACE_BOUND ( 'NONE', #1436, .T. ) ;
#1604 = VECTOR ( 'NONE', #3056, 1000.000000000000114 ) ;
#1605 = AXIS2_PLACEMENT_3D ( 'NONE', #380, #2184, #1614 ) ;
#1606 = DIRECTION ( 'NONE',  ( 0.8660254037844400399, 0.000000000000000000, 0.4999999999999975020 ) ) ;
#1607 = EDGE_CURVE ( 'NONE', #2638, #1141, #1896, .T. ) ;
#1608 = LINE ( 'NONE', #70, #3759 ) ;
#1609 = CARTESIAN_POINT ( 'NONE',  ( -30.99979317598215545, -4.656658000778498341, 8.701826809569167764 ) ) ;
#1610 = CARTESIAN_POINT ( 'NONE',  ( -1.449999999999999512, -10.59999999999999609, 0.000000000000000000 ) ) ;
#1611 = ORIENTED_EDGE ( 'NONE', *, *, #38, .F. ) ;
#1612 = ORIENTED_EDGE ( 'NONE', *, *, #4020, .T. ) ;
#1613 = VERTEX_POINT ( 'NONE', #3101 ) ;
#1614 = DIRECTION ( 'NONE',  ( 0.000000000000000000, 0.000000000000000000, 1.000000000000000000 ) ) ;
#1615 = AXIS2_PLACEMENT_3D ( 'NONE', #1434, #2660, #2064 ) ;
#1616 = CARTESIAN_POINT ( 'NONE',  ( -1.720971012710460268, -10.13066443860708965, 1.877342245571636870 ) ) ;
#1617 = CARTESIAN_POINT ( 'NONE',  ( -11.20000000000000107, -4.311722424856698765, 12.38856420041872397 ) ) ;
#1618 = CARTESIAN_POINT ( 'NONE',  ( -12.17427857925748391, -7.773634305660026556, 10.46042614012512573 ) ) ;
#1619 = AXIS2_PLACEMENT_3D ( 'NONE', #730, #3147, #2867 ) ;
#1620 = ORIENTED_EDGE ( 'NONE', *, *, #3280, .F. ) ;
#1621 = ORIENTED_EDGE ( 'NONE', *, *, #1711, .T. ) ;
#1622 = ORIENTED_EDGE ( 'NONE', *, *, #3503, .T. ) ;
#1623 = DIRECTION ( 'NONE',  ( 1.225394005923294733E-16, -1.000000000000000000, -1.148823494024375695E-16 ) ) ;
#1624 = LINE ( 'NONE', #460, #2091 ) ;
#1625 = ADVANCED_FACE ( 'NONE', ( #317 ), #3798, .F. ) ;
#1626 = LINE ( 'NONE', #1331, #1670 ) ;
#1627 = CARTESIAN_POINT ( 'NONE',  ( -10.22572142074251111, -7.773634305660023003, 10.46042614012512395 ) ) ;
#1628 = VECTOR ( 'NONE', #3595, 1000.000000000000227 ) ;
#1629 = LINE ( 'NONE', #2857, #3553 ) ;
#1630 = CARTESIAN_POINT ( 'NONE',  ( -15.68999999999999595, -8.698799454673494580, 13.92369420613610487 ) ) ;
#1631 = VERTEX_POINT ( 'NONE', #3162 ) ;
#1632 = ORIENTED_EDGE ( 'NONE', *, *, #3697, .F. ) ;
#1633 = ADVANCED_FACE ( 'NONE', ( #2161 ), #3731, .T. ) ;
#1634 = EDGE_CURVE ( 'NONE', #1196, #780, #2246, .T. ) ;
#1635 = ORIENTED_EDGE ( 'NONE', *, *, #3427, .T. ) ;
#1636 = CARTESIAN_POINT ( 'NONE',  ( -11.20000000000000107, -7.043579131712565555, 12.87026424526676394 ) ) ;
#1637 = FACE_OUTER_BOUND ( 'NONE', #1076, .T. ) ;
#1638 = CARTESIAN_POINT ( 'NONE',  ( -15.32309198342052881, 13.85528540077045179, 13.41368383082762072 ) ) ;
#1639 = DIRECTION ( 'NONE',  ( 0.000000000000000000, -0.7071067811865474617, -0.7071067811865474617 ) ) ;
#1640 = DIRECTION ( 'NONE',  ( 1.000000000000000000, 0.000000000000000000, 0.000000000000000000 ) ) ;
#1641 = AXIS2_PLACEMENT_3D ( 'NONE', #598, #2461, #2827 ) ;
#1642 = ORIENTED_EDGE ( 'NONE', *, *, #1657, .F. ) ;
#1643 = ORIENTED_EDGE ( 'NONE', *, *, #2454, .T. ) ;
#1644 = ORIENTED_EDGE ( 'NONE', *, *, #2535, .F. ) ;
#1645 = B_SPLINE_CURVE_WITH_KNOTS ( 'NONE', 3,
 ( #3733, #1878, #3127, #2818, #1276, #2517 ),
 .UNSPECIFIED., .F., .F.,
 ( 4, 2, 4 ),
 ( 1.939479807224432123E-18, 0.0005533999162369671477, 0.001106799832473932344 ),
 .UNSPECIFIED. ) ;
#1646 = DIRECTION ( 'NONE',  ( 1.908063005009011097E-15, -0.9848077530122092416, 0.1736481776669235311 ) ) ;
#1647 = CARTESIAN_POINT ( 'NONE',  ( -1.949999999999999512, -10.59999999999999609, 10.29684157670540401 ) ) ;
#1648 = CARTESIAN_POINT ( 'NONE',  ( -3.699999999999998401, -6.756695064547433738, 8.757972396347248889 ) ) ;
#1649 = EDGE_CURVE ( 'NONE', #1796, #2256, #2333, .T. ) ;
#1650 = CARTESIAN_POINT ( 'NONE',  ( -15.18999999999998707, 12.77000956099265139, 10.13816393299717511 ) ) ;
#1651 = PLANE ( 'NONE',  #451 ) ;
#1652 = ORIENTED_EDGE ( 'NONE', *, *, #2509, .T. ) ;
#1653 = ORIENTED_EDGE ( 'NONE', *, *, #338, .T. ) ;
#1654 = ORIENTED_EDGE ( 'NONE', *, *, #263, .F. ) ;
#1655 = CYLINDRICAL_SURFACE ( 'NONE', #187, 1.000000000000000222 ) ;
#1656 = CARTESIAN_POINT ( 'NONE',  ( -3.712355299865391256, -8.403947850629515770, 9.362575114632507578 ) ) ;
#1657 = EDGE_CURVE ( 'NONE', #1396, #2649, #505, .T. ) ;
#1658 = VECTOR ( 'NONE', #3560, 1000.000000000000000 ) ;
#1659 = VECTOR ( 'NONE', #2919, 1000.000000000000000 ) ;
#1660 = CARTESIAN_POINT ( 'NONE',  ( -13.14855715851497386, -6.111771222451935159, 10.16739484031219298 ) ) ;
#1661 = ADVANCED_FACE ( 'NONE', ( #2046 ), #3285, .F. ) ;
#1662 = VECTOR ( 'NONE', #3431, 1000.000000000000000 ) ;
#1663 = ORIENTED_EDGE ( 'NONE', *, *, #272, .T. ) ;
#1664 = EDGE_LOOP ( 'NONE', ( #77, #2923, #1528, #2382, #3866, #3592 ) ) ;
#1665 = EDGE_LOOP ( 'NONE', ( #2595, #832, #2988, #3463, #2084 ) ) ;
#1666 = DIRECTION ( 'NONE',  ( -0.5000000000000013323, 0.8660254037844378194, 0.000000000000000000 ) ) ;
#1667 = DIRECTION ( 'NONE',  ( 0.000000000000000000, 0.1736481776669221433, 0.9848077530122095746 ) ) ;
#1668 = LINE ( 'NONE', #2856, #641 ) ;
#1669 = LINE ( 'NONE', #2833, #1659 ) ;
#1670 = VECTOR ( 'NONE', #2876, 1000.000000000000000 ) ;
#1671 = DIRECTION ( 'NONE',  ( -0.5731121201734749038, 0.1945780377377657189, -0.7960413839370318323 ) ) ;
#1672 = VERTEX_POINT ( 'NONE', #750 ) ;
#1673 = ORIENTED_EDGE ( 'NONE', *, *, #1780, .F. ) ;
#1674 = VERTEX_POINT ( 'NONE', #2026 ) ;
#1675 = EDGE_CURVE ( 'NONE', #1945, #1465, #1697, .T. ) ;
#1676 = CARTESIAN_POINT ( 'NONE',  ( -1.200000000000007727, 0.000000000000000000, 2.178125000000007194 ) ) ;
#1677 = VECTOR ( 'NONE', #1293, 1000.000000000000000 ) ;
#1678 = CARTESIAN_POINT ( 'NONE',  ( -30.99979317598215545, 5.643101157183453509, 6.571553767169316274 ) ) ;
#1679 = VECTOR ( 'NONE', #197, 1000.000000000000000 ) ;
#1680 = EDGE_CURVE ( 'NONE', #1851, #1569, #1049, .T. ) ;
#1681 = CARTESIAN_POINT ( 'NONE',  ( -13.74841786772497265, 11.50929053509758759, 5.799724895905203681 ) ) ;
#1682 = CARTESIAN_POINT ( 'NONE',  ( -4.699999999999999289, -8.300961894323346968, 8.328989300016260700 ) ) ;
#1683 = DIRECTION ( 'NONE',  ( 1.000000000000000000, -0.000000000000000000, -0.000000000000000000 ) ) ;
#1684 = ORIENTED_EDGE ( 'NONE', *, *, #2375, .T. ) ;
#1685 = ORIENTED_EDGE ( 'NONE', *, *, #3074, .F. ) ;
#1686 = EDGE_LOOP ( 'NONE', ( #1957, #3415, #1968, #1463 ) ) ;
#1687 = EDGE_CURVE ( 'NONE', #1109, #1337, #3577, .T. ) ;
#1688 = ORIENTED_EDGE ( 'NONE', *, *, #1573, .T. ) ;
#1689 = CARTESIAN_POINT ( 'NONE',  ( -15.35927793483991088, -10.59516984483736834, 11.76564113299947678 ) ) ;
#1690 = CARTESIAN_POINT ( 'NONE',  ( -2.592621831354404716, 3.710959013007833374, 6.740504896616480224 ) ) ;
#1691 = DIRECTION ( 'NONE',  ( -0.5000000000000013323, 0.8660254037844378194, 0.000000000000000000 ) ) ;
#1692 = AXIS2_PLACEMENT_3D ( 'NONE', #3945, #1710, #3639 ) ;
#1693 = DIRECTION ( 'NONE',  ( 1.000000000000000000, -0.000000000000000000, -0.000000000000000000 ) ) ;
#1694 = CARTESIAN_POINT ( 'NONE',  ( -15.18999999999999595, -9.828714728858045646, 16.15378197866036203 ) ) ;
#1695 = VERTEX_POINT ( 'NONE', #2981 ) ;
#1696 = EDGE_LOOP ( 'NONE', ( #1067, #2773, #2359, #2159, #3764 ) ) ;
#1697 = LINE ( 'NONE', #137, #3685 ) ;
#1698 = VECTOR ( 'NONE', #341, 1000.000000000000227 ) ;
#1699 = CARTESIAN_POINT ( 'NONE',  ( -3.681916588863553219, -8.569120457611781205, 8.407795283041989975 ) ) ;
#1700 = VECTOR ( 'NONE', #2893, 1000.000000000000000 ) ;
#1701 = AXIS2_PLACEMENT_3D ( 'NONE', #16, #2843, #2519 ) ;
#1702 = CARTESIAN_POINT ( 'NONE',  ( -3.699999999999998401, -5.299999999999998046, -1.500000000000000666 ) ) ;
#1703 = CARTESIAN_POINT ( 'NONE',  ( -1.944139097531833116, -9.744125977068630817, 3.423496091725480195 ) ) ;
#1704 = DIRECTION ( 'NONE',  ( -0.000000000000000000, -0.1736481776669215049, -0.9848077530122095746 ) ) ;
#1705 = ADVANCED_FACE ( 'NONE', ( #3534 ), #196, .F. ) ;
#1706 = EDGE_LOOP ( 'NONE', ( #1127, #3068, #7, #2533 ) ) ;
#1707 = ORIENTED_EDGE ( 'NONE', *, *, #3625, .F. ) ;
#1708 = ADVANCED_FACE ( 'NONE', ( #425 ), #1980, .F. ) ;
#1709 = CARTESIAN_POINT ( 'NONE',  ( -15.18999999999999595, -10.56671948394236793, 11.96834902835900749 ) ) ;
#1710 = DIRECTION ( 'NONE',  ( 1.000000000000000000, -0.000000000000000000, -0.000000000000000000 ) ) ;
#1711 = EDGE_CURVE ( 'NONE', #1130, #2094, #1343, .T. ) ;
#1712 = DIRECTION ( 'NONE',  ( -0.8660254037844379305, 0.000000000000000000, 0.5000000000000014433 ) ) ;
#1713 = CARTESIAN_POINT ( 'NONE',  ( -3.606171351960815841, -8.844750826941252697, 8.488797067734907387 ) ) ;
#1714 = ORIENTED_EDGE ( 'NONE', *, *, #2030, .F. ) ;
#1715 = EDGE_LOOP ( 'NONE', ( #1993, #3838, #2647, #3182, #423, #1824, #3837 ) ) ;
#1716 = LINE ( 'NONE', #3594, #2777 ) ;
#1717 = CARTESIAN_POINT ( 'NONE',  ( -3.422254559073523605, -9.209893276624940839, 9.501511185626322131 ) ) ;
#1718 = ORIENTED_EDGE ( 'NONE', *, *, #3746, .F. ) ;
#1719 = LINE ( 'NONE', #2622, #2704 ) ;
#1720 = PRODUCT_DEFINITION_CONTEXT ( 'detailed design', #745, 'design' ) ;
#1721 = CARTESIAN_POINT ( 'NONE',  ( -1.562648137834731887, -9.236237314317673253, 4.900000000000005684 ) ) ;
#1722 = ORIENTED_EDGE ( 'NONE', *, *, #2723, .T. ) ;
#1723 = ORIENTED_EDGE ( 'NONE', *, *, #550, .F. ) ;
#1724 = ADVANCED_FACE ( 'NONE', ( #1031 ), #1071, .F. ) ;
#1725 = CARTESIAN_POINT ( 'NONE',  ( -2.580308370582907962, -8.642248473930015606, 10.48134101828549447 ) ) ;
#1726 = CARTESIAN_POINT ( 'NONE',  ( -16.87470748512143004, -9.236237314317675029, 4.900000000000010125 ) ) ;
#1727 = VERTEX_POINT ( 'NONE', #3877 ) ;
#1728 = EDGE_CURVE ( 'NONE', #2331, #1159, #3555, .T. ) ;
#1729 = CARTESIAN_POINT ( 'NONE',  ( -0.09432553678443188205, -8.634041223022281386, 10.59204699809778205 ) ) ;
#1730 = CARTESIAN_POINT ( 'NONE',  ( -2.661528896620811047, -9.928172497770585636, 9.234269206938595431 ) ) ;
#1731 = ORIENTED_EDGE ( 'NONE', *, *, #3070, .T. ) ;
#1732 = ORIENTED_EDGE ( 'NONE', *, *, #2276, .T. ) ;
#1733 =( BOUNDED_CURVE ( )  B_SPLINE_CURVE ( 3, ( #185, #3906, #124, #3048 ),
 .UNSPECIFIED., .F., .T. ) 
 B_SPLINE_CURVE_WITH_KNOTS ( ( 4, 4 ),
 ( 1.570796326794897890, 3.141592653589787787 ),
 .UNSPECIFIED. ) 
 CURVE ( )  GEOMETRIC_REPRESENTATION_ITEM ( )  RATIONAL_B_SPLINE_CURVE ( ( 1.000000000000000000, 0.8047378541243666028, 0.8047378541243666028, 1.000000000000000000 ) ) 
 REPRESENTATION_ITEM ( '' )  );
#1734 = EDGE_CURVE ( 'NONE', #2390, #3846, #916, .T. ) ;
#1735 = CARTESIAN_POINT ( 'NONE',  ( -0.02500000000000000139, 10.69711991084998992, -10.25593317864687037 ) ) ;
#1736 = DIRECTION ( 'NONE',  ( 0.000000000000000000, 0.9848077530122093526, -0.1736481776669235588 ) ) ;
#1737 = VERTEX_POINT ( 'NONE', #1397 ) ;
#1738 = VECTOR ( 'NONE', #1309, 1000.000000000000000 ) ;
#1739 =( NAMED_UNIT ( * ) PLANE_ANGLE_UNIT ( ) SI_UNIT ( $, .RADIAN. ) );
#1740 = DIRECTION ( 'NONE',  ( 0.000000000000000000, 0.9848077530122096857, -0.1736481776669213661 ) ) ;
#1741 = VERTEX_POINT ( 'NONE', #790 ) ;
#1742 = ORIENTED_EDGE ( 'NONE', *, *, #1011, .T. ) ;
#1743 = AXIS2_PLACEMENT_3D ( 'NONE', #2000, #3242, #232 ) ;
#1744 = LINE ( 'NONE', #2990, #990 ) ;
#1745 = FACE_OUTER_BOUND ( 'NONE', #1189, .T. ) ;
#1746 = ORIENTED_EDGE ( 'NONE', *, *, #3331, .F. ) ;
#1747 = ORIENTED_EDGE ( 'NONE', *, *, #1184, .F. ) ;
#1748 =( BOUNDED_CURVE ( )  B_SPLINE_CURVE ( 3, ( #930, #37, #3805, #323 ),
 .UNSPECIFIED., .F., .T. ) 
 B_SPLINE_CURVE_WITH_KNOTS ( ( 4, 4 ),
 ( 3.191613510395558073, 4.712388980384689674 ),
 .UNSPECIFIED. ) 
 CURVE ( )  GEOMETRIC_REPRESENTATION_ITEM ( )  RATIONAL_B_SPLINE_CURVE ( ( 1.000000000000000000, 0.8163792248729802026, 0.8163792248729802026, 1.000000000000000000 ) ) 
 REPRESENTATION_ITEM ( '' )  );
#1749 = CARTESIAN_POINT ( 'NONE',  ( -2.347504641993607866, -10.59999999999999432, 11.58795098915740951 ) ) ;
#1750 = CARTESIAN_POINT ( 'NONE',  ( -1.449999999999999734, -10.59999999999999609, 4.127537432702600206 ) ) ;
#1751 = EDGE_CURVE ( 'NONE', #1883, #2638, #1716, .T. ) ;
#1752 = EDGE_LOOP ( 'NONE', ( #3501, #2585, #251, #2192, #325, #3532 ) ) ;
#1753 = CARTESIAN_POINT ( 'NONE',  ( -15.68999999999999240, -8.182175114651503378, 17.38659253769903756 ) ) ;
#1754 = CARTESIAN_POINT ( 'NONE',  ( -3.229795932116296342, -9.391613231000986772, 0.000000000000000000 ) ) ;
#1755 = ADVANCED_FACE ( 'NONE', ( #727 ), #1655, .F. ) ;
#1756 = VERTEX_POINT ( 'NONE', #3839 ) ;
#1757 = VECTOR ( 'NONE', #3882, 999.9999999999998863 ) ;
#1758 = CARTESIAN_POINT ( 'NONE',  ( -1.199999999999999067, -10.59999999999999787, 4.690625000000005151 ) ) ;
#1759 = CARTESIAN_POINT ( 'NONE',  ( -15.18999999999999950, 11.99890312204048648, 5.765002004777340261 ) ) ;
#1760 = VECTOR ( 'NONE', #2496, 1000.000000000000000 ) ;
#1761 = DIRECTION ( 'NONE',  ( 0.000000000000000000, 0.1736481776669220323, 0.9848077530122095746 ) ) ;
#1762 = VECTOR ( 'NONE', #2426, 1000.000000000000114 ) ;
#1763 = CARTESIAN_POINT ( 'NONE',  ( -16.66721162951827040, -8.351503099339767644, 17.39330971215995092 ) ) ;
#1764 = DIRECTION ( 'NONE',  ( -0.5000000000000014433, 0.000000000000000000, -0.8660254037844379305 ) ) ;
#1765 = EDGE_LOOP ( 'NONE', ( #493, #789, #2784, #3706 ) ) ;
#1766 = ORIENTED_EDGE ( 'NONE', *, *, #793, .T. ) ;
#1767 = CARTESIAN_POINT ( 'NONE',  ( -0.4982372385514210467, -8.410416912774563158, 11.02797076084977768 ) ) ;
#1768 = DIRECTION ( 'NONE',  ( 1.000000000000000000, -0.000000000000000000, -0.000000000000000000 ) ) ;
#1769 = VERTEX_POINT ( 'NONE', #2713 ) ;
#1770 = CARTESIAN_POINT ( 'NONE',  ( -0.5000000000000004441, -9.176331943257538981, 11.21547288535252562 ) ) ;
#1771 = EDGE_CURVE ( 'NONE', #3907, #194, #3380, .T. ) ;
#1772 = CARTESIAN_POINT ( 'NONE',  ( -0.6383054962418657219, -5.299999999999998046, -5.499500000000000277 ) ) ;
#1773 = VECTOR ( 'NONE', #2133, 1000.000000000000000 ) ;
#1774 = DIRECTION ( 'NONE',  ( -1.000000000000000000, 0.000000000000000000, 0.000000000000000000 ) ) ;
#1775 = ORIENTED_EDGE ( 'NONE', *, *, #1634, .T. ) ;
#1776 = FACE_OUTER_BOUND ( 'NONE', #3263, .T. ) ;
#1777 = EDGE_CURVE ( 'NONE', #2429, #1547, #3887, .T. ) ;
#1778 = CARTESIAN_POINT ( 'NONE',  ( -1.562648137834731887, -10.59999999999999787, 4.900000000000005684 ) ) ;
#1779 = FACE_OUTER_BOUND ( 'NONE', #2835, .T. ) ;
#1780 = EDGE_CURVE ( 'NONE', #954, #3511, #3611, .T. ) ;
#1781 = DIRECTION ( 'NONE',  ( 1.000000000000000000, 0.000000000000000000, 0.000000000000000000 ) ) ;
#1782 = CARTESIAN_POINT ( 'NONE',  ( -28.92807245819994577, 12.87170503774819252, 7.835522399886253986 ) ) ;
#1783 = CARTESIAN_POINT ( 'NONE',  ( -3.510679584483310745, 3.005428465843988484, 6.947845015248053535 ) ) ;
#1784 = ORIENTED_EDGE ( 'NONE', *, *, #1596, .F. ) ;
#1785 = ORIENTED_EDGE ( 'NONE', *, *, #2100, .T. ) ;
#1786 = VECTOR ( 'NONE', #2318, 1000.000000000000000 ) ;
#1787 = COLOUR_RGB ( '',0.8431372549019607865, 0.8156862745098039102, 0.7529411764705882248 ) ;
#1788 = VECTOR ( 'NONE', #1126, 1000.000000000000000 ) ;
#1789 = DIRECTION ( 'NONE',  ( 1.000000000000000000, -0.000000000000000000, -0.000000000000000000 ) ) ;
#1790 = DIRECTION ( 'NONE',  ( -1.000000000000000000, -8.220688754975634355E-17, 0.000000000000000000 ) ) ;
#1791 = CIRCLE ( 'NONE', #2836, 1.000000000000012212 ) ;
#1792 = DIRECTION ( 'NONE',  ( 2.775294440852995069E-16, 0.000000000000000000, 1.000000000000000000 ) ) ;
#1793 = DIRECTION ( 'NONE',  ( -1.000000000000000000, -1.225394005923294733E-16, -0.000000000000000000 ) ) ;
#1794 = VECTOR ( 'NONE', #225, 1000.000000000000000 ) ;
#1795 = FACE_OUTER_BOUND ( 'NONE', #988, .T. ) ;
#1796 = VERTEX_POINT ( 'NONE', #1770 ) ;
#1797 = EDGE_CURVE ( 'NONE', #1556, #3099, #1030, .T. ) ;
#1798 = CARTESIAN_POINT ( 'NONE',  ( -2.633012701892219365, -8.550961894323345192, -4.188541342578352200 ) ) ;
#1799 = CARTESIAN_POINT ( 'NONE',  ( -11.20000000000000107, -5.677650778284632160, 12.62941422284274395 ) ) ;
#1800 = AXIS2_PLACEMENT_3D ( 'NONE', #27, #2154, #1221 ) ;
#1801 = EDGE_CURVE ( 'NONE', #3202, #3707, #600, .T. ) ;
#1802 = CARTESIAN_POINT ( 'NONE',  ( -4.699999999999999289, -3.221548738700036996, 8.134630718347969136 ) ) ;
#1803 = DIRECTION ( 'NONE',  ( 0.000000000000000000, -0.4663002817410233369, -0.8846265015520631270 ) ) ;
#1804 = EDGE_CURVE ( 'NONE', #673, #935, #3299, .T. ) ;
#1805 = VERTEX_POINT ( 'NONE', #1470 ) ;
#1806 = EDGE_LOOP ( 'NONE', ( #2636, #134, #767 ) ) ;
#1807 = CIRCLE ( 'NONE', #61, 0.3500000000000004774 ) ;
#1808 = DIRECTION ( 'NONE',  ( -0.5731121201734749038, 0.1945780377377657189, -0.7960413839370318323 ) ) ;
#1809 = DIRECTION ( 'NONE',  ( -0.000000000000000000, -0.000000000000000000, 1.000000000000000000 ) ) ;
#1810 = CARTESIAN_POINT ( 'NONE',  ( -1.562648137834736328, 0.000000000000000000, 3.643750000000006928 ) ) ;
#1811 = CARTESIAN_POINT ( 'NONE',  ( -0.02500000000000472677, -6.694631324239790793, -5.166570696033986998 ) ) ;
#1812 = AXIS2_PLACEMENT_3D ( 'NONE', #3495, #1341, #688 ) ;
#1813 = CARTESIAN_POINT ( 'NONE',  ( -1.562648137834738993, -10.59999999999999787, 2.806250000000007017 ) ) ;
#1814 = DIRECTION ( 'NONE',  ( -1.000000000000000000, -1.205502409205620347E-16, 2.125626000519988545E-17 ) ) ;
#1815 = ORIENTED_EDGE ( 'NONE', *, *, #2151, .F. ) ;
#1816 = EDGE_LOOP ( 'NONE', ( #1722, #1473, #199, #2746 ) ) ;
#1817 = LINE ( 'NONE', #3670, #3567 ) ;
#1818 = CARTESIAN_POINT ( 'NONE',  ( 0.000000000000000000, -5.617478421954031020, 12.08795098915740063 ) ) ;
#1819 = CARTESIAN_POINT ( 'NONE',  ( -2.700000000000001066, 2.250000000000001332, -5.499499999999999389 ) ) ;
#1820 = AXIS2_PLACEMENT_3D ( 'NONE', #1759, #1475, #3636 ) ;
#1821 = ADVANCED_FACE ( 'NONE', ( #2697 ), #844, .T. ) ;
#1822 =( NAMED_UNIT ( * ) PLANE_ANGLE_UNIT ( ) SI_UNIT ( $, .RADIAN. ) );
#1823 = LINE ( 'NONE', #932, #3711 ) ;
#1824 = ORIENTED_EDGE ( 'NONE', *, *, #3646, .F. ) ;
#1825 = VECTOR ( 'NONE', #2237, 1000.000000000000227 ) ;
#1826 = ORIENTED_EDGE ( 'NONE', *, *, #905, .F. ) ;
#1827 = EDGE_CURVE ( 'NONE', #3610, #2467, #3973, .T. ) ;
#1828 = DIRECTION ( 'NONE',  ( 0.000000000000000000, 0.000000000000000000, 1.000000000000000000 ) ) ;
#1829 = CARTESIAN_POINT ( 'NONE',  ( -0.02499999999999464456, -5.617478421954031020, 10.58857638027146209 ) ) ;
#1830 = CARTESIAN_POINT ( 'NONE',  ( -0.5000000000000004441, -8.843906975845866825, 15.98013380099344971 ) ) ;
#1831 = EDGE_CURVE ( 'NONE', #2804, #62, #2063, .T. ) ;
#1832 = CARTESIAN_POINT ( 'NONE',  ( -0.02499999999999724665, -8.642248473930015606, 10.10587294787396928 ) ) ;
#1833 = CARTESIAN_POINT ( 'NONE',  ( -16.68999999999998352, 11.99890312204047405, 5.765002004777350919 ) ) ;
#1834 = CARTESIAN_POINT ( 'NONE',  ( -3.514896654279635158, -9.089505810590964074, 9.455269109807796113 ) ) ;
#1835 = ORIENTED_EDGE ( 'NONE', *, *, #2581, .F. ) ;
#1836 = ORIENTED_EDGE ( 'NONE', *, *, #839, .T. ) ;
#1837 = DIRECTION ( 'NONE',  ( -0.8660254037844379305, -0.5000000000000014433, 0.000000000000000000 ) ) ;
#1838 = FACE_OUTER_BOUND ( 'NONE', #574, .T. ) ;
#1839 = DIRECTION ( 'NONE',  ( 0.000000000000000000, 0.000000000000000000, -1.000000000000000000 ) ) ;
#1840 = ORIENTED_EDGE ( 'NONE', *, *, #614, .T. ) ;
#1841 = VERTEX_POINT ( 'NONE', #558 ) ;
#1842 = ORIENTED_EDGE ( 'NONE', *, *, #3666, .T. ) ;
#1843 = DIRECTION ( 'NONE',  ( 1.000000000000000000, -0.000000000000000000, -0.000000000000000000 ) ) ;
#1844 = PLANE ( 'NONE',  #3013 ) ;
#1845 = ADVANCED_FACE ( 'NONE', ( #826 ), #1999, .T. ) ;
#1846 = AXIS2_PLACEMENT_3D ( 'NONE', #2328, #1693, #192 ) ;
#1847 = CARTESIAN_POINT ( 'NONE',  ( -4.699999999999999289, -3.221548738700036996, 9.134630718347983347 ) ) ;
#1848 = CARTESIAN_POINT ( 'NONE',  ( -17.14800787051146358, 2.250000000000000888, -4.999500000000000277 ) ) ;
#1849 = CARTESIAN_POINT ( 'NONE',  ( -3.699999999999998401, -8.300961894323346968, 8.328989300016260700 ) ) ;
#1850 = CARTESIAN_POINT ( 'NONE',  ( -3.411554087305438188, -9.195775262080211121, 8.705019954861285214 ) ) ;
#1851 = VERTEX_POINT ( 'NONE', #3017 ) ;
#1852 = ORIENTED_EDGE ( 'NONE', *, *, #2954, .T. ) ;
#1853 = ADVANCED_FACE ( 'NONE', ( #289 ), #3664, .F. ) ;
#1854 = LINE ( 'NONE', #970, #252 ) ;
#1855 = CYLINDRICAL_SURFACE ( 'NONE', #2545, 1.499999999999995781 ) ;
#1856 = LINE ( 'NONE', #1918, #2444 ) ;
#1857 =( BOUNDED_SURFACE ( )  B_SPLINE_SURFACE ( 3, 2, ( 
 ( #3993, #3728, #1203 ),
 ( #3705, #2179, #1567 ),
 ( #2224, #621, #2445 ),
 ( #3097, #3684, #1850 ),
 ( #314, #1834, #3424 ),
 ( #680, #3383, #3078 ) ),
 .UNSPECIFIED., .F., .F., .F. ) 
 B_SPLINE_SURFACE_WITH_KNOTS ( ( 4, 2, 4 ),
 ( 3, 3 ),
 ( -1.734723475976807094E-18, 0.0007143975222720490379, 0.001428795044544099811 ),
 ( 0.000000000000000000, 1.000000000000000000 ),
 .UNSPECIFIED. ) 
 GEOMETRIC_REPRESENTATION_ITEM ( )  RATIONAL_B_SPLINE_SURFACE ( (
 ( 1.000000000000000000, 0.7231922087714203196, 1.000000000000000000),
 ( 1.000000000000000000, 0.7353868004249034529, 1.000000000000000000),
 ( 1.000000000000000000, 0.7528730707219468687, 1.000000000000000000),
 ( 1.000000000000000000, 0.7920258392381978041, 1.000000000000000000),
 ( 1.000000000000000000, 0.8135199296365094312, 1.000000000000000000),
 ( 1.000000000000000000, 0.8335273217527923162, 1.000000000000000000) ) ) 
 REPRESENTATION_ITEM ( '' )  SURFACE ( )  );
#1858 = PLANE ( 'NONE',  #1701 ) ;
#1859 = DIRECTION ( 'NONE',  ( -0.6104124877388408255, 0.5467532281777067737, 0.5731121201734752368 ) ) ;
#1860 = EDGE_LOOP ( 'NONE', ( #3623, #2062, #3483 ) ) ;
#1861 = ORIENTED_EDGE ( 'NONE', *, *, #1231, .F. ) ;
#1862 = VERTEX_POINT ( 'NONE', #234 ) ;
#1863 = AXIS2_PLACEMENT_3D ( 'NONE', #2858, #3488, #1045 ) ;
#1864 = CARTESIAN_POINT ( 'NONE',  ( -30.99979317598215545, -8.789773039201593363, 9.430606505215028079 ) ) ;
#1865 = DIRECTION ( 'NONE',  ( -0.000000000000000000, 1.000000000000000000, -0.000000000000000000 ) ) ;
#1866 = AXIS2_PLACEMENT_3D ( 'NONE', #1186, #4009, #3095 ) ;
#1867 = CARTESIAN_POINT ( 'NONE',  ( -10.22572142074251467, -4.449908139243835770, 9.874363540499260239 ) ) ;
#1868 = CARTESIAN_POINT ( 'NONE',  ( -1.562648137834733664, -10.40488770189221590, 4.481250000000006395 ) ) ;
#1869 = EDGE_CURVE ( 'NONE', #504, #74, #877, .T. ) ;
#1870 = DIRECTION ( 'NONE',  ( 1.000000000000000000, -0.000000000000000000, -0.000000000000000000 ) ) ;
#1871 = PLANE ( 'NONE',  #1272 ) ;
#1872 = ORIENTED_EDGE ( 'NONE', *, *, #2259, .F. ) ;
#1873 = ORIENTED_EDGE ( 'NONE', *, *, #3482, .T. ) ;
#1874 = CARTESIAN_POINT ( 'NONE',  ( -16.87470748512143004, -5.299999999999998046, -5.499500000000000277 ) ) ;
#1875 = LINE ( 'NONE', #2817, #1698 ) ;
#1876 = EDGE_CURVE ( 'NONE', #2446, #1160, #2653, .T. ) ;
#1877 = EDGE_CURVE ( 'NONE', #2626, #1727, #3358, .T. ) ;
#1878 = CARTESIAN_POINT ( 'NONE',  ( -4.541754205739619188, -8.961858651677552245, 9.460949841686282724 ) ) ;
#1879 = DIRECTION ( 'NONE',  ( 1.000000000000000000, -0.000000000000000000, -0.000000000000000000 ) ) ;
#1880 = CARTESIAN_POINT ( 'NONE',  ( -15.61679526518477168, -8.351503099339767644, 17.39330971215995092 ) ) ;
#1881 = EDGE_CURVE ( 'NONE', #2997, #1447, #3493, .T. ) ;
#1882 = ORIENTED_EDGE ( 'NONE', *, *, #44, .T. ) ;
#1883 = VERTEX_POINT ( 'NONE', #1810 ) ;
#1884 = VERTEX_POINT ( 'NONE', #2998 ) ;
#1885 = DIRECTION ( 'NONE',  ( 0.8660254037844393737, 0.000000000000000000, 0.4999999999999985012 ) ) ;
#1886 = CARTESIAN_POINT ( 'NONE',  ( -0.02500000000000000139, 3.750000000000000444, -6.499500000000000277 ) ) ;
#1887 = VECTOR ( 'NONE', #313, 1000.000000000000227 ) ;
#1888 = CIRCLE ( 'NONE', #3459, 4.087500000000000355 ) ;
#1889 = DIRECTION ( 'NONE',  ( -0.000000000000000000, 0.1736481776669235311, 0.9848077530122093526 ) ) ;
#1890 = DIRECTION ( 'NONE',  ( 0.000000000000000000, 0.000000000000000000, 1.000000000000000000 ) ) ;
#1891 = CARTESIAN_POINT ( 'NONE',  ( -3.682018829567653029, -8.568748412527714464, 8.407685947065269616 ) ) ;
#1892 = CARTESIAN_POINT ( 'NONE',  ( -16.87470748512143004, 2.750000000000000000, -4.999500000000000277 ) ) ;
#1893 = ORIENTED_EDGE ( 'NONE', *, *, #2825, .F. ) ;
#1894 = ORIENTED_EDGE ( 'NONE', *, *, #226, .F. ) ;
#1895 = EDGE_CURVE ( 'NONE', #2543, #3142, #3107, .T. ) ;
#1896 = LINE ( 'NONE', #1940, #2717 ) ;
#1897 = LINE ( 'NONE', #3145, #659 ) ;
#1898 = CARTESIAN_POINT ( 'NONE',  ( -1.200000000000003286, -10.59999999999999787, 3.434375000000006395 ) ) ;
#1899 = ADVANCED_FACE ( 'NONE', ( #2441, #1932 ), #48, .F. ) ;
#1900 = CARTESIAN_POINT ( 'NONE',  ( -1.999931118737177993, -9.647491361684013000, 3.810034553263939472 ) ) ;
#1901 = PLANE ( 'NONE',  #2801 ) ;
#1902 = ORIENTED_EDGE ( 'NONE', *, *, #3949, .F. ) ;
#1903 = ORIENTED_EDGE ( 'NONE', *, *, #1777, .T. ) ;
#1904 = EDGE_CURVE ( 'NONE', #3576, #3957, #2831, .T. ) ;
#1905 = ORIENTED_EDGE ( 'NONE', *, *, #120, .T. ) ;
#1906 = DIRECTION ( 'NONE',  ( -0.8660254037844379305, 0.000000000000000000, 0.5000000000000014433 ) ) ;
#1907 = PLANE ( 'NONE',  #1056 ) ;
#1908 = DIRECTION ( 'NONE',  ( 0.8660254037844395958, 0.000000000000000000, 0.4999999999999982792 ) ) ;
#1909 = DIRECTION ( 'NONE',  ( 0.000000000000000000, 0.9848077530122096857, -0.1736481776669211996 ) ) ;
#1910 = CARTESIAN_POINT ( 'NONE',  ( -0.02500000000000071609, 3.750000000000000888, 6.729031597682705090 ) ) ;
#1911 = CARTESIAN_POINT ( 'NONE',  ( -0.02499999999999889463, -5.299999999999998934, -6.499500000000000277 ) ) ;
#1912 = EDGE_LOOP ( 'NONE', ( #1316, #523, #2627, #440, #2943 ) ) ;
#1913 = ORIENTED_EDGE ( 'NONE', *, *, #3129, .T. ) ;
#1914 = VERTEX_POINT ( 'NONE', #2787 ) ;
#1915 = LINE ( 'NONE', #992, #1539 ) ;
#1916 = CARTESIAN_POINT ( 'NONE',  ( -3.699999999999999289, -8.300961894323346968, 8.328989300016260700 ) ) ;
#1917 = VECTOR ( 'NONE', #2615, 999.9999999999998863 ) ;
#1918 = CARTESIAN_POINT ( 'NONE',  ( -1.562648137834733442, 0.000000000000000000, 4.481250000000006395 ) ) ;
#1919 = DIRECTION ( 'NONE',  ( -0.8490679783918487766, 0.5202577906995553558, -0.09173548542410737971 ) ) ;
#1920 = DIRECTION ( 'NONE',  ( 0.000000000000000000, 0.9848077530122095746, -0.1736481776669218380 ) ) ;
#1921 = ADVANCED_FACE ( 'NONE', ( #4007 ), #963, .F. ) ;
#1922 = VECTOR ( 'NONE', #342, 1000.000000000000114 ) ;
#1923 = EDGE_LOOP ( 'NONE', ( #4012, #2288, #2245, #2699 ) ) ;
#1924 = ORIENTED_EDGE ( 'NONE', *, *, #2913, .T. ) ;
#1925 = ORIENTED_EDGE ( 'NONE', *, *, #2312, .F. ) ;
#1926 = ADVANCED_FACE ( 'NONE', ( #1290 ), #2200, .F. ) ;
#1927 = EDGE_CURVE ( 'NONE', #195, #3142, #2508, .T. ) ;
#1928 = DIRECTION ( 'NONE',  ( 0.000000000000000000, -0.1736481776669235311, -0.9848077530122092416 ) ) ;
#1929 = CARTESIAN_POINT ( 'NONE',  ( -1.200000000000000622, -10.59999999999999787, 4.271875000000005862 ) ) ;
#1930 = VECTOR ( 'NONE', #2269, 1000.000000000000000 ) ;
#1931 = VECTOR ( 'NONE', #769, 999.9999999999998863 ) ;
#1932 = FACE_OUTER_BOUND ( 'NONE', #3425, .T. ) ;
#1933 = DIRECTION ( 'NONE',  ( 0.000000000000000000, -1.000000000000000000, 0.000000000000000000 ) ) ;
#1934 = DIRECTION ( 'NONE',  ( -1.000000000000000000, 0.000000000000000000, 0.000000000000000000 ) ) ;
#1935 = CARTESIAN_POINT ( 'NONE',  ( -4.699999999999999289, 2.250000000000000444, 7.169849049453847378 ) ) ;
#1936 = PRESENTATION_LAYER_ASSIGNMENT (  '', '', ( #2917 ) ) ;
#1937 = ORIENTED_EDGE ( 'NONE', *, *, #671, .F. ) ;
#1938 = ORIENTED_EDGE ( 'NONE', *, *, #2454, .F. ) ;
#1939 = EDGE_LOOP ( 'NONE', ( #3901, #2992, #1707, #1873 ) ) ;
#1940 = CARTESIAN_POINT ( 'NONE',  ( -1.200000000000001954, 0.000000000000000000, 3.853125000000005684 ) ) ;
#1941 = CARTESIAN_POINT ( 'NONE',  ( -2.347566127429033145, -10.59996014069106174, 11.60116582962221798 ) ) ;
#1942 = CARTESIAN_POINT ( 'NONE',  ( -15.63505350366923352, 13.63235558842404238, 13.51972375221493650 ) ) ;
#1943 = LINE ( 'NONE', #2518, #3412 ) ;
#1944 = CARTESIAN_POINT ( 'NONE',  ( -1.449999999999999734, -10.59999999999999609, 2.741212567297408587 ) ) ;
#1945 = VERTEX_POINT ( 'NONE', #3400 ) ;
#1946 = VERTEX_POINT ( 'NONE', #1867 ) ;
#1947 = VERTEX_POINT ( 'NONE', #917 ) ;
#1948 = EDGE_CURVE ( 'NONE', #3254, #632, #1419, .T. ) ;
#1949 = CARTESIAN_POINT ( 'NONE',  ( -1.140567448827999320, -11.13595290014555417, 2.143811600582222088 ) ) ;
#1950 = CARTESIAN_POINT ( 'NONE',  ( -2.347504641993607866, -10.59999999999999432, 11.58795098915740951 ) ) ;
#1951 = AXIS2_PLACEMENT_3D ( 'NONE', #3616, #885, #261 ) ;
#1952 = ADVANCED_FACE ( 'NONE', ( #2 ), #3747, .F. ) ;
#1953 = LINE ( 'NONE', #2918, #3366 ) ;
#1954 = AXIS2_PLACEMENT_3D ( 'NONE', #1207, #2088, #3998 ) ;
#1955 = DIRECTION ( 'NONE',  ( 0.4942704104080707928, -0.8693082085170008577, 0.000000000000000000 ) ) ;
#1956 = DIRECTION ( 'NONE',  ( 0.000000000000000000, 0.1736481776669221433, 0.9848077530122095746 ) ) ;
#1957 = ORIENTED_EDGE ( 'NONE', *, *, #1804, .F. ) ;
#1958 = VERTEX_POINT ( 'NONE', #3138 ) ;
#1959 = ORIENTED_EDGE ( 'NONE', *, *, #416, .T. ) ;
#1960 = VECTOR ( 'NONE', #1175, 1000.000000000000114 ) ;
#1961 = EDGE_CURVE ( 'NONE', #1946, #2542, #3177, .T. ) ;
#1962 = LINE ( 'NONE', #426, #599 ) ;
#1963 = AXIS2_PLACEMENT_3D ( 'NONE', #1450, #212, #2097 ) ;
#1964 = CARTESIAN_POINT ( 'NONE',  ( -0.02499999999999824238, -10.59999999999999609, -3.108461733501794999 ) ) ;
#1965 = CARTESIAN_POINT ( 'NONE',  ( -1.449999999999999512, -10.59999999999999609, 0.000000000000000000 ) ) ;
#1966 = AXIS2_PLACEMENT_3D ( 'NONE', #557, #1790, #3039 ) ;
#1967 = VERTEX_POINT ( 'NONE', #656 ) ;
#1968 = ORIENTED_EDGE ( 'NONE', *, *, #2937, .F. ) ;
#1969 = CIRCLE ( 'NONE', #224, 1.000000000000000222 ) ;
#1970 = DIRECTION ( 'NONE',  ( 1.000000000000000000, -0.000000000000000000, -0.000000000000000000 ) ) ;
#1971 = CARTESIAN_POINT ( 'NONE',  ( -3.699999999999998401, -6.876620837248649032, 8.077839541923188094 ) ) ;
#1972 = EDGE_CURVE ( 'NONE', #1402, #1000, #1584, .T. ) ;
#1973 = LINE ( 'NONE', #3199, #384 ) ;
#1974 = DIRECTION ( 'NONE',  ( 0.000000000000000000, 0.000000000000000000, -1.000000000000000000 ) ) ;
#1975 = LINE ( 'NONE', #2920, #2916 ) ;
#1976 = EDGE_CURVE ( 'NONE', #1047, #2763, #2529, .T. ) ;
#1977 = VERTEX_POINT ( 'NONE', #2462 ) ;
#1978 = ORIENTED_EDGE ( 'NONE', *, *, #2432, .T. ) ;
#1979 = ORIENTED_EDGE ( 'NONE', *, *, #2151, .T. ) ;
#1980 = CYLINDRICAL_SURFACE ( 'NONE', #3302, 1.674000000000000155 ) ;
#1981 = CARTESIAN_POINT ( 'NONE',  ( -15.18999999999999595, -9.828714728858045646, 16.15378197866036203 ) ) ;
#1982 = EDGE_CURVE ( 'NONE', #2150, #294, #1522, .T. ) ;
#1983 = AXIS2_PLACEMENT_3D ( 'NONE', #472, #3019, #237 ) ;
#1984 = LINE ( 'NONE', #1132, #2174 ) ;
#1985 = AXIS2_PLACEMENT_3D ( 'NONE', #2187, #1301, #3433 ) ;
#1986 = VECTOR ( 'NONE', #806, 1000.000000000000000 ) ;
#1987 = CARTESIAN_POINT ( 'NONE',  ( -1.449999999999999734, -10.59999999999999609, 4.834962567297411695 ) ) ;
#1988 = LINE ( 'NONE', #3232, #2313 ) ;
#1989 =( BOUNDED_CURVE ( )  B_SPLINE_CURVE ( 3, ( #3294, #479, #1404, #1763 ),
 .UNSPECIFIED., .F., .T. ) 
 B_SPLINE_CURVE_WITH_KNOTS ( ( 4, 4 ),
 ( 3.141592653589806883, 3.316125578789230754 ),
 .UNSPECIFIED. ) 
 CURVE ( )  GEOMETRIC_REPRESENTATION_ITEM ( )  RATIONAL_B_SPLINE_CURVE ( ( 1.000000000000000000, 0.9974631320611637708, 0.9974631320611637708, 1.000000000000000000 ) ) 
 REPRESENTATION_ITEM ( '' )  );
#1990 = ORIENTED_EDGE ( 'NONE', *, *, #2017, .F. ) ;
#1991 = CIRCLE ( 'NONE', #2906, 1.000000000000000000 ) ;
#1992 = ORIENTED_EDGE ( 'NONE', *, *, #1751, .T. ) ;
#1993 = ORIENTED_EDGE ( 'NONE', *, *, #3204, .F. ) ;
#1994 = VERTEX_POINT ( 'NONE', #1847 ) ;
#1995 = FACE_OUTER_BOUND ( 'NONE', #2139, .T. ) ;
#1996 = CARTESIAN_POINT ( 'NONE',  ( -2.537034084616117458, 3.722711410231079654, 7.925596904918623231 ) ) ;
#1997 = FACE_OUTER_BOUND ( 'NONE', #277, .T. ) ;
#1998 = CARTESIAN_POINT ( 'NONE',  ( -13.14855715851497386, -6.318521083986588849, 8.994858109382187550 ) ) ;
#1999 = TOROIDAL_SURFACE ( 'NONE', #2844, 1.499999999999998890, 1.499999999999999556 ) ;
#2000 = CARTESIAN_POINT ( 'NONE',  ( -30.99979317598215545, -8.409374999999986500, 11.58795098915740773 ) ) ;
#2001 = ORIENTED_EDGE ( 'NONE', *, *, #2363, .F. ) ;
#2002 = ORIENTED_EDGE ( 'NONE', *, *, #1363, .T. ) ;
#2003 = VECTOR ( 'NONE', #3266, 1000.000000000000000 ) ;
#2004 = ORIENTED_EDGE ( 'NONE', *, *, #2805, .T. ) ;
#2005 = CARTESIAN_POINT ( 'NONE',  ( -15.48289321881344982, 12.82084466405023448, 7.547078887194063945 ) ) ;
#2006 = EDGE_CURVE ( 'NONE', #74, #2255, #2485, .T. ) ;
#2007 = DIRECTION ( 'NONE',  ( 1.000000000000000000, -1.971276677246371765E-16, 0.000000000000000000 ) ) ;
#2008 = AXIS2_PLACEMENT_3D ( 'NONE', #3792, #1370, #2612 ) ;
#2009 = AXIS2_PLACEMENT_3D ( 'NONE', #827, #1793, #1490 ) ;
#2010 = CARTESIAN_POINT ( 'NONE',  ( -12.17427857925748391, -7.773634305660026556, 10.46042614012512573 ) ) ;
#2011 = EDGE_CURVE ( 'NONE', #53, #2977, #330, .T. ) ;
#2012 = EDGE_CURVE ( 'NONE', #3044, #3314, #3421, .T. ) ;
#2013 = LINE ( 'NONE', #731, #3260 ) ;
#2014 = PLANE ( 'NONE',  #758 ) ;
#2015 = ORIENTED_EDGE ( 'NONE', *, *, #1237, .F. ) ;
#2016 = ORIENTED_EDGE ( 'NONE', *, *, #474, .T. ) ;
#2017 = EDGE_CURVE ( 'NONE', #756, #2323, #2176, .T. ) ;
#2018 = CARTESIAN_POINT ( 'NONE',  ( -15.60863535456677020, -10.59865834633117743, 11.45886527057422555 ) ) ;
#2019 = CARTESIAN_POINT ( 'NONE',  ( -3.699999999999999289, 2.250000000000000444, -3.499500000000001165 ) ) ;
#2020 =( NAMED_UNIT ( * ) SI_UNIT ( $, .STERADIAN. ) SOLID_ANGLE_UNIT ( ) );
#2021 = VECTOR ( 'NONE', #3128, 1000.000000000000114 ) ;
#2022 = CARTESIAN_POINT ( 'NONE',  ( -0.4233397475063580551, -8.566582566738485838, 10.81399999400787237 ) ) ;
#2023 = DIRECTION ( 'NONE',  ( 0.8660254037844400399, 0.000000000000000000, 0.4999999999999975020 ) ) ;
#2024 = ORIENTED_EDGE ( 'NONE', *, *, #716, .T. ) ;
#2025 = ORIENTED_EDGE ( 'NONE', *, *, #3578, .F. ) ;
#2026 = CARTESIAN_POINT ( 'NONE',  ( -3.699999999999998401, -7.206002401616428799, -6.027910825094059177 ) ) ;
#2027 = CARTESIAN_POINT ( 'NONE',  ( -3.033621063091431758, -10.15520968167469817, 10.21417169843424944 ) ) ;
#2028 = ORIENTED_EDGE ( 'NONE', *, *, #1139, .F. ) ;
#2029 = VECTOR ( 'NONE', #1461, 1000.000000000000114 ) ;
#2030 = EDGE_CURVE ( 'NONE', #2147, #2331, #4008, .T. ) ;
#2031 =( NAMED_UNIT ( * ) SI_UNIT ( $, .STERADIAN. ) SOLID_ANGLE_UNIT ( ) );
#2032 = DIRECTION ( 'NONE',  ( 0.4942704104080676841, 0.8693082085170026341, 0.000000000000000000 ) ) ;
#2033 = EDGE_CURVE ( 'NONE', #653, #1994, #1626, .T. ) ;
#2034 = ORIENTED_EDGE ( 'NONE', *, *, #1060, .T. ) ;
#2035 = ORIENTED_EDGE ( 'NONE', *, *, #3326, .T. ) ;
#2036 = ORIENTED_EDGE ( 'NONE', *, *, #2655, .F. ) ;
#2037 = LINE ( 'NONE', #3621, #3785 ) ;
#2038 = CARTESIAN_POINT ( 'NONE',  ( -4.700000000000006395, -3.852279280905808179, 8.910632640464678289 ) ) ;
#2039 = ADVANCED_FACE ( 'NONE', ( #2570 ), #1333, .T. ) ;
#2040 = ORIENTED_EDGE ( 'NONE', *, *, #2183, .T. ) ;
#2041 =( BOUNDED_CURVE ( )  B_SPLINE_CURVE ( 3, ( #2884, #2491, #2838, #3755 ),
 .UNSPECIFIED., .F., .T. ) 
 B_SPLINE_CURVE_WITH_KNOTS ( ( 4, 4 ),
 ( 5.277770519529260795, 6.283185307179586232 ),
 .UNSPECIFIED. ) 
 CURVE ( )  GEOMETRIC_REPRESENTATION_ITEM ( )  RATIONAL_B_SPLINE_CURVE ( ( 1.000000000000000000, 0.9175209022688741722, 0.9175209022688741722, 1.000000000000000000 ) ) 
 REPRESENTATION_ITEM ( '' )  );
#2042 = CYLINDRICAL_SURFACE ( 'NONE', #3737, 0.5000000000000004441 ) ;
#2043 = CARTESIAN_POINT ( 'NONE',  ( -0.02499999999999724665, -7.872768491406143987, 9.970192865839937468 ) ) ;
#2044 = ORIENTED_EDGE ( 'NONE', *, *, #3688, .F. ) ;
#2045 = EDGE_LOOP ( 'NONE', ( #2109, #476, #2899 ) ) ;
#2046 = FACE_OUTER_BOUND ( 'NONE', #2265, .T. ) ;
#2047 = CARTESIAN_POINT ( 'NONE',  ( -10.22572142074251111, -7.773634305660023003, 10.46042614012512395 ) ) ;
#2048 = ORIENTED_EDGE ( 'NONE', *, *, #3026, .F. ) ;
#2049 = B_SPLINE_CURVE_WITH_KNOTS ( 'NONE', 3,
 ( #1218, #286, #3662, #3038, #328, #2196 ),
 .UNSPECIFIED., .F., .F.,
 ( 4, 2, 4 ),
 ( 0.000000000000000000, 0.0002565966831518840690, 0.0005131933663037681380 ),
 .UNSPECIFIED. ) ;
#2050 = LINE ( 'NONE', #2986, #3824 ) ;
#2051 = CARTESIAN_POINT ( 'NONE',  ( -1.270364564057492318, 0.000000000000000000, 4.650000000000001243 ) ) ;
#2052 = ORIENTED_EDGE ( 'NONE', *, *, #3666, .F. ) ;
#2053 = ORIENTED_EDGE ( 'NONE', *, *, #985, .F. ) ;
#2054 = EDGE_CURVE ( 'NONE', #1483, #365, #3834, .T. ) ;
#2055 = CARTESIAN_POINT ( 'NONE',  ( -16.67399275239936429, -9.678246227938769763, 9.797514072018230991 ) ) ;
#2056 = CARTESIAN_POINT ( 'NONE',  ( -4.699999999999999289, 2.423648177666918535, 8.154656802466059062 ) ) ;
#2057 = ORIENTED_EDGE ( 'NONE', *, *, #1948, .T. ) ;
#2058 = EDGE_CURVE ( 'NONE', #1977, #2574, #132, .T. ) ;
#2059 = ADVANCED_FACE ( 'NONE', ( #113 ), #2531, .T. ) ;
#2060 = CARTESIAN_POINT ( 'NONE',  ( -0.5000000000000002220, -8.453119331762996680, 11.08795098915741484 ) ) ;
#2061 = LINE ( 'NONE', #857, #412 ) ;
#2062 = ORIENTED_EDGE ( 'NONE', *, *, #1063, .F. ) ;
#2063 = LINE ( 'NONE', #2370, #576 ) ;
#2064 = DIRECTION ( 'NONE',  ( 1.219727444046192981E-16, -1.000000000000000000, 0.000000000000000000 ) ) ;
#2065 = ORIENTED_EDGE ( 'NONE', *, *, #2120, .F. ) ;
#2066 = LINE ( 'NONE', #2392, #1421 ) ;
#2067 = VECTOR ( 'NONE', #3777, 999.9999999999998863 ) ;
#2068 = CARTESIAN_POINT ( 'NONE',  ( -3.916326553527163856, -9.582976101474738329, 9.738221726469950212 ) ) ;
#2069 = VECTOR ( 'NONE', #1933, 1000.000000000000000 ) ;
#2070 = FACE_OUTER_BOUND ( 'NONE', #3502, .T. ) ;
#2071 = ORIENTED_EDGE ( 'NONE', *, *, #1180, .T. ) ;
#2072 = DIRECTION ( 'NONE',  ( 0.000000000000000000, 0.000000000000000000, 1.000000000000000000 ) ) ;
#2073 = CARTESIAN_POINT ( 'NONE',  ( -3.660959013050549160, 2.642621831251284803, 7.054466012679215581 ) ) ;
#2074 = EDGE_LOOP ( 'NONE', ( #413, #768, #2215 ) ) ;
#2075 = EDGE_CURVE ( 'NONE', #1538, #724, #433, .T. ) ;
#2076 = ORIENTED_EDGE ( 'NONE', *, *, #2927, .T. ) ;
#2077 = DIRECTION ( 'NONE',  ( 0.000000000000000000, 0.000000000000000000, 1.000000000000000000 ) ) ;
#2078 = CARTESIAN_POINT ( 'NONE',  ( -3.229795932116296342, -9.391613231000986772, 8.893837469608346424 ) ) ;
#2079 = ORIENTED_EDGE ( 'NONE', *, *, #1895, .F. ) ;
#2080 = EDGE_CURVE ( 'NONE', #2910, #651, #1629, .T. ) ;
#2081 = CARTESIAN_POINT ( 'NONE',  ( -1.562648137834731887, -10.59999999999999787, 4.900000000000005684 ) ) ;
#2082 = LINE ( 'NONE', #1112, #1103 ) ;
#2083 = CARTESIAN_POINT ( 'NONE',  ( -0.02500000000000000139, 10.69711991084998992, -10.25593317864687037 ) ) ;
#2084 = ORIENTED_EDGE ( 'NONE', *, *, #1460, .F. ) ;
#2085 = EDGE_CURVE ( 'NONE', #2649, #3314, #2705, .T. ) ;
#2086 = VECTOR ( 'NONE', #2966, 1000.000000000000000 ) ;
#2087 = CARTESIAN_POINT ( 'NONE',  ( -0.5000000000000002220, -10.54563043130797517, 12.08795098915740063 ) ) ;
#2088 = DIRECTION ( 'NONE',  ( 1.000000000000000000, -0.000000000000000000, -0.000000000000000000 ) ) ;
#2089 = VECTOR ( 'NONE', #2317, 1000.000000000000227 ) ;
#2090 = CARTESIAN_POINT ( 'NONE',  ( -15.19000000000000128, -9.581911730930183779, 11.79470085069209162 ) ) ;
#2091 = VECTOR ( 'NONE', #2894, 1000.000000000000000 ) ;
#2092 = PLANE ( 'NONE',  #210 ) ;
#2093 = CARTESIAN_POINT ( 'NONE',  ( -30.99979317598215545, 7.359303406860246533, 7.598515226136655976 ) ) ;
#2094 = VERTEX_POINT ( 'NONE', #419 ) ;
#2095 = ORIENTED_EDGE ( 'NONE', *, *, #1577, .F. ) ;
#2096 = CARTESIAN_POINT ( 'NONE',  ( -0.4909933262039951618, -8.458391042112626934, 10.97772714882213663 ) ) ;
#2097 = DIRECTION ( 'NONE',  ( 1.029992063861229212E-15, -1.000000000000000000, 0.000000000000000000 ) ) ;
#2098 = DIRECTION ( 'NONE',  ( 0.000000000000000000, 0.000000000000000000, -1.000000000000000000 ) ) ;
#2099 = DIRECTION ( 'NONE',  ( 0.8660254037844400399, 0.000000000000000000, 0.4999999999999975020 ) ) ;
#2100 = EDGE_CURVE ( 'NONE', #32, #2390, #3180, .T. ) ;
#2101 = CARTESIAN_POINT ( 'NONE',  ( -2.699999999999999289, -5.299999999999998046, -2.411999999999999922 ) ) ;
#2102 = ORIENTED_EDGE ( 'NONE', *, *, #2663, .F. ) ;
#2103 = CARTESIAN_POINT ( 'NONE',  ( -4.888125556634515867, 2.653382045604023798, -4.576670965836722615 ) ) ;
#2104 = DIRECTION ( 'NONE',  ( 0.000000000000000000, -1.000000000000000000, 0.000000000000000000 ) ) ;
#2105 = EDGE_CURVE ( 'NONE', #2912, #1396, #3200, .T. ) ;
#2106 = DIRECTION ( 'NONE',  ( 1.229055094315551189E-16, -1.000000000000000000, 0.000000000000000000 ) ) ;
#2107 = CARTESIAN_POINT ( 'NONE',  ( -2.699999999999999289, -8.300961894323346968, 0.000000000000000000 ) ) ;
#2108 = LINE ( 'NONE', #3515, #2021 ) ;
#2109 = ORIENTED_EDGE ( 'NONE', *, *, #248, .F. ) ;
#2110 = ORIENTED_EDGE ( 'NONE', *, *, #3401, .T. ) ;
#2111 = AXIS2_PLACEMENT_3D ( 'NONE', #986, #3487, #397 ) ;
#2112 = DIRECTION ( 'NONE',  ( 0.000000000000000000, -0.7071067811865475727, 0.7071067811865475727 ) ) ;
#2113 = CARTESIAN_POINT ( 'NONE',  ( -3.078679656440357792, 3.750000000000000000, 6.729031597682706867 ) ) ;
#2114 = CARTESIAN_POINT ( 'NONE',  ( 0.000000000000000000, -10.59999999999999609, 11.08795098915741661 ) ) ;
#2115 = DIRECTION ( 'NONE',  ( -0.4942704104080671290, -0.8693082085170028561, 0.000000000000000000 ) ) ;
#2116 = DIRECTION ( 'NONE',  ( 0.8660254037844394848, 0.000000000000000000, 0.4999999999999985012 ) ) ;
#2117 = AXIS2_PLACEMENT_3D ( 'NONE', #1898, #1014, #1574 ) ;
#2118 = SPHERICAL_SURFACE ( 'NONE', #2513, 1.000000000000000000 ) ;
#2119 = ORIENTED_EDGE ( 'NONE', *, *, #2749, .F. ) ;
#2120 = EDGE_CURVE ( 'NONE', #1538, #943, #3546, .T. ) ;
#2121 = CARTESIAN_POINT ( 'NONE',  ( -2.288131019337478200, -9.148314491107996105, 5.247487373415293810 ) ) ;
#2122 = CYLINDRICAL_SURFACE ( 'NONE', #3645, 0.5000000000000004441 ) ;
#2123 = VECTOR ( 'NONE', #2750, 1000.000000000000000 ) ;
#2124 = CARTESIAN_POINT ( 'NONE',  ( -1.200000000000003286, 0.000000000000000000, 3.434375000000006395 ) ) ;
#2125 = ADVANCED_FACE ( 'NONE', ( #2263 ), #3771, .F. ) ;
#2126 = AXIS2_PLACEMENT_3D ( 'NONE', #1874, #1250, #403 ) ;
#2127 = AXIS2_PLACEMENT_3D ( 'NONE', #572, #2760, #1781 ) ;
#2128 = CARTESIAN_POINT ( 'NONE',  ( -0.02499999999998109290, -4.165907595870781854, -6.499500000000000277 ) ) ;
#2129 = ORIENTED_EDGE ( 'NONE', *, *, #3968, .T. ) ;
#2130 = ADVANCED_FACE ( 'NONE', ( #2592 ), #2241, .F. ) ;
#2131 = ORIENTED_EDGE ( 'NONE', *, *, #175, .T. ) ;
#2132 = DIRECTION ( 'NONE',  ( -1.000000000000000000, -2.225651257388395466E-15, 0.000000000000000000 ) ) ;
#2133 = DIRECTION ( 'NONE',  ( -0.000000000000000000, 1.000000000000000000, -0.000000000000000000 ) ) ;
#2134 = DIRECTION ( 'NONE',  ( -0.5838052695912606671, -0.7995592268162534655, 0.1409838643620988097 ) ) ;
#2135 = CARTESIAN_POINT ( 'NONE',  ( -2.199999999999999734, 2.250000000000000444, 0.000000000000000000 ) ) ;
#2136 = CIRCLE ( 'NONE', #2344, 1.499999999999963141 ) ;
#2137 = CARTESIAN_POINT ( 'NONE',  ( -17.14800787051146358, -10.59999999999999787, -4.238882310146869337 ) ) ;
#2138 = DIRECTION ( 'NONE',  ( -0.000000000000000000, -0.1736481776669313859, -0.9848077530122079093 ) ) ;
#2139 = EDGE_LOOP ( 'NONE', ( #3640, #1558, #2672, #2823, #613, #3696 ) ) ;
#2140 = ORIENTED_EDGE ( 'NONE', *, *, #719, .T. ) ;
#2141 = LINE ( 'NONE', #1228, #3363 ) ;
#2142 = DIRECTION ( 'NONE',  ( -7.272239133662480588E-17, 0.8846265015520632380, -0.4663002817410230039 ) ) ;
#2143 = DIRECTION ( 'NONE',  ( 0.000000000000000000, 0.000000000000000000, -1.000000000000000000 ) ) ;
#2144 = CIRCLE ( 'NONE', #2921, 1.000000000000000000 ) ;
#2145 = ADVANCED_FACE ( 'NONE', ( #3508 ), #721, .F. ) ;
#2146 = FACE_OUTER_BOUND ( 'NONE', #3530, .T. ) ;
#2147 = VERTEX_POINT ( 'NONE', #2223 ) ;
#2148 = ORIENTED_EDGE ( 'NONE', *, *, #1680, .F. ) ;
#2149 = CIRCLE ( 'NONE', #409, 1.000000000000000000 ) ;
#2150 = VERTEX_POINT ( 'NONE', #1044 ) ;
#2151 = EDGE_CURVE ( 'NONE', #923, #144, #2283, .T. ) ;
#2152 = FACE_OUTER_BOUND ( 'NONE', #3787, .T. ) ;
#2153 = CARTESIAN_POINT ( 'NONE',  ( -11.20000000000000107, -7.883279363552528451, 10.98747282807581982 ) ) ;
#2154 = DIRECTION ( 'NONE',  ( 0.000000000000000000, 0.000000000000000000, 1.000000000000000000 ) ) ;
#2155 = DIRECTION ( 'NONE',  ( 0.8660254037844401509, 0.000000000000000000, 0.4999999999999974465 ) ) ;
#2156 = CARTESIAN_POINT ( 'NONE',  ( -1.270364564057489432, -8.900827117692704959, 4.650000000000001243 ) ) ;
#2157 = VECTOR ( 'NONE', #1809, 1000.000000000000000 ) ;
#2158 = CARTESIAN_POINT ( 'NONE',  ( -1.449999999999999512, -10.59999999999999609, 0.000000000000000000 ) ) ;
#2159 = ORIENTED_EDGE ( 'NONE', *, *, #1486, .T. ) ;
#2160 = ORIENTED_EDGE ( 'NONE', *, *, #1391, .T. ) ;
#2161 = FACE_OUTER_BOUND ( 'NONE', #1366, .T. ) ;
#2162 = PLANE ( 'NONE',  #532 ) ;
#2163 =( BOUNDED_CURVE ( )  B_SPLINE_CURVE ( 3, ( #3410, #3148, #1595, #997 ),
 .UNSPECIFIED., .F., .T. ) 
 B_SPLINE_CURVE_WITH_KNOTS ( ( 4, 4 ),
 ( 3.191613510395556741, 4.712388980384689674 ),
 .UNSPECIFIED. ) 
 CURVE ( )  GEOMETRIC_REPRESENTATION_ITEM ( )  RATIONAL_B_SPLINE_CURVE ( ( 1.000000000000000000, 0.8163792248729798695, 0.8163792248729798695, 1.000000000000000000 ) ) 
 REPRESENTATION_ITEM ( '' )  );
#2164 = CARTESIAN_POINT ( 'NONE',  ( -30.99979317598215545, 7.185655229193324445, 6.613707473124436298 ) ) ;
#2165 = DIRECTION ( 'NONE',  ( -0.5731121201734749038, 0.1945780377377663017, -0.7960413839370318323 ) ) ;
#2166 = LINE ( 'NONE', #1782, #147 ) ;
#2167 = VERTEX_POINT ( 'NONE', #741 ) ;
#2168 = EDGE_LOOP ( 'NONE', ( #3652, #1842, #95, #2556, #3212 ) ) ;
#2169 = ORIENTED_EDGE ( 'NONE', *, *, #1184, .T. ) ;
#2170 = EDGE_CURVE ( 'NONE', #1160, #1038, #1669, .T. ) ;
#2171 = CARTESIAN_POINT ( 'NONE',  ( -2.199999999999999734, 2.250000000000000444, 0.000000000000000000 ) ) ;
#2172 = LINE ( 'NONE', #655, #3720 ) ;
#2173 = EDGE_CURVE ( 'NONE', #3896, #864, #3158, .T. ) ;
#2174 = VECTOR ( 'NONE', #829, 1000.000000000000000 ) ;
#2175 = VECTOR ( 'NONE', #3590, 1000.000000000000000 ) ;
#2176 = LINE ( 'NONE', #2855, #1738 ) ;
#2177 = FACE_OUTER_BOUND ( 'NONE', #3865, .T. ) ;
#2178 = LINE ( 'NONE', #2137, #9 ) ;
#2179 = CARTESIAN_POINT ( 'NONE',  ( -3.680848656647080830, -8.629405260634843700, 9.384184637769434900 ) ) ;
#2180 = ORIENTED_EDGE ( 'NONE', *, *, #2497, .F. ) ;
#2181 = CIRCLE ( 'NONE', #3939, 1.499999999999968470 ) ;
#2182 = ORIENTED_EDGE ( 'NONE', *, *, #3391, .F. ) ;
#2183 = EDGE_CURVE ( 'NONE', #799, #1159, #364, .T. ) ;
#2184 = DIRECTION ( 'NONE',  ( 1.000000000000000000, -0.000000000000000000, -0.000000000000000000 ) ) ;
#2185 = CARTESIAN_POINT ( 'NONE',  ( -2.288131019337478200, -9.148314491107996105, 5.247487373415293810 ) ) ;
#2186 = DIRECTION ( 'NONE',  ( 0.000000000000000000, 0.000000000000000000, -1.000000000000000000 ) ) ;
#2187 = CARTESIAN_POINT ( 'NONE',  ( -2.199999999999999734, -8.300961894323346968, 0.000000000000000000 ) ) ;
#2188 = DIRECTION ( 'NONE',  ( 0.000000000000000000, 0.4663002817410234480, 0.8846265015520631270 ) ) ;
#2189 = AXIS2_PLACEMENT_3D ( 'NONE', #2081, #1792, #3321 ) ;
#2190 = DIRECTION ( 'NONE',  ( -0.5000000000000013323, 0.8660254037844378194, 0.000000000000000000 ) ) ;
#2191 = ORIENTED_EDGE ( 'NONE', *, *, #2825, .T. ) ;
#2192 = ORIENTED_EDGE ( 'NONE', *, *, #2080, .F. ) ;
#2193 = ORIENTED_EDGE ( 'NONE', *, *, #905, .T. ) ;
#2194 = VECTOR ( 'NONE', #1247, 1000.000000000000000 ) ;
#2195 =( GEOMETRIC_REPRESENTATION_CONTEXT ( 3 ) GLOBAL_UNCERTAINTY_ASSIGNED_CONTEXT ( ( #182 ) ) GLOBAL_UNIT_ASSIGNED_CONTEXT ( ( #591, #1822, #301 ) ) REPRESENTATION_CONTEXT ( 'NONE', 'WORKASPACE' ) );
#2196 = CARTESIAN_POINT ( 'NONE',  ( -15.61679526518477168, -8.351503099339767644, 17.39330971215995092 ) ) ;
#2197 = PLANE ( 'NONE',  #26 ) ;
#2198 = ADVANCED_FACE ( 'NONE', ( #2652 ), #482, .F. ) ;
#2199 = VECTOR ( 'NONE', #1245, 999.9999999999998863 ) ;
#2200 = CYLINDRICAL_SURFACE ( 'NONE', #1800, 0.4999999999999993339 ) ;
#2201 = LINE ( 'NONE', #3702, #1298 ) ;
#2202 = CARTESIAN_POINT ( 'NONE',  ( -1.562648137834743434, 0.000000000000000000, 1.550000000000007150 ) ) ;
#2203 = DIRECTION ( 'NONE',  ( -0.5000000000000006661, 0.8528685319524438313, -0.1503837331804289967 ) ) ;
#2204 = EDGE_CURVE ( 'NONE', #2467, #1349, #1429, .T. ) ;
#2205 = ORIENTED_EDGE ( 'NONE', *, *, #3197, .T. ) ;
#2206 = ORIENTED_EDGE ( 'NONE', *, *, #468, .T. ) ;
#2207 = CARTESIAN_POINT ( 'NONE',  ( -0.5000000000000004441, -8.409374999999986500, 11.58795098915740773 ) ) ;
#2208 = LINE ( 'NONE', #3387, #3911 ) ;
#2209 = EDGE_CURVE ( 'NONE', #1294, #1556, #1085, .T. ) ;
#2210 = DIRECTION ( 'NONE',  ( 0.000000000000000000, -0.9848077530122093526, 0.1736481776669230870 ) ) ;
#2211 = CARTESIAN_POINT ( 'NONE',  ( -30.99979317598215545, -3.047900561033111799, 9.119438471360190590 ) ) ;
#2212 = DIRECTION ( 'NONE',  ( 0.000000000000000000, 0.000000000000000000, -1.000000000000000000 ) ) ;
#2213 = VECTOR ( 'NONE', #190, 1000.000000000000000 ) ;
#2214 = ORIENTED_EDGE ( 'NONE', *, *, #3779, .T. ) ;
#2215 = ORIENTED_EDGE ( 'NONE', *, *, #394, .F. ) ;
#2216 = EDGE_LOOP ( 'NONE', ( #2160, #3910, #1125, #327, #2295, #2206 ) ) ;
#2217 = VECTOR ( 'NONE', #2142, 1000.000000000000114 ) ;
#2218 = CARTESIAN_POINT ( 'NONE',  ( -1.200000000000006173, 0.000000000000000000, 2.596875000000006928 ) ) ;
#2219 = CARTESIAN_POINT ( 'NONE',  ( -0.02500000000000164244, 2.250000000000001332, -5.499499999999999389 ) ) ;
#2220 = VECTOR ( 'NONE', #1906, 999.9999999999998863 ) ;
#2221 = DIRECTION ( 'NONE',  ( 0.000000000000000000, -0.1736481776669215049, -0.9848077530122096857 ) ) ;
#2222 = PLANE ( 'NONE',  #583 ) ;
#2223 = CARTESIAN_POINT ( 'NONE',  ( -11.20000000000000107, -6.551175255206457493, 12.78344015643330600 ) ) ;
#2224 = CARTESIAN_POINT ( 'NONE',  ( -4.454869041321841472, -9.092394675401406445, 9.501581485434190455 ) ) ;
#2225 = VERTEX_POINT ( 'NONE', #2385 ) ;
#2226 = ORIENTED_EDGE ( 'NONE', *, *, #596, .F. ) ;
#2227 = DIRECTION ( 'NONE',  ( 1.000000000000000000, 0.000000000000000000, -0.000000000000000000 ) ) ;
#2228 = ADVANCED_FACE ( 'NONE', ( #840 ), #2042, .F. ) ;
#2229 = CARTESIAN_POINT ( 'NONE',  ( -4.699999999999999289, -8.127313716656423992, 9.313797053028469719 ) ) ;
#2230 = DIRECTION ( 'NONE',  ( -3.864802849675905063E-16, 0.1736481776669229204, 0.9848077530122093526 ) ) ;
#2231 = CARTESIAN_POINT ( 'NONE',  ( -2.199999999999999734, -8.300961894323346968, 0.000000000000000000 ) ) ;
#2232 = EDGE_CURVE ( 'NONE', #3233, #3907, #1393, .T. ) ;
#2233 = DIRECTION ( 'NONE',  ( 0.000000000000000000, -0.8846265015520630159, 0.4663002817410233924 ) ) ;
#2234 = ORIENTED_EDGE ( 'NONE', *, *, #884, .T. ) ;
#2235 = ORIENTED_EDGE ( 'NONE', *, *, #3146, .T. ) ;
#2236 = ORIENTED_EDGE ( 'NONE', *, *, #1797, .F. ) ;
#2237 = DIRECTION ( 'NONE',  ( -0.4803844614152628090, 0.8320502943378429439, -0.2773500981126140741 ) ) ;
#2238 = CARTESIAN_POINT ( 'NONE',  ( -3.019728770386431727, 3.525439796450094310, 7.960381212955963015 ) ) ;
#2239 = DIRECTION ( 'NONE',  ( 0.000000000000000000, 0.9848077530122096857, -0.1736481776669215049 ) ) ;
#2240 = LINE ( 'NONE', #762, #2069 ) ;
#2241 = PLANE ( 'NONE',  #2111 ) ;
#2242 = FACE_OUTER_BOUND ( 'NONE', #853, .T. ) ;
#2243 = ORIENTED_EDGE ( 'NONE', *, *, #2528, .T. ) ;
#2244 = VERTEX_POINT ( 'NONE', #1409 ) ;
#2245 = ORIENTED_EDGE ( 'NONE', *, *, #3250, .F. ) ;
#2246 = LINE ( 'NONE', #707, #2003 ) ;
#2247 = DIRECTION ( 'NONE',  ( -0.6865306214108640726, -0.7271008911184286827, 0.000000000000000000 ) ) ;
#2248 = ADVANCED_FACE ( 'NONE', ( #2634 ), #3913, .F. ) ;
#2249 = CARTESIAN_POINT ( 'NONE',  ( -3.229795932116296342, -9.391613231000986772, -4.875841625572942206 ) ) ;
#2250 =( BOUNDED_CURVE ( )  B_SPLINE_CURVE ( 3, ( #3362, #2646, #585, #1075 ),
 .UNSPECIFIED., .F., .T. ) 
 B_SPLINE_CURVE_WITH_KNOTS ( ( 4, 4 ),
 ( 3.141592653589793116, 3.628191182829843875 ),
 .UNSPECIFIED. ) 
 CURVE ( )  GEOMETRIC_REPRESENTATION_ITEM ( )  RATIONAL_B_SPLINE_CURVE ( ( 1.000000000000000000, 0.9803656305571979424, 0.9803656305571979424, 1.000000000000000000 ) ) 
 REPRESENTATION_ITEM ( '' )  );
#2251 = LINE ( 'NONE', #711, #3736 ) ;
#2252 = CYLINDRICAL_SURFACE ( 'NONE', #478, 1.887000000000015110 ) ;
#2253 = EDGE_CURVE ( 'NONE', #3752, #3052, #2974, .T. ) ;
#2254 = ORIENTED_EDGE ( 'NONE', *, *, #3745, .F. ) ;
#2255 = VERTEX_POINT ( 'NONE', #3893 ) ;
#2256 = VERTEX_POINT ( 'NONE', #2060 ) ;
#2257 = CARTESIAN_POINT ( 'NONE',  ( -1.200000000000003286, -10.59999999999999787, 3.434375000000006395 ) ) ;
#2258 = FACE_OUTER_BOUND ( 'NONE', #547, .T. ) ;
#2259 = EDGE_CURVE ( 'NONE', #3376, #3395, #2378, .T. ) ;
#2260 = AXIS2_PLACEMENT_3D ( 'NONE', #2549, #395, #90 ) ;
#2261 = VECTOR ( 'NONE', #3980, 999.9999999999998863 ) ;
#2262 = LINE ( 'NONE', #1648, #3891 ) ;
#2263 = FACE_OUTER_BOUND ( 'NONE', #1806, .T. ) ;
#2264 = CARTESIAN_POINT ( 'NONE',  ( -4.888125556634516755, 2.653382045604023354, -4.576670965836721727 ) ) ;
#2265 = EDGE_LOOP ( 'NONE', ( #893, #3796, #1581, #766, #1235, #2297, #3518, #2243 ) ) ;
#2266 = VERTEX_POINT ( 'NONE', #1749 ) ;
#2267 = VECTOR ( 'NONE', #420, 1000.000000000000000 ) ;
#2268 = EDGE_LOOP ( 'NONE', ( #1236, #2512, #2718, #3740 ) ) ;
#2269 = DIRECTION ( 'NONE',  ( -0.000000000000000000, -0.1736481776669205057, -0.9848077530122097967 ) ) ;
#2270 = LINE ( 'NONE', #1378, #1311 ) ;
#2271 = CARTESIAN_POINT ( 'NONE',  ( -15.18999999999999950, 11.99890312204048648, 5.765002004777340261 ) ) ;
#2272 = CARTESIAN_POINT ( 'NONE',  ( -1.449999999999999734, -10.59999999999999609, 2.322462567297411518 ) ) ;
#2273 = VERTEX_POINT ( 'NONE', #1466 ) ;
#2274 = ORIENTED_EDGE ( 'NONE', *, *, #1060, .F. ) ;
#2275 = VERTEX_POINT ( 'NONE', #3281 ) ;
#2276 = EDGE_CURVE ( 'NONE', #213, #1672, #110, .T. ) ;
#2277 = DIRECTION ( 'NONE',  ( -0.000000000000000000, 0.1736481776669235588, 0.9848077530122092416 ) ) ;
#2278 = CARTESIAN_POINT ( 'NONE',  ( -3.229795932116296342, -9.391613231000986772, 8.893837469608346424 ) ) ;
#2279 = CIRCLE ( 'NONE', #1954, 1.499999999999999556 ) ;
#2280 = EDGE_CURVE ( 'NONE', #3675, #2305, #2637, .T. ) ;
#2281 = CARTESIAN_POINT ( 'NONE',  ( -1.449999999999999512, -10.59999999999999609, 0.000000000000000000 ) ) ;
#2282 = VECTOR ( 'NONE', #879, 999.9999999999998863 ) ;
#2283 = LINE ( 'NONE', #1910, #2507 ) ;
#2284 = AXIS2_PLACEMENT_3D ( 'NONE', #3656, #3923, #1135 ) ;
#2285 = DIRECTION ( 'NONE',  ( 0.8660254037844394848, 0.000000000000000000, 0.4999999999999985012 ) ) ;
#2286 = ORIENTED_EDGE ( 'NONE', *, *, #1083, .F. ) ;
#2287 = ORIENTED_EDGE ( 'NONE', *, *, #2276, .F. ) ;
#2288 = ORIENTED_EDGE ( 'NONE', *, *, #338, .F. ) ;
#2289 = CARTESIAN_POINT ( 'NONE',  ( -3.861403299422694335, 2.653382045604023798, -3.483125627706720184 ) ) ;
#2290 = CARTESIAN_POINT ( 'NONE',  ( -2.344127994689165995, -10.60218898715330127, 11.23169652319602463 ) ) ;
#2291 = VECTOR ( 'NONE', #2651, 1000.000000000000227 ) ;
#2292 = SURFACE_SIDE_STYLE ('',( #489 ) ) ;
#2293 = CARTESIAN_POINT ( 'NONE',  ( -0.02499999999998109290, -6.739507774091406667, -5.142915626722102118 ) ) ;
#2294 = DIRECTION ( 'NONE',  ( 0.000000000000000000, 0.000000000000000000, 1.000000000000000000 ) ) ;
#2295 = ORIENTED_EDGE ( 'NONE', *, *, #1011, .F. ) ;
#2296 = EDGE_LOOP ( 'NONE', ( #1088, #2500, #3283, #3336, #191 ) ) ;
#2297 = ORIENTED_EDGE ( 'NONE', *, *, #1391, .F. ) ;
#2298 = AXIS2_PLACEMENT_3D ( 'NONE', #1929, #1330, #3810 ) ;
#2299 =( BOUNDED_CURVE ( )  B_SPLINE_CURVE ( 3, ( #1211, #889, #1174, #170 ),
 .UNSPECIFIED., .F., .T. ) 
 B_SPLINE_CURVE_WITH_KNOTS ( ( 4, 4 ),
 ( 1.570796326794901221, 3.141592653589787787 ),
 .UNSPECIFIED. ) 
 CURVE ( )  GEOMETRIC_REPRESENTATION_ITEM ( )  RATIONAL_B_SPLINE_CURVE ( ( 1.000000000000000000, 0.8047378541243672689, 0.8047378541243672689, 1.000000000000000000 ) ) 
 REPRESENTATION_ITEM ( '' )  );
#2300 = CARTESIAN_POINT ( 'NONE',  ( -3.121820083608145335, 3.449500259951497672, 6.817341950793426086 ) ) ;
#2301 = ADVANCED_FACE ( 'NONE', ( #211 ), #2694, .F. ) ;
#2302 = DIRECTION ( 'NONE',  ( -1.000000000000000000, -8.220688754975634355E-17, 0.000000000000000000 ) ) ;
#2303 = DIRECTION ( 'NONE',  ( 1.000000000000000000, -0.000000000000000000, -0.000000000000000000 ) ) ;
#2304 = CARTESIAN_POINT ( 'NONE',  ( -16.68999999999998352, -3.221548738700036996, 9.134630718347983347 ) ) ;
#2305 = VERTEX_POINT ( 'NONE', #1145 ) ;
#2306 = ORIENTED_EDGE ( 'NONE', *, *, #154, .F. ) ;
#2307 = EDGE_CURVE ( 'NONE', #1674, #1613, #3316, .T. ) ;
#2308 = EDGE_CURVE ( 'NONE', #512, #780, #3961, .T. ) ;
#2309 = VERTEX_POINT ( 'NONE', #3950 ) ;
#2310 = DIRECTION ( 'NONE',  ( 1.031027462301852710E-15, -1.000000000000000000, 0.000000000000000000 ) ) ;
#2311 = DIRECTION ( 'NONE',  ( 1.000000000000000000, -0.000000000000000000, -0.000000000000000000 ) ) ;
#2312 = EDGE_CURVE ( 'NONE', #2094, #923, #1197, .T. ) ;
#2313 = VECTOR ( 'NONE', #1683, 1000.000000000000000 ) ;
#2314 = DIRECTION ( 'NONE',  ( -0.000000000000000000, -0.1736481776669215049, -0.9848077530122095746 ) ) ;
#2315 = AXIS2_PLACEMENT_3D ( 'NONE', #1096, #470, #2928 ) ;
#2316 = AXIS2_PLACEMENT_3D ( 'NONE', #3014, #2942, #2347 ) ;
#2317 = DIRECTION ( 'NONE',  ( -0.4803844614152628645, 0.8320502943378430549, -0.2773500981126135190 ) ) ;
#2318 = DIRECTION ( 'NONE',  ( 0.000000000000000000, 0.000000000000000000, 1.000000000000000000 ) ) ;
#2319 = ORIENTED_EDGE ( 'NONE', *, *, #575, .T. ) ;
#2320 = AXIS2_PLACEMENT_3D ( 'NONE', #1401, #796, #1383 ) ;
#2321 = ORIENTED_EDGE ( 'NONE', *, *, #3124, .F. ) ;
#2322 = ORIENTED_EDGE ( 'NONE', *, *, #2535, .T. ) ;
#2323 = VERTEX_POINT ( 'NONE', #3722 ) ;
#2324 = AXIS2_PLACEMENT_3D ( 'NONE', #1209, #1154, #2452 ) ;
#2325 = DIRECTION ( 'NONE',  ( -0.4942704104080702376, 0.8693082085170010798, 0.000000000000000000 ) ) ;
#2326 = CARTESIAN_POINT ( 'NONE',  ( -3.612847612696953981, 2.816901710916771329, 8.085315594295186870 ) ) ;
#2327 = DIRECTION ( 'NONE',  ( 0.8660254037844394848, 0.000000000000000000, 0.4999999999999985012 ) ) ;
#2328 = CARTESIAN_POINT ( 'NONE',  ( -16.87370748512142882, -5.299999999999998046, -2.411999999999999922 ) ) ;
#2329 = AXIS2_PLACEMENT_3D ( 'NONE', #2767, #3791, #3486 ) ;
#2330 = CARTESIAN_POINT ( 'NONE',  ( -30.99979317598215545, 6.501202282021851353, 7.085034496652985680 ) ) ;
#2331 = VERTEX_POINT ( 'NONE', #3054 ) ;
#2332 = ORIENTED_EDGE ( 'NONE', *, *, #2729, .F. ) ;
#2333 = LINE ( 'NONE', #3513, #2521 ) ;
#2334 = CARTESIAN_POINT ( 'NONE',  ( -2.088216894636799825, -10.46949523549772998, 10.71638723954360195 ) ) ;
#2335 = EDGE_CURVE ( 'NONE', #3395, #2377, #3071, .T. ) ;
#2336 = ORIENTED_EDGE ( 'NONE', *, *, #3073, .F. ) ;
#2337 = AXIS2_PLACEMENT_3D ( 'NONE', #28, #1544, #2155 ) ;
#2338 = DIRECTION ( 'NONE',  ( -1.031027462301852316E-15, -1.000000000000000000, 0.000000000000000000 ) ) ;
#2339 = LINE ( 'NONE', #2583, #3844 ) ;
#2340 = EDGE_CURVE ( 'NONE', #2147, #799, #958, .T. ) ;
#2341 = CARTESIAN_POINT ( 'NONE',  ( -1.200000000000004619, 0.000000000000000000, 3.015625000000006661 ) ) ;
#2342 = EDGE_LOOP ( 'NONE', ( #1411, #788, #3550, #1442, #2036 ) ) ;
#2343 = ORIENTED_EDGE ( 'NONE', *, *, #2886, .T. ) ;
#2344 = AXIS2_PLACEMENT_3D ( 'NONE', #3802, #1324, #2561 ) ;
#2345 = CARTESIAN_POINT ( 'NONE',  ( -3.699999999999998845, -4.830306178445420429, 7.717019056556959633 ) ) ;
#2346 = CARTESIAN_POINT ( 'NONE',  ( -4.384465974139012623, 3.682695620740254139, 7.932652768260235021 ) ) ;
#2347 = DIRECTION ( 'NONE',  ( 0.000000000000000000, 0.000000000000000000, -1.000000000000000000 ) ) ;
#2348 = DIRECTION ( 'NONE',  ( -0.000000000000000000, 0.1736481776669235588, 0.9848077530122092416 ) ) ;
#2349 = ORIENTED_EDGE ( 'NONE', *, *, #1418, .T. ) ;
#2350 = ORIENTED_EDGE ( 'NONE', *, *, #3349, .F. ) ;
#2351 = DIRECTION ( 'NONE',  ( 0.000000000000000000, 0.000000000000000000, 1.000000000000000000 ) ) ;
#2352 = VECTOR ( 'NONE', #201, 1000.000000000000000 ) ;
#2353 = DIRECTION ( 'NONE',  ( 0.4999999999999979461, 0.8528685319524453856, -0.1503837331804296074 ) ) ;
#2354 = VERTEX_POINT ( 'NONE', #1182 ) ;
#2355 = VECTOR ( 'NONE', #1859, 1000.000000000000114 ) ;
#2356 = ADVANCED_FACE ( 'NONE', ( #2152 ), #1540, .F. ) ;
#2357 = CARTESIAN_POINT ( 'NONE',  ( -0.02499999999999895361, -12.74130461084057053, -6.123106550174093776 ) ) ;
#2358 = DIRECTION ( 'NONE',  ( 0.8660254037844398178, -0.4924038765061027889, 0.08682408883346143247 ) ) ;
#2359 = ORIENTED_EDGE ( 'NONE', *, *, #777, .T. ) ;
#2360 = ORIENTED_EDGE ( 'NONE', *, *, #1831, .F. ) ;
#2361 = ORIENTED_EDGE ( 'NONE', *, *, #1486, .F. ) ;
#2362 = EDGE_CURVE ( 'NONE', #2598, #2997, #2049, .T. ) ;
#2363 = EDGE_CURVE ( 'NONE', #1977, #233, #4005, .T. ) ;
#2364 = CARTESIAN_POINT ( 'NONE',  ( -2.598246075038416869, -8.611179458441919010, 10.72933206406842999 ) ) ;
#2365 = CARTESIAN_POINT ( 'NONE',  ( -0.9731913852119669084, -11.42585674629940229, 3.303426985197607024 ) ) ;
#2366 = ORIENTED_EDGE ( 'NONE', *, *, #92, .T. ) ;
#2367 = CARTESIAN_POINT ( 'NONE',  ( -0.1618789371097892060, -8.631793423156068457, 10.60997213293338248 ) ) ;
#2368 = CARTESIAN_POINT ( 'NONE',  ( -3.547151698260871289, -8.974370595054177002, 8.555636149760506015 ) ) ;
#2369 = ORIENTED_EDGE ( 'NONE', *, *, #3228, .T. ) ;
#2370 = CARTESIAN_POINT ( 'NONE',  ( -2.699999999999999289, -5.299999999999997158, -5.499500000000000277 ) ) ;
#2371 = DIRECTION ( 'NONE',  ( 0.000000000000000000, 0.000000000000000000, -1.000000000000000000 ) ) ;
#2372 = ORIENTED_EDGE ( 'NONE', *, *, #1927, .T. ) ;
#2373 = DIRECTION ( 'NONE',  ( -1.000000000000000000, 1.031027462301852316E-15, -1.817979594551889569E-16 ) ) ;
#2374 = DIRECTION ( 'NONE',  ( 0.000000000000000000, 0.9848077530122095746, -0.1736481776669216159 ) ) ;
#2375 = EDGE_CURVE ( 'NONE', #882, #564, #597, .T. ) ;
#2376 = LINE ( 'NONE', #1495, #3881 ) ;
#2377 = VERTEX_POINT ( 'NONE', #2460 ) ;
#2378 = CIRCLE ( 'NONE', #2316, 1.673999999999999932 ) ;
#2379 = EDGE_CURVE ( 'NONE', #724, #1109, #1081, .T. ) ;
#2380 = CARTESIAN_POINT ( 'NONE',  ( -4.699999999999999289, 2.423648177666922532, 8.154656802466057286 ) ) ;
#2381 = CARTESIAN_POINT ( 'NONE',  ( -3.699999999999999289, 2.249999999999998224, 7.169849049453849155 ) ) ;
#2382 = ORIENTED_EDGE ( 'NONE', *, *, #2502, .T. ) ;
#2383 = VERTEX_POINT ( 'NONE', #913 ) ;
#2384 = ADVANCED_FACE ( 'NONE', ( #3378 ), #1560, .F. ) ;
#2385 = CARTESIAN_POINT ( 'NONE',  ( -1.449999999999999734, -10.59999999999999609, 4.416212567297410629 ) ) ;
#2386 = CARTESIAN_POINT ( 'NONE',  ( -3.229795932116296342, -9.391613231000986772, 8.893837469608346424 ) ) ;
#2387 = ORIENTED_EDGE ( 'NONE', *, *, #2307, .T. ) ;
#2388 = DIRECTION ( 'NONE',  ( 0.000000000000000000, 0.1736481776669222543, 0.9848077530122094636 ) ) ;
#2389 = LINE ( 'NONE', #3954, #3955 ) ;
#2390 = VERTEX_POINT ( 'NONE', #253 ) ;
#2391 = AXIS2_PLACEMENT_3D ( 'NONE', #355, #1587, #604 ) ;
#2392 = CARTESIAN_POINT ( 'NONE',  ( -1.562648137834736328, -10.59999999999999787, 3.643750000000006928 ) ) ;
#2393 =( GEOMETRIC_REPRESENTATION_CONTEXT ( 3 ) GLOBAL_UNCERTAINTY_ASSIGNED_CONTEXT ( ( #3270 ) ) GLOBAL_UNIT_ASSIGNED_CONTEXT ( ( #281, #2416, #2020 ) ) REPRESENTATION_CONTEXT ( 'NONE', 'WORKASPACE' ) );
#2394 = PLANE ( 'NONE',  #3589 ) ;
#2395 = CIRCLE ( 'NONE', #3762, 0.8870000000000015650 ) ;
#2396 = FACE_OUTER_BOUND ( 'NONE', #377, .T. ) ;
#2397 = EDGE_CURVE ( 'NONE', #2870, #1580, #556, .T. ) ;
#2398 = CARTESIAN_POINT ( 'NONE',  ( 0.000000000000000000, -6.389976908569642511, -4.479814447377949982 ) ) ;
#2399 = CARTESIAN_POINT ( 'NONE',  ( -3.676986063373506308, 2.626442445837312345, 8.118898701453279187 ) ) ;
#2400 = ORIENTED_EDGE ( 'NONE', *, *, #1876, .T. ) ;
#2401 = ORIENTED_EDGE ( 'NONE', *, *, #3482, .F. ) ;
#2402 = ADVANCED_FACE ( 'NONE', ( #23 ), #3743, .F. ) ;
#2403 = CARTESIAN_POINT ( 'NONE',  ( 0.000000000000000000, -5.617478421954031020, 11.08795098915741661 ) ) ;
#2404 = CARTESIAN_POINT ( 'NONE',  ( -2.222332592146017305, -10.34286283237963566, 9.715747701702232675 ) ) ;
#2405 = EDGE_CURVE ( 'NONE', #504, #179, #691, .T. ) ;
#2406 = DIRECTION ( 'NONE',  ( 0.000000000000000000, -1.000000000000000000, 0.000000000000000000 ) ) ;
#2407 = CARTESIAN_POINT ( 'NONE',  ( -1.562648137834740547, 0.000000000000000000, 2.387500000000007727 ) ) ;
#2408 = CARTESIAN_POINT ( 'NONE',  ( -11.20000000000000107, -4.311722424856698765, 12.38856420041872397 ) ) ;
#2409 = ORIENTED_EDGE ( 'NONE', *, *, #3168, .F. ) ;
#2410 = VECTOR ( 'NONE', #3102, 1000.000000000000000 ) ;
#2411 = CARTESIAN_POINT ( 'NONE',  ( -1.200000000000004619, 0.000000000000000000, 3.015625000000006661 ) ) ;
#2412 = CARTESIAN_POINT ( 'NONE',  ( -1.449999999999999512, -10.59999999999999609, 0.000000000000000000 ) ) ;
#2413 = VECTOR ( 'NONE', #3992, 1000.000000000000000 ) ;
#2414 = CIRCLE ( 'NONE', #3848, 1.499999999999999778 ) ;
#2415 = CARTESIAN_POINT ( 'NONE',  ( -30.99979317598215545, 12.25937538854088871, 7.242213634295620039 ) ) ;
#2416 =( NAMED_UNIT ( * ) PLANE_ANGLE_UNIT ( ) SI_UNIT ( $, .RADIAN. ) );
#2417 = DIRECTION ( 'NONE',  ( 0.4999999999999979461, 0.8528685319524453856, -0.1503837331804296074 ) ) ;
#2418 = DIRECTION ( 'NONE',  ( -0.000000000000000000, -0.1736481776669215049, -0.9848077530122096857 ) ) ;
#2419 = ORIENTED_EDGE ( 'NONE', *, *, #2362, .T. ) ;
#2420 = ORIENTED_EDGE ( 'NONE', *, *, #1476, .F. ) ;
#2421 = DIRECTION ( 'NONE',  ( 0.000000000000000000, -0.7071067811865474617, -0.7071067811865474617 ) ) ;
#2422 = DIRECTION ( 'NONE',  ( 1.000000000000000000, 8.220688754975634355E-17, -0.000000000000000000 ) ) ;
#2423 = ADVANCED_FACE ( 'NONE', ( #937 ), #1504, .T. ) ;
#2424 = CARTESIAN_POINT ( 'NONE',  ( -13.97215942496797680, 11.13649918842620323, 5.917067086542647125 ) ) ;
#2425 = LINE ( 'NONE', #2047, #2527 ) ;
#2426 = DIRECTION ( 'NONE',  ( 0.000000000000000000, 0.1736481776669235588, 0.9848077530122092416 ) ) ;
#2427 = DIRECTION ( 'NONE',  ( -0.000000000000000000, 0.1736481776669235311, 0.9848077530122093526 ) ) ;
#2428 = EDGE_CURVE ( 'NONE', #179, #1260, #633, .T. ) ;
#2429 = VERTEX_POINT ( 'NONE', #3115 ) ;
#2430 = CARTESIAN_POINT ( 'NONE',  ( -1.429687500000044853, -4.065438106724079681, -6.499500000000000277 ) ) ;
#2431 = DIRECTION ( 'NONE',  ( -0.000000000000000000, 1.000000000000000000, 5.782411586589359611E-16 ) ) ;
#2432 = EDGE_CURVE ( 'NONE', #1695, #315, #2730, .T. ) ;
#2433 = CYLINDRICAL_SURFACE ( 'NONE', #2839, 1.499999999999968470 ) ;
#2434 = PRESENTATION_STYLE_ASSIGNMENT (( #1408 ) ) ;
#2435 = DIRECTION ( 'NONE',  ( -0.2612347312050161130, 0.9506106045477095146, -0.1676182977293390053 ) ) ;
#2436 = EDGE_LOOP ( 'NONE', ( #1589, #1536, #2964, #2287 ) ) ;
#2437 = EDGE_LOOP ( 'NONE', ( #186, #1905, #464, #266, #357 ) ) ;
#2438 = AXIS2_PLACEMENT_3D ( 'NONE', #2765, #874, #3356 ) ;
#2439 = CARTESIAN_POINT ( 'NONE',  ( -2.699999999999999289, -8.300961894323346968, 11.06112152762134571 ) ) ;
#2440 = DIRECTION ( 'NONE',  ( 0.000000000000000000, 1.000000000000000000, -2.192129585459224245E-16 ) ) ;
#2441 = FACE_BOUND ( 'NONE', #85, .T. ) ;
#2442 = CYLINDRICAL_SURFACE ( 'NONE', #3574, 0.5000000000000004441 ) ;
#2443 = FACE_OUTER_BOUND ( 'NONE', #1374, .T. ) ;
#2444 = VECTOR ( 'NONE', #58, 1000.000000000000114 ) ;
#2445 = CARTESIAN_POINT ( 'NONE',  ( -3.552921424988920940, -8.962896851391517927, 8.549173156195271517 ) ) ;
#2446 = VERTEX_POINT ( 'NONE', #3505 ) ;
#2447 = VERTEX_POINT ( 'NONE', #414 ) ;
#2448 = CARTESIAN_POINT ( 'NONE',  ( -11.20000000000000107, -5.677650778284632160, 12.62941422284274395 ) ) ;
#2449 = EDGE_CURVE ( 'NONE', #3907, #3436, #3464, .T. ) ;
#2450 = CARTESIAN_POINT ( 'NONE',  ( -0.8616073428012785973, -11.61912597706863615, 4.076503908274530019 ) ) ;
#2451 = VECTOR ( 'NONE', #1908, 1000.000000000000114 ) ;
#2452 = DIRECTION ( 'NONE',  ( 0.000000000000000000, 0.000000000000000000, -1.000000000000000000 ) ) ;
#2453 = VECTOR ( 'NONE', #2757, 1000.000000000000000 ) ;
#2454 = EDGE_CURVE ( 'NONE', #455, #2150, #738, .T. ) ;
#2455 = AXIS2_PLACEMENT_3D ( 'NONE', #2281, #3811, #1691 ) ;
#2456 = CARTESIAN_POINT ( 'NONE',  ( -1.084775427622655330, -11.23258751553017198, 2.530350062120684029 ) ) ;
#2457 = ORIENTED_EDGE ( 'NONE', *, *, #3331, .T. ) ;
#2458 = ORIENTED_EDGE ( 'NONE', *, *, #1506, .T. ) ;
#2459 = ORIENTED_EDGE ( 'NONE', *, *, #1801, .F. ) ;
#2460 = CARTESIAN_POINT ( 'NONE',  ( -0.02499999999999199043, 2.750000000000002665, 1.616186689024132983 ) ) ;
#2461 = DIRECTION ( 'NONE',  ( -2.191838613777464378E-15, 0.9848077530122092416, -0.1736481776669235311 ) ) ;
#2462 = CARTESIAN_POINT ( 'NONE',  ( -10.22572142074251467, -4.656658000778489459, 8.701826809569254806 ) ) ;
#2463 = CARTESIAN_POINT ( 'NONE',  ( -1.200000000000003064, -8.900827117692704959, 5.000000000000001776 ) ) ;
#2464 = CARTESIAN_POINT ( 'NONE',  ( -1.949999999999999512, -10.59999999999999609, 0.000000000000000000 ) ) ;
#2465 = CARTESIAN_POINT ( 'NONE',  ( -0.6383054962418657219, -5.299999999999998046, -5.499500000000000277 ) ) ;
#2466 = EDGE_LOOP ( 'NONE', ( #3438, #2401, #2332, #2846 ) ) ;
#2467 = VERTEX_POINT ( 'NONE', #2257 ) ;
#2468 = DIRECTION ( 'NONE',  ( 0.000000000000000000, 0.9848077530122095746, -0.1736481776669216159 ) ) ;
#2469 = CARTESIAN_POINT ( 'NONE',  ( -2.138575381303024603, -9.407352454742046177, 4.988449409781245514 ) ) ;
#2470 = CIRCLE ( 'NONE', #1118, 1.000000000000000000 ) ;
#2471 = ADVANCED_FACE ( 'NONE', ( #1582 ), #2826, .F. ) ;
#2472 = CARTESIAN_POINT ( 'NONE',  ( -12.17427857925749635, -4.656658000778498341, 8.701826809569167764 ) ) ;
#2473 = DIRECTION ( 'NONE',  ( 0.6104124877388408255, -0.5467532281777067737, -0.5731121201734754589 ) ) ;
#2474 = AXIS2_PLACEMENT_3D ( 'NONE', #2464, #3704, #1187 ) ;
#2475 = PRODUCT_CONTEXT ( 'NONE', #538, 'mechanical' ) ;
#2476 = CARTESIAN_POINT ( 'NONE',  ( -3.699999999999999289, 2.250000000000000444, 0.000000000000000000 ) ) ;
#2477 = ADVANCED_FACE ( 'NONE', ( #65 ), #88, .F. ) ;
#2478 = ORIENTED_EDGE ( 'NONE', *, *, #1578, .F. ) ;
#2479 = EDGE_LOOP ( 'NONE', ( #3836, #3996, #2236, #3886 ) ) ;
#2480 = AXIS2_PLACEMENT_3D ( 'NONE', #17, #953, #1257 ) ;
#2481 = EDGE_LOOP ( 'NONE', ( #2024, #2102, #2668, #2110, #135 ) ) ;
#2482 = AXIS2_PLACEMENT_3D ( 'NONE', #3591, #2422, #2995 ) ;
#2483 = DIRECTION ( 'NONE',  ( -0.000000000000000000, -0.1736481776669205057, -0.9848077530122097967 ) ) ;
#2484 = DIRECTION ( 'NONE',  ( -1.000000000000000000, -1.205502409205620347E-16, 2.125626000519988545E-17 ) ) ;
#2485 = LINE ( 'NONE', #3157, #706 ) ;
#2486 = CARTESIAN_POINT ( 'NONE',  ( -16.87370748512142882, -5.299999999999998046, -1.500000000000000888 ) ) ;
#2487 = DIRECTION ( 'NONE',  ( 1.000000000000000000, -0.000000000000000000, -0.000000000000000000 ) ) ;
#2488 = CARTESIAN_POINT ( 'NONE',  ( -3.646379325263698679, -8.698437487850450012, 8.445798752202820836 ) ) ;
#2489 = ORIENTED_EDGE ( 'NONE', *, *, #3721, .T. ) ;
#2490 = EDGE_LOOP ( 'NONE', ( #2169, #934, #2057, #3845, #1365, #2336 ) ) ;
#2491 = CARTESIAN_POINT ( 'NONE',  ( -2.917454204869732060, -10.23051744615650449, 10.14906846534071505 ) ) ;
#2492 = AXIS2_PLACEMENT_3D ( 'NONE', #3419, #3679, #3116 ) ;
#2493 = DIRECTION ( 'NONE',  ( 0.000000000000000000, -1.000000000000000000, 0.000000000000000000 ) ) ;
#2494 = DIRECTION ( 'NONE',  ( 0.000000000000000000, 0.000000000000000000, -1.000000000000000000 ) ) ;
#2495 = LINE ( 'NONE', #1900, #589 ) ;
#2496 = DIRECTION ( 'NONE',  ( 1.000000000000000000, -0.000000000000000000, -0.000000000000000000 ) ) ;
#2497 = EDGE_CURVE ( 'NONE', #2847, #2649, #675, .T. ) ;
#2498 = FACE_OUTER_BOUND ( 'NONE', #3826, .T. ) ;
#2499 = ORIENTED_EDGE ( 'NONE', *, *, #3098, .T. ) ;
#2500 = ORIENTED_EDGE ( 'NONE', *, *, #3799, .T. ) ;
#2501 = VERTEX_POINT ( 'NONE', #1284 ) ;
#2502 = EDGE_CURVE ( 'NONE', #3203, #2967, #1329, .T. ) ;
#2503 = CARTESIAN_POINT ( 'NONE',  ( -30.99979317598215545, 13.85528540077044823, 13.41368383082761895 ) ) ;
#2504 = CARTESIAN_POINT ( 'NONE',  ( -1.562648137834741879, 0.000000000000000000, 1.968750000000007772 ) ) ;
#2505 = VECTOR ( 'NONE', #6, 1000.000000000000114 ) ;
#2506 = AXIS2_PLACEMENT_3D ( 'NONE', #2643, #2314, #446 ) ;
#2507 = VECTOR ( 'NONE', #3528, 1000.000000000000000 ) ;
#2508 = LINE ( 'NONE', #982, #892 ) ;
#2509 = EDGE_CURVE ( 'NONE', #3707, #1796, #2741, .T. ) ;
#2510 = CARTESIAN_POINT ( 'NONE',  ( -14.77514012493679019, 11.50929053509758759, 4.706179557775200806 ) ) ;
#2511 = DIRECTION ( 'NONE',  ( 0.000000000000000000, 0.000000000000000000, -1.000000000000000000 ) ) ;
#2512 = ORIENTED_EDGE ( 'NONE', *, *, #3420, .F. ) ;
#2513 = AXIS2_PLACEMENT_3D ( 'NONE', #1168, #275, #1099 ) ;
#2514 = ORIENTED_EDGE ( 'NONE', *, *, #2509, .F. ) ;
#2515 = DIRECTION ( 'NONE',  ( 0.000000000000000000, 0.000000000000000000, -1.000000000000000000 ) ) ;
#2516 = LINE ( 'NONE', #3756, #2677 ) ;
#2517 = CARTESIAN_POINT ( 'NONE',  ( -3.916326553527163856, -9.582976101474738329, 9.738221726469950212 ) ) ;
#2518 = CARTESIAN_POINT ( 'NONE',  ( -2.699999999999999289, 0.000000000000000000, 1.550000000000000933 ) ) ;
#2519 = DIRECTION ( 'NONE',  ( -0.5000000000000013323, 0.8660254037844378194, 0.000000000000000000 ) ) ;
#2520 = VECTOR ( 'NONE', #270, 1000.000000000000000 ) ;
#2521 = VECTOR ( 'NONE', #3207, 1000.000000000000114 ) ;
#2522 = ORIENTED_EDGE ( 'NONE', *, *, #1675, .T. ) ;
#2523 = VERTEX_POINT ( 'NONE', #1602 ) ;
#2524 = ORIENTED_EDGE ( 'NONE', *, *, #3049, .T. ) ;
#2525 = CARTESIAN_POINT ( 'NONE',  ( -0.5000000000000000000, -5.617478421954031020, 12.08795098915740063 ) ) ;
#2526 = DIRECTION ( 'NONE',  ( -0.8660254037844379305, 0.000000000000000000, 0.5000000000000014433 ) ) ;
#2527 = VECTOR ( 'NONE', #2353, 1000.000000000000227 ) ;
#2528 = EDGE_CURVE ( 'NONE', #935, #2680, #2568, .T. ) ;
#2529 = LINE ( 'NONE', #3769, #310 ) ;
#2530 = CARTESIAN_POINT ( 'NONE',  ( -1.200000000000006173, -10.59999999999999787, 2.596875000000006928 ) ) ;
#2531 = CYLINDRICAL_SURFACE ( 'NONE', #3224, 1.499999999999999556 ) ;
#2532 = CARTESIAN_POINT ( 'NONE',  ( -16.68999999999998352, -9.450507130421177848, 9.660548131000954442 ) ) ;
#2533 = ORIENTED_EDGE ( 'NONE', *, *, #1526, .F. ) ;
#2534 = VERTEX_POINT ( 'NONE', #695 ) ;
#2535 = EDGE_CURVE ( 'NONE', #3202, #1427, #2588, .T. ) ;
#2536 = CARTESIAN_POINT ( 'NONE',  ( -1.665178991505116946, -10.22729905399170214, 1.490803784033174928 ) ) ;
#2537 = DIRECTION ( 'NONE',  ( 1.000000000000000000, -0.000000000000000000, -0.000000000000000000 ) ) ;
#2538 = CARTESIAN_POINT ( 'NONE',  ( -0.9173993640066226973, -11.52249136168401833, 3.689965446736068522 ) ) ;
#2539 = CARTESIAN_POINT ( 'NONE',  ( -30.99979317598215545, -8.091030832839392062, 17.37052134167826623 ) ) ;
#2540 = PRODUCT_DEFINITION_SHAPE ( 'NONE', 'NONE',  #736 ) ;
#2541 = CARTESIAN_POINT ( 'NONE',  ( -0.02499999999999724665, -8.642248473930015606, 10.48134101828549447 ) ) ;
#2542 = VERTEX_POINT ( 'NONE', #2851 ) ;
#2543 = VERTEX_POINT ( 'NONE', #717 ) ;
#2544 = ORIENTED_EDGE ( 'NONE', *, *, #739, .F. ) ;
#2545 = AXIS2_PLACEMENT_3D ( 'NONE', #608, #381, #1273 ) ;
#2546 = PLANE ( 'NONE',  #3003 ) ;
#2547 = CARTESIAN_POINT ( 'NONE',  ( -2.854369718924014698, 4.858579866013356785, 7.725312649628587103 ) ) ;
#2548 = CIRCLE ( 'NONE', #2940, 1.499999999999999778 ) ;
#2549 = CARTESIAN_POINT ( 'NONE',  ( -11.20000000000000107, -5.677650778284625055, 12.62941422284274573 ) ) ;
#2550 = CARTESIAN_POINT ( 'NONE',  ( -1.562648137834741879, -10.59999999999999787, 1.968750000000007772 ) ) ;
#2551 = ADVANCED_FACE ( 'NONE', ( #1367 ), #1306, .F. ) ;
#2552 = CARTESIAN_POINT ( 'NONE',  ( -3.699999999999999734, 2.250000000000001332, -4.999500000000000277 ) ) ;
#2553 = CARTESIAN_POINT ( 'NONE',  ( -0.02499999999999987996, 12.87170503774819075, 7.835522399886253986 ) ) ;
#2554 = EDGE_LOOP ( 'NONE', ( #3384, #3121, #2254 ) ) ;
#2555 = ORIENTED_EDGE ( 'NONE', *, *, #642, .F. ) ;
#2556 = ORIENTED_EDGE ( 'NONE', *, *, #763, .F. ) ;
#2557 = LINE ( 'NONE', #2536, #2067 ) ;
#2558 = CARTESIAN_POINT ( 'NONE',  ( -17.14800787051146358, -5.299999999999998046, -2.411999999999999922 ) ) ;
#2559 = EDGE_CURVE ( 'NONE', #1958, #3150, #2914, .T. ) ;
#2560 = DIRECTION ( 'NONE',  ( 0.000000000000000000, -1.000000000000000000, 6.713177961746018904E-17 ) ) ;
#2561 = DIRECTION ( 'NONE',  ( -1.029992063861254456E-15, -1.000000000000000000, 0.000000000000000000 ) ) ;
#2562 = CARTESIAN_POINT ( 'NONE',  ( -0.02500000000000000139, 3.750000000000000444, -6.499500000000000277 ) ) ;
#2563 = ADVANCED_FACE ( 'NONE', ( #2609 ), #2546, .F. ) ;
#2564 =( BOUNDED_CURVE ( )  B_SPLINE_CURVE ( 3, ( #3123, #2863, #1571, #2579 ),
 .UNSPECIFIED., .F., .T. ) 
 B_SPLINE_CURVE_WITH_KNOTS ( ( 4, 4 ),
 ( 3.141592653589793116, 4.712388980384690562 ),
 .UNSPECIFIED. ) 
 CURVE ( )  GEOMETRIC_REPRESENTATION_ITEM ( )  RATIONAL_B_SPLINE_CURVE ( ( 1.000000000000000000, 0.8047378541243648264, 0.8047378541243648264, 1.000000000000000000 ) ) 
 REPRESENTATION_ITEM ( '' )  );
#2565 = ORIENTED_EDGE ( 'NONE', *, *, #2954, .F. ) ;
#2566 = ORIENTED_EDGE ( 'NONE', *, *, #1877, .F. ) ;
#2567 = ORIENTED_EDGE ( 'NONE', *, *, #1751, .F. ) ;
#2568 = LINE ( 'NONE', #3484, #477 ) ;
#2569 = CARTESIAN_POINT ( 'NONE',  ( -1.200000000000003064, -9.236237314317675029, 4.900000000000010125 ) ) ;
#2570 = FACE_OUTER_BOUND ( 'NONE', #3016, .T. ) ;
#2571 = CARTESIAN_POINT ( 'NONE',  ( -0.02499999999999824238, -10.59999999999999609, -4.238882310146869337 ) ) ;
#2572 = DIRECTION ( 'NONE',  ( -0.4548485353795836406, 0.7878207730257259511, -0.4152724881956366132 ) ) ;
#2573 = LINE ( 'NONE', #2330, #2783 ) ;
#2574 = VERTEX_POINT ( 'NONE', #129 ) ;
#2575 = ORIENTED_EDGE ( 'NONE', *, *, #969, .F. ) ;
#2576 = VECTOR ( 'NONE', #3699, 1000.000000000000000 ) ;
#2577 = ORIENTED_EDGE ( 'NONE', *, *, #2683, .T. ) ;
#2578 = EDGE_CURVE ( 'NONE', #1580, #3629, #3789, .T. ) ;
#2579 = CARTESIAN_POINT ( 'NONE',  ( -2.700000000000000178, 2.250000000000000444, 9.200702273225330075 ) ) ;
#2580 = DIRECTION ( 'NONE',  ( -0.000000000000000000, 1.000000000000000000, -0.000000000000000000 ) ) ;
#2581 = EDGE_CURVE ( 'NONE', #1347, #1008, #1121, .T. ) ;
#2582 = FACE_OUTER_BOUND ( 'NONE', #1387, .T. ) ;
#2583 = CARTESIAN_POINT ( 'NONE',  ( -16.87470748512143004, -5.299999999999998046, -5.499500000000000277 ) ) ;
#2584 = EDGE_LOOP ( 'NONE', ( #2972, #3602, #3090, #2052, #388 ) ) ;
#2585 = ORIENTED_EDGE ( 'NONE', *, *, #169, .T. ) ;
#2586 = ORIENTED_EDGE ( 'NONE', *, *, #19, .F. ) ;
#2587 =( BOUNDED_SURFACE ( )  B_SPLINE_SURFACE ( 3, 2, ( 
 ( #2229, #685, #1916 ),
 ( #2865, #2926, #3249 ),
 ( #2946, #1656, #1699 ),
 ( #2905, #708, #138 ) ),
 .UNSPECIFIED., .F., .F., .F. ) 
 B_SPLINE_SURFACE_WITH_KNOTS ( ( 4, 4 ),
 ( 3, 3 ),
 ( 4.712388980384689674, 4.980576028479935857 ),
 ( 0.000000000000000000, 1.000000000000000000 ),
 .UNSPECIFIED. ) 
 GEOMETRIC_REPRESENTATION_ITEM ( )  RATIONAL_B_SPLINE_SURFACE ( (
 ( 1.000000000000000000, 0.7071067811865475727, 1.000000000000000000),
 ( 1.000000000000000000, 0.7125955255155592694, 1.000000000000000000),
 ( 1.000000000000000000, 0.7180181807717744835, 1.000000000000000000),
 ( 1.000000000000000000, 0.7231922087714207636, 1.000000000000000000) ) ) 
 REPRESENTATION_ITEM ( '' )  SURFACE ( )  );
#2588 = LINE ( 'NONE', #2525, #1700 ) ;
#2589 = CARTESIAN_POINT ( 'NONE',  ( -3.699999999999998401, -5.299999999999998046, -3.323999999999999844 ) ) ;
#2590 = AXIS2_PLACEMENT_3D ( 'NONE', #3938, #1152, #2739 ) ;
#2591 = FACE_OUTER_BOUND ( 'NONE', #3933, .T. ) ;
#2592 = FACE_OUTER_BOUND ( 'NONE', #1912, .T. ) ;
#2593 = CARTESIAN_POINT ( 'NONE',  ( -0.6722076040154256749, -2.894292770404723658, -5.499500000000000277 ) ) ;
#2594 = AXIS2_PLACEMENT_3D ( 'NONE', #217, #582, #2115 ) ;
#2595 = ORIENTED_EDGE ( 'NONE', *, *, #154, .T. ) ;
#2596 = ORIENTED_EDGE ( 'NONE', *, *, #3832, .F. ) ;
#2597 = VECTOR ( 'NONE', #2879, 1000.000000000000114 ) ;
#2598 = VERTEX_POINT ( 'NONE', #3215 ) ;
#2599 = DIRECTION ( 'NONE',  ( 0.000000000000000000, -0.1736481776669221433, -0.9848077530122095746 ) ) ;
#2600 = CARTESIAN_POINT ( 'NONE',  ( -12.17427857925749102, -4.449908139243841099, 9.874363540499260239 ) ) ;
#2601 = DIRECTION ( 'NONE',  ( 1.000000000000000000, 1.780521005910719607E-15, -8.902605029553598036E-16 ) ) ;
#2602 = PLANE ( 'NONE',  #1440 ) ;
#2603 = EDGE_CURVE ( 'NONE', #1556, #1737, #2980, .T. ) ;
#2604 = ORIENTED_EDGE ( 'NONE', *, *, #2805, .F. ) ;
#2605 = VERTEX_POINT ( 'NONE', #1061 ) ;
#2606 = ORIENTED_EDGE ( 'NONE', *, *, #2662, .T. ) ;
#2607 = EDGE_CURVE ( 'NONE', #1047, #3375, #2037, .T. ) ;
#2608 = ADVANCED_FACE ( 'NONE', ( #1123 ), #3867, .F. ) ;
#2609 = FACE_OUTER_BOUND ( 'NONE', #2554, .T. ) ;
#2610 = CARTESIAN_POINT ( 'NONE',  ( -3.459047442901427072, 4.608114151876922193, 7.769476512773251464 ) ) ;
#2611 = AXIS2_PLACEMENT_3D ( 'NONE', #3367, #2431, #3309 ) ;
#2612 = DIRECTION ( 'NONE',  ( -1.031027462301852316E-15, -1.000000000000000000, 0.000000000000000000 ) ) ;
#2613 = VECTOR ( 'NONE', #3821, 1000.000000000000000 ) ;
#2614 = EDGE_CURVE ( 'NONE', #173, #564, #3390, .T. ) ;
#2615 = DIRECTION ( 'NONE',  ( -0.000000000000000000, -0.1736481776669215049, -0.9848077530122096857 ) ) ;
#2616 = CARTESIAN_POINT ( 'NONE',  ( -15.18999999999999950, 13.73658701805917737, 6.981741367795243569 ) ) ;
#2617 = ORIENTED_EDGE ( 'NONE', *, *, #126, .T. ) ;
#2618 = ORIENTED_EDGE ( 'NONE', *, *, #1308, .F. ) ;
#2619 = ORIENTED_EDGE ( 'NONE', *, *, #1131, .F. ) ;
#2620 = CARTESIAN_POINT ( 'NONE',  ( -10.22572142074251111, -7.980384167194676692, 9.287889409195116741 ) ) ;
#2621 = VECTOR ( 'NONE', #36, 1000.000000000000000 ) ;
#2622 = CARTESIAN_POINT ( 'NONE',  ( -16.87470748512143004, -8.642248473930015606, 5.753553390593274308 ) ) ;
#2623 = LINE ( 'NONE', #428, #2086 ) ;
#2624 = CARTESIAN_POINT ( 'NONE',  ( -0.02499999999999895361, 13.85528540077045001, 13.41368383082761007 ) ) ;
#2625 = ORIENTED_EDGE ( 'NONE', *, *, #1680, .T. ) ;
#2626 = VERTEX_POINT ( 'NONE', #3568 ) ;
#2627 = ORIENTED_EDGE ( 'NONE', *, *, #2497, .T. ) ;
#2628 = ORIENTED_EDGE ( 'NONE', *, *, #690, .T. ) ;
#2629 = EDGE_CURVE ( 'NONE', #3122, #2997, #783, .T. ) ;
#2630 = PLANE ( 'NONE',  #1244 ) ;
#2631 = CARTESIAN_POINT ( 'NONE',  ( -3.301059617843430161, 3.295937681588806623, 8.000848627936006707 ) ) ;
#2632 = EDGE_CURVE ( 'NONE', #4004, #1674, #2650, .T. ) ;
#2633 = PLANE ( 'NONE',  #2455 ) ;
#2634 = FACE_OUTER_BOUND ( 'NONE', #2436, .T. ) ;
#2635 = DIRECTION ( 'NONE',  ( -1.000000000000000000, 0.000000000000000000, 0.000000000000000000 ) ) ;
#2636 = ORIENTED_EDGE ( 'NONE', *, *, #2728, .F. ) ;
#2637 = B_SPLINE_CURVE_WITH_KNOTS ( 'NONE', 3,
 ( #786, #1729, #2367, #1449, #3608, #2022, #823, #2096, #1767, #2994 ),
 .UNSPECIFIED., .F., .F.,
 ( 4, 2, 2, 2, 4 ),
 ( 2.032879073410320814E-20, 0.0002053563750446277226, 0.0004107127500892553910, 0.0006160691251338830865, 0.0008214255001785107820 ),
 .UNSPECIFIED. ) ;
#2638 = VERTEX_POINT ( 'NONE', #819 ) ;
#2639 = EDGE_CURVE ( 'NONE', #2910, #504, #927, .T. ) ;
#2640 = DIRECTION ( 'NONE',  ( -0.000000000000000000, 1.000000000000000000, 5.782411586589359611E-16 ) ) ;
#2641 = PLANE ( 'NONE',  #3454 ) ;
#2642 = ORIENTED_EDGE ( 'NONE', *, *, #908, .F. ) ;
#2643 = CARTESIAN_POINT ( 'NONE',  ( -11.20000000000000107, -5.373766467367519617, 14.35282779061410885 ) ) ;
#2644 = AXIS2_PLACEMENT_3D ( 'NONE', #3398, #3091, #1828 ) ;
#2645 = CARTESIAN_POINT ( 'NONE',  ( -6.041940312030249949, -2.646526074239949011, 4.650000000000001243 ) ) ;
#2646 = CARTESIAN_POINT ( 'NONE',  ( -1.270364564057490098, -8.958164303699032160, 4.650000000000001243 ) ) ;
#2647 = ORIENTED_EDGE ( 'NONE', *, *, #528, .T. ) ;
#2648 = ORIENTED_EDGE ( 'NONE', *, *, #2170, .F. ) ;
#2649 = VERTEX_POINT ( 'NONE', #2955 ) ;
#2650 = LINE ( 'NONE', #3238, #664 ) ;
#2651 = DIRECTION ( 'NONE',  ( -0.4803844614152628645, 0.8320502943378430549, -0.2773500981126135190 ) ) ;
#2652 = FACE_OUTER_BOUND ( 'NONE', #1664, .T. ) ;
#2653 = CIRCLE ( 'NONE', #250, 0.5000000000000004441 ) ;
#2654 = CARTESIAN_POINT ( 'NONE',  ( -0.02500000000000080630, 6.501202282021851353, 7.085034496652985680 ) ) ;
#2655 = EDGE_CURVE ( 'NONE', #74, #3122, #1989, .T. ) ;
#2656 = ORIENTED_EDGE ( 'NONE', *, *, #3349, .T. ) ;
#2657 = EDGE_LOOP ( 'NONE', ( #1375, #3795, #846, #808, #336 ) ) ;
#2658 = CIRCLE ( 'NONE', #514, 2.190625000000008704 ) ;
#2659 = DIRECTION ( 'NONE',  ( 0.000000000000000000, -0.9848077530122094636, 0.1736481776669220323 ) ) ;
#2660 = DIRECTION ( 'NONE',  ( -1.000000000000000000, -1.225394005923294733E-16, -0.000000000000000000 ) ) ;
#2661 = AXIS2_PLACEMENT_3D ( 'NONE', #461, #785, #1392 ) ;
#2662 = EDGE_CURVE ( 'NONE', #1396, #3044, #97, .T. ) ;
#2663 = EDGE_CURVE ( 'NONE', #2323, #1841, #1744, .T. ) ;
#2664 = ORIENTED_EDGE ( 'NONE', *, *, #1227, .F. ) ;
#2665 = DIRECTION ( 'NONE',  ( 0.000000000000000000, 0.000000000000000000, -1.000000000000000000 ) ) ;
#2666 = CYLINDRICAL_SURFACE ( 'NONE', #4, 0.4999999999999987232 ) ;
#2667 = EDGE_LOOP ( 'NONE', ( #631, #537, #1622, #2890, #3335, #2419 ) ) ;
#2668 = ORIENTED_EDGE ( 'NONE', *, *, #3124, .T. ) ;
#2669 = AXIS2_PLACEMENT_3D ( 'NONE', #82, #2819, #670 ) ;
#2670 = CARTESIAN_POINT ( 'NONE',  ( -16.68999999999998352, -9.450507130421177848, 9.660548131000954442 ) ) ;
#2671 = CARTESIAN_POINT ( 'NONE',  ( -16.87470748512142649, 0.000000000000000000, 1.550000000000000933 ) ) ;
#2672 = ORIENTED_EDGE ( 'NONE', *, *, #1314, .F. ) ;
#2673 = DIRECTION ( 'NONE',  ( -1.000000000000000000, -8.220688754975634355E-17, 0.000000000000000000 ) ) ;
#2674 = DIRECTION ( 'NONE',  ( 0.6104124877388411585, -0.5467532281777065517, -0.5731121201734751258 ) ) ;
#2675 = VERTEX_POINT ( 'NONE', #2345 ) ;
#2676 = ORIENTED_EDGE ( 'NONE', *, *, #2183, .F. ) ;
#2677 = VECTOR ( 'NONE', #668, 1000.000000000000000 ) ;
#2678 = ADVANCED_FACE ( 'NONE', ( #3927 ), #1137, .F. ) ;
#2679 = LINE ( 'NONE', #3018, #1628 ) ;
#2680 = VERTEX_POINT ( 'NONE', #3312 ) ;
#2681 = VECTOR ( 'NONE', #3716, 1000.000000000000000 ) ;
#2682 = LINE ( 'NONE', #3921, #188 ) ;
#2683 = EDGE_CURVE ( 'NONE', #2390, #3967, #533, .T. ) ;
#2684 = DIRECTION ( 'NONE',  ( -0.000000000000000000, -0.1736481776669215049, -0.9848077530122095746 ) ) ;
#2685 = VECTOR ( 'NONE', #2348, 1000.000000000000114 ) ;
#2686 = CARTESIAN_POINT ( 'NONE',  ( -0.02499999999999724665, -7.892248473930015606, 10.48134101828549447 ) ) ;
#2687 = ORIENTED_EDGE ( 'NONE', *, *, #2012, .T. ) ;
#2688 = ADVANCED_FACE ( 'NONE', ( #759, #1995 ), #2630, .F. ) ;
#2689 = VECTOR ( 'NONE', #3627, 1000.000000000000114 ) ;
#2690 = CARTESIAN_POINT ( 'NONE',  ( -16.61736362918372123, -9.880873118156246804, 9.959948582645576920 ) ) ;
#2691 = FACE_OUTER_BOUND ( 'NONE', #3738, .T. ) ;
#2692 = VERTEX_POINT ( 'NONE', #2724 ) ;
#2693 = ORIENTED_EDGE ( 'NONE', *, *, #772, .F. ) ;
#2694 = CYLINDRICAL_SURFACE ( 'NONE', #626, 3.087499999999999911 ) ;
#2695 = CARTESIAN_POINT ( 'NONE',  ( -0.02500000000000077854, 2.750000000000000000, -4.999500000000000277 ) ) ;
#2696 = ORIENTED_EDGE ( 'NONE', *, *, #2880, .T. ) ;
#2697 = FACE_OUTER_BOUND ( 'NONE', #623, .T. ) ;
#2698 = LINE ( 'NONE', #506, #458 ) ;
#2699 = ORIENTED_EDGE ( 'NONE', *, *, #3943, .T. ) ;
#2700 = CARTESIAN_POINT ( 'NONE',  ( -1.200000000000003064, -7.872768491406145763, 9.970192865839937468 ) ) ;
#2701 = LINE ( 'NONE', #549, #3708 ) ;
#2702 = EDGE_CURVE ( 'NONE', #2763, #780, #593, .T. ) ;
#2703 = LINE ( 'NONE', #551, #1210 ) ;
#2704 = VECTOR ( 'NONE', #3581, 1000.000000000000000 ) ;
#2705 = CIRCLE ( 'NONE', #3413, 0.4999999999999995559 ) ;
#2706 = CARTESIAN_POINT ( 'NONE',  ( -2.677151880092952130, -8.474510595075336994, -4.228840002313581259 ) ) ;
#2707 = VECTOR ( 'NONE', #3342, 1000.000000000000114 ) ;
#2708 = CYLINDRICAL_SURFACE ( 'NONE', #469, 1.000000000000005995 ) ;
#2709 = EDGE_CURVE ( 'NONE', #1337, #632, #2548, .T. ) ;
#2710 = EDGE_LOOP ( 'NONE', ( #136, #422, #3172, #2978, #1213 ) ) ;
#2711 = ORIENTED_EDGE ( 'NONE', *, *, #3073, .T. ) ;
#2712 = LINE ( 'NONE', #3951, #3006 ) ;
#2713 = CARTESIAN_POINT ( 'NONE',  ( -0.02499999999999776706, -8.598331367907915634, 17.37286228163345569 ) ) ;
#2714 = VECTOR ( 'NONE', #2303, 1000.000000000000000 ) ;
#2715 = DIRECTION ( 'NONE',  ( -1.000000000000000000, -1.031027462301852710E-15, 1.817979594551890555E-16 ) ) ;
#2716 = DIRECTION ( 'NONE',  ( 1.197139898786103040E-16, -1.000000000000000000, 0.000000000000000000 ) ) ;
#2717 = VECTOR ( 'NONE', #1548, 999.9999999999998863 ) ;
#2718 = ORIENTED_EDGE ( 'NONE', *, *, #596, .T. ) ;
#2719 = CARTESIAN_POINT ( 'NONE',  ( -11.20000000000000107, -5.677650778284632160, 12.62941422284274395 ) ) ;
#2720 = LINE ( 'NONE', #3655, #2352 ) ;
#2721 = AXIS2_PLACEMENT_3D ( 'NONE', #2510, #919, #2768 ) ;
#2722 = CARTESIAN_POINT ( 'NONE',  ( -1.562648137834740547, -10.59999999999999787, 2.387500000000007727 ) ) ;
#2723 = EDGE_CURVE ( 'NONE', #1008, #1347, #3196, .T. ) ;
#2724 = CARTESIAN_POINT ( 'NONE',  ( -16.68999999999998707, -4.656658000778498341, 8.701826809569167764 ) ) ;
#2725 = DIRECTION ( 'NONE',  ( -0.8660254037844379305, 0.000000000000000000, 0.5000000000000014433 ) ) ;
#2726 = ORIENTED_EDGE ( 'NONE', *, *, #2204, .T. ) ;
#2727 = ORIENTED_EDGE ( 'NONE', *, *, #2728, .T. ) ;
#2728 = EDGE_CURVE ( 'NONE', #3436, #3233, #629, .T. ) ;
#2729 = EDGE_CURVE ( 'NONE', #3576, #3353, #1498, .T. ) ;
#2730 = LINE ( 'NONE', #2503, #1178 ) ;
#2731 = DIRECTION ( 'NONE',  ( 0.000000000000000000, 0.000000000000000000, -1.000000000000000000 ) ) ;
#2732 = DIRECTION ( 'NONE',  ( 1.219727444046194953E-16, -1.000000000000000000, 0.000000000000000000 ) ) ;
#2733 = EDGE_CURVE ( 'NONE', #4004, #367, #2761, .T. ) ;
#2734 = AXIS2_PLACEMENT_3D ( 'NONE', #3909, #1764, #2725 ) ;
#2735 = FACE_OUTER_BOUND ( 'NONE', #779, .T. ) ;
#2736 = DIRECTION ( 'NONE',  ( 0.000000000000000000, 0.000000000000000000, 1.000000000000000000 ) ) ;
#2737 = ORIENTED_EDGE ( 'NONE', *, *, #3646, .T. ) ;
#2738 = CIRCLE ( 'NONE', #1820, 1.499999999999999778 ) ;
#2739 = DIRECTION ( 'NONE',  ( -8.220688754975634355E-17, 1.000000000000000000, 0.000000000000000000 ) ) ;
#2740 = CARTESIAN_POINT ( 'NONE',  ( -0.02500000000000000139, 3.750000000000000444, -6.499500000000000277 ) ) ;
#2741 = CIRCLE ( 'NONE', #84, 0.5000000000000004441 ) ;
#2742 = AXIS2_PLACEMENT_3D ( 'NONE', #1682, #3863, #2948 ) ;
#2743 = LINE ( 'NONE', #2722, #1794 ) ;
#2744 = CARTESIAN_POINT ( 'NONE',  ( -2.699999999999999289, -8.300961894323346968, 0.000000000000000000 ) ) ;
#2745 = ORIENTED_EDGE ( 'NONE', *, *, #3498, .F. ) ;
#2746 = ORIENTED_EDGE ( 'NONE', *, *, #3941, .F. ) ;
#2747 = DIRECTION ( 'NONE',  ( -1.000000000000000000, 0.000000000000000000, 0.000000000000000000 ) ) ;
#2748 = LINE ( 'NONE', #3700, #219 ) ;
#2749 = EDGE_CURVE ( 'NONE', #3461, #1402, #3392, .T. ) ;
#2750 = DIRECTION ( 'NONE',  ( 0.000000000000000000, -0.1736481776669202004, -0.9848077530122099077 ) ) ;
#2751 = PLANE ( 'NONE',  #2337 ) ;
#2752 = LINE ( 'NONE', #3496, #1760 ) ;
#2753 = DIRECTION ( 'NONE',  ( 0.000000000000000000, 0.5735764363510709174, -0.8191520442889743681 ) ) ;
#2754 = ORIENTED_EDGE ( 'NONE', *, *, #3631, .F. ) ;
#2755 = VERTEX_POINT ( 'NONE', #907 ) ;
#2756 = ADVANCED_FACE ( 'NONE', ( #282 ), #3638, .F. ) ;
#2757 = DIRECTION ( 'NONE',  ( -1.817979594551889569E-16, 0.000000000000000000, 1.000000000000000000 ) ) ;
#2758 = LINE ( 'NONE', #2450, #142 ) ;
#2759 = CARTESIAN_POINT ( 'NONE',  ( -0.02500000000000071609, -5.299999999999998046, -2.411999999999999922 ) ) ;
#2760 = DIRECTION ( 'NONE',  ( 0.000000000000000000, 0.000000000000000000, 1.000000000000000000 ) ) ;
#2761 = LINE ( 'NONE', #3067, #3065 ) ;
#2762 = EDGE_LOOP ( 'NONE', ( #2387, #1423, #2565, #705, #2131, #978 ) ) ;
#2763 = VERTEX_POINT ( 'NONE', #3674 ) ;
#2764 = EDGE_LOOP ( 'NONE', ( #2372, #439, #910, #3292, #781 ) ) ;
#2765 = CARTESIAN_POINT ( 'NONE',  ( -15.18999999999999950, 12.77000956099266205, 10.13816393299717333 ) ) ;
#2766 = DIRECTION ( 'NONE',  ( -0.8660254037844379305, -0.5000000000000014433, 0.000000000000000000 ) ) ;
#2767 = CARTESIAN_POINT ( 'NONE',  ( -30.99979317598215545, 13.37777818282680542, 13.58499106853935245 ) ) ;
#2768 = DIRECTION ( 'NONE',  ( -0.5731121201734749038, 0.1945780377377663017, -0.7960413839370318323 ) ) ;
#2769 = EDGE_CURVE ( 'NONE', #643, #1108, #3963, .T. ) ;
#2770 = CARTESIAN_POINT ( 'NONE',  ( -11.20000000000000107, -4.166614903684418891, 10.33212460556085333 ) ) ;
#2771 = FACE_OUTER_BOUND ( 'NONE', #3698, .T. ) ;
#2772 = ORIENTED_EDGE ( 'NONE', *, *, #2058, .T. ) ;
#2773 = ORIENTED_EDGE ( 'NONE', *, *, #3892, .F. ) ;
#2774 = CARTESIAN_POINT ( 'NONE',  ( -28.92807245819994577, -9.089507854424077493, 11.70787676185863013 ) ) ;
#2775 = FACE_OUTER_BOUND ( 'NONE', #3807, .T. ) ;
#2776 = EDGE_CURVE ( 'NONE', #1130, #2523, #851, .T. ) ;
#2777 = VECTOR ( 'NONE', #810, 1000.000000000000000 ) ;
#2778 = CARTESIAN_POINT ( 'NONE',  ( -0.02500000000000000139, -13.72611236385276889, -5.949458372507170800 ) ) ;
#2779 = CARTESIAN_POINT ( 'NONE',  ( -0.02500000000000071609, 7.185655229193324445, 6.613707473124440739 ) ) ;
#2780 = DIRECTION ( 'NONE',  ( -8.220688754975634355E-17, 1.000000000000000000, 0.000000000000000000 ) ) ;
#2781 = ORIENTED_EDGE ( 'NONE', *, *, #1283, .T. ) ;
#2782 = ORIENTED_EDGE ( 'NONE', *, *, #2173, .T. ) ;
#2783 = VECTOR ( 'NONE', #133, 1000.000000000000000 ) ;
#2784 = ORIENTED_EDGE ( 'NONE', *, *, #348, .T. ) ;
#2785 = CARTESIAN_POINT ( 'NONE',  ( -16.68999999999998352, -8.409374999999986500, 11.58795098915740773 ) ) ;
#2786 = DIRECTION ( 'NONE',  ( 1.000000000000000000, -0.000000000000000000, -0.000000000000000000 ) ) ;
#2787 = CARTESIAN_POINT ( 'NONE',  ( -1.562648137834741879, -10.40488770189220169, 1.968750000000007772 ) ) ;
#2788 = LINE ( 'NONE', #1222, #2199 ) ;
#2789 = CARTESIAN_POINT ( 'NONE',  ( -2.687933523453471363, -8.437595046463414405, 11.00659160016754434 ) ) ;
#2790 = DIRECTION ( 'NONE',  ( -0.6837092907985549139, 0.6455601554198354686, -0.3402847210940490585 ) ) ;
#2791 = VERTEX_POINT ( 'NONE', #2128 ) ;
#2792 = EDGE_LOOP ( 'NONE', ( #2960, #4002, #1598, #503, #2343, #2004 ) ) ;
#2793 = ADVANCED_FACE ( 'NONE', ( #3110, #2146 ), #264, .F. ) ;
#2794 = CARTESIAN_POINT ( 'NONE',  ( -3.699999999999998401, -5.299999999999998046, -6.499500000000000277 ) ) ;
#2795 = DIRECTION ( 'NONE',  ( -0.000000000000000000, 1.000000000000000000, -0.000000000000000000 ) ) ;
#2796 = VECTOR ( 'NONE', #3271, 1000.000000000000000 ) ;
#2797 = CARTESIAN_POINT ( 'NONE',  ( -30.99979317598215545, -8.598331367907915634, 17.37286228163345569 ) ) ;
#2798 = EDGE_CURVE ( 'NONE', #1260, #475, #2149, .T. ) ;
#2799 = FACE_OUTER_BOUND ( 'NONE', #2882, .T. ) ;
#2800 = CARTESIAN_POINT ( 'NONE',  ( -2.199999999999999734, -8.300961894323346968, 4.650000000000001243 ) ) ;
#2801 = AXIS2_PLACEMENT_3D ( 'NONE', #3479, #2188, #2233 ) ;
#2802 = CARTESIAN_POINT ( 'NONE',  ( -14.77514012493679019, 11.50929053509758759, 4.706179557775200806 ) ) ;
#2803 = ORIENTED_EDGE ( 'NONE', *, *, #1895, .T. ) ;
#2804 = VERTEX_POINT ( 'NONE', #3372 ) ;
#2805 = EDGE_CURVE ( 'NONE', #512, #2305, #1234, .T. ) ;
#2806 = ORIENTED_EDGE ( 'NONE', *, *, #3293, .T. ) ;
#2807 = VECTOR ( 'NONE', #1406, 1000.000000000000114 ) ;
#2808 = DIRECTION ( 'NONE',  ( 0.000000000000000000, -1.000000000000000000, -5.782411586589359611E-16 ) ) ;
#2809 = CARTESIAN_POINT ( 'NONE',  ( -9.251442841485026491, -6.111771222451927166, 10.16739484031219121 ) ) ;
#2810 = CARTESIAN_POINT ( 'NONE',  ( -15.18999999999999950, 11.99890312204048648, 5.765002004777340261 ) ) ;
#2811 = LINE ( 'NONE', #2486, #128 ) ;
#2812 = CARTESIAN_POINT ( 'NONE',  ( -16.68999999999998352, 7.359303406860246533, 7.598515226136655976 ) ) ;
#2813 = LINE ( 'NONE', #1892, #638 ) ;
#2814 = ORIENTED_EDGE ( 'NONE', *, *, #2927, .F. ) ;
#2815 = ORIENTED_EDGE ( 'NONE', *, *, #747, .F. ) ;
#2816 = CARTESIAN_POINT ( 'NONE',  ( -1.562648137834740547, 0.000000000000000000, 2.387500000000007727 ) ) ;
#2817 = CARTESIAN_POINT ( 'NONE',  ( -4.699999999999999289, -3.047900561033109135, 9.119438471360195919 ) ) ;
#2818 = CARTESIAN_POINT ( 'NONE',  ( -4.201334899716721694, -9.375356755013173782, 9.616601533587113337 ) ) ;
#2819 = DIRECTION ( 'NONE',  ( 0.000000000000000000, 0.4663002817410230039, 0.8846265015520632380 ) ) ;
#2820 = FACE_OUTER_BOUND ( 'NONE', #2074, .T. ) ;
#2821 = EDGE_CURVE ( 'NONE', #3320, #725, #1823, .T. ) ;
#2822 = ORIENTED_EDGE ( 'NONE', *, *, #3477, .T. ) ;
#2823 = ORIENTED_EDGE ( 'NONE', *, *, #3149, .F. ) ;
#2824 = ORIENTED_EDGE ( 'NONE', *, *, #2578, .T. ) ;
#2825 = EDGE_CURVE ( 'NONE', #3846, #535, #2166, .T. ) ;
#2826 = PLANE ( 'NONE',  #1500 ) ;
#2827 = DIRECTION ( 'NONE',  ( 0.000000000000000000, 0.1736481776669235311, 0.9848077530122092416 ) ) ;
#2828 = VECTOR ( 'NONE', #3141, 1000.000000000000000 ) ;
#2829 = AXIS2_PLACEMENT_3D ( 'NONE', #2357, #2373, #2338 ) ;
#2830 = VECTOR ( 'NONE', #2132, 1000.000000000000000 ) ;
#2831 = LINE ( 'NONE', #3701, #3041 ) ;
#2832 = CARTESIAN_POINT ( 'NONE',  ( -2.580308370582907962, -8.642248473930015606, 10.48134101828549447 ) ) ;
#2833 = CARTESIAN_POINT ( 'NONE',  ( -0.5000000000000000000, -10.59999999999999609, 11.08795098915741661 ) ) ;
#2834 = LINE ( 'NONE', #52, #1677 ) ;
#2835 = EDGE_LOOP ( 'NONE', ( #2366, #3002, #630, #366, #2693 ) ) ;
#2836 = AXIS2_PLACEMENT_3D ( 'NONE', #995, #1300, #2186 ) ;
#2837 = ORIENTED_EDGE ( 'NONE', *, *, #3276, .T. ) ;
#2838 = CARTESIAN_POINT ( 'NONE',  ( -2.347504641993607422, -10.59999999999999609, 10.82107105337018460 ) ) ;
#2839 = AXIS2_PLACEMENT_3D ( 'NONE', #2415, #868, #3347 ) ;
#2840 = LINE ( 'NONE', #3408, #3126 ) ;
#2841 = CARTESIAN_POINT ( 'NONE',  ( -1.562648137834732109, -10.40488770189221945, 4.900000000000006573 ) ) ;
#2842 = DIRECTION ( 'NONE',  ( 0.8660254037844394848, 0.000000000000000000, 0.4999999999999985012 ) ) ;
#2843 = DIRECTION ( 'NONE',  ( -0.8660254037844379305, -0.5000000000000014433, 0.000000000000000000 ) ) ;
#2844 = AXIS2_PLACEMENT_3D ( 'NONE', #2424, #2134, #3075 ) ;
#2845 = AXIS2_PLACEMENT_3D ( 'NONE', #1191, #3022, #1493 ) ;
#2846 = ORIENTED_EDGE ( 'NONE', *, *, #1904, .T. ) ;
#2847 = VERTEX_POINT ( 'NONE', #3086 ) ;
#2848 = VERTEX_POINT ( 'NONE', #1555 ) ;
#2849 = ADVANCED_FACE ( 'NONE', ( #3411 ), #2092, .F. ) ;
#2850 = VECTOR ( 'NONE', #353, 1000.000000000000000 ) ;
#2851 = CARTESIAN_POINT ( 'NONE',  ( -12.17427857925749102, -4.449908139243841099, 9.874363540499260239 ) ) ;
#2852 = CARTESIAN_POINT ( 'NONE',  ( -2.199999999999998845, 3.749999999999999112, 7.920785190276909304 ) ) ;
#2853 = CIRCLE ( 'NONE', #2721, 1.499999999999999778 ) ;
#2854 = ADVANCED_FACE ( 'NONE', ( #2498 ), #3735, .T. ) ;
#2855 = CARTESIAN_POINT ( 'NONE',  ( -1.562648137834743434, -10.59999999999999787, 1.550000000000007150 ) ) ;
#2856 = CARTESIAN_POINT ( 'NONE',  ( -1.449999999999999512, -10.59999999999999609, 0.000000000000000000 ) ) ;
#2857 = CARTESIAN_POINT ( 'NONE',  ( -15.18999999999998707, -10.17601108419179390, 14.18416647263648933 ) ) ;
#2858 = CARTESIAN_POINT ( 'NONE',  ( -1.562648137834733442, -10.59999999999999787, 4.481250000000006395 ) ) ;
#2859 = ORIENTED_EDGE ( 'NONE', *, *, #748, .F. ) ;
#2860 = ORIENTED_EDGE ( 'NONE', *, *, #1407, .F. ) ;
#2861 = ORIENTED_EDGE ( 'NONE', *, *, #1578, .T. ) ;
#2862 = EDGE_CURVE ( 'NONE', #475, #367, #3265, .T. ) ;
#2863 = CARTESIAN_POINT ( 'NONE',  ( -2.492893218813452716, 2.750000000000000444, 9.112538782871098419 ) ) ;
#2864 = VECTOR ( 'NONE', #1253, 1000.000000000000000 ) ;
#2865 = CARTESIAN_POINT ( 'NONE',  ( -4.699999999996456346, -8.350834143104764351, 9.353209734950771903 ) ) ;
#2866 = CARTESIAN_POINT ( 'NONE',  ( -4.700000000000006395, -3.221548738700044989, 8.134630718347978018 ) ) ;
#2867 = DIRECTION ( 'NONE',  ( -0.5000000000000013323, 0.8660254037844378194, 0.000000000000000000 ) ) ;
#2868 = LINE ( 'NONE', #83, #3322 ) ;
#2869 = ORIENTED_EDGE ( 'NONE', *, *, #1573, .F. ) ;
#2870 = VERTEX_POINT ( 'NONE', #3683 ) ;
#2871 = ORIENTED_EDGE ( 'NONE', *, *, #1342, .T. ) ;
#2872 = CARTESIAN_POINT ( 'NONE',  ( -1.562648137834741879, -10.59999999999999787, 1.968750000000007772 ) ) ;
#2873 = DIRECTION ( 'NONE',  ( -8.095798021000291494E-17, 0.9848077530122094636, -0.1736481776669223653 ) ) ;
#2874 = AXIS2_PLACEMENT_3D ( 'NONE', #2744, #3984, #2780 ) ;
#2875 = EDGE_CURVE ( 'NONE', #2273, #2255, #660, .T. ) ;
#2876 = DIRECTION ( 'NONE',  ( 1.000000000000000000, -0.000000000000000000, -0.000000000000000000 ) ) ;
#2877 = FACE_OUTER_BOUND ( 'NONE', #3797, .T. ) ;
#2878 = CARTESIAN_POINT ( 'NONE',  ( -1.449999999999999512, -10.59999999999999609, 0.000000000000000000 ) ) ;
#2879 = DIRECTION ( 'NONE',  ( 0.000000000000000000, 0.1736481776669235588, 0.9848077530122092416 ) ) ;
#2880 = EDGE_CURVE ( 'NONE', #233, #2605, #1524, .T. ) ;
#2881 = ORIENTED_EDGE ( 'NONE', *, *, #2170, .T. ) ;
#2882 = EDGE_LOOP ( 'NONE', ( #800, #1046, #3806, #2676 ) ) ;
#2883 = ORIENTED_EDGE ( 'NONE', *, *, #1982, .T. ) ;
#2884 = CARTESIAN_POINT ( 'NONE',  ( -3.916326553527163856, -9.582976101474738329, 9.738221726469950212 ) ) ;
#2885 = CARTESIAN_POINT ( 'NONE',  ( -3.916326553527160304, -10.11871412211941568, 8.893837469608346424 ) ) ;
#2886 = EDGE_CURVE ( 'NONE', #564, #512, #770, .T. ) ;
#2887 = CARTESIAN_POINT ( 'NONE',  ( -0.02500000000000071609, 12.25937538854088871, 7.242213634295620039 ) ) ;
#2888 = CYLINDRICAL_SURFACE ( 'NONE', #393, 0.4999999999999995559 ) ;
#2889 = DIRECTION ( 'NONE',  ( 0.000000000000000000, 0.000000000000000000, 1.000000000000000000 ) ) ;
#2890 = ORIENTED_EDGE ( 'NONE', *, *, #1208, .T. ) ;
#2891 = ORIENTED_EDGE ( 'NONE', *, *, #457, .F. ) ;
#2892 = EDGE_LOOP ( 'NONE', ( #2205, #1181, #3601, #1784, #2360 ) ) ;
#2893 = DIRECTION ( 'NONE',  ( 0.000000000000000000, -1.000000000000000000, 0.000000000000000000 ) ) ;
#2894 = DIRECTION ( 'NONE',  ( 1.000000000000000000, -0.000000000000000000, -0.000000000000000000 ) ) ;
#2895 = LINE ( 'NONE', #2939, #3570 ) ;
#2896 = CARTESIAN_POINT ( 'NONE',  ( -16.87470748512143004, -9.148314491107996105, 5.247487373415293810 ) ) ;
#2897 = CARTESIAN_POINT ( 'NONE',  ( -14.31132034355965921, 13.58400589696530858, 6.116410829718685882 ) ) ;
#2898 = ORIENTED_EDGE ( 'NONE', *, *, #2173, .F. ) ;
#2899 = ORIENTED_EDGE ( 'NONE', *, *, #716, .F. ) ;
#2900 = CIRCLE ( 'NONE', #1143, 0.9999999999999974465 ) ;
#2901 = AXIS2_PLACEMENT_3D ( 'NONE', #2785, #4026, #1240 ) ;
#2902 = ORIENTED_EDGE ( 'NONE', *, *, #815, .F. ) ;
#2903 = CARTESIAN_POINT ( 'NONE',  ( -4.699999999999999289, -3.221548738700031222, 8.134630718347985123 ) ) ;
#2904 = EDGE_CURVE ( 'NONE', #1947, #3576, #3667, .T. ) ;
#2905 = CARTESIAN_POINT ( 'NONE',  ( -4.610632208772836194, -8.789773039201582705, 9.430606505215026303 ) ) ;
#2906 = AXIS2_PLACEMENT_3D ( 'NONE', #1230, #687, #2494 ) ;
#2907 = PLANE ( 'NONE',  #2829 ) ;
#2908 = EDGE_CURVE ( 'NONE', #173, #3060, #584, .T. ) ;
#2909 = CARTESIAN_POINT ( 'NONE',  ( -10.22572142074251111, -7.980384167194676692, 9.287889409195116741 ) ) ;
#2910 = VERTEX_POINT ( 'NONE', #603 ) ;
#2911 = VERTEX_POINT ( 'NONE', #2770 ) ;
#2912 = VERTEX_POINT ( 'NONE', #1246 ) ;
#2913 = EDGE_CURVE ( 'NONE', #3161, #2273, #3403, .T. ) ;
#2914 = LINE ( 'NONE', #1949, #3525 ) ;
#2915 = DIRECTION ( 'NONE',  ( 0.000000000000000000, 0.000000000000000000, 1.000000000000000000 ) ) ;
#2916 = VECTOR ( 'NONE', #3794, 1000.000000000000114 ) ;
#2917 = STYLED_ITEM ( 'NONE', ( #2434 ), #1255 ) ;
#2918 = CARTESIAN_POINT ( 'NONE',  ( -13.14855715851497386, -6.318521083986588849, 8.994858109382187550 ) ) ;
#2919 = DIRECTION ( 'NONE',  ( 0.000000000000000000, 0.000000000000000000, 1.000000000000000000 ) ) ;
#2920 = CARTESIAN_POINT ( 'NONE',  ( -4.699999999999999289, -8.789773039201589810, 9.430606505215028079 ) ) ;
#2921 = AXIS2_PLACEMENT_3D ( 'NONE', #1416, #2715, #861 ) ;
#2922 = ORIENTED_EDGE ( 'NONE', *, *, #2880, .F. ) ;
#2923 = ORIENTED_EDGE ( 'NONE', *, *, #3035, .T. ) ;
#2924 = ORIENTED_EDGE ( 'NONE', *, *, #1342, .F. ) ;
#2925 = DIRECTION ( 'NONE',  ( -0.5000000000000014433, 0.000000000000000000, -0.8660254037844379305 ) ) ;
#2926 = CARTESIAN_POINT ( 'NONE',  ( -3.715405635572594178, -8.263065137352496592, 9.337733691167089844 ) ) ;
#2927 = EDGE_CURVE ( 'NONE', #746, #2755, #1202, .T. ) ;
#2928 = DIRECTION ( 'NONE',  ( 0.000000000000000000, 0.9848077530122095746, -0.1736481776669216159 ) ) ;
#2929 = LINE ( 'NONE', #471, #332 ) ;
#2930 = LINE ( 'NONE', #1510, #2707 ) ;
#2931 = ADVANCED_FACE ( 'NONE', ( #1267 ), #3727, .F. ) ;
#2932 = EDGE_LOOP ( 'NONE', ( #682, #2575, #2409, #1723 ) ) ;
#2933 = VERTEX_POINT ( 'NONE', #4010 ) ;
#2934 = ORIENTED_EDGE ( 'NONE', *, *, #793, .F. ) ;
#2935 = CARTESIAN_POINT ( 'NONE',  ( -9.251442841485026491, -6.318521083986579967, 8.994858109382185773 ) ) ;
#2936 = LINE ( 'NONE', #1971, #859 ) ;
#2937 = EDGE_CURVE ( 'NONE', #62, #1884, #802, .T. ) ;
#2938 = VECTOR ( 'NONE', #2580, 1000.000000000000000 ) ;
#2939 = CARTESIAN_POINT ( 'NONE',  ( -1.562648137834738993, -10.59999999999999787, 2.806250000000007017 ) ) ;
#2940 = AXIS2_PLACEMENT_3D ( 'NONE', #2802, #573, #3333 ) ;
#2941 = VECTOR ( 'NONE', #3445, 1000.000000000000000 ) ;
#2942 = DIRECTION ( 'NONE',  ( 0.000000000000000000, -1.000000000000000000, 6.713177961746018904E-17 ) ) ;
#2943 = ORIENTED_EDGE ( 'NONE', *, *, #739, .T. ) ;
#2944 = ORIENTED_EDGE ( 'NONE', *, *, #2985, .F. ) ;
#2945 = CARTESIAN_POINT ( 'NONE',  ( -3.078679656440356460, 3.750000000000000444, -4.120820343559643106 ) ) ;
#2946 = CARTESIAN_POINT ( 'NONE',  ( -4.669861413002323047, -8.574243085037359435, 9.392602759145017188 ) ) ;
#2947 = DIRECTION ( 'NONE',  ( 1.000000000000000000, -0.000000000000000000, -0.000000000000000000 ) ) ;
#2948 = DIRECTION ( 'NONE',  ( 0.000000000000000000, 0.1736481776669231147, 0.9848077530122093526 ) ) ;
#2949 = ADVANCED_FACE ( 'NONE', ( #2443 ), #3977, .F. ) ;
#2950 = LINE ( 'NONE', #1472, #1469 ) ;
#2951 = ORIENTED_EDGE ( 'NONE', *, *, #2375, .F. ) ;
#2952 = ORIENTED_EDGE ( 'NONE', *, *, #198, .F. ) ;
#2953 = ORIENTED_EDGE ( 'NONE', *, *, #2075, .F. ) ;
#2954 = EDGE_CURVE ( 'NONE', #3020, #3915, #2178, .T. ) ;
#2955 = CARTESIAN_POINT ( 'NONE',  ( -2.633012701892219365, -8.550961894323345192, 1.550000000000000933 ) ) ;
#2956 = CARTESIAN_POINT ( 'NONE',  ( -1.562648137834740547, -10.59999999999999787, 2.387500000000007727 ) ) ;
#2957 = ADVANCED_FACE ( 'NONE', ( #3382 ), #1566, .T. ) ;
#2958 = CARTESIAN_POINT ( 'NONE',  ( -2.200000000000000622, 4.923648177666922976, 7.713839350694916774 ) ) ;
#2959 = FACE_OUTER_BOUND ( 'NONE', #3642, .T. ) ;
#2960 = ORIENTED_EDGE ( 'NONE', *, *, #2280, .F. ) ;
#2961 = ORIENTED_EDGE ( 'NONE', *, *, #3498, .T. ) ;
#2962 = CARTESIAN_POINT ( 'NONE',  ( -2.633012701892219365, -8.550961894323345192, 0.000000000000000000 ) ) ;
#2963 = CARTESIAN_POINT ( 'NONE',  ( -1.801196764382139825, -10.74050041619332418, 10.53124330122021846 ) ) ;
#2964 = ORIENTED_EDGE ( 'NONE', *, *, #3941, .T. ) ;
#2965 = VECTOR ( 'NONE', #1006, 1000.000000000000114 ) ;
#2966 = DIRECTION ( 'NONE',  ( 0.000000000000000000, -1.000000000000000000, 0.000000000000000000 ) ) ;
#2967 = VERTEX_POINT ( 'NONE', #2156 ) ;
#2968 = FACE_OUTER_BOUND ( 'NONE', #3274, .T. ) ;
#2969 = ORIENTED_EDGE ( 'NONE', *, *, #748, .T. ) ;
#2970 = CARTESIAN_POINT ( 'NONE',  ( -16.01242022203888737, -10.51312645574830995, 10.93818617152118833 ) ) ;
#2971 = DIRECTION ( 'NONE',  ( -0.4999999999999974465, 0.000000000000000000, 0.8660254037844401509 ) ) ;
#2972 = ORIENTED_EDGE ( 'NONE', *, *, #1456, .T. ) ;
#2973 = EDGE_CURVE ( 'NONE', #3268, #3161, #1242, .T. ) ;
#2974 = LINE ( 'NONE', #3572, #1986 ) ;
#2975 = VECTOR ( 'NONE', #1606, 1000.000000000000000 ) ;
#2976 = CYLINDRICAL_SURFACE ( 'NONE', #3713, 1.000000000000013101 ) ;
#2977 = VERTEX_POINT ( 'NONE', #965 ) ;
#2978 = ORIENTED_EDGE ( 'NONE', *, *, #2769, .T. ) ;
#2979 = EDGE_CURVE ( 'NONE', #349, #401, #3749, .T. ) ;
#2980 =( BOUNDED_CURVE ( )  B_SPLINE_CURVE ( 3, ( #3440, #654, #3604, #2380 ),
 .UNSPECIFIED., .F., .T. ) 
 B_SPLINE_CURVE_WITH_KNOTS ( ( 4, 4 ),
 ( 3.141592653589793116, 4.712388980384689674 ),
 .UNSPECIFIED. ) 
 CURVE ( )  GEOMETRIC_REPRESENTATION_ITEM ( )  RATIONAL_B_SPLINE_CURVE ( ( 1.000000000000000000, 0.8047378541243649375, 0.8047378541243649375, 1.000000000000000000 ) ) 
 REPRESENTATION_ITEM ( '' )  );
#2981 = CARTESIAN_POINT ( 'NONE',  ( -15.18999999999999950, 13.85528540077045179, 13.41368383082762072 ) ) ;
#2982 = DIRECTION ( 'NONE',  ( -0.000000000000000000, 1.000000000000000000, 5.782411586589359611E-16 ) ) ;
#2983 = COLOUR_RGB ( '',0.8431372549019607865, 0.8156862745098039102, 0.7529411764705882248 ) ;
#2984 = ORIENTED_EDGE ( 'NONE', *, *, #3178, .T. ) ;
#2985 = EDGE_CURVE ( 'NONE', #2910, #1756, #2752, .T. ) ;
#2986 = CARTESIAN_POINT ( 'NONE',  ( -1.449999999999999512, -10.59999999999999609, 0.000000000000000000 ) ) ;
#2987 = DIRECTION ( 'NONE',  ( 0.000000000000000000, 0.9848077530122096857, -0.1736481776669213661 ) ) ;
#2988 = ORIENTED_EDGE ( 'NONE', *, *, #1115, .T. ) ;
#2989 = ORIENTED_EDGE ( 'NONE', *, *, #2875, .T. ) ;
#2990 = CARTESIAN_POINT ( 'NONE',  ( -1.200000000000009059, -10.59999999999999787, 1.759375000000007461 ) ) ;
#2991 = CARTESIAN_POINT ( 'NONE',  ( -3.399500259951498737, 3.171820083608143381, 6.898946129288775708 ) ) ;
#2992 = ORIENTED_EDGE ( 'NONE', *, *, #1553, .F. ) ;
#2993 = ORIENTED_EDGE ( 'NONE', *, *, #3875, .F. ) ;
#2994 = CARTESIAN_POINT ( 'NONE',  ( -0.4997063462535595857, -8.355948655222587007, 11.07081717714964775 ) ) ;
#2995 = DIRECTION ( 'NONE',  ( -1.404634393503487531E-16, 1.000000000000000000, 0.000000000000000000 ) ) ;
#2996 = VECTOR ( 'NONE', #559, 999.9999999999998863 ) ;
#2997 = VERTEX_POINT ( 'NONE', #1880 ) ;
#2998 = CARTESIAN_POINT ( 'NONE',  ( -2.200000000000000622, 2.750000000000000000, -4.999500000000000277 ) ) ;
#2999 = VECTOR ( 'NONE', #1054, 1000.000000000000000 ) ;
#3000 = CARTESIAN_POINT ( 'NONE',  ( -0.02500000000000228428, 14.59451754584471850, 11.84730717252068288 ) ) ;
#3001 = EDGE_CURVE ( 'NONE', #3915, #1248, #362, .T. ) ;
#3002 = ORIENTED_EDGE ( 'NONE', *, *, #839, .F. ) ;
#3003 = AXIS2_PLACEMENT_3D ( 'NONE', #109, #3829, #350 ) ;
#3004 = FACE_OUTER_BOUND ( 'NONE', #2932, .T. ) ;
#3005 = CARTESIAN_POINT ( 'NONE',  ( -1.200000000000002176, -8.642248473930015606, 10.10587294787396928 ) ) ;
#3006 = VECTOR ( 'NONE', #3894, 1000.000000000000114 ) ;
#3007 = EDGE_CURVE ( 'NONE', #2791, #510, #975, .T. ) ;
#3008 = PLANE ( 'NONE',  #1089 ) ;
#3009 = CARTESIAN_POINT ( 'NONE',  ( -16.68999999999998352, -9.568958781141187586, 9.724532584974417304 ) ) ;
#3010 = LINE ( 'NONE', #515, #3449 ) ;
#3011 = ORIENTED_EDGE ( 'NONE', *, *, #2428, .T. ) ;
#3012 = ORIENTED_EDGE ( 'NONE', *, *, #2054, .T. ) ;
#3013 = AXIS2_PLACEMENT_3D ( 'NONE', #1241, #2440, #938 ) ;
#3014 = CARTESIAN_POINT ( 'NONE',  ( 0.000000000000000000, 3.750000000000000888, 3.290000000000003144 ) ) ;
#3015 = DIRECTION ( 'NONE',  ( 0.000000000000000000, 0.000000000000000000, 1.000000000000000000 ) ) ;
#3016 = EDGE_LOOP ( 'NONE', ( #453, #2028, #2555, #1502, #2989 ) ) ;
#3017 = CARTESIAN_POINT ( 'NONE',  ( -1.200000000000007727, 0.000000000000000000, 2.178125000000007194 ) ) ;
#3018 = CARTESIAN_POINT ( 'NONE',  ( -9.251442841485026491, -6.318521083986579967, 8.994858109382185773 ) ) ;
#3019 = DIRECTION ( 'NONE',  ( 1.000000000000000000, 1.205502409205620347E-16, -2.125626000519988545E-17 ) ) ;
#3020 = VERTEX_POINT ( 'NONE', #1533 ) ;
#3021 = ADVANCED_FACE ( 'NONE', ( #2820 ), #1858, .F. ) ;
#3022 = DIRECTION ( 'NONE',  ( 8.095798021000292727E-17, -0.9848077530122095746, 0.1736481776669223931 ) ) ;
#3023 = DIRECTION ( 'NONE',  ( 0.000000000000000000, 0.000000000000000000, -1.000000000000000000 ) ) ;
#3024 = CIRCLE ( 'NONE', #1983, 1.000000000000002665 ) ;
#3025 = CYLINDRICAL_SURFACE ( 'NONE', #2284, 0.8870000000000015650 ) ;
#3026 = EDGE_CURVE ( 'NONE', #1674, #1511, #1888, .T. ) ;
#3027 = VECTOR ( 'NONE', #1879, 1000.000000000000000 ) ;
#3028 = ADVANCED_FACE ( 'NONE', ( #345 ), #1901, .F. ) ;
#3029 = VECTOR ( 'NONE', #231, 1000.000000000000000 ) ;
#3030 = SHAPE_DEFINITION_REPRESENTATION ( #2540, #1255 ) ;
#3031 = DIRECTION ( 'NONE',  ( -0.8660254037844379305, -0.5000000000000014433, 0.000000000000000000 ) ) ;
#3032 = VECTOR ( 'NONE', #2753, 1000.000000000000227 ) ;
#3033 = CARTESIAN_POINT ( 'NONE',  ( -3.699999999999999734, 2.446384938597588210, 7.112135777320913732 ) ) ;
#3034 = EDGE_LOOP ( 'NONE', ( #2898, #73, #165, #902 ) ) ;
#3035 = EDGE_CURVE ( 'NONE', #2763, #882, #729, .T. ) ;
#3036 = ORIENTED_EDGE ( 'NONE', *, *, #3280, .T. ) ;
#3037 = AXIS2_PLACEMENT_3D ( 'NONE', #1802, #609, #2143 ) ;
#3038 = CARTESIAN_POINT ( 'NONE',  ( -15.50939584792221382, -8.487982114066543460, 17.38772081716480855 ) ) ;
#3039 = DIRECTION ( 'NONE',  ( 0.000000000000000000, -1.000000000000000000, 0.000000000000000000 ) ) ;
#3040 = DIRECTION ( 'NONE',  ( 0.000000000000000000, 1.000000000000000000, 0.000000000000000000 ) ) ;
#3041 = VECTOR ( 'NONE', #1889, 999.9999999999998863 ) ;
#3042 = DIRECTION ( 'NONE',  ( -0.8660254037844379305, 0.000000000000000000, 0.5000000000000014433 ) ) ;
#3043 = VECTOR ( 'NONE', #1297, 999.9999999999998863 ) ;
#3044 = VERTEX_POINT ( 'NONE', #3434 ) ;
#3045 = FACE_OUTER_BOUND ( 'NONE', #3246, .T. ) ;
#3046 = CARTESIAN_POINT ( 'NONE',  ( -0.4999021058348201429, -8.388327781373352110, 11.07652649070178974 ) ) ;
#3047 = VECTOR ( 'NONE', #3991, 1000.000000000000000 ) ;
#3048 = CARTESIAN_POINT ( 'NONE',  ( -16.68999999999998352, 13.37777818282680542, 13.58499106853935245 ) ) ;
#3049 = EDGE_CURVE ( 'NONE', #3924, #3150, #3714, .T. ) ;
#3050 = DIRECTION ( 'NONE',  ( -3.864802849675905063E-16, 0.1736481776669229204, 0.9848077530122093526 ) ) ;
#3051 = ORIENTED_EDGE ( 'NONE', *, *, #2821, .F. ) ;
#3052 = VERTEX_POINT ( 'NONE', #2779 ) ;
#3053 = EDGE_CURVE ( 'NONE', #3857, #1427, #1748, .T. ) ;
#3054 = CARTESIAN_POINT ( 'NONE',  ( -11.20000000000000107, -4.804126301362794393, 12.47538828925218723 ) ) ;
#3055 = CARTESIAN_POINT ( 'NONE',  ( -1.949999999999999512, -10.59999999999999609, 10.29684157670540401 ) ) ;
#3056 = DIRECTION ( 'NONE',  ( 0.8660254037844395958, 0.000000000000000000, 0.4999999999999982792 ) ) ;
#3057 = PLANE ( 'NONE',  #2594 ) ;
#3058 = CARTESIAN_POINT ( 'NONE',  ( -12.17427857925748391, -7.980384167194680245, 9.287889409195118517 ) ) ;
#3059 = CARTESIAN_POINT ( 'NONE',  ( -11.20000000000000107, -5.764474867118092760, 12.13701034633663944 ) ) ;
#3060 = VERTEX_POINT ( 'NONE', #2541 ) ;
#3061 = ORIENTED_EDGE ( 'NONE', *, *, #592, .F. ) ;
#3062 = VECTOR ( 'NONE', #1319, 1000.000000000000000 ) ;
#3063 = CARTESIAN_POINT ( 'NONE',  ( -0.02499999999999854769, 2.750000000000000444, -4.623236551130977373E-17 ) ) ;
#3064 = CARTESIAN_POINT ( 'NONE',  ( -1.200000000000003286, 0.000000000000000000, 3.434375000000006395 ) ) ;
#3065 = VECTOR ( 'NONE', #3694, 1000.000000000000000 ) ;
#3066 = CARTESIAN_POINT ( 'NONE',  ( -1.449999999999997957, -10.59999999999999609, 3.708787432702599141 ) ) ;
#3067 = CARTESIAN_POINT ( 'NONE',  ( -3.699999999999998401, -8.300961894323346968, 0.000000000000000000 ) ) ;
#3068 = ORIENTED_EDGE ( 'NONE', *, *, #719, .F. ) ;
#3069 = ORIENTED_EDGE ( 'NONE', *, *, #3218, .F. ) ;
#3070 = EDGE_CURVE ( 'NONE', #1130, #1538, #1051, .T. ) ;
#3071 = LINE ( 'NONE', #268, #1405 ) ;
#3072 = CARTESIAN_POINT ( 'NONE',  ( -1.449999999999999512, -10.59999999999999609, 0.000000000000000000 ) ) ;
#3073 = EDGE_CURVE ( 'NONE', #632, #1108, #2414, .T. ) ;
#3074 = EDGE_CURVE ( 'NONE', #3512, #3202, #2163, .T. ) ;
#3075 = DIRECTION ( 'NONE',  ( -0.8076258798231905622, 0.5896952079166130067, 4.076133654047714986E-17 ) ) ;
#3076 = FACE_OUTER_BOUND ( 'NONE', #812, .T. ) ;
#3077 = DIRECTION ( 'NONE',  ( 0.8660254037844397068, 0.000000000000000000, 0.4999999999999983347 ) ) ;
#3078 = CARTESIAN_POINT ( 'NONE',  ( -3.229795932116297674, -9.391613231000986772, 8.893837469608344648 ) ) ;
#3079 = EDGE_LOOP ( 'NONE', ( #3729, #1652, #2745, #3236 ) ) ;
#3080 = ORIENTED_EDGE ( 'NONE', *, *, #3558, .F. ) ;
#3081 = CARTESIAN_POINT ( 'NONE',  ( -0.02499999999999835340, 2.750000000000000444, 9.112538782871100196 ) ) ;
#3082 = LINE ( 'NONE', #3778, #984 ) ;
#3083 = CARTESIAN_POINT ( 'NONE',  ( -3.699999999999998401, -8.300961894323346968, -5.450740777567291140 ) ) ;
#3084 = B_SPLINE_CURVE_WITH_KNOTS ( 'NONE', 3,
 ( #1950, #1390, #3195, #415, #3524, #1647 ),
 .UNSPECIFIED., .F., .F.,
 ( 4, 2, 4 ),
 ( -9.360839111196002062E-06, 0.0006755500987700561750, 0.001360461036651308383 ),
 .UNSPECIFIED. ) ;
#3085 = DIRECTION ( 'NONE',  ( -0.8660254037844379305, 0.000000000000000000, 0.5000000000000014433 ) ) ;
#3086 = CARTESIAN_POINT ( 'NONE',  ( -1.562648137834743434, -10.40488770189219814, 1.550000000000007150 ) ) ;
#3087 = VECTOR ( 'NONE', #1263, 1000.000000000000000 ) ;
#3088 = ORIENTED_EDGE ( 'NONE', *, *, #3653, .F. ) ;
#3089 = VERTEX_POINT ( 'NONE', #1017 ) ;
#3090 = ORIENTED_EDGE ( 'NONE', *, *, #517, .F. ) ;
#3091 = DIRECTION ( 'NONE',  ( -1.000000000000000000, 0.000000000000000000, 0.000000000000000000 ) ) ;
#3092 = CARTESIAN_POINT ( 'NONE',  ( -4.699999999999999289, -8.351475305973753649, 9.353322789263600612 ) ) ;
#3093 = ADVANCED_FACE ( 'NONE', ( #1325 ), #2252, .T. ) ;
#3094 = CARTESIAN_POINT ( 'NONE',  ( -1.404615164534295690, -9.209034688817931524, 4.808759620324160267 ) ) ;
#3095 = DIRECTION ( 'NONE',  ( -0.8660254037844379305, 0.000000000000000000, 0.5000000000000014433 ) ) ;
#3096 = CARTESIAN_POINT ( 'NONE',  ( -2.660835857237566326, -8.502770775638323286, 10.92846623298129849 ) ) ;
#3097 = CARTESIAN_POINT ( 'NONE',  ( -4.219256812501813947, -9.358878131009106482, 9.608583062960864396 ) ) ;
#3098 = EDGE_CURVE ( 'NONE', #195, #3160, #3167, .T. ) ;
#3099 = VERTEX_POINT ( 'NONE', #3108 ) ;
#3100 = VERTEX_POINT ( 'NONE', #1618 ) ;
#3101 = CARTESIAN_POINT ( 'NONE',  ( -0.02500000000000048364, -7.206002401616428799, -6.027910825094059177 ) ) ;
#3102 = DIRECTION ( 'NONE',  ( 1.000000000000000000, -0.000000000000000000, -0.000000000000000000 ) ) ;
#3103 = EDGE_CURVE ( 'NONE', #2977, #117, #2868, .T. ) ;
#3104 = DIRECTION ( 'NONE',  ( 0.000000000000000000, -0.6307305422057670752, 0.7760019221167040460 ) ) ;
#3105 = AXIS2_PLACEMENT_3D ( 'NONE', #131, #91, #1024 ) ;
#3106 = VECTOR ( 'NONE', #666, 1000.000000000000000 ) ;
#3107 =( BOUNDED_CURVE ( )  B_SPLINE_CURVE ( 3, ( #3916, #215, #3094, #1564 ),
 .UNSPECIFIED., .F., .T. ) 
 B_SPLINE_CURVE_WITH_KNOTS ( ( 4, 4 ),
 ( 0.4865985292400512585, 1.281044625358860323 ),
 .UNSPECIFIED. ) 
 CURVE ( )  GEOMETRIC_REPRESENTATION_ITEM ( )  RATIONAL_B_SPLINE_CURVE ( ( 1.000000000000000000, 0.9480925581821489923, 0.9480925581821489923, 1.000000000000000000 ) ) 
 REPRESENTATION_ITEM ( '' )  );
#3108 = CARTESIAN_POINT ( 'NONE',  ( -2.199999999999999734, 4.750000000000000888, 7.729031597682706867 ) ) ;
#3109 = VECTOR ( 'NONE', #3381, 1000.000000000000000 ) ;
#3110 = FACE_BOUND ( 'NONE', #1579, .T. ) ;
#3111 = ORIENTED_EDGE ( 'NONE', *, *, #1321, .F. ) ;
#3112 = ORIENTED_EDGE ( 'NONE', *, *, #1456, .F. ) ;
#3113 = ORIENTED_EDGE ( 'NONE', *, *, #3905, .T. ) ;
#3114 =( BOUNDED_CURVE ( )  B_SPLINE_CURVE ( 3, ( #1334, #1372, #2897, #2616 ),
 .UNSPECIFIED., .F., .T. ) 
 B_SPLINE_CURVE_WITH_KNOTS ( ( 4, 4 ),
 ( 8.745897524716494468E-15, 1.570796326794897446 ),
 .UNSPECIFIED. ) 
 CURVE ( )  GEOMETRIC_REPRESENTATION_ITEM ( )  RATIONAL_B_SPLINE_CURVE ( ( 1.000000000000000000, 0.8047378541243667138, 0.8047378541243667138, 1.000000000000000000 ) ) 
 REPRESENTATION_ITEM ( '' )  );
#3115 = CARTESIAN_POINT ( 'NONE',  ( -4.700000000000006395, -3.047900561033111799, 9.119438471360190590 ) ) ;
#3116 = DIRECTION ( 'NONE',  ( 0.000000000000000000, 1.734723475976802558E-15, -1.000000000000000000 ) ) ;
#3117 = CARTESIAN_POINT ( 'NONE',  ( -16.87470748512143004, 2.750000000000003109, 9.112538782871096643 ) ) ;
#3118 = FACE_OUTER_BOUND ( 'NONE', #1752, .T. ) ;
#3119 = CARTESIAN_POINT ( 'NONE',  ( -2.200000000000000622, 2.750000000000000000, -4.999500000000000277 ) ) ;
#3120 = FACE_OUTER_BOUND ( 'NONE', #3719, .T. ) ;
#3121 = ORIENTED_EDGE ( 'NONE', *, *, #3178, .F. ) ;
#3122 = VERTEX_POINT ( 'NONE', #300 ) ;
#3123 = CARTESIAN_POINT ( 'NONE',  ( -2.199999999999999734, 2.750000000000000888, 9.112538782871100196 ) ) ;
#3124 = EDGE_CURVE ( 'NONE', #2323, #401, #4021, .T. ) ;
#3125 = DIRECTION ( 'NONE',  ( 1.000000000000000000, 8.220688754975634355E-17, -0.000000000000000000 ) ) ;
#3126 = VECTOR ( 'NONE', #34, 999.9999999999998863 ) ;
#3127 = CARTESIAN_POINT ( 'NONE',  ( -4.441775394270176314, -9.110531839580678692, 9.507634062988492119 ) ) ;
#3128 = DIRECTION ( 'NONE',  ( 0.000000000000000000, 0.1736481776669235588, 0.9848077530122092416 ) ) ;
#3129 = EDGE_CURVE ( 'NONE', #53, #2275, #161, .T. ) ;
#3130 = DIRECTION ( 'NONE',  ( -1.060992951667771807E-16, 1.000000000000000000, 0.000000000000000000 ) ) ;
#3131 = VECTOR ( 'NONE', #1970, 1000.000000000000000 ) ;
#3132 = VECTOR ( 'NONE', #952, 1000.000000000000000 ) ;
#3133 = ORIENTED_EDGE ( 'NONE', *, *, #3070, .F. ) ;
#3134 = ORIENTED_EDGE ( 'NONE', *, *, #3231, .T. ) ;
#3135 = ORIENTED_EDGE ( 'NONE', *, *, #2054, .F. ) ;
#3136 = DIRECTION ( 'NONE',  ( 0.8660254037844393737, 0.000000000000000000, 0.4999999999999985012 ) ) ;
#3137 = FACE_OUTER_BOUND ( 'NONE', #3565, .T. ) ;
#3138 = CARTESIAN_POINT ( 'NONE',  ( -1.562648137834740769, -10.40488770189220169, 2.387500000000007727 ) ) ;
#3139 = CARTESIAN_POINT ( 'NONE',  ( -0.02499999999999824238, -10.59999999999999609, -6.499500000000000277 ) ) ;
#3140 = CARTESIAN_POINT ( 'NONE',  ( -12.17427857925749102, -4.656658000778494788, 8.701826809569254806 ) ) ;
#3141 = DIRECTION ( 'NONE',  ( 0.000000000000000000, 0.000000000000000000, 1.000000000000000000 ) ) ;
#3142 = VERTEX_POINT ( 'NONE', #1721 ) ;
#3143 = EDGE_LOOP ( 'NONE', ( #1546, #1902, #2001, #3190 ) ) ;
#3144 = CARTESIAN_POINT ( 'NONE',  ( -30.99979317598215545, -3.221548738700036996, 8.134630718347969136 ) ) ;
#3145 = CARTESIAN_POINT ( 'NONE',  ( -30.99979317598215545, -9.828714728858045646, 16.15378197866036203 ) ) ;
#3146 = EDGE_CURVE ( 'NONE', #1349, #53, #776, .T. ) ;
#3147 = DIRECTION ( 'NONE',  ( -0.8660254037844379305, -0.5000000000000014433, 0.000000000000000000 ) ) ;
#3148 = CARTESIAN_POINT ( 'NONE',  ( -0.3060541859599998915, -9.444631577355613317, 12.57325528985392715 ) ) ;
#3149 = EDGE_CURVE ( 'NONE', #1517, #3100, #1098, .T. ) ;
#3150 = VERTEX_POINT ( 'NONE', #2272 ) ;
#3151 = ORIENTED_EDGE ( 'NONE', *, *, #2733, .T. ) ;
#3152 = ORIENTED_EDGE ( 'NONE', *, *, #1476, .T. ) ;
#3153 = CARTESIAN_POINT ( 'NONE',  ( -12.17427857925748391, -7.980384167194680245, 9.287889409195118517 ) ) ;
#3154 = CARTESIAN_POINT ( 'NONE',  ( -2.396384938520243146, 3.749999999999999112, 6.729031597683701627 ) ) ;
#3155 = EDGE_CURVE ( 'NONE', #1465, #2543, #2013, .T. ) ;
#3156 = VECTOR ( 'NONE', #1712, 999.9999999999998863 ) ;
#3157 = CARTESIAN_POINT ( 'NONE',  ( -16.68999999999998352, 13.37777818282688713, 13.58499106853991734 ) ) ;
#3158 = LINE ( 'NONE', #1371, #1917 ) ;
#3159 = ORIENTED_EDGE ( 'NONE', *, *, #3444, .T. ) ;
#3160 = VERTEX_POINT ( 'NONE', #1987 ) ;
#3161 = VERTEX_POINT ( 'NONE', #183 ) ;
#3162 = CARTESIAN_POINT ( 'NONE',  ( -16.68999999999998707, -3.047900561033111799, 9.119438471360190590 ) ) ;
#3163 = AXIS2_PLACEMENT_3D ( 'NONE', #1322, #2560, #949 ) ;
#3164 = CARTESIAN_POINT ( 'NONE',  ( -1.449999999999999512, -10.59999999999999609, 0.000000000000000000 ) ) ;
#3165 = FACE_OUTER_BOUND ( 'NONE', #1048, .T. ) ;
#3166 = DIRECTION ( 'NONE',  ( -1.000000000000000000, 0.000000000000000000, 0.000000000000000000 ) ) ;
#3167 = LINE ( 'NONE', #386, #665 ) ;
#3168 = EDGE_CURVE ( 'NONE', #944, #367, #854, .T. ) ;
#3169 = AXIS2_PLACEMENT_3D ( 'NONE', #3647, #1185, #2732 ) ;
#3170 = AXIS2_PLACEMENT_3D ( 'NONE', #2103, #3344, #566 ) ;
#3171 = ORIENTED_EDGE ( 'NONE', *, *, #3174, .F. ) ;
#3172 = ORIENTED_EDGE ( 'NONE', *, *, #575, .F. ) ;
#3173 = ORIENTED_EDGE ( 'NONE', *, *, #3340, .T. ) ;
#3174 = EDGE_CURVE ( 'NONE', #3846, #1695, #3230, .T. ) ;
#3175 = CARTESIAN_POINT ( 'NONE',  ( -1.562648137834737661, -10.59999999999999787, 3.225000000000006750 ) ) ;
#3176 = FACE_OUTER_BOUND ( 'NONE', #3489, .T. ) ;
#3177 = LINE ( 'NONE', #939, #3681 ) ;
#3178 = EDGE_CURVE ( 'NONE', #3610, #230, #104, .T. ) ;
#3179 = PLANE ( 'NONE',  #255 ) ;
#3180 = LINE ( 'NONE', #3793, #2965 ) ;
#3181 = CARTESIAN_POINT ( 'NONE',  ( -13.97215942496797858, 11.13649918842620323, 5.917067086542647125 ) ) ;
#3182 = ORIENTED_EDGE ( 'NONE', *, *, #3001, .F. ) ;
#3183 = ORIENTED_EDGE ( 'NONE', *, *, #863, .T. ) ;
#3184 = ORIENTED_EDGE ( 'NONE', *, *, #772, .T. ) ;
#3185 = CARTESIAN_POINT ( 'NONE',  ( -3.700000000000001510, 2.250000000000000888, -6.499500000000000277 ) ) ;
#3186 = DIRECTION ( 'NONE',  ( -0.000000000000000000, 0.1736481776669235588, 0.9848077530122092416 ) ) ;
#3187 = CARTESIAN_POINT ( 'NONE',  ( -15.45209162520372814, 13.80485141779078795, 13.44424645758324921 ) ) ;
#3188 = CYLINDRICAL_SURFACE ( 'NONE', #1985, 1.499999999999998668 ) ;
#3189 = CARTESIAN_POINT ( 'NONE',  ( -16.87470748512143004, 2.250000000000000888, -4.999500000000000277 ) ) ;
#3190 = ORIENTED_EDGE ( 'NONE', *, *, #1553, .T. ) ;
#3191 = ORIENTED_EDGE ( 'NONE', *, *, #2308, .T. ) ;
#3192 = ORIENTED_EDGE ( 'NONE', *, *, #3875, .T. ) ;
#3193 = VECTOR ( 'NONE', #753, 1000.000000000000000 ) ;
#3194 = DIRECTION ( 'NONE',  ( 0.4803844614152624759, -0.8320502943378424998, -0.2773500981126162945 ) ) ;
#3195 = CARTESIAN_POINT ( 'NONE',  ( -2.118062481778878681, -10.59999999999999609, 11.19023423289310060 ) ) ;
#3196 = CIRCLE ( 'NONE', #803, 0.9119999999999995888 ) ;
#3197 = EDGE_CURVE ( 'NONE', #2804, #2167, #2339, .T. ) ;
#3198 = CIRCLE ( 'NONE', #1963, 1.000000000000000000 ) ;
#3199 = CARTESIAN_POINT ( 'NONE',  ( -12.17427857925749102, -4.656658000778494788, 8.701826809569254806 ) ) ;
#3200 = LINE ( 'NONE', #764, #40 ) ;
#3201 = CARTESIAN_POINT ( 'NONE',  ( -30.99979317598215545, -3.852279280905808179, 8.910632640464678289 ) ) ;
#3202 = VERTEX_POINT ( 'NONE', #449 ) ;
#3203 = VERTEX_POINT ( 'NONE', #1422 ) ;
#3204 = EDGE_CURVE ( 'NONE', #1805, #2791, #3516, .T. ) ;
#3205 = EDGE_CURVE ( 'NONE', #1448, #1294, #2929, .T. ) ;
#3206 = ORIENTED_EDGE ( 'NONE', *, *, #3026, .T. ) ;
#3207 = DIRECTION ( 'NONE',  ( -0.000000000000000000, 0.9848077530122093526, -0.1736481776669226706 ) ) ;
#3208 = AXIS2_PLACEMENT_3D ( 'NONE', #1505, #2484, #3723 ) ;
#3209 = CARTESIAN_POINT ( 'NONE',  ( -16.66721162951827040, -8.351503099339767644, 17.39330971215995092 ) ) ;
#3210 = CARTESIAN_POINT ( 'NONE',  ( -1.888347076326490903, -9.840760592453243305, 3.036957630187017809 ) ) ;
#3211 = EDGE_LOOP ( 'NONE', ( #1147, #3480, #3051, #3152, #488, #1673 ) ) ;
#3212 = ORIENTED_EDGE ( 'NONE', *, *, #1388, .T. ) ;
#3213 = EDGE_LOOP ( 'NONE', ( #1747, #828, #1882, #3519, #3542, #1924 ) ) ;
#3214 =( BOUNDED_CURVE ( )  B_SPLINE_CURVE ( 3, ( #1107, #2404, #1730, #2386 ),
 .UNSPECIFIED., .F., .T. ) 
 B_SPLINE_CURVE_WITH_KNOTS ( ( 4, 4 ),
 ( 0.4166039484893958589, 1.005414787650325881 ),
 .UNSPECIFIED. ) 
 CURVE ( )  GEOMETRIC_REPRESENTATION_ITEM ( )  RATIONAL_B_SPLINE_CURVE ( ( 1.000000000000000000, 0.9713165609371585685, 0.9713165609371585685, 1.000000000000000000 ) ) 
 REPRESENTATION_ITEM ( '' )  );
#3215 = CARTESIAN_POINT ( 'NONE',  ( -15.18999999999999950, -8.598331367907917411, 17.37286228163344859 ) ) ;
#3216 = DIRECTION ( 'NONE',  ( -0.000000000000000000, -0.1736481776669215049, -0.9848077530122095746 ) ) ;
#3217 = CARTESIAN_POINT ( 'NONE',  ( -0.02500000000000000139, 10.69711991084998992, -10.25593317864687037 ) ) ;
#3218 = EDGE_CURVE ( 'NONE', #882, #3203, #3538, .T. ) ;
#3219 = CARTESIAN_POINT ( 'NONE',  ( -2.199999999999999734, -8.300961894323346968, 1.550000000000000933 ) ) ;
#3220 = PLANE ( 'NONE',  #3430 ) ;
#3221 = ORIENTED_EDGE ( 'NONE', *, *, #390, .F. ) ;
#3222 = VERTEX_POINT ( 'NONE', #3904 ) ;
#3223 = STYLED_ITEM ( 'NONE', ( #3288 ), #1323 ) ;
#3224 = AXIS2_PLACEMENT_3D ( 'NONE', #1292, #51, #71 ) ;
#3225 = VERTEX_POINT ( 'NONE', #795 ) ;
#3226 = CARTESIAN_POINT ( 'NONE',  ( -3.699999999999999289, 2.250000000000000444, -3.499500000000001165 ) ) ;
#3227 = CARTESIAN_POINT ( 'NONE',  ( -2.604228137629932327, -9.982276028873600993, 9.973572334214162893 ) ) ;
#3228 = EDGE_CURVE ( 'NONE', #3161, #3052, #3842, .T. ) ;
#3229 = CIRCLE ( 'NONE', #435, 0.8870000000000018980 ) ;
#3230 = LINE ( 'NONE', #1035, #1501 ) ;
#3231 = EDGE_CURVE ( 'NONE', #3375, #2967, #2623, .T. ) ;
#3232 = CARTESIAN_POINT ( 'NONE',  ( -17.14800787051146358, 3.750000000000000000, -4.999500000000000277 ) ) ;
#3233 = VERTEX_POINT ( 'NONE', #1944 ) ;
#3234 = ORIENTED_EDGE ( 'NONE', *, *, #267, .T. ) ;
#3235 = ORIENTED_EDGE ( 'NONE', *, *, #2603, .T. ) ;
#3236 = ORIENTED_EDGE ( 'NONE', *, *, #4020, .F. ) ;
#3237 = VECTOR ( 'NONE', #3386, 1000.000000000000114 ) ;
#3238 = CARTESIAN_POINT ( 'NONE',  ( -3.699999999999998401, -10.59999999999999787, -4.238882310146870225 ) ) ;
#3239 = CARTESIAN_POINT ( 'NONE',  ( -4.199167099919176138, 3.960014983680483880, 7.883753882300992721 ) ) ;
#3240 = CYLINDRICAL_SURFACE ( 'NONE', #2661, 0.9999999999999974465 ) ;
#3241 = DIRECTION ( 'NONE',  ( -3.864802849675905063E-16, 0.1736481776669229204, 0.9848077530122093526 ) ) ;
#3242 = DIRECTION ( 'NONE',  ( 1.000000000000000000, -0.000000000000000000, -0.000000000000000000 ) ) ;
#3243 = AXIS2_PLACEMENT_3D ( 'NONE', #3612, #1129, #2371 ) ;
#3244 = ORIENTED_EDGE ( 'NONE', *, *, #295, .T. ) ;
#3245 = ORIENTED_EDGE ( 'NONE', *, *, #1771, .T. ) ;
#3246 = EDGE_LOOP ( 'NONE', ( #3151, #1348, #1424, #554, #207, #1731, #3111, #2048, #1357 ) ) ;
#3247 = ADVANCED_FACE ( 'NONE', ( #1074 ), #2602, .F. ) ;
#3248 = DIRECTION ( 'NONE',  ( -0.8660254037844379305, 0.000000000000000000, 0.5000000000000014433 ) ) ;
#3249 = CARTESIAN_POINT ( 'NONE',  ( -3.699999999999999289, -8.435073442506025643, 8.368401773964821544 ) ) ;
#3250 = EDGE_CURVE ( 'NONE', #2605, #1947, #122, .T. ) ;
#3251 = FILL_AREA_STYLE_COLOUR ( '', #1787 ) ;
#3252 = DIRECTION ( 'NONE',  ( -0.4803844614152628090, 0.8320502943378429439, -0.2773500981126142961 ) ) ;
#3253 = CARTESIAN_POINT ( 'NONE',  ( -17.14800787051146358, -5.299999999999998046, -6.499500000000000277 ) ) ;
#3254 = VERTEX_POINT ( 'NONE', #1117 ) ;
#3255 = ORIENTED_EDGE ( 'NONE', *, *, #1657, .T. ) ;
#3256 = ADVANCED_FACE ( 'NONE', ( #491 ), #2666, .F. ) ;
#3257 = PLANE ( 'NONE',  #2734 ) ;
#3258 = AXIS2_PLACEMENT_3D ( 'NONE', #3164, #1837, #3710 ) ;
#3259 = AXIS2_PLACEMENT_3D ( 'NONE', #3175, #45, #1885 ) ;
#3260 = VECTOR ( 'NONE', #1382, 1000.000000000000000 ) ;
#3261 = CARTESIAN_POINT ( 'NONE',  ( -1.200000000000003286, -10.59999999999999787, 3.434375000000006395 ) ) ;
#3262 = LINE ( 'NONE', #742, #3952 ) ;
#3263 = EDGE_LOOP ( 'NONE', ( #1937, #3563, #3327, #2711, #209 ) ) ;
#3264 = ORIENTED_EDGE ( 'NONE', *, *, #3843, .T. ) ;
#3265 =( BOUNDED_CURVE ( )  B_SPLINE_CURVE ( 3, ( #291, #1891, #1509, #1849 ),
 .UNSPECIFIED., .F., .T. ) 
 B_SPLINE_CURVE_WITH_KNOTS ( ( 4, 4 ),
 ( 1.302609278699648154, 1.570796326794896558 ),
 .UNSPECIFIED. ) 
 CURVE ( )  GEOMETRIC_REPRESENTATION_ITEM ( )  RATIONAL_B_SPLINE_CURVE ( ( 1.000000000000000000, 0.9940152846380494456, 0.9940152846380494456, 1.000000000000000000 ) ) 
 REPRESENTATION_ITEM ( '' )  );
#3266 = DIRECTION ( 'NONE',  ( 8.095798021000291494E-17, -0.9848077530122093526, 0.1736481776669229204 ) ) ;
#3267 = CARTESIAN_POINT ( 'NONE',  ( -2.993272653287246676, -9.614939148458386597, 9.673313070071600350 ) ) ;
#3268 = VERTEX_POINT ( 'NONE', #830 ) ;
#3269 = FILL_AREA_STYLE ('',( #3251 ) ) ;
#3270 = UNCERTAINTY_MEASURE_WITH_UNIT (LENGTH_MEASURE( 1.000000000000000082E-05 ), #281, 'distance_accuracy_value', 'NONE');
#3271 = DIRECTION ( 'NONE',  ( 0.5000000000000012212, -0.8528685319524434982, 0.1503837331804297739 ) ) ;
#3272 = EDGE_CURVE ( 'NONE', #2911, #864, #3318, .T. ) ;
#3273 = ORIENTED_EDGE ( 'NONE', *, *, #2702, .F. ) ;
#3274 = EDGE_LOOP ( 'NONE', ( #693, #485, #3948, #1356 ) ) ;
#3275 = ORIENTED_EDGE ( 'NONE', *, *, #427, .T. ) ;
#3276 = EDGE_CURVE ( 'NONE', #864, #2911, #3703, .T. ) ;
#3277 = CARTESIAN_POINT ( 'NONE',  ( -2.633012701892219365, -8.550961894323345192, -4.188541342578352200 ) ) ;
#3278 = DIRECTION ( 'NONE',  ( 1.000000000000000000, -0.000000000000000000, -0.000000000000000000 ) ) ;
#3279 = EDGE_LOOP ( 'NONE', ( #335, #1169, #703, #3393, #1612 ) ) ;
#3280 = EDGE_CURVE ( 'NONE', #62, #1196, #2720, .T. ) ;
#3281 = CARTESIAN_POINT ( 'NONE',  ( -1.562648137834736550, -10.40488770189220880, 3.643750000000007372 ) ) ;
#3282 = CARTESIAN_POINT ( 'NONE',  ( -0.02499999999999895361, 9.712312157837791560, -10.08228500097994917 ) ) ;
#3283 = ORIENTED_EDGE ( 'NONE', *, *, #931, .T. ) ;
#3284 = VERTEX_POINT ( 'NONE', #3064 ) ;
#3285 = PLANE ( 'NONE',  #894 ) ;
#3286 = LINE ( 'NONE', #257, #3435 ) ;
#3287 = ORIENTED_EDGE ( 'NONE', *, *, #3745, .T. ) ;
#3288 = PRESENTATION_STYLE_ASSIGNMENT (( #121 ) ) ;
#3289 = CARTESIAN_POINT ( 'NONE',  ( -0.02500000000000000139, 3.750000000000000888, 4.963813310975870863 ) ) ;
#3290 = ORIENTED_EDGE ( 'NONE', *, *, #3768, .T. ) ;
#3291 = VERTEX_POINT ( 'NONE', #2068 ) ;
#3292 = ORIENTED_EDGE ( 'NONE', *, *, #3345, .F. ) ;
#3293 = EDGE_CURVE ( 'NONE', #2692, #233, #588, .T. ) ;
#3294 = CARTESIAN_POINT ( 'NONE',  ( -16.68999999999998707, -8.091030832839392062, 17.37052134167826623 ) ) ;
#3295 = DIRECTION ( 'NONE',  ( 0.4803844614152624759, -0.8320502943378424998, -0.2773500981126162945 ) ) ;
#3296 = ORIENTED_EDGE ( 'NONE', *, *, #1321, .T. ) ;
#3297 = EDGE_CURVE ( 'NONE', #2273, #3254, #2738, .T. ) ;
#3298 = CARTESIAN_POINT ( 'NONE',  ( -2.699999999999999289, -5.299999999999998046, -2.411999999999999922 ) ) ;
#3299 = CIRCLE ( 'NONE', #3169, 0.4999999999999989453 ) ;
#3300 = DIRECTION ( 'NONE',  ( -8.220688754975634355E-17, 1.000000000000000000, 0.000000000000000000 ) ) ;
#3301 = ORIENTED_EDGE ( 'NONE', *, *, #2904, .T. ) ;
#3302 = AXIS2_PLACEMENT_3D ( 'NONE', #1376, #2640, #159 ) ;
#3303 = ADVANCED_FACE ( 'NONE', ( #848 ), #3971, .T. ) ;
#3304 = DIRECTION ( 'NONE',  ( 1.000000000000000000, 0.000000000000000000, -0.000000000000000000 ) ) ;
#3305 = CARTESIAN_POINT ( 'NONE',  ( -0.2559856670817667879, -6.263187210381317094, -5.355075862746963011 ) ) ;
#3306 = ORIENTED_EDGE ( 'NONE', *, *, #3473, .T. ) ;
#3307 = AXIS2_PLACEMENT_3D ( 'NONE', #2264, #3529, #1671 ) ;
#3308 = DIRECTION ( 'NONE',  ( -0.000000000000000000, 1.000000000000000000, -0.000000000000000000 ) ) ;
#3309 = DIRECTION ( 'NONE',  ( 0.000000000000000000, -5.181372389416985036E-16, 1.000000000000000000 ) ) ;
#3310 = PLANE ( 'NONE',  #1597 ) ;
#3311 = EDGE_LOOP ( 'NONE', ( #1335, #2656, #2071, #837 ) ) ;
#3312 = CARTESIAN_POINT ( 'NONE',  ( -0.02500000000000101794, -2.848001607888265951, -5.499500000000000277 ) ) ;
#3313 = CARTESIAN_POINT ( 'NONE',  ( -2.699999999999999289, -6.739702119875408570, -5.143284323541994496 ) ) ;
#3314 = VERTEX_POINT ( 'NONE', #3981 ) ;
#3315 = ORIENTED_EDGE ( 'NONE', *, *, #2603, .F. ) ;
#3316 = LINE ( 'NONE', #539, #3029 ) ;
#3317 = CARTESIAN_POINT ( 'NONE',  ( -16.87470748512143004, -8.900827117692704959, 5.000000000000001776 ) ) ;
#3318 = CIRCLE ( 'NONE', #405, 1.887000000000010447 ) ;
#3319 = ADVANCED_FACE ( 'NONE', ( #222 ), #2394, .T. ) ;
#3320 = VERTEX_POINT ( 'NONE', #3005 ) ;
#3321 = DIRECTION ( 'NONE',  ( 1.000000000000000000, 0.000000000000000000, -2.775294440852995069E-16 ) ) ;
#3322 = VECTOR ( 'NONE', #3085, 999.9999999999998863 ) ;
#3323 = CARTESIAN_POINT ( 'NONE',  ( -16.68999999999998352, 11.99890312204047405, 5.765002004777350919 ) ) ;
#3324 = CARTESIAN_POINT ( 'NONE',  ( -1.449999999999999512, -10.59999999999999609, 0.000000000000000000 ) ) ;
#3325 = EDGE_CURVE ( 'NONE', #2377, #3461, #1559, .T. ) ;
#3326 = EDGE_CURVE ( 'NONE', #2390, #3669, #2701, .T. ) ;
#3327 = ORIENTED_EDGE ( 'NONE', *, *, #2709, .T. ) ;
#3328 = DIRECTION ( 'NONE',  ( 1.000000000000000000, 0.000000000000000000, 0.000000000000000000 ) ) ;
#3329 = AXIS2_PLACEMENT_3D ( 'NONE', #3465, #3216, #1042 ) ;
#3330 = CARTESIAN_POINT ( 'NONE',  ( -0.4997063462535595857, -8.355948655222587007, 11.07081717714964775 ) ) ;
#3331 = EDGE_CURVE ( 'NONE', #724, #1130, #2279, .T. ) ;
#3332 = DIRECTION ( 'NONE',  ( -0.5000000000000014433, 0.000000000000000000, -0.8660254037844379305 ) ) ;
#3333 = DIRECTION ( 'NONE',  ( -0.5731121201734749038, 0.1945780377377663017, -0.7960413839370318323 ) ) ;
#3334 = CARTESIAN_POINT ( 'NONE',  ( -4.699999999995243094, 2.750956408663095321, 8.096943530333478023 ) ) ;
#3335 = ORIENTED_EDGE ( 'NONE', *, *, #263, .T. ) ;
#3336 = ORIENTED_EDGE ( 'NONE', *, *, #3427, .F. ) ;
#3337 = CARTESIAN_POINT ( 'NONE',  ( -16.87470748512143004, -8.900827117692704959, 4.650000000000001243 ) ) ;
#3338 = CARTESIAN_POINT ( 'NONE',  ( -1.449999999999999289, -10.59999999999999609, 1.615037432702609577 ) ) ;
#3339 = CARTESIAN_POINT ( 'NONE',  ( -1.562648137834737661, -10.59999999999999787, 3.225000000000006750 ) ) ;
#3340 = EDGE_CURVE ( 'NONE', #2256, #2305, #513, .T. ) ;
#3341 = CARTESIAN_POINT ( 'NONE',  ( -0.02500000000000131631, 11.99890312204050780, 5.765002004777337596 ) ) ;
#3342 = DIRECTION ( 'NONE',  ( 0.000000000000000000, -0.1736481776669214216, -0.9848077530122095746 ) ) ;
#3343 = ORIENTED_EDGE ( 'NONE', *, *, #3843, .F. ) ;
#3344 = DIRECTION ( 'NONE',  ( -0.6104124877388409365, 0.5467532281777068848, 0.5731121201734753479 ) ) ;
#3345 = EDGE_CURVE ( 'NONE', #1386, #3511, #1153, .T. ) ;
#3346 = DIRECTION ( 'NONE',  ( 1.000000000000000000, 0.000000000000000000, -2.775294440852995069E-16 ) ) ;
#3347 = DIRECTION ( 'NONE',  ( 0.000000000000000000, 0.000000000000000000, 1.000000000000000000 ) ) ;
#3348 = AXIS2_PLACEMENT_3D ( 'NONE', #3969, #579, #1808 ) ;
#3349 = EDGE_CURVE ( 'NONE', #653, #1631, #3780, .T. ) ;
#3350 = SURFACE_STYLE_FILL_AREA ( #869 ) ;
#3351 = DIRECTION ( 'NONE',  ( -0.000000000000000000, -0.8846265015520632380, 0.4663002817410232814 ) ) ;
#3352 = CARTESIAN_POINT ( 'NONE',  ( -16.87470748512143004, -10.59999999999999609, -3.108461733501794999 ) ) ;
#3353 = VERTEX_POINT ( 'NONE', #279 ) ;
#3354 = ORIENTED_EDGE ( 'NONE', *, *, #3373, .T. ) ;
#3355 = VECTOR ( 'NONE', #1172, 1000.000000000000227 ) ;
#3356 = DIRECTION ( 'NONE',  ( 0.000000000000000000, -0.9848077530122094636, 0.1736481776669220323 ) ) ;
#3357 = PLANE ( 'NONE',  #1641 ) ;
#3358 = LINE ( 'NONE', #581, #2520 ) ;
#3359 = AXIS2_PLACEMENT_3D ( 'NONE', #3898, #3860, #2659 ) ;
#3360 = DIRECTION ( 'NONE',  ( 0.000000000000000000, 0.000000000000000000, 1.000000000000000000 ) ) ;
#3361 = DIRECTION ( 'NONE',  ( -0.4999999999999983347, 0.000000000000000000, 0.8660254037844397068 ) ) ;
#3362 = CARTESIAN_POINT ( 'NONE',  ( -1.270364564057489432, -8.900827117692704959, 4.650000000000001243 ) ) ;
#3363 = VECTOR ( 'NONE', #684, 1000.000000000000000 ) ;
#3364 = ORIENTED_EDGE ( 'NONE', *, *, #3074, .T. ) ;
#3365 = DIRECTION ( 'NONE',  ( -0.000000000000000000, -0.1736481776669215049, -0.9848077530122095746 ) ) ;
#3366 = VECTOR ( 'NONE', #1005, 999.9999999999998863 ) ;
#3367 = CARTESIAN_POINT ( 'NONE',  ( 0.000000000000000000, 2.750000000000001776, 3.290000000000002700 ) ) ;
#3368 = VECTOR ( 'NONE', #3770, 1000.000000000000114 ) ;
#3369 = ADVANCED_FACE ( 'NONE', ( #866 ), #2122, .F. ) ;
#3370 = DIRECTION ( 'NONE',  ( -0.8660254037844379305, 0.000000000000000000, 0.5000000000000014433 ) ) ;
#3371 = SURFACE_SIDE_STYLE ('',( #3350 ) ) ;
#3372 = CARTESIAN_POINT ( 'NONE',  ( -2.699999999999999289, -5.299999999999998046, -5.499500000000000277 ) ) ;
#3373 = EDGE_CURVE ( 'NONE', #943, #594, #1458, .T. ) ;
#3374 = EDGE_CURVE ( 'NONE', #3816, #2225, #2758, .T. ) ;
#3375 = VERTEX_POINT ( 'NONE', #2051 ) ;
#3376 = VERTEX_POINT ( 'NONE', #3289 ) ;
#3377 = CIRCLE ( 'NONE', #3902, 1.499999999999999778 ) ;
#3378 = FACE_OUTER_BOUND ( 'NONE', #2479, .T. ) ;
#3379 = LINE ( 'NONE', #1829, #744 ) ;
#3380 = LINE ( 'NONE', #3630, #1604 ) ;
#3381 = DIRECTION ( 'NONE',  ( -0.000000000000000000, 1.000000000000000000, -0.000000000000000000 ) ) ;
#3382 = FACE_OUTER_BOUND ( 'NONE', #410, .T. ) ;
#3383 = CARTESIAN_POINT ( 'NONE',  ( -3.422254559073518720, -9.209893276624940839, 9.501511185626323908 ) ) ;
#3384 = ORIENTED_EDGE ( 'NONE', *, *, #92, .F. ) ;
#3385 = ORIENTED_EDGE ( 'NONE', *, *, #221, .F. ) ;
#3386 = DIRECTION ( 'NONE',  ( 0.000000000000000000, -0.9848077530122090195, 0.1736481776669250021 ) ) ;
#3387 = CARTESIAN_POINT ( 'NONE',  ( -30.99979317598215545, 13.37777818282680542, 13.58499106853934890 ) ) ;
#3388 = VECTOR ( 'NONE', #459, 1000.000000000000000 ) ;
#3389 = CARTESIAN_POINT ( 'NONE',  ( -15.68999999999999595, -9.176331943257538981, 11.21547288535252562 ) ) ;
#3390 =( BOUNDED_CURVE ( )  B_SPLINE_CURVE ( 3, ( #1725, #1104, #2364, #1425 ),
 .UNSPECIFIED., .F., .T. ) 
 B_SPLINE_CURVE_WITH_KNOTS ( ( 4, 4 ),
 ( 0.000000000000000000, 0.4985337823287628867 ),
 .UNSPECIFIED. ) 
 CURVE ( )  GEOMETRIC_REPRESENTATION_ITEM ( )  RATIONAL_B_SPLINE_CURVE ( ( 1.000000000000000000, 0.9793956902350740013, 0.9793956902350740013, 1.000000000000000000 ) ) 
 REPRESENTATION_ITEM ( '' )  );
#3391 = EDGE_CURVE ( 'NONE', #3044, #1028, #509, .T. ) ;
#3392 = LINE ( 'NONE', #3657, #1443 ) ;
#3393 = ORIENTED_EDGE ( 'NONE', *, *, #3804, .F. ) ;
#3394 = ORIENTED_EDGE ( 'NONE', *, *, #1111, .F. ) ;
#3395 = VERTEX_POINT ( 'NONE', #3691 ) ;
#3396 = CIRCLE ( 'NONE', #1966, 0.9999999999999974465 ) ;
#3397 = ADVANCED_FACE ( 'NONE', ( #2775 ), #926, .F. ) ;
#3398 = CARTESIAN_POINT ( 'NONE',  ( -17.14800787051146358, 4.750000000000000888, 6.729031597682705090 ) ) ;
#3399 = CARTESIAN_POINT ( 'NONE',  ( -2.633012701892218033, -8.550961894323346968, 4.650000000000001243 ) ) ;
#3400 = CARTESIAN_POINT ( 'NONE',  ( -1.449999999999999734, -10.59999999999999609, 4.546287432702598608 ) ) ;
#3401 = EDGE_CURVE ( 'NONE', #401, #2447, #2840, .T. ) ;
#3402 = DIRECTION ( 'NONE',  ( 0.000000000000000000, 0.000000000000000000, -1.000000000000000000 ) ) ;
#3403 = LINE ( 'NONE', #1833, #2282 ) ;
#3404 = DIRECTION ( 'NONE',  ( 1.000000000000000000, 0.000000000000000000, 0.000000000000000000 ) ) ;
#3405 = ORIENTED_EDGE ( 'NONE', *, *, #2259, .T. ) ;
#3406 = EDGE_LOOP ( 'NONE', ( #3614, #285, #454, #64 ) ) ;
#3407 = DIRECTION ( 'NONE',  ( -0.8660254037844379305, 0.000000000000000000, 0.5000000000000014433 ) ) ;
#3408 = CARTESIAN_POINT ( 'NONE',  ( -1.200000000000009059, 0.000000000000000000, 1.759375000000007461 ) ) ;
#3409 = LINE ( 'NONE', #1616, #3417 ) ;
#3410 = CARTESIAN_POINT ( 'NONE',  ( -0.02499999999999698297, -9.442150602394923098, 12.58732559804335516 ) ) ;
#3411 = FACE_OUTER_BOUND ( 'NONE', #1860, .T. ) ;
#3412 = VECTOR ( 'NONE', #59, 1000.000000000000000 ) ;
#3413 = AXIS2_PLACEMENT_3D ( 'NONE', #3219, #1353, #1934 ) ;
#3414 = ORIENTED_EDGE ( 'NONE', *, *, #3001, .T. ) ;
#3415 = ORIENTED_EDGE ( 'NONE', *, *, #468, .F. ) ;
#3416 = ORIENTED_EDGE ( 'NONE', *, *, #2432, .F. ) ;
#3417 = VECTOR ( 'NONE', #3781, 1000.000000000000114 ) ;
#3418 = DIRECTION ( 'NONE',  ( 0.000000000000000000, 0.000000000000000000, 1.000000000000000000 ) ) ;
#3419 = CARTESIAN_POINT ( 'NONE',  ( -16.68999999999998352, 5.643101157183453509, 6.571553767169316274 ) ) ;
#3420 = EDGE_CURVE ( 'NONE', #1737, #2429, #1875, .T. ) ;
#3421 = LINE ( 'NONE', #699, #1215 ) ;
#3422 = DIRECTION ( 'NONE',  ( 0.000000000000000000, 0.000000000000000000, 1.000000000000000000 ) ) ;
#3423 = CARTESIAN_POINT ( 'NONE',  ( -2.700000000000001066, 2.250000000000001332, -5.499499999999999389 ) ) ;
#3424 = CARTESIAN_POINT ( 'NONE',  ( -3.325865630236369608, -9.300903963064765634, 8.797916666581222955 ) ) ;
#3425 = EDGE_LOOP ( 'NONE', ( #1281, #116 ) ) ;
#3426 = ORIENTED_EDGE ( 'NONE', *, *, #1583, .F. ) ;
#3427 = EDGE_CURVE ( 'NONE', #3924, #1851, #3082, .T. ) ;
#3428 = CARTESIAN_POINT ( 'NONE',  ( -13.14855715851497386, -6.111771222451935159, 10.16739484031219298 ) ) ;
#3429 = LINE ( 'NONE', #646, #797 ) ;
#3430 = AXIS2_PLACEMENT_3D ( 'NONE', #1313, #2635, #3509 ) ;
#3431 = DIRECTION ( 'NONE',  ( -1.000000000000000000, 0.000000000000000000, 0.000000000000000000 ) ) ;
#3432 = AXIS2_PLACEMENT_3D ( 'NONE', #1848, #964, #1890 ) ;
#3433 = DIRECTION ( 'NONE',  ( -1.000000000000000000, 0.000000000000000000, 0.000000000000000000 ) ) ;
#3434 = CARTESIAN_POINT ( 'NONE',  ( -2.699999999999999289, -8.300961894323346968, -4.320320200922213694 ) ) ;
#3435 = VECTOR ( 'NONE', #3665, 1000.000000000000114 ) ;
#3436 = VERTEX_POINT ( 'NONE', #56 ) ;
#3437 = EDGE_LOOP ( 'NONE', ( #734, #3134, #3244, #3540, #3808, #22, #3937 ) ) ;
#3438 = ORIENTED_EDGE ( 'NONE', *, *, #3672, .T. ) ;
#3439 = PRODUCT_RELATED_PRODUCT_CATEGORY ( 'part', '', ( #875 ) ) ;
#3440 = CARTESIAN_POINT ( 'NONE',  ( -2.199999999999999734, 4.923648177666922976, 7.713839350694916774 ) ) ;
#3441 = DIRECTION ( 'NONE',  ( -0.5000000000000014433, 0.000000000000000000, -0.8660254037844379305 ) ) ;
#3442 = DIRECTION ( 'NONE',  ( -0.000000000000000000, 1.000000000000000000, -0.000000000000000000 ) ) ;
#3443 = CARTESIAN_POINT ( 'NONE',  ( -4.699999999999999289, -3.221548738700036996, 8.134630718347969136 ) ) ;
#3444 = EDGE_CURVE ( 'NONE', #2255, #3967, #2208, .T. ) ;
#3445 = DIRECTION ( 'NONE',  ( 0.8660254037844387076, 0.000000000000000000, 0.4999999999999998335 ) ) ;
#3446 = CARTESIAN_POINT ( 'NONE',  ( -1.200000000000006173, 0.000000000000000000, 2.596875000000006928 ) ) ;
#3447 = EDGE_LOOP ( 'NONE', ( #1094, #1611, #31 ) ) ;
#3448 = VERTEX_POINT ( 'NONE', #904 ) ;
#3449 = VECTOR ( 'NONE', #228, 1000.000000000000000 ) ;
#3450 = FACE_OUTER_BOUND ( 'NONE', #2892, .T. ) ;
#3451 = CARTESIAN_POINT ( 'NONE',  ( -17.14800787051146358, -10.59999999999999432, 11.58795098915740951 ) ) ;
#3452 = EDGE_CURVE ( 'NONE', #2675, #1547, #1496, .T. ) ;
#3453 = ADVANCED_FACE ( 'NONE', ( #3732 ), #2162, .F. ) ;
#3454 = AXIS2_PLACEMENT_3D ( 'NONE', #1072, #771, #2007 ) ;
#3455 = PLANE ( 'NONE',  #3163 ) ;
#3456 = CARTESIAN_POINT ( 'NONE',  ( -2.700000000000000178, 2.250000000000000444, 9.200702273225330075 ) ) ;
#3457 = DIRECTION ( 'NONE',  ( -0.000000000000000000, -0.000000000000000000, 1.000000000000000000 ) ) ;
#3458 = VECTOR ( 'NONE', #1666, 1000.000000000000114 ) ;
#3459 = AXIS2_PLACEMENT_3D ( 'NONE', #1254, #3761, #3130 ) ;
#3460 = ADVANCED_FACE ( 'NONE', ( #11 ), #1855, .T. ) ;
#3461 = VERTEX_POINT ( 'NONE', #297 ) ;
#3462 = ORIENTED_EDGE ( 'NONE', *, *, #1208, .F. ) ;
#3463 = ORIENTED_EDGE ( 'NONE', *, *, #1607, .T. ) ;
#3464 = LINE ( 'NONE', #979, #1825 ) ;
#3465 = CARTESIAN_POINT ( 'NONE',  ( -11.20000000000000107, -5.764474867118092760, 12.13701034633663944 ) ) ;
#3466 = DIRECTION ( 'NONE',  ( -1.000000000000000000, -2.225651257388395466E-15, 0.000000000000000000 ) ) ;
#3467 = LINE ( 'NONE', #290, #3109 ) ;
#3468 = DIRECTION ( 'NONE',  ( -0.5000000000000013323, 0.8660254037844378194, 0.000000000000000000 ) ) ;
#3469 = CARTESIAN_POINT ( 'NONE',  ( -2.696967258605448503, -8.355948655222608323, 11.07081717714965130 ) ) ;
#3470 = ORIENTED_EDGE ( 'NONE', *, *, #2655, .T. ) ;
#3471 = ORIENTED_EDGE ( 'NONE', *, *, #3949, .T. ) ;
#3472 = ORIENTED_EDGE ( 'NONE', *, *, #3943, .F. ) ;
#3473 = EDGE_CURVE ( 'NONE', #2266, #1038, #1530, .T. ) ;
#3474 = DIRECTION ( 'NONE',  ( 0.000000000000000000, 0.000000000000000000, 1.000000000000000000 ) ) ;
#3475 = FACE_OUTER_BOUND ( 'NONE', #3676, .T. ) ;
#3476 = CARTESIAN_POINT ( 'NONE',  ( -15.68999999999999595, 13.37777818282679831, 13.58499106853935245 ) ) ;
#3477 = EDGE_CURVE ( 'NONE', #3203, #1483, #490, .T. ) ;
#3478 = LINE ( 'NONE', #2211, #2864 ) ;
#3479 = CARTESIAN_POINT ( 'NONE',  ( -17.14800787051146358, -10.59999999999999787, -4.238882310146869337 ) ) ;
#3480 = ORIENTED_EDGE ( 'NONE', *, *, #1283, .F. ) ;
#3481 = ORIENTED_EDGE ( 'NONE', *, *, #3477, .F. ) ;
#3482 = EDGE_CURVE ( 'NONE', #3353, #817, #3429, .T. ) ;
#3483 = ORIENTED_EDGE ( 'NONE', *, *, #1363, .F. ) ;
#3484 = CARTESIAN_POINT ( 'NONE',  ( -0.02500000000000071609, -5.299999999999996270, -5.499500000000000277 ) ) ;
#3485 = DIRECTION ( 'NONE',  ( 1.000000000000000000, 0.000000000000000000, -0.000000000000000000 ) ) ;
#3486 = DIRECTION ( 'NONE',  ( 0.000000000000000000, 0.9848077530122094636, -0.1736481776669223376 ) ) ;
#3487 = DIRECTION ( 'NONE',  ( 0.000000000000000000, 0.000000000000000000, 1.000000000000000000 ) ) ;
#3488 = DIRECTION ( 'NONE',  ( -0.4999999999999983347, 0.000000000000000000, 0.8660254037844397068 ) ) ;
#3489 = EDGE_LOOP ( 'NONE', ( #999, #1101, #1499, #3873, #2860 ) ) ;
#3490 = ORIENTED_EDGE ( 'NONE', *, *, #2937, .T. ) ;
#3491 = ORIENTED_EDGE ( 'NONE', *, *, #1237, .T. ) ;
#3492 = DIRECTION ( 'NONE',  ( 0.000000000000000000, 0.9848077530122094636, -0.1736481776669220045 ) ) ;
#3493 = B_SPLINE_CURVE_WITH_KNOTS ( 'NONE', 3,
 ( #1507, #3990, #1753, #1199 ),
 .UNSPECIFIED., .F., .F.,
 ( 4, 4 ),
 ( 0.0005131933663037681380, 0.0007867556855506499785 ),
 .UNSPECIFIED. ) ;
#3494 = CARTESIAN_POINT ( 'NONE',  ( -3.534236128793934562, -9.104159976630675999, -5.027362672325531356 ) ) ;
#3495 = CARTESIAN_POINT ( 'NONE',  ( -11.20000000000000107, -6.318521083986601283, 8.994858109382077416 ) ) ;
#3496 = CARTESIAN_POINT ( 'NONE',  ( -30.99979317598215545, -10.56671948394236793, 11.96834902835900749 ) ) ;
#3497 = AXIS2_PLACEMENT_3D ( 'NONE', #2810, #352, #636 ) ;
#3498 = EDGE_CURVE ( 'NONE', #32, #1796, #2516, .T. ) ;
#3499 = AXIS2_PLACEMENT_3D ( 'NONE', #1433, #2925, #3248 ) ;
#3500 = ORIENTED_EDGE ( 'NONE', *, *, #2607, .T. ) ;
#3501 = ORIENTED_EDGE ( 'NONE', *, *, #3053, .F. ) ;
#3502 = EDGE_LOOP ( 'NONE', ( #3235, #3695, #873, #1688, #612, #1009, #87 ) ) ;
#3503 = EDGE_CURVE ( 'NONE', #651, #2848, #1897, .T. ) ;
#3504 = EDGE_CURVE ( 'NONE', #3786, #455, #1591, .T. ) ;
#3505 = CARTESIAN_POINT ( 'NONE',  ( -0.02499999999999829095, -10.59999999999999609, 10.58857638027146209 ) ) ;
#3506 = CARTESIAN_POINT ( 'NONE',  ( -2.199999999999999734, 2.750000000000000888, 0.000000000000000000 ) ) ;
#3507 = FACE_OUTER_BOUND ( 'NONE', #1715, .T. ) ;
#3508 = FACE_OUTER_BOUND ( 'NONE', #1923, .T. ) ;
#3509 = DIRECTION ( 'NONE',  ( 0.000000000000000000, 0.000000000000000000, -1.000000000000000000 ) ) ;
#3510 = ORIENTED_EDGE ( 'NONE', *, *, #2405, .F. ) ;
#3511 = VERTEX_POINT ( 'NONE', #1299 ) ;
#3512 = VERTEX_POINT ( 'NONE', #993 ) ;
#3513 = CARTESIAN_POINT ( 'NONE',  ( -0.5000000000000004441, -9.176331943257538981, 11.21547288535252562 ) ) ;
#3514 = CARTESIAN_POINT ( 'NONE',  ( -3.916326553527168741, -9.582976101474736552, 9.738221726469948436 ) ) ;
#3515 = CARTESIAN_POINT ( 'NONE',  ( -15.18999999999998707, 14.24722119051096136, 9.877691666496788869 ) ) ;
#3516 = LINE ( 'NONE', #2293, #915 ) ;
#3517 = VECTOR ( 'NONE', #3346, 1000.000000000000000 ) ;
#3518 = ORIENTED_EDGE ( 'NONE', *, *, #1804, .T. ) ;
#3519 = ORIENTED_EDGE ( 'NONE', *, *, #2253, .T. ) ;
#3520 = ORIENTED_EDGE ( 'NONE', *, *, #1877, .T. ) ;
#3521 = AXIS2_PLACEMENT_3D ( 'NONE', #2812, #274, #2511 ) ;
#3522 = ADVANCED_FACE ( 'NONE', ( #3475 ), #2587, .F. ) ;
#3523 = DIRECTION ( 'NONE',  ( 0.000000000000000000, -1.000000000000000000, 0.000000000000000000 ) ) ;
#3524 = CARTESIAN_POINT ( 'NONE',  ( -1.949999999999999734, -10.59999999999999609, 10.52710527375792182 ) ) ;
#3525 = VECTOR ( 'NONE', #3194, 1000.000000000000114 ) ;
#3526 = ADVANCED_FACE ( 'NONE', ( #3818 ), #1320, .F. ) ;
#3527 = DIRECTION ( 'NONE',  ( 1.000000000000000000, -0.000000000000000000, -0.000000000000000000 ) ) ;
#3528 = DIRECTION ( 'NONE',  ( 1.000000000000000000, 0.000000000000000000, -0.000000000000000000 ) ) ;
#3529 = DIRECTION ( 'NONE',  ( 0.6104124877388411585, -0.5467532281777065517, -0.5731121201734751258 ) ) ;
#3530 = EDGE_LOOP ( 'NONE', ( #1775, #3273, #399, #98, #2544, #1140, #1512, #146, #164, #3036 ) ) ;
#3531 = ORIENTED_EDGE ( 'NONE', *, *, #284, .F. ) ;
#3532 = ORIENTED_EDGE ( 'NONE', *, *, #318, .F. ) ;
#3533 = EDGE_CURVE ( 'NONE', #2542, #1517, #160, .T. ) ;
#3534 = FACE_OUTER_BOUND ( 'NONE', #2481, .T. ) ;
#3535 = CARTESIAN_POINT ( 'NONE',  ( -1.657597424206501024, -10.87608730028217252, 11.06907763397311939 ) ) ;
#3536 =( BOUNDED_CURVE ( )  B_SPLINE_CURVE ( 3, ( #308, #3092, #329, #914 ),
 .UNSPECIFIED., .F., .T. ) 
 B_SPLINE_CURVE_WITH_KNOTS ( ( 4, 4 ),
 ( 4.712388980384689674, 4.980576028479935857 ),
 .UNSPECIFIED. ) 
 CURVE ( )  GEOMETRIC_REPRESENTATION_ITEM ( )  RATIONAL_B_SPLINE_CURVE ( ( 1.000000000000000000, 0.9940152846380496676, 0.9940152846380496676, 1.000000000000000000 ) ) 
 REPRESENTATION_ITEM ( '' )  );
#3537 = VECTOR ( 'NONE', #3744, 1000.000000000000000 ) ;
#3538 = LINE ( 'NONE', #2645, #1757 ) ;
#3539 = CARTESIAN_POINT ( 'NONE',  ( -1.200000000000003064, -9.148314491107996105, 5.247487373415293810 ) ) ;
#3540 = ORIENTED_EDGE ( 'NONE', *, *, #3155, .F. ) ;
#3541 = ORIENTED_EDGE ( 'NONE', *, *, #2798, .F. ) ;
#3542 = ORIENTED_EDGE ( 'NONE', *, *, #3228, .F. ) ;
#3543 = CARTESIAN_POINT ( 'NONE',  ( -15.27397035050422502, -10.58434065864974372, 11.86841438060079490 ) ) ;
#3544 = CARTESIAN_POINT ( 'NONE',  ( -1.449999999999999734, -10.59999999999999609, 2.033787432702602427 ) ) ;
#3545 = CARTESIAN_POINT ( 'NONE',  ( -1.562648137834743434, -10.59999999999999787, 1.550000000000007150 ) ) ;
#3546 = LINE ( 'NONE', #437, #948 ) ;
#3547 = FACE_OUTER_BOUND ( 'NONE', #1588, .T. ) ;
#3548 = AXIS2_PLACEMENT_3D ( 'NONE', #2083, #1188, #1491 ) ;
#3549 = EDGE_CURVE ( 'NONE', #3512, #1769, #2270, .T. ) ;
#3550 = ORIENTED_EDGE ( 'NONE', *, *, #2080, .T. ) ;
#3551 = ORIENTED_EDGE ( 'NONE', *, *, #3272, .T. ) ;
#3552 = VECTOR ( 'NONE', #1639, 1000.000000000000114 ) ;
#3553 = VECTOR ( 'NONE', #1025, 1000.000000000000114 ) ;
#3554 = ORIENTED_EDGE ( 'NONE', *, *, #3715, .F. ) ;
#3555 = LINE ( 'NONE', #176, #1930 ) ;
#3556 = FACE_OUTER_BOUND ( 'NONE', #2216, .T. ) ;
#3557 = CIRCLE ( 'NONE', #567, 0.9119999999999995888 ) ;
#3558 = EDGE_CURVE ( 'NONE', #3020, #816, #1962, .T. ) ;
#3559 = VECTOR ( 'NONE', #1478, 1000.000000000000114 ) ;
#3560 = DIRECTION ( 'NONE',  ( -1.000000000000000000, 0.000000000000000000, 0.000000000000000000 ) ) ;
#3561 = DIRECTION ( 'NONE',  ( 0.5000000000000012212, -0.8528685319524434982, 0.1503837331804297739 ) ) ;
#3562 = CARTESIAN_POINT ( 'NONE',  ( -1.200000000000009059, 0.000000000000000000, 1.759375000000007461 ) ) ;
#3563 = ORIENTED_EDGE ( 'NONE', *, *, #1687, .T. ) ;
#3564 = ORIENTED_EDGE ( 'NONE', *, *, #3504, .T. ) ;
#3565 = EDGE_LOOP ( 'NONE', ( #2400, #2881, #1077, #1113, #3080, #1852, #3414, #2619, #3113, #662, #3965, #305, #2129, #2524, #2002, #1238, #681, #1269, #3245, #1836, #3287, #1355, #2726, #2235, #42, #304, #1027, #2076, #3730, #2016, #2522, #3290, #1018, #757, #2902, #3520, #3634 ) ) ;
#3566 = AXIS2_PLACEMENT_3D ( 'NONE', #1265, #2221, #2239 ) ;
#3567 = VECTOR ( 'NONE', #296, 1000.000000000000000 ) ;
#3568 = CARTESIAN_POINT ( 'NONE',  ( -1.200000000000003064, -10.59999999999999787, 10.45107736344326810 ) ) ;
#3569 = DIRECTION ( 'NONE',  ( 1.000000000000000000, -0.000000000000000000, -0.000000000000000000 ) ) ;
#3570 = VECTOR ( 'NONE', #153, 1000.000000000000000 ) ;
#3571 = DIRECTION ( 'NONE',  ( 8.220688754975634355E-17, -1.000000000000000000, 0.000000000000000000 ) ) ;
#3572 = CARTESIAN_POINT ( 'NONE',  ( -0.02500000000000071609, 7.185655229193327109, 6.613707473124435410 ) ) ;
#3573 = LINE ( 'NONE', #3201, #2267 ) ;
#3574 = AXIS2_PLACEMENT_3D ( 'NONE', #2135, #3422, #1523 ) ;
#3575 = ORIENTED_EDGE ( 'NONE', *, *, #867, .T. ) ;
#3576 = VERTEX_POINT ( 'NONE', #2620 ) ;
#3577 = LINE ( 'NONE', #2289, #1217 ) ;
#3578 = EDGE_CURVE ( 'NONE', #2755, #1967, #404, .T. ) ;
#3579 = CYLINDRICAL_SURFACE ( 'NONE', #728, 4.087500000000000355 ) ;
#3580 = ORIENTED_EDGE ( 'NONE', *, *, #2379, .T. ) ;
#3581 = DIRECTION ( 'NONE',  ( 1.000000000000000000, -0.000000000000000000, -0.000000000000000000 ) ) ;
#3582 = DIRECTION ( 'NONE',  ( 1.000000000000000000, 0.000000000000000000, 0.000000000000000000 ) ) ;
#3583 = CARTESIAN_POINT ( 'NONE',  ( -30.99979317598215545, -8.351503099339767644, 15.89330971215998822 ) ) ;
#3584 = ORIENTED_EDGE ( 'NONE', *, *, #2683, .F. ) ;
#3585 = ORIENTED_EDGE ( 'NONE', *, *, #3272, .F. ) ;
#3586 = EDGE_CURVE ( 'NONE', #3122, #651, #1444, .T. ) ;
#3587 = CARTESIAN_POINT ( 'NONE',  ( -2.699999999999999289, -8.300961894323346968, -4.320320200922213694 ) ) ;
#3588 = CARTESIAN_POINT ( 'NONE',  ( -3.425151717644220994, 3.152459832999867650, 8.026147643776059937 ) ) ;
#3589 = AXIS2_PLACEMENT_3D ( 'NONE', #2412, #3671, #1192 ) ;
#3590 = DIRECTION ( 'NONE',  ( -1.000000000000000000, 0.000000000000000000, -0.000000000000000000 ) ) ;
#3591 = CARTESIAN_POINT ( 'NONE',  ( -2.699999999999999289, -5.299999999999998046, -2.411999999999999922 ) ) ;
#3592 = ORIENTED_EDGE ( 'NONE', *, *, #2607, .F. ) ;
#3593 = ORIENTED_EDGE ( 'NONE', *, *, #2821, .T. ) ;
#3594 = CARTESIAN_POINT ( 'NONE',  ( -1.562648137834736328, 0.000000000000000000, 3.643750000000006928 ) ) ;
#3595 = DIRECTION ( 'NONE',  ( -0.5000000000000006661, 0.8528685319524438313, -0.1503837331804289967 ) ) ;
#3596 = ORIENTED_EDGE ( 'NONE', *, *, #1869, .T. ) ;
#3597 = ADVANCED_FACE ( 'NONE', ( #1637 ), #3861, .F. ) ;
#3598 = CARTESIAN_POINT ( 'NONE',  ( -0.02500000000000170489, 4.923648177666921200, 7.713839350694917663 ) ) ;
#3599 = DIRECTION ( 'NONE',  ( 0.000000000000000000, 0.8846265015520631270, -0.4663002817410232259 ) ) ;
#3600 = ADVANCED_FACE ( 'NONE', ( #3556 ), #2641, .F. ) ;
#3601 = ORIENTED_EDGE ( 'NONE', *, *, #2528, .F. ) ;
#3602 = ORIENTED_EDGE ( 'NONE', *, *, #443, .T. ) ;
#3603 = ORIENTED_EDGE ( 'NONE', *, *, #1601, .T. ) ;
#3604 = CARTESIAN_POINT ( 'NONE',  ( -4.699999999999998401, 3.888114271734184335, 7.896431917749272777 ) ) ;
#3605 = CARTESIAN_POINT ( 'NONE',  ( -3.699999999999999289, 2.423648177666920311, 8.154656802466059062 ) ) ;
#3606 = EDGE_CURVE ( 'NONE', #3291, #976, #2470, .T. ) ;
#3607 = EDGE_LOOP ( 'NONE', ( #2861, #1249, #3979, #2321, #1990 ) ) ;
#3608 = CARTESIAN_POINT ( 'NONE',  ( -0.3387666897493131768, -8.607125078496348891, 10.71445022680415526 ) ) ;
#3609 = CARTESIAN_POINT ( 'NONE',  ( -3.646379325263698679, -8.698437487850450012, 8.445798752202820836 ) ) ;
#3610 = VERTEX_POINT ( 'NONE', #3878 ) ;
#3611 = LINE ( 'NONE', #860, #1286 ) ;
#3612 = CARTESIAN_POINT ( 'NONE',  ( -16.87370748512142882, -5.299999999999998046, -2.411999999999999922 ) ) ;
#3613 = AXIS2_PLACEMENT_3D ( 'NONE', #3337, #1106, #3871 ) ;
#3614 = ORIENTED_EDGE ( 'NONE', *, *, #2798, .T. ) ;
#3615 = LINE ( 'NONE', #2010, #1274 ) ;
#3616 = CARTESIAN_POINT ( 'NONE',  ( -16.68999999999998352, -3.221548738700036996, 8.134630718347969136 ) ) ;
#3617 = ORIENTED_EDGE ( 'NONE', *, *, #1388, .F. ) ;
#3618 = DIRECTION ( 'NONE',  ( -1.029992063861230790E-15, -1.000000000000000000, 0.000000000000000000 ) ) ;
#3619 = ORIENTED_EDGE ( 'NONE', *, *, #3049, .F. ) ;
#3620 = ADVANCED_FACE ( 'NONE', ( #1092 ), #3579, .T. ) ;
#3621 = CARTESIAN_POINT ( 'NONE',  ( -16.87470748512142649, 0.000000000000000000, 4.650000000000001243 ) ) ;
#3622 = CARTESIAN_POINT ( 'NONE',  ( -2.700000000000000178, 0.000000000000000000, 4.650000000000001243 ) ) ;
#3623 = ORIENTED_EDGE ( 'NONE', *, *, #2559, .F. ) ;
#3624 = ORIENTED_EDGE ( 'NONE', *, *, #2862, .T. ) ;
#3625 = EDGE_CURVE ( 'NONE', #3353, #1977, #2679, .T. ) ;
#3626 = CARTESIAN_POINT ( 'NONE',  ( -16.87470748512143004, -5.299999999999998046, -2.411999999999999922 ) ) ;
#3627 = DIRECTION ( 'NONE',  ( -1.224099226999764764E-16, 0.9848077530122090195, -0.1736481776669250021 ) ) ;
#3628 = VECTOR ( 'NONE', #2203, 1000.000000000000227 ) ;
#3629 = VERTEX_POINT ( 'NONE', #3000 ) ;
#3630 = CARTESIAN_POINT ( 'NONE',  ( -1.562648137834738993, -10.59999999999999787, 2.806250000000007017 ) ) ;
#3631 = EDGE_CURVE ( 'NONE', #3786, #3233, #845, .T. ) ;
#3632 = LINE ( 'NONE', #3323, #1485 ) ;
#3633 = VECTOR ( 'NONE', #1291, 1000.000000000000000 ) ;
#3634 = ORIENTED_EDGE ( 'NONE', *, *, #3892, .T. ) ;
#3635 = CARTESIAN_POINT ( 'NONE',  ( -0.02499999999998109290, -4.165907595870781854, -6.499500000000000277 ) ) ;
#3636 = DIRECTION ( 'NONE',  ( -0.8490679783918487766, 0.5202577906995553558, -0.09173548542410737971 ) ) ;
#3637 = DIRECTION ( 'NONE',  ( 0.8660254037844393737, 0.000000000000000000, 0.4999999999999985012 ) ) ;
#3638 = CYLINDRICAL_SURFACE ( 'NONE', #3912, 0.7499999999999982236 ) ;
#3639 = DIRECTION ( 'NONE',  ( 0.000000000000000000, 0.000000000000000000, 1.000000000000000000 ) ) ;
#3640 = ORIENTED_EDGE ( 'NONE', *, *, #481, .F. ) ;
#3641 = EDGE_CURVE ( 'NONE', #2534, #1294, #2144, .T. ) ;
#3642 = EDGE_LOOP ( 'NONE', ( #922, #743, #2079, #400, #518, #2822, #3012 ) ) ;
#3643 = CARTESIAN_POINT ( 'NONE',  ( -2.698988062443385960, -8.337684743562800094, 11.06759675675075272 ) ) ;
#3644 = CARTESIAN_POINT ( 'NONE',  ( -1.200000000000003064, -8.642248473930015606, 5.753553390593274308 ) ) ;
#3645 = AXIS2_PLACEMENT_3D ( 'NONE', #1818, #2104, #3023 ) ;
#3646 = EDGE_CURVE ( 'NONE', #510, #1613, #3895, .T. ) ;
#3647 = CARTESIAN_POINT ( 'NONE',  ( -0.02500000000000071609, 2.250000000000000888, -4.999500000000000277 ) ) ;
#3648 = AXIS2_PLACEMENT_3D ( 'NONE', #804, #496, #2072 ) ;
#3649 = AXIS2_PLACEMENT_3D ( 'NONE', #29, #899, #639 ) ;
#3650 = CARTESIAN_POINT ( 'NONE',  ( -0.4668548755249858906, -5.800238181956014927, -5.468008327449265238 ) ) ;
#3651 = CARTESIAN_POINT ( 'NONE',  ( -1.562648137834743434, 0.000000000000000000, 1.550000000000007150 ) ) ;
#3652 = ORIENTED_EDGE ( 'NONE', *, *, #67, .F. ) ;
#3653 = EDGE_CURVE ( 'NONE', #1967, #2309, #2082, .T. ) ;
#3654 = CYLINDRICAL_SURFACE ( 'NONE', #578, 0.5000000000000004441 ) ;
#3655 = CARTESIAN_POINT ( 'NONE',  ( -2.700000000000000178, 2.250000000000000444, 0.000000000000000000 ) ) ;
#3656 = CARTESIAN_POINT ( 'NONE',  ( -11.20000000000000107, -6.318521083986601283, 8.994858109382077416 ) ) ;
#3657 = CARTESIAN_POINT ( 'NONE',  ( -0.02499999999999854769, 2.750000000000000444, -4.623236551130977373E-17 ) ) ;
#3658 = DIRECTION ( 'NONE',  ( 1.000000000000000000, 0.000000000000000000, 0.000000000000000000 ) ) ;
#3659 = ORIENTED_EDGE ( 'NONE', *, *, #3697, .T. ) ;
#3660 = EDGE_LOOP ( 'NONE', ( #2119, #4024, #3183, #2969, #1029, #714, #1570, #798, #54, #326, #2824, #901, #2815, #1151, #3603 ) ) ;
#3661 = EDGE_CURVE ( 'NONE', #3222, #943, #1161, .T. ) ;
#3662 = CARTESIAN_POINT ( 'NONE',  ( -15.36181453135359476, -8.574328992150398676, 17.37730421811870940 ) ) ;
#3663 = CARTESIAN_POINT ( 'NONE',  ( -2.199999999999999734, 3.750000000000000000, 6.729031597682705090 ) ) ;
#3664 = PLANE ( 'NONE',  #2189 ) ;
#3665 = DIRECTION ( 'NONE',  ( 0.000000000000000000, 0.9848077530122094636, -0.1736481776669223376 ) ) ;
#3666 = EDGE_CURVE ( 'NONE', #1805, #2167, #1142, .T. ) ;
#3667 = LINE ( 'NONE', #3058, #2413 ) ;
#3668 = DIRECTION ( 'NONE',  ( -1.000000000000000000, -8.220688754975634355E-17, 0.000000000000000000 ) ) ;
#3669 = VERTEX_POINT ( 'NONE', #526 ) ;
#3670 = CARTESIAN_POINT ( 'NONE',  ( -1.562648137834733442, -10.59999999999999787, 4.481250000000006395 ) ) ;
#3671 = DIRECTION ( 'NONE',  ( 0.8660254037844379305, 0.5000000000000014433, -0.000000000000000000 ) ) ;
#3672 = EDGE_CURVE ( 'NONE', #3957, #817, #2425, .T. ) ;
#3673 = CARTESIAN_POINT ( 'NONE',  ( -1.200000000000004619, -10.59999999999999787, 3.015625000000006661 ) ) ;
#3674 = CARTESIAN_POINT ( 'NONE',  ( -2.699999999999999289, -8.300961894323346968, 4.650000000000001243 ) ) ;
#3675 = VERTEX_POINT ( 'NONE', #811 ) ;
#3676 = EDGE_LOOP ( 'NONE', ( #1317, #3930, #3541, #1315 ) ) ;
#3677 = CIRCLE ( 'NONE', #180, 0.4999999999999987232 ) ;
#3678 = DIRECTION ( 'NONE',  ( 0.000000000000000000, 0.000000000000000000, 1.000000000000000000 ) ) ;
#3679 = DIRECTION ( 'NONE',  ( -1.000000000000000000, 0.000000000000000000, 0.000000000000000000 ) ) ;
#3680 = DIRECTION ( 'NONE',  ( -8.220688754975634355E-17, 1.000000000000000000, 1.148823494024375695E-16 ) ) ;
#3681 = VECTOR ( 'NONE', #3466, 1000.000000000000000 ) ;
#3682 = DIRECTION ( 'NONE',  ( 1.000000000000000000, -0.000000000000000000, -0.000000000000000000 ) ) ;
#3683 = CARTESIAN_POINT ( 'NONE',  ( -15.18999999999999950, 13.73658701805917737, 6.981741367795243569 ) ) ;
#3684 = CARTESIAN_POINT ( 'NONE',  ( -3.579770137933853569, -8.964222830591960900, 9.422320014729393733 ) ) ;
#3685 = VECTOR ( 'NONE', #486, 1000.000000000000114 ) ;
#3686 = EDGE_LOOP ( 'NONE', ( #605, #3472, #2922, #3471 ) ) ;
#3687 = EDGE_LOOP ( 'NONE', ( #694, #1835 ) ) ;
#3688 = EDGE_CURVE ( 'NONE', #1447, #3967, #3286, .T. ) ;
#3689 = FACE_OUTER_BOUND ( 'NONE', #3079, .T. ) ;
#3690 = AXIS2_PLACEMENT_3D ( 'NONE', #1064, #2302, #3571 ) ;
#3691 = CARTESIAN_POINT ( 'NONE',  ( -0.02500000000000000139, 3.750000000000000888, 1.616186689024134537 ) ) ;
#3692 = CARTESIAN_POINT ( 'NONE',  ( -2.055723139942521094, -9.550856746299398736, 4.196573014802400081 ) ) ;
#3693 = ADVANCED_FACE ( 'NONE', ( #3917 ), #3057, .F. ) ;
#3694 = DIRECTION ( 'NONE',  ( 0.000000000000000000, 0.000000000000000000, 1.000000000000000000 ) ) ;
#3695 = ORIENTED_EDGE ( 'NONE', *, *, #3420, .T. ) ;
#3696 = ORIENTED_EDGE ( 'NONE', *, *, #1961, .F. ) ;
#3697 = EDGE_CURVE ( 'NONE', #179, #2692, #3632, .T. ) ;
#3698 = EDGE_LOOP ( 'NONE', ( #2577, #2044, #1214, #1785 ) ) ;
#3699 = DIRECTION ( 'NONE',  ( 0.000000000000000000, 0.000000000000000000, 1.000000000000000000 ) ) ;
#3700 = CARTESIAN_POINT ( 'NONE',  ( -0.02499999999999724665, -10.59999999999999609, -4.238882310146870225 ) ) ;
#3701 = CARTESIAN_POINT ( 'NONE',  ( -10.22572142074251111, -7.980384167194676692, 9.287889409195116741 ) ) ;
#3702 = CARTESIAN_POINT ( 'NONE',  ( -30.99979317598215545, 14.59451754584471317, 11.84730717252068821 ) ) ;
#3703 = CIRCLE ( 'NONE', #1377, 1.887000000000010447 ) ;
#3704 = DIRECTION ( 'NONE',  ( -0.6865306214108644056, -0.7271008911184282386, 0.000000000000000000 ) ) ;
#3705 = CARTESIAN_POINT ( 'NONE',  ( -4.547303937355141379, -8.947993105149009807, 9.458504971731029443 ) ) ;
#3706 = ORIENTED_EDGE ( 'NONE', *, *, #312, .F. ) ;
#3707 = VERTEX_POINT ( 'NONE', #1453 ) ;
#3708 = VECTOR ( 'NONE', #3940, 1000.000000000000000 ) ;
#3709 = FACE_BOUND ( 'NONE', #3687, .T. ) ;
#3710 = DIRECTION ( 'NONE',  ( -0.5000000000000013323, 0.8660254037844378194, 0.000000000000000000 ) ) ;
#3711 = VECTOR ( 'NONE', #1839, 1000.000000000000000 ) ;
#3712 = FACE_OUTER_BOUND ( 'NONE', #3213, .T. ) ;
#3713 = AXIS2_PLACEMENT_3D ( 'NONE', #1164, #1768, #3015 ) ;
#3714 = LINE ( 'NONE', #650, #991 ) ;
#3715 = EDGE_CURVE ( 'NONE', #3461, #3376, #2698, .T. ) ;
#3716 = DIRECTION ( 'NONE',  ( 1.000000000000000000, -0.000000000000000000, -0.000000000000000000 ) ) ;
#3717 = ORIENTED_EDGE ( 'NONE', *, *, #1734, .F. ) ;
#3718 = ORIENTED_EDGE ( 'NONE', *, *, #3007, .T. ) ;
#3719 = EDGE_LOOP ( 'NONE', ( #265, #3500, #2952, #3088, #2015, #555, #2567, #1518, #3061, #125, #1599, #1938, #1718, #2148, #1069, #1001, #127, #2286 ) ) ;
#3720 = VECTOR ( 'NONE', #2526, 999.9999999999998863 ) ;
#3721 = EDGE_CURVE ( 'NONE', #2933, #976, #544, .T. ) ;
#3722 = CARTESIAN_POINT ( 'NONE',  ( -1.200000000000009059, -10.59999999999999787, 1.759375000000007461 ) ) ;
#3723 = DIRECTION ( 'NONE',  ( 1.219727444046185093E-16, -1.000000000000000000, 0.000000000000000000 ) ) ;
#3724 = VECTOR ( 'NONE', #2786, 1000.000000000000000 ) ;
#3725 = DIRECTION ( 'NONE',  ( 0.000000000000000000, 0.000000000000000000, 1.000000000000000000 ) ) ;
#3726 = DIRECTION ( 'NONE',  ( 1.000000000000000000, 0.000000000000000000, 0.000000000000000000 ) ) ;
#3727 = PLANE ( 'NONE',  #1179 ) ;
#3728 = CARTESIAN_POINT ( 'NONE',  ( -3.688796614513782046, -8.544084639011023441, 9.387285011414338243 ) ) ;
#3729 = ORIENTED_EDGE ( 'NONE', *, *, #500, .T. ) ;
#3730 = ORIENTED_EDGE ( 'NONE', *, *, #1521, .T. ) ;
#3731 = CYLINDRICAL_SURFACE ( 'NONE', #1605, 1.499999999999971800 ) ;
#3732 = FACE_OUTER_BOUND ( 'NONE', #115, .T. ) ;
#3733 = CARTESIAN_POINT ( 'NONE',  ( -4.610632208772838858, -8.789773039201593363, 9.430606505215028079 ) ) ;
#3734 = FACE_OUTER_BOUND ( 'NONE', #3929, .T. ) ;
#3735 = PLANE ( 'NONE',  #2480 ) ;
#3736 = VECTOR ( 'NONE', #2842, 1000.000000000000000 ) ;
#3737 = AXIS2_PLACEMENT_3D ( 'NONE', #2403, #171, #155 ) ;
#3738 = EDGE_LOOP ( 'NONE', ( #3470, #316, #108, #891 ) ) ;
#3739 = EDGE_LOOP ( 'NONE', ( #2984, #3184, #4025, #2642, #933 ) ) ;
#3740 = ORIENTED_EDGE ( 'NONE', *, *, #3972, .F. ) ;
#3741 = ADVANCED_FACE ( 'NONE', ( #235 ), #3935, .F. ) ;
#3742 = AXIS2_PLACEMENT_3D ( 'NONE', #3059, #1704, #3956 ) ;
#3743 = CYLINDRICAL_SURFACE ( 'NONE', #2438, 0.4999999999999979461 ) ;
#3744 = DIRECTION ( 'NONE',  ( 0.8660254037844394848, 0.000000000000000000, 0.4999999999999985012 ) ) ;
#3745 = EDGE_CURVE ( 'NONE', #2383, #3610, #2389, .T. ) ;
#3746 = EDGE_CURVE ( 'NONE', #1569, #455, #1167, .T. ) ;
#3747 = PLANE ( 'NONE',  #2329 ) ;
#3748 = LINE ( 'NONE', #2832, #3047 ) ;
#3749 = LINE ( 'NONE', #2202, #2941 ) ;
#3750 = CARTESIAN_POINT ( 'NONE',  ( -0.02499999999998157169, -6.040446043047878355, -3.816713268033798290 ) ) ;
#3751 = ORIENTED_EDGE ( 'NONE', *, *, #3174, .T. ) ;
#3752 = VERTEX_POINT ( 'NONE', #3341 ) ;
#3753 = ADVANCED_FACE ( 'NONE', ( #2735 ), #3976, .F. ) ;
#3754 = AXIS2_PLACEMENT_3D ( 'NONE', #3953, #256, #2388 ) ;
#3755 = CARTESIAN_POINT ( 'NONE',  ( -2.347504641993607866, -10.59999999999999432, 11.58795098915740951 ) ) ;
#3756 = CARTESIAN_POINT ( 'NONE',  ( -28.92807245819994577, -9.176331943257538981, 11.21547288535252562 ) ) ;
#3757 = AXIS2_PLACEMENT_3D ( 'NONE', #2719, #3365, #2468 ) ;
#3758 = CARTESIAN_POINT ( 'NONE',  ( -11.20000000000000107, -6.111771222451932495, 10.16739484031219298 ) ) ;
#3759 = VECTOR ( 'NONE', #3527, 1000.000000000000000 ) ;
#3760 = DIRECTION ( 'NONE',  ( 1.760504077399226339E-15, -0.1736481776669244192, -0.9848077530122092416 ) ) ;
#3761 = DIRECTION ( 'NONE',  ( 1.000000000000000000, 8.220688754975634355E-17, -0.000000000000000000 ) ) ;
#3762 = AXIS2_PLACEMENT_3D ( 'NONE', #50, #678, #1909 ) ;
#3763 = ORIENTED_EDGE ( 'NONE', *, *, #528, .F. ) ;
#3764 = ORIENTED_EDGE ( 'NONE', *, *, #75, .T. ) ;
#3765 = EDGE_LOOP ( 'NONE', ( #3827, #2951, #1468, #1204, #347 ) ) ;
#3766 = CARTESIAN_POINT ( 'NONE',  ( -3.699999999999998401, -5.299999999999998046, -2.411999999999999922 ) ) ;
#3767 = LINE ( 'NONE', #4006, #3724 ) ;
#3768 = EDGE_CURVE ( 'NONE', #1465, #3160, #2788, .T. ) ;
#3769 = CARTESIAN_POINT ( 'NONE',  ( -2.699999999999999289, -8.900827117692703183, 4.650000000000001243 ) ) ;
#3770 = DIRECTION ( 'NONE',  ( 0.000000000000000000, 0.1736481776669235588, 0.9848077530122092416 ) ) ;
#3771 = PLANE ( 'NONE',  #881 ) ;
#3772 = FACE_OUTER_BOUND ( 'NONE', #184, .T. ) ;
#3773 = EDGE_CURVE ( 'NONE', #365, #954, #1807, .T. ) ;
#3774 = ORIENTED_EDGE ( 'NONE', *, *, #3325, .F. ) ;
#3775 = ORIENTED_EDGE ( 'NONE', *, *, #2335, .F. ) ;
#3776 = VECTOR ( 'NONE', #2418, 999.9999999999998863 ) ;
#3777 = DIRECTION ( 'NONE',  ( -0.4803844614152626424, 0.8320502943378428329, -0.2773500981126150733 ) ) ;
#3778 = CARTESIAN_POINT ( 'NONE',  ( -1.200000000000007727, -10.59999999999999787, 2.178125000000007194 ) ) ;
#3779 = EDGE_CURVE ( 'NONE', #3788, #3320, #331, .T. ) ;
#3780 = CIRCLE ( 'NONE', #1951, 1.000000000000012212 ) ;
#3781 = DIRECTION ( 'NONE',  ( -0.4803844614152628090, 0.8320502943378429439, -0.2773500981126142961 ) ) ;
#3782 = CLOSED_SHELL ( 'NONE', ( #3741, #2384, #3093, #3303, #18, #1464, #1625, #1070, #994, #657, #1435, #3819, #2854, #3994, #1289, #888, #143, #3900, #1661, #2301, #368, #1166, #2849, #2125, #2563, #1036, #3925, #843, #3021, #3397, #1190, #2793, #105, #1952, #319, #2678, #76, #545, #1633, #2949, #4016, #697, #3597, #1122, #244, #3460, #1360, #2039, #3803, #3600, #858, #447, #1724, #524, #2402, #1262, #1480, #3028, #3620, #402, #3880, #150, #2957, #2423, #1201, #3256, #1549, #3962, #2059, #1845, #1155, #499, #2130, #956, #936, #2551, #1705, #1921, #1853, #3753, #571, #940, #49, #565, #3849, #166, #2477, #25, #2931, #1093, #1040, #1899, #1414, #1296, #3453, #2198, #686, #2356, #1926, #3319, #359, #1020, #1755, #343, #3999, #1439, #3522, #495, #3526, #2248, #1708, #2756, #2608, #3247, #2471, #2145, #3693, #801, #2688, #3369, #1821, #2228 ) ) ;
#3783 = CARTESIAN_POINT ( 'NONE',  ( -0.02500000000000000139, 3.750000000000000444, -6.499500000000000277 ) ) ;
#3784 = CARTESIAN_POINT ( 'NONE',  ( -11.20000000000000107, -5.373766467367519617, 14.35282779061410885 ) ) ;
#3785 = VECTOR ( 'NONE', #1080, 1000.000000000000000 ) ;
#3786 = VERTEX_POINT ( 'NONE', #2530 ) ;
#3787 = EDGE_LOOP ( 'NONE', ( #2781, #3135, #2034, #1270 ) ) ;
#3788 = VERTEX_POINT ( 'NONE', #1832 ) ;
#3789 = LINE ( 'NONE', #1041, #1318 ) ;
#3790 = CARTESIAN_POINT ( 'NONE',  ( -3.736366806013562858, 4.422815277586094496, 7.802149703805629777 ) ) ;
#3791 = DIRECTION ( 'NONE',  ( 0.000000000000000000, -0.1736481776669223376, -0.9848077530122094636 ) ) ;
#3792 = CARTESIAN_POINT ( 'NONE',  ( -0.02499999999999895361, -12.74130461084057053, -6.123106550174093776 ) ) ;
#3793 = CARTESIAN_POINT ( 'NONE',  ( -15.68999999999999595, -9.176331943257538981, 11.21547288535252562 ) ) ;
#3794 = DIRECTION ( 'NONE',  ( 8.095798021000291494E-17, -0.9848077530122094636, 0.1736481776669223653 ) ) ;
#3795 = ORIENTED_EDGE ( 'NONE', *, *, #1876, .F. ) ;
#3796 = ORIENTED_EDGE ( 'NONE', *, *, #3373, .F. ) ;
#3797 = EDGE_LOOP ( 'NONE', ( #3580, #1205, #2319, #2953, #3133, #1746 ) ) ;
#3798 = CYLINDRICAL_SURFACE ( 'NONE', #775, 1.000000000000013101 ) ;
#3799 = EDGE_CURVE ( 'NONE', #1914, #2447, #3467, .T. ) ;
#3800 = CARTESIAN_POINT ( 'NONE',  ( -1.946791011245867287, -10.60302993583078290, 11.16329208382128613 ) ) ;
#3801 = LINE ( 'NONE', #2778, #1922 ) ;
#3802 = CARTESIAN_POINT ( 'NONE',  ( -0.02499999999999724665, -8.351503099339767644, 15.89330971215998822 ) ) ;
#3803 = ADVANCED_FACE ( 'NONE', ( #2177 ), #2442, .F. ) ;
#3804 = EDGE_CURVE ( 'NONE', #145, #2598, #637, .T. ) ;
#3805 = CARTESIAN_POINT ( 'NONE',  ( -0.5000000000000001110, -10.49601093209439284, 12.36935715294594651 ) ) ;
#3806 = ORIENTED_EDGE ( 'NONE', *, *, #1728, .T. ) ;
#3807 = EDGE_LOOP ( 'NONE', ( #2180, #2478, #3864, #3918, #3255 ) ) ;
#3808 = ORIENTED_EDGE ( 'NONE', *, *, #1675, .F. ) ;
#3809 = CARTESIAN_POINT ( 'NONE',  ( -5.306176871280378293, -3.920905735970416917, 1.550000000000000933 ) ) ;
#3810 = DIRECTION ( 'NONE',  ( -0.8660254037844379305, 0.000000000000000000, 0.5000000000000014433 ) ) ;
#3811 = DIRECTION ( 'NONE',  ( -0.8660254037844379305, -0.5000000000000014433, 0.000000000000000000 ) ) ;
#3812 = DIRECTION ( 'NONE',  ( 1.000000000000000000, -0.000000000000000000, -0.000000000000000000 ) ) ;
#3813 = CARTESIAN_POINT ( 'NONE',  ( -1.562648137834737661, 0.000000000000000000, 3.225000000000006750 ) ) ;
#3814 = EDGE_LOOP ( 'NONE', ( #1395, #1893, #3717, #2035 ) ) ;
#3815 = EDGE_LOOP ( 'NONE', ( #611, #577, #2883, #1861, #957 ) ) ;
#3816 = VERTEX_POINT ( 'NONE', #1868 ) ;
#3817 = CARTESIAN_POINT ( 'NONE',  ( -3.699999999999999289, 3.128679656440357171, -3.499500000000001165 ) ) ;
#3818 = FACE_OUTER_BOUND ( 'NONE', #1706, .T. ) ;
#3819 = ADVANCED_FACE ( 'NONE', ( #3118 ), #2222, .F. ) ;
#3820 = PLANE ( 'NONE',  #2669 ) ;
#3821 = DIRECTION ( 'NONE',  ( -0.000000000000000000, 1.000000000000000000, -0.000000000000000000 ) ) ;
#3822 = AXIS2_PLACEMENT_3D ( 'NONE', #69, #309, #1543 ) ;
#3823 = EDGE_CURVE ( 'NONE', #1347, #213, #2811, .T. ) ;
#3824 = VECTOR ( 'NONE', #200, 1000.000000000000000 ) ;
#3825 = ORIENTED_EDGE ( 'NONE', *, *, #2120, .T. ) ;
#3826 = EDGE_LOOP ( 'NONE', ( #492, #3364, #346, #683, #41, #1654 ) ) ;
#3827 = ORIENTED_EDGE ( 'NONE', *, *, #2886, .F. ) ;
#3828 = PRODUCT_DEFINITION_FORMATION_WITH_SPECIFIED_SOURCE ( 'ANY', '', #875, .NOT_KNOWN. ) ;
#3829 = DIRECTION ( 'NONE',  ( -0.8660254037844379305, -0.5000000000000014433, 0.000000000000000000 ) ) ;
#3830 = FACE_OUTER_BOUND ( 'NONE', #3211, .T. ) ;
#3831 = VECTOR ( 'NONE', #2023, 1000.000000000000000 ) ;
#3832 = EDGE_CURVE ( 'NONE', #2331, #2147, #2395, .T. ) ;
#3833 = CARTESIAN_POINT ( 'NONE',  ( -1.449999999999999734, -10.59999999999999609, 2.871287432702605003 ) ) ;
#3834 = LINE ( 'NONE', #2896, #2714 ) ;
#3835 = DIRECTION ( 'NONE',  ( 1.084016012482792517E-16, -0.8846265015520632380, 0.4663002817410230039 ) ) ;
#3836 = ORIENTED_EDGE ( 'NONE', *, *, #3641, .F. ) ;
#3837 = ORIENTED_EDGE ( 'NONE', *, *, #3007, .F. ) ;
#3838 = ORIENTED_EDGE ( 'NONE', *, *, #67, .T. ) ;
#3839 = CARTESIAN_POINT ( 'NONE',  ( -0.5000000000000004441, -10.56671948394236793, 11.96834902835900927 ) ) ;
#3840 = CARTESIAN_POINT ( 'NONE',  ( -16.53496639398693091, -9.113073058254062886, 17.39330971215995447 ) ) ;
#3841 = FACE_OUTER_BOUND ( 'NONE', #1696, .T. ) ;
#3842 = LINE ( 'NONE', #140, #3193 ) ;
#3843 = EDGE_CURVE ( 'NONE', #511, #3629, #2201, .T. ) ;
#3844 = VECTOR ( 'NONE', #3582, 1000.000000000000000 ) ;
#3845 = ORIENTED_EDGE ( 'NONE', *, *, #2709, .F. ) ;
#3846 = VERTEX_POINT ( 'NONE', #941 ) ;
#3847 = ORIENTED_EDGE ( 'NONE', *, *, #690, .F. ) ;
#3848 = AXIS2_PLACEMENT_3D ( 'NONE', #1278, #2473, #2165 ) ;
#3849 = ADVANCED_FACE ( 'NONE', ( #1508 ), #2751, .F. ) ;
#3850 = DIRECTION ( 'NONE',  ( 0.000000000000000000, 0.000000000000000000, -1.000000000000000000 ) ) ;
#3851 = CARTESIAN_POINT ( 'NONE',  ( -2.863076366528796157, 3.610089685049740371, 7.945455153682087435 ) ) ;
#3852 = CIRCLE ( 'NONE', #3329, 1.887000000000018884 ) ;
#3853 = EDGE_CURVE ( 'NONE', #1994, #1037, #782, .T. ) ;
#3854 = CARTESIAN_POINT ( 'NONE',  ( -3.699999999999998401, -8.300961894323346968, -5.450740777567291140 ) ) ;
#3855 = DIRECTION ( 'NONE',  ( -0.8660254037844379305, -0.5000000000000014433, 0.000000000000000000 ) ) ;
#3856 = CARTESIAN_POINT ( 'NONE',  ( -5.914847813846336955, 2.653382045604024242, -5.670216303966725491 ) ) ;
#3857 = VERTEX_POINT ( 'NONE', #658 ) ;
#3858 = EDGE_LOOP ( 'NONE', ( #283, #516, #3847, #2226, #3315 ) ) ;
#3859 = ORIENTED_EDGE ( 'NONE', *, *, #2397, .T. ) ;
#3860 = DIRECTION ( 'NONE',  ( 0.000000000000000000, 0.1736481776669235588, 0.9848077530122093526 ) ) ;
#3861 = CYLINDRICAL_SURFACE ( 'NONE', #1173, 1.000000000000002665 ) ;
#3862 = FACE_OUTER_BOUND ( 'NONE', #21, .T. ) ;
#3863 = DIRECTION ( 'NONE',  ( 0.000000000000000000, 0.9848077530122093526, -0.1736481776669231425 ) ) ;
#3864 = ORIENTED_EDGE ( 'NONE', *, *, #3905, .F. ) ;
#3865 = EDGE_LOOP ( 'NONE', ( #1620, #3490, #1742, #484 ) ) ;
#3866 = ORIENTED_EDGE ( 'NONE', *, *, #3231, .F. ) ;
#3867 = PLANE ( 'NONE',  #3974 ) ;
#3868 = CARTESIAN_POINT ( 'NONE',  ( -4.699999999999999289, -8.127313716656423992, 9.313797053028469719 ) ) ;
#3869 = EDGE_CURVE ( 'NONE', #1108, #1337, #2853, .T. ) ;
#3870 = FACE_OUTER_BOUND ( 'NONE', #1399, .T. ) ;
#3871 = DIRECTION ( 'NONE',  ( -1.000000000000000000, 0.000000000000000000, -0.000000000000000000 ) ) ;
#3872 = PLANE ( 'NONE',  #1863 ) ;
#3873 = ORIENTED_EDGE ( 'NONE', *, *, #3653, .T. ) ;
#3874 = ORIENTED_EDGE ( 'NONE', *, *, #747, .T. ) ;
#3875 = EDGE_CURVE ( 'NONE', #2244, #173, #3748, .T. ) ;
#3876 = VECTOR ( 'NONE', #1843, 1000.000000000000000 ) ;
#3877 = CARTESIAN_POINT ( 'NONE',  ( -0.02499999999999724665, -10.59999999999999787, 10.45107736344326810 ) ) ;
#3878 = CARTESIAN_POINT ( 'NONE',  ( -1.449999999999999734, -10.59999999999999609, 3.290037432702604736 ) ) ;
#3879 = EDGE_LOOP ( 'NONE', ( #2349, #674, #2053, #1326 ) ) ;
#3880 = ADVANCED_FACE ( 'NONE', ( #3076 ), #619, .T. ) ;
#3881 = VECTOR ( 'NONE', #569, 1000.000000000000000 ) ;
#3882 = DIRECTION ( 'NONE',  ( 0.5000000000000013323, -0.8660254037844379305, 0.000000000000000000 ) ) ;
#3883 = LINE ( 'NONE', #2408, #3032 ) ;
#3884 = EDGE_LOOP ( 'NONE', ( #86, #968, #2566, #2420 ) ) ;
#3885 = ORIENTED_EDGE ( 'NONE', *, *, #550, .T. ) ;
#3886 = ORIENTED_EDGE ( 'NONE', *, *, #2209, .F. ) ;
#3887 = CIRCLE ( 'NONE', #3754, 0.9999999999999994449 ) ;
#3888 = VECTOR ( 'NONE', #1170, 1000.000000000000000 ) ;
#3889 = DIRECTION ( 'NONE',  ( -7.272239133662479355E-17, 0.8846265015520630159, -0.4663002817410233924 ) ) ;
#3890 = LINE ( 'NONE', #1105, #2807 ) ;
#3891 = VECTOR ( 'NONE', #1352, 1000.000000000000227 ) ;
#3892 = EDGE_CURVE ( 'NONE', #1727, #2446, #1200, .T. ) ;
#3893 = CARTESIAN_POINT ( 'NONE',  ( -16.68999999999998352, 13.37777818282680542, 13.58499106853935245 ) ) ;
#3894 = DIRECTION ( 'NONE',  ( 0.4803844614152624759, -0.8320502943378424998, -0.2773500981126162945 ) ) ;
#3895 = CIRCLE ( 'NONE', #2009, 4.087500000000000355 ) ;
#3896 = VERTEX_POINT ( 'NONE', #1585 ) ;
#3897 = ORIENTED_EDGE ( 'NONE', *, *, #3452, .F. ) ;
#3898 = CARTESIAN_POINT ( 'NONE',  ( -15.18999999999999950, -8.698799454673494580, 13.92369420613610487 ) ) ;
#3899 = CARTESIAN_POINT ( 'NONE',  ( -1.200000000000006173, -10.59999999999999787, 2.596875000000006928 ) ) ;
#3900 = ADVANCED_FACE ( 'NONE', ( #3507 ), #3179, .F. ) ;
#3901 = ORIENTED_EDGE ( 'NONE', *, *, #481, .T. ) ;
#3902 = AXIS2_PLACEMENT_3D ( 'NONE', #2271, #3760, #1919 ) ;
#3903 = LINE ( 'NONE', #1114, #709 ) ;
#3904 = CARTESIAN_POINT ( 'NONE',  ( -0.02500000000000000139, 3.750000000000000444, -4.999500000000000277 ) ) ;
#3905 = EDGE_CURVE ( 'NONE', #2912, #756, #1668, .T. ) ;
#3906 = CARTESIAN_POINT ( 'NONE',  ( -16.06867965644033447, 14.74709866693857663, 12.71263771059723879 ) ) ;
#3907 = VERTEX_POINT ( 'NONE', #3833 ) ;
#3908 = CARTESIAN_POINT ( 'NONE',  ( -30.99979317598215545, -8.351503099339767644, 17.39330971215995092 ) ) ;
#3909 = CARTESIAN_POINT ( 'NONE',  ( -1.200000000000006173, -10.59999999999999787, 2.596875000000006928 ) ) ;
#3910 = ORIENTED_EDGE ( 'NONE', *, *, #3325, .T. ) ;
#3911 = VECTOR ( 'NONE', #1572, 1000.000000000000000 ) ;
#3912 = AXIS2_PLACEMENT_3D ( 'NONE', #2398, #3351, #1803 ) ;
#3913 = CYLINDRICAL_SURFACE ( 'NONE', #1846, 0.9119999999999991447 ) ;
#3914 = DIRECTION ( 'NONE',  ( -0.000000000000000000, 1.000000000000000000, -0.000000000000000000 ) ) ;
#3915 = VERTEX_POINT ( 'NONE', #2571 ) ;
#3916 = CARTESIAN_POINT ( 'NONE',  ( -1.199999999999999067, -9.064494797382380398, 4.690625000000005151 ) ) ;
#3917 = FACE_OUTER_BOUND ( 'NONE', #3686, .T. ) ;
#3918 = ORIENTED_EDGE ( 'NONE', *, *, #2105, .T. ) ;
#3919 = EDGE_CURVE ( 'NONE', #2847, #349, #1043, .T. ) ;
#3920 = AXIS2_PLACEMENT_3D ( 'NONE', #1520, #46, #1541 ) ;
#3921 = CARTESIAN_POINT ( 'NONE',  ( -16.87470748512143004, -6.739702119875408570, -5.143284323541994496 ) ) ;
#3922 = DIRECTION ( 'NONE',  ( -0.000000000000000000, -0.1736481776669215049, -0.9848077530122095746 ) ) ;
#3923 = DIRECTION ( 'NONE',  ( -0.000000000000000000, -0.1736481776669205057, -0.9848077530122097967 ) ) ;
#3924 = VERTEX_POINT ( 'NONE', #740 ) ;
#3925 = ADVANCED_FACE ( 'NONE', ( #396 ), #2633, .F. ) ;
#3926 = EDGE_CURVE ( 'NONE', #2256, #1160, #2240, .T. ) ;
#3927 = FACE_OUTER_BOUND ( 'NONE', #3814, .T. ) ;
#3928 = CYLINDRICAL_SURFACE ( 'NONE', #1692, 1.499999999999963141 ) ;
#3929 = EDGE_LOOP ( 'NONE', ( #692, #1642, #2606, #2687 ) ) ;
#3930 = ORIENTED_EDGE ( 'NONE', *, *, #2862, .F. ) ;
#3931 = DIRECTION ( 'NONE',  ( 1.000000000000000000, 0.000000000000000000, 0.000000000000000000 ) ) ;
#3932 = LINE ( 'NONE', #2043, #2689 ) ;
#3933 = EDGE_LOOP ( 'NONE', ( #411, #1039, #3462, #1600 ) ) ;
#3934 = CARTESIAN_POINT ( 'NONE',  ( -0.5000000000000000000, -5.617478421954031020, 11.08795098915741661 ) ) ;
#3935 = CYLINDRICAL_SURFACE ( 'NONE', #3243, 0.9119999999999991447 ) ;
#3936 = AXIS2_PLACEMENT_3D ( 'NONE', #1065, #3241, #462 ) ;
#3937 = ORIENTED_EDGE ( 'NONE', *, *, #1407, .T. ) ;
#3938 = CARTESIAN_POINT ( 'NONE',  ( -3.699999999999998401, -8.300961894323346968, 0.000000000000000000 ) ) ;
#3939 = AXIS2_PLACEMENT_3D ( 'NONE', #2887, #1814, #2716 ) ;
#3940 = DIRECTION ( 'NONE',  ( 1.000000000000000000, 0.000000000000000000, 0.000000000000000000 ) ) ;
#3941 = EDGE_CURVE ( 'NONE', #1008, #1672, #1608, .T. ) ;
#3942 = DIRECTION ( 'NONE',  ( 0.000000000000000000, -0.9848077530122095746, 0.1736481776669220323 ) ) ;
#3943 = EDGE_CURVE ( 'NONE', #2605, #1517, #1953, .T. ) ;
#3944 = CARTESIAN_POINT ( 'NONE',  ( -15.85284071535762429, -10.56560923941115782, 11.14904438636273909 ) ) ;
#3945 = CARTESIAN_POINT ( 'NONE',  ( -30.99979317598215545, -8.351503099339767644, 15.89330971215998822 ) ) ;
#3946 = ORIENTED_EDGE ( 'NONE', *, *, #617, .F. ) ;
#3947 = VECTOR ( 'NONE', #1165, 1000.000000000000000 ) ;
#3948 = ORIENTED_EDGE ( 'NONE', *, *, #272, .F. ) ;
#3949 = EDGE_CURVE ( 'NONE', #233, #2542, #1973, .T. ) ;
#3950 = CARTESIAN_POINT ( 'NONE',  ( -1.562648137834733442, 0.000000000000000000, 4.481250000000006395 ) ) ;
#3951 = CARTESIAN_POINT ( 'NONE',  ( -1.196359470033343531, -11.03931828476093990, 1.757273139043760368 ) ) ;
#3952 = VECTOR ( 'NONE', #3835, 1000.000000000000114 ) ;
#3953 = CARTESIAN_POINT ( 'NONE',  ( -4.699999999999999289, -3.221548738700033443, 8.134630718347986900 ) ) ;
#3954 = CARTESIAN_POINT ( 'NONE',  ( -1.449999999999999512, -10.59999999999999609, 0.000000000000000000 ) ) ;
#3955 = VECTOR ( 'NONE', #3360, 1000.000000000000000 ) ;
#3956 = DIRECTION ( 'NONE',  ( 0.000000000000000000, 0.9848077530122095746, -0.1736481776669215049 ) ) ;
#3957 = VERTEX_POINT ( 'NONE', #1627 ) ;
#3958 = CYLINDRICAL_SURFACE ( 'NONE', #2845, 1.000000000000000444 ) ;
#3959 = CARTESIAN_POINT ( 'NONE',  ( -30.99979317598215545, -4.656658000778498341, 8.701826809569167764 ) ) ;
#3960 = DIRECTION ( 'NONE',  ( -1.000000000000000000, 1.031027462301852316E-15, -1.817979594551889569E-16 ) ) ;
#3961 =( BOUNDED_CURVE ( )  B_SPLINE_CURVE ( 3, ( #1163, #3643, #856, #2439 ),
 .UNSPECIFIED., .F., .T. ) 
 B_SPLINE_CURVE_WITH_KNOTS ( ( 4, 4 ),
 ( 1.460599916631045492, 1.570796326794896558 ),
 .UNSPECIFIED. ) 
 CURVE ( )  GEOMETRIC_REPRESENTATION_ITEM ( )  RATIONAL_B_SPLINE_CURVE ( ( 1.000000000000000000, 0.9989883185773378305, 0.9989883185773378305, 1.000000000000000000 ) ) 
 REPRESENTATION_ITEM ( '' )  );
#3962 = ADVANCED_FACE ( 'NONE', ( #2877 ), #1100, .T. ) ;
#3963 = LINE ( 'NONE', #246, #2355 ) ;
#3964 = CARTESIAN_POINT ( 'NONE',  ( -15.80186238214861483, 11.50929053509758759, 3.612634219645197931 ) ) ;
#3965 = ORIENTED_EDGE ( 'NONE', *, *, #2663, .T. ) ;
#3966 = VECTOR ( 'NONE', #3278, 1000.000000000000000 ) ;
#3967 = VERTEX_POINT ( 'NONE', #418 ) ;
#3968 = EDGE_CURVE ( 'NONE', #1019, #3924, #112, .T. ) ;
#3969 = CARTESIAN_POINT ( 'NONE',  ( -4.888125556634516755, 2.653382045604023354, -4.576670965836721727 ) ) ;
#3970 = FACE_OUTER_BOUND ( 'NONE', #3311, .T. ) ;
#3971 = CONICAL_SURFACE ( 'NONE', #850, 1.386999999999998678, 0.7853981633974695953 ) ;
#3972 = EDGE_CURVE ( 'NONE', #1547, #2523, #2262, .T. ) ;
#3973 = LINE ( 'NONE', #3339, #3947 ) ;
#3974 = AXIS2_PLACEMENT_3D ( 'NONE', #2935, #1389, #2325 ) ;
#3975 = AXIS2_PLACEMENT_3D ( 'NONE', #1302, #1554, #2212 ) ;
#3976 = PLANE ( 'NONE',  #1866 ) ;
#3977 = PLANE ( 'NONE',  #3649 ) ;
#3978 = LINE ( 'NONE', #921, #236 ) ;
#3979 = ORIENTED_EDGE ( 'NONE', *, *, #2979, .T. ) ;
#3980 = DIRECTION ( 'NONE',  ( -0.8660254037844379305, 0.000000000000000000, 0.5000000000000014433 ) ) ;
#3981 = CARTESIAN_POINT ( 'NONE',  ( -2.699999999999999289, -8.300961894323346968, 1.550000000000000933 ) ) ;
#3982 = CARTESIAN_POINT ( 'NONE',  ( -16.68999999999998707, -8.091030832839392062, 17.37052134167826623 ) ) ;
#3983 = FILL_AREA_STYLE_COLOUR ( '', #2983 ) ;
#3984 = DIRECTION ( 'NONE',  ( -1.000000000000000000, -8.220688754975634355E-17, 0.000000000000000000 ) ) ;
#3985 = ORIENTED_EDGE ( 'NONE', *, *, #2908, .T. ) ;
#3986 = ORIENTED_EDGE ( 'NONE', *, *, #1139, .T. ) ;
#3987 = CARTESIAN_POINT ( 'NONE',  ( -11.20000000000000107, -7.192045560908432833, 9.148884042972637687 ) ) ;
#3988 = PLANE ( 'NONE',  #928 ) ;
#3989 = EDGE_CURVE ( 'NONE', #3436, #2150, #2895, .T. ) ;
#3990 = CARTESIAN_POINT ( 'NONE',  ( -15.66414427155662992, -8.272722820360826290, 17.39330971215995092 ) ) ;
#3991 = DIRECTION ( 'NONE',  ( 0.000000000000000000, 0.000000000000000000, 1.000000000000000000 ) ) ;
#3992 = DIRECTION ( 'NONE',  ( 1.000000000000000000, 1.780521005910719607E-15, -8.902605029553598036E-16 ) ) ;
#3993 = CARTESIAN_POINT ( 'NONE',  ( -4.610632208772835305, -8.789773039201593363, 9.430606505215028079 ) ) ;
#3994 = ADVANCED_FACE ( 'NONE', ( #2591 ), #373, .F. ) ;
#3995 = ORIENTED_EDGE ( 'NONE', *, *, #1131, .T. ) ;
#3996 = ORIENTED_EDGE ( 'NONE', *, *, #1308, .T. ) ;
#3997 = DIRECTION ( 'NONE',  ( -0.000000000000000000, 1.000000000000000000, -0.000000000000000000 ) ) ;
#3998 = DIRECTION ( 'NONE',  ( 0.000000000000000000, 0.000000000000000000, -1.000000000000000000 ) ) ;
#3999 = ADVANCED_FACE ( 'NONE', ( #3870 ), #519, .F. ) ;
#4000 = CYLINDRICAL_SURFACE ( 'NONE', #2324, 0.7499999999999988898 ) ;
#4001 = DIRECTION ( 'NONE',  ( 0.000000000000000000, 0.000000000000000000, 1.000000000000000000 ) ) ;
#4002 = ORIENTED_EDGE ( 'NONE', *, *, #75, .F. ) ;
#4003 = EDGE_LOOP ( 'NONE', ( #2586, #1903, #1384, #1364 ) ) ;
#4004 = VERTEX_POINT ( 'NONE', #3854 ) ;
#4005 = LINE ( 'NONE', #895, #2830 ) ;
#4006 = CARTESIAN_POINT ( 'NONE',  ( -17.14800787051146358, -5.299999999999998046, -6.499500000000000277 ) ) ;
#4007 = FACE_OUTER_BOUND ( 'NONE', #3607, .T. ) ;
#4008 = CIRCLE ( 'NONE', #2260, 0.8870000000000015650 ) ;
#4009 = DIRECTION ( 'NONE',  ( -0.5000000000000014433, 0.000000000000000000, -0.8660254037844379305 ) ) ;
#4010 = CARTESIAN_POINT ( 'NONE',  ( -3.229795932116296342, -9.391613231000986772, -4.875841625572942206 ) ) ;
#4011 = CARTESIAN_POINT ( 'NONE',  ( -11.20000000000000107, -7.043579131712565555, 12.87026424526676394 ) ) ;
#4012 = ORIENTED_EDGE ( 'NONE', *, *, #3149, .T. ) ;
#4013 = ORIENTED_EDGE ( 'NONE', *, *, #1287, .T. ) ;
#4014 = LINE ( 'NONE', #1513, #2453 ) ;
#4015 = VECTOR ( 'NONE', #720, 1000.000000000000000 ) ;
#4016 = ADVANCED_FACE ( 'NONE', ( #1997 ), #3240, .T. ) ;
#4017 = CARTESIAN_POINT ( 'NONE',  ( -2.219514309362145887, -9.267162119033486078, 4.650000000000001243 ) ) ;
#4018 = CIRCLE ( 'NONE', #320, 1.499999999999999778 ) ;
#4019 = DIRECTION ( 'NONE',  ( -5.869539897457457656E-16, 0.7760019221167038239, 0.6307305422057671862 ) ) ;
#4020 = EDGE_CURVE ( 'NONE', #145, #32, #2299, .T. ) ;
#4021 = LINE ( 'NONE', #408, #2613 ) ;
#4022 = DIRECTION ( 'NONE',  ( -0.9642528835091344064, -0.2649837290180662719, 0.000000000000000000 ) ) ;
#4023 = ORIENTED_EDGE ( 'NONE', *, *, #2733, .F. ) ;
#4024 = ORIENTED_EDGE ( 'NONE', *, *, #3715, .T. ) ;
#4025 = ORIENTED_EDGE ( 'NONE', *, *, #592, .T. ) ;
#4026 = DIRECTION ( 'NONE',  ( 1.000000000000000000, -0.000000000000000000, -0.000000000000000000 ) ) ;
ENDSEC;
END-ISO-10303-21;
