ISO-10303-21;
HEADER;
FILE_DESCRIPTION (( 'STEP AP214' ),
    '1' );
FILE_NAME ('4_cable_guide_split_collet.STEP',
    '2025-09-03T21:07:05',
    ( '' ),
    ( '' ),
    'SwSTEP 2.0',
    'SolidWorks 2022',
    '' );
FILE_SCHEMA (( 'AUTOMOTIVE_DESIGN' ));
ENDSEC;

DATA;
#1 = ORIENTED_EDGE ( 'NONE', *, *, #331, .T. ) ;
#2 = PLANE ( 'NONE',  #178 ) ;
#3 = CARTESIAN_POINT ( 'NONE',  ( -7.326124999999994891, -4.968750000000073719, -0.1269999999999986418 ) ) ;
#4 = EDGE_LOOP ( 'NONE', ( #1017, #527, #1313, #1224 ) ) ;
#5 = ORIENTED_EDGE ( 'NONE', *, *, #790, .F. ) ;
#6 = DIRECTION ( 'NONE',  ( -1.000000000000000000, -7.499885326315634882E-17, 0.000000000000000000 ) ) ;
#7 = DIRECTION ( 'NONE',  ( -1.000000000000000000, -9.320979865042502322E-17, 0.000000000000000000 ) ) ;
#8 = EDGE_CURVE ( 'NONE', #1953, #1982, #975, .T. ) ;
#9 = ORIENTED_EDGE ( 'NONE', *, *, #1348, .T. ) ;
#10 = LINE ( 'NONE', #2103, #1424 ) ;
#11 = CARTESIAN_POINT ( 'NONE',  ( 4.326125000000002885, -4.968750000000070166, 3.000000000000000000 ) ) ;
#12 = ADVANCED_FACE ( 'NONE', ( #2415 ), #371, .T. ) ;
#13 = VERTEX_POINT ( 'NONE', #2132 ) ;
#14 = CARTESIAN_POINT ( 'NONE',  ( -4.826124999999997556, -0.7395833333334010939, 3.500000000000000000 ) ) ;
#15 = CARTESIAN_POINT ( 'NONE',  ( 6.826124999999994891, -0.9895833333333943216, 3.000000000000000000 ) ) ;
#16 = ORIENTED_EDGE ( 'NONE', *, *, #1478, .F. ) ;
#17 = VECTOR ( 'NONE', #109, 1000.000000000000000 ) ;
#18 = VERTEX_POINT ( 'NONE', #1548 ) ;
#19 = CARTESIAN_POINT ( 'NONE',  ( 6.826124999999996668, -1.489583333333401649, 3.500000000000000000 ) ) ;
#20 = VECTOR ( 'NONE', #737, 1000.000000000000000 ) ;
#21 = CARTESIAN_POINT ( 'NONE',  ( 4.326125000000001108, -1.489583333333398318, 3.000000000000000000 ) ) ;
#22 = VERTEX_POINT ( 'NONE', #1597 ) ;
#23 = LINE ( 'NONE', #1347, #1111 ) ;
#24 = VECTOR ( 'NONE', #643, 1000.000000000000000 ) ;
#25 = PRODUCT_DEFINITION ( 'UNKNOWN', '', #815, #1308 ) ;
#26 = CARTESIAN_POINT ( 'NONE',  ( 8.673617379884035472E-16, -4.968750000000076383, 0.000000000000000000 ) ) ;
#27 = VECTOR ( 'NONE', #1561, 1000.000000000000000 ) ;
#28 = VECTOR ( 'NONE', #824, 1000.000000000000000 ) ;
#29 = VECTOR ( 'NONE', #1505, 1000.000000000000000 ) ;
#30 = EDGE_CURVE ( 'NONE', #328, #2011, #98, .T. ) ;
#31 = CARTESIAN_POINT ( 'NONE',  ( 12.06433156043052257, 4.468749999999965361, -0.1269999999999986418 ) ) ;
#32 = FACE_OUTER_BOUND ( 'NONE', #2008, .T. ) ;
#33 = EDGE_LOOP ( 'NONE', ( #878, #1483, #629, #754 ) ) ;
#34 = ORIENTED_EDGE ( 'NONE', *, *, #2324, .F. ) ;
#35 = FACE_OUTER_BOUND ( 'NONE', #593, .T. ) ;
#36 = CARTESIAN_POINT ( 'NONE',  ( -11.56430265947757263, 6.968749999999964473, -0.1269999999999985862 ) ) ;
#37 = ORIENTED_EDGE ( 'NONE', *, *, #385, .F. ) ;
#38 = CARTESIAN_POINT ( 'NONE',  ( -9.270999999999997243, -4.968750000000077272, 0.000000000000000000 ) ) ;
#39 = CARTESIAN_POINT ( 'NONE',  ( 4.826125000000001108, -1.489583333333398318, 3.000000000000000000 ) ) ;
#40 = EDGE_CURVE ( 'NONE', #2270, #2220, #2118, .T. ) ;
#41 = DIRECTION ( 'NONE',  ( 1.000000000000000000, 0.000000000000000000, 0.000000000000000000 ) ) ;
#42 = EDGE_LOOP ( 'NONE', ( #2108, #860, #539, #413, #2278, #1789 ) ) ;
#43 = EDGE_CURVE ( 'NONE', #1256, #816, #2292, .T. ) ;
#44 = VERTEX_POINT ( 'NONE', #431 ) ;
#45 = CARTESIAN_POINT ( 'NONE',  ( -11.56430265947757263, 6.968749999999964473, -0.1269999999999985862 ) ) ;
#46 = CARTESIAN_POINT ( 'NONE',  ( -4.826124999999997556, 2.989583333333286852, -0.1269999999999986418 ) ) ;
#47 = ORIENTED_EDGE ( 'NONE', *, *, #1184, .F. ) ;
#48 = DIRECTION ( 'NONE',  ( 0.000000000000000000, 0.000000000000000000, -1.000000000000000000 ) ) ;
#49 = DIRECTION ( 'NONE',  ( 1.000000000000000000, 1.034350389723648184E-16, 0.000000000000000000 ) ) ;
#50 = ORIENTED_EDGE ( 'NONE', *, *, #1894, .F. ) ;
#51 = EDGE_CURVE ( 'NONE', #835, #514, #683, .T. ) ;
#52 = CARTESIAN_POINT ( 'NONE',  ( -6.826124999999990450, 2.739583333333286408, 3.500000000000000000 ) ) ;
#53 = CARTESIAN_POINT ( 'NONE',  ( -9.524153295700356736, 6.968749999999963585, -0.1269999999999986418 ) ) ;
#54 = EDGE_CURVE ( 'NONE', #2147, #589, #853, .T. ) ;
#55 = DIRECTION ( 'NONE',  ( 0.000000000000000000, -0.000000000000000000, -1.000000000000000000 ) ) ;
#56 = ORIENTED_EDGE ( 'NONE', *, *, #1148, .F. ) ;
#57 = DIRECTION ( 'NONE',  ( 0.000000000000000000, 0.000000000000000000, -1.000000000000000000 ) ) ;
#58 = AXIS2_PLACEMENT_3D ( 'NONE', #1783, #1957, #1396 ) ;
#59 = DIRECTION ( 'NONE',  ( -1.000000000000000000, 0.000000000000000000, 0.000000000000000000 ) ) ;
#60 = CIRCLE ( 'NONE', #1901, 0.4999999999999995559 ) ;
#61 = CIRCLE ( 'NONE', #373, 12.06499999999999950 ) ;
#62 = CIRCLE ( 'NONE', #1937, 9.305478077915024571 ) ;
#63 = ORIENTED_EDGE ( 'NONE', *, *, #2382, .T. ) ;
#64 = LINE ( 'NONE', #994, #137 ) ;
#65 = PLANE ( 'NONE',  #252 ) ;
#66 = MECHANICAL_DESIGN_GEOMETRIC_PRESENTATION_REPRESENTATION (  '', ( #735 ), #2100 ) ;
#67 = CARTESIAN_POINT ( 'NONE',  ( 2.377860921605803757, -4.968750000000077272, 0.1269999999999985862 ) ) ;
#68 = ADVANCED_FACE ( 'NONE', ( #2302 ), #1385, .F. ) ;
#69 = VERTEX_POINT ( 'NONE', #257 ) ;
#70 = DIRECTION ( 'NONE',  ( -1.000000000000000000, 0.000000000000000000, 0.000000000000000000 ) ) ;
#71 = DIRECTION ( 'NONE',  ( 0.000000000000000000, 0.000000000000000000, -1.000000000000000000 ) ) ;
#72 = DIRECTION ( 'NONE',  ( 1.000000000000000000, 1.034350389723648184E-16, 0.000000000000000000 ) ) ;
#73 = VERTEX_POINT ( 'NONE', #277 ) ;
#74 = LINE ( 'NONE', #1570, #1512 ) ;
#75 = CARTESIAN_POINT ( 'NONE',  ( 4.826125000000001108, -1.489583333333398318, 0.1269999999999986418 ) ) ;
#76 = DIRECTION ( 'NONE',  ( -0.000000000000000000, 0.000000000000000000, 1.000000000000000000 ) ) ;
#77 = VERTEX_POINT ( 'NONE', #2109 ) ;
#78 = FACE_OUTER_BOUND ( 'NONE', #1906, .T. ) ;
#79 = EDGE_CURVE ( 'NONE', #1599, #1497, #456, .T. ) ;
#80 = DIRECTION ( 'NONE',  ( -1.034350389723648184E-16, 1.000000000000000000, -0.000000000000000000 ) ) ;
#81 = DIRECTION ( 'NONE',  ( -1.034350389723648184E-16, 1.000000000000000000, -0.000000000000000000 ) ) ;
#82 = EDGE_CURVE ( 'NONE', #2069, #885, #444, .T. ) ;
#83 = ORIENTED_EDGE ( 'NONE', *, *, #1249, .F. ) ;
#84 = DIRECTION ( 'NONE',  ( -1.000000000000000000, -0.000000000000000000, -0.000000000000000000 ) ) ;
#85 = LINE ( 'NONE', #1571, #1469 ) ;
#86 = ORIENTED_EDGE ( 'NONE', *, *, #1506, .T. ) ;
#87 = CARTESIAN_POINT ( 'NONE',  ( 6.826124999999996668, -1.489583333333401649, 3.500000000000000000 ) ) ;
#88 = VERTEX_POINT ( 'NONE', #1410 ) ;
#89 = DIRECTION ( 'NONE',  ( 0.000000000000000000, 0.000000000000000000, 1.000000000000000000 ) ) ;
#90 = PLANE ( 'NONE',  #1782 ) ;
#91 = DIRECTION ( 'NONE',  ( -1.000000000000000000, 0.000000000000000000, 0.000000000000000000 ) ) ;
#92 = AXIS2_PLACEMENT_3D ( 'NONE', #1665, #154, #2002 ) ;
#93 = AXIS2_PLACEMENT_3D ( 'NONE', #2049, #2293, #238 ) ;
#94 = EDGE_CURVE ( 'NONE', #1487, #1337, #817, .T. ) ;
#95 = CIRCLE ( 'NONE', #415, 9.524999999999998579 ) ;
#96 = ORIENTED_EDGE ( 'NONE', *, *, #2349, .F. ) ;
#97 = CIRCLE ( 'NONE', #2019, 0.5000000000000022204 ) ;
#98 = LINE ( 'NONE', #836, #2126 ) ;
#99 = DIRECTION ( 'NONE',  ( 0.000000000000000000, 0.000000000000000000, -1.000000000000000000 ) ) ;
#100 = CIRCLE ( 'NONE', #2328, 8.770999999999997243 ) ;
#101 = CARTESIAN_POINT ( 'NONE',  ( -12.06499999999999950, -4.968750000000077272, -0.1269999999999986418 ) ) ;
#102 = ORIENTED_EDGE ( 'NONE', *, *, #1446, .F. ) ;
#103 = LINE ( 'NONE', #1603, #1970 ) ;
#104 = CYLINDRICAL_SURFACE ( 'NONE', #1324, 0.5000000000000022204 ) ;
#105 = CARTESIAN_POINT ( 'NONE',  ( -9.524153295700356736, 6.968749999999963585, 0.1269999999999986418 ) ) ;
#106 = VERTEX_POINT ( 'NONE', #1373 ) ;
#107 = EDGE_CURVE ( 'NONE', #1890, #1090, #64, .T. ) ;
#108 = EDGE_CURVE ( 'NONE', #1053, #1216, #74, .T. ) ;
#109 = DIRECTION ( 'NONE',  ( 0.000000000000000000, 0.000000000000000000, -1.000000000000000000 ) ) ;
#110 = CARTESIAN_POINT ( 'NONE',  ( 7.576124999999988674, 6.968749999999964473, 0.1269999999999986418 ) ) ;
#111 = VERTEX_POINT ( 'NONE', #1177 ) ;
#112 = ADVANCED_FACE ( 'NONE', ( #1959 ), #2167, .T. ) ;
#113 =( LENGTH_UNIT ( ) NAMED_UNIT ( * ) SI_UNIT ( .MILLI., .METRE. ) );
#114 = ORIENTED_EDGE ( 'NONE', *, *, #204, .F. ) ;
#115 = CARTESIAN_POINT ( 'NONE',  ( -12.06499999999999950, -4.968750000000077272, 0.1269999999999986418 ) ) ;
#116 = CARTESIAN_POINT ( 'NONE',  ( -6.826124999999993115, -1.489583333333398318, 3.000000000000000000 ) ) ;
#117 = CARTESIAN_POINT ( 'NONE',  ( 4.826125000000001108, -0.7395833333333976523, 3.500000000000000000 ) ) ;
#118 = VERTEX_POINT ( 'NONE', #476 ) ;
#119 = DIRECTION ( 'NONE',  ( -1.000000000000000000, -0.000000000000000000, -0.000000000000000000 ) ) ;
#120 = CARTESIAN_POINT ( 'NONE',  ( -9.359518277251570595, -3.583186476157004918, -0.1269999999999986418 ) ) ;
#121 = ORIENTED_EDGE ( 'NONE', *, *, #756, .T. ) ;
#122 = ORIENTED_EDGE ( 'NONE', *, *, #1981, .F. ) ;
#123 = CARTESIAN_POINT ( 'NONE',  ( 6.826124999999994891, -0.9895833333333943216, 3.000000000000000000 ) ) ;
#124 = EDGE_CURVE ( 'NONE', #712, #22, #2092, .T. ) ;
#125 = CARTESIAN_POINT ( 'NONE',  ( 8.673617379884035472E-16, -4.968750000000077272, 0.000000000000000000 ) ) ;
#126 = ORIENTED_EDGE ( 'NONE', *, *, #1358, .T. ) ;
#127 = LINE ( 'NONE', #879, #1706 ) ;
#128 = FACE_OUTER_BOUND ( 'NONE', #2205, .T. ) ;
#129 = VECTOR ( 'NONE', #1710, 1000.000000000000000 ) ;
#130 = VERTEX_POINT ( 'NONE', #1028 ) ;
#131 = VECTOR ( 'NONE', #578, 1000.000000000000000 ) ;
#132 = VECTOR ( 'NONE', #1549, 1000.000000000000000 ) ;
#133 = CARTESIAN_POINT ( 'NONE',  ( 4.326125000000003773, -4.968750000000069278, -0.1269999999999986418 ) ) ;
#134 = DIRECTION ( 'NONE',  ( 0.000000000000000000, 0.000000000000000000, -1.000000000000000000 ) ) ;
#135 = ORIENTED_EDGE ( 'NONE', *, *, #909, .T. ) ;
#136 = CIRCLE ( 'NONE', #573, 11.56500000000000483 ) ;
#137 = VECTOR ( 'NONE', #1008, 1000.000000000000000 ) ;
#138 = ORIENTED_EDGE ( 'NONE', *, *, #469, .T. ) ;
#139 = LINE ( 'NONE', #1284, #1900 ) ;
#140 = CIRCLE ( 'NONE', #417, 0.5000000000000022204 ) ;
#141 = DIRECTION ( 'NONE',  ( 0.000000000000000000, 0.000000000000000000, 1.000000000000000000 ) ) ;
#142 = CIRCLE ( 'NONE', #732, 2.381250000000000089 ) ;
#143 = EDGE_CURVE ( 'NONE', #1244, #1201, #245, .T. ) ;
#144 = ORIENTED_EDGE ( 'NONE', *, *, #594, .T. ) ;
#145 = CARTESIAN_POINT ( 'NONE',  ( -6.826124999999993115, 3.489583333333289072, 3.000000000000000000 ) ) ;
#146 = CARTESIAN_POINT ( 'NONE',  ( -4.076124999999994891, 3.489583333333289072, 3.500000000000000000 ) ) ;
#147 = ORIENTED_EDGE ( 'NONE', *, *, #1811, .T. ) ;
#148 = LINE ( 'NONE', #1050, #253 ) ;
#149 = ORIENTED_EDGE ( 'NONE', *, *, #2041, .F. ) ;
#150 = ORIENTED_EDGE ( 'NONE', *, *, #790, .T. ) ;
#151 = DIRECTION ( 'NONE',  ( 1.000000000000000000, 0.000000000000000000, 0.000000000000000000 ) ) ;
#152 = CARTESIAN_POINT ( 'NONE',  ( -4.826124999999997556, -0.9895833333333960979, 3.000000000000000000 ) ) ;
#153 = ORIENTED_EDGE ( 'NONE', *, *, #1249, .T. ) ;
#154 = DIRECTION ( 'NONE',  ( 0.000000000000000000, -1.000000000000000000, -0.000000000000000000 ) ) ;
#155 = EDGE_CURVE ( 'NONE', #963, #961, #267, .T. ) ;
#156 = CARTESIAN_POINT ( 'NONE',  ( -2.377860921605801980, -4.968750000000077272, 0.1269999999999985862 ) ) ;
#157 = EDGE_CURVE ( 'NONE', #1027, #2248, #1399, .T. ) ;
#158 = ORIENTED_EDGE ( 'NONE', *, *, #2320, .F. ) ;
#159 = CARTESIAN_POINT ( 'NONE',  ( 11.56430265947756908, 3.968749999999967137, -0.1269999999999986418 ) ) ;
#160 = CARTESIAN_POINT ( 'NONE',  ( -9.126434937755988130, -4.612431787086590518, -0.1269999999999986418 ) ) ;
#161 = ORIENTED_EDGE ( 'NONE', *, *, #223, .T. ) ;
#162 = ORIENTED_EDGE ( 'NONE', *, *, #233, .T. ) ;
#163 = CARTESIAN_POINT ( 'NONE',  ( -12.06499999999999950, -4.968750000000077272, -0.1269999999999986418 ) ) ;
#164 = CYLINDRICAL_SURFACE ( 'NONE', #2097, 0.5000000000000029976 ) ;
#165 = ORIENTED_EDGE ( 'NONE', *, *, #1461, .F. ) ;
#166 = DIRECTION ( 'NONE',  ( -0.000000000000000000, 0.000000000000000000, 1.000000000000000000 ) ) ;
#167 = LINE ( 'NONE', #2185, #1592 ) ;
#168 = ORIENTED_EDGE ( 'NONE', *, *, #957, .T. ) ;
#169 = ADVANCED_FACE ( 'NONE', ( #725 ), #1794, .T. ) ;
#170 = DIRECTION ( 'NONE',  ( 4.986031547717759140E-16, 1.000000000000000000, 0.000000000000000000 ) ) ;
#171 = CARTESIAN_POINT ( 'NONE',  ( -12.06499999999999950, -4.968750000000077272, 0.1269999999999986418 ) ) ;
#172 = CIRCLE ( 'NONE', #1582, 0.7499999999999997780 ) ;
#173 = ORIENTED_EDGE ( 'NONE', *, *, #94, .F. ) ;
#174 = VECTOR ( 'NONE', #1106, 1000.000000000000000 ) ;
#175 = ORIENTED_EDGE ( 'NONE', *, *, #513, .T. ) ;
#176 = CARTESIAN_POINT ( 'NONE',  ( 6.826124999999994891, 2.989583333333285076, 3.000000000000000000 ) ) ;
#177 = AXIS2_PLACEMENT_3D ( 'NONE', #964, #1716, #1725 ) ;
#178 = AXIS2_PLACEMENT_3D ( 'NONE', #1511, #583, #1752 ) ;
#179 = DIRECTION ( 'NONE',  ( 1.000000000000000000, 0.000000000000000000, -0.000000000000000000 ) ) ;
#180 = EDGE_LOOP ( 'NONE', ( #606, #261, #775, #1075 ) ) ;
#181 = FACE_OUTER_BOUND ( 'NONE', #2036, .T. ) ;
#182 = VECTOR ( 'NONE', #2340, 1000.000000000000000 ) ;
#183 = CARTESIAN_POINT ( 'NONE',  ( 11.89765545973929228, 4.302083133697544248, -0.1269999999999986418 ) ) ;
#184 = PRODUCT_DEFINITION_SHAPE ( 'NONE', 'NONE',  #25 ) ;
#185 = VERTEX_POINT ( 'NONE', #1635 ) ;
#186 = LINE ( 'NONE', #251, #1711 ) ;
#187 = CARTESIAN_POINT ( 'NONE',  ( -9.304611397503771641, -4.434271922085065043, -0.1269999999999986418 ) ) ;
#188 = ORIENTED_EDGE ( 'NONE', *, *, #285, .F. ) ;
#189 = EDGE_CURVE ( 'NONE', #408, #501, #1741, .T. ) ;
#190 = VERTEX_POINT ( 'NONE', #1825 ) ;
#191 = DIRECTION ( 'NONE',  ( -1.034350389723648184E-16, 1.000000000000000000, -0.000000000000000000 ) ) ;
#192 = ADVANCED_FACE ( 'NONE', ( #490 ), #1473, .T. ) ;
#193 = CARTESIAN_POINT ( 'NONE',  ( 9.524153295700356736, -1.031250000000034639, 0.1269999999999986418 ) ) ;
#194 = EDGE_LOOP ( 'NONE', ( #1880, #364, #626, #248 ) ) ;
#195 = DIRECTION ( 'NONE',  ( 0.000000000000000000, -0.000000000000000000, -1.000000000000000000 ) ) ;
#196 = CARTESIAN_POINT ( 'NONE',  ( -2.381250000000000533, 6.968749999999965361, 3.500000000000000000 ) ) ;
#197 = VERTEX_POINT ( 'NONE', #1658 ) ;
#198 = CARTESIAN_POINT ( 'NONE',  ( 2.377860921605802869, 6.968749999999964473, 0.1269999999999986418 ) ) ;
#199 = CARTESIAN_POINT ( 'NONE',  ( 4.600862720347126097E-16, -1.031250000000033973, 0.000000000000000000 ) ) ;
#200 = ORIENTED_EDGE ( 'NONE', *, *, #2107, .T. ) ;
#201 = EDGE_LOOP ( 'NONE', ( #505, #999, #1916, #5, #1342, #1863 ) ) ;
#202 = CYLINDRICAL_SURFACE ( 'NONE', #2359, 0.7500000000000067724 ) ;
#203 = CARTESIAN_POINT ( 'NONE',  ( -6.826124999999993115, -0.9895833333333943216, 3.000000000000000000 ) ) ;
#204 = EDGE_CURVE ( 'NONE', #1201, #1241, #148, .T. ) ;
#205 = ORIENTED_EDGE ( 'NONE', *, *, #941, .F. ) ;
#206 = DIRECTION ( 'NONE',  ( 0.000000000000000000, 0.000000000000000000, -1.000000000000000000 ) ) ;
#207 = CARTESIAN_POINT ( 'NONE',  ( -4.826124999999997556, -1.489583333333398318, 3.500000000000000000 ) ) ;
#208 = LINE ( 'NONE', #959, #129 ) ;
#209 = LINE ( 'NONE', #555, #2403 ) ;
#210 = ORIENTED_EDGE ( 'NONE', *, *, #2417, .F. ) ;
#211 = AXIS2_PLACEMENT_3D ( 'NONE', #1492, #1310, #350 ) ;
#212 = EDGE_LOOP ( 'NONE', ( #1113, #916, #461, #2122 ) ) ;
#213 = DIRECTION ( 'NONE',  ( -1.000000000000000000, 0.000000000000000000, 0.000000000000000000 ) ) ;
#214 = LINE ( 'NONE', #1519, #615 ) ;
#215 = EDGE_LOOP ( 'NONE', ( #2087, #56, #829, #1975 ) ) ;
#216 = FACE_OUTER_BOUND ( 'NONE', #512, .T. ) ;
#217 = AXIS2_PLACEMENT_3D ( 'NONE', #1829, #889, #151 ) ;
#218 = EDGE_CURVE ( 'NONE', #1044, #294, #1836, .T. ) ;
#219 = LINE ( 'NONE', #971, #1037 ) ;
#220 = AXIS2_PLACEMENT_3D ( 'NONE', #1533, #2276, #602 ) ;
#221 = AXIS2_PLACEMENT_3D ( 'NONE', #382, #1695, #1877 ) ;
#222 = AXIS2_PLACEMENT_3D ( 'NONE', #1119, #1340, #584 ) ;
#223 = EDGE_CURVE ( 'NONE', #111, #475, #311, .T. ) ;
#224 = COLOUR_RGB ( '',0.3843137254901960453, 0.3843137254901960453, 0.3843137254901960453 ) ;
#225 = B_SPLINE_CURVE_WITH_KNOTS ( 'NONE', 3,
 ( #1055, #1801, #1625, #1136 ),
 .UNSPECIFIED., .F., .F.,
 ( 4, 4 ),
 ( 0.04131677207939980778, 0.04207927912503839352 ),
 .UNSPECIFIED. ) ;
#226 = VERTEX_POINT ( 'NONE', #159 ) ;
#227 = ORIENTED_EDGE ( 'NONE', *, *, #1850, .F. ) ;
#228 = LINE ( 'NONE', #409, #132 ) ;
#229 = LINE ( 'NONE', #1679, #2291 ) ;
#230 = ORIENTED_EDGE ( 'NONE', *, *, #1797, .F. ) ;
#231 = DIRECTION ( 'NONE',  ( -1.000000000000000000, -7.189073667537534461E-17, 0.000000000000000000 ) ) ;
#232 = CARTESIAN_POINT ( 'NONE',  ( -4.826124999999997556, 3.489583333333289072, 3.000000000000000000 ) ) ;
#233 = EDGE_CURVE ( 'NONE', #820, #1545, #1278, .T. ) ;
#234 = EDGE_CURVE ( 'NONE', #1890, #2376, #1421, .T. ) ;
#235 = DIRECTION ( 'NONE',  ( 0.000000000000000000, 0.000000000000000000, -1.000000000000000000 ) ) ;
#236 = ORIENTED_EDGE ( 'NONE', *, *, #2280, .F. ) ;
#237 = DIRECTION ( 'NONE',  ( -1.034350389723648184E-16, 1.000000000000000000, -0.000000000000000000 ) ) ;
#238 = DIRECTION ( 'NONE',  ( -1.000000000000000000, -9.106159978880878627E-17, 0.000000000000000000 ) ) ;
#239 = PLANE ( 'NONE',  #1123 ) ;
#240 = VERTEX_POINT ( 'NONE', #1060 ) ;
#241 = DIRECTION ( 'NONE',  ( -0.000000000000000000, 1.000000000000000000, 0.000000000000000000 ) ) ;
#242 = DIRECTION ( 'NONE',  ( 0.000000000000000000, 0.000000000000000000, 1.000000000000000000 ) ) ;
#243 = ORIENTED_EDGE ( 'NONE', *, *, #43, .F. ) ;
#244 = EDGE_CURVE ( 'NONE', #1248, #1545, #1806, .T. ) ;
#245 = LINE ( 'NONE', #985, #641 ) ;
#246 = DIRECTION ( 'NONE',  ( 0.000000000000000000, 0.000000000000000000, -1.000000000000000000 ) ) ;
#247 = LINE ( 'NONE', #2121, #930 ) ;
#248 = ORIENTED_EDGE ( 'NONE', *, *, #1613, .T. ) ;
#249 = CARTESIAN_POINT ( 'NONE',  ( -4.826124999999997556, -1.489583333333398318, 3.000000000000000000 ) ) ;
#250 = CARTESIAN_POINT ( 'NONE',  ( 7.576125000000002885, -4.968750000000075495, 3.500000000000000000 ) ) ;
#251 = CARTESIAN_POINT ( 'NONE',  ( -6.826124999999991338, 2.989583333333287740, 3.000000000000000000 ) ) ;
#252 = AXIS2_PLACEMENT_3D ( 'NONE', #818, #1374, #2120 ) ;
#253 = VECTOR ( 'NONE', #119, 1000.000000000000000 ) ;
#254 = VECTOR ( 'NONE', #273, 1000.000000000000000 ) ;
#255 = VERTEX_POINT ( 'NONE', #686 ) ;
#256 = VECTOR ( 'NONE', #2304, 1000.000000000000000 ) ;
#257 = CARTESIAN_POINT ( 'NONE',  ( 7.576124999999994003, 3.489583333333285520, 0.1269999999999986418 ) ) ;
#258 = DIRECTION ( 'NONE',  ( -1.000000000000000000, -0.000000000000000000, -0.000000000000000000 ) ) ;
#259 = EDGE_CURVE ( 'NONE', #1216, #835, #2218, .T. ) ;
#260 = DIRECTION ( 'NONE',  ( -0.000000000000000000, 0.000000000000000000, 1.000000000000000000 ) ) ;
#261 = ORIENTED_EDGE ( 'NONE', *, *, #351, .F. ) ;
#262 = CARTESIAN_POINT ( 'NONE',  ( 4.826125000000001108, -0.7395833333333976523, 0.1269999999999986418 ) ) ;
#263 = EDGE_CURVE ( 'NONE', #925, #118, #2006, .T. ) ;
#264 = CARTESIAN_POINT ( 'NONE',  ( 7.326125000000002885, -4.968750000000070166, 3.000000000000000000 ) ) ;
#265 = DIRECTION ( 'NONE',  ( 0.000000000000000000, 0.000000000000000000, -1.000000000000000000 ) ) ;
#266 = ORIENTED_EDGE ( 'NONE', *, *, #1731, .T. ) ;
#267 = LINE ( 'NONE', #52, #1393 ) ;
#268 = CARTESIAN_POINT ( 'NONE',  ( 2.377860921605803757, -4.968750000000077272, -0.1269999999999985862 ) ) ;
#269 = DIRECTION ( 'NONE',  ( 1.034350389723648184E-16, -1.000000000000000000, 0.000000000000000000 ) ) ;
#270 = EDGE_CURVE ( 'NONE', #1487, #2117, #1647, .T. ) ;
#271 = ORIENTED_EDGE ( 'NONE', *, *, #440, .F. ) ;
#272 = DIRECTION ( 'NONE',  ( 0.000000000000000000, -0.000000000000000000, 1.000000000000000000 ) ) ;
#273 = DIRECTION ( 'NONE',  ( 1.000000000000000000, 0.000000000000000000, 0.000000000000000000 ) ) ;
#274 = EDGE_CURVE ( 'NONE', #18, #2152, #884, .T. ) ;
#275 = DIRECTION ( 'NONE',  ( -1.000000000000000000, -7.189073667537534461E-17, 0.000000000000000000 ) ) ;
#276 = ORIENTED_EDGE ( 'NONE', *, *, #1578, .F. ) ;
#277 = CARTESIAN_POINT ( 'NONE',  ( 4.076125000000002885, -4.968750000000075495, 3.500000000000000000 ) ) ;
#278 = DIRECTION ( 'NONE',  ( 0.000000000000000000, 0.000000000000000000, -1.000000000000000000 ) ) ;
#279 = CARTESIAN_POINT ( 'NONE',  ( -4.076124999999995779, -1.489583333333398318, 3.500000000000000000 ) ) ;
#280 = EDGE_LOOP ( 'NONE', ( #1879, #1501, #954, #736, #2383, #2072, #662, #344, #1287, #356, #102, #1168 ) ) ;
#281 = CARTESIAN_POINT ( 'NONE',  ( -12.06499999999999950, 2.739583333333288184, 0.1269999999999986418 ) ) ;
#282 = DIRECTION ( 'NONE',  ( 0.000000000000000000, 0.000000000000000000, -1.000000000000000000 ) ) ;
#283 = FACE_OUTER_BOUND ( 'NONE', #4, .T. ) ;
#284 = AXIS2_PLACEMENT_3D ( 'NONE', #1681, #718, #1466 ) ;
#285 = EDGE_CURVE ( 'NONE', #712, #1785, #62, .T. ) ;
#286 = AXIS2_PLACEMENT_3D ( 'NONE', #1790, #1377, #1228 ) ;
#287 = VECTOR ( 'NONE', #41, 1000.000000000000000 ) ;
#288 = ADVANCED_FACE ( 'NONE', ( #1607 ), #958, .T. ) ;
#289 = VERTEX_POINT ( 'NONE', #1618 ) ;
#290 = AXIS2_PLACEMENT_3D ( 'NONE', #1655, #1258, #1667 ) ;
#291 = DIRECTION ( 'NONE',  ( -1.034350389723649663E-16, 1.000000000000000000, -0.000000000000000000 ) ) ;
#292 = CARTESIAN_POINT ( 'NONE',  ( 4.326125000000002885, -4.968750000000070166, 3.000000000000000000 ) ) ;
#293 = AXIS2_PLACEMENT_3D ( 'NONE', #359, #534, #306 ) ;
#294 = VERTEX_POINT ( 'NONE', #1459 ) ;
#295 = DIRECTION ( 'NONE',  ( 1.000000000000000000, 0.000000000000000000, -0.000000000000000000 ) ) ;
#296 = LINE ( 'NONE', #472, #1631 ) ;
#297 = CARTESIAN_POINT ( 'NONE',  ( 9.359518277251570595, -3.583186476157002698, 0.1269999999999986418 ) ) ;
#298 = EDGE_CURVE ( 'NONE', #197, #1599, #2131, .T. ) ;
#299 = EDGE_CURVE ( 'NONE', #1638, #2373, #1232, .T. ) ;
#300 = CARTESIAN_POINT ( 'NONE',  ( 4.076125000000001108, 7.218749999999969802, 3.500000000000000000 ) ) ;
#301 = B_SPLINE_CURVE_WITH_KNOTS ( 'NONE', 3,
 ( #1733, #1134, #596, #1343 ),
 .UNSPECIFIED., .F., .F.,
 ( 4, 4 ),
 ( 0.05376560631040841476, 0.05447367259984436938 ),
 .UNSPECIFIED. ) ;
#302 = SURFACE_STYLE_USAGE ( .BOTH. , #1078 ) ;
#303 =( NAMED_UNIT ( * ) PLANE_ANGLE_UNIT ( ) SI_UNIT ( $, .RADIAN. ) );
#304 = ORIENTED_EDGE ( 'NONE', *, *, #1144, .F. ) ;
#305 = FACE_OUTER_BOUND ( 'NONE', #1440, .T. ) ;
#306 = DIRECTION ( 'NONE',  ( -1.000000000000000000, 0.000000000000000000, 0.000000000000000000 ) ) ;
#307 = EDGE_LOOP ( 'NONE', ( #968, #825, #1276, #1870 ) ) ;
#308 = CARTESIAN_POINT ( 'NONE',  ( 9.304611397503771641, -4.434271922085064155, 0.1269999999999986418 ) ) ;
#309 = CARTESIAN_POINT ( 'NONE',  ( 4.326125000000002885, 6.968749999999962697, 3.000000000000000000 ) ) ;
#310 = ORIENTED_EDGE ( 'NONE', *, *, #107, .T. ) ;
#311 = LINE ( 'NONE', #861, #1819 ) ;
#312 =( NAMED_UNIT ( * ) PLANE_ANGLE_UNIT ( ) SI_UNIT ( $, .RADIAN. ) );
#313 = VERTEX_POINT ( 'NONE', #2412 ) ;
#314 = EDGE_CURVE ( 'NONE', #1680, #2211, #936, .T. ) ;
#315 =( NAMED_UNIT ( * ) SI_UNIT ( $, .STERADIAN. ) SOLID_ANGLE_UNIT ( ) );
#316 = VERTEX_POINT ( 'NONE', #1117 ) ;
#317 = DIRECTION ( 'NONE',  ( -1.034350389723648061E-16, 1.000000000000000000, -0.000000000000000000 ) ) ;
#318 = CARTESIAN_POINT ( 'NONE',  ( -4.076124999999996668, -4.968750000000077272, 0.1269999999999986418 ) ) ;
#319 = ORIENTED_EDGE ( 'NONE', *, *, #526, .F. ) ;
#320 = CARTESIAN_POINT ( 'NONE',  ( 6.826124999999996668, -1.489583333333401649, -0.1269999999999986418 ) ) ;
#321 = CARTESIAN_POINT ( 'NONE',  ( 6.826124999999994003, -0.7395833333333945436, 3.500000000000000000 ) ) ;
#322 = AXIS2_PLACEMENT_3D ( 'NONE', #1764, #237, #1202 ) ;
#323 = VERTEX_POINT ( 'NONE', #2115 ) ;
#324 = AXIS2_PLACEMENT_3D ( 'NONE', #2334, #1947, #91 ) ;
#325 = CIRCLE ( 'NONE', #1033, 12.06499999999999950 ) ;
#326 = DIRECTION ( 'NONE',  ( 1.000000000000000000, 0.000000000000000000, 0.000000000000000000 ) ) ;
#327 = FACE_OUTER_BOUND ( 'NONE', #1329, .T. ) ;
#328 = VERTEX_POINT ( 'NONE', #1932 ) ;
#329 = CIRCLE ( 'NONE', #1510, 0.7500000000000067724 ) ;
#330 = VECTOR ( 'NONE', #2257, 1000.000000000000000 ) ;
#331 = EDGE_CURVE ( 'NONE', #2373, #1857, #2045, .T. ) ;
#332 = ORIENTED_EDGE ( 'NONE', *, *, #564, .F. ) ;
#333 = CYLINDRICAL_SURFACE ( 'NONE', #570, 0.4999999999999995559 ) ;
#334 = VECTOR ( 'NONE', #2031, 1000.000000000000000 ) ;
#335 = DIRECTION ( 'NONE',  ( 0.000000000000000000, 0.000000000000000000, -1.000000000000000000 ) ) ;
#336 = CIRCLE ( 'NONE', #1823, 0.7500000000000015543 ) ;
#337 = EDGE_CURVE ( 'NONE', #1334, #1868, #186, .T. ) ;
#338 = EDGE_LOOP ( 'NONE', ( #907, #96, #2310, #1809 ) ) ;
#339 = CARTESIAN_POINT ( 'NONE',  ( 4.826125000000001108, -1.489583333333398318, -0.1269999999999986418 ) ) ;
#340 = FACE_OUTER_BOUND ( 'NONE', #1588, .T. ) ;
#341 = ORIENTED_EDGE ( 'NONE', *, *, #1744, .F. ) ;
#342 = CARTESIAN_POINT ( 'NONE',  ( 4.826125000000001108, -0.9895833333333960979, 3.000000000000000000 ) ) ;
#343 = LINE ( 'NONE', #171, #2323 ) ;
#344 = ORIENTED_EDGE ( 'NONE', *, *, #533, .T. ) ;
#345 = EDGE_LOOP ( 'NONE', ( #1559, #1102, #1919, #1935 ) ) ;
#346 = CARTESIAN_POINT ( 'NONE',  ( -1.088064423132936820E-16, 4.468749999999964473, 0.000000000000000000 ) ) ;
#347 = EDGE_CURVE ( 'NONE', #328, #1283, #1567, .T. ) ;
#348 = CARTESIAN_POINT ( 'NONE',  ( -4.826124999999997556, 2.989583333333285076, 3.000000000000000000 ) ) ;
#349 = ORIENTED_EDGE ( 'NONE', *, *, #1925, .T. ) ;
#350 = DIRECTION ( 'NONE',  ( 1.000000000000000000, 0.000000000000000000, -0.000000000000000000 ) ) ;
#351 = EDGE_CURVE ( 'NONE', #586, #1354, #1684, .T. ) ;
#352 = DIRECTION ( 'NONE',  ( 0.000000000000000000, -0.000000000000000000, -1.000000000000000000 ) ) ;
#353 = ORIENTED_EDGE ( 'NONE', *, *, #972, .T. ) ;
#354 = PLANE ( 'NONE',  #221 ) ;
#355 = DIRECTION ( 'NONE',  ( -1.745111041701214713E-15, 1.000000000000000000, -0.000000000000000000 ) ) ;
#356 = ORIENTED_EDGE ( 'NONE', *, *, #834, .T. ) ;
#357 = ORIENTED_EDGE ( 'NONE', *, *, #793, .F. ) ;
#358 = LINE ( 'NONE', #1254, #2203 ) ;
#359 = CARTESIAN_POINT ( 'NONE',  ( -6.826124999999993115, -1.489583333333398318, -0.1269999999999986418 ) ) ;
#360 = EDGE_LOOP ( 'NONE', ( #1353, #83, #430, #1767 ) ) ;
#361 = CARTESIAN_POINT ( 'NONE',  ( 9.524153295700356736, 3.968749999999967137, 0.1269999999999986418 ) ) ;
#362 = CARTESIAN_POINT ( 'NONE',  ( 6.826124999999994891, 2.989583333333285964, -0.1269999999999986418 ) ) ;
#363 = EDGE_CURVE ( 'NONE', #1998, #73, #365, .T. ) ;
#364 = ORIENTED_EDGE ( 'NONE', *, *, #1923, .F. ) ;
#365 = LINE ( 'NONE', #1484, #649 ) ;
#366 = ADVANCED_FACE ( 'NONE', ( #1183 ), #2, .T. ) ;
#367 = DIRECTION ( 'NONE',  ( 1.000000000000000000, 1.034350389723648184E-16, 0.000000000000000000 ) ) ;
#368 = CONICAL_SURFACE ( 'NONE', #1738, 12.06499999999999950, 0.7853981633974517207 ) ;
#369 = ORIENTED_EDGE ( 'NONE', *, *, #155, .F. ) ;
#370 = AXIS2_PLACEMENT_3D ( 'NONE', #1854, #1800, #2012 ) ;
#371 = PLANE ( 'NONE',  #1382 ) ;
#372 = DIRECTION ( 'NONE',  ( 0.000000000000000000, 0.000000000000000000, -1.000000000000000000 ) ) ;
#373 = AXIS2_PLACEMENT_3D ( 'NONE', #383, #1696, #1914 ) ;
#374 = VECTOR ( 'NONE', #624, 1000.000000000000000 ) ;
#375 = CARTESIAN_POINT ( 'NONE',  ( -11.56430265947757263, 6.968749999999964473, 0.1269999999999985862 ) ) ;
#376 = VECTOR ( 'NONE', #2369, 1000.000000000000000 ) ;
#377 = ORIENTED_EDGE ( 'NONE', *, *, #610, .T. ) ;
#378 = PLANE ( 'NONE',  #211 ) ;
#379 = AXIS2_PLACEMENT_3D ( 'NONE', #2065, #1159, #388 ) ;
#380 = DIRECTION ( 'NONE',  ( 0.000000000000000000, 0.000000000000000000, -1.000000000000000000 ) ) ;
#381 = ORIENTED_EDGE ( 'NONE', *, *, #1163, .T. ) ;
#382 = CARTESIAN_POINT ( 'NONE',  ( -4.076124999999995779, -5.218750000000070166, 3.500000000000000000 ) ) ;
#383 = CARTESIAN_POINT ( 'NONE',  ( -1.088064423132936820E-16, 4.468749999999964473, 0.000000000000000000 ) ) ;
#384 = VERTEX_POINT ( 'NONE', #752 ) ;
#385 = EDGE_CURVE ( 'NONE', #2361, #226, #1291, .T. ) ;
#386 = EDGE_LOOP ( 'NONE', ( #742, #1891, #2142, #2191 ) ) ;
#387 = DIRECTION ( 'NONE',  ( 0.000000000000000000, 0.000000000000000000, 1.000000000000000000 ) ) ;
#388 = DIRECTION ( 'NONE',  ( 1.000000000000000000, 0.000000000000000000, 0.000000000000000000 ) ) ;
#389 = ORIENTED_EDGE ( 'NONE', *, *, #636, .T. ) ;
#390 = CARTESIAN_POINT ( 'NONE',  ( -3.673940397442057403E-16, 6.968749999999964473, 0.000000000000000000 ) ) ;
#391 = DIRECTION ( 'NONE',  ( 1.034350389723648184E-16, -1.000000000000000000, 0.000000000000000000 ) ) ;
#392 = ORIENTED_EDGE ( 'NONE', *, *, #2258, .F. ) ;
#393 = APPLICATION_CONTEXT ( 'automotive_design' ) ;
#394 = LINE ( 'NONE', #2060, #487 ) ;
#395 = CARTESIAN_POINT ( 'NONE',  ( 7.326125000000002885, 6.968749999999962697, -0.1269999999999986418 ) ) ;
#396 = ORIENTED_EDGE ( 'NONE', *, *, #1678, .T. ) ;
#397 = ORIENTED_EDGE ( 'NONE', *, *, #270, .F. ) ;
#398 = DIRECTION ( 'NONE',  ( 1.000000000000000000, 0.000000000000000000, 0.000000000000000000 ) ) ;
#399 = EDGE_CURVE ( 'NONE', #328, #2176, #2034, .T. ) ;
#400 = CARTESIAN_POINT ( 'NONE',  ( -4.826124999999997556, 3.489583333333289072, 3.500000000000000000 ) ) ;
#401 = ORIENTED_EDGE ( 'NONE', *, *, #1066, .T. ) ;
#402 = DIRECTION ( 'NONE',  ( -1.000000000000000000, 0.000000000000000000, -0.000000000000000000 ) ) ;
#403 = ADVANCED_FACE ( 'NONE', ( #1330 ), #554, .F. ) ;
#404 = DIRECTION ( 'NONE',  ( -0.000000000000000000, 0.000000000000000000, -1.000000000000000000 ) ) ;
#405 = DIRECTION ( 'NONE',  ( -1.000000000000000000, 0.000000000000000000, 0.000000000000000000 ) ) ;
#406 = VERTEX_POINT ( 'NONE', #2242 ) ;
#407 = CIRCLE ( 'NONE', #1621, 0.5000000000000022204 ) ;
#408 = VERTEX_POINT ( 'NONE', #780 ) ;
#409 = CARTESIAN_POINT ( 'NONE',  ( -4.076124999999996668, -4.968750000000077272, 0.1269999999999986418 ) ) ;
#410 = VECTOR ( 'NONE', #2245, 1000.000000000000000 ) ;
#411 = DIRECTION ( 'NONE',  ( 1.000000000000000000, 0.000000000000000000, 0.000000000000000000 ) ) ;
#412 = EDGE_CURVE ( 'NONE', #521, #684, #394, .T. ) ;
#413 = ORIENTED_EDGE ( 'NONE', *, *, #1085, .F. ) ;
#414 = CYLINDRICAL_SURFACE ( 'NONE', #842, 12.06499999999999950 ) ;
#415 = AXIS2_PLACEMENT_3D ( 'NONE', #1712, #791, #2413 ) ;
#416 = DIRECTION ( 'NONE',  ( -0.000000000000000000, 0.000000000000000000, -1.000000000000000000 ) ) ;
#417 = AXIS2_PLACEMENT_3D ( 'NONE', #980, #2105, #1737 ) ;
#418 = ADVANCED_FACE ( 'NONE', ( #566 ), #354, .T. ) ;
#419 = VECTOR ( 'NONE', #2101, 1000.000000000000000 ) ;
#420 = AXIS2_PLACEMENT_3D ( 'NONE', #125, #2171, #2193 ) ;
#421 = CARTESIAN_POINT ( 'NONE',  ( 4.076125000000001997, 3.489583333333285520, 3.500000000000000000 ) ) ;
#422 = VERTEX_POINT ( 'NONE', #14 ) ;
#423 = DIRECTION ( 'NONE',  ( 2.243714196472992599E-15, -1.000000000000000000, -0.000000000000000000 ) ) ;
#424 = DIRECTION ( 'NONE',  ( 1.034350389723648184E-16, -1.000000000000000000, 0.000000000000000000 ) ) ;
#425 = LINE ( 'NONE', #1540, #1908 ) ;
#426 = ORIENTED_EDGE ( 'NONE', *, *, #697, .F. ) ;
#427 = DIRECTION ( 'NONE',  ( 1.000000000000000000, 0.000000000000000000, 0.000000000000000000 ) ) ;
#428 = CARTESIAN_POINT ( 'NONE',  ( 9.304611397503771641, -4.434271922085064155, 0.1269999999999986418 ) ) ;
#429 = EDGE_CURVE ( 'NONE', #2268, #13, #1103, .T. ) ;
#430 = ORIENTED_EDGE ( 'NONE', *, *, #1478, .T. ) ;
#431 = CARTESIAN_POINT ( 'NONE',  ( 4.076125000000001108, 6.968749999999966249, 3.500000000000000000 ) ) ;
#432 = DIRECTION ( 'NONE',  ( 0.000000000000000000, -0.000000000000000000, -1.000000000000000000 ) ) ;
#433 = FACE_OUTER_BOUND ( 'NONE', #769, .T. ) ;
#434 = EDGE_LOOP ( 'NONE', ( #2033, #739, #1602, #599 ) ) ;
#435 = FACE_OUTER_BOUND ( 'NONE', #2183, .T. ) ;
#436 = DIRECTION ( 'NONE',  ( 1.000000000000000000, 7.499885326315638580E-17, 0.000000000000000000 ) ) ;
#437 = DIRECTION ( 'NONE',  ( 0.000000000000000000, 0.000000000000000000, -1.000000000000000000 ) ) ;
#438 = EDGE_CURVE ( 'NONE', #874, #816, #1888, .T. ) ;
#439 = ORIENTED_EDGE ( 'NONE', *, *, #8, .T. ) ;
#440 = EDGE_CURVE ( 'NONE', #2134, #2227, #208, .T. ) ;
#441 = CARTESIAN_POINT ( 'NONE',  ( -4.326124999999997556, -4.968750000000077272, -0.1269999999999986418 ) ) ;
#442 = CARTESIAN_POINT ( 'NONE',  ( -12.06499999999999950, 6.968749999999964473, -0.1269999999999986418 ) ) ;
#443 = PLANE ( 'NONE',  #970 ) ;
#444 = CIRCLE ( 'NONE', #322, 9.524999999999998579 ) ;
#445 = VERTEX_POINT ( 'NONE', #31 ) ;
#446 = DIRECTION ( 'NONE',  ( 0.000000000000000000, -1.000000000000000000, 0.000000000000000000 ) ) ;
#447 = CARTESIAN_POINT ( 'NONE',  ( -12.06499999999999950, 6.968749999999964473, 0.1269999999999986418 ) ) ;
#448 = VECTOR ( 'NONE', #785, 1000.000000000000000 ) ;
#449 = CARTESIAN_POINT ( 'NONE',  ( 7.576125000000002885, -5.218750000000070166, 3.500000000000000000 ) ) ;
#450 = VECTOR ( 'NONE', #2144, 1000.000000000000000 ) ;
#451 = AXIS2_PLACEMENT_3D ( 'NONE', #1926, #1583, #1949 ) ;
#452 = CIRCLE ( 'NONE', #2056, 0.5000000000000022204 ) ;
#453 = VERTEX_POINT ( 'NONE', #1558 ) ;
#454 = EDGE_CURVE ( 'NONE', #2211, #1053, #1810, .T. ) ;
#455 = VECTOR ( 'NONE', #411, 1000.000000000000000 ) ;
#456 = LINE ( 'NONE', #1742, #1703 ) ;
#457 = PLANE ( 'NONE',  #1231 ) ;
#458 = ORIENTED_EDGE ( 'NONE', *, *, #697, .T. ) ;
#459 = EDGE_CURVE ( 'NONE', #1868, #1673, #1933, .T. ) ;
#460 = CARTESIAN_POINT ( 'NONE',  ( 8.948258003199468291, -4.790591177194533756, -0.1269999999999986418 ) ) ;
#461 = ORIENTED_EDGE ( 'NONE', *, *, #1414, .T. ) ;
#462 = DIRECTION ( 'NONE',  ( -1.000000000000000000, 0.000000000000000000, 0.000000000000000000 ) ) ;
#463 = LINE ( 'NONE', #1604, #2406 ) ;
#464 = DIRECTION ( 'NONE',  ( 0.000000000000000000, -0.000000000000000000, -1.000000000000000000 ) ) ;
#465 = ORIENTED_EDGE ( 'NONE', *, *, #1993, .T. ) ;
#466 = DIRECTION ( 'NONE',  ( 0.000000000000000000, 0.000000000000000000, -1.000000000000000000 ) ) ;
#467 = PLANE ( 'NONE',  #2287 ) ;
#468 = CARTESIAN_POINT ( 'NONE',  ( -4.826124999999997556, -1.489583333333398318, 3.500000000000000000 ) ) ;
#469 = EDGE_CURVE ( 'NONE', #22, #1435, #1407, .T. ) ;
#470 = ORIENTED_EDGE ( 'NONE', *, *, #54, .F. ) ;
#471 = CARTESIAN_POINT ( 'NONE',  ( 8.120779771693882402E-16, -4.434271922085051720, 0.000000000000000000 ) ) ;
#472 = CARTESIAN_POINT ( 'NONE',  ( -7.576124999999995779, -1.489583333333398318, 3.500000000000000000 ) ) ;
#473 = EDGE_CURVE ( 'NONE', #1457, #2248, #2151, .T. ) ;
#474 = CARTESIAN_POINT ( 'NONE',  ( -11.56430265947756908, 3.968749999999965361, -0.1269999999999986418 ) ) ;
#475 = VERTEX_POINT ( 'NONE', #1025 ) ;
#476 = CARTESIAN_POINT ( 'NONE',  ( -9.304611397503771641, -4.434271922085065043, -0.1269999999999986418 ) ) ;
#477 = CARTESIAN_POINT ( 'NONE',  ( -7.326124999999994891, -4.968750000000073719, 3.000000000000000000 ) ) ;
#478 = VERTEX_POINT ( 'NONE', #845 ) ;
#479 = DIRECTION ( 'NONE',  ( -1.000000000000000000, -0.000000000000000000, -0.000000000000000000 ) ) ;
#480 = ORIENTED_EDGE ( 'NONE', *, *, #1964, .F. ) ;
#481 = CARTESIAN_POINT ( 'NONE',  ( -6.826124999999990450, 2.739583333333286408, 3.500000000000000000 ) ) ;
#482 = EDGE_CURVE ( 'NONE', #1497, #874, #2319, .T. ) ;
#483 = CARTESIAN_POINT ( 'NONE',  ( 4.076125000000001997, 3.489583333333285520, 0.1269999999999986418 ) ) ;
#484 = CARTESIAN_POINT ( 'NONE',  ( 9.414425066875182324, -2.732101024414670842, 0.1269999999999986418 ) ) ;
#485 = EDGE_CURVE ( 'NONE', #190, #1476, #720, .T. ) ;
#486 = MECHANICAL_DESIGN_GEOMETRIC_PRESENTATION_REPRESENTATION (  '', ( #1073 ), #1035 ) ;
#487 = VECTOR ( 'NONE', #1316, 1000.000000000000000 ) ;
#488 = ORIENTED_EDGE ( 'NONE', *, *, #1312, .F. ) ;
#489 = VECTOR ( 'NONE', #1485, 1000.000000000000000 ) ;
#490 = FACE_OUTER_BOUND ( 'NONE', #1079, .T. ) ;
#491 = PRESENTATION_STYLE_ASSIGNMENT (( #302 ) ) ;
#492 = VECTOR ( 'NONE', #1464, 1000.000000000000000 ) ;
#493 = ORIENTED_EDGE ( 'NONE', *, *, #1993, .F. ) ;
#494 = DIRECTION ( 'NONE',  ( 0.000000000000000000, 0.000000000000000000, -1.000000000000000000 ) ) ;
#495 = CARTESIAN_POINT ( 'NONE',  ( -4.826124999999997556, -0.9895833333333960979, 3.000000000000000000 ) ) ;
#496 = CARTESIAN_POINT ( 'NONE',  ( -7.576124999999997556, 6.968749999999964473, 0.000000000000000000 ) ) ;
#497 = ADVANCED_FACE ( 'NONE', ( #1605 ), #832, .F. ) ;
#498 = ORIENTED_EDGE ( 'NONE', *, *, #1722, .T. ) ;
#499 = DIRECTION ( 'NONE',  ( 0.000000000000000000, 0.000000000000000000, -1.000000000000000000 ) ) ;
#500 =( NAMED_UNIT ( * ) SI_UNIT ( $, .STERADIAN. ) SOLID_ANGLE_UNIT ( ) );
#501 = VERTEX_POINT ( 'NONE', #2125 ) ;
#502 = ORIENTED_EDGE ( 'NONE', *, *, #2368, .F. ) ;
#503 = PLANE ( 'NONE',  #1774 ) ;
#504 = LINE ( 'NONE', #1107, #777 ) ;
#505 = ORIENTED_EDGE ( 'NONE', *, *, #363, .T. ) ;
#506 = PLANE ( 'NONE',  #92 ) ;
#507 = FACE_OUTER_BOUND ( 'NONE', #1320, .T. ) ;
#508 = ORIENTED_EDGE ( 'NONE', *, *, #1643, .F. ) ;
#509 = EDGE_CURVE ( 'NONE', #1346, #18, #1847, .T. ) ;
#510 = DIRECTION ( 'NONE',  ( -1.034350389723648184E-16, 1.000000000000000000, -0.000000000000000000 ) ) ;
#511 = CARTESIAN_POINT ( 'NONE',  ( 7.326124999999999332, -1.489583333333398318, -0.1269999999999986418 ) ) ;
#512 = EDGE_LOOP ( 'NONE', ( #758, #1641, #1730, #751 ) ) ;
#513 = EDGE_CURVE ( 'NONE', #240, #73, #2344, .T. ) ;
#514 = VERTEX_POINT ( 'NONE', #661 ) ;
#515 = DIRECTION ( 'NONE',  ( 0.000000000000000000, 0.000000000000000000, -1.000000000000000000 ) ) ;
#516 = CARTESIAN_POINT ( 'NONE',  ( 9.304611397503771641, -4.434271922085064155, -0.1269999999999986418 ) ) ;
#517 = ORIENTED_EDGE ( 'NONE', *, *, #1175, .T. ) ;
#518 = CARTESIAN_POINT ( 'NONE',  ( -6.826124999999993115, -0.7395833333334010939, 3.500000000000000000 ) ) ;
#519 = CARTESIAN_POINT ( 'NONE',  ( 12.06433156043052257, 4.468749999999965361, -0.1269999999999986418 ) ) ;
#520 = CIRCLE ( 'NONE', #1969, 0.5000000000000029976 ) ;
#521 = VERTEX_POINT ( 'NONE', #1593 ) ;
#522 = AXIS2_PLACEMENT_3D ( 'NONE', #471, #1217, #2158 ) ;
#523 = CIRCLE ( 'NONE', #1352, 0.7500000000000024425 ) ;
#524 = DIRECTION ( 'NONE',  ( -1.034350389723649663E-16, 1.000000000000000000, -0.000000000000000000 ) ) ;
#525 = CARTESIAN_POINT ( 'NONE',  ( -8.770080501340904888, -4.968750000000077272, -0.1269999999999985862 ) ) ;
#526 = EDGE_CURVE ( 'NONE', #294, #1354, #681, .T. ) ;
#527 = ORIENTED_EDGE ( 'NONE', *, *, #1494, .F. ) ;
#528 = VECTOR ( 'NONE', #1972, 1000.000000000000000 ) ;
#529 = AXIS2_PLACEMENT_3D ( 'NONE', #2384, #1250, #908 ) ;
#530 = ORIENTED_EDGE ( 'NONE', *, *, #454, .T. ) ;
#531 = DIRECTION ( 'NONE',  ( 1.034350389723648184E-16, -1.000000000000000000, 0.000000000000000000 ) ) ;
#532 = VECTOR ( 'NONE', #2071, 1000.000000000000000 ) ;
#533 = EDGE_CURVE ( 'NONE', #2268, #406, #1233, .T. ) ;
#534 = DIRECTION ( 'NONE',  ( 0.000000000000000000, 0.000000000000000000, -1.000000000000000000 ) ) ;
#535 = CIRCLE ( 'NONE', #293, 0.5000000000000022204 ) ;
#536 = ORIENTED_EDGE ( 'NONE', *, *, #2107, .F. ) ;
#537 = LINE ( 'NONE', #1098, #604 ) ;
#538 = DIRECTION ( 'NONE',  ( -1.000000000000000000, 0.000000000000000000, 0.000000000000000000 ) ) ;
#539 = ORIENTED_EDGE ( 'NONE', *, *, #1704, .F. ) ;
#540 = DIRECTION ( 'NONE',  ( -2.325886224773361744E-16, 1.000000000000000000, 0.000000000000000000 ) ) ;
#541 =( LENGTH_UNIT ( ) NAMED_UNIT ( * ) SI_UNIT ( .MILLI., .METRE. ) );
#542 = VERTEX_POINT ( 'NONE', #2317 ) ;
#543 = DIRECTION ( 'NONE',  ( 0.000000000000000000, 0.000000000000000000, -1.000000000000000000 ) ) ;
#544 = ORIENTED_EDGE ( 'NONE', *, *, #877, .F. ) ;
#545 = DIRECTION ( 'NONE',  ( 2.325886224773368154E-16, -1.000000000000000000, 0.000000000000000000 ) ) ;
#546 = CARTESIAN_POINT ( 'NONE',  ( 9.450972815815257277, -2.165590650555780705, -0.1269999999999986418 ) ) ;
#547 = ADVANCED_FACE ( 'NONE', ( #283 ), #1980, .T. ) ;
#548 = EDGE_CURVE ( 'NONE', #2273, #1785, #1409, .T. ) ;
#549 = ORIENTED_EDGE ( 'NONE', *, *, #656, .T. ) ;
#550 = CYLINDRICAL_SURFACE ( 'NONE', #284, 9.524999999999998579 ) ;
#551 = DIRECTION ( 'NONE',  ( 0.000000000000000000, 0.000000000000000000, 1.000000000000000000 ) ) ;
#552 = ADVANCED_FACE ( 'NONE', ( #1057 ), #868, .T. ) ;
#553 = ORIENTED_EDGE ( 'NONE', *, *, #1418, .T. ) ;
#554 = PLANE ( 'NONE',  #1546 ) ;
#555 = CARTESIAN_POINT ( 'NONE',  ( -6.826124999999993115, -0.9895833333333943216, 3.000000000000000000 ) ) ;
#556 = ORIENTED_EDGE ( 'NONE', *, *, #234, .T. ) ;
#557 = VERTEX_POINT ( 'NONE', #117 ) ;
#558 = DIRECTION ( 'NONE',  ( -1.000000000000000000, -0.000000000000000000, -0.000000000000000000 ) ) ;
#559 = CARTESIAN_POINT ( 'NONE',  ( -12.06433156043052257, 6.468749999999971578, 0.1269999999999986418 ) ) ;
#560 = VERTEX_POINT ( 'NONE', #1615 ) ;
#561 = PLANE ( 'NONE',  #993 ) ;
#562 = PRODUCT_RELATED_PRODUCT_CATEGORY ( 'part', '', ( #1573 ) ) ;
#563 = CARTESIAN_POINT ( 'NONE',  ( 9.126434937755981025, -4.612431787086592294, 0.1269999999999986418 ) ) ;
#564 = EDGE_CURVE ( 'NONE', #190, #748, #127, .T. ) ;
#565 = ORIENTED_EDGE ( 'NONE', *, *, #51, .F. ) ;
#566 = FACE_OUTER_BOUND ( 'NONE', #345, .T. ) ;
#567 = CARTESIAN_POINT ( 'NONE',  ( -4.076124999999996668, 3.489583333333289072, 3.500000000000000000 ) ) ;
#568 = VECTOR ( 'NONE', #1338, 1000.000000000000000 ) ;
#569 = VERTEX_POINT ( 'NONE', #635 ) ;
#570 = AXIS2_PLACEMENT_3D ( 'NONE', #2224, #515, #1054 ) ;
#571 = ORIENTED_EDGE ( 'NONE', *, *, #2028, .F. ) ;
#572 = LINE ( 'NONE', #1355, #410 ) ;
#573 = AXIS2_PLACEMENT_3D ( 'NONE', #1146, #191, #6 ) ;
#574 = VECTOR ( 'NONE', #870, 1000.000000000000000 ) ;
#575 = DIRECTION ( 'NONE',  ( 1.034350389723648184E-16, -1.000000000000000000, 0.000000000000000000 ) ) ;
#576 = AXIS2_PLACEMENT_3D ( 'NONE', #880, #2229, #1100 ) ;
#577 = ORIENTED_EDGE ( 'NONE', *, *, #1553, .F. ) ;
#578 = DIRECTION ( 'NONE',  ( -1.000000000000000000, -1.734723475976813800E-15, 0.000000000000000000 ) ) ;
#579 = CIRCLE ( 'NONE', #420, 2.381250000000000089 ) ;
#580 = CARTESIAN_POINT ( 'NONE',  ( 8.948258003183655163, -4.790591177210345109, 0.1269999999999986418 ) ) ;
#581 = ORIENTED_EDGE ( 'NONE', *, *, #1204, .F. ) ;
#582 = EDGE_CURVE ( 'NONE', #1998, #2155, #1379, .T. ) ;
#583 = DIRECTION ( 'NONE',  ( 1.000000000000000000, 0.000000000000000000, 0.000000000000000000 ) ) ;
#584 = DIRECTION ( 'NONE',  ( -1.000000000000000000, 0.000000000000000000, 0.000000000000000000 ) ) ;
#585 = ORIENTED_EDGE ( 'NONE', *, *, #469, .F. ) ;
#586 = VERTEX_POINT ( 'NONE', #518 ) ;
#587 = DIRECTION ( 'NONE',  ( 0.000000000000000000, 0.000000000000000000, -1.000000000000000000 ) ) ;
#588 = CYLINDRICAL_SURFACE ( 'NONE', #1671, 12.06499999999999950 ) ;
#589 = VERTEX_POINT ( 'NONE', #2408 ) ;
#590 = CARTESIAN_POINT ( 'NONE',  ( -12.06499999999999950, -0.9895833333333943216, -0.1269999999999986418 ) ) ;
#591 = DIRECTION ( 'NONE',  ( -1.860708979818690184E-15, -1.000000000000000000, 0.000000000000000000 ) ) ;
#592 = CARTESIAN_POINT ( 'NONE',  ( 2.377860921605802869, 6.968749999999964473, -0.1269999999999986418 ) ) ;
#593 = EDGE_LOOP ( 'NONE', ( #1460, #1664, #2314, #553 ) ) ;
#594 = EDGE_CURVE ( 'NONE', #111, #73, #1820, .T. ) ;
#595 = ORIENTED_EDGE ( 'NONE', *, *, #2382, .F. ) ;
#596 = CARTESIAN_POINT ( 'NONE',  ( -11.89765545973929761, 4.302083133697547801, 0.1269999999999986418 ) ) ;
#597 = EDGE_CURVE ( 'NONE', #1283, #422, #172, .T. ) ;
#598 = CARTESIAN_POINT ( 'NONE',  ( -12.06433156043052257, 6.468749999999971578, -0.1269999999999986418 ) ) ;
#599 = ORIENTED_EDGE ( 'NONE', *, *, #2186, .T. ) ;
#600 = DIRECTION ( 'NONE',  ( 0.000000000000000000, 0.000000000000000000, -1.000000000000000000 ) ) ;
#601 = CARTESIAN_POINT ( 'NONE',  ( 7.576125000000003773, 6.968749999999966249, 0.000000000000000000 ) ) ;
#602 = DIRECTION ( 'NONE',  ( 1.000000000000000000, 0.000000000000000000, 0.000000000000000000 ) ) ;
#603 = VERTEX_POINT ( 'NONE', #2238 ) ;
#604 = VECTOR ( 'NONE', #1874, 1000.000000000000000 ) ;
#605 = EDGE_CURVE ( 'NONE', #2117, #2376, #407, .T. ) ;
#606 = ORIENTED_EDGE ( 'NONE', *, *, #526, .T. ) ;
#607 = LINE ( 'NONE', #2084, #2091 ) ;
#608 = AXIS2_PLACEMENT_3D ( 'NONE', #1150, #494, #462 ) ;
#609 = CARTESIAN_POINT ( 'NONE',  ( -7.576124999999995779, -4.968750000000077272, 3.500000000000000000 ) ) ;
#610 = EDGE_CURVE ( 'NONE', #1673, #1201, #694, .T. ) ;
#611 = EDGE_LOOP ( 'NONE', ( #672, #271, #1131, #1404 ) ) ;
#612 = CARTESIAN_POINT ( 'NONE',  ( 12.06433156043052257, 4.468749999999965361, 0.1269999999999986418 ) ) ;
#613 = DIRECTION ( 'NONE',  ( 1.000000000000000000, 0.000000000000000000, 0.000000000000000000 ) ) ;
#614 = CIRCLE ( 'NONE', #1977, 11.56499999999999950 ) ;
#615 = VECTOR ( 'NONE', #1336, 1000.000000000000000 ) ;
#616 = ORIENTED_EDGE ( 'NONE', *, *, #2174, .F. ) ;
#617 = CARTESIAN_POINT ( 'NONE',  ( -12.06499999999999950, 6.968749999999964473, -0.1269999999999986418 ) ) ;
#618 = LINE ( 'NONE', #1323, #723 ) ;
#619 = CARTESIAN_POINT ( 'NONE',  ( 4.826125000000001108, 3.489583333333289072, 3.500000000000000000 ) ) ;
#620 = ORIENTED_EDGE ( 'NONE', *, *, #1247, .F. ) ;
#621 = CARTESIAN_POINT ( 'NONE',  ( 11.56430265947757263, 6.968749999999964473, -0.1269999999999985862 ) ) ;
#622 = EDGE_CURVE ( 'NONE', #69, #323, #1271, .T. ) ;
#623 = CARTESIAN_POINT ( 'NONE',  ( 12.06433156043052257, 4.468749999999965361, 0.1269999999999986418 ) ) ;
#624 = DIRECTION ( 'NONE',  ( 0.000000000000000000, 0.000000000000000000, -1.000000000000000000 ) ) ;
#625 = ADVANCED_FACE ( 'NONE', ( #917 ), #378, .T. ) ;
#626 = ORIENTED_EDGE ( 'NONE', *, *, #2174, .T. ) ;
#627 = CARTESIAN_POINT ( 'NONE',  ( -12.06499999999999950, -4.968750000000077272, -0.1269999999999986418 ) ) ;
#628 = FACE_OUTER_BOUND ( 'NONE', #212, .T. ) ;
#629 = ORIENTED_EDGE ( 'NONE', *, *, #793, .T. ) ;
#630 = B_SPLINE_CURVE_WITH_KNOTS ( 'NONE', 3,
 ( #2329, #460, #1206, #1746 ),
 .UNSPECIFIED., .F., .F.,
 ( 4, 4 ),
 ( 0.04131677207939987717, 0.04207927912503846291 ),
 .UNSPECIFIED. ) ;
#631 = LINE ( 'NONE', #2136, #182 ) ;
#632 = ORIENTED_EDGE ( 'NONE', *, *, #992, .T. ) ;
#633 = DIRECTION ( 'NONE',  ( -1.034350389723648184E-16, 1.000000000000000000, -0.000000000000000000 ) ) ;
#634 = LINE ( 'NONE', #264, #2289 ) ;
#635 = CARTESIAN_POINT ( 'NONE',  ( -4.326124999999995779, 3.489583333333289072, -0.1269999999999986418 ) ) ;
#636 = EDGE_CURVE ( 'NONE', #2296, #1638, #537, .T. ) ;
#637 = ORIENTED_EDGE ( 'NONE', *, *, #40, .T. ) ;
#638 = DIRECTION ( 'NONE',  ( 0.000000000000000000, 0.000000000000000000, -1.000000000000000000 ) ) ;
#639 = CARTESIAN_POINT ( 'NONE',  ( -4.826124999999997556, 3.489583333333289072, -0.1269999999999986418 ) ) ;
#640 = CARTESIAN_POINT ( 'NONE',  ( -12.06499999999999950, 3.968749999999965361, 0.000000000000000000 ) ) ;
#641 = VECTOR ( 'NONE', #1732, 1000.000000000000000 ) ;
#642 = EDGE_LOOP ( 'NONE', ( #205, #571, #1252, #349 ) ) ;
#643 = DIRECTION ( 'NONE',  ( -1.000000000000000000, 0.000000000000000000, 0.000000000000000000 ) ) ;
#644 = VECTOR ( 'NONE', #166, 1000.000000000000000 ) ;
#645 = DIRECTION ( 'NONE',  ( -1.000000000000000000, 0.000000000000000000, 0.000000000000000000 ) ) ;
#646 = CIRCLE ( 'NONE', #217, 0.5000000000000013323 ) ;
#647 = CARTESIAN_POINT ( 'NONE',  ( 9.524153295700356736, -1.031250000000034639, 0.1269999999999986418 ) ) ;
#648 = VECTOR ( 'NONE', #134, 1000.000000000000000 ) ;
#649 = VECTOR ( 'NONE', #2308, 1000.000000000000000 ) ;
#650 = VECTOR ( 'NONE', #1804, 1000.000000000000000 ) ;
#651 = ORIENTED_EDGE ( 'NONE', *, *, #893, .F. ) ;
#652 = VECTOR ( 'NONE', #902, 1000.000000000000000 ) ;
#653 = ADVANCED_FACE ( 'NONE', ( #2392 ), #1288, .T. ) ;
#654 = CARTESIAN_POINT ( 'NONE',  ( -9.524153295700356736, -1.031250000000034639, 0.1269999999999986418 ) ) ;
#655 = LINE ( 'NONE', #995, #450 ) ;
#656 = EDGE_CURVE ( 'NONE', #1545, #197, #1444, .T. ) ;
#657 = CARTESIAN_POINT ( 'NONE',  ( -4.326124999999997556, -1.489583333333398318, 3.000000000000000000 ) ) ;
#658 = EDGE_LOOP ( 'NONE', ( #161, #1826, #175, #798 ) ) ;
#659 = CARTESIAN_POINT ( 'NONE',  ( -9.524153295700356736, -1.031250000000034639, -0.1269999999999986418 ) ) ;
#660 = DIRECTION ( 'NONE',  ( 1.000000000000000000, -2.243714196472991416E-15, 0.000000000000000000 ) ) ;
#661 = CARTESIAN_POINT ( 'NONE',  ( -8.770080501340904888, -4.968750000000077272, 0.1269999999999985862 ) ) ;
#662 = ORIENTED_EDGE ( 'NONE', *, *, #1772, .F. ) ;
#663 = DIRECTION ( 'NONE',  ( 1.034350389723648184E-16, -1.000000000000000000, 0.000000000000000000 ) ) ;
#664 = CARTESIAN_POINT ( 'NONE',  ( -4.826124999999997556, -1.489583333333398318, 3.000000000000000000 ) ) ;
#665 = ADVANCED_FACE ( 'NONE', ( #2184 ), #561, .T. ) ;
#666 = DIRECTION ( 'NONE',  ( 0.000000000000000000, 0.000000000000000000, -1.000000000000000000 ) ) ;
#667 = ORIENTED_EDGE ( 'NONE', *, *, #1952, .F. ) ;
#668 = LINE ( 'NONE', #115, #1072 ) ;
#669 = ADVANCED_FACE ( 'NONE', ( #2018 ), #506, .T. ) ;
#670 = CARTESIAN_POINT ( 'NONE',  ( 11.73097916805278551, 6.802083541600593364, 0.1269999999999986418 ) ) ;
#671 = DIRECTION ( 'NONE',  ( 0.000000000000000000, 0.000000000000000000, -1.000000000000000000 ) ) ;
#672 = ORIENTED_EDGE ( 'NONE', *, *, #957, .F. ) ;
#673 = CARTESIAN_POINT ( 'NONE',  ( -12.06499999999999950, 3.968749999999965361, -0.1269999999999986418 ) ) ;
#674 = CARTESIAN_POINT ( 'NONE',  ( -9.524153295700356736, -1.031250000000034639, -0.1269999999999986418 ) ) ;
#675 = ADVANCED_FACE ( 'NONE', ( #904 ), #550, .T. ) ;
#676 = ORIENTED_EDGE ( 'NONE', *, *, #733, .T. ) ;
#677 = CARTESIAN_POINT ( 'NONE',  ( -2.377860921605803757, 6.968749999999964473, -0.1269999999999986418 ) ) ;
#678 = LINE ( 'NONE', #876, #1038 ) ;
#679 = ADVANCED_FACE ( 'NONE', ( #181 ), #1481, .T. ) ;
#680 = DIRECTION ( 'NONE',  ( 0.000000000000000000, -0.000000000000000000, 1.000000000000000000 ) ) ;
#681 = CIRCLE ( 'NONE', #1662, 0.7499999999999997780 ) ;
#682 = CIRCLE ( 'NONE', #2400, 0.5000000000000022204 ) ;
#683 = CIRCLE ( 'NONE', #882, 8.770999999999997243 ) ;
#684 = VERTEX_POINT ( 'NONE', #361 ) ;
#685 = VECTOR ( 'NONE', #812, 1000.000000000000000 ) ;
#686 = CARTESIAN_POINT ( 'NONE',  ( 2.377860921605799316, 6.968749999999964473, -0.1269999999999986418 ) ) ;
#687 = ORIENTED_EDGE ( 'NONE', *, *, #1490, .T. ) ;
#688 = AXIS2_PLACEMENT_3D ( 'NONE', #468, #998, #2294 ) ;
#689 = EDGE_LOOP ( 'NONE', ( #397, #1367, #63, #2244 ) ) ;
#690 = CARTESIAN_POINT ( 'NONE',  ( -4.076124999999994891, 3.489583333333289072, 3.500000000000000000 ) ) ;
#691 = DIRECTION ( 'NONE',  ( 2.325886224773368154E-16, -1.000000000000000000, 0.000000000000000000 ) ) ;
#692 = UNCERTAINTY_MEASURE_WITH_UNIT (LENGTH_MEASURE( 1.000000000000000082E-05 ), #113, 'distance_accuracy_value', 'NONE');
#693 = ORIENTED_EDGE ( 'NONE', *, *, #1023, .T. ) ;
#694 = LINE ( 'NONE', #1109, #20 ) ;
#695 = EDGE_CURVE ( 'NONE', #542, #1415, #520, .T. ) ;
#696 = CARTESIAN_POINT ( 'NONE',  ( -4.326124999999995779, 3.489583333333289072, 3.000000000000000000 ) ) ;
#697 = EDGE_CURVE ( 'NONE', #730, #408, #933, .T. ) ;
#698 = EDGE_LOOP ( 'NONE', ( #1649, #2082, #37, #1595 ) ) ;
#699 = DIRECTION ( 'NONE',  ( 1.000000000000000000, 7.499885326315634882E-17, 0.000000000000000000 ) ) ;
#700 = DIRECTION ( 'NONE',  ( 0.000000000000000000, 0.000000000000000000, -1.000000000000000000 ) ) ;
#701 = ORIENTED_EDGE ( 'NONE', *, *, #1135, .F. ) ;
#702 = EDGE_LOOP ( 'NONE', ( #1520, #1527, #150, #1805 ) ) ;
#703 = DIRECTION ( 'NONE',  ( 0.000000000000000000, 0.000000000000000000, -1.000000000000000000 ) ) ;
#704 = FACE_OUTER_BOUND ( 'NONE', #1569, .T. ) ;
#705 = ORIENTED_EDGE ( 'NONE', *, *, #1132, .T. ) ;
#706 = PLANE ( 'NONE',  #839 ) ;
#707 = LINE ( 'NONE', #1860, #2214 ) ;
#708 = ADVANCED_FACE ( 'NONE', ( #892 ), #706, .T. ) ;
#709 = ORIENTED_EDGE ( 'NONE', *, *, #94, .T. ) ;
#710 = EDGE_CURVE ( 'NONE', #478, #820, #1616, .T. ) ;
#711 = CARTESIAN_POINT ( 'NONE',  ( -3.673940397442058389E-16, 6.968749999999965361, 0.000000000000000000 ) ) ;
#712 = VERTEX_POINT ( 'NONE', #1885 ) ;
#713 = FILL_AREA_STYLE_COLOUR ( '', #224 ) ;
#714 = ORIENTED_EDGE ( 'NONE', *, *, #1132, .F. ) ;
#715 = CARTESIAN_POINT ( 'NONE',  ( -4.826124999999997556, -0.9895833333333960979, -0.1269999999999986418 ) ) ;
#716 = LINE ( 'NONE', #2378, #1475 ) ;
#717 = ORIENTED_EDGE ( 'NONE', *, *, #1609, .T. ) ;
#718 = DIRECTION ( 'NONE',  ( -1.034350389723648184E-16, 1.000000000000000000, -0.000000000000000000 ) ) ;
#719 = CARTESIAN_POINT ( 'NONE',  ( -4.826124999999997556, -0.7395833333334010939, 3.500000000000000000 ) ) ;
#720 = CIRCLE ( 'NONE', #1581, 12.06499999999999950 ) ;
#721 = B_SPLINE_CURVE_WITH_KNOTS ( 'NONE', 3,
 ( #2150, #670, #1230, #2124 ),
 .UNSPECIFIED., .F., .F.,
 ( 4, 4 ),
 ( 0.05376560631040804006, 0.05447367259984397386 ),
 .UNSPECIFIED. ) ;
#722 = EDGE_LOOP ( 'NONE', ( #2001, #188, #1536, #565 ) ) ;
#723 = VECTOR ( 'NONE', #587, 1000.000000000000000 ) ;
#724 = VECTOR ( 'NONE', #258, 1000.000000000000000 ) ;
#725 = FACE_OUTER_BOUND ( 'NONE', #869, .T. ) ;
#726 = FILL_AREA_STYLE ('',( #1240 ) ) ;
#727 = ORIENTED_EDGE ( 'NONE', *, *, #656, .F. ) ;
#728 = EDGE_CURVE ( 'NONE', #501, #946, #10, .T. ) ;
#729 = CIRCLE ( 'NONE', #2094, 9.524999999999998579 ) ;
#730 = VERTEX_POINT ( 'NONE', #979 ) ;
#731 = CARTESIAN_POINT ( 'NONE',  ( -7.326124999999994891, -1.489583333333398318, 3.000000000000000000 ) ) ;
#732 = AXIS2_PLACEMENT_3D ( 'NONE', #1883, #1918, #1689 ) ;
#733 = EDGE_CURVE ( 'NONE', #2376, #542, #1719, .T. ) ;
#734 = DIRECTION ( 'NONE',  ( -1.000000000000000000, 0.000000000000000000, 0.000000000000000000 ) ) ;
#735 = STYLED_ITEM ( 'NONE', ( #2374 ), #1509 ) ;
#736 = ORIENTED_EDGE ( 'NONE', *, *, #2186, .F. ) ;
#737 = DIRECTION ( 'NONE',  ( -1.745111041701214516E-15, 1.000000000000000000, 0.000000000000000000 ) ) ;
#738 = CARTESIAN_POINT ( 'NONE',  ( 11.56430265947756908, 3.968749999999967137, -0.1269999999999986418 ) ) ;
#739 = ORIENTED_EDGE ( 'NONE', *, *, #299, .F. ) ;
#740 = CARTESIAN_POINT ( 'NONE',  ( -4.076124999999995779, -5.218750000000070166, 3.500000000000000000 ) ) ;
#741 = LINE ( 'NONE', #1878, #489 ) ;
#742 = ORIENTED_EDGE ( 'NONE', *, *, #412, .F. ) ;
#743 = ADVANCED_FACE ( 'NONE', ( #1542 ), #2079, .T. ) ;
#744 = DIRECTION ( 'NONE',  ( -1.000000000000000000, 4.986031547717756181E-16, 0.000000000000000000 ) ) ;
#745 = DIRECTION ( 'NONE',  ( 0.000000000000000000, 0.000000000000000000, -1.000000000000000000 ) ) ;
#746 = CARTESIAN_POINT ( 'NONE',  ( -12.06499999999999950, 6.968749999999964473, 0.1269999999999986418 ) ) ;
#747 = EDGE_CURVE ( 'NONE', #13, #1097, #1911, .T. ) ;
#748 = VERTEX_POINT ( 'NONE', #612 ) ;
#749 = CARTESIAN_POINT ( 'NONE',  ( 4.826125000000001108, 2.739583333333288184, 3.500000000000000000 ) ) ;
#750 = LINE ( 'NONE', #719, #849 ) ;
#751 = ORIENTED_EDGE ( 'NONE', *, *, #155, .T. ) ;
#752 = CARTESIAN_POINT ( 'NONE',  ( -4.326124999999997556, 6.968749999999964473, 3.000000000000000000 ) ) ;
#753 = ORIENTED_EDGE ( 'NONE', *, *, #157, .F. ) ;
#754 = ORIENTED_EDGE ( 'NONE', *, *, #2295, .T. ) ;
#755 = LINE ( 'NONE', #1499, #448 ) ;
#756 = EDGE_CURVE ( 'NONE', #557, #240, #1188, .T. ) ;
#757 = CARTESIAN_POINT ( 'NONE',  ( -4.326124999999997556, -1.489583333333398318, -0.1269999999999986418 ) ) ;
#758 = ORIENTED_EDGE ( 'NONE', *, *, #906, .T. ) ;
#759 = DIRECTION ( 'NONE',  ( 1.034350389723648184E-16, -1.000000000000000000, 0.000000000000000000 ) ) ;
#760 = ADVANCED_FACE ( 'NONE', ( #808 ), #368, .T. ) ;
#761 = DIRECTION ( 'NONE',  ( -1.034350389723648184E-16, 1.000000000000000000, -0.000000000000000000 ) ) ;
#762 = ORIENTED_EDGE ( 'NONE', *, *, #747, .T. ) ;
#763 = VECTOR ( 'NONE', #466, 1000.000000000000000 ) ;
#764 = CARTESIAN_POINT ( 'NONE',  ( -7.576124999999997556, 7.218749999999964473, 3.500000000000000000 ) ) ;
#765 = CARTESIAN_POINT ( 'NONE',  ( -4.076124999999996668, -1.489583333333398762, 0.1269999999999986418 ) ) ;
#766 = AXIS2_PLACEMENT_3D ( 'NONE', #2300, #924, #1672 ) ;
#767 = ORIENTED_EDGE ( 'NONE', *, *, #695, .T. ) ;
#768 = CIRCLE ( 'NONE', #1427, 12.06499999999999950 ) ;
#769 = EDGE_LOOP ( 'NONE', ( #34, #502, #2194, #2128, #1653, #1491, #1904, #2261, #1447, #943, #1381, #1713, #2366, #1280, #2029, #1694, #1646, #983, #938, #1824, #1, #1390 ) ) ;
#770 = DIRECTION ( 'NONE',  ( 0.000000000000000000, 0.000000000000000000, -1.000000000000000000 ) ) ;
#771 = COLOUR_RGB ( '',0.3843137254901960453, 0.3843137254901960453, 0.3843137254901960453 ) ;
#772 = VECTOR ( 'NONE', #2198, 1000.000000000000000 ) ;
#773 = DIRECTION ( 'NONE',  ( 1.000000000000000000, 7.499885326315638580E-17, 0.000000000000000000 ) ) ;
#774 = AXIS2_PLACEMENT_3D ( 'NONE', #1557, #1311, #2275 ) ;
#775 = ORIENTED_EDGE ( 'NONE', *, *, #1209, .T. ) ;
#776 = FACE_OUTER_BOUND ( 'NONE', #935, .T. ) ;
#777 = VECTOR ( 'NONE', #2390, 1000.000000000000000 ) ;
#778 = DIRECTION ( 'NONE',  ( 0.000000000000000000, 0.000000000000000000, -1.000000000000000000 ) ) ;
#779 = EDGE_CURVE ( 'NONE', #453, #406, #23, .T. ) ;
#780 = CARTESIAN_POINT ( 'NONE',  ( 6.826124999999994891, 2.739583333333288184, 3.500000000000000000 ) ) ;
#781 = ADVANCED_FACE ( 'NONE', ( #435 ), #788, .F. ) ;
#782 = DIRECTION ( 'NONE',  ( 0.000000000000000000, 1.000000000000000000, 0.000000000000000000 ) ) ;
#783 = ORIENTED_EDGE ( 'NONE', *, *, #1547, .F. ) ;
#784 = ORIENTED_EDGE ( 'NONE', *, *, #823, .F. ) ;
#785 = DIRECTION ( 'NONE',  ( 0.000000000000000000, 0.000000000000000000, -1.000000000000000000 ) ) ;
#786 = DIRECTION ( 'NONE',  ( 0.000000000000000000, 0.000000000000000000, 1.000000000000000000 ) ) ;
#787 = VERTEX_POINT ( 'NONE', #955 ) ;
#788 = CYLINDRICAL_SURFACE ( 'NONE', #997, 0.7499999999999981126 ) ;
#789 = PLANE ( 'NONE',  #1862 ) ;
#790 = EDGE_CURVE ( 'NONE', #1680, #557, #2274, .T. ) ;
#791 = DIRECTION ( 'NONE',  ( -1.034350389723648184E-16, 1.000000000000000000, -0.000000000000000000 ) ) ;
#792 = ORIENTED_EDGE ( 'NONE', *, *, #79, .T. ) ;
#793 = EDGE_CURVE ( 'NONE', #2057, #2370, #682, .T. ) ;
#794 = ORIENTED_EDGE ( 'NONE', *, *, #953, .T. ) ;
#795 = CARTESIAN_POINT ( 'NONE',  ( 6.826124999999996668, -1.489583333333401649, 3.000000000000000000 ) ) ;
#796 = CARTESIAN_POINT ( 'NONE',  ( 7.326125000000002885, -4.968750000000033751, -0.1269999999999986418 ) ) ;
#797 = UNCERTAINTY_MEASURE_WITH_UNIT (LENGTH_MEASURE( 1.000000000000000082E-05 ), #1985, 'distance_accuracy_value', 'NONE');
#798 = ORIENTED_EDGE ( 'NONE', *, *, #594, .F. ) ;
#799 = DIRECTION ( 'NONE',  ( 0.000000000000000000, 0.000000000000000000, -1.000000000000000000 ) ) ;
#800 = FACE_OUTER_BOUND ( 'NONE', #658, .T. ) ;
#801 = ORIENTED_EDGE ( 'NONE', *, *, #2417, .T. ) ;
#802 = VECTOR ( 'NONE', #57, 1000.000000000000000 ) ;
#803 = DIRECTION ( 'NONE',  ( 0.000000000000000000, 0.000000000000000000, -1.000000000000000000 ) ) ;
#804 = CARTESIAN_POINT ( 'NONE',  ( -7.326124999999991338, 3.489583333333289072, 3.000000000000000000 ) ) ;
#805 = ADVANCED_FACE ( 'NONE', ( #1368 ), #2088, .F. ) ;
#806 = FACE_OUTER_BOUND ( 'NONE', #1727, .T. ) ;
#807 = EDGE_LOOP ( 'NONE', ( #2112, #577, #2074, #932 ) ) ;
#808 = FACE_OUTER_BOUND ( 'NONE', #1853, .T. ) ;
#809 = CIRCLE ( 'NONE', #1195, 0.7499999999999997780 ) ;
#810 = ADVANCED_FACE ( 'NONE', ( #776 ), #414, .T. ) ;
#811 = VECTOR ( 'NONE', #423, 1000.000000000000000 ) ;
#812 = DIRECTION ( 'NONE',  ( 0.000000000000000000, 0.000000000000000000, -1.000000000000000000 ) ) ;
#813 = AXIS2_PLACEMENT_3D ( 'NONE', #1303, #2046, #367 ) ;
#814 = AXIS2_PLACEMENT_3D ( 'NONE', #2418, #575, #773 ) ;
#815 = PRODUCT_DEFINITION_FORMATION_WITH_SPECIFIED_SOURCE ( 'ANY', '', #1573, .NOT_KNOWN. ) ;
#816 = VERTEX_POINT ( 'NONE', #1181 ) ;
#817 = LINE ( 'NONE', #627, #2055 ) ;
#818 = CARTESIAN_POINT ( 'NONE',  ( -7.326124999999997556, 6.968749999999964473, 3.000000000000000000 ) ) ;
#819 = CARTESIAN_POINT ( 'NONE',  ( 4.326125000000002885, -4.968750000000070166, 3.000000000000000000 ) ) ;
#820 = VERTEX_POINT ( 'NONE', #1728 ) ;
#821 = DIRECTION ( 'NONE',  ( 0.000000000000000000, 0.000000000000000000, -1.000000000000000000 ) ) ;
#822 = CARTESIAN_POINT ( 'NONE',  ( 4.826125000000001108, -0.9895833333333960979, 3.000000000000000000 ) ) ;
#823 = EDGE_CURVE ( 'NONE', #1982, #313, #1930, .T. ) ;
#824 = DIRECTION ( 'NONE',  ( 0.000000000000000000, 0.000000000000000000, -1.000000000000000000 ) ) ;
#825 = ORIENTED_EDGE ( 'NONE', *, *, #2295, .F. ) ;
#826 = DIRECTION ( 'NONE',  ( 0.000000000000000000, -1.000000000000000000, 0.000000000000000000 ) ) ;
#827 = CARTESIAN_POINT ( 'NONE',  ( -7.326124999999997556, 6.968749999999964473, 3.000000000000000000 ) ) ;
#828 = DIRECTION ( 'NONE',  ( 1.000000000000000000, 0.000000000000000000, 0.000000000000000000 ) ) ;
#829 = ORIENTED_EDGE ( 'NONE', *, *, #124, .F. ) ;
#830 = CARTESIAN_POINT ( 'NONE',  ( -6.826124999999993115, 3.489583333333289072, 3.500000000000000000 ) ) ;
#831 = CARTESIAN_POINT ( 'NONE',  ( -4.326124999999997556, 6.968749999999964473, 3.000000000000000000 ) ) ;
#832 = CYLINDRICAL_SURFACE ( 'NONE', #324, 2.381250000000000089 ) ;
#833 = ADVANCED_FACE ( 'NONE', ( #216 ), #2265, .F. ) ;
#834 = EDGE_CURVE ( 'NONE', #453, #560, #1314, .T. ) ;
#835 = VERTEX_POINT ( 'NONE', #866 ) ;
#836 = CARTESIAN_POINT ( 'NONE',  ( -4.076124999999995779, -4.968750000000076383, 0.000000000000000000 ) ) ;
#837 = CYLINDRICAL_SURFACE ( 'NONE', #1001, 0.7500000000000015543 ) ;
#838 = FACE_OUTER_BOUND ( 'NONE', #360, .T. ) ;
#839 = AXIS2_PLACEMENT_3D ( 'NONE', #38, #759, #1138 ) ;
#840 = EDGE_LOOP ( 'NONE', ( #1534, #762, #2035, #1269 ) ) ;
#841 = DIRECTION ( 'NONE',  ( 1.000000000000000000, 0.000000000000000000, 0.000000000000000000 ) ) ;
#842 = AXIS2_PLACEMENT_3D ( 'NONE', #390, #2113, #231 ) ;
#843 = DIRECTION ( 'NONE',  ( 0.000000000000000000, 0.000000000000000000, -1.000000000000000000 ) ) ;
#844 = AXIS2_PLACEMENT_3D ( 'NONE', #639, #246, #2347 ) ;
#845 = CARTESIAN_POINT ( 'NONE',  ( 12.06433156043052257, 6.468749999999971578, -0.1269999999999986418 ) ) ;
#846 = MECHANICAL_DESIGN_GEOMETRIC_PRESENTATION_REPRESENTATION (  '', ( #1627 ), #2130 ) ;
#847 = VECTOR ( 'NONE', #170, 1000.000000000000000 ) ;
#848 = ADVANCED_FACE ( 'NONE', ( #2169 ), #1405, .F. ) ;
#849 = VECTOR ( 'NONE', #538, 1000.000000000000000 ) ;
#850 = ORIENTED_EDGE ( 'NONE', *, *, #298, .T. ) ;
#851 = AXIS2_PLACEMENT_3D ( 'NONE', #1345, #1357, #7 ) ;
#852 = ADVANCED_FACE ( 'NONE', ( #78 ), #2351, .T. ) ;
#853 = LINE ( 'NONE', #617, #1275 ) ;
#854 = DIRECTION ( 'NONE',  ( 1.000000000000000000, 0.000000000000000000, 0.000000000000000000 ) ) ;
#855 = PLANE ( 'NONE',  #688 ) ;
#856 = ORIENTED_EDGE ( 'NONE', *, *, #1317, .T. ) ;
#857 = CARTESIAN_POINT ( 'NONE',  ( 4.826125000000001108, 2.739583333333288184, 3.500000000000000000 ) ) ;
#858 = DIRECTION ( 'NONE',  ( 1.000000000000000000, -0.000000000000000000, 0.000000000000000000 ) ) ;
#859 = CARTESIAN_POINT ( 'NONE',  ( 4.826125000000001108, 3.489583333333289072, -0.1269999999999986418 ) ) ;
#860 = ORIENTED_EDGE ( 'NONE', *, *, #1626, .F. ) ;
#861 = CARTESIAN_POINT ( 'NONE',  ( 4.076125000000003773, -4.968750000000065725, 0.1269999999999986418 ) ) ;
#862 = DIRECTION ( 'NONE',  ( 1.000000000000000000, 0.000000000000000000, 0.000000000000000000 ) ) ;
#863 = EDGE_CURVE ( 'NONE', #323, #1486, #1564, .T. ) ;
#864 = PRODUCT_CONTEXT ( 'NONE', #393, 'mechanical' ) ;
#865 = ORIENTED_EDGE ( 'NONE', *, *, #509, .F. ) ;
#866 = CARTESIAN_POINT ( 'NONE',  ( 8.770080501340904888, -4.968750000000077272, 0.1269999999999985862 ) ) ;
#867 = CARTESIAN_POINT ( 'NONE',  ( -3.673940397442057896E-16, 6.968749999999964473, 0.000000000000000000 ) ) ;
#868 = PLANE ( 'NONE',  #2089 ) ;
#869 = EDGE_LOOP ( 'NONE', ( #1887, #153, #1839, #1363 ) ) ;
#870 = DIRECTION ( 'NONE',  ( -4.986031547717761112E-16, 1.000000000000000000, 0.000000000000000000 ) ) ;
#871 = SURFACE_STYLE_FILL_AREA ( #726 ) ;
#872 = ORIENTED_EDGE ( 'NONE', *, *, #1099, .T. ) ;
#873 = ADVANCED_FACE ( 'NONE', ( #1022 ), #1589, .T. ) ;
#874 = VERTEX_POINT ( 'NONE', #1768 ) ;
#875 = CARTESIAN_POINT ( 'NONE',  ( -6.826124999999991338, 2.989583333333285076, 3.000000000000000000 ) ) ;
#876 = CARTESIAN_POINT ( 'NONE',  ( -7.326124999999994891, -4.968750000000073719, 3.000000000000000000 ) ) ;
#877 = EDGE_CURVE ( 'NONE', #13, #963, #523, .T. ) ;
#878 = ORIENTED_EDGE ( 'NONE', *, *, #1523, .F. ) ;
#879 = CARTESIAN_POINT ( 'NONE',  ( 12.06433156043052257, 6.968749999999965361, 0.1269999999999986418 ) ) ;
#880 = CARTESIAN_POINT ( 'NONE',  ( -3.673940397442058389E-16, 6.968749999999965361, 0.000000000000000000 ) ) ;
#881 = CIRCLE ( 'NONE', #1467, 0.5000000000000029976 ) ;
#882 = AXIS2_PLACEMENT_3D ( 'NONE', #1754, #663, #2153 ) ;
#883 = VERTEX_POINT ( 'NONE', #2332 ) ;
#884 = LINE ( 'NONE', #673, #1503 ) ;
#885 = VERTEX_POINT ( 'NONE', #659 ) ;
#886 = AXIS2_PLACEMENT_3D ( 'NONE', #1757, #76, #828 ) ;
#887 = SURFACE_SIDE_STYLE ('',( #1063 ) ) ;
#888 = EDGE_LOOP ( 'NONE', ( #911, #1611, #1758, #1838 ) ) ;
#889 = DIRECTION ( 'NONE',  ( -0.000000000000000000, 0.000000000000000000, -1.000000000000000000 ) ) ;
#890 = FACE_OUTER_BOUND ( 'NONE', #1293, .T. ) ;
#891 = ORIENTED_EDGE ( 'NONE', *, *, #728, .T. ) ;
#892 = FACE_OUTER_BOUND ( 'NONE', #2201, .T. ) ;
#893 = EDGE_CURVE ( 'NONE', #603, #478, #325, .T. ) ;
#894 = CARTESIAN_POINT ( 'NONE',  ( 9.304611397503771641, -4.434271922085064155, 0.1269999999999986418 ) ) ;
#895 = ORIENTED_EDGE ( 'NONE', *, *, #244, .F. ) ;
#896 = B_SPLINE_CURVE_WITH_KNOTS ( 'NONE', 3,
 ( #559, #1307, #977, #375 ),
 .UNSPECIFIED., .F., .F.,
 ( 4, 4 ),
 ( 0.02047991977710263492, 0.02118704699463728677 ),
 .UNSPECIFIED. ) ;
#897 = DIRECTION ( 'NONE',  ( -6.977658674320107912E-16, 1.000000000000000000, -0.000000000000000000 ) ) ;
#898 = ORIENTED_EDGE ( 'NONE', *, *, #1333, .F. ) ;
#899 = APPLICATION_PROTOCOL_DEFINITION ( 'draft international standard', 'automotive_design', 1998, #2375 ) ;
#900 = ORIENTED_EDGE ( 'NONE', *, *, #51, .T. ) ;
#901 = LINE ( 'NONE', #1651, #1859 ) ;
#902 = DIRECTION ( 'NONE',  ( 0.000000000000000000, 0.000000000000000000, -1.000000000000000000 ) ) ;
#903 = VERTEX_POINT ( 'NONE', #1976 ) ;
#904 = FACE_OUTER_BOUND ( 'NONE', #1968, .T. ) ;
#905 = DIRECTION ( 'NONE',  ( 1.000000000000000000, 2.325886224773367168E-16, 0.000000000000000000 ) ) ;
#906 = EDGE_CURVE ( 'NONE', #961, #1097, #962, .T. ) ;
#907 = ORIENTED_EDGE ( 'NONE', *, *, #1578, .T. ) ;
#908 = DIRECTION ( 'NONE',  ( -1.000000000000000000, -1.034350389723648184E-16, 0.000000000000000000 ) ) ;
#909 = EDGE_CURVE ( 'NONE', #2373, #111, #668, .T. ) ;
#910 = FILL_AREA_STYLE_COLOUR ( '', #771 ) ;
#911 = ORIENTED_EDGE ( 'NONE', *, *, #79, .F. ) ;
#912 = VERTEX_POINT ( 'NONE', #262 ) ;
#913 = B_SPLINE_CURVE_WITH_KNOTS ( 'NONE', 3,
 ( #1837, #160, #1449, #525 ),
 .UNSPECIFIED., .F., .F.,
 ( 4, 4 ),
 ( 0.01579904800109934587, 0.01655495149672506563 ),
 .UNSPECIFIED. ) ;
#914 = LINE ( 'NONE', #163, #1707 ) ;
#915 = CARTESIAN_POINT ( 'NONE',  ( 6.826124999999996668, -1.489583333333401649, 3.000000000000000000 ) ) ;
#916 = ORIENTED_EDGE ( 'NONE', *, *, #1731, .F. ) ;
#917 = FACE_OUTER_BOUND ( 'NONE', #1309, .T. ) ;
#918 = PLANE ( 'NONE',  #1158 ) ;
#919 = VECTOR ( 'NONE', #671, 1000.000000000000000 ) ;
#920 = ORIENTED_EDGE ( 'NONE', *, *, #1744, .T. ) ;
#921 = VECTOR ( 'NONE', #70, 1000.000000000000000 ) ;
#922 = ADVANCED_FACE ( 'NONE', ( #2148 ), #2250, .T. ) ;
#923 = AXIS2_PLACEMENT_3D ( 'NONE', #199, #2267, #1142 ) ;
#924 = DIRECTION ( 'NONE',  ( 0.000000000000000000, -0.000000000000000000, -1.000000000000000000 ) ) ;
#925 = VERTEX_POINT ( 'NONE', #2306 ) ;
#926 = AXIS2_PLACEMENT_3D ( 'NONE', #2316, #660, #1566 ) ;
#927 = EDGE_CURVE ( 'NONE', #44, #185, #1963, .T. ) ;
#928 = ORIENTED_EDGE ( 'NONE', *, *, #2269, .F. ) ;
#929 = DIRECTION ( 'NONE',  ( -1.000000000000000000, 0.000000000000000000, 0.000000000000000000 ) ) ;
#930 = VECTOR ( 'NONE', #666, 1000.000000000000000 ) ;
#931 = LINE ( 'NONE', #746, #455 ) ;
#932 = ORIENTED_EDGE ( 'NONE', *, *, #1600, .F. ) ;
#933 = LINE ( 'NONE', #749, #1897 ) ;
#934 = CARTESIAN_POINT ( 'NONE',  ( -11.56430265947756908, 3.968749999999965361, 0.1269999999999986418 ) ) ;
#935 = EDGE_LOOP ( 'NONE', ( #2394, #1086, #1450, #401 ) ) ;
#936 = LINE ( 'NONE', #1302, #28 ) ;
#937 = CARTESIAN_POINT ( 'NONE',  ( 9.524153295700356736, 6.968749999999965361, 0.1269999999999986418 ) ) ;
#938 = ORIENTED_EDGE ( 'NONE', *, *, #223, .F. ) ;
#939 = ORIENTED_EDGE ( 'NONE', *, *, #1833, .F. ) ;
#940 = CARTESIAN_POINT ( 'NONE',  ( -6.826124999999993115, -1.489583333333398318, 3.500000000000000000 ) ) ;
#941 = EDGE_CURVE ( 'NONE', #316, #2147, #1612, .T. ) ;
#942 = CARTESIAN_POINT ( 'NONE',  ( -11.89765545973929761, 6.635416866302386474, -0.1269999999999986418 ) ) ;
#943 = ORIENTED_EDGE ( 'NONE', *, *, #412, .T. ) ;
#944 = DIRECTION ( 'NONE',  ( 0.000000000000000000, 0.000000000000000000, 1.000000000000000000 ) ) ;
#945 = LINE ( 'NONE', #601, #2170 ) ;
#946 = VERTEX_POINT ( 'NONE', #1987 ) ;
#947 = DIRECTION ( 'NONE',  ( 0.000000000000000000, 1.000000000000000000, 0.000000000000000000 ) ) ;
#948 = FACE_OUTER_BOUND ( 'NONE', #386, .T. ) ;
#949 = ORIENTED_EDGE ( 'NONE', *, *, #2160, .F. ) ;
#950 = ORIENTED_EDGE ( 'NONE', *, *, #823, .T. ) ;
#951 = LINE ( 'NONE', #53, #1508 ) ;
#952 = DIRECTION ( 'NONE',  ( 0.000000000000000000, 0.000000000000000000, -1.000000000000000000 ) ) ;
#953 = EDGE_CURVE ( 'NONE', #2069, #2361, #103, .T. ) ;
#954 = ORIENTED_EDGE ( 'NONE', *, *, #1956, .F. ) ;
#955 = CARTESIAN_POINT ( 'NONE',  ( 7.326124999999995779, 3.489583333333289072, 3.000000000000000000 ) ) ;
#956 = LINE ( 'NONE', #2068, #685 ) ;
#957 = EDGE_CURVE ( 'NONE', #2227, #1868, #1000, .T. ) ;
#958 = CONICAL_SURFACE ( 'NONE', #1267, 11.56500000000000483, 0.7853981633974500554 ) ;
#959 = CARTESIAN_POINT ( 'NONE',  ( -4.826124999999997556, 2.989583333333285076, 3.000000000000000000 ) ) ;
#960 = LINE ( 'NONE', #592, #1668 ) ;
#961 = VERTEX_POINT ( 'NONE', #1416 ) ;
#962 = CIRCLE ( 'NONE', #286, 0.7500000000000024425 ) ;
#963 = VERTEX_POINT ( 'NONE', #481 ) ;
#964 = CARTESIAN_POINT ( 'NONE',  ( 4.826125000000001108, -1.489583333333398318, 3.000000000000000000 ) ) ;
#965 = AXIS2_PLACEMENT_3D ( 'NONE', #2075, #1892, #213 ) ;
#966 = VECTOR ( 'NONE', #947, 1000.000000000000000 ) ;
#967 = CARTESIAN_POINT ( 'NONE',  ( -9.524153295700356736, 3.968749999999965361, -0.1269999999999986418 ) ) ;
#968 = ORIENTED_EDGE ( 'NONE', *, *, #40, .F. ) ;
#969 = CARTESIAN_POINT ( 'NONE',  ( 11.73097916805070362, 6.802083541602674366, -0.1269999999999986418 ) ) ;
#970 = AXIS2_PLACEMENT_3D ( 'NONE', #87, #1389, #1562 ) ;
#971 = CARTESIAN_POINT ( 'NONE',  ( -7.326124999999994891, -4.968750000000073719, 3.000000000000000000 ) ) ;
#972 = EDGE_CURVE ( 'NONE', #787, #1007, #60, .T. ) ;
#973 = CARTESIAN_POINT ( 'NONE',  ( -9.524153295700356736, 3.968749999999965361, 0.1269999999999986418 ) ) ;
#974 = ORIENTED_EDGE ( 'NONE', *, *, #1490, .F. ) ;
#975 = LINE ( 'NONE', #2098, #811 ) ;
#976 = FACE_OUTER_BOUND ( 'NONE', #2411, .T. ) ;
#977 = CARTESIAN_POINT ( 'NONE',  ( -11.73097916805070895, 6.802083541602668149, 0.1269999999999986418 ) ) ;
#978 = EDGE_LOOP ( 'NONE', ( #1040, #1580, #891, #230 ) ) ;
#979 = CARTESIAN_POINT ( 'NONE',  ( 4.826125000000001108, 2.739583333333288628, 3.500000000000000000 ) ) ;
#980 = CARTESIAN_POINT ( 'NONE',  ( -6.826124999999993115, -1.489583333333398318, 3.000000000000000000 ) ) ;
#981 = ADVANCED_FACE ( 'NONE', ( #305 ), #333, .T. ) ;
#982 = DIRECTION ( 'NONE',  ( 0.000000000000000000, 0.000000000000000000, -1.000000000000000000 ) ) ;
#983 = ORIENTED_EDGE ( 'NONE', *, *, #1348, .F. ) ;
#984 = EDGE_CURVE ( 'NONE', #2134, #1334, #1295, .T. ) ;
#985 = CARTESIAN_POINT ( 'NONE',  ( -7.326124999999997556, 6.968749999999964473, 3.000000000000000000 ) ) ;
#986 = FACE_OUTER_BOUND ( 'NONE', #1835, .T. ) ;
#987 = CARTESIAN_POINT ( 'NONE',  ( -12.06499999999999950, -4.968750000000077272, -0.1269999999999986418 ) ) ;
#988 = ORIENTED_EDGE ( 'NONE', *, *, #1846, .F. ) ;
#989 = CARTESIAN_POINT ( 'NONE',  ( 12.06433156043052257, 6.468749999999971578, -0.1269999999999986418 ) ) ;
#990 = CARTESIAN_POINT ( 'NONE',  ( 4.076125000000000220, -1.489583333333398318, 3.500000000000000000 ) ) ;
#991 = ORIENTED_EDGE ( 'NONE', *, *, #1535, .T. ) ;
#992 = EDGE_CURVE ( 'NONE', #1998, #1216, #1639, .T. ) ;
#993 = AXIS2_PLACEMENT_3D ( 'NONE', #1832, #1455, #2052 ) ;
#994 = CARTESIAN_POINT ( 'NONE',  ( 6.826124999999994891, -0.9895833333333943216, 3.000000000000000000 ) ) ;
#995 = CARTESIAN_POINT ( 'NONE',  ( -12.06499999999999950, -0.9895833333333943216, -0.1269999999999986418 ) ) ;
#996 = ADVANCED_FACE ( 'NONE', ( #2377 ), #1488, .T. ) ;
#997 = AXIS2_PLACEMENT_3D ( 'NONE', #1502, #206, #1531 ) ;
#998 = DIRECTION ( 'NONE',  ( 0.000000000000000000, 0.000000000000000000, 1.000000000000000000 ) ) ;
#999 = ORIENTED_EDGE ( 'NONE', *, *, #513, .F. ) ;
#1000 = LINE ( 'NONE', #2342, #921 ) ;
#1001 = AXIS2_PLACEMENT_3D ( 'NONE', #2110, #2338, #1400 ) ;
#1002 = CLOSED_SHELL ( 'NONE', ( #922, #112, #675, #760, #2399, #1579, #810, #192, #1941, #708, #2339, #805, #12, #1967, #1286, #547, #1996, #1380, #552, #1362, #653, #873, #679, #2007, #665, #2043, #1458, #1237, #1282, #625, #1899, #1657, #1234, #1052, #981, #1371 ) ) ;
#1003 = LINE ( 'NONE', #447, #254 ) ;
#1004 = VECTOR ( 'NONE', #1197, 1000.000000000000000 ) ;
#1005 = CARTESIAN_POINT ( 'NONE',  ( -6.826124999999993115, -0.7395833333334010939, 3.500000000000000000 ) ) ;
#1006 = AXIS2_PLACEMENT_3D ( 'NONE', #1951, #55, #1030 ) ;
#1007 = VERTEX_POINT ( 'NONE', #1441 ) ;
#1008 = DIRECTION ( 'NONE',  ( 1.000000000000000000, -0.000000000000000000, -0.000000000000000000 ) ) ;
#1009 = FACE_OUTER_BOUND ( 'NONE', #689, .T. ) ;
#1010 = DIRECTION ( 'NONE',  ( 0.000000000000000000, 0.000000000000000000, -1.000000000000000000 ) ) ;
#1011 = EDGE_CURVE ( 'NONE', #1457, #1691, #358, .T. ) ;
#1012 = ORIENTED_EDGE ( 'NONE', *, *, #1817, .T. ) ;
#1013 = CARTESIAN_POINT ( 'NONE',  ( -6.826124999999993115, 3.489583333333289072, 3.500000000000000000 ) ) ;
#1014 = B_SPLINE_CURVE_WITH_KNOTS ( 'NONE', 3,
 ( #894, #563, #580, #1349 ),
 .UNSPECIFIED., .F., .F.,
 ( 4, 4 ),
 ( 0.01579904800109934934, 0.01655495149672506563 ),
 .UNSPECIFIED. ) ;
#1015 = DIRECTION ( 'NONE',  ( -1.000000000000000000, 0.000000000000000000, 0.000000000000000000 ) ) ;
#1016 = DIRECTION ( 'NONE',  ( 4.986031547717756181E-16, 1.000000000000000000, 0.000000000000000000 ) ) ;
#1017 = ORIENTED_EDGE ( 'NONE', *, *, #1358, .F. ) ;
#1018 = CARTESIAN_POINT ( 'NONE',  ( -9.377792186689479337, -3.299931291483479523, 0.1269999999999986418 ) ) ;
#1019 = LINE ( 'NONE', #1365, #1392 ) ;
#1020 = DIRECTION ( 'NONE',  ( 1.000000000000000000, 1.034350389723648184E-16, 0.000000000000000000 ) ) ;
#1021 = ORIENTED_EDGE ( 'NONE', *, *, #1786, .F. ) ;
#1022 = FACE_OUTER_BOUND ( 'NONE', #611, .T. ) ;
#1023 = EDGE_CURVE ( 'NONE', #787, #197, #139, .T. ) ;
#1024 = FACE_OUTER_BOUND ( 'NONE', #1451, .T. ) ;
#1025 = CARTESIAN_POINT ( 'NONE',  ( 4.076125000000000220, -1.489583333333398318, 0.1269999999999986418 ) ) ;
#1026 = EDGE_CURVE ( 'NONE', #1958, #313, #914, .T. ) ;
#1027 = VERTEX_POINT ( 'NONE', #731 ) ;
#1028 = CARTESIAN_POINT ( 'NONE',  ( -4.076124999999995779, 6.968749999999964473, 3.500000000000000000 ) ) ;
#1029 = LINE ( 'NONE', #1223, #27 ) ;
#1030 = DIRECTION ( 'NONE',  ( 1.000000000000000000, -1.156482317317871725E-15, 0.000000000000000000 ) ) ;
#1031 = ORIENTED_EDGE ( 'NONE', *, *, #1418, .F. ) ;
#1032 = CARTESIAN_POINT ( 'NONE',  ( 4.076125000000001108, 6.968749999999966249, 0.000000000000000000 ) ) ;
#1033 = AXIS2_PLACEMENT_3D ( 'NONE', #1045, #1242, #1575 ) ;
#1034 = FACE_OUTER_BOUND ( 'NONE', #1176, .T. ) ;
#1035 =( GEOMETRIC_REPRESENTATION_CONTEXT ( 3 ) GLOBAL_UNCERTAINTY_ASSIGNED_CONTEXT ( ( #2405 ) ) GLOBAL_UNIT_ASSIGNED_CONTEXT ( ( #541, #312, #500 ) ) REPRESENTATION_CONTEXT ( 'NONE', 'WORKASPACE' ) );
#1036 = CARTESIAN_POINT ( 'NONE',  ( -11.89765545973730276, 4.302083133695551176, -0.1269999999999986418 ) ) ;
#1037 = VECTOR ( 'NONE', #1760, 1000.000000000000000 ) ;
#1038 = VECTOR ( 'NONE', #1285, 1000.000000000000000 ) ;
#1039 = ADVANCED_FACE ( 'NONE', ( #1661 ), #2026, .T. ) ;
#1040 = ORIENTED_EDGE ( 'NONE', *, *, #1784, .T. ) ;
#1041 = DIRECTION ( 'NONE',  ( 1.000000000000000000, 9.320979865042502322E-17, 0.000000000000000000 ) ) ;
#1042 = FACE_OUTER_BOUND ( 'NONE', #1525, .T. ) ;
#1043 = DIRECTION ( 'NONE',  ( 0.000000000000000000, 0.000000000000000000, 1.000000000000000000 ) ) ;
#1044 = VERTEX_POINT ( 'NONE', #2402 ) ;
#1045 = CARTESIAN_POINT ( 'NONE',  ( -3.156765202580240953E-16, 6.468749999999972466, 0.000000000000000000 ) ) ;
#1046 = CARTESIAN_POINT ( 'NONE',  ( 6.826124999999994891, -0.9895833333333943216, 3.000000000000000000 ) ) ;
#1047 = DIRECTION ( 'NONE',  ( 1.000000000000000000, 0.000000000000000000, 0.000000000000000000 ) ) ;
#1048 = ORIENTED_EDGE ( 'NONE', *, *, #1568, .F. ) ;
#1049 = ADVANCED_FACE ( 'NONE', ( #2181 ), #503, .T. ) ;
#1050 = CARTESIAN_POINT ( 'NONE',  ( -12.06499999999999950, 6.968749999999964473, -0.1269999999999986418 ) ) ;
#1051 = CARTESIAN_POINT ( 'NONE',  ( -7.326124999999997556, 6.968749999999964473, 3.000000000000000000 ) ) ;
#1052 = ADVANCED_FACE ( 'NONE', ( #1477 ), #1999, .T. ) ;
#1053 = VERTEX_POINT ( 'NONE', #1095 ) ;
#1054 = DIRECTION ( 'NONE',  ( -1.000000000000000000, 0.000000000000000000, 0.000000000000000000 ) ) ;
#1055 = CARTESIAN_POINT ( 'NONE',  ( -8.770080501340904888, -4.968750000000077272, 0.1269999999999985862 ) ) ;
#1056 = ORIENTED_EDGE ( 'NONE', *, *, #2202, .F. ) ;
#1057 = FACE_OUTER_BOUND ( 'NONE', #194, .T. ) ;
#1058 = DIRECTION ( 'NONE',  ( 4.986031547717759140E-16, 1.000000000000000000, -0.000000000000000000 ) ) ;
#1059 = ORIENTED_EDGE ( 'NONE', *, *, #274, .T. ) ;
#1060 = CARTESIAN_POINT ( 'NONE',  ( 4.076125000000000220, -1.489583333333398318, 3.500000000000000000 ) ) ;
#1061 = CARTESIAN_POINT ( 'NONE',  ( 6.826124999999994891, 2.989583333333285076, 3.000000000000000000 ) ) ;
#1062 = EDGE_LOOP ( 'NONE', ( #1656, #508, #1068, #1724, #138, #1133, #1185, #2398, #1155, #1401, #1105, #1876, #1227, #1376, #149, #2335, #389, #1697, #2230, #276, #1852, #319 ) ) ;
#1063 = SURFACE_STYLE_FILL_AREA ( #2009 ) ;
#1064 = ORIENTED_EDGE ( 'NONE', *, *, #1383, .F. ) ;
#1065 = FACE_OUTER_BOUND ( 'NONE', #702, .T. ) ;
#1066 = EDGE_CURVE ( 'NONE', #445, #1346, #768, .T. ) ;
#1067 = CARTESIAN_POINT ( 'NONE',  ( 4.826125000000001108, 2.989583333333286852, 3.000000000000000000 ) ) ;
#1068 = ORIENTED_EDGE ( 'NONE', *, *, #2145, .T. ) ;
#1069 = DIRECTION ( 'NONE',  ( -1.000000000000000000, 0.000000000000000000, 0.000000000000000000 ) ) ;
#1070 = VECTOR ( 'NONE', #1990, 1000.000000000000000 ) ;
#1071 = LINE ( 'NONE', #309, #1821 ) ;
#1072 = VECTOR ( 'NONE', #1194, 1000.000000000000000 ) ;
#1073 = STYLED_ITEM ( 'NONE', ( #1261 ), #1397 ) ;
#1074 = AXIS2_PLACEMENT_3D ( 'NONE', #2189, #510, #1260 ) ;
#1075 = ORIENTED_EDGE ( 'NONE', *, *, #1101, .T. ) ;
#1076 = VECTOR ( 'NONE', #1682, 1000.000000000000000 ) ;
#1077 = DIRECTION ( 'NONE',  ( 1.000000000000000000, 1.034350389723648184E-16, 0.000000000000000000 ) ) ;
#1078 = SURFACE_SIDE_STYLE ('',( #1437 ) ) ;
#1079 = EDGE_LOOP ( 'NONE', ( #1305, #243, #1359, #2301, #2233, #1259, #114, #1372, #2180, #2277, #470, #2044 ) ) ;
#1080 = CIRCLE ( 'NONE', #1006, 0.7499999999999997780 ) ;
#1081 = APPLICATION_PROTOCOL_DEFINITION ( 'draft international standard', 'automotive_design', 1998, #393 ) ;
#1082 = EDGE_LOOP ( 'NONE', ( #1585, #2387, #872, #266 ) ) ;
#1083 = DIRECTION ( 'NONE',  ( 1.734723475976813997E-15, -1.000000000000000000, 0.000000000000000000 ) ) ;
#1084 = FACE_OUTER_BOUND ( 'NONE', #1686, .T. ) ;
#1085 = EDGE_CURVE ( 'NONE', #2024, #883, #1273, .T. ) ;
#1086 = ORIENTED_EDGE ( 'NONE', *, *, #893, .T. ) ;
#1087 = DIRECTION ( 'NONE',  ( 0.000000000000000000, 0.000000000000000000, -1.000000000000000000 ) ) ;
#1088 = LINE ( 'NONE', #1632, #334 ) ;
#1089 = ADVANCED_FACE ( 'NONE', ( #1065 ), #1813, .T. ) ;
#1090 = VERTEX_POINT ( 'NONE', #123 ) ;
#1091 = DIRECTION ( 'NONE',  ( 1.000000000000000000, 0.000000000000000000, 0.000000000000000000 ) ) ;
#1092 = LINE ( 'NONE', #1851, #648 ) ;
#1093 = EDGE_LOOP ( 'NONE', ( #392, #2217, #667, #1425 ) ) ;
#1094 = ORIENTED_EDGE ( 'NONE', *, *, #2253, .T. ) ;
#1095 = CARTESIAN_POINT ( 'NONE',  ( 7.576125000000002885, -1.489583333333398318, 0.1269999999999986418 ) ) ;
#1096 = LINE ( 'NONE', #1652, #1236 ) ;
#1097 = VERTEX_POINT ( 'NONE', #1623 ) ;
#1098 = CARTESIAN_POINT ( 'NONE',  ( -2.377860921605803757, 6.968749999999964473, 0.1269999999999986418 ) ) ;
#1099 = EDGE_CURVE ( 'NONE', #1334, #1137, #646, .T. ) ;
#1100 = DIRECTION ( 'NONE',  ( 1.000000000000000000, 7.499885326315634882E-17, 0.000000000000000000 ) ) ;
#1101 = EDGE_CURVE ( 'NONE', #77, #294, #901, .T. ) ;
#1102 = ORIENTED_EDGE ( 'NONE', *, *, #2349, .T. ) ;
#1103 = LINE ( 'NONE', #764, #1902 ) ;
#1104 = VERTEX_POINT ( 'NONE', #715 ) ;
#1105 = ORIENTED_EDGE ( 'NONE', *, *, #1165, .F. ) ;
#1106 = DIRECTION ( 'NONE',  ( 0.000000000000000000, 0.000000000000000000, -1.000000000000000000 ) ) ;
#1107 = CARTESIAN_POINT ( 'NONE',  ( -12.06499999999999950, -0.7395833333334010939, 0.1269999999999986418 ) ) ;
#1108 = EDGE_LOOP ( 'NONE', ( #1205, #1778, #928, #898, #544, #2379 ) ) ;
#1109 = CARTESIAN_POINT ( 'NONE',  ( -7.326124999999977128, -4.968750000000068390, -0.1269999999999986418 ) ) ;
#1110 = DIRECTION ( 'NONE',  ( 1.000000000000000000, 2.602085213965211430E-15, 0.000000000000000000 ) ) ;
#1111 = VECTOR ( 'NONE', #1162, 1000.000000000000000 ) ;
#1112 = EDGE_CURVE ( 'NONE', #1435, #1698, #1688, .T. ) ;
#1113 = ORIENTED_EDGE ( 'NONE', *, *, #610, .F. ) ;
#1114 = VECTOR ( 'NONE', #1463, 1000.000000000000000 ) ;
#1115 = ADVANCED_FACE ( 'NONE', ( #986 ), #2262, .T. ) ;
#1116 = VECTOR ( 'NONE', #1807, 1000.000000000000000 ) ;
#1117 = CARTESIAN_POINT ( 'NONE',  ( -2.377860921605801980, -4.968750000000077272, -0.1269999999999985862 ) ) ;
#1118 = VECTOR ( 'NONE', #2396, 1000.000000000000000 ) ;
#1119 = CARTESIAN_POINT ( 'NONE',  ( -4.826124999999997556, -1.489583333333398318, -0.1269999999999986418 ) ) ;
#1120 = ORIENTED_EDGE ( 'NONE', *, *, #299, .T. ) ;
#1121 = ORIENTED_EDGE ( 'NONE', *, *, #1175, .F. ) ;
#1122 = DIRECTION ( 'NONE',  ( -1.034350389723648184E-16, 1.000000000000000000, -0.000000000000000000 ) ) ;
#1123 = AXIS2_PLACEMENT_3D ( 'NONE', #987, #1366, #1587 ) ;
#1124 = CARTESIAN_POINT ( 'NONE',  ( -7.576124999999997556, 6.968749999999964473, 3.500000000000000000 ) ) ;
#1125 = ORIENTED_EDGE ( 'NONE', *, *, #438, .T. ) ;
#1126 = DIRECTION ( 'NONE',  ( 0.000000000000000000, 1.000000000000000000, 0.000000000000000000 ) ) ;
#1127 = CYLINDRICAL_SURFACE ( 'NONE', #1940, 0.7499999999999997780 ) ;
#1128 = ORIENTED_EDGE ( 'NONE', *, *, #1414, .F. ) ;
#1129 = CARTESIAN_POINT ( 'NONE',  ( 4.826125000000001108, 3.489583333333289072, 3.500000000000000000 ) ) ;
#1130 = CARTESIAN_POINT ( 'NONE',  ( 4.826125000000001108, 2.989583333333286852, -0.1269999999999986418 ) ) ;
#1131 = ORIENTED_EDGE ( 'NONE', *, *, #984, .T. ) ;
#1132 = EDGE_CURVE ( 'NONE', #1090, #1953, #881, .T. ) ;
#1133 = ORIENTED_EDGE ( 'NONE', *, *, #1112, .T. ) ;
#1134 = CARTESIAN_POINT ( 'NONE',  ( -11.73097916805278196, 4.135416458399340023, 0.1269999999999986418 ) ) ;
#1135 = EDGE_CURVE ( 'NONE', #1698, #2025, #301, .T. ) ;
#1136 = CARTESIAN_POINT ( 'NONE',  ( -9.304611397503771641, -4.434271922085065043, 0.1269999999999986418 ) ) ;
#1137 = VERTEX_POINT ( 'NONE', #804 ) ;
#1138 = DIRECTION ( 'NONE',  ( 1.000000000000000000, 1.034350389723648184E-16, 0.000000000000000000 ) ) ;
#1139 = CARTESIAN_POINT ( 'NONE',  ( -7.326124999999991338, 3.489583333333289072, 3.000000000000000000 ) ) ;
#1140 = ORIENTED_EDGE ( 'NONE', *, *, #8, .F. ) ;
#1141 = DIRECTION ( 'NONE',  ( 2.325886224773367168E-16, -1.000000000000000000, 0.000000000000000000 ) ) ;
#1142 = DIRECTION ( 'NONE',  ( -1.000000000000000000, -1.138269997360109921E-16, 0.000000000000000000 ) ) ;
#1143 = ORIENTED_EDGE ( 'NONE', *, *, #2320, .T. ) ;
#1144 = EDGE_CURVE ( 'NONE', #2370, #1828, #572, .T. ) ;
#1145 = ORIENTED_EDGE ( 'NONE', *, *, #1704, .T. ) ;
#1146 = CARTESIAN_POINT ( 'NONE',  ( -3.673940397442059868E-16, 6.968749999999965361, 0.000000000000000000 ) ) ;
#1147 = DIRECTION ( 'NONE',  ( -1.000000000000000000, -7.189073667537534461E-17, 0.000000000000000000 ) ) ;
#1148 = EDGE_CURVE ( 'NONE', #22, #2273, #1739, .T. ) ;
#1149 = EDGE_LOOP ( 'NONE', ( #2066, #1326, #439, #950 ) ) ;
#1150 = CARTESIAN_POINT ( 'NONE',  ( -6.826124999999993115, 3.489583333333289072, 3.500000000000000000 ) ) ;
#1151 = DIRECTION ( 'NONE',  ( 1.000000000000000000, 9.888972044104479000E-17, 0.000000000000000000 ) ) ;
#1152 = VECTOR ( 'NONE', #1126, 1000.000000000000000 ) ;
#1153 = DIRECTION ( 'NONE',  ( 1.034350389723648184E-16, -1.000000000000000000, 0.000000000000000000 ) ) ;
#1154 = AXIS2_PLACEMENT_3D ( 'NONE', #2416, #1083, #2235 ) ;
#1155 = ORIENTED_EDGE ( 'NONE', *, *, #2258, .T. ) ;
#1156 = AXIS2_PLACEMENT_3D ( 'NONE', #75, #432, #854 ) ;
#1157 = DIRECTION ( 'NONE',  ( -1.000000000000000000, -1.034350389723648184E-16, 0.000000000000000000 ) ) ;
#1158 = AXIS2_PLACEMENT_3D ( 'NONE', #1822, #905, #2410 ) ;
#1159 = DIRECTION ( 'NONE',  ( 0.000000000000000000, -0.000000000000000000, -1.000000000000000000 ) ) ;
#1160 = CONICAL_SURFACE ( 'NONE', #774, 12.06499999999999950, 0.7853981633974517207 ) ;
#1161 = ORIENTED_EDGE ( 'NONE', *, *, #984, .F. ) ;
#1162 = DIRECTION ( 'NONE',  ( 1.000000000000000000, 0.000000000000000000, 0.000000000000000000 ) ) ;
#1163 = EDGE_CURVE ( 'NONE', #240, #475, #618, .T. ) ;
#1164 = FACE_OUTER_BOUND ( 'NONE', #338, .T. ) ;
#1165 = EDGE_CURVE ( 'NONE', #1097, #406, #607, .T. ) ;
#1166 = CARTESIAN_POINT ( 'NONE',  ( 4.826125000000001108, -1.489583333333398318, 3.500000000000000000 ) ) ;
#1167 = ORIENTED_EDGE ( 'NONE', *, *, #270, .T. ) ;
#1168 = ORIENTED_EDGE ( 'NONE', *, *, #1797, .T. ) ;
#1169 = FACE_OUTER_BOUND ( 'NONE', #1454, .T. ) ;
#1170 = CARTESIAN_POINT ( 'NONE',  ( 7.576125000000002885, -1.489583333333398318, 3.500000000000000000 ) ) ;
#1171 = ORIENTED_EDGE ( 'NONE', *, *, #30, .T. ) ;
#1172 = DIRECTION ( 'NONE',  ( 0.000000000000000000, -0.000000000000000000, 1.000000000000000000 ) ) ;
#1173 = CARTESIAN_POINT ( 'NONE',  ( 2.377860921605799316, 6.968749999999964473, 0.1269999999999986418 ) ) ;
#1174 = EDGE_CURVE ( 'NONE', #1443, #2011, #228, .T. ) ;
#1175 = EDGE_CURVE ( 'NONE', #2152, #885, #951, .T. ) ;
#1176 = EDGE_LOOP ( 'NONE', ( #536, #753, #147, #1193 ) ) ;
#1177 = CARTESIAN_POINT ( 'NONE',  ( 4.076125000000003773, -4.968750000000077272, 0.1269999999999986418 ) ) ;
#1178 = CARTESIAN_POINT ( 'NONE',  ( -6.826124999999993115, -0.7395833333334010939, 0.1269999999999986418 ) ) ;
#1179 = PLANE ( 'NONE',  #886 ) ;
#1180 = ORIENTED_EDGE ( 'NONE', *, *, #2353, .F. ) ;
#1181 = CARTESIAN_POINT ( 'NONE',  ( 4.326125000000002885, 6.968749999999962697, -0.1269999999999986418 ) ) ;
#1182 = CYLINDRICAL_SURFACE ( 'NONE', #1395, 2.381250000000000089 ) ;
#1183 = FACE_OUTER_BOUND ( 'NONE', #1262, .T. ) ;
#1184 = EDGE_CURVE ( 'NONE', #408, #323, #755, .T. ) ;
#1185 = ORIENTED_EDGE ( 'NONE', *, *, #1135, .T. ) ;
#1186 = AXIS2_PLACEMENT_3D ( 'NONE', #2005, #291, #1041 ) ;
#1187 = EDGE_CURVE ( 'NONE', #1007, #1599, #1871, .T. ) ;
#1188 = CIRCLE ( 'NONE', #2163, 0.7500000000000015543 ) ;
#1189 = DIRECTION ( 'NONE',  ( 0.000000000000000000, 0.000000000000000000, -1.000000000000000000 ) ) ;
#1190 = FACE_OUTER_BOUND ( 'NONE', #42, .T. ) ;
#1191 = AXIS2_PLACEMENT_3D ( 'NONE', #1907, #1122, #2279 ) ;
#1192 = LINE ( 'NONE', #101, #1434 ) ;
#1193 = ORIENTED_EDGE ( 'NONE', *, *, #1494, .T. ) ;
#1194 = DIRECTION ( 'NONE',  ( 1.000000000000000000, 0.000000000000000000, 0.000000000000000000 ) ) ;
#1195 = AXIS2_PLACEMENT_3D ( 'NONE', #940, #387, #1917 ) ;
#1196 = AXIS2_PLACEMENT_3D ( 'NONE', #2337, #1189, #1364 ) ;
#1197 = DIRECTION ( 'NONE',  ( 1.000000000000000000, 1.034350389723648184E-16, 0.000000000000000000 ) ) ;
#1198 = VECTOR ( 'NONE', #49, 1000.000000000000000 ) ;
#1199 = CARTESIAN_POINT ( 'NONE',  ( -3.156765202580240953E-16, 6.468749999999972466, 0.000000000000000000 ) ) ;
#1200 = VECTOR ( 'NONE', #543, 1000.000000000000000 ) ;
#1201 = VERTEX_POINT ( 'NONE', #2064 ) ;
#1202 = DIRECTION ( 'NONE',  ( -1.000000000000000000, -1.138269997360109921E-16, 0.000000000000000000 ) ) ;
#1203 = DIRECTION ( 'NONE',  ( 4.986031547717761112E-16, -1.000000000000000000, 0.000000000000000000 ) ) ;
#1204 = EDGE_CURVE ( 'NONE', #820, #1241, #136, .T. ) ;
#1205 = ORIENTED_EDGE ( 'NONE', *, *, #1772, .T. ) ;
#1206 = CARTESIAN_POINT ( 'NONE',  ( 9.126434937770888212, -4.612431787071687772, -0.1269999999999986418 ) ) ;
#1207 = ORIENTED_EDGE ( 'NONE', *, *, #710, .T. ) ;
#1208 = DIRECTION ( 'NONE',  ( -1.000000000000000000, -7.499885326315634882E-17, 0.000000000000000000 ) ) ;
#1209 = EDGE_CURVE ( 'NONE', #586, #77, #809, .T. ) ;
#1210 = CARTESIAN_POINT ( 'NONE',  ( -3.673940397442057403E-16, 6.968749999999964473, 0.000000000000000000 ) ) ;
#1211 = DIRECTION ( 'NONE',  ( 1.000000000000000000, 0.000000000000000000, 0.000000000000000000 ) ) ;
#1212 = ORIENTED_EDGE ( 'NONE', *, *, #863, .T. ) ;
#1213 = DIRECTION ( 'NONE',  ( 0.000000000000000000, 0.000000000000000000, -1.000000000000000000 ) ) ;
#1214 = CARTESIAN_POINT ( 'NONE',  ( 6.826124999999996668, 3.489583333333285520, 3.000000000000000000 ) ) ;
#1215 = DIRECTION ( 'NONE',  ( -1.000000000000000000, 0.000000000000000000, 0.000000000000000000 ) ) ;
#1216 = VERTEX_POINT ( 'NONE', #1881 ) ;
#1217 = DIRECTION ( 'NONE',  ( -1.034350389723649663E-16, 1.000000000000000000, -0.000000000000000000 ) ) ;
#1218 = CARTESIAN_POINT ( 'NONE',  ( -4.826124999999997556, -0.7395833333334010939, 0.1269999999999986418 ) ) ;
#1219 = ADVANCED_FACE ( 'NONE', ( #1169 ), #202, .F. ) ;
#1220 = DIRECTION ( 'NONE',  ( 1.034350389723647568E-16, -1.000000000000000000, 0.000000000000000000 ) ) ;
#1221 = ORIENTED_EDGE ( 'NONE', *, *, #1523, .T. ) ;
#1222 = CARTESIAN_POINT ( 'NONE',  ( -9.304611397503771641, -4.434271922085065043, 0.1269999999999986418 ) ) ;
#1223 = CARTESIAN_POINT ( 'NONE',  ( -12.06499999999999950, 2.739583333333288184, 0.1269999999999986418 ) ) ;
#1224 = ORIENTED_EDGE ( 'NONE', *, *, #2059, .T. ) ;
#1225 = CYLINDRICAL_SURFACE ( 'NONE', #2058, 0.7499999999999997780 ) ;
#1226 = AXIS2_PLACEMENT_3D ( 'NONE', #1920, #241, #1172 ) ;
#1227 = ORIENTED_EDGE ( 'NONE', *, *, #1317, .F. ) ;
#1228 = DIRECTION ( 'NONE',  ( 1.000000000000000000, 0.000000000000000000, 0.000000000000000000 ) ) ;
#1229 = B_SPLINE_CURVE_WITH_KNOTS ( 'NONE', 3,
 ( #674, #1422, #2166, #1984, #1795, #120, #187 ),
 .UNSPECIFIED., .F., .F.,
 ( 4, 3, 4 ),
 ( 0.01939199326070985621, 0.02024352536151104512, 0.02280208957126345082 ),
 .UNSPECIFIED. ) ;
#1230 = CARTESIAN_POINT ( 'NONE',  ( 11.89765545973929761, 6.635416866302388250, 0.1269999999999986418 ) ) ;
#1231 = AXIS2_PLACEMENT_3D ( 'NONE', #292, #1755, #1203 ) ;
#1232 = CIRCLE ( 'NONE', #1074, 2.381250000000000089 ) ;
#1233 = LINE ( 'NONE', #496, #919 ) ;
#1234 = ADVANCED_FACE ( 'NONE', ( #35 ), #1517, .T. ) ;
#1235 = CIRCLE ( 'NONE', #1321, 2.381250000000000089 ) ;
#1236 = VECTOR ( 'NONE', #1841, 1000.000000000000000 ) ;
#1237 = ADVANCED_FACE ( 'NONE', ( #976 ), #2271, .T. ) ;
#1238 = ORIENTED_EDGE ( 'NONE', *, *, #1428, .T. ) ;
#1239 = DIRECTION ( 'NONE',  ( 1.034350389723647568E-16, -1.000000000000000000, 0.000000000000000000 ) ) ;
#1240 = FILL_AREA_STYLE_COLOUR ( '', #2210 ) ;
#1241 = VERTEX_POINT ( 'NONE', #45 ) ;
#1242 = DIRECTION ( 'NONE',  ( 1.034350389723647568E-16, -1.000000000000000000, 0.000000000000000000 ) ) ;
#1243 = CARTESIAN_POINT ( 'NONE',  ( 9.524153295700356736, -1.031250000000034639, -0.1269999999999986418 ) ) ;
#1244 = VERTEX_POINT ( 'NONE', #827 ) ;
#1245 = DIRECTION ( 'NONE',  ( -0.000000000000000000, 1.000000000000000000, 0.000000000000000000 ) ) ;
#1246 = PLANE ( 'NONE',  #290 ) ;
#1247 = EDGE_CURVE ( 'NONE', #1244, #384, #85, .T. ) ;
#1248 = VERTEX_POINT ( 'NONE', #2312 ) ;
#1249 = EDGE_CURVE ( 'NONE', #1514, #1929, #1019, .T. ) ;
#1250 = DIRECTION ( 'NONE',  ( -1.034350389723648184E-16, 1.000000000000000000, 0.000000000000000000 ) ) ;
#1251 = SURFACE_STYLE_USAGE ( .BOTH. , #2219 ) ;
#1252 = ORIENTED_EDGE ( 'NONE', *, *, #1506, .F. ) ;
#1253 = ORIENTED_EDGE ( 'NONE', *, *, #728, .F. ) ;
#1254 = CARTESIAN_POINT ( 'NONE',  ( -12.06499999999999950, -4.968750000000077272, -0.1269999999999986418 ) ) ;
#1255 = LINE ( 'NONE', #152, #652 ) ;
#1256 = VERTEX_POINT ( 'NONE', #1765 ) ;
#1257 = CARTESIAN_POINT ( 'NONE',  ( -4.826124999999997556, -1.489583333333398318, 3.500000000000000000 ) ) ;
#1258 = DIRECTION ( 'NONE',  ( -1.000000000000000000, 4.986031547717759140E-16, 0.000000000000000000 ) ) ;
#1259 = ORIENTED_EDGE ( 'NONE', *, *, #1204, .T. ) ;
#1260 = DIRECTION ( 'NONE',  ( -1.000000000000000000, 0.000000000000000000, 0.000000000000000000 ) ) ;
#1261 = PRESENTATION_STYLE_ASSIGNMENT (( #1251 ) ) ;
#1262 = EDGE_LOOP ( 'NONE', ( #2096, #1622, #1563, #1290 ) ) ;
#1263 = EDGE_CURVE ( 'NONE', #569, #2227, #2016, .T. ) ;
#1264 = ORIENTED_EDGE ( 'NONE', *, *, #440, .T. ) ;
#1265 = DIRECTION ( 'NONE',  ( 0.000000000000000000, -1.000000000000000000, -0.000000000000000000 ) ) ;
#1266 = EDGE_CURVE ( 'NONE', #816, #255, #1386, .T. ) ;
#1267 = AXIS2_PLACEMENT_3D ( 'NONE', #711, #1239, #699 ) ;
#1268 = CARTESIAN_POINT ( 'NONE',  ( -2.377860921605808198, 6.968749999999964473, -0.1269999999999986418 ) ) ;
#1269 = ORIENTED_EDGE ( 'NONE', *, *, #533, .F. ) ;
#1270 = CARTESIAN_POINT ( 'NONE',  ( 7.326124999999975351, -4.968750000000120792, -0.1269999999999986418 ) ) ;
#1271 = CIRCLE ( 'NONE', #1350, 0.7499999999999981126 ) ;
#1272 = CARTESIAN_POINT ( 'NONE',  ( -4.076124999999995779, 6.968749999999965361, 0.000000000000000000 ) ) ;
#1273 = CIRCLE ( 'NONE', #1934, 0.5000000000000022204 ) ;
#1274 = AXIS2_PLACEMENT_3D ( 'NONE', #15, #782, #1867 ) ;
#1275 = VECTOR ( 'NONE', #1775, 1000.000000000000000 ) ;
#1276 = ORIENTED_EDGE ( 'NONE', *, *, #1144, .T. ) ;
#1277 = CIRCLE ( 'NONE', #222, 0.5000000000000022204 ) ;
#1278 = LINE ( 'NONE', #2022, #1118 ) ;
#1279 = DIRECTION ( 'NONE',  ( -1.000000000000000000, 0.000000000000000000, -0.000000000000000000 ) ) ;
#1280 = ORIENTED_EDGE ( 'NONE', *, *, #259, .F. ) ;
#1281 = CARTESIAN_POINT ( 'NONE',  ( 0.000000000000000000, 0.000000000000000000, 0.000000000000000000 ) ) ;
#1282 = ADVANCED_FACE ( 'NONE', ( #1009 ), #457, .T. ) ;
#1283 = VERTEX_POINT ( 'NONE', #1960 ) ;
#1284 = CARTESIAN_POINT ( 'NONE',  ( 7.326124999999995779, 3.489583333333289072, 3.000000000000000000 ) ) ;
#1285 = DIRECTION ( 'NONE',  ( 0.000000000000000000, 0.000000000000000000, -1.000000000000000000 ) ) ;
#1286 = ADVANCED_FACE ( 'NONE', ( #2154 ), #1743, .T. ) ;
#1287 = ORIENTED_EDGE ( 'NONE', *, *, #779, .F. ) ;
#1288 = CYLINDRICAL_SURFACE ( 'NONE', #2010, 0.5000000000000013323 ) ;
#1289 = LINE ( 'NONE', #146, #1076 ) ;
#1290 = ORIENTED_EDGE ( 'NONE', *, *, #2222, .F. ) ;
#1291 = LINE ( 'NONE', #2231, #2325 ) ;
#1292 =( LENGTH_UNIT ( ) NAMED_UNIT ( * ) SI_UNIT ( .MILLI., .METRE. ) );
#1293 = EDGE_LOOP ( 'NONE', ( #616, #620, #1128, #2197, #1161, #939 ) ) ;
#1294 = ORIENTED_EDGE ( 'NONE', *, *, #347, .F. ) ;
#1295 = LINE ( 'NONE', #875, #1114 ) ;
#1296 = LINE ( 'NONE', #2027, #1594 ) ;
#1297 = EDGE_LOOP ( 'NONE', ( #1670, #1253, #2322, #426, #16, #1498 ) ) ;
#1298 = CARTESIAN_POINT ( 'NONE',  ( -4.826124999999997556, 3.489583333333289072, 3.000000000000000000 ) ) ;
#1299 = ADVANCED_FACE ( 'NONE', ( #1042 ), #837, .F. ) ;
#1300 = LINE ( 'NONE', #2003, #1470 ) ;
#1301 = ORIENTED_EDGE ( 'NONE', *, *, #2116, .T. ) ;
#1302 = CARTESIAN_POINT ( 'NONE',  ( 6.826124999999994003, -0.7395833333333945436, 3.500000000000000000 ) ) ;
#1303 = CARTESIAN_POINT ( 'NONE',  ( -12.06499999999999950, 3.968749999999965361, 0.000000000000000000 ) ) ;
#1304 = VERTEX_POINT ( 'NONE', #110 ) ;
#1305 = ORIENTED_EDGE ( 'NONE', *, *, #1266, .F. ) ;
#1306 = CARTESIAN_POINT ( 'NONE',  ( 4.826125000000001108, 3.489583333333289072, 3.000000000000000000 ) ) ;
#1307 = CARTESIAN_POINT ( 'NONE',  ( -11.89765545973730809, 6.635416866304376882, 0.1269999999999986418 ) ) ;
#1308 = PRODUCT_DEFINITION_CONTEXT ( 'detailed design', #2375, 'design' ) ;
#1309 = EDGE_LOOP ( 'NONE', ( #1140, #714, #2223, #341, #595, #1659 ) ) ;
#1310 = DIRECTION ( 'NONE',  ( 0.000000000000000000, -0.000000000000000000, 1.000000000000000000 ) ) ;
#1311 = DIRECTION ( 'NONE',  ( -1.034350389723648061E-16, 1.000000000000000000, -0.000000000000000000 ) ) ;
#1312 = EDGE_CURVE ( 'NONE', #1828, #1606, #2303, .T. ) ;
#1313 = ORIENTED_EDGE ( 'NONE', *, *, #2160, .T. ) ;
#1314 = CIRCLE ( 'NONE', #1666, 11.56500000000000483 ) ;
#1315 = CIRCLE ( 'NONE', #1156, 0.7500000000000015543 ) ;
#1316 = DIRECTION ( 'NONE',  ( -1.000000000000000000, -1.034350389723648184E-16, 0.000000000000000000 ) ) ;
#1317 = EDGE_CURVE ( 'NONE', #2078, #961, #1029, .T. ) ;
#1318 = AXIS2_PLACEMENT_3D ( 'NONE', #1971, #1983, #326 ) ;
#1319 = LINE ( 'NONE', #1351, #287 ) ;
#1320 = EDGE_LOOP ( 'NONE', ( #1763, #1031, #1145, #1812 ) ) ;
#1321 = AXIS2_PLACEMENT_3D ( 'NONE', #867, #2159, #1015 ) ;
#1322 = ORIENTED_EDGE ( 'NONE', *, *, #582, .T. ) ;
#1323 = CARTESIAN_POINT ( 'NONE',  ( 4.076125000000000220, -1.489583333333398318, 3.500000000000000000 ) ) ;
#1324 = AXIS2_PLACEMENT_3D ( 'NONE', #116, #1369, #2114 ) ;
#1325 = CARTESIAN_POINT ( 'NONE',  ( -3.673940397442057403E-16, 6.968749999999964473, 0.000000000000000000 ) ) ;
#1326 = ORIENTED_EDGE ( 'NONE', *, *, #1565, .F. ) ;
#1327 = CARTESIAN_POINT ( 'NONE',  ( 4.826125000000001108, -1.489583333333398318, 3.500000000000000000 ) ) ;
#1328 = DIRECTION ( 'NONE',  ( -1.000000000000000000, 1.860708979818690184E-15, 0.000000000000000000 ) ) ;
#1329 = EDGE_LOOP ( 'NONE', ( #1610, #488, #304, #357, #949, #1748 ) ) ;
#1330 = FACE_OUTER_BOUND ( 'NONE', #1297, .T. ) ;
#1331 = LINE ( 'NONE', #937, #1515 ) ;
#1332 = ORIENTED_EDGE ( 'NONE', *, *, #2086, .F. ) ;
#1333 = EDGE_CURVE ( 'NONE', #963, #1802, #1584, .T. ) ;
#1334 = VERTEX_POINT ( 'NONE', #1927 ) ;
#1335 = DIRECTION ( 'NONE',  ( -1.000000000000000000, 0.000000000000000000, 0.000000000000000000 ) ) ;
#1336 = DIRECTION ( 'NONE',  ( -1.034350389723648184E-16, 1.000000000000000000, -0.000000000000000000 ) ) ;
#1337 = VERTEX_POINT ( 'NONE', #268 ) ;
#1338 = DIRECTION ( 'NONE',  ( 1.000000000000000000, -0.000000000000000000, 0.000000000000000000 ) ) ;
#1339 = CARTESIAN_POINT ( 'NONE',  ( 7.576124999999978904, -4.968750000000113687, 0.1269999999999986418 ) ) ;
#1340 = DIRECTION ( 'NONE',  ( 0.000000000000000000, 0.000000000000000000, -1.000000000000000000 ) ) ;
#1341 = ORIENTED_EDGE ( 'NONE', *, *, #263, .T. ) ;
#1342 = ORIENTED_EDGE ( 'NONE', *, *, #1344, .F. ) ;
#1343 = CARTESIAN_POINT ( 'NONE',  ( -12.06433156043052257, 4.468749999999963585, 0.1269999999999986418 ) ) ;
#1344 = EDGE_CURVE ( 'NONE', #2155, #1680, #329, .T. ) ;
#1345 = CARTESIAN_POINT ( 'NONE',  ( 8.120779771693882402E-16, -4.434271922085051720, 0.000000000000000000 ) ) ;
#1346 = VERTEX_POINT ( 'NONE', #1608 ) ;
#1347 = CARTESIAN_POINT ( 'NONE',  ( -12.06499999999999950, 6.968749999999964473, 0.1269999999999986418 ) ) ;
#1348 = EDGE_CURVE ( 'NONE', #475, #912, #1315, .T. ) ;
#1349 = CARTESIAN_POINT ( 'NONE',  ( 8.770080501340904888, -4.968750000000077272, 0.1269999999999985862 ) ) ;
#1350 = AXIS2_PLACEMENT_3D ( 'NONE', #2228, #195, #2195 ) ;
#1351 = CARTESIAN_POINT ( 'NONE',  ( -12.06499999999999950, 6.968749999999964473, 0.1269999999999986418 ) ) ;
#1352 = AXIS2_PLACEMENT_3D ( 'NONE', #830, #89, #841 ) ;
#1353 = ORIENTED_EDGE ( 'NONE', *, *, #2368, .T. ) ;
#1354 = VERTEX_POINT ( 'NONE', #1178 ) ;
#1355 = CARTESIAN_POINT ( 'NONE',  ( -4.326124999999997556, -4.968750000000073719, 3.000000000000000000 ) ) ;
#1356 = CONICAL_SURFACE ( 'NONE', #576, 11.56500000000000483, 0.7853981633974500554 ) ;
#1357 = DIRECTION ( 'NONE',  ( -1.034350389723649663E-16, 1.000000000000000000, -0.000000000000000000 ) ) ;
#1358 = EDGE_CURVE ( 'NONE', #88, #1104, #655, .T. ) ;
#1359 = ORIENTED_EDGE ( 'NONE', *, *, #1626, .T. ) ;
#1360 = DIRECTION ( 'NONE',  ( -1.000000000000000000, -7.189073667537534461E-17, 0.000000000000000000 ) ) ;
#1361 = DIRECTION ( 'NONE',  ( -6.977658674320107912E-16, 1.000000000000000000, 0.000000000000000000 ) ) ;
#1362 = ADVANCED_FACE ( 'NONE', ( #628 ), #65, .T. ) ;
#1363 = ORIENTED_EDGE ( 'NONE', *, *, #927, .F. ) ;
#1364 = DIRECTION ( 'NONE',  ( -1.000000000000000000, 0.000000000000000000, 0.000000000000000000 ) ) ;
#1365 = CARTESIAN_POINT ( 'NONE',  ( 4.076125000000001997, 3.489583333333285520, 3.500000000000000000 ) ) ;
#1366 = DIRECTION ( 'NONE',  ( 0.000000000000000000, 0.000000000000000000, -1.000000000000000000 ) ) ;
#1367 = ORIENTED_EDGE ( 'NONE', *, *, #2032, .F. ) ;
#1368 = FACE_OUTER_BOUND ( 'NONE', #1465, .T. ) ;
#1369 = DIRECTION ( 'NONE',  ( 0.000000000000000000, 0.000000000000000000, -1.000000000000000000 ) ) ;
#1370 = CARTESIAN_POINT ( 'NONE',  ( -9.270999999999997243, -4.968750000000077272, 3.500000000000000000 ) ) ;
#1371 = ADVANCED_FACE ( 'NONE', ( #1190 ), #467, .F. ) ;
#1372 = ORIENTED_EDGE ( 'NONE', *, *, #143, .F. ) ;
#1373 = CARTESIAN_POINT ( 'NONE',  ( -4.076124999999996668, 3.489583333333289072, 0.1269999999999986418 ) ) ;
#1374 = DIRECTION ( 'NONE',  ( -1.000000000000000000, -1.745111041701214516E-15, 0.000000000000000000 ) ) ;
#1375 = PLANE ( 'NONE',  #1633 ) ;
#1376 = ORIENTED_EDGE ( 'NONE', *, *, #2284, .F. ) ;
#1377 = DIRECTION ( 'NONE',  ( 0.000000000000000000, -0.000000000000000000, -1.000000000000000000 ) ) ;
#1378 = DIRECTION ( 'NONE',  ( -1.000000000000000000, 0.000000000000000000, 0.000000000000000000 ) ) ;
#1379 = LINE ( 'NONE', #449, #1152 ) ;
#1380 = ADVANCED_FACE ( 'NONE', ( #327 ), #1648, .F. ) ;
#1381 = ORIENTED_EDGE ( 'NONE', *, *, #1547, .T. ) ;
#1382 = AXIS2_PLACEMENT_3D ( 'NONE', #1676, #744, #2234 ) ;
#1383 = EDGE_CURVE ( 'NONE', #118, #1691, #913, .T. ) ;
#1384 = VECTOR ( 'NONE', #2420, 1000.000000000000000 ) ;
#1385 = CYLINDRICAL_SURFACE ( 'NONE', #1196, 0.7499999999999997780 ) ;
#1386 = LINE ( 'NONE', #442, #1936 ) ;
#1387 = MANIFOLD_SOLID_BREP ( 'Cut-Extrude3', #1808 ) ;
#1388 = AXIS2_PLACEMENT_3D ( 'NONE', #1391, #446, #2139 ) ;
#1389 = DIRECTION ( 'NONE',  ( 0.000000000000000000, 0.000000000000000000, 1.000000000000000000 ) ) ;
#1390 = ORIENTED_EDGE ( 'NONE', *, *, #1956, .T. ) ;
#1391 = CARTESIAN_POINT ( 'NONE',  ( -6.826124999999991338, 2.989583333333285076, 3.000000000000000000 ) ) ;
#1392 = VECTOR ( 'NONE', #99, 1000.000000000000000 ) ;
#1393 = VECTOR ( 'NONE', #803, 1000.000000000000000 ) ;
#1394 = CARTESIAN_POINT ( 'NONE',  ( -4.326124999999997556, -4.968750000000073719, 3.000000000000000000 ) ) ;
#1395 = AXIS2_PLACEMENT_3D ( 'NONE', #1210, #80, #1378 ) ;
#1396 = DIRECTION ( 'NONE',  ( -1.000000000000000000, 0.000000000000000000, 0.000000000000000000 ) ) ;
#1397 = MANIFOLD_SOLID_BREP ( 'Boss-Extrude1', #1002 ) ;
#1398 = ORIENTED_EDGE ( 'NONE', *, *, #259, .T. ) ;
#1399 = LINE ( 'NONE', #2143, #2360 ) ;
#1400 = DIRECTION ( 'NONE',  ( -1.000000000000000000, 0.000000000000000000, 0.000000000000000000 ) ) ;
#1401 = ORIENTED_EDGE ( 'NONE', *, *, #779, .T. ) ;
#1402 = EDGE_CURVE ( 'NONE', #1007, #2024, #2178, .T. ) ;
#1403 = LINE ( 'NONE', #279, #2137 ) ;
#1404 = ORIENTED_EDGE ( 'NONE', *, *, #337, .T. ) ;
#1405 = PLANE ( 'NONE',  #2127 ) ;
#1406 = CARTESIAN_POINT ( 'NONE',  ( 7.326125000000002885, -4.968750000000070166, 3.000000000000000000 ) ) ;
#1407 = LINE ( 'NONE', #105, #2200 ) ;
#1408 = ORIENTED_EDGE ( 'NONE', *, *, #1026, .T. ) ;
#1409 = B_SPLINE_CURVE_WITH_KNOTS ( 'NONE', 3,
 ( #647, #1966, #1419, #2161, #484, #297, #308 ),
 .UNSPECIFIED., .F., .F.,
 ( 4, 3, 4 ),
 ( 0.01939199326070984927, 0.02024352536151104859, 0.02280208957126345082 ),
 .UNSPECIFIED. ) ;
#1410 = CARTESIAN_POINT ( 'NONE',  ( -6.826124999999993115, -0.9895833333333960979, -0.1269999999999986418 ) ) ;
#1411 = DIRECTION ( 'NONE',  ( -1.000000000000000000, 0.000000000000000000, 0.000000000000000000 ) ) ;
#1412 = ORIENTED_EDGE ( 'NONE', *, *, #2073, .T. ) ;
#1413 = CARTESIAN_POINT ( 'NONE',  ( -6.826124999999993115, -0.9895833333333943216, 3.000000000000000000 ) ) ;
#1414 = EDGE_CURVE ( 'NONE', #1137, #1244, #2199, .T. ) ;
#1415 = VERTEX_POINT ( 'NONE', #511 ) ;
#1416 = CARTESIAN_POINT ( 'NONE',  ( -6.826124999999990450, 2.739583333333286408, 0.1269999999999986418 ) ) ;
#1417 = CARTESIAN_POINT ( 'NONE',  ( 8.770080501340904888, -4.968750000000077272, -0.1269999999999985862 ) ) ;
#1418 = EDGE_CURVE ( 'NONE', #883, #874, #1092, .T. ) ;
#1419 = CARTESIAN_POINT ( 'NONE',  ( 9.487605621984178228, -1.597760378711893026, 0.1269999999999986418 ) ) ;
#1420 = ORIENTED_EDGE ( 'NONE', *, *, #1613, .F. ) ;
#1421 = LINE ( 'NONE', #342, #772 ) ;
#1422 = CARTESIAN_POINT ( 'NONE',  ( -9.505879463497628024, -1.314505189656300255, -0.1269999999999986418 ) ) ;
#1423 =( NAMED_UNIT ( * ) PLANE_ANGLE_UNIT ( ) SI_UNIT ( $, .RADIAN. ) );
#1424 = VECTOR ( 'NONE', #2249, 1000.000000000000000 ) ;
#1425 = ORIENTED_EDGE ( 'NONE', *, *, #834, .F. ) ;
#1426 = CARTESIAN_POINT ( 'NONE',  ( 6.826124999999996668, 3.489583333333285520, 3.000000000000000000 ) ) ;
#1427 = AXIS2_PLACEMENT_3D ( 'NONE', #346, #317, #2362 ) ;
#1428 = EDGE_CURVE ( 'NONE', #2011, #1638, #343, .T. ) ;
#1429 = CARTESIAN_POINT ( 'NONE',  ( 9.524153295700356736, -1.031250000000034639, -0.1269999999999986418 ) ) ;
#1430 = AXIS2_PLACEMENT_3D ( 'NONE', #2386, #700, #1279 ) ;
#1431 = CARTESIAN_POINT ( 'NONE',  ( -7.326124999999994891, -4.968750000000079936, -0.1269999999999986418 ) ) ;
#1432 = AXIS2_PLACEMENT_3D ( 'NONE', #990, #2266, #1361 ) ;
#1433 = EDGE_CURVE ( 'NONE', #885, #118, #1229, .T. ) ;
#1434 = VECTOR ( 'NONE', #479, 1000.000000000000000 ) ;
#1435 = VERTEX_POINT ( 'NONE', #973 ) ;
#1436 = CARTESIAN_POINT ( 'NONE',  ( 8.120779771693859722E-16, -4.434271922085065043, 0.000000000000000000 ) ) ;
#1437 = SURFACE_STYLE_FILL_AREA ( #2372 ) ;
#1438 = ORIENTED_EDGE ( 'NONE', *, *, #1722, .F. ) ;
#1439 = SHAPE_DEFINITION_REPRESENTATION ( #184, #1509 ) ;
#1440 = EDGE_LOOP ( 'NONE', ( #1948, #2051, #353, #2179 ) ) ;
#1441 = CARTESIAN_POINT ( 'NONE',  ( 6.826124999999994891, 2.989583333333285076, 3.000000000000000000 ) ) ;
#1442 = PLANE ( 'NONE',  #1472 ) ;
#1443 = VERTEX_POINT ( 'NONE', #765 ) ;
#1444 = LINE ( 'NONE', #1270, #1384 ) ;
#1445 = DIRECTION ( 'NONE',  ( 1.000000000000000000, -0.000000000000000000, -0.000000000000000000 ) ) ;
#1446 = EDGE_CURVE ( 'NONE', #1304, #560, #1319, .T. ) ;
#1447 = ORIENTED_EDGE ( 'NONE', *, *, #1981, .T. ) ;
#1448 = DIRECTION ( 'NONE',  ( 1.000000000000000000, 2.325886224773361744E-16, 0.000000000000000000 ) ) ;
#1449 = CARTESIAN_POINT ( 'NONE',  ( -8.948258003183656939, -4.790591177210345997, -0.1269999999999986418 ) ) ;
#1450 = ORIENTED_EDGE ( 'NONE', *, *, #2253, .F. ) ;
#1451 = EDGE_LOOP ( 'NONE', ( #727, #895, #396, #693 ) ) ;
#1452 = DIRECTION ( 'NONE',  ( -1.000000000000000000, -0.000000000000000000, -0.000000000000000000 ) ) ;
#1453 = LINE ( 'NONE', #2352, #492 ) ;
#1454 = EDGE_LOOP ( 'NONE', ( #530, #210, #1799, #1530 ) ) ;
#1455 = DIRECTION ( 'NONE',  ( 1.000000000000000000, 2.243714196472992599E-15, 0.000000000000000000 ) ) ;
#1456 = FACE_OUTER_BOUND ( 'NONE', #840, .T. ) ;
#1457 = VERTEX_POINT ( 'NONE', #3 ) ;
#1458 = ADVANCED_FACE ( 'NONE', ( #1513 ), #2061, .T. ) ;
#1459 = CARTESIAN_POINT ( 'NONE',  ( -7.576124999999992227, -1.489583333333398318, 0.1269999999999986418 ) ) ;
#1460 = ORIENTED_EDGE ( 'NONE', *, *, #482, .F. ) ;
#1461 = EDGE_CURVE ( 'NONE', #2361, #2152, #95, .T. ) ;
#1462 = ORIENTED_EDGE ( 'NONE', *, *, #2280, .T. ) ;
#1463 = DIRECTION ( 'NONE',  ( -1.000000000000000000, -0.000000000000000000, -0.000000000000000000 ) ) ;
#1464 = DIRECTION ( 'NONE',  ( 1.000000000000000000, 1.734723475976813997E-15, 0.000000000000000000 ) ) ;
#1465 = EDGE_LOOP ( 'NONE', ( #2190, #2062, #1995, #168, #2162, #377, #2083, #1462, #1012, #2047, #1059, #517, #1516, #2419, #2388, #2260, #200, #126, #1221, #637, #158, #2102 ) ) ;
#1466 = DIRECTION ( 'NONE',  ( -1.000000000000000000, -9.106159978880878627E-17, 0.000000000000000000 ) ) ;
#1467 = AXIS2_PLACEMENT_3D ( 'NONE', #795, #1537, #398 ) ;
#1468 = DIRECTION ( 'NONE',  ( -2.243714196472991416E-15, -1.000000000000000000, 0.000000000000000000 ) ) ;
#1469 = VECTOR ( 'NONE', #1788, 1000.000000000000000 ) ;
#1470 = VECTOR ( 'NONE', #1991, 1000.000000000000000 ) ;
#1471 = VERTEX_POINT ( 'NONE', #567 ) ;
#1472 = AXIS2_PLACEMENT_3D ( 'NONE', #1815, #2000, #179 ) ;
#1473 = PLANE ( 'NONE',  #529 ) ;
#1474 = ORIENTED_EDGE ( 'NONE', *, *, #1913, .T. ) ;
#1475 = VECTOR ( 'NONE', #1663, 1000.000000000000000 ) ;
#1476 = VERTEX_POINT ( 'NONE', #1524 ) ;
#1477 = FACE_OUTER_BOUND ( 'NONE', #888, .T. ) ;
#1478 = EDGE_CURVE ( 'NONE', #1514, #730, #2093, .T. ) ;
#1479 = LINE ( 'NONE', #1830, #1943 ) ;
#1480 = ORIENTED_EDGE ( 'NONE', *, *, #1690, .T. ) ;
#1481 = CYLINDRICAL_SURFACE ( 'NONE', #2285, 0.5000000000000022204 ) ;
#1482 = CARTESIAN_POINT ( 'NONE',  ( 11.73097916805278018, 4.135416458399340023, -0.1269999999999986418 ) ) ;
#1483 = ORIENTED_EDGE ( 'NONE', *, *, #2059, .F. ) ;
#1484 = CARTESIAN_POINT ( 'NONE',  ( -9.270999999999997243, -4.968750000000077272, 3.500000000000000000 ) ) ;
#1485 = DIRECTION ( 'NONE',  ( 0.000000000000000000, 0.000000000000000000, -1.000000000000000000 ) ) ;
#1486 = VERTEX_POINT ( 'NONE', #2243 ) ;
#1487 = VERTEX_POINT ( 'NONE', #1889 ) ;
#1488 = PLANE ( 'NONE',  #2164 ) ;
#1489 = CARTESIAN_POINT ( 'NONE',  ( -7.326124999999994891, -1.489583333333398318, -0.1269999999999986418 ) ) ;
#1490 = EDGE_CURVE ( 'NONE', #2025, #748, #61, .T. ) ;
#1491 = ORIENTED_EDGE ( 'NONE', *, *, #1446, .T. ) ;
#1492 = CARTESIAN_POINT ( 'NONE',  ( 6.826124999999996668, -1.489583333333401649, 3.000000000000000000 ) ) ;
#1493 = LINE ( 'NONE', #1845, #1745 ) ;
#1494 = EDGE_CURVE ( 'NONE', #2290, #88, #209, .T. ) ;
#1495 = ORIENTED_EDGE ( 'NONE', *, *, #385, .T. ) ;
#1496 = DIRECTION ( 'NONE',  ( 0.000000000000000000, 0.000000000000000000, 1.000000000000000000 ) ) ;
#1497 = VERTEX_POINT ( 'NONE', #1130 ) ;
#1498 = ORIENTED_EDGE ( 'NONE', *, *, #1675, .F. ) ;
#1499 = CARTESIAN_POINT ( 'NONE',  ( 6.826124999999994891, 2.739583333333288184, 3.500000000000000000 ) ) ;
#1500 = LINE ( 'NONE', #203, #419 ) ;
#1501 = ORIENTED_EDGE ( 'NONE', *, *, #927, .T. ) ;
#1502 = CARTESIAN_POINT ( 'NONE',  ( 6.826124999999996668, 3.489583333333285520, 3.500000000000000000 ) ) ;
#1503 = VECTOR ( 'NONE', #1077, 1000.000000000000000 ) ;
#1504 = ADVANCED_FACE ( 'NONE', ( #2259 ), #1974, .T. ) ;
#1505 = DIRECTION ( 'NONE',  ( -1.034350389723648184E-16, 1.000000000000000000, -0.000000000000000000 ) ) ;
#1506 = EDGE_CURVE ( 'NONE', #255, #1337, #960, .T. ) ;
#1507 = ORIENTED_EDGE ( 'NONE', *, *, #953, .F. ) ;
#1508 = VECTOR ( 'NONE', #424, 1000.000000000000000 ) ;
#1509 = ADVANCED_BREP_SHAPE_REPRESENTATION ( '4_cable_guide_split_collet', ( #1387, #1397, #1674 ), #2330 ) ;
#1510 = AXIS2_PLACEMENT_3D ( 'NONE', #2327, #1939, #862 ) ;
#1511 = CARTESIAN_POINT ( 'NONE',  ( -7.576124999999995779, -1.489583333333398318, 3.500000000000000000 ) ) ;
#1512 = VECTOR ( 'NONE', #2311, 1000.000000000000000 ) ;
#1513 = FACE_OUTER_BOUND ( 'NONE', #2241, .T. ) ;
#1514 = VERTEX_POINT ( 'NONE', #421 ) ;
#1515 = VECTOR ( 'NONE', #1153, 1000.000000000000000 ) ;
#1516 = ORIENTED_EDGE ( 'NONE', *, *, #1433, .T. ) ;
#1517 = CYLINDRICAL_SURFACE ( 'NONE', #965, 0.5000000000000022204 ) ;
#1518 = VECTOR ( 'NONE', #1700, 1000.000000000000000 ) ;
#1519 = CARTESIAN_POINT ( 'NONE',  ( 12.06433156043052257, 6.968749999999965361, -0.1269999999999986418 ) ) ;
#1520 = ORIENTED_EDGE ( 'NONE', *, *, #2106, .T. ) ;
#1521 = CARTESIAN_POINT ( 'NONE',  ( 7.326125000000002885, -4.968750000000070166, 3.000000000000000000 ) ) ;
#1522 = PLANE ( 'NONE',  #1432 ) ;
#1523 = EDGE_CURVE ( 'NONE', #1104, #2270, #1277, .T. ) ;
#1524 = CARTESIAN_POINT ( 'NONE',  ( -12.06433156043052257, 6.468749999999971578, 0.1269999999999986418 ) ) ;
#1525 = EDGE_LOOP ( 'NONE', ( #1718, #1992, #1753, #1660 ) ) ;
#1526 = ADVANCED_FACE ( 'NONE', ( #32 ), #2081, .F. ) ;
#1527 = ORIENTED_EDGE ( 'NONE', *, *, #314, .F. ) ;
#1528 = CARTESIAN_POINT ( 'NONE',  ( 6.826124999999994891, 2.989583333333285076, 3.000000000000000000 ) ) ;
#1529 = LINE ( 'NONE', #796, #2172 ) ;
#1530 = ORIENTED_EDGE ( 'NONE', *, *, #314, .T. ) ;
#1531 = DIRECTION ( 'NONE',  ( -1.000000000000000000, 0.000000000000000000, 0.000000000000000000 ) ) ;
#1532 = LINE ( 'NONE', #1339, #1669 ) ;
#1533 = CARTESIAN_POINT ( 'NONE',  ( 4.826125000000001108, 3.489583333333289072, 3.500000000000000000 ) ) ;
#1534 = ORIENTED_EDGE ( 'NONE', *, *, #429, .T. ) ;
#1535 = EDGE_CURVE ( 'NONE', #501, #69, #741, .T. ) ;
#1536 = ORIENTED_EDGE ( 'NONE', *, *, #2145, .F. ) ;
#1537 = DIRECTION ( 'NONE',  ( -0.000000000000000000, 0.000000000000000000, -1.000000000000000000 ) ) ;
#1538 = ADVANCED_FACE ( 'NONE', ( #948 ), #2232, .T. ) ;
#1539 = B_SPLINE_CURVE_WITH_KNOTS ( 'NONE', 3,
 ( #623, #2140, #1591, #2333 ),
 .UNSPECIFIED., .F., .F.,
 ( 4, 4 ),
 ( 0.02047991977710266961, 0.02118704699463732841 ),
 .UNSPECIFIED. ) ;
#1540 = CARTESIAN_POINT ( 'NONE',  ( -4.326124999999997556, 6.968749999999964473, 3.000000000000000000 ) ) ;
#1541 = ORIENTED_EDGE ( 'NONE', *, *, #1833, .T. ) ;
#1542 = FACE_OUTER_BOUND ( 'NONE', #2063, .T. ) ;
#1543 = CARTESIAN_POINT ( 'NONE',  ( -5.708892282711145765E-17, 3.968749999999966249, 0.000000000000000000 ) ) ;
#1544 = AXIS2_PLACEMENT_3D ( 'NONE', #176, #1265, #745 ) ;
#1545 = VERTEX_POINT ( 'NONE', #395 ) ;
#1546 = AXIS2_PLACEMENT_3D ( 'NONE', #1129, #1496, #2070 ) ;
#1547 = EDGE_CURVE ( 'NONE', #684, #2273, #1331, .T. ) ;
#1548 = CARTESIAN_POINT ( 'NONE',  ( -11.56430265947756908, 3.968749999999965361, -0.1269999999999986418 ) ) ;
#1549 = DIRECTION ( 'NONE',  ( 0.000000000000000000, -1.000000000000000000, 0.000000000000000000 ) ) ;
#1550 = AXIS2_PLACEMENT_3D ( 'NONE', #1166, #235, #405 ) ;
#1551 = CARTESIAN_POINT ( 'NONE',  ( 4.826125000000001108, -0.9895833333333960979, -0.1269999999999986418 ) ) ;
#1552 = VECTOR ( 'NONE', #1614, 1000.000000000000000 ) ;
#1553 = EDGE_CURVE ( 'NONE', #1471, #106, #1903, .T. ) ;
#1554 = EDGE_LOOP ( 'NONE', ( #1064, #2345, #1180, #1438 ) ) ;
#1555 = CARTESIAN_POINT ( 'NONE',  ( -1.088064423132935957E-16, 4.468749999999964473, 0.000000000000000000 ) ) ;
#1556 = PRESENTATION_LAYER_ASSIGNMENT (  '', '', ( #735 ) ) ;
#1557 = CARTESIAN_POINT ( 'NONE',  ( -1.088064423132935957E-16, 4.468749999999964473, 0.000000000000000000 ) ) ;
#1558 = CARTESIAN_POINT ( 'NONE',  ( -11.56430265947757263, 6.968749999999964473, 0.1269999999999985862 ) ) ;
#1559 = ORIENTED_EDGE ( 'NONE', *, *, #347, .T. ) ;
#1560 = CARTESIAN_POINT ( 'NONE',  ( 4.326125000000002885, 6.968749999999962697, 3.000000000000000000 ) ) ;
#1561 = DIRECTION ( 'NONE',  ( -1.000000000000000000, 0.000000000000000000, 0.000000000000000000 ) ) ;
#1562 = DIRECTION ( 'NONE',  ( 1.000000000000000000, 0.000000000000000000, -0.000000000000000000 ) ) ;
#1563 = ORIENTED_EDGE ( 'NONE', *, *, #1964, .T. ) ;
#1564 = LINE ( 'NONE', #281, #24 ) ;
#1565 = EDGE_CURVE ( 'NONE', #1953, #1415, #1088, .T. ) ;
#1566 = DIRECTION ( 'NONE',  ( 2.243714196472991416E-15, 1.000000000000000000, 0.000000000000000000 ) ) ;
#1567 = LINE ( 'NONE', #740, #966 ) ;
#1568 = EDGE_CURVE ( 'NONE', #422, #1989, #2020, .T. ) ;
#1569 = EDGE_LOOP ( 'NONE', ( #1322, #801, #1634, #2004 ) ) ;
#1570 = CARTESIAN_POINT ( 'NONE',  ( 7.576125000000002885, -4.968750000000077272, 0.1269999999999986418 ) ) ;
#1571 = CARTESIAN_POINT ( 'NONE',  ( -7.326124999999997556, 6.968749999999964473, 3.000000000000000000 ) ) ;
#1572 = FACE_OUTER_BOUND ( 'NONE', #698, .T. ) ;
#1573 = PRODUCT ( '4_cable_guide_split_collet', '4_cable_guide_split_collet', '', ( #864 ) ) ;
#1574 = VERTEX_POINT ( 'NONE', #1644 ) ;
#1575 = DIRECTION ( 'NONE',  ( -1.000000000000000000, -7.189073667537534461E-17, 0.000000000000000000 ) ) ;
#1576 = FACE_OUTER_BOUND ( 'NONE', #307, .T. ) ;
#1577 = CARTESIAN_POINT ( 'NONE',  ( -11.73097916805070184, 4.135416458397260797, -0.1269999999999986418 ) ) ;
#1578 = EDGE_CURVE ( 'NONE', #1989, #1443, #1905, .T. ) ;
#1579 = ADVANCED_FACE ( 'NONE', ( #340 ), #1356, .T. ) ;
#1580 = ORIENTED_EDGE ( 'NONE', *, *, #1535, .F. ) ;
#1581 = AXIS2_PLACEMENT_3D ( 'NONE', #1199, #1220, #275 ) ;
#1582 = AXIS2_PLACEMENT_3D ( 'NONE', #1257, #944, #2213 ) ;
#1583 = DIRECTION ( 'NONE',  ( -1.034350389723648184E-16, 1.000000000000000000, -0.000000000000000000 ) ) ;
#1584 = LINE ( 'NONE', #1950, #528 ) ;
#1585 = ORIENTED_EDGE ( 'NONE', *, *, #459, .F. ) ;
#1586 = VECTOR ( 'NONE', #1779, 1000.000000000000000 ) ;
#1587 = DIRECTION ( 'NONE',  ( -1.000000000000000000, 0.000000000000000000, -0.000000000000000000 ) ) ;
#1588 = EDGE_LOOP ( 'NONE', ( #1715, #651, #236, #581 ) ) ;
#1589 = PLANE ( 'NONE',  #1388 ) ;
#1590 = VECTOR ( 'NONE', #826, 1000.000000000000000 ) ;
#1591 = CARTESIAN_POINT ( 'NONE',  ( 11.73097916805070184, 4.135416458397261685, 0.1269999999999986418 ) ) ;
#1592 = VECTOR ( 'NONE', #2196, 1000.000000000000000 ) ;
#1593 = CARTESIAN_POINT ( 'NONE',  ( 11.56430265947756908, 3.968749999999968026, 0.1269999999999986418 ) ) ;
#1594 = VECTOR ( 'NONE', #2209, 1000.000000000000000 ) ;
#1595 = ORIENTED_EDGE ( 'NONE', *, *, #1461, .T. ) ;
#1596 = EDGE_CURVE ( 'NONE', #1471, #130, #1289, .T. ) ;
#1597 = CARTESIAN_POINT ( 'NONE',  ( -9.524153295700356736, -1.031250000000034639, 0.1269999999999986418 ) ) ;
#1598 = DIRECTION ( 'NONE',  ( 0.000000000000000000, 0.000000000000000000, -1.000000000000000000 ) ) ;
#1599 = VERTEX_POINT ( 'NONE', #362 ) ;
#1600 = EDGE_CURVE ( 'NONE', #289, #130, #2421, .T. ) ;
#1601 = FACE_OUTER_BOUND ( 'NONE', #201, .T. ) ;
#1602 = ORIENTED_EDGE ( 'NONE', *, *, #636, .F. ) ;
#1603 = CARTESIAN_POINT ( 'NONE',  ( 9.524153295700356736, 6.968749999999965361, -0.1269999999999986418 ) ) ;
#1604 = CARTESIAN_POINT ( 'NONE',  ( -4.326124999999997556, -4.968750000000073719, 3.000000000000000000 ) ) ;
#1605 = FACE_OUTER_BOUND ( 'NONE', #434, .T. ) ;
#1606 = VERTEX_POINT ( 'NONE', #2215 ) ;
#1607 = FACE_OUTER_BOUND ( 'NONE', #1093, .T. ) ;
#1608 = CARTESIAN_POINT ( 'NONE',  ( -12.06433156043052257, 4.468749999999963585, -0.1269999999999986418 ) ) ;
#1609 = EDGE_CURVE ( 'NONE', #422, #586, #750, .T. ) ;
#1610 = ORIENTED_EDGE ( 'NONE', *, *, #1864, .F. ) ;
#1611 = ORIENTED_EDGE ( 'NONE', *, *, #1187, .F. ) ;
#1612 = LINE ( 'NONE', #677, #1624 ) ;
#1613 = EDGE_CURVE ( 'NONE', #903, #569, #1834, .T. ) ;
#1614 = DIRECTION ( 'NONE',  ( 0.000000000000000000, 0.000000000000000000, -1.000000000000000000 ) ) ;
#1615 = CARTESIAN_POINT ( 'NONE',  ( 11.56430265947757263, 6.968749999999964473, 0.1269999999999985862 ) ) ;
#1616 = B_SPLINE_CURVE_WITH_KNOTS ( 'NONE', 3,
 ( #989, #1692, #969, #621 ),
 .UNSPECIFIED., .F., .F.,
 ( 4, 4 ),
 ( 0.02047991977710264186, 0.02118704699463729718 ),
 .UNSPECIFIED. ) ;
#1617 = ORIENTED_EDGE ( 'NONE', *, *, #733, .F. ) ;
#1618 = CARTESIAN_POINT ( 'NONE',  ( -4.076124999999998444, 6.968749999999964473, 0.1269999999999986418 ) ) ;
#1619 = DIRECTION ( 'NONE',  ( 1.000000000000000000, 0.000000000000000000, 0.000000000000000000 ) ) ;
#1620 = ORIENTED_EDGE ( 'NONE', *, *, #157, .T. ) ;
#1621 = AXIS2_PLACEMENT_3D ( 'NONE', #339, #2030, #2367 ) ;
#1622 = ORIENTED_EDGE ( 'NONE', *, *, #1101, .F. ) ;
#1623 = CARTESIAN_POINT ( 'NONE',  ( -7.576124999999996668, 3.489583333333289072, 0.1269999999999986418 ) ) ;
#1624 = VECTOR ( 'NONE', #633, 1000.000000000000000 ) ;
#1625 = CARTESIAN_POINT ( 'NONE',  ( -9.126434937770893541, -4.612431787071686884, 0.1269999999999986418 ) ) ;
#1626 = EDGE_CURVE ( 'NONE', #1256, #1248, #1493, .T. ) ;
#1627 = STYLED_ITEM ( 'NONE', ( #491 ), #1387 ) ;
#1628 = ORIENTED_EDGE ( 'NONE', *, *, #1869, .F. ) ;
#1629 = VECTOR ( 'NONE', #1091, 1000.000000000000000 ) ;
#1630 = DIRECTION ( 'NONE',  ( 1.034350389723648184E-16, -1.000000000000000000, 0.000000000000000000 ) ) ;
#1631 = VECTOR ( 'NONE', #1769, 1000.000000000000000 ) ;
#1632 = CARTESIAN_POINT ( 'NONE',  ( 7.326124999999999332, -1.489583333333398318, 3.000000000000000000 ) ) ;
#1633 = AXIS2_PLACEMENT_3D ( 'NONE', #1942, #260, #1928 ) ;
#1634 = ORIENTED_EDGE ( 'NONE', *, *, #108, .T. ) ;
#1635 = CARTESIAN_POINT ( 'NONE',  ( 4.076125000000001108, 6.968749999999964473, 0.1269999999999986418 ) ) ;
#1636 =( NAMED_UNIT ( * ) PLANE_ANGLE_UNIT ( ) SI_UNIT ( $, .RADIAN. ) );
#1637 = ORIENTED_EDGE ( 'NONE', *, *, #1864, .T. ) ;
#1638 = VERTEX_POINT ( 'NONE', #156 ) ;
#1639 = LINE ( 'NONE', #1677, #174 ) ;
#1640 = CARTESIAN_POINT ( 'NONE',  ( -4.826124999999997556, 2.739583333333288184, 0.1269999999999986418 ) ) ;
#1641 = ORIENTED_EDGE ( 'NONE', *, *, #747, .F. ) ;
#1642 = DIRECTION ( 'NONE',  ( 1.000000000000000000, 0.000000000000000000, 0.000000000000000000 ) ) ;
#1643 = EDGE_CURVE ( 'NONE', #514, #1044, #167, .T. ) ;
#1644 = CARTESIAN_POINT ( 'NONE',  ( 4.326125000000001108, -1.489583333333398318, 3.000000000000000000 ) ) ;
#1645 = ADVANCED_FACE ( 'NONE', ( #1456 ), #918, .T. ) ;
#1646 = ORIENTED_EDGE ( 'NONE', *, *, #2106, .F. ) ;
#1647 = LINE ( 'NONE', #133, #574 ) ;
#1648 = PLANE ( 'NONE',  #1430 ) ;
#1649 = ORIENTED_EDGE ( 'NONE', *, *, #274, .F. ) ;
#1650 = ORIENTED_EDGE ( 'NONE', *, *, #597, .F. ) ;
#1651 = CARTESIAN_POINT ( 'NONE',  ( -7.576124999999992227, -1.489583333333398318, 3.500000000000000000 ) ) ;
#1652 = CARTESIAN_POINT ( 'NONE',  ( -4.326124999999997556, -4.968750000000077272, -0.1269999999999986418 ) ) ;
#1653 = ORIENTED_EDGE ( 'NONE', *, *, #1784, .F. ) ;
#1654 = CARTESIAN_POINT ( 'NONE',  ( 4.076125000000001997, -4.968750000000075495, 0.000000000000000000 ) ) ;
#1655 = CARTESIAN_POINT ( 'NONE',  ( 4.326125000000002885, 6.968749999999962697, 3.000000000000000000 ) ) ;
#1656 = ORIENTED_EDGE ( 'NONE', *, *, #218, .F. ) ;
#1657 = ADVANCED_FACE ( 'NONE', ( #507 ), #1246, .T. ) ;
#1658 = CARTESIAN_POINT ( 'NONE',  ( 7.326124999999995779, 3.489583333333289072, -0.1269999999999986418 ) ) ;
#1659 = ORIENTED_EDGE ( 'NONE', *, *, #1913, .F. ) ;
#1660 = ORIENTED_EDGE ( 'NONE', *, *, #1553, .T. ) ;
#1661 = FACE_OUTER_BOUND ( 'NONE', #280, .T. ) ;
#1662 = AXIS2_PLACEMENT_3D ( 'NONE', #1770, #464, #1211 ) ;
#1663 = DIRECTION ( 'NONE',  ( 0.000000000000000000, 0.000000000000000000, -1.000000000000000000 ) ) ;
#1664 = ORIENTED_EDGE ( 'NONE', *, *, #2175, .F. ) ;
#1665 = CARTESIAN_POINT ( 'NONE',  ( -4.826124999999997556, -0.7395833333334010939, 3.500000000000000000 ) ) ;
#1666 = AXIS2_PLACEMENT_3D ( 'NONE', #1759, #1954, #1208 ) ;
#1667 = DIRECTION ( 'NONE',  ( -4.986031547717759140E-16, -1.000000000000000000, 0.000000000000000000 ) ) ;
#1668 = VECTOR ( 'NONE', #2095, 1000.000000000000000 ) ;
#1669 = VECTOR ( 'NONE', #2080, 1000.000000000000000 ) ;
#1670 = ORIENTED_EDGE ( 'NONE', *, *, #1882, .T. ) ;
#1671 = AXIS2_PLACEMENT_3D ( 'NONE', #1325, #2247, #1147 ) ;
#1672 = DIRECTION ( 'NONE',  ( 1.000000000000000000, -1.329954664915540168E-14, 0.000000000000000000 ) ) ;
#1673 = VERTEX_POINT ( 'NONE', #2381 ) ;
#1674 = AXIS2_PLACEMENT_3D ( 'NONE', #1281, #1043, #1798 ) ;
#1675 = EDGE_CURVE ( 'NONE', #44, #1514, #1300, .T. ) ;
#1676 = CARTESIAN_POINT ( 'NONE',  ( -7.326124999999994891, -4.968750000000073719, 3.000000000000000000 ) ) ;
#1677 = CARTESIAN_POINT ( 'NONE',  ( 7.576125000000002885, -4.968750000000075495, 0.000000000000000000 ) ) ;
#1678 = EDGE_CURVE ( 'NONE', #1248, #787, #707, .T. ) ;
#1679 = CARTESIAN_POINT ( 'NONE',  ( -7.576124999999995779, -4.968750000000077272, 0.000000000000000000 ) ) ;
#1680 = VERTEX_POINT ( 'NONE', #321 ) ;
#1681 = CARTESIAN_POINT ( 'NONE',  ( -3.673940397442057403E-16, 6.968749999999964473, 0.000000000000000000 ) ) ;
#1682 = DIRECTION ( 'NONE',  ( -2.325886224773368154E-16, 1.000000000000000000, 0.000000000000000000 ) ) ;
#1683 = ORIENTED_EDGE ( 'NONE', *, *, #2028, .T. ) ;
#1684 = LINE ( 'NONE', #1005, #374 ) ;
#1685 = CARTESIAN_POINT ( 'NONE',  ( -4.076124999999996668, 3.489583333333289072, 3.500000000000000000 ) ) ;
#1686 = EDGE_LOOP ( 'NONE', ( #2017, #493, #705, #1915 ) ) ;
#1687 = ORIENTED_EDGE ( 'NONE', *, *, #1148, .T. ) ;
#1688 = LINE ( 'NONE', #1699, #2321 ) ;
#1689 = DIRECTION ( 'NONE',  ( -1.000000000000000000, 0.000000000000000000, 0.000000000000000000 ) ) ;
#1690 = EDGE_CURVE ( 'NONE', #226, #445, #1921, .T. ) ;
#1691 = VERTEX_POINT ( 'NONE', #2393 ) ;
#1692 = CARTESIAN_POINT ( 'NONE',  ( 11.89765545973730454, 6.635416866304383099, -0.1269999999999986418 ) ) ;
#1693 = CARTESIAN_POINT ( 'NONE',  ( -4.326124999999997556, -4.968750000000073719, 3.000000000000000000 ) ) ;
#1694 = ORIENTED_EDGE ( 'NONE', *, *, #454, .F. ) ;
#1695 = DIRECTION ( 'NONE',  ( -1.000000000000000000, 0.000000000000000000, 0.000000000000000000 ) ) ;
#1696 = DIRECTION ( 'NONE',  ( -1.034350389723648061E-16, 1.000000000000000000, -0.000000000000000000 ) ) ;
#1697 = ORIENTED_EDGE ( 'NONE', *, *, #1428, .F. ) ;
#1698 = VERTEX_POINT ( 'NONE', #934 ) ;
#1699 = CARTESIAN_POINT ( 'NONE',  ( -12.06499999999999950, 3.968749999999965361, 0.1269999999999986418 ) ) ;
#1700 = DIRECTION ( 'NONE',  ( 0.000000000000000000, 0.000000000000000000, -1.000000000000000000 ) ) ;
#1701 = EDGE_LOOP ( 'NONE', ( #1962, #480, #2157, #2255, #1650, #1294 ) ) ;
#1702 = CARTESIAN_POINT ( 'NONE',  ( -12.06499999999999950, -4.968750000000077272, -0.1269999999999986418 ) ) ;
#1703 = VECTOR ( 'NONE', #1938, 1000.000000000000000 ) ;
#1704 = EDGE_CURVE ( 'NONE', #883, #1256, #1071, .T. ) ;
#1705 = CARTESIAN_POINT ( 'NONE',  ( -12.06433156043052257, 6.968749999999963585, 0.1269999999999986418 ) ) ;
#1706 = VECTOR ( 'NONE', #1630, 1000.000000000000000 ) ;
#1707 = VECTOR ( 'NONE', #1452, 1000.000000000000000 ) ;
#1708 = EDGE_CURVE ( 'NONE', #1785, #835, #1014, .T. ) ;
#1709 = VECTOR ( 'NONE', #355, 1000.000000000000000 ) ;
#1710 = DIRECTION ( 'NONE',  ( 0.000000000000000000, 0.000000000000000000, -1.000000000000000000 ) ) ;
#1711 = VECTOR ( 'NONE', #437, 1000.000000000000000 ) ;
#1712 = CARTESIAN_POINT ( 'NONE',  ( -5.708892282711145765E-17, 3.968749999999966249, 0.000000000000000000 ) ) ;
#1713 = ORIENTED_EDGE ( 'NONE', *, *, #548, .T. ) ;
#1714 = VECTOR ( 'NONE', #380, 1000.000000000000000 ) ;
#1715 = ORIENTED_EDGE ( 'NONE', *, *, #710, .F. ) ;
#1716 = DIRECTION ( 'NONE',  ( 0.000000000000000000, 0.000000000000000000, -1.000000000000000000 ) ) ;
#1717 = FACE_OUTER_BOUND ( 'NONE', #2187, .T. ) ;
#1718 = ORIENTED_EDGE ( 'NONE', *, *, #2284, .T. ) ;
#1719 = LINE ( 'NONE', #590, #568 ) ;
#1720 = CARTESIAN_POINT ( 'NONE',  ( 7.576124999999995779, 3.489583333333285520, 3.500000000000000000 ) ) ;
#1721 = ADVANCED_FACE ( 'NONE', ( #128 ), #1160, .T. ) ;
#1722 = EDGE_CURVE ( 'NONE', #1691, #1958, #100, .T. ) ;
#1723 = ORIENTED_EDGE ( 'NONE', *, *, #1026, .F. ) ;
#1724 = ORIENTED_EDGE ( 'NONE', *, *, #124, .T. ) ;
#1725 = DIRECTION ( 'NONE',  ( -1.000000000000000000, 0.000000000000000000, 0.000000000000000000 ) ) ;
#1726 = CARTESIAN_POINT ( 'NONE',  ( -4.326124999999997556, -4.968750000000073719, -0.1269999999999986418 ) ) ;
#1727 = EDGE_LOOP ( 'NONE', ( #162, #549, #850, #792, #2168, #1125, #1735, #86, #173, #1167, #1818, #676, #767, #2391, #1723, #2305, #1986, #794, #1495, #1480, #1094, #1207 ) ) ;
#1728 = CARTESIAN_POINT ( 'NONE',  ( 11.56430265947757263, 6.968749999999964473, -0.1269999999999985862 ) ) ;
#1729 = DIRECTION ( 'NONE',  ( 1.000000000000000000, 0.000000000000000000, 0.000000000000000000 ) ) ;
#1730 = ORIENTED_EDGE ( 'NONE', *, *, #877, .T. ) ;
#1731 = EDGE_CURVE ( 'NONE', #1137, #1673, #2054, .T. ) ;
#1732 = DIRECTION ( 'NONE',  ( 0.000000000000000000, 0.000000000000000000, -1.000000000000000000 ) ) ;
#1733 = CARTESIAN_POINT ( 'NONE',  ( -11.56430265947756908, 3.968749999999965361, 0.1269999999999986418 ) ) ;
#1734 = CARTESIAN_POINT ( 'NONE',  ( 9.524153295700356736, 3.968749999999967137, -0.1269999999999986418 ) ) ;
#1735 = ORIENTED_EDGE ( 'NONE', *, *, #1266, .T. ) ;
#1736 = DIRECTION ( 'NONE',  ( 0.000000000000000000, 0.000000000000000000, 1.000000000000000000 ) ) ;
#1737 = DIRECTION ( 'NONE',  ( -1.000000000000000000, 0.000000000000000000, 0.000000000000000000 ) ) ;
#1738 = AXIS2_PLACEMENT_3D ( 'NONE', #1555, #1896, #1360 ) ;
#1739 = CIRCLE ( 'NONE', #1191, 9.524999999999998579 ) ;
#1740 = EDGE_LOOP ( 'NONE', ( #1873, #2401, #1637, #1620 ) ) ;
#1741 = CIRCLE ( 'NONE', #1318, 0.7499999999999981126 ) ;
#1742 = CARTESIAN_POINT ( 'NONE',  ( -12.06499999999999950, 2.989583333333285076, -0.1269999999999986418 ) ) ;
#1743 = CYLINDRICAL_SURFACE ( 'NONE', #1816, 0.5000000000000022204 ) ;
#1744 = EDGE_CURVE ( 'NONE', #1574, #1890, #97, .T. ) ;
#1745 = VECTOR ( 'NONE', #1445, 1000.000000000000000 ) ;
#1746 = CARTESIAN_POINT ( 'NONE',  ( 9.304611397503771641, -4.434271922085064155, -0.1269999999999986418 ) ) ;
#1747 = CIRCLE ( 'NONE', #814, 11.56499999999999950 ) ;
#1748 = ORIENTED_EDGE ( 'NONE', *, *, #1811, .F. ) ;
#1749 = DIRECTION ( 'NONE',  ( -1.034350389723648184E-16, 1.000000000000000000, -0.000000000000000000 ) ) ;
#1750 = ADVANCED_FACE ( 'NONE', ( #1164 ), #1127, .F. ) ;
#1751 = CARTESIAN_POINT ( 'NONE',  ( -6.826124999999991338, 2.989583333333287740, -0.1269999999999986418 ) ) ;
#1752 = DIRECTION ( 'NONE',  ( 0.000000000000000000, 0.000000000000000000, -1.000000000000000000 ) ) ;
#1753 = ORIENTED_EDGE ( 'NONE', *, *, #2269, .T. ) ;
#1754 = CARTESIAN_POINT ( 'NONE',  ( 8.673617379884035472E-16, -4.968750000000076383, 0.000000000000000000 ) ) ;
#1755 = DIRECTION ( 'NONE',  ( -1.000000000000000000, -4.986031547717761112E-16, 0.000000000000000000 ) ) ;
#1756 = ORIENTED_EDGE ( 'NONE', *, *, #1184, .T. ) ;
#1757 = CARTESIAN_POINT ( 'NONE',  ( -12.06499999999999950, -4.968750000000077272, 0.1269999999999986418 ) ) ;
#1758 = ORIENTED_EDGE ( 'NONE', *, *, #1402, .T. ) ;
#1759 = CARTESIAN_POINT ( 'NONE',  ( -3.673940397442059868E-16, 6.968749999999965361, 0.000000000000000000 ) ) ;
#1760 = DIRECTION ( 'NONE',  ( 4.986031547717756181E-16, 1.000000000000000000, 0.000000000000000000 ) ) ;
#1761 = ADVANCED_FACE ( 'NONE', ( #800 ), #1522, .T. ) ;
#1762 = CARTESIAN_POINT ( 'NONE',  ( 4.076125000000000220, -1.489583333333398318, 3.500000000000000000 ) ) ;
#1763 = ORIENTED_EDGE ( 'NONE', *, *, #438, .F. ) ;
#1764 = CARTESIAN_POINT ( 'NONE',  ( 4.600862720347126097E-16, -1.031250000000033973, 0.000000000000000000 ) ) ;
#1765 = CARTESIAN_POINT ( 'NONE',  ( 4.326125000000002885, 6.968749999999962697, 3.000000000000000000 ) ) ;
#1766 = LINE ( 'NONE', #2221, #1200 ) ;
#1767 = ORIENTED_EDGE ( 'NONE', *, *, #2086, .T. ) ;
#1768 = CARTESIAN_POINT ( 'NONE',  ( 4.326125000000001108, 3.489583333333289072, -0.1269999999999986418 ) ) ;
#1769 = DIRECTION ( 'NONE',  ( 0.000000000000000000, -1.000000000000000000, 0.000000000000000000 ) ) ;
#1770 = CARTESIAN_POINT ( 'NONE',  ( -6.826124999999993115, -1.489583333333398318, 0.1269999999999986418 ) ) ;
#1771 = ADVANCED_FACE ( 'NONE', ( #1875 ), #789, .T. ) ;
#1772 = EDGE_CURVE ( 'NONE', #2268, #130, #2090, .T. ) ;
#1773 = ORIENTED_EDGE ( 'NONE', *, *, #1263, .F. ) ;
#1774 = AXIS2_PLACEMENT_3D ( 'NONE', #2206, #531, #2192 ) ;
#1775 = DIRECTION ( 'NONE',  ( -1.000000000000000000, -0.000000000000000000, -0.000000000000000000 ) ) ;
#1776 = DIRECTION ( 'NONE',  ( -1.000000000000000000, 0.000000000000000000, -0.000000000000000000 ) ) ;
#1777 = CARTESIAN_POINT ( 'NONE',  ( -2.377860921605808198, 6.968749999999964473, 0.1269999999999986418 ) ) ;
#1778 = ORIENTED_EDGE ( 'NONE', *, *, #1596, .F. ) ;
#1779 = DIRECTION ( 'NONE',  ( 0.000000000000000000, 0.000000000000000000, -1.000000000000000000 ) ) ;
#1780 = VECTOR ( 'NONE', #391, 1000.000000000000000 ) ;
#1781 = DIRECTION ( 'NONE',  ( 0.000000000000000000, 0.000000000000000000, -1.000000000000000000 ) ) ;
#1782 = AXIS2_PLACEMENT_3D ( 'NONE', #1394, #858, #1781 ) ;
#1783 = CARTESIAN_POINT ( 'NONE',  ( -6.826124999999993115, 3.489583333333289072, -0.1269999999999986418 ) ) ;
#1784 = EDGE_CURVE ( 'NONE', #1304, #69, #1532, .T. ) ;
#1785 = VERTEX_POINT ( 'NONE', #428 ) ;
#1786 = EDGE_CURVE ( 'NONE', #557, #912, #956, .T. ) ;
#1787 = DIRECTION ( 'NONE',  ( 1.000000000000000000, 9.320979865042502322E-17, 0.000000000000000000 ) ) ;
#1788 = DIRECTION ( 'NONE',  ( 1.000000000000000000, 0.000000000000000000, 0.000000000000000000 ) ) ;
#1789 = ORIENTED_EDGE ( 'NONE', *, *, #972, .F. ) ;
#1790 = CARTESIAN_POINT ( 'NONE',  ( -6.826124999999993115, 3.489583333333289072, 0.1269999999999986418 ) ) ;
#1791 = CARTESIAN_POINT ( 'NONE',  ( -2.381250000000000533, 6.968749999999965361, 3.500000000000000000 ) ) ;
#1792 = DIRECTION ( 'NONE',  ( 0.000000000000000000, 0.000000000000000000, -1.000000000000000000 ) ) ;
#1793 = ORIENTED_EDGE ( 'NONE', *, *, #1066, .F. ) ;
#1794 = PLANE ( 'NONE',  #2318 ) ;
#1795 = CARTESIAN_POINT ( 'NONE',  ( -9.414425066875182324, -2.732101024414671731, -0.1269999999999986418 ) ) ;
#1796 = ORIENTED_EDGE ( 'NONE', *, *, #2129, .F. ) ;
#1797 = EDGE_CURVE ( 'NONE', #1304, #946, #945, .T. ) ;
#1798 = DIRECTION ( 'NONE',  ( 1.000000000000000000, 0.000000000000000000, 0.000000000000000000 ) ) ;
#1799 = ORIENTED_EDGE ( 'NONE', *, *, #1344, .T. ) ;
#1800 = DIRECTION ( 'NONE',  ( -1.034350389723648184E-16, 1.000000000000000000, 0.000000000000000000 ) ) ;
#1801 = CARTESIAN_POINT ( 'NONE',  ( -8.948258003199470068, -4.790591177194532868, 0.1269999999999986418 ) ) ;
#1802 = VERTEX_POINT ( 'NONE', #1922 ) ;
#1803 = CARTESIAN_POINT ( 'NONE',  ( -4.326124999999997556, 6.968749999999964473, 3.000000000000000000 ) ) ;
#1804 = DIRECTION ( 'NONE',  ( 0.000000000000000000, 0.000000000000000000, -1.000000000000000000 ) ) ;
#1805 = ORIENTED_EDGE ( 'NONE', *, *, #1786, .T. ) ;
#1806 = LINE ( 'NONE', #2346, #17 ) ;
#1807 = DIRECTION ( 'NONE',  ( -1.000000000000000000, 0.000000000000000000, 0.000000000000000000 ) ) ;
#1808 = CLOSED_SHELL ( 'NONE', ( #1049, #1039, #2385, #497, #2239, #1538, #1115, #1504, #2188, #288, #1721, #2395, #1219, #1089, #1526, #1761, #2104, #2299, #2336, #852, #781, #169, #1771, #403, #833, #743, #1299, #1645, #996, #848, #1750, #669, #68, #366, #418, #2309 ) ) ;
#1809 = ORIENTED_EDGE ( 'NONE', *, *, #1568, .T. ) ;
#1810 = CIRCLE ( 'NONE', #766, 0.7500000000000067724 ) ;
#1811 = EDGE_CURVE ( 'NONE', #1027, #2290, #140, .T. ) ;
#1812 = ORIENTED_EDGE ( 'NONE', *, *, #43, .T. ) ;
#1813 = PLANE ( 'NONE',  #1154 ) ;
#1814 = VECTOR ( 'NONE', #372, 1000.000000000000000 ) ;
#1815 = CARTESIAN_POINT ( 'NONE',  ( -4.826124999999997556, 3.489583333333289072, 3.000000000000000000 ) ) ;
#1816 = AXIS2_PLACEMENT_3D ( 'NONE', #664, #1598, #1411 ) ;
#1817 = EDGE_CURVE ( 'NONE', #603, #1346, #1912, .T. ) ;
#1818 = ORIENTED_EDGE ( 'NONE', *, *, #605, .T. ) ;
#1819 = VECTOR ( 'NONE', #897, 1000.000000000000000 ) ;
#1820 = LINE ( 'NONE', #1654, #644 ) ;
#1821 = VECTOR ( 'NONE', #1058, 1000.000000000000000 ) ;
#1822 = CARTESIAN_POINT ( 'NONE',  ( -7.576124999999997556, 7.218749999999964473, 3.500000000000000000 ) ) ;
#1823 = AXIS2_PLACEMENT_3D ( 'NONE', #400, #786, #1872 ) ;
#1824 = ORIENTED_EDGE ( 'NONE', *, *, #909, .F. ) ;
#1825 = CARTESIAN_POINT ( 'NONE',  ( 12.06433156043052257, 6.468749999999971578, 0.1269999999999986418 ) ) ;
#1826 = ORIENTED_EDGE ( 'NONE', *, *, #1163, .F. ) ;
#1827 = SURFACE_STYLE_USAGE ( .BOTH. , #887 ) ;
#1828 = VERTEX_POINT ( 'NONE', #1693 ) ;
#1829 = CARTESIAN_POINT ( 'NONE',  ( -6.826124999999993115, 3.489583333333289072, 3.000000000000000000 ) ) ;
#1830 = CARTESIAN_POINT ( 'NONE',  ( -4.076124999999993115, -4.968750000000075495, 0.1269999999999986418 ) ) ;
#1831 = EDGE_LOOP ( 'NONE', ( #2407, #1048, #717, #1910 ) ) ;
#1832 = CARTESIAN_POINT ( 'NONE',  ( 7.326125000000002885, -4.968750000000070166, 3.000000000000000000 ) ) ;
#1833 = EDGE_CURVE ( 'NONE', #903, #2134, #452, .T. ) ;
#1834 = LINE ( 'NONE', #696, #650 ) ;
#1835 = EDGE_LOOP ( 'NONE', ( #783, #227, #585, #1687 ) ) ;
#1836 = LINE ( 'NONE', #1994, #1861 ) ;
#1837 = CARTESIAN_POINT ( 'NONE',  ( -9.304611397503771641, -4.434271922085065043, -0.1269999999999986418 ) ) ;
#1838 = ORIENTED_EDGE ( 'NONE', *, *, #2175, .T. ) ;
#1839 = ORIENTED_EDGE ( 'NONE', *, *, #2324, .T. ) ;
#1840 = DIRECTION ( 'NONE',  ( 0.000000000000000000, 0.000000000000000000, -1.000000000000000000 ) ) ;
#1841 = DIRECTION ( 'NONE',  ( 0.000000000000000000, -1.000000000000000000, 0.000000000000000000 ) ) ;
#1842 = UNCERTAINTY_MEASURE_WITH_UNIT (LENGTH_MEASURE( 1.000000000000000082E-05 ), #1292, 'distance_accuracy_value', 'NONE');
#1843 = VERTEX_POINT ( 'NONE', #11 ) ;
#1844 = DIRECTION ( 'NONE',  ( -1.000000000000000000, 0.000000000000000000, 0.000000000000000000 ) ) ;
#1845 = CARTESIAN_POINT ( 'NONE',  ( 7.326125000000002885, 6.968749999999962697, 3.000000000000000000 ) ) ;
#1846 = EDGE_CURVE ( 'NONE', #2025, #1476, #1898, .T. ) ;
#1847 = B_SPLINE_CURVE_WITH_KNOTS ( 'NONE', 3,
 ( #2141, #1036, #1577, #474 ),
 .UNSPECIFIED., .F., .F.,
 ( 4, 4 ),
 ( 0.02047991977710267308, 0.02118704699463733535 ),
 .UNSPECIFIED. ) ;
#1848 = EDGE_LOOP ( 'NONE', ( #2355, #2039, #2021, #1171, #1238, #1120, #135, #144, #1944, #632, #1398, #900 ) ) ;
#1849 = CARTESIAN_POINT ( 'NONE',  ( 4.326124999999996668, -4.968750000000085265, -0.1269999999999986418 ) ) ;
#1850 = EDGE_CURVE ( 'NONE', #1435, #684, #729, .T. ) ;
#1851 = CARTESIAN_POINT ( 'NONE',  ( 4.326125000000001108, 3.489583333333289072, 3.000000000000000000 ) ) ;
#1852 = ORIENTED_EDGE ( 'NONE', *, *, #2076, .F. ) ;
#1853 = EDGE_LOOP ( 'NONE', ( #865, #1793, #2414, #50 ) ) ;
#1854 = CARTESIAN_POINT ( 'NONE',  ( -2.381250000000000533, 6.968749999999965361, 0.000000000000000000 ) ) ;
#1855 = VECTOR ( 'NONE', #1016, 1000.000000000000000 ) ;
#1856 = CARTESIAN_POINT ( 'NONE',  ( 4.326125000000002885, -4.968750000000070166, 3.000000000000000000 ) ) ;
#1857 = VERTEX_POINT ( 'NONE', #1173 ) ;
#1858 = DIRECTION ( 'NONE',  ( 0.000000000000000000, 0.000000000000000000, -1.000000000000000000 ) ) ;
#1859 = VECTOR ( 'NONE', #2389, 1000.000000000000000 ) ;
#1860 = CARTESIAN_POINT ( 'NONE',  ( 7.326125000000002885, 6.968749999999962697, 3.000000000000000000 ) ) ;
#1861 = VECTOR ( 'NONE', #2357, 1000.000000000000000 ) ;
#1862 = AXIS2_PLACEMENT_3D ( 'NONE', #1720, #1328, #591 ) ;
#1863 = ORIENTED_EDGE ( 'NONE', *, *, #582, .F. ) ;
#1864 = EDGE_CURVE ( 'NONE', #1606, #1027, #219, .T. ) ;
#1865 = CONICAL_SURFACE ( 'NONE', #851, 9.305478077915024571, 0.7853981633974499443 ) ;
#1866 = DIRECTION ( 'NONE',  ( -1.000000000000000000, -1.034350389723648184E-16, 0.000000000000000000 ) ) ;
#1867 = DIRECTION ( 'NONE',  ( 0.000000000000000000, -0.000000000000000000, 1.000000000000000000 ) ) ;
#1868 = VERTEX_POINT ( 'NONE', #1751 ) ;
#1869 = EDGE_CURVE ( 'NONE', #1828, #2220, #463, .T. ) ;
#1870 = ORIENTED_EDGE ( 'NONE', *, *, #1869, .T. ) ;
#1871 = LINE ( 'NONE', #1528, #1814 ) ;
#1872 = DIRECTION ( 'NONE',  ( 1.000000000000000000, 0.000000000000000000, 0.000000000000000000 ) ) ;
#1873 = ORIENTED_EDGE ( 'NONE', *, *, #473, .F. ) ;
#1874 = DIRECTION ( 'NONE',  ( 1.034350389723648184E-16, -1.000000000000000000, 0.000000000000000000 ) ) ;
#1875 = FACE_OUTER_BOUND ( 'NONE', #978, .T. ) ;
#1876 = ORIENTED_EDGE ( 'NONE', *, *, #906, .F. ) ;
#1877 = DIRECTION ( 'NONE',  ( 0.000000000000000000, 0.000000000000000000, 1.000000000000000000 ) ) ;
#1878 = CARTESIAN_POINT ( 'NONE',  ( 7.576124999999994003, 3.489583333333285520, 3.500000000000000000 ) ) ;
#1879 = ORIENTED_EDGE ( 'NONE', *, *, #1882, .F. ) ;
#1880 = ORIENTED_EDGE ( 'NONE', *, *, #2013, .F. ) ;
#1881 = CARTESIAN_POINT ( 'NONE',  ( 7.576125000000002885, -4.968750000000077272, 0.1269999999999986418 ) ) ;
#1882 = EDGE_CURVE ( 'NONE', #44, #946, #1955, .T. ) ;
#1883 = CARTESIAN_POINT ( 'NONE',  ( -3.673940397442057896E-16, 6.968749999999964473, 0.000000000000000000 ) ) ;
#1884 = ORIENTED_EDGE ( 'NONE', *, *, #1011, .T. ) ;
#1885 = CARTESIAN_POINT ( 'NONE',  ( -9.304611397503771641, -4.434271922085065043, 0.1269999999999986418 ) ) ;
#1886 = CARTESIAN_POINT ( 'NONE',  ( -12.06433156043052257, 6.968749999999963585, -0.1269999999999986418 ) ) ;
#1887 = ORIENTED_EDGE ( 'NONE', *, *, #1675, .T. ) ;
#1888 = LINE ( 'NONE', #1849, #847 ) ;
#1889 = CARTESIAN_POINT ( 'NONE',  ( 4.326124999999996668, -4.968750000000077272, -0.1269999999999986418 ) ) ;
#1890 = VERTEX_POINT ( 'NONE', #822 ) ;
#1891 = ORIENTED_EDGE ( 'NONE', *, *, #2226, .T. ) ;
#1892 = DIRECTION ( 'NONE',  ( 0.000000000000000000, 0.000000000000000000, -1.000000000000000000 ) ) ;
#1893 = LINE ( 'NONE', #21, #2409 ) ;
#1894 = EDGE_CURVE ( 'NONE', #18, #226, #614, .T. ) ;
#1895 = ORIENTED_EDGE ( 'NONE', *, *, #1333, .T. ) ;
#1896 = DIRECTION ( 'NONE',  ( -1.034350389723648061E-16, 1.000000000000000000, -0.000000000000000000 ) ) ;
#1897 = VECTOR ( 'NONE', #1642, 1000.000000000000000 ) ;
#1898 = LINE ( 'NONE', #1705, #29 ) ;
#1899 = ADVANCED_FACE ( 'NONE', ( #1024 ), #1946, .T. ) ;
#1900 = VECTOR ( 'NONE', #703, 1000.000000000000000 ) ;
#1901 = AXIS2_PLACEMENT_3D ( 'NONE', #1426, #821, #2123 ) ;
#1902 = VECTOR ( 'NONE', #1141, 1000.000000000000000 ) ;
#1903 = LINE ( 'NONE', #1685, #532 ) ;
#1904 = ORIENTED_EDGE ( 'NONE', *, *, #1952, .T. ) ;
#1905 = CIRCLE ( 'NONE', #2254, 0.7499999999999997780 ) ;
#1906 = EDGE_LOOP ( 'NONE', ( #1212, #1332, #458, #1756 ) ) ;
#1907 = CARTESIAN_POINT ( 'NONE',  ( 4.600862720347126097E-16, -1.031250000000033973, 0.000000000000000000 ) ) ;
#1908 = VECTOR ( 'NONE', #2281, 1000.000000000000000 ) ;
#1909 = CARTESIAN_POINT ( 'NONE',  ( 4.826125000000001108, 2.989583333333286852, 3.000000000000000000 ) ) ;
#1910 = ORIENTED_EDGE ( 'NONE', *, *, #351, .T. ) ;
#1911 = LINE ( 'NONE', #2283, #802 ) ;
#1912 = LINE ( 'NONE', #1886, #1780 ) ;
#1913 = EDGE_CURVE ( 'NONE', #1982, #1843, #634, .T. ) ;
#1914 = DIRECTION ( 'NONE',  ( 1.000000000000000000, 7.189073667537534461E-17, 0.000000000000000000 ) ) ;
#1915 = ORIENTED_EDGE ( 'NONE', *, *, #1565, .T. ) ;
#1916 = ORIENTED_EDGE ( 'NONE', *, *, #756, .F. ) ;
#1917 = DIRECTION ( 'NONE',  ( 1.000000000000000000, 0.000000000000000000, 0.000000000000000000 ) ) ;
#1918 = DIRECTION ( 'NONE',  ( -1.034350389723648184E-16, 1.000000000000000000, -0.000000000000000000 ) ) ;
#1919 = ORIENTED_EDGE ( 'NONE', *, *, #1174, .T. ) ;
#1920 = CARTESIAN_POINT ( 'NONE',  ( -6.826124999999990450, 2.739583333333288184, 3.500000000000000000 ) ) ;
#1921 = B_SPLINE_CURVE_WITH_KNOTS ( 'NONE', 3,
 ( #738, #1482, #183, #519 ),
 .UNSPECIFIED., .F., .F.,
 ( 4, 4 ),
 ( 0.05376560631040842170, 0.05447367259984436938 ),
 .UNSPECIFIED. ) ;
#1922 = CARTESIAN_POINT ( 'NONE',  ( -4.826124999999997556, 2.739583333333288184, 3.500000000000000000 ) ) ;
#1923 = EDGE_CURVE ( 'NONE', #384, #589, #1978, .T. ) ;
#1924 = ORIENTED_EDGE ( 'NONE', *, *, #485, .T. ) ;
#1925 = EDGE_CURVE ( 'NONE', #255, #2147, #1235, .T. ) ;
#1926 = CARTESIAN_POINT ( 'NONE',  ( 4.600862720347126097E-16, -1.031250000000033973, 0.000000000000000000 ) ) ;
#1927 = CARTESIAN_POINT ( 'NONE',  ( -6.826124999999991338, 2.989583333333287740, 3.000000000000000000 ) ) ;
#1928 = DIRECTION ( 'NONE',  ( 1.000000000000000000, 0.000000000000000000, 0.000000000000000000 ) ) ;
#1929 = VERTEX_POINT ( 'NONE', #483 ) ;
#1930 = LINE ( 'NONE', #1521, #2356 ) ;
#1931 = CARTESIAN_POINT ( 'NONE',  ( 7.326124999999999332, -1.489583333333398318, 3.000000000000000000 ) ) ;
#1932 = CARTESIAN_POINT ( 'NONE',  ( -4.076124999999995779, -4.968750000000077272, 3.500000000000000000 ) ) ;
#1933 = CIRCLE ( 'NONE', #58, 0.5000000000000013323 ) ;
#1934 = AXIS2_PLACEMENT_3D ( 'NONE', #1306, #1840, #929 ) ;
#1935 = ORIENTED_EDGE ( 'NONE', *, *, #30, .F. ) ;
#1936 = VECTOR ( 'NONE', #2133, 1000.000000000000000 ) ;
#1937 = AXIS2_PLACEMENT_3D ( 'NONE', #1436, #524, #1787 ) ;
#1938 = DIRECTION ( 'NONE',  ( -1.000000000000000000, 0.000000000000000000, 0.000000000000000000 ) ) ;
#1939 = DIRECTION ( 'NONE',  ( 0.000000000000000000, 0.000000000000000000, 1.000000000000000000 ) ) ;
#1940 = AXIS2_PLACEMENT_3D ( 'NONE', #207, #778, #59 ) ;
#1941 = ADVANCED_FACE ( 'NONE', ( #2343 ), #1182, .F. ) ;
#1942 = CARTESIAN_POINT ( 'NONE',  ( -12.06499999999999950, -4.968750000000077272, 0.1269999999999986418 ) ) ;
#1943 = VECTOR ( 'NONE', #691, 1000.000000000000000 ) ;
#1944 = ORIENTED_EDGE ( 'NONE', *, *, #363, .F. ) ;
#1945 = DIRECTION ( 'NONE',  ( -0.000000000000000000, 1.000000000000000000, 0.000000000000000000 ) ) ;
#1946 = PLANE ( 'NONE',  #926 ) ;
#1947 = DIRECTION ( 'NONE',  ( -1.034350389723648184E-16, 1.000000000000000000, -0.000000000000000000 ) ) ;
#1948 = ORIENTED_EDGE ( 'NONE', *, *, #298, .F. ) ;
#1949 = DIRECTION ( 'NONE',  ( -1.000000000000000000, -1.138269997360109921E-16, 0.000000000000000000 ) ) ;
#1950 = CARTESIAN_POINT ( 'NONE',  ( -6.826124999999990450, 2.739583333333288184, 3.500000000000000000 ) ) ;
#1951 = CARTESIAN_POINT ( 'NONE',  ( 4.826125000000001108, 3.489583333333289072, 0.1269999999999986418 ) ) ;
#1952 = EDGE_CURVE ( 'NONE', #560, #190, #721, .T. ) ;
#1953 = VERTEX_POINT ( 'NONE', #1931 ) ;
#1954 = DIRECTION ( 'NONE',  ( -1.034350389723648184E-16, 1.000000000000000000, -0.000000000000000000 ) ) ;
#1955 = LINE ( 'NONE', #1791, #1004 ) ;
#1956 = EDGE_CURVE ( 'NONE', #1857, #185, #1003, .T. ) ;
#1957 = DIRECTION ( 'NONE',  ( 0.000000000000000000, 0.000000000000000000, -1.000000000000000000 ) ) ;
#1958 = VERTEX_POINT ( 'NONE', #1417 ) ;
#1959 = FACE_OUTER_BOUND ( 'NONE', #2341, .T. ) ;
#1960 = CARTESIAN_POINT ( 'NONE',  ( -4.076124999999995779, -1.489583333333398318, 3.500000000000000000 ) ) ;
#1961 = DIRECTION ( 'NONE',  ( 0.000000000000000000, 0.000000000000000000, -1.000000000000000000 ) ) ;
#1962 = ORIENTED_EDGE ( 'NONE', *, *, #399, .T. ) ;
#1963 = LINE ( 'NONE', #1032, #1586 ) ;
#1964 = EDGE_CURVE ( 'NONE', #77, #2176, #296, .T. ) ;
#1965 = LINE ( 'NONE', #1046, #2216 ) ;
#1966 = CARTESIAN_POINT ( 'NONE',  ( 9.505879463497628024, -1.314505189656296036, 0.1269999999999986418 ) ) ;
#1967 = ADVANCED_FACE ( 'NONE', ( #1576 ), #90, .T. ) ;
#1968 = EDGE_LOOP ( 'NONE', ( #1121, #165, #1507, #2358 ) ) ;
#1969 = AXIS2_PLACEMENT_3D ( 'NONE', #320, #1858, #1069 ) ;
#1970 = VECTOR ( 'NONE', #1749, 1000.000000000000000 ) ;
#1971 = CARTESIAN_POINT ( 'NONE',  ( 6.826124999999996668, 3.489583333333285520, 3.500000000000000000 ) ) ;
#1972 = DIRECTION ( 'NONE',  ( 1.000000000000000000, 0.000000000000000000, 0.000000000000000000 ) ) ;
#1973 = ORIENTED_EDGE ( 'NONE', *, *, #82, .F. ) ;
#1974 = CONICAL_SURFACE ( 'NONE', #923, 9.524999999999998579, 0.06441868085558738466 ) ;
#1975 = ORIENTED_EDGE ( 'NONE', *, *, #285, .T. ) ;
#1976 = CARTESIAN_POINT ( 'NONE',  ( -4.326124999999995779, 3.489583333333289072, 3.000000000000000000 ) ) ;
#1977 = AXIS2_PLACEMENT_3D ( 'NONE', #2298, #2307, #436 ) ;
#1978 = LINE ( 'NONE', #831, #2363 ) ;
#1979 = CIRCLE ( 'NONE', #379, 0.7500000000000015543 ) ;
#1980 = PLANE ( 'NONE',  #2397 ) ;
#1981 = EDGE_CURVE ( 'NONE', #748, #521, #1539, .T. ) ;
#1982 = VERTEX_POINT ( 'NONE', #1406 ) ;
#1983 = DIRECTION ( 'NONE',  ( 0.000000000000000000, 0.000000000000000000, 1.000000000000000000 ) ) ;
#1984 = CARTESIAN_POINT ( 'NONE',  ( -9.469331770997357012, -1.881015567156326895, -0.1269999999999986418 ) ) ;
#1985 =( LENGTH_UNIT ( ) NAMED_UNIT ( * ) SI_UNIT ( .MILLI., .METRE. ) );
#1986 = ORIENTED_EDGE ( 'NONE', *, *, #2129, .T. ) ;
#1987 = CARTESIAN_POINT ( 'NONE',  ( 7.576125000000001997, 6.968749999999966249, 3.500000000000000000 ) ) ;
#1988 = CARTESIAN_POINT ( 'NONE',  ( 7.576125000000002885, -5.218750000000070166, 3.500000000000000000 ) ) ;
#1989 = VERTEX_POINT ( 'NONE', #1218 ) ;
#1990 = DIRECTION ( 'NONE',  ( 6.977658674320106926E-16, -1.000000000000000000, 0.000000000000000000 ) ) ;
#1991 = DIRECTION ( 'NONE',  ( 2.325886224773361744E-16, -1.000000000000000000, 0.000000000000000000 ) ) ;
#1992 = ORIENTED_EDGE ( 'NONE', *, *, #2073, .F. ) ;
#1993 = EDGE_CURVE ( 'NONE', #1090, #542, #1965, .T. ) ;
#1994 = CARTESIAN_POINT ( 'NONE',  ( -7.576124999999995779, -4.968750000000077272, 0.1269999999999986418 ) ) ;
#1995 = ORIENTED_EDGE ( 'NONE', *, *, #1263, .T. ) ;
#1996 = ADVANCED_FACE ( 'NONE', ( #1034 ), #104, .T. ) ;
#1997 =( NAMED_UNIT ( * ) SI_UNIT ( $, .STERADIAN. ) SOLID_ANGLE_UNIT ( ) );
#1998 = VERTEX_POINT ( 'NONE', #250 ) ;
#1999 = PLANE ( 'NONE',  #1544 ) ;
#2000 = DIRECTION ( 'NONE',  ( 0.000000000000000000, -0.000000000000000000, 1.000000000000000000 ) ) ;
#2001 = ORIENTED_EDGE ( 'NONE', *, *, #1708, .F. ) ;
#2002 = DIRECTION ( 'NONE',  ( 0.000000000000000000, 0.000000000000000000, -1.000000000000000000 ) ) ;
#2003 = CARTESIAN_POINT ( 'NONE',  ( 4.076125000000001108, 7.218749999999969802, 3.500000000000000000 ) ) ;
#2004 = ORIENTED_EDGE ( 'NONE', *, *, #992, .F. ) ;
#2005 = CARTESIAN_POINT ( 'NONE',  ( 8.120779771693859722E-16, -4.434271922085065043, 0.000000000000000000 ) ) ;
#2006 = CIRCLE ( 'NONE', #1186, 9.305478077915024571 ) ;
#2007 = ADVANCED_FACE ( 'NONE', ( #890 ), #1442, .T. ) ;
#2008 = EDGE_LOOP ( 'NONE', ( #9, #1021, #121, #381 ) ) ;
#2009 = FILL_AREA_STYLE ('',( #713 ) ) ;
#2010 = AXIS2_PLACEMENT_3D ( 'NONE', #145, #1087, #1844 ) ;
#2011 = VERTEX_POINT ( 'NONE', #318 ) ;
#2012 = DIRECTION ( 'NONE',  ( -1.000000000000000000, -1.034350389723648184E-16, 0.000000000000000000 ) ) ;
#2013 = EDGE_CURVE ( 'NONE', #589, #569, #1096, .T. ) ;
#2014 = AXIS2_PLACEMENT_3D ( 'NONE', #1702, #600, #402 ) ;
#2015 = CARTESIAN_POINT ( 'NONE',  ( 4.326125000000001108, -1.489583333333398318, -0.1269999999999986418 ) ) ;
#2016 = CIRCLE ( 'NONE', #844, 0.5000000000000022204 ) ;
#2017 = ORIENTED_EDGE ( 'NONE', *, *, #695, .F. ) ;
#2018 = FACE_OUTER_BOUND ( 'NONE', #1831, .T. ) ;
#2019 = AXIS2_PLACEMENT_3D ( 'NONE', #39, #416, #613 ) ;
#2020 = LINE ( 'NONE', #2042, #376 ) ;
#2021 = ORIENTED_EDGE ( 'NONE', *, *, #399, .F. ) ;
#2022 = CARTESIAN_POINT ( 'NONE',  ( -12.06499999999999950, 6.968749999999964473, -0.1269999999999986418 ) ) ;
#2023 =( NAMED_UNIT ( * ) SI_UNIT ( $, .STERADIAN. ) SOLID_ANGLE_UNIT ( ) );
#2024 = VERTEX_POINT ( 'NONE', #1067 ) ;
#2025 = VERTEX_POINT ( 'NONE', #2038 ) ;
#2026 = PLANE ( 'NONE',  #370 ) ;
#2027 = CARTESIAN_POINT ( 'NONE',  ( -4.826124999999997556, 2.739583333333288184, 3.500000000000000000 ) ) ;
#2028 = EDGE_CURVE ( 'NONE', #1337, #316, #579, .T. ) ;
#2029 = ORIENTED_EDGE ( 'NONE', *, *, #108, .F. ) ;
#2030 = DIRECTION ( 'NONE',  ( 0.000000000000000000, 0.000000000000000000, -1.000000000000000000 ) ) ;
#2031 = DIRECTION ( 'NONE',  ( 0.000000000000000000, 0.000000000000000000, -1.000000000000000000 ) ) ;
#2032 = EDGE_CURVE ( 'NONE', #1843, #1487, #2364, .T. ) ;
#2033 = ORIENTED_EDGE ( 'NONE', *, *, #331, .F. ) ;
#2034 = LINE ( 'NONE', #1370, #2212 ) ;
#2035 = ORIENTED_EDGE ( 'NONE', *, *, #1165, .T. ) ;
#2036 = EDGE_LOOP ( 'NONE', ( #1773, #1420, #1541, #1264 ) ) ;
#2037 = DIRECTION ( 'NONE',  ( -1.000000000000000000, -2.325886224773368154E-16, 0.000000000000000000 ) ) ;
#2038 = CARTESIAN_POINT ( 'NONE',  ( -12.06433156043052257, 4.468749999999963585, 0.1269999999999986418 ) ) ;
#2039 = ORIENTED_EDGE ( 'NONE', *, *, #2222, .T. ) ;
#2040 = DIRECTION ( 'NONE',  ( -1.000000000000000000, 0.000000000000000000, 0.000000000000000000 ) ) ;
#2041 = EDGE_CURVE ( 'NONE', #289, #106, #1479, .T. ) ;
#2042 = CARTESIAN_POINT ( 'NONE',  ( -4.826124999999997556, -0.7395833333334010939, 3.500000000000000000 ) ) ;
#2043 = ADVANCED_FACE ( 'NONE', ( #1084 ), #164, .T. ) ;
#2044 = ORIENTED_EDGE ( 'NONE', *, *, #1925, .F. ) ;
#2045 = LINE ( 'NONE', #198, #330 ) ;
#2046 = DIRECTION ( 'NONE',  ( 1.034350389723648184E-16, -1.000000000000000000, 0.000000000000000000 ) ) ;
#2047 = ORIENTED_EDGE ( 'NONE', *, *, #509, .T. ) ;
#2048 = ORIENTED_EDGE ( 'NONE', *, *, #2032, .T. ) ;
#2049 = CARTESIAN_POINT ( 'NONE',  ( -3.673940397442057403E-16, 6.968749999999964473, 0.000000000000000000 ) ) ;
#2050 = FACE_OUTER_BOUND ( 'NONE', #722, .T. ) ;
#2051 = ORIENTED_EDGE ( 'NONE', *, *, #1023, .F. ) ;
#2052 = DIRECTION ( 'NONE',  ( -2.243714196472992599E-15, 1.000000000000000000, 0.000000000000000000 ) ) ;
#2053 = AXIS2_PLACEMENT_3D ( 'NONE', #857, #1945, #272 ) ;
#2054 = LINE ( 'NONE', #1139, #1714 ) ;
#2055 = VECTOR ( 'NONE', #84, 1000.000000000000000 ) ;
#2056 = AXIS2_PLACEMENT_3D ( 'NONE', #232, #404, #1729 ) ;
#2057 = VERTEX_POINT ( 'NONE', #495 ) ;
#2058 = AXIS2_PLACEMENT_3D ( 'NONE', #619, #1961, #1215 ) ;
#2059 = EDGE_CURVE ( 'NONE', #2057, #1104, #1255, .T. ) ;
#2060 = CARTESIAN_POINT ( 'NONE',  ( -12.06499999999999950, 3.968749999999965361, 0.1269999999999986418 ) ) ;
#2061 = PLANE ( 'NONE',  #1274 ) ;
#2062 = ORIENTED_EDGE ( 'NONE', *, *, #2013, .T. ) ;
#2063 = EDGE_LOOP ( 'NONE', ( #856, #369, #1895, #1412 ) ) ;
#2064 = CARTESIAN_POINT ( 'NONE',  ( -7.326124999999997556, 6.968749999999964473, -0.1269999999999986418 ) ) ;
#2065 = CARTESIAN_POINT ( 'NONE',  ( -4.826124999999997556, 3.489583333333289072, 0.1269999999999986418 ) ) ;
#2066 = ORIENTED_EDGE ( 'NONE', *, *, #2149, .F. ) ;
#2067 = CARTESIAN_POINT ( 'NONE',  ( 6.826124999999994003, -0.7395833333333940995, 3.500000000000000000 ) ) ;
#2068 = CARTESIAN_POINT ( 'NONE',  ( 4.826125000000001108, -0.7395833333333976523, 3.500000000000000000 ) ) ;
#2069 = VERTEX_POINT ( 'NONE', #1243 ) ;
#2070 = DIRECTION ( 'NONE',  ( 1.000000000000000000, 0.000000000000000000, -0.000000000000000000 ) ) ;
#2071 = DIRECTION ( 'NONE',  ( 0.000000000000000000, 0.000000000000000000, -1.000000000000000000 ) ) ;
#2072 = ORIENTED_EDGE ( 'NONE', *, *, #1600, .T. ) ;
#2073 = EDGE_CURVE ( 'NONE', #1802, #2078, #1296, .T. ) ;
#2074 = ORIENTED_EDGE ( 'NONE', *, *, #1596, .T. ) ;
#2075 = CARTESIAN_POINT ( 'NONE',  ( 4.826125000000001108, 3.489583333333289072, 3.000000000000000000 ) ) ;
#2076 = EDGE_CURVE ( 'NONE', #1354, #1989, #504, .T. ) ;
#2077 = DIRECTION ( 'NONE',  ( 2.243714196472992599E-15, -1.000000000000000000, 0.000000000000000000 ) ) ;
#2078 = VERTEX_POINT ( 'NONE', #1640 ) ;
#2079 = PLANE ( 'NONE',  #1226 ) ;
#2080 = DIRECTION ( 'NONE',  ( -1.860708979818690184E-15, -1.000000000000000000, 0.000000000000000000 ) ) ;
#2081 = CYLINDRICAL_SURFACE ( 'NONE', #1550, 0.7500000000000015543 ) ;
#2082 = ORIENTED_EDGE ( 'NONE', *, *, #1894, .T. ) ;
#2083 = ORIENTED_EDGE ( 'NONE', *, *, #204, .T. ) ;
#2084 = CARTESIAN_POINT ( 'NONE',  ( -7.576124999999994891, -4.968750000000076383, 0.1269999999999986418 ) ) ;
#2085 = LINE ( 'NONE', #1909, #1518 ) ;
#2086 = EDGE_CURVE ( 'NONE', #730, #1486, #716, .T. ) ;
#2087 = ORIENTED_EDGE ( 'NONE', *, *, #548, .F. ) ;
#2088 = PLANE ( 'NONE',  #2014 ) ;
#2089 = AXIS2_PLACEMENT_3D ( 'NONE', #1803, #1047, #1792 ) ;
#2090 = LINE ( 'NONE', #196, #1198 ) ;
#2091 = VECTOR ( 'NONE', #2099, 1000.000000000000000 ) ;
#2092 = B_SPLINE_CURVE_WITH_KNOTS ( 'NONE', 3,
 ( #1222, #1018, #2326, #654 ),
 .UNSPECIFIED., .F., .F.,
 ( 4, 4 ),
 ( 0.01939199558986201555, 0.02280209190041649833 ),
 .UNSPECIFIED. ) ;
#2093 = CIRCLE ( 'NONE', #220, 0.7499999999999997780 ) ;
#2094 = AXIS2_PLACEMENT_3D ( 'NONE', #1543, #761, #2251 ) ;
#2095 = DIRECTION ( 'NONE',  ( 1.034350389723648184E-16, -1.000000000000000000, 0.000000000000000000 ) ) ;
#2096 = ORIENTED_EDGE ( 'NONE', *, *, #218, .T. ) ;
#2097 = AXIS2_PLACEMENT_3D ( 'NONE', #915, #335, #2182 ) ;
#2098 = CARTESIAN_POINT ( 'NONE',  ( 7.326125000000002885, -4.968750000000070166, 3.000000000000000000 ) ) ;
#2099 = DIRECTION ( 'NONE',  ( -2.325886224773367168E-16, 1.000000000000000000, -0.000000000000000000 ) ) ;
#2100 =( GEOMETRIC_REPRESENTATION_CONTEXT ( 3 ) GLOBAL_UNCERTAINTY_ASSIGNED_CONTEXT ( ( #797 ) ) GLOBAL_UNIT_ASSIGNED_CONTEXT ( ( #1985, #1423, #1997 ) ) REPRESENTATION_CONTEXT ( 'NONE', 'WORKASPACE' ) );
#2101 = DIRECTION ( 'NONE',  ( 1.000000000000000000, 0.000000000000000000, 0.000000000000000000 ) ) ;
#2102 = ORIENTED_EDGE ( 'NONE', *, *, #941, .T. ) ;
#2103 = CARTESIAN_POINT ( 'NONE',  ( 7.576124999999995779, 3.489583333333285520, 3.500000000000000000 ) ) ;
#2104 = ADVANCED_FACE ( 'NONE', ( #704 ), #2404, .T. ) ;
#2105 = DIRECTION ( 'NONE',  ( 0.000000000000000000, 0.000000000000000000, -1.000000000000000000 ) ) ;
#2106 = EDGE_CURVE ( 'NONE', #912, #2211, #1453, .T. ) ;
#2107 = EDGE_CURVE ( 'NONE', #2248, #88, #535, .T. ) ;
#2108 = ORIENTED_EDGE ( 'NONE', *, *, #1678, .F. ) ;
#2109 = CARTESIAN_POINT ( 'NONE',  ( -7.576124999999992227, -1.489583333333398318, 3.500000000000000000 ) ) ;
#2110 = CARTESIAN_POINT ( 'NONE',  ( -4.826124999999997556, 3.489583333333289072, 3.500000000000000000 ) ) ;
#2111 = FACE_OUTER_BOUND ( 'NONE', #1062, .T. ) ;
#2112 = ORIENTED_EDGE ( 'NONE', *, *, #2041, .T. ) ;
#2113 = DIRECTION ( 'NONE',  ( -1.034350389723648184E-16, 1.000000000000000000, -0.000000000000000000 ) ) ;
#2114 = DIRECTION ( 'NONE',  ( -1.000000000000000000, 0.000000000000000000, 0.000000000000000000 ) ) ;
#2115 = CARTESIAN_POINT ( 'NONE',  ( 6.826124999999994891, 2.739583333333288184, 0.1269999999999986418 ) ) ;
#2116 = EDGE_CURVE ( 'NONE', #1606, #1457, #678, .T. ) ;
#2117 = VERTEX_POINT ( 'NONE', #2015 ) ;
#2118 = LINE ( 'NONE', #441, #1590 ) ;
#2119 = B_SPLINE_CURVE_WITH_KNOTS ( 'NONE', 3,
 ( #516, #2225, #546, #1429 ),
 .UNSPECIFIED., .F., .F.,
 ( 4, 4 ),
 ( 0.01939199558986201902, 0.02280209190041649833 ),
 .UNSPECIFIED. ) ;
#2120 = DIRECTION ( 'NONE',  ( 1.745111041701214516E-15, -1.000000000000000000, 0.000000000000000000 ) ) ;
#2121 = CARTESIAN_POINT ( 'NONE',  ( -4.326124999999997556, -1.489583333333398318, 3.000000000000000000 ) ) ;
#2122 = ORIENTED_EDGE ( 'NONE', *, *, #143, .T. ) ;
#2123 = DIRECTION ( 'NONE',  ( -1.000000000000000000, 0.000000000000000000, 0.000000000000000000 ) ) ;
#2124 = CARTESIAN_POINT ( 'NONE',  ( 12.06433156043052257, 6.468749999999971578, 0.1269999999999986418 ) ) ;
#2125 = CARTESIAN_POINT ( 'NONE',  ( 7.576124999999994003, 3.489583333333285520, 3.500000000000000000 ) ) ;
#2126 = VECTOR ( 'NONE', #638, 1000.000000000000000 ) ;
#2127 = AXIS2_PLACEMENT_3D ( 'NONE', #1013, #2315, #295 ) ;
#2128 = ORIENTED_EDGE ( 'NONE', *, *, #622, .F. ) ;
#2129 = EDGE_CURVE ( 'NONE', #925, #2069, #2119, .T. ) ;
#2130 =( GEOMETRIC_REPRESENTATION_CONTEXT ( 3 ) GLOBAL_UNCERTAINTY_ASSIGNED_CONTEXT ( ( #1842 ) ) GLOBAL_UNIT_ASSIGNED_CONTEXT ( ( #1292, #1636, #2023 ) ) REPRESENTATION_CONTEXT ( 'NONE', 'WORKASPACE' ) );
#2131 = CIRCLE ( 'NONE', #2288, 0.4999999999999995559 ) ;
#2132 = CARTESIAN_POINT ( 'NONE',  ( -7.576124999999996668, 3.489583333333289072, 3.500000000000000000 ) ) ;
#2133 = DIRECTION ( 'NONE',  ( -1.000000000000000000, -0.000000000000000000, -0.000000000000000000 ) ) ;
#2134 = VERTEX_POINT ( 'NONE', #348 ) ;
#2135 = VECTOR ( 'NONE', #551, 1000.000000000000000 ) ;
#2136 = CARTESIAN_POINT ( 'NONE',  ( 4.076125000000003773, -4.968750000000073719, 0.1269999999999986418 ) ) ;
#2137 = VECTOR ( 'NONE', #1010, 1000.000000000000000 ) ;
#2138 = ORIENTED_EDGE ( 'NONE', *, *, #1433, .F. ) ;
#2139 = DIRECTION ( 'NONE',  ( 0.000000000000000000, -0.000000000000000000, -1.000000000000000000 ) ) ;
#2140 = CARTESIAN_POINT ( 'NONE',  ( 11.89765545973729921, 4.302083133695553840, 0.1269999999999986418 ) ) ;
#2141 = CARTESIAN_POINT ( 'NONE',  ( -12.06433156043052257, 4.468749999999963585, -0.1269999999999986418 ) ) ;
#2142 = ORIENTED_EDGE ( 'NONE', *, *, #1112, .F. ) ;
#2143 = CARTESIAN_POINT ( 'NONE',  ( -7.326124999999994891, -1.489583333333398318, 3.000000000000000000 ) ) ;
#2144 = DIRECTION ( 'NONE',  ( 1.000000000000000000, 0.000000000000000000, 0.000000000000000000 ) ) ;
#2145 = EDGE_CURVE ( 'NONE', #514, #712, #225, .T. ) ;
#2146 = LINE ( 'NONE', #819, #256 ) ;
#2147 = VERTEX_POINT ( 'NONE', #1268 ) ;
#2148 = FACE_OUTER_BOUND ( 'NONE', #1554, .T. ) ;
#2149 = EDGE_CURVE ( 'NONE', #1415, #313, #1529, .T. ) ;
#2150 = CARTESIAN_POINT ( 'NONE',  ( 11.56430265947757263, 6.968749999999964473, 0.1269999999999985862 ) ) ;
#2151 = LINE ( 'NONE', #1431, #1855 ) ;
#2152 = VERTEX_POINT ( 'NONE', #967 ) ;
#2153 = DIRECTION ( 'NONE',  ( 1.000000000000000000, 9.888972044104479000E-17, 0.000000000000000000 ) ) ;
#2154 = FACE_OUTER_BOUND ( 'NONE', #33, .T. ) ;
#2155 = VERTEX_POINT ( 'NONE', #1170 ) ;
#2156 = FACE_OUTER_BOUND ( 'NONE', #1701, .T. ) ;
#2157 = ORIENTED_EDGE ( 'NONE', *, *, #1209, .F. ) ;
#2158 = DIRECTION ( 'NONE',  ( -1.000000000000000000, -9.320979865042502322E-17, 0.000000000000000000 ) ) ;
#2159 = DIRECTION ( 'NONE',  ( -1.034350389723648184E-16, 1.000000000000000000, -0.000000000000000000 ) ) ;
#2160 = EDGE_CURVE ( 'NONE', #2290, #2057, #1500, .T. ) ;
#2161 = CARTESIAN_POINT ( 'NONE',  ( 9.469331770997357012, -1.881015567156327117, 0.1269999999999986418 ) ) ;
#2162 = ORIENTED_EDGE ( 'NONE', *, *, #459, .T. ) ;
#2163 = AXIS2_PLACEMENT_3D ( 'NONE', #1327, #1736, #427 ) ;
#2164 = AXIS2_PLACEMENT_3D ( 'NONE', #690, #2037, #545 ) ;
#2165 = CARTESIAN_POINT ( 'NONE',  ( -12.06499999999999950, -4.968750000000077272, 0.1269999999999986418 ) ) ;
#2166 = CARTESIAN_POINT ( 'NONE',  ( -9.487605621984178228, -1.597760378711894802, -0.1269999999999986418 ) ) ;
#2167 = CONICAL_SURFACE ( 'NONE', #451, 9.524999999999998579, 0.06441868085558738466 ) ;
#2168 = ORIENTED_EDGE ( 'NONE', *, *, #482, .T. ) ;
#2169 = FACE_OUTER_BOUND ( 'NONE', #1108, .T. ) ;
#2170 = VECTOR ( 'NONE', #242, 1000.000000000000000 ) ;
#2171 = DIRECTION ( 'NONE',  ( -1.034350389723648184E-16, 1.000000000000000000, -0.000000000000000000 ) ) ;
#2172 = VECTOR ( 'NONE', #2077, 1000.000000000000000 ) ;
#2173 = CARTESIAN_POINT ( 'NONE',  ( -6.826124999999993115, -0.9895833333333943216, 3.000000000000000000 ) ) ;
#2174 = EDGE_CURVE ( 'NONE', #384, #903, #425, .T. ) ;
#2175 = EDGE_CURVE ( 'NONE', #2024, #1497, #2085, .T. ) ;
#2176 = VERTEX_POINT ( 'NONE', #609 ) ;
#2177 = CARTESIAN_POINT ( 'NONE',  ( 6.826124999999996668, 3.489583333333285520, -0.1269999999999986418 ) ) ;
#2178 = LINE ( 'NONE', #1061, #1116 ) ;
#2179 = ORIENTED_EDGE ( 'NONE', *, *, #1187, .T. ) ;
#2180 = ORIENTED_EDGE ( 'NONE', *, *, #1247, .T. ) ;
#2181 = FACE_OUTER_BOUND ( 'NONE', #1848, .T. ) ;
#2182 = DIRECTION ( 'NONE',  ( -1.000000000000000000, 0.000000000000000000, 0.000000000000000000 ) ) ;
#2183 = EDGE_LOOP ( 'NONE', ( #2331, #47, #2348, #991 ) ) ;
#2184 = FACE_OUTER_BOUND ( 'NONE', #1149, .T. ) ;
#2185 = CARTESIAN_POINT ( 'NONE',  ( -12.06499999999999950, -4.968750000000077272, 0.1269999999999986418 ) ) ;
#2186 = EDGE_CURVE ( 'NONE', #2296, #1857, #142, .T. ) ;
#2187 = EDGE_LOOP ( 'NONE', ( #332, #1924, #988, #687 ) ) ;
#2188 = ADVANCED_FACE ( 'NONE', ( #2050 ), #1865, .T. ) ;
#2189 = CARTESIAN_POINT ( 'NONE',  ( 8.673617379884035472E-16, -4.968750000000077272, 0.000000000000000000 ) ) ;
#2190 = ORIENTED_EDGE ( 'NONE', *, *, #54, .T. ) ;
#2191 = ORIENTED_EDGE ( 'NONE', *, *, #1850, .T. ) ;
#2192 = DIRECTION ( 'NONE',  ( 1.000000000000000000, 1.034350389723648184E-16, 0.000000000000000000 ) ) ;
#2193 = DIRECTION ( 'NONE',  ( -1.000000000000000000, 0.000000000000000000, 0.000000000000000000 ) ) ;
#2194 = ORIENTED_EDGE ( 'NONE', *, *, #863, .F. ) ;
#2195 = DIRECTION ( 'NONE',  ( 1.000000000000000000, 0.000000000000000000, 0.000000000000000000 ) ) ;
#2196 = DIRECTION ( 'NONE',  ( 1.000000000000000000, 0.000000000000000000, 0.000000000000000000 ) ) ;
#2197 = ORIENTED_EDGE ( 'NONE', *, *, #1099, .F. ) ;
#2198 = DIRECTION ( 'NONE',  ( 0.000000000000000000, 0.000000000000000000, -1.000000000000000000 ) ) ;
#2199 = LINE ( 'NONE', #1051, #1709 ) ;
#2200 = VECTOR ( 'NONE', #81, 1000.000000000000000 ) ;
#2201 = EDGE_LOOP ( 'NONE', ( #1408, #784, #1474, #2048, #709, #1683, #1143, #1628, #2282, #1301, #1884, #498 ) ) ;
#2202 = EDGE_CURVE ( 'NONE', #1574, #2117, #1893, .T. ) ;
#2203 = VECTOR ( 'NONE', #558, 1000.000000000000000 ) ;
#2204 = B_SPLINE_CURVE_WITH_KNOTS ( 'NONE', 3,
 ( #36, #2272, #942, #598 ),
 .UNSPECIFIED., .F., .F.,
 ( 4, 4 ),
 ( 0.05376560631040808169, 0.05447367259984401550 ),
 .UNSPECIFIED. ) ;
#2205 = EDGE_LOOP ( 'NONE', ( #122, #974, #701, #2264 ) ) ;
#2206 = CARTESIAN_POINT ( 'NONE',  ( -9.270999999999997243, -4.968750000000077272, 0.000000000000000000 ) ) ;
#2207 = PRESENTATION_LAYER_ASSIGNMENT (  '', '', ( #1073 ) ) ;
#2208 = EDGE_CURVE ( 'NONE', #289, #2296, #931, .T. ) ;
#2209 = DIRECTION ( 'NONE',  ( 0.000000000000000000, 0.000000000000000000, -1.000000000000000000 ) ) ;
#2210 = COLOUR_RGB ( '',0.3843137254901960453, 0.3843137254901960453, 0.3843137254901960453 ) ;
#2211 = VERTEX_POINT ( 'NONE', #2236 ) ;
#2212 = VECTOR ( 'NONE', #1866, 1000.000000000000000 ) ;
#2213 = DIRECTION ( 'NONE',  ( 1.000000000000000000, 0.000000000000000000, 0.000000000000000000 ) ) ;
#2214 = VECTOR ( 'NONE', #1468, 1000.000000000000000 ) ;
#2215 = CARTESIAN_POINT ( 'NONE',  ( -7.326124999999994891, -4.968750000000073719, 3.000000000000000000 ) ) ;
#2216 = VECTOR ( 'NONE', #282, 1000.000000000000000 ) ;
#2217 = ORIENTED_EDGE ( 'NONE', *, *, #485, .F. ) ;
#2218 = LINE ( 'NONE', #2165, #1629 ) ;
#2219 = SURFACE_SIDE_STYLE ('',( #871 ) ) ;
#2220 = VERTEX_POINT ( 'NONE', #1726 ) ;
#2221 = CARTESIAN_POINT ( 'NONE',  ( 7.576125000000002885, -1.489583333333398318, 3.500000000000000000 ) ) ;
#2222 = EDGE_CURVE ( 'NONE', #1044, #2176, #229, .T. ) ;
#2223 = ORIENTED_EDGE ( 'NONE', *, *, #107, .F. ) ;
#2224 = CARTESIAN_POINT ( 'NONE',  ( 6.826124999999996668, 3.489583333333285520, 3.000000000000000000 ) ) ;
#2225 = CARTESIAN_POINT ( 'NONE',  ( 9.377792186689479337, -3.299931291483475082, -0.1269999999999986418 ) ) ;
#2226 = EDGE_CURVE ( 'NONE', #521, #1698, #1747, .T. ) ;
#2227 = VERTEX_POINT ( 'NONE', #46 ) ;
#2228 = CARTESIAN_POINT ( 'NONE',  ( 6.826124999999996668, 3.489583333333285520, 0.1269999999999986418 ) ) ;
#2229 = DIRECTION ( 'NONE',  ( 1.034350389723647568E-16, -1.000000000000000000, 0.000000000000000000 ) ) ;
#2230 = ORIENTED_EDGE ( 'NONE', *, *, #1174, .F. ) ;
#2231 = CARTESIAN_POINT ( 'NONE',  ( -12.06499999999999950, 3.968749999999965361, -0.1269999999999986418 ) ) ;
#2232 = PLANE ( 'NONE',  #813 ) ;
#2233 = ORIENTED_EDGE ( 'NONE', *, *, #233, .F. ) ;
#2234 = DIRECTION ( 'NONE',  ( -4.986031547717756181E-16, -1.000000000000000000, 0.000000000000000000 ) ) ;
#2235 = DIRECTION ( 'NONE',  ( 1.000000000000000000, 1.734723475976813997E-15, 0.000000000000000000 ) ) ;
#2236 = CARTESIAN_POINT ( 'NONE',  ( 6.826124999999994003, -0.7395833333333945436, 0.1269999999999986418 ) ) ;
#2237 = ORIENTED_EDGE ( 'NONE', *, *, #605, .F. ) ;
#2238 = CARTESIAN_POINT ( 'NONE',  ( -12.06433156043052257, 6.468749999999971578, -0.1269999999999986418 ) ) ;
#2239 = ADVANCED_FACE ( 'NONE', ( #1717 ), #588, .T. ) ;
#2240 = CARTESIAN_POINT ( 'NONE',  ( -4.826124999999997556, -1.489583333333398318, 0.1269999999999986418 ) ) ;
#2241 = EDGE_LOOP ( 'NONE', ( #1617, #2350, #310, #465 ) ) ;
#2242 = CARTESIAN_POINT ( 'NONE',  ( -7.576124999999997556, 6.968749999999963585, 0.1269999999999986418 ) ) ;
#2243 = CARTESIAN_POINT ( 'NONE',  ( 4.826125000000001108, 2.739583333333288628, 0.1269999999999986418 ) ) ;
#2244 = ORIENTED_EDGE ( 'NONE', *, *, #2202, .T. ) ;
#2245 = DIRECTION ( 'NONE',  ( -0.000000000000000000, -1.000000000000000000, -0.000000000000000000 ) ) ;
#2246 = AXIS2_PLACEMENT_3D ( 'NONE', #859, #265, #2354 ) ;
#2247 = DIRECTION ( 'NONE',  ( -1.034350389723648184E-16, 1.000000000000000000, -0.000000000000000000 ) ) ;
#2248 = VERTEX_POINT ( 'NONE', #1489 ) ;
#2249 = DIRECTION ( 'NONE',  ( 1.860708979818690184E-15, 1.000000000000000000, 0.000000000000000000 ) ) ;
#2250 = CONICAL_SURFACE ( 'NONE', #522, 9.305478077915024571, 0.7853981633974499443 ) ;
#2251 = DIRECTION ( 'NONE',  ( -1.000000000000000000, -9.106159978880878627E-17, 0.000000000000000000 ) ) ;
#2252 = PRESENTATION_LAYER_ASSIGNMENT (  '', '', ( #1627 ) ) ;
#2253 = EDGE_CURVE ( 'NONE', #445, #478, #214, .T. ) ;
#2254 = AXIS2_PLACEMENT_3D ( 'NONE', #2240, #352, #1110 ) ;
#2255 = ORIENTED_EDGE ( 'NONE', *, *, #1609, .F. ) ;
#2256 = AXIS2_PLACEMENT_3D ( 'NONE', #640, #269, #1020 ) ;
#2257 = DIRECTION ( 'NONE',  ( -1.034350389723648184E-16, 1.000000000000000000, -0.000000000000000000 ) ) ;
#2258 = EDGE_CURVE ( 'NONE', #1476, #453, #896, .T. ) ;
#2259 = FACE_OUTER_BOUND ( 'NONE', #215, .T. ) ;
#2260 = ORIENTED_EDGE ( 'NONE', *, *, #473, .T. ) ;
#2261 = ORIENTED_EDGE ( 'NONE', *, *, #564, .T. ) ;
#2262 = CYLINDRICAL_SURFACE ( 'NONE', #93, 9.524999999999998579 ) ;
#2263 = DIRECTION ( 'NONE',  ( -0.000000000000000000, 0.000000000000000000, 1.000000000000000000 ) ) ;
#2264 = ORIENTED_EDGE ( 'NONE', *, *, #2226, .F. ) ;
#2265 = CYLINDRICAL_SURFACE ( 'NONE', #608, 0.7500000000000024425 ) ;
#2266 = DIRECTION ( 'NONE',  ( 1.000000000000000000, 6.977658674320107912E-16, 0.000000000000000000 ) ) ;
#2267 = DIRECTION ( 'NONE',  ( -1.034350389723648184E-16, 1.000000000000000000, -0.000000000000000000 ) ) ;
#2268 = VERTEX_POINT ( 'NONE', #1124 ) ;
#2269 = EDGE_CURVE ( 'NONE', #1802, #1471, #336, .T. ) ;
#2270 = VERTEX_POINT ( 'NONE', #757 ) ;
#2271 = CYLINDRICAL_SURFACE ( 'NONE', #177, 0.5000000000000022204 ) ;
#2272 = CARTESIAN_POINT ( 'NONE',  ( -11.73097916805278373, 6.802083541600592476, -0.1269999999999986418 ) ) ;
#2273 = VERTEX_POINT ( 'NONE', #193 ) ;
#2274 = LINE ( 'NONE', #2067, #131 ) ;
#2275 = DIRECTION ( 'NONE',  ( -1.000000000000000000, -7.189073667537534461E-17, 0.000000000000000000 ) ) ;
#2276 = DIRECTION ( 'NONE',  ( 0.000000000000000000, 0.000000000000000000, 1.000000000000000000 ) ) ;
#2277 = ORIENTED_EDGE ( 'NONE', *, *, #1923, .T. ) ;
#2278 = ORIENTED_EDGE ( 'NONE', *, *, #1402, .F. ) ;
#2279 = DIRECTION ( 'NONE',  ( -1.000000000000000000, -1.138269997360109921E-16, 0.000000000000000000 ) ) ;
#2280 = EDGE_CURVE ( 'NONE', #1241, #603, #2204, .T. ) ;
#2281 = DIRECTION ( 'NONE',  ( 0.000000000000000000, -1.000000000000000000, 0.000000000000000000 ) ) ;
#2282 = ORIENTED_EDGE ( 'NONE', *, *, #1312, .T. ) ;
#2283 = CARTESIAN_POINT ( 'NONE',  ( -7.576124999999996668, 3.489583333333289072, 3.500000000000000000 ) ) ;
#2284 = EDGE_CURVE ( 'NONE', #106, #2078, #1979, .T. ) ;
#2285 = AXIS2_PLACEMENT_3D ( 'NONE', #1298, #2380, #2040 ) ;
#2286 = DIRECTION ( 'NONE',  ( 1.034350389723648184E-16, -1.000000000000000000, 0.000000000000000000 ) ) ;
#2287 = AXIS2_PLACEMENT_3D ( 'NONE', #1214, #278, #1776 ) ;
#2288 = AXIS2_PLACEMENT_3D ( 'NONE', #2177, #499, #2371 ) ;
#2289 = VECTOR ( 'NONE', #645, 1000.000000000000000 ) ;
#2290 = VERTEX_POINT ( 'NONE', #1413 ) ;
#2291 = VECTOR ( 'NONE', #2263, 1000.000000000000000 ) ;
#2292 = LINE ( 'NONE', #1560, #763 ) ;
#2293 = DIRECTION ( 'NONE',  ( -1.034350389723648184E-16, 1.000000000000000000, -0.000000000000000000 ) ) ;
#2294 = DIRECTION ( 'NONE',  ( 1.000000000000000000, 0.000000000000000000, -0.000000000000000000 ) ) ;
#2295 = EDGE_CURVE ( 'NONE', #2370, #2270, #247, .T. ) ;
#2296 = VERTEX_POINT ( 'NONE', #1777 ) ;
#2297 = DIRECTION ( 'NONE',  ( -1.000000000000000000, 0.000000000000000000, 0.000000000000000000 ) ) ;
#2298 = CARTESIAN_POINT ( 'NONE',  ( -5.708892282711151928E-17, 3.968749999999966249, 0.000000000000000000 ) ) ;
#2299 = ADVANCED_FACE ( 'NONE', ( #1601 ), #443, .F. ) ;
#2300 = CARTESIAN_POINT ( 'NONE',  ( 6.826124999999996668, -1.489583333333401649, 0.1269999999999986418 ) ) ;
#2301 = ORIENTED_EDGE ( 'NONE', *, *, #244, .T. ) ;
#2302 = FACE_OUTER_BOUND ( 'NONE', #180, .T. ) ;
#2303 = LINE ( 'NONE', #477, #724 ) ;
#2304 = DIRECTION ( 'NONE',  ( -4.986031547717761112E-16, 1.000000000000000000, 0.000000000000000000 ) ) ;
#2305 = ORIENTED_EDGE ( 'NONE', *, *, #2353, .T. ) ;
#2306 = CARTESIAN_POINT ( 'NONE',  ( 9.304611397503771641, -4.434271922085064155, -0.1269999999999986418 ) ) ;
#2307 = DIRECTION ( 'NONE',  ( 1.034350389723648184E-16, -1.000000000000000000, 0.000000000000000000 ) ) ;
#2308 = DIRECTION ( 'NONE',  ( -1.000000000000000000, -1.034350389723648184E-16, 0.000000000000000000 ) ) ;
#2309 = ADVANCED_FACE ( 'NONE', ( #2156 ), #855, .F. ) ;
#2310 = ORIENTED_EDGE ( 'NONE', *, *, #597, .T. ) ;
#2311 = DIRECTION ( 'NONE',  ( 0.000000000000000000, -1.000000000000000000, 0.000000000000000000 ) ) ;
#2312 = CARTESIAN_POINT ( 'NONE',  ( 7.326125000000002885, 6.968749999999962697, 3.000000000000000000 ) ) ;
#2313 = PLANE ( 'NONE',  #2256 ) ;
#2314 = ORIENTED_EDGE ( 'NONE', *, *, #1085, .T. ) ;
#2315 = DIRECTION ( 'NONE',  ( 0.000000000000000000, 0.000000000000000000, 1.000000000000000000 ) ) ;
#2316 = CARTESIAN_POINT ( 'NONE',  ( 7.326125000000002885, 6.968749999999962697, 3.000000000000000000 ) ) ;
#2317 = CARTESIAN_POINT ( 'NONE',  ( 6.826124999999994891, -0.9895833333333943216, -0.1269999999999986418 ) ) ;
#2318 = AXIS2_PLACEMENT_3D ( 'NONE', #300, #1448, #540 ) ;
#2319 = CIRCLE ( 'NONE', #2246, 0.5000000000000022204 ) ;
#2320 = EDGE_CURVE ( 'NONE', #316, #2220, #1192, .T. ) ;
#2321 = VECTOR ( 'NONE', #1157, 1000.000000000000000 ) ;
#2322 = ORIENTED_EDGE ( 'NONE', *, *, #189, .F. ) ;
#2323 = VECTOR ( 'NONE', #1619, 1000.000000000000000 ) ;
#2324 = EDGE_CURVE ( 'NONE', #1929, #185, #631, .T. ) ;
#2325 = VECTOR ( 'NONE', #72, 1000.000000000000000 ) ;
#2326 = CARTESIAN_POINT ( 'NONE',  ( -9.450972815815257277, -2.165590650555784258, 0.1269999999999986418 ) ) ;
#2327 = CARTESIAN_POINT ( 'NONE',  ( 6.826124999999996668, -1.489583333333401649, 3.500000000000000000 ) ) ;
#2328 = AXIS2_PLACEMENT_3D ( 'NONE', #26, #2286, #1151 ) ;
#2329 = CARTESIAN_POINT ( 'NONE',  ( 8.770080501340904888, -4.968750000000077272, -0.1269999999999985862 ) ) ;
#2330 =( GEOMETRIC_REPRESENTATION_CONTEXT ( 3 ) GLOBAL_UNCERTAINTY_ASSIGNED_CONTEXT ( ( #692 ) ) GLOBAL_UNIT_ASSIGNED_CONTEXT ( ( #113, #303, #315 ) ) REPRESENTATION_CONTEXT ( 'NONE', 'WORKASPACE' ) );
#2331 = ORIENTED_EDGE ( 'NONE', *, *, #622, .T. ) ;
#2332 = CARTESIAN_POINT ( 'NONE',  ( 4.326125000000001108, 3.489583333333289072, 3.000000000000000000 ) ) ;
#2333 = CARTESIAN_POINT ( 'NONE',  ( 11.56430265947756908, 3.968749999999968026, 0.1269999999999986418 ) ) ;
#2334 = CARTESIAN_POINT ( 'NONE',  ( -3.673940397442057403E-16, 6.968749999999964473, 0.000000000000000000 ) ) ;
#2335 = ORIENTED_EDGE ( 'NONE', *, *, #2208, .T. ) ;
#2336 = ADVANCED_FACE ( 'NONE', ( #838 ), #1225, .F. ) ;
#2337 = CARTESIAN_POINT ( 'NONE',  ( -6.826124999999993115, -1.489583333333398318, 3.500000000000000000 ) ) ;
#2338 = DIRECTION ( 'NONE',  ( 0.000000000000000000, 0.000000000000000000, -1.000000000000000000 ) ) ;
#2339 = ADVANCED_FACE ( 'NONE', ( #806 ), #239, .F. ) ;
#2340 = DIRECTION ( 'NONE',  ( -2.325886224773361744E-16, 1.000000000000000000, -0.000000000000000000 ) ) ;
#2341 = EDGE_LOOP ( 'NONE', ( #2138, #1973, #1796, #1341 ) ) ;
#2342 = CARTESIAN_POINT ( 'NONE',  ( -12.06499999999999950, 2.989583333333285076, -0.1269999999999986418 ) ) ;
#2343 = FACE_OUTER_BOUND ( 'NONE', #642, .T. ) ;
#2344 = LINE ( 'NONE', #1762, #1070 ) ;
#2345 = ORIENTED_EDGE ( 'NONE', *, *, #263, .F. ) ;
#2346 = CARTESIAN_POINT ( 'NONE',  ( 7.326125000000002885, 6.968749999999962697, 3.000000000000000000 ) ) ;
#2347 = DIRECTION ( 'NONE',  ( -1.000000000000000000, 0.000000000000000000, 0.000000000000000000 ) ) ;
#2348 = ORIENTED_EDGE ( 'NONE', *, *, #189, .T. ) ;
#2349 = EDGE_CURVE ( 'NONE', #1283, #1443, #1403, .T. ) ;
#2350 = ORIENTED_EDGE ( 'NONE', *, *, #234, .F. ) ;
#2351 = PLANE ( 'NONE',  #2053 ) ;
#2352 = CARTESIAN_POINT ( 'NONE',  ( -12.06500000000000661, -0.7395833333334270732, 0.1269999999999986418 ) ) ;
#2353 = EDGE_CURVE ( 'NONE', #1958, #925, #630, .T. ) ;
#2354 = DIRECTION ( 'NONE',  ( -1.000000000000000000, 0.000000000000000000, 0.000000000000000000 ) ) ;
#2355 = ORIENTED_EDGE ( 'NONE', *, *, #1643, .T. ) ;
#2356 = VECTOR ( 'NONE', #48, 1000.000000000000000 ) ;
#2357 = DIRECTION ( 'NONE',  ( 0.000000000000000000, 1.000000000000000000, -0.000000000000000000 ) ) ;
#2358 = ORIENTED_EDGE ( 'NONE', *, *, #82, .T. ) ;
#2359 = AXIS2_PLACEMENT_3D ( 'NONE', #19, #770, #1335 ) ;
#2360 = VECTOR ( 'NONE', #1213, 1000.000000000000000 ) ;
#2361 = VERTEX_POINT ( 'NONE', #1734 ) ;
#2362 = DIRECTION ( 'NONE',  ( 1.000000000000000000, 7.189073667537534461E-17, 0.000000000000000000 ) ) ;
#2363 = VECTOR ( 'NONE', #843, 1000.000000000000000 ) ;
#2364 = LINE ( 'NONE', #1856, #1552 ) ;
#2365 = AXIS2_PLACEMENT_3D ( 'NONE', #1988, #734, #141 ) ;
#2366 = ORIENTED_EDGE ( 'NONE', *, *, #1708, .T. ) ;
#2367 = DIRECTION ( 'NONE',  ( -1.000000000000000000, 0.000000000000000000, 0.000000000000000000 ) ) ;
#2368 = EDGE_CURVE ( 'NONE', #1486, #1929, #1080, .T. ) ;
#2369 = DIRECTION ( 'NONE',  ( 0.000000000000000000, 0.000000000000000000, -1.000000000000000000 ) ) ;
#2370 = VERTEX_POINT ( 'NONE', #657 ) ;
#2371 = DIRECTION ( 'NONE',  ( -1.000000000000000000, 0.000000000000000000, 0.000000000000000000 ) ) ;
#2372 = FILL_AREA_STYLE ('',( #910 ) ) ;
#2373 = VERTEX_POINT ( 'NONE', #67 ) ;
#2374 = PRESENTATION_STYLE_ASSIGNMENT (( #1827 ) ) ;
#2375 = APPLICATION_CONTEXT ( 'automotive_design' ) ;
#2376 = VERTEX_POINT ( 'NONE', #1551 ) ;
#2377 = FACE_OUTER_BOUND ( 'NONE', #807, .T. ) ;
#2378 = CARTESIAN_POINT ( 'NONE',  ( 4.826125000000001108, 2.739583333333288628, 3.500000000000000000 ) ) ;
#2379 = ORIENTED_EDGE ( 'NONE', *, *, #429, .F. ) ;
#2380 = DIRECTION ( 'NONE',  ( 0.000000000000000000, 0.000000000000000000, -1.000000000000000000 ) ) ;
#2381 = CARTESIAN_POINT ( 'NONE',  ( -7.326124999999991338, 3.489583333333289072, -0.1269999999999986418 ) ) ;
#2382 = EDGE_CURVE ( 'NONE', #1843, #1574, #2146, .T. ) ;
#2383 = ORIENTED_EDGE ( 'NONE', *, *, #2208, .F. ) ;
#2384 = CARTESIAN_POINT ( 'NONE',  ( -2.381250000000000533, 6.968749999999965361, 0.000000000000000000 ) ) ;
#2385 = ADVANCED_FACE ( 'NONE', ( #2111 ), #1375, .F. ) ;
#2386 = CARTESIAN_POINT ( 'NONE',  ( -6.826124999999993115, -1.489583333333398318, 3.000000000000000000 ) ) ;
#2387 = ORIENTED_EDGE ( 'NONE', *, *, #337, .F. ) ;
#2388 = ORIENTED_EDGE ( 'NONE', *, *, #1011, .F. ) ;
#2389 = DIRECTION ( 'NONE',  ( 0.000000000000000000, 0.000000000000000000, -1.000000000000000000 ) ) ;
#2390 = DIRECTION ( 'NONE',  ( 1.000000000000000000, 0.000000000000000000, 0.000000000000000000 ) ) ;
#2391 = ORIENTED_EDGE ( 'NONE', *, *, #2149, .T. ) ;
#2392 = FACE_OUTER_BOUND ( 'NONE', #1082, .T. ) ;
#2393 = CARTESIAN_POINT ( 'NONE',  ( -8.770080501340904888, -4.968750000000077272, -0.1269999999999985862 ) ) ;
#2394 = ORIENTED_EDGE ( 'NONE', *, *, #1817, .F. ) ;
#2395 = ADVANCED_FACE ( 'NONE', ( #433 ), #1179, .F. ) ;
#2396 = DIRECTION ( 'NONE',  ( -1.000000000000000000, -0.000000000000000000, -0.000000000000000000 ) ) ;
#2397 = AXIS2_PLACEMENT_3D ( 'NONE', #2173, #1245, #680 ) ;
#2398 = ORIENTED_EDGE ( 'NONE', *, *, #1846, .T. ) ;
#2399 = ADVANCED_FACE ( 'NONE', ( #1572 ), #2313, .T. ) ;
#2400 = AXIS2_PLACEMENT_3D ( 'NONE', #249, #799, #2297 ) ;
#2401 = ORIENTED_EDGE ( 'NONE', *, *, #2116, .F. ) ;
#2402 = CARTESIAN_POINT ( 'NONE',  ( -7.576124999999995779, -4.968750000000077272, 0.1269999999999986418 ) ) ;
#2403 = VECTOR ( 'NONE', #982, 1000.000000000000000 ) ;
#2404 = PLANE ( 'NONE',  #2365 ) ;
#2405 = UNCERTAINTY_MEASURE_WITH_UNIT (LENGTH_MEASURE( 1.000000000000000082E-05 ), #541, 'distance_accuracy_value', 'NONE');
#2406 = VECTOR ( 'NONE', #71, 1000.000000000000000 ) ;
#2407 = ORIENTED_EDGE ( 'NONE', *, *, #2076, .T. ) ;
#2408 = CARTESIAN_POINT ( 'NONE',  ( -4.326124999999997556, 6.968749999999964473, -0.1269999999999986418 ) ) ;
#2409 = VECTOR ( 'NONE', #952, 1000.000000000000000 ) ;
#2410 = DIRECTION ( 'NONE',  ( -2.325886224773367168E-16, 1.000000000000000000, 0.000000000000000000 ) ) ;
#2411 = EDGE_LOOP ( 'NONE', ( #2237, #1056, #920, #556 ) ) ;
#2412 = CARTESIAN_POINT ( 'NONE',  ( 7.326125000000002885, -4.968750000000070166, -0.1269999999999986418 ) ) ;
#2413 = DIRECTION ( 'NONE',  ( -1.000000000000000000, -9.106159978880878627E-17, 0.000000000000000000 ) ) ;
#2414 = ORIENTED_EDGE ( 'NONE', *, *, #1690, .F. ) ;
#2415 = FACE_OUTER_BOUND ( 'NONE', #1740, .T. ) ;
#2416 = CARTESIAN_POINT ( 'NONE',  ( 6.826124999999994003, -0.7395833333333940995, 3.500000000000000000 ) ) ;
#2417 = EDGE_CURVE ( 'NONE', #2155, #1053, #1766, .T. ) ;
#2418 = CARTESIAN_POINT ( 'NONE',  ( -5.708892282711151928E-17, 3.968749999999966249, 0.000000000000000000 ) ) ;
#2419 = ORIENTED_EDGE ( 'NONE', *, *, #1383, .T. ) ;
#2420 = DIRECTION ( 'NONE',  ( -2.243714196472991416E-15, -1.000000000000000000, 0.000000000000000000 ) ) ;
#2421 = LINE ( 'NONE', #1272, #2135 ) ;
ENDSEC;
END-ISO-10303-21;
