ISO-10303-21;
HEADER;
FILE_DESCRIPTION (( 'STEP AP214' ),
    '1' );
FILE_NAME ('2_cable_guide_housing_1.STEP',
    '2025-09-03T21:08:19',
    ( '' ),
    ( '' ),
    'SwSTEP 2.0',
    'SolidWorks 2022',
    '' );
FILE_SCHEMA (( 'AUTOMOTIVE_DESIGN' ));
ENDSEC;

DATA;
#1 = DIRECTION ( 'NONE',  ( 1.000000000000000000, 4.535261055593764468E-14, 0.000000000000000000 ) ) ;
#2 = VERTEX_POINT ( 'NONE', #3560 ) ;
#3 = AXIS2_PLACEMENT_3D ( 'NONE', #8924, #2415, #4747 ) ;
#4 = ADVANCED_FACE ( 'NONE', ( #9212 ), #4932, .F. ) ;
#5 = DIRECTION ( 'NONE',  ( 1.000000000000000000, 0.000000000000000000, 1.658456209688565037E-16 ) ) ;
#6 = EDGE_CURVE ( 'NONE', #3434, #4760, #3367, .T. ) ;
#7 = ORIENTED_EDGE ( 'NONE', *, *, #7967, .T. ) ;
#8 = DIRECTION ( 'NONE',  ( 0.000000000000000000, 0.000000000000000000, 1.000000000000000000 ) ) ;
#9 = DIRECTION ( 'NONE',  ( 0.000000000000000000, 0.000000000000000000, -1.000000000000000000 ) ) ;
#10 = CARTESIAN_POINT ( 'NONE',  ( 1.802294139933362738, -0.01196658862688802262, -0.9278645602857933383 ) ) ;
#11 = DIRECTION ( 'NONE',  ( 0.5000000000000668354, -0.8660254037844001829, -0.000000000000000000 ) ) ;
#12 = AXIS2_PLACEMENT_3D ( 'NONE', #8151, #7445, #6156 ) ;
#13 = LINE ( 'NONE', #778, #5625 ) ;
#14 = VERTEX_POINT ( 'NONE', #496 ) ;
#15 = CARTESIAN_POINT ( 'NONE',  ( 1.716506350946108261, -0.07346415503393144419, -0.6999999999999999556 ) ) ;
#16 = EDGE_LOOP ( 'NONE', ( #9127, #8474 ) ) ;
#17 = FACE_OUTER_BOUND ( 'NONE', #823, .T. ) ;
#18 = CARTESIAN_POINT ( 'NONE',  ( 1.984375000000021094, 0.3904979548822726798, -0.9174999999999992051 ) ) ;
#19 = DIRECTION ( 'NONE',  ( 1.000000000000000000, 7.827072323607353610E-15, 0.000000000000000000 ) ) ;
#20 = LINE ( 'NONE', #7973, #3837 ) ;
#21 = ORIENTED_EDGE ( 'NONE', *, *, #7833, .F. ) ;
#22 = ORIENTED_EDGE ( 'NONE', *, *, #2546, .F. ) ;
#23 = CARTESIAN_POINT ( 'NONE',  ( -0.8325000000000002398, 0.1762500000000011557, 0.000000000000000000 ) ) ;
#24 = CARTESIAN_POINT ( 'NONE',  ( 1.984375000000021094, 0.3904979548822709035, -0.6999999999999999556 ) ) ;
#25 = VERTEX_POINT ( 'NONE', #3412 ) ;
#26 = ORIENTED_EDGE ( 'NONE', *, *, #2773, .T. ) ;
#27 = CARTESIAN_POINT ( 'NONE',  ( 1.952479751915167094, -0.2605712927930439182, -0.2545484930337157947 ) ) ;
#28 = CARTESIAN_POINT ( 'NONE',  ( 2.125000000000000000, 0.4764989774411177437, -0.2500000000000000555 ) ) ;
#29 = CARTESIAN_POINT ( 'NONE',  ( -1.483749999999971925, -0.1703183294109479606, -0.9499999999999999556 ) ) ;
#30 = EDGE_CURVE ( 'NONE', #7496, #4301, #6414, .T. ) ;
#31 = EDGE_CURVE ( 'NONE', #5401, #598, #9313, .T. ) ;
#32 = DIRECTION ( 'NONE',  ( 1.000000000000000000, 1.865610830299460874E-15, 0.000000000000000000 ) ) ;
#33 = ORIENTED_EDGE ( 'NONE', *, *, #2452, .T. ) ;
#34 = ORIENTED_EDGE ( 'NONE', *, *, #265, .T. ) ;
#35 = AXIS2_PLACEMENT_3D ( 'NONE', #8628, #727, #7104 ) ;
#36 = DIRECTION ( 'NONE',  ( -0.8660254037844348218, 0.5000000000000066613, 0.000000000000000000 ) ) ;
#37 = ORIENTED_EDGE ( 'NONE', *, *, #7776, .F. ) ;
#38 = CARTESIAN_POINT ( 'NONE',  ( -2.546874999999995559, -0.5502869753213698312, -0.4150000000000000910 ) ) ;
#39 = VECTOR ( 'NONE', #332, 39.37007874015748143 ) ;
#40 = DIRECTION ( 'NONE',  ( 0.000000000000000000, 0.000000000000000000, 1.000000000000000000 ) ) ;
#41 = CARTESIAN_POINT ( 'NONE',  ( 2.683967334085359813, -0.1603401775928167128, -0.5999999999999999778 ) ) ;
#42 = CARTESIAN_POINT ( 'NONE',  ( 1.167433081593972632, -0.3012499999999982969, -0.4999999999999999445 ) ) ;
#43 = EDGE_CURVE ( 'NONE', #4138, #1155, #161, .T. ) ;
#44 = DIRECTION ( 'NONE',  ( 7.244205235679145164E-14, 1.000000000000000000, 0.000000000000000000 ) ) ;
#45 = ORIENTED_EDGE ( 'NONE', *, *, #8872, .T. ) ;
#46 = CIRCLE ( 'NONE', #6598, 0.2500000000000000000 ) ;
#47 = DIRECTION ( 'NONE',  ( -0.000000000000000000, -0.000000000000000000, -1.000000000000000000 ) ) ;
#48 = CARTESIAN_POINT ( 'NONE',  ( 2.330368649053886632, -0.4252869753213685544, -0.6999999999999999556 ) ) ;
#49 = VERTEX_POINT ( 'NONE', #2744 ) ;
#50 = LINE ( 'NONE', #8766, #872 ) ;
#51 = DIRECTION ( 'NONE',  ( -0.000000000000000000, 1.000000000000000000, 0.000000000000000000 ) ) ;
#52 = DIRECTION ( 'NONE',  ( -0.8660254037844431485, 0.4999999999999918954, 0.000000000000000000 ) ) ;
#53 = CARTESIAN_POINT ( 'NONE',  ( -2.265624999999998668, 0.2790714234295562646, -0.9175000000000007594 ) ) ;
#54 = VECTOR ( 'NONE', #5184, 39.37007874015748854 ) ;
#55 = FILL_AREA_STYLE ('',( #3553 ) ) ;
#56 = ORIENTED_EDGE ( 'NONE', *, *, #2200, .T. ) ;
#57 = AXIS2_PLACEMENT_3D ( 'NONE', #3151, #3915, #7514 ) ;
#58 = PLANE ( 'NONE',  #1784 ) ;
#59 = DIRECTION ( 'NONE',  ( -0.8660254037844363761, 0.5000000000000039968, 0.000000000000000000 ) ) ;
#60 = CARTESIAN_POINT ( 'NONE',  ( -1.700256350946108164, -0.04531832941093606737, -0.9499999999999999556 ) ) ;
#61 = CYLINDRICAL_SURFACE ( 'NONE', #7004, 0.06424999999999973788 ) ;
#62 = CIRCLE ( 'NONE', #1431, 0.04449999999999948441 ) ;
#63 = MECHANICAL_DESIGN_GEOMETRIC_PRESENTATION_REPRESENTATION (  '', ( #4182 ), #2346 ) ;
#64 = CARTESIAN_POINT ( 'NONE',  ( -1.984375000000010880, 0.6079979548822626034, -0.2599999999999999534 ) ) ;
#65 = ORIENTED_EDGE ( 'NONE', *, *, #5318, .F. ) ;
#66 = ORIENTED_EDGE ( 'NONE', *, *, #2494, .T. ) ;
#67 = AXIS2_PLACEMENT_3D ( 'NONE', #4617, #275, #361 ) ;
#68 = DIRECTION ( 'NONE',  ( 2.185478394931411364E-15, 1.000000000000000000, 1.529834876451987876E-14 ) ) ;
#69 = VECTOR ( 'NONE', #6022, 39.37007874015748143 ) ;
#70 = LINE ( 'NONE', #1593, #5755 ) ;
#71 = ORIENTED_EDGE ( 'NONE', *, *, #5965, .T. ) ;
#72 = ORIENTED_EDGE ( 'NONE', *, *, #5387, .T. ) ;
#73 = DIRECTION ( 'NONE',  ( -0.000000000000000000, -0.000000000000000000, -1.000000000000000000 ) ) ;
#74 = LINE ( 'NONE', #2278, #4287 ) ;
#75 = CIRCLE ( 'NONE', #3589, 0.1124999999999999611 ) ;
#76 = LINE ( 'NONE', #3140, #69 ) ;
#77 = CARTESIAN_POINT ( 'NONE',  ( 1.859375000000026645, 0.3476343040826244679, 0.2500000000000000555 ) ) ;
#78 = VERTEX_POINT ( 'NONE', #6457 ) ;
#79 = VERTEX_POINT ( 'NONE', #7068 ) ;
#80 = CARTESIAN_POINT ( 'NONE',  ( 1.984375000000010880, 0.6079979548822667113, -0.5357500000000000595 ) ) ;
#81 = ORIENTED_EDGE ( 'NONE', *, *, #1075, .F. ) ;
#82 = ADVANCED_FACE ( 'NONE', ( #2694 ), #8528, .F. ) ;
#83 = EDGE_CURVE ( 'NONE', #3721, #2183, #8369, .T. ) ;
#84 = LINE ( 'NONE', #8802, #54 ) ;
#85 = CARTESIAN_POINT ( 'NONE',  ( -2.125000000000030642, 0.6079979548822563862, -0.2500000000000000555 ) ) ;
#86 = CARTESIAN_POINT ( 'NONE',  ( -1.859375000000008882, 0.6404979548822424817, -0.5357500000000000595 ) ) ;
#87 = FILL_AREA_STYLE_COLOUR ( '', #6683 ) ;
#88 = CARTESIAN_POINT ( 'NONE',  ( 1.859375000000008882, 0.6404979548822717916, -0.9499999999999999556 ) ) ;
#89 = EDGE_LOOP ( 'NONE', ( #5801, #187, #3917, #2344 ) ) ;
#90 = CARTESIAN_POINT ( 'NONE',  ( 2.395021441835284204, 0.5923487661265872672, -0.8474999999999998090 ) ) ;
#91 = ADVANCED_FACE ( 'NONE', ( #8498 ), #2788, .F. ) ;
#92 = CARTESIAN_POINT ( 'NONE',  ( -2.390625000000005329, 0.3476343040825998765, -0.5727544197693736905 ) ) ;
#93 = EDGE_LOOP ( 'NONE', ( #6955, #2372, #9154, #5945, #7423 ) ) ;
#94 = EDGE_CURVE ( 'NONE', #2410, #2951, #4587, .T. ) ;
#95 = CARTESIAN_POINT ( 'NONE',  ( -2.080500000000000238, 0.4764989774411199086, -0.2500000000000000555 ) ) ;
#96 = FACE_BOUND ( 'NONE', #172, .T. ) ;
#97 = CYLINDRICAL_SURFACE ( 'NONE', #9102, 0.06425000000000000155 ) ;
#98 = CARTESIAN_POINT ( 'NONE',  ( -2.390625000000005773, 0.6404979548822425928, 0.000000000000000000 ) ) ;
#99 = CIRCLE ( 'NONE', #2389, 0.2824999999999991962 ) ;
#100 = CARTESIAN_POINT ( 'NONE',  ( 2.265625000000000000, 0.6079979548822481705, -0.2599999999999999534 ) ) ;
#101 = VERTEX_POINT ( 'NONE', #1360 ) ;
#102 = CIRCLE ( 'NONE', #7098, 0.2500000000000000000 ) ;
#103 = CARTESIAN_POINT ( 'NONE',  ( 2.265624999999999112, 0.3904979548822426483, -0.6999999999999999556 ) ) ;
#104 = ORIENTED_EDGE ( 'NONE', *, *, #5559, .T. ) ;
#105 = ADVANCED_FACE ( 'NONE', ( #5546 ), #4177, .T. ) ;
#106 = CARTESIAN_POINT ( 'NONE',  ( -2.376618649053891197, -0.3451796254713022649, -0.6999999999999999556 ) ) ;
#107 = CIRCLE ( 'NONE', #8626, 0.3449999999999964762 ) ;
#108 = EDGE_CURVE ( 'NONE', #724, #2853, #1928, .T. ) ;
#109 = DIRECTION ( 'NONE',  ( -1.000000000000000000, 8.405686134351793218E-15, 0.000000000000000000 ) ) ;
#110 = DIRECTION ( 'NONE',  ( -0.5000000000000668354, 0.8660254037844001829, 0.000000000000000000 ) ) ;
#111 = ORIENTED_EDGE ( 'NONE', *, *, #8410, .F. ) ;
#112 = EDGE_LOOP ( 'NONE', ( #1845, #3581 ) ) ;
#113 = CIRCLE ( 'NONE', #5432, 0.06424999999999973788 ) ;
#114 = VECTOR ( 'NONE', #8049, 39.37007874015748143 ) ;
#115 = ORIENTED_EDGE ( 'NONE', *, *, #1955, .F. ) ;
#116 = AXIS2_PLACEMENT_3D ( 'NONE', #8227, #5329, #9142 ) ;
#117 = DIRECTION ( 'NONE',  ( 0.7071067811865465735, 3.206913846861606165E-14, -0.7071067811865484609 ) ) ;
#118 = DIRECTION ( 'NONE',  ( 0.8660254037844660191, -0.4999999999999527045, -0.000000000000000000 ) ) ;
#119 = EDGE_LOOP ( 'NONE', ( #4962, #5564, #6251, #5672 ) ) ;
#120 = EDGE_CURVE ( 'NONE', #929, #5456, #4463, .T. ) ;
#121 = ADVANCED_FACE ( 'NONE', ( #2934 ), #61, .F. ) ;
#122 = ORIENTED_EDGE ( 'NONE', *, *, #2545, .F. ) ;
#123 = DIRECTION ( 'NONE',  ( 0.8660254037844422603, -0.4999999999999939493, 0.000000000000000000 ) ) ;
#124 = VECTOR ( 'NONE', #645, 39.37007874015748143 ) ;
#125 = CONICAL_SURFACE ( 'NONE', #8039, 0.3449999999999983635, 0.7853981633974514986 ) ;
#126 = CARTESIAN_POINT ( 'NONE',  ( 1.167433081593972632, 0.3012499999999982969, -0.2175000000000007760 ) ) ;
#127 = APPLICATION_CONTEXT ( 'automotive_design' ) ;
#128 = CARTESIAN_POINT ( 'NONE',  ( 1.813004557839720920, -0.01775088930758956726, -0.9174999999999992051 ) ) ;
#129 = ORIENTED_EDGE ( 'NONE', *, *, #2973, .F. ) ;
#130 = AXIS2_PLACEMENT_3D ( 'NONE', #5005, #7904, #1384 ) ;
#131 = CARTESIAN_POINT ( 'NONE',  ( -1.483749999999971925, -0.1703183294109479606, -0.2599999999999997313 ) ) ;
#132 = ORIENTED_EDGE ( 'NONE', *, *, #1050, .F. ) ;
#133 = LINE ( 'NONE', #8841, #4991 ) ;
#134 = ORIENTED_EDGE ( 'NONE', *, *, #8192, .T. ) ;
#135 = VECTOR ( 'NONE', #3313, 39.37007874015748854 ) ;
#136 = DIRECTION ( 'NONE',  ( 1.865610830299460874E-15, 1.000000000000000000, 0.000000000000000000 ) ) ;
#137 = CIRCLE ( 'NONE', #4268, 0.5324999999999970868 ) ;
#138 = FACE_OUTER_BOUND ( 'NONE', #8183, .T. ) ;
#139 = DIRECTION ( 'NONE',  ( -0.4999999999999527600, -0.8660254037844661301, 0.000000000000000000 ) ) ;
#140 = VECTOR ( 'NONE', #7687, 39.37007874015748854 ) ;
#141 = DIRECTION ( 'NONE',  ( 0.6123724356957961357, -0.3535533905932720655, -0.7071067811865471286 ) ) ;
#142 = ORIENTED_EDGE ( 'NONE', *, *, #7593, .T. ) ;
#143 = VERTEX_POINT ( 'NONE', #5869 ) ;
#144 = FACE_OUTER_BOUND ( 'NONE', #4865, .T. ) ;
#145 = DIRECTION ( 'NONE',  ( -0.4999999999999981126, -0.8660254037844397068, 0.000000000000000000 ) ) ;
#146 = ORIENTED_EDGE ( 'NONE', *, *, #1723, .T. ) ;
#147 = CARTESIAN_POINT ( 'NONE',  ( -2.546874999999995559, -0.5502869753213701642, -0.9499999999999999556 ) ) ;
#148 = CARTESIAN_POINT ( 'NONE',  ( -2.265624999999999112, 0.3904979548822427038, -0.9175000000000007594 ) ) ;
#149 = PLANE ( 'NONE',  #5003 ) ;
#150 = DIRECTION ( 'NONE',  ( -0.7071067811865472397, 2.137870989964933542E-15, -0.7071067811865477948 ) ) ;
#151 = ORIENTED_EDGE ( 'NONE', *, *, #6566, .F. ) ;
#152 = VECTOR ( 'NONE', #4855, 39.37007874015748854 ) ;
#153 = EDGE_CURVE ( 'NONE', #7889, #786, #7304, .T. ) ;
#154 = EDGE_CURVE ( 'NONE', #2853, #5234, #1494, .T. ) ;
#155 = CARTESIAN_POINT ( 'NONE',  ( -2.447027439032297469, 0.6139339784872813732, -0.8122190699021961668 ) ) ;
#156 = EDGE_CURVE ( 'NONE', #7964, #483, #2913, .T. ) ;
#157 = FACE_OUTER_BOUND ( 'NONE', #5326, .T. ) ;
#158 = AXIS2_PLACEMENT_3D ( 'NONE', #2902, #756, #5931 ) ;
#159 = CARTESIAN_POINT ( 'NONE',  ( -2.582160219341328666, -0.2382494887205698075, 0.000000000000000000 ) ) ;
#160 = CARTESIAN_POINT ( 'NONE',  ( -1.167433081593972855, 0.2687499999999986011, -0.2499999999999998890 ) ) ;
#161 = CIRCLE ( 'NONE', #1831, 0.009999999999999892655 ) ;
#162 = SURFACE_STYLE_FILL_AREA ( #4332 ) ;
#163 = EDGE_LOOP ( 'NONE', ( #1087, #4765, #22, #6398 ) ) ;
#164 = PRODUCT_DEFINITION ( 'UNKNOWN', '', #7886, #543 ) ;
#165 = VECTOR ( 'NONE', #6073, 39.37007874015748143 ) ;
#166 = AXIS2_PLACEMENT_3D ( 'NONE', #207, #9057, #6112 ) ;
#167 = EDGE_CURVE ( 'NONE', #6649, #2733, #5070, .T. ) ;
#168 = VERTEX_POINT ( 'NONE', #2888 ) ;
#169 = CARTESIAN_POINT ( 'NONE',  ( 2.425200201892211638, -0.4800379978802461478, -0.5999999999999999778 ) ) ;
#170 = FACE_OUTER_BOUND ( 'NONE', #570, .T. ) ;
#171 = VERTEX_POINT ( 'NONE', #7344 ) ;
#172 = EDGE_LOOP ( 'NONE', ( #5904, #1559 ) ) ;
#173 = PLANE ( 'NONE',  #7612 ) ;
#174 = DIRECTION ( 'NONE',  ( -0.8660254037844442587, 0.4999999999999903411, 0.000000000000000000 ) ) ;
#175 = FACE_OUTER_BOUND ( 'NONE', #9097, .T. ) ;
#176 = ORIENTED_EDGE ( 'NONE', *, *, #4811, .T. ) ;
#177 = FACE_OUTER_BOUND ( 'NONE', #3662, .T. ) ;
#178 = EDGE_CURVE ( 'NONE', #2937, #6649, #8824, .T. ) ;
#179 = PLANE ( 'NONE',  #5688 ) ;
#180 = ORIENTED_EDGE ( 'NONE', *, *, #5071, .F. ) ;
#181 = DIRECTION ( 'NONE',  ( -1.000000000000000000, 0.000000000000000000, 0.000000000000000000 ) ) ;
#182 = ORIENTED_EDGE ( 'NONE', *, *, #7033, .F. ) ;
#183 = CARTESIAN_POINT ( 'NONE',  ( 2.125000000000000000, 0.000000000000000000, -0.9499999999999999556 ) ) ;
#184 =( LENGTH_UNIT ( ) NAMED_UNIT ( * ) SI_UNIT ( $, .METRE. ) );
#185 = DIRECTION ( 'NONE',  ( -0.4999999999999923395, 0.8660254037844429265, 0.000000000000000000 ) ) ;
#186 = LINE ( 'NONE', #6722, #4797 ) ;
#187 = ORIENTED_EDGE ( 'NONE', *, *, #2519, .F. ) ;
#188 = ORIENTED_EDGE ( 'NONE', *, *, #8065, .T. ) ;
#189 = CARTESIAN_POINT ( 'NONE',  ( 2.407708649809764179, 0.5939605555333574705, -0.8452727038963768758 ) ) ;
#190 = VECTOR ( 'NONE', #1053, 39.37007874015748143 ) ;
#191 = FACE_OUTER_BOUND ( 'NONE', #8736, .T. ) ;
#192 = LINE ( 'NONE', #6585, #3461 ) ;
#193 = DIRECTION ( 'NONE',  ( 0.000000000000000000, -0.000000000000000000, -1.000000000000000000 ) ) ;
#194 = FACE_OUTER_BOUND ( 'NONE', #532, .T. ) ;
#195 = DIRECTION ( 'NONE',  ( -0.000000000000000000, -0.000000000000000000, -1.000000000000000000 ) ) ;
#196 = ORIENTED_EDGE ( 'NONE', *, *, #7720, .F. ) ;
#197 = CONICAL_SURFACE ( 'NONE', #3406, 0.04250000000000079409, 0.7853981633974481680 ) ;
#198 = FACE_OUTER_BOUND ( 'NONE', #1735, .T. ) ;
#199 = ORIENTED_EDGE ( 'NONE', *, *, #2847, .T. ) ;
#200 = FACE_OUTER_BOUND ( 'NONE', #3895, .T. ) ;
#201 = EDGE_CURVE ( 'NONE', #4046, #7253, #8071, .T. ) ;
#202 = AXIS2_PLACEMENT_3D ( 'NONE', #4002, #8940, #321 ) ;
#203 = CARTESIAN_POINT ( 'NONE',  ( -2.690825201892120155, -0.01996200211991487269, -0.5999999999999999778 ) ) ;
#204 = CARTESIAN_POINT ( 'NONE',  ( -2.546874999999995559, -0.5502869753213696091, -0.3525000000000004241 ) ) ;
#205 = ADVANCED_FACE ( 'NONE', ( #6501, #1448 ), #3748, .F. ) ;
#206 = EDGE_CURVE ( 'NONE', #7748, #4540, #5185, .T. ) ;
#207 = CARTESIAN_POINT ( 'NONE',  ( 1.873381350946074386, -0.3451796254712989898, -0.6999999999999999556 ) ) ;
#208 = ORIENTED_EDGE ( 'NONE', *, *, #1599, .T. ) ;
#209 = CIRCLE ( 'NONE', #6603, 0.9875000000000008216 ) ;
#210 = EDGE_LOOP ( 'NONE', ( #8153, #2559, #8860, #5307, #7085, #4213, #5402, #2313, #1488 ) ) ;
#211 = LINE ( 'NONE', #931, #4559 ) ;
#212 = DIRECTION ( 'NONE',  ( -1.000000000000000000, 0.000000000000000000, 0.000000000000000000 ) ) ;
#213 = VECTOR ( 'NONE', #8700, 39.37007874015748143 ) ;
#214 = VECTOR ( 'NONE', #1958, 39.37007874015748143 ) ;
#215 = ORIENTED_EDGE ( 'NONE', *, *, #1495, .F. ) ;
#216 = CYLINDRICAL_SURFACE ( 'NONE', #928, 0.2500000000000000000 ) ;
#217 = EDGE_CURVE ( 'NONE', #1407, #168, #6413, .T. ) ;
#218 = CARTESIAN_POINT ( 'NONE',  ( -1.559174798107780591, -0.01996200211974713534, -0.6642499999999997851 ) ) ;
#219 = DIRECTION ( 'NONE',  ( -0.6123724356957839232, 0.3535533905932898291, -0.7071067811865484609 ) ) ;
#220 = VECTOR ( 'NONE', #6169, 39.37007874015748143 ) ;
#221 = ORIENTED_EDGE ( 'NONE', *, *, #9357, .F. ) ;
#222 = CARTESIAN_POINT ( 'NONE',  ( 2.211547108317882149, -0.4288541104406126681, -0.7349999999999999867 ) ) ;
#223 = ORIENTED_EDGE ( 'NONE', *, *, #5384, .F. ) ;
#224 = EDGE_CURVE ( 'NONE', #5510, #168, #7390, .T. ) ;
#225 = VECTOR ( 'NONE', #44, 39.37007874015748143 ) ;
#226 = DIRECTION ( 'NONE',  ( 0.000000000000000000, 0.000000000000000000, 1.000000000000000000 ) ) ;
#227 = EDGE_CURVE ( 'NONE', #4601, #7899, #9297, .T. ) ;
#228 = CARTESIAN_POINT ( 'NONE',  ( 1.528145825622967191, -0.1822141550339431981, -0.9499999999999999556 ) ) ;
#229 = PLANE ( 'NONE',  #5912 ) ;
#230 = DIRECTION ( 'NONE',  ( 0.000000000000000000, 0.000000000000000000, -1.000000000000000000 ) ) ;
#231 = EDGE_LOOP ( 'NONE', ( #2659, #459, #1187, #1924, #7649 ) ) ;
#232 = EDGE_LOOP ( 'NONE', ( #4271, #2162, #6054, #668 ) ) ;
#233 = CARTESIAN_POINT ( 'NONE',  ( 2.445201381572378097, 0.6121392682981662281, -0.8157121042078544493 ) ) ;
#234 = EDGE_LOOP ( 'NONE', ( #5363, #3719, #5974, #1135 ) ) ;
#235 = CARTESIAN_POINT ( 'NONE',  ( -1.559174798107780591, -0.01996200211974713534, -0.5999999999999999778 ) ) ;
#236 = CARTESIAN_POINT ( 'NONE',  ( 1.984375000000009548, 0.6404979548822712365, -0.2599999999999999534 ) ) ;
#237 = EDGE_CURVE ( 'NONE', #7596, #2699, #7257, .T. ) ;
#238 = DIRECTION ( 'NONE',  ( -0.5000000000000041078, -0.8660254037844363761, 0.000000000000000000 ) ) ;
#239 = CARTESIAN_POINT ( 'NONE',  ( 1.706657665914630195, -0.4039098224071747678, -0.5999999999999999778 ) ) ;
#240 = FACE_OUTER_BOUND ( 'NONE', #1574, .T. ) ;
#241 = VERTEX_POINT ( 'NONE', #875 ) ;
#242 = DIRECTION ( 'NONE',  ( -2.512044132105060867E-15, -1.000000000000000000, 6.280110330262652168E-16 ) ) ;
#243 = ORIENTED_EDGE ( 'NONE', *, *, #8294, .T. ) ;
#244 = CARTESIAN_POINT ( 'NONE',  ( 2.125000000000000000, 0.000000000000000000, -0.9175000000000007594 ) ) ;
#245 = ORIENTED_EDGE ( 'NONE', *, *, #2137, .F. ) ;
#246 = CYLINDRICAL_SURFACE ( 'NONE', #1134, 0.06424999999999977951 ) ;
#247 = CARTESIAN_POINT ( 'NONE',  ( 2.690825201892120155, -0.01996200211991486922, -0.5999999999999999778 ) ) ;
#248 = CARTESIAN_POINT ( 'NONE',  ( 2.390625000000005329, 0.3476343040825998765, -0.6272455802306264872 ) ) ;
#249 = ORIENTED_EDGE ( 'NONE', *, *, #5320, .F. ) ;
#250 = ORIENTED_EDGE ( 'NONE', *, *, #9145, .F. ) ;
#251 = ORIENTED_EDGE ( 'NONE', *, *, #5154, .T. ) ;
#252 = VECTOR ( 'NONE', #7056, 39.37007874015747433 ) ;
#253 = CARTESIAN_POINT ( 'NONE',  ( 1.951875000000030891, 0.2984170477285265632, -0.9499999999999999556 ) ) ;
#254 = EDGE_CURVE ( 'NONE', #9431, #4601, #6696, .T. ) ;
#255 = EDGE_CURVE ( 'NONE', #8206, #7064, #740, .T. ) ;
#256 = AXIS2_PLACEMENT_3D ( 'NONE', #4652, #7639, #6164 ) ;
#257 = CARTESIAN_POINT ( 'NONE',  ( -1.700592403928440133, 0.1063067015377320845, -0.8342758506934091489 ) ) ;
#258 = VERTEX_POINT ( 'NONE', #18 ) ;
#259 = VERTEX_POINT ( 'NONE', #7211 ) ;
#260 = DIRECTION ( 'NONE',  ( 0.8660254037844353769, -0.5000000000000056621, -0.000000000000000000 ) ) ;
#261 = CARTESIAN_POINT ( 'NONE',  ( -1.951875000000030891, 0.2984170477285265632, -0.9499999999999999556 ) ) ;
#262 = AXIS2_PLACEMENT_3D ( 'NONE', #6258, #3306, #7633 ) ;
#263 = AXIS2_PLACEMENT_3D ( 'NONE', #1474, #3686, #6583 ) ;
#264 = CARTESIAN_POINT ( 'NONE',  ( -2.546874999999995559, -0.5502869753213701642, 0.000000000000000000 ) ) ;
#265 = EDGE_CURVE ( 'NONE', #1451, #7422, #5861, .T. ) ;
#266 = ORIENTED_EDGE ( 'NONE', *, *, #6593, .F. ) ;
#267 = CARTESIAN_POINT ( 'NONE',  ( -1.656874999999972786, -0.4701796254713134227, -0.2599999999999999534 ) ) ;
#268 = EDGE_CURVE ( 'NONE', #2434, #567, #7952, .T. ) ;
#269 = VERTEX_POINT ( 'NONE', #7533 ) ;
#270 = EDGE_CURVE ( 'NONE', #1295, #5994, #4029, .T. ) ;
#271 = CARTESIAN_POINT ( 'NONE',  ( 1.984375000000025979, 0.2790714234295686436, -0.2600000000000002309 ) ) ;
#272 = ORIENTED_EDGE ( 'NONE', *, *, #560, .T. ) ;
#273 = VECTOR ( 'NONE', #5281, 39.37007874015748143 ) ;
#274 = VECTOR ( 'NONE', #4999, 39.37007874015747433 ) ;
#275 = DIRECTION ( 'NONE',  ( -1.092739197465688721E-15, 1.892679809432653461E-15, -1.000000000000000000 ) ) ;
#276 = CARTESIAN_POINT ( 'NONE',  ( -2.265625000000000000, 0.6079979548822432855, -0.6642500000000000071 ) ) ;
#277 = DIRECTION ( 'NONE',  ( -1.000000000000000000, 7.827072323607353610E-15, 0.000000000000000000 ) ) ;
#278 = APPLICATION_PROTOCOL_DEFINITION ( 'draft international standard', 'automotive_design', 1998, #9062 ) ;
#279 = DIRECTION ( 'NONE',  ( 0.2588190451025417227, 0.9659258262890627611, -0.000000000000000000 ) ) ;
#280 = AXIS2_PLACEMENT_3D ( 'NONE', #458, #7175, #2703 ) ;
#281 = DIRECTION ( 'NONE',  ( 0.000000000000000000, 1.000000000000000000, 0.000000000000000000 ) ) ;
#282 = ORIENTED_EDGE ( 'NONE', *, *, #5382, .F. ) ;
#283 = ORIENTED_EDGE ( 'NONE', *, *, #7655, .F. ) ;
#284 = EDGE_CURVE ( 'NONE', #79, #5934, #8291, .T. ) ;
#285 = CARTESIAN_POINT ( 'NONE',  ( 2.257663553004292112, -0.4170057285111467560, -0.3592211982275868021 ) ) ;
#286 = CARTESIAN_POINT ( 'NONE',  ( 1.953112607851321014, -0.2865761848781310239, -0.9391135601497710983 ) ) ;
#287 = CIRCLE ( 'NONE', #6831, 0.06424999999999979339 ) ;
#288 = DIRECTION ( 'NONE',  ( 4.535261055593764468E-14, -1.000000000000000000, -0.000000000000000000 ) ) ;
#289 = CARTESIAN_POINT ( 'NONE',  ( -2.812500000000023093, -0.09021097956089567382, 0.2500000000000000555 ) ) ;
#290 = AXIS2_PLACEMENT_3D ( 'NONE', #3703, #4513, #8022 ) ;
#291 = CARTESIAN_POINT ( 'NONE',  ( 1.813004557839720476, -0.01775088930758962624, -0.2572037272617221371 ) ) ;
#292 = DIRECTION ( 'NONE',  ( 2.185478394931412547E-15, -0.000000000000000000, -1.000000000000000000 ) ) ;
#293 = ORIENTED_EDGE ( 'NONE', *, *, #966, .T. ) ;
#294 = ORIENTED_EDGE ( 'NONE', *, *, #4750, .F. ) ;
#295 = CARTESIAN_POINT ( 'NONE',  ( -1.442832273128327625, -0.03195418596197479449, -0.8254813800261062706 ) ) ;
#296 = ORIENTED_EDGE ( 'NONE', *, *, #254, .T. ) ;
#297 = EDGE_CURVE ( 'NONE', #7899, #7538, #5297, .T. ) ;
#298 = EDGE_CURVE ( 'NONE', #518, #5910, #7493, .T. ) ;
#299 = DIRECTION ( 'NONE',  ( -1.000000000000000000, 0.000000000000000000, 0.000000000000000000 ) ) ;
#300 = CARTESIAN_POINT ( 'NONE',  ( -1.406249999999996003, -0.03608439182434083903, -0.4650000000000000799 ) ) ;
#301 = CARTESIAN_POINT ( 'NONE',  ( 1.956752361437507526, -0.4038551499215299323, -0.9499999999999999556 ) ) ;
#302 = DIRECTION ( 'NONE',  ( -0.000000000000000000, -1.000000000000000000, -0.000000000000000000 ) ) ;
#303 = ORIENTED_EDGE ( 'NONE', *, *, #2946, .T. ) ;
#304 = ORIENTED_EDGE ( 'NONE', *, *, #8987, .T. ) ;
#305 = LINE ( 'NONE', #7492, #9270 ) ;
#306 = AXIS2_PLACEMENT_3D ( 'NONE', #662, #1997, #7751 ) ;
#307 = FACE_OUTER_BOUND ( 'NONE', #4801, .T. ) ;
#308 = AXIS2_PLACEMENT_3D ( 'NONE', #2125, #7827, #5687 ) ;
#309 = ORIENTED_EDGE ( 'NONE', *, *, #7250, .T. ) ;
#310 = DIRECTION ( 'NONE',  ( -1.000000000000000000, 0.000000000000000000, 0.000000000000000000 ) ) ;
#311 = CARTESIAN_POINT ( 'NONE',  ( 1.696641095954356304, 0.08908579168983826735, -0.8420909932548904520 ) ) ;
#312 = VECTOR ( 'NONE', #4796, 39.37007874015748854 ) ;
#313 = CARTESIAN_POINT ( 'NONE',  ( 2.125000000000000000, 0.000000000000000000, -0.9175000000000006484 ) ) ;
#314 = ORIENTED_EDGE ( 'NONE', *, *, #7018, .T. ) ;
#315 = VERTEX_POINT ( 'NONE', #3845 ) ;
#316 = DIRECTION ( 'NONE',  ( 1.000000000000000000, -3.023406148612404573E-15, -0.000000000000000000 ) ) ;
#317 = CARTESIAN_POINT ( 'NONE',  ( 1.951875000000012683, 0.6404979548822650193, -0.2500000000000000555 ) ) ;
#318 = ORIENTED_EDGE ( 'NONE', *, *, #5730, .T. ) ;
#319 = LINE ( 'NONE', #2661, #2663 ) ;
#320 = EDGE_CURVE ( 'NONE', #2683, #14, #4329, .T. ) ;
#321 = DIRECTION ( 'NONE',  ( -1.000000000000000000, 0.000000000000000000, 0.000000000000000000 ) ) ;
#322 = CARTESIAN_POINT ( 'NONE',  ( -2.546874999999995559, -0.5502869753213701642, 2.731847993664263218E-16 ) ) ;
#323 = ADVANCED_FACE ( 'NONE', ( #1683 ), #197, .F. ) ;
#324 = ORIENTED_EDGE ( 'NONE', *, *, #5210, .F. ) ;
#325 = EDGE_CURVE ( 'NONE', #1463, #8749, #5346, .T. ) ;
#326 = FACE_OUTER_BOUND ( 'NONE', #8990, .T. ) ;
#327 = FACE_OUTER_BOUND ( 'NONE', #5662, .T. ) ;
#328 = ORIENTED_EDGE ( 'NONE', *, *, #3665, .F. ) ;
#329 = EDGE_LOOP ( 'NONE', ( #3299, #7127, #2460, #1204 ) ) ;
#330 = LINE ( 'NONE', #4810, #5891 ) ;
#331 = DIRECTION ( 'NONE',  ( 0.000000000000000000, 0.000000000000000000, -1.000000000000000000 ) ) ;
#332 = DIRECTION ( 'NONE',  ( 0.000000000000000000, 0.000000000000000000, 1.000000000000000000 ) ) ;
#333 = PLANE ( 'NONE',  #892 ) ;
#334 = FACE_OUTER_BOUND ( 'NONE', #3423, .T. ) ;
#335 = EDGE_CURVE ( 'NONE', #5646, #826, #3169, .T. ) ;
#336 = ORIENTED_EDGE ( 'NONE', *, *, #1433, .F. ) ;
#337 = EDGE_LOOP ( 'NONE', ( #2326, #2711, #6561, #3348, #7230, #4380, #3483, #6784, #608, #8742, #1224, #3701, #4337, #1119 ) ) ;
#338 = CARTESIAN_POINT ( 'NONE',  ( -1.421731169731069055, -0.02714633431273561978, -0.7932493951414446576 ) ) ;
#339 = ORIENTED_EDGE ( 'NONE', *, *, #7535, .T. ) ;
#340 = DIRECTION ( 'NONE',  ( -1.000000000000000000, 0.000000000000000000, 0.000000000000000000 ) ) ;
#341 = CARTESIAN_POINT ( 'NONE',  ( 1.640624999999971356, -0.4420337998483162001, -0.2599999999999999534 ) ) ;
#342 = DIRECTION ( 'NONE',  ( -0.000000000000000000, -1.000000000000000000, -0.000000000000000000 ) ) ;
#343 = EDGE_CURVE ( 'NONE', #5922, #781, #7444, .T. ) ;
#344 = CIRCLE ( 'NONE', #1109, 0.2500000000000000555 ) ;
#345 = CYLINDRICAL_SURFACE ( 'NONE', #8522, 0.06424999999999973788 ) ;
#346 = ORIENTED_EDGE ( 'NONE', *, *, #7708, .F. ) ;
#347 = PLANE ( 'NONE',  #587 ) ;
#348 = DIRECTION ( 'NONE',  ( 0.4999999999999987232, -0.8660254037844393737, 0.000000000000000000 ) ) ;
#349 = AXIS2_PLACEMENT_3D ( 'NONE', #1563, #7234, #2327 ) ;
#350 = CARTESIAN_POINT ( 'NONE',  ( 2.444978140926324706, 0.2983761203683423791, -0.3838303734341184104 ) ) ;
#351 = ORIENTED_EDGE ( 'NONE', *, *, #5479, .T. ) ;
#352 = VERTEX_POINT ( 'NONE', #6915 ) ;
#353 = CARTESIAN_POINT ( 'NONE',  ( -1.984375000000020206, 0.4058214234295524081, -0.6642500000000000071 ) ) ;
#354 = CARTESIAN_POINT ( 'NONE',  ( 2.495668702100283021, -0.5858509321612568321, -0.8122190699021963889 ) ) ;
#355 = AXIS2_PLACEMENT_3D ( 'NONE', #9279, #8456, #2708 ) ;
#356 = DIRECTION ( 'NONE',  ( 0.8660254037844140607, -0.5000000000000426326, 0.000000000000000000 ) ) ;
#357 = EDGE_LOOP ( 'NONE', ( #8506, #6941, #1099, #4147 ) ) ;
#358 = AXIS2_PLACEMENT_3D ( 'NONE', #516, #6331, #6282 ) ;
#359 = DIRECTION ( 'NONE',  ( 1.092739197465688721E-15, 1.892679809432653856E-15, 1.000000000000000000 ) ) ;
#360 = ORIENTED_EDGE ( 'NONE', *, *, #7617, .T. ) ;
#361 = DIRECTION ( 'NONE',  ( 0.4999999999999920619, -0.8660254037844432595, -2.185478394931430691E-15 ) ) ;
#362 = CARTESIAN_POINT ( 'NONE',  ( 1.635624999999970353, -0.4333735458104704397, -0.2174999999999991107 ) ) ;
#363 = DIMENSIONAL_EXPONENTS ( 1.000000000000000000, 0.000000000000000000, 0.000000000000000000, 0.000000000000000000, 0.000000000000000000, 0.000000000000000000, 0.000000000000000000 ) ;
#364 = VECTOR ( 'NONE', #2149, 39.37007874015748143 ) ;
#365 = LINE ( 'NONE', #8989, #3806 ) ;
#366 = ORIENTED_EDGE ( 'NONE', *, *, #649, .T. ) ;
#367 = DIRECTION ( 'NONE',  ( 0.000000000000000000, 0.000000000000000000, 1.000000000000000000 ) ) ;
#368 = CARTESIAN_POINT ( 'NONE',  ( -2.487700201892215635, -0.3717848224071854113, -0.5999999999999999778 ) ) ;
#369 = ORIENTED_EDGE ( 'NONE', *, *, #8428, .T. ) ;
#370 = VERTEX_POINT ( 'NONE', #5435 ) ;
#371 = CARTESIAN_POINT ( 'NONE',  ( -1.951875000000024007, 0.6404979548822711255, -0.6999999999999999556 ) ) ;
#372 = VERTEX_POINT ( 'NONE', #6009 ) ;
#373 = ADVANCED_FACE ( 'NONE', ( #8911 ), #4642, .F. ) ;
#374 = AXIS2_PLACEMENT_3D ( 'NONE', #8430, #5429, #3349 ) ;
#375 = ADVANCED_FACE ( 'NONE', ( #3884 ), #9011, .F. ) ;
#376 = CARTESIAN_POINT ( 'NONE',  ( -1.514062206464177329, -0.1802387301376936757, -0.2499999999999999722 ) ) ;
#377 = DIRECTION ( 'NONE',  ( 0.9659258262890734192, -0.2588190451025017547, -0.000000000000000000 ) ) ;
#378 = LINE ( 'NONE', #3293, #7282 ) ;
#379 = FACE_OUTER_BOUND ( 'NONE', #6431, .T. ) ;
#380 = ORIENTED_EDGE ( 'NONE', *, *, #9375, .F. ) ;
#381 = AXIS2_PLACEMENT_3D ( 'NONE', #88, #5850, #7327 ) ;
#382 = CARTESIAN_POINT ( 'NONE',  ( -1.692380423954320090, 0.06589109416633751048, -0.3525000000000004241 ) ) ;
#383 = ORIENTED_EDGE ( 'NONE', *, *, #7836, .T. ) ;
#384 = EDGE_CURVE ( 'NONE', #7496, #7724, #6749, .T. ) ;
#385 = EDGE_CURVE ( 'NONE', #6751, #4844, #960, .T. ) ;
#386 = DIRECTION ( 'NONE',  ( -1.000000000000000000, -4.097771990496438649E-14, 6.829619984160731607E-15 ) ) ;
#387 = ORIENTED_EDGE ( 'NONE', *, *, #3778, .T. ) ;
#388 = CARTESIAN_POINT ( 'NONE',  ( 1.984375000000009548, 0.6404979548822712365, -0.6642500000000000071 ) ) ;
#389 = CARTESIAN_POINT ( 'NONE',  ( -1.984375000000007994, 0.3904979548822709035, -0.9499999999999999556 ) ) ;
#390 = CARTESIAN_POINT ( 'NONE',  ( -2.390625000000005773, 0.6404979548822425928, -0.4150000000000000910 ) ) ;
#391 = DIRECTION ( 'NONE',  ( 1.000000000000000000, 0.000000000000000000, 0.000000000000000000 ) ) ;
#392 = EDGE_LOOP ( 'NONE', ( #4583, #7756, #2891, #5374 ) ) ;
#393 = DIRECTION ( 'NONE',  ( 0.000000000000000000, 0.000000000000000000, 1.000000000000000000 ) ) ;
#394 = EDGE_CURVE ( 'NONE', #1046, #7752, #7802, .T. ) ;
#395 = ORIENTED_EDGE ( 'NONE', *, *, #5047, .T. ) ;
#396 = CARTESIAN_POINT ( 'NONE',  ( 1.712339780658681754, -0.2382494887205523215, -0.2500000000000000555 ) ) ;
#397 = CARTESIAN_POINT ( 'NONE',  ( -1.167433081593972632, -0.3012499999999982969, -0.2175000000000005818 ) ) ;
#398 = VERTEX_POINT ( 'NONE', #1727 ) ;
#399 = PLANE ( 'NONE',  #4580 ) ;
#400 = B_SPLINE_CURVE_WITH_KNOTS ( 'NONE', 3,
 ( #9400, #9260, #4926, #7063 ),
 .UNSPECIFIED., .F., .F.,
 ( 4, 4 ),
 ( 0.000000000000000000, 0.001266630838601753069 ),
 .UNSPECIFIED. ) ;
#401 = LINE ( 'NONE', #8866, #5702 ) ;
#402 = VECTOR ( 'NONE', #5952, 39.37007874015748143 ) ;
#403 = ORIENTED_EDGE ( 'NONE', *, *, #7942, .T. ) ;
#404 = AXIS2_PLACEMENT_3D ( 'NONE', #5927, #6606, #4336 ) ;
#405 = CYLINDRICAL_SURFACE ( 'NONE', #9344, 0.04450000000000003259 ) ;
#406 = EDGE_CURVE ( 'NONE', #9184, #4394, #7194, .T. ) ;
#407 = EDGE_CURVE ( 'NONE', #5837, #5192, #1719, .T. ) ;
#408 = CARTESIAN_POINT ( 'NONE',  ( -2.125000000000000000, 0.000000000000000000, -0.9499999999999999556 ) ) ;
#409 = ORIENTED_EDGE ( 'NONE', *, *, #647, .T. ) ;
#410 = AXIS2_PLACEMENT_3D ( 'NONE', #2584, #8377, #4629 ) ;
#411 = PLANE ( 'NONE',  #1768 ) ;
#412 = DIRECTION ( 'NONE',  ( -0.4999999999999903966, -0.8660254037844442587, 0.000000000000000000 ) ) ;
#413 = VECTOR ( 'NONE', #1766, 39.37007874015748143 ) ;
#414 = DIRECTION ( 'NONE',  ( 0.8660254037844402619, 0.4999999999999972800, 0.000000000000000000 ) ) ;
#415 = ORIENTED_EDGE ( 'NONE', *, *, #7732, .T. ) ;
#416 = CARTESIAN_POINT ( 'NONE',  ( 2.390625000000005773, 0.6404979548822425928, -0.9499999999999999556 ) ) ;
#417 = CARTESIAN_POINT ( 'NONE',  ( -2.487700201892215635, -0.3717848224071855223, -0.5357500000000002816 ) ) ;
#418 = ORIENTED_EDGE ( 'NONE', *, *, #8061, .F. ) ;
#419 = ORIENTED_EDGE ( 'NONE', *, *, #8496, .T. ) ;
#420 = AXIS2_PLACEMENT_3D ( 'NONE', #2978, #7386, #4418 ) ;
#421 = CIRCLE ( 'NONE', #6962, 0.3449999999999967537 ) ;
#422 = CARTESIAN_POINT ( 'NONE',  ( -1.710327891682111856, 0.1394750607929389485, -0.7349999999999999867 ) ) ;
#423 = ORIENTED_EDGE ( 'NONE', *, *, #3955, .T. ) ;
#424 = VECTOR ( 'NONE', #622, 39.37007874015748143 ) ;
#425 = CARTESIAN_POINT ( 'NONE',  ( 1.807738770884311341, 0.3012499999999982969, -0.2175000000000006373 ) ) ;
#426 = CARTESIAN_POINT ( 'NONE',  ( -1.479198420634004973, -0.06613638518304112979, -0.8474999999999995870 ) ) ;
#427 = DIRECTION ( 'NONE',  ( -0.000000000000000000, -0.000000000000000000, -1.000000000000000000 ) ) ;
#428 = DIRECTION ( 'NONE',  ( -0.8660254037844363761, 0.5000000000000041078, 0.000000000000000000 ) ) ;
#429 = AXIS2_PLACEMENT_3D ( 'NONE', #1814, #4913, #8473 ) ;
#430 = ORIENTED_EDGE ( 'NONE', *, *, #695, .F. ) ;
#431 = ORIENTED_EDGE ( 'NONE', *, *, #8872, .F. ) ;
#432 = FACE_OUTER_BOUND ( 'NONE', #7656, .T. ) ;
#433 = ORIENTED_EDGE ( 'NONE', *, *, #2505, .T. ) ;
#434 = ORIENTED_EDGE ( 'NONE', *, *, #8019, .T. ) ;
#435 = VECTOR ( 'NONE', #4543, 39.37007874015748854 ) ;
#436 = LINE ( 'NONE', #9153, #7865 ) ;
#437 = CIRCLE ( 'NONE', #8189, 0.8325000000000002398 ) ;
#438 = ORIENTED_EDGE ( 'NONE', *, *, #3186, .F. ) ;
#439 = LINE ( 'NONE', #341, #4076 ) ;
#440 = FACE_OUTER_BOUND ( 'NONE', #2672, .T. ) ;
#441 = DIRECTION ( 'NONE',  ( 0.9659258262890537683, -0.2588190451025746963, 0.000000000000000000 ) ) ;
#442 = EDGE_CURVE ( 'NONE', #8600, #4439, #5367, .T. ) ;
#443 = AXIS2_PLACEMENT_3D ( 'NONE', #5847, #5894, #8172 ) ;
#444 = FACE_BOUND ( 'NONE', #4034, .T. ) ;
#445 = EDGE_CURVE ( 'NONE', #3564, #2410, #7727, .T. ) ;
#446 = EDGE_CURVE ( 'NONE', #6661, #577, #46, .T. ) ;
#447 = CARTESIAN_POINT ( 'NONE',  ( 2.546874999999995559, -0.5502869753213701642, 0.000000000000000000 ) ) ;
#448 = LINE ( 'NONE', #4790, #140 ) ;
#449 = CARTESIAN_POINT ( 'NONE',  ( 2.546874999999995559, -0.5502869753213701642, 0.9499999999999999556 ) ) ;
#450 = AXIS2_PLACEMENT_3D ( 'NONE', #5656, #3573, #8512 ) ;
#451 = DIRECTION ( 'NONE',  ( 0.4999999999999987232, 0.8660254037844393737, 0.000000000000000000 ) ) ;
#452 = DIRECTION ( 'NONE',  ( 0.000000000000000000, 0.000000000000000000, -1.000000000000000000 ) ) ;
#453 = LINE ( 'NONE', #499, #930 ) ;
#454 = EDGE_CURVE ( 'NONE', #1183, #6079, #6963, .T. ) ;
#455 = VECTOR ( 'NONE', #4192, 39.37007874015748143 ) ;
#456 = ORIENTED_EDGE ( 'NONE', *, *, #6529, .T. ) ;
#457 = CARTESIAN_POINT ( 'NONE',  ( -1.859375000000029976, 0.3476343040826271880, -0.9499999999999999556 ) ) ;
#458 = CARTESIAN_POINT ( 'NONE',  ( 1.167433081593972632, -0.3012499999999982969, -0.4999999999999999445 ) ) ;
#459 = ORIENTED_EDGE ( 'NONE', *, *, #5177, .T. ) ;
#460 = CARTESIAN_POINT ( 'NONE',  ( 1.406249999999996003, -0.03608439182434083903, -0.4650000000000000799 ) ) ;
#461 = CIRCLE ( 'NONE', #4294, 0.2500000000000000000 ) ;
#462 = DIRECTION ( 'NONE',  ( -1.000000000000000000, 0.000000000000000000, 0.000000000000000000 ) ) ;
#463 = CARTESIAN_POINT ( 'NONE',  ( 0.000000000000000000, -0.3012499999999982969, 0.000000000000000000 ) ) ;
#464 = VERTEX_POINT ( 'NONE', #1973 ) ;
#465 = EDGE_CURVE ( 'NONE', #3150, #5075, #1249, .T. ) ;
#466 = VECTOR ( 'NONE', #8867, 39.37007874015747433 ) ;
#467 = PLANE ( 'NONE',  #7908 ) ;
#468 = PLANE ( 'NONE',  #7212 ) ;
#469 = VERTEX_POINT ( 'NONE', #9204 ) ;
#470 = ORIENTED_EDGE ( 'NONE', *, *, #8010, .F. ) ;
#471 = VECTOR ( 'NONE', #5439, 39.37007874015748854 ) ;
#472 = CARTESIAN_POINT ( 'NONE',  ( 1.703124999999971134, -0.5502869753213720516, 0.9499999999999999556 ) ) ;
#473 = ORIENTED_EDGE ( 'NONE', *, *, #493, .T. ) ;
#474 = FACE_OUTER_BOUND ( 'NONE', #1015, .T. ) ;
#475 = LINE ( 'NONE', #8378, #7359 ) ;
#476 = DIRECTION ( 'NONE',  ( -0.000000000000000000, -1.000000000000000000, -0.000000000000000000 ) ) ;
#477 = DIRECTION ( 'NONE',  ( 0.000000000000000000, 0.000000000000000000, 1.000000000000000000 ) ) ;
#478 = VERTEX_POINT ( 'NONE', #4782 ) ;
#479 = CARTESIAN_POINT ( 'NONE',  ( -1.419148271538632100, -0.02863757127942839417, -0.7849999999999999201 ) ) ;
#480 = VERTEX_POINT ( 'NONE', #7814 ) ;
#481 = DIMENSIONAL_EXPONENTS ( 1.000000000000000000, 0.000000000000000000, 0.000000000000000000, 0.000000000000000000, 0.000000000000000000, 0.000000000000000000, 0.000000000000000000 ) ;
#482 = DIRECTION ( 'NONE',  ( 0.5000000000000036637, -0.8660254037844365982, -0.000000000000000000 ) ) ;
#483 = VERTEX_POINT ( 'NONE', #1297 ) ;
#484 = CARTESIAN_POINT ( 'NONE',  ( 2.593124999999999680, -0.4701796254713037637, -0.2599999999999999534 ) ) ;
#485 = DIRECTION ( 'NONE',  ( 7.212078703273654423E-14, -1.000000000000000000, 0.000000000000000000 ) ) ;
#486 = DIRECTION ( 'NONE',  ( 1.000000000000000000, 0.000000000000000000, 0.000000000000000000 ) ) ;
#487 = CARTESIAN_POINT ( 'NONE',  ( 2.397668588830812464, 0.3421418922953549657, -0.5902160751632917757 ) ) ;
#488 = ORIENTED_EDGE ( 'NONE', *, *, #7604, .T. ) ;
#489 = CARTESIAN_POINT ( 'NONE',  ( -2.453125000000005329, 0.6256043137924175435, -0.7849999999999999201 ) ) ;
#490 = DIRECTION ( 'NONE',  ( 0.000000000000000000, -0.7071067811865555663, -0.7071067811865392461 ) ) ;
#491 = EDGE_CURVE ( 'NONE', #521, #8725, #5971, .T. ) ;
#492 = CARTESIAN_POINT ( 'NONE',  ( 2.812500000000023093, 0.4058214234295524081, -0.6642500000000000071 ) ) ;
#493 = EDGE_CURVE ( 'NONE', #5522, #8213, #2685, .T. ) ;
#494 = ADVANCED_FACE ( 'NONE', ( #440 ), #5582, .F. ) ;
#495 = AXIS2_PLACEMENT_3D ( 'NONE', #3450, #6446, #9156 ) ;
#496 = CARTESIAN_POINT ( 'NONE',  ( 0.000000000000000000, -0.2687500000000005995, -0.5000000000000000000 ) ) ;
#497 = AXIS2_PLACEMENT_3D ( 'NONE', #4922, #2737, #2925 ) ;
#498 = FACE_OUTER_BOUND ( 'NONE', #2715, .T. ) ;
#499 = CARTESIAN_POINT ( 'NONE',  ( 2.812500000000023093, 0.6404979548822424817, -0.6642500000000000071 ) ) ;
#500 = ORIENTED_EDGE ( 'NONE', *, *, #4424, .F. ) ;
#501 = EDGE_LOOP ( 'NONE', ( #8683, #3141, #6318, #8951 ) ) ;
#502 = VECTOR ( 'NONE', #4737, 39.37007874015748854 ) ;
#503 = VERTEX_POINT ( 'NONE', #5632 ) ;
#504 = DIRECTION ( 'NONE',  ( 1.865610830299460874E-15, -1.000000000000000000, 0.000000000000000000 ) ) ;
#505 = ADVANCED_FACE ( 'NONE', ( #7057 ), #5536, .T. ) ;
#506 = DIRECTION ( 'NONE',  ( 0.000000000000000000, 0.000000000000000000, 1.000000000000000000 ) ) ;
#507 = VERTEX_POINT ( 'NONE', #2736 ) ;
#508 = EDGE_CURVE ( 'NONE', #1130, #2679, #5515, .T. ) ;
#509 = CARTESIAN_POINT ( 'NONE',  ( -1.559174798107780591, -0.01996200211974713534, -0.5357500000000002816 ) ) ;
#510 = VERTEX_POINT ( 'NONE', #2014 ) ;
#511 = UNCERTAINTY_MEASURE_WITH_UNIT (LENGTH_MEASURE( 1.000000000000000082E-05 ), #3103, 'distance_accuracy_value', 'NONE');
#512 = DIRECTION ( 'NONE',  ( -0.000000000000000000, -1.000000000000000000, 0.000000000000000000 ) ) ;
#513 = FACE_OUTER_BOUND ( 'NONE', #1915, .T. ) ;
#514 = ORIENTED_EDGE ( 'NONE', *, *, #5532, .F. ) ;
#515 = DIRECTION ( 'NONE',  ( 0.000000000000000000, 0.000000000000000000, -1.000000000000000000 ) ) ;
#516 = CARTESIAN_POINT ( 'NONE',  ( 2.614374999999999449, -0.4333735458104661098, -0.2599999999999999534 ) ) ;
#517 = ORIENTED_EDGE ( 'NONE', *, *, #6646, .F. ) ;
#518 = VERTEX_POINT ( 'NONE', #7862 ) ;
#519 = ADVANCED_FACE ( 'NONE', ( #8486 ), #2776, .F. ) ;
#520 = CARTESIAN_POINT ( 'NONE',  ( -1.691127361437541055, 0.05622084583894616100, -0.2499999999999998335 ) ) ;
#521 = VERTEX_POINT ( 'NONE', #7009 ) ;
#522 = EDGE_CURVE ( 'NONE', #1169, #2444, #6401, .T. ) ;
#523 = AXIS2_PLACEMENT_3D ( 'NONE', #2089, #3477, #5612 ) ;
#524 = EDGE_CURVE ( 'NONE', #1515, #1406, #6885, .T. ) ;
#525 = DIRECTION ( 'NONE',  ( -4.535261055593764468E-14, 1.000000000000000000, 0.000000000000000000 ) ) ;
#526 = DIRECTION ( 'NONE',  ( 0.000000000000000000, 0.000000000000000000, 1.000000000000000000 ) ) ;
#527 = CARTESIAN_POINT ( 'NONE',  ( -2.450372943056502439, 0.2924745201805921124, -0.3960606752794166852 ) ) ;
#528 = DIRECTION ( 'NONE',  ( -1.092739197465688721E-15, 1.892679809432653856E-15, 1.000000000000000000 ) ) ;
#529 = ORIENTED_EDGE ( 'NONE', *, *, #9298, .T. ) ;
#530 = AXIS2_PLACEMENT_3D ( 'NONE', #8364, #2568, #9030 ) ;
#531 = CARTESIAN_POINT ( 'NONE',  ( 2.744999999999999662, -0.2071244090717827002, -0.2175000000000009148 ) ) ;
#532 = EDGE_LOOP ( 'NONE', ( #836, #7288, #9018, #9048, #744 ) ) ;
#533 = AXIS2_PLACEMENT_3D ( 'NONE', #1493, #8966, #8777 ) ;
#534 = LENGTH_MEASURE_WITH_UNIT ( LENGTH_MEASURE( 0.02539999999999999897 ), #7811 );
#535 = EDGE_CURVE ( 'NONE', #7724, #6343, #1349, .T. ) ;
#536 = ORIENTED_EDGE ( 'NONE', *, *, #2542, .T. ) ;
#537 = LINE ( 'NONE', #8484, #5581 ) ;
#538 = CARTESIAN_POINT ( 'NONE',  ( -2.211547108317882149, -0.4288541104406126681, -0.9499999999999999556 ) ) ;
#539 =( CONVERSION_BASED_UNIT ( 'INCH', #6927 ) LENGTH_UNIT ( ) NAMED_UNIT ( #1101 ) );
#540 = DIRECTION ( 'NONE',  ( -0.000000000000000000, -1.000000000000000000, -0.000000000000000000 ) ) ;
#541 = CIRCLE ( 'NONE', #5852, 0.06424999999999986278 ) ;
#542 = CARTESIAN_POINT ( 'NONE',  ( 2.398375910746657347, 0.3415726297980380965, -0.6049736821907220063 ) ) ;
#543 = PRODUCT_DEFINITION_CONTEXT ( 'detailed design', #127, 'design' ) ;
#544 = LINE ( 'NONE', #1398, #124 ) ;
#545 = ORIENTED_EDGE ( 'NONE', *, *, #4921, .T. ) ;
#546 = LINE ( 'NONE', #4222, #605 ) ;
#547 = CARTESIAN_POINT ( 'NONE',  ( 1.953125755744734127, -0.2991391718944229061, -0.9499999999999999556 ) ) ;
#548 = ORIENTED_EDGE ( 'NONE', *, *, #4304, .F. ) ;
#549 = CARTESIAN_POINT ( 'NONE',  ( 2.442754307890678156, 0.3007511886581158977, -0.8197202386689927955 ) ) ;
#550 = DIRECTION ( 'NONE',  ( 0.000000000000000000, 0.000000000000000000, -1.000000000000000000 ) ) ;
#551 = EDGE_CURVE ( 'NONE', #6873, #4745, #1920, .T. ) ;
#552 = FACE_OUTER_BOUND ( 'NONE', #2772, .T. ) ;
#553 = CARTESIAN_POINT ( 'NONE',  ( 1.432303858867416846, -0.02808304632601995449, -0.8122190699021964999 ) ) ;
#554 = ORIENTED_EDGE ( 'NONE', *, *, #83, .T. ) ;
#555 = DIRECTION ( 'NONE',  ( 0.8660254037844363761, 0.5000000000000041078, 0.000000000000000000 ) ) ;
#556 = ORIENTED_EDGE ( 'NONE', *, *, #5911, .T. ) ;
#557 = CARTESIAN_POINT ( 'NONE',  ( -2.437787880073243318, 0.3059130918114495445, -0.8262143477152052995 ) ) ;
#558 = AXIS2_PLACEMENT_3D ( 'NONE', #2295, #3068, #3114 ) ;
#559 = DIRECTION ( 'NONE',  ( -0.000000000000000000, -0.000000000000000000, -1.000000000000000000 ) ) ;
#560 = EDGE_CURVE ( 'NONE', #6479, #2156, #6257, .T. ) ;
#561 = VECTOR ( 'NONE', #3456, 39.37007874015748143 ) ;
#562 = DIRECTION ( 'NONE',  ( -0.5000000000000083267, -0.8660254037844338226, 0.000000000000000000 ) ) ;
#563 = EDGE_CURVE ( 'NONE', #8321, #5043, #3404, .T. ) ;
#564 = EDGE_CURVE ( 'NONE', #7630, #7752, #1477, .T. ) ;
#565 = CARTESIAN_POINT ( 'NONE',  ( 2.296874244255246111, -0.2991391718944301781, -0.9499999999999999556 ) ) ;
#566 = ORIENTED_EDGE ( 'NONE', *, *, #1558, .T. ) ;
#567 = VERTEX_POINT ( 'NONE', #148 ) ;
#568 = VECTOR ( 'NONE', #4497, 39.37007874015748143 ) ;
#569 = CARTESIAN_POINT ( 'NONE',  ( 2.211547108317882149, -0.4288541104406126681, -0.4150000000000000910 ) ) ;
#570 = EDGE_LOOP ( 'NONE', ( #5785, #7263, #7078, #934 ) ) ;
#571 = VECTOR ( 'NONE', #1203, 39.37007874015748143 ) ;
#572 = CARTESIAN_POINT ( 'NONE',  ( -2.390625000000005329, 0.3476343040825998765, -0.9499999999999999556 ) ) ;
#573 = CARTESIAN_POINT ( 'NONE',  ( -2.390625000000005773, 0.6404979548822424817, -0.5357500000000000595 ) ) ;
#574 = FACE_OUTER_BOUND ( 'NONE', #9174, .T. ) ;
#575 = CARTESIAN_POINT ( 'NONE',  ( 2.390625000000005329, 0.3904979548822426483, -0.6999999999999999556 ) ) ;
#576 = PRODUCT_RELATED_PRODUCT_CATEGORY ( 'part', '', ( #1464 ) ) ;
#577 = VERTEX_POINT ( 'NONE', #5812 ) ;
#578 = ADVANCED_FACE ( 'NONE', ( #7380 ), #3783, .F. ) ;
#579 = AXIS2_PLACEMENT_3D ( 'NONE', #1065, #8443, #2503 ) ;
#580 = CIRCLE ( 'NONE', #1031, 0.06425000000000000155 ) ;
#581 = DIRECTION ( 'NONE',  ( 0.000000000000000000, 0.000000000000000000, 1.000000000000000000 ) ) ;
#582 = ORIENTED_EDGE ( 'NONE', *, *, #2669, .T. ) ;
#583 = LINE ( 'NONE', #4073, #6508 ) ;
#584 = ORIENTED_EDGE ( 'NONE', *, *, #2429, .T. ) ;
#585 = AXIS2_PLACEMENT_3D ( 'NONE', #1621, #4500, #2299 ) ;
#586 = DIRECTION ( 'NONE',  ( 0.4999999999999527600, 0.8660254037844661301, -0.000000000000000000 ) ) ;
#587 = AXIS2_PLACEMENT_3D ( 'NONE', #3265, #2646, #9059 ) ;
#588 = CARTESIAN_POINT ( 'NONE',  ( -1.786818850946084059, -0.1952489774411336754, -0.6999999999999999556 ) ) ;
#589 = AXIS2_PLACEMENT_3D ( 'NONE', #9320, #1270, #7077 ) ;
#590 = FACE_OUTER_BOUND ( 'NONE', #6118, .T. ) ;
#591 = CARTESIAN_POINT ( 'NONE',  ( -1.656874999999970566, -0.4701796254713097589, -0.6999999999999999556 ) ) ;
#592 = FACE_OUTER_BOUND ( 'NONE', #4093, .T. ) ;
#593 = VERTEX_POINT ( 'NONE', #2875 ) ;
#594 = B_SPLINE_CURVE_WITH_KNOTS ( 'NONE', 3,
 ( #1900, #5369, #7611, #6130, #8318, #6938, #4806, #7562, #8272, #9035 ),
 .UNSPECIFIED., .F., .F.,
 ( 4, 2, 2, 2, 4 ),
 ( 0.002025152789676920757, 0.002192635940455803581, 0.002360119091234686405, 0.002695085392792452919, 0.003365017995907985081 ),
 .UNSPECIFIED. ) ;
#595 = EDGE_CURVE ( 'NONE', #2968, #370, #9163, .T. ) ;
#596 = VECTOR ( 'NONE', #4064, 39.37007874015748854 ) ;
#597 = DIRECTION ( 'NONE',  ( -0.5000000000000041078, 0.8660254037844362651, 0.000000000000000000 ) ) ;
#598 = VERTEX_POINT ( 'NONE', #5771 ) ;
#599 = CIRCLE ( 'NONE', #9104, 0.4374999999999960587 ) ;
#600 = CARTESIAN_POINT ( 'NONE',  ( -1.817941930300927211, -0.3396598224071692984, -0.5999999999999999778 ) ) ;
#601 = DIRECTION ( 'NONE',  ( 0.000000000000000000, 0.000000000000000000, -1.000000000000000000 ) ) ;
#602 = VECTOR ( 'NONE', #994, 39.37007874015748854 ) ;
#603 = CARTESIAN_POINT ( 'NONE',  ( 2.125000000000000000, 0.000000000000000000, 0.000000000000000000 ) ) ;
#604 = CYLINDRICAL_SURFACE ( 'NONE', #983, 0.06249999999999967387 ) ;
#605 = VECTOR ( 'NONE', #7112, 39.37007874015748143 ) ;
#606 = CARTESIAN_POINT ( 'NONE',  ( 2.265625000000000000, 0.6079979548822432855, -0.6642500000000000071 ) ) ;
#607 = ORIENTED_EDGE ( 'NONE', *, *, #8559, .F. ) ;
#608 = ORIENTED_EDGE ( 'NONE', *, *, #7313, .T. ) ;
#609 = DIRECTION ( 'NONE',  ( -1.000000000000000000, 0.000000000000000000, 0.000000000000000000 ) ) ;
#610 = CARTESIAN_POINT ( 'NONE',  ( 1.419148271538632100, -0.02863757127942839417, -0.7849999999999999201 ) ) ;
#611 = EDGE_LOOP ( 'NONE', ( #4250, #5171, #3084, #1363 ) ) ;
#612 = CARTESIAN_POINT ( 'NONE',  ( 1.691127361437541943, 0.05622084583895026189, -0.3525000000000004241 ) ) ;
#613 = ORIENTED_EDGE ( 'NONE', *, *, #1693, .T. ) ;
#614 = CARTESIAN_POINT ( 'NONE',  ( -2.419684117822885394, 0.3233990747408945210, -0.8404620568917899881 ) ) ;
#615 = CARTESIAN_POINT ( 'NONE',  ( 2.125000000000000000, 0.000000000000000000, -0.9174999999999992051 ) ) ;
#616 = MECHANICAL_DESIGN_GEOMETRIC_PRESENTATION_REPRESENTATION (  '', ( #8968 ), #2286 ) ;
#617 = LINE ( 'NONE', #2805, #6396 ) ;
#618 = DIRECTION ( 'NONE',  ( 0.000000000000000000, 0.000000000000000000, -1.000000000000000000 ) ) ;
#619 = ORIENTED_EDGE ( 'NONE', *, *, #3957, .T. ) ;
#620 = ORIENTED_EDGE ( 'NONE', *, *, #3213, .T. ) ;
#621 = EDGE_LOOP ( 'NONE', ( #2219, #5216, #5428, #2560 ) ) ;
#622 = DIRECTION ( 'NONE',  ( 0.000000000000000000, 0.000000000000000000, 1.000000000000000000 ) ) ;
#623 = ORIENTED_EDGE ( 'NONE', *, *, #1656, .T. ) ;
#624 = CIRCLE ( 'NONE', #3518, 0.3124999999999972800 ) ;
#625 = ADVANCED_FACE ( 'NONE', ( #8767 ), #5211, .F. ) ;
#626 = ADVANCED_FACE ( 'NONE', ( #1576 ), #4411, .F. ) ;
#627 = ADVANCED_FACE ( 'NONE', ( #96, #1393 ), #2205, .F. ) ;
#628 = CARTESIAN_POINT ( 'NONE',  ( -1.780416992828646183, 0.0004812284007220708629, -0.9495832596057220965 ) ) ;
#629 = DIRECTION ( 'NONE',  ( -0.8660254037844138386, -0.5000000000000431877, 0.000000000000000000 ) ) ;
#630 = LINE ( 'NONE', #7236, #5903 ) ;
#631 = AXIS2_PLACEMENT_3D ( 'NONE', #2846, #2318, #5745 ) ;
#632 = ORIENTED_EDGE ( 'NONE', *, *, #6875, .T. ) ;
#633 = AXIS2_PLACEMENT_3D ( 'NONE', #6872, #6010, #3936 ) ;
#634 = DIMENSIONAL_EXPONENTS ( 1.000000000000000000, 0.000000000000000000, 0.000000000000000000, 0.000000000000000000, 0.000000000000000000, 0.000000000000000000, 0.000000000000000000 ) ;
#635 = DIRECTION ( 'NONE',  ( 3.023406148612404967E-15, -1.000000000000000000, 0.000000000000000000 ) ) ;
#636 = ORIENTED_EDGE ( 'NONE', *, *, #4881, .F. ) ;
#637 = CARTESIAN_POINT ( 'NONE',  ( 2.298124999999998419, 0.3904979548822426483, -0.9499999999999999556 ) ) ;
#638 = ORIENTED_EDGE ( 'NONE', *, *, #8250, .F. ) ;
#639 = ADVANCED_FACE ( 'NONE', ( #8677 ), #5818, .T. ) ;
#640 = DIRECTION ( 'NONE',  ( -0.8660254037844348218, 0.5000000000000066613, 0.000000000000000000 ) ) ;
#641 = CARTESIAN_POINT ( 'NONE',  ( -2.265624999999998668, 0.2790714234295565421, -0.9499999999999999556 ) ) ;
#642 = SURFACE_STYLE_USAGE ( .BOTH. , #8720 ) ;
#643 = CARTESIAN_POINT ( 'NONE',  ( 1.919631350946071402, -0.4252869753213548987, -0.6999999999999999556 ) ) ;
#644 = DIRECTION ( 'NONE',  ( 0.8660254037844441477, -0.4999999999999903411, 0.000000000000000000 ) ) ;
#645 = DIRECTION ( 'NONE',  ( 0.000000000000000000, 0.000000000000000000, 1.000000000000000000 ) ) ;
#646 = ORIENTED_EDGE ( 'NONE', *, *, #2920, .F. ) ;
#647 = EDGE_CURVE ( 'NONE', #6654, #2133, #2940, .T. ) ;
#648 = DIRECTION ( 'NONE',  ( -0.5000000000000039968, 0.8660254037844362651, 0.000000000000000000 ) ) ;
#649 = EDGE_CURVE ( 'NONE', #3804, #5554, #7036, .T. ) ;
#650 = CARTESIAN_POINT ( 'NONE',  ( 2.463181149053915497, -0.1952489774411343137, -0.6999999999999999556 ) ) ;
#651 = CARTESIAN_POINT ( 'NONE',  ( 2.453125000000210498, 0.2893790496474515916, -0.7849999999997243627 ) ) ;
#652 = CARTESIAN_POINT ( 'NONE',  ( -2.436637236673755424, -0.02329951384549001914, -0.2509675856017752338 ) ) ;
#653 = B_SPLINE_CURVE_WITH_KNOTS ( 'NONE', 3,
 ( #1030, #7644, #3950, #6841 ),
 .UNSPECIFIED., .F., .F.,
 ( 4, 4 ),
 ( 0.000000000000000000, 0.001266630838601559431 ),
 .UNSPECIFIED. ) ;
#654 = EDGE_LOOP ( 'NONE', ( #293, #3046, #1475, #3190 ) ) ;
#655 = ORIENTED_EDGE ( 'NONE', *, *, #2359, .T. ) ;
#656 = LINE ( 'NONE', #1313, #6381 ) ;
#657 = AXIS2_PLACEMENT_3D ( 'NONE', #5104, #8052, #8095 ) ;
#658 = CARTESIAN_POINT ( 'NONE',  ( -1.167433081593972632, -0.2687499999999988787, -0.2499999999999998890 ) ) ;
#659 = CARTESIAN_POINT ( 'NONE',  ( 2.245139493911575190, -0.4207011105259209072, -0.8342758506934097040 ) ) ;
#660 = ORIENTED_EDGE ( 'NONE', *, *, #6679, .T. ) ;
#661 = CARTESIAN_POINT ( 'NONE',  ( -2.445024226115720456, 0.2983263245865705460, -0.8160814793539353795 ) ) ;
#662 = CARTESIAN_POINT ( 'NONE',  ( 0.000000000000000000, 0.1762500000000011557, 0.000000000000000000 ) ) ;
#663 = VECTOR ( 'NONE', #2401, 39.37007874015748854 ) ;
#664 = CYLINDRICAL_SURFACE ( 'NONE', #763, 0.2500000000000000000 ) ;
#665 = CYLINDRICAL_SURFACE ( 'NONE', #2345, 0.06249999999999967387 ) ;
#666 = ORIENTED_EDGE ( 'NONE', *, *, #3596, .T. ) ;
#667 = EDGE_LOOP ( 'NONE', ( #4654, #66, #5164, #1179 ) ) ;
#668 = ORIENTED_EDGE ( 'NONE', *, *, #1211, .F. ) ;
#669 = DIRECTION ( 'NONE',  ( -5.090879084663727145E-14, -1.000000000000000000, -0.000000000000000000 ) ) ;
#670 = ORIENTED_EDGE ( 'NONE', *, *, #465, .T. ) ;
#671 = VECTOR ( 'NONE', #6762, 39.37007874015748854 ) ;
#672 = CARTESIAN_POINT ( 'NONE',  ( 2.265625000000000000, 0.6404979548822425928, -0.6999999999999999556 ) ) ;
#673 = DIRECTION ( 'NONE',  ( 0.000000000000000000, -0.000000000000000000, -1.000000000000000000 ) ) ;
#674 = DIRECTION ( 'NONE',  ( 0.000000000000000000, 0.000000000000000000, -1.000000000000000000 ) ) ;
#675 = ORIENTED_EDGE ( 'NONE', *, *, #6952, .T. ) ;
#676 = VECTOR ( 'NONE', #73, 39.37007874015748143 ) ;
#677 = EDGE_CURVE ( 'NONE', #1407, #1949, #774, .T. ) ;
#678 = CARTESIAN_POINT ( 'NONE',  ( 1.994375000000038423, -5.924184753867600315E-15, -0.2500000000000000555 ) ) ;
#679 = ORIENTED_EDGE ( 'NONE', *, *, #3979, .F. ) ;
#680 = EDGE_CURVE ( 'NONE', #2171, #5381, #818, .T. ) ;
#681 = AXIS2_PLACEMENT_3D ( 'NONE', #9283, #1375, #7139 ) ;
#682 = AXIS2_PLACEMENT_3D ( 'NONE', #5136, #5004, #8042 ) ;
#683 = CARTESIAN_POINT ( 'NONE',  ( 1.703124999999971134, -0.5502869753213719406, -0.2500000000000000555 ) ) ;
#684 = EDGE_LOOP ( 'NONE', ( #7003, #304, #5064, #3867 ) ) ;
#685 = DIRECTION ( 'NONE',  ( -0.5000000000000041078, -0.8660254037844362651, -2.185478394931412152E-15 ) ) ;
#686 = CARTESIAN_POINT ( 'NONE',  ( -1.621674798107783033, -0.1282151775928081772, -0.5999999999999999778 ) ) ;
#687 = DIRECTION ( 'NONE',  ( -1.000000000000000000, 0.000000000000000000, 0.000000000000000000 ) ) ;
#688 = DIRECTION ( 'NONE',  ( -0.8660254037844795638, 0.4999999999999291678, 0.000000000000000000 ) ) ;
#689 = FACE_OUTER_BOUND ( 'NONE', #6738, .T. ) ;
#690 = VERTEX_POINT ( 'NONE', #5017 ) ;
#691 = EDGE_CURVE ( 'NONE', #8400, #3602, #8244, .T. ) ;
#692 = EDGE_CURVE ( 'NONE', #1033, #4317, #7334, .T. ) ;
#693 = DIRECTION ( 'NONE',  ( -0.000000000000000000, -0.000000000000000000, -1.000000000000000000 ) ) ;
#694 = ORIENTED_EDGE ( 'NONE', *, *, #7943, .F. ) ;
#695 = EDGE_CURVE ( 'NONE', #7504, #2380, #7200, .T. ) ;
#696 = CARTESIAN_POINT ( 'NONE',  ( 2.635183069698970204, 0.01216299788008453654, -0.5999999999999999778 ) ) ;
#697 = CIRCLE ( 'NONE', #4358, 0.04449999999999948441 ) ;
#698 = DIRECTION ( 'NONE',  ( 0.000000000000000000, 0.000000000000000000, 1.000000000000000000 ) ) ;
#699 = DIRECTION ( 'NONE',  ( -0.4999999999999919509, 0.8660254037844432595, 0.000000000000000000 ) ) ;
#700 = ORIENTED_EDGE ( 'NONE', *, *, #2556, .F. ) ;
#701 = EDGE_CURVE ( 'NONE', #8798, #7941, #3400, .T. ) ;
#702 = ORIENTED_EDGE ( 'NONE', *, *, #5841, .T. ) ;
#703 = CARTESIAN_POINT ( 'NONE',  ( 2.390625000000005329, 0.3476343040825998765, 6.829619984160658046E-17 ) ) ;
#704 = DIRECTION ( 'NONE',  ( 0.000000000000000000, 0.000000000000000000, -1.000000000000000000 ) ) ;
#705 = ORIENTED_EDGE ( 'NONE', *, *, #1667, .F. ) ;
#706 = ORIENTED_EDGE ( 'NONE', *, *, #2519, .T. ) ;
#707 = LINE ( 'NONE', #1508, #8107 ) ;
#708 = DIRECTION ( 'NONE',  ( 0.4999999999999983347, -0.8660254037844395958, 0.000000000000000000 ) ) ;
#709 = DIRECTION ( 'NONE',  ( -0.5000000000000041078, 0.8660254037844362651, -2.185478394931412152E-15 ) ) ;
#710 = EDGE_CURVE ( 'NONE', #143, #2698, #5805, .T. ) ;
#711 = EDGE_CURVE ( 'NONE', #101, #2854, #8233, .T. ) ;
#712 = FACE_OUTER_BOUND ( 'NONE', #4894, .T. ) ;
#713 = ORIENTED_EDGE ( 'NONE', *, *, #551, .F. ) ;
#714 = CARTESIAN_POINT ( 'NONE',  ( 2.260616904287458873, 0.2815471190135318547, -0.2509472078721712296 ) ) ;
#715 = ORIENTED_EDGE ( 'NONE', *, *, #4246, .T. ) ;
#716 = CARTESIAN_POINT ( 'NONE',  ( 2.265624999999998668, 0.2790714234295565421, -0.6642500000000000071 ) ) ;
#717 = CARTESIAN_POINT ( 'NONE',  ( 1.656874999999970566, -0.4701796254713097589, -0.6999999999999999556 ) ) ;
#718 = CARTESIAN_POINT ( 'NONE',  ( -2.444978140926324706, 0.2983761203683423791, -0.3838303734341184104 ) ) ;
#719 = FACE_OUTER_BOUND ( 'NONE', #2535, .T. ) ;
#720 = CIRCLE ( 'NONE', #9069, 0.04250000000000063449 ) ;
#721 = DIRECTION ( 'NONE',  ( 0.8660254037844140607, -0.5000000000000426326, 0.000000000000000000 ) ) ;
#722 = VERTEX_POINT ( 'NONE', #8281 ) ;
#723 = DIRECTION ( 'NONE',  ( -0.5000000000000056621, -0.8660254037844354880, 0.000000000000000000 ) ) ;
#724 = VERTEX_POINT ( 'NONE', #7621 ) ;
#725 = DIRECTION ( 'NONE',  ( -1.092739197465715148E-15, -1.892679809432637684E-15, 1.000000000000000000 ) ) ;
#726 = CARTESIAN_POINT ( 'NONE',  ( 2.297506576704451575, -0.2605805172054203589, -0.2545603832415576084 ) ) ;
#727 = DIRECTION ( 'NONE',  ( 0.000000000000000000, 0.000000000000000000, -1.000000000000000000 ) ) ;
#728 = CARTESIAN_POINT ( 'NONE',  ( 2.293247638562451396, -0.4038551499215468632, -0.3525000000000004241 ) ) ;
#729 = AXIS2_PLACEMENT_3D ( 'NONE', #6541, #8721, #5061 ) ;
#730 = AXIS2_PLACEMENT_3D ( 'NONE', #7629, #1679, #3930 ) ;
#731 = CARTESIAN_POINT ( 'NONE',  ( 1.483749999999998126, -0.1703183294109352208, -0.6999999999999999556 ) ) ;
#732 = ORIENTED_EDGE ( 'NONE', *, *, #8317, .F. ) ;
#733 = DIRECTION ( 'NONE',  ( 0.000000000000000000, 0.000000000000000000, -1.000000000000000000 ) ) ;
#734 = ORIENTED_EDGE ( 'NONE', *, *, #8253, .F. ) ;
#735 = AXIS2_PLACEMENT_3D ( 'NONE', #9149, #7623, #1097 ) ;
#736 = VECTOR ( 'NONE', #6726, 39.37007874015748854 ) ;
#737 = CARTESIAN_POINT ( 'NONE',  ( -2.812500000000023093, -0.09021097956089574321, -0.6999999999999999556 ) ) ;
#738 = VECTOR ( 'NONE', #8886, 39.37007874015748143 ) ;
#739 = EDGE_CURVE ( 'NONE', #5636, #3055, #2440, .T. ) ;
#740 = LINE ( 'NONE', #8150, #2643 ) ;
#741 = ADVANCED_FACE ( 'NONE', ( #1811 ), #7794, .T. ) ;
#742 = EDGE_CURVE ( 'NONE', #7975, #3999, #5670, .T. ) ;
#743 = FACE_OUTER_BOUND ( 'NONE', #3568, .T. ) ;
#744 = ORIENTED_EDGE ( 'NONE', *, *, #8877, .T. ) ;
#745 = CIRCLE ( 'NONE', #2116, 1.020000000000000018 ) ;
#746 = ORIENTED_EDGE ( 'NONE', *, *, #812, .T. ) ;
#747 = LINE ( 'NONE', #23, #7433 ) ;
#748 = CIRCLE ( 'NONE', #7125, 0.2500000000000000555 ) ;
#749 = DIRECTION ( 'NONE',  ( 0.000000000000000000, 0.000000000000000000, -1.000000000000000000 ) ) ;
#750 = ORIENTED_EDGE ( 'NONE', *, *, #9186, .F. ) ;
#751 = ORIENTED_EDGE ( 'NONE', *, *, #4904, .F. ) ;
#752 = VECTOR ( 'NONE', #8691, 39.37007874015748143 ) ;
#753 = ORIENTED_EDGE ( 'NONE', *, *, #5239, .F. ) ;
#754 = DIRECTION ( 'NONE',  ( 0.5000000000000041078, -0.8660254037844363761, 0.000000000000000000 ) ) ;
#755 = EDGE_CURVE ( 'NONE', #7880, #8206, #9012, .T. ) ;
#756 = DIRECTION ( 'NONE',  ( -1.000000000000000000, -1.865610830299460874E-15, -0.000000000000000000 ) ) ;
#757 = LINE ( 'NONE', #7357, #7817 ) ;
#758 = FACE_OUTER_BOUND ( 'NONE', #3288, .T. ) ;
#759 = ORIENTED_EDGE ( 'NONE', *, *, #1867, .T. ) ;
#760 = ORIENTED_EDGE ( 'NONE', *, *, #8146, .F. ) ;
#761 = CARTESIAN_POINT ( 'NONE',  ( -2.284246426591641121, -0.4076050901131804682, -0.3525000000000002576 ) ) ;
#762 = EDGE_LOOP ( 'NONE', ( #6983, #8036, #9287, #8727, #3718 ) ) ;
#763 = AXIS2_PLACEMENT_3D ( 'NONE', #1231, #5703, #2042 ) ;
#764 = LINE ( 'NONE', #716, #2336 ) ;
#765 = EDGE_CURVE ( 'NONE', #8081, #911, #1005, .T. ) ;
#766 = DIRECTION ( 'NONE',  ( -3.599795122966500165E-14, 0.7071067811865504593, -0.7071067811865445751 ) ) ;
#767 = CARTESIAN_POINT ( 'NONE',  ( 0.000000000000000000, -0.3012499999999982969, 0.000000000000000000 ) ) ;
#768 = DIRECTION ( 'NONE',  ( 0.8660254037844364872, -0.5000000000000039968, 0.000000000000000000 ) ) ;
#769 = ORIENTED_EDGE ( 'NONE', *, *, #8996, .F. ) ;
#770 = CARTESIAN_POINT ( 'NONE',  ( -1.946727650601170811, -0.2566767611359557222, -0.2500000000000000000 ) ) ;
#771 = CARTESIAN_POINT ( 'NONE',  ( -1.994375000000012443, 0.6404979548822627988, -0.2175000000000000266 ) ) ;
#772 = ORIENTED_EDGE ( 'NONE', *, *, #30, .T. ) ;
#773 = LINE ( 'NONE', #147, #3765 ) ;
#774 = LINE ( 'NONE', #2115, #2173 ) ;
#775 = DIRECTION ( 'NONE',  ( 0.000000000000000000, 0.000000000000000000, 1.000000000000000000 ) ) ;
#776 = DIRECTION ( 'NONE',  ( -1.000000000000000000, 0.000000000000000000, 0.000000000000000000 ) ) ;
#777 = CIRCLE ( 'NONE', #6255, 0.3124999999999972800 ) ;
#778 = CARTESIAN_POINT ( 'NONE',  ( 2.390625000000005773, 0.6404979548822425928, 0.000000000000000000 ) ) ;
#779 = VERTEX_POINT ( 'NONE', #4677 ) ;
#780 = CARTESIAN_POINT ( 'NONE',  ( 1.419374999999987619, 1.377727649040771927E-17, -0.2500000000000000555 ) ) ;
#781 = VERTEX_POINT ( 'NONE', #9001 ) ;
#782 = LINE ( 'NONE', #5866, #3618 ) ;
#783 = CARTESIAN_POINT ( 'NONE',  ( -2.493160219341328698, -0.2382494887205698075, -0.2500000000000000555 ) ) ;
#784 = DIRECTION ( 'NONE',  ( -0.4999999999999919509, -0.8660254037844432595, -0.000000000000000000 ) ) ;
#785 = DIRECTION ( 'NONE',  ( -1.000000000000000000, 0.000000000000000000, 0.000000000000000000 ) ) ;
#786 = VERTEX_POINT ( 'NONE', #1759 ) ;
#787 = EDGE_CURVE ( 'NONE', #7140, #847, #7573, .T. ) ;
#788 = EDGE_LOOP ( 'NONE', ( #2645, #7320, #7831 ) ) ;
#789 = CARTESIAN_POINT ( 'NONE',  ( 0.000000000000000000, -0.3012499999999982969, 0.000000000000000000 ) ) ;
#790 = EDGE_CURVE ( 'NONE', #7938, #2, #344, .T. ) ;
#791 = EDGE_CURVE ( 'NONE', #7064, #7053, #6141, .T. ) ;
#792 = DIRECTION ( 'NONE',  ( -0.000000000000000000, -0.000000000000000000, 1.000000000000000000 ) ) ;
#793 = ORIENTED_EDGE ( 'NONE', *, *, #1681, .F. ) ;
#794 = EDGE_LOOP ( 'NONE', ( #4943, #1756 ) ) ;
#795 = DIRECTION ( 'NONE',  ( 1.000000000000000000, -7.827072323607353610E-15, -0.000000000000000000 ) ) ;
#796 = CARTESIAN_POINT ( 'NONE',  ( 2.558872638562463830, 0.05622084583890603338, -0.9499999999999999556 ) ) ;
#797 = DIRECTION ( 'NONE',  ( 0.000000000000000000, 0.000000000000000000, -1.000000000000000000 ) ) ;
#798 = EDGE_CURVE ( 'NONE', #510, #4416, #1095, .T. ) ;
#799 = DIRECTION ( 'NONE',  ( 1.000000000000000000, 0.000000000000000000, -2.185478394931412547E-15 ) ) ;
#800 = ORIENTED_EDGE ( 'NONE', *, *, #8085, .T. ) ;
#801 = ORIENTED_EDGE ( 'NONE', *, *, #6285, .F. ) ;
#802 = ADVANCED_FACE ( 'NONE', ( #5953, #1619 ), #3972, .F. ) ;
#803 = CARTESIAN_POINT ( 'NONE',  ( 2.436424770404262752, -0.02605000280374219004, -0.2500000000000000555 ) ) ;
#804 = ORIENTED_EDGE ( 'NONE', *, *, #4505, .T. ) ;
#805 = CARTESIAN_POINT ( 'NONE',  ( 1.984375000000010880, 0.6079979548822714852, -0.6642500000000000071 ) ) ;
#806 = AXIS2_PLACEMENT_3D ( 'NONE', #5059, #7912, #4455 ) ;
#807 = CYLINDRICAL_SURFACE ( 'NONE', #3271, 0.04449999999999948441 ) ;
#808 = DIRECTION ( 'NONE',  ( 0.5000000000000038858, -0.8660254037844363761, -2.185478394931430296E-15 ) ) ;
#809 = ADVANCED_FACE ( 'NONE', ( #1672 ), #2329, .T. ) ;
#810 = DIRECTION ( 'NONE',  ( 0.8660254037844659081, 0.4999999999999527045, 0.000000000000000000 ) ) ;
#811 = VERTEX_POINT ( 'NONE', #3070 ) ;
#812 = EDGE_CURVE ( 'NONE', #1561, #3965, #4542, .T. ) ;
#813 = CARTESIAN_POINT ( 'NONE',  ( -2.125000000000000000, 0.000000000000000000, 0.9499999999999999556 ) ) ;
#814 = EDGE_CURVE ( 'NONE', #1804, #8162, #8903, .T. ) ;
#815 = CARTESIAN_POINT ( 'NONE',  ( 2.746467334085270551, -0.05208700211991435652, -0.5999999999999999778 ) ) ;
#816 = VERTEX_POINT ( 'NONE', #3158 ) ;
#817 = CARTESIAN_POINT ( 'NONE',  ( -2.390625000000005773, 0.6404979548822425928, 0.2500000000000000555 ) ) ;
#818 = LINE ( 'NONE', #3690, #6443 ) ;
#819 = FACE_BOUND ( 'NONE', #4520, .T. ) ;
#820 = DIRECTION ( 'NONE',  ( 0.7071067811865580088, -0.7071067811865371366, -0.000000000000000000 ) ) ;
#821 = AXIS2_PLACEMENT_3D ( 'NONE', #2662, #7081, #6278 ) ;
#822 = CYLINDRICAL_SURFACE ( 'NONE', #7297, 0.01000000000000000715 ) ;
#823 = EDGE_LOOP ( 'NONE', ( #4433, #3172, #470, #6406, #6601, #2291 ) ) ;
#824 = VECTOR ( 'NONE', #6078, 39.37007874015748854 ) ;
#825 = CARTESIAN_POINT ( 'NONE',  ( -2.445201381572378097, 0.6121392682981662281, -0.8157121042078544493 ) ) ;
#826 = VERTEX_POINT ( 'NONE', #3922 ) ;
#827 = EDGE_CURVE ( 'NONE', #3074, #4571, #3872, .T. ) ;
#828 = ADVANCED_FACE ( 'NONE', ( #6048 ), #6818, .T. ) ;
#829 = CARTESIAN_POINT ( 'NONE',  ( -1.439632262026758092, -0.08897991750573425174, -0.7350000000000000977 ) ) ;
#830 = DIRECTION ( 'NONE',  ( 0.5000000000000038858, 0.8660254037844362651, -0.000000000000000000 ) ) ;
#831 = DIRECTION ( 'NONE',  ( -0.8660254037844363761, 0.5000000000000041078, 0.000000000000000000 ) ) ;
#832 = VECTOR ( 'NONE', #3814, 39.37007874015748854 ) ;
#833 = VECTOR ( 'NONE', #1860, 39.37007874015748143 ) ;
#834 = CARTESIAN_POINT ( 'NONE',  ( -2.125000000000000000, 0.4764989774411199086, 0.000000000000000000 ) ) ;
#835 = ORIENTED_EDGE ( 'NONE', *, *, #3485, .T. ) ;
#836 = ORIENTED_EDGE ( 'NONE', *, *, #4787, .T. ) ;
#837 = CARTESIAN_POINT ( 'NONE',  ( 2.546874999999995559, -0.5502869753213696091, -0.3525000000000004241 ) ) ;
#838 = CARTESIAN_POINT ( 'NONE',  ( -2.125000000000000000, 0.000000000000000000, -0.2500000000000000555 ) ) ;
#839 = ORIENTED_EDGE ( 'NONE', *, *, #6745, .F. ) ;
#840 = ORIENTED_EDGE ( 'NONE', *, *, #3545, .F. ) ;
#841 = CARTESIAN_POINT ( 'NONE',  ( -0.5000000000000001110, -0.2687500000000005995, 0.000000000000000000 ) ) ;
#842 = DIRECTION ( 'NONE',  ( 0.000000000000000000, 0.000000000000000000, 1.000000000000000000 ) ) ;
#843 = AXIS2_PLACEMENT_3D ( 'NONE', #7808, #2153, #721 ) ;
#844 = CARTESIAN_POINT ( 'NONE',  ( 1.167433081593972632, 0.3012499999999982969, -0.4999999999999999445 ) ) ;
#845 = DIRECTION ( 'NONE',  ( -1.000000000000000000, 0.000000000000000000, 0.000000000000000000 ) ) ;
#846 = ORIENTED_EDGE ( 'NONE', *, *, #7072, .F. ) ;
#847 = VERTEX_POINT ( 'NONE', #3393 ) ;
#848 = LINE ( 'NONE', #2909, #6053 ) ;
#849 = ORIENTED_EDGE ( 'NONE', *, *, #6208, .F. ) ;
#850 = ADVANCED_FACE ( 'NONE', ( #4114 ), #6997, .F. ) ;
#851 = FACE_OUTER_BOUND ( 'NONE', #163, .T. ) ;
#852 = DIRECTION ( 'NONE',  ( 0.2588190451025368932, 0.9659258262890638713, 0.000000000000000000 ) ) ;
#853 = DIRECTION ( 'NONE',  ( -1.092739197465688721E-15, 1.892679809432653856E-15, -1.000000000000000000 ) ) ;
#854 = EDGE_CURVE ( 'NONE', #5888, #241, #7047, .T. ) ;
#855 = PRODUCT_CONTEXT ( 'NONE', #9062, 'mechanical' ) ;
#856 = EDGE_CURVE ( 'NONE', #4394, #3223, #475, .T. ) ;
#857 = CARTESIAN_POINT ( 'NONE',  ( 2.390625000000005773, 0.6404979548822425928, -0.4150000000000000910 ) ) ;
#858 = ORIENTED_EDGE ( 'NONE', *, *, #4868, .F. ) ;
#859 = ORIENTED_EDGE ( 'NONE', *, *, #6330, .F. ) ;
#860 = DIRECTION ( 'NONE',  ( 0.5000000000000434097, -0.8660254037844137276, -0.000000000000000000 ) ) ;
#861 = SURFACE_SIDE_STYLE ('',( #8901 ) ) ;
#862 = EDGE_LOOP ( 'NONE', ( #415, #3548, #4889, #1008 ) ) ;
#863 = DIRECTION ( 'NONE',  ( 0.8660254037844348218, 0.5000000000000067724, 0.000000000000000000 ) ) ;
#864 = DIRECTION ( 'NONE',  ( 0.000000000000000000, -4.370956789862821150E-15, 1.000000000000000000 ) ) ;
#865 = DIRECTION ( 'NONE',  ( -0.000000000000000000, -0.000000000000000000, 1.000000000000000000 ) ) ;
#866 = EDGE_CURVE ( 'NONE', #4640, #4979, #5383, .T. ) ;
#867 = VECTOR ( 'NONE', #6301, 39.37007874015748143 ) ;
#868 = ORIENTED_EDGE ( 'NONE', *, *, #920, .F. ) ;
#869 = CARTESIAN_POINT ( 'NONE',  ( -2.423322000591348058, 0.5983886593594078818, -0.8389174173226140452 ) ) ;
#870 = ORIENTED_EDGE ( 'NONE', *, *, #4175, .F. ) ;
#871 = DIRECTION ( 'NONE',  ( 0.000000000000000000, 0.000000000000000000, 1.000000000000000000 ) ) ;
#872 = VECTOR ( 'NONE', #8051, 39.37007874015748854 ) ;
#873 = DIRECTION ( 'NONE',  ( -0.000000000000000000, -0.000000000000000000, -1.000000000000000000 ) ) ;
#874 = CIRCLE ( 'NONE', #6195, 0.4374999999999959477 ) ;
#875 = CARTESIAN_POINT ( 'NONE',  ( 2.390625000000005773, 0.3476343040825996544, -0.8474999999999995870 ) ) ;
#876 = EDGE_CURVE ( 'NONE', #5496, #4186, #1289, .T. ) ;
#877 = ORIENTED_EDGE ( 'NONE', *, *, #8229, .T. ) ;
#878 = VECTOR ( 'NONE', #6213, 39.37007874015748143 ) ;
#879 = ORIENTED_EDGE ( 'NONE', *, *, #153, .F. ) ;
#880 = CIRCLE ( 'NONE', #7272, 0.5000000000000000000 ) ;
#881 = LINE ( 'NONE', #5786, #5007 ) ;
#882 = CARTESIAN_POINT ( 'NONE',  ( -2.125000000000000000, 0.000000000000000000, -0.2500000000000000555 ) ) ;
#883 = VERTEX_POINT ( 'NONE', #5480 ) ;
#884 = ORIENTED_EDGE ( 'NONE', *, *, #6330, .T. ) ;
#885 = AXIS2_PLACEMENT_3D ( 'NONE', #9194, #9094, #1192 ) ;
#886 = FACE_OUTER_BOUND ( 'NONE', #5096, .T. ) ;
#887 = CIRCLE ( 'NONE', #8178, 0.4374999999999960587 ) ;
#888 = FACE_OUTER_BOUND ( 'NONE', #4638, .T. ) ;
#889 = PLANE ( 'NONE',  #8432 ) ;
#890 = ORIENTED_EDGE ( 'NONE', *, *, #9355, .T. ) ;
#891 = DIRECTION ( 'NONE',  ( 0.000000000000000000, 0.000000000000000000, -1.000000000000000000 ) ) ;
#892 = AXIS2_PLACEMENT_3D ( 'NONE', #7712, #6998, #5481 ) ;
#893 = CARTESIAN_POINT ( 'NONE',  ( -2.211547108317882149, -0.4288541104406126681, -0.4650000000000000799 ) ) ;
#894 = ORIENTED_EDGE ( 'NONE', *, *, #9172, .F. ) ;
#895 = DIRECTION ( 'NONE',  ( -0.5000000000000038858, 0.8660254037844363761, -2.185478394931430296E-15 ) ) ;
#896 = VERTEX_POINT ( 'NONE', #426 ) ;
#897 = AXIS2_PLACEMENT_3D ( 'NONE', #169, #6748, #3085 ) ;
#898 = DIRECTION ( 'NONE',  ( -1.000000000000000000, -5.090879084663727145E-14, -0.000000000000000000 ) ) ;
#899 = VECTOR ( 'NONE', #5513, 39.37007874015748854 ) ;
#900 = SURFACE_SIDE_STYLE ('',( #1705 ) ) ;
#901 = DIRECTION ( 'NONE',  ( -0.8660254037844660191, -0.4999999999999527045, -0.000000000000000000 ) ) ;
#902 = ORIENTED_EDGE ( 'NONE', *, *, #1655, .F. ) ;
#903 = PLANE ( 'NONE',  #1447 ) ;
#904 = ORIENTED_EDGE ( 'NONE', *, *, #7942, .F. ) ;
#905 = EDGE_CURVE ( 'NONE', #826, #3905, #1908, .T. ) ;
#906 = CARTESIAN_POINT ( 'NONE',  ( 2.390625000000005773, 0.5923487661265872672, -0.8474999999999995870 ) ) ;
#907 = VERTEX_POINT ( 'NONE', #1334 ) ;
#908 = EDGE_CURVE ( 'NONE', #7579, #4428, #6290, .T. ) ;
#909 = EDGE_CURVE ( 'NONE', #6422, #8074, #4259, .T. ) ;
#910 = DIRECTION ( 'NONE',  ( 0.5000000000000363043, -0.8660254037844178354, 0.000000000000000000 ) ) ;
#911 = VERTEX_POINT ( 'NONE', #2765 ) ;
#912 = CARTESIAN_POINT ( 'NONE',  ( -1.984375000000025979, 0.2790714234295686436, -0.9499999999999999556 ) ) ;
#913 = CARTESIAN_POINT ( 'NONE',  ( 2.601910219341328379, -0.2382494887205698075, -0.2500000000000000555 ) ) ;
#914 = CARTESIAN_POINT ( 'NONE',  ( 1.813004557839720920, -0.01775088930758956032, -0.9499999999999999556 ) ) ;
#915 = CYLINDRICAL_SURFACE ( 'NONE', #8330, 0.06424999999999973788 ) ;
#916 = VERTEX_POINT ( 'NONE', #573 ) ;
#917 = AXIS2_PLACEMENT_3D ( 'NONE', #6305, #1253, #6965 ) ;
#918 = CARTESIAN_POINT ( 'NONE',  ( -2.255625000000000213, 0.6404979548822493651, -0.2600000000000000089 ) ) ;
#919 = VERTEX_POINT ( 'NONE', #6190 ) ;
#920 = EDGE_CURVE ( 'NONE', #3811, #3656, #4206, .T. ) ;
#921 = CARTESIAN_POINT ( 'NONE',  ( 1.994375000000025544, 0.2838896957887076522, -0.2500000000000000555 ) ) ;
#922 = AXIS2_PLACEMENT_3D ( 'NONE', #7840, #8457, #4852 ) ;
#923 = CARTESIAN_POINT ( 'NONE',  ( 2.298125000000001528, 0.6404979548822472557, -0.2599999999999999534 ) ) ;
#924 = DIRECTION ( 'NONE',  ( 2.512044132105060867E-15, -1.000000000000000000, 6.280110330262652168E-16 ) ) ;
#925 = VECTOR ( 'NONE', #831, 39.37007874015747433 ) ;
#926 = DIRECTION ( 'NONE',  ( -1.000000000000000000, 0.000000000000000000, 0.000000000000000000 ) ) ;
#927 = ORIENTED_EDGE ( 'NONE', *, *, #2481, .T. ) ;
#928 = AXIS2_PLACEMENT_3D ( 'NONE', #3179, #4655, #6753 ) ;
#929 = VERTEX_POINT ( 'NONE', #4815 ) ;
#930 = VECTOR ( 'NONE', #5645, 39.37007874015748143 ) ;
#931 = CARTESIAN_POINT ( 'NONE',  ( 2.390625000000005329, 0.6404979548822425928, -0.3525000000000004241 ) ) ;
#932 = EDGE_CURVE ( 'NONE', #1182, #6300, #4862, .T. ) ;
#933 = CARTESIAN_POINT ( 'NONE',  ( -1.710327891682204449, 0.1394750607932296049, -0.7849999999997243627 ) ) ;
#934 = ORIENTED_EDGE ( 'NONE', *, *, #524, .F. ) ;
#935 = VERTEX_POINT ( 'NONE', #8569 ) ;
#936 = FACE_OUTER_BOUND ( 'NONE', #7231, .T. ) ;
#937 = CARTESIAN_POINT ( 'NONE',  ( 1.693960409374950515, 0.07547606997295899789, -0.8460649621165567957 ) ) ;
#938 = DIRECTION ( 'NONE',  ( -0.000000000000000000, -1.000000000000000000, -0.000000000000000000 ) ) ;
#939 = ORIENTED_EDGE ( 'NONE', *, *, #6, .T. ) ;
#940 = ORIENTED_EDGE ( 'NONE', *, *, #9319, .F. ) ;
#941 = CARTESIAN_POINT ( 'NONE',  ( 2.211562499999988773, -0.1499306480301439148, -0.9499999999999999556 ) ) ;
#942 = ORIENTED_EDGE ( 'NONE', *, *, #1432, .T. ) ;
#943 = DIRECTION ( 'NONE',  ( 0.8660254037844364872, -0.5000000000000039968, 0.000000000000000000 ) ) ;
#944 = LINE ( 'NONE', #228, #5694 ) ;
#945 = CARTESIAN_POINT ( 'NONE',  ( -1.813004557839720920, -0.01775088930758956032, -0.9174999999999992051 ) ) ;
#946 = VERTEX_POINT ( 'NONE', #2631 ) ;
#947 = CARTESIAN_POINT ( 'NONE',  ( -1.953629557839698050, -0.2613205341219492772, -0.9174999999999992051 ) ) ;
#948 = ORIENTED_EDGE ( 'NONE', *, *, #1779, .F. ) ;
#949 = ORIENTED_EDGE ( 'NONE', *, *, #5923, .T. ) ;
#950 = CARTESIAN_POINT ( 'NONE',  ( -1.953629557839697384, -0.2613205341219492217, -0.2572107205775365224 ) ) ;
#951 = AXIS2_PLACEMENT_3D ( 'NONE', #2248, #3641, #7293 ) ;
#952 = CARTESIAN_POINT ( 'NONE',  ( -1.635624999999971241, -0.4333735458104718830, -0.2599999999999999534 ) ) ;
#953 = CARTESIAN_POINT ( 'NONE',  ( -1.951875000000010463, 0.6404979548822711255, -0.6999999999999999556 ) ) ;
#954 = DIRECTION ( 'NONE',  ( 0.4999999999999963363, 0.8660254037844407060, 0.000000000000000000 ) ) ;
#955 = CARTESIAN_POINT ( 'NONE',  ( 1.668770825622965859, -0.4257837998483141040, -0.2599999999999999534 ) ) ;
#956 = DIRECTION ( 'NONE',  ( 1.000000000000000000, 0.000000000000000000, 0.000000000000000000 ) ) ;
#957 = ORIENTED_EDGE ( 'NONE', *, *, #5175, .T. ) ;
#958 = EDGE_CURVE ( 'NONE', #2825, #5011, #5525, .T. ) ;
#959 = ADVANCED_FACE ( 'NONE', ( #7090 ), #2585, .F. ) ;
#960 = CIRCLE ( 'NONE', #2179, 0.06424999999999959910 ) ;
#961 = DIRECTION ( 'NONE',  ( 0.000000000000000000, 0.000000000000000000, 1.000000000000000000 ) ) ;
#962 = CARTESIAN_POINT ( 'NONE',  ( 1.306874999999987574, 0.000000000000000000, -0.2500000000000000555 ) ) ;
#963 = CIRCLE ( 'NONE', #2793, 0.2175000000000006928 ) ;
#964 = LINE ( 'NONE', #8910, #5238 ) ;
#965 = DIRECTION ( 'NONE',  ( -0.8660254037844441477, -0.4999999999999903411, 0.000000000000000000 ) ) ;
#966 = EDGE_CURVE ( 'NONE', #3055, #2937, #2724, .T. ) ;
#967 = CARTESIAN_POINT ( 'NONE',  ( -2.502726728461359684, -0.5969667425129840943, -0.7849999999999999201 ) ) ;
#968 = EDGE_LOOP ( 'NONE', ( #6926, #5863, #176, #6773 ) ) ;
#969 = EDGE_CURVE ( 'NONE', #8069, #3036, #9290, .T. ) ;
#970 = EDGE_CURVE ( 'NONE', #5302, #503, #2052, .T. ) ;
#971 = VERTEX_POINT ( 'NONE', #3292 ) ;
#972 = ORIENTED_EDGE ( 'NONE', *, *, #7824, .F. ) ;
#973 = CARTESIAN_POINT ( 'NONE',  ( -1.559343435260007071, -0.3012499999999982969, 0.000000000000000000 ) ) ;
#974 = CARTESIAN_POINT ( 'NONE',  ( -1.705664676458366724, 0.1248077084662159025, -0.8197202386689930176 ) ) ;
#975 = ORIENTED_EDGE ( 'NONE', *, *, #5190, .T. ) ;
#976 = CIRCLE ( 'NONE', #2500, 0.06425000000000000155 ) ;
#977 = VECTOR ( 'NONE', #1190, 39.37007874015748854 ) ;
#978 = ORIENTED_EDGE ( 'NONE', *, *, #445, .F. ) ;
#979 = CARTESIAN_POINT ( 'NONE',  ( 2.296370442160278635, -0.2613205341219645983, -0.2600000000000002309 ) ) ;
#980 = CARTESIAN_POINT ( 'NONE',  ( 1.702650479900263081, 0.1142094797580084503, -0.8291007793619376010 ) ) ;
#981 = EDGE_CURVE ( 'NONE', #4640, #7266, #8424, .T. ) ;
#982 = CARTESIAN_POINT ( 'NONE',  ( -1.762299798107778814, -0.3717848224071720331, -0.5999999999999999778 ) ) ;
#983 = AXIS2_PLACEMENT_3D ( 'NONE', #2074, #7022, #8640 ) ;
#984 = AXIS2_PLACEMENT_3D ( 'NONE', #7547, #6883, #5455 ) ;
#985 = ORIENTED_EDGE ( 'NONE', *, *, #6016, .F. ) ;
#986 = LINE ( 'NONE', #267, #824 ) ;
#987 = ORIENTED_EDGE ( 'NONE', *, *, #3215, .F. ) ;
#988 = CARTESIAN_POINT ( 'NONE',  ( 1.985598764986689302, 0.2796925639051816015, -0.2545484930337159057 ) ) ;
#989 = ORIENTED_EDGE ( 'NONE', *, *, #3504, .F. ) ;
#990 = CARTESIAN_POINT ( 'NONE',  ( 2.189249999999999918, 0.4764989774411177437, -0.1944947243515863511 ) ) ;
#991 = VECTOR ( 'NONE', #635, 39.37007874015748143 ) ;
#992 = DIRECTION ( 'NONE',  ( 0.5000000000000041078, 0.8660254037844362651, -2.185478394931412152E-15 ) ) ;
#993 = CARTESIAN_POINT ( 'NONE',  ( 2.298125000000001528, 0.6404979548822424817, -0.5357500000000000595 ) ) ;
#994 = DIRECTION ( 'NONE',  ( -0.4999999999999918954, -0.8660254037844431485, 2.185478394931412152E-15 ) ) ;
#995 = SURFACE_STYLE_FILL_AREA ( #3914 ) ;
#996 = ADVANCED_FACE ( 'NONE', ( #9383 ), #2192, .T. ) ;
#997 = EDGE_CURVE ( 'NONE', #3002, #8302, #3575, .T. ) ;
#998 = DIRECTION ( 'NONE',  ( 0.8660254037844363761, 0.5000000000000041078, 0.000000000000000000 ) ) ;
#999 = CARTESIAN_POINT ( 'NONE',  ( 2.060750000000000082, 0.4764989774411177437, 0.000000000000000000 ) ) ;
#1000 = ORIENTED_EDGE ( 'NONE', *, *, #6388, .T. ) ;
#1001 = VERTEX_POINT ( 'NONE', #4352 ) ;
#1002 = CARTESIAN_POINT ( 'NONE',  ( -2.425200201892211638, -0.4800379978802461478, -0.6642499999999997851 ) ) ;
#1003 =( NAMED_UNIT ( * ) PLANE_ANGLE_UNIT ( ) SI_UNIT ( $, .RADIAN. ) );
#1004 = FACE_OUTER_BOUND ( 'NONE', #3859, .T. ) ;
#1005 = LINE ( 'NONE', #4630, #9328 ) ;
#1006 = CARTESIAN_POINT ( 'NONE',  ( -1.856970950192570191, 0.3457973860264767496, -0.5766774402834234925 ) ) ;
#1007 = PLANE ( 'NONE',  #1489 ) ;
#1008 = ORIENTED_EDGE ( 'NONE', *, *, #4203, .F. ) ;
#1009 = CARTESIAN_POINT ( 'NONE',  ( -1.709023164035692322, 0.1355439743007467723, -0.3960606752794166852 ) ) ;
#1010 = ORIENTED_EDGE ( 'NONE', *, *, #9255, .T. ) ;
#1011 = DIRECTION ( 'NONE',  ( -0.5000000000000041078, 0.8660254037844363761, 0.000000000000000000 ) ) ;
#1012 = DIRECTION ( 'NONE',  ( 0.8660254037844660191, -0.4999999999999527045, -0.000000000000000000 ) ) ;
#1013 = DIRECTION ( 'NONE',  ( 0.000000000000000000, -0.000000000000000000, -1.000000000000000000 ) ) ;
#1014 = DIRECTION ( 'NONE',  ( 0.4999999999999972800, 0.8660254037844402619, 0.000000000000000000 ) ) ;
#1015 = EDGE_LOOP ( 'NONE', ( #5777, #8455, #6031, #2322 ) ) ;
#1016 = VERTEX_POINT ( 'NONE', #6435 ) ;
#1017 = VECTOR ( 'NONE', #8676, 39.37007874015748143 ) ;
#1018 = CARTESIAN_POINT ( 'NONE',  ( -1.437499999999995337, -0.09021097956086834846, -0.4150000000000000910 ) ) ;
#1019 = ADVANCED_FACE ( 'NONE', ( #7903 ), #1519, .F. ) ;
#1020 = VECTOR ( 'NONE', #5447, 39.37007874015748143 ) ;
#1021 = CARTESIAN_POINT ( 'NONE',  ( -1.702650479900263081, 0.1142094797580084503, -0.8291007793619376010 ) ) ;
#1022 = EDGE_LOOP ( 'NONE', ( #4267, #5548, #7809, #1663, #26, #6706, #1173, #6592 ) ) ;
#1023 = EDGE_CURVE ( 'NONE', #101, #3211, #3006, .T. ) ;
#1024 = EDGE_CURVE ( 'NONE', #78, #1155, #3629, .T. ) ;
#1025 = ORIENTED_EDGE ( 'NONE', *, *, #3664, .F. ) ;
#1026 = CARTESIAN_POINT ( 'NONE',  ( -1.167433081593972632, 0.3012499999999982969, -0.4999999999999999445 ) ) ;
#1027 = PLANE ( 'NONE',  #5319 ) ;
#1028 = CIRCLE ( 'NONE', #1184, 0.06249999999999967387 ) ;
#1029 = CIRCLE ( 'NONE', #8630, 0.009999999999999892655 ) ;
#1030 = CARTESIAN_POINT ( 'NONE',  ( 2.469999244255243198, 0.0007221241658989860498, -0.9499999999999999556 ) ) ;
#1031 = AXIS2_PLACEMENT_3D ( 'NONE', #2741, #2025, #8715 ) ;
#1032 = ORIENTED_EDGE ( 'NONE', *, *, #7617, .F. ) ;
#1033 = VERTEX_POINT ( 'NONE', #8754 ) ;
#1034 = CARTESIAN_POINT ( 'NONE',  ( -1.873381350946074386, -0.3451796254712989342, -0.9499999999999999556 ) ) ;
#1035 = ORIENTED_EDGE ( 'NONE', *, *, #1156, .F. ) ;
#1036 = AXIS2_PLACEMENT_3D ( 'NONE', #42, #8669, #9339 ) ;
#1037 = EDGE_CURVE ( 'NONE', #3433, #6642, #8422, .T. ) ;
#1038 = AXIS2_PLACEMENT_3D ( 'NONE', #4586, #3829, #910 ) ;
#1039 = AXIS2_PLACEMENT_3D ( 'NONE', #8935, #7551, #2422 ) ;
#1040 = CARTESIAN_POINT ( 'NONE',  ( -1.797890299566894168, 0.2908780892445647082, -0.2278719107554343093 ) ) ;
#1041 = CARTESIAN_POINT ( 'NONE',  ( -1.437499999999994893, -0.09021097956086808478, -0.9499999999999999556 ) ) ;
#1042 = CARTESIAN_POINT ( 'NONE',  ( -2.298125000000001528, 0.6404979548822472557, -0.2599999999999999534 ) ) ;
#1043 = VECTOR ( 'NONE', #5665, 39.37007874015748143 ) ;
#1044 = CARTESIAN_POINT ( 'NONE',  ( -1.484346610447648818, -0.1713516890186513597, -0.2499999999999999722 ) ) ;
#1045 = CARTESIAN_POINT ( 'NONE',  ( 1.167433081593972632, -0.2687499999999988787, -0.4999999999999999445 ) ) ;
#1046 = VERTEX_POINT ( 'NONE', #7283 ) ;
#1047 = ORIENTED_EDGE ( 'NONE', *, *, #6745, .T. ) ;
#1048 = DIRECTION ( 'NONE',  ( -0.7071067811865512365, 0.7071067811865436870, 0.000000000000000000 ) ) ;
#1049 = ORIENTED_EDGE ( 'NONE', *, *, #2256, .T. ) ;
#1050 = EDGE_CURVE ( 'NONE', #5825, #4728, #7061, .T. ) ;
#1051 = VECTOR ( 'NONE', #8804, 39.37007874015748143 ) ;
#1052 = DIRECTION ( 'NONE',  ( 0.000000000000000000, 0.000000000000000000, -1.000000000000000000 ) ) ;
#1053 = DIRECTION ( 'NONE',  ( -0.000000000000000000, -0.000000000000000000, -1.000000000000000000 ) ) ;
#1054 = AXIS2_PLACEMENT_3D ( 'NONE', #7173, #8403, #7786 ) ;
#1055 = CARTESIAN_POINT ( 'NONE',  ( -1.859375000000029754, 0.3476343040826271880, -0.5727544197693152928 ) ) ;
#1056 = PLANE ( 'NONE',  #7120 ) ;
#1057 = ORIENTED_EDGE ( 'NONE', *, *, #8763, .T. ) ;
#1058 = CARTESIAN_POINT ( 'NONE',  ( 1.951875000000020233, 0.3904979548822711810, -0.9499999999999999556 ) ) ;
#1059 = ORIENTED_EDGE ( 'NONE', *, *, #1611, .F. ) ;
#1060 = CARTESIAN_POINT ( 'NONE',  ( 1.716506350946108261, -0.07346415503393140256, -0.9174999999999992051 ) ) ;
#1061 = LINE ( 'NONE', #9106, #2848 ) ;
#1062 = CARTESIAN_POINT ( 'NONE',  ( 2.721854174377007496, -0.1822141550339410332, -0.9499999999999999556 ) ) ;
#1063 = CARTESIAN_POINT ( 'NONE',  ( 2.537660219341328460, -0.2382494887205698075, -0.2500000000000000555 ) ) ;
#1064 = ORIENTED_EDGE ( 'NONE', *, *, #5579, .T. ) ;
#1065 = CARTESIAN_POINT ( 'NONE',  ( -2.265624999999999112, 0.3904979548822426483, -0.6999999999999999556 ) ) ;
#1066 = DIRECTION ( 'NONE',  ( -0.5000000000000363043, -0.8660254037844178354, 0.000000000000000000 ) ) ;
#1067 = VECTOR ( 'NONE', #8116, 39.37007874015747433 ) ;
#1068 = LINE ( 'NONE', #397, #8014 ) ;
#1069 = VERTEX_POINT ( 'NONE', #717 ) ;
#1070 = VERTEX_POINT ( 'NONE', #7992 ) ;
#1071 = DIRECTION ( 'NONE',  ( 0.000000000000000000, 0.000000000000000000, -1.000000000000000000 ) ) ;
#1072 = VECTOR ( 'NONE', #2512, 39.37007874015748143 ) ;
#1073 = CARTESIAN_POINT ( 'NONE',  ( 2.495027466214037926, -0.5833721649176392132, -0.8157121042078545603 ) ) ;
#1074 = CARTESIAN_POINT ( 'NONE',  ( 0.5324999999999974198, -0.1762500000000011557, 0.000000000000000000 ) ) ;
#1075 = EDGE_CURVE ( 'NONE', #7941, #8798, #7970, .T. ) ;
#1076 = EDGE_LOOP ( 'NONE', ( #2165, #4700, #7859, #1524, #8293 ) ) ;
#1077 = EDGE_CURVE ( 'NONE', #2154, #5798, #8803, .T. ) ;
#1078 = EDGE_LOOP ( 'NONE', ( #2202, #383, #182, #3570, #7589 ) ) ;
#1079 = AXIS2_PLACEMENT_3D ( 'NONE', #3653, #3699, #8686 ) ;
#1080 = CARTESIAN_POINT ( 'NONE',  ( 1.859375000000008882, 0.6404979548822424817, -0.5357500000000000595 ) ) ;
#1081 = CARTESIAN_POINT ( 'NONE',  ( 2.125000000000000000, 0.000000000000000000, -0.4649999999999993583 ) ) ;
#1082 = VERTEX_POINT ( 'NONE', #5093 ) ;
#1083 = DIRECTION ( 'NONE',  ( 0.8660254037844348218, -0.5000000000000066613, -0.000000000000000000 ) ) ;
#1084 = CARTESIAN_POINT ( 'NONE',  ( 2.425160219341328638, -0.2382494887205698075, -0.2500000000000000555 ) ) ;
#1085 = CARTESIAN_POINT ( 'NONE',  ( 2.265624999999998668, 0.2790714234295565421, -0.2599999999999999534 ) ) ;
#1086 = EDGE_CURVE ( 'NONE', #6006, #577, #7325, .T. ) ;
#1087 = ORIENTED_EDGE ( 'NONE', *, *, #2734, .T. ) ;
#1088 = CYLINDRICAL_SURFACE ( 'NONE', #5168, 0.06249999999999967387 ) ;
#1089 = EDGE_CURVE ( 'NONE', #518, #2837, #4400, .T. ) ;
#1090 = DIRECTION ( 'NONE',  ( -0.000000000000000000, -1.000000000000000000, -0.000000000000000000 ) ) ;
#1091 = ORIENTED_EDGE ( 'NONE', *, *, #7020, .F. ) ;
#1092 = ORIENTED_EDGE ( 'NONE', *, *, #6442, .T. ) ;
#1093 = CARTESIAN_POINT ( 'NONE',  ( 1.483749999999971925, -0.1703183294109479606, -0.2599999999999997313 ) ) ;
#1094 = CARTESIAN_POINT ( 'NONE',  ( -1.533145825622967307, -0.1908744090717876263, -0.2500000000000000555 ) ) ;
#1095 = LINE ( 'NONE', #6000, #2787 ) ;
#1096 = CARTESIAN_POINT ( 'NONE',  ( -1.855041356613011949, 0.3442841362961638341, -0.5809214371190666304 ) ) ;
#1097 = DIRECTION ( 'NONE',  ( 0.000000000000000000, 0.000000000000000000, -1.000000000000000000 ) ) ;
#1098 = B_SPLINE_CURVE_WITH_KNOTS ( 'NONE', 3,
 ( #6249, #382, #6867, #1764, #6197, #3928, #7527, #2446, #1198, #9151, #1009, #3398, #7673, #1151 ),
 .UNSPECIFIED., .F., .F.,
 ( 4, 2, 2, 2, 2, 2, 4 ),
 ( 0.000000000000000000, 0.0007337661947641793475, 0.001467532389528358695, 0.001834415486910448423, 0.002201298584292537934, 0.002568181681674627879, 0.002935064779056717390 ),
 .UNSPECIFIED. ) ;
#1099 = ORIENTED_EDGE ( 'NONE', *, *, #8524, .T. ) ;
#1100 = EDGE_CURVE ( 'NONE', #3211, #5573, #3538, .T. ) ;
#1101 = DIMENSIONAL_EXPONENTS ( 1.000000000000000000, 0.000000000000000000, 0.000000000000000000, 0.000000000000000000, 0.000000000000000000, 0.000000000000000000, 0.000000000000000000 ) ;
#1102 = ORIENTED_EDGE ( 'NONE', *, *, #1089, .F. ) ;
#1103 = CARTESIAN_POINT ( 'NONE',  ( -1.479198420634004973, -0.06613638518304112979, -0.8474999999999995870 ) ) ;
#1104 = DIRECTION ( 'NONE',  ( -0.000000000000000000, -0.000000000000000000, -1.000000000000000000 ) ) ;
#1105 = EDGE_LOOP ( 'NONE', ( #2231, #7569 ) ) ;
#1106 = CARTESIAN_POINT ( 'NONE',  ( 2.298125000000001528, 0.6404979548822472557, -0.2599999999999999534 ) ) ;
#1107 = DIRECTION ( 'NONE',  ( -0.2588190451025417227, 0.9659258262890627611, 0.000000000000000000 ) ) ;
#1108 = PLANE ( 'NONE',  #7870 ) ;
#1109 = AXIS2_PLACEMENT_3D ( 'NONE', #9042, #7432, #2532 ) ;
#1110 = FACE_OUTER_BOUND ( 'NONE', #9424, .T. ) ;
#1111 = ORIENTED_EDGE ( 'NONE', *, *, #7361, .F. ) ;
#1112 = EDGE_CURVE ( 'NONE', #6093, #8450, #9190, .T. ) ;
#1113 = EDGE_CURVE ( 'NONE', #5401, #2922, #8118, .T. ) ;
#1114 = CARTESIAN_POINT ( 'NONE',  ( -2.390625000000005329, 0.3476343040825998765, 6.829619984160658046E-17 ) ) ;
#1115 = CARTESIAN_POINT ( 'NONE',  ( -1.668770825622963860, -0.4257837998483152142, -0.9499999999999999556 ) ) ;
#1116 = CIRCLE ( 'NONE', #202, 0.3124999999999972800 ) ;
#1117 = DIRECTION ( 'NONE',  ( -0.8660254037844364872, -0.5000000000000039968, 0.000000000000000000 ) ) ;
#1118 = VERTEX_POINT ( 'NONE', #5759 ) ;
#1119 = ORIENTED_EDGE ( 'NONE', *, *, #814, .F. ) ;
#1120 = DIRECTION ( 'NONE',  ( 0.5000000000000056621, 0.8660254037844353769, 0.000000000000000000 ) ) ;
#1121 = FACE_OUTER_BOUND ( 'NONE', #1535, .T. ) ;
#1122 = CIRCLE ( 'NONE', #631, 0.04449999999999948441 ) ;
#1123 = CARTESIAN_POINT ( 'NONE',  ( -2.265624999999999112, 0.4058214234295524081, -0.5357500000000000595 ) ) ;
#1124 = VERTEX_POINT ( 'NONE', #2100 ) ;
#1125 = VECTOR ( 'NONE', #618, 39.37007874015748143 ) ;
#1126 =( NAMED_UNIT ( * ) SI_UNIT ( $, .STERADIAN. ) SOLID_ANGLE_UNIT ( ) );
#1127 = CARTESIAN_POINT ( 'NONE',  ( -2.546874999999995559, -0.5502869753213696091, -0.4649999999999999689 ) ) ;
#1128 = EDGE_LOOP ( 'NONE', ( #6959, #4009, #3402, #1694, #8529, #1637 ) ) ;
#1129 = CARTESIAN_POINT ( 'NONE',  ( -2.211562499999988773, -0.1499306480301439148, -0.9499999999999999556 ) ) ;
#1130 = VERTEX_POINT ( 'NONE', #5049 ) ;
#1131 = DIRECTION ( 'NONE',  ( -0.000000000000000000, -0.000000000000000000, -1.000000000000000000 ) ) ;
#1132 = VECTOR ( 'NONE', #9092, 39.37007874015748854 ) ;
#1133 = CARTESIAN_POINT ( 'NONE',  ( -1.437499999999995337, -0.09021097956086862601, -0.4649999999999999689 ) ) ;
#1134 = AXIS2_PLACEMENT_3D ( 'NONE', #203, #3125, #6008 ) ;
#1135 = ORIENTED_EDGE ( 'NONE', *, *, #7965, .T. ) ;
#1136 = FACE_OUTER_BOUND ( 'NONE', #2046, .T. ) ;
#1137 = CARTESIAN_POINT ( 'NONE',  ( -0.9376234198628758953, 0.3012499999999982969, -0.4015748031496063630 ) ) ;
#1138 = ORIENTED_EDGE ( 'NONE', *, *, #6529, .F. ) ;
#1139 = ORIENTED_EDGE ( 'NONE', *, *, #4204, .T. ) ;
#1140 = CARTESIAN_POINT ( 'NONE',  ( 2.284246426591641121, -0.4076050901131804682, -0.3525000000000002576 ) ) ;
#1141 = VECTOR ( 'NONE', #1754, 39.37007874015748143 ) ;
#1142 = ADVANCED_FACE ( 'NONE', ( #2288 ), #5846, .F. ) ;
#1143 = ADVANCED_FACE ( 'NONE', ( #4446 ), #807, .F. ) ;
#1144 = ADVANCED_FACE ( 'NONE', ( #2427 ), #8584, .T. ) ;
#1145 = CARTESIAN_POINT ( 'NONE',  ( -1.559174798107780591, -0.01996200211974713534, -0.5999999999999999778 ) ) ;
#1146 = CARTESIAN_POINT ( 'NONE',  ( -2.390625000000005329, 0.3476343040825998765, -0.9499999999999999556 ) ) ;
#1147 = CARTESIAN_POINT ( 'NONE',  ( -1.852331411169191311, 0.3421418922953584629, -0.6097839248367360465 ) ) ;
#1148 = DIRECTION ( 'NONE',  ( -0.000000000000000000, -0.000000000000000000, -1.000000000000000000 ) ) ;
#1149 = EDGE_LOOP ( 'NONE', ( #7086, #2356, #8431, #7470, #8994, #8771, #6855 ) ) ;
#1150 = ORIENTED_EDGE ( 'NONE', *, *, #3951, .T. ) ;
#1151 = CARTESIAN_POINT ( 'NONE',  ( -1.710327891682111856, 0.1394750607929389485, -0.4150000000000000910 ) ) ;
#1152 = ORIENTED_EDGE ( 'NONE', *, *, #8226, .T. ) ;
#1153 = VERTEX_POINT ( 'NONE', #993 ) ;
#1154 = LINE ( 'NONE', #8385, #571 ) ;
#1155 = VERTEX_POINT ( 'NONE', #3911 ) ;
#1156 = EDGE_CURVE ( 'NONE', #3811, #9134, #2050, .T. ) ;
#1157 = DIRECTION ( 'NONE',  ( 0.4999999999999972800, 0.8660254037844402619, -0.000000000000000000 ) ) ;
#1158 = DIRECTION ( 'NONE',  ( -0.000000000000000000, -0.000000000000000000, -1.000000000000000000 ) ) ;
#1159 = FACE_OUTER_BOUND ( 'NONE', #9140, .T. ) ;
#1160 = FACE_BOUND ( 'NONE', #4906, .T. ) ;
#1161 = CARTESIAN_POINT ( 'NONE',  ( -1.968749999999999778, -0.2706329386826341055, -0.9175000000000006484 ) ) ;
#1162 = LINE ( 'NONE', #1115, #4270 ) ;
#1163 = LINE ( 'NONE', #7165, #3457 ) ;
#1164 = ADVANCED_FACE ( 'NONE', ( #2374 ), #1166, .T. ) ;
#1165 = ORIENTED_EDGE ( 'NONE', *, *, #6159, .T. ) ;
#1166 = PLANE ( 'NONE',  #6765 ) ;
#1167 = CARTESIAN_POINT ( 'NONE',  ( -2.558872638562463830, 0.05622084583890603338, 0.2500000000000000555 ) ) ;
#1168 = AXIS2_PLACEMENT_3D ( 'NONE', #7726, #6870, #1012 ) ;
#1169 = VERTEX_POINT ( 'NONE', #6763 ) ;
#1170 = AXIS2_PLACEMENT_3D ( 'NONE', #5400, #7594, #6793 ) ;
#1171 = LINE ( 'NONE', #4094, #2275 ) ;
#1172 = CARTESIAN_POINT ( 'NONE',  ( -2.812500000000023093, -0.09021097956089567382, 6.829619984160658046E-17 ) ) ;
#1173 = ORIENTED_EDGE ( 'NONE', *, *, #6015, .T. ) ;
#1174 = LINE ( 'NONE', #4099, #736 ) ;
#1175 = FACE_OUTER_BOUND ( 'NONE', #329, .T. ) ;
#1176 = FACE_OUTER_BOUND ( 'NONE', #1953, .T. ) ;
#1177 = VECTOR ( 'NONE', #7441, 39.37007874015748854 ) ;
#1178 = DIRECTION ( 'NONE',  ( -1.000000000000000000, -8.405686134351793218E-15, -0.000000000000000000 ) ) ;
#1179 = ORIENTED_EDGE ( 'NONE', *, *, #3366, .T. ) ;
#1180 = DIRECTION ( 'NONE',  ( -1.000000000000000000, 1.865610830299460874E-15, 0.000000000000000000 ) ) ;
#1181 = FACE_OUTER_BOUND ( 'NONE', #7233, .T. ) ;
#1182 = VERTEX_POINT ( 'NONE', #4795 ) ;
#1183 = VERTEX_POINT ( 'NONE', #8844 ) ;
#1184 = AXIS2_PLACEMENT_3D ( 'NONE', #390, #540, #9109 ) ;
#1185 =( GEOMETRIC_REPRESENTATION_CONTEXT ( 3 ) GLOBAL_UNCERTAINTY_ASSIGNED_CONTEXT ( ( #8441 ) ) GLOBAL_UNIT_ASSIGNED_CONTEXT ( ( #7520, #1003, #3919 ) ) REPRESENTATION_CONTEXT ( 'NONE', 'WORKASPACE' ) );
#1186 = DIRECTION ( 'NONE',  ( -1.000000000000000000, 0.000000000000000000, 0.000000000000000000 ) ) ;
#1187 = ORIENTED_EDGE ( 'NONE', *, *, #4435, .T. ) ;
#1188 = VECTOR ( 'NONE', #2965, 39.37007874015748854 ) ;
#1189 = DIRECTION ( 'NONE',  ( -0.9659258262890620950, -0.2588190451025437211, 0.000000000000000000 ) ) ;
#1190 = DIRECTION ( 'NONE',  ( 0.8660254037844431485, 0.4999999999999918954, 0.000000000000000000 ) ) ;
#1191 = DIRECTION ( 'NONE',  ( -0.4999999999999919509, -0.8660254037844432595, -0.000000000000000000 ) ) ;
#1192 = DIRECTION ( 'NONE',  ( -1.000000000000000000, -8.881784197001254296E-16, 0.000000000000000000 ) ) ;
#1193 = AXIS2_PLACEMENT_3D ( 'NONE', #1291, #528, #4017 ) ;
#1194 = CIRCLE ( 'NONE', #6527, 0.4374999999999960587 ) ;
#1195 = EDGE_CURVE ( 'NONE', #5982, #3223, #944, .T. ) ;
#1196 = ORIENTED_EDGE ( 'NONE', *, *, #1966, .T. ) ;
#1197 = EDGE_CURVE ( 'NONE', #8932, #6837, #4574, .T. ) ;
#1198 = CARTESIAN_POINT ( 'NONE',  ( -1.706609629415210660, 0.1279211385137469792, -0.3838303734341185214 ) ) ;
#1199 = ORIENTED_EDGE ( 'NONE', *, *, #6461, .F. ) ;
#1200 = ADVANCED_FACE ( 'NONE', ( #7465 ), #5942, .F. ) ;
#1201 = CIRCLE ( 'NONE', #8497, 0.2500000000000000555 ) ;
#1202 = AXIS2_PLACEMENT_3D ( 'NONE', #575, #5714, #2102 ) ;
#1203 = DIRECTION ( 'NONE',  ( -0.000000000000000000, -0.000000000000000000, -1.000000000000000000 ) ) ;
#1204 = ORIENTED_EDGE ( 'NONE', *, *, #4921, .F. ) ;
#1205 = DIRECTION ( 'NONE',  ( -0.3535533905932787269, 0.6123724356957905846, 0.7071067811865484609 ) ) ;
#1206 = DIRECTION ( 'NONE',  ( 0.000000000000000000, 0.000000000000000000, -1.000000000000000000 ) ) ;
#1207 = DIRECTION ( 'NONE',  ( 1.000000000000000000, 0.000000000000000000, 0.000000000000000000 ) ) ;
#1208 = DIRECTION ( 'NONE',  ( -0.8660254037844348218, -0.5000000000000066613, -0.000000000000000000 ) ) ;
#1209 = UNCERTAINTY_MEASURE_WITH_UNIT (LENGTH_MEASURE( 1.000000000000000082E-05 ), #5006, 'distance_accuracy_value', 'NONE');
#1210 = CARTESIAN_POINT ( 'NONE',  ( 2.125000000000000000, 0.000000000000000000, -0.9499999999999999556 ) ) ;
#1211 = EDGE_CURVE ( 'NONE', #2988, #3290, #2610, .T. ) ;
#1212 = CARTESIAN_POINT ( 'NONE',  ( 1.306874999999987574, 0.000000000000000000, 0.000000000000000000 ) ) ;
#1213 = CARTESIAN_POINT ( 'NONE',  ( 1.712339780658681754, -0.2382494887205523215, -0.2500000000000000555 ) ) ;
#1214 = CONICAL_SURFACE ( 'NONE', #917, 0.2175000000000007760, 0.7853981633974490562 ) ;
#1215 = ORIENTED_EDGE ( 'NONE', *, *, #7605, .F. ) ;
#1216 = FACE_OUTER_BOUND ( 'NONE', #5528, .T. ) ;
#1217 = LINE ( 'NONE', #2030, #3219 ) ;
#1218 = EDGE_CURVE ( 'NONE', #7348, #9139, #7690, .T. ) ;
#1219 = CIRCLE ( 'NONE', #6548, 0.3124999999999972800 ) ;
#1220 = ORIENTED_EDGE ( 'NONE', *, *, #4173, .F. ) ;
#1221 = ORIENTED_EDGE ( 'NONE', *, *, #812, .F. ) ;
#1222 = FACE_OUTER_BOUND ( 'NONE', #4607, .T. ) ;
#1223 = DIRECTION ( 'NONE',  ( 3.023406148612404573E-15, -1.000000000000000000, 0.000000000000000000 ) ) ;
#1224 = ORIENTED_EDGE ( 'NONE', *, *, #7784, .T. ) ;
#1225 = CARTESIAN_POINT ( 'NONE',  ( -1.712339780658681754, -0.2382494887205523215, 5.578266170116183356E-17 ) ) ;
#1226 = VERTEX_POINT ( 'NONE', #6268 ) ;
#1227 = CIRCLE ( 'NONE', #7765, 0.04449999999999975503 ) ;
#1228 = LINE ( 'NONE', #8408, #4484 ) ;
#1229 = LINE ( 'NONE', #3528, #455 ) ;
#1230 = ORIENTED_EDGE ( 'NONE', *, *, #5097, .F. ) ;
#1231 = CARTESIAN_POINT ( 'NONE',  ( 1.786818850946084059, -0.1952489774411336754, -0.6999999999999999556 ) ) ;
#1232 = EDGE_CURVE ( 'NONE', #4428, #5302, #2656, .T. ) ;
#1233 = LINE ( 'NONE', #7897, #8874 ) ;
#1234 = ORIENTED_EDGE ( 'NONE', *, *, #4391, .T. ) ;
#1235 = ORIENTED_EDGE ( 'NONE', *, *, #7309, .T. ) ;
#1236 = COLOUR_RGB ( '',0.7529411764705882248, 0.7529411764705882248, 0.7529411764705882248 ) ;
#1237 = CARTESIAN_POINT ( 'NONE',  ( 2.211547108317881705, -0.4288541104406127791, -0.4100878509056114507 ) ) ;
#1238 = VERTEX_POINT ( 'NONE', #2330 ) ;
#1239 = FACE_OUTER_BOUND ( 'NONE', #8758, .T. ) ;
#1240 = CARTESIAN_POINT ( 'NONE',  ( 2.515624999999995559, -0.6044135630578968410, -0.7349999999999999867 ) ) ;
#1241 = DIRECTION ( 'NONE',  ( 0.000000000000000000, 0.7071067811865534569, 0.7071067811865415775 ) ) ;
#1242 = DIRECTION ( 'NONE',  ( 1.000000000000000000, 0.000000000000000000, -1.561055996379593034E-16 ) ) ;
#1243 = ORIENTED_EDGE ( 'NONE', *, *, #3596, .F. ) ;
#1244 = EDGE_LOOP ( 'NONE', ( #8492, #223, #801, #8462, #4672, #5330, #7039, #1815 ) ) ;
#1245 = CARTESIAN_POINT ( 'NONE',  ( 1.994375000000009557, 0.6404979548822627988, -0.2600000000000000089 ) ) ;
#1246 = ORIENTED_EDGE ( 'NONE', *, *, #6314, .F. ) ;
#1247 = ORIENTED_EDGE ( 'NONE', *, *, #343, .T. ) ;
#1248 = CARTESIAN_POINT ( 'NONE',  ( -2.593124999999999680, -0.4701796254713037637, -0.2599999999999999534 ) ) ;
#1249 = LINE ( 'NONE', #3550, #2490 ) ;
#1250 = ADVANCED_FACE ( 'NONE', ( #138 ), #6774, .F. ) ;
#1251 = LINE ( 'NONE', #4166, #3785 ) ;
#1252 = EDGE_CURVE ( 'NONE', #4012, #6300, #8882, .T. ) ;
#1253 = DIRECTION ( 'NONE',  ( 0.4999999999999986122, -0.8660254037844394848, -0.000000000000000000 ) ) ;
#1254 = ORIENTED_EDGE ( 'NONE', *, *, #8732, .F. ) ;
#1255 = CARTESIAN_POINT ( 'NONE',  ( -1.953112607851321014, -0.2865761848781310239, -0.9391135601497710983 ) ) ;
#1256 = VERTEX_POINT ( 'NONE', #5026 ) ;
#1257 = CARTESIAN_POINT ( 'NONE',  ( -2.255625000000001990, 0.6404979548822493651, -0.2174999999999984723 ) ) ;
#1258 = ORIENTED_EDGE ( 'NONE', *, *, #9296, .F. ) ;
#1259 = CARTESIAN_POINT ( 'NONE',  ( 2.298124999999998419, 0.3904979548822424817, -0.9499999999999999556 ) ) ;
#1260 = ADVANCED_FACE ( 'NONE', ( #8499 ), #5689, .F. ) ;
#1261 = VECTOR ( 'NONE', #3355, 39.37007874015748854 ) ;
#1262 = ORIENTED_EDGE ( 'NONE', *, *, #1218, .T. ) ;
#1263 = EDGE_CURVE ( 'NONE', #2171, #6608, #8543, .T. ) ;
#1264 = ADVANCED_FACE ( 'NONE', ( #1216 ), #7737, .F. ) ;
#1265 = CARTESIAN_POINT ( 'NONE',  ( -2.812500000000023093, 0.6404979548822424817, -0.5357500000000000595 ) ) ;
#1266 = FACE_OUTER_BOUND ( 'NONE', #6692, .T. ) ;
#1267 = AXIS2_PLACEMENT_3D ( 'NONE', #8729, #2541, #924 ) ;
#1268 = ORIENTED_EDGE ( 'NONE', *, *, #1782, .F. ) ;
#1269 = CARTESIAN_POINT ( 'NONE',  ( 2.390625000000005329, 0.3476343040825998765, 0.2500000000000000555 ) ) ;
#1270 = DIRECTION ( 'NONE',  ( 0.000000000000000000, -1.000000000000000000, 0.000000000000000000 ) ) ;
#1271 = ORIENTED_EDGE ( 'NONE', *, *, #4787, .F. ) ;
#1272 = LINE ( 'NONE', #7747, #2261 ) ;
#1273 = ORIENTED_EDGE ( 'NONE', *, *, #7775, .F. ) ;
#1274 = AXIS2_PLACEMENT_3D ( 'NONE', #5270, #1424, #2426 ) ;
#1275 = CARTESIAN_POINT ( 'NONE',  ( -2.448819130306012948, 0.2942027737635293794, -0.8082115781183681902 ) ) ;
#1276 = EDGE_CURVE ( 'NONE', #2444, #2434, #5781, .T. ) ;
#1277 = PLANE ( 'NONE',  #4572 ) ;
#1278 = DIRECTION ( 'NONE',  ( 0.7071067811865474617, 1.485929416531472252E-15, 0.7071067811865474617 ) ) ;
#1279 =( GEOMETRIC_REPRESENTATION_CONTEXT ( 3 ) GLOBAL_UNCERTAINTY_ASSIGNED_CONTEXT ( ( #6353 ) ) GLOBAL_UNIT_ASSIGNED_CONTEXT ( ( #1649, #4568, #1126 ) ) REPRESENTATION_CONTEXT ( 'NONE', 'WORKASPACE' ) );
#1280 = DIRECTION ( 'NONE',  ( -0.5000000000000066613, -0.8660254037844348218, 0.000000000000000000 ) ) ;
#1281 = EDGE_LOOP ( 'NONE', ( #2335, #7352, #566, #2593 ) ) ;
#1282 = ORIENTED_EDGE ( 'NONE', *, *, #3297, .F. ) ;
#1283 = FACE_OUTER_BOUND ( 'NONE', #89, .T. ) ;
#1284 = ORIENTED_EDGE ( 'NONE', *, *, #2605, .T. ) ;
#1285 = AXIS2_PLACEMENT_3D ( 'NONE', #4298, #2712, #2851 ) ;
#1286 = CARTESIAN_POINT ( 'NONE',  ( -2.515624999999995559, -0.6044135630578968410, -0.4650000000000000799 ) ) ;
#1287 = EDGE_CURVE ( 'NONE', #8503, #7131, #7518, .T. ) ;
#1288 = ADVANCED_FACE ( 'NONE', ( #3459 ), #604, .T. ) ;
#1289 = LINE ( 'NONE', #7667, #2199 ) ;
#1290 = DIRECTION ( 'NONE',  ( 1.000000000000000000, 0.000000000000000000, 0.000000000000000000 ) ) ;
#1291 = CARTESIAN_POINT ( 'NONE',  ( 1.437499999999995337, -0.09021097956086862601, -0.4649999999999999689 ) ) ;
#1292 = CIRCLE ( 'NONE', #8307, 0.06425000000000000155 ) ;
#1293 = FACE_OUTER_BOUND ( 'NONE', #4067, .T. ) ;
#1294 = EDGE_LOOP ( 'NONE', ( #670, #294, #5679, #8351 ) ) ;
#1295 = VERTEX_POINT ( 'NONE', #7828 ) ;
#1296 = CARTESIAN_POINT ( 'NONE',  ( -2.169499999999999318, 0.4764989774411199086, 0.000000000000000000 ) ) ;
#1297 = CARTESIAN_POINT ( 'NONE',  ( -1.408382262026758758, -0.03485332976920646475, -0.7349999999999999867 ) ) ;
#1298 = CARTESIAN_POINT ( 'NONE',  ( 2.293247638562451396, -0.4038551499215468632, -0.9499999999999999556 ) ) ;
#1299 = DIRECTION ( 'NONE',  ( -1.000000000000000000, 0.000000000000000000, 0.000000000000000000 ) ) ;
#1300 = CIRCLE ( 'NONE', #843, 0.06424999999999998768 ) ;
#1301 = FACE_BOUND ( 'NONE', #1613, .T. ) ;
#1302 = CARTESIAN_POINT ( 'NONE',  ( -1.953269933554506510, -0.2739725045725852071, -0.9282771156755845743 ) ) ;
#1303 = EDGE_LOOP ( 'NONE', ( #2146, #2456, #3368, #7363 ) ) ;
#1304 = DIRECTION ( 'NONE',  ( -1.000000000000000000, 0.000000000000000000, 0.000000000000000000 ) ) ;
#1305 = CARTESIAN_POINT ( 'NONE',  ( 1.956752361437507526, -0.4038551499215299323, 0.000000000000000000 ) ) ;
#1306 = B_SPLINE_CURVE_WITH_KNOTS ( 'NONE', 3,
 ( #7890, #4944, #7791, #7839, #1275, #661, #7697, #557, #4240, #6425, #9179, #614, #3527, #5557, #6324, #1943 ),
 .UNSPECIFIED., .F., .F.,
 ( 4, 2, 2, 2, 2, 2, 2, 4 ),
 ( 0.002937417615281274173, 0.003303932797524175482, 0.003670447979767076357, 0.004036963162009977665, 0.004403478344252878540, 0.004769993526495779415, 0.005136508708738681157, 0.005869539073224492448 ),
 .UNSPECIFIED. ) ;
#1307 = DIRECTION ( 'NONE',  ( -0.6560590289905070538, 0.000000000000000000, -0.7547095802227722361 ) ) ;
#1308 = CARTESIAN_POINT ( 'NONE',  ( 2.445024226115720456, 0.2983263245865705460, -0.8160814793539353795 ) ) ;
#1309 = DIRECTION ( 'NONE',  ( -0.8660254037844659081, -0.4999999999999530376, 0.000000000000000000 ) ) ;
#1310 = ORIENTED_EDGE ( 'NONE', *, *, #7483, .T. ) ;
#1311 = ADVANCED_FACE ( 'NONE', ( #498 ), #3413, .F. ) ;
#1312 = ORIENTED_EDGE ( 'NONE', *, *, #5742, .T. ) ;
#1313 = CARTESIAN_POINT ( 'NONE',  ( 2.453125000000005329, 0.6404979548822425928, -0.4650000000000000799 ) ) ;
#1314 = EDGE_CURVE ( 'NONE', #8384, #5351, #2789, .T. ) ;
#1315 = EDGE_CURVE ( 'NONE', #6343, #241, #2832, .T. ) ;
#1316 = CARTESIAN_POINT ( 'NONE',  ( 2.549743649053904715, -0.04531832941097126838, -0.9499999999999999556 ) ) ;
#1317 = VERTEX_POINT ( 'NONE', #4976 ) ;
#1318 = CARTESIAN_POINT ( 'NONE',  ( 2.284255622702721755, -0.4076012589772554096, -0.8474999999999995870 ) ) ;
#1319 = ORIENTED_EDGE ( 'NONE', *, *, #4872, .F. ) ;
#1320 = CARTESIAN_POINT ( 'NONE',  ( 1.852331411169191311, 0.3421418922953584629, -0.6097839248367360465 ) ) ;
#1321 = CIRCLE ( 'NONE', #8916, 0.06424999999999973788 ) ;
#1322 = FACE_OUTER_BOUND ( 'NONE', #5616, .T. ) ;
#1323 = AXIS2_PLACEMENT_3D ( 'NONE', #2315, #7222, #704 ) ;
#1324 = DIRECTION ( 'NONE',  ( 0.5000000000000041078, -0.8660254037844363761, 0.000000000000000000 ) ) ;
#1325 = CARTESIAN_POINT ( 'NONE',  ( 2.296370442160278635, -0.2613205341219648759, -0.9499999999999999556 ) ) ;
#1326 = VERTEX_POINT ( 'NONE', #7875 ) ;
#1327 = ORIENTED_EDGE ( 'NONE', *, *, #6499, .F. ) ;
#1328 = EDGE_CURVE ( 'NONE', #4927, #6796, #3427, .T. ) ;
#1329 = AXIS2_PLACEMENT_3D ( 'NONE', #3920, #8326, #5335 ) ;
#1330 = DIRECTION ( 'NONE',  ( -1.000000000000000000, 0.000000000000000000, 0.000000000000000000 ) ) ;
#1331 = ORIENTED_EDGE ( 'NONE', *, *, #5406, .T. ) ;
#1332 = AXIS2_PLACEMENT_3D ( 'NONE', #2921, #2201, #4408 ) ;
#1333 = CYLINDRICAL_SURFACE ( 'NONE', #8865, 0.06424999999999977951 ) ;
#1334 = CARTESIAN_POINT ( 'NONE',  ( -2.390625000000005329, 0.3476343040825998765, -0.9499999999999999556 ) ) ;
#1335 = CARTESIAN_POINT ( 'NONE',  ( -2.264416059278953952, 0.2796853363486554445, -0.2545603832415576084 ) ) ;
#1336 = CARTESIAN_POINT ( 'NONE',  ( -2.614374999999999449, -0.4333735458104659433, -0.2175000000000010258 ) ) ;
#1337 = ORIENTED_EDGE ( 'NONE', *, *, #1547, .T. ) ;
#1338 = AXIS2_PLACEMENT_3D ( 'NONE', #3601, #6495, #7252 ) ;
#1339 = STYLED_ITEM ( 'NONE', ( #8184 ), #8239 ) ;
#1340 = VECTOR ( 'NONE', #5615, 39.37007874015748143 ) ;
#1341 = DIRECTION ( 'NONE',  ( 0.4999999999999292233, 0.8660254037844796748, 0.000000000000000000 ) ) ;
#1342 = ORIENTED_EDGE ( 'NONE', *, *, #8132, .F. ) ;
#1343 = EDGE_CURVE ( 'NONE', #6220, #8542, #6459, .T. ) ;
#1344 = SURFACE_STYLE_USAGE ( .BOTH. , #6397 ) ;
#1345 = ORIENTED_EDGE ( 'NONE', *, *, #5795, .T. ) ;
#1346 = VECTOR ( 'NONE', #2633, 39.37007874015748143 ) ;
#1347 = CARTESIAN_POINT ( 'NONE',  ( 2.390625000000005329, 0.3904979548822426483, -0.9499999999999999556 ) ) ;
#1348 = VECTOR ( 'NONE', #2833, 39.37007874015748143 ) ;
#1349 = LINE ( 'NONE', #7157, #1409 ) ;
#1350 = CIRCLE ( 'NONE', #4696, 0.3449999999999986411 ) ;
#1351 = DIRECTION ( 'NONE',  ( -0.8660254037844422603, -0.4999999999999939493, 0.000000000000000000 ) ) ;
#1352 = CARTESIAN_POINT ( 'NONE',  ( -1.968749999999999778, -0.2706329386826341055, 0.000000000000000000 ) ) ;
#1353 = CARTESIAN_POINT ( 'NONE',  ( -1.306874999999987574, 0.000000000000000000, 0.000000000000000000 ) ) ;
#1354 = VECTOR ( 'NONE', #185, 39.37007874015748854 ) ;
#1355 = CARTESIAN_POINT ( 'NONE',  ( -1.756839780658681294, -0.2382494887205523215, 5.578266170116183356E-17 ) ) ;
#1356 = ORIENTED_EDGE ( 'NONE', *, *, #3446, .T. ) ;
#1357 = CIRCLE ( 'NONE', #6686, 0.06424999999999993217 ) ;
#1358 = DIRECTION ( 'NONE',  ( 0.8660254037844348218, 0.5000000000000066613, 0.000000000000000000 ) ) ;
#1359 = VECTOR ( 'NONE', #4103, 39.37007874015748143 ) ;
#1360 = CARTESIAN_POINT ( 'NONE',  ( 2.390625000000005773, 0.6404979548822425928, -0.6999999999999999556 ) ) ;
#1361 = DIRECTION ( 'NONE',  ( 1.000000000000000000, 3.023406148612404573E-15, 0.000000000000000000 ) ) ;
#1362 = DIRECTION ( 'NONE',  ( -1.000000000000000000, 0.000000000000000000, 0.000000000000000000 ) ) ;
#1363 = ORIENTED_EDGE ( 'NONE', *, *, #227, .T. ) ;
#1364 = DIRECTION ( 'NONE',  ( -1.865610830299460480E-15, -1.000000000000000000, 0.000000000000000000 ) ) ;
#1365 = ORIENTED_EDGE ( 'NONE', *, *, #1611, .T. ) ;
#1366 = CARTESIAN_POINT ( 'NONE',  ( 1.425435123085334821, -0.02685461453993916517, -0.8011496496916042931 ) ) ;
#1367 = CARTESIAN_POINT ( 'NONE',  ( -2.558872638562463830, 0.05622084583890603338, -0.9499999999999999556 ) ) ;
#1368 = EDGE_LOOP ( 'NONE', ( #5153, #7755, #5534, #8434 ) ) ;
#1369 = CARTESIAN_POINT ( 'NONE',  ( 2.125000000000000000, 0.000000000000000000, -0.9499999999999999556 ) ) ;
#1370 = DIRECTION ( 'NONE',  ( 0.000000000000000000, -1.000000000000000000, 0.000000000000000000 ) ) ;
#1371 = ADVANCED_FACE ( 'NONE', ( #743 ), #4375, .T. ) ;
#1372 = VECTOR ( 'NONE', #1851, 39.37007874015748143 ) ;
#1373 = ADVANCED_FACE ( 'NONE', ( #6550, #2935 ), #8687, .T. ) ;
#1374 = CARTESIAN_POINT ( 'NONE',  ( -2.425200201892211638, -0.4800379978802461478, -0.5357500000000002816 ) ) ;
#1375 = DIRECTION ( 'NONE',  ( 1.000000000000000000, -7.249756350802272209E-14, -0.000000000000000000 ) ) ;
#1376 = ORIENTED_EDGE ( 'NONE', *, *, #8294, .F. ) ;
#1377 = ORIENTED_EDGE ( 'NONE', *, *, #7383, .F. ) ;
#1378 = PLANE ( 'NONE',  #7873 ) ;
#1379 = ORIENTED_EDGE ( 'NONE', *, *, #2847, .F. ) ;
#1380 = VECTOR ( 'NONE', #2178, 39.37007874015748143 ) ;
#1381 = EDGE_CURVE ( 'NONE', #1326, #6546, #1449, .T. ) ;
#1382 = AXIS2_PLACEMENT_3D ( 'NONE', #6973, #9164, #2649 ) ;
#1383 = DIRECTION ( 'NONE',  ( 1.000000000000000000, 0.000000000000000000, 0.000000000000000000 ) ) ;
#1384 = DIRECTION ( 'NONE',  ( -0.8660254037844000718, 0.5000000000000667244, 0.000000000000000000 ) ) ;
#1385 = LINE ( 'NONE', #8044, #1951 ) ;
#1386 = ADVANCED_FACE ( 'NONE', ( #7507 ), #7650, .F. ) ;
#1387 = CIRCLE ( 'NONE', #3676, 0.3124999999999972800 ) ;
#1388 = LINE ( 'NONE', #4312, #4954 ) ;
#1389 = ORIENTED_EDGE ( 'NONE', *, *, #4359, .T. ) ;
#1390 = LINE ( 'NONE', #637, #8476 ) ;
#1391 = ORIENTED_EDGE ( 'NONE', *, *, #7301, .F. ) ;
#1392 = DIRECTION ( 'NONE',  ( -0.000000000000000000, -0.000000000000000000, 1.000000000000000000 ) ) ;
#1393 = FACE_OUTER_BOUND ( 'NONE', #3407, .T. ) ;
#1394 = CARTESIAN_POINT ( 'NONE',  ( 1.791715991135747643, -0.006042542799555386882, -0.9382840088642540044 ) ) ;
#1395 = LINE ( 'NONE', #4968, #7410 ) ;
#1396 = ADVANCED_FACE ( 'NONE', ( #1175 ), #3379, .F. ) ;
#1397 = CARTESIAN_POINT ( 'NONE',  ( 1.656874999999970566, -0.4701796254713098144, -0.6999999999999999556 ) ) ;
#1398 = CARTESIAN_POINT ( 'NONE',  ( -1.437499999999994893, -0.09021097956086808478, -0.9499999999999999556 ) ) ;
#1399 = ORIENTED_EDGE ( 'NONE', *, *, #6853, .F. ) ;
#1400 = FACE_OUTER_BOUND ( 'NONE', #7661, .T. ) ;
#1401 = DIRECTION ( 'NONE',  ( 0.000000000000000000, 0.000000000000000000, 1.000000000000000000 ) ) ;
#1402 = ADVANCED_FACE ( 'NONE', ( #5465 ), #3582, .F. ) ;
#1403 = CARTESIAN_POINT ( 'NONE',  ( 2.419684117822885394, 0.3233990747408945210, -0.8404620568917899881 ) ) ;
#1404 = EDGE_CURVE ( 'NONE', #5651, #5487, #5410, .T. ) ;
#1405 = FACE_OUTER_BOUND ( 'NONE', #2459, .T. ) ;
#1406 = VERTEX_POINT ( 'NONE', #1846 ) ;
#1407 = VERTEX_POINT ( 'NONE', #990 ) ;
#1408 = LINE ( 'NONE', #7349, #8801 ) ;
#1409 = VECTOR ( 'NONE', #8388, 39.37007874015748143 ) ;
#1410 = FACE_OUTER_BOUND ( 'NONE', #357, .T. ) ;
#1411 = ORIENTED_EDGE ( 'NONE', *, *, #3016, .T. ) ;
#1412 = ORIENTED_EDGE ( 'NONE', *, *, #6163, .F. ) ;
#1413 = CARTESIAN_POINT ( 'NONE',  ( -1.859375000000008882, 0.6404979548822717916, -0.9499999999999999556 ) ) ;
#1414 = CARTESIAN_POINT ( 'NONE',  ( 1.956752361437507526, -0.4038551499215299323, 2.731847993664263218E-16 ) ) ;
#1415 = VECTOR ( 'NONE', #1769, 39.37007874015748143 ) ;
#1416 = DIRECTION ( 'NONE',  ( 0.4999999999999292233, -0.8660254037844796748, 0.000000000000000000 ) ) ;
#1417 = LINE ( 'NONE', #131, #2806 ) ;
#1418 = ORIENTED_EDGE ( 'NONE', *, *, #8709, .F. ) ;
#1419 = EDGE_LOOP ( 'NONE', ( #8653, #6803, #5342, #8675 ) ) ;
#1420 = VERTEX_POINT ( 'NONE', #2522 ) ;
#1421 = LINE ( 'NONE', #2095, #274 ) ;
#1422 = EDGE_LOOP ( 'NONE', ( #5116, #4325, #2751, #8750 ) ) ;
#1423 = CIRCLE ( 'NONE', #9178, 0.4374999999999960032 ) ;
#1424 = DIRECTION ( 'NONE',  ( -0.5000000000000041078, -0.8660254037844363761, 0.000000000000000000 ) ) ;
#1425 = DIRECTION ( 'NONE',  ( 1.092739197465715148E-15, -1.892679809432637684E-15, 1.000000000000000000 ) ) ;
#1426 = LINE ( 'NONE', #7762, #5298 ) ;
#1427 = DIRECTION ( 'NONE',  ( -0.8660254037844448138, 0.4999999999999893419, 0.000000000000000000 ) ) ;
#1428 = DIRECTION ( 'NONE',  ( -0.8660254037844795638, 0.4999999999999292233, 0.000000000000000000 ) ) ;
#1429 = EDGE_LOOP ( 'NONE', ( #4255, #2069, #243, #3087, #3328 ) ) ;
#1430 = EDGE_CURVE ( 'NONE', #7266, #9321, #5090, .T. ) ;
#1431 = AXIS2_PLACEMENT_3D ( 'NONE', #5223, #3671, #2997 ) ;
#1432 = EDGE_CURVE ( 'NONE', #7964, #4663, #6806, .T. ) ;
#1433 = EDGE_CURVE ( 'NONE', #4611, #8741, #319, .T. ) ;
#1434 = CARTESIAN_POINT ( 'NONE',  ( -1.262374999999988257, 0.000000000000000000, -0.2500000000000000555 ) ) ;
#1435 = ORIENTED_EDGE ( 'NONE', *, *, #7535, .F. ) ;
#1436 = DIRECTION ( 'NONE',  ( 0.000000000000000000, 0.000000000000000000, 1.000000000000000000 ) ) ;
#1437 = CARTESIAN_POINT ( 'NONE',  ( 2.305543188425646317, -0.2550694162636903406, -0.2500000000000000555 ) ) ;
#1438 = DIRECTION ( 'NONE',  ( -0.8660254037844443697, -0.4999999999999902300, -1.639108796198557537E-15 ) ) ;
#1439 = DIRECTION ( 'NONE',  ( -0.8660254037844394848, -0.4999999999999985567, 0.000000000000000000 ) ) ;
#1440 = DIRECTION ( 'NONE',  ( 1.000000000000000000, 0.000000000000000000, 0.000000000000000000 ) ) ;
#1441 = ORIENTED_EDGE ( 'NONE', *, *, #8065, .F. ) ;
#1442 = AXIS2_PLACEMENT_3D ( 'NONE', #313, #2463, #9068 ) ;
#1443 = CARTESIAN_POINT ( 'NONE',  ( -2.125000000000000000, 0.000000000000000000, -0.9499999999999999556 ) ) ;
#1444 = EDGE_LOOP ( 'NONE', ( #3217, #339, #5973, #6424 ) ) ;
#1445 = ADVANCED_FACE ( 'NONE', ( #4755 ), #4101, .F. ) ;
#1446 = CARTESIAN_POINT ( 'NONE',  ( -2.125000000000000000, 0.000000000000000000, -0.9175000000000006484 ) ) ;
#1447 = AXIS2_PLACEMENT_3D ( 'NONE', #8895, #2918, #8807 ) ;
#1448 = FACE_OUTER_BOUND ( 'NONE', #4347, .T. ) ;
#1449 = LINE ( 'NONE', #1794, #4643 ) ;
#1450 = ORIENTED_EDGE ( 'NONE', *, *, #1263, .F. ) ;
#1451 = VERTEX_POINT ( 'NONE', #6890 ) ;
#1452 = CARTESIAN_POINT ( 'NONE',  ( 2.189249999999999918, 0.4764989774411177437, 0.000000000000000000 ) ) ;
#1453 = ADVANCED_FACE ( 'NONE', ( #2469 ), #3280, .T. ) ;
#1454 = FACE_OUTER_BOUND ( 'NONE', #1568, .T. ) ;
#1455 = ORIENTED_EDGE ( 'NONE', *, *, #1211, .T. ) ;
#1456 = ORIENTED_EDGE ( 'NONE', *, *, #1404, .T. ) ;
#1457 = CYLINDRICAL_SURFACE ( 'NONE', #7208, 0.06424999999999973788 ) ;
#1458 = DIRECTION ( 'NONE',  ( 0.000000000000000000, 0.000000000000000000, -1.000000000000000000 ) ) ;
#1459 = CARTESIAN_POINT ( 'NONE',  ( -2.546874999999995559, -0.5502869753213701642, -0.6999999999999999556 ) ) ;
#1460 = LINE ( 'NONE', #4345, #1885 ) ;
#1461 = ORIENTED_EDGE ( 'NONE', *, *, #6174, .F. ) ;
#1462 = CARTESIAN_POINT ( 'NONE',  ( -2.390625000000005773, 0.3904979548822426483, -0.9499999999999999556 ) ) ;
#1463 = VERTEX_POINT ( 'NONE', #6984 ) ;
#1464 = PRODUCT ( '2_cable_guide_housing_1', '2_cable_guide_housing_1', '', ( #855 ) ) ;
#1465 = DIRECTION ( 'NONE',  ( 0.000000000000000000, -1.000000000000000000, 0.000000000000000000 ) ) ;
#1466 = DIRECTION ( 'NONE',  ( -7.244205235679145164E-14, 1.000000000000000000, 0.000000000000000000 ) ) ;
#1467 = LINE ( 'NONE', #6720, #6681 ) ;
#1468 =( NAMED_UNIT ( * ) SI_UNIT ( $, .STERADIAN. ) SOLID_ANGLE_UNIT ( ) );
#1469 = AXIS2_PLACEMENT_3D ( 'NONE', #9347, #725, #685 ) ;
#1470 = FACE_OUTER_BOUND ( 'NONE', #501, .T. ) ;
#1471 = ORIENTED_EDGE ( 'NONE', *, *, #3356, .T. ) ;
#1472 = AXIS2_PLACEMENT_3D ( 'NONE', #7923, #59, #1539 ) ;
#1473 = CARTESIAN_POINT ( 'NONE',  ( 2.399313952626652036, 0.5926859254290971490, -0.8470415347009946361 ) ) ;
#1474 = CARTESIAN_POINT ( 'NONE',  ( -1.812500000000002665, -0.2687499999999988787, -0.2500000000000000000 ) ) ;
#1475 = ORIENTED_EDGE ( 'NONE', *, *, #1856, .T. ) ;
#1476 = CARTESIAN_POINT ( 'NONE',  ( 2.255624999999997993, -3.949324281624900689E-16, -0.2600000000000000089 ) ) ;
#1477 = LINE ( 'NONE', #6636, #7946 ) ;
#1478 = DIRECTION ( 'NONE',  ( -0.000000000000000000, -0.000000000000000000, 1.000000000000000000 ) ) ;
#1479 = AXIS2_PLACEMENT_3D ( 'NONE', #8389, #5583, #486 ) ;
#1480 = EDGE_CURVE ( 'NONE', #6187, #3656, #1292, .T. ) ;
#1481 = AXIS2_PLACEMENT_3D ( 'NONE', #106, #7583, #6060 ) ;
#1482 = CARTESIAN_POINT ( 'NONE',  ( -2.533493649053907948, -0.07346415503396394597, -0.9175000000000141931 ) ) ;
#1483 = ORIENTED_EDGE ( 'NONE', *, *, #5464, .T. ) ;
#1484 = EDGE_CURVE ( 'NONE', #9006, #9346, #4974, .T. ) ;
#1485 = ADVANCED_FACE ( 'NONE', ( #4802 ), #411, .F. ) ;
#1486 = B_SPLINE_CURVE_WITH_KNOTS ( 'NONE', 3,
 ( #271, #7505, #988, #6802, #3189, #8983 ),
 .UNSPECIFIED., .F., .F.,
 ( 4, 2, 4 ),
 ( 5.204170427930421283E-18, 0.0002093588874249740920, 0.0004187177748499429798 ),
 .UNSPECIFIED. ) ;
#1487 = CARTESIAN_POINT ( 'NONE',  ( -2.211547108317583721, -0.4288541104406776716, -0.7849999999997243627 ) ) ;
#1488 = ORIENTED_EDGE ( 'NONE', *, *, #739, .F. ) ;
#1489 = AXIS2_PLACEMENT_3D ( 'NONE', #3784, #6780, #4591 ) ;
#1490 = VECTOR ( 'NONE', #2691, 39.37007874015747433 ) ;
#1491 = DIRECTION ( 'NONE',  ( -0.5000000000000041078, -0.8660254037844363761, 0.000000000000000000 ) ) ;
#1492 = AXIS2_PLACEMENT_3D ( 'NONE', #8565, #6480, #1330 ) ;
#1493 = CARTESIAN_POINT ( 'NONE',  ( -1.919631350946071402, -0.4252869753213548987, -0.6999999999999999556 ) ) ;
#1494 = LINE ( 'NONE', #2265, #466 ) ;
#1495 = EDGE_CURVE ( 'NONE', #7706, #779, #8265, .T. ) ;
#1496 = CARTESIAN_POINT ( 'NONE',  ( -2.496794203676986790, -0.5458564770119356258, -0.8439418834258907154 ) ) ;
#1497 = ORIENTED_EDGE ( 'NONE', *, *, #8593, .F. ) ;
#1498 = EDGE_CURVE ( 'NONE', #1238, #9431, #7243, .T. ) ;
#1499 = VECTOR ( 'NONE', #3327, 39.37007874015747433 ) ;
#1500 = ORIENTED_EDGE ( 'NONE', *, *, #3499, .T. ) ;
#1501 = DIRECTION ( 'NONE',  ( -0.9659258262890537683, -0.2588190451025746963, 0.000000000000000000 ) ) ;
#1502 = VECTOR ( 'NONE', #2053, 39.37007874015748854 ) ;
#1503 = PLANE ( 'NONE',  #5125 ) ;
#1504 = ORIENTED_EDGE ( 'NONE', *, *, #6956, .T. ) ;
#1505 = CIRCLE ( 'NONE', #7584, 0.04450000000000003259 ) ;
#1506 = ORIENTED_EDGE ( 'NONE', *, *, #2365, .T. ) ;
#1507 = ADVANCED_FACE ( 'NONE', ( #6126 ), #1749, .F. ) ;
#1508 = CARTESIAN_POINT ( 'NONE',  ( -1.167433081593972632, -0.3012499999999981859, -0.2499999999999998890 ) ) ;
#1509 = DIRECTION ( 'NONE',  ( -0.000000000000000000, -0.000000000000000000, -1.000000000000000000 ) ) ;
#1510 = EDGE_CURVE ( 'NONE', #6145, #5510, #1321, .T. ) ;
#1511 = DIRECTION ( 'NONE',  ( 0.000000000000000000, 0.000000000000000000, 1.000000000000000000 ) ) ;
#1512 = EDGE_CURVE ( 'NONE', #6727, #9045, #720, .T. ) ;
#1513 = CARTESIAN_POINT ( 'NONE',  ( -1.859375000000026645, 0.3476343040826244679, 0.2500000000000000555 ) ) ;
#1514 = ORIENTED_EDGE ( 'NONE', *, *, #5073, .F. ) ;
#1515 = VERTEX_POINT ( 'NONE', #1106 ) ;
#1516 = CARTESIAN_POINT ( 'NONE',  ( 2.436995442160277303, -0.01775088930761715283, -0.2572107205775364669 ) ) ;
#1517 = ORIENTED_EDGE ( 'NONE', *, *, #6039, .F. ) ;
#1518 = DIRECTION ( 'NONE',  ( -0.8660254037844348218, 0.5000000000000066613, 0.000000000000000000 ) ) ;
#1519 = PLANE ( 'NONE',  #6615 ) ;
#1520 = LINE ( 'NONE', #8755, #1051 ) ;
#1521 = CARTESIAN_POINT ( 'NONE',  ( 2.125000000000000000, 0.000000000000000000, -0.2500000000000000555 ) ) ;
#1522 = ADVANCED_FACE ( 'NONE', ( #4028, #3933 ), #5492, .F. ) ;
#1523 = CARTESIAN_POINT ( 'NONE',  ( -1.598458325622968745, -0.3039989774411329670, -0.2500000000000000555 ) ) ;
#1524 = ORIENTED_EDGE ( 'NONE', *, *, #8785, .T. ) ;
#1525 = AXIS2_PLACEMENT_3D ( 'NONE', #9280, #2756, #7133 ) ;
#1526 = DIRECTION ( 'NONE',  ( -0.000000000000000000, -0.000000000000000000, -1.000000000000000000 ) ) ;
#1527 = CARTESIAN_POINT ( 'NONE',  ( 1.969879557839699702, -0.2894663597449435577, -0.9499999999999999556 ) ) ;
#1528 = ORIENTED_EDGE ( 'NONE', *, *, #4752, .F. ) ;
#1529 = CARTESIAN_POINT ( 'NONE',  ( -1.437499999999995337, -0.09021097956086862601, -0.4649999999999999689 ) ) ;
#1530 = DIRECTION ( 'NONE',  ( 0.8660254037844380415, 0.5000000000000009992, 0.000000000000000000 ) ) ;
#1531 = CARTESIAN_POINT ( 'NONE',  ( -2.298125000000001528, 0.6404979548822424817, -0.5357500000000000595 ) ) ;
#1532 = CARTESIAN_POINT ( 'NONE',  ( -2.581229174377005720, -0.4257837998483106068, -0.2599999999999999534 ) ) ;
#1533 = COLOUR_RGB ( '',0.7529411764705882248, 0.7529411764705882248, 0.7529411764705882248 ) ;
#1534 = CARTESIAN_POINT ( 'NONE',  ( -2.390625000000005329, 0.3904979548822426483, -0.6999999999999999556 ) ) ;
#1535 = EDGE_LOOP ( 'NONE', ( #2730, #9086, #1234, #5202 ) ) ;
#1536 = AXIS2_PLACEMENT_3D ( 'NONE', #2351, #5920, #2308 ) ;
#1537 = CARTESIAN_POINT ( 'NONE',  ( 0.000000000000000000, -0.3012499999999982969, 0.000000000000000000 ) ) ;
#1538 = ORIENTED_EDGE ( 'NONE', *, *, #8834, .F. ) ;
#1539 = DIRECTION ( 'NONE',  ( 0.5000000000000014433, 0.8660254037844378194, 0.000000000000000000 ) ) ;
#1540 = EDGE_CURVE ( 'NONE', #8502, #8782, #4123, .T. ) ;
#1541 = DIRECTION ( 'NONE',  ( -0.000000000000000000, -0.000000000000000000, 1.000000000000000000 ) ) ;
#1542 = CARTESIAN_POINT ( 'NONE',  ( -1.859375000000008882, 0.6404979548822717916, -0.6999999999999999556 ) ) ;
#1543 = DIRECTION ( 'NONE',  ( 0.000000000000000000, 0.000000000000000000, 1.000000000000000000 ) ) ;
#1544 = VERTEX_POINT ( 'NONE', #8290 ) ;
#1545 = EDGE_LOOP ( 'NONE', ( #2421, #4471, #8314, #8098 ) ) ;
#1546 = CARTESIAN_POINT ( 'NONE',  ( 2.390625000000005329, 0.3904979548822426483, -0.6999999999999999556 ) ) ;
#1547 = EDGE_CURVE ( 'NONE', #7366, #1544, #6829, .T. ) ;
#1548 = DIRECTION ( 'NONE',  ( 0.8660254037844135055, -0.5000000000000432987, -0.000000000000000000 ) ) ;
#1549 = VERTEX_POINT ( 'NONE', #7532 ) ;
#1550 = EDGE_CURVE ( 'NONE', #2233, #7027, #2539, .T. ) ;
#1551 = EDGE_CURVE ( 'NONE', #3694, #5707, #1061, .T. ) ;
#1552 = EDGE_LOOP ( 'NONE', ( #1282, #6081, #1898, #9359 ) ) ;
#1553 = LINE ( 'NONE', #1596, #676 ) ;
#1554 = CARTESIAN_POINT ( 'NONE',  ( -2.298125000000001528, 0.6404979548822472557, -0.2599999999999999534 ) ) ;
#1555 = DIRECTION ( 'NONE',  ( 1.000000000000000000, 0.000000000000000000, 0.000000000000000000 ) ) ;
#1556 = DIRECTION ( 'NONE',  ( -1.000000000000000000, 8.208687653317557480E-14, 0.000000000000000000 ) ) ;
#1557 = ORIENTED_EDGE ( 'NONE', *, *, #6580, .F. ) ;
#1558 = EDGE_CURVE ( 'NONE', #3675, #4711, #8012, .T. ) ;
#1559 = ORIENTED_EDGE ( 'NONE', *, *, #3091, .T. ) ;
#1560 = CARTESIAN_POINT ( 'NONE',  ( -2.226594859534587023, -0.4255556652531135575, -0.3802642447046675200 ) ) ;
#1561 = VERTEX_POINT ( 'NONE', #2594 ) ;
#1562 = ADVANCED_FACE ( 'NONE', ( #3982 ), #1871, .F. ) ;
#1563 = CARTESIAN_POINT ( 'NONE',  ( -2.537660219341328460, -0.2382494887205698075, 0.000000000000000000 ) ) ;
#1564 = VECTOR ( 'NONE', #8140, 39.37007874015748143 ) ;
#1565 = DIRECTION ( 'NONE',  ( -0.000000000000000000, -0.000000000000000000, -1.000000000000000000 ) ) ;
#1566 = LINE ( 'NONE', #3772, #2583 ) ;
#1567 = LINE ( 'NONE', #2195, #4202 ) ;
#1568 = EDGE_LOOP ( 'NONE', ( #5340, #3865, #3937, #6699, #6184 ) ) ;
#1569 = ORIENTED_EDGE ( 'NONE', *, *, #2443, .T. ) ;
#1570 = VECTOR ( 'NONE', #4573, 39.37007874015747433 ) ;
#1571 = LINE ( 'NONE', #3064, #3940 ) ;
#1572 = EDGE_CURVE ( 'NONE', #1183, #6260, #4641, .T. ) ;
#1573 = DIRECTION ( 'NONE',  ( -0.8660254037844363761, -0.5000000000000039968, -0.000000000000000000 ) ) ;
#1574 = EDGE_LOOP ( 'NONE', ( #2810, #4088, #366, #5278, #2144, #5498, #1471, #8123, #4671, #2324, #3902, #8056, #8372, #7436 ) ) ;
#1575 = DIRECTION ( 'NONE',  ( 0.000000000000000000, 0.7071067811865490160, -0.7071067811865460184 ) ) ;
#1576 = FACE_OUTER_BOUND ( 'NONE', #4303, .T. ) ;
#1577 = CARTESIAN_POINT ( 'NONE',  ( -1.951875000000010463, 0.6404979548822424817, -0.6642500000000000071 ) ) ;
#1578 = PLANE ( 'NONE',  #3329 ) ;
#1579 = VECTOR ( 'NONE', #2134, 39.37007874015748143 ) ;
#1580 = ORIENTED_EDGE ( 'NONE', *, *, #6103, .T. ) ;
#1581 = AXIS2_PLACEMENT_3D ( 'NONE', #4521, #32, #8796 ) ;
#1582 = CARTESIAN_POINT ( 'NONE',  ( -2.453125000000005329, 0.6256043137924175435, -0.7849999999999999201 ) ) ;
#1583 = ORIENTED_EDGE ( 'NONE', *, *, #254, .F. ) ;
#1584 = DIRECTION ( 'NONE',  ( -3.023406148612404967E-15, -1.000000000000000000, 0.000000000000000000 ) ) ;
#1585 = DIRECTION ( 'NONE',  ( 0.000000000000000000, -0.000000000000000000, -1.000000000000000000 ) ) ;
#1586 = DIRECTION ( 'NONE',  ( -0.000000000000000000, 1.000000000000000000, -0.000000000000000000 ) ) ;
#1587 = VECTOR ( 'NONE', #852, 39.37007874015748854 ) ;
#1588 =( NAMED_UNIT ( * ) SI_UNIT ( $, .STERADIAN. ) SOLID_ANGLE_UNIT ( ) );
#1589 = ORIENTED_EDGE ( 'NONE', *, *, #4980, .T. ) ;
#1590 = VERTEX_POINT ( 'NONE', #3403 ) ;
#1591 = DIRECTION ( 'NONE',  ( -1.000000000000000000, 0.000000000000000000, 1.658456209688565037E-16 ) ) ;
#1592 = AXIS2_PLACEMENT_3D ( 'NONE', #7718, #8962, #6825 ) ;
#1593 = CARTESIAN_POINT ( 'NONE',  ( -2.190312499999986340, -0.1131245683693056503, -0.2500000000000000555 ) ) ;
#1594 = ORIENTED_EDGE ( 'NONE', *, *, #8442, .T. ) ;
#1595 = ORIENTED_EDGE ( 'NONE', *, *, #3420, .T. ) ;
#1596 = CARTESIAN_POINT ( 'NONE',  ( -2.390625000000005773, 0.6404979548822425928, 0.2500000000000000555 ) ) ;
#1597 = CARTESIAN_POINT ( 'NONE',  ( -2.453125000000005329, 0.6404979548822425928, -0.4650000000000000799 ) ) ;
#1598 = CONICAL_SURFACE ( 'NONE', #7682, 0.04249999999999988509, 0.7853981633974513876 ) ;
#1599 = EDGE_CURVE ( 'NONE', #8417, #4138, #2640, .T. ) ;
#1600 = LINE ( 'NONE', #4519, #5091 ) ;
#1601 = EDGE_CURVE ( 'NONE', #7462, #7770, #6153, .T. ) ;
#1602 = ORIENTED_EDGE ( 'NONE', *, *, #30, .F. ) ;
#1603 = EDGE_CURVE ( 'NONE', #3002, #786, #439, .T. ) ;
#1604 = DIRECTION ( 'NONE',  ( 0.000000000000000000, 0.000000000000000000, -1.000000000000000000 ) ) ;
#1605 = ORIENTED_EDGE ( 'NONE', *, *, #827, .F. ) ;
#1606 = CARTESIAN_POINT ( 'NONE',  ( 1.406249999999996003, -0.03608439182434083903, -0.7849999999999999201 ) ) ;
#1607 = ORIENTED_EDGE ( 'NONE', *, *, #7490, .F. ) ;
#1608 = DIRECTION ( 'NONE',  ( -0.000000000000000000, -0.000000000000000000, -1.000000000000000000 ) ) ;
#1609 = DIRECTION ( 'NONE',  ( -0.000000000000000000, -0.000000000000000000, 1.000000000000000000 ) ) ;
#1610 = DIRECTION ( 'NONE',  ( 0.8660254037844448138, 0.4999999999999893419, 0.000000000000000000 ) ) ;
#1611 = EDGE_CURVE ( 'NONE', #2922, #5401, #3161, .T. ) ;
#1612 = DIRECTION ( 'NONE',  ( -0.4999999999999918954, 0.8660254037844431485, 0.000000000000000000 ) ) ;
#1613 = EDGE_LOOP ( 'NONE', ( #1992, #6270 ) ) ;
#1614 = EDGE_LOOP ( 'NONE', ( #4988, #7460, #9058, #4858 ) ) ;
#1615 = LINE ( 'NONE', #4493, #9090 ) ;
#1616 = CARTESIAN_POINT ( 'NONE',  ( 2.281250000000000000, 0.2706329386826341610, 0.9499999999999999556 ) ) ;
#1617 = ORIENTED_EDGE ( 'NONE', *, *, #406, .T. ) ;
#1618 = DIRECTION ( 'NONE',  ( -1.000000000000000000, 3.023406148612434155E-15, 0.000000000000000000 ) ) ;
#1619 = FACE_OUTER_BOUND ( 'NONE', #6369, .T. ) ;
#1620 = DIRECTION ( 'NONE',  ( 0.000000000000000000, 0.000000000000000000, 1.000000000000000000 ) ) ;
#1621 = CARTESIAN_POINT ( 'NONE',  ( 0.000000000000000000, -0.2687500000000005995, 0.000000000000000000 ) ) ;
#1622 = EDGE_CURVE ( 'NONE', #6608, #4346, #3220, .T. ) ;
#1623 = VECTOR ( 'NONE', #8, 39.37007874015748143 ) ;
#1624 = VERTEX_POINT ( 'NONE', #484 ) ;
#1625 = EDGE_CURVE ( 'NONE', #1118, #5102, #9203, .T. ) ;
#1626 = CONICAL_SURFACE ( 'NONE', #3462, 0.1124999999999999611, 0.7155849933176748889 ) ;
#1627 = CYLINDRICAL_SURFACE ( 'NONE', #420, 0.06249999999999967387 ) ;
#1628 = ORIENTED_EDGE ( 'NONE', *, *, #8999, .T. ) ;
#1629 = DIRECTION ( 'NONE',  ( -0.000000000000000000, 1.000000000000000000, -0.000000000000000000 ) ) ;
#1630 = CARTESIAN_POINT ( 'NONE',  ( -2.390625000000005329, 0.6404979548822425928, -0.7350000000000000977 ) ) ;
#1631 = CIRCLE ( 'NONE', #2859, 0.1124999999999999611 ) ;
#1632 = CARTESIAN_POINT ( 'NONE',  ( 1.712339780658681754, -0.2382494887205523215, 0.000000000000000000 ) ) ;
#1633 = LINE ( 'NONE', #3171, #7616 ) ;
#1634 = ORIENTED_EDGE ( 'NONE', *, *, #1896, .F. ) ;
#1635 = CIRCLE ( 'NONE', #262, 0.5324999999999976419 ) ;
#1636 = VECTOR ( 'NONE', #1890, 39.37007874015748143 ) ;
#1637 = ORIENTED_EDGE ( 'NONE', *, *, #6, .F. ) ;
#1638 = VECTOR ( 'NONE', #1526, 39.37007874015748143 ) ;
#1639 = CARTESIAN_POINT ( 'NONE',  ( -2.296370442160278635, -0.2613205341219647648, -0.2572037272617219705 ) ) ;
#1640 = CARTESIAN_POINT ( 'NONE',  ( 2.453125000000006661, 0.2893790496476774110, -0.4100878509056116727 ) ) ;
#1641 = ORIENTED_EDGE ( 'NONE', *, *, #1918, .F. ) ;
#1642 = CIRCLE ( 'NONE', #4403, 0.06424999999999959910 ) ;
#1643 = CARTESIAN_POINT ( 'NONE',  ( 2.593124999999999680, -0.4701796254713038747, -0.9499999999999999556 ) ) ;
#1644 = AXIS2_PLACEMENT_3D ( 'NONE', #3232, #3278, #6124 ) ;
#1645 = CARTESIAN_POINT ( 'NONE',  ( 1.710327891682111856, 0.1394750607929389485, -0.4150000000000000910 ) ) ;
#1646 = CARTESIAN_POINT ( 'NONE',  ( -1.984375000000009548, 0.6404979548822712365, -0.5357500000000000595 ) ) ;
#1647 = ORIENTED_EDGE ( 'NONE', *, *, #8440, .T. ) ;
#1648 = VECTOR ( 'NONE', #6779, 39.37007874015748143 ) ;
#1649 =( CONVERSION_BASED_UNIT ( 'INCH', #7647 ) LENGTH_UNIT ( ) NAMED_UNIT ( #2181 ) );
#1650 = ORIENTED_EDGE ( 'NONE', *, *, #4813, .F. ) ;
#1651 = AXIS2_PLACEMENT_3D ( 'NONE', #5188, #6088, #3149 ) ;
#1652 = DIRECTION ( 'NONE',  ( 0.000000000000000000, 0.000000000000000000, -1.000000000000000000 ) ) ;
#1653 = ORIENTED_EDGE ( 'NONE', *, *, #3793, .F. ) ;
#1654 = CONICAL_SURFACE ( 'NONE', #2268, 0.5324999999999976419, 0.7853981633974452814 ) ;
#1655 = EDGE_CURVE ( 'NONE', #6642, #6505, #3260, .T. ) ;
#1656 = EDGE_CURVE ( 'NONE', #4850, #143, #2157, .T. ) ;
#1657 = LINE ( 'NONE', #6033, #2955 ) ;
#1658 = AXIS2_PLACEMENT_3D ( 'NONE', #1849, #1178, #8367 ) ;
#1659 = DIRECTION ( 'NONE',  ( 0.000000000000000000, 0.000000000000000000, -1.000000000000000000 ) ) ;
#1660 = CARTESIAN_POINT ( 'NONE',  ( 2.533493649053906172, -0.07346415503396298841, -0.9175000000000006484 ) ) ;
#1661 = ORIENTED_EDGE ( 'NONE', *, *, #1498, .T. ) ;
#1662 = DIRECTION ( 'NONE',  ( -1.000000000000000000, 0.000000000000000000, 0.000000000000000000 ) ) ;
#1663 = ORIENTED_EDGE ( 'NONE', *, *, #1287, .T. ) ;
#1664 = ORIENTED_EDGE ( 'NONE', *, *, #5841, .F. ) ;
#1665 = CYLINDRICAL_SURFACE ( 'NONE', #3024, 0.06425000000000000155 ) ;
#1666 = VECTOR ( 'NONE', #4366, 39.37007874015748143 ) ;
#1667 = EDGE_CURVE ( 'NONE', #3721, #1463, #5720, .T. ) ;
#1668 = CARTESIAN_POINT ( 'NONE',  ( -1.994375000000012443, 0.6404979548822627988, -0.2175000000000000266 ) ) ;
#1669 = EDGE_CURVE ( 'NONE', #5348, #3290, #9232, .T. ) ;
#1670 = EDGE_CURVE ( 'NONE', #946, #3002, #5058, .T. ) ;
#1671 = DIRECTION ( 'NONE',  ( 5.090879084663727145E-14, -1.000000000000000000, 0.000000000000000000 ) ) ;
#1672 = FACE_OUTER_BOUND ( 'NONE', #6572, .T. ) ;
#1673 = CARTESIAN_POINT ( 'NONE',  ( 1.167433081593972632, 0.2687499999999986011, -0.2499999999999998890 ) ) ;
#1674 = DIRECTION ( 'NONE',  ( -1.865610830299460874E-15, 1.000000000000000000, 0.000000000000000000 ) ) ;
#1675 = ORIENTED_EDGE ( 'NONE', *, *, #5274, .T. ) ;
#1676 = VECTOR ( 'NONE', #5356, 39.37007874015748854 ) ;
#1677 = DIRECTION ( 'NONE',  ( 0.5000000000000038858, 0.8660254037844363761, -2.185478394931430296E-15 ) ) ;
#1678 = VERTEX_POINT ( 'NONE', #8625 ) ;
#1679 = DIRECTION ( 'NONE',  ( -0.000000000000000000, -1.000000000000000000, -0.000000000000000000 ) ) ;
#1680 = AXIS2_PLACEMENT_3D ( 'NONE', #1740, #8304, #7643 ) ;
#1681 = EDGE_CURVE ( 'NONE', #6306, #2589, #4315, .T. ) ;
#1682 = CARTESIAN_POINT ( 'NONE',  ( -2.463181149053915497, -0.1952489774411343137, -0.6999999999999999556 ) ) ;
#1683 = FACE_OUTER_BOUND ( 'NONE', #4941, .T. ) ;
#1684 = LINE ( 'NONE', #4599, #4443 ) ;
#1685 = ORIENTED_EDGE ( 'NONE', *, *, #3421, .F. ) ;
#1686 = VERTEX_POINT ( 'NONE', #7911 ) ;
#1687 = AXIS2_PLACEMENT_3D ( 'NONE', #1353, #2687, #6209 ) ;
#1688 = VERTEX_POINT ( 'NONE', #2114 ) ;
#1689 = DIRECTION ( 'NONE',  ( -0.8660254037844137276, 0.5000000000000434097, 0.000000000000000000 ) ) ;
#1690 = DIRECTION ( 'NONE',  ( 1.000000000000000000, -0.000000000000000000, -0.000000000000000000 ) ) ;
#1691 = VERTEX_POINT ( 'NONE', #1347 ) ;
#1692 = EDGE_CURVE ( 'NONE', #3729, #2869, #4875, .T. ) ;
#1693 = EDGE_CURVE ( 'NONE', #9020, #5692, #4164, .T. ) ;
#1694 = ORIENTED_EDGE ( 'NONE', *, *, #4556, .F. ) ;
#1695 = DIRECTION ( 'NONE',  ( -0.000000000000000000, -0.000000000000000000, -1.000000000000000000 ) ) ;
#1696 = CARTESIAN_POINT ( 'NONE',  ( 2.502978358448347151, -0.5300198112591532063, -0.8474999999999995870 ) ) ;
#1697 = CARTESIAN_POINT ( 'NONE',  ( -2.393029049807455788, 0.3457973860264569876, -0.6233225597165246157 ) ) ;
#1698 = ORIENTED_EDGE ( 'NONE', *, *, #7135, .F. ) ;
#1699 = DIRECTION ( 'NONE',  ( -0.7071067811866752484, 3.269044716369829889E-14, 0.7071067811864196750 ) ) ;
#1700 = ORIENTED_EDGE ( 'NONE', *, *, #6768, .F. ) ;
#1701 = FACE_OUTER_BOUND ( 'NONE', #4490, .T. ) ;
#1702 = ORIENTED_EDGE ( 'NONE', *, *, #1218, .F. ) ;
#1703 = DIRECTION ( 'NONE',  ( -0.8660254037844449249, 0.4999999999999893974, 0.000000000000000000 ) ) ;
#1704 = CARTESIAN_POINT ( 'NONE',  ( 1.984375000000010880, 0.6079979548822664892, -0.9499999999999999556 ) ) ;
#1705 = SURFACE_STYLE_FILL_AREA ( #7509 ) ;
#1706 = DIRECTION ( 'NONE',  ( 0.000000000000000000, -1.000000000000000000, 0.000000000000000000 ) ) ;
#1707 = CARTESIAN_POINT ( 'NONE',  ( -2.593124999999999680, -0.4701796254713037637, -0.2599999999999999534 ) ) ;
#1708 = DIRECTION ( 'NONE',  ( -1.000000000000000000, 0.000000000000000000, 0.000000000000000000 ) ) ;
#1709 = ORIENTED_EDGE ( 'NONE', *, *, #2365, .F. ) ;
#1710 = VERTEX_POINT ( 'NONE', #4919 ) ;
#1711 = DIRECTION ( 'NONE',  ( -1.000000000000000000, 4.535261055593764468E-14, -0.000000000000000000 ) ) ;
#1712 = DIRECTION ( 'NONE',  ( 0.000000000000000000, 0.000000000000000000, -1.000000000000000000 ) ) ;
#1713 = CARTESIAN_POINT ( 'NONE',  ( -1.530211474963956819, -0.1874334985541055987, -0.2500000000000000000 ) ) ;
#1714 = CARTESIAN_POINT ( 'NONE',  ( 2.390625000000005773, 0.6404979548822425928, -0.9499999999999999556 ) ) ;
#1715 = CARTESIAN_POINT ( 'NONE',  ( -2.265624999999998668, 0.2790714234295565421, -0.6642500000000000071 ) ) ;
#1716 = CARTESIAN_POINT ( 'NONE',  ( -2.125000000000000000, 0.000000000000000000, -0.4649999999999993583 ) ) ;
#1717 = ORIENTED_EDGE ( 'NONE', *, *, #3651, .F. ) ;
#1718 = EDGE_CURVE ( 'NONE', #5487, #518, #7156, .T. ) ;
#1719 = CIRCLE ( 'NONE', #2948, 0.4374999999999959477 ) ;
#1720 = EDGE_CURVE ( 'NONE', #8135, #4186, #3500, .T. ) ;
#1721 = CARTESIAN_POINT ( 'NONE',  ( -1.434771152213580425, -0.02876710338052257052, -0.8157121042078545603 ) ) ;
#1722 = ORIENTED_EDGE ( 'NONE', *, *, #4027, .F. ) ;
#1723 = EDGE_CURVE ( 'NONE', #8450, #6408, #537, .T. ) ;
#1724 = CARTESIAN_POINT ( 'NONE',  ( -0.9376234198628758953, 0.2687499999999986011, -0.4015748031496063630 ) ) ;
#1725 = VERTEX_POINT ( 'NONE', #7813 ) ;
#1726 = CARTESIAN_POINT ( 'NONE',  ( -1.437499999999995559, -0.09021097956087463510, 0.2500000000000000555 ) ) ;
#1727 = CARTESIAN_POINT ( 'NONE',  ( 2.721854174377005275, -0.1822141550339398397, -0.2599999999999999534 ) ) ;
#1728 = DIRECTION ( 'NONE',  ( 0.000000000000000000, -0.000000000000000000, 1.000000000000000000 ) ) ;
#1729 = ORIENTED_EDGE ( 'NONE', *, *, #7075, .F. ) ;
#1730 = B_SPLINE_CURVE_WITH_KNOTS ( 'NONE', 3,
 ( #7161, #3308, #3360, #8583, #542, #5678, #487, #4969, #2598, #4218 ),
 .UNSPECIFIED., .F., .F.,
 ( 4, 2, 2, 2, 4 ),
 ( 0.000000000000000000, 0.0003734599253471661100, 0.0007469198506943274495, 0.001120379776041488789, 0.001493839701388649912 ),
 .UNSPECIFIED. ) ;
#1731 = EDGE_CURVE ( 'NONE', #9399, #6654, #2735, .T. ) ;
#1732 = ORIENTED_EDGE ( 'NONE', *, *, #7021, .T. ) ;
#1733 = CARTESIAN_POINT ( 'NONE',  ( 2.453125000000210498, 0.2893790496474515916, -0.7849999999997243627 ) ) ;
#1734 = CARTESIAN_POINT ( 'NONE',  ( -1.710044896886266708, 0.1386402690091525780, -0.7947191470558554460 ) ) ;
#1735 = EDGE_LOOP ( 'NONE', ( #4579, #4950, #8016, #7186, #8613 ) ) ;
#1736 = AXIS2_PLACEMENT_3D ( 'NONE', #8034, #7276, #4393 ) ;
#1737 = AXIS2_PLACEMENT_3D ( 'NONE', #5803, #5186, #1383 ) ;
#1738 = ORIENTED_EDGE ( 'NONE', *, *, #6517, .T. ) ;
#1739 = DIRECTION ( 'NONE',  ( 0.8660254037844363761, 0.5000000000000041078, 0.000000000000000000 ) ) ;
#1740 = CARTESIAN_POINT ( 'NONE',  ( 2.537660219341328460, -0.2382494887205698075, -0.1944947243515863511 ) ) ;
#1741 = CYLINDRICAL_SURFACE ( 'NONE', #8589, 0.01000000000000000715 ) ;
#1742 = VECTOR ( 'NONE', #7599, 39.37007874015748143 ) ;
#1743 = EDGE_LOOP ( 'NONE', ( #3903, #6951, #5560, #360, #2842 ) ) ;
#1744 = EDGE_CURVE ( 'NONE', #7538, #3696, #99, .T. ) ;
#1745 = PLANE ( 'NONE',  #7969 ) ;
#1746 = VERTEX_POINT ( 'NONE', #1248 ) ;
#1747 = DIRECTION ( 'NONE',  ( 1.000000000000000000, 0.000000000000000000, -2.185478394931429902E-15 ) ) ;
#1748 = ORIENTED_EDGE ( 'NONE', *, *, #8929, .T. ) ;
#1749 = PLANE ( 'NONE',  #7704 ) ;
#1750 = VECTOR ( 'NONE', #3444, 39.37007874015748854 ) ;
#1751 = CARTESIAN_POINT ( 'NONE',  ( -1.769157665914542266, -0.5121629978800764649, -0.5999999999999999778 ) ) ;
#1752 = DIRECTION ( 'NONE',  ( 1.000000000000000000, 1.865610830299460874E-15, 0.000000000000000000 ) ) ;
#1753 = DIRECTION ( 'NONE',  ( -0.8660254037844447028, 0.4999999999999893419, 0.000000000000000000 ) ) ;
#1754 = DIRECTION ( 'NONE',  ( 0.000000000000000000, 0.000000000000000000, 1.000000000000000000 ) ) ;
#1755 = ORIENTED_EDGE ( 'NONE', *, *, #4723, .T. ) ;
#1756 = ORIENTED_EDGE ( 'NONE', *, *, #4614, .T. ) ;
#1757 = DIRECTION ( 'NONE',  ( -0.000000000000000000, 1.000000000000000000, -0.000000000000000000 ) ) ;
#1758 = LINE ( 'NONE', #7089, #2856 ) ;
#1759 = CARTESIAN_POINT ( 'NONE',  ( 1.953629557839698050, -0.2613205341219492772, -0.2600000000000002309 ) ) ;
#1760 = CARTESIAN_POINT ( 'NONE',  ( -1.851624089253341321, 0.3415726297980379300, -0.5950263178092659588 ) ) ;
#1761 = DIRECTION ( 'NONE',  ( -0.000000000000000000, -0.000000000000000000, 1.000000000000000000 ) ) ;
#1762 = ORIENTED_EDGE ( 'NONE', *, *, #3714, .F. ) ;
#1763 = EDGE_LOOP ( 'NONE', ( #1102, #6450, #6675, #7378 ) ) ;
#1764 = CARTESIAN_POINT ( 'NONE',  ( -1.697530669083564092, 0.09361285719755493839, -0.3592211982275868576 ) ) ;
#1765 = ORIENTED_EDGE ( 'NONE', *, *, #3544, .T. ) ;
#1766 = DIRECTION ( 'NONE',  ( 0.000000000000000000, 0.000000000000000000, -1.000000000000000000 ) ) ;
#1767 = DIRECTION ( 'NONE',  ( 0.000000000000000000, 0.000000000000000000, -1.000000000000000000 ) ) ;
#1768 = AXIS2_PLACEMENT_3D ( 'NONE', #460, #8406, #3331 ) ;
#1769 = DIRECTION ( 'NONE',  ( 0.6499998807689754132, 0.7071067811865537900, 0.2783884965301348102 ) ) ;
#1770 = ADVANCED_FACE ( 'NONE', ( #9302 ), #2775, .F. ) ;
#1771 = EDGE_CURVE ( 'NONE', #8047, #4711, #5631, .T. ) ;
#1772 = AXIS2_PLACEMENT_3D ( 'NONE', #6360, #8588, #1358 ) ;
#1773 = CARTESIAN_POINT ( 'NONE',  ( 1.419374999999987619, 1.377727649040771927E-17, -0.2500000000000000555 ) ) ;
#1774 = PLANE ( 'NONE',  #5746 ) ;
#1775 = CONICAL_SURFACE ( 'NONE', #2094, 0.2175000000000008316, 0.7853981633974482790 ) ;
#1776 = FACE_BOUND ( 'NONE', #8621, .T. ) ;
#1777 = CARTESIAN_POINT ( 'NONE',  ( -1.710327891682120960, 0.1394750607929660657, -0.7898321067049647315 ) ) ;
#1778 = ORIENTED_EDGE ( 'NONE', *, *, #154, .T. ) ;
#1779 = EDGE_CURVE ( 'NONE', #9029, #4491, #4214, .T. ) ;
#1780 = ORIENTED_EDGE ( 'NONE', *, *, #6979, .F. ) ;
#1781 = FACE_OUTER_BOUND ( 'NONE', #3638, .T. ) ;
#1782 = EDGE_CURVE ( 'NONE', #4730, #8932, #9392, .T. ) ;
#1783 = CARTESIAN_POINT ( 'NONE',  ( 1.703677551104423094, 0.1179257042335880856, -0.8262143477152049664 ) ) ;
#1784 = AXIS2_PLACEMENT_3D ( 'NONE', #3122, #6005, #8906 ) ;
#1785 = DIRECTION ( 'NONE',  ( -0.4999999999999834577, -0.8660254037844482555, -1.024442997624103667E-14 ) ) ;
#1786 = ORIENTED_EDGE ( 'NONE', *, *, #3369, .T. ) ;
#1787 = FACE_OUTER_BOUND ( 'NONE', #8840, .T. ) ;
#1788 = FACE_OUTER_BOUND ( 'NONE', #6241, .T. ) ;
#1789 = ORIENTED_EDGE ( 'NONE', *, *, #692, .F. ) ;
#1790 = AXIS2_PLACEMENT_3D ( 'NONE', #8679, #2160, #6588 ) ;
#1791 = EDGE_CURVE ( 'NONE', #5826, #9029, #2540, .T. ) ;
#1792 = VECTOR ( 'NONE', #8586, 39.37007874015748854 ) ;
#1793 = CONICAL_SURFACE ( 'NONE', #3032, 0.2175000000000008316, 0.7853981633974482790 ) ;
#1794 = CARTESIAN_POINT ( 'NONE',  ( 2.453125000000005329, 0.6404979548822425928, -0.4650000000000000799 ) ) ;
#1795 = ORIENTED_EDGE ( 'NONE', *, *, #7480, .T. ) ;
#1796 = DIRECTION ( 'NONE',  ( 0.8660254037844363761, 0.5000000000000041078, 0.000000000000000000 ) ) ;
#1797 = EDGE_CURVE ( 'NONE', #3445, #7630, #2085, .T. ) ;
#1798 = DIRECTION ( 'NONE',  ( -1.865610830299460874E-15, 1.000000000000000000, 0.000000000000000000 ) ) ;
#1799 = AXIS2_PLACEMENT_3D ( 'NONE', #3630, #3539, #9338 ) ;
#1800 = DIRECTION ( 'NONE',  ( 1.000000000000000000, 0.000000000000000000, 0.000000000000000000 ) ) ;
#1801 = CIRCLE ( 'NONE', #7130, 0.5324999999999976419 ) ;
#1802 = FACE_OUTER_BOUND ( 'NONE', #3764, .T. ) ;
#1803 = EDGE_LOOP ( 'NONE', ( #5021, #4236 ) ) ;
#1804 = VERTEX_POINT ( 'NONE', #5811 ) ;
#1805 = DIRECTION ( 'NONE',  ( 0.8660254037844402619, 0.4999999999999972800, 0.000000000000000000 ) ) ;
#1806 = ORIENTED_EDGE ( 'NONE', *, *, #9365, .F. ) ;
#1807 = VECTOR ( 'NONE', #6850, 39.37007874015748854 ) ;
#1808 = LINE ( 'NONE', #9144, #7861 ) ;
#1809 = EDGE_CURVE ( 'NONE', #7880, #6496, #5282, .T. ) ;
#1810 = EDGE_CURVE ( 'NONE', #2154, #8930, #5123, .T. ) ;
#1811 = FACE_OUTER_BOUND ( 'NONE', #4119, .T. ) ;
#1812 = CIRCLE ( 'NONE', #7138, 0.04250000000000398598 ) ;
#1813 = CARTESIAN_POINT ( 'NONE',  ( -1.859375000000029976, 0.3476343040826271324, -0.6272455802306846628 ) ) ;
#1814 = CARTESIAN_POINT ( 'NONE',  ( 0.000000000000000000, -0.3012499999999982969, 0.000000000000000000 ) ) ;
#1815 = ORIENTED_EDGE ( 'NONE', *, *, #7452, .F. ) ;
#1816 = DIRECTION ( 'NONE',  ( -0.8660254037844364872, -0.5000000000000039968, 0.000000000000000000 ) ) ;
#1817 = ORIENTED_EDGE ( 'NONE', *, *, #564, .T. ) ;
#1818 = CARTESIAN_POINT ( 'NONE',  ( -1.437499999999995559, -0.09021097956087467673, -0.2499999999999998890 ) ) ;
#1819 = VERTEX_POINT ( 'NONE', #2923 ) ;
#1820 = DIRECTION ( 'NONE',  ( 0.8660254037844401509, 0.4999999999999972800, -0.000000000000000000 ) ) ;
#1821 = CARTESIAN_POINT ( 'NONE',  ( 2.125000000000000000, 0.000000000000000000, -0.4649999999999993583 ) ) ;
#1822 = DIRECTION ( 'NONE',  ( -0.000000000000000000, 1.000000000000000000, -0.000000000000000000 ) ) ;
#1823 = AXIS2_PLACEMENT_3D ( 'NONE', #6236, #9182, #9136 ) ;
#1824 = PLANE ( 'NONE',  #5328 ) ;
#1825 = DIRECTION ( 'NONE',  ( 1.865610830299460874E-15, 1.000000000000000000, 0.000000000000000000 ) ) ;
#1826 = ORIENTED_EDGE ( 'NONE', *, *, #6103, .F. ) ;
#1827 = DIRECTION ( 'NONE',  ( -0.8660254037844432595, 0.4999999999999919509, -0.000000000000000000 ) ) ;
#1828 = CONICAL_SURFACE ( 'NONE', #306, 0.5324999999999976419, 0.7853981633974536081 ) ;
#1829 = CARTESIAN_POINT ( 'NONE',  ( 0.000000000000000000, 0.2087499999999984091, -0.5000000000000000000 ) ) ;
#1830 = EDGE_LOOP ( 'NONE', ( #2230, #423, #1594, #3791 ) ) ;
#1831 = AXIS2_PLACEMENT_3D ( 'NONE', #6311, #7736, #9267 ) ;
#1832 = ORIENTED_EDGE ( 'NONE', *, *, #1328, .T. ) ;
#1833 = DIRECTION ( 'NONE',  ( 0.7071067811865452413, -0.7071067811865496822, -0.000000000000000000 ) ) ;
#1834 = CONICAL_SURFACE ( 'NONE', #9137, 0.1124999999999999611, 0.7155849933176748889 ) ;
#1835 = LINE ( 'NONE', #6074, #6083 ) ;
#1836 = AXIS2_PLACEMENT_3D ( 'NONE', #3562, #6313, #5733 ) ;
#1837 = CARTESIAN_POINT ( 'NONE',  ( -2.394958393773019889, 0.3442843293412073402, -0.5809213752633025640 ) ) ;
#1838 = ORIENTED_EDGE ( 'NONE', *, *, #9019, .T. ) ;
#1839 = ADVANCED_FACE ( 'NONE', ( #3832 ), #2385, .F. ) ;
#1840 = ORIENTED_EDGE ( 'NONE', *, *, #970, .T. ) ;
#1841 = DIRECTION ( 'NONE',  ( 4.535261055593764468E-14, -1.000000000000000000, -0.000000000000000000 ) ) ;
#1842 = EDGE_CURVE ( 'NONE', #4109, #907, #192, .T. ) ;
#1843 = ADVANCED_FACE ( 'NONE', ( #6728 ), #3735, .F. ) ;
#1844 = CARTESIAN_POINT ( 'NONE',  ( -1.919631350946071402, -0.4252869753213548987, -0.9499999999999999556 ) ) ;
#1845 = ORIENTED_EDGE ( 'NONE', *, *, #8230, .F. ) ;
#1846 = CARTESIAN_POINT ( 'NONE',  ( 2.255625000000001990, 0.6404979548822493651, -0.2175000000000000266 ) ) ;
#1847 = EDGE_LOOP ( 'NONE', ( #151, #8538, #6919, #4538, #5028 ) ) ;
#1848 = FACE_OUTER_BOUND ( 'NONE', #4808, .T. ) ;
#1849 = CARTESIAN_POINT ( 'NONE',  ( -1.951875000000022009, 0.3904979548822711810, -0.6999999999999999556 ) ) ;
#1850 = ORIENTED_EDGE ( 'NONE', *, *, #7097, .F. ) ;
#1851 = DIRECTION ( 'NONE',  ( 0.000000000000000000, 0.000000000000000000, -1.000000000000000000 ) ) ;
#1852 = EDGE_CURVE ( 'NONE', #1317, #1544, #8812, .T. ) ;
#1853 = CARTESIAN_POINT ( 'NONE',  ( 1.559343435260007071, -0.3012499999999982969, 0.9499999999999999556 ) ) ;
#1854 = VERTEX_POINT ( 'NONE', #95 ) ;
#1855 = VERTEX_POINT ( 'NONE', #8856 ) ;
#1856 = EDGE_CURVE ( 'NONE', #6649, #5636, #2247, .T. ) ;
#1857 = CARTESIAN_POINT ( 'NONE',  ( -1.951875000000012683, 0.6404979548822424817, -0.5357500000000000595 ) ) ;
#1858 = EDGE_LOOP ( 'NONE', ( #5244, #7515, #4661, #607 ) ) ;
#1859 = DIRECTION ( 'NONE',  ( 0.8660254037844364872, -0.5000000000000039968, 0.000000000000000000 ) ) ;
#1860 = DIRECTION ( 'NONE',  ( -4.535261055593764468E-14, -1.000000000000000000, -0.000000000000000000 ) ) ;
#1861 = LINE ( 'NONE', #1715, #6371 ) ;
#1862 = DIRECTION ( 'NONE',  ( -1.000000000000000000, 0.000000000000000000, -2.185478394931429902E-15 ) ) ;
#1863 = VERTEX_POINT ( 'NONE', #6635 ) ;
#1864 = ORIENTED_EDGE ( 'NONE', *, *, #1086, .T. ) ;
#1865 = CARTESIAN_POINT ( 'NONE',  ( 1.437499999999995337, -0.09021097956086862601, -0.3525000000000004241 ) ) ;
#1866 = ORIENTED_EDGE ( 'NONE', *, *, #4435, .F. ) ;
#1867 = EDGE_CURVE ( 'NONE', #521, #4867, #2204, .T. ) ;
#1868 = AXIS2_PLACEMENT_3D ( 'NONE', #6586, #4320, #6539 ) ;
#1869 = DIRECTION ( 'NONE',  ( -0.000000000000000000, -0.000000000000000000, 1.000000000000000000 ) ) ;
#1870 = ORIENTED_EDGE ( 'NONE', *, *, #8170, .F. ) ;
#1871 = PLANE ( 'NONE',  #8154 ) ;
#1872 = CARTESIAN_POINT ( 'NONE',  ( -1.691127361437541055, 0.05622084583894616100, 0.2500000000000000555 ) ) ;
#1873 = CARTESIAN_POINT ( 'NONE',  ( -2.233534568822333366, -0.4238387960450344938, -0.8262143477152055215 ) ) ;
#1874 = AXIS2_PLACEMENT_3D ( 'NONE', #2451, #342, #8198 ) ;
#1875 = ORIENTED_EDGE ( 'NONE', *, *, #6150, .T. ) ;
#1876 = DIRECTION ( 'NONE',  ( -1.092739197465705287E-15, 0.000000000000000000, 1.000000000000000000 ) ) ;
#1877 = DIRECTION ( 'NONE',  ( -5.090879084663727145E-14, 1.000000000000000000, -0.000000000000000000 ) ) ;
#1878 = VECTOR ( 'NONE', #3236, 39.37007874015748143 ) ;
#1879 = DIRECTION ( 'NONE',  ( -1.000000000000000000, 0.000000000000000000, 0.000000000000000000 ) ) ;
#1880 = VERTEX_POINT ( 'NONE', #7379 ) ;
#1881 = DIRECTION ( 'NONE',  ( 0.3535533905932417009, -0.6123724356958162307, -0.7071067811865449082 ) ) ;
#1882 = FACE_OUTER_BOUND ( 'NONE', #3178, .T. ) ;
#1883 = VECTOR ( 'NONE', #2039, 39.37007874015748854 ) ;
#1884 = ORIENTED_EDGE ( 'NONE', *, *, #8428, .F. ) ;
#1885 = VECTOR ( 'NONE', #5178, 39.37007874015748143 ) ;
#1886 = AXIS2_PLACEMENT_3D ( 'NONE', #6947, #2005, #4911 ) ;
#1887 = CARTESIAN_POINT ( 'NONE',  ( 1.859375000000029976, 0.3476343040826271880, -0.9499999999999999556 ) ) ;
#1888 = CARTESIAN_POINT ( 'NONE',  ( 1.406249999999996003, -0.03608439182434083903, -0.4150000000000000910 ) ) ;
#1889 = ORIENTED_EDGE ( 'NONE', *, *, #908, .T. ) ;
#1890 = DIRECTION ( 'NONE',  ( 0.6499998807689796321, 0.7071067811865492381, -0.2783884965301368086 ) ) ;
#1891 = CARTESIAN_POINT ( 'NONE',  ( -1.807738770884311341, 0.3012499999999982969, -0.2175000000000006373 ) ) ;
#1892 = EDGE_CURVE ( 'NONE', #1130, #7880, #773, .T. ) ;
#1893 = DIRECTION ( 'NONE',  ( -0.8660254037844447028, -0.4999999999999894529, 0.000000000000000000 ) ) ;
#1894 = AXIS2_PLACEMENT_3D ( 'NONE', #3908, #4050, #9176 ) ;
#1895 = CARTESIAN_POINT ( 'NONE',  ( -1.973597884324440832, 0.2857088524216807590, -0.9282771156755839081 ) ) ;
#1896 = EDGE_CURVE ( 'NONE', #5541, #6194, #2339, .T. ) ;
#1897 = AXIS2_PLACEMENT_3D ( 'NONE', #2321, #4390, #3092 ) ;
#1898 = ORIENTED_EDGE ( 'NONE', *, *, #1930, .T. ) ;
#1899 = EDGE_CURVE ( 'NONE', #49, #5263, #5196, .T. ) ;
#1900 = CARTESIAN_POINT ( 'NONE',  ( 1.533145825622967307, -0.1908744090717876263, -0.2500000000000000555 ) ) ;
#1901 = DIRECTION ( 'NONE',  ( 0.7071067811865385799, -0.7071067811865563435, 0.000000000000000000 ) ) ;
#1902 = ORIENTED_EDGE ( 'NONE', *, *, #7330, .F. ) ;
#1903 = ORIENTED_EDGE ( 'NONE', *, *, #2319, .F. ) ;
#1904 = PLANE ( 'NONE',  #9252 ) ;
#1905 = ORIENTED_EDGE ( 'NONE', *, *, #3856, .T. ) ;
#1906 = VECTOR ( 'NONE', #3682, 39.37007874015748143 ) ;
#1907 = CYLINDRICAL_SURFACE ( 'NONE', #2397, 0.06424999999999973788 ) ;
#1908 = LINE ( 'NONE', #5664, #833 ) ;
#1909 = FACE_OUTER_BOUND ( 'NONE', #8038, .T. ) ;
#1910 = DIRECTION ( 'NONE',  ( 0.7071067811865452413, 0.7071067811865496822, 0.000000000000000000 ) ) ;
#1911 = ADVANCED_FACE ( 'NONE', ( #7474 ), #8001, .F. ) ;
#1912 = VERTEX_POINT ( 'NONE', #8139 ) ;
#1913 = ORIENTED_EDGE ( 'NONE', *, *, #1343, .T. ) ;
#1914 = DIRECTION ( 'NONE',  ( -1.092739197465688721E-15, -1.892679809432653461E-15, -1.000000000000000000 ) ) ;
#1915 = EDGE_LOOP ( 'NONE', ( #7506, #9105, #318, #7447, #517 ) ) ;
#1916 = FACE_OUTER_BOUND ( 'NONE', #4333, .T. ) ;
#1917 = ORIENTED_EDGE ( 'NONE', *, *, #7678, .T. ) ;
#1918 = EDGE_CURVE ( 'NONE', #8982, #722, #4410, .T. ) ;
#1919 = DIRECTION ( 'NONE',  ( -1.000000000000000000, 0.000000000000000000, 0.000000000000000000 ) ) ;
#1920 = LINE ( 'NONE', #1872, #3095 ) ;
#1921 = DIRECTION ( 'NONE',  ( -1.000000000000000000, 5.090879084663727145E-14, 0.000000000000000000 ) ) ;
#1922 = EDGE_CURVE ( 'NONE', #9100, #5647, #107, .T. ) ;
#1923 = CARTESIAN_POINT ( 'NONE',  ( -1.710327891682111856, 0.1394750607929389485, -0.4650000000000000799 ) ) ;
#1924 = ORIENTED_EDGE ( 'NONE', *, *, #4304, .T. ) ;
#1925 = DIRECTION ( 'NONE',  ( -0.8660254037844363761, 0.5000000000000041078, 0.000000000000000000 ) ) ;
#1926 = CARTESIAN_POINT ( 'NONE',  ( -1.812500000000002665, -0.2687499999999988787, -0.2500000000000000000 ) ) ;
#1927 = FACE_OUTER_BOUND ( 'NONE', #7418, .T. ) ;
#1928 = LINE ( 'NONE', #4838, #3830 ) ;
#1929 = CARTESIAN_POINT ( 'NONE',  ( -2.453125000000005329, 0.3904979548822426483, -0.6999999999999999556 ) ) ;
#1930 = EDGE_CURVE ( 'NONE', #7253, #6274, #50, .T. ) ;
#1931 = FACE_OUTER_BOUND ( 'NONE', #9124, .T. ) ;
#1932 = VECTOR ( 'NONE', #8435, 39.37007874015748143 ) ;
#1933 = EDGE_LOOP ( 'NONE', ( #8703, #2976, #1455, #1795 ) ) ;
#1934 = VECTOR ( 'NONE', #1491, 39.37007874015747433 ) ;
#1935 = ORIENTED_EDGE ( 'NONE', *, *, #691, .F. ) ;
#1936 = CARTESIAN_POINT ( 'NONE',  ( 1.880441930300842390, -0.4479129978800760470, -0.5999999999999999778 ) ) ;
#1937 = CARTESIAN_POINT ( 'NONE',  ( 1.451464345643310061, -0.03657365375142547503, -0.8341152750368360236 ) ) ;
#1938 = ORIENTED_EDGE ( 'NONE', *, *, #5571, .T. ) ;
#1939 = CARTESIAN_POINT ( 'NONE',  ( 2.223346062651749389, -0.4263122719359546120, -0.8160814793539353795 ) ) ;
#1940 = ORIENTED_EDGE ( 'NONE', *, *, #1276, .T. ) ;
#1941 = CIRCLE ( 'NONE', #4989, 0.009999999999999995004 ) ;
#1942 = UNCERTAINTY_MEASURE_WITH_UNIT (LENGTH_MEASURE( 1.000000000000000082E-05 ), #8534, 'distance_accuracy_value', 'NONE');
#1943 = CARTESIAN_POINT ( 'NONE',  ( -2.390625000000005773, 0.3476343040825996544, -0.8474999999999995870 ) ) ;
#1944 = VECTOR ( 'NONE', #7676, 39.37007874015748854 ) ;
#1945 = CARTESIAN_POINT ( 'NONE',  ( -2.038437500000002345, 0.1499306480301810518, -0.9499999999999999556 ) ) ;
#1946 = ORIENTED_EDGE ( 'NONE', *, *, #6389, .F. ) ;
#1947 = CARTESIAN_POINT ( 'NONE',  ( -1.859375000000029976, 0.3476343040826271880, -0.9499999999999999556 ) ) ;
#1948 = DIRECTION ( 'NONE',  ( 0.000000000000000000, 0.000000000000000000, -1.000000000000000000 ) ) ;
#1949 = VERTEX_POINT ( 'NONE', #4454 ) ;
#1950 = ORIENTED_EDGE ( 'NONE', *, *, #3485, .F. ) ;
#1951 = VECTOR ( 'NONE', #3540, 39.37007874015748854 ) ;
#1952 = CARTESIAN_POINT ( 'NONE',  ( 1.691127361437541943, 0.05622084583895026189, -0.9499999999999999556 ) ) ;
#1953 = EDGE_LOOP ( 'NONE', ( #9366, #2404, #4809, #6665 ) ) ;
#1954 = VECTOR ( 'NONE', #1048, 39.37007874015748854 ) ;
#1955 = EDGE_CURVE ( 'NONE', #6837, #5707, #4532, .T. ) ;
#1956 = EDGE_CURVE ( 'NONE', #1182, #3750, #8312, .T. ) ;
#1957 =( CONVERSION_BASED_UNIT ( 'INCH', #8470 ) LENGTH_UNIT ( ) NAMED_UNIT ( #9196 ) );
#1958 = DIRECTION ( 'NONE',  ( 0.000000000000000000, -0.000000000000000000, -1.000000000000000000 ) ) ;
#1959 = LINE ( 'NONE', #2006, #9259 ) ;
#1960 = CARTESIAN_POINT ( 'NONE',  ( -2.453125000000005329, 0.2893790496476773000, -0.9499999999999999556 ) ) ;
#1961 = VECTOR ( 'NONE', #8601, 39.37007874015748854 ) ;
#1962 = ORIENTED_EDGE ( 'NONE', *, *, #5437, .T. ) ;
#1963 = ORIENTED_EDGE ( 'NONE', *, *, #8709, .T. ) ;
#1964 = DIRECTION ( 'NONE',  ( -0.5000000000000041078, -0.8660254037844363761, 0.000000000000000000 ) ) ;
#1965 = ORIENTED_EDGE ( 'NONE', *, *, #9172, .T. ) ;
#1966 = EDGE_CURVE ( 'NONE', #5994, #2154, #4676, .T. ) ;
#1967 = AXIS2_PLACEMENT_3D ( 'NONE', #2486, #2586, #3208 ) ;
#1968 = ADVANCED_FACE ( 'NONE', ( #5524 ), #4083, .F. ) ;
#1969 = EDGE_CURVE ( 'NONE', #1624, #6230, #6902, .T. ) ;
#1970 = CIRCLE ( 'NONE', #4419, 0.06249999999999967387 ) ;
#1971 = ORIENTED_EDGE ( 'NONE', *, *, #297, .T. ) ;
#1972 = DIRECTION ( 'NONE',  ( 0.000000000000000000, 0.000000000000000000, 1.000000000000000000 ) ) ;
#1973 = CARTESIAN_POINT ( 'NONE',  ( 0.5000000000000001110, -0.2687500000000005995, 0.000000000000000000 ) ) ;
#1974 = CARTESIAN_POINT ( 'NONE',  ( 1.984375000000025979, 0.2790714234295686436, -0.9499999999999999556 ) ) ;
#1975 = CARTESIAN_POINT ( 'NONE',  ( 1.437499999999994893, -0.09021097956086808478, -0.9499999999999999556 ) ) ;
#1976 = ORIENTED_EDGE ( 'NONE', *, *, #7657, .T. ) ;
#1977 = CARTESIAN_POINT ( 'NONE',  ( 2.515624999999995559, -0.6044135630578968410, -0.7849999999999999201 ) ) ;
#1978 = VERTEX_POINT ( 'NONE', #6189 ) ;
#1979 = LINE ( 'NONE', #4172, #4263 ) ;
#1980 = EDGE_CURVE ( 'NONE', #6618, #5254, #1808, .T. ) ;
#1981 = DIRECTION ( 'NONE',  ( -0.000000000000000000, -0.000000000000000000, -1.000000000000000000 ) ) ;
#1982 = VECTOR ( 'NONE', #1278, 39.37007874015748854 ) ;
#1983 = CARTESIAN_POINT ( 'NONE',  ( 2.390625000000005329, 0.3476343040825998765, -0.9499999999999999556 ) ) ;
#1984 = DIRECTION ( 'NONE',  ( 0.000000000000000000, 0.000000000000000000, -1.000000000000000000 ) ) ;
#1985 = CARTESIAN_POINT ( 'NONE',  ( -1.951875000000005578, 0.6404979548822650193, -0.2599999999999999534 ) ) ;
#1986 = AXIS2_PLACEMENT_3D ( 'NONE', #5977, #3048, #4436 ) ;
#1987 = ORIENTED_EDGE ( 'NONE', *, *, #6266, .F. ) ;
#1988 = CARTESIAN_POINT ( 'NONE',  ( -1.807738770884311341, 0.3012499999999982969, 0.2500000000000000555 ) ) ;
#1989 = EDGE_CURVE ( 'NONE', #598, #3591, #4229, .T. ) ;
#1990 = ADVANCED_FACE ( 'NONE', ( #1004 ), #1775, .T. ) ;
#1991 = CARTESIAN_POINT ( 'NONE',  ( -2.125000000000000000, 0.000000000000000000, -0.2500000000000000555 ) ) ;
#1992 = ORIENTED_EDGE ( 'NONE', *, *, #6517, .F. ) ;
#1993 = CARTESIAN_POINT ( 'NONE',  ( 2.249300444098000451, -0.4194938502974254746, -0.8365655606850087578 ) ) ;
#1994 = ORIENTED_EDGE ( 'NONE', *, *, #1782, .T. ) ;
#1995 = AXIS2_PLACEMENT_3D ( 'NONE', #7739, #8544, #550 ) ;
#1996 = DIRECTION ( 'NONE',  ( 0.000000000000000000, 0.000000000000000000, -1.000000000000000000 ) ) ;
#1997 = DIRECTION ( 'NONE',  ( -0.000000000000000000, -1.000000000000000000, -0.000000000000000000 ) ) ;
#1998 = DIRECTION ( 'NONE',  ( 0.8660254037844795638, 0.4999999999999292233, 0.000000000000000000 ) ) ;
#1999 = ORIENTED_EDGE ( 'NONE', *, *, #3224, .F. ) ;
#2000 = PLANE ( 'NONE',  #3120 ) ;
#2001 = VERTEX_POINT ( 'NONE', #4769 ) ;
#2002 = VERTEX_POINT ( 'NONE', #5477 ) ;
#2003 = CARTESIAN_POINT ( 'NONE',  ( 2.212418012365472197, -0.4286805199005293554, -0.4052457801197263954 ) ) ;
#2004 = ORIENTED_EDGE ( 'NONE', *, *, #7021, .F. ) ;
#2005 = DIRECTION ( 'NONE',  ( -0.4999999999999903966, 0.8660254037844442587, 0.000000000000000000 ) ) ;
#2006 = CARTESIAN_POINT ( 'NONE',  ( -1.635624999999971241, -0.4333735458104719385, -0.2174999999999991107 ) ) ;
#2007 = LINE ( 'NONE', #5424, #2113 ) ;
#2008 = ORIENTED_EDGE ( 'NONE', *, *, #3319, .T. ) ;
#2009 = LINE ( 'NONE', #2729, #5245 ) ;
#2010 = ORIENTED_EDGE ( 'NONE', *, *, #385, .F. ) ;
#2011 = CARTESIAN_POINT ( 'NONE',  ( -1.857131350946073400, -0.3170337998483060971, -0.9175000000000119726 ) ) ;
#2012 = VERTEX_POINT ( 'NONE', #2531 ) ;
#2013 = CARTESIAN_POINT ( 'NONE',  ( 1.668770825622963860, -0.4257837998483152142, -0.9499999999999999556 ) ) ;
#2014 = CARTESIAN_POINT ( 'NONE',  ( 0.000000000000000000, 0.2687499999999986011, -1.020000000000000018 ) ) ;
#2015 = CARTESIAN_POINT ( 'NONE',  ( -2.469999244255243198, 0.0007221241658989860498, -0.9499999999999999556 ) ) ;
#2016 = CARTESIAN_POINT ( 'NONE',  ( -2.215576187212736414, -0.4280243171842719185, -0.8038757313803484017 ) ) ;
#2017 = EDGE_CURVE ( 'NONE', #4540, #3688, #8941, .T. ) ;
#2018 = FACE_BOUND ( 'NONE', #8005, .T. ) ;
#2019 = ORIENTED_EDGE ( 'NONE', *, *, #1797, .F. ) ;
#2020 = EDGE_CURVE ( 'NONE', #1978, #8074, #3773, .T. ) ;
#2021 = EDGE_CURVE ( 'NONE', #1406, #1855, #6140, .T. ) ;
#2022 = DIRECTION ( 'NONE',  ( 0.4999999999999893974, 0.8660254037844449249, 0.000000000000000000 ) ) ;
#2023 = ORIENTED_EDGE ( 'NONE', *, *, #8834, .T. ) ;
#2024 = CIRCLE ( 'NONE', #3098, 0.4374999999999960032 ) ;
#2025 = DIRECTION ( 'NONE',  ( 0.000000000000000000, 0.000000000000000000, 1.000000000000000000 ) ) ;
#2026 = CARTESIAN_POINT ( 'NONE',  ( 2.265625000000000000, 0.6079979548822475044, -0.5357500000000000595 ) ) ;
#2027 = AXIS2_PLACEMENT_3D ( 'NONE', #588, #3501, #5674 ) ;
#2028 = ORIENTED_EDGE ( 'NONE', *, *, #268, .T. ) ;
#2029 = CARTESIAN_POINT ( 'NONE',  ( -2.812500000000023093, 0.4058214234295524081, -0.5999999999999999778 ) ) ;
#2030 = CARTESIAN_POINT ( 'NONE',  ( 2.390625000000005329, 0.6404979548822425928, -0.4649999999999999689 ) ) ;
#2031 = ADVANCED_FACE ( 'NONE', ( #3971 ), #1907, .F. ) ;
#2032 = ORIENTED_EDGE ( 'NONE', *, *, #8033, .F. ) ;
#2033 = DIRECTION ( 'NONE',  ( 0.000000000000000000, -0.000000000000000000, -1.000000000000000000 ) ) ;
#2034 = LINE ( 'NONE', #7834, #8644 ) ;
#2035 = ORIENTED_EDGE ( 'NONE', *, *, #1112, .F. ) ;
#2036 = LINE ( 'NONE', #9322, #2105 ) ;
#2037 = ORIENTED_EDGE ( 'NONE', *, *, #8120, .F. ) ;
#2038 = CIRCLE ( 'NONE', #5685, 1.020000000000000018 ) ;
#2039 = DIRECTION ( 'NONE',  ( 0.8660254037844431485, 0.4999999999999918954, 0.000000000000000000 ) ) ;
#2040 = DIRECTION ( 'NONE',  ( -0.3535533905932651266, -0.6123724356957970238, -0.7071067811865496822 ) ) ;
#2041 = EDGE_CURVE ( 'NONE', #6037, #3185, #9041, .T. ) ;
#2042 = DIRECTION ( 'NONE',  ( -0.8660254037844402619, -0.4999999999999973910, 0.000000000000000000 ) ) ;
#2043 = VECTOR ( 'NONE', #1699, 39.37007874015748854 ) ;
#2044 = DIRECTION ( 'NONE',  ( 0.000000000000000000, 0.000000000000000000, 1.000000000000000000 ) ) ;
#2045 = ORIENTED_EDGE ( 'NONE', *, *, #3075, .T. ) ;
#2046 = EDGE_LOOP ( 'NONE', ( #1538, #7096, #1331, #1840 ) ) ;
#2047 = ORIENTED_EDGE ( 'NONE', *, *, #1779, .T. ) ;
#2048 = DIRECTION ( 'NONE',  ( -0.000000000000000000, -1.000000000000000000, 0.000000000000000000 ) ) ;
#2049 = AXIS2_PLACEMENT_3D ( 'NONE', #4476, #938, #797 ) ;
#2050 = CIRCLE ( 'NONE', #2352, 0.4374999999999960587 ) ;
#2051 = DIRECTION ( 'NONE',  ( 0.4999999999999923950, 0.8660254037844430375, 0.000000000000000000 ) ) ;
#2052 = LINE ( 'NONE', #9147, #8731 ) ;
#2053 = DIRECTION ( 'NONE',  ( -0.8660254037844394848, -0.4999999999999982792, 1.436265208654350557E-16 ) ) ;
#2054 = CARTESIAN_POINT ( 'NONE',  ( 2.537660219341328460, -0.2382494887205698075, -0.2500000000000000555 ) ) ;
#2055 = ORIENTED_EDGE ( 'NONE', *, *, #6499, .T. ) ;
#2056 = CARTESIAN_POINT ( 'NONE',  ( 1.712339780658681754, -0.2382494887205523215, -0.2500000000000000555 ) ) ;
#2057 = VERTEX_POINT ( 'NONE', #425 ) ;
#2058 = AXIS2_PLACEMENT_3D ( 'NONE', #9050, #4776, #1816 ) ;
#2059 = CARTESIAN_POINT ( 'NONE',  ( 1.859375000000029976, 0.3476343040826271880, -0.9499999999999999556 ) ) ;
#2060 = ORIENTED_EDGE ( 'NONE', *, *, #6224, .F. ) ;
#2061 = DIRECTION ( 'NONE',  ( -0.8660254037844135055, 0.5000000000000432987, 0.000000000000000000 ) ) ;
#2062 = DIRECTION ( 'NONE',  ( -5.090879084663727145E-14, -1.000000000000000000, -0.000000000000000000 ) ) ;
#2063 = FILL_AREA_STYLE ('',( #7958 ) ) ;
#2064 = FACE_OUTER_BOUND ( 'NONE', #5485, .T. ) ;
#2065 = AXIS2_PLACEMENT_3D ( 'NONE', #5010, #5575, #7767 ) ;
#2066 = PLANE ( 'NONE',  #6987 ) ;
#2067 = VERTEX_POINT ( 'NONE', #3206 ) ;
#2068 = FACE_OUTER_BOUND ( 'NONE', #8585, .T. ) ;
#2069 = ORIENTED_EDGE ( 'NONE', *, *, #1922, .T. ) ;
#2070 = DIRECTION ( 'NONE',  ( -0.000000000000000000, -1.000000000000000000, -0.000000000000000000 ) ) ;
#2071 = EDGE_CURVE ( 'NONE', #79, #3811, #3344, .T. ) ;
#2072 = ADVANCED_FACE ( 'NONE', ( #2630 ), #4814, .T. ) ;
#2073 = ORIENTED_EDGE ( 'NONE', *, *, #7965, .F. ) ;
#2074 = CARTESIAN_POINT ( 'NONE',  ( -2.546874999999995559, -0.5502869753213698312, -0.7849999999999999201 ) ) ;
#2075 = CARTESIAN_POINT ( 'NONE',  ( -2.502726728461359684, -0.5969667425129840943, -0.7849999999999999201 ) ) ;
#2076 = ORIENTED_EDGE ( 'NONE', *, *, #1601, .T. ) ;
#2077 = ORIENTED_EDGE ( 'NONE', *, *, #2021, .F. ) ;
#2078 = LINE ( 'NONE', #1269, #5611 ) ;
#2079 = EDGE_CURVE ( 'NONE', #1406, #9258, #2439, .T. ) ;
#2080 = LINE ( 'NONE', #3086, #5001 ) ;
#2081 = EDGE_CURVE ( 'NONE', #5726, #2091, #1758, .T. ) ;
#2082 = DIRECTION ( 'NONE',  ( 0.8660254037844394848, -0.4999999999999985567, 0.000000000000000000 ) ) ;
#2083 = ORIENTED_EDGE ( 'NONE', *, *, #1540, .F. ) ;
#2084 = CARTESIAN_POINT ( 'NONE',  ( 1.859375000000029754, 0.3476343040826271880, -0.5727544197693152928 ) ) ;
#2085 = CIRCLE ( 'NONE', #5873, 0.06424999999999993217 ) ;
#2086 = DIRECTION ( 'NONE',  ( -0.000000000000000000, -0.000000000000000000, -1.000000000000000000 ) ) ;
#2087 = VECTOR ( 'NONE', #5500, 39.37007874015748854 ) ;
#2088 = DIRECTION ( 'NONE',  ( -1.000000000000000000, 0.000000000000000000, 0.000000000000000000 ) ) ;
#2089 = CARTESIAN_POINT ( 'NONE',  ( 1.635624999999971241, -0.4333735458104718830, -0.2599999999999999534 ) ) ;
#2090 = ORIENTED_EDGE ( 'NONE', *, *, #268, .F. ) ;
#2091 = VERTEX_POINT ( 'NONE', #4307 ) ;
#2092 = EDGE_CURVE ( 'NONE', #7027, #4760, #4955, .T. ) ;
#2093 = ORIENTED_EDGE ( 'NONE', *, *, #6900, .F. ) ;
#2094 = AXIS2_PLACEMENT_3D ( 'NONE', #8232, #4724, #9091 ) ;
#2095 = CARTESIAN_POINT ( 'NONE',  ( -2.750000000000022649, -0.1984641550339512339, -0.2599999999999999534 ) ) ;
#2096 = VERTEX_POINT ( 'NONE', #5048 ) ;
#2097 = EDGE_CURVE ( 'NONE', #8832, #4728, #8568, .T. ) ;
#2098 = VECTOR ( 'NONE', #4121, 39.37007874015748143 ) ;
#2099 = PRESENTATION_STYLE_ASSIGNMENT (( #4861 ) ) ;
#2100 = CARTESIAN_POINT ( 'NONE',  ( -2.293247638562451396, -0.4038551499215468632, 2.731847993664263218E-16 ) ) ;
#2101 = CARTESIAN_POINT ( 'NONE',  ( -2.258156470889789436, 0.2827249004830396095, -0.2499999999999999722 ) ) ;
#2102 = DIRECTION ( 'NONE',  ( 2.185478394931411364E-15, 1.000000000000000000, 0.000000000000000000 ) ) ;
#2103 = ORIENTED_EDGE ( 'NONE', *, *, #9256, .F. ) ;
#2104 = CIRCLE ( 'NONE', #1479, 0.3124999999999972800 ) ;
#2105 = VECTOR ( 'NONE', #6322, 39.37007874015748143 ) ;
#2106 = AXIS2_PLACEMENT_3D ( 'NONE', #7376, #860, #5235 ) ;
#2107 = CARTESIAN_POINT ( 'NONE',  ( 1.479198420634004973, -0.06613638518304112979, -0.8474999999999995870 ) ) ;
#2108 = ORIENTED_EDGE ( 'NONE', *, *, #7542, .F. ) ;
#2109 = EDGE_CURVE ( 'NONE', #6133, #6505, #6660, .T. ) ;
#2110 = LINE ( 'NONE', #1527, #5288 ) ;
#2111 = ADVANCED_FACE ( 'NONE', ( #474 ), #4155, .F. ) ;
#2112 = EDGE_LOOP ( 'NONE', ( #5799, #5993, #7319, #249 ) ) ;
#2113 = VECTOR ( 'NONE', #4065, 39.37007874015748143 ) ;
#2114 = CARTESIAN_POINT ( 'NONE',  ( -0.8325000000000002398, -0.1762500000000011557, 0.000000000000000000 ) ) ;
#2115 = CARTESIAN_POINT ( 'NONE',  ( 2.237499999999999822, 0.4764989774411177437, -0.2500000000000000555 ) ) ;
#2116 = AXIS2_PLACEMENT_3D ( 'NONE', #3521, #6372, #9275 ) ;
#2117 = PLANE ( 'NONE',  #2419 ) ;
#2118 = DIRECTION ( 'NONE',  ( 0.000000000000000000, 0.000000000000000000, 1.000000000000000000 ) ) ;
#2119 = ORIENTED_EDGE ( 'NONE', *, *, #9052, .T. ) ;
#2120 = CARTESIAN_POINT ( 'NONE',  ( -2.812500000000023093, 0.4058214234295524081, -0.6642500000000000071 ) ) ;
#2121 = ORIENTED_EDGE ( 'NONE', *, *, #1232, .T. ) ;
#2122 = VECTOR ( 'NONE', #5398, 39.37007874015748143 ) ;
#2123 = CARTESIAN_POINT ( 'NONE',  ( 1.705660553399124035, 0.1247941033756949369, -0.3802642447046677421 ) ) ;
#2124 = VECTOR ( 'NONE', #3962, 39.37007874015748143 ) ;
#2125 = CARTESIAN_POINT ( 'NONE',  ( 1.859375000000025535, 0.4058214234295524081, -0.5999999999999999778 ) ) ;
#2126 = DIRECTION ( 'NONE',  ( 1.865610830299460874E-15, 1.000000000000000000, -0.000000000000000000 ) ) ;
#2127 = CARTESIAN_POINT ( 'NONE',  ( 0.5324999999999976419, 0.1762500000000011557, 0.000000000000000000 ) ) ;
#2128 = VERTEX_POINT ( 'NONE', #4257 ) ;
#2129 = ORIENTED_EDGE ( 'NONE', *, *, #8173, .T. ) ;
#2130 = CARTESIAN_POINT ( 'NONE',  ( -1.668770825622963860, -0.4257837998483151587, -0.9499999999999999556 ) ) ;
#2131 = CARTESIAN_POINT ( 'NONE',  ( 0.000000000000000000, 0.3012499999999982969, 0.000000000000000000 ) ) ;
#2132 = ORIENTED_EDGE ( 'NONE', *, *, #43, .F. ) ;
#2133 = VERTEX_POINT ( 'NONE', #4113 ) ;
#2134 = DIRECTION ( 'NONE',  ( 0.000000000000000000, 0.000000000000000000, 1.000000000000000000 ) ) ;
#2135 = DIRECTION ( 'NONE',  ( 1.000000000000000000, 0.000000000000000000, 0.000000000000000000 ) ) ;
#2136 = CIRCLE ( 'NONE', #5926, 0.06424999999999986278 ) ;
#2137 = EDGE_CURVE ( 'NONE', #2589, #258, #2860, .T. ) ;
#2138 = CARTESIAN_POINT ( 'NONE',  ( -2.298124999999998419, 0.3904979548822426483, -0.9499999999999999556 ) ) ;
#2139 = EDGE_CURVE ( 'NONE', #7812, #2880, #2764, .T. ) ;
#2140 = ADVANCED_FACE ( 'NONE', ( #1239 ), #3390, .T. ) ;
#2141 = PLANE ( 'NONE',  #7810 ) ;
#2142 = ORIENTED_EDGE ( 'NONE', *, *, #9146, .T. ) ;
#2143 = ORIENTED_EDGE ( 'NONE', *, *, #7833, .T. ) ;
#2144 = ORIENTED_EDGE ( 'NONE', *, *, #4866, .T. ) ;
#2145 = CARTESIAN_POINT ( 'NONE',  ( 2.614374999999999449, -0.4333735458104659433, -0.2175000000000010258 ) ) ;
#2146 = ORIENTED_EDGE ( 'NONE', *, *, #4061, .T. ) ;
#2147 = AXIS2_PLACEMENT_3D ( 'NONE', #463, #3382, #1458 ) ;
#2148 = FACE_OUTER_BOUND ( 'NONE', #667, .T. ) ;
#2149 = DIRECTION ( 'NONE',  ( 0.000000000000000000, 0.000000000000000000, 1.000000000000000000 ) ) ;
#2150 = CARTESIAN_POINT ( 'NONE',  ( -2.426294072553244696, 0.3173240701936254626, -0.3630944694227261627 ) ) ;
#2151 = DIRECTION ( 'NONE',  ( 0.000000000000000000, 1.000000000000000000, 0.000000000000000000 ) ) ;
#2152 = EDGE_CURVE ( 'NONE', #6481, #1295, #8614, .T. ) ;
#2153 = DIRECTION ( 'NONE',  ( 0.5000000000000434097, 0.8660254037844137276, 0.000000000000000000 ) ) ;
#2154 = VERTEX_POINT ( 'NONE', #4205 ) ;
#2155 = DIRECTION ( 'NONE',  ( -0.4999999999999920619, -0.8660254037844432595, 0.000000000000000000 ) ) ;
#2156 = VERTEX_POINT ( 'NONE', #3439 ) ;
#2157 = LINE ( 'NONE', #4272, #6185 ) ;
#2158 = DIRECTION ( 'NONE',  ( 0.6560590289905070538, 8.034405899049450101E-17, -0.7547095802227722361 ) ) ;
#2159 = DIRECTION ( 'NONE',  ( -1.092739197465715345E-15, -1.892679809432638867E-15, 1.000000000000000000 ) ) ;
#2160 = DIRECTION ( 'NONE',  ( -0.000000000000000000, -0.000000000000000000, -1.000000000000000000 ) ) ;
#2161 = DIRECTION ( 'NONE',  ( 0.5000000000000083267, -0.8660254037844338226, 0.000000000000000000 ) ) ;
#2162 = ORIENTED_EDGE ( 'NONE', *, *, #6027, .T. ) ;
#2163 = ADVANCED_FACE ( 'NONE', ( #6996 ), #1333, .F. ) ;
#2164 = CARTESIAN_POINT ( 'NONE',  ( 2.390625000000005773, 0.6404979548822425928, 0.2500000000000000555 ) ) ;
#2165 = ORIENTED_EDGE ( 'NONE', *, *, #6159, .F. ) ;
#2166 = LINE ( 'NONE', #8637, #4389 ) ;
#2167 = DIRECTION ( 'NONE',  ( -1.000000000000000000, 0.000000000000000000, 0.000000000000000000 ) ) ;
#2168 = CARTESIAN_POINT ( 'NONE',  ( -2.125000000000000000, 0.000000000000000000, -0.2500000000000000555 ) ) ;
#2169 = DIRECTION ( 'NONE',  ( 1.000000000000000000, 0.000000000000000000, 0.000000000000000000 ) ) ;
#2170 = ORIENTED_EDGE ( 'NONE', *, *, #3296, .T. ) ;
#2171 = VERTEX_POINT ( 'NONE', #8666 ) ;
#2172 = DIRECTION ( 'NONE',  ( -0.000000000000000000, 1.000000000000000000, -0.000000000000000000 ) ) ;
#2173 = VECTOR ( 'NONE', #2158, 39.37007874015748854 ) ;
#2174 = DIRECTION ( 'NONE',  ( 0.000000000000000000, 0.000000000000000000, 1.000000000000000000 ) ) ;
#2175 = ORIENTED_EDGE ( 'NONE', *, *, #4667, .F. ) ;
#2176 = ORIENTED_EDGE ( 'NONE', *, *, #3842, .T. ) ;
#2177 = DIRECTION ( 'NONE',  ( -1.000000000000000000, 0.000000000000000000, 0.000000000000000000 ) ) ;
#2178 = DIRECTION ( 'NONE',  ( 0.7071067811865683339, -0.7071067811865267005, 0.000000000000000000 ) ) ;
#2179 = AXIS2_PLACEMENT_3D ( 'NONE', #8341, #6788, #2499 ) ;
#2180 = DIRECTION ( 'NONE',  ( -1.172705632171732718E-16, 0.7071067811865416886, -0.7071067811865533459 ) ) ;
#2181 = DIMENSIONAL_EXPONENTS ( 1.000000000000000000, 0.000000000000000000, 0.000000000000000000, 0.000000000000000000, 0.000000000000000000, 0.000000000000000000, 0.000000000000000000 ) ;
#2182 = FACE_OUTER_BOUND ( 'NONE', #1847, .T. ) ;
#2183 = VERTEX_POINT ( 'NONE', #7945 ) ;
#2184 = ORIENTED_EDGE ( 'NONE', *, *, #7600, .F. ) ;
#2185 = CARTESIAN_POINT ( 'NONE',  ( 2.812500000000023093, 0.6404979548822424817, -0.5357500000000000595 ) ) ;
#2186 = ORIENTED_EDGE ( 'NONE', *, *, #4984, .F. ) ;
#2187 = ADVANCED_FACE ( 'NONE', ( #2148 ), #2675, .F. ) ;
#2188 = AXIS2_PLACEMENT_3D ( 'NONE', #5412, #3333, #943 ) ;
#2189 = EDGE_CURVE ( 'NONE', #3756, #3976, #764, .T. ) ;
#2190 = EDGE_CURVE ( 'NONE', #4571, #811, #6596, .T. ) ;
#2191 = CARTESIAN_POINT ( 'NONE',  ( -0.8325000000000002398, -0.1762500000000011557, 0.000000000000000000 ) ) ;
#2192 = PLANE ( 'NONE',  #5835 ) ;
#2193 = CARTESIAN_POINT ( 'NONE',  ( 1.437499999999995337, -0.09021097956086862601, -0.7350000000000000977 ) ) ;
#2194 =( NAMED_UNIT ( * ) PLANE_ANGLE_UNIT ( ) SI_UNIT ( $, .RADIAN. ) );
#2195 = CARTESIAN_POINT ( 'NONE',  ( -1.691127361437541943, 0.05622084583895026189, -0.9499999999999999556 ) ) ;
#2196 = VERTEX_POINT ( 'NONE', #7368 ) ;
#2197 = LINE ( 'NONE', #5098, #1638 ) ;
#2198 = VECTOR ( 'NONE', #7503, 39.37007874015748143 ) ;
#2199 = VECTOR ( 'NONE', #526, 39.37007874015748143 ) ;
#2200 = EDGE_CURVE ( 'NONE', #5922, #507, #3410, .T. ) ;
#2201 = DIRECTION ( 'NONE',  ( -0.000000000000000000, -0.000000000000000000, 1.000000000000000000 ) ) ;
#2202 = ORIENTED_EDGE ( 'NONE', *, *, #8349, .T. ) ;
#2203 = EDGE_CURVE ( 'NONE', #6408, #5456, #3723, .T. ) ;
#2204 = LINE ( 'NONE', #5103, #568 ) ;
#2205 = PLANE ( 'NONE',  #657 ) ;
#2206 =( LENGTH_UNIT ( ) NAMED_UNIT ( * ) SI_UNIT ( $, .METRE. ) );
#2207 = DIRECTION ( 'NONE',  ( 1.000000000000000000, 4.535261055593809906E-14, 0.000000000000000000 ) ) ;
#2208 = DIRECTION ( 'NONE',  ( -2.185478394931411364E-15, 1.000000000000000000, 0.000000000000000000 ) ) ;
#2209 = VECTOR ( 'NONE', #7118, 39.37007874015748143 ) ;
#2210 = ORIENTED_EDGE ( 'NONE', *, *, #6462, .F. ) ;
#2211 = DIRECTION ( 'NONE',  ( -0.5000000000000056621, 0.8660254037844354880, 0.000000000000000000 ) ) ;
#2212 = EDGE_LOOP ( 'NONE', ( #6287, #3621, #4010, #5830 ) ) ;
#2213 = DIRECTION ( 'NONE',  ( -0.000000000000000000, -0.000000000000000000, -1.000000000000000000 ) ) ;
#2214 = VECTOR ( 'NONE', #1901, 39.37007874015748854 ) ;
#2215 = ADVANCED_FACE ( 'NONE', ( #851 ), #7991, .F. ) ;
#2216 = CARTESIAN_POINT ( 'NONE',  ( 2.298124999999991314, 0.2984170477285114087, -0.9499999999999999556 ) ) ;
#2217 = ADVANCED_FACE ( 'NONE', ( #6669 ), #4485, .F. ) ;
#2218 = CARTESIAN_POINT ( 'NONE',  ( 1.807738770884311341, 0.3012499999999982969, -0.2175000000000006373 ) ) ;
#2219 = ORIENTED_EDGE ( 'NONE', *, *, #6853, .T. ) ;
#2220 = ORIENTED_EDGE ( 'NONE', *, *, #5913, .F. ) ;
#2221 = DIRECTION ( 'NONE',  ( -0.7071067811865385799, -0.7071067811865563435, 0.000000000000000000 ) ) ;
#2222 = FACE_OUTER_BOUND ( 'NONE', #8134, .T. ) ;
#2223 = ORIENTED_EDGE ( 'NONE', *, *, #4378, .T. ) ;
#2224 = ADVANCED_FACE ( 'NONE', ( #8084 ), #4444, .F. ) ;
#2225 = EDGE_LOOP ( 'NONE', ( #3050, #1152, #9285, #6418 ) ) ;
#2226 = DIRECTION ( 'NONE',  ( 0.8660254037844348218, 0.5000000000000066613, 0.000000000000000000 ) ) ;
#2227 = PLANE ( 'NONE',  #3063 ) ;
#2228 = DIRECTION ( 'NONE',  ( 1.000000000000000000, 0.000000000000000000, -1.658456209688565037E-16 ) ) ;
#2229 = CARTESIAN_POINT ( 'NONE',  ( 2.533493649053912833, -0.07346415503395155311, -0.9499999999999999556 ) ) ;
#2230 = ORIENTED_EDGE ( 'NONE', *, *, #2495, .F. ) ;
#2231 = ORIENTED_EDGE ( 'NONE', *, *, #8305, .F. ) ;
#2232 = LINE ( 'NONE', #2185, #2263 ) ;
#2233 = VERTEX_POINT ( 'NONE', #805 ) ;
#2234 = PRODUCT_DEFINITION_SHAPE ( 'NONE', 'NONE',  #164 ) ;
#2235 = DIRECTION ( 'NONE',  ( 0.3535533905932790599, 0.6123724356957928050, -0.7071067811865464625 ) ) ;
#2236 = CARTESIAN_POINT ( 'NONE',  ( -1.621674798107783033, -0.1282151775928081772, -0.5999999999999999778 ) ) ;
#2237 = PLANE ( 'NONE',  #2574 ) ;
#2238 = FACE_OUTER_BOUND ( 'NONE', #5608, .T. ) ;
#2239 = AXIS2_PLACEMENT_3D ( 'NONE', #3689, #6684, #4588 ) ;
#2240 = EDGE_CURVE ( 'NONE', #2837, #1463, #1423, .T. ) ;
#2241 = CARTESIAN_POINT ( 'NONE',  ( 1.880441930300842390, -0.4479129978800760470, -0.5999999999999999778 ) ) ;
#2242 = ORIENTED_EDGE ( 'NONE', *, *, #8064, .F. ) ;
#2243 = VECTOR ( 'NONE', #4174, 39.37007874015748854 ) ;
#2244 = DIRECTION ( 'NONE',  ( -1.000000000000000000, 1.865610830299460874E-15, 0.000000000000000000 ) ) ;
#2245 = CARTESIAN_POINT ( 'NONE',  ( -1.668770825622965859, -0.4257837998483141040, -0.2599999999999999534 ) ) ;
#2246 = VERTEX_POINT ( 'NONE', #5892 ) ;
#2247 = LINE ( 'NONE', #953, #5418 ) ;
#2248 = CARTESIAN_POINT ( 'NONE',  ( 1.635624999999971241, -0.4333735458104718830, -0.2599999999999999534 ) ) ;
#2249 = CARTESIAN_POINT ( 'NONE',  ( -2.125000000000000000, 0.000000000000000000, -0.9174999999999992051 ) ) ;
#2250 = CARTESIAN_POINT ( 'NONE',  ( -1.859375000000026645, 0.3476343040826245234, 6.829619984160658046E-17 ) ) ;
#2251 = AXIS2_PLACEMENT_3D ( 'NONE', #7864, #2972, #1439 ) ;
#2252 = VECTOR ( 'NONE', #6298, 39.37007874015748143 ) ;
#2253 = VECTOR ( 'NONE', #5419, 39.37007874015748143 ) ;
#2254 = ORIENTED_EDGE ( 'NONE', *, *, #8240, .F. ) ;
#2255 = EDGE_CURVE ( 'NONE', #6238, #3543, #3678, .T. ) ;
#2256 = EDGE_CURVE ( 'NONE', #1746, #6481, #3563, .T. ) ;
#2257 = DIRECTION ( 'NONE',  ( 0.8660254037844448138, -0.4999999999999893419, -0.000000000000000000 ) ) ;
#2258 = ORIENTED_EDGE ( 'NONE', *, *, #3155, .T. ) ;
#2259 = ADVANCED_FACE ( 'NONE', ( #4527 ), #5986, .T. ) ;
#2260 = VECTOR ( 'NONE', #4772, 39.37007874015747433 ) ;
#2261 = VECTOR ( 'NONE', #8602, 39.37007874015748143 ) ;
#2262 = CARTESIAN_POINT ( 'NONE',  ( 1.691127361437541943, 0.05622084583895026189, -0.3525000000000004241 ) ) ;
#2263 = VECTOR ( 'NONE', #181, 39.37007874015748143 ) ;
#2264 = CARTESIAN_POINT ( 'NONE',  ( 1.167433081593972632, 0.2687499999999986011, -0.2499999999999999167 ) ) ;
#2265 = CARTESIAN_POINT ( 'NONE',  ( 2.546874999999995559, -0.5502869753213696091, -0.4649999999999999689 ) ) ;
#2266 = STYLED_ITEM ( 'NONE', ( #3643 ), #2932 ) ;
#2267 = ORIENTED_EDGE ( 'NONE', *, *, #7383, .T. ) ;
#2268 = AXIS2_PLACEMENT_3D ( 'NONE', #6605, #2989, #6510 ) ;
#2269 = EDGE_CURVE ( 'NONE', #1155, #8081, #7324, .T. ) ;
#2270 = ORIENTED_EDGE ( 'NONE', *, *, #9235, .T. ) ;
#2271 = CYLINDRICAL_SURFACE ( 'NONE', #290, 0.4374999999999960587 ) ;
#2272 = AXIS2_PLACEMENT_3D ( 'NONE', #3726, #2375, #7466 ) ;
#2273 = DIRECTION ( 'NONE',  ( -1.000000000000000000, 8.405686134351793218E-15, 0.000000000000000000 ) ) ;
#2274 = VERTEX_POINT ( 'NONE', #3822 ) ;
#2275 = VECTOR ( 'NONE', #4845, 39.37007874015747433 ) ;
#2276 = VERTEX_POINT ( 'NONE', #6624 ) ;
#2277 = CARTESIAN_POINT ( 'NONE',  ( 2.812500000000023093, 0.4058214234295524081, -0.5999999999999999778 ) ) ;
#2278 = CARTESIAN_POINT ( 'NONE',  ( 2.293247638562451396, -0.4038551499215468632, -0.9499999999999999556 ) ) ;
#2279 = DIRECTION ( 'NONE',  ( 0.000000000000000000, 0.000000000000000000, 1.000000000000000000 ) ) ;
#2280 = EDGE_CURVE ( 'NONE', #6327, #2992, #84, .T. ) ;
#2281 = FACE_OUTER_BOUND ( 'NONE', #3067, .T. ) ;
#2282 = ORIENTED_EDGE ( 'NONE', *, *, #3899, .F. ) ;
#2283 = ORIENTED_EDGE ( 'NONE', *, *, #2653, .T. ) ;
#2284 = DIRECTION ( 'NONE',  ( -0.8660254037844135055, -0.5000000000000432987, 0.000000000000000000 ) ) ;
#2285 = ORIENTED_EDGE ( 'NONE', *, *, #8649, .T. ) ;
#2286 =( GEOMETRIC_REPRESENTATION_CONTEXT ( 3 ) GLOBAL_UNCERTAINTY_ASSIGNED_CONTEXT ( ( #4144 ) ) GLOBAL_UNIT_ASSIGNED_CONTEXT ( ( #7916, #3198, #3239 ) ) REPRESENTATION_CONTEXT ( 'NONE', 'WORKASPACE' ) );
#2287 = DIRECTION ( 'NONE',  ( -0.5000000000000039968, -0.8660254037844362651, -0.000000000000000000 ) ) ;
#2288 = FACE_OUTER_BOUND ( 'NONE', #654, .T. ) ;
#2289 = PLANE ( 'NONE',  #443 ) ;
#2290 = DIRECTION ( 'NONE',  ( -4.521679437788863121E-14, 1.000000000000000000, 0.000000000000000000 ) ) ;
#2291 = ORIENTED_EDGE ( 'NONE', *, *, #5627, .T. ) ;
#2292 = VECTOR ( 'NONE', #174, 39.37007874015748854 ) ;
#2293 = CARTESIAN_POINT ( 'NONE',  ( -1.953629557839698050, -0.2613205341219492772, -0.2600000000000002309 ) ) ;
#2294 = ORIENTED_EDGE ( 'NONE', *, *, #7274, .T. ) ;
#2295 = CARTESIAN_POINT ( 'NONE',  ( 2.812500000000023093, 0.6404979548822424817, -0.5357500000000000595 ) ) ;
#2296 = AXIS2_PLACEMENT_3D ( 'NONE', #4746, #1120, #8158 ) ;
#2297 = CARTESIAN_POINT ( 'NONE',  ( -2.298124999999999307, 0.6404979548822425928, -0.9499999999999999556 ) ) ;
#2298 = DIRECTION ( 'NONE',  ( -0.5000000000000056621, 0.8660254037844353769, 0.000000000000000000 ) ) ;
#2299 = DIRECTION ( 'NONE',  ( 0.000000000000000000, 0.000000000000000000, 1.000000000000000000 ) ) ;
#2300 = AXIS2_PLACEMENT_3D ( 'NONE', #7305, #1543, #2169 ) ;
#2301 = VERTEX_POINT ( 'NONE', #6719 ) ;
#2302 = VECTOR ( 'NONE', #5963, 39.37007874015747433 ) ;
#2303 = LINE ( 'NONE', #8100, #2865 ) ;
#2304 = EDGE_LOOP ( 'NONE', ( #1903, #6489, #1345, #1047 ) ) ;
#2305 = DIRECTION ( 'NONE',  ( 0.9659258262890737523, -0.2588190451025007000, 0.000000000000000000 ) ) ;
#2306 = ADVANCED_FACE ( 'NONE', ( #3101 ), #8890, .F. ) ;
#2307 = LINE ( 'NONE', #923, #3887 ) ;
#2308 = DIRECTION ( 'NONE',  ( -0.4999999999999976130, -0.8660254037844400399, 0.000000000000000000 ) ) ;
#2309 = EDGE_CURVE ( 'NONE', #1880, #7478, #3909, .T. ) ;
#2310 = EDGE_CURVE ( 'NONE', #7920, #1863, #1116, .T. ) ;
#2311 = CARTESIAN_POINT ( 'NONE',  ( -2.498039216857761424, -0.5924136477334630557, -0.8011496496916044041 ) ) ;
#2312 = ORIENTED_EDGE ( 'NONE', *, *, #1625, .F. ) ;
#2313 = ORIENTED_EDGE ( 'NONE', *, *, #2689, .F. ) ;
#2314 = CARTESIAN_POINT ( 'NONE',  ( 1.691127361437541055, 0.05622084583894616100, 0.2500000000000000555 ) ) ;
#2315 = CARTESIAN_POINT ( 'NONE',  ( 2.255625000000000213, 0.6404979548822493651, -0.2600000000000000089 ) ) ;
#2316 = ORIENTED_EDGE ( 'NONE', *, *, #6399, .T. ) ;
#2317 = ORIENTED_EDGE ( 'NONE', *, *, #7720, .T. ) ;
#2318 = DIRECTION ( 'NONE',  ( -0.000000000000000000, -0.000000000000000000, 1.000000000000000000 ) ) ;
#2319 = EDGE_CURVE ( 'NONE', #2992, #2096, #5321, .T. ) ;
#2320 = CARTESIAN_POINT ( 'NONE',  ( 1.710327891682120960, 0.1394750607929660657, -0.7898321067049647315 ) ) ;
#2321 = CARTESIAN_POINT ( 'NONE',  ( 2.125000000000000000, 0.000000000000000000, -0.9499999999999999556 ) ) ;
#2322 = ORIENTED_EDGE ( 'NONE', *, *, #7707, .F. ) ;
#2323 = CARTESIAN_POINT ( 'NONE',  ( -2.812500000000023093, 0.6404979548822424817, -0.6642500000000000071 ) ) ;
#2324 = ORIENTED_EDGE ( 'NONE', *, *, #2021, .T. ) ;
#2325 = DIRECTION ( 'NONE',  ( -0.8660254037844363761, 0.5000000000000041078, 0.000000000000000000 ) ) ;
#2326 = ORIENTED_EDGE ( 'NONE', *, *, #4934, .F. ) ;
#2327 = DIRECTION ( 'NONE',  ( 1.000000000000000000, 0.000000000000000000, 0.000000000000000000 ) ) ;
#2328 = EDGE_CURVE ( 'NONE', #5253, #1978, #5466, .T. ) ;
#2329 = CONICAL_SURFACE ( 'NONE', #3559, 0.2174999999999992217, 0.7853981633974437271 ) ;
#2330 = CARTESIAN_POINT ( 'NONE',  ( -1.807738770884311341, 0.3012499999999982969, -0.2175000000000006373 ) ) ;
#2331 = CARTESIAN_POINT ( 'NONE',  ( 2.558872638562463830, 0.05622084583890603338, 0.2500000000000000555 ) ) ;
#2332 =( NAMED_UNIT ( * ) PLANE_ANGLE_UNIT ( ) SI_UNIT ( $, .RADIAN. ) );
#2333 = LINE ( 'NONE', #4577, #9361 ) ;
#2334 = ORIENTED_EDGE ( 'NONE', *, *, #7955, .T. ) ;
#2335 = ORIENTED_EDGE ( 'NONE', *, *, #5438, .T. ) ;
#2336 = VECTOR ( 'NONE', #5802, 39.37007874015748143 ) ;
#2337 = CYLINDRICAL_SURFACE ( 'NONE', #7412, 0.009999999999999951636 ) ;
#2338 = EDGE_LOOP ( 'NONE', ( #8787, #8254, #1826, #5501 ) ) ;
#2339 = LINE ( 'NONE', #1529, #8619 ) ;
#2340 = DIRECTION ( 'NONE',  ( -0.5000000000000434097, -0.8660254037844137276, -0.000000000000000000 ) ) ;
#2341 = PLANE ( 'NONE',  #7428 ) ;
#2342 = CARTESIAN_POINT ( 'NONE',  ( 2.125000000000000000, 0.000000000000000000, -0.9174999999999992051 ) ) ;
#2343 = VECTOR ( 'NONE', #2803, 39.37007874015747433 ) ;
#2344 = ORIENTED_EDGE ( 'NONE', *, *, #8662, .F. ) ;
#2345 = AXIS2_PLACEMENT_3D ( 'NONE', #7038, #2759, #2044 ) ;
#2346 =( GEOMETRIC_REPRESENTATION_CONTEXT ( 3 ) GLOBAL_UNCERTAINTY_ASSIGNED_CONTEXT ( ( #511 ) ) GLOBAL_UNIT_ASSIGNED_CONTEXT ( ( #3103, #7416, #5229 ) ) REPRESENTATION_CONTEXT ( 'NONE', 'WORKASPACE' ) );
#2347 = CARTESIAN_POINT ( 'NONE',  ( -2.430094113920388210, 0.6015858139031838858, -0.8341152750368359126 ) ) ;
#2348 = ORIENTED_EDGE ( 'NONE', *, *, #8959, .F. ) ;
#2349 = CYLINDRICAL_SURFACE ( 'NONE', #3934, 0.8325000000000002398 ) ;
#2350 = DIRECTION ( 'NONE',  ( -1.865610830299460874E-15, -1.000000000000000000, 0.000000000000000000 ) ) ;
#2351 = CARTESIAN_POINT ( 'NONE',  ( -1.504999999999972138, -0.2071244090717874464, -0.2600000000000000089 ) ) ;
#2352 = AXIS2_PLACEMENT_3D ( 'NONE', #4486, #6808, #3194 ) ;
#2353 = AXIS2_PLACEMENT_3D ( 'NONE', #8237, #3977, #5530 ) ;
#2354 = DIRECTION ( 'NONE',  ( -1.000000000000000000, 4.535261055593809906E-14, 0.000000000000000000 ) ) ;
#2355 = ORIENTED_EDGE ( 'NONE', *, *, #7209, .T. ) ;
#2356 = ORIENTED_EDGE ( 'NONE', *, *, #5508, .F. ) ;
#2357 = CARTESIAN_POINT ( 'NONE',  ( -1.635624999999970797, -0.4333735458104719940, -0.2599999999999999534 ) ) ;
#2358 = EDGE_CURVE ( 'NONE', #269, #6362, #3862, .T. ) ;
#2359 = EDGE_CURVE ( 'NONE', #2899, #6037, #6892, .T. ) ;
#2360 = DIRECTION ( 'NONE',  ( 0.000000000000000000, 0.000000000000000000, 1.000000000000000000 ) ) ;
#2361 = EDGE_LOOP ( 'NONE', ( #7702, #6930, #3944, #8566, #2355, #655, #4960, #8490, #8093 ) ) ;
#2362 = CARTESIAN_POINT ( 'NONE',  ( 1.559343435260008848, -0.3012499999999982969, -0.2175000000000006928 ) ) ;
#2363 = DIRECTION ( 'NONE',  ( -0.4999999999999512057, -0.8660254037844667963, 0.000000000000000000 ) ) ;
#2364 = DIRECTION ( 'NONE',  ( 0.000000000000000000, 0.000000000000000000, -1.000000000000000000 ) ) ;
#2365 = EDGE_CURVE ( 'NONE', #6019, #8302, #9032, .T. ) ;
#2366 = ORIENTED_EDGE ( 'NONE', *, *, #2368, .F. ) ;
#2367 = CARTESIAN_POINT ( 'NONE',  ( 2.265624999999999556, 0.4058214234295524081, -0.5999999999999999778 ) ) ;
#2368 = EDGE_CURVE ( 'NONE', #8074, #1978, #4475, .T. ) ;
#2369 = ORIENTED_EDGE ( 'NONE', *, *, #2603, .T. ) ;
#2370 = ADVANCED_FACE ( 'NONE', ( #6232 ), #4715, .T. ) ;
#2371 = DIRECTION ( 'NONE',  ( 0.000000000000000000, 0.000000000000000000, -1.000000000000000000 ) ) ;
#2372 = ORIENTED_EDGE ( 'NONE', *, *, #5965, .F. ) ;
#2373 = CARTESIAN_POINT ( 'NONE',  ( 2.038437500000000124, -0.1499306480301779987, -0.9499999999999999556 ) ) ;
#2374 = FACE_OUTER_BOUND ( 'NONE', #7883, .T. ) ;
#2375 = DIRECTION ( 'NONE',  ( -0.4999999999999964473, -0.8660254037844409281, -0.000000000000000000 ) ) ;
#2376 =( NAMED_UNIT ( * ) SI_UNIT ( $, .STERADIAN. ) SOLID_ANGLE_UNIT ( ) );
#2377 = ORIENTED_EDGE ( 'NONE', *, *, #4884, .F. ) ;
#2378 = ADVANCED_FACE ( 'NONE', ( #1848 ), #6891, .F. ) ;
#2379 = LINE ( 'NONE', #8179, #6162 ) ;
#2380 = VERTEX_POINT ( 'NONE', #8988 ) ;
#2381 = ORIENTED_EDGE ( 'NONE', *, *, #5210, .T. ) ;
#2382 = CARTESIAN_POINT ( 'NONE',  ( -2.812500000000023093, 0.6404979548822424817, -0.6642500000000000071 ) ) ;
#2383 = ORIENTED_EDGE ( 'NONE', *, *, #2653, .F. ) ;
#2384 = CARTESIAN_POINT ( 'NONE',  ( -1.712339780658681754, -0.2382494887205523215, 0.000000000000000000 ) ) ;
#2385 = PLANE ( 'NONE',  #7554 ) ;
#2386 = CARTESIAN_POINT ( 'NONE',  ( 1.640624999999971356, -0.4420337998483162001, -0.9499999999999999556 ) ) ;
#2387 = FACE_OUTER_BOUND ( 'NONE', #1128, .T. ) ;
#2388 = LINE ( 'NONE', #8191, #4997 ) ;
#2389 = AXIS2_PLACEMENT_3D ( 'NONE', #7860, #4965, #7956 ) ;
#2390 = ORIENTED_EDGE ( 'NONE', *, *, #1314, .F. ) ;
#2391 = CIRCLE ( 'NONE', #7709, 0.5325000000000019718 ) ;
#2392 = CARTESIAN_POINT ( 'NONE',  ( -2.440906254365970085, 0.6085559000684025444, -0.8223310893196604798 ) ) ;
#2393 = ORIENTED_EDGE ( 'NONE', *, *, #4378, .F. ) ;
#2394 = EDGE_CURVE ( 'NONE', #7348, #5522, #4052, .T. ) ;
#2395 = ADVANCED_FACE ( 'NONE', ( #8266, #7609 ), #6935, .F. ) ;
#2396 = DIRECTION ( 'NONE',  ( -0.000000000000000000, -0.000000000000000000, -1.000000000000000000 ) ) ;
#2397 = AXIS2_PLACEMENT_3D ( 'NONE', #1145, #7521, #331 ) ;
#2398 = VECTOR ( 'NONE', #2257, 39.37007874015748854 ) ;
#2399 = DIRECTION ( 'NONE',  ( -0.000000000000000000, -1.000000000000000000, 0.000000000000000000 ) ) ;
#2400 = CIRCLE ( 'NONE', #1481, 0.2500000000000000555 ) ;
#2401 = DIRECTION ( 'NONE',  ( 0.6123724356957839232, 0.3535533905932898291, -0.7071067811865484609 ) ) ;
#2402 = CARTESIAN_POINT ( 'NONE',  ( 1.859375000000029976, 0.3476343040826271880, -0.5357500000000000595 ) ) ;
#2403 = ORIENTED_EDGE ( 'NONE', *, *, #255, .F. ) ;
#2404 = ORIENTED_EDGE ( 'NONE', *, *, #9422, .T. ) ;
#2405 = CIRCLE ( 'NONE', #6043, 0.2174999999999991662 ) ;
#2406 = VECTOR ( 'NONE', #5332, 39.37007874015748854 ) ;
#2407 = VECTOR ( 'NONE', #4928, 39.37007874015748143 ) ;
#2408 = DIRECTION ( 'NONE',  ( 0.000000000000000000, 0.000000000000000000, -1.000000000000000000 ) ) ;
#2409 = CARTESIAN_POINT ( 'NONE',  ( 1.306874999999987574, 0.000000000000000000, -0.2500000000000000555 ) ) ;
#2410 = VERTEX_POINT ( 'NONE', #1084 ) ;
#2411 = ORIENTED_EDGE ( 'NONE', *, *, #3685, .T. ) ;
#2412 = CONICAL_SURFACE ( 'NONE', #1036, 0.2824999999999993072, 0.7853981633974461696 ) ;
#2413 = CARTESIAN_POINT ( 'NONE',  ( 1.306874999999987574, 0.000000000000000000, -0.1944947243515863511 ) ) ;
#2414 = CIRCLE ( 'NONE', #1644, 0.3449999999999986411 ) ;
#2415 = DIRECTION ( 'NONE',  ( 0.000000000000000000, 0.000000000000000000, -1.000000000000000000 ) ) ;
#2416 = CARTESIAN_POINT ( 'NONE',  ( -2.425200201892211638, -0.4800379978802461478, -0.5357500000000002816 ) ) ;
#2417 = ORIENTED_EDGE ( 'NONE', *, *, #2546, .T. ) ;
#2418 = VERTEX_POINT ( 'NONE', #3282 ) ;
#2419 = AXIS2_PLACEMENT_3D ( 'NONE', #7863, #7913, #3502 ) ;
#2420 = CARTESIAN_POINT ( 'NONE',  ( -2.125000000000000000, 0.000000000000000000, -0.9499999999999999556 ) ) ;
#2421 = ORIENTED_EDGE ( 'NONE', *, *, #8549, .T. ) ;
#2422 = DIRECTION ( 'NONE',  ( 0.000000000000000000, 0.000000000000000000, -1.000000000000000000 ) ) ;
#2423 = ORIENTED_EDGE ( 'NONE', *, *, #4893, .T. ) ;
#2424 = AXIS2_PLACEMENT_3D ( 'NONE', #457, #7026, #3376 ) ;
#2425 = EDGE_CURVE ( 'NONE', #5075, #8207, #963, .T. ) ;
#2426 = DIRECTION ( 'NONE',  ( 0.000000000000000000, 0.000000000000000000, -1.000000000000000000 ) ) ;
#2427 = FACE_OUTER_BOUND ( 'NONE', #3646, .T. ) ;
#2428 = LINE ( 'NONE', #9034, #1807 ) ;
#2429 = EDGE_CURVE ( 'NONE', #3433, #2274, #2569, .T. ) ;
#2430 = ORIENTED_EDGE ( 'NONE', *, *, #1050, .T. ) ;
#2431 = ADVANCED_FACE ( 'NONE', ( #4756 ), #7464, .F. ) ;
#2432 = CARTESIAN_POINT ( 'NONE',  ( -2.298124999999991314, 0.2984170477285114087, -0.9499999999999999556 ) ) ;
#2433 = CARTESIAN_POINT ( 'NONE',  ( 2.376618649053890753, -0.3451796254713021539, -0.9499999999999999556 ) ) ;
#2434 = VERTEX_POINT ( 'NONE', #8171 ) ;
#2435 = ORIENTED_EDGE ( 'NONE', *, *, #167, .T. ) ;
#2436 = CARTESIAN_POINT ( 'NONE',  ( 2.390625000000005329, 0.4058214234295524081, -0.5999999999999999778 ) ) ;
#2437 = AXIS2_PLACEMENT_3D ( 'NONE', #7248, #2879, #1440 ) ;
#2438 =( LENGTH_UNIT ( ) NAMED_UNIT ( * ) SI_UNIT ( $, .METRE. ) );
#2439 = LINE ( 'NONE', #5377, #6950 ) ;
#2440 = LINE ( 'NONE', #5283, #5359 ) ;
#2441 = CARTESIAN_POINT ( 'NONE',  ( 2.390625000000005773, 0.6404979548822425928, -0.4650000000000000799 ) ) ;
#2442 = DIRECTION ( 'NONE',  ( -0.5000000000000039968, 0.8660254037844362651, -0.000000000000000000 ) ) ;
#2443 = EDGE_CURVE ( 'NONE', #5554, #4122, #1657, .T. ) ;
#2444 = VERTEX_POINT ( 'NONE', #276 ) ;
#2445 = CONICAL_SURFACE ( 'NONE', #2147, 0.5324999999999970868, 0.7853981633974367327 ) ;
#2446 = CARTESIAN_POINT ( 'NONE',  ( -1.705660553399124035, 0.1247941033756949369, -0.3802642447046677421 ) ) ;
#2447 = CARTESIAN_POINT ( 'NONE',  ( -2.293247638562451396, -0.4038551499215468632, -0.9499999999999999556 ) ) ;
#2448 = EDGE_LOOP ( 'NONE', ( #6386, #6011, #6293, #3466 ) ) ;
#2449 = VECTOR ( 'NONE', #6416, 39.37007874015748143 ) ;
#2450 = CARTESIAN_POINT ( 'NONE',  ( 1.951875000000024007, 0.6404979548822711255, -0.6999999999999999556 ) ) ;
#2451 = CARTESIAN_POINT ( 'NONE',  ( 0.000000000000000000, -0.2687500000000005995, 0.000000000000000000 ) ) ;
#2452 = EDGE_CURVE ( 'NONE', #4798, #7596, #4020, .T. ) ;
#2453 = CLOSED_SHELL ( 'NONE', ( #9009, #6029, #2378, #4244, #3768, #121, #7683, #5739, #4469, #5916, #1143, #8031, #5452, #7045, #5152, #578, #5228, #7557, #4187, #3710, #1144, #6582, #1402, #519, #3687, #8648, #2031, #9171, #6451, #1371, #2947, #639, #2680, #7572, #1453, #5038, #2666, #5504, #8175, #4773, #809, #3614, #1142, #5987, #1990, #626, #8376, #3652, #5856, #8931, #9222, #2072, #1164, #4231, #7905, #2781, #6733, #828, #5353, #2897, #7323, #6235, #4060, #3311, #8590, #3767, #323, #6741, #4702, #4328, #6874, #2259, #7858, #2306, #9288, #3848, #3247, #8759, #6864, #4372, #9049, #8353, #7442, #5352, #1968, #6110, #6084, #7170, #4445, #4634, #8363, #1260, #2395, #7076, #3359, #7847, #1562, #6623, #8847, #4892, #1373, #4369, #5898, #3912, #5111, #6265, #3136, #1396, #4504, #7145, #1386, #4305, #4698, #7196, #494, #91, #3029, #1288, #6693, #4648, #5507, #5467, #2111, #1019, #9072, #7856, #3942, #3742, #2140, #82, #4492, #1264, #7247, #3435, #996, #4895, #1200, #1839, #8413, #7734, #5163, #4096, #741, #1250, #6173, #959, #9371, #7628, #3106, #8110, #5165, #7722, #625, #6851, #7826, #4824, #4247, #7918, #7046, #3840, #8673, #2224, #4, #6212, #3727, #4812, #1843, #4657, #8961, #5626, #2477, #2960, #6577, #9421, #8200, #802, #4759, #5617, #4668, #5584, #4425, #1522, #6794, #1445, #9416, #3809, #5641, #1485, #9239, #4326, #3415, #6734, #7743, #373, #5691, #8006, #375, #3781, #5649, #5677, #2836, #2743, #2808, #1770, #2722, #9311, #2770, #5397, #5215, #8818, #7440, #3910, #1911, #4998, #3011, #3014, #9117, #5793, #8401, #5344, #5796, #9110, #4531, #2626, #2217, #3041, #7413, #8697, #2509, #3272, #8592, #105, #6317, #2163, #7426, #2431, #850, #2370, #9128, #2794, #2651, #4595, #3600, #7981, #205, #5806, #3557, #6795, #2215, #5756, #5817, #1311, #4095, #5985, #1507, #4481, #7531, #8986, #5039, #5870, #7895, #5051, #627, #505, #8539, #2839, #4837, #3259, #6329, #4368, #8239, #4148, #2187, #4318, #6557, #6354, #2838, #2721, #9309, #3631, #3184, #7451 ) ) ;
#2454 = CARTESIAN_POINT ( 'NONE',  ( -2.500143830268922507, -0.5954755055462911395, -0.7932493951414447686 ) ) ;
#2455 = ORIENTED_EDGE ( 'NONE', *, *, #3797, .F. ) ;
#2456 = ORIENTED_EDGE ( 'NONE', *, *, #2425, .F. ) ;
#2457 = CARTESIAN_POINT ( 'NONE',  ( -2.297506576704451575, -0.2605805172054203589, -0.2545603832415576084 ) ) ;
#2458 = DIRECTION ( 'NONE',  ( 0.5000000000000035527, -0.8660254037844364872, -0.000000000000000000 ) ) ;
#2459 = EDGE_LOOP ( 'NONE', ( #3775, #1504, #5900, #8138 ) ) ;
#2460 = ORIENTED_EDGE ( 'NONE', *, *, #8704, .T. ) ;
#2461 = CARTESIAN_POINT ( 'NONE',  ( -2.453125000000005329, 0.6380358307719737887, -0.7349999999999999867 ) ) ;
#2462 = DIRECTION ( 'NONE',  ( 0.8660254037844348218, -0.5000000000000066613, -0.000000000000000000 ) ) ;
#2463 = DIRECTION ( 'NONE',  ( -0.000000000000000000, -0.000000000000000000, -1.000000000000000000 ) ) ;
#2464 = ORIENTED_EDGE ( 'NONE', *, *, #1852, .T. ) ;
#2465 = LINE ( 'NONE', #4234, #7351 ) ;
#2466 = ORIENTED_EDGE ( 'NONE', *, *, #4355, .T. ) ;
#2467 = DIRECTION ( 'NONE',  ( 0.7071067811865482389, -0.7071067811865467956, -0.000000000000000000 ) ) ;
#2468 = VERTEX_POINT ( 'NONE', #4295 ) ;
#2469 = FACE_OUTER_BOUND ( 'NONE', #7641, .T. ) ;
#2470 = CARTESIAN_POINT ( 'NONE',  ( 2.537660219341328460, -0.2382494887205698075, -0.2500000000000000555 ) ) ;
#2471 = B_SPLINE_CURVE_WITH_KNOTS ( 'NONE', 3,
 ( #3555, #1255, #1302, #4170 ),
 .UNSPECIFIED., .F., .F.,
 ( 4, 4 ),
 ( 0.000000000000000000, 0.001266630838601588271 ),
 .UNSPECIFIED. ) ;
#2472 = LINE ( 'NONE', #3283, #7437 ) ;
#2473 = DIRECTION ( 'NONE',  ( 0.000000000000000000, 0.000000000000000000, 1.000000000000000000 ) ) ;
#2474 = CARTESIAN_POINT ( 'NONE',  ( -2.546874999999995559, -0.5502869753213698312, -0.4150000000000000910 ) ) ;
#2475 = ORIENTED_EDGE ( 'NONE', *, *, #384, .F. ) ;
#2476 = ORIENTED_EDGE ( 'NONE', *, *, #551, .T. ) ;
#2477 = ADVANCED_FACE ( 'NONE', ( #6377 ), #6134, .F. ) ;
#2478 = CARTESIAN_POINT ( 'NONE',  ( 2.249163669743331706, -0.4195903559375950276, -0.3630944694227261627 ) ) ;
#2479 = VERTEX_POINT ( 'NONE', #7032 ) ;
#2480 = EDGE_CURVE ( 'NONE', #6663, #9321, #3470, .T. ) ;
#2481 = EDGE_CURVE ( 'NONE', #5487, #3150, #2497, .T. ) ;
#2482 = AXIS2_PLACEMENT_3D ( 'NONE', #686, #3593, #7957 ) ;
#2483 = CARTESIAN_POINT ( 'NONE',  ( 0.9077481638378339657, -0.3012499999999982969, -0.3887795275590554267 ) ) ;
#2484 = DIRECTION ( 'NONE',  ( -4.160602366287838157E-14, -0.7071067811865437980, -0.7071067811865512365 ) ) ;
#2485 = CARTESIAN_POINT ( 'NONE',  ( 2.425200201892211638, -0.4800379978802461478, -0.5357500000000002816 ) ) ;
#2486 = CARTESIAN_POINT ( 'NONE',  ( -2.125000000000000000, 0.000000000000000000, -0.9175000000000006484 ) ) ;
#2487 = CARTESIAN_POINT ( 'NONE',  ( 2.390625000000005773, 0.6404979548822425928, 0.2500000000000000555 ) ) ;
#2488 = ORIENTED_EDGE ( 'NONE', *, *, #2269, .T. ) ;
#2489 = AXIS2_PLACEMENT_3D ( 'NONE', #2373, #2235, #1518 ) ;
#2490 = VECTOR ( 'NONE', #2641, 39.37007874015748854 ) ;
#2491 = VERTEX_POINT ( 'NONE', #6471 ) ;
#2492 = PLANE ( 'NONE',  #2353 ) ;
#2493 = ORIENTED_EDGE ( 'NONE', *, *, #6746, .T. ) ;
#2494 = EDGE_CURVE ( 'NONE', #1710, #5057, #8573, .T. ) ;
#2495 = EDGE_CURVE ( 'NONE', #5910, #6770, #5654, .T. ) ;
#2496 = DIRECTION ( 'NONE',  ( -1.000000000000000000, 0.000000000000000000, 0.000000000000000000 ) ) ;
#2497 = CIRCLE ( 'NONE', #355, 0.2500000000000000555 ) ;
#2498 = DIRECTION ( 'NONE',  ( -0.000000000000000000, -0.000000000000000000, 1.000000000000000000 ) ) ;
#2499 = DIRECTION ( 'NONE',  ( 0.000000000000000000, 0.000000000000000000, -1.000000000000000000 ) ) ;
#2500 = AXIS2_PLACEMENT_3D ( 'NONE', #2367, #316, #8933 ) ;
#2501 = CARTESIAN_POINT ( 'NONE',  ( 0.000000000000000000, -0.3012499999999982969, -0.5324999999999970868 ) ) ;
#2502 = ORIENTED_EDGE ( 'NONE', *, *, #1718, .T. ) ;
#2503 = DIRECTION ( 'NONE',  ( 0.000000000000000000, 0.000000000000000000, -1.000000000000000000 ) ) ;
#2504 = CARTESIAN_POINT ( 'NONE',  ( -1.859375000000002665, 0.6404979548822695712, 6.829619984160658046E-17 ) ) ;
#2505 = EDGE_CURVE ( 'NONE', #3656, #3434, #7107, .T. ) ;
#2506 = CARTESIAN_POINT ( 'NONE',  ( 2.437765891387920547, 0.3059356744434871822, -0.3737597234363084220 ) ) ;
#2507 = ORIENTED_EDGE ( 'NONE', *, *, #1810, .F. ) ;
#2508 = AXIS2_PLACEMENT_3D ( 'NONE', #3670, #8881, #1555 ) ;
#2509 = ADVANCED_FACE ( 'NONE', ( #1176 ), #7178, .F. ) ;
#2510 = VECTOR ( 'NONE', #3488, 39.37007874015748854 ) ;
#2511 = ORIENTED_EDGE ( 'NONE', *, *, #8888, .T. ) ;
#2512 = DIRECTION ( 'NONE',  ( 0.7071067811865691111, 0.7071067811865260344, -0.000000000000000000 ) ) ;
#2513 = DIRECTION ( 'NONE',  ( 0.000000000000000000, 0.000000000000000000, 1.000000000000000000 ) ) ;
#2514 = DIRECTION ( 'NONE',  ( -0.8660254037844660191, -0.4999999999999527045, -0.000000000000000000 ) ) ;
#2515 = VECTOR ( 'NONE', #5341, 39.37007874015748143 ) ;
#2516 = ORIENTED_EDGE ( 'NONE', *, *, #1572, .F. ) ;
#2517 = CARTESIAN_POINT ( 'NONE',  ( 1.762299798107778814, -0.3717848224071720331, -0.5999999999999999778 ) ) ;
#2518 = EDGE_CURVE ( 'NONE', #1256, #5636, #4780, .T. ) ;
#2519 = EDGE_CURVE ( 'NONE', #7931, #5386, #1306, .T. ) ;
#2520 = CARTESIAN_POINT ( 'NONE',  ( 2.593124999999999680, -0.4701796254713037637, -0.9499999999999999556 ) ) ;
#2521 = VERTEX_POINT ( 'NONE', #3571 ) ;
#2522 = CARTESIAN_POINT ( 'NONE',  ( 1.533145825622967307, -0.1908744090717876263, -0.2500000000000000555 ) ) ;
#2523 = DIRECTION ( 'NONE',  ( 0.6123724356957922499, 0.3535533905932735643, -0.7071067811865493491 ) ) ;
#2524 = DIRECTION ( 'NONE',  ( 0.7071067811865511255, -0.7071067811865437980, 0.000000000000000000 ) ) ;
#2525 = CARTESIAN_POINT ( 'NONE',  ( -2.546874999999995559, -0.5502869753213701642, 0.9499999999999999556 ) ) ;
#2526 = ORIENTED_EDGE ( 'NONE', *, *, #2394, .T. ) ;
#2527 = ORIENTED_EDGE ( 'NONE', *, *, #7553, .T. ) ;
#2528 = PLANE ( 'NONE',  #2720 ) ;
#2529 = ORIENTED_EDGE ( 'NONE', *, *, #6138, .F. ) ;
#2530 = B_SPLINE_CURVE_WITH_KNOTS ( 'NONE', 3,
 ( #4609, #1696, #4656, #6928, #7546, #8398, #6839, #3229, #7598, #1073, #354, #6168, #2554, #5454 ),
 .UNSPECIFIED., .F., .F.,
 ( 4, 2, 2, 2, 2, 2, 4 ),
 ( 0.000000000000000000, 0.0003295577060318797863, 0.0006591154120637595726, 0.001318230824127514592, 0.001647788530159391938, 0.001977346236191269285, 0.002636461648255024413 ),
 .UNSPECIFIED. ) ;
#2531 = CARTESIAN_POINT ( 'NONE',  ( 1.984375000000010880, 0.6079979548822835866, -0.6999999999999999556 ) ) ;
#2532 = DIRECTION ( 'NONE',  ( 0.000000000000000000, 0.000000000000000000, -1.000000000000000000 ) ) ;
#2533 = DIRECTION ( 'NONE',  ( -1.000000000000000000, 0.000000000000000000, -2.185478394931412547E-15 ) ) ;
#2534 = FACE_OUTER_BOUND ( 'NONE', #8067, .T. ) ;
#2535 = EDGE_LOOP ( 'NONE', ( #142, #7867, #1411, #4111, #1337, #488, #351, #2270, #620, #800, #5081 ) ) ;
#2536 = CARTESIAN_POINT ( 'NONE',  ( -1.425435123085334821, -0.02685461453993916517, -0.8011496496916042931 ) ) ;
#2537 = ORIENTED_EDGE ( 'NONE', *, *, #5291, .T. ) ;
#2538 = FACE_OUTER_BOUND ( 'NONE', #1303, .T. ) ;
#2539 = LINE ( 'NONE', #388, #1932 ) ;
#2540 = CIRCLE ( 'NONE', #5728, 0.3124999999999972800 ) ;
#2541 = DIRECTION ( 'NONE',  ( -1.000000000000000000, -3.023406148612404573E-15, -0.000000000000000000 ) ) ;
#2542 = EDGE_CURVE ( 'NONE', #1124, #478, #4929, .T. ) ;
#2543 = CONICAL_SURFACE ( 'NONE', #1323, 0.04250000000000149492, 0.7853981633974536081 ) ;
#2544 = LINE ( 'NONE', #1773, #471 ) ;
#2545 = EDGE_CURVE ( 'NONE', #7040, #9184, #1228, .T. ) ;
#2546 = EDGE_CURVE ( 'NONE', #7131, #3269, #4145, .T. ) ;
#2547 = LINE ( 'NONE', #1977, #1490 ) ;
#2548 = AXIS2_PLACEMENT_3D ( 'NONE', #3782, #7620, #1052 ) ;
#2549 = DIRECTION ( 'NONE',  ( 1.000000000000000000, 0.000000000000000000, -0.000000000000000000 ) ) ;
#2550 = DIRECTION ( 'NONE',  ( 0.000000000000000000, 0.7071067811865490160, -0.7071067811865460184 ) ) ;
#2551 = EDGE_LOOP ( 'NONE', ( #8386, #8603, #8596, #1870 ) ) ;
#2552 = ORIENTED_EDGE ( 'NONE', *, *, #8762, .T. ) ;
#2553 = DIRECTION ( 'NONE',  ( 0.5000000000000041078, 0.8660254037844362651, -0.000000000000000000 ) ) ;
#2554 = CARTESIAN_POINT ( 'NONE',  ( 2.500143830268922507, -0.5954755055462911395, -0.7932493951414447686 ) ) ;
#2555 = CIRCLE ( 'NONE', #1338, 0.06424999999999986278 ) ;
#2556 = EDGE_CURVE ( 'NONE', #577, #5087, #8835, .T. ) ;
#2557 = LINE ( 'NONE', #264, #4193 ) ;
#2558 = CONICAL_SURFACE ( 'NONE', #6519, 0.3449999999999967537, 0.7853981633974503884 ) ;
#2559 = ORIENTED_EDGE ( 'NONE', *, *, #8352, .F. ) ;
#2560 = ORIENTED_EDGE ( 'NONE', *, *, #3210, .F. ) ;
#2561 = DIRECTION ( 'NONE',  ( 1.000000000000000000, 0.000000000000000000, 0.000000000000000000 ) ) ;
#2562 = ORIENTED_EDGE ( 'NONE', *, *, #7559, .T. ) ;
#2563 = CARTESIAN_POINT ( 'NONE',  ( 1.984375000000020206, 0.4058214234295524081, -0.6642500000000000071 ) ) ;
#2564 = VERTEX_POINT ( 'NONE', #8654 ) ;
#2565 = AXIS2_PLACEMENT_3D ( 'NONE', #8142, #6050, #8283 ) ;
#2566 = CONICAL_SURFACE ( 'NONE', #7121, 0.2174999999999992217, 0.7853981633974437271 ) ;
#2567 = CONICAL_SURFACE ( 'NONE', #3796, 0.5000000000000000000, 0.7853981633974536081 ) ;
#2568 = DIRECTION ( 'NONE',  ( 1.000000000000000000, -4.535261055593764468E-14, 0.000000000000000000 ) ) ;
#2569 = LINE ( 'NONE', #9131, #7499 ) ;
#2570 = DIMENSIONAL_EXPONENTS ( 1.000000000000000000, 0.000000000000000000, 0.000000000000000000, 0.000000000000000000, 0.000000000000000000, 0.000000000000000000, 0.000000000000000000 ) ;
#2571 = CARTESIAN_POINT ( 'NONE',  ( -1.813004557839720920, -0.01775088930758956032, -0.2600000000000002309 ) ) ;
#2572 = ORIENTED_EDGE ( 'NONE', *, *, #7784, .F. ) ;
#2573 = EDGE_CURVE ( 'NONE', #2733, #7528, #8695, .T. ) ;
#2574 = AXIS2_PLACEMENT_3D ( 'NONE', #6766, #7284, #1610 ) ;
#2575 = DIRECTION ( 'NONE',  ( -0.5000000000000039968, -0.8660254037844362651, -0.000000000000000000 ) ) ;
#2576 = PRESENTATION_LAYER_ASSIGNMENT (  '', '', ( #2883 ) ) ;
#2577 = CIRCLE ( 'NONE', #8500, 0.2499999999999999167 ) ;
#2578 = DIRECTION ( 'NONE',  ( 0.000000000000000000, 0.000000000000000000, -1.000000000000000000 ) ) ;
#2579 = ORIENTED_EDGE ( 'NONE', *, *, #9319, .T. ) ;
#2580 = EDGE_LOOP ( 'NONE', ( #8157, #6136, #8216, #4633 ) ) ;
#2581 = CARTESIAN_POINT ( 'NONE',  ( -1.791715991135747643, -0.006042542799555386882, -0.9382840088642540044 ) ) ;
#2582 = ORIENTED_EDGE ( 'NONE', *, *, #2071, .T. ) ;
#2583 = VECTOR ( 'NONE', #8845, 39.37007874015748143 ) ;
#2584 = CARTESIAN_POINT ( 'NONE',  ( 1.712339780658681754, -0.2382494887205523215, -0.2500000000000000555 ) ) ;
#2585 = PLANE ( 'NONE',  #7511 ) ;
#2586 = DIRECTION ( 'NONE',  ( -0.000000000000000000, -0.000000000000000000, 1.000000000000000000 ) ) ;
#2587 = LINE ( 'NONE', #7669, #8643 ) ;
#2588 = ORIENTED_EDGE ( 'NONE', *, *, #5628, .T. ) ;
#2589 = VERTEX_POINT ( 'NONE', #8743 ) ;
#2590 = CARTESIAN_POINT ( 'NONE',  ( -1.432303858867416846, -0.02808304632601995449, -0.8122190699021964999 ) ) ;
#2591 = ORIENTED_EDGE ( 'NONE', *, *, #6952, .F. ) ;
#2592 = CARTESIAN_POINT ( 'NONE',  ( 1.824799798107692439, -0.4800379978800762282, -0.5999999999999999778 ) ) ;
#2593 = ORIENTED_EDGE ( 'NONE', *, *, #1771, .F. ) ;
#2594 = CARTESIAN_POINT ( 'NONE',  ( 2.601910219341328379, -0.2382494887205698075, 0.000000000000000000 ) ) ;
#2595 = DIRECTION ( 'NONE',  ( 0.4999999999999923950, 0.8660254037844430375, -0.000000000000000000 ) ) ;
#2596 = CARTESIAN_POINT ( 'NONE',  ( -2.390625000000005329, 0.3476343040825998765, -0.7350000000000015410 ) ) ;
#2597 = AXIS2_PLACEMENT_3D ( 'NONE', #6639, #7204, #7337 ) ;
#2598 = CARTESIAN_POINT ( 'NONE',  ( 2.393029291085381871, 0.3457972016676397753, -0.5766778340100329192 ) ) ;
#2599 = ORIENTED_EDGE ( 'NONE', *, *, #4713, .T. ) ;
#2600 = CARTESIAN_POINT ( 'NONE',  ( 2.549743649053904715, -0.04531832941097126144, -0.6999999999999999556 ) ) ;
#2601 = CARTESIAN_POINT ( 'NONE',  ( 2.211547108317882149, -0.4288541104406126681, -0.4150000000000000910 ) ) ;
#2602 = AXIS2_PLACEMENT_3D ( 'NONE', #4474, #8077, #5173 ) ;
#2603 = EDGE_CURVE ( 'NONE', #3543, #6479, #1553, .T. ) ;
#2604 = CARTESIAN_POINT ( 'NONE',  ( -1.691127361437541943, 0.05622084583895081006, -0.8474999999999995870 ) ) ;
#2605 = EDGE_CURVE ( 'NONE', #7899, #510, #2038, .T. ) ;
#2606 = EDGE_CURVE ( 'NONE', #5707, #2792, #3757, .T. ) ;
#2607 = AXIS2_PLACEMENT_3D ( 'NONE', #8639, #4283, #7874 ) ;
#2608 = ORIENTED_EDGE ( 'NONE', *, *, #6087, .F. ) ;
#2609 = AXIS2_PLACEMENT_3D ( 'NONE', #2413, #1695, #310 ) ;
#2610 = LINE ( 'NONE', #3147, #9353 ) ;
#2611 = DIRECTION ( 'NONE',  ( 0.7071067811865260344, -0.7071067811865691111, 0.000000000000000000 ) ) ;
#2612 = AXIS2_PLACEMENT_3D ( 'NONE', #9165, #9214, #4464 ) ;
#2613 = ORIENTED_EDGE ( 'NONE', *, *, #2203, .F. ) ;
#2614 = DIRECTION ( 'NONE',  ( 2.185478394931412547E-15, -0.000000000000000000, 1.000000000000000000 ) ) ;
#2615 = CARTESIAN_POINT ( 'NONE',  ( 0.000000000000000000, 0.2687499999999967137, 0.000000000000000000 ) ) ;
#2616 = EDGE_LOOP ( 'NONE', ( #8811, #5277 ) ) ;
#2617 = EDGE_CURVE ( 'NONE', #786, #7920, #5737, .T. ) ;
#2618 = DIRECTION ( 'NONE',  ( -0.000000000000000000, -1.000000000000000000, -0.000000000000000000 ) ) ;
#2619 = DIRECTION ( 'NONE',  ( -1.092739197465715148E-15, -1.892679809432637684E-15, -1.000000000000000000 ) ) ;
#2620 = CARTESIAN_POINT ( 'NONE',  ( 2.558872638562463830, 0.05622084583890603338, 6.829619984160658046E-17 ) ) ;
#2621 = ORIENTED_EDGE ( 'NONE', *, *, #4984, .T. ) ;
#2622 = CARTESIAN_POINT ( 'NONE',  ( 2.425200201892211638, -0.4800379978802461478, -0.5357500000000002816 ) ) ;
#2623 = LINE ( 'NONE', #1137, #9046 ) ;
#2624 = ORIENTED_EDGE ( 'NONE', *, *, #6875, .F. ) ;
#2625 = ORIENTED_EDGE ( 'NONE', *, *, #876, .T. ) ;
#2626 = ADVANCED_FACE ( 'NONE', ( #3047 ), #8790, .F. ) ;
#2627 = DIRECTION ( 'NONE',  ( 0.000000000000000000, 0.000000000000000000, -1.000000000000000000 ) ) ;
#2628 = ORIENTED_EDGE ( 'NONE', *, *, #1667, .T. ) ;
#2629 = EDGE_CURVE ( 'NONE', #7752, #1046, #3722, .T. ) ;
#2630 = FACE_OUTER_BOUND ( 'NONE', #1022, .T. ) ;
#2631 = CARTESIAN_POINT ( 'NONE',  ( 1.668770825622963860, -0.4257837998483152142, -0.6999999999999999556 ) ) ;
#2632 = CARTESIAN_POINT ( 'NONE',  ( 1.813574818454364967, -0.02604556377267587541, -0.2500000000000000555 ) ) ;
#2633 = DIRECTION ( 'NONE',  ( 1.000000000000000000, 0.000000000000000000, 2.185478394931412547E-15 ) ) ;
#2634 = ORIENTED_EDGE ( 'NONE', *, *, #3499, .F. ) ;
#2635 = CARTESIAN_POINT ( 'NONE',  ( -1.457619219362565666, -0.04083989865979355954, -0.8389174173226140452 ) ) ;
#2636 = ORIENTED_EDGE ( 'NONE', *, *, #8605, .T. ) ;
#2637 = AXIS2_PLACEMENT_3D ( 'NONE', #641, #2827, #9303 ) ;
#2638 = CARTESIAN_POINT ( 'NONE',  ( 1.710327891682111856, 0.1394750607929389485, -0.9499999999999999556 ) ) ;
#2639 = ORIENTED_EDGE ( 'NONE', *, *, #8527, .T. ) ;
#2640 = LINE ( 'NONE', #4075, #3925 ) ;
#2641 = DIRECTION ( 'NONE',  ( -0.2588190451025368932, 0.9659258262890638713, 0.000000000000000000 ) ) ;
#2642 = CARTESIAN_POINT ( 'NONE',  ( -2.436995442160277303, -0.01775088930761715283, -0.2600000000000002309 ) ) ;
#2643 = VECTOR ( 'NONE', #4330, 39.37007874015748854 ) ;
#2644 = DIRECTION ( 'NONE',  ( 1.000000000000000000, 0.000000000000000000, -0.000000000000000000 ) ) ;
#2645 = ORIENTED_EDGE ( 'NONE', *, *, #1037, .T. ) ;
#2646 = DIRECTION ( 'NONE',  ( -0.4999999999999920064, -0.8660254037844433705, 0.000000000000000000 ) ) ;
#2647 = DIRECTION ( 'NONE',  ( 0.000000000000000000, 0.000000000000000000, 1.000000000000000000 ) ) ;
#2648 = CARTESIAN_POINT ( 'NONE',  ( 0.000000000000000000, 0.2312500000000110301, 0.000000000000000000 ) ) ;
#2649 = DIRECTION ( 'NONE',  ( -1.000000000000000000, 0.000000000000000000, 0.000000000000000000 ) ) ;
#2650 = CARTESIAN_POINT ( 'NONE',  ( 2.376618649053890753, -0.3451796254713022094, -0.9499999999999999556 ) ) ;
#2651 = ADVANCED_FACE ( 'NONE', ( #7934 ), #5831, .T. ) ;
#2652 = ORIENTED_EDGE ( 'NONE', *, *, #4137, .F. ) ;
#2653 = EDGE_CURVE ( 'NONE', #3082, #7538, #209, .T. ) ;
#2654 = EDGE_LOOP ( 'NONE', ( #6843, #5613, #7469, #7467 ) ) ;
#2655 = AXIS2_PLACEMENT_3D ( 'NONE', #2517, #8260, #8309 ) ;
#2656 = CIRCLE ( 'NONE', #7672, 0.2175000000000140987 ) ;
#2657 = CARTESIAN_POINT ( 'NONE',  ( -2.390625000000005773, 0.6404979548822425928, -0.6642500000000000071 ) ) ;
#2658 = DIRECTION ( 'NONE',  ( -0.3535533905932985999, -0.6123724356959215909, 0.7071067811864248931 ) ) ;
#2659 = ORIENTED_EDGE ( 'NONE', *, *, #2861, .F. ) ;
#2660 = LINE ( 'NONE', #1616, #273 ) ;
#2661 = CARTESIAN_POINT ( 'NONE',  ( 1.437499999999995337, -0.09021097956086862601, -0.4649999999999999689 ) ) ;
#2662 = CARTESIAN_POINT ( 'NONE',  ( -1.984375000000021094, 0.3904979548822709035, -0.6999999999999999556 ) ) ;
#2663 = VECTOR ( 'NONE', #4664, 39.37007874015748854 ) ;
#2664 = DIRECTION ( 'NONE',  ( -1.000000000000000000, 0.000000000000000000, 0.000000000000000000 ) ) ;
#2665 = AXIS2_PLACEMENT_3D ( 'NONE', #8979, #3276, #6075 ) ;
#2666 = ADVANCED_FACE ( 'NONE', ( #886 ), #2901, .F. ) ;
#2667 = VERTEX_POINT ( 'NONE', #7225 ) ;
#2668 = EDGE_CURVE ( 'NONE', #4601, #7198, #707, .T. ) ;
#2669 = EDGE_CURVE ( 'NONE', #4611, #5837, #4386, .T. ) ;
#2670 = CARTESIAN_POINT ( 'NONE',  ( 1.371124999999987715, 7.868355684521760830E-18, -0.1944947243515863511 ) ) ;
#2671 = ORIENTED_EDGE ( 'NONE', *, *, #1432, .F. ) ;
#2672 = EDGE_LOOP ( 'NONE', ( #6478, #7311, #6744, #6786, #5709, #7578, #7458, #2090, #4722 ) ) ;
#2673 = CARTESIAN_POINT ( 'NONE',  ( 2.265624999999998668, 0.2790714234295562646, -0.2600000000000002309 ) ) ;
#2674 = CONICAL_SURFACE ( 'NONE', #6631, 0.04250000000000079409, 0.7853981633974481680 ) ;
#2675 = CYLINDRICAL_SURFACE ( 'NONE', #349, 0.04450000000000003259 ) ;
#2676 = CARTESIAN_POINT ( 'NONE',  ( -1.880441930300842390, -0.4479129978800760470, -0.5999999999999999778 ) ) ;
#2677 = DIRECTION ( 'NONE',  ( 0.000000000000000000, 0.000000000000000000, 1.000000000000000000 ) ) ;
#2678 = CARTESIAN_POINT ( 'NONE',  ( 2.537660219341328460, -0.2382494887205698075, -0.2500000000000000555 ) ) ;
#2679 = VERTEX_POINT ( 'NONE', #6610 ) ;
#2680 = ADVANCED_FACE ( 'NONE', ( #3812 ), #1457, .F. ) ;
#2681 = LINE ( 'NONE', #678, #8597 ) ;
#2682 = ORIENTED_EDGE ( 'NONE', *, *, #8147, .T. ) ;
#2683 = VERTEX_POINT ( 'NONE', #841 ) ;
#2684 = DIRECTION ( 'NONE',  ( -0.000000000000000000, -0.000000000000000000, 1.000000000000000000 ) ) ;
#2685 = LINE ( 'NONE', #538, #4013 ) ;
#2686 = CARTESIAN_POINT ( 'NONE',  ( 0.000000000000000000, -0.2687499999999988787, 0.000000000000000000 ) ) ;
#2687 = DIRECTION ( 'NONE',  ( -0.000000000000000000, -0.000000000000000000, 1.000000000000000000 ) ) ;
#2688 = ORIENTED_EDGE ( 'NONE', *, *, #5262, .F. ) ;
#2689 = EDGE_CURVE ( 'NONE', #3055, #2813, #6708, .T. ) ;
#2690 = EDGE_CURVE ( 'NONE', #8554, #7241, #1122, .T. ) ;
#2691 = DIRECTION ( 'NONE',  ( -0.8660254037844363761, 0.5000000000000041078, 0.000000000000000000 ) ) ;
#2692 = LINE ( 'NONE', #7779, #8652 ) ;
#2693 = LINE ( 'NONE', #449, #5875 ) ;
#2694 = FACE_OUTER_BOUND ( 'NONE', #7719, .T. ) ;
#2695 = CARTESIAN_POINT ( 'NONE',  ( 2.453125000000024869, 0.2893790496476557617, -0.7898321067049647315 ) ) ;
#2696 = DIRECTION ( 'NONE',  ( 0.4999999999999527600, -0.8660254037844661301, -0.000000000000000000 ) ) ;
#2697 = AXIS2_PLACEMENT_3D ( 'NONE', #3354, #5535, #1919 ) ;
#2698 = VERTEX_POINT ( 'NONE', #979 ) ;
#2699 = VERTEX_POINT ( 'NONE', #3853 ) ;
#2700 = CONICAL_SURFACE ( 'NONE', #7548, 0.3449999999999983635, 0.7853981633974514986 ) ;
#2701 = EDGE_LOOP ( 'NONE', ( #6752, #5182, #3991, #4160 ) ) ;
#2702 = LINE ( 'NONE', #9125, #6533 ) ;
#2703 = DIRECTION ( 'NONE',  ( 0.000000000000000000, 0.000000000000000000, 1.000000000000000000 ) ) ;
#2704 = EDGE_LOOP ( 'NONE', ( #1506, #3986, #6453, #7322 ) ) ;
#2705 = CARTESIAN_POINT ( 'NONE',  ( 2.275155601338132882, -0.4110292705046165729, -0.8460649621165564627 ) ) ;
#2706 = VERTEX_POINT ( 'NONE', #4705 ) ;
#2707 = CIRCLE ( 'NONE', #7715, 0.04449999999999948441 ) ;
#2708 = DIRECTION ( 'NONE',  ( -0.8660254037844378194, 0.5000000000000012212, 0.000000000000000000 ) ) ;
#2709 = PRESENTATION_LAYER_ASSIGNMENT (  '', '', ( #4536 ) ) ;
#2710 = CARTESIAN_POINT ( 'NONE',  ( -1.654006350946105819, 0.03478902043912935477, -0.9499999999999999556 ) ) ;
#2711 = ORIENTED_EDGE ( 'NONE', *, *, #7545, .T. ) ;
#2712 = DIRECTION ( 'NONE',  ( 0.000000000000000000, 0.000000000000000000, -1.000000000000000000 ) ) ;
#2713 = LINE ( 'NONE', #4107, #4487 ) ;
#2714 = VERTEX_POINT ( 'NONE', #2362 ) ;
#2715 = EDGE_LOOP ( 'NONE', ( #1497, #2430, #3988, #6834, #5389, #1832 ) ) ;
#2716 = AXIS2_PLACEMENT_3D ( 'NONE', #8618, #2151, #3586 ) ;
#2717 = AXIS2_PLACEMENT_3D ( 'NONE', #2384, #6276, #9175 ) ;
#2718 = FACE_OUTER_BOUND ( 'NONE', #3969, .T. ) ;
#2719 = ORIENTED_EDGE ( 'NONE', *, *, #9406, .F. ) ;
#2720 = AXIS2_PLACEMENT_3D ( 'NONE', #472, #1805, #3388 ) ;
#2721 = ADVANCED_FACE ( 'NONE', ( #5403 ), #1834, .F. ) ;
#2722 = ADVANCED_FACE ( 'NONE', ( #5975 ), #6119, .F. ) ;
#2723 = EDGE_CURVE ( 'NONE', #2196, #5750, #8977, .T. ) ;
#2724 = LINE ( 'NONE', #5619, #1132 ) ;
#2725 = CARTESIAN_POINT ( 'NONE',  ( 1.984375000000017319, 0.4058214234295524081, -0.5357500000000000595 ) ) ;
#2726 = CYLINDRICAL_SURFACE ( 'NONE', #7725, 0.06424999999999973788 ) ;
#2727 = VECTOR ( 'NONE', #6888, 39.37007874015748854 ) ;
#2728 = ORIENTED_EDGE ( 'NONE', *, *, #237, .F. ) ;
#2729 = CARTESIAN_POINT ( 'NONE',  ( 1.483749999999971925, -0.1703183294109479606, -0.2599999999999997313 ) ) ;
#2730 = ORIENTED_EDGE ( 'NONE', *, *, #1197, .F. ) ;
#2731 = PRESENTATION_LAYER_ASSIGNMENT (  '', '', ( #2266 ) ) ;
#2732 = CARTESIAN_POINT ( 'NONE',  ( 2.390625000000005773, 0.6404979548822425928, -0.5357500000000000595 ) ) ;
#2733 = VERTEX_POINT ( 'NONE', #6020 ) ;
#2734 = EDGE_CURVE ( 'NONE', #8503, #7931, #6838, .T. ) ;
#2735 = LINE ( 'NONE', #1296, #4680 ) ;
#2736 = CARTESIAN_POINT ( 'NONE',  ( -2.515624999999995559, -0.6044135630578968410, -0.4150000000000000910 ) ) ;
#2737 = DIRECTION ( 'NONE',  ( -0.5000000000000434097, 0.8660254037844137276, 0.000000000000000000 ) ) ;
#2738 = CARTESIAN_POINT ( 'NONE',  ( 1.371124999999987493, 7.868355684521728474E-18, -0.2500000000000000555 ) ) ;
#2739 = DIRECTION ( 'NONE',  ( 0.000000000000000000, 0.000000000000000000, -1.000000000000000000 ) ) ;
#2740 = EDGE_LOOP ( 'NONE', ( #5937, #6826, #1271, #5247 ) ) ;
#2741 = CARTESIAN_POINT ( 'NONE',  ( 1.712339780658681754, -0.2382494887205523215, 0.000000000000000000 ) ) ;
#2742 = DIRECTION ( 'NONE',  ( 0.000000000000000000, 0.000000000000000000, -1.000000000000000000 ) ) ;
#2743 = ADVANCED_FACE ( 'NONE', ( #936 ), #216, .T. ) ;
#2744 = CARTESIAN_POINT ( 'NONE',  ( -1.984375000000025979, 0.2790714234295686436, -0.9174999999999992051 ) ) ;
#2745 = DIRECTION ( 'NONE',  ( -0.6499998807689796321, 0.7071067811865492381, -0.2783884965301368086 ) ) ;
#2746 = CARTESIAN_POINT ( 'NONE',  ( 2.601910219341328379, -0.2382494887205698075, -0.1944947243515863511 ) ) ;
#2747 = AXIS2_PLACEMENT_3D ( 'NONE', #615, #6378, #9327 ) ;
#2748 = ORIENTED_EDGE ( 'NONE', *, *, #7285, .T. ) ;
#2749 = CARTESIAN_POINT ( 'NONE',  ( 1.813004557839720920, -0.01775088930758956032, -0.9174999999999992051 ) ) ;
#2750 = LINE ( 'NONE', #6421, #1961 ) ;
#2751 = ORIENTED_EDGE ( 'NONE', *, *, #31, .T. ) ;
#2752 = DIRECTION ( 'NONE',  ( -0.000000000000000000, -0.000000000000000000, 1.000000000000000000 ) ) ;
#2753 = ORIENTED_EDGE ( 'NONE', *, *, #6057, .F. ) ;
#2754 = VECTOR ( 'NONE', #6364, 39.37007874015748854 ) ;
#2755 = CARTESIAN_POINT ( 'NONE',  ( 1.856970708914643442, 0.3457972016676595928, -0.6233221659900196610 ) ) ;
#2756 = DIRECTION ( 'NONE',  ( 1.000000000000000000, 1.865610830299460874E-15, 0.000000000000000000 ) ) ;
#2757 = AXIS2_PLACEMENT_3D ( 'NONE', #6549, #1586, #5823 ) ;
#2758 = PLANE ( 'NONE',  #1285 ) ;
#2759 = DIRECTION ( 'NONE',  ( 0.8660254037844432595, 0.4999999999999919509, 0.000000000000000000 ) ) ;
#2760 = ORIENTED_EDGE ( 'NONE', *, *, #4602, .T. ) ;
#2761 = ORIENTED_EDGE ( 'NONE', *, *, #2956, .T. ) ;
#2762 = DIRECTION ( 'NONE',  ( 0.4999999999999972800, -0.8660254037844402619, -0.000000000000000000 ) ) ;
#2763 = ORIENTED_EDGE ( 'NONE', *, *, #1077, .T. ) ;
#2764 = LINE ( 'NONE', #9382, #7714 ) ;
#2765 = CARTESIAN_POINT ( 'NONE',  ( -2.255624999999998881, 0.2838896957886962169, -0.2500000000000000555 ) ) ;
#2766 = DIRECTION ( 'NONE',  ( 0.8660254037844443697, -0.4999999999999902300, -1.639108796198557537E-15 ) ) ;
#2767 = CARTESIAN_POINT ( 'NONE',  ( 1.781250000000008438, -4.038522381758778294E-17, -0.9487499999999929878 ) ) ;
#2768 = B_SPLINE_CURVE_WITH_KNOTS ( 'NONE', 3,
 ( #1055, #1006, #1096, #4016, #1760, #8379, #1147, #5379, #4678, #1813 ),
 .UNSPECIFIED., .F., .F.,
 ( 4, 2, 2, 2, 4 ),
 ( 1.734723475976807094E-18, 0.0003734599253481080648, 0.0007469198506962143949, 0.001120379776044320725, 0.001493839701392431609 ),
 .UNSPECIFIED. ) ;
#2769 = ORIENTED_EDGE ( 'NONE', *, *, #2152, .T. ) ;
#2770 = ADVANCED_FACE ( 'NONE', ( #3138 ), #7544, .F. ) ;
#2771 = DIRECTION ( 'NONE',  ( 0.4999999999999987232, 0.8660254037844393737, -0.000000000000000000 ) ) ;
#2772 = EDGE_LOOP ( 'NONE', ( #7183, #1010, #9378, #750 ) ) ;
#2773 = EDGE_CURVE ( 'NONE', #7131, #6791, #7642, .T. ) ;
#2774 = CYLINDRICAL_SURFACE ( 'NONE', #4835, 0.06424999999999990441 ) ;
#2775 = PLANE ( 'NONE',  #1469 ) ;
#2776 = CYLINDRICAL_SURFACE ( 'NONE', #3704, 0.06424999999999973788 ) ;
#2777 = CARTESIAN_POINT ( 'NONE',  ( 1.776589780658681894, -0.2382494887205523215, -0.1944947243515863511 ) ) ;
#2778 = CARTESIAN_POINT ( 'NONE',  ( -1.621674798107783033, -0.1282151775928082327, -0.5357500000000002816 ) ) ;
#2779 = PLANE ( 'NONE',  #7771 ) ;
#2780 = EDGE_LOOP ( 'NONE', ( #6368, #3612, #324, #5829 ) ) ;
#2781 = ADVANCED_FACE ( 'NONE', ( #4042 ), #8208, .F. ) ;
#2782 = CARTESIAN_POINT ( 'NONE',  ( 2.390625000000005773, 0.6404979548822425928, 6.829619984160658046E-17 ) ) ;
#2783 = ORIENTED_EDGE ( 'NONE', *, *, #3366, .F. ) ;
#2784 = EDGE_CURVE ( 'NONE', #5705, #4867, #3833, .T. ) ;
#2785 = LINE ( 'NONE', #1257, #4712 ) ;
#2786 = DIRECTION ( 'NONE',  ( 0.000000000000000000, 0.000000000000000000, 1.000000000000000000 ) ) ;
#2787 = VECTOR ( 'NONE', #7522, 39.37007874015748143 ) ;
#2788 = CYLINDRICAL_SURFACE ( 'NONE', #2607, 0.3124999999999974465 ) ;
#2789 = LINE ( 'NONE', #9213, #4792 ) ;
#2790 = DIRECTION ( 'NONE',  ( -0.000000000000000000, -0.000000000000000000, -1.000000000000000000 ) ) ;
#2791 = EDGE_CURVE ( 'NONE', #7581, #1153, #9021, .T. ) ;
#2792 = VERTEX_POINT ( 'NONE', #3947 ) ;
#2793 = AXIS2_PLACEMENT_3D ( 'NONE', #4618, #6178, #9079 ) ;
#2794 = ADVANCED_FACE ( 'NONE', ( #1781 ), #7497, .T. ) ;
#2795 = ORIENTED_EDGE ( 'NONE', *, *, #9132, .T. ) ;
#2796 = FACE_OUTER_BOUND ( 'NONE', #5924, .T. ) ;
#2797 = EDGE_LOOP ( 'NONE', ( #3519, #4313, #8359, #5614 ) ) ;
#2798 = DIRECTION ( 'NONE',  ( 1.000000000000000000, 3.023406148612434155E-15, 0.000000000000000000 ) ) ;
#2799 = ORIENTED_EDGE ( 'NONE', *, *, #83, .F. ) ;
#2800 = CARTESIAN_POINT ( 'NONE',  ( 2.211547108317583721, -0.4288541104406776716, -0.7849999999997243627 ) ) ;
#2801 = ORIENTED_EDGE ( 'NONE', *, *, #5729, .F. ) ;
#2802 = AXIS2_PLACEMENT_3D ( 'NONE', #8027, #4434, #9425 ) ;
#2803 = DIRECTION ( 'NONE',  ( -0.8660254037844363761, 0.5000000000000041078, 0.000000000000000000 ) ) ;
#2804 = CARTESIAN_POINT ( 'NONE',  ( -2.265625000000000000, 0.6404979548822425928, -0.9499999999999999556 ) ) ;
#2805 = CARTESIAN_POINT ( 'NONE',  ( 1.483749999999971925, -0.1703183294109479051, -0.9499999999999999556 ) ) ;
#2806 = VECTOR ( 'NONE', #6713, 39.37007874015748854 ) ;
#2807 = EDGE_CURVE ( 'NONE', #8176, #9008, #6797, .T. ) ;
#2808 = ADVANCED_FACE ( 'NONE', ( #5355, #8255 ), #173, .F. ) ;
#2809 = PLANE ( 'NONE',  #5834 ) ;
#2810 = ORIENTED_EDGE ( 'NONE', *, *, #4379, .F. ) ;
#2811 = ORIENTED_EDGE ( 'NONE', *, *, #1744, .F. ) ;
#2812 = FACE_OUTER_BOUND ( 'NONE', #3242, .T. ) ;
#2813 = VERTEX_POINT ( 'NONE', #353 ) ;
#2814 = VECTOR ( 'NONE', #5568, 39.37007874015747433 ) ;
#2815 = CIRCLE ( 'NONE', #5393, 0.2500000000000000555 ) ;
#2816 = SURFACE_STYLE_FILL_AREA ( #9336 ) ;
#2817 = CARTESIAN_POINT ( 'NONE',  ( -1.994375000000038423, -5.924184753867600315E-15, -0.2500000000000000555 ) ) ;
#2818 = FACE_BOUND ( 'NONE', #4219, .T. ) ;
#2819 = CARTESIAN_POINT ( 'NONE',  ( -1.667839780658681992, -0.2382494887205523215, -0.2500000000000000555 ) ) ;
#2820 = ORIENTED_EDGE ( 'NONE', *, *, #2368, .T. ) ;
#2821 = LINE ( 'NONE', #3587, #4045 ) ;
#2822 = ORIENTED_EDGE ( 'NONE', *, *, #8670, .F. ) ;
#2823 = AXIS2_PLACEMENT_3D ( 'NONE', #29, #8030, #5933 ) ;
#2824 = CARTESIAN_POINT ( 'NONE',  ( -2.812500000000023093, 0.6404979548822424817, -0.5357500000000000595 ) ) ;
#2825 = VERTEX_POINT ( 'NONE', #3274 ) ;
#2826 = DIRECTION ( 'NONE',  ( -0.8660254037844364872, -0.5000000000000039968, 0.000000000000000000 ) ) ;
#2827 = DIRECTION ( 'NONE',  ( -1.000000000000000000, -3.023406148612404967E-15, 0.000000000000000000 ) ) ;
#2828 = CARTESIAN_POINT ( 'NONE',  ( 1.654006350946105819, 0.03478902043912935477, -0.6999999999999999556 ) ) ;
#2829 = CARTESIAN_POINT ( 'NONE',  ( 2.716854174377005826, -0.1908744090717845177, -0.2600000000000000089 ) ) ;
#2830 = AXIS2_PLACEMENT_3D ( 'NONE', #4209, #4869, #1964 ) ;
#2831 = SURFACE_SIDE_STYLE ('',( #2974 ) ) ;
#2832 = B_SPLINE_CURVE_WITH_KNOTS ( 'NONE', 3,
 ( #651, #2695, #8594, #7069, #5593, #1308, #549, #6415, #6363, #9268, #5732, #1403, #4284, #7925, #4331, #9314 ),
 .UNSPECIFIED., .F., .F.,
 ( 4, 2, 2, 2, 2, 2, 2, 4 ),
 ( 0.002937417615281274173, 0.003303932797524175482, 0.003670447979767076357, 0.004036963162009977665, 0.004403478344252878540, 0.004769993526495779415, 0.005136508708738681157, 0.005869539073224492448 ),
 .UNSPECIFIED. ) ;
#2833 = DIRECTION ( 'NONE',  ( 0.000000000000000000, -0.000000000000000000, -1.000000000000000000 ) ) ;
#2834 = ORIENTED_EDGE ( 'NONE', *, *, #5264, .F. ) ;
#2835 = LINE ( 'NONE', #2980, #1934 ) ;
#2836 = ADVANCED_FACE ( 'NONE', ( #7454 ), #3089, .F. ) ;
#2837 = VERTEX_POINT ( 'NONE', #1298 ) ;
#2838 = ADVANCED_FACE ( 'NONE', ( #4216 ), #9253, .F. ) ;
#2839 = ADVANCED_FACE ( 'NONE', ( #5018 ), #4967, .T. ) ;
#2840 = CARTESIAN_POINT ( 'NONE',  ( -2.265624999999999556, 0.4058214234295524081, -0.5999999999999999778 ) ) ;
#2841 = PLANE ( 'NONE',  #1836 ) ;
#2842 = ORIENTED_EDGE ( 'NONE', *, *, #6804, .F. ) ;
#2843 = CARTESIAN_POINT ( 'NONE',  ( -2.265625000000000000, 0.6079979548822481705, -0.2599999999999999534 ) ) ;
#2844 = DIRECTION ( 'NONE',  ( -0.000000000000000000, -0.000000000000000000, 1.000000000000000000 ) ) ;
#2845 = EDGE_LOOP ( 'NONE', ( #8427, #2906, #5030, #4054 ) ) ;
#2846 = CARTESIAN_POINT ( 'NONE',  ( -1.712339780658681754, -0.2382494887205523215, 5.578266170116183356E-17 ) ) ;
#2847 = EDGE_CURVE ( 'NONE', #5456, #5234, #2024, .T. ) ;
#2848 = VECTOR ( 'NONE', #1205, 39.37007874015748143 ) ;
#2849 = DIRECTION ( 'NONE',  ( 1.000000000000000000, 0.000000000000000000, 0.000000000000000000 ) ) ;
#2850 = VECTOR ( 'NONE', #5079, 39.37007874015748143 ) ;
#2851 = DIRECTION ( 'NONE',  ( 1.000000000000000000, 0.000000000000000000, 0.000000000000000000 ) ) ;
#2852 = FACE_OUTER_BOUND ( 'NONE', #2361, .T. ) ;
#2853 = VERTEX_POINT ( 'NONE', #6447 ) ;
#2854 = VERTEX_POINT ( 'NONE', #8532 ) ;
#2855 = ORIENTED_EDGE ( 'NONE', *, *, #3182, .T. ) ;
#2856 = VECTOR ( 'NONE', #4910, 39.37007874015748143 ) ;
#2857 = DIRECTION ( 'NONE',  ( 0.8660254037844660191, -0.4999999999999527045, -0.000000000000000000 ) ) ;
#2858 = ORIENTED_EDGE ( 'NONE', *, *, #1197, .T. ) ;
#2859 = AXIS2_PLACEMENT_3D ( 'NONE', #962, #1104, #299 ) ;
#2860 = LINE ( 'NONE', #7902, #6506 ) ;
#2861 = EDGE_CURVE ( 'NONE', #7624, #7579, #9373, .T. ) ;
#2862 = DIRECTION ( 'NONE',  ( 0.5000000000000041078, -0.8660254037844362651, -2.185478394931412152E-15 ) ) ;
#2863 = DIRECTION ( 'NONE',  ( -0.4999999999999972800, -0.8660254037844402619, -0.000000000000000000 ) ) ;
#2864 = LINE ( 'NONE', #9437, #4551 ) ;
#2865 = VECTOR ( 'NONE', #961, 39.37007874015748143 ) ;
#2866 = AXIS2_PLACEMENT_3D ( 'NONE', #4291, #7079, #2082 ) ;
#2867 = CIRCLE ( 'NONE', #7570, 0.06425000000000000155 ) ;
#2868 = DIRECTION ( 'NONE',  ( -4.535261055593764468E-14, 1.000000000000000000, 0.000000000000000000 ) ) ;
#2869 = VERTEX_POINT ( 'NONE', #3594 ) ;
#2870 = B_SPLINE_CURVE_WITH_KNOTS ( 'NONE', 3,
 ( #6647, #3655, #6551, #8734, #1496, #7391, #4426, #3700, #6600, #5921, #8826, #2311, #2454, #967 ),
 .UNSPECIFIED., .F., .F.,
 ( 4, 2, 2, 2, 2, 2, 4 ),
 ( 0.000000000000000000, 0.0003295577060318797863, 0.0006591154120637595726, 0.001318230824127514592, 0.001647788530159391938, 0.001977346236191269285, 0.002636461648255024413 ),
 .UNSPECIFIED. ) ;
#2871 = DIRECTION ( 'NONE',  ( 3.566230599675457989E-14, -0.7071067811865444641, -0.7071067811865503483 ) ) ;
#2872 = ORIENTED_EDGE ( 'NONE', *, *, #6138, .T. ) ;
#2873 = CONICAL_SURFACE ( 'NONE', #1790, 0.1124999999999999611, 0.7155849933176748889 ) ;
#2874 = CARTESIAN_POINT ( 'NONE',  ( -1.262374999999988257, 0.000000000000000000, 0.000000000000000000 ) ) ;
#2875 = CARTESIAN_POINT ( 'NONE',  ( 2.390625000000005329, 0.3476343040825998765, -0.3525000000000004241 ) ) ;
#2876 = AXIS2_PLACEMENT_3D ( 'NONE', #3906, #359, #8404 ) ;
#2877 = DIRECTION ( 'NONE',  ( -0.9659258262890686453, -0.2588190451025195737, 0.000000000000000000 ) ) ;
#2878 = CARTESIAN_POINT ( 'NONE',  ( -2.593125000000000124, -0.4701796254713027090, -0.6999999999999999556 ) ) ;
#2879 = DIRECTION ( 'NONE',  ( 0.000000000000000000, 0.000000000000000000, 1.000000000000000000 ) ) ;
#2880 = VERTEX_POINT ( 'NONE', #7201 ) ;
#2881 = CIRCLE ( 'NONE', #8185, 0.06424999999999979339 ) ;
#2882 = FACE_OUTER_BOUND ( 'NONE', #5928, .T. ) ;
#2883 = STYLED_ITEM ( 'NONE', ( #5991 ), #5849 ) ;
#2884 = ORIENTED_EDGE ( 'NONE', *, *, #7075, .T. ) ;
#2885 = VECTOR ( 'NONE', #5600, 39.37007874015748143 ) ;
#2886 = CARTESIAN_POINT ( 'NONE',  ( 1.710327891682111856, 0.1394750607929389485, -0.4100878509056115617 ) ) ;
#2887 = CONICAL_SURFACE ( 'NONE', #7136, 0.04250000000000149492, 0.7853981633974536081 ) ;
#2888 = CARTESIAN_POINT ( 'NONE',  ( 2.060750000000000082, 0.4764989774411177437, -0.1944947243515863511 ) ) ;
#2889 = DIRECTION ( 'NONE',  ( -0.4999999999999918954, -0.8660254037844431485, -2.185478394931412152E-15 ) ) ;
#2890 = CYLINDRICAL_SURFACE ( 'NONE', #7922, 0.04449999999999948441 ) ;
#2891 = ORIENTED_EDGE ( 'NONE', *, *, #6676, .T. ) ;
#2892 = EDGE_CURVE ( 'NONE', #8261, #946, #9323, .T. ) ;
#2893 = ORIENTED_EDGE ( 'NONE', *, *, #9351, .F. ) ;
#2894 = DIRECTION ( 'NONE',  ( -0.9659258262890737523, -0.2588190451025007000, 0.000000000000000000 ) ) ;
#2895 = EDGE_CURVE ( 'NONE', #2825, #5313, #748, .T. ) ;
#2896 = AXIS2_PLACEMENT_3D ( 'NONE', #7729, #1208, #2161 ) ;
#2897 = ADVANCED_FACE ( 'NONE', ( #590 ), #2117, .F. ) ;
#2898 = DIRECTION ( 'NONE',  ( -0.8660254037844363761, 0.5000000000000039968, 0.000000000000000000 ) ) ;
#2899 = VERTEX_POINT ( 'NONE', #7815 ) ;
#2900 = ORIENTED_EDGE ( 'NONE', *, *, #4392, .T. ) ;
#2901 = PLANE ( 'NONE',  #2802 ) ;
#2902 = CARTESIAN_POINT ( 'NONE',  ( -2.390625000000005329, 0.4058214234295524081, -0.5999999999999999778 ) ) ;
#2903 = CIRCLE ( 'NONE', #8204, 0.06424999999999959910 ) ;
#2904 = LINE ( 'NONE', #2138, #1982 ) ;
#2905 = CARTESIAN_POINT ( 'NONE',  ( 2.281250000000000000, 0.2706329386826341055, -0.9175000000000007594 ) ) ;
#2906 = ORIENTED_EDGE ( 'NONE', *, *, #1263, .T. ) ;
#2907 = ORIENTED_EDGE ( 'NONE', *, *, #4931, .F. ) ;
#2908 = EDGE_CURVE ( 'NONE', #9420, #5984, #5956, .T. ) ;
#2909 = CARTESIAN_POINT ( 'NONE',  ( 2.515624999999995559, -0.6044135630578968410, -0.7349999999999999867 ) ) ;
#2910 = ORIENTED_EDGE ( 'NONE', *, *, #8132, .T. ) ;
#2911 = PRESENTATION_LAYER_ASSIGNMENT (  '', '', ( #6857 ) ) ;
#2912 = DIRECTION ( 'NONE',  ( 1.000000000000000000, 0.000000000000000000, -0.000000000000000000 ) ) ;
#2913 = CIRCLE ( 'NONE', #8214, 0.2500000000000000000 ) ;
#2914 = CARTESIAN_POINT ( 'NONE',  ( 1.663770825622965521, -0.4171235458104699534, -0.2599999999999999534 ) ) ;
#2915 = CARTESIAN_POINT ( 'NONE',  ( 1.769157665914542266, -0.5121629978800764649, -0.5999999999999999778 ) ) ;
#2916 = LENGTH_MEASURE_WITH_UNIT ( LENGTH_MEASURE( 0.02539999999999999897 ), #9385 );
#2917 = STYLED_ITEM ( 'NONE', ( #3505 ), #4318 ) ;
#2918 = DIRECTION ( 'NONE',  ( -0.7071067811865467956, -0.7071067811865482389, 0.000000000000000000 ) ) ;
#2919 = ORIENTED_EDGE ( 'NONE', *, *, #5680, .F. ) ;
#2920 = EDGE_CURVE ( 'NONE', #6274, #3875, #287, .T. ) ;
#2921 = CARTESIAN_POINT ( 'NONE',  ( -1.712339780658681754, -0.2382494887205523215, 0.000000000000000000 ) ) ;
#2922 = VERTEX_POINT ( 'NONE', #2777 ) ;
#2923 = CARTESIAN_POINT ( 'NONE',  ( 1.710327891682204449, 0.1394750607932296049, -0.7849999999997243627 ) ) ;
#2924 = CARTESIAN_POINT ( 'NONE',  ( 2.301018505284309068, -0.2582212438023087642, -0.2509472078721711741 ) ) ;
#2925 = DIRECTION ( 'NONE',  ( -0.8660254037844133945, -0.5000000000000437428, -1.884033099078697832E-15 ) ) ;
#2926 = FACE_OUTER_BOUND ( 'NONE', #6384, .T. ) ;
#2927 = CARTESIAN_POINT ( 'NONE',  ( 0.000000000000000000, -0.2687499999999988787, -1.020000000000000018 ) ) ;
#2928 = VERTEX_POINT ( 'NONE', #9349 ) ;
#2929 = FACE_OUTER_BOUND ( 'NONE', #5959, .T. ) ;
#2930 = EDGE_LOOP ( 'NONE', ( #8108, #5240, #9098, #7990 ) ) ;
#2931 = EDGE_CURVE ( 'NONE', #8176, #1688, #5675, .T. ) ;
#2932 = MANIFOLD_SOLID_BREP ( 'CSK for #4 Flat Head Machine Screw3', #2453 ) ;
#2933 = CARTESIAN_POINT ( 'NONE',  ( -2.812500000000023093, 0.4058214234295524081, -0.5999999999999999778 ) ) ;
#2934 = FACE_OUTER_BOUND ( 'NONE', #5046, .T. ) ;
#2935 = FACE_OUTER_BOUND ( 'NONE', #2930, .T. ) ;
#2936 = PRESENTATION_STYLE_ASSIGNMENT (( #7215 ) ) ;
#2937 = VERTEX_POINT ( 'NONE', #1577 ) ;
#2938 = ORIENTED_EDGE ( 'NONE', *, *, #3664, .T. ) ;
#2939 = CARTESIAN_POINT ( 'NONE',  ( -1.691127361437541943, 0.05622084583895026189, -0.4650000000000000799 ) ) ;
#2940 = CIRCLE ( 'NONE', #1868, 0.04449999999999948441 ) ;
#2941 = CARTESIAN_POINT ( 'NONE',  ( -1.483749999999971925, -0.1703183294109479051, -0.9499999999999999556 ) ) ;
#2942 = ORIENTED_EDGE ( 'NONE', *, *, #8704, .F. ) ;
#2943 = ORIENTED_EDGE ( 'NONE', *, *, #798, .T. ) ;
#2944 = DIRECTION ( 'NONE',  ( 0.000000000000000000, -1.000000000000000000, 0.000000000000000000 ) ) ;
#2945 = FACE_OUTER_BOUND ( 'NONE', #8411, .T. ) ;
#2946 = EDGE_CURVE ( 'NONE', #2002, #2418, #5105, .T. ) ;
#2947 = ADVANCED_FACE ( 'NONE', ( #8234 ), #7335, .T. ) ;
#2948 = AXIS2_PLACEMENT_3D ( 'NONE', #1821, #7632, #5493 ) ;
#2949 = DIRECTION ( 'NONE',  ( -0.8660254037844448138, -0.4999999999999893419, -0.000000000000000000 ) ) ;
#2950 = LINE ( 'NONE', #5936, #9026 ) ;
#2951 = VERTEX_POINT ( 'NONE', #8768 ) ;
#2952 = ORIENTED_EDGE ( 'NONE', *, *, #7269, .T. ) ;
#2953 = CARTESIAN_POINT ( 'NONE',  ( -2.125000000000000000, 0.4764989774411199086, -0.2500000000000000555 ) ) ;
#2954 = ORIENTED_EDGE ( 'NONE', *, *, #1797, .T. ) ;
#2955 = VECTOR ( 'NONE', #6807, 39.37007874015748143 ) ;
#2956 = EDGE_CURVE ( 'NONE', #4979, #4394, #4456, .T. ) ;
#2957 = CARTESIAN_POINT ( 'NONE',  ( 2.211547108317882149, -0.4288541104406126681, -0.9499999999999999556 ) ) ;
#2958 = DIRECTION ( 'NONE',  ( -1.000000000000000000, 0.000000000000000000, 0.000000000000000000 ) ) ;
#2959 = CARTESIAN_POINT ( 'NONE',  ( -2.125000000000000000, 0.000000000000000000, -0.4649999999999993583 ) ) ;
#2960 = ADVANCED_FACE ( 'NONE', ( #194, #819 ), #2341, .F. ) ;
#2961 = CARTESIAN_POINT ( 'NONE',  ( 1.812500000000002665, 0.000000000000000000, -0.9174999999999992051 ) ) ;
#2962 = EDGE_CURVE ( 'NONE', #2922, #3591, #5150, .T. ) ;
#2963 = DIRECTION ( 'NONE',  ( 0.000000000000000000, 0.000000000000000000, 1.000000000000000000 ) ) ;
#2964 = ORIENTED_EDGE ( 'NONE', *, *, #2892, .T. ) ;
#2965 = DIRECTION ( 'NONE',  ( 0.4999999999999918954, 0.8660254037844431485, 0.000000000000000000 ) ) ;
#2966 = AXIS2_PLACEMENT_3D ( 'NONE', #1240, #4957, #4156 ) ;
#2967 = CARTESIAN_POINT ( 'NONE',  ( 1.533145825622967307, -0.1908744090717874597, -0.2600000000000000089 ) ) ;
#2968 = VERTEX_POINT ( 'NONE', #8141 ) ;
#2969 = CARTESIAN_POINT ( 'NONE',  ( -2.293247638562451396, -0.4038551499215468632, -0.9499999999999999556 ) ) ;
#2970 = CARTESIAN_POINT ( 'NONE',  ( 2.390625000000005773, 0.6404979548822425928, -0.4150000000000000910 ) ) ;
#2971 = DIRECTION ( 'NONE',  ( 1.000000000000000000, 0.000000000000000000, 0.000000000000000000 ) ) ;
#2972 = DIRECTION ( 'NONE',  ( -0.4999999999999982792, 0.8660254037844398178, 0.000000000000000000 ) ) ;
#2973 = EDGE_CURVE ( 'NONE', #6642, #49, #3945, .T. ) ;
#2974 = SURFACE_STYLE_FILL_AREA ( #55 ) ;
#2975 = VECTOR ( 'NONE', #1083, 39.37007874015748143 ) ;
#2976 = ORIENTED_EDGE ( 'NONE', *, *, #6554, .F. ) ;
#2977 = AXIS2_PLACEMENT_3D ( 'NONE', #6597, #1585, #5204 ) ;
#2978 = CARTESIAN_POINT ( 'NONE',  ( 2.390625000000005773, 0.6404979548822425928, -0.7849999999999999201 ) ) ;
#2979 = EDGE_LOOP ( 'NONE', ( #5361, #3256, #1722, #7516 ) ) ;
#2980 = CARTESIAN_POINT ( 'NONE',  ( 2.425200201892211638, -0.4800379978802461478, -0.6642499999999997851 ) ) ;
#2981 = FACE_OUTER_BOUND ( 'NONE', #862, .T. ) ;
#2982 = CARTESIAN_POINT ( 'NONE',  ( 2.515624999999995559, -0.6044135630578968410, -0.4650000000000000799 ) ) ;
#2983 = EDGE_CURVE ( 'NONE', #483, #6655, #6730, .T. ) ;
#2984 = EDGE_CURVE ( 'NONE', #2937, #7528, #7381, .T. ) ;
#2985 = LENGTH_MEASURE_WITH_UNIT ( LENGTH_MEASURE( 0.02539999999999999897 ), #4376 );
#2986 = EDGE_LOOP ( 'NONE', ( #6013, #4522, #7637, #2258, #188, #4823, #536, #1000, #5213, #1483, #8851, #9316, #9278, #8591, #4685, #1165, #2175, #660, #3838, #1789, #2900, #702 ) ) ;
#2987 = ORIENTED_EDGE ( 'NONE', *, *, #2605, .F. ) ;
#2988 = VERTEX_POINT ( 'NONE', #239 ) ;
#2989 = DIRECTION ( 'NONE',  ( -0.000000000000000000, 1.000000000000000000, -0.000000000000000000 ) ) ;
#2990 = CARTESIAN_POINT ( 'NONE',  ( -1.306874999999987574, 0.000000000000000000, 5.578266170116183356E-17 ) ) ;
#2991 = B_SPLINE_CURVE_WITH_KNOTS ( 'NONE', 3,
 ( #7787, #6273, #5696, #5551, #8452, #7885, #1937, #4140, #3422, #4185, #553, #1366, #3465, #610 ),
 .UNSPECIFIED., .F., .F.,
 ( 4, 2, 2, 2, 2, 2, 4 ),
 ( 0.000000000000000000, 0.0003295577060318717632, 0.0006591154120637435264, 0.001318230824127501147, 0.001647788530159379795, 0.001977346236191258443, 0.002636461648255016173 ),
 .UNSPECIFIED. ) ;
#2992 = VERTEX_POINT ( 'NONE', #8957 ) ;
#2993 = VERTEX_POINT ( 'NONE', #2441 ) ;
#2994 = CARTESIAN_POINT ( 'NONE',  ( -2.296370442160278635, -0.2613205341219648203, -0.9175000000000006484 ) ) ;
#2995 = CARTESIAN_POINT ( 'NONE',  ( -2.390625000000005773, 0.5923487661265872672, -0.8474999999999995870 ) ) ;
#2996 = DIRECTION ( 'NONE',  ( 0.3535533905932668475, -0.6123724356958004655, 0.7071067811865456854 ) ) ;
#2997 = DIRECTION ( 'NONE',  ( -1.000000000000000000, 0.000000000000000000, 0.000000000000000000 ) ) ;
#2998 = ORIENTED_EDGE ( 'NONE', *, *, #2668, .T. ) ;
#2999 = ORIENTED_EDGE ( 'NONE', *, *, #3842, .F. ) ;
#3000 =( BOUNDED_CURVE ( )  B_SPLINE_CURVE ( 3, ( #4510, #7345, #5824, #2218 ),
 .UNSPECIFIED., .F., .T. ) 
 B_SPLINE_CURVE_WITH_KNOTS ( ( 4, 4 ),
 ( 2.232276764925731349, 2.330313546880752096 ),
 .UNSPECIFIED. ) 
 CURVE ( )  GEOMETRIC_REPRESENTATION_ITEM ( )  RATIONAL_B_SPLINE_CURVE ( ( 1.000000000000000000, 0.9991992261430528988, 0.9991992261430528988, 1.000000000000000000 ) ) 
 REPRESENTATION_ITEM ( '' )  );
#3001 = CARTESIAN_POINT ( 'NONE',  ( -2.257663553004292112, -0.4170057285111467560, -0.3592211982275868021 ) ) ;
#3002 = VERTEX_POINT ( 'NONE', #955 ) ;
#3003 = VECTOR ( 'NONE', #1436, 39.37007874015748143 ) ;
#3004 = CARTESIAN_POINT ( 'NONE',  ( -2.453125000000005329, 0.6404979548822425928, -0.7349999999999999867 ) ) ;
#3005 = VECTOR ( 'NONE', #7872, 39.37007874015748854 ) ;
#3006 = LINE ( 'NONE', #672, #4636 ) ;
#3007 = FACE_OUTER_BOUND ( 'NONE', #6701, .T. ) ;
#3008 = AXIS2_PLACEMENT_3D ( 'NONE', #7333, #8094, #863 ) ;
#3009 = LINE ( 'NONE', #5992, #5399 ) ;
#3010 = VERTEX_POINT ( 'NONE', #1531 ) ;
#3011 = ADVANCED_FACE ( 'NONE', ( #2387 ), #97, .F. ) ;
#3012 = VECTOR ( 'NONE', #5718, 39.37007874015748854 ) ;
#3013 = CARTESIAN_POINT ( 'NONE',  ( 1.712339780658681754, -0.2382494887205523215, -0.2500000000000000555 ) ) ;
#3014 = ADVANCED_FACE ( 'NONE', ( #8858 ), #5284, .F. ) ;
#3015 = B_SPLINE_CURVE_WITH_KNOTS ( 'NONE', 3,
 ( #3805, #6014, #4604, #2457, #1639, #4697 ),
 .UNSPECIFIED., .F., .F.,
 ( 4, 2, 4 ),
 ( 8.673617379884035472E-19, 0.0002093745834697657664, 0.0004187491669395306654 ),
 .UNSPECIFIED. ) ;
#3016 = EDGE_CURVE ( 'NONE', #7920, #8302, #8053, .T. ) ;
#3017 = ORIENTED_EDGE ( 'NONE', *, *, #385, .T. ) ;
#3018 = DIRECTION ( 'NONE',  ( 0.8660254037844353769, 0.5000000000000056621, 0.000000000000000000 ) ) ;
#3019 = DIRECTION ( 'NONE',  ( 1.000000000000000000, 0.000000000000000000, 0.000000000000000000 ) ) ;
#3020 = CARTESIAN_POINT ( 'NONE',  ( 1.824839780658681798, -0.2382494887205523215, -0.2500000000000000555 ) ) ;
#3021 = DIRECTION ( 'NONE',  ( 0.8660254037844002939, 0.5000000000000666134, 0.000000000000000000 ) ) ;
#3022 = AXIS2_PLACEMENT_3D ( 'NONE', #7963, #5637, #733 ) ;
#3023 = AXIS2_PLACEMENT_3D ( 'NONE', #5553, #1573, #6374 ) ;
#3024 = AXIS2_PLACEMENT_3D ( 'NONE', #3013, #47, #4407 ) ;
#3025 = CARTESIAN_POINT ( 'NONE',  ( -1.700256350946108164, -0.04531832941093613676, -0.9499999999999999556 ) ) ;
#3026 = VERTEX_POINT ( 'NONE', #1673 ) ;
#3027 = LINE ( 'NONE', #7438, #6666 ) ;
#3028 = ORIENTED_EDGE ( 'NONE', *, *, #8466, .T. ) ;
#3029 = ADVANCED_FACE ( 'NONE', ( #5908 ), #149, .F. ) ;
#3030 = VECTOR ( 'NONE', #3507, 39.37007874015748143 ) ;
#3031 = DIRECTION ( 'NONE',  ( -1.000000000000000000, 0.000000000000000000, 0.000000000000000000 ) ) ;
#3032 = AXIS2_PLACEMENT_3D ( 'NONE', #24, #2273, #5828 ) ;
#3033 = DIRECTION ( 'NONE',  ( -0.6560590289905070538, 0.000000000000000000, -0.7547095802227722361 ) ) ;
#3034 = DIRECTION ( 'NONE',  ( 0.8660254037844000718, 0.5000000000000667244, 0.000000000000000000 ) ) ;
#3035 = CARTESIAN_POINT ( 'NONE',  ( 1.994375000000012443, 0.6404979548822627988, -0.2175000000000000266 ) ) ;
#3036 = VERTEX_POINT ( 'NONE', #7476 ) ;
#3037 = AXIS2_PLACEMENT_3D ( 'NONE', #1521, #674, #4448 ) ;
#3038 = CONICAL_SURFACE ( 'NONE', #8339, 0.1124999999999999611, 0.7155849933176748889 ) ;
#3039 = VERTEX_POINT ( 'NONE', #4499 ) ;
#3040 = CARTESIAN_POINT ( 'NONE',  ( 2.265625000000000000, 0.6079979548822432855, -0.9499999999999999556 ) ) ;
#3041 = ADVANCED_FACE ( 'NONE', ( #6819 ), #6244, .F. ) ;
#3042 = CIRCLE ( 'NONE', #5156, 0.04449999999999948441 ) ;
#3043 = DIRECTION ( 'NONE',  ( -1.000000000000000000, 0.000000000000000000, 0.000000000000000000 ) ) ;
#3044 = ORIENTED_EDGE ( 'NONE', *, *, #909, .T. ) ;
#3045 = AXIS2_PLACEMENT_3D ( 'NONE', #4885, #8444, #8540 ) ;
#3046 = ORIENTED_EDGE ( 'NONE', *, *, #178, .T. ) ;
#3047 = FACE_OUTER_BOUND ( 'NONE', #8390, .T. ) ;
#3048 = DIRECTION ( 'NONE',  ( 0.2588190451025333405, 0.9659258262890649815, -0.000000000000000000 ) ) ;
#3049 = LINE ( 'NONE', #7275, #3732 ) ;
#3050 = ORIENTED_EDGE ( 'NONE', *, *, #7896, .F. ) ;
#3051 = ORIENTED_EDGE ( 'NONE', *, *, #491, .T. ) ;
#3052 = CARTESIAN_POINT ( 'NONE',  ( -1.528145825622967191, -0.1822141550339431981, -0.2599999999999999534 ) ) ;
#3053 = ORIENTED_EDGE ( 'NONE', *, *, #1656, .F. ) ;
#3054 = CARTESIAN_POINT ( 'NONE',  ( -2.275330505353885702, -0.4109673163000679974, -0.3538915543536296227 ) ) ;
#3055 = VERTEX_POINT ( 'NONE', #3394 ) ;
#3056 = CIRCLE ( 'NONE', #5311, 0.2500000000000000000 ) ;
#3057 = DIRECTION ( 'NONE',  ( -1.000000000000000000, -5.090879084663727145E-14, 0.000000000000000000 ) ) ;
#3058 = CARTESIAN_POINT ( 'NONE',  ( -2.593125000000000124, -0.4701796254713026535, -0.6999999999999999556 ) ) ;
#3059 = DIRECTION ( 'NONE',  ( 0.000000000000000000, 0.000000000000000000, 1.000000000000000000 ) ) ;
#3060 = DIRECTION ( 'NONE',  ( 0.000000000000000000, 0.000000000000000000, 1.000000000000000000 ) ) ;
#3061 = ORIENTED_EDGE ( 'NONE', *, *, #7892, .T. ) ;
#3062 = ORIENTED_EDGE ( 'NONE', *, *, #7033, .T. ) ;
#3063 = AXIS2_PLACEMENT_3D ( 'NONE', #3813, #708, #5881 ) ;
#3064 = CARTESIAN_POINT ( 'NONE',  ( 2.265624999999998668, 0.2790714234295562646, -0.9175000000000007594 ) ) ;
#3065 = LENGTH_MEASURE_WITH_UNIT ( LENGTH_MEASURE( 0.02539999999999999897 ), #2438 );
#3066 = AXIS2_PLACEMENT_3D ( 'NONE', #5643, #5731, #7781 ) ;
#3067 = EDGE_LOOP ( 'NONE', ( #2417, #2753, #8797, #7601 ) ) ;
#3068 = DIRECTION ( 'NONE',  ( 0.000000000000000000, 0.000000000000000000, 1.000000000000000000 ) ) ;
#3069 = VECTOR ( 'NONE', #1833, 39.37007874015748854 ) ;
#3070 = CARTESIAN_POINT ( 'NONE',  ( 2.425200201892211638, -0.4800379978802461478, -0.6642499999999997851 ) ) ;
#3071 = DIRECTION ( 'NONE',  ( 0.000000000000000000, 0.000000000000000000, 1.000000000000000000 ) ) ;
#3072 = DIRECTION ( 'NONE',  ( -3.023406148612404967E-15, -1.000000000000000000, 0.000000000000000000 ) ) ;
#3073 = VECTOR ( 'NONE', #9271, 39.37007874015748854 ) ;
#3074 = VERTEX_POINT ( 'NONE', #6291 ) ;
#3075 = EDGE_CURVE ( 'NONE', #5254, #398, #3250, .T. ) ;
#3076 = EDGE_CURVE ( 'NONE', #4979, #8741, #378, .T. ) ;
#3077 = CARTESIAN_POINT ( 'NONE',  ( -2.451525660056900868, 0.6192682622734069220, -0.8011496496916047372 ) ) ;
#3078 = EDGE_LOOP ( 'NONE', ( #7472, #6012, #2390, #1806 ) ) ;
#3079 = CARTESIAN_POINT ( 'NONE',  ( 0.000000000000000000, -0.6044135630578968410, 0.000000000000000000 ) ) ;
#3080 = DIRECTION ( 'NONE',  ( 0.8660254037844395958, -0.4999999999999983902, 0.000000000000000000 ) ) ;
#3081 = DIRECTION ( 'NONE',  ( 1.000000000000000000, 0.000000000000000000, 1.658456209688565037E-16 ) ) ;
#3082 = VERTEX_POINT ( 'NONE', #6862 ) ;
#3083 = EDGE_CURVE ( 'NONE', #1863, #3039, #6957, .T. ) ;
#3084 = ORIENTED_EDGE ( 'NONE', *, *, #2668, .F. ) ;
#3085 = DIRECTION ( 'NONE',  ( 0.000000000000000000, 0.000000000000000000, -1.000000000000000000 ) ) ;
#3086 = CARTESIAN_POINT ( 'NONE',  ( 2.190312499999974349, 0.1131245683693123810, -0.2500000000000000555 ) ) ;
#3087 = ORIENTED_EDGE ( 'NONE', *, *, #7793, .T. ) ;
#3088 = ORIENTED_EDGE ( 'NONE', *, *, #2518, .T. ) ;
#3089 = PLANE ( 'NONE',  #3524 ) ;
#3090 = DIRECTION ( 'NONE',  ( 0.5000000000000047740, -0.8660254037844359321, 0.000000000000000000 ) ) ;
#3091 = EDGE_CURVE ( 'NONE', #3875, #6274, #2881, .T. ) ;
#3092 = DIRECTION ( 'NONE',  ( -1.000000000000000000, 0.000000000000000000, 0.000000000000000000 ) ) ;
#3093 = B_SPLINE_CURVE_WITH_KNOTS ( 'NONE', 3,
 ( #6218, #3943, #6836, #6878, #6017, #8156, #2506, #3990, #350, #3268, #9063, #8919, #1640, #4562 ),
 .UNSPECIFIED., .F., .F.,
 ( 4, 2, 2, 2, 2, 2, 4 ),
 ( 0.000000000000000000, 0.0007337661947641840095, 0.001467532389528368019, 0.001834415486910454928, 0.002201298584292542271, 0.002568181681674629180, 0.002935064779056716523 ),
 .UNSPECIFIED. ) ;
#3094 = CARTESIAN_POINT ( 'NONE',  ( -1.167433081593972632, -0.2687499999999988787, -0.4999999999999999445 ) ) ;
#3095 = VECTOR ( 'NONE', #1158, 39.37007874015748143 ) ;
#3096 = DIRECTION ( 'NONE',  ( -1.000000000000000000, 0.000000000000000000, 0.000000000000000000 ) ) ;
#3097 = ORIENTED_EDGE ( 'NONE', *, *, #8817, .F. ) ;
#3098 = AXIS2_PLACEMENT_3D ( 'NONE', #8678, #2159, #6492 ) ;
#3099 = LINE ( 'NONE', #5088, #4553 ) ;
#3100 = EDGE_LOOP ( 'NONE', ( #7741, #3375, #877, #713 ) ) ;
#3101 = FACE_OUTER_BOUND ( 'NONE', #6736, .T. ) ;
#3102 = VECTOR ( 'NONE', #4966, 39.37007874015748143 ) ;
#3103 =( CONVERSION_BASED_UNIT ( 'INCH', #6035 ) LENGTH_UNIT ( ) NAMED_UNIT ( #363 ) );
#3104 = DIRECTION ( 'NONE',  ( -0.000000000000000000, -0.000000000000000000, 1.000000000000000000 ) ) ;
#3105 = ORIENTED_EDGE ( 'NONE', *, *, #4956, .T. ) ;
#3106 = ADVANCED_FACE ( 'NONE', ( #7523 ), #6065, .F. ) ;
#3107 = EDGE_CURVE ( 'NONE', #6796, #2444, #1861, .T. ) ;
#3108 = CYLINDRICAL_SURFACE ( 'NONE', #7071, 0.06249999999999967387 ) ;
#3109 = ORIENTED_EDGE ( 'NONE', *, *, #5438, .F. ) ;
#3110 = ORIENTED_EDGE ( 'NONE', *, *, #3370, .F. ) ;
#3111 = VECTOR ( 'NONE', #6128, 39.37007874015748143 ) ;
#3112 = CARTESIAN_POINT ( 'NONE',  ( 2.766250000000021192, -0.1703183294109594514, -0.6999999999999999556 ) ) ;
#3113 = DIRECTION ( 'NONE',  ( 0.8660254037844401509, -0.4999999999999972800, -0.000000000000000000 ) ) ;
#3114 = DIRECTION ( 'NONE',  ( 1.000000000000000000, 0.000000000000000000, 0.000000000000000000 ) ) ;
#3115 = CARTESIAN_POINT ( 'NONE',  ( -1.857131350946074955, -0.3170337998483052089, -0.6999999999999999556 ) ) ;
#3116 = CARTESIAN_POINT ( 'NONE',  ( -1.786818850946106707, -0.1952489774411181045, -0.6999999999999999556 ) ) ;
#3117 = CARTESIAN_POINT ( 'NONE',  ( -2.425200201892211638, -0.4800379978802461478, -0.5999999999999999778 ) ) ;
#3118 = AXIS2_PLACEMENT_3D ( 'NONE', #9325, #4102, #8509 ) ;
#3119 = ORIENTED_EDGE ( 'NONE', *, *, #7195, .T. ) ;
#3120 = AXIS2_PLACEMENT_3D ( 'NONE', #3531, #8460, #4248 ) ;
#3121 = AXIS2_PLACEMENT_3D ( 'NONE', #7235, #9435, #7947 ) ;
#3122 = CARTESIAN_POINT ( 'NONE',  ( 2.812500000000023093, 0.6404979548822424817, -0.6642500000000000071 ) ) ;
#3123 = ORIENTED_EDGE ( 'NONE', *, *, #932, .T. ) ;
#3124 = DIRECTION ( 'NONE',  ( -0.8660254037844432595, 0.4999999999999919509, 0.000000000000000000 ) ) ;
#3125 = DIRECTION ( 'NONE',  ( -0.4999999999999923950, 0.8660254037844430375, 0.000000000000000000 ) ) ;
#3126 = DIRECTION ( 'NONE',  ( -0.5000000000000056621, -0.8660254037844354880, 0.000000000000000000 ) ) ;
#3127 = AXIS2_PLACEMENT_3D ( 'NONE', #1929, #4179, #4839 ) ;
#3128 = CIRCLE ( 'NONE', #4507, 0.4374999999999960587 ) ;
#3129 = CARTESIAN_POINT ( 'NONE',  ( 0.000000000000000000, -0.3012499999999982969, 0.000000000000000000 ) ) ;
#3130 = VERTEX_POINT ( 'NONE', #9093 ) ;
#3131 = CYLINDRICAL_SURFACE ( 'NONE', #7286, 0.009999999999999988065 ) ;
#3132 = VECTOR ( 'NONE', #3866, 39.37007874015748143 ) ;
#3133 = CARTESIAN_POINT ( 'NONE',  ( 0.5325000000000017497, 0.3012499999999984079, 0.000000000000000000 ) ) ;
#3134 = ORIENTED_EDGE ( 'NONE', *, *, #7651, .F. ) ;
#3135 = EDGE_CURVE ( 'NONE', #8481, #5496, #9417, .T. ) ;
#3136 = ADVANCED_FACE ( 'NONE', ( #9043, #9193, #1909 ), #333, .T. ) ;
#3137 = ORIENTED_EDGE ( 'NONE', *, *, #7134, .F. ) ;
#3138 = FACE_OUTER_BOUND ( 'NONE', #8672, .T. ) ;
#3139 = CARTESIAN_POINT ( 'NONE',  ( 2.390625000000005773, 0.6404979548822425928, -0.8474999999999995870 ) ) ;
#3140 = CARTESIAN_POINT ( 'NONE',  ( -2.453125000000005329, 0.6404979548822425928, -0.4150000000000000910 ) ) ;
#3141 = ORIENTED_EDGE ( 'NONE', *, *, #3199, .T. ) ;
#3142 = ORIENTED_EDGE ( 'NONE', *, *, #4070, .F. ) ;
#3143 = LINE ( 'NONE', #1127, #1499 ) ;
#3144 = ORIENTED_EDGE ( 'NONE', *, *, #8019, .F. ) ;
#3145 = EDGE_CURVE ( 'NONE', #2468, #7855, #2768, .T. ) ;
#3146 = CARTESIAN_POINT ( 'NONE',  ( 2.546874999999995559, -0.5502869753213696091, -0.7350000000000000977 ) ) ;
#3147 = CARTESIAN_POINT ( 'NONE',  ( 1.769157665914542266, -0.5121629978800764649, -0.5999999999999999778 ) ) ;
#3148 = CARTESIAN_POINT ( 'NONE',  ( -1.813004557839720476, -0.01775088930758962624, -0.2572037272617221371 ) ) ;
#3149 = DIRECTION ( 'NONE',  ( 1.000000000000000000, 0.000000000000000000, 0.000000000000000000 ) ) ;
#3150 = VERTEX_POINT ( 'NONE', #4816 ) ;
#3151 = CARTESIAN_POINT ( 'NONE',  ( 2.125000000000000000, 0.000000000000000000, 0.000000000000000000 ) ) ;
#3152 = ORIENTED_EDGE ( 'NONE', *, *, #2895, .T. ) ;
#3153 = EDGE_LOOP ( 'NONE', ( #8820, #7223, #409, #5252 ) ) ;
#3154 = CARTESIAN_POINT ( 'NONE',  ( 2.453125000000005329, 0.6226218398590324110, -0.7932493951414452127 ) ) ;
#3155 = EDGE_CURVE ( 'NONE', #3602, #7140, #6101, .T. ) ;
#3156 = CARTESIAN_POINT ( 'NONE',  ( 2.392868649053890628, -0.3170337998483087616, -0.9175000000000006484 ) ) ;
#3157 = CARTESIAN_POINT ( 'NONE',  ( 1.994375000000009557, 0.6404979548822627988, -0.2175000000000000266 ) ) ;
#3158 = CARTESIAN_POINT ( 'NONE',  ( -1.437499999999995559, -0.09021097956087463510, -0.2499999999999998335 ) ) ;
#3159 = DIRECTION ( 'NONE',  ( -0.4999999999999919509, -0.8660254037844432595, -0.000000000000000000 ) ) ;
#3160 = DIRECTION ( 'NONE',  ( -1.000000000000000000, 5.090879084663727145E-14, 0.000000000000000000 ) ) ;
#3161 = CIRCLE ( 'NONE', #2697, 0.06425000000000000155 ) ;
#3162 = ORIENTED_EDGE ( 'NONE', *, *, #6224, .T. ) ;
#3163 = VECTOR ( 'NONE', #5727, 39.37007874015748143 ) ;
#3164 = CARTESIAN_POINT ( 'NONE',  ( -2.438410726635508396, 0.6067516740937434205, -0.8254813800261058265 ) ) ;
#3165 = EDGE_LOOP ( 'NONE', ( #5865, #8855, #3279, #8375 ) ) ;
#3166 = CARTESIAN_POINT ( 'NONE',  ( -1.859375000000029976, 0.3476343040826271324, -0.6272455802306846628 ) ) ;
#3167 = EDGE_LOOP ( 'NONE', ( #7025, #245, #793, #2220 ) ) ;
#3168 = CARTESIAN_POINT ( 'NONE',  ( 2.390625000000005773, 0.6404979548822425928, -0.6642500000000000071 ) ) ;
#3169 = LINE ( 'NONE', #389, #5523 ) ;
#3170 = B_SPLINE_CURVE_WITH_KNOTS ( 'NONE', 3,
 ( #7837, #4848, #7129, #4142 ),
 .UNSPECIFIED., .F., .F.,
 ( 4, 4 ),
 ( 0.000000000000000000, 0.001266630838601753069 ),
 .UNSPECIFIED. ) ;
#3171 = CARTESIAN_POINT ( 'NONE',  ( -1.533145825622967307, -0.1908744090717870434, -0.2500000000000000555 ) ) ;
#3172 = ORIENTED_EDGE ( 'NONE', *, *, #6768, .T. ) ;
#3173 = VECTOR ( 'NONE', #4864, 39.37007874015748143 ) ;
#3174 = CIRCLE ( 'NONE', #8487, 0.4374999999999960032 ) ;
#3175 = CARTESIAN_POINT ( 'NONE',  ( 2.609374999999999112, -0.4420337998483104269, 0.9499999999999999556 ) ) ;
#3176 = LINE ( 'NONE', #5305, #7558 ) ;
#3177 = ORIENTED_EDGE ( 'NONE', *, *, #1113, .T. ) ;
#3178 = EDGE_LOOP ( 'NONE', ( #6879, #2811, #5602, #8420 ) ) ;
#3179 = CARTESIAN_POINT ( 'NONE',  ( 2.463181149053891072, -0.1952489774411230172, -0.6999999999999999556 ) ) ;
#3180 = VECTOR ( 'NONE', #2467, 39.37007874015748143 ) ;
#3181 = FACE_OUTER_BOUND ( 'NONE', #1429, .T. ) ;
#3182 = EDGE_CURVE ( 'NONE', #8275, #8552, #4258, .T. ) ;
#3183 = FACE_OUTER_BOUND ( 'NONE', #621, .T. ) ;
#3184 = ADVANCED_FACE ( 'NONE', ( #5423 ), #6948, .F. ) ;
#3185 = VERTEX_POINT ( 'NONE', #4115 ) ;
#3186 = EDGE_CURVE ( 'NONE', #3340, #6362, #1426, .T. ) ;
#3187 = DIRECTION ( 'NONE',  ( -0.000000000000000000, -0.000000000000000000, 1.000000000000000000 ) ) ;
#3188 = ORIENTED_EDGE ( 'NONE', *, *, #8064, .T. ) ;
#3189 = CARTESIAN_POINT ( 'NONE',  ( 1.991847578994567769, 0.2827267639397001431, -0.2499999999999999722 ) ) ;
#3190 = ORIENTED_EDGE ( 'NONE', *, *, #739, .T. ) ;
#3191 = VECTOR ( 'NONE', #6835, 39.37007874015748854 ) ;
#3192 = CARTESIAN_POINT ( 'NONE',  ( 2.376618649053890753, -0.3451796254713022094, -0.9499999999999999556 ) ) ;
#3193 = CARTESIAN_POINT ( 'NONE',  ( 2.299118649053886632, -0.4794135630578958418, -0.6999999999999999556 ) ) ;
#3194 = DIRECTION ( 'NONE',  ( 1.000000000000000000, 0.000000000000000000, 0.000000000000000000 ) ) ;
#3195 = LINE ( 'NONE', #6179, #899 ) ;
#3196 = SURFACE_SIDE_STYLE ('',( #995 ) ) ;
#3197 = EDGE_CURVE ( 'NONE', #3672, #896, #1201, .T. ) ;
#3198 =( NAMED_UNIT ( * ) PLANE_ANGLE_UNIT ( ) SI_UNIT ( $, .RADIAN. ) );
#3199 = EDGE_CURVE ( 'NONE', #1686, #3636, #1959, .T. ) ;
#3200 = FACE_BOUND ( 'NONE', #794, .T. ) ;
#3201 = ORIENTED_EDGE ( 'NONE', *, *, #595, .F. ) ;
#3202 = ORIENTED_EDGE ( 'NONE', *, *, #5260, .F. ) ;
#3203 = CARTESIAN_POINT ( 'NONE',  ( 1.408382262026758758, -0.03485332976920646475, -0.7349999999999999867 ) ) ;
#3204 = VECTOR ( 'NONE', #5562, 39.37007874015748854 ) ;
#3205 = CARTESIAN_POINT ( 'NONE',  ( 1.953629557839698050, -0.2613205341219492772, -0.9174999999999992051 ) ) ;
#3206 = CARTESIAN_POINT ( 'NONE',  ( -0.5000000000000000000, 0.2687499999999965472, 0.000000000000000000 ) ) ;
#3207 = CARTESIAN_POINT ( 'NONE',  ( 2.125000000000003109, 0.3904979548822697932, -0.6999999999999999556 ) ) ;
#3208 = DIRECTION ( 'NONE',  ( 1.000000000000000000, 0.000000000000000000, 0.000000000000000000 ) ) ;
#3209 = FACE_OUTER_BOUND ( 'NONE', #1078, .T. ) ;
#3210 = EDGE_CURVE ( 'NONE', #503, #5994, #4417, .T. ) ;
#3211 = VERTEX_POINT ( 'NONE', #6392 ) ;
#3212 = VECTOR ( 'NONE', #4707, 39.37007874015748143 ) ;
#3213 = EDGE_CURVE ( 'NONE', #1016, #1118, #7805, .T. ) ;
#3214 = B_SPLINE_CURVE_WITH_KNOTS ( 'NONE', 3,
 ( #4986, #6653, #8023, #4431 ),
 .UNSPECIFIED., .F., .F.,
 ( 4, 4 ),
 ( 0.000000000000000000, 4.848749842468926940E-05 ),
 .UNSPECIFIED. ) ;
#3215 = EDGE_CURVE ( 'NONE', #911, #5692, #5715, .T. ) ;
#3216 = FACE_OUTER_BOUND ( 'NONE', #8965, .T. ) ;
#3217 = ORIENTED_EDGE ( 'NONE', *, *, #6341, .T. ) ;
#3218 = FACE_OUTER_BOUND ( 'NONE', #8842, .T. ) ;
#3219 = VECTOR ( 'NONE', #4937, 39.37007874015748143 ) ;
#3220 = LINE ( 'NONE', #300, #8463 ) ;
#3221 = DIRECTION ( 'NONE',  ( -0.4999999999999892863, 0.8660254037844447028, 0.000000000000000000 ) ) ;
#3222 = DIRECTION ( 'NONE',  ( 0.000000000000000000, 0.000000000000000000, 1.000000000000000000 ) ) ;
#3223 = VERTEX_POINT ( 'NONE', #4912 ) ;
#3224 = EDGE_CURVE ( 'NONE', #4601, #3696, #8668, .T. ) ;
#3225 = CARTESIAN_POINT ( 'NONE',  ( 1.559174798107780591, -0.01996200211974713534, -0.6642499999999997851 ) ) ;
#3226 = CARTESIAN_POINT ( 'NONE',  ( -1.703677551104423094, 0.1179257042335880856, -0.8262143477152049664 ) ) ;
#3227 = ORIENTED_EDGE ( 'NONE', *, *, #8399, .T. ) ;
#3228 = CARTESIAN_POINT ( 'NONE',  ( 0.000000000000000000, -0.7087500000000019895, 0.000000000000000000 ) ) ;
#3229 = CARTESIAN_POINT ( 'NONE',  ( 2.493757000236161314, -0.5747974881317641227, -0.8254813800261062706 ) ) ;
#3230 = CARTESIAN_POINT ( 'NONE',  ( -2.390625000000005329, 0.3476343040825998765, -0.6272455802306264872 ) ) ;
#3231 = CARTESIAN_POINT ( 'NONE',  ( 1.559343435260007071, -0.3012499999999982969, 0.000000000000000000 ) ) ;
#3232 = CARTESIAN_POINT ( 'NONE',  ( 2.125000000000000000, 0.000000000000000000, -0.9499999999999999556 ) ) ;
#3233 = ORIENTED_EDGE ( 'NONE', *, *, #1922, .F. ) ;
#3234 = DIRECTION ( 'NONE',  ( 0.8660254037844135055, -0.5000000000000432987, 0.000000000000000000 ) ) ;
#3235 = EDGE_CURVE ( 'NONE', #8782, #6079, #4260, .T. ) ;
#3236 = DIRECTION ( 'NONE',  ( 1.000000000000000000, 0.000000000000000000, 0.000000000000000000 ) ) ;
#3237 = CARTESIAN_POINT ( 'NONE',  ( -1.813364590428231171, -0.02332587521122117535, -0.2509472078721712296 ) ) ;
#3238 = ORIENTED_EDGE ( 'NONE', *, *, #7744, .T. ) ;
#3239 =( NAMED_UNIT ( * ) SI_UNIT ( $, .STERADIAN. ) SOLID_ANGLE_UNIT ( ) );
#3240 = LINE ( 'NONE', #8273, #6473 ) ;
#3241 = ORIENTED_EDGE ( 'NONE', *, *, #1551, .T. ) ;
#3242 = EDGE_LOOP ( 'NONE', ( #8972, #5591, #1709, #5743 ) ) ;
#3243 = DIRECTION ( 'NONE',  ( -0.000000000000000000, -0.000000000000000000, -1.000000000000000000 ) ) ;
#3244 = ORIENTED_EDGE ( 'NONE', *, *, #2983, .T. ) ;
#3245 = AXIS2_PLACEMENT_3D ( 'NONE', #3249, #4725, #5242 ) ;
#3246 = EDGE_CURVE ( 'NONE', #6724, #3340, #630, .T. ) ;
#3247 = ADVANCED_FACE ( 'NONE', ( #4207 ), #7091, .F. ) ;
#3248 = CARTESIAN_POINT ( 'NONE',  ( -1.526450440419831578, -0.1851113707452969326, -0.2499999999999999722 ) ) ;
#3249 = CARTESIAN_POINT ( 'NONE',  ( -2.125000000000000000, 0.000000000000000000, -0.9499999999999999556 ) ) ;
#3250 = LINE ( 'NONE', #4771, #5144 ) ;
#3251 = CYLINDRICAL_SURFACE ( 'NONE', #6214, 0.06249999999999967387 ) ;
#3252 = ORIENTED_EDGE ( 'NONE', *, *, #6058, .T. ) ;
#3253 =( GEOMETRIC_REPRESENTATION_CONTEXT ( 3 ) GLOBAL_UNCERTAINTY_ASSIGNED_CONTEXT ( ( #9177 ) ) GLOBAL_UNIT_ASSIGNED_CONTEXT ( ( #1957, #5618, #8128 ) ) REPRESENTATION_CONTEXT ( 'NONE', 'WORKASPACE' ) );
#3254 = ORIENTED_EDGE ( 'NONE', *, *, #4667, .T. ) ;
#3255 = CARTESIAN_POINT ( 'NONE',  ( -1.469260745157311643, -0.05214740516181733815, -0.8452727038963768758 ) ) ;
#3256 = ORIENTED_EDGE ( 'NONE', *, *, #1100, .T. ) ;
#3257 = CARTESIAN_POINT ( 'NONE',  ( 0.000000000000000000, 0.1762500000000011557, 0.000000000000000000 ) ) ;
#3258 = VECTOR ( 'NONE', #795, 39.37007874015748143 ) ;
#3259 = ADVANCED_FACE ( 'NONE', ( #2818, #574 ), #8617, .F. ) ;
#3260 = LINE ( 'NONE', #5345, #6498 ) ;
#3261 = DIRECTION ( 'NONE',  ( 2.185478394931412547E-15, -0.000000000000000000, -1.000000000000000000 ) ) ;
#3262 = CIRCLE ( 'NONE', #6703, 0.3124999999999972800 ) ;
#3263 = FACE_OUTER_BOUND ( 'NONE', #7843, .T. ) ;
#3264 = ORIENTED_EDGE ( 'NONE', *, *, #4866, .F. ) ;
#3265 = CARTESIAN_POINT ( 'NONE',  ( -1.406249999999996003, -0.03608439182434083903, -0.7349999999999999867 ) ) ;
#3266 = ORIENTED_EDGE ( 'NONE', *, *, #7479, .T. ) ;
#3267 = PLANE ( 'NONE',  #6222 ) ;
#3268 = CARTESIAN_POINT ( 'NONE',  ( 2.448825798947563470, 0.2941958052262177437, -0.3917949024850405637 ) ) ;
#3269 = VERTEX_POINT ( 'NONE', #4309 ) ;
#3270 = VECTOR ( 'NONE', #6565, 39.37007874015748143 ) ;
#3271 = AXIS2_PLACEMENT_3D ( 'NONE', #5502, #1609, #4620 ) ;
#3272 = ADVANCED_FACE ( 'NONE', ( #7189 ), #8570, .T. ) ;
#3273 = EDGE_LOOP ( 'NONE', ( #2591, #6283, #6761, #5108 ) ) ;
#3274 = CARTESIAN_POINT ( 'NONE',  ( 1.654006350946105819, 0.03478902043912935477, -0.9499999999999999556 ) ) ;
#3275 = CARTESIAN_POINT ( 'NONE',  ( 1.706629711232528823, 0.1279859473493876743, -0.8160814793539353795 ) ) ;
#3276 = DIRECTION ( 'NONE',  ( 4.202843067175816776E-14, 1.000000000000000000, 0.000000000000000000 ) ) ;
#3277 = DIRECTION ( 'NONE',  ( -1.000000000000000000, 0.000000000000000000, 0.000000000000000000 ) ) ;
#3278 = DIRECTION ( 'NONE',  ( 0.000000000000000000, 0.000000000000000000, 1.000000000000000000 ) ) ;
#3279 = ORIENTED_EDGE ( 'NONE', *, *, #2931, .F. ) ;
#3280 = PLANE ( 'NONE',  #7976 ) ;
#3281 = CIRCLE ( 'NONE', #3893, 0.3449999999999967537 ) ;
#3282 = CARTESIAN_POINT ( 'NONE',  ( 2.469999244255243198, 0.0007221241658989860498, -0.9499999999999999556 ) ) ;
#3283 = CARTESIAN_POINT ( 'NONE',  ( -1.859375000000029976, 0.3476343040826271880, -0.9499999999999999556 ) ) ;
#3284 = VERTEX_POINT ( 'NONE', #2725 ) ;
#3285 = LINE ( 'NONE', #6181, #7449 ) ;
#3286 = DIRECTION ( 'NONE',  ( 0.000000000000000000, 0.000000000000000000, -1.000000000000000000 ) ) ;
#3287 = ORIENTED_EDGE ( 'NONE', *, *, #8929, .F. ) ;
#3288 = EDGE_LOOP ( 'NONE', ( #1664, #2285, #7797, #438, #1138 ) ) ;
#3289 = FACE_OUTER_BOUND ( 'NONE', #5444, .T. ) ;
#3290 = VERTEX_POINT ( 'NONE', #2915 ) ;
#3291 = DIRECTION ( 'NONE',  ( -0.2588190451025199068, 0.9659258262890685343, 0.000000000000000000 ) ) ;
#3292 = CARTESIAN_POINT ( 'NONE',  ( -2.390625000000005773, 0.6404979548822425928, -0.4650000000000000799 ) ) ;
#3293 = CARTESIAN_POINT ( 'NONE',  ( 1.437499999999994893, -0.09021097956086808478, -0.9499999999999999556 ) ) ;
#3294 = LINE ( 'NONE', #4116, #6967 ) ;
#3295 = ORIENTED_EDGE ( 'NONE', *, *, #4246, .F. ) ;
#3296 = EDGE_CURVE ( 'NONE', #2156, #3780, #8780, .T. ) ;
#3297 = EDGE_CURVE ( 'NONE', #4046, #3875, #5273, .T. ) ;
#3298 = CYLINDRICAL_SURFACE ( 'NONE', #2058, 0.06424999999999990441 ) ;
#3299 = ORIENTED_EDGE ( 'NONE', *, *, #9351, .T. ) ;
#3300 = EDGE_CURVE ( 'NONE', #8963, #8481, #1467, .T. ) ;
#3301 = ORIENTED_EDGE ( 'NONE', *, *, #7944, .F. ) ;
#3302 = DIRECTION ( 'NONE',  ( 0.4999999999999972800, -0.8660254037844402619, -0.000000000000000000 ) ) ;
#3303 = ORIENTED_EDGE ( 'NONE', *, *, #2256, .F. ) ;
#3304 = CARTESIAN_POINT ( 'NONE',  ( -2.453125000000005329, 0.6404979548822425928, -0.4650000000000000799 ) ) ;
#3305 = CARTESIAN_POINT ( 'NONE',  ( -0.9376234198628755623, 0.2687499999999986011, -0.4015748031496061965 ) ) ;
#3306 = DIRECTION ( 'NONE',  ( -0.000000000000000000, 1.000000000000000000, -0.000000000000000000 ) ) ;
#3307 = VECTOR ( 'NONE', #8821, 39.37007874015748143 ) ;
#3308 = CARTESIAN_POINT ( 'NONE',  ( 2.393029049807455788, 0.3457973860264569876, -0.6233225597165246157 ) ) ;
#3309 = ORIENTED_EDGE ( 'NONE', *, *, #3446, .F. ) ;
#3310 = DIRECTION ( 'NONE',  ( -0.5000000000000363043, -0.8660254037844178354, 0.000000000000000000 ) ) ;
#3311 = ADVANCED_FACE ( 'NONE', ( #3007 ), #2237, .T. ) ;
#3312 = ORIENTED_EDGE ( 'NONE', *, *, #8468, .T. ) ;
#3313 = DIRECTION ( 'NONE',  ( 0.8660254037843999608, -0.5000000000000667244, 0.000000000000000000 ) ) ;
#3314 = AXIS2_PLACEMENT_3D ( 'NONE', #2967, #6633, #5056 ) ;
#3315 = CARTESIAN_POINT ( 'NONE',  ( -1.692379143759816573, 0.06588121453256312599, -0.8474999999999995870 ) ) ;
#3316 = EDGE_LOOP ( 'NONE', ( #2634, #1589, #700, #5567 ) ) ;
#3317 = CARTESIAN_POINT ( 'NONE',  ( 1.705664676458366724, 0.1248077084662159025, -0.8197202386689930176 ) ) ;
#3318 = CIRCLE ( 'NONE', #6358, 0.01000000000000002276 ) ;
#3319 = EDGE_CURVE ( 'NONE', #4138, #5263, #5137, .T. ) ;
#3320 = CIRCLE ( 'NONE', #8636, 0.2500000000000000000 ) ;
#3321 = CARTESIAN_POINT ( 'NONE',  ( -2.393029291085381871, 0.3457972016676397753, -0.5766778340100329192 ) ) ;
#3322 = AXIS2_PLACEMENT_3D ( 'NONE', #813, #4537, #7424 ) ;
#3323 = ORIENTED_EDGE ( 'NONE', *, *, #5768, .T. ) ;
#3324 = EDGE_CURVE ( 'NONE', #5057, #352, #1566, .T. ) ;
#3325 = DIRECTION ( 'NONE',  ( 1.000000000000000000, 0.000000000000000000, 0.000000000000000000 ) ) ;
#3326 = B_SPLINE_CURVE_WITH_KNOTS ( 'NONE', 3,
 ( #7829, #4228, #9364, #652, #7119, #3516 ),
 .UNSPECIFIED., .F., .F.,
 ( 4, 2, 4 ),
 ( 5.275955480050202716E-18, 0.0002093588874249763417, 0.0004187177748499473708 ),
 .UNSPECIFIED. ) ;
#3327 = DIRECTION ( 'NONE',  ( 0.8660254037844363761, 0.5000000000000041078, 0.000000000000000000 ) ) ;
#3328 = ORIENTED_EDGE ( 'NONE', *, *, #3135, .T. ) ;
#3329 = AXIS2_PLACEMENT_3D ( 'NONE', #8815, #7575, #9003 ) ;
#3330 = AXIS2_PLACEMENT_3D ( 'NONE', #8551, #8651, #5032 ) ;
#3331 = DIRECTION ( 'NONE',  ( 0.000000000000000000, 0.000000000000000000, 1.000000000000000000 ) ) ;
#3332 = ORIENTED_EDGE ( 'NONE', *, *, #4212, .F. ) ;
#3333 = DIRECTION ( 'NONE',  ( 0.5000000000000035527, 0.8660254037844364872, 0.000000000000000000 ) ) ;
#3334 = FACE_OUTER_BOUND ( 'NONE', #1149, .T. ) ;
#3335 = ORIENTED_EDGE ( 'NONE', *, *, #508, .F. ) ;
#3336 = AXIS2_PLACEMENT_3D ( 'NONE', #3116, #3159, #1620 ) ;
#3337 = DIRECTION ( 'NONE',  ( 0.000000000000000000, 0.000000000000000000, -1.000000000000000000 ) ) ;
#3338 = DIRECTION ( 'NONE',  ( 0.8660254037844451469, -0.4999999999999888423, 0.000000000000000000 ) ) ;
#3339 = ORIENTED_EDGE ( 'NONE', *, *, #9432, .F. ) ;
#3340 = VERTEX_POINT ( 'NONE', #86 ) ;
#3341 = DIRECTION ( 'NONE',  ( 0.000000000000000000, -1.000000000000000000, 0.000000000000000000 ) ) ;
#3342 = ORIENTED_EDGE ( 'NONE', *, *, #9407, .F. ) ;
#3343 = CIRCLE ( 'NONE', #3495, 0.01000000000000002970 ) ;
#3344 = LINE ( 'NONE', #9000, #9077 ) ;
#3345 = CARTESIAN_POINT ( 'NONE',  ( 1.859375000000026645, 0.3476343040826245234, 0.2500000000000000555 ) ) ;
#3346 = DIRECTION ( 'NONE',  ( -1.000000000000000000, 0.000000000000000000, 0.000000000000000000 ) ) ;
#3347 = FACE_OUTER_BOUND ( 'NONE', #5067, .T. ) ;
#3348 = ORIENTED_EDGE ( 'NONE', *, *, #4526, .T. ) ;
#3349 = DIRECTION ( 'NONE',  ( 0.000000000000000000, 1.000000000000000000, 0.000000000000000000 ) ) ;
#3350 = ORIENTED_EDGE ( 'NONE', *, *, #2723, .F. ) ;
#3351 = CIRCLE ( 'NONE', #3970, 0.2499999999999999167 ) ;
#3352 = DIRECTION ( 'NONE',  ( -4.202843067175816776E-14, 1.000000000000000000, 0.000000000000000000 ) ) ;
#3353 = ORIENTED_EDGE ( 'NONE', *, *, #5520, .T. ) ;
#3354 = CARTESIAN_POINT ( 'NONE',  ( 1.712339780658681754, -0.2382494887205523215, -0.1944947243515863511 ) ) ;
#3355 = DIRECTION ( 'NONE',  ( 0.7071067811865474617, -0.7071067811865474617, -0.000000000000000000 ) ) ;
#3356 = EDGE_CURVE ( 'NONE', #7974, #1153, #1520, .T. ) ;
#3357 = DIRECTION ( 'NONE',  ( 0.000000000000000000, 0.000000000000000000, -1.000000000000000000 ) ) ;
#3358 = CIRCLE ( 'NONE', #6544, 0.2500000000000000555 ) ;
#3359 = ADVANCED_FACE ( 'NONE', ( #6671 ), #2289, .F. ) ;
#3360 = CARTESIAN_POINT ( 'NONE',  ( 2.394958643387004482, 0.3442841362961510665, -0.6190785628808893604 ) ) ;
#3361 = EDGE_LOOP ( 'NONE', ( #146, #4432, #4512, #9219 ) ) ;
#3362 = DIRECTION ( 'NONE',  ( 0.000000000000000000, 0.000000000000000000, 1.000000000000000000 ) ) ;
#3363 = DIRECTION ( 'NONE',  ( 1.000000000000000000, 0.000000000000000000, 0.000000000000000000 ) ) ;
#3364 = CIRCLE ( 'NONE', #8680, 0.4374999999999959477 ) ;
#3365 = LINE ( 'NONE', #3558, #4675 ) ;
#3366 = EDGE_CURVE ( 'NONE', #352, #4600, #3042, .T. ) ;
#3367 = CIRCLE ( 'NONE', #308, 0.06425000000000000155 ) ;
#3368 = ORIENTED_EDGE ( 'NONE', *, *, #465, .F. ) ;
#3369 = EDGE_CURVE ( 'NONE', #2001, #5254, #7587, .T. ) ;
#3370 = EDGE_CURVE ( 'NONE', #1590, #4288, #137, .T. ) ;
#3371 = DIRECTION ( 'NONE',  ( -0.5000000000000041078, 0.8660254037844363761, 0.000000000000000000 ) ) ;
#3372 = DIRECTION ( 'NONE',  ( -1.000000000000000000, 0.000000000000000000, 0.000000000000000000 ) ) ;
#3373 =( GEOMETRIC_REPRESENTATION_CONTEXT ( 3 ) GLOBAL_UNCERTAINTY_ASSIGNED_CONTEXT ( ( #5555 ) ) GLOBAL_UNIT_ASSIGNED_CONTEXT ( ( #8066, #8641, #1588 ) ) REPRESENTATION_CONTEXT ( 'NONE', 'WORKASPACE' ) );
#3374 = ORIENTED_EDGE ( 'NONE', *, *, #3145, .F. ) ;
#3375 = ORIENTED_EDGE ( 'NONE', *, *, #7371, .T. ) ;
#3376 = DIRECTION ( 'NONE',  ( -7.249756350802272209E-14, -1.000000000000000000, -0.000000000000000000 ) ) ;
#3377 = DIRECTION ( 'NONE',  ( -0.000000000000000000, -0.000000000000000000, -1.000000000000000000 ) ) ;
#3378 = ORIENTED_EDGE ( 'NONE', *, *, #8295, .F. ) ;
#3379 = CYLINDRICAL_SURFACE ( 'NONE', #5545, 0.009999999999999951636 ) ;
#3380 = CARTESIAN_POINT ( 'NONE',  ( 1.859375000000029976, 0.3476343040826271324, -0.6272455802306846628 ) ) ;
#3381 = EDGE_CURVE ( 'NONE', #3468, #9246, #6626, .T. ) ;
#3382 = DIRECTION ( 'NONE',  ( -0.000000000000000000, -1.000000000000000000, -0.000000000000000000 ) ) ;
#3383 = ORIENTED_EDGE ( 'NONE', *, *, #7312, .T. ) ;
#3384 = LINE ( 'NONE', #4669, #1372 ) ;
#3385 = FACE_OUTER_BOUND ( 'NONE', #4659, .T. ) ;
#3386 = ORIENTED_EDGE ( 'NONE', *, *, #1842, .T. ) ;
#3387 = ORIENTED_EDGE ( 'NONE', *, *, #7559, .F. ) ;
#3388 = DIRECTION ( 'NONE',  ( 0.4999999999999972800, -0.8660254037844402619, 0.000000000000000000 ) ) ;
#3389 = ORIENTED_EDGE ( 'NONE', *, *, #8828, .F. ) ;
#3390 = PLANE ( 'NONE',  #3623 ) ;
#3391 = EDGE_CURVE ( 'NONE', #9029, #2001, #8087, .T. ) ;
#3392 = EDGE_CURVE ( 'NONE', #8993, #5994, #5943, .T. ) ;
#3393 = CARTESIAN_POINT ( 'NONE',  ( -2.812500000000023093, -0.09021097956089567382, -0.6999999999999999556 ) ) ;
#3394 = CARTESIAN_POINT ( 'NONE',  ( -1.984375000000010880, 0.6079979548822714852, -0.6642500000000000071 ) ) ;
#3395 = CARTESIAN_POINT ( 'NONE',  ( 2.546874999999995559, -0.5502869753213698312, -0.4150000000000000910 ) ) ;
#3396 = EDGE_LOOP ( 'NONE', ( #6747, #9226, #5638, #1641, #6444 ) ) ;
#3397 = ORIENTED_EDGE ( 'NONE', *, *, #3246, .F. ) ;
#3398 = CARTESIAN_POINT ( 'NONE',  ( -1.710042773475885181, 0.1386340404934252590, -0.4052457801197264509 ) ) ;
#3399 = EDGE_LOOP ( 'NONE', ( #7446, #2019, #4171, #9293 ) ) ;
#3400 = CIRCLE ( 'NONE', #2482, 0.06424999999999986278 ) ;
#3401 = DIRECTION ( 'NONE',  ( 1.000000000000000000, 0.000000000000000000, 0.000000000000000000 ) ) ;
#3402 = ORIENTED_EDGE ( 'NONE', *, *, #4585, .F. ) ;
#3403 = CARTESIAN_POINT ( 'NONE',  ( 0.5324999999999969758, -0.3012499999999982969, 0.000000000000000000 ) ) ;
#3404 = LINE ( 'NONE', #6302, #8557 ) ;
#3405 = CARTESIAN_POINT ( 'NONE',  ( -2.212411556607433383, -0.4286817952310598701, -0.7947191470558555570 ) ) ;
#3406 = AXIS2_PLACEMENT_3D ( 'NONE', #6064, #8967, #3221 ) ;
#3407 = EDGE_LOOP ( 'NONE', ( #8137, #8949, #3252, #6988, #5789 ) ) ;
#3408 = CARTESIAN_POINT ( 'NONE',  ( 2.515624999999995559, -0.6044135630578968410, -0.4150000000000000910 ) ) ;
#3409 = CARTESIAN_POINT ( 'NONE',  ( 2.546874999999995559, -0.5502869753213696091, -0.4649999999999999689 ) ) ;
#3410 = CIRCLE ( 'NONE', #7652, 0.06249999999999967387 ) ;
#3411 = LINE ( 'NONE', #4281, #6188 ) ;
#3412 = CARTESIAN_POINT ( 'NONE',  ( -1.691127361437541943, 0.05622084583895081006, -0.8474999999999995870 ) ) ;
#3413 = CYLINDRICAL_SURFACE ( 'NONE', #9197, 0.06425000000000000155 ) ;
#3414 = LINE ( 'NONE', #2650, #5940 ) ;
#3415 = ADVANCED_FACE ( 'NONE', ( #3823 ), #229, .F. ) ;
#3416 = VERTEX_POINT ( 'NONE', #5990 ) ;
#3417 = VECTOR ( 'NONE', #1948, 39.37007874015748143 ) ;
#3418 = VECTOR ( 'NONE', #8518, 39.37007874015748143 ) ;
#3419 = DIRECTION ( 'NONE',  ( 1.000000000000000000, 0.000000000000000000, -2.185478394931429902E-15 ) ) ;
#3420 = EDGE_CURVE ( 'NONE', #5750, #2667, #4561, .T. ) ;
#3421 = EDGE_CURVE ( 'NONE', #4396, #2992, #6980, .T. ) ;
#3422 = CARTESIAN_POINT ( 'NONE',  ( 1.440022003734873879, -0.03069510853887556789, -0.8223310893196605909 ) ) ;
#3423 = EDGE_LOOP ( 'NONE', ( #6771, #6477, #679, #3264 ) ) ;
#3424 = DIRECTION ( 'NONE',  ( 0.000000000000000000, 0.000000000000000000, 1.000000000000000000 ) ) ;
#3425 = ORIENTED_EDGE ( 'NONE', *, *, #4750, .T. ) ;
#3426 = CARTESIAN_POINT ( 'NONE',  ( -2.453125000000005329, 0.6404979548822425928, -0.7349999999999999867 ) ) ;
#3427 = CIRCLE ( 'NONE', #8429, 0.06425000000000000155 ) ;
#3428 = DIRECTION ( 'NONE',  ( 0.000000000000000000, 0.000000000000000000, 1.000000000000000000 ) ) ;
#3429 = CIRCLE ( 'NONE', #533, 0.2500000000000001665 ) ;
#3430 = ORIENTED_EDGE ( 'NONE', *, *, #7553, .F. ) ;
#3431 = LINE ( 'NONE', #9376, #152 ) ;
#3432 = CARTESIAN_POINT ( 'NONE',  ( 2.651541674377006164, -0.3039989774411241963, -0.2500000000000000555 ) ) ;
#3433 = VERTEX_POINT ( 'NONE', #945 ) ;
#3434 = VERTEX_POINT ( 'NONE', #3864 ) ;
#3435 = ADVANCED_FACE ( 'NONE', ( #6575 ), #2887, .F. ) ;
#3436 = FACE_OUTER_BOUND ( 'NONE', #2551, .T. ) ;
#3437 = ORIENTED_EDGE ( 'NONE', *, *, #5464, .F. ) ;
#3438 = CIRCLE ( 'NONE', #4651, 0.2500000000000000000 ) ;
#3439 = CARTESIAN_POINT ( 'NONE',  ( -2.390625000000005329, 0.3476343040825998765, -0.3525000000000004241 ) ) ;
#3440 = CARTESIAN_POINT ( 'NONE',  ( 1.437499999999994893, -0.09021097956086808478, -0.9499999999999999556 ) ) ;
#3441 = CARTESIAN_POINT ( 'NONE',  ( -2.452539214158641734, 0.2900464794071072050, -0.4052457801197263954 ) ) ;
#3442 = CARTESIAN_POINT ( 'NONE',  ( -1.167433081593972632, -0.3012499999999982969, -0.2175000000000006373 ) ) ;
#3443 = ORIENTED_EDGE ( 'NONE', *, *, #1484, .T. ) ;
#3444 = DIRECTION ( 'NONE',  ( 0.5000000000000038858, 0.8660254037844362651, 0.000000000000000000 ) ) ;
#3445 = VERTEX_POINT ( 'NONE', #41 ) ;
#3446 = EDGE_CURVE ( 'NONE', #5102, #8274, #3195, .T. ) ;
#3447 = CARTESIAN_POINT ( 'NONE',  ( -1.419148271538632100, -0.02863757127942839417, -0.7849999999999999201 ) ) ;
#3448 = ORIENTED_EDGE ( 'NONE', *, *, #1381, .F. ) ;
#3449 = DIRECTION ( 'NONE',  ( -1.000000000000000000, 0.000000000000000000, 0.000000000000000000 ) ) ;
#3450 = CARTESIAN_POINT ( 'NONE',  ( -2.330368649053886632, -0.4252869753213685544, -0.6999999999999999556 ) ) ;
#3451 = CARTESIAN_POINT ( 'NONE',  ( 2.766250000000001208, -0.1703183294109425483, -0.2599999999999999534 ) ) ;
#3452 = FILL_AREA_STYLE ('',( #4879 ) ) ;
#3453 = PLANE ( 'NONE',  #3794 ) ;
#3454 = ORIENTED_EDGE ( 'NONE', *, *, #3896, .T. ) ;
#3455 = LINE ( 'NONE', #9264, #2407 ) ;
#3456 = DIRECTION ( 'NONE',  ( 3.023406148612404967E-15, 1.000000000000000000, 0.000000000000000000 ) ) ;
#3457 = VECTOR ( 'NONE', #6971, 39.37007874015748854 ) ;
#3458 = ORIENTED_EDGE ( 'NONE', *, *, #4001, .F. ) ;
#3459 = FACE_OUTER_BOUND ( 'NONE', #6801, .T. ) ;
#3460 = DIRECTION ( 'NONE',  ( -1.000000000000000000, 0.000000000000000000, 0.000000000000000000 ) ) ;
#3461 = VECTOR ( 'NONE', #5905, 39.37007874015748143 ) ;
#3462 = AXIS2_PLACEMENT_3D ( 'NONE', #2409, #9017, #212 ) ;
#3463 = ORIENTED_EDGE ( 'NONE', *, *, #343, .F. ) ;
#3464 = LINE ( 'NONE', #9318, #4106 ) ;
#3465 = CARTESIAN_POINT ( 'NONE',  ( 1.421731169731069055, -0.02714633431273561978, -0.7932493951414446576 ) ) ;
#3466 = ORIENTED_EDGE ( 'NONE', *, *, #7301, .T. ) ;
#3467 = DIRECTION ( 'NONE',  ( 0.000000000000000000, 0.000000000000000000, 1.000000000000000000 ) ) ;
#3468 = VERTEX_POINT ( 'NONE', #2620 ) ;
#3469 = CIRCLE ( 'NONE', #7576, 0.04449999999999948441 ) ;
#3470 = LINE ( 'NONE', #4190, #1883 ) ;
#3471 = AXIS2_PLACEMENT_3D ( 'NONE', #3079, #5960, #8864 ) ;
#3472 = VECTOR ( 'NONE', #6898, 39.37007874015748143 ) ;
#3473 = CYLINDRICAL_SURFACE ( 'NONE', #922, 0.06424999999999973788 ) ;
#3474 = EDGE_CURVE ( 'NONE', #6663, #4640, #2428, .T. ) ;
#3475 = EDGE_CURVE ( 'NONE', #4850, #6230, #3343, .T. ) ;
#3476 = CARTESIAN_POINT ( 'NONE',  ( 0.9077481638378341877, 0.3012499999999982969, -0.3887795275590554822 ) ) ;
#3477 = DIRECTION ( 'NONE',  ( 0.8660254037844401509, 0.4999999999999972800, -0.000000000000000000 ) ) ;
#3478 = ORIENTED_EDGE ( 'NONE', *, *, #1512, .T. ) ;
#3479 = ORIENTED_EDGE ( 'NONE', *, *, #446, .T. ) ;
#3480 = VECTOR ( 'NONE', #8582, 39.37007874015748143 ) ;
#3481 = VECTOR ( 'NONE', #393, 39.37007874015748143 ) ;
#3482 = CARTESIAN_POINT ( 'NONE',  ( -2.390625000000005773, 0.6404979548822425928, -0.7849999999999999201 ) ) ;
#3483 = ORIENTED_EDGE ( 'NONE', *, *, #9166, .T. ) ;
#3484 = CIRCLE ( 'NONE', #5897, 0.04249999999999893446 ) ;
#3485 = EDGE_CURVE ( 'NONE', #6608, #5541, #7654, .T. ) ;
#3486 = CARTESIAN_POINT ( 'NONE',  ( -1.780000755744757912, 0.0007221241659221596786, -0.9499999999999999556 ) ) ;
#3487 = AXIS2_PLACEMENT_3D ( 'NONE', #7294, #775, #2971 ) ;
#3488 = DIRECTION ( 'NONE',  ( -0.4999999999999918954, 0.8660254037844431485, 0.000000000000000000 ) ) ;
#3489 = CARTESIAN_POINT ( 'NONE',  ( -1.167433081593972632, 0.2687499999999986011, -0.2499999999999998890 ) ) ;
#3490 = CARTESIAN_POINT ( 'NONE',  ( -1.779775888008966911, 0.2687499999999986011, -0.2500000000000000000 ) ) ;
#3491 = EDGE_CURVE ( 'NONE', #5572, #2706, #4804, .T. ) ;
#3492 = VECTOR ( 'NONE', #504, 39.37007874015748143 ) ;
#3493 = DIRECTION ( 'NONE',  ( -0.000000000000000000, -0.000000000000000000, -1.000000000000000000 ) ) ;
#3494 = ORIENTED_EDGE ( 'NONE', *, *, #1744, .T. ) ;
#3495 = AXIS2_PLACEMENT_3D ( 'NONE', #3913, #8316, #5323 ) ;
#3496 = PLANE ( 'NONE',  #8020 ) ;
#3497 = AXIS2_PLACEMENT_3D ( 'NONE', #1212, #9210, #5639 ) ;
#3498 = ORIENTED_EDGE ( 'NONE', *, *, #284, .T. ) ;
#3499 = EDGE_CURVE ( 'NONE', #5043, #6661, #6129, .T. ) ;
#3500 = LINE ( 'NONE', #4319, #4525 ) ;
#3501 = DIRECTION ( 'NONE',  ( -0.4999999999999973355, -0.8660254037844402619, -0.000000000000000000 ) ) ;
#3502 = DIRECTION ( 'NONE',  ( 0.000000000000000000, 0.000000000000000000, 1.000000000000000000 ) ) ;
#3503 = CARTESIAN_POINT ( 'NONE',  ( -2.237266449226429810, -0.4228701535615417284, -0.8291007793619377120 ) ) ;
#3504 = EDGE_CURVE ( 'NONE', #510, #7706, #9111, .T. ) ;
#3505 = PRESENTATION_STYLE_ASSIGNMENT (( #9257 ) ) ;
#3506 = ORIENTED_EDGE ( 'NONE', *, *, #8147, .F. ) ;
#3507 = DIRECTION ( 'NONE',  ( 3.023406148612404967E-15, -1.000000000000000000, 0.000000000000000000 ) ) ;
#3508 = ORIENTED_EDGE ( 'NONE', *, *, #445, .T. ) ;
#3509 = LINE ( 'NONE', #5684, #8345 ) ;
#3510 = CARTESIAN_POINT ( 'NONE',  ( -2.299118649053886632, -0.4794135630578958418, -0.6999999999999999556 ) ) ;
#3511 = VECTOR ( 'NONE', #8944, 39.37007874015748854 ) ;
#3512 = ORIENTED_EDGE ( 'NONE', *, *, #7490, .T. ) ;
#3513 = EDGE_CURVE ( 'NONE', #4317, #2067, #365, .T. ) ;
#3514 = DIRECTION ( 'NONE',  ( 0.000000000000000000, 0.000000000000000000, 1.000000000000000000 ) ) ;
#3515 = EDGE_CURVE ( 'NONE', #3905, #49, #8319, .T. ) ;
#3516 = CARTESIAN_POINT ( 'NONE',  ( -2.436168188425644310, -0.02882027952503101939, -0.2500000000000000555 ) ) ;
#3517 = EDGE_LOOP ( 'NONE', ( #2032, #1092, #7141, #7453 ) ) ;
#3518 = AXIS2_PLACEMENT_3D ( 'NONE', #9224, #4946, #2849 ) ;
#3519 = ORIENTED_EDGE ( 'NONE', *, *, #7149, .F. ) ;
#3520 = CARTESIAN_POINT ( 'NONE',  ( -2.390625000000005329, 0.6404979548822425928, -0.4649999999999999689 ) ) ;
#3521 = CARTESIAN_POINT ( 'NONE',  ( 0.000000000000000000, -0.2687499999999988787, 0.000000000000000000 ) ) ;
#3522 = ORIENTED_EDGE ( 'NONE', *, *, #8124, .F. ) ;
#3523 = CARTESIAN_POINT ( 'NONE',  ( 0.000000000000000000, 0.2687499999999965472, 0.000000000000000000 ) ) ;
#3524 = AXIS2_PLACEMENT_3D ( 'NONE', #1643, #2877, #5772 ) ;
#3525 = ORIENTED_EDGE ( 'NONE', *, *, #2139, .T. ) ;
#3526 = AXIS2_PLACEMENT_3D ( 'NONE', #3129, #302, #7634 ) ;
#3527 = CARTESIAN_POINT ( 'NONE',  ( -2.416330010742467671, 0.3264267969958722926, -0.8420909932548907850 ) ) ;
#3528 = CARTESIAN_POINT ( 'NONE',  ( 1.776589780658681894, -0.2382494887205523215, -0.2500000000000000555 ) ) ;
#3529 = AXIS2_PLACEMENT_3D ( 'NONE', #6645, #110, #3034 ) ;
#3530 = DIRECTION ( 'NONE',  ( -0.000000000000000000, 1.000000000000000000, -0.000000000000000000 ) ) ;
#3531 = CARTESIAN_POINT ( 'NONE',  ( 1.984375000000009548, 0.6404979548822712365, -0.9499999999999999556 ) ) ;
#3532 = ORIENTED_EDGE ( 'NONE', *, *, #3135, .F. ) ;
#3533 = ORIENTED_EDGE ( 'NONE', *, *, #3810, .F. ) ;
#3534 = ORIENTED_EDGE ( 'NONE', *, *, #9060, .F. ) ;
#3535 = CARTESIAN_POINT ( 'NONE',  ( -2.581229174377005720, -0.4257837998483106068, -0.6999999999999999556 ) ) ;
#3536 = EDGE_LOOP ( 'NONE', ( #2999, #4141, #2055, #1748 ) ) ;
#3537 = DIRECTION ( 'NONE',  ( 0.8660254037844424824, -0.4999999999999936162, 0.000000000000000000 ) ) ;
#3538 = LINE ( 'NONE', #6483, #364 ) ;
#3539 = DIRECTION ( 'NONE',  ( 0.000000000000000000, -1.000000000000000000, 0.000000000000000000 ) ) ;
#3540 = DIRECTION ( 'NONE',  ( -0.4999999999999918954, 0.8660254037844431485, 0.000000000000000000 ) ) ;
#3541 = EDGE_LOOP ( 'NONE', ( #6132, #4874, #3353, #2493, #8113, #8907, #2761, #2760, #3478 ) ) ;
#3542 = CARTESIAN_POINT ( 'NONE',  ( 2.293247638562451396, -0.4038551499215468632, -0.4650000000000000799 ) ) ;
#3543 = VERTEX_POINT ( 'NONE', #4003 ) ;
#3544 = EDGE_CURVE ( 'NONE', #4074, #8213, #5413, .T. ) ;
#3545 = EDGE_CURVE ( 'NONE', #1880, #315, #8943, .T. ) ;
#3546 = EDGE_CURVE ( 'NONE', #4479, #7855, #2472, .T. ) ;
#3547 = LINE ( 'NONE', #2824, #4404 ) ;
#3548 = ORIENTED_EDGE ( 'NONE', *, *, #4584, .T. ) ;
#3549 = DIRECTION ( 'NONE',  ( -0.000000000000000000, -1.000000000000000000, 0.000000000000000000 ) ) ;
#3550 = CARTESIAN_POINT ( 'NONE',  ( 2.593125000000000124, -0.4701796254713026535, -0.6999999999999999556 ) ) ;
#3551 = CARTESIAN_POINT ( 'NONE',  ( -2.690825201892120155, -0.01996200211991486922, -0.5999999999999999778 ) ) ;
#3552 = LINE ( 'NONE', #5814, #8475 ) ;
#3553 = FILL_AREA_STYLE_COLOUR ( '', #9281 ) ;
#3554 = ORIENTED_EDGE ( 'NONE', *, *, #6454, .T. ) ;
#3555 = CARTESIAN_POINT ( 'NONE',  ( -1.953125755744734127, -0.2991391718944229061, -0.9499999999999999556 ) ) ;
#3556 = ORIENTED_EDGE ( 'NONE', *, *, #7479, .F. ) ;
#3557 = ADVANCED_FACE ( 'NONE', ( #8269 ), #6233, .F. ) ;
#3558 = CARTESIAN_POINT ( 'NONE',  ( 1.437499999999995337, -0.09021097956086862601, -0.4649999999999999689 ) ) ;
#3559 = AXIS2_PLACEMENT_3D ( 'NONE', #6861, #954, #6903 ) ;
#3560 = CARTESIAN_POINT ( 'NONE',  ( -2.298124999999998419, 0.6404979548822425928, -0.6999999999999999556 ) ) ;
#3561 = DIRECTION ( 'NONE',  ( 4.251903492084456561E-15, -1.000000000000000000, 0.000000000000000000 ) ) ;
#3562 = CARTESIAN_POINT ( 'NONE',  ( -2.390625000000005773, 0.6404979548822425928, -0.9499999999999999556 ) ) ;
#3563 = CIRCLE ( 'NONE', #6127, 0.04249999999999893446 ) ;
#3564 = VERTEX_POINT ( 'NONE', #8409 ) ;
#3565 = CARTESIAN_POINT ( 'NONE',  ( 1.703124999999971134, -0.5502869753213720516, 2.731847993664263218E-16 ) ) ;
#3566 = EDGE_CURVE ( 'NONE', #935, #2274, #5044, .T. ) ;
#3567 = FACE_OUTER_BOUND ( 'NONE', #5145, .T. ) ;
#3568 = EDGE_LOOP ( 'NONE', ( #2435, #3312, #8461, #4051 ) ) ;
#3569 = DIRECTION ( 'NONE',  ( 1.000000000000000000, 0.000000000000000000, 0.000000000000000000 ) ) ;
#3570 = ORIENTED_EDGE ( 'NONE', *, *, #7385, .F. ) ;
#3571 = CARTESIAN_POINT ( 'NONE',  ( 1.968749999999999778, -0.2706329386826341055, -0.9175000000000006484 ) ) ;
#3572 = CARTESIAN_POINT ( 'NONE',  ( -2.546874999999995559, -0.5502869753213701642, 0.9499999999999999556 ) ) ;
#3573 = DIRECTION ( 'NONE',  ( -0.5000000000000039968, -0.8660254037844362651, -0.000000000000000000 ) ) ;
#3574 = CIRCLE ( 'NONE', #523, 0.04250000000000332678 ) ;
#3575 = CIRCLE ( 'NONE', #9033, 0.009999999999999988065 ) ;
#3576 = DIRECTION ( 'NONE',  ( 0.6123724356957916948, -0.3535533905932757848, -0.7071067811865489050 ) ) ;
#3577 = ORIENTED_EDGE ( 'NONE', *, *, #3083, .T. ) ;
#3578 = VERTEX_POINT ( 'NONE', #1042 ) ;
#3579 = VERTEX_POINT ( 'NONE', #322 ) ;
#3580 = DIRECTION ( 'NONE',  ( -0.3535533905932417009, -0.6123724356958162307, -0.7071067811865449082 ) ) ;
#3581 = ORIENTED_EDGE ( 'NONE', *, *, #4127, .F. ) ;
#3582 = CONICAL_SURFACE ( 'NONE', #1894, 0.3449999999999983635, 0.7853981633974514986 ) ;
#3583 = CARTESIAN_POINT ( 'NONE',  ( -1.781250000000008438, -4.038533547303794910E-17, -0.9487499999999929878 ) ) ;
#3584 = CARTESIAN_POINT ( 'NONE',  ( 1.712339780658681754, -0.2382494887205523215, -0.1944947243515863511 ) ) ;
#3585 = CARTESIAN_POINT ( 'NONE',  ( -2.390625000000005329, 0.3476343040825998765, -0.3525000000000004241 ) ) ;
#3586 = DIRECTION ( 'NONE',  ( 0.000000000000000000, 0.000000000000000000, 1.000000000000000000 ) ) ;
#3587 = CARTESIAN_POINT ( 'NONE',  ( 2.586229174377006057, -0.4171235458104663452, -0.2500000000000000555 ) ) ;
#3588 = ORIENTED_EDGE ( 'NONE', *, *, #4359, .F. ) ;
#3589 = AXIS2_PLACEMENT_3D ( 'NONE', #2056, #3493, #6394 ) ;
#3590 = CARTESIAN_POINT ( 'NONE',  ( -2.125000000000000000, 0.000000000000000000, -0.9499999999999999556 ) ) ;
#3591 = VERTEX_POINT ( 'NONE', #5468 ) ;
#3592 = CARTESIAN_POINT ( 'NONE',  ( 2.436995442160277303, -0.01775088930761715283, -0.9499999999999999556 ) ) ;
#3593 = DIRECTION ( 'NONE',  ( -0.4999999999999919509, -0.8660254037844432595, -0.000000000000000000 ) ) ;
#3594 = CARTESIAN_POINT ( 'NONE',  ( -2.453125000000005329, 0.2893790496476773000, -0.4650000000000000799 ) ) ;
#3595 = DIRECTION ( 'NONE',  ( 0.000000000000000000, 0.000000000000000000, -1.000000000000000000 ) ) ;
#3596 = EDGE_CURVE ( 'NONE', #6165, #4465, #7610, .T. ) ;
#3597 = CARTESIAN_POINT ( 'NONE',  ( -1.654006350946105819, 0.03478902043912935477, -0.6999999999999999556 ) ) ;
#3598 = ORIENTED_EDGE ( 'NONE', *, *, #5154, .F. ) ;
#3599 = EDGE_CURVE ( 'NONE', #6649, #826, #8656, .T. ) ;
#3600 = ADVANCED_FACE ( 'NONE', ( #3334 ), #4758, .F. ) ;
#3601 = CARTESIAN_POINT ( 'NONE',  ( -2.487700201892215635, -0.3717848224071854113, -0.5999999999999999778 ) ) ;
#3602 = VERTEX_POINT ( 'NONE', #4902 ) ;
#3603 = CARTESIAN_POINT ( 'NONE',  ( 1.437499999999995337, -0.09021097956086834846, -0.7849999999999999201 ) ) ;
#3604 = CARTESIAN_POINT ( 'NONE',  ( 2.125000000000000000, 0.4764989774411177437, -0.1944947243515863511 ) ) ;
#3605 = CARTESIAN_POINT ( 'NONE',  ( -1.437499999999995337, -0.09021097956086862601, -0.7350000000000000977 ) ) ;
#3606 = DIRECTION ( 'NONE',  ( -0.000000000000000000, -0.000000000000000000, -1.000000000000000000 ) ) ;
#3607 = ORIENTED_EDGE ( 'NONE', *, *, #5155, .T. ) ;
#3608 = EDGE_CURVE ( 'NONE', #6791, #5572, #4729, .T. ) ;
#3609 = ORIENTED_EDGE ( 'NONE', *, *, #4421, .T. ) ;
#3610 = LINE ( 'NONE', #5874, #752 ) ;
#3611 = DIRECTION ( 'NONE',  ( -0.000000000000000000, -0.000000000000000000, -1.000000000000000000 ) ) ;
#3612 = ORIENTED_EDGE ( 'NONE', *, *, #1195, .F. ) ;
#3613 = ORIENTED_EDGE ( 'NONE', *, *, #6580, .T. ) ;
#3614 = ADVANCED_FACE ( 'NONE', ( #513 ), #9180, .T. ) ;
#3615 = CARTESIAN_POINT ( 'NONE',  ( 0.000000000000000000, 0.3012499999999982969, 0.000000000000000000 ) ) ;
#3616 = AXIS2_PLACEMENT_3D ( 'NONE', #9010, #2498, #8387 ) ;
#3617 = CARTESIAN_POINT ( 'NONE',  ( 1.859375000000026645, 0.3476343040826245234, 6.829619984160658046E-17 ) ) ;
#3618 = VECTOR ( 'NONE', #2213, 39.37007874015748143 ) ;
#3619 = DIRECTION ( 'NONE',  ( 0.000000000000000000, 0.000000000000000000, -1.000000000000000000 ) ) ;
#3620 = CARTESIAN_POINT ( 'NONE',  ( 2.453125000000005329, 0.6404979548822425928, -0.4650000000000000799 ) ) ;
#3621 = ORIENTED_EDGE ( 'NONE', *, *, #6151, .T. ) ;
#3622 = ORIENTED_EDGE ( 'NONE', *, *, #5099, .F. ) ;
#3623 = AXIS2_PLACEMENT_3D ( 'NONE', #7848, #7760, #5711 ) ;
#3624 = CARTESIAN_POINT ( 'NONE',  ( 2.264416059278953952, 0.2796853363486554445, -0.2545603832415576084 ) ) ;
#3625 = VERTEX_POINT ( 'NONE', #8510 ) ;
#3626 = VECTOR ( 'NONE', #4877, 39.37007874015748143 ) ;
#3627 = CIRCLE ( 'NONE', #5882, 0.3124999999999972800 ) ;
#3628 = CARTESIAN_POINT ( 'NONE',  ( 2.425200201892211638, -0.4800379978802461478, -0.5999999999999999778 ) ) ;
#3629 = LINE ( 'NONE', #2817, #7213 ) ;
#3630 = CARTESIAN_POINT ( 'NONE',  ( 2.265625000000000000, 0.6404979548822425928, -0.9499999999999999556 ) ) ;
#3631 = ADVANCED_FACE ( 'NONE', ( #1322 ), #6995, .F. ) ;
#3632 = VECTOR ( 'NONE', #4679, 39.37007874015747433 ) ;
#3633 = CIRCLE ( 'NONE', #8938, 0.04250000000000332678 ) ;
#3634 = CONICAL_SURFACE ( 'NONE', #1492, 0.3449999999999967537, 0.7853981633974503884 ) ;
#3635 = FACE_OUTER_BOUND ( 'NONE', #8885, .T. ) ;
#3636 = VERTEX_POINT ( 'NONE', #4146 ) ;
#3637 = DIRECTION ( 'NONE',  ( 0.8660254037844135055, 0.5000000000000432987, 0.000000000000000000 ) ) ;
#3638 = EDGE_LOOP ( 'NONE', ( #2799, #2628, #7766, #2334, #4311, #3890, #2822, #5529, #1379, #2613, #7123, #3744 ) ) ;
#3639 = AXIS2_PLACEMENT_3D ( 'NONE', #4727, #7806, #1242 ) ;
#3640 = DIRECTION ( 'NONE',  ( 0.7071067811865496822, 0.000000000000000000, -0.7071067811865452413 ) ) ;
#3641 = DIRECTION ( 'NONE',  ( -0.8660254037844138386, -0.5000000000000431877, 0.000000000000000000 ) ) ;
#3642 = VECTOR ( 'NONE', #2658, 39.37007874015748854 ) ;
#3643 = PRESENTATION_STYLE_ASSIGNMENT (( #642 ) ) ;
#3644 = DIRECTION ( 'NONE',  ( 0.000000000000000000, 0.000000000000000000, 1.000000000000000000 ) ) ;
#3645 = FACE_OUTER_BOUND ( 'NONE', #684, .T. ) ;
#3646 = EDGE_LOOP ( 'NONE', ( #2383, #6543, #2987, #1971 ) ) ;
#3647 = LINE ( 'NONE', #4882, #4397 ) ;
#3648 = ORIENTED_EDGE ( 'NONE', *, *, #9060, .T. ) ;
#3649 = AXIS2_PLACEMENT_3D ( 'NONE', #7395, #4335, #7219 ) ;
#3650 = DIRECTION ( 'NONE',  ( -0.4999999999999987232, 0.8660254037844393737, -0.000000000000000000 ) ) ;
#3651 = EDGE_CURVE ( 'NONE', #9381, #2589, #6404, .T. ) ;
#3652 = ADVANCED_FACE ( 'NONE', ( #8556 ), #1277, .F. ) ;
#3653 = CARTESIAN_POINT ( 'NONE',  ( -2.628325201892208085, -0.1282151775928198345, -0.5999999999999999778 ) ) ;
#3654 = DIRECTION ( 'NONE',  ( -7.649174382259934645E-15, 1.000000000000000000, 0.000000000000000000 ) ) ;
#3655 = CARTESIAN_POINT ( 'NONE',  ( -2.502978358448347151, -0.5300198112591532063, -0.8474999999999995870 ) ) ;
#3656 = VERTEX_POINT ( 'NONE', #7034 ) ;
#3657 = EDGE_LOOP ( 'NONE', ( #6056, #6717, #5042, #7384 ) ) ;
#3658 = FACE_OUTER_BOUND ( 'NONE', #4152, .T. ) ;
#3659 = VECTOR ( 'NONE', #4415, 39.37007874015748854 ) ;
#3660 = EDGE_CURVE ( 'NONE', #8963, #6122, #1219, .T. ) ;
#3661 = DIRECTION ( 'NONE',  ( 1.000000000000000000, 0.000000000000000000, 0.000000000000000000 ) ) ;
#3662 = EDGE_LOOP ( 'NONE', ( #3831, #7495, #9273, #2599, #6321 ) ) ;
#3663 = ORIENTED_EDGE ( 'NONE', *, *, #9132, .F. ) ;
#3664 = EDGE_CURVE ( 'NONE', #8600, #2922, #1229, .T. ) ;
#3665 = EDGE_CURVE ( 'NONE', #259, #4383, #624, .T. ) ;
#3666 = EDGE_LOOP ( 'NONE', ( #1246, #4880 ) ) ;
#3667 = DIRECTION ( 'NONE',  ( -4.535261055593764468E-14, -1.000000000000000000, -0.000000000000000000 ) ) ;
#3668 = CARTESIAN_POINT ( 'NONE',  ( 1.621674798107783033, -0.1282151775928082327, -0.5357500000000002816 ) ) ;
#3669 = AXIS2_PLACEMENT_3D ( 'NONE', #4388, #7316, #2363 ) ;
#3670 = CARTESIAN_POINT ( 'NONE',  ( -2.537660219341328460, -0.2382494887205698075, 5.578266170116183356E-17 ) ) ;
#3671 = DIRECTION ( 'NONE',  ( 0.000000000000000000, 0.000000000000000000, -1.000000000000000000 ) ) ;
#3672 = VERTEX_POINT ( 'NONE', #2710 ) ;
#3673 = ORIENTED_EDGE ( 'NONE', *, *, #535, .F. ) ;
#3674 = CARTESIAN_POINT ( 'NONE',  ( -2.453125000000005329, 0.6404979548822425928, -0.4650000000000000799 ) ) ;
#3675 = VERTEX_POINT ( 'NONE', #7891 ) ;
#3676 = AXIS2_PLACEMENT_3D ( 'NONE', #4033, #4646, #391 ) ;
#3677 = EDGE_CURVE ( 'NONE', #5313, #3416, #5607, .T. ) ;
#3678 = LINE ( 'NONE', #3769, #8102 ) ;
#3679 = VECTOR ( 'NONE', #1307, 39.37007874015748854 ) ;
#3680 = DIRECTION ( 'NONE',  ( -1.000000000000000000, -0.000000000000000000, -0.000000000000000000 ) ) ;
#3681 = DIRECTION ( 'NONE',  ( 0.000000000000000000, 1.000000000000000000, 0.000000000000000000 ) ) ;
#3682 = DIRECTION ( 'NONE',  ( 1.000000000000000000, 0.000000000000000000, 0.000000000000000000 ) ) ;
#3683 = ORIENTED_EDGE ( 'NONE', *, *, #2079, .T. ) ;
#3684 = CARTESIAN_POINT ( 'NONE',  ( 2.411828474074117157, 0.5949114638700457869, -0.8439418834258908264 ) ) ;
#3685 = EDGE_CURVE ( 'NONE', #7917, #4938, #8974, .T. ) ;
#3686 = DIRECTION ( 'NONE',  ( -1.172705632171726062E-16, 0.7071067811865457964, 0.7071067811865492381 ) ) ;
#3687 = ADVANCED_FACE ( 'NONE', ( #5558 ), #3473, .F. ) ;
#3688 = VERTEX_POINT ( 'NONE', #4243 ) ;
#3689 = CARTESIAN_POINT ( 'NONE',  ( -2.586229174377006057, -0.4171235458104662897, -0.2599999999999999534 ) ) ;
#3690 = CARTESIAN_POINT ( 'NONE',  ( -1.406249999999996003, -0.03608439182434083903, -0.4150000000000000910 ) ) ;
#3691 = CARTESIAN_POINT ( 'NONE',  ( -1.406249999999996003, -0.03608439182434083903, -0.7349999999999999867 ) ) ;
#3692 = CARTESIAN_POINT ( 'NONE',  ( 1.951875000000010463, 0.6404979548822711255, -0.6999999999999999556 ) ) ;
#3693 = CYLINDRICAL_SURFACE ( 'NONE', #4871, 0.04449999999999948441 ) ;
#3694 = VERTEX_POINT ( 'NONE', #4992 ) ;
#3695 = CARTESIAN_POINT ( 'NONE',  ( -2.407708649809764179, 0.5939605555333574705, -0.8452727038963768758 ) ) ;
#3696 = VERTEX_POINT ( 'NONE', #4297 ) ;
#3697 = CARTESIAN_POINT ( 'NONE',  ( 1.708306059513496011, 0.1333434656762768622, -0.3917949024850407302 ) ) ;
#3698 = DIRECTION ( 'NONE',  ( -0.7071067811865683339, -0.7071067811865267005, 0.000000000000000000 ) ) ;
#3699 = DIRECTION ( 'NONE',  ( 0.4999999999999527600, -0.8660254037844661301, -0.000000000000000000 ) ) ;
#3700 = CARTESIAN_POINT ( 'NONE',  ( -2.493757000236161314, -0.5747974881317641227, -0.8254813800261062706 ) ) ;
#3701 = ORIENTED_EDGE ( 'NONE', *, *, #5556, .T. ) ;
#3702 = ORIENTED_EDGE ( 'NONE', *, *, #3955, .F. ) ;
#3703 = CARTESIAN_POINT ( 'NONE',  ( -2.125000000000000000, 0.000000000000000000, 0.2500000000000000555 ) ) ;
#3704 = AXIS2_PLACEMENT_3D ( 'NONE', #7680, #4215, #7103 ) ;
#3705 = FACE_OUTER_BOUND ( 'NONE', #7615, .T. ) ;
#3706 = ORIENTED_EDGE ( 'NONE', *, *, #5479, .F. ) ;
#3707 = EDGE_LOOP ( 'NONE', ( #134, #6234, #4952, #694 ) ) ;
#3708 = DIRECTION ( 'NONE',  ( -0.000000000000000000, -1.000000000000000000, -0.000000000000000000 ) ) ;
#3709 = FACE_OUTER_BOUND ( 'NONE', #2780, .T. ) ;
#3710 = ADVANCED_FACE ( 'NONE', ( #5747 ), #1828, .F. ) ;
#3711 = AXIS2_PLACEMENT_3D ( 'NONE', #1041, #412, #3961 ) ;
#3712 = VECTOR ( 'NONE', #1206, 39.37007874015748143 ) ;
#3713 = LINE ( 'NONE', #1646, #3270 ) ;
#3714 = EDGE_CURVE ( 'NONE', #3579, #5922, #7792, .T. ) ;
#3715 = EDGE_CURVE ( 'NONE', #907, #8354, #7915, .T. ) ;
#3716 = ORIENTED_EDGE ( 'NONE', *, *, #7160, .F. ) ;
#3717 = PLANE ( 'NONE',  #6304 ) ;
#3718 = ORIENTED_EDGE ( 'NONE', *, *, #966, .F. ) ;
#3719 = ORIENTED_EDGE ( 'NONE', *, *, #4262, .T. ) ;
#3720 = CARTESIAN_POINT ( 'NONE',  ( 2.436168188425644310, -0.02882027952503101939, -0.2500000000000000555 ) ) ;
#3721 = VERTEX_POINT ( 'NONE', #1414 ) ;
#3722 = CIRCLE ( 'NONE', #4339, 0.06424999999999979339 ) ;
#3723 = LINE ( 'NONE', #2957, #7051 ) ;
#3724 = FILL_AREA_STYLE_COLOUR ( '', #6147 ) ;
#3725 = CIRCLE ( 'NONE', #1736, 0.3124999999999972800 ) ;
#3726 = CARTESIAN_POINT ( 'NONE',  ( -1.700256350946108164, -0.04531832941093624084, -0.6999999999999999556 ) ) ;
#3727 = ADVANCED_FACE ( 'NONE', ( #4341 ), #2445, .F. ) ;
#3728 = CARTESIAN_POINT ( 'NONE',  ( 2.255624999999997993, -3.949324281624900689E-16, -0.2500000000000000555 ) ) ;
#3729 = VERTEX_POINT ( 'NONE', #1597 ) ;
#3730 = B_SPLINE_CURVE_WITH_KNOTS ( 'NONE', 3,
 ( #8716, #5854, #7153, #4452, #7953, #8764 ),
 .UNSPECIFIED., .F., .F.,
 ( 4, 2, 4 ),
 ( 5.204170427930421283E-18, 0.0002093588874249740920, 0.0004187177748499429798 ),
 .UNSPECIFIED. ) ;
#3731 = CARTESIAN_POINT ( 'NONE',  ( 2.453125000000005329, 0.2893790496476773000, -0.4650000000000000799 ) ) ;
#3732 = VECTOR ( 'NONE', #2996, 39.37007874015748854 ) ;
#3733 = CARTESIAN_POINT ( 'NONE',  ( -1.880441930300842390, -0.4479129978800760470, -0.5999999999999999778 ) ) ;
#3734 = VERTEX_POINT ( 'NONE', #126 ) ;
#3735 = CYLINDRICAL_SURFACE ( 'NONE', #7853, 0.009999999999999892655 ) ;
#3736 = CARTESIAN_POINT ( 'NONE',  ( 0.000000000000000000, 0.3012499999999982969, 0.000000000000000000 ) ) ;
#3737 = CARTESIAN_POINT ( 'NONE',  ( 2.190312499999986340, -0.1131245683693056503, -0.2500000000000000555 ) ) ;
#3738 = CARTESIAN_POINT ( 'NONE',  ( 1.484346610447648818, -0.1713516890186513597, -0.2499999999999999722 ) ) ;
#3739 = CYLINDRICAL_SURFACE ( 'NONE', #2597, 0.2500000000000000000 ) ;
#3740 = ORIENTED_EDGE ( 'NONE', *, *, #6044, .F. ) ;
#3741 = VECTOR ( 'NONE', #8287, 39.37007874015748143 ) ;
#3742 = ADVANCED_FACE ( 'NONE', ( #888 ), #5932, .F. ) ;
#3743 = CARTESIAN_POINT ( 'NONE',  ( 1.371124999999987715, 7.868355684521745422E-18, 0.000000000000000000 ) ) ;
#3744 = ORIENTED_EDGE ( 'NONE', *, *, #8999, .F. ) ;
#3745 = CARTESIAN_POINT ( 'NONE',  ( 1.703668988314054777, 0.1178953701574849272, -0.3737597234363084775 ) ) ;
#3746 = AXIS2_PLACEMENT_3D ( 'NONE', #2525, #9138, #8992 ) ;
#3747 = LINE ( 'NONE', #4422, #6310 ) ;
#3748 = PLANE ( 'NONE',  #3529 ) ;
#3749 = DIRECTION ( 'NONE',  ( -0.000000000000000000, -0.000000000000000000, 1.000000000000000000 ) ) ;
#3750 = VERTEX_POINT ( 'NONE', #3668 ) ;
#3751 = ORIENTED_EDGE ( 'NONE', *, *, #4530, .F. ) ;
#3752 = ORIENTED_EDGE ( 'NONE', *, *, #7097, .T. ) ;
#3753 = DIRECTION ( 'NONE',  ( 0.000000000000000000, 0.000000000000000000, -1.000000000000000000 ) ) ;
#3754 = PLANE ( 'NONE',  #404 ) ;
#3755 = ORIENTED_EDGE ( 'NONE', *, *, #7155, .T. ) ;
#3756 = VERTEX_POINT ( 'NONE', #8744 ) ;
#3757 = LINE ( 'NONE', #2994, #8418 ) ;
#3758 = CARTESIAN_POINT ( 'NONE',  ( 1.710327891682204449, 0.1394750607932296049, -0.7849999999997243627 ) ) ;
#3759 = CYLINDRICAL_SURFACE ( 'NONE', #984, 0.06424999999999990441 ) ;
#3760 = DIRECTION ( 'NONE',  ( -0.000000000000000000, -1.000000000000000000, -0.000000000000000000 ) ) ;
#3761 = ORIENTED_EDGE ( 'NONE', *, *, #7087, .F. ) ;
#3762 = ORIENTED_EDGE ( 'NONE', *, *, #7452, .T. ) ;
#3763 = CARTESIAN_POINT ( 'NONE',  ( 0.000000000000000000, 0.2087499999999984091, 0.000000000000000000 ) ) ;
#3764 = EDGE_LOOP ( 'NONE', ( #2377, #4058, #1247, #7660 ) ) ;
#3765 = VECTOR ( 'NONE', #3018, 39.37007874015748143 ) ;
#3766 = B_SPLINE_CURVE_WITH_KNOTS ( 'NONE', 3,
 ( #906, #90, #1473, #189, #3684, #6581, #8182, #6772, #8760, #233, #4451, #5901, #3154, #5142 ),
 .UNSPECIFIED., .F., .F.,
 ( 4, 2, 2, 2, 2, 2, 4 ),
 ( 0.000000000000000000, 0.0003295577060318853157, 0.0006591154120637706315, 0.001318230824127521314, 0.001647788530159395625, 0.001977346236191270153, 0.002636461648255014438 ),
 .UNSPECIFIED. ) ;
#3767 = ADVANCED_FACE ( 'NONE', ( #3709 ), #8160, .F. ) ;
#3768 = ADVANCED_FACE ( 'NONE', ( #8793 ), #5635, .F. ) ;
#3769 = CARTESIAN_POINT ( 'NONE',  ( -2.390625000000005773, 0.6404979548822425928, 0.000000000000000000 ) ) ;
#3770 = AXIS2_PLACEMENT_3D ( 'NONE', #3510, #648, #5590 ) ;
#3771 = CARTESIAN_POINT ( 'NONE',  ( -2.533493649053906172, -0.07346415503396287738, -0.6999999999999999556 ) ) ;
#3772 = CARTESIAN_POINT ( 'NONE',  ( -2.493160219341328698, -0.2382494887205698075, 0.000000000000000000 ) ) ;
#3773 = CIRCLE ( 'NONE', #5734, 0.06424999999999990441 ) ;
#3774 = CARTESIAN_POINT ( 'NONE',  ( -2.766249999999998987, -0.1703183294109464618, -0.6999999999999999556 ) ) ;
#3775 = ORIENTED_EDGE ( 'NONE', *, *, #1731, .F. ) ;
#3776 = VERTEX_POINT ( 'NONE', #6564 ) ;
#3777 = DIRECTION ( 'NONE',  ( -0.4999999999999972800, 0.8660254037844402619, 0.000000000000000000 ) ) ;
#3778 = EDGE_CURVE ( 'NONE', #9246, #3130, #8880, .T. ) ;
#3779 = CARTESIAN_POINT ( 'NONE',  ( -0.5324999999999974198, -0.1762500000000011557, 0.000000000000000000 ) ) ;
#3780 = VERTEX_POINT ( 'NONE', #5832 ) ;
#3781 = ADVANCED_FACE ( 'NONE', ( #2945 ), #7759, .F. ) ;
#3782 = CARTESIAN_POINT ( 'NONE',  ( 1.621674798107783033, -0.1282151775928081772, -0.5999999999999999778 ) ) ;
#3783 = CYLINDRICAL_SURFACE ( 'NONE', #7646, 0.06424999999999977951 ) ;
#3784 = CARTESIAN_POINT ( 'NONE',  ( 2.390625000000005329, 0.6404979548822425928, -0.4649999999999999689 ) ) ;
#3785 = VECTOR ( 'NONE', #7058, 39.37007874015748143 ) ;
#3786 = AXIS2_PLACEMENT_3D ( 'NONE', #4693, #6966, #3310 ) ;
#3787 = AXIS2_PLACEMENT_3D ( 'NONE', #941, #5800, #2284 ) ;
#3788 = VERTEX_POINT ( 'NONE', #1645 ) ;
#3789 = B_SPLINE_CURVE_WITH_KNOTS ( 'NONE', 3,
 ( #2262, #8728, #7254, #7966, #5203, #5821, #3745, #2123, #5112, #3697, #5918, #8101, #2886, #6497 ),
 .UNSPECIFIED., .F., .F.,
 ( 4, 2, 2, 2, 2, 2, 4 ),
 ( 0.000000000000000000, 0.0007337661947641793475, 0.001467532389528358695, 0.001834415486910448423, 0.002201298584292537934, 0.002568181681674627879, 0.002935064779056717390 ),
 .UNSPECIFIED. ) ;
#3790 = DIRECTION ( 'NONE',  ( 0.000000000000000000, 1.000000000000000000, 0.000000000000000000 ) ) ;
#3791 = ORIENTED_EDGE ( 'NONE', *, *, #8262, .T. ) ;
#3792 = CIRCLE ( 'NONE', #9095, 0.9875000000000008216 ) ;
#3793 = EDGE_CURVE ( 'NONE', #6300, #4012, #2903, .T. ) ;
#3794 = AXIS2_PLACEMENT_3D ( 'NONE', #4971, #2739, #9358 ) ;
#3795 = CYLINDRICAL_SURFACE ( 'NONE', #7256, 0.06249999999999967387 ) ;
#3796 = AXIS2_PLACEMENT_3D ( 'NONE', #2615, #5461, #3958 ) ;
#3797 = EDGE_CURVE ( 'NONE', #3672, #2276, #6611, .T. ) ;
#3798 = FACE_OUTER_BOUND ( 'NONE', #3825, .T. ) ;
#3799 = DIRECTION ( 'NONE',  ( 0.000000000000000000, 0.000000000000000000, -1.000000000000000000 ) ) ;
#3800 = AXIS2_PLACEMENT_3D ( 'NONE', #6532, #673, #4157 ) ;
#3801 = FILL_AREA_STYLE_COLOUR ( '', #1533 ) ;
#3802 = ORIENTED_EDGE ( 'NONE', *, *, #7545, .F. ) ;
#3803 = AXIS2_PLACEMENT_3D ( 'NONE', #4183, #4939, #7832 ) ;
#3804 = VERTEX_POINT ( 'NONE', #7984 ) ;
#3805 = CARTESIAN_POINT ( 'NONE',  ( -2.305543188425646317, -0.2550694162636903406, -0.2500000000000000555 ) ) ;
#3806 = VECTOR ( 'NONE', #2524, 39.37007874015748854 ) ;
#3807 = CARTESIAN_POINT ( 'NONE',  ( -1.437499999999995559, -0.09021097956087463510, 0.2500000000000000555 ) ) ;
#3808 = VERTEX_POINT ( 'NONE', #2995 ) ;
#3809 = ADVANCED_FACE ( 'NONE', ( #7226 ), #2227, .F. ) ;
#3810 = EDGE_CURVE ( 'NONE', #2491, #5234, #74, .T. ) ;
#3811 = VERTEX_POINT ( 'NONE', #3617 ) ;
#3812 = FACE_OUTER_BOUND ( 'NONE', #8921, .T. ) ;
#3813 = CARTESIAN_POINT ( 'NONE',  ( 1.437499999999995559, -0.09021097956087463510, 0.2500000000000000555 ) ) ;
#3814 = DIRECTION ( 'NONE',  ( 0.8660254037844448138, 0.4999999999999893419, 0.000000000000000000 ) ) ;
#3815 = ORIENTED_EDGE ( 'NONE', *, *, #7371, .F. ) ;
#3816 = CARTESIAN_POINT ( 'NONE',  ( 2.390625000000005773, 0.6404979548822425928, 0.2500000000000000555 ) ) ;
#3817 = PLANE ( 'NONE',  #8421 ) ;
#3818 = ORIENTED_EDGE ( 'NONE', *, *, #1024, .T. ) ;
#3819 = CARTESIAN_POINT ( 'NONE',  ( -2.249163669743331706, -0.4195903559375950276, -0.3630944694227261627 ) ) ;
#3820 = VERTEX_POINT ( 'NONE', #6520 ) ;
#3821 = AXIS2_PLACEMENT_3D ( 'NONE', #8657, #3530, #3619 ) ;
#3822 = CARTESIAN_POINT ( 'NONE',  ( -1.813004557839720920, -0.01775088930758956032, -0.2600000000000002309 ) ) ;
#3823 = FACE_OUTER_BOUND ( 'NONE', #2580, .T. ) ;
#3824 = CARTESIAN_POINT ( 'NONE',  ( -1.824799798107692439, -0.4800379978800762282, -0.5999999999999999778 ) ) ;
#3825 = EDGE_LOOP ( 'NONE', ( #6759, #5131, #4606, #8563 ) ) ;
#3826 = EDGE_LOOP ( 'NONE', ( #6333, #619, #2210, #4210 ) ) ;
#3827 = AXIS2_PLACEMENT_3D ( 'NONE', #6472, #9374, #5037 ) ;
#3828 = LINE ( 'NONE', #6725, #1188 ) ;
#3829 = DIRECTION ( 'NONE',  ( 0.8660254037844137276, 0.5000000000000434097, 0.000000000000000000 ) ) ;
#3830 = VECTOR ( 'NONE', #7968, 39.37007874015748143 ) ;
#3831 = ORIENTED_EDGE ( 'NONE', *, *, #3246, .T. ) ;
#3832 = FACE_OUTER_BOUND ( 'NONE', #4371, .T. ) ;
#3833 = CIRCLE ( 'NONE', #2609, 0.06425000000000000155 ) ;
#3834 = DIRECTION ( 'NONE',  ( -0.000000000000000000, -0.000000000000000000, -1.000000000000000000 ) ) ;
#3835 = DIRECTION ( 'NONE',  ( 0.8660254037844447028, 0.4999999999999893419, 0.000000000000000000 ) ) ;
#3836 = CARTESIAN_POINT ( 'NONE',  ( -2.544742737973233471, -0.5490559132662351516, -0.7350000000000000977 ) ) ;
#3837 = VECTOR ( 'NONE', #7259, 39.37007874015748854 ) ;
#3838 = ORIENTED_EDGE ( 'NONE', *, *, #3513, .F. ) ;
#3839 = EDGE_CURVE ( 'NONE', #8069, #4744, #6247, .T. ) ;
#3840 = ADVANCED_FACE ( 'NONE', ( #5124 ), #6710, .F. ) ;
#3841 = DIRECTION ( 'NONE',  ( -5.090879084663727145E-14, 1.000000000000000000, -0.000000000000000000 ) ) ;
#3842 = EDGE_CURVE ( 'NONE', #3578, #6097, #4518, .T. ) ;
#3843 = FACE_OUTER_BOUND ( 'NONE', #2212, .T. ) ;
#3844 = DIRECTION ( 'NONE',  ( -0.4999999999999987232, 0.8660254037844393737, 0.000000000000000000 ) ) ;
#3845 = CARTESIAN_POINT ( 'NONE',  ( 0.5000000000000000000, 0.2087499999999984091, 0.000000000000000000 ) ) ;
#3846 = DIRECTION ( 'NONE',  ( -1.000000000000000000, 0.000000000000000000, 0.000000000000000000 ) ) ;
#3847 = ORIENTED_EDGE ( 'NONE', *, *, #9248, .F. ) ;
#3848 = ADVANCED_FACE ( 'NONE', ( #8836 ), #7355, .F. ) ;
#3849 = PLANE ( 'NONE',  #5907 ) ;
#3850 = CARTESIAN_POINT ( 'NONE',  ( -1.697586126802562045, 0.09350439475598201766, -0.8404620568917900991 ) ) ;
#3851 = ORIENTED_EDGE ( 'NONE', *, *, #4262, .F. ) ;
#3852 = ORIENTED_EDGE ( 'NONE', *, *, #4173, .T. ) ;
#3853 = CARTESIAN_POINT ( 'NONE',  ( 2.544742737973233471, -0.5490559132662351516, -0.7350000000000000977 ) ) ;
#3854 = DIRECTION ( 'NONE',  ( 0.000000000000000000, -1.000000000000000000, 0.000000000000000000 ) ) ;
#3855 = CARTESIAN_POINT ( 'NONE',  ( 1.859375000000017319, 0.4058214234295524081, -0.6642500000000000071 ) ) ;
#3856 = EDGE_CURVE ( 'NONE', #1819, #3416, #7971, .T. ) ;
#3857 = AXIS2_PLACEMENT_3D ( 'NONE', #9251, #7773, #8436 ) ;
#3858 = SURFACE_STYLE_USAGE ( .BOTH. , #4047 ) ;
#3859 = EDGE_LOOP ( 'NONE', ( #3926, #4252, #556, #3088 ) ) ;
#3860 = CARTESIAN_POINT ( 'NONE',  ( -2.215603892907803463, -0.4280184944813355541, -0.3960606752794165741 ) ) ;
#3861 = ORIENTED_EDGE ( 'NONE', *, *, #4934, .T. ) ;
#3862 = LINE ( 'NONE', #5366, #1878 ) ;
#3863 = VECTOR ( 'NONE', #3081, 39.37007874015748143 ) ;
#3864 = CARTESIAN_POINT ( 'NONE',  ( 1.859375000000029976, 0.3476343040826271324, -0.6272455802306846628 ) ) ;
#3865 = ORIENTED_EDGE ( 'NONE', *, *, #4477, .T. ) ;
#3866 = DIRECTION ( 'NONE',  ( 0.000000000000000000, 0.000000000000000000, 1.000000000000000000 ) ) ;
#3867 = ORIENTED_EDGE ( 'NONE', *, *, #7018, .F. ) ;
#3868 = ORIENTED_EDGE ( 'NONE', *, *, #710, .T. ) ;
#3869 = CYLINDRICAL_SURFACE ( 'NONE', #3322, 0.3124999999999974465 ) ;
#3870 = CARTESIAN_POINT ( 'NONE',  ( 1.953125755744734127, -0.2991391718944229061, -0.9499999999999999556 ) ) ;
#3871 = DIRECTION ( 'NONE',  ( 1.000000000000000000, 5.090879084663727145E-14, 0.000000000000000000 ) ) ;
#3872 = LINE ( 'NONE', #2485, #7187 ) ;
#3873 = CARTESIAN_POINT ( 'NONE',  ( 2.812500000000023093, 0.4058214234295524081, -0.5999999999999999778 ) ) ;
#3874 = FACE_OUTER_BOUND ( 'NONE', #1763, .T. ) ;
#3875 = VERTEX_POINT ( 'NONE', #6882 ) ;
#3876 = COLOUR_RGB ( '',0.7529411764705882248, 0.7529411764705882248, 0.7529411764705882248 ) ;
#3877 = AXIS2_PLACEMENT_3D ( 'NONE', #9337, #8616, #40 ) ;
#3878 = LINE ( 'NONE', #4503, #4545 ) ;
#3879 = FACE_OUTER_BOUND ( 'NONE', #7394, .T. ) ;
#3880 = ORIENTED_EDGE ( 'NONE', *, *, #3778, .F. ) ;
#3881 = EDGE_CURVE ( 'NONE', #7941, #8552, #5404, .T. ) ;
#3882 = DIRECTION ( 'NONE',  ( 0.000000000000000000, -0.7071067811865549002, -0.7071067811865400232 ) ) ;
#3883 = B_SPLINE_CURVE_WITH_KNOTS ( 'NONE', 3,
 ( #3918, #1140, #6815, #285, #2478, #8663, #7232, #7940, #7757, #5661, #4908, #2003, #1237, #569 ),
 .UNSPECIFIED., .F., .F.,
 ( 4, 2, 2, 2, 2, 2, 4 ),
 ( 0.000000000000000000, 0.0007337661947641810822, 0.001467532389528362164, 0.001834415486910452109, 0.002201298584292541837, 0.002568181681674631782, 0.002935064779056721727 ),
 .UNSPECIFIED. ) ;
#3884 = FACE_OUTER_BOUND ( 'NONE', #8458, .T. ) ;
#3885 = AXIS2_PLACEMENT_3D ( 'NONE', #9409, #7214, #7169 ) ;
#3886 = EDGE_CURVE ( 'NONE', #8514, #241, #3900, .T. ) ;
#3887 = VECTOR ( 'NONE', #3698, 39.37007874015748143 ) ;
#3888 = EDGE_CURVE ( 'NONE', #5011, #6006, #3364, .T. ) ;
#3889 = CARTESIAN_POINT ( 'NONE',  ( -0.5325000000000017497, 0.3012499999999984079, 0.000000000000000000 ) ) ;
#3890 = ORIENTED_EDGE ( 'NONE', *, *, #8615, .F. ) ;
#3891 = ORIENTED_EDGE ( 'NONE', *, *, #5556, .F. ) ;
#3892 = CARTESIAN_POINT ( 'NONE',  ( -2.746467334085270551, -0.05208700211991428020, -0.5999999999999999778 ) ) ;
#3893 = AXIS2_PLACEMENT_3D ( 'NONE', #9244, #7854, #9387 ) ;
#3894 = CARTESIAN_POINT ( 'NONE',  ( -1.859375000000008882, 0.6404979548822424817, -0.6642500000000000071 ) ) ;
#3895 = EDGE_LOOP ( 'NONE', ( #1935, #369, #2170, #2579, #7602, #9113, #1319, #6077, #9101, #5440, #706, #2282, #9199, #9388 ) ) ;
#3896 = EDGE_CURVE ( 'NONE', #6724, #8417, #1835, .T. ) ;
#3897 = ORIENTED_EDGE ( 'NONE', *, *, #2791, .F. ) ;
#3898 = CARTESIAN_POINT ( 'NONE',  ( 2.125000000000000000, 0.000000000000000000, 0.9499999999999999556 ) ) ;
#3899 = EDGE_CURVE ( 'NONE', #907, #5386, #6223, .T. ) ;
#3900 = LINE ( 'NONE', #3139, #5029 ) ;
#3901 = LINE ( 'NONE', #8258, #4644 ) ;
#3902 = ORIENTED_EDGE ( 'NONE', *, *, #6840, .T. ) ;
#3903 = ORIENTED_EDGE ( 'NONE', *, *, #981, .F. ) ;
#3904 = FACE_OUTER_BOUND ( 'NONE', #6356, .T. ) ;
#3905 = VERTEX_POINT ( 'NONE', #261 ) ;
#3906 = CARTESIAN_POINT ( 'NONE',  ( -1.437499999999995337, -0.09021097956086862601, -0.4649999999999999689 ) ) ;
#3907 = EDGE_LOOP ( 'NONE', ( #975, #8521, #72, #8009 ) ) ;
#3908 = CARTESIAN_POINT ( 'NONE',  ( -2.125000000000000000, 0.000000000000000000, -0.9499999999999999556 ) ) ;
#3909 = LINE ( 'NONE', #8366, #6755 ) ;
#3910 = ADVANCED_FACE ( 'NONE', ( #6021 ), #399, .F. ) ;
#3911 = CARTESIAN_POINT ( 'NONE',  ( -1.994375000000010889, 0.6079979548822630475, -0.2500000000000000555 ) ) ;
#3912 = ADVANCED_FACE ( 'NONE', ( #3181 ), #4126, .F. ) ;
#3913 = CARTESIAN_POINT ( 'NONE',  ( 2.586229174377006057, -0.4171235458104662897, -0.2599999999999999534 ) ) ;
#3914 = FILL_AREA_STYLE ('',( #87 ) ) ;
#3915 = DIRECTION ( 'NONE',  ( -0.000000000000000000, -0.000000000000000000, -1.000000000000000000 ) ) ;
#3916 = EDGE_LOOP ( 'NONE', ( #8915, #7117, #548, #613, #987, #9284, #1342, #6895, #129, #7674, #584, #6433, #7561, #1557, #8336, #3532, #9301 ) ) ;
#3917 = ORIENTED_EDGE ( 'NONE', *, *, #2734, .F. ) ;
#3918 = CARTESIAN_POINT ( 'NONE',  ( 2.293247638562451396, -0.4038551499215468632, -0.3525000000000004241 ) ) ;
#3919 =( NAMED_UNIT ( * ) SI_UNIT ( $, .STERADIAN. ) SOLID_ANGLE_UNIT ( ) );
#3920 = CARTESIAN_POINT ( 'NONE',  ( -1.635624999999971241, -0.4333735458104718830, -0.2599999999999999534 ) ) ;
#3921 = EDGE_CURVE ( 'NONE', #2698, #6230, #8978, .T. ) ;
#3922 = CARTESIAN_POINT ( 'NONE',  ( -1.951875000000020233, 0.3904979548822711810, -0.9499999999999999556 ) ) ;
#3923 = CARTESIAN_POINT ( 'NONE',  ( -2.690825201892120155, -0.01996200211991486922, -0.5999999999999999778 ) ) ;
#3924 = FACE_BOUND ( 'NONE', #7685, .T. ) ;
#3925 = VECTOR ( 'NONE', #6961, 39.37007874015748143 ) ;
#3926 = ORIENTED_EDGE ( 'NONE', *, *, #1856, .F. ) ;
#3927 = AXIS2_PLACEMENT_3D ( 'NONE', #8205, #2458, #1117 ) ;
#3928 = CARTESIAN_POINT ( 'NONE',  ( -1.702620545118174622, 0.1140984422054998892, -0.3708185898269266700 ) ) ;
#3929 = ORIENTED_EDGE ( 'NONE', *, *, #7994, .F. ) ;
#3930 = DIRECTION ( 'NONE',  ( 0.000000000000000000, 0.000000000000000000, -1.000000000000000000 ) ) ;
#3931 = ORIENTED_EDGE ( 'NONE', *, *, #997, .T. ) ;
#3932 = VECTOR ( 'NONE', #4217, 39.37007874015748143 ) ;
#3933 = FACE_BOUND ( 'NONE', #7645, .T. ) ;
#3934 = AXIS2_PLACEMENT_3D ( 'NONE', #3257, #1629, #6869 ) ;
#3935 = CARTESIAN_POINT ( 'NONE',  ( 1.700256350946108164, -0.04531832941093624084, -0.6999999999999999556 ) ) ;
#3936 = DIRECTION ( 'NONE',  ( -0.8660254037844399289, -0.4999999999999981126, 0.000000000000000000 ) ) ;
#3937 = ORIENTED_EDGE ( 'NONE', *, *, #5843, .T. ) ;
#3938 = VECTOR ( 'NONE', #3595, 39.37007874015748143 ) ;
#3939 = PRESENTATION_LAYER_ASSIGNMENT (  '', '', ( #1339 ) ) ;
#3940 = VECTOR ( 'NONE', #7289, 39.37007874015748143 ) ;
#3941 = CARTESIAN_POINT ( 'NONE',  ( 1.951875000000022009, 0.3904979548822711810, -0.9499999999999999556 ) ) ;
#3942 = ADVANCED_FACE ( 'NONE', ( #1121 ), #1027, .F. ) ;
#3943 = CARTESIAN_POINT ( 'NONE',  ( 2.398373149454037456, 0.3417139959468459831, -0.3525000000000004796 ) ) ;
#3944 = ORIENTED_EDGE ( 'NONE', *, *, #1550, .T. ) ;
#3945 = CIRCLE ( 'NONE', #4854, 0.3124999999999972800 ) ;
#3946 = EDGE_LOOP ( 'NONE', ( #6149, #7543, #7109, #8224, #1917, #2223, #7550, #1685 ) ) ;
#3947 = CARTESIAN_POINT ( 'NONE',  ( -2.296370442160278635, -0.2613205341219645983, -0.9175000000000006484 ) ) ;
#3948 = VECTOR ( 'NONE', #9028, 39.37007874015748143 ) ;
#3949 = CARTESIAN_POINT ( 'NONE',  ( 1.699557446862083543, 0.1020995828581592463, -0.8365655606850085357 ) ) ;
#3950 = CARTESIAN_POINT ( 'NONE',  ( 2.448132182121053546, -0.01173634784909316844, -0.9282771156755851294 ) ) ;
#3951 = EDGE_CURVE ( 'NONE', #3564, #3965, #3981, .T. ) ;
#3952 = ORIENTED_EDGE ( 'NONE', *, *, #9146, .F. ) ;
#3953 = VECTOR ( 'NONE', #5954, 39.37007874015748854 ) ;
#3954 = DIRECTION ( 'NONE',  ( 0.000000000000000000, 0.000000000000000000, -1.000000000000000000 ) ) ;
#3955 = EDGE_CURVE ( 'NONE', #5910, #4798, #2530, .T. ) ;
#3956 = ORIENTED_EDGE ( 'NONE', *, *, #8240, .T. ) ;
#3957 = EDGE_CURVE ( 'NONE', #1686, #7482, #6976, .T. ) ;
#3958 = DIRECTION ( 'NONE',  ( 0.000000000000000000, 0.000000000000000000, 1.000000000000000000 ) ) ;
#3959 = ORIENTED_EDGE ( 'NONE', *, *, #5189, .F. ) ;
#3960 = CARTESIAN_POINT ( 'NONE',  ( -1.788561868644837238, 0.2800360739087939255, -0.2387139260912050087 ) ) ;
#3961 = DIRECTION ( 'NONE',  ( 0.8660254037844441477, -0.4999999999999903411, 0.000000000000000000 ) ) ;
#3962 = DIRECTION ( 'NONE',  ( 0.000000000000000000, -1.000000000000000000, 0.000000000000000000 ) ) ;
#3963 = CARTESIAN_POINT ( 'NONE',  ( -1.306874999999987574, 0.000000000000000000, 0.000000000000000000 ) ) ;
#3964 = LINE ( 'NONE', #5517, #8576 ) ;
#3965 = VERTEX_POINT ( 'NONE', #2746 ) ;
#3966 = ORIENTED_EDGE ( 'NONE', *, *, #6956, .F. ) ;
#3967 = EDGE_CURVE ( 'NONE', #5947, #6042, #6460, .T. ) ;
#3968 = CARTESIAN_POINT ( 'NONE',  ( 1.786818850946106707, -0.1952489774411181045, -0.6999999999999999556 ) ) ;
#3969 = EDGE_LOOP ( 'NONE', ( #6940, #5179, #904, #9331, #6254 ) ) ;
#3970 = AXIS2_PLACEMENT_3D ( 'NONE', #1534, #9398, #2208 ) ;
#3971 = FACE_OUTER_BOUND ( 'NONE', #4704, .T. ) ;
#3972 = PLANE ( 'NONE',  #8854 ) ;
#3973 = CARTESIAN_POINT ( 'NONE',  ( -1.559174798107780591, -0.01996200211974713534, -0.5999999999999999778 ) ) ;
#3974 = FACE_OUTER_BOUND ( 'NONE', #4189, .T. ) ;
#3975 = EDGE_LOOP ( 'NONE', ( #9031, #2688 ) ) ;
#3976 = VERTEX_POINT ( 'NONE', #606 ) ;
#3977 = DIRECTION ( 'NONE',  ( -0.5000000000000432987, -0.8660254037844136166, 0.000000000000000000 ) ) ;
#3978 = ORIENTED_EDGE ( 'NONE', *, *, #3491, .F. ) ;
#3979 = EDGE_CURVE ( 'NONE', #2993, #722, #1217, .T. ) ;
#3980 = CYLINDRICAL_SURFACE ( 'NONE', #3471, 0.5000000000000000000 ) ;
#3981 = CIRCLE ( 'NONE', #1680, 0.06424999999999973788 ) ;
#3982 = FACE_OUTER_BOUND ( 'NONE', #3100, .T. ) ;
#3983 = CARTESIAN_POINT ( 'NONE',  ( 2.125000000000000000, 0.000000000000000000, -0.7350000000000006528 ) ) ;
#3984 = AXIS2_PLACEMENT_3D ( 'NONE', #3604, #4423, #5205 ) ;
#3985 = DIRECTION ( 'NONE',  ( 4.535261055593764468E-14, 1.000000000000000000, 0.000000000000000000 ) ) ;
#3986 = ORIENTED_EDGE ( 'NONE', *, *, #997, .F. ) ;
#3987 = DIRECTION ( 'NONE',  ( -1.000000000000000000, 1.865610830299460874E-15, 0.000000000000000000 ) ) ;
#3988 = ORIENTED_EDGE ( 'NONE', *, *, #4872, .T. ) ;
#3989 = DIRECTION ( 'NONE',  ( -0.000000000000000000, 1.000000000000000000, -0.000000000000000000 ) ) ;
#3990 = CARTESIAN_POINT ( 'NONE',  ( 2.442744587066288720, 0.3007615618774220345, -0.3802642447046674645 ) ) ;
#3991 = ORIENTED_EDGE ( 'NONE', *, *, #6844, .F. ) ;
#3992 = ORIENTED_EDGE ( 'NONE', *, *, #7361, .T. ) ;
#3993 = DIRECTION ( 'NONE',  ( -0.5000000000000038858, -0.8660254037844363761, 0.000000000000000000 ) ) ;
#3994 = DIRECTION ( 'NONE',  ( 0.4999999999999920619, -0.8660254037844432595, 0.000000000000000000 ) ) ;
#3995 = CARTESIAN_POINT ( 'NONE',  ( -2.190312499999974349, 0.1131245683693124782, -0.2600000000000000089 ) ) ;
#3996 = ORIENTED_EDGE ( 'NONE', *, *, #8524, .F. ) ;
#3997 = CARTESIAN_POINT ( 'NONE',  ( -0.8325000000000002398, -0.1762500000000011557, 0.000000000000000000 ) ) ;
#3998 = LINE ( 'NONE', #1888, #2727 ) ;
#3999 = VERTEX_POINT ( 'NONE', #7070 ) ;
#4000 = DIRECTION ( 'NONE',  ( -0.4999999999999834577, -0.8660254037844482555, 0.000000000000000000 ) ) ;
#4001 = EDGE_CURVE ( 'NONE', #370, #2479, #4840, .T. ) ;
#4002 = CARTESIAN_POINT ( 'NONE',  ( 2.125000000000000000, 0.000000000000000000, -0.2500000000000000555 ) ) ;
#4003 = CARTESIAN_POINT ( 'NONE',  ( -2.390625000000005773, 0.6404979548822425928, 6.829619984160658046E-17 ) ) ;
#4004 = EDGE_CURVE ( 'NONE', #5888, #9246, #4886, .T. ) ;
#4005 = ORIENTED_EDGE ( 'NONE', *, *, #4072, .T. ) ;
#4006 = EDGE_CURVE ( 'NONE', #7253, #4046, #5640, .T. ) ;
#4007 = AXIS2_PLACEMENT_3D ( 'NONE', #5633, #7245, #4321 ) ;
#4008 = CARTESIAN_POINT ( 'NONE',  ( 1.817941930300927211, -0.3396598224071692984, -0.5999999999999999778 ) ) ;
#4009 = ORIENTED_EDGE ( 'NONE', *, *, #1480, .F. ) ;
#4010 = ORIENTED_EDGE ( 'NONE', *, *, #6299, .F. ) ;
#4011 = DIRECTION ( 'NONE',  ( 0.000000000000000000, 0.000000000000000000, 1.000000000000000000 ) ) ;
#4012 = VERTEX_POINT ( 'NONE', #4180 ) ;
#4013 = VECTOR ( 'NONE', #4165, 39.37007874015748143 ) ;
#4014 = CARTESIAN_POINT ( 'NONE',  ( -1.824799798107692439, -0.4800379978800762282, -0.5999999999999999778 ) ) ;
#4015 = DIRECTION ( 'NONE',  ( 0.5000000000000432987, -0.8660254037844136166, -0.000000000000000000 ) ) ;
#4016 = CARTESIAN_POINT ( 'NONE',  ( -1.852330327435618873, 0.3421410313133632086, -0.5902205864558645043 ) ) ;
#4017 = DIRECTION ( 'NONE',  ( -0.4999999999999918954, 0.8660254037844431485, -2.185478394931412152E-15 ) ) ;
#4018 = EDGE_CURVE ( 'NONE', #9167, #4138, #7783, .T. ) ;
#4019 = ORIENTED_EDGE ( 'NONE', *, *, #958, .F. ) ;
#4020 = CIRCLE ( 'NONE', #8257, 0.2500000000000000000 ) ;
#4021 = ORIENTED_EDGE ( 'NONE', *, *, #5100, .F. ) ;
#4022 = CARTESIAN_POINT ( 'NONE',  ( -1.466377322248893833, -0.04905498685810558146, -0.8439418834258907154 ) ) ;
#4023 = ORIENTED_EDGE ( 'NONE', *, *, #3899, .T. ) ;
#4024 = CYLINDRICAL_SURFACE ( 'NONE', #730, 1.020000000000000018 ) ;
#4025 = ORIENTED_EDGE ( 'NONE', *, *, #9108, .T. ) ;
#4026 = VECTOR ( 'NONE', #512, 39.37007874015748143 ) ;
#4027 = EDGE_CURVE ( 'NONE', #2854, #5573, #453, .T. ) ;
#4028 = FACE_OUTER_BOUND ( 'NONE', #5698, .T. ) ;
#4029 = LINE ( 'NONE', #7586, #663 ) ;
#4030 = DIRECTION ( 'NONE',  ( 3.599795122966500165E-14, 0.7071067811865504593, -0.7071067811865445751 ) ) ;
#4031 = EDGE_CURVE ( 'NONE', #3602, #8354, #4891, .T. ) ;
#4032 = CIRCLE ( 'NONE', #7059, 0.5000000000000000000 ) ;
#4033 = CARTESIAN_POINT ( 'NONE',  ( -2.125000000000000000, 0.000000000000000000, -0.9175000000000007594 ) ) ;
#4034 = EDGE_LOOP ( 'NONE', ( #1653, #8765 ) ) ;
#4035 = LINE ( 'NONE', #8296, #3481 ) ;
#4036 = FACE_OUTER_BOUND ( 'NONE', #1422, .T. ) ;
#4037 = CARTESIAN_POINT ( 'NONE',  ( -1.696641095954356304, 0.08908579168983826735, -0.8420909932548904520 ) ) ;
#4038 = ORIENTED_EDGE ( 'NONE', *, *, #5741, .F. ) ;
#4039 = PRESENTATION_LAYER_ASSIGNMENT (  '', '', ( #4182 ) ) ;
#4040 = VECTOR ( 'NONE', #3882, 39.37007874015748854 ) ;
#4041 = ORIENTED_EDGE ( 'NONE', *, *, #5741, .T. ) ;
#4042 = FACE_OUTER_BOUND ( 'NONE', #611, .T. ) ;
#4043 = CARTESIAN_POINT ( 'NONE',  ( 1.709031974274564103, 0.1355708794879720291, -0.8038757313803486237 ) ) ;
#4044 = CARTESIAN_POINT ( 'NONE',  ( -2.398378920603367881, 0.3415702208528278994, -0.5950575345136327465 ) ) ;
#4045 = VECTOR ( 'NONE', #4356, 39.37007874015748854 ) ;
#4046 = VERTEX_POINT ( 'NONE', #5547 ) ;
#4047 = SURFACE_SIDE_STYLE ('',( #4612 ) ) ;
#4048 = PLANE ( 'NONE',  #2876 ) ;
#4049 = ORIENTED_EDGE ( 'NONE', *, *, #325, .T. ) ;
#4050 = DIRECTION ( 'NONE',  ( 0.000000000000000000, 0.000000000000000000, -1.000000000000000000 ) ) ;
#4051 = ORIENTED_EDGE ( 'NONE', *, *, #3599, .F. ) ;
#4052 = LINE ( 'NONE', #8315, #5076 ) ;
#4053 = CARTESIAN_POINT ( 'NONE',  ( 0.4999999999999999445, -0.6044135630578968410, 0.000000000000000000 ) ) ;
#4054 = ORIENTED_EDGE ( 'NONE', *, *, #4071, .F. ) ;
#4055 = FACE_OUTER_BOUND ( 'NONE', #3396, .T. ) ;
#4056 = FACE_OUTER_BOUND ( 'NONE', #5877, .T. ) ;
#4057 = ORIENTED_EDGE ( 'NONE', *, *, #6558, .T. ) ;
#4058 = ORIENTED_EDGE ( 'NONE', *, *, #3714, .T. ) ;
#4059 = CARTESIAN_POINT ( 'NONE',  ( -2.766250000000001208, -0.1703183294109425483, -0.2599999999999999534 ) ) ;
#4060 = ADVANCED_FACE ( 'NONE', ( #1266 ), #6269, .F. ) ;
#4061 = EDGE_CURVE ( 'NONE', #5487, #8207, #3414, .T. ) ;
#4062 = CARTESIAN_POINT ( 'NONE',  ( -2.586229174377006057, -0.4171235458104663452, -0.2500000000000000555 ) ) ;
#4063 = CARTESIAN_POINT ( 'NONE',  ( 2.390625000000005329, 0.3476343040825998765, -0.9499999999999999556 ) ) ;
#4064 = DIRECTION ( 'NONE',  ( -0.8660254037844795638, -0.4999999999999291678, 0.000000000000000000 ) ) ;
#4065 = DIRECTION ( 'NONE',  ( -0.000000000000000000, -0.000000000000000000, 1.000000000000000000 ) ) ;
#4066 = ORIENTED_EDGE ( 'NONE', *, *, #2983, .F. ) ;
#4067 = EDGE_LOOP ( 'NONE', ( #5622, #9143, #4168, #7788 ) ) ;
#4068 = CARTESIAN_POINT ( 'NONE',  ( -2.125000000000000000, 0.000000000000000000, -0.4649999999999993583 ) ) ;
#4069 = ORIENTED_EDGE ( 'NONE', *, *, #8711, .F. ) ;
#4070 = EDGE_CURVE ( 'NONE', #8869, #8993, #3326, .T. ) ;
#4071 = EDGE_CURVE ( 'NONE', #5381, #4346, #5690, .T. ) ;
#4072 = EDGE_CURVE ( 'NONE', #5647, #3694, #4089, .T. ) ;
#4073 = CARTESIAN_POINT ( 'NONE',  ( 1.703124999999971134, -0.5502869753213720516, -0.6999999999999999556 ) ) ;
#4074 = VERTEX_POINT ( 'NONE', #2075 ) ;
#4075 = CARTESIAN_POINT ( 'NONE',  ( -1.984375000000010880, 0.6079979548822664892, -0.9499999999999999556 ) ) ;
#4076 = VECTOR ( 'NONE', #5433, 39.37007874015748854 ) ;
#4077 = DIRECTION ( 'NONE',  ( -0.000000000000000000, -1.000000000000000000, 0.000000000000000000 ) ) ;
#4078 = FACE_BOUND ( 'NONE', #7699, .T. ) ;
#4079 = CIRCLE ( 'NONE', #5420, 0.2500000000000000555 ) ;
#4080 = CARTESIAN_POINT ( 'NONE',  ( -2.812500000000023093, -0.6048072638452962613, 0.000000000000000000 ) ) ;
#4081 = ORIENTED_EDGE ( 'NONE', *, *, #8560, .T. ) ;
#4082 = LINE ( 'NONE', #447, #4547 ) ;
#4083 = CONICAL_SURFACE ( 'NONE', #1329, 0.04250000000000101613, 0.7853981633974472798 ) ;
#4084 = LINE ( 'NONE', #1926, #8806 ) ;
#4085 = EDGE_CURVE ( 'NONE', #919, #143, #777, .T. ) ;
#4086 = AXIS2_PLACEMENT_3D ( 'NONE', #244, #9007, #2496 ) ;
#4087 = FACE_OUTER_BOUND ( 'NONE', #8896, .T. ) ;
#4088 = ORIENTED_EDGE ( 'NONE', *, *, #8559, .T. ) ;
#4089 = LINE ( 'NONE', #9315, #6718 ) ;
#4090 = VECTOR ( 'NONE', #4459, 39.37007874015748143 ) ;
#4091 = CIRCLE ( 'NONE', #5890, 0.009999999999999995004 ) ;
#4092 = VECTOR ( 'NONE', #1757, 39.37007874015748143 ) ;
#4093 = EDGE_LOOP ( 'NONE', ( #3609, #8894, #732, #5200 ) ) ;
#4094 = CARTESIAN_POINT ( 'NONE',  ( -2.558872638562463830, 0.05622084583890603338, -0.9499999999999999556 ) ) ;
#4095 = ADVANCED_FACE ( 'NONE', ( #1931 ), #2841, .F. ) ;
#4096 = ADVANCED_FACE ( 'NONE', ( #1882 ), #5784, .F. ) ;
#4097 = CARTESIAN_POINT ( 'NONE',  ( -1.873381350946074386, -0.3451796254712989898, -0.6999999999999999556 ) ) ;
#4098 = ORIENTED_EDGE ( 'NONE', *, *, #4265, .T. ) ;
#4099 = CARTESIAN_POINT ( 'NONE',  ( -1.437499999999995337, -0.09021097956086862601, -0.3525000000000004241 ) ) ;
#4100 = AXIS2_PLACEMENT_3D ( 'NONE', #4097, #6982, #9173 ) ;
#4101 = PLANE ( 'NONE',  #5996 ) ;
#4102 = DIRECTION ( 'NONE',  ( -1.000000000000000000, 1.865610830299460874E-15, 0.000000000000000000 ) ) ;
#4103 = DIRECTION ( 'NONE',  ( -0.000000000000000000, -0.000000000000000000, 1.000000000000000000 ) ) ;
#4104 = VERTEX_POINT ( 'NONE', #2127 ) ;
#4105 = DIRECTION ( 'NONE',  ( 1.865610830299460874E-15, 1.000000000000000000, 0.000000000000000000 ) ) ;
#4106 = VECTOR ( 'NONE', #6370, 39.37007874015748143 ) ;
#4107 = CARTESIAN_POINT ( 'NONE',  ( 2.390625000000005773, 0.3904979548822426483, -0.9499999999999999556 ) ) ;
#4108 = VERTEX_POINT ( 'NONE', #5206 ) ;
#4109 = VERTEX_POINT ( 'NONE', #5782 ) ;
#4110 = CARTESIAN_POINT ( 'NONE',  ( -2.390625000000005329, 0.6404979548822425928, -0.4649999999999999689 ) ) ;
#4111 = ORIENTED_EDGE ( 'NONE', *, *, #6570, .T. ) ;
#4112 = B_SPLINE_CURVE_WITH_KNOTS ( 'NONE', 3,
 ( #8037, #1516, #5983, #7321, #803, #3720 ),
 .UNSPECIFIED., .F., .F.,
 ( 4, 2, 4 ),
 ( 5.275955480050202716E-18, 0.0002093588874249763417, 0.0004187177748499473708 ),
 .UNSPECIFIED. ) ;
#4113 = CARTESIAN_POINT ( 'NONE',  ( -2.080500000000000238, 0.4764989774411199086, 5.578266170116183356E-17 ) ) ;
#4114 = FACE_OUTER_BOUND ( 'NONE', #6698, .T. ) ;
#4115 = CARTESIAN_POINT ( 'NONE',  ( 1.984375000000025979, 0.2790714234295686436, -0.2600000000000002309 ) ) ;
#4116 = CARTESIAN_POINT ( 'NONE',  ( 2.650160219341328727, -0.2382494887205698075, -0.2500000000000000555 ) ) ;
#4117 = VERTEX_POINT ( 'NONE', #5027 ) ;
#4118 = CARTESIAN_POINT ( 'NONE',  ( 2.265625000000000000, 0.6079979548822475044, -0.9499999999999999556 ) ) ;
#4119 = EDGE_LOOP ( 'NONE', ( #8690, #3534, #283, #989 ) ) ;
#4120 = AXIS2_PLACEMENT_3D ( 'NONE', #4717, #279, #2473 ) ;
#4121 = DIRECTION ( 'NONE',  ( -0.000000000000000000, -0.000000000000000000, -1.000000000000000000 ) ) ;
#4122 = VERTEX_POINT ( 'NONE', #6697 ) ;
#4123 = LINE ( 'NONE', #9155, #4224 ) ;
#4124 = CARTESIAN_POINT ( 'NONE',  ( -2.390625000000005329, 0.6404979548822425928, -0.3525000000000004241 ) ) ;
#4125 = LINE ( 'NONE', #1974, #3626 ) ;
#4126 = CONICAL_SURFACE ( 'NONE', #3, 0.3449999999999964762, 0.7853981633974452814 ) ;
#4127 = EDGE_CURVE ( 'NONE', #1949, #1226, #6094, .T. ) ;
#4128 = EDGE_CURVE ( 'NONE', #1855, #5717, #7926, .T. ) ;
#4129 = DIRECTION ( 'NONE',  ( 0.8660254037844353769, -0.5000000000000055511, 0.000000000000000000 ) ) ;
#4130 = DIRECTION ( 'NONE',  ( 0.4999999999999527600, 0.8660254037844661301, -0.000000000000000000 ) ) ;
#4131 = AXIS2_PLACEMENT_3D ( 'NONE', #5595, #7691, #3372 ) ;
#4132 = LINE ( 'NONE', #1259, #561 ) ;
#4133 = VECTOR ( 'NONE', #8015, 39.37007874015748143 ) ;
#4134 = DIRECTION ( 'NONE',  ( -0.000000000000000000, 1.000000000000000000, -0.000000000000000000 ) ) ;
#4135 = DIRECTION ( 'NONE',  ( -1.000000000000000000, 0.000000000000000000, 0.000000000000000000 ) ) ;
#4136 = CARTESIAN_POINT ( 'NONE',  ( 1.703124999999971134, -0.5502869753213720516, 0.000000000000000000 ) ) ;
#4137 = EDGE_CURVE ( 'NONE', #6340, #2057, #3000, .T. ) ;
#4138 = VERTEX_POINT ( 'NONE', #64 ) ;
#4139 = PLANE ( 'NONE',  #2424 ) ;
#4140 = CARTESIAN_POINT ( 'NONE',  ( 1.442832273128327625, -0.03195418596197479449, -0.8254813800261062706 ) ) ;
#4141 = ORIENTED_EDGE ( 'NONE', *, *, #8733, .T. ) ;
#4142 = CARTESIAN_POINT ( 'NONE',  ( -2.296370442160278635, -0.2613205341219645983, -0.9175000000000006484 ) ) ;
#4143 = VERTEX_POINT ( 'NONE', #9410 ) ;
#4144 = UNCERTAINTY_MEASURE_WITH_UNIT (LENGTH_MEASURE( 1.000000000000000082E-05 ), #7916, 'distance_accuracy_value', 'NONE');
#4145 = LINE ( 'NONE', #3426, #4026 ) ;
#4146 = CARTESIAN_POINT ( 'NONE',  ( -1.635624999999970353, -0.4333735458104704397, -0.2174999999999991107 ) ) ;
#4147 = ORIENTED_EDGE ( 'NONE', *, *, #535, .T. ) ;
#4148 = ADVANCED_FACE ( 'NONE', ( #1405 ), #2890, .F. ) ;
#4149 = DIRECTION ( 'NONE',  ( -0.8660254037844432595, 0.4999999999999919509, 0.000000000000000000 ) ) ;
#4150 = DIRECTION ( 'NONE',  ( -0.000000000000000000, -0.000000000000000000, -1.000000000000000000 ) ) ;
#4151 = ORIENTED_EDGE ( 'NONE', *, *, #3546, .F. ) ;
#4152 = EDGE_LOOP ( 'NONE', ( #6721, #4163, #1661, #1111, #2476, #251, #6250, #3607, #282, #8284, #6514, #3512, #6429, #6198, #8416, #3374, #6524 ) ) ;
#4153 = CARTESIAN_POINT ( 'NONE',  ( 1.406249999999996003, -0.03608439182434083903, -0.4150000000000000910 ) ) ;
#4154 = ORIENTED_EDGE ( 'NONE', *, *, #4278, .T. ) ;
#4155 = PLANE ( 'NONE',  #5275 ) ;
#4156 = DIRECTION ( 'NONE',  ( 0.000000000000000000, 0.000000000000000000, 1.000000000000000000 ) ) ;
#4157 = DIRECTION ( 'NONE',  ( 1.000000000000000000, 0.000000000000000000, 0.000000000000000000 ) ) ;
#4158 = CARTESIAN_POINT ( 'NONE',  ( 1.710327891682111856, 0.1394750607929389485, -0.7349999999999999867 ) ) ;
#4159 = ORIENTED_EDGE ( 'NONE', *, *, #1498, .F. ) ;
#4160 = ORIENTED_EDGE ( 'NONE', *, *, #7313, .F. ) ;
#4161 = DIRECTION ( 'NONE',  ( 7.249756350802272209E-14, 1.000000000000000000, 0.000000000000000000 ) ) ;
#4162 = ORIENTED_EDGE ( 'NONE', *, *, #6627, .F. ) ;
#4163 = ORIENTED_EDGE ( 'NONE', *, *, #6023, .T. ) ;
#4164 = LINE ( 'NONE', #5016, #6346 ) ;
#4165 = DIRECTION ( 'NONE',  ( -0.000000000000000000, -0.000000000000000000, -1.000000000000000000 ) ) ;
#4166 = CARTESIAN_POINT ( 'NONE',  ( 1.813004557839720920, -0.01775088930758956032, -0.9499999999999999556 ) ) ;
#4167 = AXIS2_PLACEMENT_3D ( 'NONE', #1632, #4555, #8531 ) ;
#4168 = ORIENTED_EDGE ( 'NONE', *, *, #4468, .F. ) ;
#4169 = UNCERTAINTY_MEASURE_WITH_UNIT (LENGTH_MEASURE( 1.000000000000000082E-05 ), #8174, 'distance_accuracy_value', 'NONE');
#4170 = CARTESIAN_POINT ( 'NONE',  ( -1.953629557839698050, -0.2613205341219492772, -0.9174999999999992051 ) ) ;
#4171 = ORIENTED_EDGE ( 'NONE', *, *, #8076, .T. ) ;
#4172 = CARTESIAN_POINT ( 'NONE',  ( 0.000000000000000000, -0.3012499999999982969, -0.5324999999999970868 ) ) ;
#4173 = EDGE_CURVE ( 'NONE', #1561, #1725, #8210, .T. ) ;
#4174 = DIRECTION ( 'NONE',  ( 0.8660254037843999608, 0.5000000000000667244, -0.000000000000000000 ) ) ;
#4175 = EDGE_CURVE ( 'NONE', #168, #1226, #20, .T. ) ;
#4176 = EDGE_CURVE ( 'NONE', #2679, #4074, #2870, .T. ) ;
#4177 = CYLINDRICAL_SURFACE ( 'NONE', #9135, 0.2500000000000001665 ) ;
#4178 = CIRCLE ( 'NONE', #7227, 0.06424999999999959910 ) ;
#4179 = DIRECTION ( 'NONE',  ( 1.000000000000000000, 0.000000000000000000, 0.000000000000000000 ) ) ;
#4180 = CARTESIAN_POINT ( 'NONE',  ( 1.559174798107780591, -0.01996200211974713534, -0.5357500000000002816 ) ) ;
#4181 = ORIENTED_EDGE ( 'NONE', *, *, #692, .T. ) ;
#4182 = STYLED_ITEM ( 'NONE', ( #8942 ), #1143 ) ;
#4183 = CARTESIAN_POINT ( 'NONE',  ( 1.306874999999987574, 0.000000000000000000, -0.2500000000000000555 ) ) ;
#4184 = EDGE_CURVE ( 'NONE', #2246, #7482, #1633, .T. ) ;
#4185 = CARTESIAN_POINT ( 'NONE',  ( 1.434771152213580425, -0.02876710338052257052, -0.8157121042078545603 ) ) ;
#4186 = VERTEX_POINT ( 'NONE', #8343 ) ;
#4187 = ADVANCED_FACE ( 'NONE', ( #5347 ), #9141, .F. ) ;
#4188 = FACE_OUTER_BOUND ( 'NONE', #1419, .T. ) ;
#4189 = EDGE_LOOP ( 'NONE', ( #1938, #6906, #2010, #4647 ) ) ;
#4190 = CARTESIAN_POINT ( 'NONE',  ( 1.406249999999996003, -0.03608439182434083903, -0.7349999999999999867 ) ) ;
#4191 = VECTOR ( 'NONE', #4890, 39.37007874015748143 ) ;
#4192 = DIRECTION ( 'NONE',  ( -0.000000000000000000, -0.000000000000000000, -1.000000000000000000 ) ) ;
#4193 = VECTOR ( 'NONE', #4748, 39.37007874015748854 ) ;
#4194 = CARTESIAN_POINT ( 'NONE',  ( 2.125000000000000000, 0.000000000000000000, -0.2500000000000000555 ) ) ;
#4195 = DIMENSIONAL_EXPONENTS ( 1.000000000000000000, 0.000000000000000000, 0.000000000000000000, 0.000000000000000000, 0.000000000000000000, 0.000000000000000000, 0.000000000000000000 ) ;
#4196 = CARTESIAN_POINT ( 'NONE',  ( -1.984375000000010880, 0.6079979548822835866, -0.6999999999999999556 ) ) ;
#4197 = ORIENTED_EDGE ( 'NONE', *, *, #2617, .T. ) ;
#4198 = ORIENTED_EDGE ( 'NONE', *, *, #8817, .T. ) ;
#4199 = EDGE_CURVE ( 'NONE', #1549, #4428, #8292, .T. ) ;
#4200 = CYLINDRICAL_SURFACE ( 'NONE', #8939, 0.06249999999999967387 ) ;
#4201 = ORIENTED_EDGE ( 'NONE', *, *, #4980, .F. ) ;
#4202 = VECTOR ( 'NONE', #3060, 39.37007874015748143 ) ;
#4203 = EDGE_CURVE ( 'NONE', #469, #1549, #5790, .T. ) ;
#4204 = EDGE_CURVE ( 'NONE', #2276, #25, #5251, .T. ) ;
#4205 = CARTESIAN_POINT ( 'NONE',  ( -2.586229174377006057, -0.4171235458104662897, -0.2500000000000000555 ) ) ;
#4206 = LINE ( 'NONE', #3345, #214 ) ;
#4207 = FACE_OUTER_BOUND ( 'NONE', #2979, .T. ) ;
#4208 = CARTESIAN_POINT ( 'NONE',  ( -2.546874999999995559, -0.5502869753213696091, -0.4649999999999999689 ) ) ;
#4209 = CARTESIAN_POINT ( 'NONE',  ( 2.125000000000000000, 0.000000000000000000, 0.9499999999999999556 ) ) ;
#4210 = ORIENTED_EDGE ( 'NONE', *, *, #7534, .F. ) ;
#4211 =( NAMED_UNIT ( * ) SI_UNIT ( $, .STERADIAN. ) SOLID_ANGLE_UNIT ( ) );
#4212 = EDGE_CURVE ( 'NONE', #5934, #6187, #6918, .T. ) ;
#4213 = ORIENTED_EDGE ( 'NONE', *, *, #4713, .F. ) ;
#4214 = LINE ( 'NONE', #3592, #3003 ) ;
#4215 = DIRECTION ( 'NONE',  ( -0.5000000000000041078, -0.8660254037844363761, 0.000000000000000000 ) ) ;
#4216 = FACE_OUTER_BOUND ( 'NONE', #8252, .T. ) ;
#4217 = DIRECTION ( 'NONE',  ( 1.000000000000000000, 5.090879084663727145E-14, 0.000000000000000000 ) ) ;
#4218 = CARTESIAN_POINT ( 'NONE',  ( 2.390625000000005329, 0.3476343040825998765, -0.5727544197693736905 ) ) ;
#4219 = EDGE_LOOP ( 'NONE', ( #6351, #2820 ) ) ;
#4220 = DIRECTION ( 'NONE',  ( -1.000000000000000000, 0.000000000000000000, 0.000000000000000000 ) ) ;
#4221 = ORIENTED_EDGE ( 'NONE', *, *, #1718, .F. ) ;
#4222 = CARTESIAN_POINT ( 'NONE',  ( -2.593124999999999680, -0.4701796254713037637, -0.9499999999999999556 ) ) ;
#4223 = DIRECTION ( 'NONE',  ( 0.5000000000000041078, -0.8660254037844363761, 0.000000000000000000 ) ) ;
#4224 = VECTOR ( 'NONE', #1767, 39.37007874015748143 ) ;
#4225 = CIRCLE ( 'NONE', #5271, 0.3124999999999972800 ) ;
#4226 = ORIENTED_EDGE ( 'NONE', *, *, #2310, .T. ) ;
#4227 = CARTESIAN_POINT ( 'NONE',  ( 1.559174798107780591, -0.01996200211974713534, -0.5999999999999999778 ) ) ;
#4228 = CARTESIAN_POINT ( 'NONE',  ( -2.436995442160277303, -0.01775088930761715283, -0.2572107205775364669 ) ) ;
#4229 = CIRCLE ( 'NONE', #410, 0.1124999999999999611 ) ;
#4230 = ORIENTED_EDGE ( 'NONE', *, *, #5053, .F. ) ;
#4231 = ADVANCED_FACE ( 'NONE', ( #6743 ), #4557, .F. ) ;
#4232 = CIRCLE ( 'NONE', #4086, 0.3124999999999972800 ) ;
#4233 = EDGE_LOOP ( 'NONE', ( #309, #6723, #751, #7898 ) ) ;
#4234 = CARTESIAN_POINT ( 'NONE',  ( 2.390625000000005773, 0.6404979548822425928, -0.9499999999999999556 ) ) ;
#4235 = CARTESIAN_POINT ( 'NONE',  ( 1.691127361437541943, 0.05622084583895026189, -0.7350000000000015410 ) ) ;
#4236 = ORIENTED_EDGE ( 'NONE', *, *, #1484, .F. ) ;
#4237 = DIRECTION ( 'NONE',  ( 1.000000000000000000, 0.000000000000000000, 0.000000000000000000 ) ) ;
#4238 = ORIENTED_EDGE ( 'NONE', *, *, #3324, .F. ) ;
#4239 = VECTOR ( 'NONE', #441, 39.37007874015748854 ) ;
#4240 = CARTESIAN_POINT ( 'NONE',  ( -2.435083070873305111, 0.3086606738035367337, -0.8291007793619377120 ) ) ;
#4241 = COLOUR_RGB ( '',0.7529411764705882248, 0.7529411764705882248, 0.7529411764705882248 ) ;
#4242 = CIRCLE ( 'NONE', #5134, 0.06425000000000000155 ) ;
#4243 = CARTESIAN_POINT ( 'NONE',  ( -1.533145825622967307, -0.1908744090717876263, -0.2500000000000000555 ) ) ;
#4244 = ADVANCED_FACE ( 'NONE', ( #3263 ), #345, .F. ) ;
#4245 = DIRECTION ( 'NONE',  ( 0.000000000000000000, 0.000000000000000000, 1.000000000000000000 ) ) ;
#4246 = EDGE_CURVE ( 'NONE', #5705, #8735, #2544, .T. ) ;
#4247 = ADVANCED_FACE ( 'NONE', ( #1110 ), #1824, .T. ) ;
#4248 = DIRECTION ( 'NONE',  ( -4.535261055593764468E-14, 1.000000000000000000, 0.000000000000000000 ) ) ;
#4249 = EDGE_LOOP ( 'NONE', ( #6071, #1617, #8850, #7062, #6295, #3851, #7746, #5306 ) ) ;
#4250 = ORIENTED_EDGE ( 'NONE', *, *, #5559, .F. ) ;
#4251 = CIRCLE ( 'NONE', #6051, 0.4374999999999960587 ) ;
#4252 = ORIENTED_EDGE ( 'NONE', *, *, #3599, .T. ) ;
#4253 = AXIS2_PLACEMENT_3D ( 'NONE', #4370, #6407, #4220 ) ;
#4254 = CARTESIAN_POINT ( 'NONE',  ( 2.716854174377005826, -0.1908744090717846842, -0.2500000000000000555 ) ) ;
#4255 = ORIENTED_EDGE ( 'NONE', *, *, #8536, .F. ) ;
#4256 = CIRCLE ( 'NONE', #1039, 0.06424999999999986278 ) ;
#4257 = CARTESIAN_POINT ( 'NONE',  ( 2.265625000000000000, 0.6079979548822433966, -0.6999999999999999556 ) ) ;
#4258 = CIRCLE ( 'NONE', #8041, 0.06424999999999959910 ) ;
#4259 = LINE ( 'NONE', #2676, #2814 ) ;
#4260 = LINE ( 'NONE', #7148, #1043 ) ;
#4261 = FACE_BOUND ( 'NONE', #3975, .T. ) ;
#4262 = EDGE_CURVE ( 'NONE', #4996, #6663, #461, .T. ) ;
#4263 = VECTOR ( 'NONE', #490, 39.37007874015748854 ) ;
#4264 = ORIENTED_EDGE ( 'NONE', *, *, #2606, .F. ) ;
#4265 = EDGE_CURVE ( 'NONE', #9346, #9006, #1227, .T. ) ;
#4266 = LINE ( 'NONE', #5668, #8745 ) ;
#4267 = ORIENTED_EDGE ( 'NONE', *, *, #7012, .T. ) ;
#4268 = AXIS2_PLACEMENT_3D ( 'NONE', #767, #3681, #3059 ) ;
#4269 = DIRECTION ( 'NONE',  ( 0.4999999999999972800, -0.8660254037844402619, -8.292281048442780810E-17 ) ) ;
#4270 = VECTOR ( 'NONE', #2647, 39.37007874015748143 ) ;
#4271 = ORIENTED_EDGE ( 'NONE', *, *, #5878, .F. ) ;
#4272 = CARTESIAN_POINT ( 'NONE',  ( 2.059687499999999893, -0.1131245683693401782, -0.2500000000000000555 ) ) ;
#4273 = CARTESIAN_POINT ( 'NONE',  ( -2.298124999999999307, 0.6404979548822425928, -0.6642500000000000071 ) ) ;
#4274 = SURFACE_STYLE_FILL_AREA ( #2063 ) ;
#4275 = CARTESIAN_POINT ( 'NONE',  ( -2.255625000000000213, 0.6079979548822481705, -0.2600000000000000089 ) ) ;
#4276 = SURFACE_SIDE_STYLE ('',( #6405 ) ) ;
#4277 = ORIENTED_EDGE ( 'NONE', *, *, #6925, .T. ) ;
#4278 = EDGE_CURVE ( 'NONE', #1069, #480, #6553, .T. ) ;
#4279 = LINE ( 'NONE', #2164, #1348 ) ;
#4280 = ORIENTED_EDGE ( 'NONE', *, *, #6412, .T. ) ;
#4281 = CARTESIAN_POINT ( 'NONE',  ( -2.330368649053886632, -0.4252869753213691095, -0.9499999999999999556 ) ) ;
#4282 = AXIS2_PLACEMENT_3D ( 'NONE', #4194, #515, #2088 ) ;
#4283 = DIRECTION ( 'NONE',  ( 0.000000000000000000, 0.000000000000000000, -1.000000000000000000 ) ) ;
#4284 = CARTESIAN_POINT ( 'NONE',  ( 2.416330010742467671, 0.3264267969958722926, -0.8420909932548907850 ) ) ;
#4285 = CARTESIAN_POINT ( 'NONE',  ( 2.453125000000005329, 0.6380358307719737887, -0.7349999999999999867 ) ) ;
#4286 = ORIENTED_EDGE ( 'NONE', *, *, #8876, .T. ) ;
#4287 = VECTOR ( 'NONE', #6709, 39.37007874015748143 ) ;
#4288 = VERTEX_POINT ( 'NONE', #2501 ) ;
#4289 = CARTESIAN_POINT ( 'NONE',  ( 2.125000000000000000, 0.000000000000000000, -0.9175000000000006484 ) ) ;
#4290 = CYLINDRICAL_SURFACE ( 'NONE', #9413, 0.009999999999999892655 ) ;
#4291 = CARTESIAN_POINT ( 'NONE',  ( 2.533493649053906172, -0.07346415503396304392, -0.6999999999999999556 ) ) ;
#4292 = VECTOR ( 'NONE', #1739, 39.37007874015747433 ) ;
#4293 = ORIENTED_EDGE ( 'NONE', *, *, #5913, .T. ) ;
#4294 = AXIS2_PLACEMENT_3D ( 'NONE', #4739, #8912, #7588 ) ;
#4295 = CARTESIAN_POINT ( 'NONE',  ( -1.859375000000029754, 0.3476343040826271880, -0.5727544197693152928 ) ) ;
#4296 = B_SPLINE_CURVE_WITH_KNOTS ( 'NONE', 3,
 ( #5157, #5292, #6641, #3695, #8008, #869, #2347, #3164, #2392, #825, #155, #3077, #5246, #1582 ),
 .UNSPECIFIED., .F., .F.,
 ( 4, 2, 2, 2, 2, 2, 4 ),
 ( 0.000000000000000000, 0.0003295577060318853157, 0.0006591154120637706315, 0.001318230824127521314, 0.001647788530159395625, 0.001977346236191270153, 0.002636461648255014438 ),
 .UNSPECIFIED. ) ;
#4297 = CARTESIAN_POINT ( 'NONE',  ( -1.167433081593972632, 0.3012499999999982969, -0.2175000000000007205 ) ) ;
#4298 = CARTESIAN_POINT ( 'NONE',  ( -2.125000000000000000, 0.000000000000000000, -0.2500000000000000555 ) ) ;
#4299 = FACE_OUTER_BOUND ( 'NONE', #2112, .T. ) ;
#4300 = ORIENTED_EDGE ( 'NONE', *, *, #9357, .T. ) ;
#4301 = VERTEX_POINT ( 'NONE', #248 ) ;
#4302 = CARTESIAN_POINT ( 'NONE',  ( 2.211562499999971898, 0.1499306480301514644, -0.9499999999999999556 ) ) ;
#4303 = EDGE_LOOP ( 'NONE', ( #514, #8228, #6886, #1940 ) ) ;
#4304 = EDGE_CURVE ( 'NONE', #9020, #2301, #1387, .T. ) ;
#4305 = ADVANCED_FACE ( 'NONE', ( #8201 ), #5967, .F. ) ;
#4306 = EDGE_CURVE ( 'NONE', #4744, #4927, #1684, .T. ) ;
#4307 = CARTESIAN_POINT ( 'NONE',  ( 0.8325000000000002398, -0.1762500000000011557, 0.000000000000000000 ) ) ;
#4308 = CARTESIAN_POINT ( 'NONE',  ( -2.059687499999999893, -0.1131245683693401782, -0.2500000000000000555 ) ) ;
#4309 = CARTESIAN_POINT ( 'NONE',  ( -2.453125000000005329, 0.2893790496476773000, -0.7349999999999999867 ) ) ;
#4310 = CARTESIAN_POINT ( 'NONE',  ( -2.169499999999999318, 0.4764989774411199086, -0.2500000000000000555 ) ) ;
#4311 = ORIENTED_EDGE ( 'NONE', *, *, #8262, .F. ) ;
#4312 = CARTESIAN_POINT ( 'NONE',  ( -1.859375000000029976, 0.3476343040826271880, -0.6642500000000000071 ) ) ;
#4313 = ORIENTED_EDGE ( 'NONE', *, *, #5448, .T. ) ;
#4314 = B_SPLINE_CURVE_WITH_KNOTS ( 'NONE', 3,
 ( #3870, #286, #5375, #3205 ),
 .UNSPECIFIED., .F., .F.,
 ( 4, 4 ),
 ( 0.000000000000000000, 0.001266630838601588271 ),
 .UNSPECIFIED. ) ;
#4315 = B_SPLINE_CURVE_WITH_KNOTS ( 'NONE', 3,
 ( #6445, #4362, #8530, #6538 ),
 .UNSPECIFIED., .F., .F.,
 ( 4, 4 ),
 ( 2.206647359051235269E-16, 0.001266630838601840239 ),
 .UNSPECIFIED. ) ;
#4316 = DIRECTION ( 'NONE',  ( 0.5000000000000038858, -0.8660254037844362651, 0.000000000000000000 ) ) ;
#4317 = VERTEX_POINT ( 'NONE', #3889 ) ;
#4318 = ADVANCED_FACE ( 'NONE', ( #6789 ), #9158, .F. ) ;
#4319 = CARTESIAN_POINT ( 'NONE',  ( -1.640624999999971356, -0.4420337998483162001, -0.2599999999999999534 ) ) ;
#4320 = DIRECTION ( 'NONE',  ( -0.000000000000000000, -0.000000000000000000, 1.000000000000000000 ) ) ;
#4321 = DIRECTION ( 'NONE',  ( -1.000000000000000000, 0.000000000000000000, 0.000000000000000000 ) ) ;
#4322 = DIRECTION ( 'NONE',  ( 1.000000000000000000, 0.000000000000000000, 0.000000000000000000 ) ) ;
#4323 = VECTOR ( 'NONE', #8813, 39.37007874015748143 ) ;
#4324 = CARTESIAN_POINT ( 'NONE',  ( -2.265624999999998668, 0.2790714234295562646, -0.9175000000000007594 ) ) ;
#4325 = ORIENTED_EDGE ( 'NONE', *, *, #1113, .F. ) ;
#4326 = ADVANCED_FACE ( 'NONE', ( #444, #6350 ), #2779, .F. ) ;
#4327 = PLANE ( 'NONE',  #4829 ) ;
#4328 = ADVANCED_FACE ( 'NONE', ( #592 ), #1214, .T. ) ;
#4329 = CIRCLE ( 'NONE', #1874, 0.5000000000000000000 ) ;
#4330 = DIRECTION ( 'NONE',  ( 0.8660254037843999608, -0.5000000000000667244, 0.000000000000000000 ) ) ;
#4331 = CARTESIAN_POINT ( 'NONE',  ( 2.398365233537461005, 0.3417200444446956697, -0.8474999999999994760 ) ) ;
#4332 = FILL_AREA_STYLE ('',( #3801 ) ) ;
#4333 = EDGE_LOOP ( 'NONE', ( #8970, #939, #8090, #1418, #3479, #6201 ) ) ;
#4334 = MECHANICAL_DESIGN_GEOMETRIC_PRESENTATION_REPRESENTATION (  '', ( #5978 ), #3253 ) ;
#4335 = DIRECTION ( 'NONE',  ( -0.000000000000000000, -0.000000000000000000, -1.000000000000000000 ) ) ;
#4336 = DIRECTION ( 'NONE',  ( -0.8660254037844795638, 0.4999999999999291678, 0.000000000000000000 ) ) ;
#4337 = ORIENTED_EDGE ( 'NONE', *, *, #5189, .T. ) ;
#4338 = ORIENTED_EDGE ( 'NONE', *, *, #1100, .F. ) ;
#4339 = AXIS2_PLACEMENT_3D ( 'NONE', #7354, #5082, #123 ) ;
#4340 = CARTESIAN_POINT ( 'NONE',  ( 1.946727650601170811, -0.2566767611359557222, -0.2500000000000000000 ) ) ;
#4341 = FACE_OUTER_BOUND ( 'NONE', #8344, .T. ) ;
#4342 = LINE ( 'NONE', #5176, #7358 ) ;
#4343 = AXIS2_PLACEMENT_3D ( 'NONE', #1513, #1556, #7318 ) ;
#4344 = VECTOR ( 'NONE', #6243, 39.37007874015748143 ) ;
#4345 = CARTESIAN_POINT ( 'NONE',  ( -2.296370442160278635, -0.2613205341219648759, -0.2599999999999999534 ) ) ;
#4346 = VERTEX_POINT ( 'NONE', #1923 ) ;
#4347 = EDGE_LOOP ( 'NONE', ( #1215, #5430, #5658, #7996, #705 ) ) ;
#4348 = CARTESIAN_POINT ( 'NONE',  ( 2.258156470889789436, 0.2827249004830396095, -0.2499999999999999722 ) ) ;
#4349 = ORIENTED_EDGE ( 'NONE', *, *, #7149, .T. ) ;
#4350 = VECTOR ( 'NONE', #2126, 39.37007874015748143 ) ;
#4351 = CIRCLE ( 'NONE', #7978, 0.06424999999999998768 ) ;
#4352 = CARTESIAN_POINT ( 'NONE',  ( 1.656874999999972786, -0.4701796254713134227, -0.2599999999999999534 ) ) ;
#4353 = CARTESIAN_POINT ( 'NONE',  ( 1.437499999999995559, -0.09021097956087467673, -0.2499999999999998890 ) ) ;
#4354 = DIRECTION ( 'NONE',  ( 0.000000000000000000, 0.000000000000000000, -1.000000000000000000 ) ) ;
#4355 = EDGE_CURVE ( 'NONE', #896, #25, #7060, .T. ) ;
#4356 = DIRECTION ( 'NONE',  ( -0.5000000000000038858, -0.8660254037844362651, 0.000000000000000000 ) ) ;
#4357 = ORIENTED_EDGE ( 'NONE', *, *, #206, .T. ) ;
#4358 = AXIS2_PLACEMENT_3D ( 'NONE', #5233, #5095, #1662 ) ;
#4359 = EDGE_CURVE ( 'NONE', #4301, #8982, #1730, .T. ) ;
#4360 = CARTESIAN_POINT ( 'NONE',  ( -2.298125000000001528, 0.6404979548822472557, -0.5357500000000000595 ) ) ;
#4361 = ORIENTED_EDGE ( 'NONE', *, *, #6953, .T. ) ;
#4362 = CARTESIAN_POINT ( 'NONE',  ( 1.962761439850251977, 0.2921469406300979399, -0.9391135601497726526 ) ) ;
#4363 = CARTESIAN_POINT ( 'NONE',  ( 2.303268710655843154, -0.2566793367103619161, -0.2499999999999999722 ) ) ;
#4364 = CARTESIAN_POINT ( 'NONE',  ( -2.436995442160277303, -0.01775088930761715283, -0.9175000000000006484 ) ) ;
#4365 = CARTESIAN_POINT ( 'NONE',  ( -2.609374999999999112, -0.4420337998483104269, 0.9499999999999999556 ) ) ;
#4366 = DIRECTION ( 'NONE',  ( 0.2588190451025199068, 0.9659258262890685343, 0.000000000000000000 ) ) ;
#4367 = ORIENTED_EDGE ( 'NONE', *, *, #1315, .F. ) ;
#4368 = ADVANCED_FACE ( 'NONE', ( #2018, #4925, #7684, #1301, #1160, #9306 ), #2066, .T. ) ;
#4369 = ADVANCED_FACE ( 'NONE', ( #5539 ), #4830, .F. ) ;
#4370 = CARTESIAN_POINT ( 'NONE',  ( 2.125000000000000000, 0.4764989774411177437, -0.1944947243515863511 ) ) ;
#4371 = EDGE_LOOP ( 'NONE', ( #9391, #456, #3397, #3342, #8059, #4450, #7306, #5395, #3506, #2795, #8089, #8920, #3389, #7927 ) ) ;
#4372 = ADVANCED_FACE ( 'NONE', ( #689 ), #3739, .T. ) ;
#4373 = DIRECTION ( 'NONE',  ( -0.000000000000000000, -0.000000000000000000, 1.000000000000000000 ) ) ;
#4374 = CARTESIAN_POINT ( 'NONE',  ( -1.622756350946106485, 0.08891560817565714869, -0.6999999999999999556 ) ) ;
#4375 = CYLINDRICAL_SURFACE ( 'NONE', #8278, 0.2500000000000000555 ) ;
#4376 =( LENGTH_UNIT ( ) NAMED_UNIT ( * ) SI_UNIT ( $, .METRE. ) );
#4377 = ORIENTED_EDGE ( 'NONE', *, *, #3856, .F. ) ;
#4378 = EDGE_CURVE ( 'NONE', #7812, #6327, #3358, .T. ) ;
#4379 = EDGE_CURVE ( 'NONE', #8542, #79, #13, .T. ) ;
#4380 = ORIENTED_EDGE ( 'NONE', *, *, #108, .F. ) ;
#4381 = CARTESIAN_POINT ( 'NONE',  ( 0.000000000000000000, 0.1762500000000011557, 0.000000000000000000 ) ) ;
#4382 = PLANE ( 'NONE',  #9234 ) ;
#4383 = VERTEX_POINT ( 'NONE', #8004 ) ;
#4384 = EDGE_LOOP ( 'NONE', ( #6157, #5929, #8264, #8508 ) ) ;
#4385 = ORIENTED_EDGE ( 'NONE', *, *, #7651, .T. ) ;
#4386 = LINE ( 'NONE', #8115, #9341 ) ;
#4387 = AXIS2_PLACEMENT_3D ( 'NONE', #6345, #9249, #2826 ) ;
#4388 = CARTESIAN_POINT ( 'NONE',  ( 2.745000000000000551, -0.2071244090717825059, -0.2600000000000000089 ) ) ;
#4389 = VECTOR ( 'NONE', #5068, 39.37007874015748143 ) ;
#4390 = DIRECTION ( 'NONE',  ( 0.000000000000000000, 0.000000000000000000, -1.000000000000000000 ) ) ;
#4391 = EDGE_CURVE ( 'NONE', #1746, #8930, #6449, .T. ) ;
#4392 = EDGE_CURVE ( 'NONE', #1033, #9004, #8199, .T. ) ;
#4393 = DIRECTION ( 'NONE',  ( 1.000000000000000000, 0.000000000000000000, 0.000000000000000000 ) ) ;
#4394 = VERTEX_POINT ( 'NONE', #731 ) ;
#4395 = DIRECTION ( 'NONE',  ( -1.000000000000000000, 0.000000000000000000, 0.000000000000000000 ) ) ;
#4396 = VERTEX_POINT ( 'NONE', #3025 ) ;
#4397 = VECTOR ( 'NONE', #7777, 39.37007874015748143 ) ;
#4398 = VECTOR ( 'NONE', #4316, 39.37007874015748854 ) ;
#4399 = DIRECTION ( 'NONE',  ( 0.5000000000000038858, 0.8660254037844363761, 0.000000000000000000 ) ) ;
#4400 = LINE ( 'NONE', #6574, #5085 ) ;
#4401 = CARTESIAN_POINT ( 'NONE',  ( -2.453125000000005329, 0.2893790496476773000, -0.4150000000000000910 ) ) ;
#4402 = DIRECTION ( 'NONE',  ( -0.7071067811865496822, 0.000000000000000000, -0.7071067811865452413 ) ) ;
#4403 = AXIS2_PLACEMENT_3D ( 'NONE', #4544, #2442, #5338 ) ;
#4404 = VECTOR ( 'NONE', #7240, 39.37007874015748143 ) ;
#4405 = VECTOR ( 'NONE', #8419, 39.37007874015748143 ) ;
#4406 = CARTESIAN_POINT ( 'NONE',  ( 0.000000000000000000, -0.3012499999999982969, 0.000000000000000000 ) ) ;
#4407 = DIRECTION ( 'NONE',  ( -1.000000000000000000, 0.000000000000000000, 0.000000000000000000 ) ) ;
#4408 = DIRECTION ( 'NONE',  ( 1.000000000000000000, 0.000000000000000000, 0.000000000000000000 ) ) ;
#4409 = EDGE_LOOP ( 'NONE', ( #6602, #221 ) ) ;
#4410 = LINE ( 'NONE', #7292, #6942 ) ;
#4411 = PLANE ( 'NONE',  #5966 ) ;
#4412 = VECTOR ( 'NONE', #8873, 39.37007874015748143 ) ;
#4413 = DIRECTION ( 'NONE',  ( -1.000000000000000000, 0.000000000000000000, 0.000000000000000000 ) ) ;
#4414 = LINE ( 'NONE', #7202, #3938 ) ;
#4415 = DIRECTION ( 'NONE',  ( 0.7071067811865808794, -0.7071067811865139330, -0.000000000000000000 ) ) ;
#4416 = VERTEX_POINT ( 'NONE', #2927 ) ;
#4417 = CIRCLE ( 'NONE', #5609, 0.01000000000000002276 ) ;
#4418 = DIRECTION ( 'NONE',  ( 0.000000000000000000, 0.000000000000000000, 1.000000000000000000 ) ) ;
#4419 = AXIS2_PLACEMENT_3D ( 'NONE', #1018, #1827, #5970 ) ;
#4420 = DIRECTION ( 'NONE',  ( 1.000000000000000000, 0.000000000000000000, 0.000000000000000000 ) ) ;
#4421 = EDGE_CURVE ( 'NONE', #1069, #946, #6494, .T. ) ;
#4422 = CARTESIAN_POINT ( 'NONE',  ( 1.194374999999987752, 0.000000000000000000, -0.2500000000000000555 ) ) ;
#4423 = DIRECTION ( 'NONE',  ( -0.000000000000000000, -0.000000000000000000, -1.000000000000000000 ) ) ;
#4424 = EDGE_CURVE ( 'NONE', #4109, #3808, #3351, .T. ) ;
#4425 = ADVANCED_FACE ( 'NONE', ( #3645 ), #822, .F. ) ;
#4426 = CARTESIAN_POINT ( 'NONE',  ( -2.493441540436297732, -0.5650121601517541503, -0.8341152750368363566 ) ) ;
#4427 = ORIENTED_EDGE ( 'NONE', *, *, #7356, .F. ) ;
#4428 = VERTEX_POINT ( 'NONE', #1482 ) ;
#4429 = FACE_OUTER_BOUND ( 'NONE', #6569, .T. ) ;
#4430 = VECTOR ( 'NONE', #1324, 39.37007874015747433 ) ;
#4431 = CARTESIAN_POINT ( 'NONE',  ( 1.781250000000008438, -4.038522381758778294E-17, -0.9487499999999929878 ) ) ;
#4432 = ORIENTED_EDGE ( 'NONE', *, *, #2203, .T. ) ;
#4433 = ORIENTED_EDGE ( 'NONE', *, *, #3145, .T. ) ;
#4434 = DIRECTION ( 'NONE',  ( -0.8660254037844402619, 0.4999999999999972800, 0.000000000000000000 ) ) ;
#4435 = EDGE_CURVE ( 'NONE', #4117, #9020, #8301, .T. ) ;
#4436 = DIRECTION ( 'NONE',  ( 0.000000000000000000, 0.000000000000000000, 1.000000000000000000 ) ) ;
#4437 = CARTESIAN_POINT ( 'NONE',  ( 1.813004557839720920, -0.01775088930758956032, -0.2599999999999999534 ) ) ;
#4438 = CARTESIAN_POINT ( 'NONE',  ( -2.390625000000005329, 0.6404979548822425928, -0.7350000000000000977 ) ) ;
#4439 = VERTEX_POINT ( 'NONE', #5063 ) ;
#4440 = ORIENTED_EDGE ( 'NONE', *, *, #6968, .T. ) ;
#4441 = CARTESIAN_POINT ( 'NONE',  ( -2.125000000000000000, 0.000000000000000000, -0.7350000000000006528 ) ) ;
#4442 = ORIENTED_EDGE ( 'NONE', *, *, #5742, .F. ) ;
#4443 = VECTOR ( 'NONE', #7488, 39.37007874015748143 ) ;
#4444 = PLANE ( 'NONE',  #7203 ) ;
#4445 = ADVANCED_FACE ( 'NONE', ( #9352 ), #8631, .F. ) ;
#4446 = FACE_OUTER_BOUND ( 'NONE', #3153, .T. ) ;
#4447 = CARTESIAN_POINT ( 'NONE',  ( -2.635183069698970204, 0.01216299788008460940, -0.5999999999999999778 ) ) ;
#4448 = DIRECTION ( 'NONE',  ( -1.000000000000000000, 0.000000000000000000, 0.000000000000000000 ) ) ;
#4449 = FACE_OUTER_BOUND ( 'NONE', #7695, .T. ) ;
#4450 = ORIENTED_EDGE ( 'NONE', *, *, #8900, .F. ) ;
#4451 = CARTESIAN_POINT ( 'NONE',  ( 2.447027439032297469, 0.6139339784872813732, -0.8122190699021961668 ) ) ;
#4452 = CARTESIAN_POINT ( 'NONE',  ( -1.989359352549145976, 0.2815355206474021155, -0.2509675856017753448 ) ) ;
#4453 = ORIENTED_EDGE ( 'NONE', *, *, #8945, .F. ) ;
#4454 = CARTESIAN_POINT ( 'NONE',  ( 2.237499999999999822, 0.4764989774411177437, -0.2500000000000000555 ) ) ;
#4455 = DIRECTION ( 'NONE',  ( 1.000000000000000000, 0.000000000000000000, 0.000000000000000000 ) ) ;
#4456 = LINE ( 'NONE', #6049, #3953 ) ;
#4457 = DIRECTION ( 'NONE',  ( 0.000000000000000000, -1.000000000000000000, 0.000000000000000000 ) ) ;
#4458 = ORIENTED_EDGE ( 'NONE', *, *, #6866, .T. ) ;
#4459 = DIRECTION ( 'NONE',  ( -3.023406148612404967E-15, 1.000000000000000000, -0.000000000000000000 ) ) ;
#4460 = ORIENTED_EDGE ( 'NONE', *, *, #4985, .F. ) ;
#4461 = DIRECTION ( 'NONE',  ( 1.000000000000000000, 0.000000000000000000, 0.000000000000000000 ) ) ;
#4462 = CARTESIAN_POINT ( 'NONE',  ( 1.419148271538632100, -0.02863757127942839417, -0.7849999999999999201 ) ) ;
#4463 = LINE ( 'NONE', #2982, #925 ) ;
#4464 = DIRECTION ( 'NONE',  ( 0.000000000000000000, 0.000000000000000000, 1.000000000000000000 ) ) ;
#4465 = VERTEX_POINT ( 'NONE', #100 ) ;
#4466 = ORIENTED_EDGE ( 'NONE', *, *, #2784, .T. ) ;
#4467 = DIRECTION ( 'NONE',  ( 1.000000000000000000, -1.865610830299460874E-15, -0.000000000000000000 ) ) ;
#4468 = EDGE_CURVE ( 'NONE', #6332, #6037, #7961, .T. ) ;
#4469 = ADVANCED_FACE ( 'NONE', ( #7296 ), #3693, .F. ) ;
#4470 = CARTESIAN_POINT ( 'NONE',  ( 1.951875000000012683, 0.6404979548822424817, -0.5357500000000000595 ) ) ;
#4471 = ORIENTED_EDGE ( 'NONE', *, *, #6901, .F. ) ;
#4472 = ORIENTED_EDGE ( 'NONE', *, *, #4006, .F. ) ;
#4473 = DIRECTION ( 'NONE',  ( 0.000000000000000000, 1.000000000000000000, 0.000000000000000000 ) ) ;
#4474 = CARTESIAN_POINT ( 'NONE',  ( 0.000000000000000000, 0.1762500000000011557, 0.000000000000000000 ) ) ;
#4475 = CIRCLE ( 'NONE', #2188, 0.06424999999999990441 ) ;
#4476 = CARTESIAN_POINT ( 'NONE',  ( 1.167433081593972632, 0.3012499999999982969, -0.4999999999999999445 ) ) ;
#4477 = EDGE_CURVE ( 'NONE', #2233, #8321, #4762, .T. ) ;
#4478 = CARTESIAN_POINT ( 'NONE',  ( -2.390625000000005773, 0.4058214234295524081, -0.6642500000000000071 ) ) ;
#4479 = VERTEX_POINT ( 'NONE', #1947 ) ;
#4480 = ORIENTED_EDGE ( 'NONE', *, *, #905, .T. ) ;
#4481 = ADVANCED_FACE ( 'NONE', ( #6989 ), #1088, .T. ) ;
#4482 = CARTESIAN_POINT ( 'NONE',  ( -2.212418012365472197, -0.4286805199005293554, -0.4052457801197263954 ) ) ;
#4483 = ORIENTED_EDGE ( 'NONE', *, *, #4645, .T. ) ;
#4484 = VECTOR ( 'NONE', #1893, 39.37007874015748143 ) ;
#4485 = PLANE ( 'NONE',  #4626 ) ;
#4486 = CARTESIAN_POINT ( 'NONE',  ( 2.125000000000000000, 0.000000000000000000, 0.000000000000000000 ) ) ;
#4487 = VECTOR ( 'NONE', #6476, 39.37007874015748143 ) ;
#4488 = DIRECTION ( 'NONE',  ( 0.8660254037844660191, -0.4999999999999527045, -0.000000000000000000 ) ) ;
#4489 = CARTESIAN_POINT ( 'NONE',  ( 1.648089780658681835, -0.2382494887205523215, -0.1944947243515863511 ) ) ;
#4490 = EDGE_LOOP ( 'NONE', ( #7374, #6041, #646, #5783 ) ) ;
#4491 = VERTEX_POINT ( 'NONE', #5470 ) ;
#4492 = ADVANCED_FACE ( 'NONE', ( #1136 ), #6852, .F. ) ;
#4493 = CARTESIAN_POINT ( 'NONE',  ( 1.533145825622967307, -0.1908744090717870434, -0.2500000000000000555 ) ) ;
#4494 = AXIS2_PLACEMENT_3D ( 'NONE', #5272, #8447, #452 ) ;
#4495 = FACE_OUTER_BOUND ( 'NONE', #5023, .T. ) ;
#4496 = ORIENTED_EDGE ( 'NONE', *, *, #270, .T. ) ;
#4497 = DIRECTION ( 'NONE',  ( -0.000000000000000000, -0.000000000000000000, -1.000000000000000000 ) ) ;
#4498 = DIRECTION ( 'NONE',  ( 0.8660254037844424824, -0.4999999999999936162, 0.000000000000000000 ) ) ;
#4499 = CARTESIAN_POINT ( 'NONE',  ( 1.813004557839720920, -0.01775088930758956032, -0.2600000000000002309 ) ) ;
#4500 = DIRECTION ( 'NONE',  ( -0.000000000000000000, -1.000000000000000000, -0.000000000000000000 ) ) ;
#4501 = ORIENTED_EDGE ( 'NONE', *, *, #3839, .F. ) ;
#4502 = VECTOR ( 'NONE', #5296, 39.37007874015748143 ) ;
#4503 = CARTESIAN_POINT ( 'NONE',  ( -1.703124999999971134, -0.5502869753213719406, -0.2500000000000000555 ) ) ;
#4504 = ADVANCED_FACE ( 'NONE', ( #326, #6281 ), #5414, .F. ) ;
#4505 = EDGE_CURVE ( 'NONE', #1420, #9045, #594, .T. ) ;
#4506 = FACE_OUTER_BOUND ( 'NONE', #3707, .T. ) ;
#4507 = AXIS2_PLACEMENT_3D ( 'NONE', #6342, #581, #8671 ) ;
#4508 = CARTESIAN_POINT ( 'NONE',  ( 1.437499999999994893, -0.09021097956086808478, -0.6999999999999999556 ) ) ;
#4509 = CARTESIAN_POINT ( 'NONE',  ( 2.513492737973233027, -0.6031825010027623835, -0.7349999999999999867 ) ) ;
#4510 = CARTESIAN_POINT ( 'NONE',  ( 1.779775888008966911, 0.2687499999999986011, -0.2500000000000000000 ) ) ;
#4511 = EDGE_LOOP ( 'NONE', ( #1376, #4005, #3241, #5226 ) ) ;
#4512 = ORIENTED_EDGE ( 'NONE', *, *, #120, .F. ) ;
#4513 = DIRECTION ( 'NONE',  ( -0.000000000000000000, -0.000000000000000000, -1.000000000000000000 ) ) ;
#4514 = CARTESIAN_POINT ( 'NONE',  ( 2.614374999999999449, -0.4333735458104661098, -0.2599999999999999534 ) ) ;
#4515 = ORIENTED_EDGE ( 'NONE', *, *, #7020, .T. ) ;
#4516 = EDGE_LOOP ( 'NONE', ( #4593, #8634, #9370, #7692, #4367, #3673, #2475, #772, #1389, #8905, #846, #4777, #1435, #985 ) ) ;
#4517 = DIRECTION ( 'NONE',  ( 8.881784197001252323E-16, 0.000000000000000000, 1.000000000000000000 ) ) ;
#4518 = LINE ( 'NONE', #1554, #1380 ) ;
#4519 = CARTESIAN_POINT ( 'NONE',  ( 2.744999999999998774, -0.2071244090717848652, -0.2175000000000009148 ) ) ;
#4520 = EDGE_LOOP ( 'NONE', ( #7988, #4349 ) ) ;
#4521 = CARTESIAN_POINT ( 'NONE',  ( -2.390625000000005773, 0.6404979548822425928, -0.9499999999999999556 ) ) ;
#4522 = ORIENTED_EDGE ( 'NONE', *, *, #9047, .T. ) ;
#4523 = DIRECTION ( 'NONE',  ( 0.8660254037844431485, 0.4999999999999918954, 0.000000000000000000 ) ) ;
#4524 = ORIENTED_EDGE ( 'NONE', *, *, #6174, .T. ) ;
#4525 = VECTOR ( 'NONE', #2061, 39.37007874015748854 ) ;
#4526 = EDGE_CURVE ( 'NONE', #8450, #929, #3384, .T. ) ;
#4527 = FACE_OUTER_BOUND ( 'NONE', #1545, .T. ) ;
#4528 = VECTOR ( 'NONE', #3650, 39.37007874015748143 ) ;
#4529 = DIRECTION ( 'NONE',  ( 0.000000000000000000, 0.000000000000000000, -1.000000000000000000 ) ) ;
#4530 = EDGE_CURVE ( 'NONE', #2679, #6496, #3285, .T. ) ;
#4531 = ADVANCED_FACE ( 'NONE', ( #4055 ), #467, .F. ) ;
#4532 = CIRCLE ( 'NONE', #3008, 0.2175000000000006928 ) ;
#4533 = CYLINDRICAL_SURFACE ( 'NONE', #6004, 0.06424999999999990441 ) ;
#4534 = ORIENTED_EDGE ( 'NONE', *, *, #108, .T. ) ;
#4535 = ORIENTED_EDGE ( 'NONE', *, *, #7967, .F. ) ;
#4536 = STYLED_ITEM ( 'NONE', ( #9300 ), #8031 ) ;
#4537 = DIRECTION ( 'NONE',  ( 0.000000000000000000, 0.000000000000000000, -1.000000000000000000 ) ) ;
#4538 = ORIENTED_EDGE ( 'NONE', *, *, #3107, .T. ) ;
#4539 = CARTESIAN_POINT ( 'NONE',  ( 2.125000000000000000, 0.4764989774411177437, -0.2500000000000000555 ) ) ;
#4540 = VERTEX_POINT ( 'NONE', #1044 ) ;
#4541 = DIRECTION ( 'NONE',  ( -0.7071067811865580088, -0.7071067811865371366, -0.000000000000000000 ) ) ;
#4542 = LINE ( 'NONE', #913, #8099 ) ;
#4543 = DIRECTION ( 'NONE',  ( -0.8660254037844659081, 0.4999999999999527045, 0.000000000000000000 ) ) ;
#4544 = CARTESIAN_POINT ( 'NONE',  ( -2.425200201892211638, -0.4800379978802461478, -0.5999999999999999778 ) ) ;
#4545 = VECTOR ( 'NONE', #8773, 39.37007874015748854 ) ;
#4546 = EDGE_CURVE ( 'NONE', #1912, #3074, #2136, .T. ) ;
#4547 = VECTOR ( 'NONE', #4129, 39.37007874015748854 ) ;
#4548 = VECTOR ( 'NONE', #4582, 39.37007874015748143 ) ;
#4549 = ORIENTED_EDGE ( 'NONE', *, *, #5012, .T. ) ;
#4550 = CARTESIAN_POINT ( 'NONE',  ( 1.859375000000008882, 0.6404979548822717916, -0.9499999999999999556 ) ) ;
#4551 = VECTOR ( 'NONE', #1427, 39.37007874015748854 ) ;
#4552 = DIRECTION ( 'NONE',  ( -0.5000000000000013323, -0.8660254037844379305, 0.000000000000000000 ) ) ;
#4553 = VECTOR ( 'NONE', #7989, 39.37007874015748854 ) ;
#4554 = LINE ( 'NONE', #60, #7519 ) ;
#4555 = DIRECTION ( 'NONE',  ( 0.000000000000000000, 0.000000000000000000, 1.000000000000000000 ) ) ;
#4556 = EDGE_CURVE ( 'NONE', #7027, #3284, #9433, .T. ) ;
#4557 = PLANE ( 'NONE',  #12 ) ;
#4558 = ORIENTED_EDGE ( 'NONE', *, *, #3793, .T. ) ;
#4559 = VECTOR ( 'NONE', #8249, 39.37007874015748143 ) ;
#4560 = CARTESIAN_POINT ( 'NONE',  ( 1.951875000000005578, 0.6404979548822650193, -0.2599999999999999534 ) ) ;
#4561 = CIRCLE ( 'NONE', #9266, 0.4374999999999960032 ) ;
#4562 = CARTESIAN_POINT ( 'NONE',  ( 2.453125000000005329, 0.2893790496476773000, -0.4150000000000000910 ) ) ;
#4563 = ORIENTED_EDGE ( 'NONE', *, *, #1892, .F. ) ;
#4564 = DIRECTION ( 'NONE',  ( -0.000000000000000000, -0.000000000000000000, -1.000000000000000000 ) ) ;
#4565 = CARTESIAN_POINT ( 'NONE',  ( 1.692379143759816573, 0.06588121453256312599, -0.8474999999999995870 ) ) ;
#4566 = CARTESIAN_POINT ( 'NONE',  ( 2.502726728461359684, -0.5969667425129840943, -0.7849999999999999201 ) ) ;
#4567 = PRESENTATION_LAYER_ASSIGNMENT (  '', '', ( #8968 ) ) ;
#4568 =( NAMED_UNIT ( * ) PLANE_ANGLE_UNIT ( ) SI_UNIT ( $, .RADIAN. ) );
#4569 = ORIENTED_EDGE ( 'NONE', *, *, #3420, .F. ) ;
#4570 = LINE ( 'NONE', #1462, #5445 ) ;
#4571 = VERTEX_POINT ( 'NONE', #2622 ) ;
#4572 = AXIS2_PLACEMENT_3D ( 'NONE', #2804, #1370, #3428 ) ;
#4573 = DIRECTION ( 'NONE',  ( -0.5000000000000036637, -0.8660254037844365982, -0.000000000000000000 ) ) ;
#4574 = LINE ( 'NONE', #3058, #1587 ) ;
#4575 = DIRECTION ( 'NONE',  ( 0.4999999999999918954, -0.8660254037844431485, -2.185478394931412152E-15 ) ) ;
#4576 = LENGTH_MEASURE_WITH_UNIT ( LENGTH_MEASURE( 0.02539999999999999897 ), #5944 );
#4577 = CARTESIAN_POINT ( 'NONE',  ( -2.425200201892211638, -0.4800379978802461478, -0.6642499999999997851 ) ) ;
#4578 = ORIENTED_EDGE ( 'NONE', *, *, #711, .T. ) ;
#4579 = ORIENTED_EDGE ( 'NONE', *, *, #4027, .T. ) ;
#4580 = AXIS2_PLACEMENT_3D ( 'NONE', #9022, #2611, #5503 ) ;
#4581 = EDGE_CURVE ( 'NONE', #507, #4143, #5516, .T. ) ;
#4582 = DIRECTION ( 'NONE',  ( 1.000000000000000000, 0.000000000000000000, 0.000000000000000000 ) ) ;
#4583 = ORIENTED_EDGE ( 'NONE', *, *, #3886, .F. ) ;
#4584 = EDGE_CURVE ( 'NONE', #847, #883, #3056, .T. ) ;
#4585 = EDGE_CURVE ( 'NONE', #3284, #6187, #6380, .T. ) ;
#4586 = CARTESIAN_POINT ( 'NONE',  ( 1.635624999999970797, -0.4333735458104719940, -0.2599999999999999534 ) ) ;
#4587 = CIRCLE ( 'NONE', #1382, 0.1124999999999999611 ) ;
#4588 = DIRECTION ( 'NONE',  ( -0.5000000000000068834, 0.8660254037844347108, 0.000000000000000000 ) ) ;
#4589 = DIRECTION ( 'NONE',  ( 0.8660254037844133945, -0.5000000000000437428, -1.884033099078697832E-15 ) ) ;
#4590 = DIRECTION ( 'NONE',  ( -0.8660254037844353769, -0.5000000000000056621, -0.000000000000000000 ) ) ;
#4591 = DIRECTION ( 'NONE',  ( 1.000000000000000000, 0.000000000000000000, -2.185478394931412547E-15 ) ) ;
#4592 = VECTOR ( 'NONE', #3222, 39.37007874015748143 ) ;
#4593 = ORIENTED_EDGE ( 'NONE', *, *, #5175, .F. ) ;
#4594 = PLANE ( 'NONE',  #4687 ) ;
#4595 = ADVANCED_FACE ( 'NONE', ( #5610 ), #664, .T. ) ;
#4596 = DIRECTION ( 'NONE',  ( 0.000000000000000000, 0.000000000000000000, 1.000000000000000000 ) ) ;
#4597 = LINE ( 'NONE', #7485, #4793 ) ;
#4598 = DIRECTION ( 'NONE',  ( -1.000000000000000000, -7.827072323607353610E-15, -0.000000000000000000 ) ) ;
#4599 = CARTESIAN_POINT ( 'NONE',  ( -2.812500000000023093, 0.4058214234295524081, -0.5357500000000000595 ) ) ;
#4600 = VERTEX_POINT ( 'NONE', #7228 ) ;
#4601 = VERTEX_POINT ( 'NONE', #9427 ) ;
#4602 = EDGE_CURVE ( 'NONE', #4394, #6727, #617, .T. ) ;
#4603 = ORIENTED_EDGE ( 'NONE', *, *, #1480, .T. ) ;
#4604 = CARTESIAN_POINT ( 'NONE',  ( -2.301018505284309068, -0.2582212438023087642, -0.2509472078721711741 ) ) ;
#4605 = LINE ( 'NONE', #6070, #1020 ) ;
#4606 = ORIENTED_EDGE ( 'NONE', *, *, #6767, .T. ) ;
#4607 = EDGE_LOOP ( 'NONE', ( #4151, #8333, #6912, #7565, #753, #1700 ) ) ;
#4608 = DIRECTION ( 'NONE',  ( -0.000000000000000000, -1.000000000000000000, -0.000000000000000000 ) ) ;
#4609 = CARTESIAN_POINT ( 'NONE',  ( 2.505176579365986811, -0.5262123809435418353, -0.8474999999999995870 ) ) ;
#4610 = CARTESIAN_POINT ( 'NONE',  ( -2.398375910746657347, 0.3415726297980380965, -0.6049736821907220063 ) ) ;
#4611 = VERTEX_POINT ( 'NONE', #8558 ) ;
#4612 = SURFACE_STYLE_FILL_AREA ( #8215 ) ;
#4613 = EDGE_LOOP ( 'NONE', ( #430, #7216, #3254, #4970 ) ) ;
#4614 = EDGE_CURVE ( 'NONE', #3074, #1912, #6076, .T. ) ;
#4615 = CARTESIAN_POINT ( 'NONE',  ( 1.807738770884311341, 0.3012499999999982969, 0.2500000000000000555 ) ) ;
#4616 = ORIENTED_EDGE ( 'NONE', *, *, #4176, .F. ) ;
#4617 = CARTESIAN_POINT ( 'NONE',  ( 2.125000000000000000, 0.000000000000000000, -0.7350000000000006528 ) ) ;
#4618 = CARTESIAN_POINT ( 'NONE',  ( 2.392868649053890628, -0.3170337998483087616, -0.6999999999999999556 ) ) ;
#4619 = AXIS2_PLACEMENT_3D ( 'NONE', #247, #2595, #8243 ) ;
#4620 = DIRECTION ( 'NONE',  ( 1.000000000000000000, 0.000000000000000000, 0.000000000000000000 ) ) ;
#4621 = DIRECTION ( 'NONE',  ( -1.776356839400250465E-15, 0.000000000000000000, 1.000000000000000000 ) ) ;
#4622 = CARTESIAN_POINT ( 'NONE',  ( -1.437499999999994893, -0.09021097956086808478, -0.9499999999999999556 ) ) ;
#4623 = FACE_OUTER_BOUND ( 'NONE', #5458, .T. ) ;
#4624 = VERTEX_POINT ( 'NONE', #6427 ) ;
#4625 = ORIENTED_EDGE ( 'NONE', *, *, #2429, .F. ) ;
#4626 = AXIS2_PLACEMENT_3D ( 'NONE', #5135, #8705, #136 ) ;
#4627 = FACE_OUTER_BOUND ( 'NONE', #4249, .T. ) ;
#4628 = FILL_AREA_STYLE ('',( #5998 ) ) ;
#4629 = DIRECTION ( 'NONE',  ( -1.000000000000000000, 0.000000000000000000, 0.000000000000000000 ) ) ;
#4630 = CARTESIAN_POINT ( 'NONE',  ( -2.255624999999997993, -3.949324281624900689E-16, -0.2500000000000000555 ) ) ;
#4631 = CARTESIAN_POINT ( 'NONE',  ( 2.390625000000005329, 0.6404979548822425928, -0.7350000000000000977 ) ) ;
#4632 = DIRECTION ( 'NONE',  ( -1.000000000000000000, 0.000000000000000000, 0.000000000000000000 ) ) ;
#4633 = ORIENTED_EDGE ( 'NONE', *, *, #1430, .T. ) ;
#4634 = ADVANCED_FACE ( 'NONE', ( #9329 ), #7841, .T. ) ;
#4635 = EDGE_CURVE ( 'NONE', #5472, #4844, #4948, .T. ) ;
#4636 = VECTOR ( 'NONE', #3680, 39.37007874015748143 ) ;
#4637 = CARTESIAN_POINT ( 'NONE',  ( 2.390625000000005773, 0.6404979548822425928, -0.9499999999999999556 ) ) ;
#4638 = EDGE_LOOP ( 'NONE', ( #6430, #1049, #9071, #9089 ) ) ;
#4639 = FACE_OUTER_BOUND ( 'NONE', #2448, .T. ) ;
#4640 = VERTEX_POINT ( 'NONE', #4903 ) ;
#4641 = LINE ( 'NONE', #8340, #7255 ) ;
#4642 = PLANE ( 'NONE',  #8402 ) ;
#4643 = VECTOR ( 'NONE', #9129, 39.37007874015748143 ) ;
#4644 = VECTOR ( 'NONE', #8211, 39.37007874015748143 ) ;
#4645 = EDGE_CURVE ( 'NONE', #1678, #9008, #8057, .T. ) ;
#4646 = DIRECTION ( 'NONE',  ( -0.000000000000000000, -0.000000000000000000, 1.000000000000000000 ) ) ;
#4647 = ORIENTED_EDGE ( 'NONE', *, *, #5437, .F. ) ;
#4648 = ADVANCED_FACE ( 'NONE', ( #6521 ), #7137, .F. ) ;
#4649 = EDGE_CURVE ( 'NONE', #7938, #567, #2904, .T. ) ;
#4650 = LINE ( 'NONE', #3941, #3191 ) ;
#4651 = AXIS2_PLACEMENT_3D ( 'NONE', #1045, #1090, #6894 ) ;
#4652 = CARTESIAN_POINT ( 'NONE',  ( -2.125000000000000000, 0.000000000000000000, -0.7350000000000006528 ) ) ;
#4653 = ORIENTED_EDGE ( 'NONE', *, *, #5384, .T. ) ;
#4654 = ORIENTED_EDGE ( 'NONE', *, *, #4956, .F. ) ;
#4655 = DIRECTION ( 'NONE',  ( 0.5000000000000041078, 0.8660254037844363761, 0.000000000000000000 ) ) ;
#4656 = CARTESIAN_POINT ( 'NONE',  ( 2.501124091573759145, -0.5339058143017523239, -0.8470415347009946361 ) ) ;
#4657 = ADVANCED_FACE ( 'NONE', ( #5794, #8699 ), #7037, .T. ) ;
#4658 = DIRECTION ( 'NONE',  ( -0.8660254037844451469, 0.4999999999999888423, 0.000000000000000000 ) ) ;
#4659 = EDGE_LOOP ( 'NONE', ( #7951, #4293, #7193, #6170, #890, #6284, #5683, #1864 ) ) ;
#4660 = FACE_OUTER_BOUND ( 'NONE', #1244, .T. ) ;
#4661 = ORIENTED_EDGE ( 'NONE', *, *, #6341, .F. ) ;
#4662 = DIRECTION ( 'NONE',  ( 0.000000000000000000, 0.000000000000000000, -1.000000000000000000 ) ) ;
#4663 = VERTEX_POINT ( 'NONE', #7083 ) ;
#4664 = DIRECTION ( 'NONE',  ( 0.4999999999999918954, -0.8660254037844431485, 2.185478394931412152E-15 ) ) ;
#4665 = CARTESIAN_POINT ( 'NONE',  ( 2.546874999999995559, -0.5502869753213698312, -0.7849999999999999201 ) ) ;
#4666 = CARTESIAN_POINT ( 'NONE',  ( -1.813831811574352804, -0.02882027952500396464, -0.2500000000000000555 ) ) ;
#4667 = EDGE_CURVE ( 'NONE', #7398, #6512, #3431, .T. ) ;
#4668 = ADVANCED_FACE ( 'NONE', ( #4993 ), #7753, .F. ) ;
#4669 = CARTESIAN_POINT ( 'NONE',  ( 2.515624999999995559, -0.6044135630578968410, -0.4650000000000000799 ) ) ;
#4670 = CARTESIAN_POINT ( 'NONE',  ( -1.504999999999972138, -0.2071244090717875574, -0.2600000000000000089 ) ) ;
#4671 = ORIENTED_EDGE ( 'NONE', *, *, #524, .T. ) ;
#4672 = ORIENTED_EDGE ( 'NONE', *, *, #3715, .F. ) ;
#4673 = VECTOR ( 'NONE', #7585, 39.37007874015748143 ) ;
#4674 = CARTESIAN_POINT ( 'NONE',  ( -1.812500000000002665, 0.000000000000000000, -0.9174999999999992051 ) ) ;
#4675 = VECTOR ( 'NONE', #6264, 39.37007874015748854 ) ;
#4676 = LINE ( 'NONE', #4062, #5425 ) ;
#4677 = CARTESIAN_POINT ( 'NONE',  ( 0.9376234198628758953, -0.2687499999999987121, -0.4015748031496063630 ) ) ;
#4678 = CARTESIAN_POINT ( 'NONE',  ( -1.856970708914643442, 0.3457972016676595928, -0.6233221659900196610 ) ) ;
#4679 = DIRECTION ( 'NONE',  ( 0.5000000000000041078, 0.8660254037844363761, -0.000000000000000000 ) ) ;
#4680 = VECTOR ( 'NONE', #7772, 39.37007874015748143 ) ;
#4681 = EDGE_LOOP ( 'NONE', ( #3378, #6933, #3134, #5300 ) ) ;
#4682 = MECHANICAL_DESIGN_GEOMETRIC_PRESENTATION_REPRESENTATION (  '', ( #4536 ), #5427 ) ;
#4683 = ORIENTED_EDGE ( 'NONE', *, *, #9145, .T. ) ;
#4684 = FACE_OUTER_BOUND ( 'NONE', #232, .T. ) ;
#4685 = ORIENTED_EDGE ( 'NONE', *, *, #6299, .T. ) ;
#4686 = LINE ( 'NONE', #2447, #6359 ) ;
#4687 = AXIS2_PLACEMENT_3D ( 'NONE', #1537, #3790, #8144 ) ;
#4688 = DIRECTION ( 'NONE',  ( 1.000000000000000000, 0.000000000000000000, -0.000000000000000000 ) ) ;
#4689 = CARTESIAN_POINT ( 'NONE',  ( 1.437499999999994893, -0.09021097956086808478, -0.9499999999999999556 ) ) ;
#4690 = AXIS2_PLACEMENT_3D ( 'NONE', #8464, #8516, #6385 ) ;
#4691 = CARTESIAN_POINT ( 'NONE',  ( 0.000000000000000000, 0.3012499999999982969, 0.000000000000000000 ) ) ;
#4692 = VERTEX_POINT ( 'NONE', #3476 ) ;
#4693 = CARTESIAN_POINT ( 'NONE',  ( -1.663770825622965521, -0.4171235458104699534, -0.2599999999999999534 ) ) ;
#4694 = VECTOR ( 'NONE', #956, 39.37007874015748143 ) ;
#4695 = AXIS2_PLACEMENT_3D ( 'NONE', #2600, #9160, #6158 ) ;
#4696 = AXIS2_PLACEMENT_3D ( 'NONE', #6619, #2371, #5267 ) ;
#4697 = CARTESIAN_POINT ( 'NONE',  ( -2.296370442160278635, -0.2613205341219645983, -0.2600000000000002309 ) ) ;
#4698 = ADVANCED_FACE ( 'NONE', ( #9228, #9282 ), #2758, .T. ) ;
#4699 = DIRECTION ( 'NONE',  ( -0.7071067811865392461, 0.7071067811865556774, 0.000000000000000000 ) ) ;
#4700 = ORIENTED_EDGE ( 'NONE', *, *, #6151, .F. ) ;
#4701 = EDGE_CURVE ( 'NONE', #398, #4491, #4342, .T. ) ;
#4702 = ADVANCED_FACE ( 'NONE', ( #5220 ), #7986, .F. ) ;
#4703 = VECTOR ( 'NONE', #687, 39.37007874015748143 ) ;
#4704 = EDGE_LOOP ( 'NONE', ( #7111, #4951, #8152, #9343 ) ) ;
#4705 = CARTESIAN_POINT ( 'NONE',  ( -2.390625000000005773, 0.6404979548822424817, -0.6642500000000000071 ) ) ;
#4706 = AXIS2_PLACEMENT_3D ( 'NONE', #789, #5738, #8647 ) ;
#4707 = DIRECTION ( 'NONE',  ( -0.000000000000000000, -0.000000000000000000, 1.000000000000000000 ) ) ;
#4708 = CARTESIAN_POINT ( 'NONE',  ( -1.710327891682111856, 0.1394750607929389485, -0.9499999999999999556 ) ) ;
#4709 = VECTOR ( 'NONE', #4488, 39.37007874015747433 ) ;
#4710 = DIRECTION ( 'NONE',  ( -0.4999999999999923950, 0.8660254037844430375, 0.000000000000000000 ) ) ;
#4711 = VERTEX_POINT ( 'NONE', #5979 ) ;
#4712 = VECTOR ( 'NONE', #7065, 39.37007874015748143 ) ;
#4713 = EDGE_CURVE ( 'NONE', #269, #8417, #3713, .T. ) ;
#4714 = CARTESIAN_POINT ( 'NONE',  ( 2.265624999999998668, 0.2790714234295565421, -0.9499999999999999556 ) ) ;
#4715 = CYLINDRICAL_SURFACE ( 'NONE', #4924, 0.06249999999999967387 ) ;
#4716 = CARTESIAN_POINT ( 'NONE',  ( -2.515624999999995559, -0.6044135630578968410, -0.7849999999999999201 ) ) ;
#4717 = CARTESIAN_POINT ( 'NONE',  ( -2.721854174377007496, -0.1822141550339410332, -0.9499999999999999556 ) ) ;
#4718 = CARTESIAN_POINT ( 'NONE',  ( -2.211547108317882149, -0.4288541104406126681, -0.7349999999999999867 ) ) ;
#4719 = ORIENTED_EDGE ( 'NONE', *, *, #1512, .F. ) ;
#4720 = ORIENTED_EDGE ( 'NONE', *, *, #7251, .T. ) ;
#4721 = CARTESIAN_POINT ( 'NONE',  ( -1.781250000000008438, -4.038533547303794910E-17, -0.9487499999999929878 ) ) ;
#4722 = ORIENTED_EDGE ( 'NONE', *, *, #1276, .F. ) ;
#4723 = EDGE_CURVE ( 'NONE', #4600, #352, #6614, .T. ) ;
#4724 = DIRECTION ( 'NONE',  ( 1.000000000000000000, 8.405686134351793218E-15, 0.000000000000000000 ) ) ;
#4725 = DIRECTION ( 'NONE',  ( -0.000000000000000000, -0.000000000000000000, 1.000000000000000000 ) ) ;
#4726 = DIRECTION ( 'NONE',  ( -0.8660254037844422603, -0.4999999999999939493, 0.000000000000000000 ) ) ;
#4727 = CARTESIAN_POINT ( 'NONE',  ( 2.125000000000000000, 0.000000000000000000, -0.2500000000000000555 ) ) ;
#4728 = VERTEX_POINT ( 'NONE', #5084 ) ;
#4729 = CIRCLE ( 'NONE', #1525, 0.2499999999999999167 ) ;
#4730 = VERTEX_POINT ( 'NONE', #1459 ) ;
#4731 = CARTESIAN_POINT ( 'NONE',  ( -1.440022003734873879, -0.03069510853887556789, -0.8223310893196605909 ) ) ;
#4732 = VERTEX_POINT ( 'NONE', #5261 ) ;
#4733 = AXIS2_PLACEMENT_3D ( 'NONE', #7167, #4134, #7019 ) ;
#4734 = CYLINDRICAL_SURFACE ( 'NONE', #7567, 0.4374999999999960587 ) ;
#4735 = VECTOR ( 'NONE', #5394, 39.37007874015748854 ) ;
#4736 = CARTESIAN_POINT ( 'NONE',  ( 2.125000000000000000, 0.4764989774411177437, 0.000000000000000000 ) ) ;
#4737 = DIRECTION ( 'NONE',  ( -0.8660254037843999608, -0.5000000000000667244, 0.000000000000000000 ) ) ;
#4738 = FACE_OUTER_BOUND ( 'NONE', #6067, .T. ) ;
#4739 = CARTESIAN_POINT ( 'NONE',  ( 1.622756350946106485, 0.08891560817565714869, -0.6999999999999999556 ) ) ;
#4740 = ORIENTED_EDGE ( 'NONE', *, *, #7385, .T. ) ;
#4741 = LINE ( 'NONE', #5396, #8324 ) ;
#4742 = FACE_BOUND ( 'NONE', #5008, .T. ) ;
#4743 = CARTESIAN_POINT ( 'NONE',  ( -1.578107319008671183, -0.2687499999999988787, -0.2499999999999999722 ) ) ;
#4744 = VERTEX_POINT ( 'NONE', #5833 ) ;
#4745 = VERTEX_POINT ( 'NONE', #7404 ) ;
#4746 = CARTESIAN_POINT ( 'NONE',  ( 2.546874999999995559, -0.5502869753213701642, 0.9499999999999999556 ) ) ;
#4747 = DIRECTION ( 'NONE',  ( 1.000000000000000000, 0.000000000000000000, 0.000000000000000000 ) ) ;
#4748 = DIRECTION ( 'NONE',  ( 0.8660254037844353769, 0.5000000000000055511, -0.000000000000000000 ) ) ;
#4749 = ORIENTED_EDGE ( 'NONE', *, *, #8825, .F. ) ;
#4750 = EDGE_CURVE ( 'NONE', #6230, #5075, #757, .T. ) ;
#4751 = EDGE_LOOP ( 'NONE', ( #6376, #8271, #2552, #4057, #5578, #666, #9070, #7080, #949 ) ) ;
#4752 = EDGE_CURVE ( 'NONE', #9184, #7844, #3049, .T. ) ;
#4753 = LINE ( 'NONE', #4615, #3948 ) ;
#4754 = VERTEX_POINT ( 'NONE', #7457 ) ;
#4755 = FACE_OUTER_BOUND ( 'NONE', #4751, .T. ) ;
#4756 = FACE_OUTER_BOUND ( 'NONE', #5879, .T. ) ;
#4757 = DIMENSIONAL_EXPONENTS ( 1.000000000000000000, 0.000000000000000000, 0.000000000000000000, 0.000000000000000000, 0.000000000000000000, 0.000000000000000000, 0.000000000000000000 ) ;
#4758 = PLANE ( 'NONE',  #8365 ) ;
#4759 = ADVANCED_FACE ( 'NONE', ( #6659 ), #8883, .F. ) ;
#4760 = VERTEX_POINT ( 'NONE', #3855 ) ;
#4761 = AXIS2_PLACEMENT_3D ( 'NONE', #3115, #2340, #4589 ) ;
#4762 = LINE ( 'NONE', #8991, #3204 ) ;
#4763 = EDGE_CURVE ( 'NONE', #7844, #5984, #8161, .T. ) ;
#4764 = LINE ( 'NONE', #7563, #7526 ) ;
#4765 = ORIENTED_EDGE ( 'NONE', *, *, #8723, .F. ) ;
#4766 = ORIENTED_EDGE ( 'NONE', *, *, #94, .T. ) ;
#4767 = CARTESIAN_POINT ( 'NONE',  ( 1.406249999999996003, -0.03608439182434083903, -0.7349999999999999867 ) ) ;
#4768 = ORIENTED_EDGE ( 'NONE', *, *, #8945, .T. ) ;
#4769 = CARTESIAN_POINT ( 'NONE',  ( 2.533493649053907948, -0.07346415503396394597, -0.9175000000000141931 ) ) ;
#4770 = CARTESIAN_POINT ( 'NONE',  ( 1.812500000000002665, -0.2687499999999988787, -0.2500000000000000000 ) ) ;
#4771 = CARTESIAN_POINT ( 'NONE',  ( 2.721854174377007496, -0.1822141550339411165, -0.9499999999999999556 ) ) ;
#4772 = DIRECTION ( 'NONE',  ( -0.5000000000000041078, 0.8660254037844363761, 2.185478394931412547E-15 ) ) ;
#4773 = ADVANCED_FACE ( 'NONE', ( #8117 ), #6613, .F. ) ;
#4774 = EDGE_LOOP ( 'NONE', ( #3437, #2588, #2129, #5505, #9076, #2952, #3162, #5110, #8827, #5128, #8646 ) ) ;
#4775 = ORIENTED_EDGE ( 'NONE', *, *, #5571, .F. ) ;
#4776 = DIRECTION ( 'NONE',  ( 0.5000000000000036637, -0.8660254037844365982, -0.000000000000000000 ) ) ;
#4777 = ORIENTED_EDGE ( 'NONE', *, *, #5334, .F. ) ;
#4778 = DIRECTION ( 'NONE',  ( 0.000000000000000000, 0.000000000000000000, 1.000000000000000000 ) ) ;
#4779 = EDGE_LOOP ( 'NONE', ( #4749, #3966 ) ) ;
#4780 = CIRCLE ( 'NONE', #821, 0.2175000000000126277 ) ;
#4781 = DIRECTION ( 'NONE',  ( -0.4999999999999983347, -0.8660254037844395958, 0.000000000000000000 ) ) ;
#4782 = CARTESIAN_POINT ( 'NONE',  ( -1.956752361437507526, -0.4038551499215299323, 2.731847993664263218E-16 ) ) ;
#4783 = CARTESIAN_POINT ( 'NONE',  ( -2.249300444098000451, -0.4194938502974254746, -0.8365655606850087578 ) ) ;
#4784 = DIRECTION ( 'NONE',  ( -0.8660254037844431485, 0.4999999999999918954, 0.000000000000000000 ) ) ;
#4785 = AXIS2_PLACEMENT_3D ( 'NONE', #2236, #8667, #6625 ) ;
#4786 = ORIENTED_EDGE ( 'NONE', *, *, #5214, .T. ) ;
#4787 = EDGE_CURVE ( 'NONE', #3039, #5982, #6757, .T. ) ;
#4788 = EDGE_CURVE ( 'NONE', #3776, #6790, #1600, .T. ) ;
#4789 = CARTESIAN_POINT ( 'NONE',  ( 2.255625000000000213, 0.6079979548822481705, -0.2600000000000000089 ) ) ;
#4790 = CARTESIAN_POINT ( 'NONE',  ( -1.813004557839720920, -0.01775088930758956726, -0.9174999999999992051 ) ) ;
#4791 = DIRECTION ( 'NONE',  ( -0.000000000000000000, 1.000000000000000000, -0.000000000000000000 ) ) ;
#4792 = VECTOR ( 'NONE', #2745, 39.37007874015748143 ) ;
#4793 = VECTOR ( 'NONE', #873, 39.37007874015748143 ) ;
#4794 = ORIENTED_EDGE ( 'NONE', *, *, #1956, .F. ) ;
#4795 = CARTESIAN_POINT ( 'NONE',  ( 1.621674798107783033, -0.1282151775928082327, -0.6642499999999997851 ) ) ;
#4796 = DIRECTION ( 'NONE',  ( 0.4999999999999972800, -0.8660254037844402619, 0.000000000000000000 ) ) ;
#4797 = VECTOR ( 'NONE', #1612, 39.37007874015748854 ) ;
#4798 = VERTEX_POINT ( 'NONE', #4566 ) ;
#4799 = DIRECTION ( 'NONE',  ( 0.5000000000000036637, -0.8660254037844365982, -0.000000000000000000 ) ) ;
#4800 = LINE ( 'NONE', #5316, #8792 ) ;
#4801 = EDGE_LOOP ( 'NONE', ( #9231, #2369, #272, #1884 ) ) ;
#4802 = FACE_OUTER_BOUND ( 'NONE', #5473, .T. ) ;
#4803 = CARTESIAN_POINT ( 'NONE',  ( 1.855041356613011949, 0.3442841362961638341, -0.5809214371190666304 ) ) ;
#4804 = LINE ( 'NONE', #6809, #1359 ) ;
#4805 = ORIENTED_EDGE ( 'NONE', *, *, #7309, .F. ) ;
#4806 = CARTESIAN_POINT ( 'NONE',  ( 1.514079410139418824, -0.1802444485527194828, -0.2500000000000000555 ) ) ;
#4807 = DIRECTION ( 'NONE',  ( 0.000000000000000000, 0.000000000000000000, -1.000000000000000000 ) ) ;
#4808 = EDGE_LOOP ( 'NONE', ( #8225, #6535, #4300, #978 ) ) ;
#4809 = ORIENTED_EDGE ( 'NONE', *, *, #3886, .T. ) ;
#4810 = CARTESIAN_POINT ( 'NONE',  ( 2.453125000000005329, 0.6404979548822425928, -0.7849999999999999201 ) ) ;
#4811 = EDGE_CURVE ( 'NONE', #1070, #3780, #76, .T. ) ;
#4812 = ADVANCED_FACE ( 'NONE', ( #8746 ), #889, .T. ) ;
#4813 = EDGE_CURVE ( 'NONE', #3734, #4692, #9200, .T. ) ;
#4814 = CYLINDRICAL_SURFACE ( 'NONE', #4978, 0.2500000000000000000 ) ;
#4815 = CARTESIAN_POINT ( 'NONE',  ( 2.515624999999995559, -0.6044135630578968410, -0.4650000000000000799 ) ) ;
#4816 = CARTESIAN_POINT ( 'NONE',  ( 2.593125000000000124, -0.4701796254713027090, -0.6999999999999999556 ) ) ;
#4817 = CARTESIAN_POINT ( 'NONE',  ( 2.558872638562463830, 0.05622084583890603338, -0.9499999999999999556 ) ) ;
#4818 = ORIENTED_EDGE ( 'NONE', *, *, #755, .F. ) ;
#4819 = ORIENTED_EDGE ( 'NONE', *, *, #6150, .F. ) ;
#4820 = PLANE ( 'NONE',  #1592 ) ;
#4821 = EDGE_LOOP ( 'NONE', ( #9150, #715, #2143, #2186 ) ) ;
#4822 = LINE ( 'NONE', #7005, #6045 ) ;
#4823 = ORIENTED_EDGE ( 'NONE', *, *, #4884, .T. ) ;
#4824 = ADVANCED_FACE ( 'NONE', ( #8078 ), #6711, .F. ) ;
#4825 = DIRECTION ( 'NONE',  ( -0.8660254037844431485, 0.4999999999999918954, 0.000000000000000000 ) ) ;
#4826 = AXIS2_PLACEMENT_3D ( 'NONE', #5511, #6934, #5364 ) ;
#4827 = CARTESIAN_POINT ( 'NONE',  ( -1.703124999999971134, -0.5502869753213720516, 0.9499999999999999556 ) ) ;
#4828 = CARTESIAN_POINT ( 'NONE',  ( -2.293247638562450508, -0.4038551499215471408, -0.8474999999999995870 ) ) ;
#4829 = AXIS2_PLACEMENT_3D ( 'NONE', #7342, #2305, #7388 ) ;
#4830 = CYLINDRICAL_SURFACE ( 'NONE', #2896, 0.01000000000000000021 ) ;
#4831 = ORIENTED_EDGE ( 'NONE', *, *, #1510, .T. ) ;
#4832 = FACE_OUTER_BOUND ( 'NONE', #1858, .T. ) ;
#4833 = DIRECTION ( 'NONE',  ( 0.8660254037844659081, -0.4999999999999530376, 0.000000000000000000 ) ) ;
#4834 = VECTOR ( 'NONE', #5634, 39.37007874015748143 ) ;
#4835 = AXIS2_PLACEMENT_3D ( 'NONE', #2592, #482, #8433 ) ;
#4836 = LINE ( 'NONE', #7735, #9073 ) ;
#4837 = ADVANCED_FACE ( 'NONE', ( #175 ), #3759, .F. ) ;
#4838 = CARTESIAN_POINT ( 'NONE',  ( 2.546874999999995559, -0.5502869753213701642, -0.9499999999999999556 ) ) ;
#4839 = DIRECTION ( 'NONE',  ( 0.000000000000000000, -4.370956789862821150E-15, 1.000000000000000000 ) ) ;
#4840 = LINE ( 'NONE', #4285, #8068 ) ;
#4841 = AXIS2_PLACEMENT_3D ( 'NONE', #7763, #7092, #8380 ) ;
#4842 = VECTOR ( 'NONE', #8082, 39.37007874015748143 ) ;
#4843 = ORIENTED_EDGE ( 'NONE', *, *, #9166, .F. ) ;
#4844 = VERTEX_POINT ( 'NONE', #2416 ) ;
#4845 = DIRECTION ( 'NONE',  ( -0.8660254037844795638, -0.4999999999999292788, -0.000000000000000000 ) ) ;
#4846 = CARTESIAN_POINT ( 'NONE',  ( -2.298125000000001528, 0.6404979548822472557, -0.2500000000000000555 ) ) ;
#4847 = ORIENTED_EDGE ( 'NONE', *, *, #742, .F. ) ;
#4848 = CARTESIAN_POINT ( 'NONE',  ( -2.296887392148656115, -0.2865761848781491206, -0.9391135601497752061 ) ) ;
#4849 = CIRCLE ( 'NONE', #6216, 0.06425000000000000155 ) ;
#4850 = VERTEX_POINT ( 'NONE', #6225 ) ;
#4851 = CARTESIAN_POINT ( 'NONE',  ( -2.537660219341328460, -0.2382494887205698075, -0.2500000000000000555 ) ) ;
#4852 = DIRECTION ( 'NONE',  ( 0.000000000000000000, 0.000000000000000000, -1.000000000000000000 ) ) ;
#4853 = ORIENTED_EDGE ( 'NONE', *, *, #9299, .T. ) ;
#4854 = AXIS2_PLACEMENT_3D ( 'NONE', #2249, #5198, #6001 ) ;
#4855 = DIRECTION ( 'NONE',  ( -0.7071067811865512365, -0.7071067811865436870, 0.000000000000000000 ) ) ;
#4856 = CARTESIAN_POINT ( 'NONE',  ( -2.296370442160278635, -0.2613205341219645983, -0.2600000000000002309 ) ) ;
#4857 = ORIENTED_EDGE ( 'NONE', *, *, #7360, .F. ) ;
#4858 = ORIENTED_EDGE ( 'NONE', *, *, #8971, .F. ) ;
#4859 = DIRECTION ( 'NONE',  ( -0.6123724356957955806, 0.3535533905932777832, -0.7071067811865444641 ) ) ;
#4860 = ORIENTED_EDGE ( 'NONE', *, *, #255, .T. ) ;
#4861 = SURFACE_STYLE_USAGE ( .BOTH. , #6336 ) ;
#4862 = LINE ( 'NONE', #7761, #2510 ) ;
#4863 = CARTESIAN_POINT ( 'NONE',  ( -2.716854174377005826, -0.1908744090717845177, -0.2600000000000000089 ) ) ;
#4864 = DIRECTION ( 'NONE',  ( 0.000000000000000000, 0.000000000000000000, -1.000000000000000000 ) ) ;
#4865 = EDGE_LOOP ( 'NONE', ( #1025, #6176, #7024, #3177 ) ) ;
#4866 = EDGE_CURVE ( 'NONE', #1326, #2993, #8357, .T. ) ;
#4867 = VERTEX_POINT ( 'NONE', #5310 ) ;
#4868 = EDGE_CURVE ( 'NONE', #2683, #9008, #3901, .T. ) ;
#4869 = DIRECTION ( 'NONE',  ( 0.000000000000000000, 0.000000000000000000, -1.000000000000000000 ) ) ;
#4870 = ORIENTED_EDGE ( 'NONE', *, *, #3951, .F. ) ;
#4871 = AXIS2_PLACEMENT_3D ( 'NONE', #3963, #8370, #1800 ) ;
#4872 = EDGE_CURVE ( 'NONE', #4728, #8069, #6215, .T. ) ;
#4873 = DIRECTION ( 'NONE',  ( 7.249756350802272209E-14, -1.000000000000000000, -0.000000000000000000 ) ) ;
#4874 = ORIENTED_EDGE ( 'NONE', *, *, #1625, .T. ) ;
#4875 = LINE ( 'NONE', #7242, #7094 ) ;
#4876 = DIRECTION ( 'NONE',  ( -1.000000000000000000, -7.249756350802272209E-14, 0.000000000000000000 ) ) ;
#4877 = DIRECTION ( 'NONE',  ( 0.000000000000000000, 0.000000000000000000, 1.000000000000000000 ) ) ;
#4878 = VECTOR ( 'NONE', #5655, 39.37007874015748854 ) ;
#4879 = FILL_AREA_STYLE_COLOUR ( '', #1236 ) ;
#4880 = ORIENTED_EDGE ( 'NONE', *, *, #2494, .F. ) ;
#4881 = EDGE_CURVE ( 'NONE', #5253, #6422, #4351, .T. ) ;
#4882 = CARTESIAN_POINT ( 'NONE',  ( -1.859375000000026645, 0.3476343040826245234, 0.2500000000000000555 ) ) ;
#4883 = ORIENTED_EDGE ( 'NONE', *, *, #4763, .F. ) ;
#4884 = EDGE_CURVE ( 'NONE', #3579, #1124, #2557, .T. ) ;
#4885 = CARTESIAN_POINT ( 'NONE',  ( -1.859375000000008882, 0.6404979548822717916, -0.9499999999999999556 ) ) ;
#4886 = CIRCLE ( 'NONE', #4131, 0.4374999999999960587 ) ;
#4887 = CARTESIAN_POINT ( 'NONE',  ( 1.167433081593972632, 0.2687499999999986011, -0.4999999999999999445 ) ) ;
#4888 = AXIS2_PLACEMENT_3D ( 'NONE', #603, #1401, #6267 ) ;
#4889 = ORIENTED_EDGE ( 'NONE', *, *, #6285, .T. ) ;
#4890 = DIRECTION ( 'NONE',  ( 0.000000000000000000, 0.000000000000000000, -1.000000000000000000 ) ) ;
#4891 = LINE ( 'NONE', #1167, #5183 ) ;
#4892 = ADVANCED_FACE ( 'NONE', ( #3183 ), #1741, .F. ) ;
#4893 = EDGE_CURVE ( 'NONE', #171, #2521, #8119, .T. ) ;
#4894 = EDGE_LOOP ( 'NONE', ( #5449, #3498, #5751, #4603, #868 ) ) ;
#4895 = ADVANCED_FACE ( 'NONE', ( #5357 ), #6917, .F. ) ;
#4896 = LINE ( 'NONE', #1936, #7888 ) ;
#4897 = DIRECTION ( 'NONE',  ( -1.000000000000000000, 0.000000000000000000, 0.000000000000000000 ) ) ;
#4898 = ORIENTED_EDGE ( 'NONE', *, *, #814, .T. ) ;
#4899 = CARTESIAN_POINT ( 'NONE',  ( 2.257729755374552560, -0.4169034694968730137, -0.8404620568917898771 ) ) ;
#4900 = ORIENTED_EDGE ( 'NONE', *, *, #4176, .T. ) ;
#4901 = DIRECTION ( 'NONE',  ( 0.000000000000000000, 0.000000000000000000, -1.000000000000000000 ) ) ;
#4902 = CARTESIAN_POINT ( 'NONE',  ( -2.558872638562463830, 0.05622084583890603338, 6.829619984160658046E-17 ) ) ;
#4903 = CARTESIAN_POINT ( 'NONE',  ( 1.439632262026758092, -0.08897991750573425174, -0.7350000000000000977 ) ) ;
#4904 = EDGE_CURVE ( 'NONE', #2418, #9029, #653, .T. ) ;
#4905 = FACE_OUTER_BOUND ( 'NONE', #8936, .T. ) ;
#4906 = EDGE_LOOP ( 'NONE', ( #9181, #7537 ) ) ;
#4907 = EDGE_LOOP ( 'NONE', ( #2526, #9308, #5957, #1702 ) ) ;
#4908 = CARTESIAN_POINT ( 'NONE',  ( 2.215603892907803463, -0.4280184944813355541, -0.3960606752794165741 ) ) ;
#4909 = VERTEX_POINT ( 'NONE', #1074 ) ;
#4910 = DIRECTION ( 'NONE',  ( 0.000000000000000000, -1.000000000000000000, 0.000000000000000000 ) ) ;
#4911 = DIRECTION ( 'NONE',  ( -0.8660254037844443697, -0.4999999999999902300, 1.256650077085560725E-14 ) ) ;
#4912 = CARTESIAN_POINT ( 'NONE',  ( 1.528145825622992282, -0.1822141550339287097, -0.6999999999999999556 ) ) ;
#4913 = DIRECTION ( 'NONE',  ( 0.000000000000000000, 1.000000000000000000, 0.000000000000000000 ) ) ;
#4914 = DIRECTION ( 'NONE',  ( -0.4999999999999972800, -0.8660254037844402619, 0.000000000000000000 ) ) ;
#4915 = EDGE_LOOP ( 'NONE', ( #8035, #4154, #7373, #2348 ) ) ;
#4916 = AXIS2_PLACEMENT_3D ( 'NONE', #2970, #51, #8002 ) ;
#4917 = FILL_AREA_STYLE ('',( #9201 ) ) ;
#4918 = ORIENTED_EDGE ( 'NONE', *, *, #1669, .F. ) ;
#4919 = CARTESIAN_POINT ( 'NONE',  ( -2.582160219341328666, -0.2382494887205698075, -0.2500000000000000555 ) ) ;
#4920 = CARTESIAN_POINT ( 'NONE',  ( 1.859375000000026645, 0.3904979548822720137, -0.6999999999999999556 ) ) ;
#4921 = EDGE_CURVE ( 'NONE', #3688, #5820, #7067, .T. ) ;
#4922 = CARTESIAN_POINT ( 'NONE',  ( 1.857131350946074955, -0.3170337998483052089, -0.6999999999999999556 ) ) ;
#4923 = CARTESIAN_POINT ( 'NONE',  ( -1.994375000000009557, 0.6404979548822627988, -0.2175000000000000266 ) ) ;
#4924 = AXIS2_PLACEMENT_3D ( 'NONE', #4665, #7653, #226 ) ;
#4925 = FACE_BOUND ( 'NONE', #9202, .T. ) ;
#4926 = CARTESIAN_POINT ( 'NONE',  ( 2.296730066445470175, -0.2739725045726019714, -0.9282771156755869058 ) ) ;
#4927 = VERTEX_POINT ( 'NONE', #1123 ) ;
#4928 = DIRECTION ( 'NONE',  ( 0.000000000000000000, 0.000000000000000000, -1.000000000000000000 ) ) ;
#4929 = CIRCLE ( 'NONE', #7807, 0.4374999999999960587 ) ;
#4930 = CARTESIAN_POINT ( 'NONE',  ( 2.513492737973233027, -0.6031825010027623835, -0.7349999999999999867 ) ) ;
#4931 = EDGE_CURVE ( 'NONE', #6655, #4663, #6929, .T. ) ;
#4932 = CYLINDRICAL_SURFACE ( 'NONE', #4733, 0.5000000000000000000 ) ;
#4933 = VECTOR ( 'NONE', #845, 39.37007874015748143 ) ;
#4934 = EDGE_CURVE ( 'NONE', #690, #1804, #401, .T. ) ;
#4935 = EDGE_CURVE ( 'NONE', #3082, #510, #8823, .T. ) ;
#4936 = DIRECTION ( 'NONE',  ( 1.000000000000000000, 0.000000000000000000, 0.000000000000000000 ) ) ;
#4937 = DIRECTION ( 'NONE',  ( 0.000000000000000000, -1.000000000000000000, 0.000000000000000000 ) ) ;
#4938 = VERTEX_POINT ( 'NONE', #6644 ) ;
#4939 = DIRECTION ( 'NONE',  ( -0.000000000000000000, -0.000000000000000000, -1.000000000000000000 ) ) ;
#4940 = CARTESIAN_POINT ( 'NONE',  ( -1.667839780658682214, -0.2382494887205523215, 5.578266170116183356E-17 ) ) ;
#4941 = EDGE_LOOP ( 'NONE', ( #3522, #804, #4719, #2381 ) ) ;
#4942 = CARTESIAN_POINT ( 'NONE',  ( 2.212411556607433383, -0.4286817952310598701, -0.7947191470558555570 ) ) ;
#4943 = ORIENTED_EDGE ( 'NONE', *, *, #4546, .T. ) ;
#4944 = CARTESIAN_POINT ( 'NONE',  ( -2.453125000000024869, 0.2893790496476557617, -0.7898321067049647315 ) ) ;
#4945 = EDGE_CURVE ( 'NONE', #2854, #3820, #7303, .T. ) ;
#4946 = DIRECTION ( 'NONE',  ( -0.000000000000000000, -0.000000000000000000, -1.000000000000000000 ) ) ;
#4947 = AXIS2_PLACEMENT_3D ( 'NONE', #6695, #7443, #3080 ) ;
#4948 = LINE ( 'NONE', #1374, #4430 ) ;
#4949 = DIRECTION ( 'NONE',  ( 0.5000000000000038858, 0.8660254037844362651, 0.000000000000000000 ) ) ;
#4950 = ORIENTED_EDGE ( 'NONE', *, *, #9432, .T. ) ;
#4951 = ORIENTED_EDGE ( 'NONE', *, *, #8017, .T. ) ;
#4952 = ORIENTED_EDGE ( 'NONE', *, *, #4421, .F. ) ;
#4953 = LINE ( 'NONE', #1952, #424 ) ;
#4954 = VECTOR ( 'NONE', #4161, 39.37007874015748143 ) ;
#4955 = LINE ( 'NONE', #9191, #6193 ) ;
#4956 = EDGE_CURVE ( 'NONE', #1710, #4600, #6063, .T. ) ;
#4957 = DIRECTION ( 'NONE',  ( 0.5000000000000041078, 0.8660254037844362651, -0.000000000000000000 ) ) ;
#4958 = CARTESIAN_POINT ( 'NONE',  ( -1.654006350946105819, 0.03478902043912935477, -0.6999999999999999556 ) ) ;
#4959 = LINE ( 'NONE', #5052, #5301 ) ;
#4960 = ORIENTED_EDGE ( 'NONE', *, *, #2041, .T. ) ;
#4961 = FACE_OUTER_BOUND ( 'NONE', #6383, .T. ) ;
#4962 = ORIENTED_EDGE ( 'NONE', *, *, #3235, .T. ) ;
#4963 = LINE ( 'NONE', #7054, #2252 ) ;
#4964 = ORIENTED_EDGE ( 'NONE', *, *, #270, .F. ) ;
#4965 = DIRECTION ( 'NONE',  ( -0.000000000000000000, -1.000000000000000000, -0.000000000000000000 ) ) ;
#4966 = DIRECTION ( 'NONE',  ( -0.6560590289905091632, 0.000000000000000000, -0.7547095802227703487 ) ) ;
#4967 = CYLINDRICAL_SURFACE ( 'NONE', #35, 0.4374999999999960032 ) ;
#4968 = CARTESIAN_POINT ( 'NONE',  ( 2.558872638562463830, 0.05622084583890603338, 0.000000000000000000 ) ) ;
#4969 = CARTESIAN_POINT ( 'NONE',  ( 2.394958393773019889, 0.3442843293412073402, -0.5809213752633025640 ) ) ;
#4970 = ORIENTED_EDGE ( 'NONE', *, *, #6352, .F. ) ;
#4971 = CARTESIAN_POINT ( 'NONE',  ( 2.125000000000000000, 0.000000000000000000, -0.9499999999999999556 ) ) ;
#4972 = ORIENTED_EDGE ( 'NONE', *, *, #755, .T. ) ;
#4973 = DIRECTION ( 'NONE',  ( 0.000000000000000000, 0.000000000000000000, 1.000000000000000000 ) ) ;
#4974 = CIRCLE ( 'NONE', #4826, 0.04449999999999975503 ) ;
#4975 = CARTESIAN_POINT ( 'NONE',  ( 1.599839780658681709, -0.2382494887205523215, -0.2500000000000000555 ) ) ;
#4976 = CARTESIAN_POINT ( 'NONE',  ( 1.167433081593972632, -0.3012499999999982969, -0.2175000000000006095 ) ) ;
#4977 = CARTESIAN_POINT ( 'NONE',  ( 2.125000000000000000, 0.000000000000000000, -0.2500000000000000555 ) ) ;
#4978 = AXIS2_PLACEMENT_3D ( 'NONE', #7710, #7571, #6047 ) ;
#4979 = VERTEX_POINT ( 'NONE', #4508 ) ;
#4980 = EDGE_CURVE ( 'NONE', #5043, #5087, #2815, .T. ) ;
#4981 = VECTOR ( 'NONE', #4269, 39.37007874015748854 ) ;
#4982 = ORIENTED_EDGE ( 'NONE', *, *, #3545, .T. ) ;
#4983 = FACE_OUTER_BOUND ( 'NONE', #5077, .T. ) ;
#4984 = EDGE_CURVE ( 'NONE', #4867, #8311, #3747, .T. ) ;
#4985 = EDGE_CURVE ( 'NONE', #1515, #4465, #2307, .T. ) ;
#4986 = CARTESIAN_POINT ( 'NONE',  ( 1.780000755744757912, 0.0007221241659221596786, -0.9499999999999999556 ) ) ;
#4987 = CARTESIAN_POINT ( 'NONE',  ( 2.226581015650952899, -0.4255588971243284280, -0.8197202386689930176 ) ) ;
#4988 = ORIENTED_EDGE ( 'NONE', *, *, #6015, .F. ) ;
#4989 = AXIS2_PLACEMENT_3D ( 'NONE', #4275, #4457, #3644 ) ;
#4990 = DIRECTION ( 'NONE',  ( -1.000000000000000000, 0.000000000000000000, 0.000000000000000000 ) ) ;
#4991 = VECTOR ( 'NONE', #36, 39.37007874015748143 ) ;
#4992 = CARTESIAN_POINT ( 'NONE',  ( -2.376618649053890753, -0.3451796254713021539, -0.9499999999999999556 ) ) ;
#4993 = FACE_OUTER_BOUND ( 'NONE', #5121, .T. ) ;
#4994 = DIRECTION ( 'NONE',  ( 0.4999999999999918954, -0.8660254037844431485, -0.000000000000000000 ) ) ;
#4995 = ORIENTED_EDGE ( 'NONE', *, *, #7209, .F. ) ;
#4996 = VERTEX_POINT ( 'NONE', #4462 ) ;
#4997 = VECTOR ( 'NONE', #1674, 39.37007874015748143 ) ;
#4998 = ADVANCED_FACE ( 'NONE', ( #5919 ), #6787, .T. ) ;
#4999 = DIRECTION ( 'NONE',  ( 0.8660254037844660191, 0.4999999999999527045, 0.000000000000000000 ) ) ;
#5000 = ORIENTED_EDGE ( 'NONE', *, *, #6913, .T. ) ;
#5001 = VECTOR ( 'NONE', #118, 39.37007874015747433 ) ;
#5002 =( LENGTH_UNIT ( ) NAMED_UNIT ( * ) SI_UNIT ( $, .METRE. ) );
#5003 = AXIS2_PLACEMENT_3D ( 'NONE', #8814, #2298, #4590 ) ;
#5004 = DIRECTION ( 'NONE',  ( 0.7071067811865364705, -0.7071067811865586750, 0.000000000000000000 ) ) ;
#5005 = CARTESIAN_POINT ( 'NONE',  ( -1.956752361437507526, -0.4038551499215299323, 0.9499999999999999556 ) ) ;
#5006 =( CONVERSION_BASED_UNIT ( 'INCH', #2916 ) LENGTH_UNIT ( ) NAMED_UNIT ( #481 ) );
#5007 = VECTOR ( 'NONE', #1591, 39.37007874015748143 ) ;
#5008 = EDGE_LOOP ( 'NONE', ( #5290, #7314 ) ) ;
#5009 = EDGE_CURVE ( 'NONE', #6133, #4396, #4554, .T. ) ;
#5010 = CARTESIAN_POINT ( 'NONE',  ( 1.716506350946108261, -0.07346415503393140256, -0.6999999999999999556 ) ) ;
#5011 = VERTEX_POINT ( 'NONE', #7389 ) ;
#5012 = EDGE_CURVE ( 'NONE', #6145, #1407, #4597, .T. ) ;
#5013 = VECTOR ( 'NONE', #6086, 39.37007874015747433 ) ;
#5014 = LINE ( 'NONE', #6536, #5597 ) ;
#5015 = ORIENTED_EDGE ( 'NONE', *, *, #2139, .F. ) ;
#5016 = CARTESIAN_POINT ( 'NONE',  ( -2.265624999999998668, 0.2790714234295562646, -0.9499999999999999556 ) ) ;
#5017 = CARTESIAN_POINT ( 'NONE',  ( 2.546874999999995559, -0.5502869753213701642, 2.731847993664263218E-16 ) ) ;
#5018 = FACE_OUTER_BOUND ( 'NONE', #5166, .T. ) ;
#5019 = FACE_OUTER_BOUND ( 'NONE', #5129, .T. ) ;
#5020 = LENGTH_MEASURE_WITH_UNIT ( LENGTH_MEASURE( 0.02539999999999999897 ), #8055 );
#5021 = ORIENTED_EDGE ( 'NONE', *, *, #4265, .F. ) ;
#5022 = CARTESIAN_POINT ( 'NONE',  ( -1.351374999999987114, 5.449678256205691986E-18, -0.2500000000000000555 ) ) ;
#5023 = EDGE_LOOP ( 'NONE', ( #6552, #3931, #5808, #6617 ) ) ;
#5024 = CARTESIAN_POINT ( 'NONE',  ( 0.9376234198628758953, 0.2687499999999986011, -0.4015748031496063630 ) ) ;
#5025 = ORIENTED_EDGE ( 'NONE', *, *, #3391, .T. ) ;
#5026 = CARTESIAN_POINT ( 'NONE',  ( -1.984375000000021094, 0.3904979548822726798, -0.9174999999999992051 ) ) ;
#5027 = CARTESIAN_POINT ( 'NONE',  ( -2.298124999999991314, 0.2984170477285114087, -0.9499999999999999556 ) ) ;
#5028 = ORIENTED_EDGE ( 'NONE', *, *, #522, .F. ) ;
#5029 = VECTOR ( 'NONE', #3854, 39.37007874015748143 ) ;
#5030 = ORIENTED_EDGE ( 'NONE', *, *, #1622, .T. ) ;
#5031 = DIRECTION ( 'NONE',  ( 0.000000000000000000, -0.000000000000000000, -1.000000000000000000 ) ) ;
#5032 = DIRECTION ( 'NONE',  ( -0.4999999999999918954, -0.8660254037844431485, -0.000000000000000000 ) ) ;
#5033 = ORIENTED_EDGE ( 'NONE', *, *, #5478, .T. ) ;
#5034 = AXIS2_PLACEMENT_3D ( 'NONE', #5308, #2553, #5451 ) ;
#5035 = ORIENTED_EDGE ( 'NONE', *, *, #6767, .F. ) ;
#5036 = CARTESIAN_POINT ( 'NONE',  ( 1.953629557839697384, -0.2613205341219492217, -0.2572107205775365224 ) ) ;
#5037 = DIRECTION ( 'NONE',  ( 1.000000000000000000, 0.000000000000000000, 0.000000000000000000 ) ) ;
#5038 = ADVANCED_FACE ( 'NONE', ( #3798 ), #5844, .T. ) ;
#5039 = ADVANCED_FACE ( 'NONE', ( #2981 ), #5249, .T. ) ;
#5040 = CARTESIAN_POINT ( 'NONE',  ( 2.301370442160278973, -0.2526602800841205587, -0.2599999999999999534 ) ) ;
#5041 = DIRECTION ( 'NONE',  ( 8.208687653317557480E-14, -1.000000000000000000, 0.000000000000000000 ) ) ;
#5042 = ORIENTED_EDGE ( 'NONE', *, *, #1852, .F. ) ;
#5043 = VERTEX_POINT ( 'NONE', #2450 ) ;
#5044 = B_SPLINE_CURVE_WITH_KNOTS ( 'NONE', 3,
 ( #4666, #7560, #3237, #7698, #3148, #2571 ),
 .UNSPECIFIED., .F., .F.,
 ( 4, 2, 4 ),
 ( 1.084202172485504434E-19, 0.0002093745834697632185, 0.0004187491669395262202 ),
 .UNSPECIFIED. ) ;
#5045 = PLANE ( 'NONE',  #9405 ) ;
#5046 = EDGE_LOOP ( 'NONE', ( #7439, #4549, #6590, #6468 ) ) ;
#5047 = EDGE_CURVE ( 'NONE', #6791, #8832, #5868, .T. ) ;
#5048 = CARTESIAN_POINT ( 'NONE',  ( -1.528145825622992282, -0.1822141550339287097, -0.6999999999999999556 ) ) ;
#5049 = CARTESIAN_POINT ( 'NONE',  ( -2.330368649053886632, -0.4252869753213685544, -0.9499999999999999556 ) ) ;
#5050 = CARTESIAN_POINT ( 'NONE',  ( -2.435001876923102770, 0.3087421168615365752, -0.3708185898269266700 ) ) ;
#5051 = ADVANCED_FACE ( 'NONE', ( #6739 ), #246, .F. ) ;
#5052 = CARTESIAN_POINT ( 'NONE',  ( -1.951875000000012683, 0.6404979548822650193, -0.2500000000000000555 ) ) ;
#5053 = EDGE_CURVE ( 'NONE', #3808, #5386, #964, .T. ) ;
#5054 = CARTESIAN_POINT ( 'NONE',  ( 2.721854174377007496, -0.1822141550339411165, -0.6999999999999999556 ) ) ;
#5055 = ORIENTED_EDGE ( 'NONE', *, *, #3967, .T. ) ;
#5056 = DIRECTION ( 'NONE',  ( 0.4999999999999834577, -0.8660254037844482555, -1.024442997624103667E-14 ) ) ;
#5057 = VERTEX_POINT ( 'NONE', #783 ) ;
#5058 = LINE ( 'NONE', #2013, #5269 ) ;
#5059 = CARTESIAN_POINT ( 'NONE',  ( -2.125000000000000000, 0.000000000000000000, 0.000000000000000000 ) ) ;
#5060 = CARTESIAN_POINT ( 'NONE',  ( -2.459125952298427009, -0.005570755751948403868, -0.9391135601497714314 ) ) ;
#5061 = DIRECTION ( 'NONE',  ( 0.000000000000000000, 0.000000000000000000, 1.000000000000000000 ) ) ;
#5062 = EDGE_CURVE ( 'NONE', #6079, #7064, #3429, .T. ) ;
#5063 = CARTESIAN_POINT ( 'NONE',  ( 1.648089780658681835, -0.2382494887205523215, 0.000000000000000000 ) ) ;
#5064 = ORIENTED_EDGE ( 'NONE', *, *, #7312, .F. ) ;
#5065 = AXIS2_PLACEMENT_3D ( 'NONE', #9394, #8719, #864 ) ;
#5066 = CARTESIAN_POINT ( 'NONE',  ( -1.716506350946108261, -0.07346415503393140256, -0.6999999999999999556 ) ) ;
#5067 = EDGE_LOOP ( 'NONE', ( #2316, #9272, #8913, #2035 ) ) ;
#5068 = DIRECTION ( 'NONE',  ( 0.000000000000000000, 0.000000000000000000, 1.000000000000000000 ) ) ;
#5069 = AXIS2_PLACEMENT_3D ( 'NONE', #3983, #3261, #5391 ) ;
#5070 = LINE ( 'NONE', #1542, #4133 ) ;
#5071 = EDGE_CURVE ( 'NONE', #3026, #3734, #8013, .T. ) ;
#5072 = DIRECTION ( 'NONE',  ( 0.000000000000000000, 0.000000000000000000, -1.000000000000000000 ) ) ;
#5073 = EDGE_CURVE ( 'NONE', #4465, #7581, #7343, .T. ) ;
#5074 = SURFACE_SIDE_STYLE ('',( #162 ) ) ;
#5075 = VERTEX_POINT ( 'NONE', #6148 ) ;
#5076 = VECTOR ( 'NONE', #1796, 39.37007874015747433 ) ;
#5077 = EDGE_LOOP ( 'NONE', ( #3051, #2511, #4466, #8752 ) ) ;
#5078 = FACE_OUTER_BOUND ( 'NONE', #3167, .T. ) ;
#5079 = DIRECTION ( 'NONE',  ( 0.000000000000000000, 0.000000000000000000, 1.000000000000000000 ) ) ;
#5080 = ORIENTED_EDGE ( 'NONE', *, *, #320, .T. ) ;
#5081 = ORIENTED_EDGE ( 'NONE', *, *, #4505, .F. ) ;
#5082 = DIRECTION ( 'NONE',  ( 0.4999999999999923950, 0.8660254037844430375, -0.000000000000000000 ) ) ;
#5083 = CARTESIAN_POINT ( 'NONE',  ( 2.298124999999999307, 0.6404979548822425928, -0.9499999999999999556 ) ) ;
#5084 = CARTESIAN_POINT ( 'NONE',  ( -2.390625000000005329, 0.3476343040825998765, -0.6272455802306264872 ) ) ;
#5085 = VECTOR ( 'NONE', #5893, 39.37007874015748143 ) ;
#5086 = DIRECTION ( 'NONE',  ( 1.000000000000000000, 0.000000000000000000, 0.000000000000000000 ) ) ;
#5087 = VERTEX_POINT ( 'NONE', #1058 ) ;
#5088 = CARTESIAN_POINT ( 'NONE',  ( 1.635624999999971241, -0.4333735458104719385, -0.2174999999999991107 ) ) ;
#5089 = ORIENTED_EDGE ( 'NONE', *, *, #7542, .T. ) ;
#5090 = CIRCLE ( 'NONE', #67, 0.4374999999999959477 ) ;
#5091 = VECTOR ( 'NONE', #219, 39.37007874015748854 ) ;
#5092 = DIRECTION ( 'NONE',  ( 0.000000000000000000, 0.000000000000000000, -1.000000000000000000 ) ) ;
#5093 = CARTESIAN_POINT ( 'NONE',  ( 2.614374999999999449, -0.4333735458104659433, -0.2175000000000010258 ) ) ;
#5094 = DIRECTION ( 'NONE',  ( 0.000000000000000000, 0.000000000000000000, -1.000000000000000000 ) ) ;
#5095 = DIRECTION ( 'NONE',  ( 0.000000000000000000, 0.000000000000000000, -1.000000000000000000 ) ) ;
#5096 = EDGE_LOOP ( 'NONE', ( #4069, #9051, #4857, #8897, #2639, #1950, #1450, #1987, #3815 ) ) ;
#5097 = EDGE_CURVE ( 'NONE', #896, #7964, #6438, .T. ) ;
#5098 = CARTESIAN_POINT ( 'NONE',  ( -1.859375000000002665, 0.6404979548822695712, 0.2500000000000000555 ) ) ;
#5099 = EDGE_CURVE ( 'NONE', #3820, #4301, #7825, .T. ) ;
#5100 = EDGE_CURVE ( 'NONE', #1678, #464, #7580, .T. ) ;
#5101 = DIRECTION ( 'NONE',  ( 0.8660254037844135055, -0.5000000000000432987, 0.000000000000000000 ) ) ;
#5102 = VERTEX_POINT ( 'NONE', #1865 ) ;
#5103 = CARTESIAN_POINT ( 'NONE',  ( 1.242624999999987878, 0.000000000000000000, -0.2500000000000000555 ) ) ;
#5104 = CARTESIAN_POINT ( 'NONE',  ( -2.558872638562463830, 0.05622084583890603338, 0.2500000000000000555 ) ) ;
#5105 = LINE ( 'NONE', #8096, #435 ) ;
#5106 = DIRECTION ( 'NONE',  ( 0.000000000000000000, 0.000000000000000000, -1.000000000000000000 ) ) ;
#5107 = DIRECTION ( 'NONE',  ( -0.4999999999999903966, -0.8660254037844442587, 0.000000000000000000 ) ) ;
#5108 = ORIENTED_EDGE ( 'NONE', *, *, #6628, .T. ) ;
#5109 = DIRECTION ( 'NONE',  ( -0.8660254037844354880, -0.5000000000000056621, -1.584471836325272075E-14 ) ) ;
#5110 = ORIENTED_EDGE ( 'NONE', *, *, #5508, .T. ) ;
#5111 = ADVANCED_FACE ( 'NONE', ( #8383, #9005 ), #2492, .F. ) ;
#5112 = CARTESIAN_POINT ( 'NONE',  ( 1.706609629415210660, 0.1279211385137469792, -0.3838303734341185214 ) ) ;
#5113 = DIRECTION ( 'NONE',  ( -0.000000000000000000, -0.000000000000000000, -1.000000000000000000 ) ) ;
#5114 = CARTESIAN_POINT ( 'NONE',  ( 2.125000000000000000, 0.4764989774411177437, -0.2500000000000000555 ) ) ;
#5115 = EDGE_LOOP ( 'NONE', ( #6180, #9159, #1602, #2093, #2872, #4578 ) ) ;
#5116 = ORIENTED_EDGE ( 'NONE', *, *, #2962, .F. ) ;
#5117 = CARTESIAN_POINT ( 'NONE',  ( -0.5324999999999969758, -0.3012499999999982969, 0.000000000000000000 ) ) ;
#5118 = EDGE_CURVE ( 'NONE', #7974, #2993, #9099, .T. ) ;
#5119 = LINE ( 'NONE', #7350, #2850 ) ;
#5120 = ORIENTED_EDGE ( 'NONE', *, *, #1089, .T. ) ;
#5121 = EDGE_LOOP ( 'NONE', ( #3053, #6003, #6028, #5266 ) ) ;
#5122 = CARTESIAN_POINT ( 'NONE',  ( 2.125000000000000000, 0.000000000000000000, -0.9499999999999999556 ) ) ;
#5123 = CIRCLE ( 'NONE', #2239, 0.01000000000000002970 ) ;
#5124 = FACE_OUTER_BOUND ( 'NONE', #4613, .T. ) ;
#5125 = AXIS2_PLACEMENT_3D ( 'NONE', #6511, #3043, #2360 ) ;
#5126 = DIRECTION ( 'NONE',  ( -0.000000000000000000, -1.000000000000000000, -0.000000000000000000 ) ) ;
#5127 = PLANE ( 'NONE',  #6607 ) ;
#5128 = ORIENTED_EDGE ( 'NONE', *, *, #3370, .T. ) ;
#5129 = EDGE_LOOP ( 'NONE', ( #1441, #7184, #8624, #2801, #734, #8238, #3303, #8288, #1268, #4740, #8114, #6024, #5268, #1762 ) ) ;
#5130 = LINE ( 'NONE', #8165, #6969 ) ;
#5131 = ORIENTED_EDGE ( 'NONE', *, *, #7261, .T. ) ;
#5132 = AXIS2_PLACEMENT_3D ( 'NONE', #4365, #7336, #5106 ) ;
#5133 = CONICAL_SURFACE ( 'NONE', #8927, 0.2175000000000008593, 0.7853981633974506105 ) ;
#5134 = AXIS2_PLACEMENT_3D ( 'NONE', #5373, #1711, #6858 ) ;
#5135 = CARTESIAN_POINT ( 'NONE',  ( 2.390625000000005773, 0.6404979548822425928, -0.9499999999999999556 ) ) ;
#5136 = CARTESIAN_POINT ( 'NONE',  ( -1.984375000000010880, 0.6079979548822715962, -0.9499999999999999556 ) ) ;
#5137 = LINE ( 'NONE', #7417, #7884 ) ;
#5138 = DIRECTION ( 'NONE',  ( 0.6123724356957955806, 0.3535533905932777832, -0.7071067811865444641 ) ) ;
#5139 = CIRCLE ( 'NONE', #2716, 0.2824999999999992517 ) ;
#5140 = CONICAL_SURFACE ( 'NONE', #579, 0.2175000000000007483, 0.7853981633974492782 ) ;
#5141 = LINE ( 'NONE', #7468, #225 ) ;
#5142 = CARTESIAN_POINT ( 'NONE',  ( 2.453125000000005329, 0.6256043137924175435, -0.7849999999999999201 ) ) ;
#5143 = LINE ( 'NONE', #4360, #114 ) ;
#5144 = VECTOR ( 'NONE', #7622, 39.37007874015748143 ) ;
#5145 = EDGE_LOOP ( 'NONE', ( #7001, #7607, #2176, #4853 ) ) ;
#5146 = VECTOR ( 'NONE', #7851, 39.37007874015748854 ) ;
#5147 = DIRECTION ( 'NONE',  ( -0.8660254037844431485, 0.4999999999999918954, 0.000000000000000000 ) ) ;
#5148 = DIRECTION ( 'NONE',  ( 0.000000000000000000, 0.000000000000000000, 1.000000000000000000 ) ) ;
#5149 = CIRCLE ( 'NONE', #6673, 0.3124999999999972800 ) ;
#5150 = LINE ( 'NONE', #3020, #5758 ) ;
#5151 = CARTESIAN_POINT ( 'NONE',  ( 2.537660219341328460, -0.2382494887205698075, -0.1944947243515863511 ) ) ;
#5152 = ADVANCED_FACE ( 'NONE', ( #4684 ), #3298, .F. ) ;
#5153 = ORIENTED_EDGE ( 'NONE', *, *, #1024, .F. ) ;
#5154 = EDGE_CURVE ( 'NONE', #4745, #5381, #1098, .T. ) ;
#5155 = EDGE_CURVE ( 'NONE', #4346, #6194, #6155, .T. ) ;
#5156 = AXIS2_PLACEMENT_3D ( 'NONE', #5231, #3104, #8043 ) ;
#5157 = CARTESIAN_POINT ( 'NONE',  ( -2.390625000000005773, 0.5923487661265872672, -0.8474999999999995870 ) ) ;
#5158 = ORIENTED_EDGE ( 'NONE', *, *, #8545, .F. ) ;
#5159 = VECTOR ( 'NONE', #8871, 39.37007874015748143 ) ;
#5160 = LINE ( 'NONE', #6643, #8622 ) ;
#5161 = DIRECTION ( 'NONE',  ( 0.000000000000000000, 0.7071067811865537900, 0.7071067811865411334 ) ) ;
#5162 = CARTESIAN_POINT ( 'NONE',  ( 2.125000000000000000, 0.4764989774411177437, -0.2500000000000000555 ) ) ;
#5163 = ADVANCED_FACE ( 'NONE', ( #432 ), #4820, .T. ) ;
#5164 = ORIENTED_EDGE ( 'NONE', *, *, #3324, .T. ) ;
#5165 = ADVANCED_FACE ( 'NONE', ( #3216 ), #6105, .F. ) ;
#5166 = EDGE_LOOP ( 'NONE', ( #8465, #1064, #632, #6018, #1595, #8701, #4361, #473, #5293, #5549, #4972, #8632 ) ) ;
#5167 = LINE ( 'NONE', #6556, #7738 ) ;
#5168 = AXIS2_PLACEMENT_3D ( 'NONE', #8412, #6810, #367 ) ;
#5169 = CARTESIAN_POINT ( 'NONE',  ( 1.578107319008671183, -0.2687499999999988232, -0.2500000000000000000 ) ) ;
#5170 = ORIENTED_EDGE ( 'NONE', *, *, #2908, .F. ) ;
#5171 = ORIENTED_EDGE ( 'NONE', *, *, #8469, .T. ) ;
#5172 = DIRECTION ( 'NONE',  ( 0.000000000000000000, 0.000000000000000000, -1.000000000000000000 ) ) ;
#5173 = DIRECTION ( 'NONE',  ( 0.000000000000000000, 0.000000000000000000, -1.000000000000000000 ) ) ;
#5174 = VECTOR ( 'NONE', #8655, 39.37007874015748143 ) ;
#5175 = EDGE_CURVE ( 'NONE', #3468, #6220, #3128, .T. ) ;
#5176 = CARTESIAN_POINT ( 'NONE',  ( 2.750000000000022649, -0.1984641550339512339, -0.2599999999999999534 ) ) ;
#5177 = EDGE_CURVE ( 'NONE', #7624, #4117, #3281, .T. ) ;
#5178 = DIRECTION ( 'NONE',  ( -0.8660254037844348218, -0.5000000000000066613, -0.000000000000000000 ) ) ;
#5179 = ORIENTED_EDGE ( 'NONE', *, *, #1791, .F. ) ;
#5180 = ORIENTED_EDGE ( 'NONE', *, *, #7502, .F. ) ;
#5181 = CARTESIAN_POINT ( 'NONE',  ( -2.237377577958721275, -0.4228405590670331060, -0.3708185898269264480 ) ) ;
#5182 = ORIENTED_EDGE ( 'NONE', *, *, #3475, .F. ) ;
#5183 = VECTOR ( 'NONE', #2790, 39.37007874015748143 ) ;
#5184 = DIRECTION ( 'NONE',  ( -0.4999999999999918954, -0.8660254037844431485, -0.000000000000000000 ) ) ;
#5185 = CIRCLE ( 'NONE', #1536, 0.04250000000000063449 ) ;
#5186 = DIRECTION ( 'NONE',  ( -0.000000000000000000, -0.000000000000000000, 1.000000000000000000 ) ) ;
#5187 = DIRECTION ( 'NONE',  ( 0.000000000000000000, -0.000000000000000000, -1.000000000000000000 ) ) ;
#5188 = CARTESIAN_POINT ( 'NONE',  ( 0.000000000000000000, 0.000000000000000000, 0.000000000000000000 ) ) ;
#5189 = EDGE_CURVE ( 'NONE', #6618, #8162, #4266, .T. ) ;
#5190 = EDGE_CURVE ( 'NONE', #7917, #5717, #2681, .T. ) ;
#5191 = CARTESIAN_POINT ( 'NONE',  ( -2.390625000000005773, 0.3476343040825996544, -0.8474999999999995870 ) ) ;
#5192 = VERTEX_POINT ( 'NONE', #6440 ) ;
#5193 = LINE ( 'NONE', #8091, #1954 ) ;
#5194 = LINE ( 'NONE', #771, #6658 ) ;
#5195 = VERTEX_POINT ( 'NONE', #5623 ) ;
#5196 = LINE ( 'NONE', #912, #1623 ) ;
#5197 = DIRECTION ( 'NONE',  ( -0.8660254037844431485, 0.4999999999999918954, 0.000000000000000000 ) ) ;
#5198 = DIRECTION ( 'NONE',  ( -0.000000000000000000, -0.000000000000000000, 1.000000000000000000 ) ) ;
#5199 = CARTESIAN_POINT ( 'NONE',  ( -1.756839780658681516, -0.2382494887205523215, 0.000000000000000000 ) ) ;
#5200 = ORIENTED_EDGE ( 'NONE', *, *, #4278, .F. ) ;
#5201 = DIRECTION ( 'NONE',  ( -1.092739197465715345E-15, -1.892679809432638867E-15, -1.000000000000000000 ) ) ;
#5202 = ORIENTED_EDGE ( 'NONE', *, *, #7708, .T. ) ;
#5203 = CARTESIAN_POINT ( 'NONE',  ( 1.699542257703421821, 0.1022662857439728679, -0.3630944694227262737 ) ) ;
#5204 = DIRECTION ( 'NONE',  ( 1.000000000000000000, 0.000000000000000000, 0.000000000000000000 ) ) ;
#5205 = DIRECTION ( 'NONE',  ( -1.000000000000000000, 0.000000000000000000, 0.000000000000000000 ) ) ;
#5206 = CARTESIAN_POINT ( 'NONE',  ( -2.255625000000001990, 0.6404979548822493651, -0.2175000000000000266 ) ) ;
#5207 = ORIENTED_EDGE ( 'NONE', *, *, #5012, .F. ) ;
#5208 = ORIENTED_EDGE ( 'NONE', *, *, #6137, .F. ) ;
#5209 = CARTESIAN_POINT ( 'NONE',  ( 1.859375000000030198, 0.4058214234295524081, -0.5357500000000000595 ) ) ;
#5210 = EDGE_CURVE ( 'NONE', #6727, #5982, #2009, .T. ) ;
#5211 = CONICAL_SURFACE ( 'NONE', #951, 0.04250000000000101613, 0.7853981633974472798 ) ;
#5212 = LINE ( 'NONE', #2941, #8332 ) ;
#5213 = ORIENTED_EDGE ( 'NONE', *, *, #1572, .T. ) ;
#5214 = EDGE_CURVE ( 'NONE', #6422, #5253, #1300, .T. ) ;
#5215 = ADVANCED_FACE ( 'NONE', ( #1293 ), #1598, .F. ) ;
#5216 = ORIENTED_EDGE ( 'NONE', *, *, #4070, .T. ) ;
#5217 = DIRECTION ( 'NONE',  ( 0.5000000000000041078, 0.8660254037844362651, 0.000000000000000000 ) ) ;
#5218 = CARTESIAN_POINT ( 'NONE',  ( 1.710044896886266708, 0.1386402690091525780, -0.7947191470558554460 ) ) ;
#5219 = AXIS2_PLACEMENT_3D ( 'NONE', #3628, #2287, #5092 ) ;
#5220 = FACE_OUTER_BOUND ( 'NONE', #7093, .T. ) ;
#5221 = ORIENTED_EDGE ( 'NONE', *, *, #6804, .T. ) ;
#5222 = ORIENTED_EDGE ( 'NONE', *, *, #5214, .F. ) ;
#5223 = CARTESIAN_POINT ( 'NONE',  ( -1.306874999999987574, 0.000000000000000000, -0.2500000000000000555 ) ) ;
#5224 = ORIENTED_EDGE ( 'NONE', *, *, #8414, .F. ) ;
#5225 = CARTESIAN_POINT ( 'NONE',  ( -2.293247638562451396, -0.4038551499215468632, -0.3525000000000004241 ) ) ;
#5226 = ORIENTED_EDGE ( 'NONE', *, *, #2606, .T. ) ;
#5227 = VECTOR ( 'NONE', #3667, 39.37007874015748143 ) ;
#5228 = ADVANCED_FACE ( 'NONE', ( #4961 ), #8574, .F. ) ;
#5229 =( NAMED_UNIT ( * ) SI_UNIT ( $, .STERADIAN. ) SOLID_ANGLE_UNIT ( ) );
#5230 = CIRCLE ( 'NONE', #681, 0.06425000000000000155 ) ;
#5231 = CARTESIAN_POINT ( 'NONE',  ( -2.537660219341328460, -0.2382494887205698075, 5.578266170116183356E-17 ) ) ;
#5232 = ORIENTED_EDGE ( 'NONE', *, *, #4137, .T. ) ;
#5233 = CARTESIAN_POINT ( 'NONE',  ( -1.306874999999987574, 0.000000000000000000, -0.2500000000000000555 ) ) ;
#5234 = VERTEX_POINT ( 'NONE', #3542 ) ;
#5235 = DIRECTION ( 'NONE',  ( -0.8660254037844140607, -0.5000000000000426326, 0.000000000000000000 ) ) ;
#5236 = ORIENTED_EDGE ( 'NONE', *, *, #6090, .T. ) ;
#5237 = VECTOR ( 'NONE', #3371, 39.37007874015747433 ) ;
#5238 = VECTOR ( 'NONE', #2399, 39.37007874015748143 ) ;
#5239 = EDGE_CURVE ( 'NONE', #5764, #7528, #1388, .T. ) ;
#5240 = ORIENTED_EDGE ( 'NONE', *, *, #8846, .T. ) ;
#5241 = DIRECTION ( 'NONE',  ( -3.023406148612404573E-15, -1.000000000000000000, 0.000000000000000000 ) ) ;
#5242 = DIRECTION ( 'NONE',  ( -0.5000000000000038858, 0.8660254037844363761, 0.000000000000000000 ) ) ;
#5243 = LINE ( 'NONE', #5199, #8789 ) ;
#5244 = ORIENTED_EDGE ( 'NONE', *, *, #1343, .F. ) ;
#5245 = VECTOR ( 'NONE', #9294, 39.37007874015748854 ) ;
#5246 = CARTESIAN_POINT ( 'NONE',  ( -2.453125000000005329, 0.6226218398590324110, -0.7932493951414452127 ) ) ;
#5247 = ORIENTED_EDGE ( 'NONE', *, *, #3083, .F. ) ;
#5248 = CYLINDRICAL_SURFACE ( 'NONE', #7716, 0.06249999999999967387 ) ;
#5249 = CYLINDRICAL_SURFACE ( 'NONE', #8739, 0.2500000000000001665 ) ;
#5250 = CARTESIAN_POINT ( 'NONE',  ( 2.060750000000000082, 0.4764989774411177437, -0.2500000000000000555 ) ) ;
#5251 = LINE ( 'NONE', #8969, #4592 ) ;
#5252 = ORIENTED_EDGE ( 'NONE', *, *, #9225, .F. ) ;
#5253 = VERTEX_POINT ( 'NONE', #7192 ) ;
#5254 = VERTEX_POINT ( 'NONE', #5054 ) ;
#5255 = CARTESIAN_POINT ( 'NONE',  ( -0.8325000000000002398, 0.1762500000000011557, 0.000000000000000000 ) ) ;
#5256 = DIRECTION ( 'NONE',  ( -7.249756350802272209E-14, 1.000000000000000000, 0.000000000000000000 ) ) ;
#5257 = ORIENTED_EDGE ( 'NONE', *, *, #156, .F. ) ;
#5258 = DIRECTION ( 'NONE',  ( 1.000000000000000000, 0.000000000000000000, 0.000000000000000000 ) ) ;
#5259 = DIRECTION ( 'NONE',  ( -0.8660254037844348218, -0.5000000000000067724, 0.000000000000000000 ) ) ;
#5260 = EDGE_CURVE ( 'NONE', #6122, #2301, #6296, .T. ) ;
#5261 = CARTESIAN_POINT ( 'NONE',  ( -2.265625000000000000, 0.6079979548822475044, -0.5357500000000000595 ) ) ;
#5262 = EDGE_CURVE ( 'NONE', #3591, #598, #75, .T. ) ;
#5263 = VERTEX_POINT ( 'NONE', #8478 ) ;
#5264 = EDGE_CURVE ( 'NONE', #8162, #3130, #7830, .T. ) ;
#5265 = DIRECTION ( 'NONE',  ( 0.8660254037844348218, 0.5000000000000066613, 0.000000000000000000 ) ) ;
#5266 = ORIENTED_EDGE ( 'NONE', *, *, #710, .F. ) ;
#5267 = DIRECTION ( 'NONE',  ( 1.000000000000000000, -8.881784197001249365E-16, 0.000000000000000000 ) ) ;
#5268 = ORIENTED_EDGE ( 'NONE', *, *, #2200, .F. ) ;
#5269 = VECTOR ( 'NONE', #1972, 39.37007874015748143 ) ;
#5270 = CARTESIAN_POINT ( 'NONE',  ( 2.425200201892211638, -0.4800379978802461478, -0.5999999999999999778 ) ) ;
#5271 = AXIS2_PLACEMENT_3D ( 'NONE', #838, #792, #9418 ) ;
#5272 = CARTESIAN_POINT ( 'NONE',  ( 0.000000000000000000, 0.3012499999999982969, 0.000000000000000000 ) ) ;
#5273 = LINE ( 'NONE', #4447, #1354 ) ;
#5274 = EDGE_CURVE ( 'NONE', #4732, #4927, #7150, .T. ) ;
#5275 = AXIS2_PLACEMENT_3D ( 'NONE', #1286, #6482, #9289 ) ;
#5276 = CARTESIAN_POINT ( 'NONE',  ( 1.984375000000021094, 0.3904979548822709035, -0.6999999999999999556 ) ) ;
#5277 = ORIENTED_EDGE ( 'NONE', *, *, #6211, .T. ) ;
#5278 = ORIENTED_EDGE ( 'NONE', *, *, #6039, .T. ) ;
#5279 = VECTOR ( 'NONE', #5295, 39.37007874015748854 ) ;
#5280 = FACE_OUTER_BOUND ( 'NONE', #2740, .T. ) ;
#5281 = DIRECTION ( 'NONE',  ( 0.000000000000000000, 0.000000000000000000, -1.000000000000000000 ) ) ;
#5282 = LINE ( 'NONE', #2969, #402 ) ;
#5283 = CARTESIAN_POINT ( 'NONE',  ( -1.984375000000010880, 0.6079979548822714852, -0.9499999999999999556 ) ) ;
#5284 = PLANE ( 'NONE',  #3487 ) ;
#5285 = CARTESIAN_POINT ( 'NONE',  ( 0.000000000000000000, -0.3012499999999982969, 0.000000000000000000 ) ) ;
#5286 = CIRCLE ( 'NONE', #7113, 1.020000000000000018 ) ;
#5287 = EDGE_CURVE ( 'NONE', #6790, #4850, #2821, .T. ) ;
#5288 = VECTOR ( 'NONE', #3637, 39.37007874015748854 ) ;
#5289 = CIRCLE ( 'NONE', #2106, 0.06424999999999998768 ) ;
#5290 = ORIENTED_EDGE ( 'NONE', *, *, #8998, .F. ) ;
#5291 = EDGE_CURVE ( 'NONE', #8552, #8275, #4178, .T. ) ;
#5292 = CARTESIAN_POINT ( 'NONE',  ( -2.395021441835284204, 0.5923487661265872672, -0.8474999999999998090 ) ) ;
#5293 = ORIENTED_EDGE ( 'NONE', *, *, #8774, .T. ) ;
#5294 = AXIS2_PLACEMENT_3D ( 'NONE', #5151, #7295, #776 ) ;
#5295 = DIRECTION ( 'NONE',  ( -0.6123724356957922499, 0.3535533905932735643, -0.7071067811865493491 ) ) ;
#5296 = DIRECTION ( 'NONE',  ( -0.000000000000000000, -1.000000000000000000, 0.000000000000000000 ) ) ;
#5297 = LINE ( 'NONE', #3305, #1415 ) ;
#5298 = VECTOR ( 'NONE', #9384, 39.37007874015748143 ) ;
#5299 = CARTESIAN_POINT ( 'NONE',  ( -1.712339780658681754, -0.2382494887205523215, -0.2500000000000000555 ) ) ;
#5300 = ORIENTED_EDGE ( 'NONE', *, *, #3513, .T. ) ;
#5301 = VECTOR ( 'NONE', #7949, 39.37007874015748143 ) ;
#5302 = VERTEX_POINT ( 'NONE', #9198 ) ;
#5303 = VECTOR ( 'NONE', #5695, 39.37007874015748143 ) ;
#5304 = DIRECTION ( 'NONE',  ( 0.000000000000000000, 0.000000000000000000, 1.000000000000000000 ) ) ;
#5305 = CARTESIAN_POINT ( 'NONE',  ( 0.000000000000000000, 0.2312500000000110301, 0.000000000000000000 ) ) ;
#5306 = ORIENTED_EDGE ( 'NONE', *, *, #2895, .F. ) ;
#5307 = ORIENTED_EDGE ( 'NONE', *, *, #3319, .F. ) ;
#5308 = CARTESIAN_POINT ( 'NONE',  ( 2.515624999999995559, -0.6044135630578968410, -0.4650000000000000799 ) ) ;
#5309 = CARTESIAN_POINT ( 'NONE',  ( 2.296370442160278635, -0.2613205341219648759, -0.2599999999999999534 ) ) ;
#5310 = CARTESIAN_POINT ( 'NONE',  ( 1.242624999999987656, 0.000000000000000000, -0.1944947243515863511 ) ) ;
#5311 = AXIS2_PLACEMENT_3D ( 'NONE', #7936, #1416, #1998 ) ;
#5312 = EDGE_LOOP ( 'NONE', ( #2763, #884, #4041, #2507 ) ) ;
#5313 = VERTEX_POINT ( 'NONE', #2107 ) ;
#5314 = FILL_AREA_STYLE_COLOUR ( '', #3876 ) ;
#5315 = EDGE_LOOP ( 'NONE', ( #636, #5222 ) ) ;
#5316 = CARTESIAN_POINT ( 'NONE',  ( -1.969879557839699702, -0.2894663597449435577, -0.9499999999999999556 ) ) ;
#5317 = ORIENTED_EDGE ( 'NONE', *, *, #5795, .F. ) ;
#5318 = EDGE_CURVE ( 'NONE', #3223, #7844, #6782, .T. ) ;
#5319 = AXIS2_PLACEMENT_3D ( 'NONE', #8209, #6120, #2513 ) ;
#5320 = EDGE_CURVE ( 'NONE', #1082, #3776, #7906, .T. ) ;
#5321 = LINE ( 'NONE', #8220, #671 ) ;
#5322 = SURFACE_STYLE_USAGE ( .BOTH. , #900 ) ;
#5323 = DIRECTION ( 'NONE',  ( 0.5000000000000068834, 0.8660254037844347108, 0.000000000000000000 ) ) ;
#5324 = CARTESIAN_POINT ( 'NONE',  ( -2.276402115675585147, 0.2857088524216684911, -0.9282771156755870168 ) ) ;
#5325 = CARTESIAN_POINT ( 'NONE',  ( 1.437499999999995337, -0.09021097956086834846, -0.4150000000000000910 ) ) ;
#5326 = EDGE_LOOP ( 'NONE', ( #840, #5968, #9040, #3323, #675 ) ) ;
#5327 = ORIENTED_EDGE ( 'NONE', *, *, #5334, .T. ) ;
#5328 = AXIS2_PLACEMENT_3D ( 'NONE', #4691, #8245, #1728 ) ;
#5329 = DIRECTION ( 'NONE',  ( -0.5000000000000041078, 0.8660254037844362651, 0.000000000000000000 ) ) ;
#5330 = ORIENTED_EDGE ( 'NONE', *, *, #1842, .F. ) ;
#5331 = EDGE_CURVE ( 'NONE', #258, #2012, #8286, .T. ) ;
#5332 = DIRECTION ( 'NONE',  ( 0.2588190451024698358, 0.9659258262890819680, 0.000000000000000000 ) ) ;
#5333 = EDGE_CURVE ( 'NONE', #4479, #5646, #5141, .T. ) ;
#5334 = EDGE_CURVE ( 'NONE', #4122, #6546, #2379, .T. ) ;
#5335 = DIRECTION ( 'NONE',  ( 0.5000000000000445199, 0.8660254037844129504, 0.000000000000000000 ) ) ;
#5336 = DIRECTION ( 'NONE',  ( 0.000000000000000000, 0.000000000000000000, -1.000000000000000000 ) ) ;
#5337 =( NAMED_UNIT ( * ) SI_UNIT ( $, .STERADIAN. ) SOLID_ANGLE_UNIT ( ) );
#5338 = DIRECTION ( 'NONE',  ( 0.000000000000000000, 0.000000000000000000, -1.000000000000000000 ) ) ;
#5339 = MECHANICAL_DESIGN_GEOMETRIC_PRESENTATION_REPRESENTATION (  '', ( #2917 ), #6562 ) ;
#5340 = ORIENTED_EDGE ( 'NONE', *, *, #1550, .F. ) ;
#5341 = DIRECTION ( 'NONE',  ( 0.000000000000000000, 0.000000000000000000, -1.000000000000000000 ) ) ;
#5342 = ORIENTED_EDGE ( 'NONE', *, *, #7250, .F. ) ;
#5343 = CARTESIAN_POINT ( 'NONE',  ( -2.293247638562451396, -0.4038551499215468632, -0.9499999999999999556 ) ) ;
#5344 = ADVANCED_FACE ( 'NONE', ( #7421 ), #3108, .T. ) ;
#5345 = CARTESIAN_POINT ( 'NONE',  ( -1.780000000000001581, 0.000000000000000000, -0.9499999999999999556 ) ) ;
#5346 = LINE ( 'NONE', #301, #502 ) ;
#5347 = FACE_OUTER_BOUND ( 'NONE', #5969, .T. ) ;
#5348 = VERTEX_POINT ( 'NONE', #2241 ) ;
#5349 = CARTESIAN_POINT ( 'NONE',  ( 1.779775888008966911, 0.2687499999999986011, -0.2500000000000000000 ) ) ;
#5350 = CARTESIAN_POINT ( 'NONE',  ( 2.390625000000005329, 0.4058214234295524081, -0.5357500000000000595 ) ) ;
#5351 = VERTEX_POINT ( 'NONE', #6534 ) ;
#5352 = ADVANCED_FACE ( 'NONE', ( #1470 ), #8757, .T. ) ;
#5353 = ADVANCED_FACE ( 'NONE', ( #4449 ), #8712, .F. ) ;
#5354 = ORIENTED_EDGE ( 'NONE', *, *, #969, .T. ) ;
#5355 = FACE_BOUND ( 'NONE', #7635, .T. ) ;
#5356 = DIRECTION ( 'NONE',  ( 0.4999999999999918954, 0.8660254037844431485, 0.000000000000000000 ) ) ;
#5357 = FACE_OUTER_BOUND ( 'NONE', #3517, .T. ) ;
#5358 = ORIENTED_EDGE ( 'NONE', *, *, #1023, .F. ) ;
#5359 = VECTOR ( 'NONE', #8857, 39.37007874015748143 ) ;
#5360 =( LENGTH_UNIT ( ) NAMED_UNIT ( * ) SI_UNIT ( $, .METRE. ) );
#5361 = ORIENTED_EDGE ( 'NONE', *, *, #1023, .T. ) ;
#5362 = CARTESIAN_POINT ( 'NONE',  ( -2.690825201892120155, -0.01996200211991487269, -0.5999999999999999778 ) ) ;
#5363 = ORIENTED_EDGE ( 'NONE', *, *, #6968, .F. ) ;
#5364 = DIRECTION ( 'NONE',  ( -1.000000000000000000, 0.000000000000000000, 0.000000000000000000 ) ) ;
#5365 = VECTOR ( 'NONE', #2523, 39.37007874015748854 ) ;
#5366 = CARTESIAN_POINT ( 'NONE',  ( -2.812500000000023093, 0.4058214234295524081, -0.5357500000000000595 ) ) ;
#5367 = CIRCLE ( 'NONE', #4167, 0.06425000000000000155 ) ;
#5368 = DIRECTION ( 'NONE',  ( 0.000000000000000000, 0.000000000000000000, 1.000000000000000000 ) ) ;
#5369 = CARTESIAN_POINT ( 'NONE',  ( 1.532023136016478881, -0.1889298536322195077, -0.2499999999999999722 ) ) ;
#5370 = DIRECTION ( 'NONE',  ( 1.000000000000000000, 0.000000000000000000, -1.658456209688565037E-16 ) ) ;
#5371 = ORIENTED_EDGE ( 'NONE', *, *, #1720, .T. ) ;
#5372 = ORIENTED_EDGE ( 'NONE', *, *, #1540, .T. ) ;
#5373 = CARTESIAN_POINT ( 'NONE',  ( -1.984375000000020206, 0.4058214234295524081, -0.5999999999999999778 ) ) ;
#5374 = ORIENTED_EDGE ( 'NONE', *, *, #1315, .T. ) ;
#5375 = CARTESIAN_POINT ( 'NONE',  ( 1.953269933554506510, -0.2739725045725852071, -0.9282771156755845743 ) ) ;
#5376 = VECTOR ( 'NONE', #1841, 39.37007874015748143 ) ;
#5377 = CARTESIAN_POINT ( 'NONE',  ( 2.255625000000001990, 0.6404979548822493651, -0.2174999999999984723 ) ) ;
#5378 = DIRECTION ( 'NONE',  ( -1.000000000000000000, 7.827072323607353610E-15, 0.000000000000000000 ) ) ;
#5379 = CARTESIAN_POINT ( 'NONE',  ( -1.855041606226997875, 0.3442843293412205519, -0.6190786247367432438 ) ) ;
#5380 = LINE ( 'NONE', #7435, #3632 ) ;
#5381 = VERTEX_POINT ( 'NONE', #5807 ) ;
#5382 = EDGE_CURVE ( 'NONE', #2880, #6194, #1567, .T. ) ;
#5383 = CIRCLE ( 'NONE', #1886, 0.2500000000000000555 ) ;
#5384 = EDGE_CURVE ( 'NONE', #1549, #7624, #3009, .T. ) ;
#5385 = CARTESIAN_POINT ( 'NONE',  ( -1.703124999999971134, -0.5502869753213720516, 0.9499999999999999556 ) ) ;
#5386 = VERTEX_POINT ( 'NONE', #5191 ) ;
#5387 = EDGE_CURVE ( 'NONE', #9258, #4938, #5946, .T. ) ;
#5388 = LINE ( 'NONE', #8289, #413 ) ;
#5389 = ORIENTED_EDGE ( 'NONE', *, *, #4306, .T. ) ;
#5390 = DIRECTION ( 'NONE',  ( 0.4999999999999976130, -0.8660254037844400399, 0.000000000000000000 ) ) ;
#5391 = DIRECTION ( 'NONE',  ( -1.000000000000000000, 0.000000000000000000, -2.185478394931429902E-15 ) ) ;
#5392 = VECTOR ( 'NONE', #8985, 39.37007874015748854 ) ;
#5393 = AXIS2_PLACEMENT_3D ( 'NONE', #8197, #109, #5962 ) ;
#5394 = DIRECTION ( 'NONE',  ( 0.3535533905932985999, -0.6123724356959215909, 0.7071067811864248931 ) ) ;
#5395 = ORIENTED_EDGE ( 'NONE', *, *, #6326, .F. ) ;
#5396 = CARTESIAN_POINT ( 'NONE',  ( 2.546874999999995559, -0.5502869753213696091, -0.7350000000000000977 ) ) ;
#5397 = ADVANCED_FACE ( 'NONE', ( #8088 ), #903, .F. ) ;
#5398 = DIRECTION ( 'NONE',  ( 0.000000000000000000, 0.000000000000000000, 1.000000000000000000 ) ) ;
#5399 = VECTOR ( 'NONE', #810, 39.37007874015748854 ) ;
#5400 = CARTESIAN_POINT ( 'NONE',  ( -2.390625000000005773, 0.6404979548822425928, 0.2500000000000000555 ) ) ;
#5401 = VERTEX_POINT ( 'NONE', #4489 ) ;
#5402 = ORIENTED_EDGE ( 'NONE', *, *, #6638, .F. ) ;
#5403 = FACE_OUTER_BOUND ( 'NONE', #5552, .T. ) ;
#5404 = LINE ( 'NONE', #218, #1676 ) ;
#5405 = CARTESIAN_POINT ( 'NONE',  ( -1.533145825622967307, -0.1908744090717874597, -0.2600000000000000089 ) ) ;
#5406 = EDGE_CURVE ( 'NONE', #469, #5302, #7372, .T. ) ;
#5407 = CARTESIAN_POINT ( 'NONE',  ( -1.437499999999995337, -0.09021097956086862601, -0.3525000000000004241 ) ) ;
#5408 = DIRECTION ( 'NONE',  ( 0.000000000000000000, 0.000000000000000000, 1.000000000000000000 ) ) ;
#5409 = ORIENTED_EDGE ( 'NONE', *, *, #7274, .F. ) ;
#5410 = LINE ( 'NONE', #3192, #2975 ) ;
#5411 = ORIENTED_EDGE ( 'NONE', *, *, #7330, .T. ) ;
#5412 = CARTESIAN_POINT ( 'NONE',  ( -1.824799798107692439, -0.4800379978800762282, -0.5999999999999999778 ) ) ;
#5413 = LINE ( 'NONE', #4716, #5013 ) ;
#5414 = PLANE ( 'NONE',  #5476 ) ;
#5415 = LINE ( 'NONE', #1853, #3132 ) ;
#5416 = ORIENTED_EDGE ( 'NONE', *, *, #4127, .T. ) ;
#5417 = ORIENTED_EDGE ( 'NONE', *, *, #8226, .F. ) ;
#5418 = VECTOR ( 'NONE', #4541, 39.37007874015748143 ) ;
#5419 = DIRECTION ( 'NONE',  ( 0.000000000000000000, 0.000000000000000000, -1.000000000000000000 ) ) ;
#5420 = AXIS2_PLACEMENT_3D ( 'NONE', #8350, #1690, #7494 ) ;
#5421 = CARTESIAN_POINT ( 'NONE',  ( 2.593124999999999680, -0.4701796254713037637, -0.2599999999999999534 ) ) ;
#5422 = DIRECTION ( 'NONE',  ( 0.000000000000000000, -1.000000000000000000, 0.000000000000000000 ) ) ;
#5423 = FACE_OUTER_BOUND ( 'NONE', #9240, .T. ) ;
#5424 = CARTESIAN_POINT ( 'NONE',  ( -2.080500000000000238, 0.4764989774411199086, 0.000000000000000000 ) ) ;
#5425 = VECTOR ( 'NONE', #6946, 39.37007874015748854 ) ;
#5426 = ORIENTED_EDGE ( 'NONE', *, *, #7678, .F. ) ;
#5427 =( GEOMETRIC_REPRESENTATION_CONTEXT ( 3 ) GLOBAL_UNCERTAINTY_ASSIGNED_CONTEXT ( ( #7014 ) ) GLOBAL_UNIT_ASSIGNED_CONTEXT ( ( #6911, #5629, #4211 ) ) REPRESENTATION_CONTEXT ( 'NONE', 'WORKASPACE' ) );
#5428 = ORIENTED_EDGE ( 'NONE', *, *, #3392, .T. ) ;
#5429 = DIRECTION ( 'NONE',  ( -1.000000000000000000, 1.865610830299460874E-15, 0.000000000000000000 ) ) ;
#5430 = ORIENTED_EDGE ( 'NONE', *, *, #6704, .T. ) ;
#5431 = DIRECTION ( 'NONE',  ( -0.8660254037844380415, 0.5000000000000009992, 0.000000000000000000 ) ) ;
#5432 = AXIS2_PLACEMENT_3D ( 'NONE', #7728, #8437, #1207 ) ;
#5433 = DIRECTION ( 'NONE',  ( 0.8660254037844135055, 0.5000000000000432987, 0.000000000000000000 ) ) ;
#5434 = AXIS2_PLACEMENT_3D ( 'NONE', #235, #8952, #1712 ) ;
#5435 = CARTESIAN_POINT ( 'NONE',  ( 2.453125000000005329, 0.6380358307719737887, -0.7349999999999999867 ) ) ;
#5436 = CIRCLE ( 'NONE', #6361, 0.1124999999999999611 ) ;
#5437 = EDGE_CURVE ( 'NONE', #372, #6751, #2333, .T. ) ;
#5438 = EDGE_CURVE ( 'NONE', #8047, #8609, #697, .T. ) ;
#5439 = DIRECTION ( 'NONE',  ( 0.6560590289905070538, 8.034405899049450101E-17, -0.7547095802227722361 ) ) ;
#5440 = ORIENTED_EDGE ( 'NONE', *, *, #8723, .T. ) ;
#5441 = DIRECTION ( 'NONE',  ( 0.000000000000000000, 0.000000000000000000, 1.000000000000000000 ) ) ;
#5442 = CIRCLE ( 'NONE', #429, 0.5324999999999970868 ) ;
#5443 = CIRCLE ( 'NONE', #4253, 0.06425000000000000155 ) ;
#5444 = EDGE_LOOP ( 'NONE', ( #1765, #5816, #6537, #2184 ) ) ;
#5445 = VECTOR ( 'NONE', #7278, 39.37007874015748143 ) ;
#5446 = CARTESIAN_POINT ( 'NONE',  ( -2.298125000000001528, 0.6404979548822472557, -0.2500000000000000555 ) ) ;
#5447 = DIRECTION ( 'NONE',  ( -3.023406148612404967E-15, 1.000000000000000000, 0.000000000000000000 ) ) ;
#5448 = EDGE_CURVE ( 'NONE', #3750, #4012, #186, .T. ) ;
#5449 = ORIENTED_EDGE ( 'NONE', *, *, #2071, .F. ) ;
#5450 = CIRCLE ( 'NONE', #1202, 0.2499999999999999167 ) ;
#5451 = DIRECTION ( 'NONE',  ( 0.000000000000000000, 0.000000000000000000, 1.000000000000000000 ) ) ;
#5452 = ADVANCED_FACE ( 'NONE', ( #3635 ), #4533, .F. ) ;
#5453 = VECTOR ( 'NONE', #3753, 39.37007874015748143 ) ;
#5454 = CARTESIAN_POINT ( 'NONE',  ( 2.502726728461359684, -0.5969667425129840943, -0.7849999999999999201 ) ) ;
#5455 = DIRECTION ( 'NONE',  ( 0.8660254037844364872, -0.5000000000000039968, 0.000000000000000000 ) ) ;
#5456 = VERTEX_POINT ( 'NONE', #6578 ) ;
#5457 = ORIENTED_EDGE ( 'NONE', *, *, #8996, .T. ) ;
#5458 = EDGE_LOOP ( 'NONE', ( #3383, #7627, #623, #7249 ) ) ;
#5459 = VECTOR ( 'NONE', #5187, 39.37007874015748143 ) ;
#5460 = CARTESIAN_POINT ( 'NONE',  ( 1.951875000000025118, 0.2790714234295671448, -0.9499999999999999556 ) ) ;
#5461 = DIRECTION ( 'NONE',  ( 0.000000000000000000, 1.000000000000000000, 0.000000000000000000 ) ) ;
#5462 = ORIENTED_EDGE ( 'NONE', *, *, #154, .F. ) ;
#5463 = CIRCLE ( 'NONE', #3497, 0.06424999999999973788 ) ;
#5464 = EDGE_CURVE ( 'NONE', #6260, #6144, #7995, .T. ) ;
#5465 = FACE_OUTER_BOUND ( 'NONE', #788, .T. ) ;
#5466 = LINE ( 'NONE', #1751, #1570 ) ;
#5467 = ADVANCED_FACE ( 'NONE', ( #327 ), #6040, .T. ) ;
#5468 = CARTESIAN_POINT ( 'NONE',  ( 1.824839780658681798, -0.2382494887205523215, -0.2500000000000000555 ) ) ;
#5469 = ORIENTED_EDGE ( 'NONE', *, *, #6023, .F. ) ;
#5470 = CARTESIAN_POINT ( 'NONE',  ( 2.436995442160277303, -0.01775088930761715283, -0.2600000000000002309 ) ) ;
#5471 = FACE_BOUND ( 'NONE', #4409, .T. ) ;
#5472 = VERTEX_POINT ( 'NONE', #417 ) ;
#5473 = EDGE_LOOP ( 'NONE', ( #2884, #7, #7151, #6992 ) ) ;
#5474 = CARTESIAN_POINT ( 'NONE',  ( -1.802294139933362738, -0.01196658862688802262, -0.9278645602857933383 ) ) ;
#5475 = EDGE_LOOP ( 'NONE', ( #3233, #1850, #8914, #2403, #4818, #4563, #3387, #6297 ) ) ;
#5476 = AXIS2_PLACEMENT_3D ( 'NONE', #9083, #7700, #1753 ) ;
#5477 = CARTESIAN_POINT ( 'NONE',  ( 2.549743649053904715, -0.04531832941097124062, -0.9499999999999999556 ) ) ;
#5478 = EDGE_CURVE ( 'NONE', #5011, #3416, #6131, .T. ) ;
#5479 = EDGE_CURVE ( 'NONE', #3026, #6340, #3240, .T. ) ;
#5480 = CARTESIAN_POINT ( 'NONE',  ( -2.595993649053903063, 0.03478902043908665281, -0.9499999999999999556 ) ) ;
#5481 = DIRECTION ( 'NONE',  ( 1.000000000000000000, 0.000000000000000000, 0.000000000000000000 ) ) ;
#5482 = FACE_OUTER_BOUND ( 'NONE', #6732, .T. ) ;
#5483 = EDGE_LOOP ( 'NONE', ( #2625, #8717, #5855, #4847, #2242 ) ) ;
#5484 = AXIS2_PLACEMENT_3D ( 'NONE', #5701, #8606, #7935 ) ;
#5485 = EDGE_LOOP ( 'NONE', ( #34, #6395, #418, #3430 ) ) ;
#5486 = CARTESIAN_POINT ( 'NONE',  ( -1.451464345643310061, -0.03657365375142547503, -0.8341152750368360236 ) ) ;
#5487 = VERTEX_POINT ( 'NONE', #2433 ) ;
#5488 = ORIENTED_EDGE ( 'NONE', *, *, #7600, .T. ) ;
#5489 = VECTOR ( 'NONE', #5258, 39.37007874015748143 ) ;
#5490 = LINE ( 'NONE', #2732, #9397 ) ;
#5491 = ORIENTED_EDGE ( 'NONE', *, *, #677, .T. ) ;
#5492 = PLANE ( 'NONE',  #1168 ) ;
#5493 = DIRECTION ( 'NONE',  ( -0.4999999999999920619, 0.8660254037844432595, -2.185478394931430691E-15 ) ) ;
#5494 = CARTESIAN_POINT ( 'NONE',  ( -2.766250000000001208, -0.1703183294109425483, -0.2599999999999999534 ) ) ;
#5495 = CARTESIAN_POINT ( 'NONE',  ( -1.437499999999995337, -0.09021097956086834846, -0.8474999999999995870 ) ) ;
#5496 = VERTEX_POINT ( 'NONE', #947 ) ;
#5497 = CARTESIAN_POINT ( 'NONE',  ( -1.859375000000026645, 0.3904979548822720137, -0.6999999999999999556 ) ) ;
#5498 = ORIENTED_EDGE ( 'NONE', *, *, #5118, .F. ) ;
#5499 = LINE ( 'NONE', #3409, #5917 ) ;
#5500 = DIRECTION ( 'NONE',  ( -0.7071067811865392461, -0.7071067811865556774, 0.000000000000000000 ) ) ;
#5501 = ORIENTED_EDGE ( 'NONE', *, *, #7483, .F. ) ;
#5502 = CARTESIAN_POINT ( 'NONE',  ( -2.125000000000000000, 0.4764989774411199086, 0.000000000000000000 ) ) ;
#5503 = DIRECTION ( 'NONE',  ( 0.000000000000000000, 0.000000000000000000, 1.000000000000000000 ) ) ;
#5504 = ADVANCED_FACE ( 'NONE', ( #4056 ), #2674, .F. ) ;
#5505 = ORIENTED_EDGE ( 'NONE', *, *, #9365, .T. ) ;
#5506 = DIRECTION ( 'NONE',  ( -1.000000000000000000, 0.000000000000000000, -2.185478394931412547E-15 ) ) ;
#5507 = ADVANCED_FACE ( 'NONE', ( #1802 ), #6769, .F. ) ;
#5508 = EDGE_CURVE ( 'NONE', #2714, #5947, #5415, .T. ) ;
#5509 = FACE_OUTER_BOUND ( 'NONE', #5980, .T. ) ;
#5510 = VERTEX_POINT ( 'NONE', #999 ) ;
#5511 = CARTESIAN_POINT ( 'NONE',  ( -1.712339780658681754, -0.2382494887205523215, -0.2500000000000000555 ) ) ;
#5512 = DIRECTION ( 'NONE',  ( 0.000000000000000000, 0.000000000000000000, 1.000000000000000000 ) ) ;
#5513 = DIRECTION ( 'NONE',  ( 0.8660254037844431485, 0.4999999999999918954, 0.000000000000000000 ) ) ;
#5514 = ORIENTED_EDGE ( 'NONE', *, *, #3881, .T. ) ;
#5515 = CIRCLE ( 'NONE', #495, 0.2500000000000001110 ) ;
#5516 = LINE ( 'NONE', #8459, #7152 ) ;
#5517 = CARTESIAN_POINT ( 'NONE',  ( -2.293247638562451396, -0.4038551499215468632, 0.9499999999999999556 ) ) ;
#5518 = ORIENTED_EDGE ( 'NONE', *, *, #5406, .F. ) ;
#5519 = ORIENTED_EDGE ( 'NONE', *, *, #2328, .F. ) ;
#5520 = EDGE_CURVE ( 'NONE', #5102, #6868, #7985, .T. ) ;
#5521 = DIRECTION ( 'NONE',  ( 0.000000000000000000, 0.000000000000000000, 1.000000000000000000 ) ) ;
#5522 = VERTEX_POINT ( 'NONE', #4718 ) ;
#5523 = VECTOR ( 'NONE', #4598, 39.37007874015748143 ) ;
#5524 = FACE_OUTER_BOUND ( 'NONE', #2225, .T. ) ;
#5525 = LINE ( 'NONE', #3440, #7665 ) ;
#5526 = DIRECTION ( 'NONE',  ( 0.000000000000000000, 0.000000000000000000, -1.000000000000000000 ) ) ;
#5527 = DIRECTION ( 'NONE',  ( 1.000000000000000000, -5.090879084663727145E-14, -0.000000000000000000 ) ) ;
#5528 = EDGE_LOOP ( 'NONE', ( #1675, #8024, #1965, #2682, #760 ) ) ;
#5529 = ORIENTED_EDGE ( 'NONE', *, *, #3810, .T. ) ;
#5530 = DIRECTION ( 'NONE',  ( 0.8660254037844136166, -0.5000000000000432987, 0.000000000000000000 ) ) ;
#5531 = VERTEX_POINT ( 'NONE', #4008 ) ;
#5532 = EDGE_CURVE ( 'NONE', #2, #2434, #7613, .T. ) ;
#5533 = CARTESIAN_POINT ( 'NONE',  ( 2.390625000000005773, 0.6404979548822424817, -0.5357500000000000595 ) ) ;
#5534 = ORIENTED_EDGE ( 'NONE', *, *, #765, .F. ) ;
#5535 = DIRECTION ( 'NONE',  ( -0.000000000000000000, -0.000000000000000000, -1.000000000000000000 ) ) ;
#5536 = CYLINDRICAL_SURFACE ( 'NONE', #2027, 0.2500000000000000000 ) ;
#5537 = CARTESIAN_POINT ( 'NONE',  ( 2.125000000000030642, 0.6079979548822563862, -0.2500000000000000555 ) ) ;
#5538 = AXIS2_PLACEMENT_3D ( 'NONE', #2420, #3954, #2561 ) ;
#5539 = FACE_OUTER_BOUND ( 'NONE', #5312, .T. ) ;
#5540 = AXIS2_PLACEMENT_3D ( 'NONE', #3584, #1565, #2958 ) ;
#5541 = VERTEX_POINT ( 'NONE', #6854 ) ;
#5542 = FACE_OUTER_BOUND ( 'NONE', #6509, .T. ) ;
#5543 = PLANE ( 'NONE',  #3045 ) ;
#5544 = CARTESIAN_POINT ( 'NONE',  ( -1.408382262026758758, -0.03485332976920646475, -0.7349999999999999867 ) ) ;
#5545 = AXIS2_PLACEMENT_3D ( 'NONE', #7608, #1703, #4000 ) ;
#5546 = FACE_OUTER_BOUND ( 'NONE', #8021, .T. ) ;
#5547 = CARTESIAN_POINT ( 'NONE',  ( -2.572683069699055913, -0.09609017759282301174, -0.5999999999999999778 ) ) ;
#5548 = ORIENTED_EDGE ( 'NONE', *, *, #4424, .T. ) ;
#5549 = ORIENTED_EDGE ( 'NONE', *, *, #1809, .F. ) ;
#5550 = CARTESIAN_POINT ( 'NONE',  ( -2.125000000000000000, 0.000000000000000000, -0.7350000000000006528 ) ) ;
#5551 = CARTESIAN_POINT ( 'NONE',  ( 1.469260745157311643, -0.05214740516181733815, -0.8452727038963768758 ) ) ;
#5552 = EDGE_LOOP ( 'NONE', ( #6944, #5158, #6526, #8449 ) ) ;
#5553 = CARTESIAN_POINT ( 'NONE',  ( -2.745000000000000551, -0.2071244090717823672, -0.2600000000000000089 ) ) ;
#5554 = VERTEX_POINT ( 'NONE', #6237 ) ;
#5555 = UNCERTAINTY_MEASURE_WITH_UNIT (LENGTH_MEASURE( 1.000000000000000082E-05 ), #8066, 'distance_accuracy_value', 'NONE');
#5556 = EDGE_CURVE ( 'NONE', #8878, #6618, #4764, .T. ) ;
#5557 = CARTESIAN_POINT ( 'NONE',  ( -2.405883989286915714, 0.3355532005316608224, -0.8460649621165563516 ) ) ;
#5558 = FACE_OUTER_BOUND ( 'NONE', #2797, .T. ) ;
#5559 = EDGE_CURVE ( 'NONE', #5351, #7899, #2623, .T. ) ;
#5560 = ORIENTED_EDGE ( 'NONE', *, *, #3076, .T. ) ;
#5561 = EDGE_CURVE ( 'NONE', #1544, #779, #3438, .T. ) ;
#5562 = DIRECTION ( 'NONE',  ( -0.7071067811865585639, 0.7071067811865363595, 0.000000000000000000 ) ) ;
#5563 = CARTESIAN_POINT ( 'NONE',  ( 1.712339780658681754, -0.2382494887205523215, -0.2500000000000000555 ) ) ;
#5564 = ORIENTED_EDGE ( 'NONE', *, *, #5062, .T. ) ;
#5565 = ORIENTED_EDGE ( 'NONE', *, *, #5628, .F. ) ;
#5566 = DIRECTION ( 'NONE',  ( -1.000000000000000000, 5.142302105720483758E-14, 0.000000000000000000 ) ) ;
#5567 = ORIENTED_EDGE ( 'NONE', *, *, #446, .F. ) ;
#5568 = DIRECTION ( 'NONE',  ( -0.5000000000000036637, -0.8660254037844365982, -0.000000000000000000 ) ) ;
#5569 = CARTESIAN_POINT ( 'NONE',  ( 1.813831811574352804, -0.02882027952500396464, -0.2500000000000000555 ) ) ;
#5570 = LINE ( 'NONE', #1960, #3173 ) ;
#5571 = EDGE_CURVE ( 'NONE', #372, #5472, #541, .T. ) ;
#5572 = VERTEX_POINT ( 'NONE', #6182 ) ;
#5573 = VERTEX_POINT ( 'NONE', #9084 ) ;
#5574 = B_SPLINE_CURVE_WITH_KNOTS ( 'NONE', 3,
 ( #2293, #950, #6677, #8950, #770, #8852 ),
 .UNSPECIFIED., .F., .F.,
 ( 4, 2, 4 ),
 ( 6.992893892674702526E-18, 0.0002093588874249736854, 0.0004187177748499403777 ),
 .UNSPECIFIED. ) ;
#5575 = DIRECTION ( 'NONE',  ( 0.4999999999999893974, -0.8660254037844449249, -0.000000000000000000 ) ) ;
#5576 = ORIENTED_EDGE ( 'NONE', *, *, #563, .F. ) ;
#5577 = DIRECTION ( 'NONE',  ( 1.000000000000000000, 7.249756350802272209E-14, 0.000000000000000000 ) ) ;
#5578 = ORIENTED_EDGE ( 'NONE', *, *, #7775, .T. ) ;
#5579 = EDGE_CURVE ( 'NONE', #1124, #781, #3964, .T. ) ;
#5580 = DIRECTION ( 'NONE',  ( -0.000000000000000000, -0.000000000000000000, -1.000000000000000000 ) ) ;
#5581 = VECTOR ( 'NONE', #7199, 39.37007874015747433 ) ;
#5582 = PLANE ( 'NONE',  #2637 ) ;
#5583 = DIRECTION ( 'NONE',  ( -0.000000000000000000, -0.000000000000000000, 1.000000000000000000 ) ) ;
#5584 = ADVANCED_FACE ( 'NONE', ( #5471, #4623 ), #8371, .T. ) ;
#5585 = CIRCLE ( 'NONE', #1472, 0.04250000000000140471 ) ;
#5586 = CARTESIAN_POINT ( 'NONE',  ( -1.956752361437507526, -0.4038551499215299323, 0.9499999999999999556 ) ) ;
#5587 = CARTESIAN_POINT ( 'NONE',  ( -2.390625000000005329, 0.6404979548822425928, -0.3525000000000004241 ) ) ;
#5588 = AXIS2_PLACEMENT_3D ( 'NONE', #103, #8058, #242 ) ;
#5589 = CIRCLE ( 'NONE', #9080, 0.2500000000000001110 ) ;
#5590 = DIRECTION ( 'NONE',  ( 4.370956789862821150E-15, 2.185478394931410575E-15, 1.000000000000000000 ) ) ;
#5591 = ORIENTED_EDGE ( 'NONE', *, *, #6570, .F. ) ;
#5592 = DIMENSIONAL_EXPONENTS ( 1.000000000000000000, 0.000000000000000000, 0.000000000000000000, 0.000000000000000000, 0.000000000000000000, 0.000000000000000000, 0.000000000000000000 ) ;
#5593 = CARTESIAN_POINT ( 'NONE',  ( 2.448819130306012948, 0.2942027737635293794, -0.8082115781183681902 ) ) ;
#5594 = EDGE_CURVE ( 'NONE', #4383, #259, #8730, .T. ) ;
#5595 = CARTESIAN_POINT ( 'NONE',  ( 2.125000000000000000, 0.000000000000000000, -0.9499999999999999556 ) ) ;
#5596 = AXIS2_PLACEMENT_3D ( 'NONE', #6102, #150, #3072 ) ;
#5597 = VECTOR ( 'NONE', #5, 39.37007874015748143 ) ;
#5598 = AXIS2_PLACEMENT_3D ( 'NONE', #2953, #1652, #4395 ) ;
#5599 = ORIENTED_EDGE ( 'NONE', *, *, #680, .T. ) ;
#5600 = DIRECTION ( 'NONE',  ( -0.000000000000000000, -0.000000000000000000, -1.000000000000000000 ) ) ;
#5601 = CARTESIAN_POINT ( 'NONE',  ( -1.716506350946108261, -0.07346415503393140256, -0.9174999999999992051 ) ) ;
#5602 = ORIENTED_EDGE ( 'NONE', *, *, #297, .F. ) ;
#5603 = CARTESIAN_POINT ( 'NONE',  ( 1.857131350946073400, -0.3170337998483060971, -0.9175000000000119726 ) ) ;
#5604 = AXIS2_PLACEMENT_3D ( 'NONE', #4846, #9368, #506 ) ;
#5605 = ORIENTED_EDGE ( 'NONE', *, *, #6900, .T. ) ;
#5606 = CARTESIAN_POINT ( 'NONE',  ( 1.852330327435618873, 0.3421410313133632086, -0.5902205864558645043 ) ) ;
#5607 = LINE ( 'NONE', #7082, #4878 ) ;
#5608 = EDGE_LOOP ( 'NONE', ( #2254, #6909, #6420, #71, #9038, #4197, #4226, #3577, #8259, #4025, #5840, #4286, #8392, #2411, #4458, #1273, #403 ) ) ;
#5609 = AXIS2_PLACEMENT_3D ( 'NONE', #4863, #6338, #9291 ) ;
#5610 = FACE_OUTER_BOUND ( 'NONE', #4915, .T. ) ;
#5611 = VECTOR ( 'NONE', #2033, 39.37007874015748143 ) ;
#5612 = DIRECTION ( 'NONE',  ( 0.4999999999999981126, -0.8660254037844397068, 0.000000000000000000 ) ) ;
#5613 = ORIENTED_EDGE ( 'NONE', *, *, #2573, .F. ) ;
#5614 = ORIENTED_EDGE ( 'NONE', *, *, #932, .F. ) ;
#5615 = DIRECTION ( 'NONE',  ( 0.3535533905933644916, 0.6123724356958861748, 0.7071067811864228947 ) ) ;
#5616 = EDGE_LOOP ( 'NONE', ( #1258, #4870, #3508, #4766 ) ) ;
#5617 = ADVANCED_FACE ( 'NONE', ( #3200, #5657 ), #468, .F. ) ;
#5618 =( NAMED_UNIT ( * ) PLANE_ANGLE_UNIT ( ) SI_UNIT ( $, .RADIAN. ) );
#5619 = CARTESIAN_POINT ( 'NONE',  ( -1.984375000000010880, 0.6079979548822715962, -0.6642500000000000071 ) ) ;
#5620 = CARTESIAN_POINT ( 'NONE',  ( -2.453125000000006661, 0.2893790496476774110, -0.4100878509056116727 ) ) ;
#5621 = LINE ( 'NONE', #4208, #2260 ) ;
#5622 = ORIENTED_EDGE ( 'NONE', *, *, #4128, .T. ) ;
#5623 = CARTESIAN_POINT ( 'NONE',  ( -2.293247638562451396, -0.4038551499215468632, -0.7350000000000015410 ) ) ;
#5624 = EDGE_LOOP ( 'NONE', ( #3244, #5180, #5015, #5426 ) ) ;
#5625 = VECTOR ( 'NONE', #5723, 39.37007874015748143 ) ;
#5626 = ADVANCED_FACE ( 'NONE', ( #2852 ), #2000, .F. ) ;
#5627 = EDGE_CURVE ( 'NONE', #6362, #2468, #5230, .T. ) ;
#5628 = EDGE_CURVE ( 'NONE', #6260, #1686, #7181, .T. ) ;
#5629 =( NAMED_UNIT ( * ) PLANE_ANGLE_UNIT ( ) SI_UNIT ( $, .RADIAN. ) );
#5630 = ORIENTED_EDGE ( 'NONE', *, *, #2425, .T. ) ;
#5631 = LINE ( 'NONE', #2874, #6650 ) ;
#5632 = CARTESIAN_POINT ( 'NONE',  ( -2.721854174377005275, -0.1822141550339398397, -0.2599999999999999534 ) ) ;
#5633 = CARTESIAN_POINT ( 'NONE',  ( 2.125000000000000000, 0.4764989774411177437, -0.2500000000000000555 ) ) ;
#5634 = DIRECTION ( 'NONE',  ( -0.000000000000000000, -0.000000000000000000, -1.000000000000000000 ) ) ;
#5635 = CONICAL_SURFACE ( 'NONE', #7456, 0.1124999999999999611, 0.7155849933176748889 ) ;
#5636 = VERTEX_POINT ( 'NONE', #4196 ) ;
#5637 = DIRECTION ( 'NONE',  ( -0.000000000000000000, -1.000000000000000000, -0.000000000000000000 ) ) ;
#5638 = ORIENTED_EDGE ( 'NONE', *, *, #3979, .T. ) ;
#5639 = DIRECTION ( 'NONE',  ( 1.000000000000000000, 0.000000000000000000, 0.000000000000000000 ) ) ;
#5640 = CIRCLE ( 'NONE', #8684, 0.06424999999999993217 ) ;
#5641 = ADVANCED_FACE ( 'NONE', ( #4905 ), #665, .T. ) ;
#5642 = FACE_OUTER_BOUND ( 'NONE', #4511, .T. ) ;
#5643 = CARTESIAN_POINT ( 'NONE',  ( -2.745000000000000551, -0.2071244090717825059, -0.2600000000000000089 ) ) ;
#5644 = DIRECTION ( 'NONE',  ( 0.000000000000000000, -0.000000000000000000, 1.000000000000000000 ) ) ;
#5645 = DIRECTION ( 'NONE',  ( -1.000000000000000000, 0.000000000000000000, 0.000000000000000000 ) ) ;
#5646 = VERTEX_POINT ( 'NONE', #9229 ) ;
#5647 = VERTEX_POINT ( 'NONE', #6428 ) ;
#5648 = PLANE ( 'NONE',  #1054 ) ;
#5649 = ADVANCED_FACE ( 'NONE', ( #4299 ), #2141, .T. ) ;
#5650 = DIRECTION ( 'NONE',  ( 1.000000000000000000, 0.000000000000000000, 0.000000000000000000 ) ) ;
#5651 = VERTEX_POINT ( 'NONE', #565 ) ;
#5652 = CARTESIAN_POINT ( 'NONE',  ( 2.215576187212736414, -0.4280243171842719185, -0.8038757313803484017 ) ) ;
#5653 = ORIENTED_EDGE ( 'NONE', *, *, #3888, .F. ) ;
#5654 = LINE ( 'NONE', #8604, #2343 ) ;
#5655 = DIRECTION ( 'NONE',  ( 0.8660254037844431485, 0.4999999999999918954, 0.000000000000000000 ) ) ;
#5656 = CARTESIAN_POINT ( 'NONE',  ( 2.487700201892215635, -0.3717848224071854113, -0.5999999999999999778 ) ) ;
#5657 = FACE_OUTER_BOUND ( 'NONE', #5886, .T. ) ;
#5658 = ORIENTED_EDGE ( 'NONE', *, *, #8959, .T. ) ;
#5659 = ORIENTED_EDGE ( 'NONE', *, *, #2109, .T. ) ;
#5660 = EDGE_LOOP ( 'NONE', ( #4021, #4483, #858, #5080, #4683 ) ) ;
#5661 = CARTESIAN_POINT ( 'NONE',  ( 2.217868141538939852, -0.4275392709024915527, -0.3917949024850406747 ) ) ;
#5662 = EDGE_LOOP ( 'NONE', ( #3463, #56, #8948, #2624 ) ) ;
#5663 = CARTESIAN_POINT ( 'NONE',  ( -2.744999999999999662, -0.2071244090717827002, -0.2175000000000009148 ) ) ;
#5664 = CARTESIAN_POINT ( 'NONE',  ( -1.951875000000025118, 0.2790714234295671448, -0.9499999999999999556 ) ) ;
#5665 = DIRECTION ( 'NONE',  ( -0.4999999999999972800, -0.8660254037844402619, -0.000000000000000000 ) ) ;
#5666 = FACE_BOUND ( 'NONE', #9295, .T. ) ;
#5667 = EDGE_LOOP ( 'NONE', ( #1035, #6106, #433, #37, #5653, #5033, #4377, #2073, #6513, #5221, #8562, #4535, #196, #7409, #7182, #5232, #3755 ) ) ;
#5668 = CARTESIAN_POINT ( 'NONE',  ( 2.812500000000023093, -0.09021097956089574321, -0.6999999999999999556 ) ) ;
#5669 = ORIENTED_EDGE ( 'NONE', *, *, #790, .T. ) ;
#5670 = CIRCLE ( 'NONE', #4761, 0.2175000000000120726 ) ;
#5671 = LINE ( 'NONE', #2638, #2098 ) ;
#5672 = ORIENTED_EDGE ( 'NONE', *, *, #7261, .F. ) ;
#5673 = CARTESIAN_POINT ( 'NONE',  ( -2.609374999999999112, -0.4420337998483104269, -0.6999999999999999556 ) ) ;
#5674 = DIRECTION ( 'NONE',  ( 0.8660254037844402619, -0.4999999999999973910, 0.000000000000000000 ) ) ;
#5675 = LINE ( 'NONE', #8581, #4703 ) ;
#5676 = CARTESIAN_POINT ( 'NONE',  ( -2.226581015650952899, -0.4255588971243284280, -0.8197202386689930176 ) ) ;
#5677 = ADVANCED_FACE ( 'NONE', ( #9330 ), #7664, .F. ) ;
#5678 = CARTESIAN_POINT ( 'NONE',  ( 2.398378920603367881, 0.3415702208528278994, -0.5950575345136327465 ) ) ;
#5679 = ORIENTED_EDGE ( 'NONE', *, *, #1969, .F. ) ;
#5680 = EDGE_CURVE ( 'NONE', #6555, #1691, #2713, .T. ) ;
#5681 = EDGE_CURVE ( 'NONE', #6019, #1001, #3574, .T. ) ;
#5682 = DIRECTION ( 'NONE',  ( 0.8660254037844407060, 0.4999999999999965583, 0.000000000000000000 ) ) ;
#5683 = ORIENTED_EDGE ( 'NONE', *, *, #3888, .T. ) ;
#5684 = CARTESIAN_POINT ( 'NONE',  ( -0.8325000000000002398, 0.1762500000000011557, 0.000000000000000000 ) ) ;
#5685 = AXIS2_PLACEMENT_3D ( 'NONE', #6516, #2944, #4517 ) ;
#5686 = CARTESIAN_POINT ( 'NONE',  ( 2.572683069699055913, -0.09609017759282301174, -0.5999999999999999778 ) ) ;
#5687 = DIRECTION ( 'NONE',  ( 7.228235936543575681E-14, -1.000000000000000000, 0.000000000000000000 ) ) ;
#5688 = AXIS2_PLACEMENT_3D ( 'NONE', #4438, #7937, #799 ) ;
#5689 = PLANE ( 'NONE',  #7218 ) ;
#5690 = LINE ( 'NONE', #8448, #2449 ) ;
#5691 = ADVANCED_FACE ( 'NONE', ( #3385 ), #2809, .T. ) ;
#5692 = VERTEX_POINT ( 'NONE', #7084 ) ;
#5693 = EDGE_LOOP ( 'NONE', ( #6800, #6689, #2060, #2464 ) ) ;
#5694 = VECTOR ( 'NONE', #1659, 39.37007874015748143 ) ;
#5695 = DIRECTION ( 'NONE',  ( 1.000000000000000000, -0.000000000000000000, -0.000000000000000000 ) ) ;
#5696 = CARTESIAN_POINT ( 'NONE',  ( 1.474561955799586155, -0.05878011112734059934, -0.8470415347009947471 ) ) ;
#5697 = CARTESIAN_POINT ( 'NONE',  ( -2.546874999999995559, -0.5502869753213696091, -0.7350000000000000977 ) ) ;
#5698 = EDGE_LOOP ( 'NONE', ( #948, #5025, #1786, #2045, #9419 ) ) ;
#5699 = EDGE_CURVE ( 'NONE', #507, #2196, #5749, .T. ) ;
#5700 = DIRECTION ( 'NONE',  ( -4.370956789862821150E-15, 2.185478394931410575E-15, 1.000000000000000000 ) ) ;
#5701 = CARTESIAN_POINT ( 'NONE',  ( 2.537660219341328460, -0.2382494887205698075, -0.2500000000000000555 ) ) ;
#5702 = VECTOR ( 'NONE', #830, 39.37007874015748854 ) ;
#5703 = DIRECTION ( 'NONE',  ( 0.4999999999999973355, -0.8660254037844402619, -0.000000000000000000 ) ) ;
#5704 = CARTESIAN_POINT ( 'NONE',  ( -2.766249999999998987, -0.1703183294109464618, -0.9499999999999999556 ) ) ;
#5705 = VERTEX_POINT ( 'NONE', #2670 ) ;
#5706 = ORIENTED_EDGE ( 'NONE', *, *, #8545, .T. ) ;
#5707 = VERTEX_POINT ( 'NONE', #7796 ) ;
#5708 = CARTESIAN_POINT ( 'NONE',  ( 1.598458325622968745, -0.3039989774411329670, -0.2500000000000000555 ) ) ;
#5709 = ORIENTED_EDGE ( 'NONE', *, *, #8698, .F. ) ;
#5710 = AXIS2_PLACEMENT_3D ( 'NONE', #2474, #8947, #6811 ) ;
#5711 = DIRECTION ( 'NONE',  ( -0.5000000000000038858, 0.8660254037844362651, 0.000000000000000000 ) ) ;
#5712 = CARTESIAN_POINT ( 'NONE',  ( -2.546874999999995559, -0.5502869753213696091, -0.4649999999999999689 ) ) ;
#5713 = CARTESIAN_POINT ( 'NONE',  ( -2.265624999999999112, 0.2790714234295562091, -0.2572037272617221371 ) ) ;
#5714 = DIRECTION ( 'NONE',  ( 1.000000000000000000, -1.865610830299460874E-15, -0.000000000000000000 ) ) ;
#5715 = B_SPLINE_CURVE_WITH_KNOTS ( 'NONE', 3,
 ( #6436, #2101, #7850, #1335, #5713, #5760 ),
 .UNSPECIFIED., .F., .F.,
 ( 4, 2, 4 ),
 ( 0.000000000000000000, 0.0002093745834697648719, 0.0004187491669395297439 ),
 .UNSPECIFIED. ) ;
#5716 = CARTESIAN_POINT ( 'NONE',  ( -1.559174798107780591, -0.01996200211974713534, -0.5999999999999999778 ) ) ;
#5717 = VERTEX_POINT ( 'NONE', #7754 ) ;
#5718 = DIRECTION ( 'NONE',  ( 0.4999999999999923395, 0.8660254037844429265, 0.000000000000000000 ) ) ;
#5719 = VERTEX_POINT ( 'NONE', #4856 ) ;
#5720 = LINE ( 'NONE', #6400, #1017 ) ;
#5721 = DIRECTION ( 'NONE',  ( 0.4999999999999923395, 0.8660254037844429265, 0.000000000000000000 ) ) ;
#5722 = DIRECTION ( 'NONE',  ( 0.4999999999999525380, 0.8660254037844660191, 6.829619984160642466E-15 ) ) ;
#5723 = DIRECTION ( 'NONE',  ( -1.000000000000000000, 5.090879084663727145E-14, 0.000000000000000000 ) ) ;
#5724 = ORIENTED_EDGE ( 'NONE', *, *, #2973, .T. ) ;
#5725 = CARTESIAN_POINT ( 'NONE',  ( -1.559174798107780591, -0.01996200211974713534, -0.6642499999999997851 ) ) ;
#5726 = VERTEX_POINT ( 'NONE', #7842 ) ;
#5727 = DIRECTION ( 'NONE',  ( 0.000000000000000000, 0.000000000000000000, 1.000000000000000000 ) ) ;
#5728 = AXIS2_PLACEMENT_3D ( 'NONE', #5770, #5580, #3449 ) ;
#5729 = EDGE_CURVE ( 'NONE', #6640, #469, #6382, .T. ) ;
#5730 = EDGE_CURVE ( 'NONE', #4396, #7224, #1233, .T. ) ;
#5731 = DIRECTION ( 'NONE',  ( -0.8660254037844667963, -0.4999999999999512057, 0.000000000000000000 ) ) ;
#5732 = CARTESIAN_POINT ( 'NONE',  ( 2.426142109039915340, 0.3173942674392695729, -0.8365655606850087578 ) ) ;
#5733 = DIRECTION ( 'NONE',  ( -1.865610830299460874E-15, 1.000000000000000000, 0.000000000000000000 ) ) ;
#5734 = AXIS2_PLACEMENT_3D ( 'NONE', #4014, #6817, #1859 ) ;
#5735 = VECTOR ( 'NONE', #4778, 39.37007874015748143 ) ;
#5736 = EDGE_LOOP ( 'NONE', ( #2004, #3137, #6682, #9118 ) ) ;
#5737 = B_SPLINE_CURVE_WITH_KNOTS ( 'NONE', 3,
 ( #5880, #5036, #27, #6563, #4340, #8075 ),
 .UNSPECIFIED., .F., .F.,
 ( 4, 2, 4 ),
 ( 6.992893892674702526E-18, 0.0002093588874249736854, 0.0004187177748499403777 ),
 .UNSPECIFIED. ) ;
#5738 = DIRECTION ( 'NONE',  ( -0.000000000000000000, -1.000000000000000000, -0.000000000000000000 ) ) ;
#5739 = ADVANCED_FACE ( 'NONE', ( #1181 ), #6990, .F. ) ;
#5740 = DIRECTION ( 'NONE',  ( -4.535261055593764468E-14, 1.000000000000000000, 0.000000000000000000 ) ) ;
#5741 = EDGE_CURVE ( 'NONE', #5719, #8930, #1460, .T. ) ;
#5742 = EDGE_CURVE ( 'NONE', #8609, #8047, #62, .T. ) ;
#5743 = ORIENTED_EDGE ( 'NONE', *, *, #7010, .F. ) ;
#5744 = CIRCLE ( 'NONE', #6515, 0.2500000000000001110 ) ;
#5745 = DIRECTION ( 'NONE',  ( 1.000000000000000000, 0.000000000000000000, 0.000000000000000000 ) ) ;
#5746 = AXIS2_PLACEMENT_3D ( 'NONE', #6920, #7636, #7730 ) ;
#5747 = FACE_OUTER_BOUND ( 'NONE', #3273, .T. ) ;
#5748 = CARTESIAN_POINT ( 'NONE',  ( -1.437499999999995337, -0.09021097956086834846, -0.7849999999999999201 ) ) ;
#5749 = LINE ( 'NONE', #8659, #3417 ) ;
#5750 = VERTEX_POINT ( 'NONE', #893 ) ;
#5751 = ORIENTED_EDGE ( 'NONE', *, *, #4212, .T. ) ;
#5752 = AXIS2_PLACEMENT_3D ( 'NONE', #2054, #5761, #8571 ) ;
#5753 = CARTESIAN_POINT ( 'NONE',  ( 2.255624999999998881, 0.2838896957886962169, -0.2500000000000000555 ) ) ;
#5754 = EDGE_LOOP ( 'NONE', ( #2008, #2910, #3818, #2132 ) ) ;
#5755 = VECTOR ( 'NONE', #1548, 39.37007874015748854 ) ;
#5756 = ADVANCED_FACE ( 'NONE', ( #2281 ), #179, .F. ) ;
#5757 = DIRECTION ( 'NONE',  ( -0.5000000000000038858, 0.8660254037844362651, 0.000000000000000000 ) ) ;
#5758 = VECTOR ( 'NONE', #6587, 39.37007874015748854 ) ;
#5759 = CARTESIAN_POINT ( 'NONE',  ( 1.437499999999995559, -0.09021097956087463510, -0.2499999999999998335 ) ) ;
#5760 = CARTESIAN_POINT ( 'NONE',  ( -2.265624999999998668, 0.2790714234295562646, -0.2600000000000002309 ) ) ;
#5761 = DIRECTION ( 'NONE',  ( -0.000000000000000000, -0.000000000000000000, -1.000000000000000000 ) ) ;
#5762 = CIRCLE ( 'NONE', #4706, 0.9875000000000005995 ) ;
#5763 = DIRECTION ( 'NONE',  ( 1.000000000000000000, 4.178120460898296477E-14, 0.000000000000000000 ) ) ;
#5764 = VERTEX_POINT ( 'NONE', #8122 ) ;
#5765 = VECTOR ( 'NONE', #6893, 39.37007874015748143 ) ;
#5766 = EDGE_CURVE ( 'NONE', #2301, #7579, #3725, .T. ) ;
#5767 = LINE ( 'NONE', #5902, #7106 ) ;
#5768 = EDGE_CURVE ( 'NONE', #7398, #7504, #4032, .T. ) ;
#5769 = ORIENTED_EDGE ( 'NONE', *, *, #1791, .T. ) ;
#5770 = CARTESIAN_POINT ( 'NONE',  ( 2.125000000000000000, 0.000000000000000000, -0.9175000000000007594 ) ) ;
#5771 = CARTESIAN_POINT ( 'NONE',  ( 1.599839780658681709, -0.2382494887205523215, -0.2500000000000000555 ) ) ;
#5772 = DIRECTION ( 'NONE',  ( 0.000000000000000000, 0.000000000000000000, 1.000000000000000000 ) ) ;
#5773 = CARTESIAN_POINT ( 'NONE',  ( -1.756839780658681516, -0.2382494887205523215, -0.2500000000000000555 ) ) ;
#5774 = CARTESIAN_POINT ( 'NONE',  ( -2.287238560149773559, 0.2921469406300697402, -0.9391135601497752061 ) ) ;
#5775 = VECTOR ( 'NONE', #4784, 39.37007874015748854 ) ;
#5776 = CYLINDRICAL_SURFACE ( 'NONE', #3022, 1.020000000000000018 ) ;
#5777 = ORIENTED_EDGE ( 'NONE', *, *, #4581, .F. ) ;
#5778 = CARTESIAN_POINT ( 'NONE',  ( 2.453125000000005329, 0.2893790496476773000, -0.7349999999999999867 ) ) ;
#5779 = VECTOR ( 'NONE', #2462, 39.37007874015748143 ) ;
#5780 = CARTESIAN_POINT ( 'NONE',  ( 2.276402115675585147, 0.2857088524216684911, -0.9282771156755870168 ) ) ;
#5781 = LINE ( 'NONE', #6504, #4191 ) ;
#5782 = CARTESIAN_POINT ( 'NONE',  ( -2.390625000000005329, 0.3904979548822426483, -0.9499999999999999556 ) ) ;
#5783 = ORIENTED_EDGE ( 'NONE', *, *, #1930, .F. ) ;
#5784 = CONICAL_SURFACE ( 'NONE', #2612, 0.2824999999999991962, 0.7853981633974399523 ) ;
#5785 = ORIENTED_EDGE ( 'NONE', *, *, #4985, .T. ) ;
#5786 = CARTESIAN_POINT ( 'NONE',  ( 1.167433081593972855, 0.3012499999999982969, -0.2175000000000007205 ) ) ;
#5787 = CARTESIAN_POINT ( 'NONE',  ( 2.265624999999998668, 0.2790714234295562646, -0.9175000000000007594 ) ) ;
#5788 = ORIENTED_EDGE ( 'NONE', *, *, #6866, .F. ) ;
#5789 = ORIENTED_EDGE ( 'NONE', *, *, #787, .F. ) ;
#5790 = CIRCLE ( 'NONE', #633, 0.2500000000000001110 ) ;
#5791 = DIRECTION ( 'NONE',  ( 0.8660254037844431485, 0.4999999999999918954, 0.000000000000000000 ) ) ;
#5792 = DIRECTION ( 'NONE',  ( -0.4999999999999919509, 0.8660254037844432595, 0.000000000000000000 ) ) ;
#5793 = ADVANCED_FACE ( 'NONE', ( #712 ), #3817, .F. ) ;
#5794 = FACE_BOUND ( 'NONE', #112, .T. ) ;
#5795 = EDGE_CURVE ( 'NONE', #7748, #5820, #1417, .T. ) ;
#5796 = ADVANCED_FACE ( 'NONE', ( #5884 ), #3717, .F. ) ;
#5797 = LINE ( 'NONE', #2229, #213 ) ;
#5798 = VERTEX_POINT ( 'NONE', #6662 ) ;
#5799 = ORIENTED_EDGE ( 'NONE', *, *, #6844, .T. ) ;
#5800 = DIRECTION ( 'NONE',  ( -0.3535533905933037069, 0.6123724356957755965, -0.7071067811865489050 ) ) ;
#5801 = ORIENTED_EDGE ( 'NONE', *, *, #5053, .T. ) ;
#5802 = DIRECTION ( 'NONE',  ( 3.023406148612404967E-15, 1.000000000000000000, 0.000000000000000000 ) ) ;
#5803 = CARTESIAN_POINT ( 'NONE',  ( -2.125000000000000000, 0.000000000000000000, -0.9174999999999992051 ) ) ;
#5804 = CARTESIAN_POINT ( 'NONE',  ( -2.255625000000000213, 0.6404979548822493651, -0.2600000000000000089 ) ) ;
#5805 = B_SPLINE_CURVE_WITH_KNOTS ( 'NONE', 3,
 ( #1437, #4363, #2924, #726, #8327, #8955 ),
 .UNSPECIFIED., .F., .F.,
 ( 4, 2, 4 ),
 ( 8.673617379884035472E-19, 0.0002093745834697657664, 0.0004187491669395306654 ),
 .UNSPECIFIED. ) ;
#5806 = ADVANCED_FACE ( 'NONE', ( #758 ), #8079, .F. ) ;
#5807 = CARTESIAN_POINT ( 'NONE',  ( -1.710327891682111856, 0.1394750607929389485, -0.4150000000000000910 ) ) ;
#5808 = ORIENTED_EDGE ( 'NONE', *, *, #3016, .F. ) ;
#5809 = CARTESIAN_POINT ( 'NONE',  ( -2.255625000000000213, 0.6079979548822497248, -0.2500000000000000555 ) ) ;
#5810 = EDGE_LOOP ( 'NONE', ( #4019, #3152, #6994, #9317 ) ) ;
#5811 = CARTESIAN_POINT ( 'NONE',  ( 2.812500000000023093, -0.09021097956089567382, 6.829619984160658046E-17 ) ) ;
#5812 = CARTESIAN_POINT ( 'NONE',  ( 1.859375000000026645, 0.3904979548822720137, -0.9499999999999999556 ) ) ;
#5813 = DIRECTION ( 'NONE',  ( -0.4999999999999903966, 0.8660254037844442587, 0.000000000000000000 ) ) ;
#5814 = CARTESIAN_POINT ( 'NONE',  ( -2.298124999999999307, 0.6404979548822425928, -0.9499999999999999556 ) ) ;
#5815 = DIRECTION ( 'NONE',  ( 0.8660254037844660191, -0.4999999999999527045, -0.000000000000000000 ) ) ;
#5816 = ORIENTED_EDGE ( 'NONE', *, *, #493, .F. ) ;
#5817 = ADVANCED_FACE ( 'NONE', ( #8748 ), #6567, .F. ) ;
#5818 = CONICAL_SURFACE ( 'NONE', #8395, 0.2175000000000008593, 0.7853981633974506105 ) ;
#5819 = LINE ( 'NONE', #4324, #3030 ) ;
#5820 = VERTEX_POINT ( 'NONE', #3052 ) ;
#5821 = CARTESIAN_POINT ( 'NONE',  ( 1.702620545118174622, 0.1140984422054998892, -0.3708185898269266700 ) ) ;
#5822 = AXIS2_PLACEMENT_3D ( 'NONE', #3935, #6154, #9056 ) ;
#5823 = DIRECTION ( 'NONE',  ( 0.000000000000000000, 0.000000000000000000, 1.000000000000000000 ) ) ;
#5824 = CARTESIAN_POINT ( 'NONE',  ( 1.797890299566894168, 0.2908780892445647082, -0.2278719107554343926 ) ) ;
#5825 = VERTEX_POINT ( 'NONE', #4478 ) ;
#5826 = VERTEX_POINT ( 'NONE', #2905 ) ;
#5827 = LINE ( 'NONE', #7264, #8956 ) ;
#5828 = DIRECTION ( 'NONE',  ( 8.792154462367709090E-15, 1.000000000000000000, 0.000000000000000000 ) ) ;
#5829 = ORIENTED_EDGE ( 'NONE', *, *, #4602, .F. ) ;
#5830 = ORIENTED_EDGE ( 'NONE', *, *, #8926, .F. ) ;
#5831 = PLANE ( 'NONE',  #9023 ) ;
#5832 = CARTESIAN_POINT ( 'NONE',  ( -2.453125000000005329, 0.2893790496476773000, -0.4150000000000000910 ) ) ;
#5833 = CARTESIAN_POINT ( 'NONE',  ( -2.390625000000005329, 0.4058214234295524081, -0.5357500000000000595 ) ) ;
#5834 = AXIS2_PLACEMENT_3D ( 'NONE', #9377, #9183, #4994 ) ;
#5835 = AXIS2_PLACEMENT_3D ( 'NONE', #85, #766, #8707 ) ;
#5836 = DIRECTION ( 'NONE',  ( 8.208687653317557480E-14, 1.000000000000000000, -0.000000000000000000 ) ) ;
#5837 = VERTEX_POINT ( 'NONE', #7362 ) ;
#5838 = ORIENTED_EDGE ( 'NONE', *, *, #1896, .T. ) ;
#5839 = CARTESIAN_POINT ( 'NONE',  ( -2.211547108317882149, -0.4288541104406126681, -0.4150000000000000910 ) ) ;
#5840 = ORIENTED_EDGE ( 'NONE', *, *, #3651, .T. ) ;
#5841 = EDGE_CURVE ( 'NONE', #9004, #6238, #2950, .T. ) ;
#5842 = AXIS2_PLACEMENT_3D ( 'NONE', #4227, #699, #1984 ) ;
#5843 = EDGE_CURVE ( 'NONE', #8321, #9324, #9428, .T. ) ;
#5844 = CONICAL_SURFACE ( 'NONE', #4947, 0.2175000000000007760, 0.7853981633974490562 ) ;
#5845 = EDGE_CURVE ( 'NONE', #3130, #2002, #5797, .T. ) ;
#5846 = PLANE ( 'NONE',  #682 ) ;
#5847 = CARTESIAN_POINT ( 'NONE',  ( -1.406249999999996003, -0.03608439182434083903, -0.4650000000000000799 ) ) ;
#5848 = CYLINDRICAL_SURFACE ( 'NONE', #8186, 0.3124999999999974465 ) ;
#5849 = ADVANCED_BREP_SHAPE_REPRESENTATION ( '2_cable_guide_housing_1', ( #2932, #1651 ), #9261 ) ;
#5850 = DIRECTION ( 'NONE',  ( -7.827072323607353610E-15, -1.000000000000000000, 0.000000000000000000 ) ) ;
#5851 = ORIENTED_EDGE ( 'NONE', *, *, #6925, .F. ) ;
#5852 = AXIS2_PLACEMENT_3D ( 'NONE', #368, #6939, #3286 ) ;
#5853 = DIRECTION ( 'NONE',  ( 1.000000000000000000, 0.000000000000000000, 0.000000000000000000 ) ) ;
#5854 = CARTESIAN_POINT ( 'NONE',  ( -1.984375000000025757, 0.2790714234295686436, -0.2572107205775365779 ) ) ;
#5855 = ORIENTED_EDGE ( 'NONE', *, *, #6412, .F. ) ;
#5856 = ADVANCED_FACE ( 'NONE', ( #2182 ), #5127, .F. ) ;
#5857 = DIRECTION ( 'NONE',  ( 0.000000000000000000, 0.000000000000000000, 1.000000000000000000 ) ) ;
#5858 = DIRECTION ( 'NONE',  ( 0.4999999999999923950, 0.8660254037844430375, 0.000000000000000000 ) ) ;
#5859 = CARTESIAN_POINT ( 'NONE',  ( -2.812500000000023093, 0.6404979548822424817, -0.6642500000000000071 ) ) ;
#5860 = DIRECTION ( 'NONE',  ( -4.535261055593764468E-14, 1.000000000000000000, 0.000000000000000000 ) ) ;
#5861 = B_SPLINE_CURVE_WITH_KNOTS ( 'NONE', 3,
 ( #2216, #9408, #5780, #6871 ),
 .UNSPECIFIED., .F., .F.,
 ( 4, 4 ),
 ( 0.000000000000000000, 0.001266630838601753069 ),
 .UNSPECIFIED. ) ;
#5862 = SURFACE_STYLE_USAGE ( .BOTH. , #2831 ) ;
#5863 = ORIENTED_EDGE ( 'NONE', *, *, #8828, .T. ) ;
#5864 = DIRECTION ( 'NONE',  ( 0.000000000000000000, 0.000000000000000000, 1.000000000000000000 ) ) ;
#5865 = ORIENTED_EDGE ( 'NONE', *, *, #5961, .F. ) ;
#5866 = CARTESIAN_POINT ( 'NONE',  ( -2.211547108317882149, -0.4288541104406126681, -0.9499999999999999556 ) ) ;
#5867 = EDGE_CURVE ( 'NONE', #8749, #480, #7987, .T. ) ;
#5868 = LINE ( 'NONE', #1630, #4502 ) ;
#5869 = CARTESIAN_POINT ( 'NONE',  ( 2.305543188425646317, -0.2550694162636903406, -0.2500000000000000555 ) ) ;
#5870 = ADVANCED_FACE ( 'NONE', ( #4660 ), #8360, .T. ) ;
#5871 = EDGE_LOOP ( 'NONE', ( #6978, #1139, #7845, #7821 ) ) ;
#5872 = ORIENTED_EDGE ( 'NONE', *, *, #3381, .F. ) ;
#5873 = AXIS2_PLACEMENT_3D ( 'NONE', #7101, #586, #8902 ) ;
#5874 = CARTESIAN_POINT ( 'NONE',  ( -3.607142256072636104E-17, -0.3012499999999982969, -0.2175000000000004152 ) ) ;
#5875 = VECTOR ( 'NONE', #601, 39.37007874015748143 ) ;
#5876 = CARTESIAN_POINT ( 'NONE',  ( -2.513492737973233027, -0.6031825010027623835, -0.7349999999999999867 ) ) ;
#5877 = EDGE_LOOP ( 'NONE', ( #4357, #7869, #545, #5317 ) ) ;
#5878 = EDGE_CURVE ( 'NONE', #5531, #2988, #6764, .T. ) ;
#5879 = EDGE_LOOP ( 'NONE', ( #5851, #6707, #3227, #8300 ) ) ;
#5880 = CARTESIAN_POINT ( 'NONE',  ( 1.953629557839698050, -0.2613205341219492772, -0.2600000000000002309 ) ) ;
#5881 = DIRECTION ( 'NONE',  ( -0.8660254037844394848, -0.4999999999999982792, 0.000000000000000000 ) ) ;
#5882 = AXIS2_PLACEMENT_3D ( 'NONE', #1446, #4373, #4461 ) ;
#5883 = CARTESIAN_POINT ( 'NONE',  ( -0.8325000000000002398, 0.1762500000000011557, 0.000000000000000000 ) ) ;
#5884 = FACE_OUTER_BOUND ( 'NONE', #8548, .T. ) ;
#5885 = VERTEX_POINT ( 'NONE', #5407 ) ;
#5886 = EDGE_LOOP ( 'NONE', ( #9414, #3425, #5630, #8887, #434 ) ) ;
#5887 = CARTESIAN_POINT ( 'NONE',  ( -2.217868141538939852, -0.4275392709024915527, -0.3917949024850406747 ) ) ;
#5888 = VERTEX_POINT ( 'NONE', #9027 ) ;
#5889 = AXIS2_PLACEMENT_3D ( 'NONE', #7011, #9157, #9205 ) ;
#5890 = AXIS2_PLACEMENT_3D ( 'NONE', #4789, #7686, #5441 ) ;
#5891 = VECTOR ( 'NONE', #3341, 39.37007874015748143 ) ;
#5892 = CARTESIAN_POINT ( 'NONE',  ( -1.663770825622965299, -0.4171235458104701754, -0.2500000000000000555 ) ) ;
#5893 = DIRECTION ( 'NONE',  ( -0.8660254037844353769, 0.5000000000000056621, 0.000000000000000000 ) ) ;
#5894 = DIRECTION ( 'NONE',  ( -0.4999999999999920064, -0.8660254037844433705, 0.000000000000000000 ) ) ;
#5895 = CIRCLE ( 'NONE', #585, 0.5000000000000000000 ) ;
#5896 = AXIS2_PLACEMENT_3D ( 'NONE', #4539, #6098, #5950 ) ;
#5897 = AXIS2_PLACEMENT_3D ( 'NONE', #4514, #2898, #8112 ) ;
#5898 = ADVANCED_FACE ( 'NONE', ( #9074, #3904 ), #1745, .F. ) ;
#5899 = DIRECTION ( 'NONE',  ( -3.023406148612404967E-15, -1.000000000000000000, 0.000000000000000000 ) ) ;
#5900 = ORIENTED_EDGE ( 'NONE', *, *, #9225, .T. ) ;
#5901 = CARTESIAN_POINT ( 'NONE',  ( 2.451525660056900868, 0.6192682622734069220, -0.8011496496916047372 ) ) ;
#5902 = CARTESIAN_POINT ( 'NONE',  ( -1.857131350946074733, -0.3170337998483053754, -0.9174999999999992051 ) ) ;
#5903 = VECTOR ( 'NONE', #1290, 39.37007874015748143 ) ;
#5904 = ORIENTED_EDGE ( 'NONE', *, *, #2920, .T. ) ;
#5905 = DIRECTION ( 'NONE',  ( 1.865610830299460480E-15, -1.000000000000000000, 0.000000000000000000 ) ) ;
#5906 = DIRECTION ( 'NONE',  ( -0.7071067811865475727, -0.7071067811865475727, 0.000000000000000000 ) ) ;
#5907 = AXIS2_PLACEMENT_3D ( 'NONE', #7539, #5304, #2549 ) ;
#5908 = FACE_OUTER_BOUND ( 'NONE', #7279, .T. ) ;
#5909 = CARTESIAN_POINT ( 'NONE',  ( -2.390625000000005773, 0.6404979548822425928, -0.9499999999999999556 ) ) ;
#5910 = VERTEX_POINT ( 'NONE', #8163 ) ;
#5911 = EDGE_CURVE ( 'NONE', #826, #1256, #6123, .T. ) ;
#5912 = AXIS2_PLACEMENT_3D ( 'NONE', #2193, #853, #4575 ) ;
#5913 = EDGE_CURVE ( 'NONE', #5087, #6306, #7549, .T. ) ;
#5914 = DIRECTION ( 'NONE',  ( 0.000000000000000000, 0.000000000000000000, -1.000000000000000000 ) ) ;
#5915 = ORIENTED_EDGE ( 'NONE', *, *, #8285, .T. ) ;
#5916 = ADVANCED_FACE ( 'NONE', ( #1787 ), #405, .F. ) ;
#5917 = VECTOR ( 'NONE', #6217, 39.37007874015747433 ) ;
#5918 = CARTESIAN_POINT ( 'NONE',  ( 1.709023164035692322, 0.1355439743007467723, -0.3960606752794166852 ) ) ;
#5919 = FACE_OUTER_BOUND ( 'NONE', #5667, .T. ) ;
#5920 = DIRECTION ( 'NONE',  ( 0.8660254037844401509, -0.4999999999999972800, -0.000000000000000000 ) ) ;
#5921 = CARTESIAN_POINT ( 'NONE',  ( -2.495027466214037926, -0.5833721649176392132, -0.8157121042078545603 ) ) ;
#5922 = VERTEX_POINT ( 'NONE', #6228 ) ;
#5923 = EDGE_CURVE ( 'NONE', #7770, #3756, #976, .T. ) ;
#5924 = EDGE_LOOP ( 'NONE', ( #8611, #4480, #8368, #8899 ) ) ;
#5925 = CARTESIAN_POINT ( 'NONE',  ( 1.951875000000037774, -7.851670702494980790E-15, -0.9499999999999999556 ) ) ;
#5926 = AXIS2_PLACEMENT_3D ( 'NONE', #7513, #2575, #3337 ) ;
#5927 = CARTESIAN_POINT ( 'NONE',  ( 2.558872638562463830, 0.05622084583890603338, 0.2500000000000000555 ) ) ;
#5928 = EDGE_LOOP ( 'NONE', ( #1284, #2943, #4198, #104 ) ) ;
#5929 = ORIENTED_EDGE ( 'NONE', *, *, #827, .T. ) ;
#5930 = DIRECTION ( 'NONE',  ( 0.000000000000000000, 0.000000000000000000, -1.000000000000000000 ) ) ;
#5931 = DIRECTION ( 'NONE',  ( 0.000000000000000000, 1.000000000000000000, 0.000000000000000000 ) ) ;
#5932 = CONICAL_SURFACE ( 'NONE', #7159, 0.04249999999999893446, 0.7853981633974441712 ) ;
#5933 = DIRECTION ( 'NONE',  ( 0.000000000000000000, 0.000000000000000000, 1.000000000000000000 ) ) ;
#5934 = VERTEX_POINT ( 'NONE', #1080 ) ;
#5935 = EDGE_CURVE ( 'NONE', #8502, #8135, #986, .T. ) ;
#5936 = CARTESIAN_POINT ( 'NONE',  ( -1.859375000000026645, 0.3476343040826244679, 0.000000000000000000 ) ) ;
#5937 = ORIENTED_EDGE ( 'NONE', *, *, #7593, .F. ) ;
#5938 = CARTESIAN_POINT ( 'NONE',  ( -2.211547108317881705, -0.4288541104406127791, -0.4100878509056114507 ) ) ;
#5939 = ORIENTED_EDGE ( 'NONE', *, *, #5333, .F. ) ;
#5940 = VECTOR ( 'NONE', #7171, 39.37007874015748143 ) ;
#5941 = DIRECTION ( 'NONE',  ( 0.000000000000000000, 0.000000000000000000, 1.000000000000000000 ) ) ;
#5942 = PLANE ( 'NONE',  #6907 ) ;
#5943 = LINE ( 'NONE', #7370, #6379 ) ;
#5944 =( LENGTH_UNIT ( ) NAMED_UNIT ( * ) SI_UNIT ( $, .METRE. ) );
#5945 = ORIENTED_EDGE ( 'NONE', *, *, #8549, .F. ) ;
#5946 = LINE ( 'NONE', #3728, #8127 ) ;
#5947 = VERTEX_POINT ( 'NONE', #3231 ) ;
#5948 = EDGE_LOOP ( 'NONE', ( #957, #1913, #7928, #2582, #9195, #9064, #8642, #4982, #8025, #3554, #7042, #6196, #3847, #7429, #3556, #7332, #5055, #6884, #554, #7703, #3861, #4768 ) ) ;
#5949 = CARTESIAN_POINT ( 'NONE',  ( 2.059687500000002558, 0.1131245683693413717, -0.2600000000000000089 ) ) ;
#5950 = DIRECTION ( 'NONE',  ( -1.000000000000000000, 0.000000000000000000, 0.000000000000000000 ) ) ;
#5951 = ORIENTED_EDGE ( 'NONE', *, *, #491, .F. ) ;
#5952 = DIRECTION ( 'NONE',  ( 0.000000000000000000, 0.000000000000000000, 1.000000000000000000 ) ) ;
#5953 = FACE_BOUND ( 'NONE', #9082, .T. ) ;
#5954 = DIRECTION ( 'NONE',  ( 0.4999999999999918954, -0.8660254037844431485, -0.000000000000000000 ) ) ;
#5955 = CARTESIAN_POINT ( 'NONE',  ( -1.953125755744734127, -0.2991391718944229061, -0.9499999999999999556 ) ) ;
#5956 = B_SPLINE_CURVE_WITH_KNOTS ( 'NONE', 3,
 ( #9304, #1394, #10, #9395 ),
 .UNSPECIFIED., .F., .F.,
 ( 4, 4 ),
 ( 4.848749842468926940E-05, 0.001266630838601816821 ),
 .UNSPECIFIED. ) ;
#5957 = ORIENTED_EDGE ( 'NONE', *, *, #8349, .F. ) ;
#5958 = CARTESIAN_POINT ( 'NONE',  ( 2.125000000000000000, 0.000000000000000000, -0.7350000000000006528 ) ) ;
#5959 = EDGE_LOOP ( 'NONE', ( #419, #2527, #7207, #7031, #9230, #387, #8934, #303 ) ) ;
#5960 = DIRECTION ( 'NONE',  ( -0.000000000000000000, 1.000000000000000000, -0.000000000000000000 ) ) ;
#5961 = EDGE_CURVE ( 'NONE', #2091, #4909, #8981, .T. ) ;
#5962 = DIRECTION ( 'NONE',  ( 8.741913579725640721E-15, 1.000000000000000000, 0.000000000000000000 ) ) ;
#5963 = DIRECTION ( 'NONE',  ( 0.5000000000000041078, 0.8660254037844363761, 0.000000000000000000 ) ) ;
#5964 = EDGE_CURVE ( 'NONE', #1691, #5888, #2465, .T. ) ;
#5965 = EDGE_CURVE ( 'NONE', #2521, #7889, #3262, .T. ) ;
#5966 = AXIS2_PLACEMENT_3D ( 'NONE', #2297, #5906, #5148 ) ;
#5967 = CYLINDRICAL_SURFACE ( 'NONE', #7007, 0.009999999999999892655 ) ;
#5968 = ORIENTED_EDGE ( 'NONE', *, *, #8295, .T. ) ;
#5969 = EDGE_LOOP ( 'NONE', ( #250, #6813, #3110, #3266 ) ) ;
#5970 = DIRECTION ( 'NONE',  ( 0.000000000000000000, 0.000000000000000000, 1.000000000000000000 ) ) ;
#5971 = CIRCLE ( 'NONE', #3857, 0.06424999999999973788 ) ;
#5972 = DIRECTION ( 'NONE',  ( 1.000000000000000000, 0.000000000000000000, 1.561055996379593034E-16 ) ) ;
#5973 = ORIENTED_EDGE ( 'NONE', *, *, #2443, .F. ) ;
#5974 = ORIENTED_EDGE ( 'NONE', *, *, #2480, .T. ) ;
#5975 = FACE_OUTER_BOUND ( 'NONE', #3361, .T. ) ;
#5976 = EDGE_CURVE ( 'NONE', #8609, #3675, #3464, .T. ) ;
#5977 = CARTESIAN_POINT ( 'NONE',  ( 1.483749999999971925, -0.1703183294109479606, -0.9499999999999999556 ) ) ;
#5978 = STYLED_ITEM ( 'NONE', ( #2099 ), #2187 ) ;
#5979 = CARTESIAN_POINT ( 'NONE',  ( -1.262374999999988257, 0.000000000000000000, 5.578266170116183356E-17 ) ) ;
#5980 = EDGE_LOOP ( 'NONE', ( #7525, #835, #5838, #8073 ) ) ;
#5981 = DIRECTION ( 'NONE',  ( 0.000000000000000000, 0.000000000000000000, 1.000000000000000000 ) ) ;
#5982 = VERTEX_POINT ( 'NONE', #9274 ) ;
#5983 = CARTESIAN_POINT ( 'NONE',  ( 2.436921483098145824, -0.01912127111213557731, -0.2545484930337157947 ) ) ;
#5984 = VERTEX_POINT ( 'NONE', #2749 ) ;
#5985 = ADVANCED_FACE ( 'NONE', ( #552 ), #8550, .F. ) ;
#5986 = PLANE ( 'NONE',  #2489 ) ;
#5987 = ADVANCED_FACE ( 'NONE', ( #2796 ), #5648, .T. ) ;
#5988 = CARTESIAN_POINT ( 'NONE',  ( -2.211562499999971898, 0.1499306480301514644, -0.9499999999999999556 ) ) ;
#5989 = AXIS2_PLACEMENT_3D ( 'NONE', #5563, #4150, #3096 ) ;
#5990 = CARTESIAN_POINT ( 'NONE',  ( 1.691127361437541943, 0.05622084583895081006, -0.8474999999999995870 ) ) ;
#5991 = PRESENTATION_STYLE_ASSIGNMENT (( #8805 ) ) ;
#5992 = CARTESIAN_POINT ( 'NONE',  ( -2.453245442160275402, 0.01039493631537721091, -0.9499999999999999556 ) ) ;
#5993 = ORIENTED_EDGE ( 'NONE', *, *, #5287, .F. ) ;
#5994 = VERTEX_POINT ( 'NONE', #8504 ) ;
#5995 = FACE_OUTER_BOUND ( 'NONE', #231, .T. ) ;
#5996 = AXIS2_PLACEMENT_3D ( 'NONE', #4714, #7696, #8313 ) ;
#5997 = VECTOR ( 'NONE', #1541, 39.37007874015748143 ) ;
#5998 = FILL_AREA_STYLE_COLOUR ( '', #4241 ) ;
#5999 = DIRECTION ( 'NONE',  ( 1.000000000000000000, -8.881784197001254296E-16, 0.000000000000000000 ) ) ;
#6000 = CARTESIAN_POINT ( 'NONE',  ( 0.000000000000000000, 0.3012499999999982969, -1.020000000000000018 ) ) ;
#6001 = DIRECTION ( 'NONE',  ( 1.000000000000000000, 0.000000000000000000, 0.000000000000000000 ) ) ;
#6002 = DIRECTION ( 'NONE',  ( 0.000000000000000000, 0.000000000000000000, -1.000000000000000000 ) ) ;
#6003 = ORIENTED_EDGE ( 'NONE', *, *, #3475, .T. ) ;
#6004 = AXIS2_PLACEMENT_3D ( 'NONE', #3824, #7287, #768 ) ;
#6005 = DIRECTION ( 'NONE',  ( 0.000000000000000000, 0.000000000000000000, -1.000000000000000000 ) ) ;
#6006 = VERTEX_POINT ( 'NONE', #1887 ) ;
#6007 = CARTESIAN_POINT ( 'NONE',  ( -2.125000000000000000, 0.000000000000000000, 0.2500000000000000555 ) ) ;
#6008 = DIRECTION ( 'NONE',  ( -0.8660254037844424824, -0.4999999999999936162, 0.000000000000000000 ) ) ;
#6009 = CARTESIAN_POINT ( 'NONE',  ( -2.487700201892215635, -0.3717848224071855223, -0.6642499999999997851 ) ) ;
#6010 = DIRECTION ( 'NONE',  ( 0.4999999999999982792, -0.8660254037844398178, -0.000000000000000000 ) ) ;
#6011 = ORIENTED_EDGE ( 'NONE', *, *, #3504, .T. ) ;
#6012 = ORIENTED_EDGE ( 'NONE', *, *, #8469, .F. ) ;
#6013 = ORIENTED_EDGE ( 'NONE', *, *, #2255, .T. ) ;
#6014 = CARTESIAN_POINT ( 'NONE',  ( -2.303268710655843154, -0.2566793367103619161, -0.2499999999999999722 ) ) ;
#6015 = EDGE_CURVE ( 'NONE', #5572, #2, #8599, .T. ) ;
#6016 = EDGE_CURVE ( 'NONE', #6220, #593, #2078, .T. ) ;
#6017 = CARTESIAN_POINT ( 'NONE',  ( 2.426294072553244696, 0.3173240701936254626, -0.3630944694227261627 ) ) ;
#6018 = ORIENTED_EDGE ( 'NONE', *, *, #7707, .T. ) ;
#6019 = VERTEX_POINT ( 'NONE', #6319 ) ;
#6020 = CARTESIAN_POINT ( 'NONE',  ( -1.859375000000008882, 0.6404979548822717916, -0.6999999999999999556 ) ) ;
#6021 = FACE_OUTER_BOUND ( 'NONE', #8598, .T. ) ;
#6022 = DIRECTION ( 'NONE',  ( -0.000000000000000000, -1.000000000000000000, 0.000000000000000000 ) ) ;
#6023 = EDGE_CURVE ( 'NONE', #1033, #1238, #7074, .T. ) ;
#6024 = ORIENTED_EDGE ( 'NONE', *, *, #5699, .F. ) ;
#6025 = ORIENTED_EDGE ( 'NONE', *, *, #4001, .T. ) ;
#6026 = CARTESIAN_POINT ( 'NONE',  ( -1.951875000000022009, 0.3904979548822711810, -0.9499999999999999556 ) ) ;
#6027 = EDGE_CURVE ( 'NONE', #5531, #5348, #4896, .T. ) ;
#6028 = ORIENTED_EDGE ( 'NONE', *, *, #3921, .F. ) ;
#6029 = ADVANCED_FACE ( 'NONE', ( #4983 ), #8451, .F. ) ;
#6030 = CARTESIAN_POINT ( 'NONE',  ( -1.667839780658681992, -0.2382494887205523215, 0.000000000000000000 ) ) ;
#6031 = ORIENTED_EDGE ( 'NONE', *, *, #2723, .T. ) ;
#6032 = VECTOR ( 'NONE', #2618, 39.37007874015748143 ) ;
#6033 = CARTESIAN_POINT ( 'NONE',  ( 2.453125000000005329, 0.6404979548822425928, -0.4150000000000000910 ) ) ;
#6034 = AXIS2_PLACEMENT_3D ( 'NONE', #2933, #4420, #871 ) ;
#6035 = LENGTH_MEASURE_WITH_UNIT ( LENGTH_MEASURE( 0.02539999999999999897 ), #184 );
#6036 = CARTESIAN_POINT ( 'NONE',  ( -1.984375000000025979, 0.2790714234295686436, -0.9174999999999992051 ) ) ;
#6037 = VERTEX_POINT ( 'NONE', #7882 ) ;
#6038 = DIRECTION ( 'NONE',  ( -0.4999999999999903966, -0.8660254037844442587, -0.000000000000000000 ) ) ;
#6039 = EDGE_CURVE ( 'NONE', #5554, #1326, #656, .T. ) ;
#6040 = CYLINDRICAL_SURFACE ( 'NONE', #5710, 0.06249999999999967387 ) ;
#6041 = ORIENTED_EDGE ( 'NONE', *, *, #3297, .T. ) ;
#6042 = VERTEX_POINT ( 'NONE', #3565 ) ;
#6043 = AXIS2_PLACEMENT_3D ( 'NONE', #5066, #2022, #7162 ) ;
#6044 = EDGE_CURVE ( 'NONE', #4439, #5401, #2702, .T. ) ;
#6045 = VECTOR ( 'NONE', #3401, 39.37007874015748143 ) ;
#6046 = CARTESIAN_POINT ( 'NONE',  ( -1.406249999999996003, -0.03608439182434083903, -0.4650000000000000799 ) ) ;
#6047 = DIRECTION ( 'NONE',  ( 0.000000000000000000, 0.000000000000000000, 1.000000000000000000 ) ) ;
#6048 = FACE_OUTER_BOUND ( 'NONE', #3316, .T. ) ;
#6049 = CARTESIAN_POINT ( 'NONE',  ( 1.499999999999997113, -0.1984641550339285576, -0.6999999999999999556 ) ) ;
#6050 = DIRECTION ( 'NONE',  ( 0.5000000000000056621, 0.8660254037844353769, 0.000000000000000000 ) ) ;
#6051 = AXIS2_PLACEMENT_3D ( 'NONE', #1716, #292, #1862 ) ;
#6052 = CIRCLE ( 'NONE', #3023, 0.04250000000000140471 ) ;
#6053 = VECTOR ( 'NONE', #2325, 39.37007874015747433 ) ;
#6054 = ORIENTED_EDGE ( 'NONE', *, *, #1669, .T. ) ;
#6055 = CARTESIAN_POINT ( 'NONE',  ( -2.330368649053886632, -0.4252869753213685544, -0.6999999999999999556 ) ) ;
#6056 = ORIENTED_EDGE ( 'NONE', *, *, #8250, .T. ) ;
#6057 = EDGE_CURVE ( 'NONE', #8832, #3269, #599, .T. ) ;
#6058 = EDGE_CURVE ( 'NONE', #8354, #883, #1171, .T. ) ;
#6059 =( GEOMETRIC_REPRESENTATION_CONTEXT ( 3 ) GLOBAL_UNCERTAINTY_ASSIGNED_CONTEXT ( ( #4169 ) ) GLOBAL_UNIT_ASSIGNED_CONTEXT ( ( #8174, #2332, #2376 ) ) REPRESENTATION_CONTEXT ( 'NONE', 'WORKASPACE' ) );
#6060 = DIRECTION ( 'NONE',  ( 0.8660254037844378194, 0.5000000000000012212, 0.000000000000000000 ) ) ;
#6061 = CIRCLE ( 'NONE', #7420, 0.04449999999999948441 ) ;
#6062 = ORIENTED_EDGE ( 'NONE', *, *, #7604, .F. ) ;
#6063 = LINE ( 'NONE', #159, #5997 ) ;
#6064 = CARTESIAN_POINT ( 'NONE',  ( 1.504999999999972138, -0.2071244090717875574, -0.2600000000000000089 ) ) ;
#6065 = CONICAL_SURFACE ( 'NONE', #8337, 0.2824999999999993072, 0.7853981633974456145 ) ;
#6066 = DIRECTION ( 'NONE',  ( 7.249756350802272209E-14, -1.000000000000000000, -0.000000000000000000 ) ) ;
#6067 = EDGE_LOOP ( 'NONE', ( #3683, #2103, #9054, #2077 ) ) ;
#6068 = CIRCLE ( 'NONE', #897, 0.06424999999999959910 ) ;
#6069 = CARTESIAN_POINT ( 'NONE',  ( -1.437499999999994893, -0.09021097956086808478, -0.6999999999999999556 ) ) ;
#6070 = CARTESIAN_POINT ( 'NONE',  ( -2.298124999999998419, 0.3904979548822424817, -0.9499999999999999556 ) ) ;
#6071 = ORIENTED_EDGE ( 'NONE', *, *, #9355, .F. ) ;
#6072 = EDGE_LOOP ( 'NONE', ( #7307, #5491, #5416, #870 ) ) ;
#6073 = DIRECTION ( 'NONE',  ( -0.000000000000000000, -1.000000000000000000, 0.000000000000000000 ) ) ;
#6074 = CARTESIAN_POINT ( 'NONE',  ( -1.984375000000010880, 0.6079979548822667113, -0.5357500000000000595 ) ) ;
#6075 = DIRECTION ( 'NONE',  ( -1.000000000000000000, 4.178120460898296477E-14, 0.000000000000000000 ) ) ;
#6076 = CIRCLE ( 'NONE', #450, 0.06424999999999986278 ) ;
#6077 = ORIENTED_EDGE ( 'NONE', *, *, #2097, .F. ) ;
#6078 = DIRECTION ( 'NONE',  ( -0.2588190451024698358, 0.9659258262890819680, 0.000000000000000000 ) ) ;
#6079 = VERTEX_POINT ( 'NONE', #6981 ) ;
#6080 = FACE_OUTER_BOUND ( 'NONE', #6672, .T. ) ;
#6081 = ORIENTED_EDGE ( 'NONE', *, *, #201, .T. ) ;
#6082 = CARTESIAN_POINT ( 'NONE',  ( -1.406249999999996003, -0.03608439182434083903, -0.7849999999999999201 ) ) ;
#6083 = VECTOR ( 'NONE', #6754, 39.37007874015748143 ) ;
#6084 = ADVANCED_FACE ( 'NONE', ( #1222 ), #4139, .F. ) ;
#6085 = DIRECTION ( 'NONE',  ( -0.5000000000000039968, -0.8660254037844362651, 0.000000000000000000 ) ) ;
#6086 = DIRECTION ( 'NONE',  ( 0.8660254037844363761, 0.5000000000000041078, 0.000000000000000000 ) ) ;
#6087 = EDGE_CURVE ( 'NONE', #2706, #5825, #6272, .T. ) ;
#6088 = DIRECTION ( 'NONE',  ( 0.000000000000000000, 0.000000000000000000, 1.000000000000000000 ) ) ;
#6089 = ORIENTED_EDGE ( 'NONE', *, *, #2017, .F. ) ;
#6090 = EDGE_CURVE ( 'NONE', #1016, #8274, #9217, .T. ) ;
#6091 = CARTESIAN_POINT ( 'NONE',  ( 1.691127361437541943, 0.05622084583895026189, -0.9499999999999999556 ) ) ;
#6092 = ORIENTED_EDGE ( 'NONE', *, *, #5532, .T. ) ;
#6093 = VERTEX_POINT ( 'NONE', #837 ) ;
#6094 = CIRCLE ( 'NONE', #7000, 0.1124999999999999611 ) ;
#6095 = B_SPLINE_CURVE_WITH_KNOTS ( 'NONE', 3,
 ( #1487, #6303, #3405, #2016, #8488, #9305, #5676, #1873, #3503, #6207, #4783, #7816, #6403, #7105, #6916, #4828 ),
 .UNSPECIFIED., .F., .F.,
 ( 4, 2, 2, 2, 2, 2, 2, 4 ),
 ( 0.002937417615281280245, 0.003303932797524180252, 0.003670447979767080260, 0.004036963162009980267, 0.004403478344252880275, 0.004769993526495780282, 0.005136508708738680290, 0.005869539073224497652 ),
 .UNSPECIFIED. ) ;
#6096 = DIRECTION ( 'NONE',  ( 0.4999999999999920064, -0.8660254037844433705, 0.000000000000000000 ) ) ;
#6097 = VERTEX_POINT ( 'NONE', #2843 ) ;
#6098 = DIRECTION ( 'NONE',  ( -0.000000000000000000, -0.000000000000000000, -1.000000000000000000 ) ) ;
#6099 = CARTESIAN_POINT ( 'NONE',  ( -1.524438346324294535, -0.1841894933135193591, -0.2499999999999999722 ) ) ;
#6100 = DIRECTION ( 'NONE',  ( -0.8660254037844136166, -0.5000000000000432987, 0.000000000000000000 ) ) ;
#6101 = LINE ( 'NONE', #7574, #596 ) ;
#6102 = CARTESIAN_POINT ( 'NONE',  ( 2.298124999999997087, -5.234271894785144470E-16, -0.9499999999999999556 ) ) ;
#6103 = EDGE_CURVE ( 'NONE', #3211, #2128, #5827, .T. ) ;
#6104 = ORIENTED_EDGE ( 'NONE', *, *, #4649, .T. ) ;
#6105 = PLANE ( 'NONE',  #7220 ) ;
#6106 = ORIENTED_EDGE ( 'NONE', *, *, #920, .T. ) ;
#6107 = CARTESIAN_POINT ( 'NONE',  ( -1.621674798107783033, -0.1282151775928082327, -0.6642499999999997851 ) ) ;
#6108 = CARTESIAN_POINT ( 'NONE',  ( 1.437499999999995559, -0.09021097956087463510, 0.2500000000000000555 ) ) ;
#6109 = DIRECTION ( 'NONE',  ( 0.8660254037844363761, 0.5000000000000041078, 0.000000000000000000 ) ) ;
#6110 = ADVANCED_FACE ( 'NONE', ( #8109 ), #7977, .F. ) ;
#6111 = B_SPLINE_CURVE_WITH_KNOTS ( 'NONE', 3,
 ( #2800, #7030, #4942, #5652, #8454, #1939, #4987, #7176, #9220, #659, #1993, #4899, #7887, #2705, #1318, #6469 ),
 .UNSPECIFIED., .F., .F.,
 ( 4, 2, 2, 2, 2, 2, 2, 4 ),
 ( 0.002937417615281280245, 0.003303932797524180252, 0.003670447979767080260, 0.004036963162009980267, 0.004403478344252880275, 0.004769993526495780282, 0.005136508708738680290, 0.005869539073224497652 ),
 .UNSPECIFIED. ) ;
#6112 = DIRECTION ( 'NONE',  ( -0.8660254037844394848, -0.4999999999999986677, 0.000000000000000000 ) ) ;
#6113 = ORIENTED_EDGE ( 'NONE', *, *, #3213, .F. ) ;
#6114 = PLANE ( 'NONE',  #8791 ) ;
#6115 = FACE_OUTER_BOUND ( 'NONE', #337, .T. ) ;
#6116 = CARTESIAN_POINT ( 'NONE',  ( -1.693960409374950515, 0.07547606997295899789, -0.8460649621165567957 ) ) ;
#6117 = ORIENTED_EDGE ( 'NONE', *, *, #5264, .T. ) ;
#6118 = EDGE_LOOP ( 'NONE', ( #9065, #1254, #769, #5576 ) ) ;
#6119 = PLANE ( 'NONE',  #5034 ) ;
#6120 = DIRECTION ( 'NONE',  ( 0.9659258262890686453, -0.2588190451025195737, 0.000000000000000000 ) ) ;
#6121 = DIRECTION ( 'NONE',  ( 0.4999999999999533151, -0.8660254037844655750, 0.000000000000000000 ) ) ;
#6122 = VERTEX_POINT ( 'NONE', #9367 ) ;
#6123 = LINE ( 'NONE', #6026, #2043 ) ;
#6124 = DIRECTION ( 'NONE',  ( -1.000000000000000000, -8.881784197001249365E-16, 0.000000000000000000 ) ) ;
#6125 = ORIENTED_EDGE ( 'NONE', *, *, #5845, .F. ) ;
#6126 = FACE_OUTER_BOUND ( 'NONE', #7387, .T. ) ;
#6127 = AXIS2_PLACEMENT_3D ( 'NONE', #8040, #6573, #8843 ) ;
#6128 = DIRECTION ( 'NONE',  ( 0.000000000000000000, 0.000000000000000000, 1.000000000000000000 ) ) ;
#6129 = LINE ( 'NONE', #6986, #6690 ) ;
#6130 = CARTESIAN_POINT ( 'NONE',  ( 1.526472947664363700, -0.1851221723487110338, -0.2499999999999999722 ) ) ;
#6131 = LINE ( 'NONE', #6091, #1141 ) ;
#6132 = ORIENTED_EDGE ( 'NONE', *, *, #8085, .F. ) ;
#6133 = VERTEX_POINT ( 'NONE', #9415 ) ;
#6134 = CONICAL_SURFACE ( 'NONE', #7347, 0.3449999999999983635, 0.7853981633974514986 ) ;
#6135 = CARTESIAN_POINT ( 'NONE',  ( 1.703124999999971134, -0.5502869753213720516, 0.9499999999999999556 ) ) ;
#6136 = ORIENTED_EDGE ( 'NONE', *, *, #3474, .T. ) ;
#6137 = EDGE_CURVE ( 'NONE', #3976, #2128, #6465, .T. ) ;
#6138 = EDGE_CURVE ( 'NONE', #2479, #101, #2577, .T. ) ;
#6139 = VECTOR ( 'NONE', #3277, 39.37007874015748143 ) ;
#6140 = LINE ( 'NONE', #3157, #7401 ) ;
#6141 = LINE ( 'NONE', #7475, #1564 ) ;
#6142 = DIRECTION ( 'NONE',  ( 0.000000000000000000, 0.000000000000000000, -1.000000000000000000 ) ) ;
#6143 = PLANE ( 'NONE',  #1193 ) ;
#6144 = VERTEX_POINT ( 'NONE', #5117 ) ;
#6145 = VERTEX_POINT ( 'NONE', #1452 ) ;
#6146 = AXIS2_PLACEMENT_3D ( 'NONE', #5040, #6328, #562 ) ;
#6147 = COLOUR_RGB ( '',0.7529411764705882248, 0.7529411764705882248, 0.7529411764705882248 ) ;
#6148 = CARTESIAN_POINT ( 'NONE',  ( 2.581229174377005720, -0.4257837998483106068, -0.6999999999999999556 ) ) ;
#6149 = ORIENTED_EDGE ( 'NONE', *, *, #6612, .T. ) ;
#6150 = EDGE_CURVE ( 'NONE', #2057, #3734, #881, .T. ) ;
#6151 = EDGE_CURVE ( 'NONE', #5726, #2564, #437, .T. ) ;
#6152 = DIRECTION ( 'NONE',  ( 0.000000000000000000, 0.000000000000000000, 1.000000000000000000 ) ) ;
#6153 = LINE ( 'NONE', #8242, #9386 ) ;
#6154 = DIRECTION ( 'NONE',  ( -0.4999999999999964473, 0.8660254037844409281, 0.000000000000000000 ) ) ;
#6155 = CIRCLE ( 'NONE', #7675, 0.4374999999999959477 ) ;
#6156 = DIRECTION ( 'NONE',  ( 1.000000000000000000, 0.000000000000000000, 0.000000000000000000 ) ) ;
#6157 = ORIENTED_EDGE ( 'NONE', *, *, #4614, .F. ) ;
#6158 = DIRECTION ( 'NONE',  ( 0.8660254037844399289, -0.4999999999999981126, 0.000000000000000000 ) ) ;
#6159 = EDGE_CURVE ( 'NONE', #2564, #6512, #747, .T. ) ;
#6160 = ORIENTED_EDGE ( 'NONE', *, *, #5766, .F. ) ;
#6161 = DIRECTION ( 'NONE',  ( -1.000000000000000000, 0.000000000000000000, 0.000000000000000000 ) ) ;
#6162 = VECTOR ( 'NONE', #8046, 39.37007874015748143 ) ;
#6163 = EDGE_CURVE ( 'NONE', #8384, #6248, #5762, .T. ) ;
#6164 = DIRECTION ( 'NONE',  ( -0.4999999999999920619, -0.8660254037844432595, -2.185478394931430691E-15 ) ) ;
#6165 = VERTEX_POINT ( 'NONE', #8738 ) ;
#6166 = ORIENTED_EDGE ( 'NONE', *, *, #5387, .F. ) ;
#6167 = CARTESIAN_POINT ( 'NONE',  ( 2.125000000000000000, 0.4764989774411177437, -0.2500000000000000555 ) ) ;
#6168 = CARTESIAN_POINT ( 'NONE',  ( 2.498039216857761424, -0.5924136477334630557, -0.8011496496916044041 ) ) ;
#6169 = DIRECTION ( 'NONE',  ( -1.000000000000000000, 0.000000000000000000, 2.185478394931412547E-15 ) ) ;
#6170 = ORIENTED_EDGE ( 'NONE', *, *, #2545, .T. ) ;
#6171 = ORIENTED_EDGE ( 'NONE', *, *, #2020, .F. ) ;
#6172 = CARTESIAN_POINT ( 'NONE',  ( -2.296370442160278635, -0.2613205341219648759, -0.9499999999999999556 ) ) ;
#6173 = ADVANCED_FACE ( 'NONE', ( #3658 ), #2271, .T. ) ;
#6174 = EDGE_CURVE ( 'NONE', #2792, #5719, #5167, .T. ) ;
#6175 = LINE ( 'NONE', #317, #6828 ) ;
#6176 = ORIENTED_EDGE ( 'NONE', *, *, #442, .T. ) ;
#6177 = DIRECTION ( 'NONE',  ( 0.3535533905933037069, 0.6123724356957755965, -0.7071067811865489050 ) ) ;
#6178 = DIRECTION ( 'NONE',  ( 0.5000000000000066613, 0.8660254037844348218, 0.000000000000000000 ) ) ;
#6179 = CARTESIAN_POINT ( 'NONE',  ( 1.437499999999995337, -0.09021097956086862601, -0.3525000000000004241 ) ) ;
#6180 = ORIENTED_EDGE ( 'NONE', *, *, #4945, .T. ) ;
#6181 = CARTESIAN_POINT ( 'NONE',  ( -2.546874999999995559, -0.5502869753213698312, -0.8474999999999995870 ) ) ;
#6182 = CARTESIAN_POINT ( 'NONE',  ( -2.390625000000005773, 0.6404979548822425928, -0.6999999999999999556 ) ) ;
#6183 = EDGE_LOOP ( 'NONE', ( #2652, #3706, #7689, #4819 ) ) ;
#6184 = ORIENTED_EDGE ( 'NONE', *, *, #2092, .F. ) ;
#6185 = VECTOR ( 'NONE', #640, 39.37007874015748143 ) ;
#6186 = CARTESIAN_POINT ( 'NONE',  ( 1.859375000000008882, 0.6404979548822717916, -0.6999999999999999556 ) ) ;
#6187 = VERTEX_POINT ( 'NONE', #5209 ) ;
#6188 = VECTOR ( 'NONE', #4223, 39.37007874015747433 ) ;
#6189 = CARTESIAN_POINT ( 'NONE',  ( -1.769157665914542266, -0.5121629978800764649, -0.5999999999999999778 ) ) ;
#6190 = CARTESIAN_POINT ( 'NONE',  ( 2.436168188425644310, -0.02882027952503101939, -0.2500000000000000555 ) ) ;
#6191 = CARTESIAN_POINT ( 'NONE',  ( 1.813077364016591808, -0.01910481914323328145, -0.2545603832415577195 ) ) ;
#6192 = DIRECTION ( 'NONE',  ( 0.6560590289905091632, 8.034405899049475986E-17, -0.7547095802227703487 ) ) ;
#6193 = VECTOR ( 'NONE', #7803, 39.37007874015748143 ) ;
#6194 = VERTEX_POINT ( 'NONE', #2939 ) ;
#6195 = AXIS2_PLACEMENT_3D ( 'NONE', #3590, #9390, #2155 ) ;
#6196 = ORIENTED_EDGE ( 'NONE', *, *, #5961, .T. ) ;
#6197 = CARTESIAN_POINT ( 'NONE',  ( -1.699542257703421821, 0.1022662857439728679, -0.3630944694227262737 ) ) ;
#6198 = ORIENTED_EDGE ( 'NONE', *, *, #8120, .T. ) ;
#6199 = ORIENTED_EDGE ( 'NONE', *, *, #5730, .F. ) ;
#6200 = CARTESIAN_POINT ( 'NONE',  ( 2.293247638562451396, -0.4038551499215468632, -0.9499999999999999556 ) ) ;
#6201 = ORIENTED_EDGE ( 'NONE', *, *, #1086, .F. ) ;
#6202 = CONICAL_SURFACE ( 'NONE', #2251, 0.2175000000000023859, 0.7853981633974543852 ) ;
#6203 = CARTESIAN_POINT ( 'NONE',  ( 1.504999999999972138, -0.2071244090717874464, -0.2600000000000000089 ) ) ;
#6204 = CIRCLE ( 'NONE', #7411, 0.2500000000000000000 ) ;
#6205 = DIRECTION ( 'NONE',  ( 0.4999999999999903966, -0.8660254037844442587, -0.000000000000000000 ) ) ;
#6206 = CIRCLE ( 'NONE', #5598, 0.04449999999999948441 ) ;
#6207 = CARTESIAN_POINT ( 'NONE',  ( -2.245139493911575190, -0.4207011105259209072, -0.8342758506934097040 ) ) ;
#6208 = EDGE_CURVE ( 'NONE', #8878, #398, #1408, .T. ) ;
#6209 = DIRECTION ( 'NONE',  ( 1.000000000000000000, 0.000000000000000000, 0.000000000000000000 ) ) ;
#6210 = EDGE_LOOP ( 'NONE', ( #3202, #9245, #9025, #6344, #4524, #859, #7260, #3142, #3301, #6160 ) ) ;
#6211 = EDGE_CURVE ( 'NONE', #6122, #8963, #6833, .T. ) ;
#6212 = ADVANCED_FACE ( 'NONE', ( #4429 ), #1654, .F. ) ;
#6213 = DIRECTION ( 'NONE',  ( -0.000000000000000000, -0.000000000000000000, -1.000000000000000000 ) ) ;
#6214 = AXIS2_PLACEMENT_3D ( 'NONE', #3395, #428, #477 ) ;
#6215 = B_SPLINE_CURVE_WITH_KNOTS ( 'NONE', 3,
 ( #3230, #1697, #9024, #8928, #4610, #4044, #9122, #1837, #3321, #7500 ),
 .UNSPECIFIED., .F., .F.,
 ( 4, 2, 2, 2, 4 ),
 ( 0.000000000000000000, 0.0003734599253471661100, 0.0007469198506943274495, 0.001120379776041488789, 0.001493839701388649912 ),
 .UNSPECIFIED. ) ;
#6216 = AXIS2_PLACEMENT_3D ( 'NONE', #7126, #3377, #4897 ) ;
#6217 = DIRECTION ( 'NONE',  ( 0.5000000000000041078, 0.8660254037844363761, 2.185478394931412547E-15 ) ) ;
#6218 = CARTESIAN_POINT ( 'NONE',  ( 2.390625000000005329, 0.3476343040825998765, -0.3525000000000004241 ) ) ;
#6219 = COLOUR_RGB ( '',0.3764705882352941124, 0.3843137254901960453, 0.3843137254901960453 ) ;
#6220 = VERTEX_POINT ( 'NONE', #703 ) ;
#6221 = CARTESIAN_POINT ( 'NONE',  ( -1.984375000000010880, 0.6079979548822667113, -0.9499999999999999556 ) ) ;
#6222 = AXIS2_PLACEMENT_3D ( 'NONE', #3175, #7592, #8298 ) ;
#6223 = LINE ( 'NONE', #9067, #3212 ) ;
#6224 = EDGE_CURVE ( 'NONE', #1317, #2714, #3610, .T. ) ;
#6225 = CARTESIAN_POINT ( 'NONE',  ( 2.586229174377006057, -0.4171235458104662897, -0.2500000000000000555 ) ) ;
#6226 = ORIENTED_EDGE ( 'NONE', *, *, #8523, .T. ) ;
#6227 = AXIS2_PLACEMENT_3D ( 'NONE', #9081, #1752, #1798 ) ;
#6228 = CARTESIAN_POINT ( 'NONE',  ( -2.546874999999995559, -0.5502869753213696091, -0.3525000000000004241 ) ) ;
#6229 = CARTESIAN_POINT ( 'NONE',  ( 1.780000755744757912, 0.0007221241659221596786, -0.9499999999999999556 ) ) ;
#6230 = VERTEX_POINT ( 'NONE', #8070 ) ;
#6231 = CARTESIAN_POINT ( 'NONE',  ( 0.9376234198628758953, 0.3012499999999982969, -0.4015748031496063630 ) ) ;
#6232 = FACE_OUTER_BOUND ( 'NONE', #1830, .T. ) ;
#6233 = PLANE ( 'NONE',  #6227 ) ;
#6234 = ORIENTED_EDGE ( 'NONE', *, *, #1670, .F. ) ;
#6235 = ADVANCED_FACE ( 'NONE', ( #5078 ), #6651, .T. ) ;
#6236 = CARTESIAN_POINT ( 'NONE',  ( 1.984375000000020206, 0.4058214234295524081, -0.5999999999999999778 ) ) ;
#6237 = CARTESIAN_POINT ( 'NONE',  ( 2.453125000000005329, 0.6404979548822425928, -0.4150000000000000910 ) ) ;
#6238 = VERTEX_POINT ( 'NONE', #2504 ) ;
#6239 = EDGE_LOOP ( 'NONE', ( #5371, #3613, #5411, #5224 ) ) ;
#6240 = CARTESIAN_POINT ( 'NONE',  ( 1.306874999999987574, 0.000000000000000000, -0.2500000000000000555 ) ) ;
#6241 = EDGE_LOOP ( 'NONE', ( #7154, #5939, #2037, #2455, #7035, #8575, #1091, #7055 ) ) ;
#6242 = DIRECTION ( 'NONE',  ( 8.208687653317557480E-14, -1.000000000000000000, 0.000000000000000000 ) ) ;
#6243 = DIRECTION ( 'NONE',  ( 0.000000000000000000, 0.000000000000000000, 1.000000000000000000 ) ) ;
#6244 = PLANE ( 'NONE',  #8953 ) ;
#6245 = CARTESIAN_POINT ( 'NONE',  ( -2.390625000000005329, 0.6404979548822425928, -0.4649999999999999689 ) ) ;
#6246 = ORIENTED_EDGE ( 'NONE', *, *, #908, .F. ) ;
#6247 = CIRCLE ( 'NONE', #158, 0.06425000000000000155 ) ;
#6248 = VERTEX_POINT ( 'NONE', #7638 ) ;
#6249 = CARTESIAN_POINT ( 'NONE',  ( -1.691127361437541943, 0.05622084583895026189, -0.3525000000000004241 ) ) ;
#6250 = ORIENTED_EDGE ( 'NONE', *, *, #4071, .T. ) ;
#6251 = ORIENTED_EDGE ( 'NONE', *, *, #791, .T. ) ;
#6252 = VECTOR ( 'NONE', #9362, 39.37007874015748143 ) ;
#6253 = LINE ( 'NONE', #6200, #5735 ) ;
#6254 = ORIENTED_EDGE ( 'NONE', *, *, #8496, .F. ) ;
#6255 = AXIS2_PLACEMENT_3D ( 'NONE', #4977, #7876, #1362 ) ;
#6256 = DIRECTION ( 'NONE',  ( -1.000000000000000000, 0.000000000000000000, 0.000000000000000000 ) ) ;
#6257 = LINE ( 'NONE', #4124, #6742 ) ;
#6258 = CARTESIAN_POINT ( 'NONE',  ( 0.000000000000000000, 0.1762500000000011557, 0.000000000000000000 ) ) ;
#6259 = DIRECTION ( 'NONE',  ( 0.000000000000000000, 0.000000000000000000, 1.000000000000000000 ) ) ;
#6260 = VERTEX_POINT ( 'NONE', #973 ) ;
#6261 = DIRECTION ( 'NONE',  ( -1.000000000000000000, 0.000000000000000000, 0.000000000000000000 ) ) ;
#6262 = CARTESIAN_POINT ( 'NONE',  ( -1.956752361437507526, -0.4038551499215299323, 0.000000000000000000 ) ) ;
#6263 = EDGE_CURVE ( 'NONE', #811, #4571, #6068, .T. ) ;
#6264 = DIRECTION ( 'NONE',  ( 0.8660254037844431485, 0.4999999999999918954, 0.000000000000000000 ) ) ;
#6265 = ADVANCED_FACE ( 'NONE', ( #6702 ), #3131, .F. ) ;
#6266 = EDGE_CURVE ( 'NONE', #5885, #2171, #1970, .T. ) ;
#6267 = DIRECTION ( 'NONE',  ( 1.000000000000000000, 0.000000000000000000, 0.000000000000000000 ) ) ;
#6268 = CARTESIAN_POINT ( 'NONE',  ( 2.012499999999999734, 0.4764989774411177437, -0.2500000000000000555 ) ) ;
#6269 = CYLINDRICAL_SURFACE ( 'NONE', #1995, 0.06424999999999973788 ) ;
#6270 = ORIENTED_EDGE ( 'NONE', *, *, #442, .F. ) ;
#6271 = ORIENTED_EDGE ( 'NONE', *, *, #454, .T. ) ;
#6272 = LINE ( 'NONE', #2657, #3492 ) ;
#6273 = CARTESIAN_POINT ( 'NONE',  ( 1.477000199716365980, -0.06232895486742969643, -0.8474999999999995870 ) ) ;
#6274 = VERTEX_POINT ( 'NONE', #3892 ) ;
#6275 = EDGE_CURVE ( 'NONE', #5087, #258, #4650, .T. ) ;
#6276 = DIRECTION ( 'NONE',  ( -0.000000000000000000, -0.000000000000000000, 1.000000000000000000 ) ) ;
#6277 = DIRECTION ( 'NONE',  ( 1.000000000000000000, 7.249756350802272209E-14, -0.000000000000000000 ) ) ;
#6278 = DIRECTION ( 'NONE',  ( 4.521679437788863121E-14, 1.000000000000000000, 0.000000000000000000 ) ) ;
#6279 = DIRECTION ( 'NONE',  ( 0.4999999999999972800, -0.8660254037844402619, 0.000000000000000000 ) ) ;
#6280 = ORIENTED_EDGE ( 'NONE', *, *, #1314, .T. ) ;
#6281 = FACE_BOUND ( 'NONE', #7100, .T. ) ;
#6282 = DIRECTION ( 'NONE',  ( -0.5000000000000047740, -0.8660254037844359321, 0.000000000000000000 ) ) ;
#6283 = ORIENTED_EDGE ( 'NONE', *, *, #695, .T. ) ;
#6284 = ORIENTED_EDGE ( 'NONE', *, *, #958, .T. ) ;
#6285 = EDGE_CURVE ( 'NONE', #883, #1549, #305, .T. ) ;
#6286 = LINE ( 'NONE', #8374, #4092 ) ;
#6287 = ORIENTED_EDGE ( 'NONE', *, *, #2081, .F. ) ;
#6288 = AXIS2_PLACEMENT_3D ( 'NONE', #6740, #3126, #6830 ) ;
#6289 = CARTESIAN_POINT ( 'NONE',  ( 2.690825201892120155, -0.01996200211991487269, -0.5999999999999999778 ) ) ;
#6290 = LINE ( 'NONE', #8471, #6464 ) ;
#6291 = CARTESIAN_POINT ( 'NONE',  ( 2.487700201892215635, -0.3717848224071855223, -0.5357500000000002816 ) ) ;
#6292 = LINE ( 'NONE', #6245, #1346 ) ;
#6293 = ORIENTED_EDGE ( 'NONE', *, *, #1495, .T. ) ;
#6294 = COLOUR_RGB ( '',0.7529411764705882248, 0.7529411764705882248, 0.7529411764705882248 ) ;
#6295 = ORIENTED_EDGE ( 'NONE', *, *, #3474, .F. ) ;
#6296 = LINE ( 'NONE', #7095, #8438 ) ;
#6297 = ORIENTED_EDGE ( 'NONE', *, *, #4072, .F. ) ;
#6298 = DIRECTION ( 'NONE',  ( 0.000000000000000000, 0.000000000000000000, 1.000000000000000000 ) ) ;
#6299 = EDGE_CURVE ( 'NONE', #1688, #2564, #8917, .T. ) ;
#6300 = VERTEX_POINT ( 'NONE', #3225 ) ;
#6301 = DIRECTION ( 'NONE',  ( 0.000000000000000000, -0.000000000000000000, -1.000000000000000000 ) ) ;
#6302 = CARTESIAN_POINT ( 'NONE',  ( 1.951875000000010463, 0.6404979548822711255, -0.9499999999999999556 ) ) ;
#6303 = CARTESIAN_POINT ( 'NONE',  ( -2.211547108317852839, -0.4288541104406183302, -0.7898321067049645094 ) ) ;
#6304 = AXIS2_PLACEMENT_3D ( 'NONE', #3620, #6522, #8839 ) ;
#6305 = CARTESIAN_POINT ( 'NONE',  ( 1.857131350946074733, -0.3170337998483052644, -0.6999999999999999556 ) ) ;
#6306 = VERTEX_POINT ( 'NONE', #253 ) ;
#6307 = CARTESIAN_POINT ( 'NONE',  ( 2.390625000000005773, 0.5923487661265872672, -0.8474999999999995870 ) ) ;
#6308 = DIRECTION ( 'NONE',  ( -1.000000000000000000, 0.000000000000000000, -1.658456209688565037E-16 ) ) ;
#6309 = CARTESIAN_POINT ( 'NONE',  ( 2.125000000000000000, 0.000000000000000000, -0.9499999999999999556 ) ) ;
#6310 = VECTOR ( 'NONE', #3033, 39.37007874015748854 ) ;
#6311 = CARTESIAN_POINT ( 'NONE',  ( -1.994375000000010889, 0.6079979548822629365, -0.2600000000000000089 ) ) ;
#6312 = CARTESIAN_POINT ( 'NONE',  ( -1.406249999999996003, -0.03608439182434083903, -0.4650000000000000799 ) ) ;
#6313 = DIRECTION ( 'NONE',  ( 1.000000000000000000, 1.865610830299460874E-15, 0.000000000000000000 ) ) ;
#6314 = EDGE_CURVE ( 'NONE', #5057, #1710, #1505, .T. ) ;
#6315 = AXIS2_PLACEMENT_3D ( 'NONE', #5325, #7659, #8320 ) ;
#6316 = ORIENTED_EDGE ( 'NONE', *, *, #1892, .T. ) ;
#6317 = ADVANCED_FACE ( 'NONE', ( #6115 ), #3267, .F. ) ;
#6318 = ORIENTED_EDGE ( 'NONE', *, *, #7896, .T. ) ;
#6319 = CARTESIAN_POINT ( 'NONE',  ( 1.635624999999970353, -0.4333735458104704397, -0.2174999999999991107 ) ) ;
#6320 = FACE_OUTER_BOUND ( 'NONE', #7073, .T. ) ;
#6321 = ORIENTED_EDGE ( 'NONE', *, *, #3896, .F. ) ;
#6322 = DIRECTION ( 'NONE',  ( -0.3535533905933644916, 0.6123724356958861748, 0.7071067811864228947 ) ) ;
#6323 = ORIENTED_EDGE ( 'NONE', *, *, #6503, .F. ) ;
#6324 = CARTESIAN_POINT ( 'NONE',  ( -2.398365233537461005, 0.3417200444446956697, -0.8474999999999994760 ) ) ;
#6325 = CARTESIAN_POINT ( 'NONE',  ( -2.125000000000000000, 0.000000000000000000, 0.000000000000000000 ) ) ;
#6326 = EDGE_CURVE ( 'NONE', #3010, #3578, #7448, .T. ) ;
#6327 = VERTEX_POINT ( 'NONE', #6069 ) ;
#6328 = DIRECTION ( 'NONE',  ( 0.8660254037844348218, -0.5000000000000066613, -0.000000000000000000 ) ) ;
#6329 = ADVANCED_FACE ( 'NONE', ( #9061, #6792, #4742, #1776, #8155, #8973 ), #3849, .T. ) ;
#6330 = EDGE_CURVE ( 'NONE', #5798, #5719, #3015, .T. ) ;
#6331 = DIRECTION ( 'NONE',  ( 0.8660254037844348218, -0.5000000000000067724, 0.000000000000000000 ) ) ;
#6332 = VERTEX_POINT ( 'NONE', #4560 ) ;
#6333 = ORIENTED_EDGE ( 'NONE', *, *, #8173, .F. ) ;
#6334 = CARTESIAN_POINT ( 'NONE',  ( -1.656874999999970566, -0.4701796254713098144, -0.6999999999999999556 ) ) ;
#6335 = ORIENTED_EDGE ( 'NONE', *, *, #2452, .F. ) ;
#6336 = SURFACE_SIDE_STYLE ('',( #2816 ) ) ;
#6337 = DIRECTION ( 'NONE',  ( -1.000000000000000000, 0.000000000000000000, 1.658456209688565037E-16 ) ) ;
#6338 = DIRECTION ( 'NONE',  ( 0.8660254037844667963, 0.4999999999999512057, 0.000000000000000000 ) ) ;
#6339 = CARTESIAN_POINT ( 'NONE',  ( 0.000000000000000000, -0.7087500000000019895, 0.000000000000000000 ) ) ;
#6340 = VERTEX_POINT ( 'NONE', #5349 ) ;
#6341 = EDGE_CURVE ( 'NONE', #3804, #593, #211, .T. ) ;
#6342 = CARTESIAN_POINT ( 'NONE',  ( 2.125000000000000000, 0.000000000000000000, 0.000000000000000000 ) ) ;
#6343 = VERTEX_POINT ( 'NONE', #1733 ) ;
#6344 = ORIENTED_EDGE ( 'NONE', *, *, #7793, .F. ) ;
#6345 = CARTESIAN_POINT ( 'NONE',  ( 1.824799798107692439, -0.4800379978800762282, -0.5999999999999999778 ) ) ;
#6346 = VECTOR ( 'NONE', #1392, 39.37007874015748143 ) ;
#6347 = CARTESIAN_POINT ( 'NONE',  ( 2.425160219341328638, -0.2382494887205698075, -0.2500000000000000555 ) ) ;
#6348 = CARTESIAN_POINT ( 'NONE',  ( -2.125000000000000000, 0.4764989774411199086, -0.2500000000000000555 ) ) ;
#6349 = CIRCLE ( 'NONE', #3770, 0.2500000000000000000 ) ;
#6350 = FACE_OUTER_BOUND ( 'NONE', #1743, .T. ) ;
#6351 = ORIENTED_EDGE ( 'NONE', *, *, #2020, .T. ) ;
#6352 = EDGE_CURVE ( 'NONE', #2380, #6512, #1801, .T. ) ;
#6353 = UNCERTAINTY_MEASURE_WITH_UNIT (LENGTH_MEASURE( 1.000000000000000082E-05 ), #1649, 'distance_accuracy_value', 'NONE');
#6354 = ADVANCED_FACE ( 'NONE', ( #4036 ), #3038, .F. ) ;
#6355 = CARTESIAN_POINT ( 'NONE',  ( 1.857131350946074733, -0.3170337998483053754, -0.9174999999999992051 ) ) ;
#6356 = EDGE_LOOP ( 'NONE', ( #4038, #1461, #4264, #115, #346 ) ) ;
#6357 = CARTESIAN_POINT ( 'NONE',  ( -1.781250000000008438, -4.038533547303794910E-17, -0.9487499999999929878 ) ) ;
#6358 = AXIS2_PLACEMENT_3D ( 'NONE', #2829, #8629, #5722 ) ;
#6359 = VECTOR ( 'NONE', #9053, 39.37007874015748143 ) ;
#6360 = CARTESIAN_POINT ( 'NONE',  ( -2.038437500000000124, -0.1499306480301779987, -0.9499999999999999556 ) ) ;
#6361 = AXIS2_PLACEMENT_3D ( 'NONE', #6240, #3243, #1186 ) ;
#6362 = VERTEX_POINT ( 'NONE', #8494 ) ;
#6363 = CARTESIAN_POINT ( 'NONE',  ( 2.435083070873305111, 0.3086606738035367337, -0.8291007793619377120 ) ) ;
#6364 = DIRECTION ( 'NONE',  ( -0.3779644730092251992, 0.6546536707079791961, -0.6546536707079761985 ) ) ;
#6365 = VECTOR ( 'NONE', #4402, 39.37007874015748854 ) ;
#6366 = AXIS2_PLACEMENT_3D ( 'NONE', #8507, #3467, #3569 ) ;
#6367 = CIRCLE ( 'NONE', #4100, 0.2499999999999999167 ) ;
#6368 = ORIENTED_EDGE ( 'NONE', *, *, #856, .T. ) ;
#6369 = EDGE_LOOP ( 'NONE', ( #879, #7338, #2964, #9152, #9085 ) ) ;
#6370 = DIRECTION ( 'NONE',  ( -0.000000000000000000, -0.000000000000000000, 1.000000000000000000 ) ) ;
#6371 = VECTOR ( 'NONE', #8425, 39.37007874015748143 ) ;
#6372 = DIRECTION ( 'NONE',  ( -0.000000000000000000, 1.000000000000000000, -0.000000000000000000 ) ) ;
#6373 = ORIENTED_EDGE ( 'NONE', *, *, #6388, .F. ) ;
#6374 = DIRECTION ( 'NONE',  ( -0.5000000000000014433, 0.8660254037844378194, 0.000000000000000000 ) ) ;
#6375 = CIRCLE ( 'NONE', #589, 0.5324999999999976419 ) ;
#6376 = ORIENTED_EDGE ( 'NONE', *, *, #2189, .T. ) ;
#6377 = FACE_OUTER_BOUND ( 'NONE', #7778, .T. ) ;
#6378 = DIRECTION ( 'NONE',  ( -0.000000000000000000, -0.000000000000000000, -1.000000000000000000 ) ) ;
#6379 = VECTOR ( 'NONE', #901, 39.37007874015747433 ) ;
#6380 = LINE ( 'NONE', #6474, #8665 ) ;
#6381 = VECTOR ( 'NONE', #7124, 39.37007874015748143 ) ;
#6382 = LINE ( 'NONE', #5704, #6458 ) ;
#6383 = EDGE_LOOP ( 'NONE', ( #328, #3956, #5769, #2047, #314, #6714, #3868, #3144, #2423, #6323 ) ) ;
#6384 = EDGE_LOOP ( 'NONE', ( #8829, #6579, #8362, #3716 ) ) ;
#6385 = DIRECTION ( 'NONE',  ( -7.228235936543575681E-14, -1.000000000000000000, 0.000000000000000000 ) ) ;
#6386 = ORIENTED_EDGE ( 'NONE', *, *, #798, .F. ) ;
#6387 = EDGE_CURVE ( 'NONE', #14, #4288, #1979, .T. ) ;
#6388 = EDGE_CURVE ( 'NONE', #478, #1183, #6921, .T. ) ;
#6389 = EDGE_CURVE ( 'NONE', #7630, #3445, #1357, .T. ) ;
#6390 = CARTESIAN_POINT ( 'NONE',  ( -1.780833407213290087, 0.0002405199575542771545, -0.9491665927867114494 ) ) ;
#6391 = DIRECTION ( 'NONE',  ( 1.172705632171726062E-16, 0.7071067811865457964, 0.7071067811865492381 ) ) ;
#6392 = CARTESIAN_POINT ( 'NONE',  ( 2.298124999999998419, 0.6404979548822425928, -0.6999999999999999556 ) ) ;
#6393 = LINE ( 'NONE', #6437, #5146 ) ;
#6394 = DIRECTION ( 'NONE',  ( -1.000000000000000000, 0.000000000000000000, 0.000000000000000000 ) ) ;
#6395 = ORIENTED_EDGE ( 'NONE', *, *, #6558, .F. ) ;
#6396 = VECTOR ( 'NONE', #7894, 39.37007874015748143 ) ;
#6397 = SURFACE_SIDE_STYLE ('',( #7857 ) ) ;
#6398 = ORIENTED_EDGE ( 'NONE', *, *, #1287, .F. ) ;
#6399 = EDGE_CURVE ( 'NONE', #6093, #8909, #2692, .T. ) ;
#6400 = CARTESIAN_POINT ( 'NONE',  ( 1.956752361437507526, -0.4038551499215299323, 0.9499999999999999556 ) ) ;
#6401 = LINE ( 'NONE', #4273, #1261 ) ;
#6402 = CARTESIAN_POINT ( 'NONE',  ( -2.448132182121053546, -0.01173634784909316844, -0.9282771156755851294 ) ) ;
#6403 = CARTESIAN_POINT ( 'NONE',  ( -2.262028893303175359, -0.4155125886857072293, -0.8420909932548905630 ) ) ;
#6404 = CIRCLE ( 'NONE', #2747, 0.3124999999999972800 ) ;
#6405 = SURFACE_STYLE_FILL_AREA ( #3452 ) ;
#6406 = ORIENTED_EDGE ( 'NONE', *, *, #6638, .T. ) ;
#6407 = DIRECTION ( 'NONE',  ( -0.000000000000000000, -0.000000000000000000, -1.000000000000000000 ) ) ;
#6408 = VERTEX_POINT ( 'NONE', #2601 ) ;
#6409 = CARTESIAN_POINT ( 'NONE',  ( -2.614374999999999449, -0.4333735458104659433, -0.2175000000000010258 ) ) ;
#6410 = MECHANICAL_DESIGN_GEOMETRIC_PRESENTATION_REPRESENTATION (  '', ( #6857 ), #3373 ) ;
#6411 = LINE ( 'NONE', #1305, #2243 ) ;
#6412 = EDGE_CURVE ( 'NONE', #3999, #8135, #1162, .T. ) ;
#6413 = CIRCLE ( 'NONE', #3984, 0.06425000000000000155 ) ;
#6414 = LINE ( 'NONE', #1983, #6252 ) ;
#6415 = CARTESIAN_POINT ( 'NONE',  ( 2.437787880073243318, 0.3059130918114495445, -0.8262143477152052995 ) ) ;
#6416 = DIRECTION ( 'NONE',  ( -0.000000000000000000, -0.000000000000000000, -1.000000000000000000 ) ) ;
#6417 = EDGE_LOOP ( 'NONE', ( #1946, #1817, #8838, #8660 ) ) ;
#6418 = ORIENTED_EDGE ( 'NONE', *, *, #8414, .T. ) ;
#6419 = DIRECTION ( 'NONE',  ( -0.000000000000000000, -0.000000000000000000, -1.000000000000000000 ) ) ;
#6420 = ORIENTED_EDGE ( 'NONE', *, *, #6503, .T. ) ;
#6421 = CARTESIAN_POINT ( 'NONE',  ( 1.572292745690300420, -0.2788211364117515467, -0.2399288635882473042 ) ) ;
#6422 = VERTEX_POINT ( 'NONE', #600 ) ;
#6423 = CARTESIAN_POINT ( 'NONE',  ( 1.951875000000010463, 0.6404979548822424817, -0.6642500000000000071 ) ) ;
#6424 = ORIENTED_EDGE ( 'NONE', *, *, #649, .F. ) ;
#6425 = CARTESIAN_POINT ( 'NONE',  ( -2.429268102159983123, 0.3143944089881923754, -0.8342758506934095930 ) ) ;
#6426 = DIRECTION ( 'NONE',  ( -0.8660254037844448138, 0.4999999999999893419, 0.000000000000000000 ) ) ;
#6427 = CARTESIAN_POINT ( 'NONE',  ( 1.703124999999971134, -0.5502869753213720516, -0.6999999999999999556 ) ) ;
#6428 = CARTESIAN_POINT ( 'NONE',  ( -2.296874244255246111, -0.2991391718944301781, -0.9499999999999999556 ) ) ;
#6429 = ORIENTED_EDGE ( 'NONE', *, *, #4204, .F. ) ;
#6430 = ORIENTED_EDGE ( 'NONE', *, *, #4391, .F. ) ;
#6431 = EDGE_LOOP ( 'NONE', ( #582, #6781, #1032, #336 ) ) ;
#6432 = LINE ( 'NONE', #6334, #7116 ) ;
#6433 = ORIENTED_EDGE ( 'NONE', *, *, #3566, .F. ) ;
#6434 = FILL_AREA_STYLE_COLOUR ( '', #6294 ) ;
#6435 = CARTESIAN_POINT ( 'NONE',  ( 1.691127361437541055, 0.05622084583894616100, -0.2499999999999999722 ) ) ;
#6436 = CARTESIAN_POINT ( 'NONE',  ( -2.255624999999998881, 0.2838896957886962169, -0.2500000000000000555 ) ) ;
#6437 = CARTESIAN_POINT ( 'NONE',  ( 2.298124999999999307, 0.6404979548822425928, -0.6642500000000000071 ) ) ;
#6438 = B_SPLINE_CURVE_WITH_KNOTS ( 'NONE', 3,
 ( #1103, #7002, #8335, #3255, #4022, #2635, #5486, #295, #4731, #1721, #2590, #2536, #338, #479 ),
 .UNSPECIFIED., .F., .F.,
 ( 4, 2, 2, 2, 2, 2, 4 ),
 ( 0.000000000000000000, 0.0003295577060318717632, 0.0006591154120637435264, 0.001318230824127501147, 0.001647788530159379795, 0.001977346236191258443, 0.002636461648255016173 ),
 .UNSPECIFIED. ) ;
#6439 = EDGE_CURVE ( 'NONE', #929, #2853, #5499, .T. ) ;
#6440 = CARTESIAN_POINT ( 'NONE',  ( 1.691127361437541943, 0.05622084583895026189, -0.4650000000000000799 ) ) ;
#6441 = EDGE_LOOP ( 'NONE', ( #529, #1456, #2502, #5120, #7595, #4049, #8202, #8334 ) ) ;
#6442 = EDGE_CURVE ( 'NONE', #8248, #9167, #1812, .T. ) ;
#6443 = VECTOR ( 'NONE', #5197, 39.37007874015748854 ) ;
#6444 = ORIENTED_EDGE ( 'NONE', *, *, #6627, .T. ) ;
#6445 = CARTESIAN_POINT ( 'NONE',  ( 1.951875000000030891, 0.2984170477285265632, -0.9499999999999999556 ) ) ;
#6446 = DIRECTION ( 'NONE',  ( -0.5000000000000056621, 0.8660254037844354880, 0.000000000000000000 ) ) ;
#6447 = CARTESIAN_POINT ( 'NONE',  ( 2.546874999999995559, -0.5502869753213701642, -0.4650000000000000799 ) ) ;
#6448 = CARTESIAN_POINT ( 'NONE',  ( 2.390625000000005329, 0.3476343040825998765, -0.5727544197693736905 ) ) ;
#6449 = LINE ( 'NONE', #1707, #1666 ) ;
#6450 = ORIENTED_EDGE ( 'NONE', *, *, #298, .T. ) ;
#6451 = ADVANCED_FACE ( 'NONE', ( #9161 ), #5543, .F. ) ;
#6452 = PLANE ( 'NONE',  #7878 ) ;
#6453 = ORIENTED_EDGE ( 'NONE', *, *, #8192, .F. ) ;
#6454 = EDGE_CURVE ( 'NONE', #4104, #5726, #3509, .T. ) ;
#6455 = AXIS2_PLACEMENT_3D ( 'NONE', #4851, #4901, #462 ) ;
#6456 = LINE ( 'NONE', #2648, #2087 ) ;
#6457 = CARTESIAN_POINT ( 'NONE',  ( -1.994375000000025544, 0.2838896957887076522, -0.2500000000000000555 ) ) ;
#6458 = VECTOR ( 'NONE', #8608, 39.37007874015748143 ) ;
#6459 = LINE ( 'NONE', #9363, #4350 ) ;
#6460 = LINE ( 'NONE', #4136, #312 ) ;
#6461 = EDGE_CURVE ( 'NONE', #7224, #3433, #448, .T. ) ;
#6462 = EDGE_CURVE ( 'NONE', #7198, #7482, #4084, .T. ) ;
#6463 = ORIENTED_EDGE ( 'NONE', *, *, #6700, .T. ) ;
#6464 = VECTOR ( 'NONE', #7849, 39.37007874015747433 ) ;
#6465 = LINE ( 'NONE', #3040, #5453 ) ;
#6466 = VECTOR ( 'NONE', #6908, 39.37007874015748143 ) ;
#6467 = PLANE ( 'NONE',  #5604 ) ;
#6468 = ORIENTED_EDGE ( 'NONE', *, *, #224, .F. ) ;
#6469 = CARTESIAN_POINT ( 'NONE',  ( 2.293247638562450508, -0.4038551499215471408, -0.8474999999999995870 ) ) ;
#6470 = ORIENTED_EDGE ( 'NONE', *, *, #4585, .T. ) ;
#6471 = CARTESIAN_POINT ( 'NONE',  ( 2.293247638562451396, -0.4038551499215468632, -0.7350000000000015410 ) ) ;
#6472 = CARTESIAN_POINT ( 'NONE',  ( -2.125000000000000000, 0.000000000000000000, -0.9499999999999999556 ) ) ;
#6473 = VECTOR ( 'NONE', #5370, 39.37007874015748143 ) ;
#6474 = CARTESIAN_POINT ( 'NONE',  ( 2.812500000000023093, 0.4058214234295524081, -0.5357500000000000595 ) ) ;
#6475 = EDGE_CURVE ( 'NONE', #8725, #521, #5463, .T. ) ;
#6476 = DIRECTION ( 'NONE',  ( 1.000000000000000000, 0.000000000000000000, 0.000000000000000000 ) ) ;
#6477 = ORIENTED_EDGE ( 'NONE', *, *, #7072, .T. ) ;
#6478 = ORIENTED_EDGE ( 'NONE', *, *, #3107, .F. ) ;
#6479 = VERTEX_POINT ( 'NONE', #5587 ) ;
#6480 = DIRECTION ( 'NONE',  ( 0.000000000000000000, 0.000000000000000000, -1.000000000000000000 ) ) ;
#6481 = VERTEX_POINT ( 'NONE', #6409 ) ;
#6482 = DIRECTION ( 'NONE',  ( -0.5000000000000041078, 0.8660254037844362651, 0.000000000000000000 ) ) ;
#6483 = CARTESIAN_POINT ( 'NONE',  ( 2.298124999999999307, 0.6404979548822425928, -0.9499999999999999556 ) ) ;
#6484 = CARTESIAN_POINT ( 'NONE',  ( -2.405742883364027751, 0.3356736947502531598, -0.3538915543536295671 ) ) ;
#6485 = LINE ( 'NONE', #8710, #6365 ) ;
#6486 = DIRECTION ( 'NONE',  ( -0.8660254037844402619, 0.4999999999999972800, 0.000000000000000000 ) ) ;
#6487 = ORIENTED_EDGE ( 'NONE', *, *, #9227, .F. ) ;
#6488 = LINE ( 'NONE', #8810, #4398 ) ;
#6489 = ORIENTED_EDGE ( 'NONE', *, *, #7360, .T. ) ;
#6490 = DIRECTION ( 'NONE',  ( -0.5000000000000041078, 0.8660254037844363761, -0.000000000000000000 ) ) ;
#6491 = CARTESIAN_POINT ( 'NONE',  ( 2.690825201892120155, -0.01996200211991487269, -0.5999999999999999778 ) ) ;
#6492 = DIRECTION ( 'NONE',  ( -0.5000000000000038858, -0.8660254037844363761, -2.185478394931430296E-15 ) ) ;
#6493 = CARTESIAN_POINT ( 'NONE',  ( 1.994375000000038423, -5.924184753867600315E-15, -0.2600000000000000089 ) ) ;
#6494 = LINE ( 'NONE', #1397, #3511 ) ;
#6495 = DIRECTION ( 'NONE',  ( -0.5000000000000039968, 0.8660254037844362651, -0.000000000000000000 ) ) ;
#6496 = VERTEX_POINT ( 'NONE', #9310 ) ;
#6497 = CARTESIAN_POINT ( 'NONE',  ( 1.710327891682111856, 0.1394750607929389485, -0.4150000000000000910 ) ) ;
#6498 = VECTOR ( 'NONE', #3640, 39.37007874015748854 ) ;
#6499 = EDGE_CURVE ( 'NONE', #4108, #8081, #2785, .T. ) ;
#6500 = AXIS2_PLACEMENT_3D ( 'NONE', #9312, #4791, #2786 ) ;
#6501 = FACE_BOUND ( 'NONE', #6609, .T. ) ;
#6502 = EDGE_CURVE ( 'NONE', #8932, #1746, #546, .T. ) ;
#6503 = EDGE_CURVE ( 'NONE', #4383, #2521, #3455, .T. ) ;
#6504 = CARTESIAN_POINT ( 'NONE',  ( -2.265625000000000000, 0.6079979548822432855, -0.9499999999999999556 ) ) ;
#6505 = VERTEX_POINT ( 'NONE', #6357 ) ;
#6506 = VECTOR ( 'NONE', #525, 39.37007874015748143 ) ;
#6507 = CIRCLE ( 'NONE', #5588, 0.2175000000000007483 ) ;
#6508 = VECTOR ( 'NONE', #3302, 39.37007874015748143 ) ;
#6509 = EDGE_LOOP ( 'NONE', ( #8236, #5669, #6092, #2028 ) ) ;
#6510 = DIRECTION ( 'NONE',  ( 0.000000000000000000, 0.000000000000000000, 1.000000000000000000 ) ) ;
#6511 = CARTESIAN_POINT ( 'NONE',  ( 2.453125000000005329, 0.6404979548822425928, -0.7349999999999999867 ) ) ;
#6512 = VERTEX_POINT ( 'NONE', #7822 ) ;
#6513 = ORIENTED_EDGE ( 'NONE', *, *, #1430, .F. ) ;
#6514 = ORIENTED_EDGE ( 'NONE', *, *, #4931, .T. ) ;
#6515 = AXIS2_PLACEMENT_3D ( 'NONE', #6055, #2211, #5109 ) ;
#6516 = CARTESIAN_POINT ( 'NONE',  ( 0.000000000000000000, 0.2687499999999986011, 0.000000000000000000 ) ) ;
#6517 = EDGE_CURVE ( 'NONE', #4439, #8600, #580, .T. ) ;
#6518 = CIRCLE ( 'NONE', #9250, 0.5000000000000000000 ) ;
#6519 = AXIS2_PLACEMENT_3D ( 'NONE', #8809, #8898, #5853 ) ;
#6520 = CARTESIAN_POINT ( 'NONE',  ( 2.390625000000005773, 0.4058214234295524081, -0.6642500000000000071 ) ) ;
#6521 = FACE_OUTER_BOUND ( 'NONE', #4907, .T. ) ;
#6522 = DIRECTION ( 'NONE',  ( -1.000000000000000000, 0.000000000000000000, 0.000000000000000000 ) ) ;
#6523 = EDGE_LOOP ( 'NONE', ( #7552, #5372, #6937, #4280 ) ) ;
#6524 = ORIENTED_EDGE ( 'NONE', *, *, #8649, .F. ) ;
#6525 = CARTESIAN_POINT ( 'NONE',  ( 2.265624999999999112, 0.2790714234295562091, -0.2572037272617221371 ) ) ;
#6526 = ORIENTED_EDGE ( 'NONE', *, *, #4175, .T. ) ;
#6527 = AXIS2_PLACEMENT_3D ( 'NONE', #1081, #8310, #1747 ) ;
#6528 = DIRECTION ( 'NONE',  ( 0.8660254037844362651, 0.5000000000000039968, 0.000000000000000000 ) ) ;
#6529 = EDGE_CURVE ( 'NONE', #6238, #3340, #2197, .T. ) ;
#6530 =( GEOMETRIC_REPRESENTATION_CONTEXT ( 3 ) GLOBAL_UNCERTAINTY_ASSIGNED_CONTEXT ( ( #7749 ) ) GLOBAL_UNIT_ASSIGNED_CONTEXT ( ( #539, #7434, #5337 ) ) REPRESENTATION_CONTEXT ( 'NONE', 'WORKASPACE' ) );
#6531 = DIRECTION ( 'NONE',  ( 4.535261055593764468E-14, 1.000000000000000000, 0.000000000000000000 ) ) ;
#6532 = CARTESIAN_POINT ( 'NONE',  ( 2.125000000000000000, 0.000000000000000000, 0.2500000000000000555 ) ) ;
#6533 = VECTOR ( 'NONE', #7693, 39.37007874015748143 ) ;
#6534 = CARTESIAN_POINT ( 'NONE',  ( -0.9376234198628758953, -0.2687499999999987121, -0.4015748031496063630 ) ) ;
#6535 = ORIENTED_EDGE ( 'NONE', *, *, #9296, .T. ) ;
#6536 = CARTESIAN_POINT ( 'NONE',  ( 3.607142256072634871E-17, -0.3012499999999982969, -0.2175000000000003875 ) ) ;
#6537 = ORIENTED_EDGE ( 'NONE', *, *, #2394, .F. ) ;
#6538 = CARTESIAN_POINT ( 'NONE',  ( 1.984375000000025979, 0.2790714234295686436, -0.9174999999999992051 ) ) ;
#6539 = DIRECTION ( 'NONE',  ( 1.000000000000000000, 0.000000000000000000, 0.000000000000000000 ) ) ;
#6540 = DIRECTION ( 'NONE',  ( 0.4999999999999923950, -0.8660254037844430375, -0.000000000000000000 ) ) ;
#6541 = CARTESIAN_POINT ( 'NONE',  ( 0.000000000000000000, -0.1762500000000011557, 0.000000000000000000 ) ) ;
#6542 = DIRECTION ( 'NONE',  ( 0.8660254037844443697, -0.4999999999999902300, 1.256650077085560725E-14 ) ) ;
#6543 = ORIENTED_EDGE ( 'NONE', *, *, #4935, .T. ) ;
#6544 = AXIS2_PLACEMENT_3D ( 'NONE', #3597, #6038, #6542 ) ;
#6545 = DIRECTION ( 'NONE',  ( 0.000000000000000000, -1.000000000000000000, 0.000000000000000000 ) ) ;
#6546 = VERTEX_POINT ( 'NONE', #3731 ) ;
#6547 = CARTESIAN_POINT ( 'NONE',  ( -2.581229174377005720, -0.4257837998483106068, -0.9499999999999999556 ) ) ;
#6548 = AXIS2_PLACEMENT_3D ( 'NONE', #6325, #559, #2135 ) ;
#6549 = CARTESIAN_POINT ( 'NONE',  ( -1.167433081593972632, 0.2687499999999986011, -0.4999999999999999445 ) ) ;
#6550 = FACE_BOUND ( 'NONE', #3666, .T. ) ;
#6551 = CARTESIAN_POINT ( 'NONE',  ( -2.501124091573759145, -0.5339058143017523239, -0.8470415347009946361 ) ) ;
#6552 = ORIENTED_EDGE ( 'NONE', *, *, #1603, .F. ) ;
#6553 = CIRCLE ( 'NONE', #166, 0.2499999999999999167 ) ;
#6554 = EDGE_CURVE ( 'NONE', #2988, #5531, #5289, .T. ) ;
#6555 = VERTEX_POINT ( 'NONE', #7329 ) ;
#6556 = CARTESIAN_POINT ( 'NONE',  ( -2.296370442160278635, -0.2613205341219645983, -0.9499999999999999556 ) ) ;
#6557 = ADVANCED_FACE ( 'NONE', ( #144 ), #1665, .F. ) ;
#6558 = EDGE_CURVE ( 'NONE', #4754, #7422, #1571, .T. ) ;
#6559 = DIRECTION ( 'NONE',  ( -1.000000000000000000, 0.000000000000000000, 0.000000000000000000 ) ) ;
#6560 = ORIENTED_EDGE ( 'NONE', *, *, #2328, .T. ) ;
#6561 = ORIENTED_EDGE ( 'NONE', *, *, #1112, .T. ) ;
#6562 =( GEOMETRIC_REPRESENTATION_CONTEXT ( 3 ) GLOBAL_UNCERTAINTY_ASSIGNED_CONTEXT ( ( #1942 ) ) GLOBAL_UNIT_ASSIGNED_CONTEXT ( ( #8534, #7866, #9112 ) ) REPRESENTATION_CONTEXT ( 'NONE', 'WORKASPACE' ) );
#6563 = CARTESIAN_POINT ( 'NONE',  ( 1.949003410777099488, -0.2582360068019100008, -0.2509675856017753448 ) ) ;
#6564 = CARTESIAN_POINT ( 'NONE',  ( 2.744999999999998774, -0.2071244090717848652, -0.2175000000000009148 ) ) ;
#6565 = DIRECTION ( 'NONE',  ( 4.535261055593764468E-14, 1.000000000000000000, 0.000000000000000000 ) ) ;
#6566 = EDGE_CURVE ( 'NONE', #2706, #1169, #7471, .T. ) ;
#6567 = PLANE ( 'NONE',  #1581 ) ;
#6568 = ORIENTED_EDGE ( 'NONE', *, *, #8111, .T. ) ;
#6569 = EDGE_LOOP ( 'NONE', ( #7663, #7050, #7217, #7982 ) ) ;
#6570 = EDGE_CURVE ( 'NONE', #8302, #7366, #1615, .T. ) ;
#6571 = DIRECTION ( 'NONE',  ( -1.000000000000000000, 0.000000000000000000, -1.658456209688565037E-16 ) ) ;
#6572 = EDGE_LOOP ( 'NONE', ( #6199, #8373, #7291, #2636 ) ) ;
#6573 = DIRECTION ( 'NONE',  ( -0.8660254037844363761, -0.5000000000000039968, -0.000000000000000000 ) ) ;
#6574 = CARTESIAN_POINT ( 'NONE',  ( 2.546874999999995559, -0.5502869753213701642, -0.9499999999999999556 ) ) ;
#6575 = FACE_OUTER_BOUND ( 'NONE', #3536, .T. ) ;
#6576 = LINE ( 'NONE', #1336, #9412 ) ;
#6577 = ADVANCED_FACE ( 'NONE', ( #5280 ), #2337, .F. ) ;
#6578 = CARTESIAN_POINT ( 'NONE',  ( 2.211547108317882149, -0.4288541104406126681, -0.4650000000000000799 ) ) ;
#6579 = ORIENTED_EDGE ( 'NONE', *, *, #7997, .T. ) ;
#6580 = EDGE_CURVE ( 'NONE', #4186, #3625, #5574, .T. ) ;
#6581 = CARTESIAN_POINT ( 'NONE',  ( 2.423322000591348058, 0.5983886593594078818, -0.8389174173226140452 ) ) ;
#6582 = ADVANCED_FACE ( 'NONE', ( #8136 ), #3869, .F. ) ;
#6583 = DIRECTION ( 'NONE',  ( -1.000000000000000000, 0.000000000000000000, -1.658456209688565037E-16 ) ) ;
#6584 = ORIENTED_EDGE ( 'NONE', *, *, #8987, .F. ) ;
#6585 = CARTESIAN_POINT ( 'NONE',  ( -2.390625000000005773, 0.6404979548822425928, -0.9499999999999999556 ) ) ;
#6586 = CARTESIAN_POINT ( 'NONE',  ( -2.125000000000000000, 0.4764989774411199086, 5.578266170116183356E-17 ) ) ;
#6587 = DIRECTION ( 'NONE',  ( 0.6560590289905070538, 8.034405899049450101E-17, -0.7547095802227722361 ) ) ;
#6588 = DIRECTION ( 'NONE',  ( -1.000000000000000000, 0.000000000000000000, 0.000000000000000000 ) ) ;
#6589 = CARTESIAN_POINT ( 'NONE',  ( 2.190312499999974349, 0.1131245683693124782, -0.2600000000000000089 ) ) ;
#6590 = ORIENTED_EDGE ( 'NONE', *, *, #217, .T. ) ;
#6591 = CARTESIAN_POINT ( 'NONE',  ( 1.919631350946071402, -0.4252869753213548987, -0.9499999999999999556 ) ) ;
#6592 = ORIENTED_EDGE ( 'NONE', *, *, #790, .F. ) ;
#6593 = EDGE_CURVE ( 'NONE', #8514, #2968, #3766, .T. ) ;
#6594 = CARTESIAN_POINT ( 'NONE',  ( -1.483749999999971925, -0.1703183294109479606, -0.2599999999999997313 ) ) ;
#6595 = B_SPLINE_CURVE_WITH_KNOTS ( 'NONE', 3,
 ( #5225, #761, #3054, #3001, #3819, #5181, #9430, #1560, #6664, #5887, #3860, #4482, #5938, #5839 ),
 .UNSPECIFIED., .F., .F.,
 ( 4, 2, 2, 2, 2, 2, 4 ),
 ( 0.000000000000000000, 0.0007337661947641810822, 0.001467532389528362164, 0.001834415486910452109, 0.002201298584292541837, 0.002568181681674631782, 0.002935064779056721727 ),
 .UNSPECIFIED. ) ;
#6596 = CIRCLE ( 'NONE', #5219, 0.06424999999999959910 ) ;
#6597 = CARTESIAN_POINT ( 'NONE',  ( 2.125000000000000000, 0.000000000000000000, 0.2500000000000000555 ) ) ;
#6598 = AXIS2_PLACEMENT_3D ( 'NONE', #4920, #4876, #485 ) ;
#6599 = CARTESIAN_POINT ( 'NONE',  ( -1.951875000000010463, 0.6404979548822711255, -0.9499999999999999556 ) ) ;
#6600 = CARTESIAN_POINT ( 'NONE',  ( -2.494071741899152705, -0.5778607915295225217, -0.8223310893196605909 ) ) ;
#6601 = ORIENTED_EDGE ( 'NONE', *, *, #2358, .T. ) ;
#6602 = ORIENTED_EDGE ( 'NONE', *, *, #94, .F. ) ;
#6603 = AXIS2_PLACEMENT_3D ( 'NONE', #3615, #4473, #7400 ) ;
#6604 = ORIENTED_EDGE ( 'NONE', *, *, #8900, .T. ) ;
#6605 = CARTESIAN_POINT ( 'NONE',  ( 0.000000000000000000, -0.1762500000000011557, 0.000000000000000000 ) ) ;
#6606 = DIRECTION ( 'NONE',  ( -0.4999999999999291678, -0.8660254037844795638, 0.000000000000000000 ) ) ;
#6607 = AXIS2_PLACEMENT_3D ( 'NONE', #2323, #1604, #5086 ) ;
#6608 = VERTEX_POINT ( 'NONE', #6046 ) ;
#6609 = EDGE_LOOP ( 'NONE', ( #7172, #4918 ) ) ;
#6610 = CARTESIAN_POINT ( 'NONE',  ( -2.505176579365986811, -0.5262123809435418353, -0.8474999999999995870 ) ) ;
#6611 = LINE ( 'NONE', #8696, #2292 ) ;
#6612 = EDGE_CURVE ( 'NONE', #4396, #3672, #3828, .T. ) ;
#6613 = PLANE ( 'NONE',  #2823 ) ;
#6614 = CIRCLE ( 'NONE', #2508, 0.04449999999999948441 ) ;
#6615 = AXIS2_PLACEMENT_3D ( 'NONE', #5712, #1425, #2862 ) ;
#6616 = CARTESIAN_POINT ( 'NONE',  ( 1.857131350946081616, -0.3170337998483168107, -0.9499999999999999556 ) ) ;
#6617 = ORIENTED_EDGE ( 'NONE', *, *, #2617, .F. ) ;
#6618 = VERTEX_POINT ( 'NONE', #3112 ) ;
#6619 = CARTESIAN_POINT ( 'NONE',  ( -2.125000000000000000, 0.000000000000000000, -0.9499999999999999556 ) ) ;
#6620 = ORIENTED_EDGE ( 'NONE', *, *, #8645, .T. ) ;
#6621 = AXIS2_PLACEMENT_3D ( 'NONE', #1265, #5644, #4135 ) ;
#6622 = VECTOR ( 'NONE', #5161, 39.37007874015748854 ) ;
#6623 = ADVANCED_FACE ( 'NONE', ( #5995 ), #2558, .F. ) ;
#6624 = CARTESIAN_POINT ( 'NONE',  ( -1.691127361437541943, 0.05622084583895026189, -0.9499999999999999556 ) ) ;
#6625 = DIRECTION ( 'NONE',  ( 0.000000000000000000, 0.000000000000000000, -1.000000000000000000 ) ) ;
#6626 = LINE ( 'NONE', #2331, #5459 ) ;
#6627 = EDGE_CURVE ( 'NONE', #8982, #7462, #2867, .T. ) ;
#6628 = EDGE_CURVE ( 'NONE', #4104, #315, #5193, .T. ) ;
#6629 = DIRECTION ( 'NONE',  ( -0.4999999999999972800, -0.8660254037844402619, -0.000000000000000000 ) ) ;
#6630 = ORIENTED_EDGE ( 'NONE', *, *, #6475, .F. ) ;
#6631 = AXIS2_PLACEMENT_3D ( 'NONE', #4670, #3338, #9036 ) ;
#6632 = DIRECTION ( 'NONE',  ( 0.8660254037844449249, 0.4999999999999893974, 0.000000000000000000 ) ) ;
#6633 = DIRECTION ( 'NONE',  ( -0.8660254037844451469, -0.4999999999999888423, 0.000000000000000000 ) ) ;
#6634 = ORIENTED_EDGE ( 'NONE', *, *, #3677, .F. ) ;
#6635 = CARTESIAN_POINT ( 'NONE',  ( 1.813831811574352804, -0.02882027952500396464, -0.2500000000000000555 ) ) ;
#6636 = CARTESIAN_POINT ( 'NONE',  ( 2.635183069698970204, 0.01216299788008460940, -0.5999999999999999778 ) ) ;
#6637 = LINE ( 'NONE', #98, #3480 ) ;
#6638 = EDGE_CURVE ( 'NONE', #2813, #269, #4242, .T. ) ;
#6639 = CARTESIAN_POINT ( 'NONE',  ( 2.125000000000000000, 0.3904979548822426483, -0.6999999999999999556 ) ) ;
#6640 = VERTEX_POINT ( 'NONE', #4059 ) ;
#6641 = CARTESIAN_POINT ( 'NONE',  ( -2.399313952626652036, 0.5926859254290971490, -0.8470415347009946361 ) ) ;
#6642 = VERTEX_POINT ( 'NONE', #4674 ) ;
#6643 = CARTESIAN_POINT ( 'NONE',  ( 2.265624999999998668, 0.2790714234295565421, -0.5357500000000000595 ) ) ;
#6644 = CARTESIAN_POINT ( 'NONE',  ( 2.255624999999998881, 0.2838896957886962169, -0.2500000000000000555 ) ) ;
#6645 = CARTESIAN_POINT ( 'NONE',  ( 1.956752361437507526, -0.4038551499215299323, 0.9499999999999999556 ) ) ;
#6646 = EDGE_CURVE ( 'NONE', #6505, #3433, #9326, .T. ) ;
#6647 = CARTESIAN_POINT ( 'NONE',  ( -2.505176579365986811, -0.5262123809435418353, -0.8474999999999995870 ) ) ;
#6648 = ORIENTED_EDGE ( 'NONE', *, *, #8615, .T. ) ;
#6649 = VERTEX_POINT ( 'NONE', #371 ) ;
#6650 = VECTOR ( 'NONE', #2684, 39.37007874015748143 ) ;
#6651 = PLANE ( 'NONE',  #8045 ) ;
#6652 = VECTOR ( 'NONE', #5256, 39.37007874015748143 ) ;
#6653 = CARTESIAN_POINT ( 'NONE',  ( 1.780416992828646183, 0.0004812284007220708629, -0.9495832596057220965 ) ) ;
#6654 = VERTEX_POINT ( 'NONE', #7705 ) ;
#6655 = VERTEX_POINT ( 'NONE', #422 ) ;
#6656 = CARTESIAN_POINT ( 'NONE',  ( -1.984375000000009548, 0.6404979548822712365, -0.6642500000000000071 ) ) ;
#6657 = DIRECTION ( 'NONE',  ( -1.000000000000000000, 0.000000000000000000, 0.000000000000000000 ) ) ;
#6658 = VECTOR ( 'NONE', #2871, 39.37007874015748854 ) ;
#6659 = FACE_OUTER_BOUND ( 'NONE', #93, .T. ) ;
#6660 = B_SPLINE_CURVE_WITH_KNOTS ( 'NONE', 3,
 ( #3486, #628, #6390, #3583 ),
 .UNSPECIFIED., .F., .F.,
 ( 4, 4 ),
 ( 0.000000000000000000, 4.848749842468926940E-05 ),
 .UNSPECIFIED. ) ;
#6661 = VERTEX_POINT ( 'NONE', #6186 ) ;
#6662 = CARTESIAN_POINT ( 'NONE',  ( -2.305543188425646317, -0.2550694162636903406, -0.2500000000000000555 ) ) ;
#6663 = VERTEX_POINT ( 'NONE', #3203 ) ;
#6664 = CARTESIAN_POINT ( 'NONE',  ( -2.223412229658463524, -0.4262972588820859721, -0.3838303734341184104 ) ) ;
#6665 = ORIENTED_EDGE ( 'NONE', *, *, #854, .F. ) ;
#6666 = VECTOR ( 'NONE', #5914, 39.37007874015748143 ) ;
#6667 = VECTOR ( 'NONE', #555, 39.37007874015747433 ) ;
#6668 = VECTOR ( 'NONE', #4859, 39.37007874015748854 ) ;
#6669 = FACE_OUTER_BOUND ( 'NONE', #5115, .T. ) ;
#6670 = DIRECTION ( 'NONE',  ( -0.4999999999999527600, 0.8660254037844661301, 0.000000000000000000 ) ) ;
#6671 = FACE_OUTER_BOUND ( 'NONE', #2845, .T. ) ;
#6672 = EDGE_LOOP ( 'NONE', ( #902, #5724, #6924, #4515, #5659 ) ) ;
#6673 = AXIS2_PLACEMENT_3D ( 'NONE', #1991, #2844, #5650 ) ;
#6674 = DIRECTION ( 'NONE',  ( 0.000000000000000000, -1.000000000000000000, 0.000000000000000000 ) ) ;
#6675 = ORIENTED_EDGE ( 'NONE', *, *, #2495, .T. ) ;
#6676 = EDGE_CURVE ( 'NONE', #2968, #6343, #330, .T. ) ;
#6677 = CARTESIAN_POINT ( 'NONE',  ( -1.952479751915167094, -0.2605712927930439182, -0.2545484930337157947 ) ) ;
#6678 = EDGE_CURVE ( 'NONE', #971, #3036, #8325, .T. ) ;
#6679 = EDGE_CURVE ( 'NONE', #7398, #2067, #6286, .T. ) ;
#6680 = CYLINDRICAL_SURFACE ( 'NONE', #1038, 0.009999999999999988065 ) ;
#6681 = VECTOR ( 'NONE', #4529, 39.37007874015748143 ) ;
#6682 = ORIENTED_EDGE ( 'NONE', *, *, #4468, .T. ) ;
#6683 = COLOUR_RGB ( '',0.3764705882352941124, 0.3843137254901960453, 0.3843137254901960453 ) ;
#6684 = DIRECTION ( 'NONE',  ( 0.8660254037844348218, 0.5000000000000067724, 0.000000000000000000 ) ) ;
#6685 = CARTESIAN_POINT ( 'NONE',  ( -2.392868649053890628, -0.3170337998483088171, -0.6999999999999999556 ) ) ;
#6686 = AXIS2_PLACEMENT_3D ( 'NONE', #9115, #4130, #4833 ) ;
#6687 = DIRECTION ( 'NONE',  ( -0.4999999999999893974, 0.8660254037844448138, 0.000000000000000000 ) ) ;
#6688 = DIRECTION ( 'NONE',  ( -5.090879084663727145E-14, -1.000000000000000000, 0.000000000000000000 ) ) ;
#6689 = ORIENTED_EDGE ( 'NONE', *, *, #7302, .T. ) ;
#6690 = VECTOR ( 'NONE', #277, 39.37007874015748143 ) ;
#6691 = CARTESIAN_POINT ( 'NONE',  ( -1.813004557839720920, -0.01775088930758956032, -0.2599999999999999534 ) ) ;
#6692 = EDGE_LOOP ( 'NONE', ( #8083, #4794, #3123, #4558 ) ) ;
#6693 = ADVANCED_FACE ( 'NONE', ( #3289 ), #6943, .F. ) ;
#6694 = DIRECTION ( 'NONE',  ( 0.8660254037844432595, 0.4999999999999919509, 0.000000000000000000 ) ) ;
#6695 = CARTESIAN_POINT ( 'NONE',  ( -1.857131350946074733, -0.3170337998483052644, -0.6999999999999999556 ) ) ;
#6696 = LINE ( 'NONE', #160, #3863 ) ;
#6697 = CARTESIAN_POINT ( 'NONE',  ( 2.453125000000005329, 0.2893790496476773000, -0.4150000000000000910 ) ) ;
#6698 = EDGE_LOOP ( 'NONE', ( #7541, #33, #4277, #6648 ) ) ;
#6699 = ORIENTED_EDGE ( 'NONE', *, *, #7430, .F. ) ;
#6700 = EDGE_CURVE ( 'NONE', #8311, #8735, #5436, .T. ) ;
#6701 = EDGE_LOOP ( 'NONE', ( #1235, #9014, #4883, #1528, #122 ) ) ;
#6702 = FACE_OUTER_BOUND ( 'NONE', #6239, .T. ) ;
#6703 = AXIS2_PLACEMENT_3D ( 'NONE', #4289, #6419, #609 ) ;
#6704 = EDGE_CURVE ( 'NONE', #6042, #4624, #7568, .T. ) ;
#6705 = LINE ( 'NONE', #7310, #4412 ) ;
#6706 = ORIENTED_EDGE ( 'NONE', *, *, #3608, .T. ) ;
#6707 = ORIENTED_EDGE ( 'NONE', *, *, #237, .T. ) ;
#6708 = LINE ( 'NONE', #6656, #5227 ) ;
#6709 = DIRECTION ( 'NONE',  ( 0.000000000000000000, 0.000000000000000000, 1.000000000000000000 ) ) ;
#6710 = CONICAL_SURFACE ( 'NONE', #2602, 0.5324999999999976419, 0.7853981633974536081 ) ;
#6711 = PLANE ( 'NONE',  #8279 ) ;
#6712 = LINE ( 'NONE', #7820, #8331 ) ;
#6713 = DIRECTION ( 'NONE',  ( -0.9659258262890647595, -0.2588190451025340066, -5.200752957859881315E-15 ) ) ;
#6714 = ORIENTED_EDGE ( 'NONE', *, *, #4085, .T. ) ;
#6715 = AXIS2_PLACEMENT_3D ( 'NONE', #1026, #4608, #7597 ) ;
#6716 = LINE ( 'NONE', #3674, #738 ) ;
#6717 = ORIENTED_EDGE ( 'NONE', *, *, #5561, .F. ) ;
#6718 = VECTOR ( 'NONE', #8595, 39.37007874015748143 ) ;
#6719 = CARTESIAN_POINT ( 'NONE',  ( -2.281250000000000000, 0.2706329386826341055, -0.9175000000000007594 ) ) ;
#6720 = CARTESIAN_POINT ( 'NONE',  ( -1.968749999999999778, -0.2706329386826341610, 0.9499999999999999556 ) ) ;
#6721 = ORIENTED_EDGE ( 'NONE', *, *, #4392, .F. ) ;
#6722 = CARTESIAN_POINT ( 'NONE',  ( 1.559174798107780591, -0.01996200211974714228, -0.5357500000000002816 ) ) ;
#6723 = ORIENTED_EDGE ( 'NONE', *, *, #3391, .F. ) ;
#6724 = VERTEX_POINT ( 'NONE', #1857 ) ;
#6725 = CARTESIAN_POINT ( 'NONE',  ( -1.654006350946105819, 0.03478902043912990294, -0.9499999999999999556 ) ) ;
#6726 = DIRECTION ( 'NONE',  ( -0.8660254037844431485, 0.4999999999999918954, 0.000000000000000000 ) ) ;
#6727 = VERTEX_POINT ( 'NONE', #1093 ) ;
#6728 = FACE_OUTER_BOUND ( 'NONE', #9401, .T. ) ;
#6729 = CARTESIAN_POINT ( 'NONE',  ( 2.812500000000023093, -0.09021097956089567382, 0.2500000000000000555 ) ) ;
#6730 = LINE ( 'NONE', #3691, #8650 ) ;
#6731 = DIRECTION ( 'NONE',  ( 0.000000000000000000, 1.000000000000000000, 0.000000000000000000 ) ) ;
#6732 = EDGE_LOOP ( 'NONE', ( #1866, #3762, #6104, #4081 ) ) ;
#6733 = ADVANCED_FACE ( 'NONE', ( #4627 ), #7517, .T. ) ;
#6734 = ADVANCED_FACE ( 'NONE', ( #6993 ), #1904, .F. ) ;
#6735 = LINE ( 'NONE', #6691, #2398 ) ;
#6736 = EDGE_LOOP ( 'NONE', ( #1605, #7491, #3238, #8143 ) ) ;
#6737 = CARTESIAN_POINT ( 'NONE',  ( 1.944456811574331256, -0.2550694162636747420, -0.2500000000000000555 ) ) ;
#6738 = EDGE_LOOP ( 'NONE', ( #2919, #1310, #5358, #2529, #3458, #3201, #266, #7962 ) ) ;
#6739 = FACE_OUTER_BOUND ( 'NONE', #1552, .T. ) ;
#6740 = CARTESIAN_POINT ( 'NONE',  ( 2.330368649053886632, -0.4252869753213685544, -0.6999999999999999556 ) ) ;
#6741 = ADVANCED_FACE ( 'NONE', ( #9088 ), #2528, .F. ) ;
#6742 = VECTOR ( 'NONE', #4077, 39.37007874015748143 ) ;
#6743 = FACE_OUTER_BOUND ( 'NONE', #762, .T. ) ;
#6744 = ORIENTED_EDGE ( 'NONE', *, *, #5274, .F. ) ;
#6745 = EDGE_CURVE ( 'NONE', #5820, #2096, #8995, .T. ) ;
#6746 = EDGE_CURVE ( 'NONE', #6868, #4611, #7618, .T. ) ;
#6747 = ORIENTED_EDGE ( 'NONE', *, *, #7994, .T. ) ;
#6748 = DIRECTION ( 'NONE',  ( -0.5000000000000039968, -0.8660254037844362651, -0.000000000000000000 ) ) ;
#6749 = CIRCLE ( 'NONE', #5069, 0.4374999999999960587 ) ;
#6750 = CARTESIAN_POINT ( 'NONE',  ( -1.699557446862083543, 0.1020995828581592463, -0.8365655606850085357 ) ) ;
#6751 = VERTEX_POINT ( 'NONE', #1002 ) ;
#6752 = ORIENTED_EDGE ( 'NONE', *, *, #1969, .T. ) ;
#6753 = DIRECTION ( 'NONE',  ( 0.000000000000000000, 0.000000000000000000, 1.000000000000000000 ) ) ;
#6754 = DIRECTION ( 'NONE',  ( -0.7071067811865482389, -0.7071067811865467956, -0.000000000000000000 ) ) ;
#6755 = VECTOR ( 'NONE', #6849, 39.37007874015748854 ) ;
#6756 = EDGE_CURVE ( 'NONE', #8909, #6408, #3883, .T. ) ;
#6757 = LINE ( 'NONE', #4437, #6775 ) ;
#6758 = PRESENTATION_STYLE_ASSIGNMENT (( #3858 ) ) ;
#6759 = ORIENTED_EDGE ( 'NONE', *, *, #6842, .F. ) ;
#6760 = LINE ( 'NONE', #6030, #9096 ) ;
#6761 = ORIENTED_EDGE ( 'NONE', *, *, #8785, .F. ) ;
#6762 = DIRECTION ( 'NONE',  ( -0.9659258262890734192, -0.2588190451025017547, -0.000000000000000000 ) ) ;
#6763 = CARTESIAN_POINT ( 'NONE',  ( -2.298124999999999307, 0.6404979548822424817, -0.6642500000000000071 ) ) ;
#6764 = CIRCLE ( 'NONE', #2655, 0.06424999999999998768 ) ;
#6765 = AXIS2_PLACEMENT_3D ( 'NONE', #5988, #1881, #8891 ) ;
#6766 = CARTESIAN_POINT ( 'NONE',  ( 2.038437500000002345, 0.1499306480301810518, -0.9499999999999999556 ) ) ;
#6767 = EDGE_CURVE ( 'NONE', #7053, #7975, #7846, .T. ) ;
#6768 = EDGE_CURVE ( 'NONE', #7855, #5764, #8783, .T. ) ;
#6769 = PLANE ( 'NONE',  #3746 ) ;
#6770 = VERTEX_POINT ( 'NONE', #7185 ) ;
#6771 = ORIENTED_EDGE ( 'NONE', *, *, #1381, .T. ) ;
#6772 = CARTESIAN_POINT ( 'NONE',  ( 2.438410726635508396, 0.6067516740937434205, -0.8254813800261058265 ) ) ;
#6773 = ORIENTED_EDGE ( 'NONE', *, *, #3296, .F. ) ;
#6774 = CONICAL_SURFACE ( 'NONE', #3885, 0.2824999999999991407, 0.7853981633974393972 ) ;
#6775 = VECTOR ( 'NONE', #2949, 39.37007874015748854 ) ;
#6776 = SURFACE_STYLE_USAGE ( .BOTH. , #861 ) ;
#6777 = CARTESIAN_POINT ( 'NONE',  ( -1.501393226381754431, -0.1762004845441237921, -0.2500000000000000000 ) ) ;
#6778 = CARTESIAN_POINT ( 'NONE',  ( 0.000000000000000000, 0.3012499999999982969, 0.000000000000000000 ) ) ;
#6779 = DIRECTION ( 'NONE',  ( 1.000000000000000000, 0.000000000000000000, 0.000000000000000000 ) ) ;
#6780 = DIRECTION ( 'NONE',  ( 2.185478394931412547E-15, 0.000000000000000000, 1.000000000000000000 ) ) ;
#6781 = ORIENTED_EDGE ( 'NONE', *, *, #407, .T. ) ;
#6782 = CIRCLE ( 'NONE', #2065, 0.2174999999999991662 ) ;
#6783 = DIRECTION ( 'NONE',  ( 1.000000000000000000, 5.142302105720781001E-14, 0.000000000000000000 ) ) ;
#6784 = ORIENTED_EDGE ( 'NONE', *, *, #7168, .T. ) ;
#6785 = LINE ( 'NONE', #1818, #1177 ) ;
#6786 = ORIENTED_EDGE ( 'NONE', *, *, #9299, .F. ) ;
#6787 = CYLINDRICAL_SURFACE ( 'NONE', #2977, 0.4374999999999960587 ) ;
#6788 = DIRECTION ( 'NONE',  ( -0.5000000000000039968, 0.8660254037844362651, -0.000000000000000000 ) ) ;
#6789 = FACE_OUTER_BOUND ( 'NONE', #8808, .T. ) ;
#6790 = VERTEX_POINT ( 'NONE', #4254 ) ;
#6791 = VERTEX_POINT ( 'NONE', #7799 ) ;
#6792 = FACE_BOUND ( 'NONE', #7399, .T. ) ;
#6793 = DIRECTION ( 'NONE',  ( -1.865610830299460874E-15, 1.000000000000000000, 0.000000000000000000 ) ) ;
#6794 = ADVANCED_FACE ( 'NONE', ( #2718 ), #3634, .F. ) ;
#6795 = ADVANCED_FACE ( 'NONE', ( #1283 ), #4200, .T. ) ;
#6796 = VERTEX_POINT ( 'NONE', #7143 ) ;
#6797 = LINE ( 'NONE', #3228, #3069 ) ;
#6798 = CARTESIAN_POINT ( 'NONE',  ( 2.125000000000000000, 0.000000000000000000, -0.9499999999999999556 ) ) ;
#6799 = DIRECTION ( 'NONE',  ( 0.5000000000000434097, 0.8660254037844137276, 0.000000000000000000 ) ) ;
#6800 = ORIENTED_EDGE ( 'NONE', *, *, #1547, .F. ) ;
#6801 = EDGE_LOOP ( 'NONE', ( #8164, #7393, #7924, #4616 ) ) ;
#6802 = CARTESIAN_POINT ( 'NONE',  ( 1.989359352549145976, 0.2815355206474021155, -0.2509675856017753448 ) ) ;
#6803 = ORIENTED_EDGE ( 'NONE', *, *, #3369, .F. ) ;
#6804 = EDGE_CURVE ( 'NONE', #7266, #5192, #4953, .T. ) ;
#6805 = VECTOR ( 'NONE', #6490, 39.37007874015747433 ) ;
#6806 = LINE ( 'NONE', #6082, #5392 ) ;
#6807 = DIRECTION ( 'NONE',  ( 0.000000000000000000, -1.000000000000000000, 0.000000000000000000 ) ) ;
#6808 = DIRECTION ( 'NONE',  ( 0.000000000000000000, 0.000000000000000000, 1.000000000000000000 ) ) ;
#6809 = CARTESIAN_POINT ( 'NONE',  ( -2.390625000000005773, 0.6404979548822425928, -0.9499999999999999556 ) ) ;
#6810 = DIRECTION ( 'NONE',  ( -0.000000000000000000, -1.000000000000000000, 0.000000000000000000 ) ) ;
#6811 = DIRECTION ( 'NONE',  ( 0.000000000000000000, 0.000000000000000000, 1.000000000000000000 ) ) ;
#6812 = ORIENTED_EDGE ( 'NONE', *, *, #3235, .F. ) ;
#6813 = ORIENTED_EDGE ( 'NONE', *, *, #6387, .T. ) ;
#6814 = AXIS2_PLACEMENT_3D ( 'NONE', #918, #3841, #6783 ) ;
#6815 = CARTESIAN_POINT ( 'NONE',  ( 2.275330505353885702, -0.4109673163000679974, -0.3538915543536296227 ) ) ;
#6816 = CYLINDRICAL_SURFACE ( 'NONE', #2717, 0.04449999999999975503 ) ;
#6817 = DIRECTION ( 'NONE',  ( 0.5000000000000035527, 0.8660254037844364872, 0.000000000000000000 ) ) ;
#6818 = CYLINDRICAL_SURFACE ( 'NONE', #8875, 0.2500000000000000555 ) ;
#6819 = FACE_OUTER_BOUND ( 'NONE', #7392, .T. ) ;
#6820 = CARTESIAN_POINT ( 'NONE',  ( -1.951875000000005578, 0.6404979548822650193, -0.2599999999999999534 ) ) ;
#6821 = VECTOR ( 'NONE', #1761, 39.37007874015748143 ) ;
#6822 = CIRCLE ( 'NONE', #7271, 0.04449999999999948441 ) ;
#6823 = VECTOR ( 'NONE', #2627, 39.37007874015748143 ) ;
#6824 = ORIENTED_EDGE ( 'NONE', *, *, #1232, .F. ) ;
#6825 = DIRECTION ( 'NONE',  ( 1.000000000000000000, -0.000000000000000000, 1.658456209688565037E-16 ) ) ;
#6826 = ORIENTED_EDGE ( 'NONE', *, *, #8124, .T. ) ;
#6827 = CARTESIAN_POINT ( 'NONE',  ( -2.453125000000210498, 0.2893790496474515916, -0.7849999999997243627 ) ) ;
#6828 = VECTOR ( 'NONE', #9126, 39.37007874015748143 ) ;
#6829 = LINE ( 'NONE', #7008, #4673 ) ;
#6830 = DIRECTION ( 'NONE',  ( 0.8660254037844354880, -0.5000000000000056621, 3.824587191129966534E-15 ) ) ;
#6831 = AXIS2_PLACEMENT_3D ( 'NONE', #3551, #6540, #1351 ) ;
#6832 = DIRECTION ( 'NONE',  ( 0.000000000000000000, 0.000000000000000000, -1.000000000000000000 ) ) ;
#6833 = CIRCLE ( 'NONE', #3649, 0.3124999999999972800 ) ;
#6834 = ORIENTED_EDGE ( 'NONE', *, *, #3839, .T. ) ;
#6835 = DIRECTION ( 'NONE',  ( 0.7071067811866752484, 3.269044716369829889E-14, 0.7071067811864196750 ) ) ;
#6836 = CARTESIAN_POINT ( 'NONE',  ( 2.405742883364027751, 0.3356736947502531598, -0.3538915543536295671 ) ) ;
#6837 = VERTEX_POINT ( 'NONE', #3535 ) ;
#6838 = LINE ( 'NONE', #8922, #165 ) ;
#6839 = CARTESIAN_POINT ( 'NONE',  ( 2.493441540436297732, -0.5650121601517541503, -0.8341152750368363566 ) ) ;
#6840 = EDGE_CURVE ( 'NONE', #1855, #6332, #8638, .T. ) ;
#6841 = CARTESIAN_POINT ( 'NONE',  ( 2.436995442160277303, -0.01775088930761715283, -0.9175000000000006484 ) ) ;
#6842 = EDGE_CURVE ( 'NONE', #8782, #3999, #6432, .T. ) ;
#6843 = ORIENTED_EDGE ( 'NONE', *, *, #2984, .T. ) ;
#6844 = EDGE_CURVE ( 'NONE', #1082, #4850, #9334, .T. ) ;
#6845 = DIRECTION ( 'NONE',  ( -0.8660254037844135055, 0.5000000000000432987, 0.000000000000000000 ) ) ;
#6846 = ORIENTED_EDGE ( 'NONE', *, *, #6208, .T. ) ;
#6847 = CARTESIAN_POINT ( 'NONE',  ( -1.779775888008966911, 0.2687499999999986011, -0.2500000000000000000 ) ) ;
#6848 = AXIS2_PLACEMENT_3D ( 'NONE', #1945, #2040, #6426 ) ;
#6849 = DIRECTION ( 'NONE',  ( 0.7071067811865511255, 0.7071067811865437980, 0.000000000000000000 ) ) ;
#6850 = DIRECTION ( 'NONE',  ( 0.4999999999999918954, -0.8660254037844431485, -0.000000000000000000 ) ) ;
#6851 = ADVANCED_FACE ( 'NONE', ( #2812 ), #5045, .T. ) ;
#6852 = PLANE ( 'NONE',  #4120 ) ;
#6853 = EDGE_CURVE ( 'NONE', #503, #8869, #1421, .T. ) ;
#6854 = CARTESIAN_POINT ( 'NONE',  ( -1.437499999999994893, -0.09021097956086808478, -0.4650000000000000799 ) ) ;
#6855 = ORIENTED_EDGE ( 'NONE', *, *, #6704, .F. ) ;
#6856 = ORIENTED_EDGE ( 'NONE', *, *, #701, .F. ) ;
#6857 = STYLED_ITEM ( 'NONE', ( #2936 ), #4148 ) ;
#6858 = DIRECTION ( 'NONE',  ( 4.677093841292901429E-14, 1.000000000000000000, 0.000000000000000000 ) ) ;
#6859 = VECTOR ( 'NONE', #8104, 39.37007874015748143 ) ;
#6860 = CARTESIAN_POINT ( 'NONE',  ( -1.484346610447648818, -0.1713516890186513597, -0.2499999999999999722 ) ) ;
#6861 = CARTESIAN_POINT ( 'NONE',  ( -1.716506350946108261, -0.07346415503393144419, -0.6999999999999999556 ) ) ;
#6862 = CARTESIAN_POINT ( 'NONE',  ( 0.000000000000000000, 0.3012499999999982969, -0.9875000000000008216 ) ) ;
#6863 = DIRECTION ( 'NONE',  ( 0.000000000000000000, 0.000000000000000000, 1.000000000000000000 ) ) ;
#6864 = ADVANCED_FACE ( 'NONE', ( #7900 ), #1378, .T. ) ;
#6865 = ORIENTED_EDGE ( 'NONE', *, *, #6475, .T. ) ;
#6866 = EDGE_CURVE ( 'NONE', #4938, #6165, #7166, .T. ) ;
#6867 = CARTESIAN_POINT ( 'NONE',  ( -1.693926611282083883, 0.07529362154981780741, -0.3538915543536296227 ) ) ;
#6868 = VERTEX_POINT ( 'NONE', #4153 ) ;
#6869 = DIRECTION ( 'NONE',  ( 0.000000000000000000, 0.000000000000000000, 1.000000000000000000 ) ) ;
#6870 = DIRECTION ( 'NONE',  ( 0.4999999999999527045, 0.8660254037844660191, 0.000000000000000000 ) ) ;
#6871 = CARTESIAN_POINT ( 'NONE',  ( 2.265624999999998668, 0.2790714234295562646, -0.9175000000000007594 ) ) ;
#6872 = CARTESIAN_POINT ( 'NONE',  ( -2.549743649053904715, -0.04531832941097126144, -0.6999999999999999556 ) ) ;
#6873 = VERTEX_POINT ( 'NONE', #520 ) ;
#6874 = ADVANCED_FACE ( 'NONE', ( #3436 ), #9233, .T. ) ;
#6875 = EDGE_CURVE ( 'NONE', #781, #4143, #6595, .T. ) ;
#6876 = CARTESIAN_POINT ( 'NONE',  ( -2.390625000000005329, 0.3476343040825998765, 0.2500000000000000555 ) ) ;
#6877 = DIRECTION ( 'NONE',  ( 0.000000000000000000, 0.000000000000000000, 1.000000000000000000 ) ) ;
#6878 = CARTESIAN_POINT ( 'NONE',  ( 2.419805777912142020, 0.3233928713135950650, -0.3592211982275869131 ) ) ;
#6879 = ORIENTED_EDGE ( 'NONE', *, *, #3224, .T. ) ;
#6880 = ORIENTED_EDGE ( 'NONE', *, *, #7824, .T. ) ;
#6881 = DIRECTION ( 'NONE',  ( 0.5000000000000056621, 0.8660254037844353769, 0.000000000000000000 ) ) ;
#6882 = CARTESIAN_POINT ( 'NONE',  ( -2.635183069698970204, 0.01216299788008453654, -0.5999999999999999778 ) ) ;
#6883 = DIRECTION ( 'NONE',  ( -0.5000000000000036637, -0.8660254037844365982, -0.000000000000000000 ) ) ;
#6884 = ORIENTED_EDGE ( 'NONE', *, *, #7605, .T. ) ;
#6885 = CIRCLE ( 'NONE', #8706, 0.04250000000000152961 ) ;
#6886 = ORIENTED_EDGE ( 'NONE', *, *, #522, .T. ) ;
#6887 = DIRECTION ( 'NONE',  ( 0.5000000000000066613, -0.8660254037844348218, 0.000000000000000000 ) ) ;
#6888 = DIRECTION ( 'NONE',  ( 0.8660254037844431485, 0.4999999999999918954, 0.000000000000000000 ) ) ;
#6889 = ORIENTED_EDGE ( 'NONE', *, *, #909, .F. ) ;
#6890 = CARTESIAN_POINT ( 'NONE',  ( 2.298124999999991314, 0.2984170477285114087, -0.9499999999999999556 ) ) ;
#6891 = CONICAL_SURFACE ( 'NONE', #7960, 0.1124999999999999611, 0.7155849933176776645 ) ;
#6892 = LINE ( 'NONE', #1704, #3111 ) ;
#6893 = DIRECTION ( 'NONE',  ( 3.023406148612404967E-15, 1.000000000000000000, -0.000000000000000000 ) ) ;
#6894 = DIRECTION ( 'NONE',  ( 0.000000000000000000, 0.000000000000000000, 1.000000000000000000 ) ) ;
#6895 = ORIENTED_EDGE ( 'NONE', *, *, #1899, .F. ) ;
#6896 = ORIENTED_EDGE ( 'NONE', *, *, #6266, .T. ) ;
#6897 = AXIS2_PLACEMENT_3D ( 'NONE', #2277, #2177, #7315 ) ;
#6898 = DIRECTION ( 'NONE',  ( 0.000000000000000000, 0.000000000000000000, -1.000000000000000000 ) ) ;
#6899 = PRESENTATION_LAYER_ASSIGNMENT (  '', '', ( #9189 ) ) ;
#6900 = EDGE_CURVE ( 'NONE', #2479, #7496, #7365, .T. ) ;
#6901 = EDGE_CURVE ( 'NONE', #8207, #171, #133, .T. ) ;
#6902 = LINE ( 'NONE', #5421, #7102 ) ;
#6903 = DIRECTION ( 'NONE',  ( -0.8660254037844407060, 0.4999999999999965583, 0.000000000000000000 ) ) ;
#6904 = CARTESIAN_POINT ( 'NONE',  ( -1.167433081593972632, -0.3012499999999982969, -0.4999999999999999445 ) ) ;
#6905 = FACE_OUTER_BOUND ( 'NONE', #2338, .T. ) ;
#6906 = ORIENTED_EDGE ( 'NONE', *, *, #4635, .T. ) ;
#6907 = AXIS2_PLACEMENT_3D ( 'NONE', #6221, #9120, #7369 ) ;
#6908 = DIRECTION ( 'NONE',  ( 0.000000000000000000, -1.000000000000000000, 0.000000000000000000 ) ) ;
#6909 = ORIENTED_EDGE ( 'NONE', *, *, #5594, .F. ) ;
#6910 = AXIS2_PLACEMENT_3D ( 'NONE', #5405, #4658, #1785 ) ;
#6911 =( CONVERSION_BASED_UNIT ( 'INCH', #534 ) LENGTH_UNIT ( ) NAMED_UNIT ( #8747 ) );
#6912 = ORIENTED_EDGE ( 'NONE', *, *, #8468, .F. ) ;
#6913 = EDGE_CURVE ( 'NONE', #1070, #3729, #6716, .T. ) ;
#6914 = DIRECTION ( 'NONE',  ( 1.000000000000000000, 0.000000000000000000, 0.000000000000000000 ) ) ;
#6915 = CARTESIAN_POINT ( 'NONE',  ( -2.493160219341329142, -0.2382494887205698075, 5.578266170116183356E-17 ) ) ;
#6916 = CARTESIAN_POINT ( 'NONE',  ( -2.284255622702721755, -0.4076012589772554096, -0.8474999999999995870 ) ) ;
#6917 = CONICAL_SURFACE ( 'NONE', #2665, 0.04249999999999988509, 0.7853981633974513876 ) ;
#6918 = LINE ( 'NONE', #2402, #7164 ) ;
#6919 = ORIENTED_EDGE ( 'NONE', *, *, #8593, .T. ) ;
#6920 = CARTESIAN_POINT ( 'NONE',  ( -2.812500000000023093, 0.6404979548822424817, -0.5357500000000000595 ) ) ;
#6921 = LINE ( 'NONE', #6262, #135 ) ;
#6922 = AXIS2_PLACEMENT_3D ( 'NONE', #5276, #1, #2290 ) ;
#6923 = PLANE ( 'NONE',  #1170 ) ;
#6924 = ORIENTED_EDGE ( 'NONE', *, *, #3515, .F. ) ;
#6925 = EDGE_CURVE ( 'NONE', #7596, #7142, #848, .T. ) ;
#6926 = ORIENTED_EDGE ( 'NONE', *, *, #560, .F. ) ;
#6927 = LENGTH_MEASURE_WITH_UNIT ( LENGTH_MEASURE( 0.02539999999999999897 ), #2206 );
#6928 = CARTESIAN_POINT ( 'NONE',  ( 2.498030605032921070, -0.5418131503715359898, -0.8452727038963769868 ) ) ;
#6929 = LINE ( 'NONE', #4708, #1742 ) ;
#6930 = ORIENTED_EDGE ( 'NONE', *, *, #8732, .T. ) ;
#6931 = ORIENTED_EDGE ( 'NONE', *, *, #8888, .F. ) ;
#6932 = CYLINDRICAL_SURFACE ( 'NONE', #7122, 0.06424999999999977951 ) ;
#6933 = ORIENTED_EDGE ( 'NONE', *, *, #2309, .T. ) ;
#6934 = DIRECTION ( 'NONE',  ( 0.000000000000000000, 0.000000000000000000, -1.000000000000000000 ) ) ;
#6935 = PLANE ( 'NONE',  #3711 ) ;
#6936 = CARTESIAN_POINT ( 'NONE',  ( 1.703124999999971134, -0.5502869753213720516, 0.9499999999999999556 ) ) ;
#6937 = ORIENTED_EDGE ( 'NONE', *, *, #6842, .T. ) ;
#6938 = CARTESIAN_POINT ( 'NONE',  ( 1.518288994337731790, -0.1816344380701811201, -0.2500000000000000555 ) ) ;
#6939 = DIRECTION ( 'NONE',  ( -0.5000000000000039968, 0.8660254037844362651, -0.000000000000000000 ) ) ;
#6940 = ORIENTED_EDGE ( 'NONE', *, *, #4904, .T. ) ;
#6941 = ORIENTED_EDGE ( 'NONE', *, *, #595, .T. ) ;
#6942 = VECTOR ( 'NONE', #5857, 39.37007874015748143 ) ;
#6943 = PLANE ( 'NONE',  #116 ) ;
#6944 = ORIENTED_EDGE ( 'NONE', *, *, #677, .F. ) ;
#6945 = CIRCLE ( 'NONE', #3927, 0.06424999999999990441 ) ;
#6946 = DIRECTION ( 'NONE',  ( 0.5000000000000038858, -0.8660254037844362651, 0.000000000000000000 ) ) ;
#6947 = CARTESIAN_POINT ( 'NONE',  ( 1.654006350946105819, 0.03478902043912935477, -0.6999999999999999556 ) ) ;
#6948 = CYLINDRICAL_SURFACE ( 'NONE', #8795, 0.06424999999999973788 ) ;
#6949 = LINE ( 'NONE', #7713, #8177 ) ;
#6950 = VECTOR ( 'NONE', #2484, 39.37007874015748143 ) ;
#6951 = ORIENTED_EDGE ( 'NONE', *, *, #866, .T. ) ;
#6952 = EDGE_CURVE ( 'NONE', #7504, #315, #880, .T. ) ;
#6953 = EDGE_CURVE ( 'NONE', #5195, #5522, #3174, .T. ) ;
#6954 = DIRECTION ( 'NONE',  ( 0.4999999999999920619, 0.8660254037844432595, -2.185478394931430691E-15 ) ) ;
#6955 = ORIENTED_EDGE ( 'NONE', *, *, #8247, .T. ) ;
#6956 = EDGE_CURVE ( 'NONE', #9399, #1854, #6206, .T. ) ;
#6957 = B_SPLINE_CURVE_WITH_KNOTS ( 'NONE', 3,
 ( #5569, #2632, #8282, #6191, #291, #9148 ),
 .UNSPECIFIED., .F., .F.,
 ( 4, 2, 4 ),
 ( 1.084202172485504434E-19, 0.0002093745834697632185, 0.0004187491669395262202 ),
 .UNSPECIFIED. ) ;
#6958 = FACE_OUTER_BOUND ( 'NONE', #1933, .T. ) ;
#6959 = ORIENTED_EDGE ( 'NONE', *, *, #2505, .F. ) ;
#6960 = CIRCLE ( 'NONE', #8925, 0.4374999999999960032 ) ;
#6961 = DIRECTION ( 'NONE',  ( 0.000000000000000000, 0.000000000000000000, 1.000000000000000000 ) ) ;
#6962 = AXIS2_PLACEMENT_3D ( 'NONE', #1210, #3362, #6261 ) ;
#6963 = LINE ( 'NONE', #4827, #3712 ) ;
#6964 = PLANE ( 'NONE',  #5889 ) ;
#6965 = DIRECTION ( 'NONE',  ( -0.8660254037844395958, -0.4999999999999983902, 0.000000000000000000 ) ) ;
#6966 = DIRECTION ( 'NONE',  ( -0.8660254037844138386, 0.5000000000000431877, 0.000000000000000000 ) ) ;
#6967 = VECTOR ( 'NONE', #6192, 39.37007874015748143 ) ;
#6968 = EDGE_CURVE ( 'NONE', #4996, #1819, #8702, .T. ) ;
#6969 = VECTOR ( 'NONE', #6571, 39.37007874015748143 ) ;
#6970 = DIRECTION ( 'NONE',  ( 1.000000000000000000, 5.142302105720483758E-14, 0.000000000000000000 ) ) ;
#6971 = DIRECTION ( 'NONE',  ( 0.8660254037844448138, 0.4999999999999893419, 0.000000000000000000 ) ) ;
#6972 = VECTOR ( 'NONE', #8190, 39.37007874015748854 ) ;
#6973 = CARTESIAN_POINT ( 'NONE',  ( 2.537660219341328460, -0.2382494887205698075, -0.2500000000000000555 ) ) ;
#6974 = CARTESIAN_POINT ( 'NONE',  ( -2.513492737973233027, -0.6031825010027623835, -0.7349999999999999867 ) ) ;
#6975 = AXIS2_PLACEMENT_3D ( 'NONE', #3520, #9170, #5506 ) ;
#6976 = LINE ( 'NONE', #8501, #2754 ) ;
#6977 = EDGE_CURVE ( 'NONE', #7328, #5934, #2232, .T. ) ;
#6978 = ORIENTED_EDGE ( 'NONE', *, *, #3797, .T. ) ;
#6979 = EDGE_CURVE ( 'NONE', #3696, #1238, #5130, .T. ) ;
#6980 = CIRCLE ( 'NONE', #2272, 0.2500000000000001110 ) ;
#6981 = CARTESIAN_POINT ( 'NONE',  ( -1.703124999999971134, -0.5502869753213720516, -0.6999999999999999556 ) ) ;
#6982 = DIRECTION ( 'NONE',  ( 0.4999999999999986122, 0.8660254037844394848, 0.000000000000000000 ) ) ;
#6983 = ORIENTED_EDGE ( 'NONE', *, *, #2689, .T. ) ;
#6984 = CARTESIAN_POINT ( 'NONE',  ( 1.956752361437507526, -0.4038551499215299323, -0.9499999999999999556 ) ) ;
#6985 = CARTESIAN_POINT ( 'NONE',  ( 1.851621079396632341, 0.3415702208528278994, -0.6049424654863826412 ) ) ;
#6986 = CARTESIAN_POINT ( 'NONE',  ( 1.859375000000008882, 0.6404979548822717916, -0.6999999999999999556 ) ) ;
#6987 = AXIS2_PLACEMENT_3D ( 'NONE', #4080, #6259, #2644 ) ;
#6988 = ORIENTED_EDGE ( 'NONE', *, *, #4584, .F. ) ;
#6989 = FACE_OUTER_BOUND ( 'NONE', #968, .T. ) ;
#6990 = CYLINDRICAL_SURFACE ( 'NONE', #5989, 0.06425000000000000155 ) ;
#6991 = ORIENTED_EDGE ( 'NONE', *, *, #765, .T. ) ;
#6992 = ORIENTED_EDGE ( 'NONE', *, *, #6746, .F. ) ;
#6993 = FACE_OUTER_BOUND ( 'NONE', #234, .T. ) ;
#6994 = ORIENTED_EDGE ( 'NONE', *, *, #3677, .T. ) ;
#6995 = CONICAL_SURFACE ( 'NONE', #5484, 0.1124999999999999611, 0.7155849933176776645 ) ;
#6996 = FACE_OUTER_BOUND ( 'NONE', #3399, .T. ) ;
#6997 = PLANE ( 'NONE',  #2966 ) ;
#6998 = DIRECTION ( 'NONE',  ( 0.000000000000000000, 0.000000000000000000, -1.000000000000000000 ) ) ;
#6999 = DIRECTION ( 'NONE',  ( 0.000000000000000000, 0.000000000000000000, -1.000000000000000000 ) ) ;
#7000 = AXIS2_PLACEMENT_3D ( 'NONE', #5114, #3606, #785 ) ;
#7001 = ORIENTED_EDGE ( 'NONE', *, *, #8146, .T. ) ;
#7002 = CARTESIAN_POINT ( 'NONE',  ( -1.477000199716365980, -0.06232895486742969643, -0.8474999999999995870 ) ) ;
#7003 = ORIENTED_EDGE ( 'NONE', *, *, #4701, .F. ) ;
#7004 = AXIS2_PLACEMENT_3D ( 'NONE', #5162, #5113, #2167 ) ;
#7005 = CARTESIAN_POINT ( 'NONE',  ( -2.812500000000023093, 0.4058214234295524081, -0.6642500000000000071 ) ) ;
#7006 = EDGE_LOOP ( 'NONE', ( #5518, #9215, #8080, #2121 ) ) ;
#7007 = AXIS2_PLACEMENT_3D ( 'NONE', #9013, #3985, #2354 ) ;
#7008 = CARTESIAN_POINT ( 'NONE',  ( 1.812500000000002665, -0.2687499999999988787, -0.2500000000000000000 ) ) ;
#7009 = CARTESIAN_POINT ( 'NONE',  ( 1.242624999999987656, 0.000000000000000000, 0.000000000000000000 ) ) ;
#7010 = EDGE_CURVE ( 'NONE', #2714, #6019, #3099, .T. ) ;
#7011 = CARTESIAN_POINT ( 'NONE',  ( -2.750000000000022649, -0.1984641550339512339, -0.9499999999999999556 ) ) ;
#7012 = EDGE_CURVE ( 'NONE', #7938, #4109, #4570, .T. ) ;
#7013 = ORIENTED_EDGE ( 'NONE', *, *, #8111, .F. ) ;
#7014 = UNCERTAINTY_MEASURE_WITH_UNIT (LENGTH_MEASURE( 1.000000000000000082E-05 ), #6911, 'distance_accuracy_value', 'NONE');
#7015 = CARTESIAN_POINT ( 'NONE',  ( -1.656874999999972786, -0.4701796254713134227, -0.2599999999999999534 ) ) ;
#7016 = DIRECTION ( 'NONE',  ( -0.8660254037844363761, 0.5000000000000041078, 0.000000000000000000 ) ) ;
#7017 = CARTESIAN_POINT ( 'NONE',  ( 0.9376234198628758953, 0.2687499999999986011, -0.4015748031496063630 ) ) ;
#7018 = EDGE_CURVE ( 'NONE', #4491, #919, #4112, .T. ) ;
#7019 = DIRECTION ( 'NONE',  ( 0.000000000000000000, 0.000000000000000000, 1.000000000000000000 ) ) ;
#7020 = EDGE_CURVE ( 'NONE', #3905, #6133, #1350, .T. ) ;
#7021 = EDGE_CURVE ( 'NONE', #7328, #2899, #7461, .T. ) ;
#7022 = DIRECTION ( 'NONE',  ( 0.8660254037844363761, 0.5000000000000041078, 0.000000000000000000 ) ) ;
#7023 = CARTESIAN_POINT ( 'NONE',  ( -2.628325201892208085, -0.1282151775928198345, -0.5999999999999999778 ) ) ;
#7024 = ORIENTED_EDGE ( 'NONE', *, *, #6044, .T. ) ;
#7025 = ORIENTED_EDGE ( 'NONE', *, *, #6275, .T. ) ;
#7026 = DIRECTION ( 'NONE',  ( -1.000000000000000000, 7.249756350802272209E-14, 0.000000000000000000 ) ) ;
#7027 = VERTEX_POINT ( 'NONE', #2563 ) ;
#7028 = LINE ( 'NONE', #2131, #7879 ) ;
#7029 = EDGE_LOOP ( 'NONE', ( #6280, #3097, #1391, #638, #1412 ) ) ;
#7030 = CARTESIAN_POINT ( 'NONE',  ( 2.211547108317852839, -0.4288541104406183302, -0.7898321067049645094 ) ) ;
#7031 = ORIENTED_EDGE ( 'NONE', *, *, #5964, .T. ) ;
#7032 = CARTESIAN_POINT ( 'NONE',  ( 2.390625000000005329, 0.6380358307719737887, -0.7350000000000000977 ) ) ;
#7033 = EDGE_CURVE ( 'NONE', #9221, #2667, #3143, .T. ) ;
#7034 = CARTESIAN_POINT ( 'NONE',  ( 1.859375000000029754, 0.3476343040826271880, -0.5727544197693152928 ) ) ;
#7035 = ORIENTED_EDGE ( 'NONE', *, *, #6612, .F. ) ;
#7036 = CIRCLE ( 'NONE', #4916, 0.06249999999999967387 ) ;
#7037 = PLANE ( 'NONE',  #4282 ) ;
#7038 = CARTESIAN_POINT ( 'NONE',  ( 1.437499999999995337, -0.09021097956086834846, -0.4150000000000000910 ) ) ;
#7039 = ORIENTED_EDGE ( 'NONE', *, *, #7012, .F. ) ;
#7040 = VERTEX_POINT ( 'NONE', #6229 ) ;
#7041 = DIRECTION ( 'NONE',  ( 0.000000000000000000, 0.000000000000000000, 1.000000000000000000 ) ) ;
#7042 = ORIENTED_EDGE ( 'NONE', *, *, #2081, .T. ) ;
#7043 = VECTOR ( 'NONE', #6109, 39.37007874015747433 ) ;
#7044 = DIRECTION ( 'NONE',  ( -0.8660254037844431485, 0.4999999999999918954, 0.000000000000000000 ) ) ;
#7045 = ADVANCED_FACE ( 'NONE', ( #1701 ), #6932, .F. ) ;
#7046 = ADVANCED_FACE ( 'NONE', ( #8263 ), #2567, .F. ) ;
#7047 = LINE ( 'NONE', #4063, #4344 ) ;
#7048 = CARTESIAN_POINT ( 'NONE',  ( -2.419805777912142020, 0.3233928713135950650, -0.3592211982275869131 ) ) ;
#7049 = CARTESIAN_POINT ( 'NONE',  ( 1.859375000000008882, 0.6404979548822424817, -0.6642500000000000071 ) ) ;
#7050 = ORIENTED_EDGE ( 'NONE', *, *, #9248, .T. ) ;
#7051 = VECTOR ( 'NONE', #8753, 39.37007874015748143 ) ;
#7052 = DIRECTION ( 'NONE',  ( 0.000000000000000000, 0.000000000000000000, -1.000000000000000000 ) ) ;
#7053 = VERTEX_POINT ( 'NONE', #1034 ) ;
#7054 = CARTESIAN_POINT ( 'NONE',  ( 2.296370442160278635, -0.2613205341219645983, -0.9499999999999999556 ) ) ;
#7055 = ORIENTED_EDGE ( 'NONE', *, *, #905, .F. ) ;
#7056 = DIRECTION ( 'NONE',  ( -0.5000000000000041078, -0.8660254037844363761, 0.000000000000000000 ) ) ;
#7057 = FACE_OUTER_BOUND ( 'NONE', #119, .T. ) ;
#7058 = DIRECTION ( 'NONE',  ( 0.000000000000000000, 0.000000000000000000, 1.000000000000000000 ) ) ;
#7059 = AXIS2_PLACEMENT_3D ( 'NONE', #7229, #3760, #5981 ) ;
#7060 = LINE ( 'NONE', #5495, #5775 ) ;
#7061 = CIRCLE ( 'NONE', #3121, 0.06425000000000000155 ) ;
#7062 = ORIENTED_EDGE ( 'NONE', *, *, #866, .F. ) ;
#7063 = CARTESIAN_POINT ( 'NONE',  ( 2.296370442160278635, -0.2613205341219645983, -0.9175000000000006484 ) ) ;
#7064 = VERTEX_POINT ( 'NONE', #1844 ) ;
#7065 = DIRECTION ( 'NONE',  ( 4.160602366287838157E-14, -0.7071067811865437980, -0.7071067811865512365 ) ) ;
#7066 = DIRECTION ( 'NONE',  ( 0.000000000000000000, 0.000000000000000000, 1.000000000000000000 ) ) ;
#7067 = CIRCLE ( 'NONE', #6910, 0.009999999999999951636 ) ;
#7068 = CARTESIAN_POINT ( 'NONE',  ( 1.859375000000002665, 0.6404979548822695712, 6.829619984160658046E-17 ) ) ;
#7069 = CARTESIAN_POINT ( 'NONE',  ( 2.450391838512697706, 0.2924534376963031646, -0.8038757313803486237 ) ) ;
#7070 = CARTESIAN_POINT ( 'NONE',  ( -1.668770825622963860, -0.4257837998483152142, -0.6999999999999999556 ) ) ;
#7071 = AXIS2_PLACEMENT_3D ( 'NONE', #857, #6674, #2963 ) ;
#7072 = EDGE_CURVE ( 'NONE', #6546, #722, #1194, .T. ) ;
#7073 = EDGE_LOOP ( 'NONE', ( #6991, #8976, #7901, #3287 ) ) ;
#7074 = LINE ( 'NONE', #1988, #2885 ) ;
#7075 = EDGE_CURVE ( 'NONE', #6868, #3788, #3998, .T. ) ;
#7076 = ADVANCED_FACE ( 'NONE', ( #5509 ), #4048, .F. ) ;
#7077 = DIRECTION ( 'NONE',  ( 0.000000000000000000, 0.000000000000000000, -1.000000000000000000 ) ) ;
#7078 = ORIENTED_EDGE ( 'NONE', *, *, #2079, .F. ) ;
#7079 = DIRECTION ( 'NONE',  ( 0.4999999999999982792, 0.8660254037844398178, 0.000000000000000000 ) ) ;
#7080 = ORIENTED_EDGE ( 'NONE', *, *, #7721, .T. ) ;
#7081 = DIRECTION ( 'NONE',  ( 1.000000000000000000, -4.535261055593764468E-14, 0.000000000000000000 ) ) ;
#7082 = CARTESIAN_POINT ( 'NONE',  ( 1.437499999999995337, -0.09021097956086834846, -0.8474999999999995870 ) ) ;
#7083 = CARTESIAN_POINT ( 'NONE',  ( -1.710327891682204449, 0.1394750607932296049, -0.7849999999997243627 ) ) ;
#7084 = CARTESIAN_POINT ( 'NONE',  ( -2.265624999999998668, 0.2790714234295562646, -0.2600000000000002309 ) ) ;
#7085 = ORIENTED_EDGE ( 'NONE', *, *, #1599, .F. ) ;
#7086 = ORIENTED_EDGE ( 'NONE', *, *, #3967, .F. ) ;
#7087 = EDGE_CURVE ( 'NONE', #6306, #7040, #2414, .T. ) ;
#7088 = CARTESIAN_POINT ( 'NONE',  ( -1.873381350946074386, -0.3451796254712989898, -0.9499999999999998446 ) ) ;
#7089 = CARTESIAN_POINT ( 'NONE',  ( 0.8325000000000002398, 0.1762500000000011557, 0.000000000000000000 ) ) ;
#7090 = FACE_OUTER_BOUND ( 'NONE', #5693, .T. ) ;
#7091 = PLANE ( 'NONE',  #1799 ) ;
#7092 = DIRECTION ( 'NONE',  ( 0.7071067811865472397, 2.137870989964933542E-15, -0.7071067811865477948 ) ) ;
#7093 = EDGE_LOOP ( 'NONE', ( #6062, #8181, #215, #5089 ) ) ;
#7094 = VECTOR ( 'NONE', #3549, 39.37007874015748143 ) ;
#7095 = CARTESIAN_POINT ( 'NONE',  ( -2.281250000000000000, 0.2706329386826341055, 0.9499999999999999556 ) ) ;
#7096 = ORIENTED_EDGE ( 'NONE', *, *, #5729, .T. ) ;
#7097 = EDGE_CURVE ( 'NONE', #7053, #9100, #4800, .T. ) ;
#7098 = AXIS2_PLACEMENT_3D ( 'NONE', #4887, #9211, #7066 ) ;
#7099 = CARTESIAN_POINT ( 'NONE',  ( 1.994375000000010889, 0.6079979548822629365, -0.2600000000000000089 ) ) ;
#7100 = EDGE_LOOP ( 'NONE', ( #81, #6856 ) ) ;
#7101 = CARTESIAN_POINT ( 'NONE',  ( 2.628325201892208085, -0.1282151775928198345, -0.5999999999999999778 ) ) ;
#7102 = VECTOR ( 'NONE', #3291, 39.37007874015748143 ) ;
#7103 = DIRECTION ( 'NONE',  ( 0.000000000000000000, 0.000000000000000000, -1.000000000000000000 ) ) ;
#7104 = DIRECTION ( 'NONE',  ( 0.5000000000000038858, -0.8660254037844363761, 0.000000000000000000 ) ) ;
#7105 = CARTESIAN_POINT ( 'NONE',  ( -2.275155601338132882, -0.4110292705046165729, -0.8460649621165564627 ) ) ;
#7106 = VECTOR ( 'NONE', #5101, 39.37007874015748854 ) ;
#7107 = B_SPLINE_CURVE_WITH_KNOTS ( 'NONE', 3,
 ( #2084, #8555, #4803, #5606, #9223, #6985, #1320, #7132, #2755, #3380 ),
 .UNSPECIFIED., .F., .F.,
 ( 4, 2, 2, 2, 4 ),
 ( 1.734723475976807094E-18, 0.0003734599253481080648, 0.0007469198506962143949, 0.001120379776044320725, 0.001493839701392431609 ),
 .UNSPECIFIED. ) ;
#7108 = DIRECTION ( 'NONE',  ( 0.4999999999999903966, -0.8660254037844442587, -0.000000000000000000 ) ) ;
#7109 = ORIENTED_EDGE ( 'NONE', *, *, #5097, .T. ) ;
#7110 = DIRECTION ( 'NONE',  ( 0.000000000000000000, 0.000000000000000000, -1.000000000000000000 ) ) ;
#7111 = ORIENTED_EDGE ( 'NONE', *, *, #1075, .T. ) ;
#7112 = DIRECTION ( 'NONE',  ( 0.000000000000000000, 0.000000000000000000, 1.000000000000000000 ) ) ;
#7113 = AXIS2_PLACEMENT_3D ( 'NONE', #2686, #1822, #7681 ) ;
#7114 = CONICAL_SURFACE ( 'NONE', #2866, 0.2175000000000023859, 0.7853981633974543852 ) ;
#7115 = CARTESIAN_POINT ( 'NONE',  ( -2.469999244255243198, 0.0007221241658989860498, -0.9499999999999999556 ) ) ;
#7116 = VECTOR ( 'NONE', #9286, 39.37007874015748854 ) ;
#7117 = ORIENTED_EDGE ( 'NONE', *, *, #5260, .T. ) ;
#7118 = DIRECTION ( 'NONE',  ( 0.000000000000000000, 0.000000000000000000, -1.000000000000000000 ) ) ;
#7119 = CARTESIAN_POINT ( 'NONE',  ( -2.436424770404262752, -0.02605000280374219004, -0.2500000000000000555 ) ) ;
#7120 = AXIS2_PLACEMENT_3D ( 'NONE', #2487, #6688, #3160 ) ;
#7121 = AXIS2_PLACEMENT_3D ( 'NONE', #15, #9307, #5682 ) ;
#7122 = AXIS2_PLACEMENT_3D ( 'NONE', #5362, #4710, #7606 ) ;
#7123 = ORIENTED_EDGE ( 'NONE', *, *, #6756, .F. ) ;
#7124 = DIRECTION ( 'NONE',  ( 0.000000000000000000, 0.000000000000000000, -1.000000000000000000 ) ) ;
#7125 = AXIS2_PLACEMENT_3D ( 'NONE', #2828, #5813, #1438 ) ;
#7126 = CARTESIAN_POINT ( 'NONE',  ( 1.306874999999987574, 0.000000000000000000, -0.1944947243515863511 ) ) ;
#7127 = ORIENTED_EDGE ( 'NONE', *, *, #3566, .T. ) ;
#7128 = MECHANICAL_DESIGN_GEOMETRIC_PRESENTATION_REPRESENTATION (  '', ( #2883 ), #6059 ) ;
#7129 = CARTESIAN_POINT ( 'NONE',  ( -2.296730066445470175, -0.2739725045726019714, -0.9282771156755869058 ) ) ;
#7130 = AXIS2_PLACEMENT_3D ( 'NONE', #9016, #3989, #6877 ) ;
#7131 = VERTEX_POINT ( 'NONE', #8361 ) ;
#7132 = CARTESIAN_POINT ( 'NONE',  ( 1.855041606226997875, 0.3442843293412205519, -0.6190786247367432438 ) ) ;
#7133 = DIRECTION ( 'NONE',  ( -2.185478394931411364E-15, 1.000000000000000000, 1.529834876451987876E-14 ) ) ;
#7134 = EDGE_CURVE ( 'NONE', #6332, #7328, #6175, .T. ) ;
#7135 = EDGE_CURVE ( 'NONE', #9346, #7241, #6760, .T. ) ;
#7136 = AXIS2_PLACEMENT_3D ( 'NONE', #5804, #8708, #5094 ) ;
#7137 = PLANE ( 'NONE',  #9123 ) ;
#7138 = AXIS2_PLACEMENT_3D ( 'NONE', #8393, #1877, #6970 ) ;
#7139 = DIRECTION ( 'NONE',  ( -7.228235936543575681E-14, -1.000000000000000000, 0.000000000000000000 ) ) ;
#7140 = VERTEX_POINT ( 'NONE', #1172 ) ;
#7141 = ORIENTED_EDGE ( 'NONE', *, *, #4018, .T. ) ;
#7142 = VERTEX_POINT ( 'NONE', #222 ) ;
#7143 = CARTESIAN_POINT ( 'NONE',  ( -2.265624999999999556, 0.4058214234295524081, -0.6642500000000000071 ) ) ;
#7144 = EDGE_LOOP ( 'NONE', ( #4098, #2119, #7933, #1698 ) ) ;
#7145 = ADVANCED_FACE ( 'NONE', ( #6080 ), #125, .F. ) ;
#7146 = DIRECTION ( 'NONE',  ( -0.000000000000000000, -0.000000000000000000, 1.000000000000000000 ) ) ;
#7147 = DIRECTION ( 'NONE',  ( 0.5000000000000363043, -0.8660254037844178354, 0.000000000000000000 ) ) ;
#7148 = CARTESIAN_POINT ( 'NONE',  ( -1.703124999999971134, -0.5502869753213720516, -0.6999999999999999556 ) ) ;
#7149 = EDGE_CURVE ( 'NONE', #3750, #1182, #4256, .T. ) ;
#7150 = LINE ( 'NONE', #9342, #991 ) ;
#7151 = ORIENTED_EDGE ( 'NONE', *, *, #2669, .F. ) ;
#7152 = VECTOR ( 'NONE', #998, 39.37007874015747433 ) ;
#7153 = CARTESIAN_POINT ( 'NONE',  ( -1.985598764986689302, 0.2796925639051816015, -0.2545484930337159057 ) ) ;
#7154 = ORIENTED_EDGE ( 'NONE', *, *, #335, .F. ) ;
#7155 = EDGE_CURVE ( 'NONE', #2057, #9134, #4753, .T. ) ;
#7156 = LINE ( 'NONE', #8579, #252 ) ;
#7157 = CARTESIAN_POINT ( 'NONE',  ( 2.453125000000005329, 0.2893790496476773000, -0.9499999999999999556 ) ) ;
#7158 = CYLINDRICAL_SURFACE ( 'NONE', #8635, 0.009999999999999892655 ) ;
#7159 = AXIS2_PLACEMENT_3D ( 'NONE', #8029, #5259, #3090 ) ;
#7160 = EDGE_CURVE ( 'NONE', #3185, #7917, #1486, .T. ) ;
#7161 = CARTESIAN_POINT ( 'NONE',  ( 2.390625000000005329, 0.3476343040825998765, -0.6272455802306264872 ) ) ;
#7162 = DIRECTION ( 'NONE',  ( -0.8660254037844447028, 0.4999999999999896194, 0.000000000000000000 ) ) ;
#7163 = ORIENTED_EDGE ( 'NONE', *, *, #4788, .T. ) ;
#7164 = VECTOR ( 'NONE', #6066, 39.37007874015748143 ) ;
#7165 = CARTESIAN_POINT ( 'NONE',  ( 2.059687500000002558, 0.1131245683693413162, -0.2500000000000000555 ) ) ;
#7166 = B_SPLINE_CURVE_WITH_KNOTS ( 'NONE', 3,
 ( #5753, #4348, #714, #3624, #6525, #2673 ),
 .UNSPECIFIED., .F., .F.,
 ( 4, 2, 4 ),
 ( 0.000000000000000000, 0.0002093745834697648719, 0.0004187491669395297439 ),
 .UNSPECIFIED. ) ;
#7167 = CARTESIAN_POINT ( 'NONE',  ( 0.000000000000000000, -0.6044135630578968410, 0.000000000000000000 ) ) ;
#7168 = EDGE_CURVE ( 'NONE', #3150, #1624, #7648, .T. ) ;
#7169 = DIRECTION ( 'NONE',  ( 0.000000000000000000, 0.000000000000000000, 1.000000000000000000 ) ) ;
#7170 = ADVANCED_FACE ( 'NONE', ( #1788 ), #9075, .T. ) ;
#7171 = DIRECTION ( 'NONE',  ( 0.3535533905932787269, 0.6123724356957905846, 0.7071067811865484609 ) ) ;
#7172 = ORIENTED_EDGE ( 'NONE', *, *, #7480, .F. ) ;
#7173 = CARTESIAN_POINT ( 'NONE',  ( -1.951875000000037774, -7.851670702494980790E-15, -0.9499999999999999556 ) ) ;
#7174 = ORIENTED_EDGE ( 'NONE', *, *, #8711, .T. ) ;
#7175 = DIRECTION ( 'NONE',  ( 0.000000000000000000, 1.000000000000000000, 0.000000000000000000 ) ) ;
#7176 = CARTESIAN_POINT ( 'NONE',  ( 2.233534568822333366, -0.4238387960450344938, -0.8262143477152055215 ) ) ;
#7177 = ORIENTED_EDGE ( 'NONE', *, *, #9406, .T. ) ;
#7178 = PLANE ( 'NONE',  #3118 ) ;
#7179 = CARTESIAN_POINT ( 'NONE',  ( 2.125000000000000000, 0.000000000000000000, -0.2500000000000000555 ) ) ;
#7180 = DIRECTION ( 'NONE',  ( -1.000000000000000000, 0.000000000000000000, 0.000000000000000000 ) ) ;
#7181 = LINE ( 'NONE', #8561, #1125 ) ;
#7182 = ORIENTED_EDGE ( 'NONE', *, *, #9235, .F. ) ;
#7183 = ORIENTED_EDGE ( 'NONE', *, *, #1692, .F. ) ;
#7184 = ORIENTED_EDGE ( 'NONE', *, *, #787, .T. ) ;
#7185 = CARTESIAN_POINT ( 'NONE',  ( 2.293247638562450508, -0.4038551499215471408, -0.8474999999999995870 ) ) ;
#7186 = ORIENTED_EDGE ( 'NONE', *, *, #7670, .F. ) ;
#7187 = VECTOR ( 'NONE', #238, 39.37007874015747433 ) ;
#7188 = CARTESIAN_POINT ( 'NONE',  ( 1.859375000000029976, 0.3476343040826271880, -0.9499999999999999556 ) ) ;
#7189 = FACE_OUTER_BOUND ( 'NONE', #4516, .T. ) ;
#7190 = PLANE ( 'NONE',  #3037 ) ;
#7191 = EDGE_LOOP ( 'NONE', ( #8800, #1732, #4995, #6470, #3332 ) ) ;
#7192 = CARTESIAN_POINT ( 'NONE',  ( -1.706657665914630195, -0.4039098224071747678, -0.5999999999999999778 ) ) ;
#7193 = ORIENTED_EDGE ( 'NONE', *, *, #7087, .T. ) ;
#7194 = CIRCLE ( 'NONE', #5822, 0.2500000000000001110 ) ;
#7195 = EDGE_CURVE ( 'NONE', #3625, #935, #5149, .T. ) ;
#7196 = ADVANCED_FACE ( 'NONE', ( #6320 ), #4290, .F. ) ;
#7197 = DIRECTION ( 'NONE',  ( 0.8660254037844354880, -0.5000000000000056621, -1.584471836325272075E-14 ) ) ;
#7198 = VERTEX_POINT ( 'NONE', #658 ) ;
#7199 = DIRECTION ( 'NONE',  ( -0.8660254037844363761, 0.5000000000000041078, 0.000000000000000000 ) ) ;
#7200 = LINE ( 'NONE', #7244, #4323 ) ;
#7201 = CARTESIAN_POINT ( 'NONE',  ( -1.691127361437541943, 0.05622084583895026189, -0.7350000000000015410 ) ) ;
#7202 = CARTESIAN_POINT ( 'NONE',  ( 2.293247638562451396, -0.4038551499215468632, 0.9499999999999999556 ) ) ;
#7203 = AXIS2_PLACEMENT_3D ( 'NONE', #2191, #1465, #7281 ) ;
#7204 = DIRECTION ( 'NONE',  ( -1.000000000000000000, 0.000000000000000000, 0.000000000000000000 ) ) ;
#7205 = ORIENTED_EDGE ( 'NONE', *, *, #9407, .T. ) ;
#7206 = CARTESIAN_POINT ( 'NONE',  ( 2.211547108317882149, -0.4288541104406126681, -0.9499999999999999556 ) ) ;
#7207 = ORIENTED_EDGE ( 'NONE', *, *, #5680, .T. ) ;
#7208 = AXIS2_PLACEMENT_3D ( 'NONE', #7270, #754, #5930 ) ;
#7209 = EDGE_CURVE ( 'NONE', #3284, #2899, #2034, .T. ) ;
#7210 = LINE ( 'NONE', #737, #4528 ) ;
#7211 = CARTESIAN_POINT ( 'NONE',  ( 2.281250000000000000, 0.2706329386826341055, 0.000000000000000000 ) ) ;
#7212 = AXIS2_PLACEMENT_3D ( 'NONE', #1325, #1280, #8513 ) ;
#7213 = VECTOR ( 'NONE', #6531, 39.37007874015748143 ) ;
#7214 = DIRECTION ( 'NONE',  ( -0.000000000000000000, 1.000000000000000000, -0.000000000000000000 ) ) ;
#7215 = SURFACE_STYLE_USAGE ( .BOTH. , #5074 ) ;
#7216 = ORIENTED_EDGE ( 'NONE', *, *, #5768, .F. ) ;
#7217 = ORIENTED_EDGE ( 'NONE', *, *, #7221, .F. ) ;
#7218 = AXIS2_PLACEMENT_3D ( 'NONE', #3605, #7782, #2889 ) ;
#7219 = DIRECTION ( 'NONE',  ( 1.000000000000000000, 0.000000000000000000, 0.000000000000000000 ) ) ;
#7220 = AXIS2_PLACEMENT_3D ( 'NONE', #5385, #6486, #4914 ) ;
#7221 = EDGE_CURVE ( 'NONE', #8176, #4909, #6375, .T. ) ;
#7222 = DIRECTION ( 'NONE',  ( 0.000000000000000000, 1.000000000000000000, 0.000000000000000000 ) ) ;
#7223 = ORIENTED_EDGE ( 'NONE', *, *, #1731, .T. ) ;
#7224 = VERTEX_POINT ( 'NONE', #5601 ) ;
#7225 = CARTESIAN_POINT ( 'NONE',  ( -2.293247638562451396, -0.4038551499215468632, -0.4650000000000000799 ) ) ;
#7226 = FACE_OUTER_BOUND ( 'NONE', #8166, .T. ) ;
#7227 = AXIS2_PLACEMENT_3D ( 'NONE', #5716, #7238, #7052 ) ;
#7228 = CARTESIAN_POINT ( 'NONE',  ( -2.582160219341328222, -0.2382494887205698075, 5.578266170116183356E-17 ) ) ;
#7229 = CARTESIAN_POINT ( 'NONE',  ( 0.000000000000000000, 0.2087499999999984091, 0.000000000000000000 ) ) ;
#7230 = ORIENTED_EDGE ( 'NONE', *, *, #6439, .T. ) ;
#7231 = EDGE_LOOP ( 'NONE', ( #4221, #927, #4843, #7013, #2728, #6335, #3702, #7852 ) ) ;
#7232 = CARTESIAN_POINT ( 'NONE',  ( 2.233565120298022677, -0.4238310446009687649, -0.3737597234363085885 ) ) ;
#7233 = EDGE_LOOP ( 'NONE', ( #1738, #2938, #1365, #3740 ) ) ;
#7234 = DIRECTION ( 'NONE',  ( -0.000000000000000000, -0.000000000000000000, 1.000000000000000000 ) ) ;
#7235 = CARTESIAN_POINT ( 'NONE',  ( -2.390625000000005329, 0.4058214234295524081, -0.5999999999999999778 ) ) ;
#7236 = CARTESIAN_POINT ( 'NONE',  ( -2.812500000000023093, 0.6404979548822424817, -0.5357500000000000595 ) ) ;
#7237 = DIRECTION ( 'NONE',  ( -0.5000000000000041078, -0.8660254037844363761, 0.000000000000000000 ) ) ;
#7238 = DIRECTION ( 'NONE',  ( -0.4999999999999919509, -0.8660254037844432595, -0.000000000000000000 ) ) ;
#7239 = ORIENTED_EDGE ( 'NONE', *, *, #8399, .F. ) ;
#7240 = DIRECTION ( 'NONE',  ( 1.000000000000000000, 0.000000000000000000, 0.000000000000000000 ) ) ;
#7241 = VERTEX_POINT ( 'NONE', #4940 ) ;
#7242 = CARTESIAN_POINT ( 'NONE',  ( -2.453125000000005329, 0.6404979548822425928, -0.4650000000000000799 ) ) ;
#7243 =( BOUNDED_CURVE ( )  B_SPLINE_CURVE ( 3, ( #1891, #1040, #3960, #6847 ),
 .UNSPECIFIED., .F., .T. ) 
 B_SPLINE_CURVE_WITH_KNOTS ( ( 4, 4 ),
 ( 3.952871760298834136, 4.050908542253854883 ),
 .UNSPECIFIED. ) 
 CURVE ( )  GEOMETRIC_REPRESENTATION_ITEM ( )  RATIONAL_B_SPLINE_CURVE ( ( 1.000000000000000000, 0.9991992261430528988, 0.9991992261430528988, 1.000000000000000000 ) ) 
 REPRESENTATION_ITEM ( '' )  );
#7244 = CARTESIAN_POINT ( 'NONE',  ( 0.000000000000000000, 0.1762500000000011557, -0.5324999999999976419 ) ) ;
#7245 = DIRECTION ( 'NONE',  ( -0.000000000000000000, -0.000000000000000000, -1.000000000000000000 ) ) ;
#7246 = CARTESIAN_POINT ( 'NONE',  ( -2.125000000000000000, 0.4764989774411199086, 5.578266170116183356E-17 ) ) ;
#7247 = ADVANCED_FACE ( 'NONE', ( #3567 ), #6467, .F. ) ;
#7248 = CARTESIAN_POINT ( 'NONE',  ( -2.125000000000000000, 0.000000000000000000, 0.000000000000000000 ) ) ;
#7249 = ORIENTED_EDGE ( 'NONE', *, *, #4085, .F. ) ;
#7250 = EDGE_CURVE ( 'NONE', #2002, #2001, #9218, .T. ) ;
#7251 = EDGE_CURVE ( 'NONE', #7478, #9134, #7028, .T. ) ;
#7252 = DIRECTION ( 'NONE',  ( 0.000000000000000000, 0.000000000000000000, -1.000000000000000000 ) ) ;
#7253 = VERTEX_POINT ( 'NONE', #7930 ) ;
#7254 = CARTESIAN_POINT ( 'NONE',  ( 1.693926611282083883, 0.07529362154981780741, -0.3538915543536296227 ) ) ;
#7255 = VECTOR ( 'NONE', #1157, 39.37007874015748854 ) ;
#7256 = AXIS2_PLACEMENT_3D ( 'NONE', #3603, #6694, #8685 ) ;
#7257 = LINE ( 'NONE', #4509, #2302 ) ;
#7258 = CARTESIAN_POINT ( 'NONE',  ( -2.125000000000003109, 0.3904979548822697932, -0.6999999999999999556 ) ) ;
#7259 = DIRECTION ( 'NONE',  ( -0.6560590289905070538, 0.000000000000000000, -0.7547095802227722361 ) ) ;
#7260 = ORIENTED_EDGE ( 'NONE', *, *, #8846, .F. ) ;
#7261 = EDGE_CURVE ( 'NONE', #8782, #7053, #6367, .T. ) ;
#7262 = AXIS2_PLACEMENT_3D ( 'NONE', #643, #11, #3021 ) ;
#7263 = ORIENTED_EDGE ( 'NONE', *, *, #8466, .F. ) ;
#7264 = CARTESIAN_POINT ( 'NONE',  ( 2.298124999999998419, 0.6404979548822425928, -0.6999999999999999556 ) ) ;
#7265 = CARTESIAN_POINT ( 'NONE',  ( 2.812500000000023093, 0.6404979548822424817, -0.6642500000000000071 ) ) ;
#7266 = VERTEX_POINT ( 'NONE', #4235 ) ;
#7267 = ORIENTED_EDGE ( 'NONE', *, *, #320, .F. ) ;
#7268 = VECTOR ( 'NONE', #1910, 39.37007874015748854 ) ;
#7269 = EDGE_CURVE ( 'NONE', #6248, #1317, #8946, .T. ) ;
#7270 = CARTESIAN_POINT ( 'NONE',  ( -2.425200201892211638, -0.4800379978802461478, -0.5999999999999999778 ) ) ;
#7271 = AXIS2_PLACEMENT_3D ( 'NONE', #1225, #2752, #4237 ) ;
#7272 = AXIS2_PLACEMENT_3D ( 'NONE', #3763, #8751, #8125 ) ;
#7273 = DIRECTION ( 'NONE',  ( 0.7071067811865475727, -0.7071067811865475727, 0.000000000000000000 ) ) ;
#7274 = EDGE_CURVE ( 'NONE', #4867, #5705, #4849, .T. ) ;
#7275 = CARTESIAN_POINT ( 'NONE',  ( 1.700256350946108164, -0.04531832941093608819, -0.9499999999999999556 ) ) ;
#7276 = DIRECTION ( 'NONE',  ( -0.000000000000000000, -0.000000000000000000, 1.000000000000000000 ) ) ;
#7277 = ORIENTED_EDGE ( 'NONE', *, *, #563, .T. ) ;
#7278 = DIRECTION ( 'NONE',  ( -1.000000000000000000, 0.000000000000000000, 0.000000000000000000 ) ) ;
#7279 = EDGE_LOOP ( 'NONE', ( #6316, #8980, #3751, #3335 ) ) ;
#7280 = VECTOR ( 'NONE', #4523, 39.37007874015748854 ) ;
#7281 = DIRECTION ( 'NONE',  ( 0.000000000000000000, -0.000000000000000000, -1.000000000000000000 ) ) ;
#7282 = VECTOR ( 'NONE', #2677, 39.37007874015748143 ) ;
#7283 = CARTESIAN_POINT ( 'NONE',  ( 2.746467334085270551, -0.05208700211991428020, -0.5999999999999999778 ) ) ;
#7284 = DIRECTION ( 'NONE',  ( 0.3535533905932651266, -0.6123724356957970238, -0.7071067811865496822 ) ) ;
#7285 = EDGE_CURVE ( 'NONE', #5313, #4996, #2991, .T. ) ;
#7286 = AXIS2_PLACEMENT_3D ( 'NONE', #2357, #1689, #1066 ) ;
#7287 = DIRECTION ( 'NONE',  ( -0.5000000000000036637, -0.8660254037844365982, -0.000000000000000000 ) ) ;
#7288 = ORIENTED_EDGE ( 'NONE', *, *, #1195, .T. ) ;
#7289 = DIRECTION ( 'NONE',  ( -3.023406148612404967E-15, -1.000000000000000000, 0.000000000000000000 ) ) ;
#7290 = DIRECTION ( 'NONE',  ( -0.7071067811865474617, 1.485929416531472252E-15, 0.7071067811865474617 ) ) ;
#7291 = ORIENTED_EDGE ( 'NONE', *, *, #2319, .T. ) ;
#7292 = CARTESIAN_POINT ( 'NONE',  ( 2.390625000000005329, 0.3476343040825998765, -0.9499999999999999556 ) ) ;
#7293 = DIRECTION ( 'NONE',  ( -0.5000000000000445199, 0.8660254037844129504, 0.000000000000000000 ) ) ;
#7294 = CARTESIAN_POINT ( 'NONE',  ( 2.812500000000023093, 0.6404979548822424817, -0.5357500000000000595 ) ) ;
#7295 = DIRECTION ( 'NONE',  ( -0.000000000000000000, -0.000000000000000000, -1.000000000000000000 ) ) ;
#7296 = FACE_OUTER_BOUND ( 'NONE', #1281, .T. ) ;
#7297 = AXIS2_PLACEMENT_3D ( 'NONE', #6589, #5815, #8222 ) ;
#7298 = LINE ( 'NONE', #7481, #4090 ) ;
#7299 = ORIENTED_EDGE ( 'NONE', *, *, #120, .T. ) ;
#7300 = LINE ( 'NONE', #9404, #3163 ) ;
#7301 = EDGE_CURVE ( 'NONE', #779, #4416, #745, .T. ) ;
#7302 = EDGE_CURVE ( 'NONE', #7366, #2714, #2750, .T. ) ;
#7303 = LINE ( 'NONE', #3168, #9356 ) ;
#7304 = LINE ( 'NONE', #8778, #7459 ) ;
#7305 = CARTESIAN_POINT ( 'NONE',  ( 2.537660219341328460, -0.2382494887205698075, 0.000000000000000000 ) ) ;
#7306 = ORIENTED_EDGE ( 'NONE', *, *, #8733, .F. ) ;
#7307 = ORIENTED_EDGE ( 'NONE', *, *, #217, .F. ) ;
#7308 = DIRECTION ( 'NONE',  ( 0.000000000000000000, 0.000000000000000000, 1.000000000000000000 ) ) ;
#7309 = EDGE_CURVE ( 'NONE', #7040, #9420, #3214, .T. ) ;
#7310 = CARTESIAN_POINT ( 'NONE',  ( 2.473410219341328986, -0.2382494887205698075, -0.2500000000000000555 ) ) ;
#7311 = ORIENTED_EDGE ( 'NONE', *, *, #1328, .F. ) ;
#7312 = EDGE_CURVE ( 'NONE', #919, #6790, #2080, .T. ) ;
#7313 = EDGE_CURVE ( 'NONE', #1624, #1082, #3484, .T. ) ;
#7314 = ORIENTED_EDGE ( 'NONE', *, *, #647, .F. ) ;
#7315 = DIRECTION ( 'NONE',  ( 0.000000000000000000, 0.000000000000000000, 1.000000000000000000 ) ) ;
#7316 = DIRECTION ( 'NONE',  ( 0.8660254037844667963, -0.4999999999999512057, 0.000000000000000000 ) ) ;
#7317 = DIRECTION ( 'NONE',  ( -0.000000000000000000, 1.000000000000000000, 0.000000000000000000 ) ) ;
#7318 = DIRECTION ( 'NONE',  ( -8.208687653317557480E-14, -1.000000000000000000, 0.000000000000000000 ) ) ;
#7319 = ORIENTED_EDGE ( 'NONE', *, *, #4788, .F. ) ;
#7320 = ORIENTED_EDGE ( 'NONE', *, *, #1655, .T. ) ;
#7321 = CARTESIAN_POINT ( 'NONE',  ( 2.436637236673755424, -0.02329951384549001914, -0.2509675856017752338 ) ) ;
#7322 = ORIENTED_EDGE ( 'NONE', *, *, #5681, .F. ) ;
#7323 = ADVANCED_FACE ( 'NONE', ( #2222 ), #1793, .T. ) ;
#7324 = LINE ( 'NONE', #7415, #7801 ) ;
#7325 = LINE ( 'NONE', #7188, #8268 ) ;
#7326 = DIRECTION ( 'NONE',  ( 0.8660254037844656860, -0.4999999999999529821, 0.000000000000000000 ) ) ;
#7327 = DIRECTION ( 'NONE',  ( -1.000000000000000000, 7.827072323607353610E-15, 0.000000000000000000 ) ) ;
#7328 = VERTEX_POINT ( 'NONE', #4470 ) ;
#7329 = CARTESIAN_POINT ( 'NONE',  ( 2.298124999999998419, 0.3904979548822426483, -0.9499999999999999556 ) ) ;
#7330 = EDGE_CURVE ( 'NONE', #3625, #2246, #70, .T. ) ;
#7331 = FACE_OUTER_BOUND ( 'NONE', #8779, .T. ) ;
#7332 = ORIENTED_EDGE ( 'NONE', *, *, #9119, .T. ) ;
#7333 = CARTESIAN_POINT ( 'NONE',  ( -2.392868649053890628, -0.3170337998483087616, -0.6999999999999999556 ) ) ;
#7334 = LINE ( 'NONE', #3736, #7487 ) ;
#7335 = CYLINDRICAL_SURFACE ( 'NONE', #3336, 0.2500000000000000000 ) ;
#7336 = DIRECTION ( 'NONE',  ( 0.8660254037844363761, 0.5000000000000039968, 0.000000000000000000 ) ) ;
#7337 = DIRECTION ( 'NONE',  ( 0.000000000000000000, 0.000000000000000000, 1.000000000000000000 ) ) ;
#7338 = ORIENTED_EDGE ( 'NONE', *, *, #8547, .T. ) ;
#7339 = AXIS2_PLACEMENT_3D ( 'NONE', #6778, #5422, #5336 ) ;
#7340 = CARTESIAN_POINT ( 'NONE',  ( 1.437499999999994893, -0.09021097956086808478, -0.4650000000000000799 ) ) ;
#7341 = ORIENTED_EDGE ( 'NONE', *, *, #201, .F. ) ;
#7342 = CARTESIAN_POINT ( 'NONE',  ( 1.668770825622963860, -0.4257837998483151587, -0.9499999999999999556 ) ) ;
#7343 = LINE ( 'NONE', #4118, #2515 ) ;
#7344 = CARTESIAN_POINT ( 'NONE',  ( 2.296370442160278635, -0.2613205341219645983, -0.9175000000000006484 ) ) ;
#7345 = CARTESIAN_POINT ( 'NONE',  ( 1.788561868644837238, 0.2800360739087938144, -0.2387139260912050642 ) ) ;
#7346 = ORIENTED_EDGE ( 'NONE', *, *, #7721, .F. ) ;
#7347 = AXIS2_PLACEMENT_3D ( 'NONE', #1369, #1996, #4990 ) ;
#7348 = VERTEX_POINT ( 'NONE', #5876 ) ;
#7349 = CARTESIAN_POINT ( 'NONE',  ( 2.766250000000001208, -0.1703183294109425483, -0.2599999999999999534 ) ) ;
#7350 = CARTESIAN_POINT ( 'NONE',  ( -2.546874999999995559, -0.5502869753213701642, -0.9499999999999999556 ) ) ;
#7351 = VECTOR ( 'NONE', #1364, 39.37007874015748143 ) ;
#7352 = ORIENTED_EDGE ( 'NONE', *, *, #5976, .T. ) ;
#7353 = ORIENTED_EDGE ( 'NONE', *, *, #4018, .F. ) ;
#7354 = CARTESIAN_POINT ( 'NONE',  ( 2.690825201892120155, -0.01996200211991486922, -0.5999999999999999778 ) ) ;
#7355 = PLANE ( 'NONE',  #9130 ) ;
#7356 = EDGE_CURVE ( 'NONE', #4711, #3675, #6061, .T. ) ;
#7357 = CARTESIAN_POINT ( 'NONE',  ( 2.581229174377005720, -0.4257837998483106068, -0.9499999999999999556 ) ) ;
#7358 = VECTOR ( 'NONE', #8837, 39.37007874015747433 ) ;
#7359 = VECTOR ( 'NONE', #377, 39.37007874015748854 ) ;
#7360 = EDGE_CURVE ( 'NONE', #2992, #7748, #5212, .T. ) ;
#7361 = EDGE_CURVE ( 'NONE', #6873, #9431, #887, .T. ) ;
#7362 = CARTESIAN_POINT ( 'NONE',  ( 1.710327891682111856, 0.1394750607929389485, -0.4650000000000000799 ) ) ;
#7363 = ORIENTED_EDGE ( 'NONE', *, *, #2481, .F. ) ;
#7364 = ORIENTED_EDGE ( 'NONE', *, *, #7670, .T. ) ;
#7365 = LINE ( 'NONE', #8799, #4842 ) ;
#7366 = VERTEX_POINT ( 'NONE', #5169 ) ;
#7367 = AXIS2_PLACEMENT_3D ( 'NONE', #844, #5126, #1511 ) ;
#7368 = CARTESIAN_POINT ( 'NONE',  ( -2.515624999999995559, -0.6044135630578968410, -0.4650000000000000799 ) ) ;
#7369 = DIRECTION ( 'NONE',  ( 0.000000000000000000, 0.000000000000000000, 1.000000000000000000 ) ) ;
#7370 = CARTESIAN_POINT ( 'NONE',  ( -2.190312499999974349, 0.1131245683693123810, -0.2500000000000000555 ) ) ;
#7371 = EDGE_CURVE ( 'NONE', #816, #5885, #8072, .T. ) ;
#7372 = LINE ( 'NONE', #3774, #7375 ) ;
#7373 = ORIENTED_EDGE ( 'NONE', *, *, #5867, .F. ) ;
#7374 = ORIENTED_EDGE ( 'NONE', *, *, #4006, .T. ) ;
#7375 = VECTOR ( 'NONE', #8849, 39.37007874015748854 ) ;
#7376 = CARTESIAN_POINT ( 'NONE',  ( 1.762299798107778814, -0.3717848224071720331, -0.5999999999999999778 ) ) ;
#7377 = CARTESIAN_POINT ( 'NONE',  ( -2.211547108317583721, -0.4288541104406776716, -0.7849999999997243627 ) ) ;
#7378 = ORIENTED_EDGE ( 'NONE', *, *, #7955, .F. ) ;
#7379 = CARTESIAN_POINT ( 'NONE',  ( 0.5000000000000000000, 0.2687499999999965472, 0.000000000000000000 ) ) ;
#7380 = FACE_OUTER_BOUND ( 'NONE', #6417, .T. ) ;
#7381 = LINE ( 'NONE', #5859, #1648 ) ;
#7382 = LINE ( 'NONE', #5285, #4694 ) ;
#7383 = EDGE_CURVE ( 'NONE', #1725, #3564, #6705, .T. ) ;
#7384 = ORIENTED_EDGE ( 'NONE', *, *, #7269, .F. ) ;
#7385 = EDGE_CURVE ( 'NONE', #4730, #9221, #5119, .T. ) ;
#7386 = DIRECTION ( 'NONE',  ( 0.000000000000000000, -1.000000000000000000, 0.000000000000000000 ) ) ;
#7387 = EDGE_LOOP ( 'NONE', ( #7677, #5000, #8870, #940 ) ) ;
#7388 = DIRECTION ( 'NONE',  ( 0.000000000000000000, 0.000000000000000000, 1.000000000000000000 ) ) ;
#7389 = CARTESIAN_POINT ( 'NONE',  ( 1.691127361437541943, 0.05622084583895026189, -0.9499999999999999556 ) ) ;
#7390 = LINE ( 'NONE', #5250, #6859 ) ;
#7391 = CARTESIAN_POINT ( 'NONE',  ( -2.494058780046082724, -0.5575487606996099021, -0.8389174173226138231 ) ) ;
#7392 = EDGE_LOOP ( 'NONE', ( #3996, #6025, #5605, #8960 ) ) ;
#7393 = ORIENTED_EDGE ( 'NONE', *, *, #8774, .F. ) ;
#7394 = EDGE_LOOP ( 'NONE', ( #2562, #9411, #4900, #5488, #1262, #1057, #1994, #972 ) ) ;
#7395 = CARTESIAN_POINT ( 'NONE',  ( -2.125000000000000000, 0.000000000000000000, 0.000000000000000000 ) ) ;
#7396 = AXIS2_PLACEMENT_3D ( 'NONE', #1213, #1981, #3031 ) ;
#7397 = DIRECTION ( 'NONE',  ( -0.000000000000000000, -0.000000000000000000, 1.000000000000000000 ) ) ;
#7398 = VERTEX_POINT ( 'NONE', #8740 ) ;
#7399 = EDGE_LOOP ( 'NONE', ( #2783, #7954 ) ) ;
#7400 = DIRECTION ( 'NONE',  ( 0.000000000000000000, 0.000000000000000000, 1.000000000000000000 ) ) ;
#7401 = VECTOR ( 'NONE', #7666, 39.37007874015748143 ) ;
#7402 = DIRECTION ( 'NONE',  ( 0.000000000000000000, 0.000000000000000000, -1.000000000000000000 ) ) ;
#7403 = CIRCLE ( 'NONE', #3314, 0.009999999999999951636 ) ;
#7404 = CARTESIAN_POINT ( 'NONE',  ( -1.691127361437541943, 0.05622084583895026189, -0.3525000000000004241 ) ) ;
#7405 = DIRECTION ( 'NONE',  ( -7.212078703273654423E-14, -1.000000000000000000, 0.000000000000000000 ) ) ;
#7406 = CARTESIAN_POINT ( 'NONE',  ( 2.812500000000023093, 0.6404979548822424817, -0.6642500000000000071 ) ) ;
#7407 = ORIENTED_EDGE ( 'NONE', *, *, #3356, .F. ) ;
#7408 = DIRECTION ( 'NONE',  ( -1.092739197465715345E-15, 1.892679809432638867E-15, 1.000000000000000000 ) ) ;
#7409 = ORIENTED_EDGE ( 'NONE', *, *, #6090, .F. ) ;
#7410 = VECTOR ( 'NONE', #688, 39.37007874015748854 ) ;
#7411 = AXIS2_PLACEMENT_3D ( 'NONE', #5497, #8346, #7405 ) ;
#7412 = AXIS2_PLACEMENT_3D ( 'NONE', #5949, #6632, #7998 ) ;
#7413 = ADVANCED_FACE ( 'NONE', ( #1410 ), #1503, .F. ) ;
#7414 = EDGE_CURVE ( 'NONE', #78, #911, #4225, .T. ) ;
#7415 = CARTESIAN_POINT ( 'NONE',  ( -2.255624999999998437, 0.6079979548822497248, -0.2500000000000000555 ) ) ;
#7416 =( NAMED_UNIT ( * ) PLANE_ANGLE_UNIT ( ) SI_UNIT ( $, .RADIAN. ) );
#7417 = CARTESIAN_POINT ( 'NONE',  ( -1.984375000000009548, 0.6404979548822712365, -0.2599999999999999534 ) ) ;
#7418 = EDGE_LOOP ( 'NONE', ( #1059, #8664, #7640, #8546 ) ) ;
#7419 = CIRCLE ( 'NONE', #3639, 0.4374999999999960587 ) ;
#7420 = AXIS2_PLACEMENT_3D ( 'NONE', #2990, #7397, #3661 ) ;
#7421 = FACE_OUTER_BOUND ( 'NONE', #1444, .T. ) ;
#7422 = VERTEX_POINT ( 'NONE', #5787 ) ;
#7423 = ORIENTED_EDGE ( 'NONE', *, *, #9298, .F. ) ;
#7424 = DIRECTION ( 'NONE',  ( 0.5000000000000041078, -0.8660254037844363761, 0.000000000000000000 ) ) ;
#7425 = ORIENTED_EDGE ( 'NONE', *, *, #5923, .F. ) ;
#7426 = ADVANCED_FACE ( 'NONE', ( #8786, #3705 ), #3754, .F. ) ;
#7427 = CARTESIAN_POINT ( 'NONE',  ( 1.656874999999972786, -0.4701796254713134227, -0.2599999999999999534 ) ) ;
#7428 = AXIS2_PLACEMENT_3D ( 'NONE', #914, #6687, #3835 ) ;
#7429 = ORIENTED_EDGE ( 'NONE', *, *, #5100, .T. ) ;
#7430 = EDGE_CURVE ( 'NONE', #4760, #9324, #8692, .T. ) ;
#7431 = CARTESIAN_POINT ( 'NONE',  ( -2.125000000000000000, 0.000000000000000000, -0.9499999999999999556 ) ) ;
#7432 = DIRECTION ( 'NONE',  ( 1.000000000000000000, -0.000000000000000000, -0.000000000000000000 ) ) ;
#7433 = VECTOR ( 'NONE', #8784, 39.37007874015748143 ) ;
#7434 =( NAMED_UNIT ( * ) PLANE_ANGLE_UNIT ( ) SI_UNIT ( $, .RADIAN. ) );
#7435 = CARTESIAN_POINT ( 'NONE',  ( 2.609374999999999112, -0.4420337998483104269, -0.6999999999999999556 ) ) ;
#7436 = ORIENTED_EDGE ( 'NONE', *, *, #284, .F. ) ;
#7437 = VECTOR ( 'NONE', #5368, 39.37007874015748143 ) ;
#7438 = CARTESIAN_POINT ( 'NONE',  ( -2.453125000000005329, 0.2893790496476773000, -0.9499999999999999556 ) ) ;
#7439 = ORIENTED_EDGE ( 'NONE', *, *, #8305, .T. ) ;
#7440 = ADVANCED_FACE ( 'NONE', ( #170 ), #2543, .F. ) ;
#7441 = DIRECTION ( 'NONE',  ( -0.8660254037844394848, 0.4999999999999982792, -1.436265208654350557E-16 ) ) ;
#7442 = ADVANCED_FACE ( 'NONE', ( #1454 ), #4382, .F. ) ;
#7443 = DIRECTION ( 'NONE',  ( -0.4999999999999986122, -0.8660254037844394848, -0.000000000000000000 ) ) ;
#7444 = LINE ( 'NONE', #204, #7043 ) ;
#7445 = DIRECTION ( 'NONE',  ( 0.000000000000000000, 0.000000000000000000, -1.000000000000000000 ) ) ;
#7446 = ORIENTED_EDGE ( 'NONE', *, *, #564, .F. ) ;
#7447 = ORIENTED_EDGE ( 'NONE', *, *, #6461, .T. ) ;
#7448 = LINE ( 'NONE', #5446, #2122 ) ;
#7449 = VECTOR ( 'NONE', #7658, 39.37007874015747433 ) ;
#7450 = CARTESIAN_POINT ( 'NONE',  ( -0.9077481638378337436, 0.3012499999999982969, -0.3887795275590553157 ) ) ;
#7451 = ADVANCED_FACE ( 'NONE', ( #7540 ), #1626, .F. ) ;
#7452 = EDGE_CURVE ( 'NONE', #4117, #7938, #4605, .T. ) ;
#7453 = ORIENTED_EDGE ( 'NONE', *, *, #43, .T. ) ;
#7454 = FACE_OUTER_BOUND ( 'NONE', #1294, .T. ) ;
#7455 = CARTESIAN_POINT ( 'NONE',  ( 1.697586126802562045, 0.09350439475598201766, -0.8404620568917900991 ) ) ;
#7456 = AXIS2_PLACEMENT_3D ( 'NONE', #28, #1509, #6657 ) ;
#7457 = CARTESIAN_POINT ( 'NONE',  ( 2.265624999999999112, 0.3904979548822427038, -0.9175000000000007594 ) ) ;
#7458 = ORIENTED_EDGE ( 'NONE', *, *, #8560, .F. ) ;
#7459 = VECTOR ( 'NONE', #698, 39.37007874015748143 ) ;
#7460 = ORIENTED_EDGE ( 'NONE', *, *, #3491, .T. ) ;
#7461 = LINE ( 'NONE', #80, #3180 ) ;
#7462 = VERTEX_POINT ( 'NONE', #5350 ) ;
#7463 = VECTOR ( 'NONE', #8105, 39.37007874015748854 ) ;
#7464 = PLANE ( 'NONE',  #8722 ) ;
#7465 = FACE_OUTER_BOUND ( 'NONE', #9354, .T. ) ;
#7466 = DIRECTION ( 'NONE',  ( -0.8660254037844409281, 0.4999999999999962252, 0.000000000000000000 ) ) ;
#7467 = ORIENTED_EDGE ( 'NONE', *, *, #178, .F. ) ;
#7468 = CARTESIAN_POINT ( 'NONE',  ( -1.859375000000029976, 0.3476343040826271880, -0.9499999999999999556 ) ) ;
#7469 = ORIENTED_EDGE ( 'NONE', *, *, #167, .F. ) ;
#7470 = ORIENTED_EDGE ( 'NONE', *, *, #5681, .T. ) ;
#7471 = LINE ( 'NONE', #2382, #4548 ) ;
#7472 = ORIENTED_EDGE ( 'NONE', *, *, #7534, .T. ) ;
#7473 = CARTESIAN_POINT ( 'NONE',  ( -1.956752361437507526, -0.4038551499215299323, -0.9499999999999999556 ) ) ;
#7474 = FACE_OUTER_BOUND ( 'NONE', #8453, .T. ) ;
#7475 = CARTESIAN_POINT ( 'NONE',  ( -1.857131350946081616, -0.3170337998483168107, -0.9499999999999999556 ) ) ;
#7476 = CARTESIAN_POINT ( 'NONE',  ( -2.390625000000005329, 0.3476343040825998765, -0.4650000000000000799 ) ) ;
#7477 = PLANE ( 'NONE',  #5596 ) ;
#7478 = VERTEX_POINT ( 'NONE', #3133 ) ;
#7479 = EDGE_CURVE ( 'NONE', #1590, #464, #3176, .T. ) ;
#7480 = EDGE_CURVE ( 'NONE', #3290, #5348, #6945, .T. ) ;
#7481 = CARTESIAN_POINT ( 'NONE',  ( -2.265624999999998668, 0.2790714234295565421, -0.2599999999999999534 ) ) ;
#7482 = VERTEX_POINT ( 'NONE', #4743 ) ;
#7483 = EDGE_CURVE ( 'NONE', #6555, #3211, #4079, .T. ) ;
#7484 = CARTESIAN_POINT ( 'NONE',  ( -2.298124999999998419, 0.3904979548822426483, -0.9499999999999999556 ) ) ;
#7485 = CARTESIAN_POINT ( 'NONE',  ( 2.189249999999999474, 0.4764989774411177437, -0.2500000000000000555 ) ) ;
#7486 = CARTESIAN_POINT ( 'NONE',  ( 1.859375000000002665, 0.6404979548822695712, 0.2500000000000000555 ) ) ;
#7487 = VECTOR ( 'NONE', #3019, 39.37007874015748143 ) ;
#7488 = DIRECTION ( 'NONE',  ( 1.000000000000000000, 0.000000000000000000, 0.000000000000000000 ) ) ;
#7489 = ORIENTED_EDGE ( 'NONE', *, *, #5843, .F. ) ;
#7490 = EDGE_CURVE ( 'NONE', #4663, #25, #8761, .T. ) ;
#7491 = ORIENTED_EDGE ( 'NONE', *, *, #4546, .F. ) ;
#7492 = CARTESIAN_POINT ( 'NONE',  ( -2.533493649053912833, -0.07346415503395155311, -0.9499999999999999556 ) ) ;
#7493 = CIRCLE ( 'NONE', #6288, 0.2500000000000001110 ) ;
#7494 = DIRECTION ( 'NONE',  ( 0.000000000000000000, 0.000000000000000000, -1.000000000000000000 ) ) ;
#7495 = ORIENTED_EDGE ( 'NONE', *, *, #3186, .T. ) ;
#7496 = VERTEX_POINT ( 'NONE', #8251 ) ;
#7497 = CYLINDRICAL_SURFACE ( 'NONE', #7921, 0.4374999999999960032 ) ;
#7498 = CARTESIAN_POINT ( 'NONE',  ( 1.708303358903932256, 0.1333342061946302948, -0.8082115781183680792 ) ) ;
#7499 = VECTOR ( 'NONE', #7508, 39.37007874015748143 ) ;
#7500 = CARTESIAN_POINT ( 'NONE',  ( -2.390625000000005329, 0.3476343040825998765, -0.5727544197693736905 ) ) ;
#7501 = ORIENTED_EDGE ( 'NONE', *, *, #8017, .F. ) ;
#7502 = EDGE_CURVE ( 'NONE', #2880, #6655, #8772, .T. ) ;
#7503 = DIRECTION ( 'NONE',  ( -0.4999999999999972800, 0.8660254037844402619, 0.000000000000000000 ) ) ;
#7504 = VERTEX_POINT ( 'NONE', #1829 ) ;
#7505 = CARTESIAN_POINT ( 'NONE',  ( 1.984375000000025757, 0.2790714234295686436, -0.2572107205775365779 ) ) ;
#7506 = ORIENTED_EDGE ( 'NONE', *, *, #2109, .F. ) ;
#7507 = FACE_OUTER_BOUND ( 'NONE', #210, .T. ) ;
#7508 = DIRECTION ( 'NONE',  ( 0.000000000000000000, 0.000000000000000000, 1.000000000000000000 ) ) ;
#7509 = FILL_AREA_STYLE ('',( #3724 ) ) ;
#7510 = AXIS2_PLACEMENT_3D ( 'NONE', #8415, #4807, #1708 ) ;
#7511 = AXIS2_PLACEMENT_3D ( 'NONE', #4770, #6391, #6337 ) ;
#7512 = CARTESIAN_POINT ( 'NONE',  ( -1.962761439850251977, 0.2921469406300979399, -0.9391135601497726526 ) ) ;
#7513 = CARTESIAN_POINT ( 'NONE',  ( 2.487700201892215635, -0.3717848224071854113, -0.5999999999999999778 ) ) ;
#7514 = DIRECTION ( 'NONE',  ( 1.000000000000000000, 0.000000000000000000, 0.000000000000000000 ) ) ;
#7515 = ORIENTED_EDGE ( 'NONE', *, *, #6016, .T. ) ;
#7516 = ORIENTED_EDGE ( 'NONE', *, *, #711, .F. ) ;
#7517 = CYLINDRICAL_SURFACE ( 'NONE', #9243, 0.2500000000000000000 ) ;
#7518 = CIRCLE ( 'NONE', #3127, 0.2500000000000000000 ) ;
#7519 = VECTOR ( 'NONE', #8103, 39.37007874015748143 ) ;
#7520 =( CONVERSION_BASED_UNIT ( 'INCH', #3065 ) LENGTH_UNIT ( ) NAMED_UNIT ( #4195 ) );
#7521 = DIRECTION ( 'NONE',  ( 0.4999999999999919509, 0.8660254037844432595, 0.000000000000000000 ) ) ;
#7522 = DIRECTION ( 'NONE',  ( -0.000000000000000000, -1.000000000000000000, -0.000000000000000000 ) ) ;
#7523 = FACE_OUTER_BOUND ( 'NONE', #3078, .T. ) ;
#7524 = LINE ( 'NONE', #5909, #6821 ) ;
#7525 = ORIENTED_EDGE ( 'NONE', *, *, #1622, .F. ) ;
#7526 = VECTOR ( 'NONE', #230, 39.37007874015748143 ) ;
#7527 = CARTESIAN_POINT ( 'NONE',  ( -1.703668988314054777, 0.1178953701574849272, -0.3737597234363084775 ) ) ;
#7528 = VERTEX_POINT ( 'NONE', #3894 ) ;
#7529 = CARTESIAN_POINT ( 'NONE',  ( 1.953629557839698050, -0.2613205341219492772, -0.9174999999999992051 ) ) ;
#7530 = ORIENTED_EDGE ( 'NONE', *, *, #2791, .T. ) ;
#7531 = ADVANCED_FACE ( 'NONE', ( #307 ), #6923, .F. ) ;
#7532 = CARTESIAN_POINT ( 'NONE',  ( -2.549743649053904715, -0.04531832941097124062, -0.9499999999999999556 ) ) ;
#7533 = CARTESIAN_POINT ( 'NONE',  ( -1.984375000000017319, 0.4058214234295524081, -0.5357500000000000595 ) ) ;
#7534 = EDGE_CURVE ( 'NONE', #9333, #7198, #1068, .T. ) ;
#7535 = EDGE_CURVE ( 'NONE', #593, #4122, #3093, .T. ) ;
#7536 = CARTESIAN_POINT ( 'NONE',  ( -2.549743649053904715, -0.04531832941097126838, -0.9499999999999999556 ) ) ;
#7537 = ORIENTED_EDGE ( 'NONE', *, *, #3665, .T. ) ;
#7538 = VERTEX_POINT ( 'NONE', #7450 ) ;
#7539 = CARTESIAN_POINT ( 'NONE',  ( -2.812500000000023093, -0.6048072638452962613, 0.000000000000000000 ) ) ;
#7540 = FACE_OUTER_BOUND ( 'NONE', #9379, .T. ) ;
#7541 = ORIENTED_EDGE ( 'NONE', *, *, #8442, .F. ) ;
#7542 = EDGE_CURVE ( 'NONE', #7706, #3026, #102, .T. ) ;
#7543 = ORIENTED_EDGE ( 'NONE', *, *, #3197, .T. ) ;
#7544 = PLANE ( 'NONE',  #2296 ) ;
#7545 = EDGE_CURVE ( 'NONE', #690, #6093, #2693, .T. ) ;
#7546 = CARTESIAN_POINT ( 'NONE',  ( 2.496794203676986790, -0.5458564770119356258, -0.8439418834258907154 ) ) ;
#7547 = CARTESIAN_POINT ( 'NONE',  ( -1.824799798107692439, -0.4800379978800762282, -0.5999999999999999778 ) ) ;
#7548 = AXIS2_PLACEMENT_3D ( 'NONE', #6309, #2742, #9265 ) ;
#7549 = LINE ( 'NONE', #5460, #5376 ) ;
#7550 = ORIENTED_EDGE ( 'NONE', *, *, #2280, .T. ) ;
#7551 = DIRECTION ( 'NONE',  ( -0.4999999999999919509, 0.8660254037844432595, 0.000000000000000000 ) ) ;
#7552 = ORIENTED_EDGE ( 'NONE', *, *, #5935, .F. ) ;
#7553 = EDGE_CURVE ( 'NONE', #1451, #6555, #4132, .T. ) ;
#7554 = AXIS2_PLACEMENT_3D ( 'NONE', #817, #1671, #3871 ) ;
#7555 = CARTESIAN_POINT ( 'NONE',  ( 1.859375000000025535, 0.4058214234295524081, -0.5999999999999999778 ) ) ;
#7556 = DIRECTION ( 'NONE',  ( -1.000000000000000000, 0.000000000000000000, 0.000000000000000000 ) ) ;
#7557 = ADVANCED_FACE ( 'NONE', ( #4087 ), #2700, .F. ) ;
#7558 = VECTOR ( 'NONE', #4699, 39.37007874015748854 ) ;
#7559 = EDGE_CURVE ( 'NONE', #3694, #1130, #3411, .T. ) ;
#7560 = CARTESIAN_POINT ( 'NONE',  ( -1.813574818454364967, -0.02604556377267587541, -0.2500000000000000555 ) ) ;
#7561 = ORIENTED_EDGE ( 'NONE', *, *, #7195, .F. ) ;
#7562 = CARTESIAN_POINT ( 'NONE',  ( 1.501409195611506986, -0.1762051066784801057, -0.2499999999999999722 ) ) ;
#7563 = CARTESIAN_POINT ( 'NONE',  ( 2.766249999999998987, -0.1703183294109464618, -0.9499999999999999556 ) ) ;
#7564 = ORIENTED_EDGE ( 'NONE', *, *, #1681, .T. ) ;
#7565 = ORIENTED_EDGE ( 'NONE', *, *, #2573, .T. ) ;
#7566 = VECTOR ( 'NONE', #820, 39.37007874015748143 ) ;
#7567 = AXIS2_PLACEMENT_3D ( 'NONE', #6007, #2396, #340 ) ;
#7568 = LINE ( 'NONE', #6135, #6823 ) ;
#7569 = ORIENTED_EDGE ( 'NONE', *, *, #1510, .F. ) ;
#7570 = AXIS2_PLACEMENT_3D ( 'NONE', #2436, #2244, #8048 ) ;
#7571 = DIRECTION ( 'NONE',  ( 1.000000000000000000, 0.000000000000000000, 0.000000000000000000 ) ) ;
#7572 = ADVANCED_FACE ( 'NONE', ( #5642 ), #7780, .T. ) ;
#7573 = LINE ( 'NONE', #289, #190 ) ;
#7574 = CARTESIAN_POINT ( 'NONE',  ( -2.558872638562463830, 0.05622084583890603338, 0.000000000000000000 ) ) ;
#7575 = DIRECTION ( 'NONE',  ( -0.5000000000000056621, 0.8660254037844353769, 0.000000000000000000 ) ) ;
#7576 = AXIS2_PLACEMENT_3D ( 'NONE', #7246, #1478, #4322 ) ;
#7577 = MECHANICAL_DESIGN_GEOMETRIC_PRESENTATION_REPRESENTATION (  '', ( #1339 ), #1185 ) ;
#7578 = ORIENTED_EDGE ( 'NONE', *, *, #1693, .F. ) ;
#7579 = VERTEX_POINT ( 'NONE', #8541 ) ;
#7580 = LINE ( 'NONE', #7626, #6466 ) ;
#7581 = VERTEX_POINT ( 'NONE', #2026 ) ;
#7582 = MECHANICAL_DESIGN_GEOMETRIC_PRESENTATION_REPRESENTATION (  '', ( #2266 ), #6530 ) ;
#7583 = DIRECTION ( 'NONE',  ( -0.5000000000000013323, 0.8660254037844379305, -0.000000000000000000 ) ) ;
#7584 = AXIS2_PLACEMENT_3D ( 'NONE', #8203, #2408, #6161 ) ;
#7585 = DIRECTION ( 'NONE',  ( -1.000000000000000000, 0.000000000000000000, 1.658456209688565037E-16 ) ) ;
#7586 = CARTESIAN_POINT ( 'NONE',  ( -2.744999999999998774, -0.2071244090717848652, -0.2175000000000009148 ) ) ;
#7587 = CIRCLE ( 'NONE', #8342, 0.2175000000000140987 ) ;
#7588 = DIRECTION ( 'NONE',  ( 4.370956789862821150E-15, 2.253774594773017007E-15, 1.000000000000000000 ) ) ;
#7589 = ORIENTED_EDGE ( 'NONE', *, *, #8763, .F. ) ;
#7590 = AXIS2_PLACEMENT_3D ( 'NONE', #2130, #2894, #7308 ) ;
#7591 = CARTESIAN_POINT ( 'NONE',  ( -1.984375000000010880, 0.6079979548822664892, -0.5357500000000000595 ) ) ;
#7592 = DIRECTION ( 'NONE',  ( -0.8660254037844363761, 0.5000000000000039968, 0.000000000000000000 ) ) ;
#7593 = EDGE_CURVE ( 'NONE', #1420, #1863, #1163, .T. ) ;
#7594 = DIRECTION ( 'NONE',  ( 1.000000000000000000, 1.865610830299460874E-15, -0.000000000000000000 ) ) ;
#7595 = ORIENTED_EDGE ( 'NONE', *, *, #2240, .T. ) ;
#7596 = VERTEX_POINT ( 'NONE', #4930 ) ;
#7597 = DIRECTION ( 'NONE',  ( 0.000000000000000000, 0.000000000000000000, -1.000000000000000000 ) ) ;
#7598 = CARTESIAN_POINT ( 'NONE',  ( 2.494071741899152705, -0.5778607915295225217, -0.8223310893196605909 ) ) ;
#7599 = DIRECTION ( 'NONE',  ( -0.000000000000000000, -0.000000000000000000, -1.000000000000000000 ) ) ;
#7600 = EDGE_CURVE ( 'NONE', #4074, #7348, #6349, .T. ) ;
#7601 = ORIENTED_EDGE ( 'NONE', *, *, #2773, .F. ) ;
#7602 = ORIENTED_EDGE ( 'NONE', *, *, #9186, .T. ) ;
#7603 = CARTESIAN_POINT ( 'NONE',  ( -2.537660219341328460, -0.2382494887205698075, 0.000000000000000000 ) ) ;
#7604 = EDGE_CURVE ( 'NONE', #1544, #3026, #4836, .T. ) ;
#7605 = EDGE_CURVE ( 'NONE', #6042, #3721, #6411, .T. ) ;
#7606 = DIRECTION ( 'NONE',  ( -0.8660254037844424824, -0.4999999999999936162, 0.000000000000000000 ) ) ;
#7607 = ORIENTED_EDGE ( 'NONE', *, *, #6326, .T. ) ;
#7608 = CARTESIAN_POINT ( 'NONE',  ( -2.059687500000002558, 0.1131245683693413717, -0.2600000000000000089 ) ) ;
#7609 = FACE_OUTER_BOUND ( 'NONE', #7910, .T. ) ;
#7610 = LINE ( 'NONE', #1085, #5765 ) ;
#7611 = CARTESIAN_POINT ( 'NONE',  ( 1.530238721296536264, -0.1874534567772752069, -0.2499999999999999167 ) ) ;
#7612 = AXIS2_PLACEMENT_3D ( 'NONE', #8355, #6881, #260 ) ;
#7613 = LINE ( 'NONE', #8223, #2214 ) ;
#7614 = VERTEX_POINT ( 'NONE', #547 ) ;
#7615 = EDGE_LOOP ( 'NONE', ( #4453, #4898, #6117, #3880, #5872 ) ) ;
#7616 = VECTOR ( 'NONE', #1014, 39.37007874015748143 ) ;
#7617 = EDGE_CURVE ( 'NONE', #8741, #5192, #3365, .T. ) ;
#7618 = LINE ( 'NONE', #7662, #3472 ) ;
#7619 = VECTOR ( 'NONE', #3799, 39.37007874015748143 ) ;
#7620 = DIRECTION ( 'NONE',  ( -0.4999999999999919509, 0.8660254037844432595, 0.000000000000000000 ) ) ;
#7621 = CARTESIAN_POINT ( 'NONE',  ( 2.546874999999995559, -0.5502869753213701642, -0.6999999999999999556 ) ) ;
#7622 = DIRECTION ( 'NONE',  ( 0.000000000000000000, 0.000000000000000000, 1.000000000000000000 ) ) ;
#7623 = DIRECTION ( 'NONE',  ( 1.000000000000000000, 0.000000000000000000, 0.000000000000000000 ) ) ;
#7624 = VERTEX_POINT ( 'NONE', #7115 ) ;
#7625 = ORIENTED_EDGE ( 'NONE', *, *, #6399, .F. ) ;
#7626 = CARTESIAN_POINT ( 'NONE',  ( 0.4999999999999999445, -0.6044135630578968410, 0.000000000000000000 ) ) ;
#7627 = ORIENTED_EDGE ( 'NONE', *, *, #5287, .T. ) ;
#7628 = ADVANCED_FACE ( 'NONE', ( #9162 ), #9389, .T. ) ;
#7629 = CARTESIAN_POINT ( 'NONE',  ( 0.000000000000000000, 0.3012499999999982969, 0.000000000000000000 ) ) ;
#7630 = VERTEX_POINT ( 'NONE', #5686 ) ;
#7631 = DIRECTION ( 'NONE',  ( 0.000000000000000000, 0.000000000000000000, 1.000000000000000000 ) ) ;
#7632 = DIRECTION ( 'NONE',  ( -1.092739197465688721E-15, 1.892679809432653461E-15, 1.000000000000000000 ) ) ;
#7633 = DIRECTION ( 'NONE',  ( 0.000000000000000000, 0.000000000000000000, 1.000000000000000000 ) ) ;
#7634 = DIRECTION ( 'NONE',  ( 0.000000000000000000, 0.000000000000000000, -1.000000000000000000 ) ) ;
#7635 = EDGE_LOOP ( 'NONE', ( #8515, #8694 ) ) ;
#7636 = DIRECTION ( 'NONE',  ( 0.000000000000000000, -0.000000000000000000, 1.000000000000000000 ) ) ;
#7637 = ORIENTED_EDGE ( 'NONE', *, *, #691, .T. ) ;
#7638 = CARTESIAN_POINT ( 'NONE',  ( 0.9077481638378339657, -0.3012499999999982969, -0.3887795275590554267 ) ) ;
#7639 = DIRECTION ( 'NONE',  ( -1.092739197465688721E-15, -1.892679809432653461E-15, 1.000000000000000000 ) ) ;
#7640 = ORIENTED_EDGE ( 'NONE', *, *, #5262, .T. ) ;
#7641 = EDGE_LOOP ( 'NONE', ( #5035, #3752, #9208, #3188 ) ) ;
#7642 = LINE ( 'NONE', #2461, #5489 ) ;
#7643 = DIRECTION ( 'NONE',  ( -1.000000000000000000, 0.000000000000000000, 0.000000000000000000 ) ) ;
#7644 = CARTESIAN_POINT ( 'NONE',  ( 2.459125952298427009, -0.005570755751948403868, -0.9391135601497714314 ) ) ;
#7645 = EDGE_LOOP ( 'NONE', ( #2954, #8297 ) ) ;
#7646 = AXIS2_PLACEMENT_3D ( 'NONE', #6491, #5858, #4498 ) ;
#7647 = LENGTH_MEASURE_WITH_UNIT ( LENGTH_MEASURE( 0.02539999999999999897 ), #5360 );
#7648 = LINE ( 'NONE', #2520, #9263 ) ;
#7649 = ORIENTED_EDGE ( 'NONE', *, *, #5766, .T. ) ;
#7650 = PLANE ( 'NONE',  #530 ) ;
#7651 = EDGE_CURVE ( 'NONE', #4317, #7478, #2391, .T. ) ;
#7652 = AXIS2_PLACEMENT_3D ( 'NONE', #38, #6528, #9434 ) ;
#7653 = DIRECTION ( 'NONE',  ( -0.8660254037844363761, 0.5000000000000041078, 0.000000000000000000 ) ) ;
#7654 = LINE ( 'NONE', #1133, #602 ) ;
#7655 = EDGE_CURVE ( 'NONE', #7706, #4692, #9360, .T. ) ;
#7656 = EDGE_LOOP ( 'NONE', ( #4159, #1780, #1999, #1583 ) ) ;
#7657 = EDGE_CURVE ( 'NONE', #2683, #6144, #6456, .T. ) ;
#7658 = DIRECTION ( 'NONE',  ( 0.8660254037844363761, 0.5000000000000041078, 0.000000000000000000 ) ) ;
#7659 = DIRECTION ( 'NONE',  ( -0.8660254037844432595, -0.4999999999999919509, -0.000000000000000000 ) ) ;
#7660 = ORIENTED_EDGE ( 'NONE', *, *, #5579, .F. ) ;
#7661 = EDGE_LOOP ( 'NONE', ( #6634, #2748, #4440, #1905 ) ) ;
#7662 = CARTESIAN_POINT ( 'NONE',  ( 1.406249999999996003, -0.03608439182434083903, -0.4650000000000000799 ) ) ;
#7663 = ORIENTED_EDGE ( 'NONE', *, *, #4645, .F. ) ;
#7664 = CONICAL_SURFACE ( 'NONE', #358, 0.04249999999999893446, 0.7853981633974441712 ) ;
#7665 = VECTOR ( 'NONE', #9236, 39.37007874015748854 ) ;
#7666 = DIRECTION ( 'NONE',  ( -1.000000000000000000, 5.090879084663727145E-14, 0.000000000000000000 ) ) ;
#7667 = CARTESIAN_POINT ( 'NONE',  ( -1.953629557839698050, -0.2613205341219492772, -0.9499999999999999556 ) ) ;
#7668 = DIRECTION ( 'NONE',  ( 0.4999999999999923950, -0.8660254037844430375, -0.000000000000000000 ) ) ;
#7669 = CARTESIAN_POINT ( 'NONE',  ( -2.265625000000000000, 0.6079979548822475044, -0.9499999999999999556 ) ) ;
#7670 = EDGE_CURVE ( 'NONE', #3820, #3756, #8394, .T. ) ;
#7671 = ORIENTED_EDGE ( 'NONE', *, *, #2861, .T. ) ;
#7672 = AXIS2_PLACEMENT_3D ( 'NONE', #3771, #6670, #8129 ) ;
#7673 = CARTESIAN_POINT ( 'NONE',  ( -1.710327891682111856, 0.1394750607929389485, -0.4100878509056115617 ) ) ;
#7674 = ORIENTED_EDGE ( 'NONE', *, *, #1037, .F. ) ;
#7675 = AXIS2_PLACEMENT_3D ( 'NONE', #4068, #1914, #6954 ) ;
#7676 = DIRECTION ( 'NONE',  ( 0.4999999999999918954, 0.8660254037844431485, 0.000000000000000000 ) ) ;
#7677 = ORIENTED_EDGE ( 'NONE', *, *, #4811, .F. ) ;
#7678 = EDGE_CURVE ( 'NONE', #483, #7812, #7688, .T. ) ;
#7679 = DIRECTION ( 'NONE',  ( 0.8660254037844394848, -0.4999999999999982792, 0.000000000000000000 ) ) ;
#7680 = CARTESIAN_POINT ( 'NONE',  ( 2.425200201892211638, -0.4800379978802461478, -0.5999999999999999778 ) ) ;
#7681 = DIRECTION ( 'NONE',  ( 0.000000000000000000, 0.000000000000000000, 1.000000000000000000 ) ) ;
#7682 = AXIS2_PLACEMENT_3D ( 'NONE', #1245, #8525, #5763 ) ;
#7683 = ADVANCED_FACE ( 'NONE', ( #1927 ), #8918, .F. ) ;
#7684 = FACE_BOUND ( 'NONE', #1105, .T. ) ;
#7685 = EDGE_LOOP ( 'NONE', ( #3017, #2142 ) ) ;
#7686 = DIRECTION ( 'NONE',  ( 0.000000000000000000, 1.000000000000000000, 0.000000000000000000 ) ) ;
#7687 = DIRECTION ( 'NONE',  ( -0.8660254037844448138, 0.4999999999999893419, 0.000000000000000000 ) ) ;
#7688 = LINE ( 'NONE', #5544, #8308 ) ;
#7689 = ORIENTED_EDGE ( 'NONE', *, *, #5071, .T. ) ;
#7690 = LINE ( 'NONE', #6974, #5237 ) ;
#7691 = DIRECTION ( 'NONE',  ( -0.000000000000000000, -0.000000000000000000, -1.000000000000000000 ) ) ;
#7692 = ORIENTED_EDGE ( 'NONE', *, *, #854, .T. ) ;
#7693 = DIRECTION ( 'NONE',  ( -0.000000000000000000, -0.000000000000000000, -1.000000000000000000 ) ) ;
#7694 = DIRECTION ( 'NONE',  ( -0.000000000000000000, -0.000000000000000000, 1.000000000000000000 ) ) ;
#7695 = EDGE_LOOP ( 'NONE', ( #7489, #7277, #1500, #1963 ) ) ;
#7696 = DIRECTION ( 'NONE',  ( 1.000000000000000000, -3.023406148612404967E-15, -0.000000000000000000 ) ) ;
#7697 = CARTESIAN_POINT ( 'NONE',  ( -2.442754307890678156, 0.3007511886581158977, -0.8197202386689927955 ) ) ;
#7698 = CARTESIAN_POINT ( 'NONE',  ( -1.813077364016591808, -0.01910481914323328145, -0.2545603832415577195 ) ) ;
#7699 = EDGE_LOOP ( 'NONE', ( #4472, #7341 ) ) ;
#7700 = DIRECTION ( 'NONE',  ( 0.4999999999999893974, 0.8660254037844448138, 0.000000000000000000 ) ) ;
#7701 = DIRECTION ( 'NONE',  ( -0.3535533905932668475, -0.6123724356958004655, 0.7071067811865456854 ) ) ;
#7702 = ORIENTED_EDGE ( 'NONE', *, *, #5331, .T. ) ;
#7703 = ORIENTED_EDGE ( 'NONE', *, *, #8483, .T. ) ;
#7704 = AXIS2_PLACEMENT_3D ( 'NONE', #3304, #4688, #7631 ) ;
#7705 = CARTESIAN_POINT ( 'NONE',  ( -2.169499999999999318, 0.4764989774411199086, 5.578266170116183356E-17 ) ) ;
#7706 = VERTEX_POINT ( 'NONE', #5024 ) ;
#7707 = EDGE_CURVE ( 'NONE', #4143, #5750, #782, .T. ) ;
#7708 = EDGE_CURVE ( 'NONE', #8930, #6837, #8775, .T. ) ;
#7709 = AXIS2_PLACEMENT_3D ( 'NONE', #8495, #2070, #4973 ) ;
#7710 = CARTESIAN_POINT ( 'NONE',  ( -2.125000000000000000, 0.3904979548822426483, -0.6999999999999999556 ) ) ;
#7711 = CARTESIAN_POINT ( 'NONE',  ( 1.437499999999995337, -0.09021097956086862601, -0.7350000000000000977 ) ) ;
#7712 = CARTESIAN_POINT ( 'NONE',  ( -2.125000000000000000, 0.000000000000000000, -0.2500000000000000555 ) ) ;
#7713 = CARTESIAN_POINT ( 'NONE',  ( 2.255624999999998437, 0.6079979548822497248, -0.2500000000000000555 ) ) ;
#7714 = VECTOR ( 'NONE', #7044, 39.37007874015748854 ) ;
#7715 = AXIS2_PLACEMENT_3D ( 'NONE', #6348, #3357, #1299 ) ;
#7716 = AXIS2_PLACEMENT_3D ( 'NONE', #8148, #3124, #6152 ) ;
#7717 = ORIENTED_EDGE ( 'NONE', *, *, #1771, .T. ) ;
#7718 = CARTESIAN_POINT ( 'NONE',  ( 3.607142256072637336E-17, 0.3012499999999982969, -0.2175000000000005262 ) ) ;
#7719 = EDGE_LOOP ( 'NONE', ( #4964, #7881, #2023, #8106 ) ) ;
#7720 = EDGE_CURVE ( 'NONE', #8274, #3788, #3789, .T. ) ;
#7721 = EDGE_CURVE ( 'NONE', #7581, #7770, #5160, .T. ) ;
#7722 = ADVANCED_FACE ( 'NONE', ( #4506 ), #4327, .F. ) ;
#7723 = CYLINDRICAL_SURFACE ( 'NONE', #1332, 0.04449999999999975503 ) ;
#7724 = VERTEX_POINT ( 'NONE', #5778 ) ;
#7725 = AXIS2_PLACEMENT_3D ( 'NONE', #2678, #1148, #8426 ) ;
#7726 = CARTESIAN_POINT ( 'NONE',  ( 2.750000000000022649, -0.1984641550339512339, -0.9499999999999999556 ) ) ;
#7727 = LINE ( 'NONE', #6347, #3102 ) ;
#7728 = CARTESIAN_POINT ( 'NONE',  ( 2.537660219341328460, -0.2382494887205698075, 0.000000000000000000 ) ) ;
#7729 = CARTESIAN_POINT ( 'NONE',  ( -2.301370442160278973, -0.2526602800841205587, -0.2599999999999999534 ) ) ;
#7730 = DIRECTION ( 'NONE',  ( -1.000000000000000000, 0.000000000000000000, 0.000000000000000000 ) ) ;
#7731 = AXIS2_PLACEMENT_3D ( 'NONE', #2342, #195, #4632 ) ;
#7732 = EDGE_CURVE ( 'NONE', #469, #847, #7210, .T. ) ;
#7733 = DIRECTION ( 'NONE',  ( -0.000000000000000000, -0.000000000000000000, -1.000000000000000000 ) ) ;
#7734 = ADVANCED_FACE ( 'NONE', ( #17 ), #8011, .F. ) ;
#7735 = CARTESIAN_POINT ( 'NONE',  ( 1.167433081593972632, 0.3012499999999982969, -0.2499999999999998890 ) ) ;
#7736 = DIRECTION ( 'NONE',  ( -4.202843067175816776E-14, -1.000000000000000000, -0.000000000000000000 ) ) ;
#7737 = PLANE ( 'NONE',  #6621 ) ;
#7738 = VECTOR ( 'NONE', #7929, 39.37007874015748143 ) ;
#7739 = CARTESIAN_POINT ( 'NONE',  ( 1.559174798107780591, -0.01996200211974713534, -0.5999999999999999778 ) ) ;
#7740 = ORIENTED_EDGE ( 'NONE', *, *, #7944, .T. ) ;
#7741 = ORIENTED_EDGE ( 'NONE', *, *, #7892, .F. ) ;
#7742 = CARTESIAN_POINT ( 'NONE',  ( -2.265625000000000000, 0.6404979548822425928, -0.6999999999999999556 ) ) ;
#7743 = ADVANCED_FACE ( 'NONE', ( #1400 ), #3795, .T. ) ;
#7744 = EDGE_CURVE ( 'NONE', #1912, #811, #2835, .T. ) ;
#7745 = CARTESIAN_POINT ( 'NONE',  ( -2.255624999999997993, -3.949324281624900689E-16, -0.2600000000000000089 ) ) ;
#7746 = ORIENTED_EDGE ( 'NONE', *, *, #7285, .F. ) ;
#7747 = CARTESIAN_POINT ( 'NONE',  ( -1.984375000000021094, 0.3904979548822709035, -0.9174999999999992051 ) ) ;
#7748 = VERTEX_POINT ( 'NONE', #6594 ) ;
#7749 = UNCERTAINTY_MEASURE_WITH_UNIT (LENGTH_MEASURE( 1.000000000000000082E-05 ), #539, 'distance_accuracy_value', 'NONE');
#7750 = DIRECTION ( 'NONE',  ( 1.000000000000000000, 0.000000000000000000, 0.000000000000000000 ) ) ;
#7751 = DIRECTION ( 'NONE',  ( 0.000000000000000000, 0.000000000000000000, -1.000000000000000000 ) ) ;
#7752 = VERTEX_POINT ( 'NONE', #696 ) ;
#7753 = CYLINDRICAL_SURFACE ( 'NONE', #6146, 0.01000000000000000021 ) ;
#7754 = CARTESIAN_POINT ( 'NONE',  ( 1.994375000000010889, 0.6079979548822630475, -0.2500000000000000555 ) ) ;
#7755 = ORIENTED_EDGE ( 'NONE', *, *, #7414, .T. ) ;
#7756 = ORIENTED_EDGE ( 'NONE', *, *, #6593, .T. ) ;
#7757 = CARTESIAN_POINT ( 'NONE',  ( 2.223412229658463524, -0.4262972588820859721, -0.3838303734341184104 ) ) ;
#7758 = ORIENTED_EDGE ( 'NONE', *, *, #4635, .F. ) ;
#7759 = CONICAL_SURFACE ( 'NONE', #3669, 0.04249999999999912181, 0.7853981633974446153 ) ;
#7760 = DIRECTION ( 'NONE',  ( -0.6123724356957916948, -0.3535533905932757848, -0.7071067811865489050 ) ) ;
#7761 = CARTESIAN_POINT ( 'NONE',  ( 1.559174798107780591, -0.01996200211974713534, -0.6642499999999997851 ) ) ;
#7762 = CARTESIAN_POINT ( 'NONE',  ( -1.859375000000029976, 0.3476343040826271880, -0.5357500000000000595 ) ) ;
#7763 = CARTESIAN_POINT ( 'NONE',  ( -2.298124999999997087, -5.234271894785144470E-16, -0.9499999999999999556 ) ) ;
#7764 = ORIENTED_EDGE ( 'NONE', *, *, #4752, .T. ) ;
#7765 = AXIS2_PLACEMENT_3D ( 'NONE', #5299, #6832, #926 ) ;
#7766 = ORIENTED_EDGE ( 'NONE', *, *, #2240, .F. ) ;
#7767 = DIRECTION ( 'NONE',  ( 0.8660254037844447028, 0.4999999999999896194, 0.000000000000000000 ) ) ;
#7768 = ORIENTED_EDGE ( 'NONE', *, *, #4813, .T. ) ;
#7769 = CARTESIAN_POINT ( 'NONE',  ( -1.559174798107780591, -0.01996200211974713187, -0.5357500000000002816 ) ) ;
#7770 = VERTEX_POINT ( 'NONE', #8060 ) ;
#7771 = AXIS2_PLACEMENT_3D ( 'NONE', #1975, #7108, #7818 ) ;
#7772 = DIRECTION ( 'NONE',  ( -0.000000000000000000, -0.000000000000000000, 1.000000000000000000 ) ) ;
#7773 = DIRECTION ( 'NONE',  ( 0.000000000000000000, 0.000000000000000000, 1.000000000000000000 ) ) ;
#7774 = LINE ( 'NONE', #5494, #4239 ) ;
#7775 = EDGE_CURVE ( 'NONE', #7422, #6165, #7300, .T. ) ;
#7776 = EDGE_CURVE ( 'NONE', #6006, #3434, #2166, .T. ) ;
#7777 = DIRECTION ( 'NONE',  ( -0.000000000000000000, -0.000000000000000000, -1.000000000000000000 ) ) ;
#7778 = EDGE_LOOP ( 'NONE', ( #2719, #8863, #5170 ) ) ;
#7779 = CARTESIAN_POINT ( 'NONE',  ( 2.546874999999995559, -0.5502869753213696091, -0.3525000000000004241 ) ) ;
#7780 = PLANE ( 'NONE',  #1772 ) ;
#7781 = DIRECTION ( 'NONE',  ( 0.4999999999999512057, -0.8660254037844667963, 0.000000000000000000 ) ) ;
#7782 = DIRECTION ( 'NONE',  ( 1.092739197465688721E-15, 1.892679809432653856E-15, -1.000000000000000000 ) ) ;
#7783 = LINE ( 'NONE', #1985, #3073 ) ;
#7784 = EDGE_CURVE ( 'NONE', #3776, #8878, #5585, .T. ) ;
#7785 = ORIENTED_EDGE ( 'NONE', *, *, #1601, .F. ) ;
#7786 = DIRECTION ( 'NONE',  ( 4.535261055593764468E-14, 1.000000000000000000, 0.000000000000000000 ) ) ;
#7787 = CARTESIAN_POINT ( 'NONE',  ( 1.479198420634004973, -0.06613638518304112979, -0.8474999999999995870 ) ) ;
#7788 = ORIENTED_EDGE ( 'NONE', *, *, #6840, .F. ) ;
#7789 = LINE ( 'NONE', #5697, #6667 ) ;
#7790 = ORIENTED_EDGE ( 'NONE', *, *, #6678, .F. ) ;
#7791 = CARTESIAN_POINT ( 'NONE',  ( -2.452543546506298355, 0.2900415262219106505, -0.7947191470558555570 ) ) ;
#7792 = LINE ( 'NONE', #3572, #5174 ) ;
#7793 = EDGE_CURVE ( 'NONE', #2792, #8481, #3627, .T. ) ;
#7794 = CONICAL_SURFACE ( 'NONE', #7339, 0.9875000000000008216, 0.7853981633974378429 ) ;
#7795 = CARTESIAN_POINT ( 'NONE',  ( -2.546874999999995559, -0.5502869753213696091, -0.7350000000000000977 ) ) ;
#7796 = CARTESIAN_POINT ( 'NONE',  ( -2.392868649053890628, -0.3170337998483087616, -0.9175000000000006484 ) ) ;
#7797 = ORIENTED_EDGE ( 'NONE', *, *, #5627, .F. ) ;
#7798 = ORIENTED_EDGE ( 'NONE', *, *, #5062, .F. ) ;
#7799 = CARTESIAN_POINT ( 'NONE',  ( -2.390625000000005329, 0.6380358307719737887, -0.7350000000000000977 ) ) ;
#7800 = ORIENTED_EDGE ( 'NONE', *, *, #6314, .T. ) ;
#7801 = VECTOR ( 'NONE', #898, 39.37007874015748143 ) ;
#7802 = CIRCLE ( 'NONE', #4619, 0.06424999999999979339 ) ;
#7803 = DIRECTION ( 'NONE',  ( -1.000000000000000000, 0.000000000000000000, 0.000000000000000000 ) ) ;
#7804 = DIRECTION ( 'NONE',  ( 0.000000000000000000, 0.000000000000000000, 1.000000000000000000 ) ) ;
#7805 = LINE ( 'NONE', #4353, #1502 ) ;
#7806 = DIRECTION ( 'NONE',  ( 1.658456209688565037E-16, -0.000000000000000000, 1.000000000000000000 ) ) ;
#7807 = AXIS2_PLACEMENT_3D ( 'NONE', #9372, #5512, #7750 ) ;
#7808 = CARTESIAN_POINT ( 'NONE',  ( -1.762299798107778814, -0.3717848224071720331, -0.5999999999999999778 ) ) ;
#7809 = ORIENTED_EDGE ( 'NONE', *, *, #8662, .T. ) ;
#7810 = AXIS2_PLACEMENT_3D ( 'NONE', #3432, #3576, #4949 ) ;
#7811 =( LENGTH_UNIT ( ) NAMED_UNIT ( * ) SI_UNIT ( $, .METRE. ) );
#7812 = VERTEX_POINT ( 'NONE', #829 ) ;
#7813 = CARTESIAN_POINT ( 'NONE',  ( 2.473410219341328986, -0.2382494887205698075, 0.000000000000000000 ) ) ;
#7814 = CARTESIAN_POINT ( 'NONE',  ( 1.873381350946074386, -0.3451796254712989342, -0.9499999999999999556 ) ) ;
#7815 = CARTESIAN_POINT ( 'NONE',  ( 1.984375000000010880, 0.6079979548822664892, -0.5357500000000000595 ) ) ;
#7816 = CARTESIAN_POINT ( 'NONE',  ( -2.257729755374552560, -0.4169034694968730137, -0.8404620568917898771 ) ) ;
#7817 = VECTOR ( 'NONE', #2364, 39.37007874015748143 ) ;
#7818 = DIRECTION ( 'NONE',  ( -0.8660254037844441477, -0.4999999999999903411, 0.000000000000000000 ) ) ;
#7819 = VECTOR ( 'NONE', #8086, 39.37007874015748143 ) ;
#7820 = CARTESIAN_POINT ( 'NONE',  ( 2.453125000000005329, 0.6404979548822425928, -0.7349999999999999867 ) ) ;
#7821 = ORIENTED_EDGE ( 'NONE', *, *, #3197, .F. ) ;
#7822 = CARTESIAN_POINT ( 'NONE',  ( -0.5324999999999976419, 0.1762500000000011557, 0.000000000000000000 ) ) ;
#7823 = DIRECTION ( 'NONE',  ( 0.000000000000000000, 1.000000000000000000, 0.000000000000000000 ) ) ;
#7824 = EDGE_CURVE ( 'NONE', #3694, #8932, #2400, .T. ) ;
#7825 = CIRCLE ( 'NONE', #374, 0.06425000000000000155 ) ;
#7826 = ADVANCED_FACE ( 'NONE', ( #3843 ), #2349, .F. ) ;
#7827 = DIRECTION ( 'NONE',  ( 1.000000000000000000, 7.249756350802272209E-14, -0.000000000000000000 ) ) ;
#7828 = CARTESIAN_POINT ( 'NONE',  ( -2.744999999999998774, -0.2071244090717848652, -0.2175000000000009148 ) ) ;
#7829 = CARTESIAN_POINT ( 'NONE',  ( -2.436995442160277303, -0.01775088930761715283, -0.2600000000000002309 ) ) ;
#7830 = CIRCLE ( 'NONE', #9206, 0.2500000000000000000 ) ;
#7831 = ORIENTED_EDGE ( 'NONE', *, *, #6646, .T. ) ;
#7832 = DIRECTION ( 'NONE',  ( -1.000000000000000000, 0.000000000000000000, 0.000000000000000000 ) ) ;
#7833 = EDGE_CURVE ( 'NONE', #8735, #8311, #1631, .T. ) ;
#7834 = CARTESIAN_POINT ( 'NONE',  ( 1.984375000000009548, 0.6404979548822712365, -0.5357500000000000595 ) ) ;
#7835 = ORIENTED_EDGE ( 'NONE', *, *, #6554, .T. ) ;
#7836 = EDGE_CURVE ( 'NONE', #5195, #2667, #4686, .T. ) ;
#7837 = CARTESIAN_POINT ( 'NONE',  ( -2.296874244255246111, -0.2991391718944301781, -0.9499999999999999556 ) ) ;
#7838 = ORIENTED_EDGE ( 'NONE', *, *, #9269, .T. ) ;
#7839 = CARTESIAN_POINT ( 'NONE',  ( -2.450391838512697706, 0.2924534376963031646, -0.8038757313803486237 ) ) ;
#7840 = CARTESIAN_POINT ( 'NONE',  ( 1.559174798107780591, -0.01996200211974713534, -0.5999999999999999778 ) ) ;
#7841 = CYLINDRICAL_SURFACE ( 'NONE', #8358, 0.06249999999999967387 ) ;
#7842 = CARTESIAN_POINT ( 'NONE',  ( 0.8325000000000002398, 0.1762500000000011557, 0.000000000000000000 ) ) ;
#7843 = EDGE_LOOP ( 'NONE', ( #45, #746, #1838, #1377 ) ) ;
#7844 = VERTEX_POINT ( 'NONE', #1060 ) ;
#7845 = ORIENTED_EDGE ( 'NONE', *, *, #4355, .F. ) ;
#7846 = LINE ( 'NONE', #7088, #1340 ) ;
#7847 = ADVANCED_FACE ( 'NONE', ( #3218 ), #5248, .T. ) ;
#7848 = CARTESIAN_POINT ( 'NONE',  ( -2.651541674377006164, -0.3039989774411241963, -0.2500000000000000555 ) ) ;
#7849 = DIRECTION ( 'NONE',  ( -0.8660254037844660191, -0.4999999999999527045, -0.000000000000000000 ) ) ;
#7850 = CARTESIAN_POINT ( 'NONE',  ( -2.260616904287458873, 0.2815471190135318547, -0.2509472078721712296 ) ) ;
#7851 = DIRECTION ( 'NONE',  ( -0.7071067811865474617, -0.7071067811865474617, -0.000000000000000000 ) ) ;
#7852 = ORIENTED_EDGE ( 'NONE', *, *, #298, .F. ) ;
#7853 = AXIS2_PLACEMENT_3D ( 'NONE', #1476, #5241, #1618 ) ;
#7854 = DIRECTION ( 'NONE',  ( 0.000000000000000000, 0.000000000000000000, -1.000000000000000000 ) ) ;
#7855 = VERTEX_POINT ( 'NONE', #3166 ) ;
#7856 = ADVANCED_FACE ( 'NONE', ( #3879 ), #8338, .T. ) ;
#7857 = SURFACE_STYLE_FILL_AREA ( #4917 ) ;
#7858 = ADVANCED_FACE ( 'NONE', ( #2538 ), #5133, .T. ) ;
#7859 = ORIENTED_EDGE ( 'NONE', *, *, #6454, .F. ) ;
#7860 = CARTESIAN_POINT ( 'NONE',  ( -1.167433081593972632, 0.3012499999999982969, -0.4999999999999999445 ) ) ;
#7861 = VECTOR ( 'NONE', #1189, 39.37007874015748854 ) ;
#7862 = CARTESIAN_POINT ( 'NONE',  ( 2.330368649053886632, -0.4252869753213685544, -0.9499999999999999556 ) ) ;
#7863 = CARTESIAN_POINT ( 'NONE',  ( 1.984375000000010880, 0.6079979548822715962, -0.9499999999999999556 ) ) ;
#7864 = CARTESIAN_POINT ( 'NONE',  ( -2.533493649053906172, -0.07346415503396304392, -0.6999999999999999556 ) ) ;
#7865 = VECTOR ( 'NONE', #1869, 39.37007874015748143 ) ;
#7866 =( NAMED_UNIT ( * ) PLANE_ANGLE_UNIT ( ) SI_UNIT ( $, .RADIAN. ) );
#7867 = ORIENTED_EDGE ( 'NONE', *, *, #2310, .F. ) ;
#7868 = FACE_OUTER_BOUND ( 'NONE', #5475, .T. ) ;
#7869 = ORIENTED_EDGE ( 'NONE', *, *, #2017, .T. ) ;
#7870 = AXIS2_PLACEMENT_3D ( 'NONE', #5537, #4030, #1921 ) ;
#7871 = CIRCLE ( 'NONE', #3786, 0.009999999999999988065 ) ;
#7872 = DIRECTION ( 'NONE',  ( -0.6499998807689736369, 0.7071067811865551223, 0.2783884965301353098 ) ) ;
#7873 = AXIS2_PLACEMENT_3D ( 'NONE', #4302, #3580, #2857 ) ;
#7874 = DIRECTION ( 'NONE',  ( 0.5000000000000041078, -0.8660254037844363761, 0.000000000000000000 ) ) ;
#7875 = CARTESIAN_POINT ( 'NONE',  ( 2.453125000000005329, 0.6404979548822425928, -0.4650000000000000799 ) ) ;
#7876 = DIRECTION ( 'NONE',  ( -0.000000000000000000, -0.000000000000000000, -1.000000000000000000 ) ) ;
#7877 = CIRCLE ( 'NONE', #885, 0.3449999999999964762 ) ;
#7878 = AXIS2_PLACEMENT_3D ( 'NONE', #1443, #7110, #597 ) ;
#7879 = VECTOR ( 'NONE', #8505, 39.37007874015748143 ) ;
#7880 = VERTEX_POINT ( 'NONE', #5343 ) ;
#7881 = ORIENTED_EDGE ( 'NONE', *, *, #8253, .T. ) ;
#7882 = CARTESIAN_POINT ( 'NONE',  ( 1.984375000000010880, 0.6079979548822626034, -0.2599999999999999534 ) ) ;
#7883 = EDGE_LOOP ( 'NONE', ( #8535, #4653, #7671, #1889 ) ) ;
#7884 = VECTOR ( 'NONE', #8130, 39.37007874015748143 ) ;
#7885 = CARTESIAN_POINT ( 'NONE',  ( 1.457619219362565666, -0.04083989865979355954, -0.8389174173226140452 ) ) ;
#7886 = PRODUCT_DEFINITION_FORMATION_WITH_SPECIFIED_SOURCE ( 'ANY', '', #1464, .NOT_KNOWN. ) ;
#7887 = CARTESIAN_POINT ( 'NONE',  ( 2.262028893303175359, -0.4155125886857072293, -0.8420909932548905630 ) ) ;
#7888 = VECTOR ( 'NONE', #4799, 39.37007874015747433 ) ;
#7889 = VERTEX_POINT ( 'NONE', #7529 ) ;
#7890 = CARTESIAN_POINT ( 'NONE',  ( -2.453125000000210498, 0.2893790496474515916, -0.7849999999997243627 ) ) ;
#7891 = CARTESIAN_POINT ( 'NONE',  ( -1.351374999999987114, 5.449678256205675038E-18, 5.578266170116183356E-17 ) ) ;
#7892 = EDGE_CURVE ( 'NONE', #816, #6873, #6785, .T. ) ;
#7893 = AXIS2_PLACEMENT_3D ( 'NONE', #8221, #1706, #4621 ) ;
#7894 = DIRECTION ( 'NONE',  ( 0.000000000000000000, 0.000000000000000000, 1.000000000000000000 ) ) ;
#7895 = ADVANCED_FACE ( 'NONE', ( #200 ), #4734, .T. ) ;
#7896 = EDGE_CURVE ( 'NONE', #3636, #2246, #8241, .T. ) ;
#7897 = CARTESIAN_POINT ( 'NONE',  ( -1.700256350946108164, -0.04531832941093608819, -0.9499999999999999556 ) ) ;
#7898 = ORIENTED_EDGE ( 'NONE', *, *, #2946, .F. ) ;
#7899 = VERTEX_POINT ( 'NONE', #1724 ) ;
#7900 = FACE_OUTER_BOUND ( 'NONE', #4233, .T. ) ;
#7901 = ORIENTED_EDGE ( 'NONE', *, *, #8698, .T. ) ;
#7902 = CARTESIAN_POINT ( 'NONE',  ( 1.984375000000021094, 0.3904979548822709035, -0.9174999999999992051 ) ) ;
#7903 = FACE_OUTER_BOUND ( 'NONE', #9037, .T. ) ;
#7904 = DIRECTION ( 'NONE',  ( 0.5000000000000668354, 0.8660254037844001829, 0.000000000000000000 ) ) ;
#7905 = ADVANCED_FACE ( 'NONE', ( #4639 ), #4024, .T. ) ;
#7906 = LINE ( 'NONE', #531, #1750 ) ;
#7907 = ORIENTED_EDGE ( 'NONE', *, *, #8483, .F. ) ;
#7908 = AXIS2_PLACEMENT_3D ( 'NONE', #416, #1180, #4105 ) ;
#7909 = CYLINDRICAL_SURFACE ( 'NONE', #5434, 0.06424999999999973788 ) ;
#7910 = EDGE_LOOP ( 'NONE', ( #3525, #9188, #1634, #8439, #2393 ) ) ;
#7911 = CARTESIAN_POINT ( 'NONE',  ( -1.559343435260007737, -0.3012499999999999067, -0.2174999999999991107 ) ) ;
#7912 = DIRECTION ( 'NONE',  ( 0.000000000000000000, 0.000000000000000000, 1.000000000000000000 ) ) ;
#7913 = DIRECTION ( 'NONE',  ( -0.7071067811865364705, -0.7071067811865586750, 0.000000000000000000 ) ) ;
#7914 = LINE ( 'NONE', #3692, #7566 ) ;
#7915 = CIRCLE ( 'NONE', #3827, 0.4374999999999960587 ) ;
#7916 =( CONVERSION_BASED_UNIT ( 'INCH', #5020 ) LENGTH_UNIT ( ) NAMED_UNIT ( #4757 ) );
#7917 = VERTEX_POINT ( 'NONE', #921 ) ;
#7918 = ADVANCED_FACE ( 'NONE', ( #157 ), #3980, .F. ) ;
#7919 = LINE ( 'NONE', #7206, #8018 ) ;
#7920 = VERTEX_POINT ( 'NONE', #6737 ) ;
#7921 = AXIS2_PLACEMENT_3D ( 'NONE', #3898, #1071, #3993 ) ;
#7922 = AXIS2_PLACEMENT_3D ( 'NONE', #834, #3749, #8688 ) ;
#7923 = CARTESIAN_POINT ( 'NONE',  ( 2.745000000000000551, -0.2071244090717823672, -0.2600000000000000089 ) ) ;
#7924 = ORIENTED_EDGE ( 'NONE', *, *, #3544, .F. ) ;
#7925 = CARTESIAN_POINT ( 'NONE',  ( 2.405883989286915714, 0.3355532005316608224, -0.8460649621165563516 ) ) ;
#7926 = LINE ( 'NONE', #3035, #7463 ) ;
#7927 = ORIENTED_EDGE ( 'NONE', *, *, #2603, .F. ) ;
#7928 = ORIENTED_EDGE ( 'NONE', *, *, #4379, .T. ) ;
#7929 = DIRECTION ( 'NONE',  ( 0.000000000000000000, 0.000000000000000000, 1.000000000000000000 ) ) ;
#7930 = CARTESIAN_POINT ( 'NONE',  ( -2.683967334085359813, -0.1603401775928167128, -0.5999999999999999778 ) ) ;
#7931 = VERTEX_POINT ( 'NONE', #6827 ) ;
#7932 = ORIENTED_EDGE ( 'NONE', *, *, #6462, .T. ) ;
#7933 = ORIENTED_EDGE ( 'NONE', *, *, #2690, .T. ) ;
#7934 = FACE_OUTER_BOUND ( 'NONE', #6441, .T. ) ;
#7935 = DIRECTION ( 'NONE',  ( -1.000000000000000000, 0.000000000000000000, 0.000000000000000000 ) ) ;
#7936 = CARTESIAN_POINT ( 'NONE',  ( -2.595993649053903063, 0.03478902043908663894, -0.6999999999999999556 ) ) ;
#7937 = DIRECTION ( 'NONE',  ( -2.185478394931412547E-15, 0.000000000000000000, -1.000000000000000000 ) ) ;
#7938 = VERTEX_POINT ( 'NONE', #7484 ) ;
#7939 = EDGE_LOOP ( 'NONE', ( #1327, #6604, #8788, #2488 ) ) ;
#7940 = CARTESIAN_POINT ( 'NONE',  ( 2.226594859534587023, -0.4255556652531135575, -0.3802642447046675200 ) ) ;
#7941 = VERTEX_POINT ( 'NONE', #6107 ) ;
#7942 = EDGE_CURVE ( 'NONE', #7422, #5826, #4232, .T. ) ;
#7943 = EDGE_CURVE ( 'NONE', #1001, #1069, #5388, .T. ) ;
#7944 = EDGE_CURVE ( 'NONE', #7579, #8869, #436, .T. ) ;
#7945 = CARTESIAN_POINT ( 'NONE',  ( 2.293247638562451396, -0.4038551499215468632, 2.731847993664263218E-16 ) ) ;
#7946 = VECTOR ( 'NONE', #5721, 39.37007874015748854 ) ;
#7947 = DIRECTION ( 'NONE',  ( 0.000000000000000000, 1.000000000000000000, 0.000000000000000000 ) ) ;
#7948 = CARTESIAN_POINT ( 'NONE',  ( -2.437765891387920547, 0.3059356744434871822, -0.3737597234363084220 ) ) ;
#7949 = DIRECTION ( 'NONE',  ( 0.000000000000000000, 0.000000000000000000, -1.000000000000000000 ) ) ;
#7950 = DIRECTION ( 'NONE',  ( 0.000000000000000000, 0.000000000000000000, -1.000000000000000000 ) ) ;
#7951 = ORIENTED_EDGE ( 'NONE', *, *, #2556, .T. ) ;
#7952 = CIRCLE ( 'NONE', #1267, 0.2175000000000007483 ) ;
#7953 = CARTESIAN_POINT ( 'NONE',  ( -1.991847578994567769, 0.2827267639397001431, -0.2499999999999999722 ) ) ;
#7954 = ORIENTED_EDGE ( 'NONE', *, *, #4723, .F. ) ;
#7955 = EDGE_CURVE ( 'NONE', #2837, #6770, #6253, .T. ) ;
#7956 = DIRECTION ( 'NONE',  ( -1.934051676930457449E-15, 0.000000000000000000, 1.000000000000000000 ) ) ;
#7957 = DIRECTION ( 'NONE',  ( 0.000000000000000000, 0.000000000000000000, -1.000000000000000000 ) ) ;
#7958 = FILL_AREA_STYLE_COLOUR ( '', #6219 ) ;
#7959 = FACE_OUTER_BOUND ( 'NONE', #7006, .T. ) ;
#7960 = AXIS2_PLACEMENT_3D ( 'NONE', #2470, #1131, #7556 ) ;
#7961 = LINE ( 'NONE', #8724, #3659 ) ;
#7962 = ORIENTED_EDGE ( 'NONE', *, *, #9422, .F. ) ;
#7963 = CARTESIAN_POINT ( 'NONE',  ( 0.000000000000000000, 0.3012499999999982969, 0.000000000000000000 ) ) ;
#7964 = VERTEX_POINT ( 'NONE', #3447 ) ;
#7965 = EDGE_CURVE ( 'NONE', #9321, #1819, #1154, .T. ) ;
#7966 = CARTESIAN_POINT ( 'NONE',  ( 1.697530669083564092, 0.09361285719755493839, -0.3592211982275868576 ) ) ;
#7967 = EDGE_CURVE ( 'NONE', #3788, #5837, #5671, .T. ) ;
#7968 = DIRECTION ( 'NONE',  ( 0.000000000000000000, 0.000000000000000000, 1.000000000000000000 ) ) ;
#7969 = AXIS2_PLACEMENT_3D ( 'NONE', #6172, #6887, #5265 ) ;
#7970 = CIRCLE ( 'NONE', #4785, 0.06424999999999986278 ) ;
#7971 = B_SPLINE_CURVE_WITH_KNOTS ( 'NONE', 3,
 ( #3758, #2320, #5218, #4043, #7498, #3275, #3317, #1783, #980, #9121, #3949, #7455, #311, #937, #4565, #8356 ),
 .UNSPECIFIED., .F., .F.,
 ( 4, 2, 2, 2, 2, 2, 2, 4 ),
 ( 0.002937417615281275474, 0.003303932797524177217, 0.003670447979767079393, 0.004036963162009981135, 0.004403478344252882877, 0.004769993526495784619, 0.005136508708738687229, 0.005869539073224487244 ),
 .UNSPECIFIED. ) ;
#7972 = DIRECTION ( 'NONE',  ( 1.000000000000000000, 0.000000000000000000, 0.000000000000000000 ) ) ;
#7973 = CARTESIAN_POINT ( 'NONE',  ( 2.012499999999999734, 0.4764989774411177437, -0.2500000000000000555 ) ) ;
#7974 = VERTEX_POINT ( 'NONE', #5533 ) ;
#7975 = VERTEX_POINT ( 'NONE', #2011 ) ;
#7976 = AXIS2_PLACEMENT_3D ( 'NONE', #1129, #6177, #3234 ) ;
#7977 = PLANE ( 'NONE',  #7590 ) ;
#7978 = AXIS2_PLACEMENT_3D ( 'NONE', #982, #6799, #356 ) ;
#7979 = CARTESIAN_POINT ( 'NONE',  ( 1.859375000000029976, 0.3476343040826271880, -0.6642500000000000071 ) ) ;
#7980 = ORIENTED_EDGE ( 'NONE', *, *, #6439, .F. ) ;
#7981 = ADVANCED_FACE ( 'NONE', ( #6958 ), #2774, .F. ) ;
#7982 = ORIENTED_EDGE ( 'NONE', *, *, #2807, .T. ) ;
#7983 = CARTESIAN_POINT ( 'NONE',  ( 1.984375000000007994, 0.3904979548822709035, -0.9499999999999999556 ) ) ;
#7984 = CARTESIAN_POINT ( 'NONE',  ( 2.390625000000005329, 0.6404979548822425928, -0.3525000000000004241 ) ) ;
#7985 = CIRCLE ( 'NONE', #6315, 0.06249999999999967387 ) ;
#7986 = CYLINDRICAL_SURFACE ( 'NONE', #2049, 0.2500000000000000000 ) ;
#7987 = LINE ( 'NONE', #6616, #2198 ) ;
#7988 = ORIENTED_EDGE ( 'NONE', *, *, #1956, .T. ) ;
#7989 = DIRECTION ( 'NONE',  ( 0.4999999999999972800, -0.8660254037844402619, -0.000000000000000000 ) ) ;
#7990 = ORIENTED_EDGE ( 'NONE', *, *, #1966, .F. ) ;
#7991 = PLANE ( 'NONE',  #8567 ) ;
#7992 = CARTESIAN_POINT ( 'NONE',  ( -2.453125000000005329, 0.6404979548822425928, -0.4150000000000000910 ) ) ;
#7993 = CARTESIAN_POINT ( 'NONE',  ( 2.533493649053906172, -0.07346415503396287738, -0.6999999999999999556 ) ) ;
#7994 = EDGE_CURVE ( 'NONE', #7462, #7974, #5490, .T. ) ;
#7995 = LINE ( 'NONE', #4406, #1906 ) ;
#7996 = ORIENTED_EDGE ( 'NONE', *, *, #325, .F. ) ;
#7997 = EDGE_CURVE ( 'NONE', #6037, #5717, #1029, .T. ) ;
#7998 = DIRECTION ( 'NONE',  ( 0.4999999999999834577, -0.8660254037844482555, 0.000000000000000000 ) ) ;
#7999 = FACE_OUTER_BOUND ( 'NONE', #3826, .T. ) ;
#8000 = ORIENTED_EDGE ( 'NONE', *, *, #6979, .T. ) ;
#8001 = PLANE ( 'NONE',  #558 ) ;
#8002 = DIRECTION ( 'NONE',  ( 0.000000000000000000, 0.000000000000000000, 1.000000000000000000 ) ) ;
#8003 = CARTESIAN_POINT ( 'NONE',  ( -2.436168188425644310, -0.02882027952503101939, -0.2500000000000000555 ) ) ;
#8004 = CARTESIAN_POINT ( 'NONE',  ( 1.968749999999999778, -0.2706329386826341055, 0.000000000000000000 ) ) ;
#8005 = EDGE_LOOP ( 'NONE', ( #5951, #6630 ) ) ;
#8006 = ADVANCED_FACE ( 'NONE', ( #1916 ), #3496, .F. ) ;
#8007 = EDGE_CURVE ( 'NONE', #1069, #4624, #583, .T. ) ;
#8008 = CARTESIAN_POINT ( 'NONE',  ( -2.411828474074117157, 0.5949114638700457869, -0.8439418834258908264 ) ) ;
#8009 = ORIENTED_EDGE ( 'NONE', *, *, #3685, .F. ) ;
#8010 = EDGE_CURVE ( 'NONE', #2813, #5764, #4822, .T. ) ;
#8011 = CYLINDRICAL_SURFACE ( 'NONE', #6034, 0.06425000000000000155 ) ;
#8012 = CIRCLE ( 'NONE', #3616, 0.04449999999999948441 ) ;
#8013 = LINE ( 'NONE', #2264, #6622 ) ;
#8014 = VECTOR ( 'NONE', #2550, 39.37007874015748143 ) ;
#8015 = DIRECTION ( 'NONE',  ( 1.000000000000000000, 7.827072323607353610E-15, 0.000000000000000000 ) ) ;
#8016 = ORIENTED_EDGE ( 'NONE', *, *, #2189, .F. ) ;
#8017 = EDGE_CURVE ( 'NONE', #8798, #8275, #9103, .T. ) ;
#8018 = VECTOR ( 'NONE', #693, 39.37007874015748143 ) ;
#8019 = EDGE_CURVE ( 'NONE', #171, #2698, #4963, .T. ) ;
#8020 = AXIS2_PLACEMENT_3D ( 'NONE', #2059, #5577, #4873 ) ;
#8021 = EDGE_LOOP ( 'NONE', ( #3959, #1647, #6125, #2834 ) ) ;
#8022 = DIRECTION ( 'NONE',  ( -1.000000000000000000, 0.000000000000000000, 0.000000000000000000 ) ) ;
#8023 = CARTESIAN_POINT ( 'NONE',  ( 1.780833407213290087, 0.0002405199575542771545, -0.9491665927867114494 ) ) ;
#8024 = ORIENTED_EDGE ( 'NONE', *, *, #4306, .F. ) ;
#8025 = ORIENTED_EDGE ( 'NONE', *, *, #6628, .F. ) ;
#8026 = CONICAL_SURFACE ( 'NONE', #735, 0.2175000000000007483, 0.7853981633974492782 ) ;
#8027 = CARTESIAN_POINT ( 'NONE',  ( -1.703124999999971134, -0.5502869753213720516, 0.9499999999999999556 ) ) ;
#8028 = CIRCLE ( 'NONE', #5896, 0.1124999999999999611 ) ;
#8029 = CARTESIAN_POINT ( 'NONE',  ( -2.614374999999999449, -0.4333735458104661098, -0.2599999999999999534 ) ) ;
#8030 = DIRECTION ( 'NONE',  ( -0.2588190451025333405, 0.9659258262890649815, 0.000000000000000000 ) ) ;
#8031 = ADVANCED_FACE ( 'NONE', ( #8480 ), #7723, .F. ) ;
#8033 = EDGE_CURVE ( 'NONE', #8248, #1155, #5194, .T. ) ;
#8032 = VECTOR ( 'NONE', #1241, 39.37007874015748854 ) ;
#8034 = CARTESIAN_POINT ( 'NONE',  ( -2.125000000000000000, 0.000000000000000000, -0.9175000000000007594 ) ) ;
#8035 = ORIENTED_EDGE ( 'NONE', *, *, #8007, .F. ) ;
#8036 = ORIENTED_EDGE ( 'NONE', *, *, #8010, .T. ) ;
#8037 = CARTESIAN_POINT ( 'NONE',  ( 2.436995442160277303, -0.01775088930761715283, -0.2600000000000002309 ) ) ;
#8038 = EDGE_LOOP ( 'NONE', ( #2893, #6089, #7174, #3061, #3992, #296, #2998, #7932, #8347, #1902, #3119 ) ) ;
#8039 = AXIS2_PLACEMENT_3D ( 'NONE', #408, #4662, #8217 ) ;
#8040 = CARTESIAN_POINT ( 'NONE',  ( -2.614374999999999449, -0.4333735458104661098, -0.2599999999999999534 ) ) ;
#8041 = AXIS2_PLACEMENT_3D ( 'NONE', #3973, #1191, #6142 ) ;
#8042 = DIRECTION ( 'NONE',  ( 0.000000000000000000, 0.000000000000000000, 1.000000000000000000 ) ) ;
#8043 = DIRECTION ( 'NONE',  ( 1.000000000000000000, 0.000000000000000000, 0.000000000000000000 ) ) ;
#8044 = CARTESIAN_POINT ( 'NONE',  ( 1.654006350946105819, 0.03478902043912990294, -0.9499999999999999556 ) ) ;
#8045 = AXIS2_PLACEMENT_3D ( 'NONE', #5925, #117, #8348 ) ;
#8046 = DIRECTION ( 'NONE',  ( -0.000000000000000000, -0.000000000000000000, -1.000000000000000000 ) ) ;
#8047 = VERTEX_POINT ( 'NONE', #1434 ) ;
#8048 = DIRECTION ( 'NONE',  ( 0.000000000000000000, 1.000000000000000000, 0.000000000000000000 ) ) ;
#8049 = DIRECTION ( 'NONE',  ( -0.7071067811865691111, 0.7071067811865260344, -0.000000000000000000 ) ) ;
#8050 = ORIENTED_EDGE ( 'NONE', *, *, #5976, .F. ) ;
#8051 = DIRECTION ( 'NONE',  ( -0.4999999999999923395, 0.8660254037844429265, 0.000000000000000000 ) ) ;
#8052 = DIRECTION ( 'NONE',  ( 0.4999999999999291678, -0.8660254037844795638, 0.000000000000000000 ) ) ;
#8053 = LINE ( 'NONE', #3737, #6972 ) ;
#8054 = CARTESIAN_POINT ( 'NONE',  ( 2.436995442160277303, -0.01775088930761715283, -0.9175000000000006484 ) ) ;
#8055 =( LENGTH_UNIT ( ) NAMED_UNIT ( * ) SI_UNIT ( $, .METRE. ) );
#8056 = ORIENTED_EDGE ( 'NONE', *, *, #7134, .T. ) ;
#8057 = CIRCLE ( 'NONE', #3821, 0.5000000000000000000 ) ;
#8058 = DIRECTION ( 'NONE',  ( -1.000000000000000000, 3.023406148612404573E-15, 0.000000000000000000 ) ) ;
#8059 = ORIENTED_EDGE ( 'NONE', *, *, #6442, .F. ) ;
#8060 = CARTESIAN_POINT ( 'NONE',  ( 2.265624999999999112, 0.4058214234295524081, -0.5357500000000000595 ) ) ;
#8061 = EDGE_CURVE ( 'NONE', #6555, #4754, #1390, .T. ) ;
#8062 = CARTESIAN_POINT ( 'NONE',  ( 0.000000000000000000, 0.3012499999999982969, -0.9875000000000008216 ) ) ;
#8063 = DIRECTION ( 'NONE',  ( -4.370956789862821150E-15, 2.253774594773017007E-15, 1.000000000000000000 ) ) ;
#8064 = EDGE_CURVE ( 'NONE', #5496, #7975, #5767, .T. ) ;
#8065 = EDGE_CURVE ( 'NONE', #7140, #3579, #6488, .T. ) ;
#8066 =( CONVERSION_BASED_UNIT ( 'INCH', #2985 ) LENGTH_UNIT ( ) NAMED_UNIT ( #634 ) );
#8067 = EDGE_LOOP ( 'NONE', ( #1221, #3852, #2267, #1150 ) ) ;
#8068 = VECTOR ( 'NONE', #3460, 39.37007874015748143 ) ;
#8069 = VERTEX_POINT ( 'NONE', #92 ) ;
#8070 = CARTESIAN_POINT ( 'NONE',  ( 2.581229174377005720, -0.4257837998483106068, -0.2599999999999999534 ) ) ;
#8071 = CIRCLE ( 'NONE', #1079, 0.06424999999999993217 ) ;
#8072 = LINE ( 'NONE', #3807, #8493 ) ;
#8073 = ORIENTED_EDGE ( 'NONE', *, *, #5155, .F. ) ;
#8074 = VERTEX_POINT ( 'NONE', #3733 ) ;
#8075 = CARTESIAN_POINT ( 'NONE',  ( 1.944456811574331256, -0.2550694162636747420, -0.2500000000000000555 ) ) ;
#8076 = EDGE_CURVE ( 'NONE', #3445, #1046, #9345, .T. ) ;
#8077 = DIRECTION ( 'NONE',  ( -0.000000000000000000, -1.000000000000000000, -0.000000000000000000 ) ) ;
#8078 = FACE_OUTER_BOUND ( 'NONE', #1076, .T. ) ;
#8079 = PLANE ( 'NONE',  #4343 ) ;
#8080 = ORIENTED_EDGE ( 'NONE', *, *, #4199, .T. ) ;
#8081 = VERTEX_POINT ( 'NONE', #5809 ) ;
#8082 = DIRECTION ( 'NONE',  ( 0.000000000000000000, -1.000000000000000000, 0.000000000000000000 ) ) ;
#8083 = ORIENTED_EDGE ( 'NONE', *, *, #5448, .F. ) ;
#8084 = FACE_OUTER_BOUND ( 'NONE', #3165, .T. ) ;
#8085 = EDGE_CURVE ( 'NONE', #1118, #9045, #8092, .T. ) ;
#8086 = DIRECTION ( 'NONE',  ( 0.8660254037844348218, 0.5000000000000066613, 0.000000000000000000 ) ) ;
#8087 = LINE ( 'NONE', #1660, #4709 ) ;
#8088 = FACE_OUTER_BOUND ( 'NONE', #5736, .T. ) ;
#8089 = ORIENTED_EDGE ( 'NONE', *, *, #9255, .F. ) ;
#8090 = ORIENTED_EDGE ( 'NONE', *, *, #7430, .T. ) ;
#8091 = CARTESIAN_POINT ( 'NONE',  ( 0.000000000000000000, 0.7087499999999931077, 0.000000000000000000 ) ) ;
#8092 = LINE ( 'NONE', #683, #4981 ) ;
#8093 = ORIENTED_EDGE ( 'NONE', *, *, #2137, .T. ) ;
#8094 = DIRECTION ( 'NONE',  ( 0.5000000000000066613, -0.8660254037844348218, 0.000000000000000000 ) ) ;
#8095 = DIRECTION ( 'NONE',  ( 0.8660254037844795638, 0.4999999999999291678, 0.000000000000000000 ) ) ;
#8096 = CARTESIAN_POINT ( 'NONE',  ( 2.453245442160275402, 0.01039493631537721091, -0.9499999999999999556 ) ) ;
#8097 = DIRECTION ( 'NONE',  ( 0.5000000000000041078, -0.8660254037844363761, 0.000000000000000000 ) ) ;
#8098 = ORIENTED_EDGE ( 'NONE', *, *, #1404, .F. ) ;
#8099 = VECTOR ( 'NONE', #3834, 39.37007874015748143 ) ;
#8100 = CARTESIAN_POINT ( 'NONE',  ( 1.984375000000010880, 0.6079979548822714852, -0.9499999999999999556 ) ) ;
#8101 = CARTESIAN_POINT ( 'NONE',  ( 1.710042773475885181, 0.1386340404934252590, -0.4052457801197264509 ) ) ;
#8102 = VECTOR ( 'NONE', #3057, 39.37007874015748143 ) ;
#8103 = DIRECTION ( 'NONE',  ( 0.8660254037844447028, -0.4999999999999894529, 0.000000000000000000 ) ) ;
#8104 = DIRECTION ( 'NONE',  ( -0.000000000000000000, -0.000000000000000000, -1.000000000000000000 ) ) ;
#8105 = DIRECTION ( 'NONE',  ( -3.566230599675457989E-14, -0.7071067811865444641, -0.7071067811865503483 ) ) ;
#8106 = ORIENTED_EDGE ( 'NONE', *, *, #3210, .T. ) ;
#8107 = VECTOR ( 'NONE', #3708, 39.37007874015748143 ) ;
#8108 = ORIENTED_EDGE ( 'NONE', *, *, #3392, .F. ) ;
#8109 = FACE_OUTER_BOUND ( 'NONE', #6523, .T. ) ;
#8110 = ADVANCED_FACE ( 'NONE', ( #7999 ), #8674, .F. ) ;
#8111 = EDGE_CURVE ( 'NONE', #2699, #724, #5589, .T. ) ;
#8112 = DIRECTION ( 'NONE',  ( 0.5000000000000047740, 0.8660254037844359321, 0.000000000000000000 ) ) ;
#8113 = ORIENTED_EDGE ( 'NONE', *, *, #1433, .T. ) ;
#8114 = ORIENTED_EDGE ( 'NONE', *, *, #9269, .F. ) ;
#8115 = CARTESIAN_POINT ( 'NONE',  ( 1.406249999999996003, -0.03608439182434083903, -0.4650000000000000799 ) ) ;
#8116 = DIRECTION ( 'NONE',  ( 0.8660254037844795638, -0.4999999999999292788, -0.000000000000000000 ) ) ;
#8117 = FACE_OUTER_BOUND ( 'NONE', #2304, .T. ) ;
#8118 = CIRCLE ( 'NONE', #5540, 0.06425000000000000155 ) ;
#8119 = CIRCLE ( 'NONE', #1442, 0.3124999999999972800 ) ;
#8120 = EDGE_CURVE ( 'NONE', #2276, #4479, #874, .T. ) ;
#8121 = ORIENTED_EDGE ( 'NONE', *, *, #701, .T. ) ;
#8122 = CARTESIAN_POINT ( 'NONE',  ( -1.859375000000017319, 0.4058214234295524081, -0.6642500000000000071 ) ) ;
#8123 = ORIENTED_EDGE ( 'NONE', *, *, #8410, .T. ) ;
#8124 = EDGE_CURVE ( 'NONE', #1420, #5982, #7403, .T. ) ;
#8125 = DIRECTION ( 'NONE',  ( 0.000000000000000000, 0.000000000000000000, 1.000000000000000000 ) ) ;
#8126 = ORIENTED_EDGE ( 'NONE', *, *, #7655, .T. ) ;
#8127 = VECTOR ( 'NONE', #5899, 39.37007874015748143 ) ;
#8128 =( NAMED_UNIT ( * ) SI_UNIT ( $, .STERADIAN. ) SOLID_ANGLE_UNIT ( ) );
#8129 = DIRECTION ( 'NONE',  ( -0.8660254037844656860, -0.4999999999999529821, 0.000000000000000000 ) ) ;
#8130 = DIRECTION ( 'NONE',  ( -4.535261055593764468E-14, -1.000000000000000000, -0.000000000000000000 ) ) ;
#8131 = SHAPE_DEFINITION_REPRESENTATION ( #2234, #5849 ) ;
#8132 = EDGE_CURVE ( 'NONE', #5263, #78, #3730, .T. ) ;
#8133 = DIRECTION ( 'NONE',  ( 0.5000000000000041078, -0.8660254037844363761, 0.000000000000000000 ) ) ;
#8134 = EDGE_LOOP ( 'NONE', ( #5457, #9340, #8610, #4201 ) ) ;
#8135 = VERTEX_POINT ( 'NONE', #2245 ) ;
#8136 = FACE_OUTER_BOUND ( 'NONE', #3916, .T. ) ;
#8137 = ORIENTED_EDGE ( 'NONE', *, *, #3155, .F. ) ;
#8138 = ORIENTED_EDGE ( 'NONE', *, *, #8998, .T. ) ;
#8139 = CARTESIAN_POINT ( 'NONE',  ( 2.487700201892215635, -0.3717848224071855223, -0.6642499999999997851 ) ) ;
#8140 = DIRECTION ( 'NONE',  ( 0.4999999999999972800, 0.8660254037844402619, 0.000000000000000000 ) ) ;
#8141 = CARTESIAN_POINT ( 'NONE',  ( 2.453125000000005329, 0.6256043137924175435, -0.7849999999999999201 ) ) ;
#8142 = CARTESIAN_POINT ( 'NONE',  ( 2.546874999999995559, -0.5502869753213701642, -0.9499999999999999556 ) ) ;
#8143 = ORIENTED_EDGE ( 'NONE', *, *, #6263, .T. ) ;
#8144 = DIRECTION ( 'NONE',  ( 0.000000000000000000, -0.000000000000000000, 1.000000000000000000 ) ) ;
#8145 = ORIENTED_EDGE ( 'NONE', *, *, #856, .F. ) ;
#8146 = EDGE_CURVE ( 'NONE', #4732, #3010, #5143, .T. ) ;
#8147 = EDGE_CURVE ( 'NONE', #916, #3010, #3547, .T. ) ;
#8148 = CARTESIAN_POINT ( 'NONE',  ( -1.437499999999995337, -0.09021097956086834846, -0.4150000000000000910 ) ) ;
#8149 = DIRECTION ( 'NONE',  ( -0.8660254037844397068, -0.4999999999999982792, 0.000000000000000000 ) ) ;
#8150 = CARTESIAN_POINT ( 'NONE',  ( -1.956752361437507526, -0.4038551499215299323, -0.9499999999999999556 ) ) ;
#8151 = CARTESIAN_POINT ( 'NONE',  ( -2.812500000000023093, 0.6404979548822424817, -0.6642500000000000071 ) ) ;
#8152 = ORIENTED_EDGE ( 'NONE', *, *, #5291, .F. ) ;
#8153 = ORIENTED_EDGE ( 'NONE', *, *, #2518, .F. ) ;
#8154 = AXIS2_PLACEMENT_3D ( 'NONE', #1726, #4781, #7679 ) ;
#8155 = FACE_BOUND ( 'NONE', #2616, .T. ) ;
#8156 = CARTESIAN_POINT ( 'NONE',  ( 2.435001876923102770, 0.3087421168615365752, -0.3708185898269266700 ) ) ;
#8157 = ORIENTED_EDGE ( 'NONE', *, *, #2480, .F. ) ;
#8158 = DIRECTION ( 'NONE',  ( 0.8660254037844353769, -0.5000000000000056621, 0.000000000000000000 ) ) ;
#8159 = VECTOR ( 'NONE', #7146, 39.37007874015748143 ) ;
#8160 = PLANE ( 'NONE',  #1986 ) ;
#8161 = LINE ( 'NONE', #128, #832 ) ;
#8162 = VERTEX_POINT ( 'NONE', #8623 ) ;
#8163 = CARTESIAN_POINT ( 'NONE',  ( 2.505176579365986811, -0.5262123809435418353, -0.8474999999999995870 ) ) ;
#8164 = ORIENTED_EDGE ( 'NONE', *, *, #4530, .T. ) ;
#8165 = CARTESIAN_POINT ( 'NONE',  ( -1.812500000000002665, 0.3012499999999982969, -0.2175000000000008316 ) ) ;
#8166 = EDGE_LOOP ( 'NONE', ( #6113, #5236, #3309, #2312 ) ) ;
#8167 = VECTOR ( 'NONE', #8682, 39.37007874015748143 ) ;
#8168 = CIRCLE ( 'NONE', #6366, 0.06424999999999973788 ) ;
#8169 = AXIS2_PLACEMENT_3D ( 'NONE', #9380, #669, #5566 ) ;
#8170 = EDGE_CURVE ( 'NONE', #480, #7614, #2110, .T. ) ;
#8171 = CARTESIAN_POINT ( 'NONE',  ( -2.265625000000000000, 0.6079979548822433966, -0.6999999999999999556 ) ) ;
#8172 = DIRECTION ( 'NONE',  ( 0.000000000000000000, 0.000000000000000000, 1.000000000000000000 ) ) ;
#8173 = EDGE_CURVE ( 'NONE', #1686, #9333, #5014, .T. ) ;
#8174 =( CONVERSION_BASED_UNIT ( 'INCH', #4576 ) LENGTH_UNIT ( ) NAMED_UNIT ( #5592 ) );
#8175 = ADVANCED_FACE ( 'NONE', ( #7331 ), #7909, .F. ) ;
#8176 = VERTEX_POINT ( 'NONE', #3779 ) ;
#8177 = VECTOR ( 'NONE', #5527, 39.37007874015748143 ) ;
#8178 = AXIS2_PLACEMENT_3D ( 'NONE', #882, #8831, #5972 ) ;
#8179 = CARTESIAN_POINT ( 'NONE',  ( 2.453125000000005329, 0.2893790496476773000, -0.9499999999999999556 ) ) ;
#8180 = ORIENTED_EDGE ( 'NONE', *, *, #8229, .F. ) ;
#8181 = ORIENTED_EDGE ( 'NONE', *, *, #5561, .T. ) ;
#8182 = CARTESIAN_POINT ( 'NONE',  ( 2.430094113920388210, 0.6015858139031838858, -0.8341152750368359126 ) ) ;
#8183 = EDGE_LOOP ( 'NONE', ( #8126, #1650, #180, #2108 ) ) ;
#8184 = PRESENTATION_STYLE_ASSIGNMENT (( #6776 ) ) ;
#8185 = AXIS2_PLACEMENT_3D ( 'NONE', #3923, #7668, #4726 ) ;
#8186 = AXIS2_PLACEMENT_3D ( 'NONE', #8756, #4354, #7237 ) ;
#8187 = DIRECTION ( 'NONE',  ( 0.000000000000000000, 0.000000000000000000, -1.000000000000000000 ) ) ;
#8188 = DIRECTION ( 'NONE',  ( 3.023406148612404967E-15, -1.000000000000000000, 0.000000000000000000 ) ) ;
#8189 = AXIS2_PLACEMENT_3D ( 'NONE', #4381, #2172, #8830 ) ;
#8190 = DIRECTION ( 'NONE',  ( -0.8660254037844135055, -0.5000000000000432987, -0.000000000000000000 ) ) ;
#8191 = CARTESIAN_POINT ( 'NONE',  ( -2.390625000000005773, 0.6404979548822425928, -0.5357500000000000595 ) ) ;
#8192 = EDGE_CURVE ( 'NONE', #1001, #3002, #8231, .T. ) ;
#8193 = EDGE_LOOP ( 'NONE', ( #2537, #2855 ) ) ;
#8194 = LINE ( 'NONE', #4550, #9402 ) ;
#8195 = ORIENTED_EDGE ( 'NONE', *, *, #8605, .F. ) ;
#8196 = CARTESIAN_POINT ( 'NONE',  ( -2.463181149053891072, -0.1952489774411230172, -0.6999999999999999556 ) ) ;
#8197 = CARTESIAN_POINT ( 'NONE',  ( 1.951875000000022009, 0.3904979548822711810, -0.6999999999999999556 ) ) ;
#8198 = DIRECTION ( 'NONE',  ( 0.000000000000000000, 0.000000000000000000, 1.000000000000000000 ) ) ;
#8199 = CIRCLE ( 'NONE', #2437, 0.4374999999999960587 ) ;
#8200 = ADVANCED_FACE ( 'NONE', ( #4495 ), #6680, .F. ) ;
#8201 = FACE_OUTER_BOUND ( 'NONE', #5754, .T. ) ;
#8202 = ORIENTED_EDGE ( 'NONE', *, *, #5867, .T. ) ;
#8203 = CARTESIAN_POINT ( 'NONE',  ( -2.537660219341328460, -0.2382494887205698075, -0.2500000000000000555 ) ) ;
#8204 = AXIS2_PLACEMENT_3D ( 'NONE', #9426, #5792, #7402 ) ;
#8205 = CARTESIAN_POINT ( 'NONE',  ( 1.824799798107692439, -0.4800379978800762282, -0.5999999999999999778 ) ) ;
#8206 = VERTEX_POINT ( 'NONE', #7473 ) ;
#8207 = VERTEX_POINT ( 'NONE', #3156 ) ;
#8208 = CYLINDRICAL_SURFACE ( 'NONE', #6715, 0.2500000000000000000 ) ;
#8209 = CARTESIAN_POINT ( 'NONE',  ( -2.593124999999999680, -0.4701796254713038747, -0.9499999999999999556 ) ) ;
#8210 = CIRCLE ( 'NONE', #2300, 0.06424999999999973788 ) ;
#8211 = DIRECTION ( 'NONE',  ( -0.000000000000000000, 1.000000000000000000, -0.000000000000000000 ) ) ;
#8212 = ORIENTED_EDGE ( 'NONE', *, *, #3199, .F. ) ;
#8213 = VERTEX_POINT ( 'NONE', #7377 ) ;
#8214 = AXIS2_PLACEMENT_3D ( 'NONE', #4374, #784, #8063 ) ;
#8215 = FILL_AREA_STYLE ('',( #5314 ) ) ;
#8216 = ORIENTED_EDGE ( 'NONE', *, *, #981, .T. ) ;
#8217 = DIRECTION ( 'NONE',  ( 1.000000000000000000, 0.000000000000000000, 0.000000000000000000 ) ) ;
#8218 = EDGE_LOOP ( 'NONE', ( #942, #2907, #4066, #5257 ) ) ;
#8219 = PRESENTATION_LAYER_ASSIGNMENT (  '', '', ( #2917 ) ) ;
#8220 = CARTESIAN_POINT ( 'NONE',  ( -1.483749999999997904, -0.1703183294109353318, -0.6999999999999999556 ) ) ;
#8221 = CARTESIAN_POINT ( 'NONE',  ( 0.000000000000000000, 0.2687499999999986011, 0.000000000000000000 ) ) ;
#8222 = DIRECTION ( 'NONE',  ( -0.4999999999999533151, -0.8660254037844655750, 0.000000000000000000 ) ) ;
#8223 = CARTESIAN_POINT ( 'NONE',  ( -2.298124999999998419, 0.6404979548822425928, -0.6999999999999999556 ) ) ;
#8224 = ORIENTED_EDGE ( 'NONE', *, *, #156, .T. ) ;
#8225 = ORIENTED_EDGE ( 'NONE', *, *, #9019, .F. ) ;
#8226 = EDGE_CURVE ( 'NONE', #3636, #8502, #3633, .T. ) ;
#8227 = CARTESIAN_POINT ( 'NONE',  ( -2.515624999999995559, -0.6044135630578968410, -0.7349999999999999867 ) ) ;
#8228 = ORIENTED_EDGE ( 'NONE', *, *, #8971, .T. ) ;
#8229 = EDGE_CURVE ( 'NONE', #5885, #4745, #1174, .T. ) ;
#8230 = EDGE_CURVE ( 'NONE', #1226, #1949, #8028, .T. ) ;
#8231 = LINE ( 'NONE', #7427, #2406 ) ;
#8232 = CARTESIAN_POINT ( 'NONE',  ( -1.984375000000021094, 0.3904979548822709035, -0.6999999999999999556 ) ) ;
#8233 = LINE ( 'NONE', #1714, #39 ) ;
#8234 = FACE_OUTER_BOUND ( 'NONE', #3946, .T. ) ;
#8235 = CARTESIAN_POINT ( 'NONE',  ( 1.700256350946108164, -0.04531832941093613676, -0.9499999999999999556 ) ) ;
#8236 = ORIENTED_EDGE ( 'NONE', *, *, #4649, .F. ) ;
#8237 = CARTESIAN_POINT ( 'NONE',  ( -1.640624999999971356, -0.4420337998483162001, -0.9499999999999999556 ) ) ;
#8238 = ORIENTED_EDGE ( 'NONE', *, *, #2152, .F. ) ;
#8239 = ADVANCED_FACE ( 'NONE', ( #191 ), #6816, .F. ) ;
#8240 = EDGE_CURVE ( 'NONE', #259, #5826, #2660, .T. ) ;
#8241 = LINE ( 'NONE', #8908, #5279 ) ;
#8242 = CARTESIAN_POINT ( 'NONE',  ( 2.812500000000023093, 0.4058214234295524081, -0.5357500000000000595 ) ) ;
#8243 = DIRECTION ( 'NONE',  ( 0.8660254037844422603, -0.4999999999999939493, 0.000000000000000000 ) ) ;
#8244 = CIRCLE ( 'NONE', #806, 0.4374999999999960587 ) ;
#8245 = DIRECTION ( 'NONE',  ( 0.000000000000000000, 1.000000000000000000, 0.000000000000000000 ) ) ;
#8246 = ORIENTED_EDGE ( 'NONE', *, *, #7155, .F. ) ;
#8247 = EDGE_CURVE ( 'NONE', #7614, #7889, #4314, .T. ) ;
#8248 = VERTEX_POINT ( 'NONE', #1668 ) ;
#8249 = DIRECTION ( 'NONE',  ( 0.000000000000000000, -1.000000000000000000, 0.000000000000000000 ) ) ;
#8250 = EDGE_CURVE ( 'NONE', #6248, #779, #8997, .T. ) ;
#8251 = CARTESIAN_POINT ( 'NONE',  ( 2.390625000000005329, 0.3476343040825998765, -0.7350000000000015410 ) ) ;
#8252 = EDGE_LOOP ( 'NONE', ( #5207, #4831, #8405, #5706 ) ) ;
#8253 = EDGE_CURVE ( 'NONE', #1295, #6640, #6052, .T. ) ;
#8254 = ORIENTED_EDGE ( 'NONE', *, *, #8762, .F. ) ;
#8255 = FACE_OUTER_BOUND ( 'NONE', #8853, .T. ) ;
#8256 = DIRECTION ( 'NONE',  ( -0.000000000000000000, -0.000000000000000000, -1.000000000000000000 ) ) ;
#8257 = AXIS2_PLACEMENT_3D ( 'NONE', #3193, #6085, #5700 ) ;
#8258 = CARTESIAN_POINT ( 'NONE',  ( -0.4999999999999999445, -0.6044135630578968410, 0.000000000000000000 ) ) ;
#8259 = ORIENTED_EDGE ( 'NONE', *, *, #8877, .F. ) ;
#8260 = DIRECTION ( 'NONE',  ( 0.5000000000000434097, -0.8660254037844137276, -0.000000000000000000 ) ) ;
#8261 = VERTEX_POINT ( 'NONE', #5603 ) ;
#8262 = EDGE_CURVE ( 'NONE', #2928, #6770, #6111, .T. ) ;
#8263 = FACE_OUTER_BOUND ( 'NONE', #4681, .T. ) ;
#8264 = ORIENTED_EDGE ( 'NONE', *, *, #2190, .T. ) ;
#8265 = LINE ( 'NONE', #6231, #6032 ) ;
#8266 = FACE_BOUND ( 'NONE', #8193, .T. ) ;
#8267 = MECHANICAL_DESIGN_GEOMETRIC_PRESENTATION_REPRESENTATION (  '', ( #9189 ), #1279 ) ;
#8268 = VECTOR ( 'NONE', #1466, 39.37007874015748143 ) ;
#8269 = FACE_OUTER_BOUND ( 'NONE', #9429, .T. ) ;
#8270 = APPLICATION_PROTOCOL_DEFINITION ( 'draft international standard', 'automotive_design', 1998, #127 ) ;
#8271 = ORIENTED_EDGE ( 'NONE', *, *, #6137, .T. ) ;
#8272 = CARTESIAN_POINT ( 'NONE',  ( 1.492880656112834270, -0.1737691078101999409, -0.2499999999999998890 ) ) ;
#8273 = CARTESIAN_POINT ( 'NONE',  ( 1.812500000000002665, 0.2687499999999986011, -0.2500000000000000000 ) ) ;
#8274 = VERTEX_POINT ( 'NONE', #612 ) ;
#8275 = VERTEX_POINT ( 'NONE', #509 ) ;
#8276 = CARTESIAN_POINT ( 'NONE',  ( -1.813004557839720920, -0.01775088930758956032, -0.9174999999999992051 ) ) ;
#8277 = EDGE_LOOP ( 'NONE', ( #3109, #4442 ) ) ;
#8278 = AXIS2_PLACEMENT_3D ( 'NONE', #7258, #19, #3654 ) ;
#8279 = AXIS2_PLACEMENT_3D ( 'NONE', #5883, #7317, #2279 ) ;
#8280 = CARTESIAN_POINT ( 'NONE',  ( -1.518286426037067649, -0.1816340731569020261, -0.2500000000000000555 ) ) ;
#8281 = CARTESIAN_POINT ( 'NONE',  ( 2.390625000000005329, 0.3476343040825998765, -0.4650000000000000799 ) ) ;
#8282 = CARTESIAN_POINT ( 'NONE',  ( 1.813364590428231171, -0.02332587521122117535, -0.2509472078721712296 ) ) ;
#8283 = DIRECTION ( 'NONE',  ( 0.8660254037844353769, -0.5000000000000056621, -0.000000000000000000 ) ) ;
#8284 = ORIENTED_EDGE ( 'NONE', *, *, #7502, .T. ) ;
#8285 = EDGE_CURVE ( 'NONE', #7241, #8554, #6822, .T. ) ;
#8286 = CIRCLE ( 'NONE', #6922, 0.2175000000000126277 ) ;
#8287 = DIRECTION ( 'NONE',  ( 0.000000000000000000, 0.000000000000000000, 1.000000000000000000 ) ) ;
#8288 = ORIENTED_EDGE ( 'NONE', *, *, #6502, .F. ) ;
#8289 = CARTESIAN_POINT ( 'NONE',  ( 1.656874999999970566, -0.4701796254713098144, -0.9499999999999999556 ) ) ;
#8290 = CARTESIAN_POINT ( 'NONE',  ( 1.167433081593972632, -0.2687499999999988787, -0.2499999999999998890 ) ) ;
#8291 = LINE ( 'NONE', #7486, #8714 ) ;
#8292 = LINE ( 'NONE', #7536, #4735 ) ;
#8293 = ORIENTED_EDGE ( 'NONE', *, *, #6352, .T. ) ;
#8294 = EDGE_CURVE ( 'NONE', #5647, #2792, #3170, .T. ) ;
#8295 = EDGE_CURVE ( 'NONE', #1880, #2067, #6518, .T. ) ;
#8296 = CARTESIAN_POINT ( 'NONE',  ( 2.298125000000001528, 0.6404979548822472557, -0.2500000000000000555 ) ) ;
#8297 = ORIENTED_EDGE ( 'NONE', *, *, #6389, .T. ) ;
#8298 = DIRECTION ( 'NONE',  ( 0.000000000000000000, 0.000000000000000000, -1.000000000000000000 ) ) ;
#8299 = CARTESIAN_POINT ( 'NONE',  ( -1.706629711232528823, 0.1279859473493876743, -0.8160814793539353795 ) ) ;
#8300 = ORIENTED_EDGE ( 'NONE', *, *, #8670, .T. ) ;
#8301 = B_SPLINE_CURVE_WITH_KNOTS ( 'NONE', 3,
 ( #2432, #5774, #5324, #8681 ),
 .UNSPECIFIED., .F., .F.,
 ( 4, 4 ),
 ( 0.000000000000000000, 0.001266630838601753069 ),
 .UNSPECIFIED. ) ;
#8302 = VERTEX_POINT ( 'NONE', #9277 ) ;
#8303 = CARTESIAN_POINT ( 'NONE',  ( 2.298125000000001528, 0.6404979548822472557, -0.5357500000000000595 ) ) ;
#8304 = DIRECTION ( 'NONE',  ( -0.000000000000000000, -0.000000000000000000, -1.000000000000000000 ) ) ;
#8305 = EDGE_CURVE ( 'NONE', #5510, #6145, #8168, .T. ) ;
#8306 = CARTESIAN_POINT ( 'NONE',  ( 2.390625000000005329, 0.6404979548822425928, -0.4649999999999999689 ) ) ;
#8307 = AXIS2_PLACEMENT_3D ( 'NONE', #7555, #6277, #9078 ) ;
#8308 = VECTOR ( 'NONE', #8445, 39.37007874015748854 ) ;
#8309 = DIRECTION ( 'NONE',  ( -0.8660254037844140607, -0.5000000000000426326, 0.000000000000000000 ) ) ;
#8310 = DIRECTION ( 'NONE',  ( 2.185478394931412547E-15, -0.000000000000000000, 1.000000000000000000 ) ) ;
#8311 = VERTEX_POINT ( 'NONE', #8553 ) ;
#8312 = CIRCLE ( 'NONE', #2548, 0.06424999999999986278 ) ;
#8313 = DIRECTION ( 'NONE',  ( -3.023406148612404967E-15, -1.000000000000000000, 0.000000000000000000 ) ) ;
#8314 = ORIENTED_EDGE ( 'NONE', *, *, #4061, .F. ) ;
#8315 = CARTESIAN_POINT ( 'NONE',  ( -2.515624999999995559, -0.6044135630578968410, -0.7349999999999999867 ) ) ;
#8316 = DIRECTION ( 'NONE',  ( 0.8660254037844348218, -0.5000000000000067724, -0.000000000000000000 ) ) ;
#8317 = EDGE_CURVE ( 'NONE', #480, #8261, #2036, .T. ) ;
#8318 = CARTESIAN_POINT ( 'NONE',  ( 1.524452224782259391, -0.1841956104849730713, -0.2500000000000000555 ) ) ;
#8319 = B_SPLINE_CURVE_WITH_KNOTS ( 'NONE', 3,
 ( #9133, #7512, #1895, #6036 ),
 .UNSPECIFIED., .F., .F.,
 ( 4, 4 ),
 ( 2.206647359051235269E-16, 0.001266630838601840239 ),
 .UNSPECIFIED. ) ;
#8320 = DIRECTION ( 'NONE',  ( 0.000000000000000000, 0.000000000000000000, 1.000000000000000000 ) ) ;
#8321 = VERTEX_POINT ( 'NONE', #6423 ) ;
#8322 = ORIENTED_EDGE ( 'NONE', *, *, #5520, .F. ) ;
#8323 = CIRCLE ( 'NONE', #6814, 0.04250000000000152961 ) ;
#8324 = VECTOR ( 'NONE', #1925, 39.37007874015747433 ) ;
#8325 = LINE ( 'NONE', #4110, #4405 ) ;
#8326 = DIRECTION ( 'NONE',  ( 0.8660254037844138386, -0.5000000000000431877, 0.000000000000000000 ) ) ;
#8327 = CARTESIAN_POINT ( 'NONE',  ( 2.296370442160278635, -0.2613205341219647648, -0.2572037272617219705 ) ) ;
#8328 = CARTESIAN_POINT ( 'NONE',  ( 1.306874999999987574, 0.000000000000000000, -0.2500000000000000555 ) ) ;
#8329 = CARTESIAN_POINT ( 'NONE',  ( -2.546874999999995559, -0.5502869753213701642, -0.4650000000000000799 ) ) ;
#8330 = AXIS2_PLACEMENT_3D ( 'NONE', #3117, #8097, #6002 ) ;
#8331 = VECTOR ( 'NONE', #6545, 39.37007874015748143 ) ;
#8332 = VECTOR ( 'NONE', #2174, 39.37007874015748143 ) ;
#8333 = ORIENTED_EDGE ( 'NONE', *, *, #5333, .T. ) ;
#8334 = ORIENTED_EDGE ( 'NONE', *, *, #8170, .T. ) ;
#8335 = CARTESIAN_POINT ( 'NONE',  ( -1.474561955799586155, -0.05878011112734059934, -0.8470415347009947471 ) ) ;
#8336 = ORIENTED_EDGE ( 'NONE', *, *, #876, .F. ) ;
#8337 = AXIS2_PLACEMENT_3D ( 'NONE', #6904, #476, #5526 ) ;
#8338 = CYLINDRICAL_SURFACE ( 'NONE', #9242, 0.2500000000000000000 ) ;
#8339 = AXIS2_PLACEMENT_3D ( 'NONE', #396, #7733, #1304 ) ;
#8340 = CARTESIAN_POINT ( 'NONE',  ( -1.703124999999971134, -0.5502869753213720516, 0.000000000000000000 ) ) ;
#8341 = CARTESIAN_POINT ( 'NONE',  ( -2.425200201892211638, -0.4800379978802461478, -0.5999999999999999778 ) ) ;
#8342 = AXIS2_PLACEMENT_3D ( 'NONE', #7993, #139, #7326 ) ;
#8343 = CARTESIAN_POINT ( 'NONE',  ( -1.953629557839698050, -0.2613205341219492772, -0.2600000000000002309 ) ) ;
#8344 = EDGE_LOOP ( 'NONE', ( #9169, #7267, #1976, #6487 ) ) ;
#8345 = VECTOR ( 'NONE', #3363, 39.37007874015748143 ) ;
#8346 = DIRECTION ( 'NONE',  ( -1.000000000000000000, 7.249756350802272209E-14, 0.000000000000000000 ) ) ;
#8347 = ORIENTED_EDGE ( 'NONE', *, *, #4184, .F. ) ;
#8348 = DIRECTION ( 'NONE',  ( -4.535261055593764468E-14, 1.000000000000000000, 0.000000000000000000 ) ) ;
#8349 = EDGE_CURVE ( 'NONE', #9139, #5195, #7789, .T. ) ;
#8350 = CARTESIAN_POINT ( 'NONE',  ( 2.298124999999998419, 0.3904979548822426483, -0.6999999999999999556 ) ) ;
#8351 = ORIENTED_EDGE ( 'NONE', *, *, #7168, .F. ) ;
#8352 = EDGE_CURVE ( 'NONE', #49, #1256, #1272, .T. ) ;
#8353 = ADVANCED_FACE ( 'NONE', ( #4188 ), #7114, .T. ) ;
#8354 = VERTEX_POINT ( 'NONE', #1367 ) ;
#8355 = CARTESIAN_POINT ( 'NONE',  ( 2.546874999999995559, -0.5502869753213701642, -0.9499999999999999556 ) ) ;
#8356 = CARTESIAN_POINT ( 'NONE',  ( 1.691127361437541943, 0.05622084583895081006, -0.8474999999999995870 ) ) ;
#8357 = LINE ( 'NONE', #8306, #220 ) ;
#8358 = AXIS2_PLACEMENT_3D ( 'NONE', #5748, #4149, #4245 ) ;
#8359 = ORIENTED_EDGE ( 'NONE', *, *, #1252, .T. ) ;
#8360 = PLANE ( 'NONE',  #5538 ) ;
#8361 = CARTESIAN_POINT ( 'NONE',  ( -2.453125000000005329, 0.6380358307719737887, -0.7349999999999999867 ) ) ;
#8362 = ORIENTED_EDGE ( 'NONE', *, *, #5190, .F. ) ;
#8363 = ADVANCED_FACE ( 'NONE', ( #8491 ), #347, .F. ) ;
#8364 = CARTESIAN_POINT ( 'NONE',  ( -1.984375000000009548, 0.6404979548822712365, -0.9499999999999999556 ) ) ;
#8365 = AXIS2_PLACEMENT_3D ( 'NONE', #6936, #414, #6279 ) ;
#8366 = CARTESIAN_POINT ( 'NONE',  ( 0.000000000000000000, -0.2312499999999979017, 0.000000000000000000 ) ) ;
#8367 = DIRECTION ( 'NONE',  ( -8.741913579725640721E-15, 1.000000000000000000, 0.000000000000000000 ) ) ;
#8368 = ORIENTED_EDGE ( 'NONE', *, *, #3515, .T. ) ;
#8369 = CIRCLE ( 'NONE', #4888, 0.4374999999999960587 ) ;
#8370 = DIRECTION ( 'NONE',  ( -0.000000000000000000, -0.000000000000000000, 1.000000000000000000 ) ) ;
#8371 = PLANE ( 'NONE',  #7510 ) ;
#8372 = ORIENTED_EDGE ( 'NONE', *, *, #6977, .T. ) ;
#8373 = ORIENTED_EDGE ( 'NONE', *, *, #3421, .T. ) ;
#8374 = CARTESIAN_POINT ( 'NONE',  ( -0.4999999999999999445, -0.6044135630578968410, 0.000000000000000000 ) ) ;
#8375 = ORIENTED_EDGE ( 'NONE', *, *, #7221, .T. ) ;
#8376 = ADVANCED_FACE ( 'NONE', ( #5542 ), #5140, .T. ) ;
#8377 = DIRECTION ( 'NONE',  ( -0.000000000000000000, -0.000000000000000000, -1.000000000000000000 ) ) ;
#8378 = CARTESIAN_POINT ( 'NONE',  ( 1.483749999999997904, -0.1703183294109353318, -0.6999999999999999556 ) ) ;
#8379 = CARTESIAN_POINT ( 'NONE',  ( -1.851621079396632341, 0.3415702208528278994, -0.6049424654863826412 ) ) ;
#8380 = DIRECTION ( 'NONE',  ( 3.023406148612404967E-15, -1.000000000000000000, 0.000000000000000000 ) ) ;
#8381 = ORIENTED_EDGE ( 'NONE', *, *, #454, .F. ) ;
#8382 = ORIENTED_EDGE ( 'NONE', *, *, #9052, .F. ) ;
#8383 = FACE_BOUND ( 'NONE', #5315, .T. ) ;
#8384 = VERTEX_POINT ( 'NONE', #9015 ) ;
#8385 = CARTESIAN_POINT ( 'NONE',  ( 1.710327891682111856, 0.1394750607929389485, -0.9499999999999999556 ) ) ;
#8386 = ORIENTED_EDGE ( 'NONE', *, *, #8317, .T. ) ;
#8387 = DIRECTION ( 'NONE',  ( 1.000000000000000000, 0.000000000000000000, 0.000000000000000000 ) ) ;
#8388 = DIRECTION ( 'NONE',  ( -0.000000000000000000, -0.000000000000000000, -1.000000000000000000 ) ) ;
#8389 = CARTESIAN_POINT ( 'NONE',  ( -2.125000000000000000, 0.000000000000000000, -0.2500000000000000555 ) ) ;
#8390 = EDGE_LOOP ( 'NONE', ( #7364, #7425, #7785, #4162, #3588, #3622 ) ) ;
#8391 = DIRECTION ( 'NONE',  ( -0.000000000000000000, -1.000000000000000000, -0.000000000000000000 ) ) ;
#8392 = ORIENTED_EDGE ( 'NONE', *, *, #7160, .T. ) ;
#8393 = CARTESIAN_POINT ( 'NONE',  ( -1.994375000000009557, 0.6404979548822627988, -0.2600000000000000089 ) ) ;
#8394 = LINE ( 'NONE', #492, #8467 ) ;
#8395 = AXIS2_PLACEMENT_3D ( 'NONE', #6685, #8627, #1530 ) ;
#8396 = ORIENTED_EDGE ( 'NONE', *, *, #6700, .F. ) ;
#8397 = DIRECTION ( 'NONE',  ( 0.5000000000000036637, -0.8660254037844365982, -0.000000000000000000 ) ) ;
#8398 = CARTESIAN_POINT ( 'NONE',  ( 2.494058780046082724, -0.5575487606996099021, -0.8389174173226138231 ) ) ;
#8399 = EDGE_CURVE ( 'NONE', #2699, #2491, #4741, .T. ) ;
#8400 = VERTEX_POINT ( 'NONE', #1114 ) ;
#8401 = ADVANCED_FACE ( 'NONE', ( #4832 ), #6114, .F. ) ;
#8402 = AXIS2_PLACEMENT_3D ( 'NONE', #4689, #6205, #965 ) ;
#8403 = DIRECTION ( 'NONE',  ( -0.7071067811865465735, 3.206913846861606165E-14, -0.7071067811865484609 ) ) ;
#8404 = DIRECTION ( 'NONE',  ( 0.4999999999999918954, 0.8660254037844431485, -2.185478394931412152E-15 ) ) ;
#8405 = ORIENTED_EDGE ( 'NONE', *, *, #224, .T. ) ;
#8406 = DIRECTION ( 'NONE',  ( 0.4999999999999920064, -0.8660254037844433705, 0.000000000000000000 ) ) ;
#8407 = PRESENTATION_LAYER_ASSIGNMENT (  '', '', ( #5978 ) ) ;
#8408 = CARTESIAN_POINT ( 'NONE',  ( 1.700256350946108164, -0.04531832941093606737, -0.9499999999999999556 ) ) ;
#8409 = CARTESIAN_POINT ( 'NONE',  ( 2.473410219341328986, -0.2382494887205698075, -0.1944947243515863511 ) ) ;
#8410 = EDGE_CURVE ( 'NONE', #1153, #1515, #4035, .T. ) ;
#8411 = EDGE_LOOP ( 'NONE', ( #7163, #6584, #849, #2572 ) ) ;
#8412 = CARTESIAN_POINT ( 'NONE',  ( -2.390625000000005773, 0.6404979548822425928, -0.4150000000000000910 ) ) ;
#8413 = ADVANCED_FACE ( 'NONE', ( #177 ), #1774, .F. ) ;
#8414 = EDGE_CURVE ( 'NONE', #8135, #2246, #7871, .T. ) ;
#8415 = CARTESIAN_POINT ( 'NONE',  ( 2.125000000000000000, 0.000000000000000000, -0.2500000000000000555 ) ) ;
#8416 = ORIENTED_EDGE ( 'NONE', *, *, #3546, .T. ) ;
#8417 = VERTEX_POINT ( 'NONE', #7591 ) ;
#8418 = VECTOR ( 'NONE', #2226, 39.37007874015748143 ) ;
#8419 = DIRECTION ( 'NONE',  ( -0.000000000000000000, -1.000000000000000000, 0.000000000000000000 ) ) ;
#8420 = ORIENTED_EDGE ( 'NONE', *, *, #227, .F. ) ;
#8421 = AXIS2_PLACEMENT_3D ( 'NONE', #77, #8884, #5041 ) ;
#8422 = CIRCLE ( 'NONE', #1737, 0.3124999999999972800 ) ;
#8423 = CARTESIAN_POINT ( 'NONE',  ( -1.492872593217500654, -0.1737668238530405418, -0.2500000000000000555 ) ) ;
#8424 = LINE ( 'NONE', #7711, #977 ) ;
#8425 = DIRECTION ( 'NONE',  ( -3.023406148612404967E-15, 1.000000000000000000, 0.000000000000000000 ) ) ;
#8426 = DIRECTION ( 'NONE',  ( -1.000000000000000000, 0.000000000000000000, 0.000000000000000000 ) ) ;
#8427 = ORIENTED_EDGE ( 'NONE', *, *, #680, .F. ) ;
#8428 = EDGE_CURVE ( 'NONE', #8400, #2156, #9114, .T. ) ;
#8429 = AXIS2_PLACEMENT_3D ( 'NONE', #2840, #1361, #3561 ) ;
#8430 = CARTESIAN_POINT ( 'NONE',  ( 2.390625000000005329, 0.4058214234295524081, -0.5999999999999999778 ) ) ;
#8431 = ORIENTED_EDGE ( 'NONE', *, *, #7010, .T. ) ;
#8432 = AXIS2_PLACEMENT_3D ( 'NONE', #8794, #2180, #2228 ) ;
#8433 = DIRECTION ( 'NONE',  ( -0.8660254037844364872, -0.5000000000000039968, 0.000000000000000000 ) ) ;
#8434 = ORIENTED_EDGE ( 'NONE', *, *, #2269, .F. ) ;
#8435 = DIRECTION ( 'NONE',  ( 4.535261055593764468E-14, -1.000000000000000000, -0.000000000000000000 ) ) ;
#8436 = DIRECTION ( 'NONE',  ( 1.000000000000000000, 0.000000000000000000, 0.000000000000000000 ) ) ;
#8437 = DIRECTION ( 'NONE',  ( 0.000000000000000000, 0.000000000000000000, 1.000000000000000000 ) ) ;
#8438 = VECTOR ( 'NONE', #7950, 39.37007874015748143 ) ;
#8439 = ORIENTED_EDGE ( 'NONE', *, *, #8527, .F. ) ;
#8440 = EDGE_CURVE ( 'NONE', #6618, #2002, #8485, .T. ) ;
#8441 = UNCERTAINTY_MEASURE_WITH_UNIT (LENGTH_MEASURE( 1.000000000000000082E-05 ), #7520, 'distance_accuracy_value', 'NONE');
#8442 = EDGE_CURVE ( 'NONE', #4798, #2928, #2547, .T. ) ;
#8443 = DIRECTION ( 'NONE',  ( -1.000000000000000000, 0.000000000000000000, 0.000000000000000000 ) ) ;
#8444 = DIRECTION ( 'NONE',  ( 7.827072323607353610E-15, -1.000000000000000000, 0.000000000000000000 ) ) ;
#8445 = DIRECTION ( 'NONE',  ( -0.4999999999999918954, -0.8660254037844431485, -0.000000000000000000 ) ) ;
#8446 = DIRECTION ( 'NONE',  ( 0.8660254037844397068, -0.4999999999999982792, 0.000000000000000000 ) ) ;
#8447 = DIRECTION ( 'NONE',  ( 0.000000000000000000, -1.000000000000000000, 0.000000000000000000 ) ) ;
#8448 = CARTESIAN_POINT ( 'NONE',  ( -1.710327891682111856, 0.1394750607929389485, -0.9499999999999999556 ) ) ;
#8449 = ORIENTED_EDGE ( 'NONE', *, *, #8230, .T. ) ;
#8450 = VERTEX_POINT ( 'NONE', #3408 ) ;
#8451 = CYLINDRICAL_SURFACE ( 'NONE', #3803, 0.06424999999999973788 ) ;
#8452 = CARTESIAN_POINT ( 'NONE',  ( 1.466377322248893833, -0.04905498685810558146, -0.8439418834258907154 ) ) ;
#8453 = EDGE_LOOP ( 'NONE', ( #7346, #7530, #7407, #3929, #2076 ) ) ;
#8454 = CARTESIAN_POINT ( 'NONE',  ( 2.217877510790053019, -0.4275369799581560382, -0.8082115781183684122 ) ) ;
#8455 = ORIENTED_EDGE ( 'NONE', *, *, #5699, .T. ) ;
#8456 = DIRECTION ( 'NONE',  ( -0.5000000000000013323, -0.8660254037844379305, -0.000000000000000000 ) ) ;
#8457 = DIRECTION ( 'NONE',  ( -0.4999999999999919509, 0.8660254037844432595, 0.000000000000000000 ) ) ;
#8458 = EDGE_LOOP ( 'NONE', ( #6846, #8689, #8564, #3891 ) ) ;
#8459 = CARTESIAN_POINT ( 'NONE',  ( -2.515624999999995559, -0.6044135630578968410, -0.4150000000000000910 ) ) ;
#8460 = DIRECTION ( 'NONE',  ( -1.000000000000000000, -4.535261055593764468E-14, 0.000000000000000000 ) ) ;
#8461 = ORIENTED_EDGE ( 'NONE', *, *, #335, .T. ) ;
#8462 = ORIENTED_EDGE ( 'NONE', *, *, #6058, .F. ) ;
#8463 = VECTOR ( 'NONE', #4825, 39.37007874015748854 ) ;
#8464 = CARTESIAN_POINT ( 'NONE',  ( -1.859375000000025535, 0.4058214234295524081, -0.5999999999999999778 ) ) ;
#8465 = ORIENTED_EDGE ( 'NONE', *, *, #2542, .F. ) ;
#8466 = EDGE_CURVE ( 'NONE', #9258, #4465, #4091, .T. ) ;
#8467 = VECTOR ( 'NONE', #1879, 39.37007874015748143 ) ;
#8468 = EDGE_CURVE ( 'NONE', #2733, #5646, #6204, .T. ) ;
#8469 = EDGE_CURVE ( 'NONE', #5351, #7198, #3320, .T. ) ;
#8470 = LENGTH_MEASURE_WITH_UNIT ( LENGTH_MEASURE( 0.02539999999999999897 ), #5002 );
#8471 = CARTESIAN_POINT ( 'NONE',  ( -2.533493649053906172, -0.07346415503396298841, -0.9175000000000006484 ) ) ;
#8472 = CARTESIAN_POINT ( 'NONE',  ( -2.448825798947563470, 0.2941958052262177437, -0.3917949024850405637 ) ) ;
#8473 = DIRECTION ( 'NONE',  ( 0.000000000000000000, 0.000000000000000000, 1.000000000000000000 ) ) ;
#8474 = ORIENTED_EDGE ( 'NONE', *, *, #2629, .F. ) ;
#8475 = VECTOR ( 'NONE', #2118, 39.37007874015748143 ) ;
#8476 = VECTOR ( 'NONE', #7290, 39.37007874015748854 ) ;
#8477 = ORIENTED_EDGE ( 'NONE', *, *, #406, .F. ) ;
#8478 = CARTESIAN_POINT ( 'NONE',  ( -1.984375000000025979, 0.2790714234295686436, -0.2600000000000002309 ) ) ;
#8479 = ORIENTED_EDGE ( 'NONE', *, *, #970, .F. ) ;
#8480 = FACE_OUTER_BOUND ( 'NONE', #7144, .T. ) ;
#8481 = VERTEX_POINT ( 'NONE', #1161 ) ;
#8482 = CIRCLE ( 'NONE', #5752, 0.1124999999999999611 ) ;
#8483 = EDGE_CURVE ( 'NONE', #2183, #690, #4082, .T. ) ;
#8484 = CARTESIAN_POINT ( 'NONE',  ( 2.515624999999995559, -0.6044135630578968410, -0.4150000000000000910 ) ) ;
#8485 = CIRCLE ( 'NONE', #4695, 0.2500000000000001110 ) ;
#8486 = FACE_OUTER_BOUND ( 'NONE', #4384, .T. ) ;
#8487 = AXIS2_PLACEMENT_3D ( 'NONE', #4441, #7408, #895 ) ;
#8488 = CARTESIAN_POINT ( 'NONE',  ( -2.217877510790053019, -0.4275369799581560382, -0.8082115781183684122 ) ) ;
#8489 =( LENGTH_UNIT ( ) NAMED_UNIT ( * ) SI_UNIT ( $, .METRE. ) );
#8490 = ORIENTED_EDGE ( 'NONE', *, *, #8876, .F. ) ;
#8491 = FACE_OUTER_BOUND ( 'NONE', #8218, .T. ) ;
#8492 = ORIENTED_EDGE ( 'NONE', *, *, #5177, .F. ) ;
#8493 = VECTOR ( 'NONE', #3611, 39.37007874015748143 ) ;
#8494 = CARTESIAN_POINT ( 'NONE',  ( -1.859375000000030198, 0.4058214234295524081, -0.5357500000000000595 ) ) ;
#8495 = CARTESIAN_POINT ( 'NONE',  ( 0.000000000000000000, 0.3012499999999982969, 0.000000000000000000 ) ) ;
#8496 = EDGE_CURVE ( 'NONE', #2418, #1451, #421, .T. ) ;
#8497 = AXIS2_PLACEMENT_3D ( 'NONE', #4958, #8519, #2766 ) ;
#8498 = FACE_OUTER_BOUND ( 'NONE', #6210, .T. ) ;
#8499 = FACE_OUTER_BOUND ( 'NONE', #5624, .T. ) ;
#8500 = AXIS2_PLACEMENT_3D ( 'NONE', #1546, #4467, #68 ) ;
#8501 = CARTESIAN_POINT ( 'NONE',  ( -1.572292745690300420, -0.2788211364117515467, -0.2399288635882473042 ) ) ;
#8502 = VERTEX_POINT ( 'NONE', #7015 ) ;
#8503 = VERTEX_POINT ( 'NONE', #489 ) ;
#8504 = CARTESIAN_POINT ( 'NONE',  ( -2.716854174377005826, -0.1908744090717846842, -0.2500000000000000555 ) ) ;
#8505 = DIRECTION ( 'NONE',  ( 1.000000000000000000, 0.000000000000000000, 0.000000000000000000 ) ) ;
#8506 = ORIENTED_EDGE ( 'NONE', *, *, #6676, .F. ) ;
#8507 = CARTESIAN_POINT ( 'NONE',  ( 2.125000000000000000, 0.4764989774411177437, 0.000000000000000000 ) ) ;
#8508 = ORIENTED_EDGE ( 'NONE', *, *, #7744, .F. ) ;
#8509 = DIRECTION ( 'NONE',  ( 1.865610830299460874E-15, 1.000000000000000000, 0.000000000000000000 ) ) ;
#8510 = CARTESIAN_POINT ( 'NONE',  ( -1.944456811574331256, -0.2550694162636747420, -0.2500000000000000555 ) ) ;
#8511 = AXIS2_PLACEMENT_3D ( 'NONE', #4622, #5107, #644 ) ;
#8512 = DIRECTION ( 'NONE',  ( 0.000000000000000000, 0.000000000000000000, -1.000000000000000000 ) ) ;
#8513 = DIRECTION ( 'NONE',  ( -0.8660254037844348218, 0.5000000000000066613, 0.000000000000000000 ) ) ;
#8514 = VERTEX_POINT ( 'NONE', #6307 ) ;
#8515 = ORIENTED_EDGE ( 'NONE', *, *, #6263, .F. ) ;
#8516 = DIRECTION ( 'NONE',  ( 1.000000000000000000, -7.249756350802272209E-14, -0.000000000000000000 ) ) ;
#8517 = EDGE_LOOP ( 'NONE', ( #2608, #3978, #9335, #395, #8848, #132 ) ) ;
#8518 = DIRECTION ( 'NONE',  ( -0.000000000000000000, -0.000000000000000000, 1.000000000000000000 ) ) ;
#8519 = DIRECTION ( 'NONE',  ( -0.4999999999999903966, -0.8660254037844442587, -0.000000000000000000 ) ) ;
#8520 = PLANE ( 'NONE',  #4841 ) ;
#8521 = ORIENTED_EDGE ( 'NONE', *, *, #9256, .T. ) ;
#8522 = AXIS2_PLACEMENT_3D ( 'NONE', #1063, #8868, #3846 ) ;
#8523 = EDGE_CURVE ( 'NONE', #478, #8206, #9209, .T. ) ;
#8524 = EDGE_CURVE ( 'NONE', #370, #7724, #6712, .T. ) ;
#8525 = DIRECTION ( 'NONE',  ( -4.202843067175816776E-14, 1.000000000000000000, 0.000000000000000000 ) ) ;
#8526 = ORIENTED_EDGE ( 'NONE', *, *, #7356, .T. ) ;
#8527 = EDGE_CURVE ( 'NONE', #6327, #5541, #544, .T. ) ;
#8528 = CONICAL_SURFACE ( 'NONE', #3066, 0.04249999999999912181, 0.7853981633974446153 ) ;
#8529 = ORIENTED_EDGE ( 'NONE', *, *, #2092, .T. ) ;
#8530 = CARTESIAN_POINT ( 'NONE',  ( 1.973597884324440832, 0.2857088524216807590, -0.9282771156755839081 ) ) ;
#8531 = DIRECTION ( 'NONE',  ( 1.000000000000000000, 0.000000000000000000, 0.000000000000000000 ) ) ;
#8532 = CARTESIAN_POINT ( 'NONE',  ( 2.390625000000005773, 0.6404979548822424817, -0.6642500000000000071 ) ) ;
#8533 = LINE ( 'NONE', #4923, #3932 ) ;
#8534 =( CONVERSION_BASED_UNIT ( 'INCH', #9207 ) LENGTH_UNIT ( ) NAMED_UNIT ( #2570 ) );
#8535 = ORIENTED_EDGE ( 'NONE', *, *, #4199, .F. ) ;
#8536 = EDGE_CURVE ( 'NONE', #9100, #5496, #2471, .T. ) ;
#8537 = LINE ( 'NONE', #6355, #1792 ) ;
#8538 = ORIENTED_EDGE ( 'NONE', *, *, #6087, .T. ) ;
#8539 = ADVANCED_FACE ( 'NONE', ( #7868 ), #6452, .T. ) ;
#8540 = DIRECTION ( 'NONE',  ( 1.000000000000000000, 7.827072323607353610E-15, 0.000000000000000000 ) ) ;
#8541 = CARTESIAN_POINT ( 'NONE',  ( -2.436995442160277303, -0.01775088930761715283, -0.9175000000000006484 ) ) ;
#8542 = VERTEX_POINT ( 'NONE', #2782 ) ;
#8543 = LINE ( 'NONE', #6312, #2209 ) ;
#8544 = DIRECTION ( 'NONE',  ( -0.4999999999999919509, 0.8660254037844432595, 0.000000000000000000 ) ) ;
#8545 = EDGE_CURVE ( 'NONE', #168, #1407, #5443, .T. ) ;
#8546 = ORIENTED_EDGE ( 'NONE', *, *, #31, .F. ) ;
#8547 = EDGE_CURVE ( 'NONE', #7889, #8261, #8537, .T. ) ;
#8548 = EDGE_LOOP ( 'NONE', ( #1569, #5327, #3448, #1517 ) ) ;
#8549 = EDGE_CURVE ( 'NONE', #5651, #171, #400, .T. ) ;
#8550 = PLANE ( 'NONE',  #6975 ) ;
#8551 = CARTESIAN_POINT ( 'NONE',  ( -2.125000000000000000, 0.000000000000000000, -0.9499999999999999556 ) ) ;
#8552 = VERTEX_POINT ( 'NONE', #5725 ) ;
#8553 = CARTESIAN_POINT ( 'NONE',  ( 1.194374999999987752, 0.000000000000000000, -0.2500000000000000555 ) ) ;
#8554 = VERTEX_POINT ( 'NONE', #1355 ) ;
#8555 = CARTESIAN_POINT ( 'NONE',  ( 1.856970950192570191, 0.3457973860264767496, -0.5766774402834234925 ) ) ;
#8556 = FACE_OUTER_BOUND ( 'NONE', #1614, .T. ) ;
#8557 = VECTOR ( 'NONE', #9, 39.37007874015748143 ) ;
#8558 = CARTESIAN_POINT ( 'NONE',  ( 1.406249999999996003, -0.03608439182434083903, -0.4650000000000000799 ) ) ;
#8559 = EDGE_CURVE ( 'NONE', #8542, #3804, #4279, .T. ) ;
#8560 = EDGE_CURVE ( 'NONE', #567, #9020, #5819, .T. ) ;
#8561 = CARTESIAN_POINT ( 'NONE',  ( -1.559343435260007071, -0.3012499999999982969, 0.9499999999999999556 ) ) ;
#8562 = ORIENTED_EDGE ( 'NONE', *, *, #407, .F. ) ;
#8563 = ORIENTED_EDGE ( 'NONE', *, *, #742, .T. ) ;
#8564 = ORIENTED_EDGE ( 'NONE', *, *, #1980, .F. ) ;
#8565 = CARTESIAN_POINT ( 'NONE',  ( 2.125000000000000000, 0.000000000000000000, -0.9499999999999999556 ) ) ;
#8566 = ORIENTED_EDGE ( 'NONE', *, *, #4556, .T. ) ;
#8567 = AXIS2_PLACEMENT_3D ( 'NONE', #3004, #2912, #5941 ) ;
#8568 = LINE ( 'NONE', #572, #8159 ) ;
#8569 = CARTESIAN_POINT ( 'NONE',  ( -1.813831811574352804, -0.02882027952500396464, -0.2500000000000000555 ) ) ;
#8570 = CYLINDRICAL_SURFACE ( 'NONE', #3800, 0.4374999999999960587 ) ;
#8571 = DIRECTION ( 'NONE',  ( -1.000000000000000000, 0.000000000000000000, 0.000000000000000000 ) ) ;
#8572 = ORIENTED_EDGE ( 'NONE', *, *, #1558, .F. ) ;
#8573 = CIRCLE ( 'NONE', #6455, 0.04450000000000003259 ) ;
#8574 = CYLINDRICAL_SURFACE ( 'NONE', #2830, 0.3124999999999974465 ) ;
#8575 = ORIENTED_EDGE ( 'NONE', *, *, #5009, .F. ) ;
#8576 = VECTOR ( 'NONE', #2578, 39.37007874015748143 ) ;
#8577 = DIRECTION ( 'NONE',  ( 1.865610830299460874E-15, 1.000000000000000000, 0.000000000000000000 ) ) ;
#8578 = ORIENTED_EDGE ( 'NONE', *, *, #5878, .T. ) ;
#8579 = CARTESIAN_POINT ( 'NONE',  ( 2.330368649053886632, -0.4252869753213691095, -0.9499999999999999556 ) ) ;
#8580 = CARTESIAN_POINT ( 'NONE',  ( 2.255625000000000213, 0.6404979548822493651, -0.2600000000000000089 ) ) ;
#8581 = CARTESIAN_POINT ( 'NONE',  ( -0.8325000000000002398, -0.1762500000000011557, 0.000000000000000000 ) ) ;
#8582 = DIRECTION ( 'NONE',  ( 1.865610830299460874E-15, -1.000000000000000000, 0.000000000000000000 ) ) ;
#8583 = CARTESIAN_POINT ( 'NONE',  ( 2.397669672564383347, 0.3421410313133604331, -0.6097794135441129137 ) ) ;
#8584 = CONICAL_SURFACE ( 'NONE', #4494, 0.9875000000000008216, 0.7853981633974378429 ) ;
#8585 = EDGE_LOOP ( 'NONE', ( #7764, #65, #8145, #8477 ) ) ;
#8586 = DIRECTION ( 'NONE',  ( -0.8660254037844135055, -0.5000000000000432987, 0.000000000000000000 ) ) ;
#8587 = ORIENTED_EDGE ( 'NONE', *, *, #2690, .F. ) ;
#8588 = DIRECTION ( 'NONE',  ( -0.3535533905932790599, 0.6123724356957928050, -0.7071067811865464625 ) ) ;
#8589 = AXIS2_PLACEMENT_3D ( 'NONE', #3995, #2514, #6121 ) ;
#8590 = ADVANCED_FACE ( 'NONE', ( #2068 ), #2566, .T. ) ;
#8591 = ORIENTED_EDGE ( 'NONE', *, *, #2931, .T. ) ;
#8592 = ADVANCED_FACE ( 'NONE', ( #2929 ), #3453, .T. ) ;
#8593 = EDGE_CURVE ( 'NONE', #5825, #6796, #8726, .T. ) ;
#8594 = CARTESIAN_POINT ( 'NONE',  ( 2.452543546506298355, 0.2900415262219106505, -0.7947191470558555570 ) ) ;
#8595 = DIRECTION ( 'NONE',  ( -0.8660254037844348218, -0.5000000000000066613, -0.000000000000000000 ) ) ;
#8596 = ORIENTED_EDGE ( 'NONE', *, *, #8247, .F. ) ;
#8597 = VECTOR ( 'NONE', #2868, 39.37007874015748143 ) ;
#8598 = EDGE_LOOP ( 'NONE', ( #3897, #1514, #4460, #111 ) ) ;
#8599 = LINE ( 'NONE', #7742, #5303 ) ;
#8600 = VERTEX_POINT ( 'NONE', #8633 ) ;
#8601 = DIRECTION ( 'NONE',  ( -0.3779644730092251992, -0.6546536707079791961, 0.6546536707079761985 ) ) ;
#8602 = DIRECTION ( 'NONE',  ( 4.535261055593764468E-14, 1.000000000000000000, 0.000000000000000000 ) ) ;
#8603 = ORIENTED_EDGE ( 'NONE', *, *, #8547, .F. ) ;
#8604 = CARTESIAN_POINT ( 'NONE',  ( 2.546874999999995559, -0.5502869753213698312, -0.8474999999999995870 ) ) ;
#8605 = EDGE_CURVE ( 'NONE', #2096, #7224, #2405, .T. ) ;
#8606 = DIRECTION ( 'NONE',  ( -0.000000000000000000, -0.000000000000000000, -1.000000000000000000 ) ) ;
#8607 = DIRECTION ( 'NONE',  ( 1.092739197465715148E-15, -1.892679809432637684E-15, -1.000000000000000000 ) ) ;
#8608 = DIRECTION ( 'NONE',  ( 0.000000000000000000, 0.000000000000000000, -1.000000000000000000 ) ) ;
#8609 = VERTEX_POINT ( 'NONE', #5022 ) ;
#8610 = ORIENTED_EDGE ( 'NONE', *, *, #6275, .F. ) ;
#8611 = ORIENTED_EDGE ( 'NONE', *, *, #5911, .F. ) ;
#8612 = DIRECTION ( 'NONE',  ( -0.6123724356957961357, -0.3535533905932720655, -0.7071067811865471286 ) ) ;
#8613 = ORIENTED_EDGE ( 'NONE', *, *, #4945, .F. ) ;
#8614 = LINE ( 'NONE', #5663, #8923 ) ;
#8615 = EDGE_CURVE ( 'NONE', #7142, #2928, #7919, .T. ) ;
#8616 = DIRECTION ( 'NONE',  ( 0.8660254037844362651, -0.5000000000000039968, -0.000000000000000000 ) ) ;
#8617 = PLANE ( 'NONE',  #130 ) ;
#8618 = CARTESIAN_POINT ( 'NONE',  ( -1.167433081593972632, -0.3012499999999982969, -0.4999999999999999445 ) ) ;
#8619 = VECTOR ( 'NONE', #5147, 39.37007874015748854 ) ;
#8620 = CARTESIAN_POINT ( 'NONE',  ( 2.595993649053903063, 0.03478902043908663894, -0.6999999999999999556 ) ) ;
#8621 = EDGE_LOOP ( 'NONE', ( #9185, #8587 ) ) ;
#8622 = VECTOR ( 'NONE', #1584, 39.37007874015748143 ) ;
#8623 = CARTESIAN_POINT ( 'NONE',  ( 2.812500000000023093, -0.09021097956089567382, -0.6999999999999999556 ) ) ;
#8624 = ORIENTED_EDGE ( 'NONE', *, *, #7732, .F. ) ;
#8625 = CARTESIAN_POINT ( 'NONE',  ( 0.5000000000000000000, -0.2087499999999990474, 0.000000000000000000 ) ) ;
#8626 = AXIS2_PLACEMENT_3D ( 'NONE', #7431, #8187, #5999 ) ;
#8627 = DIRECTION ( 'NONE',  ( 0.5000000000000013323, -0.8660254037844379305, 0.000000000000000000 ) ) ;
#8628 = CARTESIAN_POINT ( 'NONE',  ( -2.125000000000000000, 0.000000000000000000, 0.9499999999999999556 ) ) ;
#8629 = DIRECTION ( 'NONE',  ( 0.8660254037844667963, -0.4999999999999512057, -0.000000000000000000 ) ) ;
#8630 = AXIS2_PLACEMENT_3D ( 'NONE', #7099, #3352, #386 ) ;
#8631 = PLANE ( 'NONE',  #8511 ) ;
#8632 = ORIENTED_EDGE ( 'NONE', *, *, #8523, .F. ) ;
#8633 = CARTESIAN_POINT ( 'NONE',  ( 1.776589780658681894, -0.2382494887205523215, 0.000000000000000000 ) ) ;
#8634 = ORIENTED_EDGE ( 'NONE', *, *, #3381, .T. ) ;
#8635 = AXIS2_PLACEMENT_3D ( 'NONE', #6493, #5860, #2207 ) ;
#8636 = AXIS2_PLACEMENT_3D ( 'NONE', #3094, #8391, #1876 ) ;
#8637 = CARTESIAN_POINT ( 'NONE',  ( 1.859375000000029976, 0.3476343040826271880, -0.9499999999999999556 ) ) ;
#8638 = CIRCLE ( 'NONE', #8169, 0.04250000000000398598 ) ;
#8639 = CARTESIAN_POINT ( 'NONE',  ( -2.125000000000000000, 0.000000000000000000, 0.9499999999999999556 ) ) ;
#8640 = DIRECTION ( 'NONE',  ( 0.000000000000000000, 0.000000000000000000, 1.000000000000000000 ) ) ;
#8641 =( NAMED_UNIT ( * ) PLANE_ANGLE_UNIT ( ) SI_UNIT ( $, .RADIAN. ) );
#8642 = ORIENTED_EDGE ( 'NONE', *, *, #2309, .F. ) ;
#8643 = VECTOR ( 'NONE', #6999, 39.37007874015748143 ) ;
#8644 = VECTOR ( 'NONE', #5740, 39.37007874015748143 ) ;
#8645 = EDGE_CURVE ( 'NONE', #5472, #372, #2555, .T. ) ;
#8646 = ORIENTED_EDGE ( 'NONE', *, *, #9227, .T. ) ;
#8647 = DIRECTION ( 'NONE',  ( 0.000000000000000000, 0.000000000000000000, 1.000000000000000000 ) ) ;
#8648 = ADVANCED_FACE ( 'NONE', ( #2882 ), #5776, .T. ) ;
#8649 = EDGE_CURVE ( 'NONE', #9004, #2468, #3647, .T. ) ;
#8650 = VECTOR ( 'NONE', #52, 39.37007874015748854 ) ;
#8651 = DIRECTION ( 'NONE',  ( 0.000000000000000000, 0.000000000000000000, -1.000000000000000000 ) ) ;
#8652 = VECTOR ( 'NONE', #7016, 39.37007874015747433 ) ;
#8653 = ORIENTED_EDGE ( 'NONE', *, *, #1980, .T. ) ;
#8654 = CARTESIAN_POINT ( 'NONE',  ( -0.8325000000000002398, 0.1762500000000011557, 0.000000000000000000 ) ) ;
#8655 = DIRECTION ( 'NONE',  ( 0.000000000000000000, 0.000000000000000000, -1.000000000000000000 ) ) ;
#8656 = CIRCLE ( 'NONE', #1658, 0.2500000000000000555 ) ;
#8657 = CARTESIAN_POINT ( 'NONE',  ( 0.000000000000000000, -0.2087499999999990474, 0.000000000000000000 ) ) ;
#8658 = ORIENTED_EDGE ( 'NONE', *, *, #1551, .F. ) ;
#8659 = CARTESIAN_POINT ( 'NONE',  ( -2.515624999999995559, -0.6044135630578968410, -0.4650000000000000799 ) ) ;
#8660 = ORIENTED_EDGE ( 'NONE', *, *, #8076, .F. ) ;
#8661 = EDGE_LOOP ( 'NONE', ( #4427, #8572 ) ) ;
#8662 = EDGE_CURVE ( 'NONE', #3808, #8503, #4296, .T. ) ;
#8663 = CARTESIAN_POINT ( 'NONE',  ( 2.237377577958721275, -0.4228405590670331060, -0.3708185898269264480 ) ) ;
#8664 = ORIENTED_EDGE ( 'NONE', *, *, #2962, .T. ) ;
#8665 = VECTOR ( 'NONE', #7180, 39.37007874015748143 ) ;
#8666 = CARTESIAN_POINT ( 'NONE',  ( -1.406249999999996003, -0.03608439182434083903, -0.4150000000000000910 ) ) ;
#8667 = DIRECTION ( 'NONE',  ( -0.4999999999999919509, -0.8660254037844432595, -0.000000000000000000 ) ) ;
#8668 = LINE ( 'NONE', #3489, #8032 ) ;
#8669 = DIRECTION ( 'NONE',  ( -0.000000000000000000, -1.000000000000000000, -0.000000000000000000 ) ) ;
#8670 = EDGE_CURVE ( 'NONE', #2491, #7142, #6960, .T. ) ;
#8671 = DIRECTION ( 'NONE',  ( 1.000000000000000000, 0.000000000000000000, 0.000000000000000000 ) ) ;
#8672 = EDGE_LOOP ( 'NONE', ( #7907, #1628, #7625, #3802 ) ) ;
#8673 = ADVANCED_FACE ( 'NONE', ( #8862 ), #4594, .F. ) ;
#8674 = PLANE ( 'NONE',  #263 ) ;
#8675 = ORIENTED_EDGE ( 'NONE', *, *, #8440, .F. ) ;
#8676 = DIRECTION ( 'NONE',  ( 0.000000000000000000, 0.000000000000000000, -1.000000000000000000 ) ) ;
#8677 = FACE_OUTER_BOUND ( 'NONE', #8833, .T. ) ;
#8678 = CARTESIAN_POINT ( 'NONE',  ( 2.125000000000000000, 0.000000000000000000, -0.4649999999999993583 ) ) ;
#8679 = CARTESIAN_POINT ( 'NONE',  ( 1.306874999999987574, 0.000000000000000000, -0.2500000000000000555 ) ) ;
#8680 = AXIS2_PLACEMENT_3D ( 'NONE', #6798, #8256, #3994 ) ;
#8681 = CARTESIAN_POINT ( 'NONE',  ( -2.265624999999998668, 0.2790714234295562646, -0.9175000000000007594 ) ) ;
#8682 = DIRECTION ( 'NONE',  ( 1.000000000000000000, 0.000000000000000000, 0.000000000000000000 ) ) ;
#8683 = ORIENTED_EDGE ( 'NONE', *, *, #3957, .F. ) ;
#8684 = AXIS2_PLACEMENT_3D ( 'NONE', #7023, #2696, #1309 ) ;
#8685 = DIRECTION ( 'NONE',  ( 0.000000000000000000, 0.000000000000000000, 1.000000000000000000 ) ) ;
#8686 = DIRECTION ( 'NONE',  ( -0.8660254037844659081, -0.4999999999999530376, 0.000000000000000000 ) ) ;
#8687 = PLANE ( 'NONE',  #8737 ) ;
#8688 = DIRECTION ( 'NONE',  ( 1.000000000000000000, 0.000000000000000000, 0.000000000000000000 ) ) ;
#8689 = ORIENTED_EDGE ( 'NONE', *, *, #3075, .F. ) ;
#8690 = ORIENTED_EDGE ( 'NONE', *, *, #4935, .F. ) ;
#8691 = DIRECTION ( 'NONE',  ( 1.000000000000000000, 0.000000000000000000, -1.658456209688565037E-16 ) ) ;
#8692 = LINE ( 'NONE', #7979, #6652 ) ;
#8693 = EDGE_LOOP ( 'NONE', ( #1580, #5208, #3339, #4338 ) ) ;
#8694 = ORIENTED_EDGE ( 'NONE', *, *, #2190, .F. ) ;
#8695 = LINE ( 'NONE', #1413, #1579 ) ;
#8696 = CARTESIAN_POINT ( 'NONE',  ( -1.437499999999994893, -0.09021097956086808478, -0.9499999999999999556 ) ) ;
#8697 = ADVANCED_FACE ( 'NONE', ( #8819 ), #1627, .T. ) ;
#8698 = EDGE_CURVE ( 'NONE', #5692, #6097, #7298, .T. ) ;
#8699 = FACE_OUTER_BOUND ( 'NONE', #3907, .T. ) ;
#8700 = DIRECTION ( 'NONE',  ( -0.4999999999999987232, -0.8660254037844393737, 0.000000000000000000 ) ) ;
#8701 = ORIENTED_EDGE ( 'NONE', *, *, #7836, .F. ) ;
#8702 = LINE ( 'NONE', #1606, #7280 ) ;
#8703 = ORIENTED_EDGE ( 'NONE', *, *, #6027, .F. ) ;
#8704 = EDGE_CURVE ( 'NONE', #2274, #5820, #6735, .T. ) ;
#8705 = DIRECTION ( 'NONE',  ( -1.000000000000000000, 1.865610830299460874E-15, 0.000000000000000000 ) ) ;
#8706 = AXIS2_PLACEMENT_3D ( 'NONE', #8580, #2062, #9348 ) ;
#8707 = DIRECTION ( 'NONE',  ( 1.000000000000000000, 5.090879084663727145E-14, 0.000000000000000000 ) ) ;
#8708 = DIRECTION ( 'NONE',  ( 0.000000000000000000, 1.000000000000000000, 0.000000000000000000 ) ) ;
#8709 = EDGE_CURVE ( 'NONE', #6661, #9324, #8194, .T. ) ;
#8710 = CARTESIAN_POINT ( 'NONE',  ( 1.780000000000001581, 0.000000000000000000, -0.9499999999999999556 ) ) ;
#8711 = EDGE_CURVE ( 'NONE', #4540, #816, #3878, .T. ) ;
#8712 = PLANE ( 'NONE',  #381 ) ;
#8713 = ORIENTED_EDGE ( 'NONE', *, *, #8645, .F. ) ;
#8714 = VECTOR ( 'NONE', #1013, 39.37007874015748143 ) ;
#8715 = DIRECTION ( 'NONE',  ( 1.000000000000000000, 0.000000000000000000, 0.000000000000000000 ) ) ;
#8716 = CARTESIAN_POINT ( 'NONE',  ( -1.984375000000025979, 0.2790714234295686436, -0.2600000000000002309 ) ) ;
#8717 = ORIENTED_EDGE ( 'NONE', *, *, #1720, .F. ) ;
#8718 = CARTESIAN_POINT ( 'NONE',  ( 1.167433081593972632, -0.3012499999999982969, -0.2175000000000006095 ) ) ;
#8719 = DIRECTION ( 'NONE',  ( 1.000000000000000000, -0.000000000000000000, -0.000000000000000000 ) ) ;
#8720 = SURFACE_SIDE_STYLE ('',( #4274 ) ) ;
#8721 = DIRECTION ( 'NONE',  ( -0.000000000000000000, 1.000000000000000000, -0.000000000000000000 ) ) ;
#8722 = AXIS2_PLACEMENT_3D ( 'NONE', #3146, #2619, #992 ) ;
#8723 = EDGE_CURVE ( 'NONE', #3269, #7931, #3027, .T. ) ;
#8724 = CARTESIAN_POINT ( 'NONE',  ( 1.951875000000005578, 0.6404979548822650193, -0.2599999999999999534 ) ) ;
#8725 = VERTEX_POINT ( 'NONE', #3743 ) ;
#8726 = LINE ( 'NONE', #2120, #8167 ) ;
#8727 = ORIENTED_EDGE ( 'NONE', *, *, #2984, .F. ) ;
#8728 = CARTESIAN_POINT ( 'NONE',  ( 1.692380423954320090, 0.06589109416633751048, -0.3525000000000004241 ) ) ;
#8729 = CARTESIAN_POINT ( 'NONE',  ( -2.265624999999999112, 0.3904979548822426483, -0.6999999999999999556 ) ) ;
#8730 = CIRCLE ( 'NONE', #57, 0.3124999999999972800 ) ;
#8731 = VECTOR ( 'NONE', #7804, 39.37007874015748143 ) ;
#8732 = EDGE_CURVE ( 'NONE', #2012, #2233, #2303, .T. ) ;
#8733 = EDGE_CURVE ( 'NONE', #3578, #4108, #8323, .T. ) ;
#8734 = CARTESIAN_POINT ( 'NONE',  ( -2.498030605032921070, -0.5418131503715359898, -0.8452727038963769868 ) ) ;
#8735 = VERTEX_POINT ( 'NONE', #780 ) ;
#8736 = EDGE_LOOP ( 'NONE', ( #8382, #3443, #9332, #5915 ) ) ;
#8737 = AXIS2_PLACEMENT_3D ( 'NONE', #2168, #5072, #7972 ) ;
#8738 = CARTESIAN_POINT ( 'NONE',  ( 2.265624999999998668, 0.2790714234295562646, -0.2600000000000002309 ) ) ;
#8739 = AXIS2_PLACEMENT_3D ( 'NONE', #1682, #3844, #8149 ) ;
#8740 = CARTESIAN_POINT ( 'NONE',  ( -0.5000000000000000000, 0.2087499999999984091, 0.000000000000000000 ) ) ;
#8741 = VERTEX_POINT ( 'NONE', #7340 ) ;
#8742 = ORIENTED_EDGE ( 'NONE', *, *, #5320, .T. ) ;
#8743 = CARTESIAN_POINT ( 'NONE',  ( 1.984375000000025979, 0.2790714234295686436, -0.9174999999999992051 ) ) ;
#8744 = CARTESIAN_POINT ( 'NONE',  ( 2.265624999999999556, 0.4058214234295524081, -0.6642500000000000071 ) ) ;
#8745 = VECTOR ( 'NONE', #2771, 39.37007874015748143 ) ;
#8746 = FACE_OUTER_BOUND ( 'NONE', #6183, .T. ) ;
#8747 = DIMENSIONAL_EXPONENTS ( 1.000000000000000000, 0.000000000000000000, 0.000000000000000000, 0.000000000000000000, 0.000000000000000000, 0.000000000000000000, 0.000000000000000000 ) ;
#8748 = FACE_OUTER_BOUND ( 'NONE', #8517, .T. ) ;
#8749 = VERTEX_POINT ( 'NONE', #6591 ) ;
#8750 = ORIENTED_EDGE ( 'NONE', *, *, #1989, .T. ) ;
#8751 = DIRECTION ( 'NONE',  ( -0.000000000000000000, -1.000000000000000000, -0.000000000000000000 ) ) ;
#8752 = ORIENTED_EDGE ( 'NONE', *, *, #1867, .F. ) ;
#8753 = DIRECTION ( 'NONE',  ( -0.000000000000000000, -0.000000000000000000, -1.000000000000000000 ) ) ;
#8754 = CARTESIAN_POINT ( 'NONE',  ( -1.807738770884311341, 0.3012499999999982969, 6.829619984160658046E-17 ) ) ;
#8755 = CARTESIAN_POINT ( 'NONE',  ( 2.812500000000023093, 0.6404979548822424817, -0.5357500000000000595 ) ) ;
#8756 = CARTESIAN_POINT ( 'NONE',  ( 2.125000000000000000, 0.000000000000000000, 0.9499999999999999556 ) ) ;
#8757 = PLANE ( 'NONE',  #8889 ) ;
#8758 = EDGE_LOOP ( 'NONE', ( #380, #2769, #4496, #1196 ) ) ;
#8759 = ADVANCED_FACE ( 'NONE', ( #198 ), #58, .F. ) ;
#8760 = CARTESIAN_POINT ( 'NONE',  ( 2.440906254365970085, 0.6085559000684025444, -0.8223310893196604798 ) ) ;
#8761 = B_SPLINE_CURVE_WITH_KNOTS ( 'NONE', 3,
 ( #933, #1777, #1734, #8975, #9116, #8299, #974, #3226, #1021, #257, #6750, #3850, #4037, #6116, #3315, #2604 ),
 .UNSPECIFIED., .F., .F.,
 ( 4, 2, 2, 2, 2, 2, 2, 4 ),
 ( 0.002937417615281275474, 0.003303932797524177217, 0.003670447979767079393, 0.004036963162009981135, 0.004403478344252882877, 0.004769993526495784619, 0.005136508708738687229, 0.005869539073224487244 ),
 .UNSPECIFIED. ) ;
#8762 = EDGE_CURVE ( 'NONE', #2128, #4754, #6507, .T. ) ;
#8763 = EDGE_CURVE ( 'NONE', #9139, #4730, #5744, .T. ) ;
#8764 = CARTESIAN_POINT ( 'NONE',  ( -1.994375000000025544, 0.2838896957887076522, -0.2500000000000000555 ) ) ;
#8765 = ORIENTED_EDGE ( 'NONE', *, *, #1252, .F. ) ;
#8766 = CARTESIAN_POINT ( 'NONE',  ( -2.746467334085270551, -0.05208700211991435652, -0.5999999999999999778 ) ) ;
#8767 = FACE_OUTER_BOUND ( 'NONE', #2704, .T. ) ;
#8768 = CARTESIAN_POINT ( 'NONE',  ( 2.650160219341328727, -0.2382494887205698075, -0.2500000000000000555 ) ) ;
#8769 = CARTESIAN_POINT ( 'NONE',  ( -0.5000000000000000000, -0.2087499999999990474, 0.000000000000000000 ) ) ;
#8770 = PRESENTATION_STYLE_ASSIGNMENT (( #5862 ) ) ;
#8771 = ORIENTED_EDGE ( 'NONE', *, *, #8007, .T. ) ;
#8772 = CIRCLE ( 'NONE', #256, 0.4374999999999959477 ) ;
#8773 = DIRECTION ( 'NONE',  ( 0.4999999999999972800, 0.8660254037844402619, 8.292281048442780810E-17 ) ) ;
#8774 = EDGE_CURVE ( 'NONE', #8213, #6496, #6095, .T. ) ;
#8775 = LINE ( 'NONE', #6547, #3307 ) ;
#8776 = VECTOR ( 'NONE', #1575, 39.37007874015748143 ) ;
#8777 = DIRECTION ( 'NONE',  ( -0.8660254037844002939, 0.5000000000000666134, 0.000000000000000000 ) ) ;
#8778 = CARTESIAN_POINT ( 'NONE',  ( 1.953629557839698050, -0.2613205341219492772, -0.9499999999999999556 ) ) ;
#8779 = EDGE_LOOP ( 'NONE', ( #7501, #8121, #5514, #9216 ) ) ;
#8780 = B_SPLINE_CURVE_WITH_KNOTS ( 'NONE', 3,
 ( #3585, #9237, #6484, #7048, #2150, #5050, #7948, #9436, #718, #8472, #527, #3441, #5620, #4401 ),
 .UNSPECIFIED., .F., .F.,
 ( 4, 2, 2, 2, 2, 2, 4 ),
 ( 0.000000000000000000, 0.0007337661947641840095, 0.001467532389528368019, 0.001834415486910454928, 0.002201298584292542271, 0.002568181681674629180, 0.002935064779056716523 ),
 .UNSPECIFIED. ) ;
#8781 = COLOUR_RGB ( '',0.7529411764705882248, 0.7529411764705882248, 0.7529411764705882248 ) ;
#8782 = VERTEX_POINT ( 'NONE', #591 ) ;
#8783 = CIRCLE ( 'NONE', #4690, 0.06425000000000000155 ) ;
#8784 = DIRECTION ( 'NONE',  ( 1.000000000000000000, 0.000000000000000000, 0.000000000000000000 ) ) ;
#8785 = EDGE_CURVE ( 'NONE', #4104, #2380, #1635, .T. ) ;
#8786 = FACE_BOUND ( 'NONE', #16, .T. ) ;
#8787 = ORIENTED_EDGE ( 'NONE', *, *, #8061, .T. ) ;
#8788 = ORIENTED_EDGE ( 'NONE', *, *, #8033, .T. ) ;
#8789 = VECTOR ( 'NONE', #865, 39.37007874015748143 ) ;
#8790 = CYLINDRICAL_SURFACE ( 'NONE', #6897, 0.06425000000000000155 ) ;
#8791 = AXIS2_PLACEMENT_3D ( 'NONE', #3816, #3987, #1825 ) ;
#8792 = VECTOR ( 'NONE', #6845, 39.37007874015748854 ) ;
#8793 = FACE_OUTER_BOUND ( 'NONE', #6072, .T. ) ;
#8794 = CARTESIAN_POINT ( 'NONE',  ( -3.607142256072637336E-17, 0.3012499999999982969, -0.2175000000000005262 ) ) ;
#8795 = AXIS2_PLACEMENT_3D ( 'NONE', #8328, #427, #3346 ) ;
#8796 = DIRECTION ( 'NONE',  ( -1.865610830299460874E-15, 1.000000000000000000, 0.000000000000000000 ) ) ;
#8797 = ORIENTED_EDGE ( 'NONE', *, *, #5047, .F. ) ;
#8798 = VERTEX_POINT ( 'NONE', #2778 ) ;
#8799 = CARTESIAN_POINT ( 'NONE',  ( 2.390625000000005329, 0.6404979548822425928, -0.7350000000000000977 ) ) ;
#8800 = ORIENTED_EDGE ( 'NONE', *, *, #6977, .F. ) ;
#8801 = VECTOR ( 'NONE', #1501, 39.37007874015748854 ) ;
#8802 = CARTESIAN_POINT ( 'NONE',  ( -1.499999999999997113, -0.1984641550339285576, -0.6999999999999999556 ) ) ;
#8803 = LINE ( 'NONE', #4308, #7819 ) ;
#8804 = DIRECTION ( 'NONE',  ( -1.000000000000000000, 0.000000000000000000, 0.000000000000000000 ) ) ;
#8805 = SURFACE_STYLE_USAGE ( .BOTH. , #3196 ) ;
#8806 = VECTOR ( 'NONE', #6308, 39.37007874015748143 ) ;
#8807 = DIRECTION ( 'NONE',  ( 0.000000000000000000, 0.000000000000000000, 1.000000000000000000 ) ) ;
#8808 = EDGE_LOOP ( 'NONE', ( #8050, #1312, #7717, #8526 ) ) ;
#8809 = CARTESIAN_POINT ( 'NONE',  ( -2.125000000000000000, 0.000000000000000000, -0.9499999999999999556 ) ) ;
#8810 = CARTESIAN_POINT ( 'NONE',  ( -2.609374999999999112, -0.4420337998483104269, 0.000000000000000000 ) ) ;
#8811 = ORIENTED_EDGE ( 'NONE', *, *, #3660, .T. ) ;
#8812 = LINE ( 'NONE', #8718, #8776 ) ;
#8813 = DIRECTION ( 'NONE',  ( 0.000000000000000000, -0.7071067811865437980, -0.7071067811865512365 ) ) ;
#8814 = CARTESIAN_POINT ( 'NONE',  ( -2.546874999999995559, -0.5502869753213701642, -0.9499999999999999556 ) ) ;
#8815 = CARTESIAN_POINT ( 'NONE',  ( -2.546874999999995559, -0.5502869753213701642, -0.9499999999999999556 ) ) ;
#8816 = ORIENTED_EDGE ( 'NONE', *, *, #1955, .T. ) ;
#8817 = EDGE_CURVE ( 'NONE', #4416, #5351, #5286, .T. ) ;
#8818 = ADVANCED_FACE ( 'NONE', ( #4738 ), #1108, .T. ) ;
#8819 = FACE_OUTER_BOUND ( 'NONE', #392, .T. ) ;
#8820 = ORIENTED_EDGE ( 'NONE', *, *, #8825, .T. ) ;
#8821 = DIRECTION ( 'NONE',  ( 0.000000000000000000, 0.000000000000000000, -1.000000000000000000 ) ) ;
#8822 = AXIS2_PLACEMENT_3D ( 'NONE', #7179, #2086, #2664 ) ;
#8823 = LINE ( 'NONE', #8062, #4040 ) ;
#8824 = LINE ( 'NONE', #6599, #7619 ) ;
#8825 = EDGE_CURVE ( 'NONE', #1854, #9399, #2707, .T. ) ;
#8826 = CARTESIAN_POINT ( 'NONE',  ( -2.495668702100283021, -0.5858509321612568321, -0.8122190699021963889 ) ) ;
#8827 = ORIENTED_EDGE ( 'NONE', *, *, #9119, .F. ) ;
#8828 = EDGE_CURVE ( 'NONE', #6479, #1070, #1028, .T. ) ;
#8829 = ORIENTED_EDGE ( 'NONE', *, *, #2041, .F. ) ;
#8830 = DIRECTION ( 'NONE',  ( 0.000000000000000000, 0.000000000000000000, 1.000000000000000000 ) ) ;
#8831 = DIRECTION ( 'NONE',  ( -1.658456209688565037E-16, 0.000000000000000000, 1.000000000000000000 ) ) ;
#8832 = VERTEX_POINT ( 'NONE', #2596 ) ;
#8833 = EDGE_LOOP ( 'NONE', ( #8658, #6880, #2858, #8816 ) ) ;
#8834 = EDGE_CURVE ( 'NONE', #6640, #503, #7774, .T. ) ;
#8835 = LINE ( 'NONE', #7983, #3258 ) ;
#8836 = FACE_OUTER_BOUND ( 'NONE', #8693, .T. ) ;
#8837 = DIRECTION ( 'NONE',  ( -0.8660254037844660191, 0.4999999999999527045, 0.000000000000000000 ) ) ;
#8838 = ORIENTED_EDGE ( 'NONE', *, *, #2629, .T. ) ;
#8839 = DIRECTION ( 'NONE',  ( 0.000000000000000000, 0.000000000000000000, 1.000000000000000000 ) ) ;
#8840 = EDGE_LOOP ( 'NONE', ( #7800, #3105, #1755, #4238 ) ) ;
#8841 = CARTESIAN_POINT ( 'NONE',  ( 2.296370442160278635, -0.2613205341219648203, -0.9175000000000006484 ) ) ;
#8842 = EDGE_LOOP ( 'NONE', ( #8180, #6896, #5599, #3598 ) ) ;
#8843 = DIRECTION ( 'NONE',  ( -0.5000000000000047740, 0.8660254037844359321, 0.000000000000000000 ) ) ;
#8844 = CARTESIAN_POINT ( 'NONE',  ( -1.703124999999971134, -0.5502869753213720516, 2.731847993664263218E-16 ) ) ;
#8845 = DIRECTION ( 'NONE',  ( -0.000000000000000000, -0.000000000000000000, 1.000000000000000000 ) ) ;
#8846 = EDGE_CURVE ( 'NONE', #8993, #5798, #2104, .T. ) ;
#8847 = ADVANCED_FACE ( 'NONE', ( #1159, #4078 ), #6964, .F. ) ;
#8848 = ORIENTED_EDGE ( 'NONE', *, *, #2097, .T. ) ;
#8849 = DIRECTION ( 'NONE',  ( 0.9659258262890620950, -0.2588190451025437211, 0.000000000000000000 ) ) ;
#8850 = ORIENTED_EDGE ( 'NONE', *, *, #2956, .F. ) ;
#8851 = ORIENTED_EDGE ( 'NONE', *, *, #7657, .F. ) ;
#8852 = CARTESIAN_POINT ( 'NONE',  ( -1.944456811574331256, -0.2550694162636747420, -0.2500000000000000555 ) ) ;
#8853 = EDGE_LOOP ( 'NONE', ( #7239, #6568, #4534, #1778, #3533 ) ) ;
#8854 = AXIS2_PLACEMENT_3D ( 'NONE', #2386, #4015, #6100 ) ;
#8855 = ORIENTED_EDGE ( 'NONE', *, *, #8926, .T. ) ;
#8856 = CARTESIAN_POINT ( 'NONE',  ( 1.994375000000012443, 0.6404979548822627988, -0.2175000000000000266 ) ) ;
#8857 = DIRECTION ( 'NONE',  ( 0.000000000000000000, 0.000000000000000000, 1.000000000000000000 ) ) ;
#8858 = FACE_OUTER_BOUND ( 'NONE', #7191, .T. ) ;
#8859 = CARTESIAN_POINT ( 'NONE',  ( 1.807738770884311341, 0.3012499999999982969, 6.829619984160658046E-17 ) ) ;
#8860 = ORIENTED_EDGE ( 'NONE', *, *, #1899, .T. ) ;
#8861 = VECTOR ( 'NONE', #193, 39.37007874015748143 ) ;
#8862 = FACE_OUTER_BOUND ( 'NONE', #4774, .T. ) ;
#8863 = ORIENTED_EDGE ( 'NONE', *, *, #9108, .F. ) ;
#8864 = DIRECTION ( 'NONE',  ( 0.000000000000000000, 0.000000000000000000, 1.000000000000000000 ) ) ;
#8865 = AXIS2_PLACEMENT_3D ( 'NONE', #6289, #2051, #3537 ) ;
#8866 = CARTESIAN_POINT ( 'NONE',  ( 2.609374999999999112, -0.4420337998483104269, 0.000000000000000000 ) ) ;
#8867 = DIRECTION ( 'NONE',  ( -0.8660254037844363761, 0.5000000000000041078, 0.000000000000000000 ) ) ;
#8868 = DIRECTION ( 'NONE',  ( -0.000000000000000000, -0.000000000000000000, -1.000000000000000000 ) ) ;
#8869 = VERTEX_POINT ( 'NONE', #2642 ) ;
#8870 = ORIENTED_EDGE ( 'NONE', *, *, #1692, .T. ) ;
#8871 = DIRECTION ( 'NONE',  ( -0.000000000000000000, 1.000000000000000000, -0.000000000000000000 ) ) ;
#8872 = EDGE_CURVE ( 'NONE', #1725, #1561, #113, .T. ) ;
#8873 = DIRECTION ( 'NONE',  ( -0.000000000000000000, -0.000000000000000000, -1.000000000000000000 ) ) ;
#8874 = VECTOR ( 'NONE', #7701, 39.37007874015748854 ) ;
#8875 = AXIS2_PLACEMENT_3D ( 'NONE', #3207, #5378, #9192 ) ;
#8876 = EDGE_CURVE ( 'NONE', #2589, #3185, #4125, .T. ) ;
#8877 = EDGE_CURVE ( 'NONE', #5984, #3039, #1251, .T. ) ;
#8878 = VERTEX_POINT ( 'NONE', #3451 ) ;
#8879 = CARTESIAN_POINT ( 'NONE',  ( -2.515624999999995559, -0.6044135630578968410, -0.4650000000000000799 ) ) ;
#8880 = LINE ( 'NONE', #796, #1067 ) ;
#8881 = DIRECTION ( 'NONE',  ( -0.000000000000000000, -0.000000000000000000, 1.000000000000000000 ) ) ;
#8882 = CIRCLE ( 'NONE', #5842, 0.06424999999999959910 ) ;
#8883 = CONICAL_SURFACE ( 'NONE', #1897, 0.3449999999999964762, 0.7853981633974452814 ) ;
#8884 = DIRECTION ( 'NONE',  ( 1.000000000000000000, 8.208687653317557480E-14, 0.000000000000000000 ) ) ;
#8885 = EDGE_LOOP ( 'NONE', ( #8893, #3044, #6171, #5519 ) ) ;
#8886 = DIRECTION ( 'NONE',  ( 0.000000000000000000, 0.000000000000000000, -1.000000000000000000 ) ) ;
#8887 = ORIENTED_EDGE ( 'NONE', *, *, #6901, .T. ) ;
#8888 = EDGE_CURVE ( 'NONE', #8725, #5705, #9254, .T. ) ;
#8889 = AXIS2_PLACEMENT_3D ( 'NONE', #1523, #141, #6629 ) ;
#8890 = CYLINDRICAL_SURFACE ( 'NONE', #1274, 0.06424999999999973788 ) ;
#8891 = DIRECTION ( 'NONE',  ( -0.8660254037844660191, -0.4999999999999527045, -0.000000000000000000 ) ) ;
#8892 = DIRECTION ( 'NONE',  ( -1.092739197465715345E-15, 1.892679809432638867E-15, -1.000000000000000000 ) ) ;
#8893 = ORIENTED_EDGE ( 'NONE', *, *, #4881, .T. ) ;
#8894 = ORIENTED_EDGE ( 'NONE', *, *, #2892, .F. ) ;
#8895 = CARTESIAN_POINT ( 'NONE',  ( 1.984375000000010880, 0.6079979548822667113, -0.9499999999999999556 ) ) ;
#8896 = EDGE_LOOP ( 'NONE', ( #1717, #7177, #4805, #3761, #7564 ) ) ;
#8897 = ORIENTED_EDGE ( 'NONE', *, *, #2280, .F. ) ;
#8898 = DIRECTION ( 'NONE',  ( 0.000000000000000000, 0.000000000000000000, -1.000000000000000000 ) ) ;
#8899 = ORIENTED_EDGE ( 'NONE', *, *, #8352, .T. ) ;
#8900 = EDGE_CURVE ( 'NONE', #4108, #8248, #8533, .T. ) ;
#8901 = SURFACE_STYLE_FILL_AREA ( #4628 ) ;
#8902 = DIRECTION ( 'NONE',  ( 0.8660254037844659081, -0.4999999999999530376, 0.000000000000000000 ) ) ;
#8903 = LINE ( 'NONE', #6729, #8861 ) ;
#8904 = CARTESIAN_POINT ( 'NONE',  ( 0.000000000000000000, 0.3012499999999982969, 0.000000000000000000 ) ) ;
#8905 = ORIENTED_EDGE ( 'NONE', *, *, #1918, .T. ) ;
#8906 = DIRECTION ( 'NONE',  ( -1.000000000000000000, 0.000000000000000000, 0.000000000000000000 ) ) ;
#8907 = ORIENTED_EDGE ( 'NONE', *, *, #3076, .F. ) ;
#8908 = CARTESIAN_POINT ( 'NONE',  ( -1.635624999999970353, -0.4333735458104704397, -0.2174999999999991107 ) ) ;
#8909 = VERTEX_POINT ( 'NONE', #728 ) ;
#8910 = CARTESIAN_POINT ( 'NONE',  ( -2.390625000000005773, 0.6404979548822425928, -0.8474999999999995870 ) ) ;
#8911 = FACE_OUTER_BOUND ( 'NONE', #5810, .T. ) ;
#8912 = DIRECTION ( 'NONE',  ( -0.4999999999999919509, 0.8660254037844432595, 0.000000000000000000 ) ) ;
#8913 = ORIENTED_EDGE ( 'NONE', *, *, #1723, .F. ) ;
#8914 = ORIENTED_EDGE ( 'NONE', *, *, #791, .F. ) ;
#8915 = ORIENTED_EDGE ( 'NONE', *, *, #6211, .F. ) ;
#8916 = AXIS2_PLACEMENT_3D ( 'NONE', #4736, #9055, #6914 ) ;
#8917 = LINE ( 'NONE', #5255, #5159 ) ;
#8918 = CONICAL_SURFACE ( 'NONE', #7396, 0.1124999999999999611, 0.7155849933176748889 ) ;
#8919 = CARTESIAN_POINT ( 'NONE',  ( 2.452539214158641734, 0.2900464794071072050, -0.4052457801197263954 ) ) ;
#8920 = ORIENTED_EDGE ( 'NONE', *, *, #6913, .F. ) ;
#8921 = EDGE_LOOP ( 'NONE', ( #7758, #6620, #1962, #3952 ) ) ;
#8922 = CARTESIAN_POINT ( 'NONE',  ( -2.453125000000005329, 0.6404979548822425928, -0.7849999999999999201 ) ) ;
#8923 = VECTOR ( 'NONE', #5757, 39.37007874015748854 ) ;
#8924 = CARTESIAN_POINT ( 'NONE',  ( -2.125000000000000000, 0.000000000000000000, -0.9499999999999999556 ) ) ;
#8925 = AXIS2_PLACEMENT_3D ( 'NONE', #5958, #5201, #1677 ) ;
#8926 = EDGE_CURVE ( 'NONE', #2091, #1688, #9087, .T. ) ;
#8927 = AXIS2_PLACEMENT_3D ( 'NONE', #8964, #4552, #5431 ) ;
#8928 = CARTESIAN_POINT ( 'NONE',  ( -2.397669672564383347, 0.3421410313133604331, -0.6097794135441129137 ) ) ;
#8929 = EDGE_CURVE ( 'NONE', #8081, #6097, #1941, .T. ) ;
#8930 = VERTEX_POINT ( 'NONE', #1532 ) ;
#8931 = ADVANCED_FACE ( 'NONE', ( #7959 ), #6202, .T. ) ;
#8932 = VERTEX_POINT ( 'NONE', #2878 ) ;
#8933 = DIRECTION ( 'NONE',  ( -4.251903492084456561E-15, -1.000000000000000000, 0.000000000000000000 ) ) ;
#8934 = ORIENTED_EDGE ( 'NONE', *, *, #5845, .T. ) ;
#8935 = CARTESIAN_POINT ( 'NONE',  ( 1.621674798107783033, -0.1282151775928081772, -0.5999999999999999778 ) ) ;
#8936 = EDGE_LOOP ( 'NONE', ( #1356, #2317, #1729, #8322 ) ) ;
#8937 = CIRCLE ( 'NONE', #7731, 0.3124999999999972800 ) ;
#8938 = AXIS2_PLACEMENT_3D ( 'NONE', #952, #3113, #145 ) ;
#8939 = AXIS2_PLACEMENT_3D ( 'NONE', #3482, #2048, #7041 ) ;
#8940 = DIRECTION ( 'NONE',  ( -0.000000000000000000, -0.000000000000000000, -1.000000000000000000 ) ) ;
#8941 = B_SPLINE_CURVE_WITH_KNOTS ( 'NONE', 3,
 ( #6860, #8423, #6777, #376, #8280, #6099, #3248, #1713, #8954, #1094 ),
 .UNSPECIFIED., .F., .F.,
 ( 4, 2, 2, 2, 4 ),
 ( 0.001638649231070113616, 0.002313882843036843204, 0.002651499649020217647, 0.002820308052011914410, 0.002989116455003611606 ),
 .UNSPECIFIED. ) ;
#8942 = PRESENTATION_STYLE_ASSIGNMENT (( #5322 ) ) ;
#8943 = LINE ( 'NONE', #4053, #2124 ) ;
#8944 = DIRECTION ( 'NONE',  ( 0.2588190451025010330, 0.9659258262890736413, 0.000000000000000000 ) ) ;
#8945 = EDGE_CURVE ( 'NONE', #1804, #3468, #1395, .T. ) ;
#8946 = CIRCLE ( 'NONE', #280, 0.2824999999999993072 ) ;
#8947 = DIRECTION ( 'NONE',  ( 0.8660254037844363761, 0.5000000000000041078, 0.000000000000000000 ) ) ;
#8948 = ORIENTED_EDGE ( 'NONE', *, *, #4581, .T. ) ;
#8949 = ORIENTED_EDGE ( 'NONE', *, *, #4031, .T. ) ;
#8950 = CARTESIAN_POINT ( 'NONE',  ( -1.949003410777099488, -0.2582360068019100008, -0.2509675856017753448 ) ) ;
#8951 = ORIENTED_EDGE ( 'NONE', *, *, #4184, .T. ) ;
#8952 = DIRECTION ( 'NONE',  ( 0.4999999999999919509, 0.8660254037844432595, 0.000000000000000000 ) ) ;
#8953 = AXIS2_PLACEMENT_3D ( 'NONE', #4631, #9002, #2533 ) ;
#8954 = CARTESIAN_POINT ( 'NONE',  ( -1.532011138635602121, -0.1889090735589828707, -0.2500000000000000555 ) ) ;
#8955 = CARTESIAN_POINT ( 'NONE',  ( 2.296370442160278635, -0.2613205341219645983, -0.2600000000000002309 ) ) ;
#8956 = VECTOR ( 'NONE', #2221, 39.37007874015748854 ) ;
#8957 = CARTESIAN_POINT ( 'NONE',  ( -1.483749999999998126, -0.1703183294109352208, -0.6999999999999999556 ) ) ;
#8958 = PLANE ( 'NONE',  #2565 ) ;
#8959 = EDGE_CURVE ( 'NONE', #4624, #8749, #9241, .T. ) ;
#8960 = ORIENTED_EDGE ( 'NONE', *, *, #384, .T. ) ;
#8961 = ADVANCED_FACE ( 'NONE', ( #2926 ), #7158, .F. ) ;
#8962 = DIRECTION ( 'NONE',  ( 1.172705632171732718E-16, 0.7071067811865416886, -0.7071067811865533459 ) ) ;
#8963 = VERTEX_POINT ( 'NONE', #1352 ) ;
#8964 = CARTESIAN_POINT ( 'NONE',  ( 2.392868649053890628, -0.3170337998483088171, -0.6999999999999999556 ) ) ;
#8965 = EDGE_LOOP ( 'NONE', ( #2516, #6271, #6812, #2083, #5417, #8212, #5565 ) ) ;
#8966 = DIRECTION ( 'NONE',  ( 0.5000000000000668354, 0.8660254037844001829, 0.000000000000000000 ) ) ;
#8967 = DIRECTION ( 'NONE',  ( -0.8660254037844451469, -0.4999999999999888423, 0.000000000000000000 ) ) ;
#8968 = STYLED_ITEM ( 'NONE', ( #8770 ), #4469 ) ;
#8969 = CARTESIAN_POINT ( 'NONE',  ( -1.691127361437541943, 0.05622084583895026189, -0.9499999999999999556 ) ) ;
#8970 = ORIENTED_EDGE ( 'NONE', *, *, #7776, .T. ) ;
#8971 = EDGE_CURVE ( 'NONE', #2, #1169, #3552, .T. ) ;
#8972 = ORIENTED_EDGE ( 'NONE', *, *, #7302, .F. ) ;
#8973 = FACE_OUTER_BOUND ( 'NONE', #2986, .T. ) ;
#8974 = CIRCLE ( 'NONE', #8822, 0.3124999999999972800 ) ;
#8975 = CARTESIAN_POINT ( 'NONE',  ( -1.709031974274564103, 0.1355708794879720291, -0.8038757313803486237 ) ) ;
#8976 = ORIENTED_EDGE ( 'NONE', *, *, #3215, .T. ) ;
#8977 = LINE ( 'NONE', #8879, #4292 ) ;
#8978 = LINE ( 'NONE', #5309, #5779 ) ;
#8979 = CARTESIAN_POINT ( 'NONE',  ( -1.994375000000009557, 0.6404979548822627988, -0.2600000000000000089 ) ) ;
#8980 = ORIENTED_EDGE ( 'NONE', *, *, #1809, .T. ) ;
#8981 = LINE ( 'NONE', #3997, #6139 ) ;
#8982 = VERTEX_POINT ( 'NONE', #6448 ) ;
#8983 = CARTESIAN_POINT ( 'NONE',  ( 1.994375000000025544, 0.2838896957887076522, -0.2500000000000000555 ) ) ;
#8984 = EDGE_LOOP ( 'NONE', ( #7299, #199, #5462, #7980 ) ) ;
#8985 = DIRECTION ( 'NONE',  ( -0.8660254037844431485, 0.4999999999999918954, 0.000000000000000000 ) ) ;
#8986 = ADVANCED_FACE ( 'NONE', ( #5019 ), #9350, .F. ) ;
#8987 = EDGE_CURVE ( 'NONE', #398, #6790, #3318, .T. ) ;
#8988 = CARTESIAN_POINT ( 'NONE',  ( 0.000000000000000000, 0.1762500000000011557, -0.5324999999999976419 ) ) ;
#8989 = CARTESIAN_POINT ( 'NONE',  ( 0.000000000000000000, -0.2312499999999979017, 0.000000000000000000 ) ) ;
#8990 = EDGE_LOOP ( 'NONE', ( #2942, #4625, #1199, #8195, #839 ) ) ;
#8991 = CARTESIAN_POINT ( 'NONE',  ( 1.984375000000010880, 0.6079979548822715962, -0.6642500000000000071 ) ) ;
#8992 = DIRECTION ( 'NONE',  ( -0.8660254037844353769, -0.5000000000000056621, 0.000000000000000000 ) ) ;
#8993 = VERTEX_POINT ( 'NONE', #8003 ) ;
#8994 = ORIENTED_EDGE ( 'NONE', *, *, #7943, .T. ) ;
#8995 = LINE ( 'NONE', #9187, #2253 ) ;
#8996 = EDGE_CURVE ( 'NONE', #5043, #2012, #7914, .T. ) ;
#8997 = LINE ( 'NONE', #2483, #1636 ) ;
#8998 = EDGE_CURVE ( 'NONE', #2133, #6654, #3469, .T. ) ;
#8999 = EDGE_CURVE ( 'NONE', #2183, #8909, #4414, .T. ) ;
#9000 = CARTESIAN_POINT ( 'NONE',  ( 1.859375000000026645, 0.3476343040826244679, 0.000000000000000000 ) ) ;
#9001 = CARTESIAN_POINT ( 'NONE',  ( -2.293247638562451396, -0.4038551499215468632, -0.3525000000000004241 ) ) ;
#9002 = DIRECTION ( 'NONE',  ( 2.185478394931412547E-15, 0.000000000000000000, -1.000000000000000000 ) ) ;
#9003 = DIRECTION ( 'NONE',  ( -0.8660254037844353769, -0.5000000000000056621, -0.000000000000000000 ) ) ;
#9004 = VERTEX_POINT ( 'NONE', #2250 ) ;
#9005 = FACE_OUTER_BOUND ( 'NONE', #5483, .T. ) ;
#9006 = VERTEX_POINT ( 'NONE', #5773 ) ;
#9007 = DIRECTION ( 'NONE',  ( -0.000000000000000000, -0.000000000000000000, -1.000000000000000000 ) ) ;
#9008 = VERTEX_POINT ( 'NONE', #8769 ) ;
#9009 = ADVANCED_FACE ( 'NONE', ( #9396 ), #2873, .F. ) ;
#9010 = CARTESIAN_POINT ( 'NONE',  ( -1.306874999999987574, 0.000000000000000000, 5.578266170116183356E-17 ) ) ;
#9011 = PLANE ( 'NONE',  #9168 ) ;
#9012 = CIRCLE ( 'NONE', #3245, 0.4374999999999960032 ) ;
#9013 = CARTESIAN_POINT ( 'NONE',  ( -1.994375000000038423, -5.924184753867600315E-15, -0.2600000000000000089 ) ) ;
#9014 = ORIENTED_EDGE ( 'NONE', *, *, #2908, .T. ) ;
#9015 = CARTESIAN_POINT ( 'NONE',  ( -0.9077481638378336326, -0.3012499999999982969, -0.3887795275590552602 ) ) ;
#9016 = CARTESIAN_POINT ( 'NONE',  ( 0.000000000000000000, 0.1762500000000011557, 0.000000000000000000 ) ) ;
#9017 = DIRECTION ( 'NONE',  ( -0.000000000000000000, -0.000000000000000000, -1.000000000000000000 ) ) ;
#9018 = ORIENTED_EDGE ( 'NONE', *, *, #5318, .T. ) ;
#9019 = EDGE_CURVE ( 'NONE', #3965, #3564, #9247, .T. ) ;
#9020 = VERTEX_POINT ( 'NONE', #53 ) ;
#9021 = LINE ( 'NONE', #8303, #1072 ) ;
#9022 = CARTESIAN_POINT ( 'NONE',  ( 2.298125000000001528, 0.6404979548822472557, -0.2500000000000000555 ) ) ;
#9023 = AXIS2_PLACEMENT_3D ( 'NONE', #5122, #5172, #5217 ) ;
#9024 = CARTESIAN_POINT ( 'NONE',  ( -2.394958643387004482, 0.3442841362961510665, -0.6190785628808893604 ) ) ;
#9025 = ORIENTED_EDGE ( 'NONE', *, *, #3300, .T. ) ;
#9026 = VECTOR ( 'NONE', #5836, 39.37007874015748143 ) ;
#9027 = CARTESIAN_POINT ( 'NONE',  ( 2.390625000000005329, 0.3476343040825998765, -0.9499999999999999556 ) ) ;
#9028 = DIRECTION ( 'NONE',  ( -0.000000000000000000, 0.000000000000000000, 1.000000000000000000 ) ) ;
#9029 = VERTEX_POINT ( 'NONE', #8054 ) ;
#9030 = DIRECTION ( 'NONE',  ( 4.535261055593764468E-14, 1.000000000000000000, 0.000000000000000000 ) ) ;
#9031 = ORIENTED_EDGE ( 'NONE', *, *, #1989, .F. ) ;
#9032 = LINE ( 'NONE', #362, #5365 ) ;
#9033 = AXIS2_PLACEMENT_3D ( 'NONE', #2914, #629, #7147 ) ;
#9034 = CARTESIAN_POINT ( 'NONE',  ( 1.408382262026758758, -0.03485332976920646475, -0.7349999999999999867 ) ) ;
#9035 = CARTESIAN_POINT ( 'NONE',  ( 1.484346610447648818, -0.1713516890186513597, -0.2499999999999999722 ) ) ;
#9036 = DIRECTION ( 'NONE',  ( 0.4999999999999892863, 0.8660254037844447028, 0.000000000000000000 ) ) ;
#9037 = EDGE_LOOP ( 'NONE', ( #3350, #7838, #3062, #4569 ) ) ;
#9038 = ORIENTED_EDGE ( 'NONE', *, *, #153, .T. ) ;
#9039 = DIRECTION ( 'NONE',  ( 0.4999999999999919509, -0.8660254037844432595, -0.000000000000000000 ) ) ;
#9040 = ORIENTED_EDGE ( 'NONE', *, *, #6679, .F. ) ;
#9041 = LINE ( 'NONE', #236, #9393 ) ;
#9042 = CARTESIAN_POINT ( 'NONE',  ( -2.298124999999998419, 0.3904979548822426483, -0.6999999999999999556 ) ) ;
#9043 = FACE_BOUND ( 'NONE', #8277, .T. ) ;
#9044 = CARTESIAN_POINT ( 'NONE',  ( 2.255625000000000213, 0.6079979548822497248, -0.2500000000000000555 ) ) ;
#9045 = VERTEX_POINT ( 'NONE', #3738 ) ;
#9046 = VECTOR ( 'NONE', #281, 39.37007874015748143 ) ;
#9047 = EDGE_CURVE ( 'NONE', #3543, #8400, #6637, .T. ) ;
#9048 = ORIENTED_EDGE ( 'NONE', *, *, #4763, .T. ) ;
#9049 = ADVANCED_FACE ( 'NONE', ( #2064 ), #7477, .T. ) ;
#9050 = CARTESIAN_POINT ( 'NONE',  ( 1.824799798107692439, -0.4800379978800762282, -0.5999999999999999778 ) ) ;
#9051 = ORIENTED_EDGE ( 'NONE', *, *, #206, .F. ) ;
#9052 = EDGE_CURVE ( 'NONE', #9006, #8554, #5243, .T. ) ;
#9053 = DIRECTION ( 'NONE',  ( 0.000000000000000000, 0.000000000000000000, 1.000000000000000000 ) ) ;
#9054 = ORIENTED_EDGE ( 'NONE', *, *, #4128, .F. ) ;
#9055 = DIRECTION ( 'NONE',  ( 0.000000000000000000, 0.000000000000000000, 1.000000000000000000 ) ) ;
#9056 = DIRECTION ( 'NONE',  ( 0.8660254037844409281, 0.4999999999999962252, 0.000000000000000000 ) ) ;
#9057 = DIRECTION ( 'NONE',  ( 0.4999999999999986122, -0.8660254037844394848, -0.000000000000000000 ) ) ;
#9058 = ORIENTED_EDGE ( 'NONE', *, *, #6566, .T. ) ;
#9059 = DIRECTION ( 'NONE',  ( 0.000000000000000000, 0.000000000000000000, 1.000000000000000000 ) ) ;
#9060 = EDGE_CURVE ( 'NONE', #4692, #3082, #3792, .T. ) ;
#9061 = FACE_BOUND ( 'NONE', #8661, .T. ) ;
#9062 = APPLICATION_CONTEXT ( 'automotive_design' ) ;
#9063 = CARTESIAN_POINT ( 'NONE',  ( 2.450372943056502439, 0.2924745201805921124, -0.3960606752794166852 ) ) ;
#9064 = ORIENTED_EDGE ( 'NONE', *, *, #7251, .F. ) ;
#9065 = ORIENTED_EDGE ( 'NONE', *, *, #4477, .F. ) ;
#9066 = DIRECTION ( 'NONE',  ( -1.000000000000000000, 0.000000000000000000, 0.000000000000000000 ) ) ;
#9067 = CARTESIAN_POINT ( 'NONE',  ( -2.390625000000005329, 0.3476343040825998765, -0.9499999999999999556 ) ) ;
#9068 = DIRECTION ( 'NONE',  ( -1.000000000000000000, 0.000000000000000000, 0.000000000000000000 ) ) ;
#9069 = AXIS2_PLACEMENT_3D ( 'NONE', #6203, #1820, #5390 ) ;
#9070 = ORIENTED_EDGE ( 'NONE', *, *, #5073, .T. ) ;
#9071 = ORIENTED_EDGE ( 'NONE', *, *, #9375, .T. ) ;
#9072 = ADVANCED_FACE ( 'NONE', ( #3924, #3209 ), #1578, .F. ) ;
#9073 = VECTOR ( 'NONE', #7823, 39.37007874015748143 ) ;
#9074 = FACE_BOUND ( 'NONE', #9262, .T. ) ;
#9075 = PLANE ( 'NONE',  #3330 ) ;
#9076 = ORIENTED_EDGE ( 'NONE', *, *, #6163, .T. ) ;
#9077 = VECTOR ( 'NONE', #6242, 39.37007874015748143 ) ;
#9078 = DIRECTION ( 'NONE',  ( 7.228235936543575681E-14, -1.000000000000000000, 0.000000000000000000 ) ) ;
#9079 = DIRECTION ( 'NONE',  ( -0.8660254037844348218, 0.5000000000000067724, 0.000000000000000000 ) ) ;
#9080 = AXIS2_PLACEMENT_3D ( 'NONE', #48, #723, #7197 ) ;
#9081 = CARTESIAN_POINT ( 'NONE',  ( -2.390625000000005773, 0.6404979548822425928, -0.9499999999999999556 ) ) ;
#9082 = EDGE_LOOP ( 'NONE', ( #7835, #8578 ) ) ;
#9083 = CARTESIAN_POINT ( 'NONE',  ( -1.813004557839720920, -0.01775088930758956032, -0.9499999999999999556 ) ) ;
#9084 = CARTESIAN_POINT ( 'NONE',  ( 2.298124999999999307, 0.6404979548822424817, -0.6642500000000000071 ) ) ;
#9085 = ORIENTED_EDGE ( 'NONE', *, *, #1603, .T. ) ;
#9086 = ORIENTED_EDGE ( 'NONE', *, *, #6502, .T. ) ;
#9087 = CIRCLE ( 'NONE', #729, 0.8325000000000002398 ) ;
#9088 = FACE_OUTER_BOUND ( 'NONE', #3541, .T. ) ;
#9089 = ORIENTED_EDGE ( 'NONE', *, *, #1810, .T. ) ;
#9090 = VECTOR ( 'NONE', #3777, 39.37007874015748143 ) ;
#9091 = DIRECTION ( 'NONE',  ( -8.792154462367709090E-15, 1.000000000000000000, 0.000000000000000000 ) ) ;
#9092 = DIRECTION ( 'NONE',  ( 0.7071067811865585639, 0.7071067811865363595, 0.000000000000000000 ) ) ;
#9093 = CARTESIAN_POINT ( 'NONE',  ( 2.595993649053903063, 0.03478902043908665281, -0.9499999999999999556 ) ) ;
#9094 = DIRECTION ( 'NONE',  ( 0.000000000000000000, 0.000000000000000000, 1.000000000000000000 ) ) ;
#9095 = AXIS2_PLACEMENT_3D ( 'NONE', #8904, #6731, #6863 ) ;
#9096 = VECTOR ( 'NONE', #7694, 39.37007874015748143 ) ;
#9097 = EDGE_LOOP ( 'NONE', ( #6889, #4786, #6560, #2366 ) ) ;
#9098 = ORIENTED_EDGE ( 'NONE', *, *, #1077, .F. ) ;
#9099 = LINE ( 'NONE', #4637, #3741 ) ;
#9100 = VERTEX_POINT ( 'NONE', #5955 ) ;
#9101 = ORIENTED_EDGE ( 'NONE', *, *, #6057, .T. ) ;
#9102 = AXIS2_PLACEMENT_3D ( 'NONE', #3873, #4413, #3071 ) ;
#9103 = LINE ( 'NONE', #7769, #1944 ) ;
#9104 = AXIS2_PLACEMENT_3D ( 'NONE', #5550, #2614, #3419 ) ;
#9105 = ORIENTED_EDGE ( 'NONE', *, *, #5009, .T. ) ;
#9106 = CARTESIAN_POINT ( 'NONE',  ( -2.376618649053890753, -0.3451796254713022094, -0.9499999999999999556 ) ) ;
#9107 = DIRECTION ( 'NONE',  ( 0.000000000000000000, 0.000000000000000000, 1.000000000000000000 ) ) ;
#9108 = EDGE_CURVE ( 'NONE', #5984, #9381, #8937, .T. ) ;
#9109 = DIRECTION ( 'NONE',  ( 0.000000000000000000, 0.000000000000000000, 1.000000000000000000 ) ) ;
#9110 = ADVANCED_FACE ( 'NONE', ( #334 ), #1007, .F. ) ;
#9111 = CIRCLE ( 'NONE', #7893, 1.020000000000000018 ) ;
#9112 =( NAMED_UNIT ( * ) SI_UNIT ( $, .STERADIAN. ) SOLID_ANGLE_UNIT ( ) );
#9113 = ORIENTED_EDGE ( 'NONE', *, *, #969, .F. ) ;
#9114 = LINE ( 'NONE', #6876, #878 ) ;
#9115 = CARTESIAN_POINT ( 'NONE',  ( 2.628325201892208085, -0.1282151775928198345, -0.5999999999999999778 ) ) ;
#9116 = CARTESIAN_POINT ( 'NONE',  ( -1.708303358903932256, 0.1333342061946302948, -0.8082115781183680792 ) ) ;
#9117 = ADVANCED_FACE ( 'NONE', ( #240 ), #1056, .F. ) ;
#9118 = ORIENTED_EDGE ( 'NONE', *, *, #2359, .F. ) ;
#9119 = EDGE_CURVE ( 'NONE', #1590, #5947, #7382, .T. ) ;
#9120 = DIRECTION ( 'NONE',  ( 0.7071067811865467956, -0.7071067811865482389, 0.000000000000000000 ) ) ;
#9121 = CARTESIAN_POINT ( 'NONE',  ( 1.700592403928440133, 0.1063067015377320845, -0.8342758506934091489 ) ) ;
#9122 = CARTESIAN_POINT ( 'NONE',  ( -2.397668588830812464, 0.3421418922953549657, -0.5902160751632917757 ) ) ;
#9123 = AXIS2_PLACEMENT_3D ( 'NONE', #7795, #8607, #709 ) ;
#9124 = EDGE_LOOP ( 'NONE', ( #894, #4501, #5354, #7790, #3663 ) ) ;
#9125 = CARTESIAN_POINT ( 'NONE',  ( 1.648089780658681835, -0.2382494887205523215, -0.2500000000000000555 ) ) ;
#9126 = DIRECTION ( 'NONE',  ( 0.000000000000000000, 0.000000000000000000, -1.000000000000000000 ) ) ;
#9127 = ORIENTED_EDGE ( 'NONE', *, *, #394, .F. ) ;
#9128 = ADVANCED_FACE ( 'NONE', ( #3874 ), #8958, .F. ) ;
#9129 = DIRECTION ( 'NONE',  ( 0.000000000000000000, -1.000000000000000000, 0.000000000000000000 ) ) ;
#9130 = AXIS2_PLACEMENT_3D ( 'NONE', #5083, #7273, #842 ) ;
#9131 = CARTESIAN_POINT ( 'NONE',  ( -1.813004557839720920, -0.01775088930758956032, -0.9499999999999999556 ) ) ;
#9132 = EDGE_CURVE ( 'NONE', #916, #971, #7524, .T. ) ;
#9133 = CARTESIAN_POINT ( 'NONE',  ( -1.951875000000030891, 0.2984170477285265632, -0.9499999999999999556 ) ) ;
#9134 = VERTEX_POINT ( 'NONE', #8859 ) ;
#9135 = AXIS2_PLACEMENT_3D ( 'NONE', #650, #451, #8446 ) ;
#9136 = DIRECTION ( 'NONE',  ( -4.677093841292901429E-14, 1.000000000000000000, 0.000000000000000000 ) ) ;
#9137 = AXIS2_PLACEMENT_3D ( 'NONE', #6167, #4564, #9066 ) ;
#9138 = DIRECTION ( 'NONE',  ( -0.5000000000000056621, 0.8660254037844353769, 0.000000000000000000 ) ) ;
#9139 = VERTEX_POINT ( 'NONE', #3836 ) ;
#9140 = EDGE_LOOP ( 'NONE', ( #7740, #1399, #8479, #6824, #6246 ) ) ;
#9141 = CONICAL_SURFACE ( 'NONE', #3526, 0.5324999999999970868, 0.7853981633974367327 ) ;
#9142 = DIRECTION ( 'NONE',  ( 0.000000000000000000, 0.000000000000000000, 1.000000000000000000 ) ) ;
#9143 = ORIENTED_EDGE ( 'NONE', *, *, #7997, .F. ) ;
#9144 = CARTESIAN_POINT ( 'NONE',  ( 2.766249999999998987, -0.1703183294109464618, -0.6999999999999999556 ) ) ;
#9145 = EDGE_CURVE ( 'NONE', #14, #464, #5895, .T. ) ;
#9146 = EDGE_CURVE ( 'NONE', #4844, #6751, #1642, .T. ) ;
#9147 = CARTESIAN_POINT ( 'NONE',  ( -2.721854174377007496, -0.1822141550339411165, -0.9499999999999999556 ) ) ;
#9148 = CARTESIAN_POINT ( 'NONE',  ( 1.813004557839720920, -0.01775088930758956032, -0.2600000000000002309 ) ) ;
#9149 = CARTESIAN_POINT ( 'NONE',  ( 2.265624999999999112, 0.3904979548822426483, -0.6999999999999999556 ) ) ;
#9150 = ORIENTED_EDGE ( 'NONE', *, *, #2784, .F. ) ;
#9151 = CARTESIAN_POINT ( 'NONE',  ( -1.708306059513496011, 0.1333434656762768622, -0.3917949024850407302 ) ) ;
#9152 = ORIENTED_EDGE ( 'NONE', *, *, #1670, .T. ) ;
#9153 = CARTESIAN_POINT ( 'NONE',  ( -2.436995442160277303, -0.01775088930761715283, -0.9499999999999999556 ) ) ;
#9154 = ORIENTED_EDGE ( 'NONE', *, *, #4893, .F. ) ;
#9155 = CARTESIAN_POINT ( 'NONE',  ( -1.656874999999970566, -0.4701796254713098144, -0.9499999999999999556 ) ) ;
#9156 = DIRECTION ( 'NONE',  ( -0.8660254037844354880, -0.5000000000000056621, 3.824587191129966534E-15 ) ) ;
#9157 = DIRECTION ( 'NONE',  ( -0.4999999999999527045, 0.8660254037844660191, 0.000000000000000000 ) ) ;
#9158 = CYLINDRICAL_SURFACE ( 'NONE', #1687, 0.04449999999999948441 ) ;
#9159 = ORIENTED_EDGE ( 'NONE', *, *, #5099, .T. ) ;
#9160 = DIRECTION ( 'NONE',  ( 0.4999999999999982792, 0.8660254037844398178, -0.000000000000000000 ) ) ;
#9161 = FACE_OUTER_BOUND ( 'NONE', #2654, .T. ) ;
#9162 = FACE_OUTER_BOUND ( 'NONE', #7029, .T. ) ;
#9163 = CIRCLE ( 'NONE', #5065, 0.2500000000000000000 ) ;
#9164 = DIRECTION ( 'NONE',  ( -0.000000000000000000, -0.000000000000000000, -1.000000000000000000 ) ) ;
#9165 = CARTESIAN_POINT ( 'NONE',  ( -1.167433081593972632, 0.3012499999999982969, -0.4999999999999999445 ) ) ;
#9166 = EDGE_CURVE ( 'NONE', #724, #3150, #5380, .T. ) ;
#9167 = VERTEX_POINT ( 'NONE', #6820 ) ;
#9168 = AXIS2_PLACEMENT_3D ( 'NONE', #1062, #1107, #9107 ) ;
#9169 = ORIENTED_EDGE ( 'NONE', *, *, #6387, .F. ) ;
#9170 = DIRECTION ( 'NONE',  ( -2.185478394931412547E-15, 0.000000000000000000, 1.000000000000000000 ) ) ;
#9171 = ADVANCED_FACE ( 'NONE', ( #3974 ), #915, .F. ) ;
#9172 = EDGE_CURVE ( 'NONE', #4744, #916, #2388, .T. ) ;
#9173 = DIRECTION ( 'NONE',  ( 0.8660254037844394848, -0.4999999999999986677, 0.000000000000000000 ) ) ;
#9174 = EDGE_LOOP ( 'NONE', ( #6373, #6226, #4860, #7798, #8381 ) ) ;
#9175 = DIRECTION ( 'NONE',  ( 1.000000000000000000, 0.000000000000000000, 0.000000000000000000 ) ) ;
#9176 = DIRECTION ( 'NONE',  ( 1.000000000000000000, 0.000000000000000000, 0.000000000000000000 ) ) ;
#9177 = UNCERTAINTY_MEASURE_WITH_UNIT (LENGTH_MEASURE( 1.000000000000000082E-05 ), #1957, 'distance_accuracy_value', 'NONE');
#9178 = AXIS2_PLACEMENT_3D ( 'NONE', #183, #1608, #4399 ) ;
#9179 = CARTESIAN_POINT ( 'NONE',  ( -2.426142109039915340, 0.3173942674392695729, -0.8365655606850087578 ) ) ;
#9180 = PLANE ( 'NONE',  #6848 ) ;
#9181 = ORIENTED_EDGE ( 'NONE', *, *, #5594, .T. ) ;
#9182 = DIRECTION ( 'NONE',  ( -1.000000000000000000, -4.535261055593764468E-14, -0.000000000000000000 ) ) ;
#9183 = DIRECTION ( 'NONE',  ( 0.000000000000000000, 0.000000000000000000, -1.000000000000000000 ) ) ;
#9184 = VERTEX_POINT ( 'NONE', #8235 ) ;
#9185 = ORIENTED_EDGE ( 'NONE', *, *, #8285, .F. ) ;
#9186 = EDGE_CURVE ( 'NONE', #2869, #3036, #4251, .T. ) ;
#9187 = CARTESIAN_POINT ( 'NONE',  ( -1.528145825622967191, -0.1822141550339431981, -0.9499999999999999556 ) ) ;
#9188 = ORIENTED_EDGE ( 'NONE', *, *, #5382, .T. ) ;
#9189 = STYLED_ITEM ( 'NONE', ( #6758 ), #5916 ) ;
#9190 = CIRCLE ( 'NONE', #3877, 0.06249999999999967387 ) ;
#9191 = CARTESIAN_POINT ( 'NONE',  ( 2.812500000000023093, 0.4058214234295524081, -0.6642500000000000071 ) ) ;
#9192 = DIRECTION ( 'NONE',  ( 7.649174382259934645E-15, 1.000000000000000000, 0.000000000000000000 ) ) ;
#9193 = FACE_BOUND ( 'NONE', #1803, .T. ) ;
#9194 = CARTESIAN_POINT ( 'NONE',  ( 2.125000000000000000, 0.000000000000000000, -0.9499999999999999556 ) ) ;
#9195 = ORIENTED_EDGE ( 'NONE', *, *, #1156, .T. ) ;
#9196 = DIMENSIONAL_EXPONENTS ( 1.000000000000000000, 0.000000000000000000, 0.000000000000000000, 0.000000000000000000, 0.000000000000000000, 0.000000000000000000, 0.000000000000000000 ) ;
#9197 = AXIS2_PLACEMENT_3D ( 'NONE', #2029, #4936, #3514 ) ;
#9198 = CARTESIAN_POINT ( 'NONE',  ( -2.721854174377007496, -0.1822141550339411165, -0.6999999999999999556 ) ) ;
#9199 = ORIENTED_EDGE ( 'NONE', *, *, #3715, .T. ) ;
#9200 = CIRCLE ( 'NONE', #7367, 0.2824999999999991407 ) ;
#9201 = FILL_AREA_STYLE_COLOUR ( '', #8781 ) ;
#9202 = EDGE_LOOP ( 'NONE', ( #431, #1220 ) ) ;
#9203 = LINE ( 'NONE', #6108, #867 ) ;
#9204 = CARTESIAN_POINT ( 'NONE',  ( -2.766250000000021192, -0.1703183294109594514, -0.6999999999999999556 ) ) ;
#9205 = DIRECTION ( 'NONE',  ( -0.8660254037844660191, -0.4999999999999527045, -0.000000000000000000 ) ) ;
#9206 = AXIS2_PLACEMENT_3D ( 'NONE', #8620, #1341, #1428 ) ;
#9207 = LENGTH_MEASURE_WITH_UNIT ( LENGTH_MEASURE( 0.02539999999999999897 ), #8489 );
#9208 = ORIENTED_EDGE ( 'NONE', *, *, #8536, .T. ) ;
#9209 = LINE ( 'NONE', #5586, #9403 ) ;
#9210 = DIRECTION ( 'NONE',  ( 0.000000000000000000, 0.000000000000000000, 1.000000000000000000 ) ) ;
#9211 = DIRECTION ( 'NONE',  ( -0.000000000000000000, 1.000000000000000000, -0.000000000000000000 ) ) ;
#9212 = FACE_OUTER_BOUND ( 'NONE', #5660, .T. ) ;
#9213 = CARTESIAN_POINT ( 'NONE',  ( -0.9077481638378336326, -0.3012499999999982969, -0.3887795275590552602 ) ) ;
#9214 = DIRECTION ( 'NONE',  ( -0.000000000000000000, 1.000000000000000000, -0.000000000000000000 ) ) ;
#9215 = ORIENTED_EDGE ( 'NONE', *, *, #4203, .T. ) ;
#9216 = ORIENTED_EDGE ( 'NONE', *, *, #3182, .F. ) ;
#9217 = LINE ( 'NONE', #2314, #9423 ) ;
#9218 = LINE ( 'NONE', #1316, #3642 ) ;
#9219 = ORIENTED_EDGE ( 'NONE', *, *, #4526, .F. ) ;
#9220 = CARTESIAN_POINT ( 'NONE',  ( 2.237266449226429810, -0.4228701535615417284, -0.8291007793619377120 ) ) ;
#9221 = VERTEX_POINT ( 'NONE', #8329 ) ;
#9222 = ADVANCED_FACE ( 'NONE', ( #5482 ), #8520, .T. ) ;
#9223 = CARTESIAN_POINT ( 'NONE',  ( 1.851624089253341321, 0.3415726297980379300, -0.5950263178092659588 ) ) ;
#9224 = CARTESIAN_POINT ( 'NONE',  ( 2.125000000000000000, 0.000000000000000000, 0.000000000000000000 ) ) ;
#9225 = EDGE_CURVE ( 'NONE', #1854, #2133, #2007, .T. ) ;
#9226 = ORIENTED_EDGE ( 'NONE', *, *, #5118, .T. ) ;
#9227 = EDGE_CURVE ( 'NONE', #4288, #6144, #5442, .T. ) ;
#9228 = FACE_BOUND ( 'NONE', #4779, .T. ) ;
#9229 = CARTESIAN_POINT ( 'NONE',  ( -1.859375000000026645, 0.3904979548822720137, -0.9499999999999999556 ) ) ;
#9230 = ORIENTED_EDGE ( 'NONE', *, *, #4004, .T. ) ;
#9231 = ORIENTED_EDGE ( 'NONE', *, *, #9047, .F. ) ;
#9232 = CIRCLE ( 'NONE', #4387, 0.06424999999999990441 ) ;
#9233 = PLANE ( 'NONE',  #3787 ) ;
#9234 = AXIS2_PLACEMENT_3D ( 'NONE', #7265, #749, #6559 ) ;
#9235 = EDGE_CURVE ( 'NONE', #6340, #1016, #7419, .T. ) ;
#9236 = DIRECTION ( 'NONE',  ( 0.8660254037844442587, 0.4999999999999903411, 0.000000000000000000 ) ) ;
#9237 = CARTESIAN_POINT ( 'NONE',  ( -2.398373149454037456, 0.3417139959468459831, -0.3525000000000004796 ) ) ;
#9238 = LINE ( 'NONE', #6339, #7268 ) ;
#9239 = ADVANCED_FACE ( 'NONE', ( #379 ), #6143, .F. ) ;
#9240 = EDGE_LOOP ( 'NONE', ( #6931, #6865, #759, #2294 ) ) ;
#9241 = CIRCLE ( 'NONE', #7262, 0.2500000000000001665 ) ;
#9242 = AXIS2_PLACEMENT_3D ( 'NONE', #8196, #1011, #4596 ) ;
#9243 = AXIS2_PLACEMENT_3D ( 'NONE', #3968, #9039, #5521 ) ;
#9244 = CARTESIAN_POINT ( 'NONE',  ( -2.125000000000000000, 0.000000000000000000, -0.9499999999999999556 ) ) ;
#9245 = ORIENTED_EDGE ( 'NONE', *, *, #3660, .F. ) ;
#9246 = VERTEX_POINT ( 'NONE', #4817 ) ;
#9247 = CIRCLE ( 'NONE', #5294, 0.06424999999999973788 ) ;
#9248 = EDGE_CURVE ( 'NONE', #1678, #4909, #9238, .T. ) ;
#9249 = DIRECTION ( 'NONE',  ( 0.5000000000000035527, -0.8660254037844364872, -0.000000000000000000 ) ) ;
#9250 = AXIS2_PLACEMENT_3D ( 'NONE', #3523, #9369, #3424 ) ;
#9251 = CARTESIAN_POINT ( 'NONE',  ( 1.306874999999987574, 0.000000000000000000, 0.000000000000000000 ) ) ;
#9252 = AXIS2_PLACEMENT_3D ( 'NONE', #4767, #6096, #4011 ) ;
#9253 = CYLINDRICAL_SURFACE ( 'NONE', #4007, 0.06424999999999973788 ) ;
#9254 = LINE ( 'NONE', #2738, #4834 ) ;
#9255 = EDGE_CURVE ( 'NONE', #3729, #971, #6292, .T. ) ;
#9256 = EDGE_CURVE ( 'NONE', #5717, #9258, #6949, .T. ) ;
#9257 = SURFACE_STYLE_USAGE ( .BOTH. , #4276 ) ;
#9258 = VERTEX_POINT ( 'NONE', #9044 ) ;
#9259 = VECTOR ( 'NONE', #2863, 39.37007874015748854 ) ;
#9260 = CARTESIAN_POINT ( 'NONE',  ( 2.296887392148656115, -0.2865761848781491206, -0.9391135601497752061 ) ) ;
#9261 =( GEOMETRIC_REPRESENTATION_CONTEXT ( 3 ) GLOBAL_UNCERTAINTY_ASSIGNED_CONTEXT ( ( #1209 ) ) GLOBAL_UNIT_ASSIGNED_CONTEXT ( ( #5006, #2194, #1468 ) ) REPRESENTATION_CONTEXT ( 'NONE', 'WORKASPACE' ) );
#9262 = EDGE_LOOP ( 'NONE', ( #4775, #8713 ) ) ;
#9263 = VECTOR ( 'NONE', #5408, 39.37007874015748143 ) ;
#9264 = CARTESIAN_POINT ( 'NONE',  ( 1.968749999999999778, -0.2706329386826341610, 0.9499999999999999556 ) ) ;
#9265 = DIRECTION ( 'NONE',  ( -1.000000000000000000, 0.000000000000000000, 0.000000000000000000 ) ) ;
#9266 = AXIS2_PLACEMENT_3D ( 'NONE', #2959, #8892, #808 ) ;
#9267 = DIRECTION ( 'NONE',  ( 1.000000000000000000, -4.097771990496438649E-14, 6.829619984160731607E-15 ) ) ;
#9268 = CARTESIAN_POINT ( 'NONE',  ( 2.429268102159983123, 0.3143944089881923754, -0.8342758506934095930 ) ) ;
#9269 = EDGE_CURVE ( 'NONE', #2196, #9221, #5621, .T. ) ;
#9270 = VECTOR ( 'NONE', #348, 39.37007874015748143 ) ;
#9271 = DIRECTION ( 'NONE',  ( -0.7071067811865808794, -0.7071067811865139330, -0.000000000000000000 ) ) ;
#9272 = ORIENTED_EDGE ( 'NONE', *, *, #6756, .T. ) ;
#9273 = ORIENTED_EDGE ( 'NONE', *, *, #2358, .F. ) ;
#9274 = CARTESIAN_POINT ( 'NONE',  ( 1.528145825622967191, -0.1822141550339431981, -0.2599999999999999534 ) ) ;
#9275 = DIRECTION ( 'NONE',  ( 0.000000000000000000, 0.000000000000000000, 1.000000000000000000 ) ) ;
#9276 = EDGE_LOOP ( 'NONE', ( #2466, #1607, #2671, #1230 ) ) ;
#9277 = CARTESIAN_POINT ( 'NONE',  ( 1.663770825622965299, -0.4171235458104701754, -0.2500000000000000555 ) ) ;
#9278 = ORIENTED_EDGE ( 'NONE', *, *, #2807, .F. ) ;
#9279 = CARTESIAN_POINT ( 'NONE',  ( 2.376618649053891197, -0.3451796254713022649, -0.6999999999999999556 ) ) ;
#9280 = CARTESIAN_POINT ( 'NONE',  ( -2.390625000000005329, 0.3904979548822426483, -0.6999999999999999556 ) ) ;
#9281 = COLOUR_RGB ( '',0.7529411764705882248, 0.7529411764705882248, 0.7529411764705882248 ) ;
#9282 = FACE_OUTER_BOUND ( 'NONE', #1368, .T. ) ;
#9283 = CARTESIAN_POINT ( 'NONE',  ( -1.859375000000025535, 0.4058214234295524081, -0.5999999999999999778 ) ) ;
#9284 = ORIENTED_EDGE ( 'NONE', *, *, #7414, .F. ) ;
#9285 = ORIENTED_EDGE ( 'NONE', *, *, #5935, .T. ) ;
#9286 = DIRECTION ( 'NONE',  ( -0.2588190451025010330, 0.9659258262890736413, 0.000000000000000000 ) ) ;
#9287 = ORIENTED_EDGE ( 'NONE', *, *, #5239, .T. ) ;
#9288 = ADVANCED_FACE ( 'NONE', ( #6905 ), #8026, .T. ) ;
#9289 = DIRECTION ( 'NONE',  ( 0.000000000000000000, 0.000000000000000000, 1.000000000000000000 ) ) ;
#9290 = LINE ( 'NONE', #1146, #3418 ) ;
#9291 = DIRECTION ( 'NONE',  ( -0.4999999999999525380, 0.8660254037844660191, 6.829619984160642466E-15 ) ) ;
#9292 = FACE_OUTER_BOUND ( 'NONE', #3657, .T. ) ;
#9293 = ORIENTED_EDGE ( 'NONE', *, *, #394, .T. ) ;
#9294 = DIRECTION ( 'NONE',  ( 0.9659258262890647595, -0.2588190451025340066, -5.200752957859881315E-15 ) ) ;
#9295 = EDGE_LOOP ( 'NONE', ( #8396, #21 ) ) ;
#9296 = EDGE_CURVE ( 'NONE', #3965, #2951, #3294, .T. ) ;
#9297 = CIRCLE ( 'NONE', #2757, 0.2500000000000000000 ) ;
#9298 = EDGE_CURVE ( 'NONE', #7614, #5651, #7877, .T. ) ;
#9299 = EDGE_CURVE ( 'NONE', #6097, #4732, #2587, .T. ) ;
#9300 = PRESENTATION_STYLE_ASSIGNMENT (( #1344 ) ) ;
#9301 = ORIENTED_EDGE ( 'NONE', *, *, #3300, .F. ) ;
#9302 = FACE_OUTER_BOUND ( 'NONE', #8984, .T. ) ;
#9303 = DIRECTION ( 'NONE',  ( 3.023406148612404967E-15, -1.000000000000000000, 0.000000000000000000 ) ) ;
#9304 = CARTESIAN_POINT ( 'NONE',  ( 1.781250000000008438, -4.038522381758778294E-17, -0.9487499999999929878 ) ) ;
#9305 = CARTESIAN_POINT ( 'NONE',  ( -2.223346062651749389, -0.4263122719359546120, -0.8160814793539353795 ) ) ;
#9306 = FACE_OUTER_BOUND ( 'NONE', #5948, .T. ) ;
#9307 = DIRECTION ( 'NONE',  ( -0.4999999999999963363, 0.8660254037844407060, 0.000000000000000000 ) ) ;
#9308 = ORIENTED_EDGE ( 'NONE', *, *, #6953, .F. ) ;
#9309 = ADVANCED_FACE ( 'NONE', ( #2534 ), #2726, .F. ) ;
#9310 = CARTESIAN_POINT ( 'NONE',  ( -2.293247638562450508, -0.4038551499215471408, -0.8474999999999995870 ) ) ;
#9311 = ADVANCED_FACE ( 'NONE', ( #3347 ), #3251, .T. ) ;
#9312 = CARTESIAN_POINT ( 'NONE',  ( 0.000000000000000000, -0.2687499999999988787, 0.000000000000000000 ) ) ;
#9313 = LINE ( 'NONE', #4975, #3679 ) ;
#9314 = CARTESIAN_POINT ( 'NONE',  ( 2.390625000000005773, 0.3476343040825996544, -0.8474999999999995870 ) ) ;
#9315 = CARTESIAN_POINT ( 'NONE',  ( -2.376618649053890753, -0.3451796254713022094, -0.9499999999999999556 ) ) ;
#9316 = ORIENTED_EDGE ( 'NONE', *, *, #4868, .T. ) ;
#9317 = ORIENTED_EDGE ( 'NONE', *, *, #5478, .F. ) ;
#9318 = CARTESIAN_POINT ( 'NONE',  ( -1.351374999999987114, 5.449678256205675038E-18, 0.000000000000000000 ) ) ;
#9319 = EDGE_CURVE ( 'NONE', #3780, #2869, #5570, .T. ) ;
#9320 = CARTESIAN_POINT ( 'NONE',  ( 0.000000000000000000, -0.1762500000000011557, 0.000000000000000000 ) ) ;
#9321 = VERTEX_POINT ( 'NONE', #4158 ) ;
#9322 = CARTESIAN_POINT ( 'NONE',  ( 1.873381350946074386, -0.3451796254712989898, -0.9499999999999998446 ) ) ;
#9323 = CIRCLE ( 'NONE', #497, 0.2175000000000120726 ) ;
#9324 = VERTEX_POINT ( 'NONE', #7049 ) ;
#9325 = CARTESIAN_POINT ( 'NONE',  ( 2.390625000000005773, 0.6404979548822425928, -0.9499999999999999556 ) ) ;
#9326 = B_SPLINE_CURVE_WITH_KNOTS ( 'NONE', 3,
 ( #4721, #2581, #5474, #8276 ),
 .UNSPECIFIED., .F., .F.,
 ( 4, 4 ),
 ( 4.848749842468926940E-05, 0.001266630838601816821 ),
 .UNSPECIFIED. ) ;
#9327 = DIRECTION ( 'NONE',  ( -1.000000000000000000, 0.000000000000000000, 0.000000000000000000 ) ) ;
#9328 = VECTOR ( 'NONE', #8188, 39.37007874015748143 ) ;
#9329 = FACE_OUTER_BOUND ( 'NONE', #9276, .T. ) ;
#9330 = FACE_OUTER_BOUND ( 'NONE', #2701, .T. ) ;
#9331 = ORIENTED_EDGE ( 'NONE', *, *, #265, .F. ) ;
#9332 = ORIENTED_EDGE ( 'NONE', *, *, #7135, .T. ) ;
#9333 = VERTEX_POINT ( 'NONE', #3442 ) ;
#9334 = LINE ( 'NONE', #2145, #6668 ) ;
#9335 = ORIENTED_EDGE ( 'NONE', *, *, #3608, .F. ) ;
#9336 = FILL_AREA_STYLE ('',( #6434 ) ) ;
#9337 = CARTESIAN_POINT ( 'NONE',  ( 2.546874999999995559, -0.5502869753213698312, -0.4150000000000000910 ) ) ;
#9338 = DIRECTION ( 'NONE',  ( 0.000000000000000000, 0.000000000000000000, 1.000000000000000000 ) ) ;
#9339 = DIRECTION ( 'NONE',  ( 0.000000000000000000, 0.000000000000000000, -1.000000000000000000 ) ) ;
#9340 = ORIENTED_EDGE ( 'NONE', *, *, #5331, .F. ) ;
#9341 = VECTOR ( 'NONE', #5791, 39.37007874015748854 ) ;
#9342 = CARTESIAN_POINT ( 'NONE',  ( -2.265624999999998668, 0.2790714234295565421, -0.5357500000000000595 ) ) ;
#9343 = ORIENTED_EDGE ( 'NONE', *, *, #3881, .F. ) ;
#9344 = AXIS2_PLACEMENT_3D ( 'NONE', #7603, #3187, #3325 ) ;
#9345 = LINE ( 'NONE', #815, #3012 ) ;
#9346 = VERTEX_POINT ( 'NONE', #2819 ) ;
#9347 = CARTESIAN_POINT ( 'NONE',  ( 2.546874999999995559, -0.5502869753213696091, -0.4649999999999999689 ) ) ;
#9348 = DIRECTION ( 'NONE',  ( -1.000000000000000000, 5.142302105720781001E-14, 0.000000000000000000 ) ) ;
#9349 = CARTESIAN_POINT ( 'NONE',  ( 2.211547108317583721, -0.4288541104406776716, -0.7849999999997243627 ) ) ;
#9350 = PLANE ( 'NONE',  #5132 ) ;
#9351 = EDGE_CURVE ( 'NONE', #3688, #935, #2864, .T. ) ;
#9352 = FACE_OUTER_BOUND ( 'NONE', #5871, .T. ) ;
#9353 = VECTOR ( 'NONE', #8397, 39.37007874015747433 ) ;
#9354 = EDGE_LOOP ( 'NONE', ( #3454, #208, #7353, #7205 ) ) ;
#9355 = EDGE_CURVE ( 'NONE', #9184, #2825, #1385, .T. ) ;
#9356 = VECTOR ( 'NONE', #2350, 39.37007874015748143 ) ;
#9357 = EDGE_CURVE ( 'NONE', #2951, #2410, #8482, .T. ) ;
#9358 = DIRECTION ( 'NONE',  ( -1.000000000000000000, 0.000000000000000000, 0.000000000000000000 ) ) ;
#9359 = ORIENTED_EDGE ( 'NONE', *, *, #3091, .F. ) ;
#9360 = LINE ( 'NONE', #7017, #3005 ) ;
#9361 = VECTOR ( 'NONE', #8133, 39.37007874015747433 ) ;
#9362 = DIRECTION ( 'NONE',  ( 0.000000000000000000, 0.000000000000000000, 1.000000000000000000 ) ) ;
#9363 = CARTESIAN_POINT ( 'NONE',  ( 2.390625000000005773, 0.6404979548822425928, 0.000000000000000000 ) ) ;
#9364 = CARTESIAN_POINT ( 'NONE',  ( -2.436921483098145824, -0.01912127111213557731, -0.2545484930337157947 ) ) ;
#9365 = EDGE_CURVE ( 'NONE', #9333, #8384, #5139, .T. ) ;
#9366 = ORIENTED_EDGE ( 'NONE', *, *, #5964, .F. ) ;
#9367 = CARTESIAN_POINT ( 'NONE',  ( -2.281250000000000000, 0.2706329386826341055, 0.000000000000000000 ) ) ;
#9368 = DIRECTION ( 'NONE',  ( -0.7071067811865260344, -0.7071067811865691111, 0.000000000000000000 ) ) ;
#9369 = DIRECTION ( 'NONE',  ( 0.000000000000000000, 1.000000000000000000, 0.000000000000000000 ) ) ;
#9370 = ORIENTED_EDGE ( 'NONE', *, *, #4004, .F. ) ;
#9371 = ADVANCED_FACE ( 'NONE', ( #9292 ), #2412, .F. ) ;
#9372 = CARTESIAN_POINT ( 'NONE',  ( -2.125000000000000000, 0.000000000000000000, 0.000000000000000000 ) ) ;
#9373 = B_SPLINE_CURVE_WITH_KNOTS ( 'NONE', 3,
 ( #2015, #5060, #6402, #4364 ),
 .UNSPECIFIED., .F., .F.,
 ( 4, 4 ),
 ( 0.000000000000000000, 0.001266630838601559431 ),
 .UNSPECIFIED. ) ;
#9374 = DIRECTION ( 'NONE',  ( -0.000000000000000000, -0.000000000000000000, 1.000000000000000000 ) ) ;
#9375 = EDGE_CURVE ( 'NONE', #6481, #2154, #6576, .T. ) ;
#9376 = CARTESIAN_POINT ( 'NONE',  ( 0.000000000000000000, 0.7087499999999931077, 0.000000000000000000 ) ) ;
#9377 = CARTESIAN_POINT ( 'NONE',  ( 2.125000000000000000, 0.000000000000000000, -0.9499999999999999556 ) ) ;
#9378 = ORIENTED_EDGE ( 'NONE', *, *, #6678, .T. ) ;
#9379 = EDGE_LOOP ( 'NONE', ( #3295, #5409, #2621, #6463 ) ) ;
#9380 = CARTESIAN_POINT ( 'NONE',  ( 1.994375000000009557, 0.6404979548822627988, -0.2600000000000000089 ) ) ;
#9381 = VERTEX_POINT ( 'NONE', #2961 ) ;
#9382 = CARTESIAN_POINT ( 'NONE',  ( -1.437499999999995337, -0.09021097956086862601, -0.7350000000000000977 ) ) ;
#9383 = FACE_OUTER_BOUND ( 'NONE', #7939, .T. ) ;
#9384 = DIRECTION ( 'NONE',  ( -7.249756350802272209E-14, -1.000000000000000000, -0.000000000000000000 ) ) ;
#9385 =( LENGTH_UNIT ( ) NAMED_UNIT ( * ) SI_UNIT ( $, .METRE. ) );
#9386 = VECTOR ( 'NONE', #6256, 39.37007874015748143 ) ;
#9387 = DIRECTION ( 'NONE',  ( 1.000000000000000000, 0.000000000000000000, 0.000000000000000000 ) ) ;
#9388 = ORIENTED_EDGE ( 'NONE', *, *, #4031, .F. ) ;
#9389 = CONICAL_SURFACE ( 'NONE', #6500, 1.020000000000000018, 0.7853981633974461696 ) ;
#9390 = DIRECTION ( 'NONE',  ( -0.000000000000000000, -0.000000000000000000, 1.000000000000000000 ) ) ;
#9391 = ORIENTED_EDGE ( 'NONE', *, *, #2255, .F. ) ;
#9392 = LINE ( 'NONE', #5673, #6805 ) ;
#9393 = VECTOR ( 'NONE', #288, 39.37007874015748143 ) ;
#9394 = CARTESIAN_POINT ( 'NONE',  ( 2.453125000000005329, 0.3904979548822426483, -0.6999999999999999556 ) ) ;
#9395 = CARTESIAN_POINT ( 'NONE',  ( 1.813004557839720920, -0.01775088930758956032, -0.9174999999999992051 ) ) ;
#9396 = FACE_OUTER_BOUND ( 'NONE', #4821, .T. ) ;
#9397 = VECTOR ( 'NONE', #8577, 39.37007874015748143 ) ;
#9398 = DIRECTION ( 'NONE',  ( 1.000000000000000000, 1.865610830299460874E-15, 0.000000000000000000 ) ) ;
#9399 = VERTEX_POINT ( 'NONE', #4310 ) ;
#9400 = CARTESIAN_POINT ( 'NONE',  ( 2.296874244255246111, -0.2991391718944301781, -0.9499999999999999556 ) ) ;
#9401 = EDGE_LOOP ( 'NONE', ( #6166, #3028, #1243, #5788 ) ) ;
#9402 = VECTOR ( 'NONE', #5864, 39.37007874015748143 ) ;
#9403 = VECTOR ( 'NONE', #891, 39.37007874015748143 ) ;
#9404 = CARTESIAN_POINT ( 'NONE',  ( 2.265624999999998668, 0.2790714234295562646, -0.9499999999999999556 ) ) ;
#9405 = AXIS2_PLACEMENT_3D ( 'NONE', #5708, #8612, #2762 ) ;
#9406 = EDGE_CURVE ( 'NONE', #9381, #9420, #6485, .T. ) ;
#9407 = EDGE_CURVE ( 'NONE', #9167, #6724, #4959, .T. ) ;
#9408 = CARTESIAN_POINT ( 'NONE',  ( 2.287238560149773559, 0.2921469406300697402, -0.9391135601497752061 ) ) ;
#9409 = CARTESIAN_POINT ( 'NONE',  ( 1.167433081593972632, 0.3012499999999982969, -0.4999999999999999445 ) ) ;
#9410 = CARTESIAN_POINT ( 'NONE',  ( -2.211547108317882149, -0.4288541104406126681, -0.4150000000000000910 ) ) ;
#9411 = ORIENTED_EDGE ( 'NONE', *, *, #508, .T. ) ;
#9412 = VECTOR ( 'NONE', #5138, 39.37007874015748854 ) ;
#9413 = AXIS2_PLACEMENT_3D ( 'NONE', #7745, #1223, #2798 ) ;
#9414 = ORIENTED_EDGE ( 'NONE', *, *, #3921, .T. ) ;
#9415 = CARTESIAN_POINT ( 'NONE',  ( -1.780000755744757912, 0.0007221241659221596786, -0.9499999999999999556 ) ) ;
#9416 = ADVANCED_FACE ( 'NONE', ( #2238 ), #5848, .F. ) ;
#9417 = CIRCLE ( 'NONE', #1967, 0.3124999999999972800 ) ;
#9418 = DIRECTION ( 'NONE',  ( 1.000000000000000000, 0.000000000000000000, 0.000000000000000000 ) ) ;
#9419 = ORIENTED_EDGE ( 'NONE', *, *, #4701, .T. ) ;
#9420 = VERTEX_POINT ( 'NONE', #2767 ) ;
#9421 = ADVANCED_FACE ( 'NONE', ( #5666, #4261, #719 ), #7190, .T. ) ;
#9422 = EDGE_CURVE ( 'NONE', #1691, #8514, #5450, .T. ) ;
#9423 = VECTOR ( 'NONE', #5031, 39.37007874015748143 ) ;
#9424 = EDGE_LOOP ( 'NONE', ( #5469, #4181, #4385, #4720, #8246, #1875, #7768, #3648, #2283, #3494, #8000 ) ) ;
#9425 = DIRECTION ( 'NONE',  ( -0.4999999999999972800, -0.8660254037844402619, 0.000000000000000000 ) ) ;
#9426 = CARTESIAN_POINT ( 'NONE',  ( 1.559174798107780591, -0.01996200211974713534, -0.5999999999999999778 ) ) ;
#9427 = CARTESIAN_POINT ( 'NONE',  ( -1.167433081593972632, 0.2687499999999986011, -0.2499999999999998890 ) ) ;
#9428 = LINE ( 'NONE', #7406, #4933 ) ;
#9429 = EDGE_LOOP ( 'NONE', ( #3386, #4023, #4230, #500 ) ) ;
#9430 = CARTESIAN_POINT ( 'NONE',  ( -2.233565120298022677, -0.4238310446009687649, -0.3737597234363085885 ) ) ;
#9431 = VERTEX_POINT ( 'NONE', #3490 ) ;
#9432 = EDGE_CURVE ( 'NONE', #5573, #3976, #6393, .T. ) ;
#9433 = CIRCLE ( 'NONE', #1823, 0.06425000000000000155 ) ;
#9434 = DIRECTION ( 'NONE',  ( 0.000000000000000000, 0.000000000000000000, 1.000000000000000000 ) ) ;
#9435 = DIRECTION ( 'NONE',  ( -1.000000000000000000, -1.865610830299460874E-15, -0.000000000000000000 ) ) ;
#9436 = CARTESIAN_POINT ( 'NONE',  ( -2.442744587066288720, 0.3007615618774220345, -0.3802642447046674645 ) ) ;
#9437 = CARTESIAN_POINT ( 'NONE',  ( -2.059687500000002558, 0.1131245683693413162, -0.2500000000000000555 ) ) ;
ENDSEC;
END-ISO-10303-21;
