ISO-10303-21;
HEADER;
FILE_DESCRIPTION (( 'STEP AP214' ),
    '1' );
FILE_NAME ('3_cable_guide_housing_2.STEP',
    '2025-09-03T21:09:13',
    ( '' ),
    ( '' ),
    'SwSTEP 2.0',
    'SolidWorks 2022',
    '' );
FILE_SCHEMA (( 'AUTOMOTIVE_DESIGN' ));
ENDSEC;

DATA;
#1 = EDGE_LOOP ( 'NONE', ( #3178, #7858, #1538, #379 ) ) ;
#2 = ADVANCED_FACE ( 'NONE', ( #9063 ), #5478, .F. ) ;
#3 = VERTEX_POINT ( 'NONE', #6975 ) ;
#4 = CARTESIAN_POINT ( 'NONE',  ( 2.390625000000005329, 0.6380358307719737887, 0.7350000000000000977 ) ) ;
#5 = CARTESIAN_POINT ( 'NONE',  ( -0.8325000000000002398, 0.1762500000000011557, 0.000000000000000000 ) ) ;
#6 = CARTESIAN_POINT ( 'NONE',  ( 2.453125000000005329, 0.2893790496476773000, 0.4650000000000000799 ) ) ;
#7 = CARTESIAN_POINT ( 'NONE',  ( 1.769157665914542266, -0.5121629978800764649, 0.5999999999999999778 ) ) ;
#8 = ORIENTED_EDGE ( 'NONE', *, *, #2520, .F. ) ;
#9 = AXIS2_PLACEMENT_3D ( 'NONE', #1240, #4138, #7080 ) ;
#10 = ORIENTED_EDGE ( 'NONE', *, *, #267, .F. ) ;
#11 = DIRECTION ( 'NONE',  ( 0.000000000000000000, 0.000000000000000000, -1.000000000000000000 ) ) ;
#12 = FACE_OUTER_BOUND ( 'NONE', #2195, .T. ) ;
#13 = VECTOR ( 'NONE', #3448, 39.37007874015748143 ) ;
#14 = EDGE_CURVE ( 'NONE', #3736, #442, #3438, .T. ) ;
#15 = ADVANCED_FACE ( 'NONE', ( #3990, #6933 ), #9200, .F. ) ;
#16 = CIRCLE ( 'NONE', #5345, 0.06425000000000000155 ) ;
#17 = ORIENTED_EDGE ( 'NONE', *, *, #7777, .T. ) ;
#18 = CARTESIAN_POINT ( 'NONE',  ( 2.265624999999998668, 0.2790714234295562646, 0.9499999999999999556 ) ) ;
#19 = LINE ( 'NONE', #8653, #5181 ) ;
#20 = CARTESIAN_POINT ( 'NONE',  ( 1.984375000000021094, 0.3904979548822709035, 0.6999999999999999556 ) ) ;
#21 = CARTESIAN_POINT ( 'NONE',  ( 1.984375000000010880, 0.6079979548822667113, 0.5357500000000000595 ) ) ;
#22 = CARTESIAN_POINT ( 'NONE',  ( 2.425200201892211638, -0.4800379978802461478, 0.5999999999999999778 ) ) ;
#23 = DIRECTION ( 'NONE',  ( 0.5000000000000041078, -0.8660254037844363761, -0.000000000000000000 ) ) ;
#24 = ORIENTED_EDGE ( 'NONE', *, *, #1454, .T. ) ;
#25 = ADVANCED_FACE ( 'NONE', ( #2040 ), #8992, .F. ) ;
#26 = VERTEX_POINT ( 'NONE', #8621 ) ;
#27 = CARTESIAN_POINT ( 'NONE',  ( -2.293247638562450508, -0.4038551499215471408, 0.8474999999999995870 ) ) ;
#28 = EDGE_CURVE ( 'NONE', #3097, #8329, #7126, .T. ) ;
#29 = LINE ( 'NONE', #8086, #7742 ) ;
#30 = VERTEX_POINT ( 'NONE', #3366 ) ;
#31 = DIRECTION ( 'NONE',  ( 8.208687653317557480E-14, -1.000000000000000000, 0.000000000000000000 ) ) ;
#32 = CARTESIAN_POINT ( 'NONE',  ( -2.744999999999999662, -0.2071244090717827002, 0.2175000000000009148 ) ) ;
#33 = DIRECTION ( 'NONE',  ( 0.5000000000000056621, 0.8660254037844353769, 0.000000000000000000 ) ) ;
#34 = CONICAL_SURFACE ( 'NONE', #6910, 0.2175000000000008593, 0.7853981633974506105 ) ;
#35 = CYLINDRICAL_SURFACE ( 'NONE', #8858, 0.2500000000000000000 ) ;
#36 = EDGE_CURVE ( 'NONE', #2846, #190, #4278, .T. ) ;
#37 = EDGE_LOOP ( 'NONE', ( #6815, #5649, #5287, #4464 ) ) ;
#38 = CARTESIAN_POINT ( 'NONE',  ( -1.703124999999971134, -0.5502869753213720516, 0.000000000000000000 ) ) ;
#39 = LINE ( 'NONE', #5006, #440 ) ;
#40 = DIRECTION ( 'NONE',  ( -3.023406148612404967E-15, -1.000000000000000000, 0.000000000000000000 ) ) ;
#41 = EDGE_CURVE ( 'NONE', #2765, #3717, #4225, .T. ) ;
#42 = CIRCLE ( 'NONE', #3837, 0.2500000000000000000 ) ;
#43 = CARTESIAN_POINT ( 'NONE',  ( 1.559174798107780591, -0.01996200211974713534, 0.5999999999999999778 ) ) ;
#44 = EDGE_LOOP ( 'NONE', ( #7304, #8, #533, #1535 ) ) ;
#45 = PLANE ( 'NONE',  #1480 ) ;
#46 = EDGE_LOOP ( 'NONE', ( #2413, #7529, #441, #6231 ) ) ;
#47 = CIRCLE ( 'NONE', #5374, 0.06425000000000000155 ) ;
#48 = EDGE_LOOP ( 'NONE', ( #7538, #7576, #5156, #8152, #5560, #8402, #7246, #7613, #1577, #923, #6150 ) ) ;
#49 = PLANE ( 'NONE',  #2144 ) ;
#50 = CARTESIAN_POINT ( 'NONE',  ( -1.956752361437507526, -0.4038551499215299323, 0.000000000000000000 ) ) ;
#51 = DIRECTION ( 'NONE',  ( -0.9659258262890734192, -0.2588190451025017547, 0.000000000000000000 ) ) ;
#52 = CARTESIAN_POINT ( 'NONE',  ( 7.214284512145305488E-17, 0.3012499999999982969, 0.2175000000000014422 ) ) ;
#53 = ORIENTED_EDGE ( 'NONE', *, *, #7812, .F. ) ;
#54 = EDGE_LOOP ( 'NONE', ( #6758, #2951 ) ) ;
#55 = EDGE_CURVE ( 'NONE', #6297, #4182, #7899, .T. ) ;
#56 = FACE_BOUND ( 'NONE', #6212, .T. ) ;
#57 = DIRECTION ( 'NONE',  ( -0.000000000000000000, -0.000000000000000000, -1.000000000000000000 ) ) ;
#58 = VERTEX_POINT ( 'NONE', #2138 ) ;
#59 = CYLINDRICAL_SURFACE ( 'NONE', #4103, 0.009999999999999951636 ) ;
#60 = CARTESIAN_POINT ( 'NONE',  ( 2.405883989286915714, 0.3355532005316608224, 0.8460649621165563516 ) ) ;
#61 = EDGE_LOOP ( 'NONE', ( #6816, #6422, #6441, #6098 ) ) ;
#62 = AXIS2_PLACEMENT_3D ( 'NONE', #9156, #1907, #2048 ) ;
#63 = CARTESIAN_POINT ( 'NONE',  ( 2.690825201892120155, -0.01996200211991487269, 0.5999999999999999778 ) ) ;
#64 = CARTESIAN_POINT ( 'NONE',  ( -2.453125000000024869, 0.2893790496476557617, 0.7898321067049647315 ) ) ;
#65 = DIRECTION ( 'NONE',  ( 0.000000000000000000, 0.000000000000000000, 1.000000000000000000 ) ) ;
#66 = ADVANCED_FACE ( 'NONE', ( #8720 ), #7995, .F. ) ;
#67 = DIRECTION ( 'NONE',  ( 3.023406148612404573E-15, -1.000000000000000000, 0.000000000000000000 ) ) ;
#68 = CARTESIAN_POINT ( 'NONE',  ( -2.453125000000005329, 0.6404979548822425928, 0.7849999999999999201 ) ) ;
#69 = VECTOR ( 'NONE', #6296, 39.37007874015748854 ) ;
#70 = ORIENTED_EDGE ( 'NONE', *, *, #3677, .F. ) ;
#71 = CARTESIAN_POINT ( 'NONE',  ( -2.226581015650952899, -0.4255588971243284280, 0.8197202386689930176 ) ) ;
#72 = DIRECTION ( 'NONE',  ( 0.4999999999999527600, 0.8660254037844661301, 0.000000000000000000 ) ) ;
#73 = EDGE_CURVE ( 'NONE', #9244, #432, #3411, .T. ) ;
#74 = EDGE_CURVE ( 'NONE', #8973, #6127, #2237, .T. ) ;
#75 = EDGE_LOOP ( 'NONE', ( #2568, #3984 ) ) ;
#76 = LINE ( 'NONE', #4465, #3449 ) ;
#77 = LINE ( 'NONE', #32, #1923 ) ;
#78 = DIRECTION ( 'NONE',  ( 0.4999999999999920619, -0.8660254037844432595, 2.185478394931430691E-15 ) ) ;
#79 = CARTESIAN_POINT ( 'NONE',  ( 2.405742883364027751, 0.3356736947502531598, 0.3538915543536295671 ) ) ;
#80 = EDGE_LOOP ( 'NONE', ( #8936, #2276 ) ) ;
#81 = DIRECTION ( 'NONE',  ( 0.8660254037844432595, -0.4999999999999919509, 0.000000000000000000 ) ) ;
#82 = FACE_OUTER_BOUND ( 'NONE', #2412, .T. ) ;
#83 = CARTESIAN_POINT ( 'NONE',  ( -2.451525660056900868, 0.6192682622734069220, 0.8011496496916047372 ) ) ;
#84 = ADVANCED_FACE ( 'NONE', ( #1379 ), #2087, .F. ) ;
#85 = VERTEX_POINT ( 'NONE', #1282 ) ;
#86 = VERTEX_POINT ( 'NONE', #3555 ) ;
#87 = DIRECTION ( 'NONE',  ( 1.000000000000000000, -0.000000000000000000, 0.000000000000000000 ) ) ;
#88 = EDGE_CURVE ( 'NONE', #7564, #2325, #5620, .T. ) ;
#89 = CIRCLE ( 'NONE', #402, 0.06249999999999967387 ) ;
#90 = ORIENTED_EDGE ( 'NONE', *, *, #3405, .F. ) ;
#91 = EDGE_LOOP ( 'NONE', ( #184, #488, #6190, #9026 ) ) ;
#92 = VERTEX_POINT ( 'NONE', #6487 ) ;
#93 = DIRECTION ( 'NONE',  ( 0.000000000000000000, 0.000000000000000000, -1.000000000000000000 ) ) ;
#94 = DIRECTION ( 'NONE',  ( -0.9659258262890647595, -0.2588190451025340066, 5.200752957859881315E-15 ) ) ;
#95 = DIRECTION ( 'NONE',  ( 2.512044132105060867E-15, -1.000000000000000000, -6.280110330262652168E-16 ) ) ;
#96 = FACE_OUTER_BOUND ( 'NONE', #7962, .T. ) ;
#97 = ORIENTED_EDGE ( 'NONE', *, *, #3638, .F. ) ;
#98 = CARTESIAN_POINT ( 'NONE',  ( 2.265624999999998668, 0.2790714234295565421, 0.9499999999999999556 ) ) ;
#99 = VERTEX_POINT ( 'NONE', #1421 ) ;
#100 = CARTESIAN_POINT ( 'NONE',  ( -1.813004557839720920, -0.01775088930758956032, 0.2600000000000002309 ) ) ;
#101 = AXIS2_PLACEMENT_3D ( 'NONE', #2558, #7514, #7664 ) ;
#102 = VECTOR ( 'NONE', #7236, 39.37007874015748143 ) ;
#103 = DIRECTION ( 'NONE',  ( 1.000000000000000000, 0.000000000000000000, 0.000000000000000000 ) ) ;
#104 = ORIENTED_EDGE ( 'NONE', *, *, #4683, .F. ) ;
#105 = CARTESIAN_POINT ( 'NONE',  ( -2.125000000000000000, 0.4764989774411177437, 0.1944947243515862401 ) ) ;
#106 = CYLINDRICAL_SURFACE ( 'NONE', #6424, 0.8325000000000002398 ) ;
#107 = VERTEX_POINT ( 'NONE', #9432 ) ;
#108 = VECTOR ( 'NONE', #3036, 39.37007874015748854 ) ;
#109 = FACE_OUTER_BOUND ( 'NONE', #3994, .T. ) ;
#110 = CARTESIAN_POINT ( 'NONE',  ( -2.060750000000000082, 0.4764989774411177437, 0.2500000000000000555 ) ) ;
#111 = CARTESIAN_POINT ( 'NONE',  ( -1.479198420634004973, -0.06613638518304112979, 0.8474999999999995870 ) ) ;
#112 = CARTESIAN_POINT ( 'NONE',  ( -1.984375000000021094, 0.3904979548822709035, 0.6999999999999999556 ) ) ;
#113 = DIRECTION ( 'NONE',  ( -0.000000000000000000, -0.000000000000000000, 1.000000000000000000 ) ) ;
#114 = B_SPLINE_CURVE_WITH_KNOTS ( 'NONE', 3,
 ( #2888, #9478, #4991, #2133, #5709, #3645, #5807, #8760, #5851, #5038, #7217, #2976, #6439, #4318 ),
 .UNSPECIFIED., .F., .F.,
 ( 4, 2, 2, 2, 2, 2, 4 ),
 ( 0.000000000000000000, 0.0007337661947641793475, 0.001467532389528358695, 0.001834415486910448423, 0.002201298584292537934, 0.002568181681674627879, 0.002935064779056717390 ),
 .UNSPECIFIED. ) ;
#115 = VECTOR ( 'NONE', #977, 39.37007874015748143 ) ;
#116 = AXIS2_PLACEMENT_3D ( 'NONE', #2638, #7788, #4255 ) ;
#117 = AXIS2_PLACEMENT_3D ( 'NONE', #22, #3590, #6525 ) ;
#118 = EDGE_LOOP ( 'NONE', ( #1205, #4038, #4288, #1201 ) ) ;
#119 = EDGE_CURVE ( 'NONE', #7582, #4775, #2085, .T. ) ;
#120 = CARTESIAN_POINT ( 'NONE',  ( -1.700256350946108164, -0.04531832941093606737, 0.9499999999999999556 ) ) ;
#121 = CIRCLE ( 'NONE', #2563, 0.2175000000000120726 ) ;
#122 = VECTOR ( 'NONE', #1189, 39.37007874015748143 ) ;
#123 = AXIS2_PLACEMENT_3D ( 'NONE', #1831, #9174, #9126 ) ;
#124 = PRESENTATION_STYLE_ASSIGNMENT (( #220 ) ) ;
#125 = VERTEX_POINT ( 'NONE', #9339 ) ;
#126 =( NAMED_UNIT ( * ) SI_UNIT ( $, .STERADIAN. ) SOLID_ANGLE_UNIT ( ) );
#127 = CARTESIAN_POINT ( 'NONE',  ( -2.390625000000005773, 0.6404979548822425928, 0.9499999999999999556 ) ) ;
#128 = DIRECTION ( 'NONE',  ( 0.5000000000000041078, -0.8660254037844363761, -0.000000000000000000 ) ) ;
#129 = CARTESIAN_POINT ( 'NONE',  ( 2.453125000000006661, 0.2893790496476774110, 0.4100878509056116727 ) ) ;
#130 = CONICAL_SURFACE ( 'NONE', #5623, 0.5324999999999976419, 0.7853981633974536081 ) ;
#131 = VERTEX_POINT ( 'NONE', #2843 ) ;
#132 = ADVANCED_FACE ( 'NONE', ( #4323 ), #4663, .T. ) ;
#133 = EDGE_CURVE ( 'NONE', #8065, #9488, #2659, .T. ) ;
#134 = DIRECTION ( 'NONE',  ( 1.000000000000000000, 0.000000000000000000, 0.000000000000000000 ) ) ;
#135 = LINE ( 'NONE', #2551, #900 ) ;
#136 = DIRECTION ( 'NONE',  ( -0.8660254037844422603, -0.4999999999999939493, 0.000000000000000000 ) ) ;
#137 = ORIENTED_EDGE ( 'NONE', *, *, #2130, .F. ) ;
#138 = EDGE_LOOP ( 'NONE', ( #1243, #5148, #7531, #7910, #952, #3034 ) ) ;
#139 = CIRCLE ( 'NONE', #6088, 0.4374999999999960587 ) ;
#140 = FACE_OUTER_BOUND ( 'NONE', #5666, .T. ) ;
#141 = VECTOR ( 'NONE', #3073, 39.37007874015748854 ) ;
#142 = VERTEX_POINT ( 'NONE', #1944 ) ;
#143 = VECTOR ( 'NONE', #1589, 39.37007874015748143 ) ;
#144 = EDGE_CURVE ( 'NONE', #8403, #9102, #1958, .T. ) ;
#145 = VECTOR ( 'NONE', #7442, 39.37007874015748854 ) ;
#146 = ORIENTED_EDGE ( 'NONE', *, *, #3229, .F. ) ;
#147 = EDGE_CURVE ( 'NONE', #214, #5348, #6392, .T. ) ;
#148 = FACE_OUTER_BOUND ( 'NONE', #4672, .T. ) ;
#149 = CARTESIAN_POINT ( 'NONE',  ( -1.703124999999971134, -0.5502869753213720516, 0.9499999999999999556 ) ) ;
#150 = CARTESIAN_POINT ( 'NONE',  ( 2.546874999999995559, -0.5502869753213696091, 0.4649999999999999689 ) ) ;
#151 = CARTESIAN_POINT ( 'NONE',  ( 2.502978358448347151, -0.5300198112591532063, 0.8474999999999995870 ) ) ;
#152 = EDGE_LOOP ( 'NONE', ( #8900, #5999, #6109, #6327, #1665, #1820, #3577, #8737, #1871, #9049, #1272 ) ) ;
#153 = PLANE ( 'NONE',  #2223 ) ;
#154 = ADVANCED_FACE ( 'NONE', ( #2982 ), #1462, .F. ) ;
#155 = EDGE_LOOP ( 'NONE', ( #234, #5113, #7988, #3953 ) ) ;
#156 = VECTOR ( 'NONE', #2385, 39.37007874015747433 ) ;
#157 = ADVANCED_FACE ( 'NONE', ( #757 ), #3651, .F. ) ;
#158 = VERTEX_POINT ( 'NONE', #4422 ) ;
#159 = CARTESIAN_POINT ( 'NONE',  ( -1.559174798107780591, -0.01996200211974713534, 0.5999999999999999778 ) ) ;
#160 = CARTESIAN_POINT ( 'NONE',  ( 2.812500000000023093, 0.6404979548822424817, 0.6642500000000000071 ) ) ;
#161 = AXIS2_PLACEMENT_3D ( 'NONE', #3905, #8626, #6855 ) ;
#162 = DIRECTION ( 'NONE',  ( 0.000000000000000000, 1.000000000000000000, 0.000000000000000000 ) ) ;
#163 = CARTESIAN_POINT ( 'NONE',  ( 2.716854174377005826, -0.1908744090717846842, 0.2500000000000000555 ) ) ;
#164 = DIRECTION ( 'NONE',  ( -1.000000000000000000, -4.097771990496438649E-14, -6.829619984160731607E-15 ) ) ;
#165 = DIRECTION ( 'NONE',  ( 0.000000000000000000, 0.000000000000000000, 1.000000000000000000 ) ) ;
#166 = LINE ( 'NONE', #68, #420 ) ;
#167 = ORIENTED_EDGE ( 'NONE', *, *, #881, .T. ) ;
#168 = CONICAL_SURFACE ( 'NONE', #5039, 0.04249999999999893446, 0.7853981633974441712 ) ;
#169 = ORIENTED_EDGE ( 'NONE', *, *, #957, .F. ) ;
#170 = DIRECTION ( 'NONE',  ( -0.8660254037844363761, 0.5000000000000039968, 0.000000000000000000 ) ) ;
#171 = CARTESIAN_POINT ( 'NONE',  ( 1.437499999999994893, -0.09021097956086808478, 0.6999999999999999556 ) ) ;
#172 = PLANE ( 'NONE',  #6338 ) ;
#173 = ORIENTED_EDGE ( 'NONE', *, *, #7888, .F. ) ;
#174 = CARTESIAN_POINT ( 'NONE',  ( -1.951875000000012683, 0.6404979548822650193, 0.2500000000000000555 ) ) ;
#175 = CARTESIAN_POINT ( 'NONE',  ( 2.211547108317583721, -0.4288541104406776716, 0.7849999999997243627 ) ) ;
#176 = ADVANCED_FACE ( 'NONE', ( #3787 ), #8813, .T. ) ;
#177 = FACE_OUTER_BOUND ( 'NONE', #1, .T. ) ;
#178 = CARTESIAN_POINT ( 'NONE',  ( 2.453125000000005329, 0.6404979548822425928, 0.7849999999999999201 ) ) ;
#179 = ORIENTED_EDGE ( 'NONE', *, *, #7852, .T. ) ;
#180 = CARTESIAN_POINT ( 'NONE',  ( -2.189249999999999918, 0.4764989774411177437, 0.000000000000000000 ) ) ;
#181 = CARTESIAN_POINT ( 'NONE',  ( 2.390625000000005329, 0.3476343040825998765, 0.2500000000000000555 ) ) ;
#182 = CARTESIAN_POINT ( 'NONE',  ( -2.125000000000000000, 0.000000000000000000, 0.9499999999999999556 ) ) ;
#183 = ORIENTED_EDGE ( 'NONE', *, *, #7686, .T. ) ;
#184 = ORIENTED_EDGE ( 'NONE', *, *, #2061, .F. ) ;
#185 = CARTESIAN_POINT ( 'NONE',  ( -1.859375000000002665, 0.6404979548822695712, 6.829619984160658046E-17 ) ) ;
#186 = VECTOR ( 'NONE', #2622, 39.37007874015748854 ) ;
#187 = ORIENTED_EDGE ( 'NONE', *, *, #7026, .F. ) ;
#188 = EDGE_CURVE ( 'NONE', #3717, #789, #6138, .T. ) ;
#189 = B_SPLINE_CURVE_WITH_KNOTS ( 'NONE', 3,
 ( #8332, #2509, #4704, #6924, #8431, #5367 ),
 .UNSPECIFIED., .F., .F.,
 ( 4, 2, 4 ),
 ( 0.000000000000000000, 0.0002093745834697648719, 0.0004187491669395297439 ),
 .UNSPECIFIED. ) ;
#190 = VERTEX_POINT ( 'NONE', #2227 ) ;
#191 = VERTEX_POINT ( 'NONE', #1604 ) ;
#192 = VECTOR ( 'NONE', #4694, 39.37007874015748143 ) ;
#193 = DIRECTION ( 'NONE',  ( 0.5000000000000041078, -0.8660254037844363761, 0.000000000000000000 ) ) ;
#194 = LINE ( 'NONE', #5, #2623 ) ;
#195 = CARTESIAN_POINT ( 'NONE',  ( -1.710327891682111856, 0.1394750607929389485, 0.9499999999999999556 ) ) ;
#196 = DIRECTION ( 'NONE',  ( 0.8660254037844451469, -0.4999999999999888423, -0.000000000000000000 ) ) ;
#197 = VERTEX_POINT ( 'NONE', #5900 ) ;
#198 = DIRECTION ( 'NONE',  ( -0.5000000000000038858, -0.8660254037844363761, 0.000000000000000000 ) ) ;
#199 = ORIENTED_EDGE ( 'NONE', *, *, #7088, .T. ) ;
#200 = EDGE_CURVE ( 'NONE', #1998, #3080, #6191, .T. ) ;
#201 = CARTESIAN_POINT ( 'NONE',  ( -1.813831811574352804, -0.02882027952500396464, 0.2500000000000000555 ) ) ;
#202 = VERTEX_POINT ( 'NONE', #7413 ) ;
#203 = CARTESIAN_POINT ( 'NONE',  ( 2.211562499999971898, 0.1499306480301514644, 0.9499999999999999556 ) ) ;
#204 = DIRECTION ( 'NONE',  ( 0.000000000000000000, 0.000000000000000000, 1.000000000000000000 ) ) ;
#205 = ORIENTED_EDGE ( 'NONE', *, *, #3859, .T. ) ;
#206 = CARTESIAN_POINT ( 'NONE',  ( -2.237499999999999822, 0.4764989774411177437, 0.2500000000000000555 ) ) ;
#207 = CARTESIAN_POINT ( 'NONE',  ( -2.296370442160278635, -0.2613205341219648203, 0.9175000000000006484 ) ) ;
#208 = DIRECTION ( 'NONE',  ( 4.202843067175816776E-14, -1.000000000000000000, 0.000000000000000000 ) ) ;
#209 = EDGE_CURVE ( 'NONE', #7452, #7755, #77, .T. ) ;
#210 = CARTESIAN_POINT ( 'NONE',  ( 1.668770825622965859, -0.4257837998483141040, 0.2599999999999999534 ) ) ;
#211 = ADVANCED_FACE ( 'NONE', ( #7465 ), #8862, .T. ) ;
#212 = FILL_AREA_STYLE_COLOUR ( '', #6367 ) ;
#213 = ORIENTED_EDGE ( 'NONE', *, *, #8181, .T. ) ;
#214 = VERTEX_POINT ( 'NONE', #5130 ) ;
#215 = ORIENTED_EDGE ( 'NONE', *, *, #2639, .T. ) ;
#216 = ORIENTED_EDGE ( 'NONE', *, *, #7406, .T. ) ;
#217 = CARTESIAN_POINT ( 'NONE',  ( 2.425200201892211638, -0.4800379978802461478, 0.5357500000000002816 ) ) ;
#218 = PLANE ( 'NONE',  #5977 ) ;
#219 = B_SPLINE_CURVE_WITH_KNOTS ( 'NONE', 3,
 ( #2590, #5583, #4824, #8407, #9078, #3251 ),
 .UNSPECIFIED., .F., .F.,
 ( 4, 2, 4 ),
 ( 6.992893892674702526E-18, 0.0002093588874249736854, 0.0004187177748499403777 ),
 .UNSPECIFIED. ) ;
#220 = SURFACE_STYLE_USAGE ( .BOTH. , #6090 ) ;
#221 = ORIENTED_EDGE ( 'NONE', *, *, #3508, .F. ) ;
#222 = DIRECTION ( 'NONE',  ( 0.000000000000000000, 0.000000000000000000, 1.000000000000000000 ) ) ;
#223 = VECTOR ( 'NONE', #6053, 39.37007874015748143 ) ;
#224 = FACE_OUTER_BOUND ( 'NONE', #2927, .T. ) ;
#225 = DIRECTION ( 'NONE',  ( 0.4999999999999920064, -0.8660254037844433705, -0.000000000000000000 ) ) ;
#226 = CARTESIAN_POINT ( 'NONE',  ( 2.453125000000005329, 0.6256043137924175435, 0.7849999999999999201 ) ) ;
#227 = EDGE_LOOP ( 'NONE', ( #8313, #9297, #6944, #6705, #4849 ) ) ;
#228 = CARTESIAN_POINT ( 'NONE',  ( 1.859375000000029976, 0.3476343040826271880, 0.5357500000000000595 ) ) ;
#229 = LINE ( 'NONE', #8466, #4858 ) ;
#230 = CARTESIAN_POINT ( 'NONE',  ( -1.406249999999996003, -0.03608439182434083903, 0.7349999999999999867 ) ) ;
#231 = ORIENTED_EDGE ( 'NONE', *, *, #2876, .F. ) ;
#232 = ORIENTED_EDGE ( 'NONE', *, *, #2809, .T. ) ;
#233 = LINE ( 'NONE', #3192, #5123 ) ;
#234 = ORIENTED_EDGE ( 'NONE', *, *, #9099, .F. ) ;
#235 = AXIS2_PLACEMENT_3D ( 'NONE', #6821, #1558, #3084 ) ;
#236 = ORIENTED_EDGE ( 'NONE', *, *, #2649, .F. ) ;
#237 = ORIENTED_EDGE ( 'NONE', *, *, #5905, .F. ) ;
#238 = B_SPLINE_CURVE_WITH_KNOTS ( 'NONE', 3,
 ( #499, #2598, #454, #7693 ),
 .UNSPECIFIED., .F., .F.,
 ( 4, 4 ),
 ( 0.000000000000000000, 0.001266630838601559431 ),
 .UNSPECIFIED. ) ;
#239 = ADVANCED_FACE ( 'NONE', ( #2327 ), #3738, .F. ) ;
#240 = EDGE_CURVE ( 'NONE', #8054, #8489, #7371, .T. ) ;
#241 = DIRECTION ( 'NONE',  ( 0.5000000000000038858, -0.8660254037844362651, 0.000000000000000000 ) ) ;
#242 = CYLINDRICAL_SURFACE ( 'NONE', #8155, 0.06424999999999973788 ) ;
#243 = VECTOR ( 'NONE', #9159, 39.37007874015748143 ) ;
#244 = DIRECTION ( 'NONE',  ( 0.000000000000000000, 0.000000000000000000, 1.000000000000000000 ) ) ;
#245 = CARTESIAN_POINT ( 'NONE',  ( 2.459125952298427009, -0.005570755751948403868, 0.9391135601497714314 ) ) ;
#246 = ORIENTED_EDGE ( 'NONE', *, *, #9333, .T. ) ;
#247 = CARTESIAN_POINT ( 'NONE',  ( -2.537660219341328460, -0.2382494887205698075, 0.1944947243515862401 ) ) ;
#248 = ORIENTED_EDGE ( 'NONE', *, *, #1023, .F. ) ;
#249 = VERTEX_POINT ( 'NONE', #175 ) ;
#250 = EDGE_CURVE ( 'NONE', #2910, #6241, #258, .T. ) ;
#251 = ADVANCED_FACE ( 'NONE', ( #5996 ), #873, .F. ) ;
#252 = EDGE_CURVE ( 'NONE', #1160, #9087, #8681, .T. ) ;
#253 = LINE ( 'NONE', #3158, #7347 ) ;
#254 = DIRECTION ( 'NONE',  ( -0.7071067811865472397, 2.137870989964933542E-15, 0.7071067811865477948 ) ) ;
#255 = LINE ( 'NONE', #206, #1795 ) ;
#256 = CARTESIAN_POINT ( 'NONE',  ( -2.392868649053890628, -0.3170337998483087616, 0.9175000000000006484 ) ) ;
#257 = DIRECTION ( 'NONE',  ( -0.4999999999999527600, 0.8660254037844661301, 0.000000000000000000 ) ) ;
#258 = CIRCLE ( 'NONE', #1782, 0.3449999999999967537 ) ;
#259 = CARTESIAN_POINT ( 'NONE',  ( 1.691127361437541943, 0.05622084583895081006, 0.8474999999999995870 ) ) ;
#260 =( LENGTH_UNIT ( ) NAMED_UNIT ( * ) SI_UNIT ( $, .METRE. ) );
#261 = EDGE_LOOP ( 'NONE', ( #8334, #17, #360, #7897, #9252, #929 ) ) ;
#262 = VERTEX_POINT ( 'NONE', #2895 ) ;
#263 = AXIS2_PLACEMENT_3D ( 'NONE', #8733, #87, #5055 ) ;
#264 = EDGE_LOOP ( 'NONE', ( #9119, #8554, #4231, #1051 ) ) ;
#265 = EDGE_CURVE ( 'NONE', #202, #1810, #4980, .T. ) ;
#266 = LINE ( 'NONE', #8326, #3031 ) ;
#267 = EDGE_CURVE ( 'NONE', #6034, #8916, #4829, .T. ) ;
#268 = LINE ( 'NONE', #3875, #4446 ) ;
#269 = B_SPLINE_CURVE_WITH_KNOTS ( 'NONE', 3,
 ( #2616, #7024, #473, #6335, #8523, #5566 ),
 .UNSPECIFIED., .F., .F.,
 ( 4, 2, 4 ),
 ( 5.275955480050202716E-18, 0.0002093588874249763417, 0.0004187177748499473708 ),
 .UNSPECIFIED. ) ;
#270 = DIRECTION ( 'NONE',  ( -1.000000000000000000, -1.865610830299460874E-15, 0.000000000000000000 ) ) ;
#271 = VERTEX_POINT ( 'NONE', #6093 ) ;
#272 = DIRECTION ( 'NONE',  ( -0.4999999999999292233, 0.8660254037844796748, -0.000000000000000000 ) ) ;
#273 = EDGE_CURVE ( 'NONE', #2355, #1749, #9137, .T. ) ;
#274 = MECHANICAL_DESIGN_GEOMETRIC_PRESENTATION_REPRESENTATION (  '', ( #3007 ), #9151 ) ;
#275 = AXIS2_PLACEMENT_3D ( 'NONE', #4747, #2645, #7062 ) ;
#276 = FILL_AREA_STYLE ('',( #943 ) ) ;
#277 = CARTESIAN_POINT ( 'NONE',  ( 2.546874999999995559, -0.5502869753213701642, 0.9499999999999999556 ) ) ;
#278 = ORIENTED_EDGE ( 'NONE', *, *, #7837, .T. ) ;
#279 = EDGE_LOOP ( 'NONE', ( #6390, #2197, #7135, #1433, #1089, #5418, #5391, #2632, #3350, #7336, #4478, #2834, #6365, #8785, #1072, #2534, #2375, #3956, #6086, #7221, #8683, #4725 ) ) ;
#280 = DIRECTION ( 'NONE',  ( -1.000000000000000000, 0.000000000000000000, 0.000000000000000000 ) ) ;
#281 = AXIS2_PLACEMENT_3D ( 'NONE', #1580, #2158, #7243 ) ;
#282 = VECTOR ( 'NONE', #1094, 39.37007874015747433 ) ;
#283 = CIRCLE ( 'NONE', #6851, 0.06424999999999990441 ) ;
#284 = CARTESIAN_POINT ( 'NONE',  ( -1.919631350946071402, -0.4252869753213548987, 0.6999999999999999556 ) ) ;
#285 = ORIENTED_EDGE ( 'NONE', *, *, #1308, .F. ) ;
#286 = ORIENTED_EDGE ( 'NONE', *, *, #2049, .F. ) ;
#287 = CYLINDRICAL_SURFACE ( 'NONE', #9283, 0.2500000000000001665 ) ;
#288 = ORIENTED_EDGE ( 'NONE', *, *, #4739, .T. ) ;
#289 = VECTOR ( 'NONE', #5179, 39.37007874015748143 ) ;
#290 = DIRECTION ( 'NONE',  ( 0.000000000000000000, 0.000000000000000000, -1.000000000000000000 ) ) ;
#291 = VECTOR ( 'NONE', #3194, 39.37007874015748143 ) ;
#292 = AXIS2_PLACEMENT_3D ( 'NONE', #1304, #2206, #644 ) ;
#293 = ORIENTED_EDGE ( 'NONE', *, *, #3167, .T. ) ;
#294 = VERTEX_POINT ( 'NONE', #3180 ) ;
#295 = CARTESIAN_POINT ( 'NONE',  ( 1.951875000000010463, 0.6404979548822424817, 0.6642500000000000071 ) ) ;
#296 = CARTESIAN_POINT ( 'NONE',  ( -1.559174798107780591, -0.01996200211974714228, 0.5357500000000002816 ) ) ;
#297 = VECTOR ( 'NONE', #1637, 39.37007874015748143 ) ;
#298 = VECTOR ( 'NONE', #4471, 39.37007874015748143 ) ;
#299 = CARTESIAN_POINT ( 'NONE',  ( 2.546874999999995559, -0.5502869753213701642, 0.4650000000000000799 ) ) ;
#300 = CARTESIAN_POINT ( 'NONE',  ( 1.951875000000005578, 0.6404979548822650193, 0.2599999999999999534 ) ) ;
#301 = VERTEX_POINT ( 'NONE', #1092 ) ;
#302 = CARTESIAN_POINT ( 'NONE',  ( 0.000000000000000000, -0.6044135630578968410, 0.000000000000000000 ) ) ;
#303 = ORIENTED_EDGE ( 'NONE', *, *, #3867, .T. ) ;
#304 = ADVANCED_FACE ( 'NONE', ( #224 ), #6981, .T. ) ;
#305 = CIRCLE ( 'NONE', #8273, 0.2499999999999999167 ) ;
#306 = DIRECTION ( 'NONE',  ( -0.3535533905932985999, -0.6123724356959215909, -0.7071067811864248931 ) ) ;
#307 = ORIENTED_EDGE ( 'NONE', *, *, #1651, .T. ) ;
#308 = LINE ( 'NONE', #5979, #1978 ) ;
#309 = CARTESIAN_POINT ( 'NONE',  ( -1.167433081593972855, -0.3012499999999982969, 0.4999999999999996114 ) ) ;
#310 = CARTESIAN_POINT ( 'NONE',  ( 2.080500000000000238, 0.4764989774411177437, 0.000000000000000000 ) ) ;
#311 = DIRECTION ( 'NONE',  ( 0.000000000000000000, 0.000000000000000000, -1.000000000000000000 ) ) ;
#312 = DIRECTION ( 'NONE',  ( 0.5000000000000056621, 0.8660254037844353769, 0.000000000000000000 ) ) ;
#313 = VECTOR ( 'NONE', #4932, 39.37007874015748143 ) ;
#314 = LINE ( 'NONE', #3215, #1192 ) ;
#315 =( NAMED_UNIT ( * ) PLANE_ANGLE_UNIT ( ) SI_UNIT ( $, .RADIAN. ) );
#316 = ORIENTED_EDGE ( 'NONE', *, *, #8891, .T. ) ;
#317 = EDGE_CURVE ( 'NONE', #7727, #7921, #991, .T. ) ;
#318 = ADVANCED_FACE ( 'NONE', ( #327 ), #4606, .F. ) ;
#319 = CIRCLE ( 'NONE', #4717, 0.2500000000000001665 ) ;
#320 = ORIENTED_EDGE ( 'NONE', *, *, #4329, .F. ) ;
#321 = DIRECTION ( 'NONE',  ( 0.000000000000000000, 0.000000000000000000, 1.000000000000000000 ) ) ;
#322 = DIRECTION ( 'NONE',  ( 0.000000000000000000, 0.000000000000000000, -1.000000000000000000 ) ) ;
#323 = DIRECTION ( 'NONE',  ( 3.023406148612404967E-15, 1.000000000000000000, 0.000000000000000000 ) ) ;
#324 = ORIENTED_EDGE ( 'NONE', *, *, #3624, .F. ) ;
#325 = CONICAL_SURFACE ( 'NONE', #9344, 0.1124999999999999611, 0.7155849933176740008 ) ;
#326 = DIRECTION ( 'NONE',  ( -0.4999999999999527600, -0.8660254037844661301, -0.000000000000000000 ) ) ;
#327 = FACE_OUTER_BOUND ( 'NONE', #4396, .T. ) ;
#328 = EDGE_CURVE ( 'NONE', #4774, #2149, #8428, .T. ) ;
#329 = EDGE_CURVE ( 'NONE', #7426, #1903, #3978, .T. ) ;
#330 = FILL_AREA_STYLE ('',( #2421 ) ) ;
#331 = DIRECTION ( 'NONE',  ( -0.6560590289905063877, 8.034405899049442705E-17, 0.7547095802227727912 ) ) ;
#332 = LINE ( 'NONE', #5276, #5463 ) ;
#333 = DIRECTION ( 'NONE',  ( 0.8660254037843999608, -0.5000000000000667244, 0.000000000000000000 ) ) ;
#334 = ORIENTED_EDGE ( 'NONE', *, *, #5846, .F. ) ;
#335 = CARTESIAN_POINT ( 'NONE',  ( 2.513492737973233027, -0.6031825010027623835, 0.7349999999999999867 ) ) ;
#336 = ORIENTED_EDGE ( 'NONE', *, *, #904, .T. ) ;
#337 = ADVANCED_FACE ( 'NONE', ( #3132 ), #9051, .F. ) ;
#338 = CARTESIAN_POINT ( 'NONE',  ( 1.859375000000029976, 0.3476343040826271324, 0.6272455802306846628 ) ) ;
#339 = VERTEX_POINT ( 'NONE', #2507 ) ;
#340 = EDGE_CURVE ( 'NONE', #4575, #5378, #3267, .T. ) ;
#341 = VERTEX_POINT ( 'NONE', #1846 ) ;
#342 = CYLINDRICAL_SURFACE ( 'NONE', #1834, 0.06424999999999990441 ) ;
#343 = DIRECTION ( 'NONE',  ( 0.000000000000000000, 0.000000000000000000, 1.000000000000000000 ) ) ;
#344 = AXIS2_PLACEMENT_3D ( 'NONE', #6546, #4646, #8048 ) ;
#345 = CARTESIAN_POINT ( 'NONE',  ( 2.766250000000001208, -0.1703183294109425483, 0.2599999999999999534 ) ) ;
#346 = VERTEX_POINT ( 'NONE', #1704 ) ;
#347 = DIRECTION ( 'NONE',  ( 0.000000000000000000, 0.000000000000000000, 1.000000000000000000 ) ) ;
#348 = VERTEX_POINT ( 'NONE', #4749 ) ;
#349 = VERTEX_POINT ( 'NONE', #4026 ) ;
#350 = VECTOR ( 'NONE', #4983, 39.37007874015748854 ) ;
#351 = ORIENTED_EDGE ( 'NONE', *, *, #8055, .F. ) ;
#352 = LINE ( 'NONE', #9216, #6242 ) ;
#353 = LINE ( 'NONE', #3208, #935 ) ;
#354 = LINE ( 'NONE', #310, #8695 ) ;
#355 = LINE ( 'NONE', #6165, #4924 ) ;
#356 = EDGE_CURVE ( 'NONE', #249, #4911, #6360, .T. ) ;
#357 = CARTESIAN_POINT ( 'NONE',  ( 1.167433081593972632, -0.3012499999999981859, 0.2500000000000002220 ) ) ;
#358 = AXIS2_PLACEMENT_3D ( 'NONE', #6523, #7932, #7982 ) ;
#359 = CARTESIAN_POINT ( 'NONE',  ( -2.125000000000000000, 0.000000000000000000, 0.9499999999999999556 ) ) ;
#360 = ORIENTED_EDGE ( 'NONE', *, *, #4142, .F. ) ;
#361 = CIRCLE ( 'NONE', #5691, 0.4374999999999959477 ) ;
#362 = CIRCLE ( 'NONE', #3249, 0.06424999999999998768 ) ;
#363 = VERTEX_POINT ( 'NONE', #4986 ) ;
#364 = LINE ( 'NONE', #5459, #7335 ) ;
#365 = DIRECTION ( 'NONE',  ( -0.5000000000000035527, -0.8660254037844364872, 0.000000000000000000 ) ) ;
#366 = EDGE_CURVE ( 'NONE', #5870, #2754, #2091, .T. ) ;
#367 = CARTESIAN_POINT ( 'NONE',  ( -2.690825201892120155, -0.01996200211991487269, 0.5999999999999999778 ) ) ;
#368 = ORIENTED_EDGE ( 'NONE', *, *, #1258, .T. ) ;
#369 = LINE ( 'NONE', #3265, #6067 ) ;
#370 = DIRECTION ( 'NONE',  ( -1.000000000000000000, 0.000000000000000000, 0.000000000000000000 ) ) ;
#371 = CARTESIAN_POINT ( 'NONE',  ( -2.533493649053906172, -0.07346415503396304392, 0.6999999999999999556 ) ) ;
#372 = DIRECTION ( 'NONE',  ( 0.000000000000000000, 0.000000000000000000, 1.000000000000000000 ) ) ;
#373 = ORIENTED_EDGE ( 'NONE', *, *, #2713, .T. ) ;
#374 = DIRECTION ( 'NONE',  ( 0.000000000000000000, 0.000000000000000000, -1.000000000000000000 ) ) ;
#375 = EDGE_CURVE ( 'NONE', #666, #2052, #1830, .T. ) ;
#376 = EDGE_CURVE ( 'NONE', #4775, #6707, #4123, .T. ) ;
#377 = CARTESIAN_POINT ( 'NONE',  ( -1.306874999999987574, 0.000000000000000000, 0.000000000000000000 ) ) ;
#378 = AXIS2_PLACEMENT_3D ( 'NONE', #8488, #4815, #1290 ) ;
#379 = ORIENTED_EDGE ( 'NONE', *, *, #7864, .F. ) ;
#380 = FACE_BOUND ( 'NONE', #8742, .T. ) ;
#381 = VERTEX_POINT ( 'NONE', #3444 ) ;
#382 = DIRECTION ( 'NONE',  ( -0.8660254037844656860, -0.4999999999999529821, 0.000000000000000000 ) ) ;
#383 = ORIENTED_EDGE ( 'NONE', *, *, #1868, .F. ) ;
#384 = ORIENTED_EDGE ( 'NONE', *, *, #6517, .F. ) ;
#385 = ADVANCED_FACE ( 'NONE', ( #4267, #6381 ), #4938, .F. ) ;
#386 = LINE ( 'NONE', #3281, #625 ) ;
#387 = CARTESIAN_POINT ( 'NONE',  ( -1.859375000000029976, 0.3476343040826271324, 0.6272455802306846628 ) ) ;
#388 = ADVANCED_FACE ( 'NONE', ( #9273 ), #5605, .T. ) ;
#389 = DIRECTION ( 'NONE',  ( -0.4999999999999987232, -0.8660254037844393737, 0.000000000000000000 ) ) ;
#390 = ORIENTED_EDGE ( 'NONE', *, *, #5393, .F. ) ;
#391 = LINE ( 'NONE', #3202, #1767 ) ;
#392 = EDGE_LOOP ( 'NONE', ( #4846, #4217, #5197, #9336 ) ) ;
#393 = ORIENTED_EDGE ( 'NONE', *, *, #4631, .T. ) ;
#394 = ORIENTED_EDGE ( 'NONE', *, *, #2818, .F. ) ;
#395 = AXIS2_PLACEMENT_3D ( 'NONE', #7368, #1375, #2082 ) ;
#396 = PLANE ( 'NONE',  #8430 ) ;
#397 = CYLINDRICAL_SURFACE ( 'NONE', #8003, 0.009999999999999892655 ) ;
#398 = LINE ( 'NONE', #3294, #7181 ) ;
#399 = LINE ( 'NONE', #9123, #514 ) ;
#400 = CARTESIAN_POINT ( 'NONE',  ( -2.125000000000000000, 0.4764989774411177437, 0.000000000000000000 ) ) ;
#401 = FACE_OUTER_BOUND ( 'NONE', #5647, .T. ) ;
#402 = AXIS2_PLACEMENT_3D ( 'NONE', #5206, #8206, #652 ) ;
#403 = LINE ( 'NONE', #3824, #8696 ) ;
#404 = EDGE_LOOP ( 'NONE', ( #1722, #8648 ) ) ;
#405 = ORIENTED_EDGE ( 'NONE', *, *, #6908, .F. ) ;
#406 = VERTEX_POINT ( 'NONE', #1271 ) ;
#407 = DIRECTION ( 'NONE',  ( 0.000000000000000000, 0.000000000000000000, 1.000000000000000000 ) ) ;
#408 = DIRECTION ( 'NONE',  ( -0.000000000000000000, -0.000000000000000000, 1.000000000000000000 ) ) ;
#409 = DIRECTION ( 'NONE',  ( 0.4999999999999972800, 0.8660254037844402619, 0.000000000000000000 ) ) ;
#410 = CARTESIAN_POINT ( 'NONE',  ( 0.000000000000000000, 0.2687499999999965472, 0.000000000000000000 ) ) ;
#411 = CARTESIAN_POINT ( 'NONE',  ( -0.5000000000000000000, 0.2687499999999965472, 0.000000000000000000 ) ) ;
#412 =( CONVERSION_BASED_UNIT ( 'INCH', #1135 ) LENGTH_UNIT ( ) NAMED_UNIT ( #3302 ) );
#413 =( NAMED_UNIT ( * ) SI_UNIT ( $, .STERADIAN. ) SOLID_ANGLE_UNIT ( ) );
#414 = PLANE ( 'NONE',  #1496 ) ;
#415 = VECTOR ( 'NONE', #4899, 39.37007874015747433 ) ;
#416 = VECTOR ( 'NONE', #8436, 39.37007874015747433 ) ;
#417 = EDGE_CURVE ( 'NONE', #4700, #1892, #4213, .T. ) ;
#418 = ORIENTED_EDGE ( 'NONE', *, *, #4636, .F. ) ;
#419 = DIRECTION ( 'NONE',  ( 0.3535533905932668475, -0.6123724356958004655, -0.7071067811865456854 ) ) ;
#420 = VECTOR ( 'NONE', #2127, 39.37007874015748143 ) ;
#421 = CIRCLE ( 'NONE', #2548, 0.06424999999999993217 ) ;
#422 = DIRECTION ( 'NONE',  ( -1.000000000000000000, 4.535261055593764468E-14, -0.000000000000000000 ) ) ;
#423 = EDGE_LOOP ( 'NONE', ( #1964, #4091, #4378, #1512, #433, #4652 ) ) ;
#424 = DIRECTION ( 'NONE',  ( 0.000000000000000000, 0.000000000000000000, 1.000000000000000000 ) ) ;
#425 = ORIENTED_EDGE ( 'NONE', *, *, #2005, .F. ) ;
#426 = LINE ( 'NONE', #476, #6379 ) ;
#427 = ADVANCED_FACE ( 'NONE', ( #6275 ), #9326, .T. ) ;
#428 = EDGE_CURVE ( 'NONE', #6056, #5347, #5657, .T. ) ;
#429 = CIRCLE ( 'NONE', #2279, 0.2500000000000001110 ) ;
#430 = CONICAL_SURFACE ( 'NONE', #3311, 0.2175000000000023859, 0.7853981633974543852 ) ;
#431 = VECTOR ( 'NONE', #5750, 39.37007874015748854 ) ;
#432 = VERTEX_POINT ( 'NONE', #8613 ) ;
#433 = ORIENTED_EDGE ( 'NONE', *, *, #3229, .T. ) ;
#434 = DIRECTION ( 'NONE',  ( 0.8660254037844348218, 0.5000000000000066613, -0.000000000000000000 ) ) ;
#435 = CARTESIAN_POINT ( 'NONE',  ( 0.000000000000000000, 0.3012499999999982969, 0.000000000000000000 ) ) ;
#436 = CARTESIAN_POINT ( 'NONE',  ( 2.487700201892215635, -0.3717848224071855223, 0.5357500000000002816 ) ) ;
#437 = ORIENTED_EDGE ( 'NONE', *, *, #3694, .F. ) ;
#438 = CARTESIAN_POINT ( 'NONE',  ( 2.390625000000005329, 0.6404979548822425928, 0.3525000000000004241 ) ) ;
#439 = AXIS2_PLACEMENT_3D ( 'NONE', #2660, #5425, #5479 ) ;
#440 = VECTOR ( 'NONE', #5772, 39.37007874015748143 ) ;
#441 = ORIENTED_EDGE ( 'NONE', *, *, #55, .F. ) ;
#442 = VERTEX_POINT ( 'NONE', #4796 ) ;
#443 = EDGE_CURVE ( 'NONE', #3629, #636, #878, .T. ) ;
#444 = EDGE_CURVE ( 'NONE', #1458, #1137, #9290, .T. ) ;
#445 = EDGE_LOOP ( 'NONE', ( #5245, #4015, #6669, #8491, #871 ) ) ;
#446 = ORIENTED_EDGE ( 'NONE', *, *, #9046, .F. ) ;
#447 = AXIS2_PLACEMENT_3D ( 'NONE', #5029, #5551, #2827 ) ;
#448 = CARTESIAN_POINT ( 'NONE',  ( -2.249163669743331706, -0.4195903559375950276, 0.3630944694227261627 ) ) ;
#449 = CARTESIAN_POINT ( 'NONE',  ( 2.298125000000001528, 0.6404979548822472557, 0.2500000000000000555 ) ) ;
#450 = EDGE_CURVE ( 'NONE', #2208, #158, #1479, .T. ) ;
#451 = CARTESIAN_POINT ( 'NONE',  ( 2.750000000000022649, -0.1984641550339512339, 0.2599999999999999534 ) ) ;
#452 = CARTESIAN_POINT ( 'NONE',  ( -2.515624999999995559, -0.6044135630578968410, 0.4150000000000000910 ) ) ;
#453 = CYLINDRICAL_SURFACE ( 'NONE', #7011, 0.06424999999999973788 ) ;
#454 = CARTESIAN_POINT ( 'NONE',  ( -2.448132182121053546, -0.01173634784909316844, 0.9282771156755851294 ) ) ;
#455 = ORIENTED_EDGE ( 'NONE', *, *, #1556, .T. ) ;
#456 = EDGE_CURVE ( 'NONE', #3923, #5096, #4210, .T. ) ;
#457 = DIMENSIONAL_EXPONENTS ( 1.000000000000000000, 0.000000000000000000, 0.000000000000000000, 0.000000000000000000, 0.000000000000000000, 0.000000000000000000, 0.000000000000000000 ) ;
#458 = VECTOR ( 'NONE', #9433, 39.37007874015748854 ) ;
#459 = CARTESIAN_POINT ( 'NONE',  ( 2.493160219341328698, -0.2382494887205698075, 0.000000000000000000 ) ) ;
#460 = EDGE_CURVE ( 'NONE', #1910, #5536, #7165, .T. ) ;
#461 = CARTESIAN_POINT ( 'NONE',  ( 2.746467334085270551, -0.05208700211991428020, 0.5999999999999999778 ) ) ;
#462 = DIRECTION ( 'NONE',  ( -0.000000000000000000, -1.000000000000000000, -0.000000000000000000 ) ) ;
#463 = CARTESIAN_POINT ( 'NONE',  ( 0.9077481638378340767, 0.3012499999999982969, 0.3887795275590557043 ) ) ;
#464 = DIRECTION ( 'NONE',  ( 1.000000000000000000, 0.000000000000000000, 0.000000000000000000 ) ) ;
#465 = CARTESIAN_POINT ( 'NONE',  ( 2.226581015650952899, -0.4255588971243284280, 0.8197202386689930176 ) ) ;
#466 = LINE ( 'NONE', #513, #3356 ) ;
#467 = VERTEX_POINT ( 'NONE', #6715 ) ;
#468 = CARTESIAN_POINT ( 'NONE',  ( -2.215576187212736414, -0.4280243171842719185, 0.8038757313803484017 ) ) ;
#469 = AXIS2_PLACEMENT_3D ( 'NONE', #8584, #2802, #5051 ) ;
#470 = LINE ( 'NONE', #2748, #4795 ) ;
#471 = ADVANCED_FACE ( 'NONE', ( #5944 ), #8902, .F. ) ;
#472 = VERTEX_POINT ( 'NONE', #3027 ) ;
#473 = CARTESIAN_POINT ( 'NONE',  ( 2.436921483098145824, -0.01912127111213557731, 0.2545484930337157947 ) ) ;
#474 = CARTESIAN_POINT ( 'NONE',  ( 1.716506350946108261, -0.07346415503393144419, 0.6999999999999999556 ) ) ;
#475 = AXIS2_PLACEMENT_3D ( 'NONE', #3503, #1890, #6383 ) ;
#476 = CARTESIAN_POINT ( 'NONE',  ( 1.437499999999995559, -0.09021097956087463510, 0.2500000000000000555 ) ) ;
#477 = CIRCLE ( 'NONE', #7978, 0.4374999999999960587 ) ;
#478 = EDGE_LOOP ( 'NONE', ( #6185, #1376, #2476, #293 ) ) ;
#479 = B_SPLINE_CURVE_WITH_KNOTS ( 'NONE', 3,
 ( #3219, #5461, #9133, #5512, #1840, #4838 ),
 .UNSPECIFIED., .F., .F.,
 ( 4, 2, 4 ),
 ( 8.673617379884035472E-19, 0.0002093745834697657664, 0.0004187491669395306654 ),
 .UNSPECIFIED. ) ;
#480 = DIRECTION ( 'NONE',  ( -1.000000000000000000, 0.000000000000000000, 4.683167989138779347E-16 ) ) ;
#481 = EDGE_LOOP ( 'NONE', ( #405, #3640, #4662, #8604 ) ) ;
#482 = CARTESIAN_POINT ( 'NONE',  ( 0.000000000000000000, -0.2687500000000004885, 1.020000000000000018 ) ) ;
#483 = CARTESIAN_POINT ( 'NONE',  ( -2.546874999999995559, -0.5502869753213701642, 0.9499999999999999556 ) ) ;
#484 = LINE ( 'NONE', #2712, #7257 ) ;
#485 = ADVANCED_FACE ( 'NONE', ( #2216 ), #6199, .F. ) ;
#486 = EDGE_LOOP ( 'NONE', ( #7117, #1391, #3052, #3431 ) ) ;
#487 = LINE ( 'NONE', #1244, #4513 ) ;
#488 = ORIENTED_EDGE ( 'NONE', *, *, #5046, .T. ) ;
#489 = VERTEX_POINT ( 'NONE', #8756 ) ;
#490 = ORIENTED_EDGE ( 'NONE', *, *, #7056, .T. ) ;
#491 = VERTEX_POINT ( 'NONE', #3591 ) ;
#492 = CARTESIAN_POINT ( 'NONE',  ( 2.125000000000000000, 0.000000000000000000, 0.2500000000000000555 ) ) ;
#493 = FACE_OUTER_BOUND ( 'NONE', #4363, .T. ) ;
#494 = LINE ( 'NONE', #7092, #579 ) ;
#495 = DIRECTION ( 'NONE',  ( -0.000000000000000000, -0.000000000000000000, 1.000000000000000000 ) ) ;
#496 = EDGE_CURVE ( 'NONE', #772, #3799, #3146, .T. ) ;
#497 = EDGE_CURVE ( 'NONE', #2754, #3628, #2883, .T. ) ;
#498 = CARTESIAN_POINT ( 'NONE',  ( -2.425200201892211638, -0.4800379978802461478, 0.5999999999999999778 ) ) ;
#499 = CARTESIAN_POINT ( 'NONE',  ( -2.469999244255243198, 0.0007221241658989860498, 0.9499999999999999556 ) ) ;
#500 = VECTOR ( 'NONE', #7533, 39.37007874015748143 ) ;
#501 = FILL_AREA_STYLE ('',( #4929 ) ) ;
#502 = VERTEX_POINT ( 'NONE', #1452 ) ;
#503 = CARTESIAN_POINT ( 'NONE',  ( -2.125000000000000000, 0.000000000000000000, 0.9174999999999992051 ) ) ;
#504 = CIRCLE ( 'NONE', #1723, 0.2500000000000000555 ) ;
#505 = LINE ( 'NONE', #9228, #6223 ) ;
#506 = CARTESIAN_POINT ( 'NONE',  ( 2.628325201892208085, -0.1282151775928198345, 0.5999999999999999778 ) ) ;
#507 = ADVANCED_FACE ( 'NONE', ( #2321 ), #2996, .F. ) ;
#508 = EDGE_CURVE ( 'NONE', #502, #9315, #7255, .T. ) ;
#509 = DIRECTION ( 'NONE',  ( 1.865610830299460874E-15, -1.000000000000000000, 0.000000000000000000 ) ) ;
#510 = CARTESIAN_POINT ( 'NONE',  ( 1.716506350946108261, -0.07346415503393140256, 0.6999999999999999556 ) ) ;
#511 = DIRECTION ( 'NONE',  ( 0.000000000000000000, 0.000000000000000000, 1.000000000000000000 ) ) ;
#512 = ORIENTED_EDGE ( 'NONE', *, *, #7768, .F. ) ;
#513 = CARTESIAN_POINT ( 'NONE',  ( 1.437499999999995337, -0.09021097956086834846, 0.8474999999999995870 ) ) ;
#514 = VECTOR ( 'NONE', #4639, 39.37007874015748143 ) ;
#515 = ORIENTED_EDGE ( 'NONE', *, *, #8232, .F. ) ;
#516 = ORIENTED_EDGE ( 'NONE', *, *, #3581, .T. ) ;
#517 = EDGE_LOOP ( 'NONE', ( #8388, #3523, #1294, #4771 ) ) ;
#518 = DIRECTION ( 'NONE',  ( 0.000000000000000000, 1.000000000000000000, 0.000000000000000000 ) ) ;
#519 = CARTESIAN_POINT ( 'NONE',  ( -1.703124999999971134, -0.5502869753213720516, 0.9499999999999999556 ) ) ;
#520 = ORIENTED_EDGE ( 'NONE', *, *, #4328, .T. ) ;
#521 = ORIENTED_EDGE ( 'NONE', *, *, #3518, .F. ) ;
#522 = FACE_OUTER_BOUND ( 'NONE', #3339, .T. ) ;
#523 = DIRECTION ( 'NONE',  ( 0.000000000000000000, 0.000000000000000000, -1.000000000000000000 ) ) ;
#524 = CARTESIAN_POINT ( 'NONE',  ( -1.697586126802562045, 0.09350439475598201766, 0.8404620568917900991 ) ) ;
#525 = ORIENTED_EDGE ( 'NONE', *, *, #5382, .T. ) ;
#526 = CARTESIAN_POINT ( 'NONE',  ( -2.125000000000000000, 0.3904979548822426483, 0.6999999999999999556 ) ) ;
#527 = CARTESIAN_POINT ( 'NONE',  ( -1.813831811574352804, -0.02882027952500396464, 0.2500000000000000555 ) ) ;
#528 = LINE ( 'NONE', #3417, #9371 ) ;
#529 = DIRECTION ( 'NONE',  ( 0.5000000000000039968, -0.8660254037844362651, -0.000000000000000000 ) ) ;
#530 = EDGE_LOOP ( 'NONE', ( #3758, #1413, #885, #1277 ) ) ;
#531 = CARTESIAN_POINT ( 'NONE',  ( -2.425200201892211638, -0.4800379978802461478, 0.5357500000000002816 ) ) ;
#532 = VERTEX_POINT ( 'NONE', #2929 ) ;
#533 = ORIENTED_EDGE ( 'NONE', *, *, #3222, .F. ) ;
#534 = VECTOR ( 'NONE', #6003, 39.37007874015748143 ) ;
#535 = EDGE_CURVE ( 'NONE', #9104, #6986, #6665, .T. ) ;
#536 = ORIENTED_EDGE ( 'NONE', *, *, #4089, .F. ) ;
#537 = LINE ( 'NONE', #9168, #7816 ) ;
#538 = DIRECTION ( 'NONE',  ( -3.023406148612404967E-15, 1.000000000000000000, 0.000000000000000000 ) ) ;
#539 = DIRECTION ( 'NONE',  ( 0.8660254037844409281, 0.4999999999999962252, 0.000000000000000000 ) ) ;
#540 = DIRECTION ( 'NONE',  ( -1.000000000000000000, -1.865610830299460874E-15, 0.000000000000000000 ) ) ;
#541 = VERTEX_POINT ( 'NONE', #2173 ) ;
#542 = ORIENTED_EDGE ( 'NONE', *, *, #5616, .T. ) ;
#543 = DIRECTION ( 'NONE',  ( 0.000000000000000000, 0.000000000000000000, 1.000000000000000000 ) ) ;
#544 = ORIENTED_EDGE ( 'NONE', *, *, #2533, .F. ) ;
#545 = ORIENTED_EDGE ( 'NONE', *, *, #5371, .T. ) ;
#546 = EDGE_CURVE ( 'NONE', #4948, #7585, #166, .T. ) ;
#547 = ADVANCED_FACE ( 'NONE', ( #747 ), #8077, .T. ) ;
#548 = EDGE_CURVE ( 'NONE', #2620, #5407, #1633, .T. ) ;
#549 = DIRECTION ( 'NONE',  ( -0.000000000000000000, -0.000000000000000000, -1.000000000000000000 ) ) ;
#550 = DIRECTION ( 'NONE',  ( 0.8660254037844135055, -0.5000000000000432987, -0.000000000000000000 ) ) ;
#551 = DIRECTION ( 'NONE',  ( 0.000000000000000000, 0.000000000000000000, -1.000000000000000000 ) ) ;
#552 = CARTESIAN_POINT ( 'NONE',  ( 2.614374999999999449, -0.4333735458104659433, 0.2175000000000010258 ) ) ;
#553 = DIRECTION ( 'NONE',  ( -2.185478394931412547E-15, 0.000000000000000000, -1.000000000000000000 ) ) ;
#554 = VECTOR ( 'NONE', #1269, 39.37007874015748854 ) ;
#555 = CARTESIAN_POINT ( 'NONE',  ( 0.000000000000000000, 0.1762500000000011557, 0.8325000000000002398 ) ) ;
#556 = CARTESIAN_POINT ( 'NONE',  ( 2.249300444098000451, -0.4194938502974254746, 0.8365655606850087578 ) ) ;
#557 = ORIENTED_EDGE ( 'NONE', *, *, #2221, .T. ) ;
#558 = FILL_AREA_STYLE ('',( #6435 ) ) ;
#559 = EDGE_CURVE ( 'NONE', #9087, #6834, #2695, .T. ) ;
#560 = ADVANCED_FACE ( 'NONE', ( #6526 ), #8541, .F. ) ;
#561 = ORIENTED_EDGE ( 'NONE', *, *, #7118, .F. ) ;
#562 = ORIENTED_EDGE ( 'NONE', *, *, #5332, .T. ) ;
#563 = CARTESIAN_POINT ( 'NONE',  ( -1.668770825622963860, -0.4257837998483152142, 0.6999999999999999556 ) ) ;
#564 = ADVANCED_FACE ( 'NONE', ( #4456 ), #8028, .F. ) ;
#565 = CARTESIAN_POINT ( 'NONE',  ( -2.537660219341328460, -0.2382494887205698075, 0.000000000000000000 ) ) ;
#566 = ORIENTED_EDGE ( 'NONE', *, *, #8714, .F. ) ;
#567 = FACE_OUTER_BOUND ( 'NONE', #2132, .T. ) ;
#568 = CIRCLE ( 'NONE', #5744, 0.3124999999999972800 ) ;
#569 = CARTESIAN_POINT ( 'NONE',  ( 2.812500000000023093, 0.6404979548822424817, 0.5357500000000000595 ) ) ;
#570 = CARTESIAN_POINT ( 'NONE',  ( -1.692379143759816573, 0.06588121453256312599, 0.8474999999999995870 ) ) ;
#571 = EDGE_LOOP ( 'NONE', ( #6625, #1757, #9410, #3291 ) ) ;
#572 = DIRECTION ( 'NONE',  ( 1.000000000000000000, 0.000000000000000000, 0.000000000000000000 ) ) ;
#573 = CARTESIAN_POINT ( 'NONE',  ( 1.703668988314054777, 0.1178953701574849272, 0.3737597234363084775 ) ) ;
#574 = CARTESIAN_POINT ( 'NONE',  ( 1.989359352549145976, 0.2815355206474021155, 0.2509675856017753448 ) ) ;
#575 = LINE ( 'NONE', #2624, #6160 ) ;
#576 = VERTEX_POINT ( 'NONE', #835 ) ;
#577 = FACE_OUTER_BOUND ( 'NONE', #1769, .T. ) ;
#578 = ORIENTED_EDGE ( 'NONE', *, *, #8511, .F. ) ;
#579 = VECTOR ( 'NONE', #6466, 39.37007874015748143 ) ;
#580 = ORIENTED_EDGE ( 'NONE', *, *, #6389, .F. ) ;
#581 = CIRCLE ( 'NONE', #5908, 0.4374999999999960587 ) ;
#582 = VECTOR ( 'NONE', #6618, 39.37007874015747433 ) ;
#583 = VERTEX_POINT ( 'NONE', #3642 ) ;
#584 = CARTESIAN_POINT ( 'NONE',  ( 2.223412229658463524, -0.4262972588820859721, 0.3838303734341184104 ) ) ;
#585 = CYLINDRICAL_SURFACE ( 'NONE', #4005, 0.5000000000000000000 ) ;
#586 = AXIS2_PLACEMENT_3D ( 'NONE', #1491, #57, #2962 ) ;
#587 = AXIS2_PLACEMENT_3D ( 'NONE', #4568, #3842, #6220 ) ;
#588 = CYLINDRICAL_SURFACE ( 'NONE', #5015, 0.06249999999999967387 ) ;
#589 = CARTESIAN_POINT ( 'NONE',  ( -2.593124999999999680, -0.4701796254713037637, 0.9499999999999999556 ) ) ;
#590 = EDGE_LOOP ( 'NONE', ( #4063, #8052, #9162, #5492 ) ) ;
#591 = EDGE_LOOP ( 'NONE', ( #8008, #4434 ) ) ;
#592 = ADVANCED_FACE ( 'NONE', ( #7361 ), #3728, .T. ) ;
#593 = FACE_OUTER_BOUND ( 'NONE', #8495, .T. ) ;
#594 = DIRECTION ( 'NONE',  ( -1.000000000000000000, 0.000000000000000000, 0.000000000000000000 ) ) ;
#595 = ORIENTED_EDGE ( 'NONE', *, *, #1024, .F. ) ;
#596 = AXIS2_PLACEMENT_3D ( 'NONE', #950, #9132, #1883 ) ;
#597 = CARTESIAN_POINT ( 'NONE',  ( 1.984375000000010880, 0.6079979548822626034, 0.2599999999999999534 ) ) ;
#598 = LINE ( 'NONE', #4352, #7362 ) ;
#599 = CARTESIAN_POINT ( 'NONE',  ( 0.000000000000000000, 0.2687499999999986011, 0.000000000000000000 ) ) ;
#600 = DIRECTION ( 'NONE',  ( -0.8660254037844140607, -0.5000000000000426326, 0.000000000000000000 ) ) ;
#601 = VECTOR ( 'NONE', #7509, 39.37007874015748854 ) ;
#602 = AXIS2_PLACEMENT_3D ( 'NONE', #3020, #5939, #2879 ) ;
#603 = LINE ( 'NONE', #2739, #8977 ) ;
#604 = EDGE_CURVE ( 'NONE', #6749, #715, #5262, .T. ) ;
#605 = EDGE_CURVE ( 'NONE', #7764, #3274, #6911, .T. ) ;
#606 = CARTESIAN_POINT ( 'NONE',  ( -1.852330327435618873, 0.3421410313133632086, 0.5902205864558645043 ) ) ;
#607 = CARTESIAN_POINT ( 'NONE',  ( 2.284255622702721755, -0.4076012589772554096, 0.8474999999999995870 ) ) ;
#608 = ORIENTED_EDGE ( 'NONE', *, *, #9265, .T. ) ;
#609 = VECTOR ( 'NONE', #4368, 39.37007874015748854 ) ;
#610 = AXIS2_PLACEMENT_3D ( 'NONE', #4788, #7058, #1219 ) ;
#611 = ORIENTED_EDGE ( 'NONE', *, *, #4117, .T. ) ;
#612 = ORIENTED_EDGE ( 'NONE', *, *, #2537, .F. ) ;
#613 = VERTEX_POINT ( 'NONE', #4687 ) ;
#614 = DIRECTION ( 'NONE',  ( -1.865610830299460480E-15, -1.000000000000000000, 0.000000000000000000 ) ) ;
#615 = DIRECTION ( 'NONE',  ( 0.000000000000000000, 0.000000000000000000, -1.000000000000000000 ) ) ;
#616 = EDGE_CURVE ( 'NONE', #4085, #7408, #403, .T. ) ;
#617 = EDGE_CURVE ( 'NONE', #6912, #2505, #3257, .T. ) ;
#618 = EDGE_LOOP ( 'NONE', ( #2570, #8850, #3906, #1745, #6283, #4868, #4776, #4241 ) ) ;
#619 = AXIS2_PLACEMENT_3D ( 'NONE', #1297, #681, #3573 ) ;
#620 = DIRECTION ( 'NONE',  ( 1.000000000000000000, 0.000000000000000000, 0.000000000000000000 ) ) ;
#621 = DIRECTION ( 'NONE',  ( 0.5000000000000066613, -0.8660254037844348218, 0.000000000000000000 ) ) ;
#622 = LINE ( 'NONE', #2845, #2706 ) ;
#623 = EDGE_LOOP ( 'NONE', ( #7867, #5945, #8195, #1180 ) ) ;
#624 = CARTESIAN_POINT ( 'NONE',  ( 1.479198420634004973, -0.06613638518304112979, 0.8474999999999995870 ) ) ;
#625 = VECTOR ( 'NONE', #3239, 39.37007874015748143 ) ;
#626 = CARTESIAN_POINT ( 'NONE',  ( -0.4999999999999999445, -0.6044135630578968410, 0.000000000000000000 ) ) ;
#627 = CARTESIAN_POINT ( 'NONE',  ( 1.712339780658681754, -0.2382494887205523215, -5.578266170116183356E-17 ) ) ;
#628 = DIRECTION ( 'NONE',  ( 1.000000000000000000, -5.090879084663727145E-14, 0.000000000000000000 ) ) ;
#629 = CARTESIAN_POINT ( 'NONE',  ( -2.399313952626652036, 0.5926859254290971490, 0.8470415347009946361 ) ) ;
#630 = EDGE_CURVE ( 'NONE', #636, #2921, #3121, .T. ) ;
#631 = ORIENTED_EDGE ( 'NONE', *, *, #7040, .F. ) ;
#632 = CARTESIAN_POINT ( 'NONE',  ( -1.622756350946106485, 0.08891560817565714869, 0.6999999999999999556 ) ) ;
#633 = EDGE_CURVE ( 'NONE', #8641, #6913, #4385, .T. ) ;
#634 = ORIENTED_EDGE ( 'NONE', *, *, #456, .F. ) ;
#635 = VECTOR ( 'NONE', #6860, 39.37007874015748854 ) ;
#636 = VERTEX_POINT ( 'NONE', #3918 ) ;
#637 = VERTEX_POINT ( 'NONE', #9039 ) ;
#638 = CARTESIAN_POINT ( 'NONE',  ( 0.000000000000000000, 0.1762500000000011557, 0.000000000000000000 ) ) ;
#639 = DIRECTION ( 'NONE',  ( -1.000000000000000000, 0.000000000000000000, 0.000000000000000000 ) ) ;
#640 = DIRECTION ( 'NONE',  ( 1.000000000000000000, -0.000000000000000000, -0.000000000000000000 ) ) ;
#641 = CARTESIAN_POINT ( 'NONE',  ( -2.558872638562463830, 0.05622084583890603338, 0.2500000000000000555 ) ) ;
#642 = EDGE_LOOP ( 'NONE', ( #7130, #724, #4083, #8346 ) ) ;
#643 = ORIENTED_EDGE ( 'NONE', *, *, #1131, .T. ) ;
#644 = DIRECTION ( 'NONE',  ( -1.000000000000000000, 0.000000000000000000, 4.560754576643555576E-16 ) ) ;
#645 = CARTESIAN_POINT ( 'NONE',  ( -1.807738770884310897, 0.3012499999999982969, 0.2175000000000008593 ) ) ;
#646 = ORIENTED_EDGE ( 'NONE', *, *, #2103, .F. ) ;
#647 = DIRECTION ( 'NONE',  ( 1.000000000000000000, -4.535261055593764468E-14, 0.000000000000000000 ) ) ;
#648 = DIRECTION ( 'NONE',  ( 0.5000000000000036637, -0.8660254037844365982, 0.000000000000000000 ) ) ;
#649 = DIRECTION ( 'NONE',  ( 1.000000000000000000, 0.000000000000000000, 0.000000000000000000 ) ) ;
#650 = CARTESIAN_POINT ( 'NONE',  ( -1.859375000000008882, 0.6404979548822424817, 0.6642500000000000071 ) ) ;
#651 = VECTOR ( 'NONE', #6984, 39.37007874015748854 ) ;
#652 = DIRECTION ( 'NONE',  ( 0.000000000000000000, 0.000000000000000000, -1.000000000000000000 ) ) ;
#653 = DIRECTION ( 'NONE',  ( 1.092739197465688721E-15, 1.892679809432653461E-15, -1.000000000000000000 ) ) ;
#654 = CARTESIAN_POINT ( 'NONE',  ( 2.293247638562450508, -0.4038551499215471408, 0.8474999999999995870 ) ) ;
#655 = VERTEX_POINT ( 'NONE', #981 ) ;
#656 = VECTOR ( 'NONE', #409, 39.37007874015748143 ) ;
#657 = EDGE_LOOP ( 'NONE', ( #8601, #6408 ) ) ;
#658 = ADVANCED_FACE ( 'NONE', ( #6811 ), #6168, .T. ) ;
#659 = FACE_OUTER_BOUND ( 'NONE', #5100, .T. ) ;
#660 = CARTESIAN_POINT ( 'NONE',  ( -2.390625000000005329, 0.6404979548822425928, 0.7350000000000000977 ) ) ;
#661 = ORIENTED_EDGE ( 'NONE', *, *, #1263, .T. ) ;
#662 = CYLINDRICAL_SURFACE ( 'NONE', #9299, 0.04450000000000003259 ) ;
#663 = DIRECTION ( 'NONE',  ( -1.000000000000000000, 8.208687653317557480E-14, 0.000000000000000000 ) ) ;
#664 = PLANE ( 'NONE',  #1070 ) ;
#665 = DIRECTION ( 'NONE',  ( 0.000000000000000000, 0.000000000000000000, -1.000000000000000000 ) ) ;
#666 = VERTEX_POINT ( 'NONE', #3870 ) ;
#667 = EDGE_CURVE ( 'NONE', #1718, #8515, #9128, .T. ) ;
#668 = EDGE_CURVE ( 'NONE', #5877, #7280, #1040, .T. ) ;
#669 = CARTESIAN_POINT ( 'NONE',  ( -2.586229174377006057, -0.4171235458104662897, 0.2500000000000000555 ) ) ;
#670 = CARTESIAN_POINT ( 'NONE',  ( 1.851624089253341321, 0.3415726297980379300, 0.5950263178092659588 ) ) ;
#671 = CARTESIAN_POINT ( 'NONE',  ( -2.513492737973233027, -0.6031825010027623835, 0.7349999999999999867 ) ) ;
#672 = CARTESIAN_POINT ( 'NONE',  ( -2.255625000000000213, 0.6079979548822497248, 0.2500000000000000555 ) ) ;
#673 = CARTESIAN_POINT ( 'NONE',  ( -2.395021441835284204, 0.5923487661265872672, 0.8474999999999998090 ) ) ;
#674 = ORIENTED_EDGE ( 'NONE', *, *, #4397, .T. ) ;
#675 = DIRECTION ( 'NONE',  ( -0.000000000000000000, -0.000000000000000000, -1.000000000000000000 ) ) ;
#676 = ORIENTED_EDGE ( 'NONE', *, *, #340, .F. ) ;
#677 = VERTEX_POINT ( 'NONE', #7505 ) ;
#678 = ADVANCED_FACE ( 'NONE', ( #2454 ), #4555, .F. ) ;
#679 = VERTEX_POINT ( 'NONE', #934 ) ;
#680 = ADVANCED_FACE ( 'NONE', ( #4737 ), #8369, .F. ) ;
#681 = DIRECTION ( 'NONE',  ( 0.000000000000000000, -1.000000000000000000, -0.000000000000000000 ) ) ;
#682 = DIRECTION ( 'NONE',  ( 0.000000000000000000, 0.000000000000000000, 1.000000000000000000 ) ) ;
#683 = CARTESIAN_POINT ( 'NONE',  ( -2.453125000000005329, 0.2893790496476773000, 0.7349999999999999867 ) ) ;
#684 = CARTESIAN_POINT ( 'NONE',  ( -2.436995442160277303, -0.01775088930761715283, 0.9175000000000006484 ) ) ;
#685 = ORIENTED_EDGE ( 'NONE', *, *, #8308, .T. ) ;
#686 = EDGE_CURVE ( 'NONE', #1950, #8881, #3433, .T. ) ;
#687 = AXIS2_PLACEMENT_3D ( 'NONE', #6971, #422, #3317 ) ;
#688 = ORIENTED_EDGE ( 'NONE', *, *, #8090, .F. ) ;
#689 = DIRECTION ( 'NONE',  ( -0.5000000000000041078, -0.8660254037844362651, 2.185478394931412152E-15 ) ) ;
#690 = CARTESIAN_POINT ( 'NONE',  ( 2.812500000000023093, 0.6404979548822424817, 0.5357500000000000595 ) ) ;
#691 = DIRECTION ( 'NONE',  ( 0.5000000000000038858, -0.8660254037844363761, 0.000000000000000000 ) ) ;
#692 = FACE_OUTER_BOUND ( 'NONE', #1124, .T. ) ;
#693 = FACE_OUTER_BOUND ( 'NONE', #1652, .T. ) ;
#694 = LINE ( 'NONE', #552, #6453 ) ;
#695 = EDGE_LOOP ( 'NONE', ( #3505, #768, #5239, #6735 ) ) ;
#696 = CYLINDRICAL_SURFACE ( 'NONE', #117, 0.06424999999999973788 ) ;
#697 = CARTESIAN_POINT ( 'NONE',  ( 1.813004557839720920, -0.01775088930758956032, 0.9174999999999992051 ) ) ;
#698 = ORIENTED_EDGE ( 'NONE', *, *, #8594, .T. ) ;
#699 = VERTEX_POINT ( 'NONE', #7151 ) ;
#700 = VERTEX_POINT ( 'NONE', #6265 ) ;
#701 = CARTESIAN_POINT ( 'NONE',  ( -1.691127361437541055, 0.05622084583894616100, 0.2500000000000003331 ) ) ;
#702 = CIRCLE ( 'NONE', #4350, 0.3124999999999972800 ) ;
#703 = CARTESIAN_POINT ( 'NONE',  ( 2.533493649053906172, -0.07346415503396287738, 0.6999999999999999556 ) ) ;
#704 = VERTEX_POINT ( 'NONE', #4158 ) ;
#705 = CARTESIAN_POINT ( 'NONE',  ( -2.125000000000000000, 0.4764989774411177437, 0.2500000000000000555 ) ) ;
#706 = CARTESIAN_POINT ( 'NONE',  ( 1.951875000000037774, -7.851670702494980790E-15, 0.9499999999999999556 ) ) ;
#707 = ADVANCED_FACE ( 'NONE', ( #1920 ), #8504, .F. ) ;
#708 = DIRECTION ( 'NONE',  ( -0.4999999999999972800, -0.8660254037844402619, 0.000000000000000000 ) ) ;
#709 = LINE ( 'NONE', #6538, #4690 ) ;
#710 = AXIS2_PLACEMENT_3D ( 'NONE', #632, #9251, #4188 ) ;
#711 = DIRECTION ( 'NONE',  ( -0.7071067811865475727, -0.7071067811865475727, -0.000000000000000000 ) ) ;
#712 = DIRECTION ( 'NONE',  ( -0.8660254037844407060, 0.4999999999999965583, 0.000000000000000000 ) ) ;
#713 = FACE_OUTER_BOUND ( 'NONE', #8063, .T. ) ;
#714 = LINE ( 'NONE', #2903, #5669 ) ;
#715 = VERTEX_POINT ( 'NONE', #9365 ) ;
#716 = ORIENTED_EDGE ( 'NONE', *, *, #188, .T. ) ;
#717 = ORIENTED_EDGE ( 'NONE', *, *, #2341, .F. ) ;
#718 = DIRECTION ( 'NONE',  ( -0.000000000000000000, -0.000000000000000000, -1.000000000000000000 ) ) ;
#719 = ORIENTED_EDGE ( 'NONE', *, *, #6188, .T. ) ;
#720 = EDGE_CURVE ( 'NONE', #7564, #6348, #7203, .T. ) ;
#721 = ADVANCED_FACE ( 'NONE', ( #2599 ), #4974, .F. ) ;
#722 = CONICAL_SURFACE ( 'NONE', #6215, 0.2175000000000007760, 0.7853981633974490562 ) ;
#723 = CIRCLE ( 'NONE', #2842, 0.5000000000000000000 ) ;
#724 = ORIENTED_EDGE ( 'NONE', *, *, #773, .T. ) ;
#725 = DIRECTION ( 'NONE',  ( 1.000000000000000000, 0.000000000000000000, 0.000000000000000000 ) ) ;
#726 = CARTESIAN_POINT ( 'NONE',  ( -1.691127361437541943, 0.05622084583895026189, 0.3525000000000004241 ) ) ;
#727 = CARTESIAN_POINT ( 'NONE',  ( -2.390625000000005773, 0.6404979548822425928, 0.4650000000000000799 ) ) ;
#728 = DIRECTION ( 'NONE',  ( 1.000000000000000000, 0.000000000000000000, 0.000000000000000000 ) ) ;
#729 = ORIENTED_EDGE ( 'NONE', *, *, #4428, .F. ) ;
#730 = CONICAL_SURFACE ( 'NONE', #9143, 0.1124999999999999611, 0.7155849933176740008 ) ;
#731 = ORIENTED_EDGE ( 'NONE', *, *, #8449, .F. ) ;
#732 = EDGE_CURVE ( 'NONE', #7076, #348, #5295, .T. ) ;
#733 = CARTESIAN_POINT ( 'NONE',  ( 1.702650479900263081, 0.1142094797580084503, 0.8291007793619376010 ) ) ;
#734 = CARTESIAN_POINT ( 'NONE',  ( 2.390625000000005329, 0.3476343040825998765, 0.5727544197693736905 ) ) ;
#735 = ORIENTED_EDGE ( 'NONE', *, *, #8828, .F. ) ;
#736 = AXIS2_PLACEMENT_3D ( 'NONE', #5290, #6155, #6896 ) ;
#737 = EDGE_CURVE ( 'NONE', #5769, #7461, #581, .T. ) ;
#738 = VECTOR ( 'NONE', #9462, 39.37007874015748143 ) ;
#739 = CONICAL_SURFACE ( 'NONE', #6380, 0.2175000000000007483, 0.7853981633974492782 ) ;
#740 = CARTESIAN_POINT ( 'NONE',  ( 2.255625000000000213, 0.6079979548822497248, 0.2500000000000000555 ) ) ;
#741 = DIRECTION ( 'NONE',  ( 0.000000000000000000, -1.000000000000000000, -0.000000000000000000 ) ) ;
#742 = LINE ( 'NONE', #5072, #7650 ) ;
#743 = LINE ( 'NONE', #21, #6915 ) ;
#744 = ADVANCED_FACE ( 'NONE', ( #1878 ), #5646, .F. ) ;
#745 = LINE ( 'NONE', #3641, #582 ) ;
#746 = AXIS2_PLACEMENT_3D ( 'NONE', #6679, #5998, #5187 ) ;
#747 = FACE_OUTER_BOUND ( 'NONE', #2348, .T. ) ;
#748 = PRODUCT_CONTEXT ( 'NONE', #8277, 'mechanical' ) ;
#749 = ORIENTED_EDGE ( 'NONE', *, *, #4090, .F. ) ;
#750 = FACE_OUTER_BOUND ( 'NONE', #2948, .T. ) ;
#751 = VECTOR ( 'NONE', #4058, 39.37007874015748854 ) ;
#752 = VECTOR ( 'NONE', #5653, 39.37007874015748143 ) ;
#753 = ORIENTED_EDGE ( 'NONE', *, *, #5974, .T. ) ;
#754 = CARTESIAN_POINT ( 'NONE',  ( -2.558872638562463830, 0.05622084583890603338, 6.829619984160658046E-17 ) ) ;
#755 = ORIENTED_EDGE ( 'NONE', *, *, #8865, .F. ) ;
#756 = FACE_OUTER_BOUND ( 'NONE', #4759, .T. ) ;
#757 = FACE_OUTER_BOUND ( 'NONE', #2097, .T. ) ;
#758 = LINE ( 'NONE', #8189, #4708 ) ;
#759 = CARTESIAN_POINT ( 'NONE',  ( -1.859375000000017319, 0.4058214234295524081, 0.6642500000000000071 ) ) ;
#760 = ORIENTED_EDGE ( 'NONE', *, *, #3336, .F. ) ;
#761 = CARTESIAN_POINT ( 'NONE',  ( 1.442832273128327625, -0.03195418596197479449, 0.8254813800261062706 ) ) ;
#762 = LINE ( 'NONE', #5718, #8095 ) ;
#763 = EDGE_CURVE ( 'NONE', #1059, #6236, #8603, .T. ) ;
#764 = DIRECTION ( 'NONE',  ( 0.5000000000000668354, 0.8660254037844001829, 0.000000000000000000 ) ) ;
#765 = DIRECTION ( 'NONE',  ( -0.8660254037844137276, 0.5000000000000434097, 0.000000000000000000 ) ) ;
#766 = CIRCLE ( 'NONE', #6095, 0.06424999999999986278 ) ;
#767 = DIRECTION ( 'NONE',  ( 1.092739197465715148E-15, -1.892679809432637684E-15, -1.000000000000000000 ) ) ;
#768 = ORIENTED_EDGE ( 'NONE', *, *, #3694, .T. ) ;
#769 = DIRECTION ( 'NONE',  ( 0.000000000000000000, 0.000000000000000000, 1.000000000000000000 ) ) ;
#770 = ORIENTED_EDGE ( 'NONE', *, *, #2630, .T. ) ;
#771 = CIRCLE ( 'NONE', #3795, 0.06425000000000000155 ) ;
#772 = VERTEX_POINT ( 'NONE', #1305 ) ;
#773 = EDGE_CURVE ( 'NONE', #2282, #2600, #7005, .T. ) ;
#774 = DIRECTION ( 'NONE',  ( -4.535261055593764468E-14, 1.000000000000000000, 0.000000000000000000 ) ) ;
#775 = DIRECTION ( 'NONE',  ( -0.000000000000000000, 0.000000000000000000, -1.000000000000000000 ) ) ;
#776 = DIRECTION ( 'NONE',  ( 1.000000000000000000, 3.023406148612404573E-15, -0.000000000000000000 ) ) ;
#777 = CARTESIAN_POINT ( 'NONE',  ( 2.495668702100283021, -0.5858509321612568321, 0.8122190699021963889 ) ) ;
#778 = ORIENTED_EDGE ( 'NONE', *, *, #8512, .T. ) ;
#779 = CIRCLE ( 'NONE', #6107, 0.4374999999999960587 ) ;
#780 = ORIENTED_EDGE ( 'NONE', *, *, #3611, .F. ) ;
#781 = CARTESIAN_POINT ( 'NONE',  ( 1.692379143759816573, 0.06588121453256312599, 0.8474999999999995870 ) ) ;
#782 = LINE ( 'NONE', #7977, #6999 ) ;
#783 = AXIS2_PLACEMENT_3D ( 'NONE', #7228, #2290, #5135 ) ;
#784 = VERTEX_POINT ( 'NONE', #645 ) ;
#785 = ADVANCED_FACE ( 'NONE', ( #3675 ), #1540, .F. ) ;
#786 = EDGE_CURVE ( 'NONE', #2787, #472, #7308, .T. ) ;
#787 = CARTESIAN_POINT ( 'NONE',  ( 1.559343435260007071, -0.3012499999999982969, 0.000000000000000000 ) ) ;
#788 = CARTESIAN_POINT ( 'NONE',  ( 0.000000000000000000, 0.1762500000000011557, 0.000000000000000000 ) ) ;
#789 = VERTEX_POINT ( 'NONE', #7292 ) ;
#790 = FACE_OUTER_BOUND ( 'NONE', #2463, .T. ) ;
#791 = CARTESIAN_POINT ( 'NONE',  ( -2.405883989286915714, 0.3355532005316608224, 0.8460649621165563516 ) ) ;
#792 = LINE ( 'NONE', #4496, #5462 ) ;
#793 = LINE ( 'NONE', #4413, #8548 ) ;
#794 = DIRECTION ( 'NONE',  ( 1.000000000000000000, 0.000000000000000000, 0.000000000000000000 ) ) ;
#795 = ORIENTED_EDGE ( 'NONE', *, *, #2461, .T. ) ;
#796 = ORIENTED_EDGE ( 'NONE', *, *, #36, .T. ) ;
#797 = ADVANCED_FACE ( 'NONE', ( #3631 ), #430, .T. ) ;
#798 = DIRECTION ( 'NONE',  ( -0.8660254037844660191, -0.4999999999999527045, 0.000000000000000000 ) ) ;
#799 = EDGE_CURVE ( 'NONE', #339, #2099, #1557, .T. ) ;
#800 = DIRECTION ( 'NONE',  ( -0.5000000000000445199, 0.8660254037844129504, 0.000000000000000000 ) ) ;
#801 = ORIENTED_EDGE ( 'NONE', *, *, #417, .F. ) ;
#802 = DIRECTION ( 'NONE',  ( -0.000000000000000000, -0.000000000000000000, -1.000000000000000000 ) ) ;
#803 = CARTESIAN_POINT ( 'NONE',  ( 1.951875000000010463, 0.6404979548822711255, 0.6999999999999999556 ) ) ;
#804 = DIRECTION ( 'NONE',  ( -0.8660254037844795638, 0.4999999999999291678, 0.000000000000000000 ) ) ;
#805 = VECTOR ( 'NONE', #6401, 39.37007874015748854 ) ;
#806 = CARTESIAN_POINT ( 'NONE',  ( 1.786818850946084059, -0.1952489774411336754, 0.6999999999999999556 ) ) ;
#807 = ORIENTED_EDGE ( 'NONE', *, *, #6105, .F. ) ;
#808 = LINE ( 'NONE', #1916, #3963 ) ;
#809 = CARTESIAN_POINT ( 'NONE',  ( -1.408382262026758758, -0.03485332976920646475, 0.7349999999999999867 ) ) ;
#810 = AXIS2_PLACEMENT_3D ( 'NONE', #506, #2552, #3974 ) ;
#811 = DIRECTION ( 'NONE',  ( -0.8660254037844660191, -0.4999999999999527045, 0.000000000000000000 ) ) ;
#812 = ORIENTED_EDGE ( 'NONE', *, *, #7669, .T. ) ;
#813 = DIRECTION ( 'NONE',  ( -0.000000000000000000, -1.000000000000000000, -0.000000000000000000 ) ) ;
#814 = VERTEX_POINT ( 'NONE', #6565 ) ;
#815 = VECTOR ( 'NONE', #7196, 39.37007874015748854 ) ;
#816 = CIRCLE ( 'NONE', #3389, 0.04250000000000152961 ) ;
#817 = EDGE_LOOP ( 'NONE', ( #608, #2458, #646, #9095, #7115 ) ) ;
#818 = CARTESIAN_POINT ( 'NONE',  ( 1.944456811574331256, -0.2550694162636747420, 0.2500000000000000555 ) ) ;
#819 = CARTESIAN_POINT ( 'NONE',  ( -1.483749999999971925, -0.1703183294109479606, 0.2599999999999997313 ) ) ;
#820 = DIRECTION ( 'NONE',  ( -0.8660254037844363761, 0.5000000000000041078, 0.000000000000000000 ) ) ;
#821 = CARTESIAN_POINT ( 'NONE',  ( -1.859375000000029976, 0.3476343040826271880, 0.9499999999999999556 ) ) ;
#822 = ORIENTED_EDGE ( 'NONE', *, *, #2134, .T. ) ;
#823 = FACE_OUTER_BOUND ( 'NONE', #9399, .T. ) ;
#824 = ORIENTED_EDGE ( 'NONE', *, *, #456, .T. ) ;
#825 = LINE ( 'NONE', #8121, #8401 ) ;
#826 = DIRECTION ( 'NONE',  ( 0.4999999999999982792, 0.8660254037844398178, 0.000000000000000000 ) ) ;
#827 = ADVANCED_FACE ( 'NONE', ( #12 ), #2433, .F. ) ;
#828 = VERTEX_POINT ( 'NONE', #5793 ) ;
#829 = CARTESIAN_POINT ( 'NONE',  ( -1.953629557839698050, -0.2613205341219492772, 0.2600000000000002309 ) ) ;
#830 = DIRECTION ( 'NONE',  ( 0.4999999999999972800, 0.8660254037844402619, 0.000000000000000000 ) ) ;
#831 = CYLINDRICAL_SURFACE ( 'NONE', #6682, 0.06424999999999977951 ) ;
#832 = FACE_BOUND ( 'NONE', #3688, .T. ) ;
#833 = CARTESIAN_POINT ( 'NONE',  ( -1.469260745157311643, -0.05214740516181733815, 0.8452727038963768758 ) ) ;
#834 = CARTESIAN_POINT ( 'NONE',  ( -1.984375000000020206, 0.4058214234295524081, 0.6642500000000000071 ) ) ;
#835 = CARTESIAN_POINT ( 'NONE',  ( 1.984375000000025979, 0.2790714234295686436, 0.2600000000000002309 ) ) ;
#836 = EDGE_CURVE ( 'NONE', #2672, #6842, #5759, .T. ) ;
#837 = EDGE_CURVE ( 'NONE', #3766, #3216, #782, .T. ) ;
#838 = SHAPE_DEFINITION_REPRESENTATION ( #2749, #868 ) ;
#839 = VECTOR ( 'NONE', #7276, 39.37007874015748143 ) ;
#840 = ORIENTED_EDGE ( 'NONE', *, *, #8826, .F. ) ;
#841 = FACE_OUTER_BOUND ( 'NONE', #1570, .T. ) ;
#842 = ORIENTED_EDGE ( 'NONE', *, *, #2699, .T. ) ;
#843 = DIRECTION ( 'NONE',  ( -2.185478394931411364E-15, 1.000000000000000000, 0.000000000000000000 ) ) ;
#844 = AXIS2_PLACEMENT_3D ( 'NONE', #7759, #9335, #7715 ) ;
#845 = ORIENTED_EDGE ( 'NONE', *, *, #6426, .T. ) ;
#846 = DIRECTION ( 'NONE',  ( -0.8660254037844402619, 0.4999999999999972800, 0.000000000000000000 ) ) ;
#847 = DIRECTION ( 'NONE',  ( -4.535261055593764468E-14, 1.000000000000000000, 0.000000000000000000 ) ) ;
#848 = EDGE_CURVE ( 'NONE', #8054, #8641, #6607, .T. ) ;
#849 = CARTESIAN_POINT ( 'NONE',  ( -2.436424770404262752, -0.02605000280374219004, 0.2500000000000000555 ) ) ;
#850 = EDGE_CURVE ( 'NONE', #8303, #5356, #3719, .T. ) ;
#851 = CARTESIAN_POINT ( 'NONE',  ( 2.390625000000005773, 0.6404979548822425928, 0.9499999999999999556 ) ) ;
#852 = ORIENTED_EDGE ( 'NONE', *, *, #5867, .F. ) ;
#853 = CARTESIAN_POINT ( 'NONE',  ( 1.425435123085334821, -0.02685461453993916517, 0.8011496496916042931 ) ) ;
#854 = EDGE_CURVE ( 'NONE', #5707, #262, #9414, .T. ) ;
#855 = DIRECTION ( 'NONE',  ( 1.000000000000000000, 0.000000000000000000, 0.000000000000000000 ) ) ;
#856 = DIRECTION ( 'NONE',  ( -1.000000000000000000, 0.000000000000000000, 0.000000000000000000 ) ) ;
#857 = ORIENTED_EDGE ( 'NONE', *, *, #1012, .T. ) ;
#858 = CARTESIAN_POINT ( 'NONE',  ( 2.721854174377007496, -0.1822141550339411165, 0.6999999999999999556 ) ) ;
#859 = VECTOR ( 'NONE', #8974, 39.37007874015748854 ) ;
#860 = ORIENTED_EDGE ( 'NONE', *, *, #7327, .T. ) ;
#861 = EDGE_CURVE ( 'NONE', #5441, #125, #5111, .T. ) ;
#862 = ORIENTED_EDGE ( 'NONE', *, *, #2395, .F. ) ;
#863 = VECTOR ( 'NONE', #3420, 39.37007874015748143 ) ;
#864 = CARTESIAN_POINT ( 'NONE',  ( -2.390625000000005773, 0.6404979548822425928, 0.9499999999999999556 ) ) ;
#865 = DIRECTION ( 'NONE',  ( -0.8660254037844362651, 0.5000000000000039968, -0.000000000000000000 ) ) ;
#866 = CARTESIAN_POINT ( 'NONE',  ( -2.487700201892215635, -0.3717848224071855223, 0.6642499999999997851 ) ) ;
#867 = CARTESIAN_POINT ( 'NONE',  ( 2.502726728461359684, -0.5969667425129840943, 0.7849999999999999201 ) ) ;
#868 = ADVANCED_BREP_SHAPE_REPRESENTATION ( '3_cable_guide_housing_2', ( #3087, #1567 ), #5339 ) ;
#869 = ORIENTED_EDGE ( 'NONE', *, *, #1246, .F. ) ;
#870 = PLANE ( 'NONE',  #1008 ) ;
#871 = ORIENTED_EDGE ( 'NONE', *, *, #7698, .F. ) ;
#872 = CARTESIAN_POINT ( 'NONE',  ( -2.593125000000000124, -0.4701796254713026535, 0.6999999999999999556 ) ) ;
#873 = CONICAL_SURFACE ( 'NONE', #8524, 0.2824999999999976974, 0.7853981633974463916 ) ;
#874 = CIRCLE ( 'NONE', #1783, 0.3449999999999964762 ) ;
#875 = ORIENTED_EDGE ( 'NONE', *, *, #2469, .T. ) ;
#876 = PLANE ( 'NONE',  #7503 ) ;
#877 = CARTESIAN_POINT ( 'NONE',  ( 2.435083070873305111, 0.3086606738035367337, 0.8291007793619377120 ) ) ;
#878 = CIRCLE ( 'NONE', #6831, 0.06425000000000000155 ) ;
#879 = FACE_OUTER_BOUND ( 'NONE', #1853, .T. ) ;
#880 = CARTESIAN_POINT ( 'NONE',  ( -2.390625000000005773, 0.6404979548822425928, 0.9499999999999999556 ) ) ;
#881 = EDGE_CURVE ( 'NONE', #7067, #4474, #1048, .T. ) ;
#882 = CARTESIAN_POINT ( 'NONE',  ( -1.440022003734873879, -0.03069510853887556789, 0.8223310893196605909 ) ) ;
#883 = LINE ( 'NONE', #6031, #4680 ) ;
#884 = CARTESIAN_POINT ( 'NONE',  ( 0.000000000000000000, -0.3012499999999982969, 0.000000000000000000 ) ) ;
#885 = ORIENTED_EDGE ( 'NONE', *, *, #2886, .T. ) ;
#886 = COLOUR_RGB ( '',0.7529411764705882248, 0.7529411764705882248, 0.7529411764705882248 ) ;
#887 = ORIENTED_EDGE ( 'NONE', *, *, #7758, .T. ) ;
#888 = CARTESIAN_POINT ( 'NONE',  ( -1.167433081593973077, 0.3012499999999982969, 0.2175000000000005540 ) ) ;
#889 = EDGE_CURVE ( 'NONE', #432, #5673, #8839, .T. ) ;
#890 = AXIS2_PLACEMENT_3D ( 'NONE', #1397, #8886, #2956 ) ;
#891 = VECTOR ( 'NONE', #5954, 39.37007874015748143 ) ;
#892 = CIRCLE ( 'NONE', #7790, 0.2500000000000000000 ) ;
#893 = DIRECTION ( 'NONE',  ( 1.000000000000000000, 5.142302105720781001E-14, 0.000000000000000000 ) ) ;
#894 = ORIENTED_EDGE ( 'NONE', *, *, #9125, .F. ) ;
#895 =( LENGTH_UNIT ( ) NAMED_UNIT ( * ) SI_UNIT ( $, .METRE. ) );
#896 = CARTESIAN_POINT ( 'NONE',  ( 1.779775888008966911, 0.2687499999999986011, 0.2500000000000000000 ) ) ;
#897 = CARTESIAN_POINT ( 'NONE',  ( -2.546874999999995559, -0.5502869753213701642, 0.6999999999999999556 ) ) ;
#898 = CARTESIAN_POINT ( 'NONE',  ( -2.390625000000005773, 0.4058214234295524081, 0.6642500000000000071 ) ) ;
#899 = AXIS2_PLACEMENT_3D ( 'NONE', #8132, #6809, #1502 ) ;
#900 = VECTOR ( 'NONE', #6732, 39.37007874015748143 ) ;
#901 = ORIENTED_EDGE ( 'NONE', *, *, #4526, .T. ) ;
#902 = DIRECTION ( 'NONE',  ( 0.8660254037844431485, 0.4999999999999918954, 0.000000000000000000 ) ) ;
#903 = CYLINDRICAL_SURFACE ( 'NONE', #5924, 0.06425000000000000155 ) ;
#904 = EDGE_CURVE ( 'NONE', #7908, #8881, #6812, .T. ) ;
#905 = ADVANCED_FACE ( 'NONE', ( #8693 ), #3316, .F. ) ;
#906 = CYLINDRICAL_SURFACE ( 'NONE', #1596, 0.009999999999999892655 ) ;
#907 = ORIENTED_EDGE ( 'NONE', *, *, #2889, .F. ) ;
#908 = ORIENTED_EDGE ( 'NONE', *, *, #6672, .T. ) ;
#909 = DIRECTION ( 'NONE',  ( 0.000000000000000000, 0.000000000000000000, 1.000000000000000000 ) ) ;
#910 = AXIS2_PLACEMENT_3D ( 'NONE', #3386, #3483, #4779 ) ;
#911 = ORIENTED_EDGE ( 'NONE', *, *, #36, .F. ) ;
#912 = VECTOR ( 'NONE', #7544, 39.37007874015747433 ) ;
#913 = CONICAL_SURFACE ( 'NONE', #7506, 0.04250000000000079409, 0.7853981633974481680 ) ;
#914 = VERTEX_POINT ( 'NONE', #1856 ) ;
#915 = EDGE_CURVE ( 'NONE', #6034, #5912, #4714, .T. ) ;
#916 = DIRECTION ( 'NONE',  ( -0.8660254037844795638, 0.4999999999999291678, 0.000000000000000000 ) ) ;
#917 = PLANE ( 'NONE',  #7065 ) ;
#918 = EDGE_CURVE ( 'NONE', #7086, #4633, #6889, .T. ) ;
#919 = DIRECTION ( 'NONE',  ( 0.5000000000000434097, 0.8660254037844137276, -0.000000000000000000 ) ) ;
#920 = CARTESIAN_POINT ( 'NONE',  ( -1.504999999999972138, -0.2071244090717875574, 0.2600000000000000089 ) ) ;
#921 = ORIENTED_EDGE ( 'NONE', *, *, #5569, .F. ) ;
#922 = FACE_OUTER_BOUND ( 'NONE', #5840, .T. ) ;
#923 = ORIENTED_EDGE ( 'NONE', *, *, #5133, .T. ) ;
#924 = SURFACE_SIDE_STYLE ('',( #8976 ) ) ;
#925 = ORIENTED_EDGE ( 'NONE', *, *, #2818, .T. ) ;
#926 = CYLINDRICAL_SURFACE ( 'NONE', #1220, 0.2500000000000000000 ) ;
#927 = FACE_OUTER_BOUND ( 'NONE', #2898, .T. ) ;
#928 = AXIS2_PLACEMENT_3D ( 'NONE', #6983, #8533, #4767 ) ;
#929 = ORIENTED_EDGE ( 'NONE', *, *, #74, .T. ) ;
#930 = PLANE ( 'NONE',  #4679 ) ;
#931 = FACE_OUTER_BOUND ( 'NONE', #1110, .T. ) ;
#932 = DIRECTION ( 'NONE',  ( 1.000000000000000000, 0.000000000000000000, 0.000000000000000000 ) ) ;
#933 = CARTESIAN_POINT ( 'NONE',  ( 1.635624999999971241, -0.4333735458104719385, 0.2174999999999991107 ) ) ;
#934 = CARTESIAN_POINT ( 'NONE',  ( -2.593124999999999680, -0.4701796254713037637, 0.2599999999999999534 ) ) ;
#935 = VECTOR ( 'NONE', #9121, 39.37007874015748143 ) ;
#936 = ORIENTED_EDGE ( 'NONE', *, *, #1774, .T. ) ;
#937 = ORIENTED_EDGE ( 'NONE', *, *, #4739, .F. ) ;
#938 = CARTESIAN_POINT ( 'NONE',  ( 2.546874999999995559, -0.5502869753213701642, 0.000000000000000000 ) ) ;
#939 = CARTESIAN_POINT ( 'NONE',  ( 0.000000000000000000, -0.2087499999999990474, 0.000000000000000000 ) ) ;
#940 = DIRECTION ( 'NONE',  ( 1.000000000000000000, 0.000000000000000000, 0.000000000000000000 ) ) ;
#941 = ORIENTED_EDGE ( 'NONE', *, *, #1900, .T. ) ;
#942 = LENGTH_MEASURE_WITH_UNIT ( LENGTH_MEASURE( 0.02539999999999999897 ), #895 );
#943 = FILL_AREA_STYLE_COLOUR ( '', #3600 ) ;
#944 = DIRECTION ( 'NONE',  ( 0.000000000000000000, 0.000000000000000000, 1.000000000000000000 ) ) ;
#945 = CARTESIAN_POINT ( 'NONE',  ( -1.859375000000008882, 0.6404979548822717916, 0.6999999999999999556 ) ) ;
#946 = EDGE_CURVE ( 'NONE', #58, #3003, #4763, .T. ) ;
#947 = ORIENTED_EDGE ( 'NONE', *, *, #4740, .F. ) ;
#948 = VERTEX_POINT ( 'NONE', #338 ) ;
#949 = CARTESIAN_POINT ( 'NONE',  ( -2.750000000000022649, -0.1984641550339512339, 0.9499999999999999556 ) ) ;
#950 = CARTESIAN_POINT ( 'NONE',  ( -2.298125000000001528, 0.6404979548822472557, 0.2500000000000000555 ) ) ;
#951 = FACE_OUTER_BOUND ( 'NONE', #4863, .T. ) ;
#952 = ORIENTED_EDGE ( 'NONE', *, *, #5635, .F. ) ;
#953 = EDGE_LOOP ( 'NONE', ( #3846, #4104, #908, #2484, #770, #215, #1584, #2799 ) ) ;
#954 = CARTESIAN_POINT ( 'NONE',  ( 2.812500000000023093, 0.6404979548822424817, 0.6642500000000000071 ) ) ;
#955 = CIRCLE ( 'NONE', #5210, 0.06425000000000000155 ) ;
#956 = ORIENTED_EDGE ( 'NONE', *, *, #9275, .T. ) ;
#957 = EDGE_CURVE ( 'NONE', #1250, #8329, #1901, .T. ) ;
#958 = ADVANCED_FACE ( 'NONE', ( #2518 ), #8526, .F. ) ;
#959 = ORIENTED_EDGE ( 'NONE', *, *, #317, .F. ) ;
#960 = CONICAL_SURFACE ( 'NONE', #1721, 0.2824999999999975864, 0.7853981633974452814 ) ;
#961 = ORIENTED_EDGE ( 'NONE', *, *, #2797, .F. ) ;
#962 = AXIS2_PLACEMENT_3D ( 'NONE', #1790, #365, #5073 ) ;
#963 = LINE ( 'NONE', #3852, #2597 ) ;
#964 = DIRECTION ( 'NONE',  ( -1.000000000000000000, -4.535261055593764468E-14, 0.000000000000000000 ) ) ;
#965 = LINE ( 'NONE', #4625, #1190 ) ;
#966 = DIRECTION ( 'NONE',  ( -0.4999999999999527600, 0.8660254037844661301, 0.000000000000000000 ) ) ;
#967 = ORIENTED_EDGE ( 'NONE', *, *, #4668, .F. ) ;
#968 = CARTESIAN_POINT ( 'NONE',  ( 1.408382262026758758, -0.03485332976920646475, 0.7349999999999999867 ) ) ;
#969 = ORIENTED_EDGE ( 'NONE', *, *, #4031, .T. ) ;
#970 = AXIS2_PLACEMENT_3D ( 'NONE', #4678, #6949, #1117 ) ;
#971 = EDGE_CURVE ( 'NONE', #8732, #4633, #5207, .T. ) ;
#972 = ADVANCED_FACE ( 'NONE', ( #4036 ), #3277, .F. ) ;
#973 = ORIENTED_EDGE ( 'NONE', *, *, #1951, .T. ) ;
#974 = DIRECTION ( 'NONE',  ( 0.4999999999999972800, -0.8660254037844402619, 0.000000000000000000 ) ) ;
#975 = CARTESIAN_POINT ( 'NONE',  ( 2.450391838512697706, 0.2924534376963031646, 0.8038757313803486237 ) ) ;
#976 = EDGE_CURVE ( 'NONE', #4657, #704, #7675, .T. ) ;
#977 = DIRECTION ( 'NONE',  ( -0.4999999999999972800, 0.8660254037844402619, 0.000000000000000000 ) ) ;
#978 = LINE ( 'NONE', #880, #8013 ) ;
#979 = DIRECTION ( 'NONE',  ( -0.6560590289905084971, 8.034405899049468590E-17, 0.7547095802227710148 ) ) ;
#980 = DIRECTION ( 'NONE',  ( 0.000000000000000000, -0.7071067811865534569, 0.7071067811865415775 ) ) ;
#981 = CARTESIAN_POINT ( 'NONE',  ( 2.265625000000000000, 0.6079979548822475044, 0.5357500000000000595 ) ) ;
#982 = ORIENTED_EDGE ( 'NONE', *, *, #4227, .F. ) ;
#983 = ORIENTED_EDGE ( 'NONE', *, *, #8622, .T. ) ;
#984 = CIRCLE ( 'NONE', #378, 1.020000000000000018 ) ;
#985 = EDGE_LOOP ( 'NONE', ( #3019, #2155, #9405, #6470 ) ) ;
#986 = LINE ( 'NONE', #3874, #6865 ) ;
#987 = CARTESIAN_POINT ( 'NONE',  ( 1.812500000000002665, 0.000000000000000000, 0.9174999999999992051 ) ) ;
#988 = DIRECTION ( 'NONE',  ( 0.8660254037844363761, -0.5000000000000039968, -0.000000000000000000 ) ) ;
#989 = VERTEX_POINT ( 'NONE', #3993 ) ;
#990 = CARTESIAN_POINT ( 'NONE',  ( -0.5325000000000017497, 0.3012499999999984079, 0.000000000000000000 ) ) ;
#991 = LINE ( 'NONE', #6964, #8224 ) ;
#992 = LENGTH_MEASURE_WITH_UNIT ( LENGTH_MEASURE( 0.02539999999999999897 ), #3268 );
#993 = CARTESIAN_POINT ( 'NONE',  ( -1.786818850946106707, -0.1952489774411181045, 0.6999999999999999556 ) ) ;
#994 = ORIENTED_EDGE ( 'NONE', *, *, #1407, .F. ) ;
#995 = ORIENTED_EDGE ( 'NONE', *, *, #4338, .T. ) ;
#996 = CARTESIAN_POINT ( 'NONE',  ( -2.390625000000005773, 0.6404979548822425928, 0.2500000000000000555 ) ) ;
#997 = DIRECTION ( 'NONE',  ( -0.5000000000000038858, 0.8660254037844363761, 0.000000000000000000 ) ) ;
#998 = ADVANCED_FACE ( 'NONE', ( #9149 ), #6976, .T. ) ;
#999 = ORIENTED_EDGE ( 'NONE', *, *, #9065, .F. ) ;
#1000 = DIRECTION ( 'NONE',  ( 0.8660254037844397068, -0.4999999999999982792, 0.000000000000000000 ) ) ;
#1001 = VERTEX_POINT ( 'NONE', #6837 ) ;
#1002 = CARTESIAN_POINT ( 'NONE',  ( -2.453125000000005329, 0.6404979548822425928, 0.4150000000000000910 ) ) ;
#1003 = VECTOR ( 'NONE', #8328, 39.37007874015748143 ) ;
#1004 = EDGE_LOOP ( 'NONE', ( #6968, #7381, #5214, #3566, #9281 ) ) ;
#1005 = ORIENTED_EDGE ( 'NONE', *, *, #1650, .F. ) ;
#1006 = DIRECTION ( 'NONE',  ( 1.000000000000000000, 0.000000000000000000, 0.000000000000000000 ) ) ;
#1007 = CARTESIAN_POINT ( 'NONE',  ( 2.293247638562451396, -0.4038551499215468632, 0.7350000000000015410 ) ) ;
#1008 = AXIS2_PLACEMENT_3D ( 'NONE', #6651, #4263, #5157 ) ;
#1009 = DIRECTION ( 'NONE',  ( 0.8660254037844448138, 0.4999999999999893419, 0.000000000000000000 ) ) ;
#1010 = LINE ( 'NONE', #9025, #5796 ) ;
#1011 = EDGE_CURVE ( 'NONE', #3660, #99, #4392, .T. ) ;
#1012 = EDGE_CURVE ( 'NONE', #7954, #3185, #6186, .T. ) ;
#1013 = ORIENTED_EDGE ( 'NONE', *, *, #6578, .T. ) ;
#1014 = DIRECTION ( 'NONE',  ( 0.8660254037844431485, 0.4999999999999918954, 0.000000000000000000 ) ) ;
#1015 = ORIENTED_EDGE ( 'NONE', *, *, #1147, .T. ) ;
#1016 = VECTOR ( 'NONE', #5578, 39.37007874015748143 ) ;
#1017 = CARTESIAN_POINT ( 'NONE',  ( -2.453125000000005329, 0.6404979548822425928, 0.4150000000000000910 ) ) ;
#1018 = ORIENTED_EDGE ( 'NONE', *, *, #7800, .F. ) ;
#1019 = CYLINDRICAL_SURFACE ( 'NONE', #8110, 0.06424999999999973788 ) ;
#1020 = DIRECTION ( 'NONE',  ( -3.023406148612404573E-15, -1.000000000000000000, 0.000000000000000000 ) ) ;
#1021 = DIRECTION ( 'NONE',  ( -1.000000000000000000, 0.000000000000000000, 0.000000000000000000 ) ) ;
#1022 = CARTESIAN_POINT ( 'NONE',  ( 1.437499999999995559, -0.09021097956087463510, 0.2500000000000000000 ) ) ;
#1023 = EDGE_CURVE ( 'NONE', #1455, #8711, #426, .T. ) ;
#1024 = EDGE_CURVE ( 'NONE', #7452, #7123, #9201, .T. ) ;
#1025 = PLANE ( 'NONE',  #7639 ) ;
#1026 = AXIS2_PLACEMENT_3D ( 'NONE', #8338, #8387, #4658 ) ;
#1027 = CARTESIAN_POINT ( 'NONE',  ( 1.984375000000009548, 0.6404979548822712365, 0.6642500000000000071 ) ) ;
#1028 = DIRECTION ( 'NONE',  ( -0.5000000000000083267, -0.8660254037844338226, 0.000000000000000000 ) ) ;
#1029 = VERTEX_POINT ( 'NONE', #5527 ) ;
#1030 = EDGE_CURVE ( 'NONE', #5694, #1599, #7574, .T. ) ;
#1031 = AXIS2_PLACEMENT_3D ( 'NONE', #7891, #7015, #1316 ) ;
#1032 = CIRCLE ( 'NONE', #7617, 0.2174999999999991662 ) ;
#1033 = ORIENTED_EDGE ( 'NONE', *, *, #889, .F. ) ;
#1034 = CARTESIAN_POINT ( 'NONE',  ( -1.242624999999987656, 0.000000000000000000, 0.2500000000000000555 ) ) ;
#1035 = LINE ( 'NONE', #8820, #6753 ) ;
#1036 = EDGE_CURVE ( 'NONE', #1137, #7802, #709, .T. ) ;
#1037 = LENGTH_MEASURE_WITH_UNIT ( LENGTH_MEASURE( 0.02539999999999999897 ), #4505 );
#1038 = EDGE_LOOP ( 'NONE', ( #2584, #8104, #2396, #3422 ) ) ;
#1039 = DIRECTION ( 'NONE',  ( -0.000000000000000000, -0.000000000000000000, -1.000000000000000000 ) ) ;
#1040 = CIRCLE ( 'NONE', #9298, 0.06424999999999959910 ) ;
#1041 = DIRECTION ( 'NONE',  ( -0.000000000000000000, -0.000000000000000000, -1.000000000000000000 ) ) ;
#1042 = FACE_OUTER_BOUND ( 'NONE', #3048, .T. ) ;
#1043 = EDGE_CURVE ( 'NONE', #381, #5912, #8207, .T. ) ;
#1044 = CARTESIAN_POINT ( 'NONE',  ( 2.211547108317882149, -0.4288541104406126681, 0.9499999999999999556 ) ) ;
#1045 = ORIENTED_EDGE ( 'NONE', *, *, #3571, .T. ) ;
#1046 = CARTESIAN_POINT ( 'NONE',  ( -2.812500000000023093, 0.6404979548822424817, 0.5357500000000000595 ) ) ;
#1047 = CIRCLE ( 'NONE', #6378, 1.020000000000000018 ) ;
#1048 = CIRCLE ( 'NONE', #586, 0.04449999999999948441 ) ;
#1049 = VECTOR ( 'NONE', #6264, 39.37007874015748143 ) ;
#1050 = DIRECTION ( 'NONE',  ( -0.8660254037844002939, 0.5000000000000666134, 0.000000000000000000 ) ) ;
#1051 = ORIENTED_EDGE ( 'NONE', *, *, #6622, .F. ) ;
#1052 = CARTESIAN_POINT ( 'NONE',  ( 2.390625000000005773, 0.6404979548822425928, 0.6999999999999999556 ) ) ;
#1053 = CARTESIAN_POINT ( 'NONE',  ( 1.167433081593972855, 0.3012499999999982969, 0.5000000000000002220 ) ) ;
#1054 = CARTESIAN_POINT ( 'NONE',  ( -1.691127361437541943, 0.05622084583895026189, 0.9499999999999999556 ) ) ;
#1055 = AXIS2_PLACEMENT_3D ( 'NONE', #400, #5545, #8412 ) ;
#1056 = STYLED_ITEM ( 'NONE', ( #1682 ), #4977 ) ;
#1057 = ORIENTED_EDGE ( 'NONE', *, *, #6869, .T. ) ;
#1058 = ADVANCED_FACE ( 'NONE', ( #7180 ), #6445, .T. ) ;
#1059 = VERTEX_POINT ( 'NONE', #3465 ) ;
#1060 = CARTESIAN_POINT ( 'NONE',  ( 1.691127361437541943, 0.05622084583895026189, 0.3525000000000004241 ) ) ;
#1061 = LINE ( 'NONE', #3951, #2769 ) ;
#1062 = AXIS2_PLACEMENT_3D ( 'NONE', #5925, #776, #95 ) ;
#1063 = AXIS2_PLACEMENT_3D ( 'NONE', #8192, #1611, #3091 ) ;
#1064 = DIRECTION ( 'NONE',  ( 0.000000000000000000, 0.000000000000000000, -1.000000000000000000 ) ) ;
#1065 = ORIENTED_EDGE ( 'NONE', *, *, #3690, .F. ) ;
#1066 = CARTESIAN_POINT ( 'NONE',  ( 1.504999999999972138, -0.2071244090717874464, 0.2600000000000000089 ) ) ;
#1067 = ORIENTED_EDGE ( 'NONE', *, *, #8105, .T. ) ;
#1068 = EDGE_LOOP ( 'NONE', ( #7743, #3578, #3404, #5658, #3477 ) ) ;
#1069 = DIMENSIONAL_EXPONENTS ( 1.000000000000000000, 0.000000000000000000, 0.000000000000000000, 0.000000000000000000, 0.000000000000000000, 0.000000000000000000, 0.000000000000000000 ) ;
#1070 = AXIS2_PLACEMENT_3D ( 'NONE', #3556, #5858, #2228 ) ;
#1071 = EDGE_CURVE ( 'NONE', #2505, #9436, #4851, .T. ) ;
#1072 = ORIENTED_EDGE ( 'NONE', *, *, #7219, .F. ) ;
#1073 = CARTESIAN_POINT ( 'NONE',  ( -1.802294139933362738, -0.01196658862688802262, 0.9278645602857933383 ) ) ;
#1074 = FACE_OUTER_BOUND ( 'NONE', #5140, .T. ) ;
#1075 = DIRECTION ( 'NONE',  ( -0.6560590289905063877, 8.034405899049442705E-17, 0.7547095802227727912 ) ) ;
#1076 = CARTESIAN_POINT ( 'NONE',  ( 2.125000000000030642, 0.6079979548822563862, 0.2500000000000000555 ) ) ;
#1077 = CARTESIAN_POINT ( 'NONE',  ( -2.500143830268922507, -0.5954755055462911395, 0.7932493951414447686 ) ) ;
#1078 = VECTOR ( 'NONE', #1251, 39.37007874015748143 ) ;
#1079 = FILL_AREA_STYLE_COLOUR ( '', #7164 ) ;
#1080 = CARTESIAN_POINT ( 'NONE',  ( 2.390625000000005773, 0.6404979548822425928, 0.8474999999999995870 ) ) ;
#1081 = EDGE_LOOP ( 'NONE', ( #5537, #7154, #221, #1018 ) ) ;
#1082 = EDGE_CURVE ( 'NONE', #9327, #4700, #622, .T. ) ;
#1083 = CIRCLE ( 'NONE', #1230, 0.5000000000000000000 ) ;
#1084 = ORIENTED_EDGE ( 'NONE', *, *, #428, .T. ) ;
#1085 = ORIENTED_EDGE ( 'NONE', *, *, #3705, .T. ) ;
#1086 = DIRECTION ( 'NONE',  ( 1.000000000000000000, 0.000000000000000000, -4.560754576643555576E-16 ) ) ;
#1087 = DIRECTION ( 'NONE',  ( 0.000000000000000000, -4.370956789862821150E-15, -1.000000000000000000 ) ) ;
#1088 = LINE ( 'NONE', #4167, #7754 ) ;
#1089 = ORIENTED_EDGE ( 'NONE', *, *, #1650, .T. ) ;
#1090 = AXIS2_PLACEMENT_3D ( 'NONE', #5397, #4635, #1213 ) ;
#1091 = CARTESIAN_POINT ( 'NONE',  ( -1.526472947664362811, -0.1851221723487109228, 0.2499999999999998612 ) ) ;
#1092 = CARTESIAN_POINT ( 'NONE',  ( -2.296874244255246111, -0.2991391718944301781, 0.9499999999999999556 ) ) ;
#1093 = CARTESIAN_POINT ( 'NONE',  ( 1.807738770884311341, 0.3012499999999982969, 0.2500000000000000555 ) ) ;
#1094 = DIRECTION ( 'NONE',  ( -0.8660254037844363761, 0.5000000000000041078, 0.000000000000000000 ) ) ;
#1095 = EDGE_CURVE ( 'NONE', #1718, #2192, #5767, .T. ) ;
#1096 = EDGE_CURVE ( 'NONE', #2099, #7271, #6850, .T. ) ;
#1097 = ORIENTED_EDGE ( 'NONE', *, *, #1263, .F. ) ;
#1098 = DIRECTION ( 'NONE',  ( -1.000000000000000000, 0.000000000000000000, 0.000000000000000000 ) ) ;
#1099 = CARTESIAN_POINT ( 'NONE',  ( -2.125000000000000000, 0.000000000000000000, 0.9175000000000007594 ) ) ;
#1100 = VERTEX_POINT ( 'NONE', #4856 ) ;
#1101 = CARTESIAN_POINT ( 'NONE',  ( 2.463181149053915497, -0.1952489774411343137, 0.6999999999999999556 ) ) ;
#1102 = EDGE_LOOP ( 'NONE', ( #7029, #2364, #925, #982, #6081, #1424, #4822, #9011, #6572, #7993, #8169, #1587, #3108, #8353, #2631, #5594, #334 ) ) ;
#1103 = CARTESIAN_POINT ( 'NONE',  ( -2.533493649053912833, -0.07346415503395155311, 0.9499999999999999556 ) ) ;
#1104 = VERTEX_POINT ( 'NONE', #9340 ) ;
#1105 = EDGE_LOOP ( 'NONE', ( #2339, #7037, #8580, #4785, #4642, #3123, #824, #3238 ) ) ;
#1106 = DIRECTION ( 'NONE',  ( -0.8660254037844364872, -0.5000000000000039968, 0.000000000000000000 ) ) ;
#1107 = CARTESIAN_POINT ( 'NONE',  ( -1.371124999999987715, 7.868355684521745422E-18, 0.1944947243515862401 ) ) ;
#1108 = AXIS2_PLACEMENT_3D ( 'NONE', #483, #5008, #7081 ) ;
#1109 = CARTESIAN_POINT ( 'NONE',  ( 1.622756350946106485, 0.08891560817565714869, 0.6999999999999999556 ) ) ;
#1110 = EDGE_LOOP ( 'NONE', ( #2444, #4269, #1788, #3430 ) ) ;
#1111 = LINE ( 'NONE', #6157, #243 ) ;
#1112 = ORIENTED_EDGE ( 'NONE', *, *, #6935, .T. ) ;
#1113 = ORIENTED_EDGE ( 'NONE', *, *, #3067, .T. ) ;
#1114 = CIRCLE ( 'NONE', #8776, 0.2499999999999999167 ) ;
#1115 = EDGE_LOOP ( 'NONE', ( #3955, #8323 ) ) ;
#1116 = DIRECTION ( 'NONE',  ( 0.000000000000000000, 0.000000000000000000, -1.000000000000000000 ) ) ;
#1117 = DIRECTION ( 'NONE',  ( 1.000000000000000000, 0.000000000000000000, 0.000000000000000000 ) ) ;
#1118 = LINE ( 'NONE', #4009, #4993 ) ;
#1119 = DIRECTION ( 'NONE',  ( 0.4999999999999291678, -0.8660254037844795638, 0.000000000000000000 ) ) ;
#1120 = FACE_OUTER_BOUND ( 'NONE', #9060, .T. ) ;
#1121 = EDGE_CURVE ( 'NONE', #467, #772, #4748, .T. ) ;
#1122 = LINE ( 'NONE', #8457, #1049 ) ;
#1123 = CARTESIAN_POINT ( 'NONE',  ( 1.859375000000026645, 0.3904979548822720137, 0.6999999999999999556 ) ) ;
#1124 = EDGE_LOOP ( 'NONE', ( #4600, #7253, #1716, #9029 ) ) ;
#1125 = VECTOR ( 'NONE', #3531, 39.37007874015748854 ) ;
#1126 = ORIENTED_EDGE ( 'NONE', *, *, #8356, .T. ) ;
#1127 = DIRECTION ( 'NONE',  ( -0.8660254037844424824, -0.4999999999999936162, 0.000000000000000000 ) ) ;
#1128 = FACE_OUTER_BOUND ( 'NONE', #4529, .T. ) ;
#1129 = LINE ( 'NONE', #8508, #1266 ) ;
#1130 = DIRECTION ( 'NONE',  ( -1.000000000000000000, 7.249756350802272209E-14, 0.000000000000000000 ) ) ;
#1131 = EDGE_CURVE ( 'NONE', #3097, #1059, #4902, .T. ) ;
#1132 = EDGE_CURVE ( 'NONE', #1763, #339, #7006, .T. ) ;
#1133 = ORIENTED_EDGE ( 'NONE', *, *, #8296, .F. ) ;
#1134 = LINE ( 'NONE', #4024, #2401 ) ;
#1135 = LENGTH_MEASURE_WITH_UNIT ( LENGTH_MEASURE( 0.02539999999999999897 ), #3833 );
#1136 = DIRECTION ( 'NONE',  ( -0.8660254037844348218, -0.5000000000000066613, 0.000000000000000000 ) ) ;
#1137 = VERTEX_POINT ( 'NONE', #1236 ) ;
#1138 = CARTESIAN_POINT ( 'NONE',  ( 1.712339780658681754, -0.2382494887205523215, 0.2500000000000000555 ) ) ;
#1139 = DIRECTION ( 'NONE',  ( -0.000000000000000000, -0.000000000000000000, -1.000000000000000000 ) ) ;
#1140 = AXIS2_PLACEMENT_3D ( 'NONE', #2292, #8731, #4376 ) ;
#1141 = ADVANCED_FACE ( 'NONE', ( #7857 ), #2866, .F. ) ;
#1142 = ORIENTED_EDGE ( 'NONE', *, *, #417, .T. ) ;
#1143 = DIRECTION ( 'NONE',  ( 1.000000000000000000, 0.000000000000000000, 0.000000000000000000 ) ) ;
#1144 = ADVANCED_FACE ( 'NONE', ( #2041 ), #1381, .F. ) ;
#1145 = ORIENTED_EDGE ( 'NONE', *, *, #3933, .F. ) ;
#1146 = CARTESIAN_POINT ( 'NONE',  ( -1.859375000000029976, 0.3476343040826271880, 0.6642500000000000071 ) ) ;
#1147 = EDGE_CURVE ( 'NONE', #4191, #92, #1329, .T. ) ;
#1148 = ORIENTED_EDGE ( 'NONE', *, *, #1709, .T. ) ;
#1149 = ORIENTED_EDGE ( 'NONE', *, *, #1121, .F. ) ;
#1150 = DIRECTION ( 'NONE',  ( -0.5000000000000041078, 0.8660254037844362651, 0.000000000000000000 ) ) ;
#1151 = DIRECTION ( 'NONE',  ( 0.000000000000000000, -0.000000000000000000, -1.000000000000000000 ) ) ;
#1152 = DIRECTION ( 'NONE',  ( -0.8660254037844448138, 0.4999999999999893419, 0.000000000000000000 ) ) ;
#1153 = ADVANCED_FACE ( 'NONE', ( #4325 ), #7268, .F. ) ;
#1154 = ORIENTED_EDGE ( 'NONE', *, *, #5809, .T. ) ;
#1155 = LINE ( 'NONE', #4047, #1016 ) ;
#1156 = CIRCLE ( 'NONE', #8352, 0.3124999999999972800 ) ;
#1157 = ORIENTED_EDGE ( 'NONE', *, *, #3271, .F. ) ;
#1158 = ORIENTED_EDGE ( 'NONE', *, *, #4398, .T. ) ;
#1159 = VERTEX_POINT ( 'NONE', #898 ) ;
#1160 = VERTEX_POINT ( 'NONE', #5234 ) ;
#1161 = VECTOR ( 'NONE', #3695, 39.37007874015748143 ) ;
#1162 = CARTESIAN_POINT ( 'NONE',  ( -2.257663553004292112, -0.4170057285111467560, 0.3592211982275868021 ) ) ;
#1163 = LINE ( 'NONE', #449, #6290 ) ;
#1164 = CARTESIAN_POINT ( 'NONE',  ( -2.744999999999998774, -0.2071244090717848652, 0.2175000000000009148 ) ) ;
#1165 = DIRECTION ( 'NONE',  ( 3.599795122966500165E-14, 0.7071067811865504593, 0.7071067811865445751 ) ) ;
#1166 = CARTESIAN_POINT ( 'NONE',  ( -2.502978358448347151, -0.5300198112591532063, 0.8474999999999995870 ) ) ;
#1167 = DIRECTION ( 'NONE',  ( -0.5000000000000432987, -0.8660254037844136166, 0.000000000000000000 ) ) ;
#1168 = AXIS2_PLACEMENT_3D ( 'NONE', #5749, #3499, #5928 ) ;
#1169 = EDGE_CURVE ( 'NONE', #1913, #3050, #3621, .T. ) ;
#1170 = DIRECTION ( 'NONE',  ( -1.000000000000000000, 5.090879084663727145E-14, 0.000000000000000000 ) ) ;
#1171 = VECTOR ( 'NONE', #8490, 39.37007874015748143 ) ;
#1172 = DIRECTION ( 'NONE',  ( -0.6123724356957961357, -0.3535533905932720655, 0.7071067811865471286 ) ) ;
#1173 = LINE ( 'NONE', #3397, #5838 ) ;
#1174 = DIRECTION ( 'NONE',  ( -0.000000000000000000, -1.000000000000000000, -0.000000000000000000 ) ) ;
#1175 = CARTESIAN_POINT ( 'NONE',  ( -2.125000000000000000, 0.000000000000000000, 0.7350000000000006528 ) ) ;
#1176 = CARTESIAN_POINT ( 'NONE',  ( 2.125000000000000000, 0.000000000000000000, 0.9499999999999999556 ) ) ;
#1177 = DIRECTION ( 'NONE',  ( -0.9659258262890737523, -0.2588190451025007000, -0.000000000000000000 ) ) ;
#1178 = VECTOR ( 'NONE', #9284, 39.37007874015748143 ) ;
#1179 = AXIS2_PLACEMENT_3D ( 'NONE', #6238, #3410, #4084 ) ;
#1180 = ORIENTED_EDGE ( 'NONE', *, *, #7697, .T. ) ;
#1181 = ORIENTED_EDGE ( 'NONE', *, *, #317, .T. ) ;
#1182 = EDGE_CURVE ( 'NONE', #1059, #6304, #3090, .T. ) ;
#1183 = CARTESIAN_POINT ( 'NONE',  ( 2.211562499999988773, -0.1499306480301439148, 0.9499999999999999556 ) ) ;
#1184 = VECTOR ( 'NONE', #7412, 39.37007874015748143 ) ;
#1185 = CARTESIAN_POINT ( 'NONE',  ( 0.5324999999999976419, 0.1762500000000011557, 0.000000000000000000 ) ) ;
#1186 = ORIENTED_EDGE ( 'NONE', *, *, #6375, .F. ) ;
#1187 = CARTESIAN_POINT ( 'NONE',  ( -2.487700201892215635, -0.3717848224071854113, 0.5999999999999999778 ) ) ;
#1188 = ORIENTED_EDGE ( 'NONE', *, *, #5358, .F. ) ;
#1189 = DIRECTION ( 'NONE',  ( 0.000000000000000000, 0.000000000000000000, -1.000000000000000000 ) ) ;
#1190 = VECTOR ( 'NONE', #8309, 39.37007874015748854 ) ;
#1191 = MECHANICAL_DESIGN_GEOMETRIC_PRESENTATION_REPRESENTATION (  '', ( #8390 ), #6207 ) ;
#1192 = VECTOR ( 'NONE', #6125, 39.37007874015747433 ) ;
#1193 = ORIENTED_EDGE ( 'NONE', *, *, #356, .T. ) ;
#1194 = EDGE_CURVE ( 'NONE', #784, #5870, #2373, .T. ) ;
#1195 = EDGE_CURVE ( 'NONE', #6364, #6182, #6001, .T. ) ;
#1196 = DIRECTION ( 'NONE',  ( 0.000000000000000000, 1.000000000000000000, 0.000000000000000000 ) ) ;
#1197 = ORIENTED_EDGE ( 'NONE', *, *, #6752, .F. ) ;
#1198 = CARTESIAN_POINT ( 'NONE',  ( 0.000000000000000000, -0.3012499999999982969, 0.9875000000000022649 ) ) ;
#1199 = CARTESIAN_POINT ( 'NONE',  ( 0.000000000000000000, -0.2687500000000005995, 0.5000000000000000000 ) ) ;
#1200 = DIRECTION ( 'NONE',  ( -0.000000000000000000, 0.000000000000000000, 1.000000000000000000 ) ) ;
#1201 = ORIENTED_EDGE ( 'NONE', *, *, #7953, .F. ) ;
#1202 = DIRECTION ( 'NONE',  ( -4.202843067175816776E-14, 1.000000000000000000, 0.000000000000000000 ) ) ;
#1203 = AXIS2_PLACEMENT_3D ( 'NONE', #7095, #8552, #8367 ) ;
#1204 = VERTEX_POINT ( 'NONE', #8147 ) ;
#1205 = ORIENTED_EDGE ( 'NONE', *, *, #3521, .T. ) ;
#1206 = ADVANCED_FACE ( 'NONE', ( #7516 ), #5613, .F. ) ;
#1207 = VERTEX_POINT ( 'NONE', #4565 ) ;
#1208 = ADVANCED_FACE ( 'NONE', ( #7415 ), #6048, .T. ) ;
#1209 = ORIENTED_EDGE ( 'NONE', *, *, #7038, .T. ) ;
#1210 = CIRCLE ( 'NONE', #5444, 0.3449999999999986411 ) ;
#1211 = AXIS2_PLACEMENT_3D ( 'NONE', #1046, #8958, #280 ) ;
#1212 = DIRECTION ( 'NONE',  ( 0.000000000000000000, 0.000000000000000000, 1.000000000000000000 ) ) ;
#1213 = DIRECTION ( 'NONE',  ( -0.5000000000000041078, 0.8660254037844362651, 2.185478394931412152E-15 ) ) ;
#1214 = DIRECTION ( 'NONE',  ( -0.8660254037844363761, 0.5000000000000041078, 0.000000000000000000 ) ) ;
#1215 = CARTESIAN_POINT ( 'NONE',  ( -1.635624999999971241, -0.4333735458104718830, 0.2599999999999999534 ) ) ;
#1216 = CARTESIAN_POINT ( 'NONE',  ( 2.546874999999995559, -0.5502869753213701642, 0.9499999999999999556 ) ) ;
#1217 =( NAMED_UNIT ( * ) SI_UNIT ( $, .STERADIAN. ) SOLID_ANGLE_UNIT ( ) );
#1218 = DIRECTION ( 'NONE',  ( -0.8660254037844363761, 0.5000000000000041078, 0.000000000000000000 ) ) ;
#1219 = DIRECTION ( 'NONE',  ( 1.000000000000000000, 0.000000000000000000, 0.000000000000000000 ) ) ;
#1220 = AXIS2_PLACEMENT_3D ( 'NONE', #2353, #5936, #6859 ) ;
#1221 = CARTESIAN_POINT ( 'NONE',  ( -2.038437500000002345, 0.1499306480301810518, 0.9499999999999999556 ) ) ;
#1222 = DIRECTION ( 'NONE',  ( -1.000000000000000000, 0.000000000000000000, 0.000000000000000000 ) ) ;
#1223 = CARTESIAN_POINT ( 'NONE',  ( 1.492872593217500432, -0.1737668238530404308, 0.2500000000000001665 ) ) ;
#1224 = CARTESIAN_POINT ( 'NONE',  ( -1.532023136016478881, -0.1889298536322195354, 0.2499999999999998890 ) ) ;
#1225 = CARTESIAN_POINT ( 'NONE',  ( 2.237266449226429810, -0.4228701535615417284, 0.8291007793619377120 ) ) ;
#1226 = ORIENTED_EDGE ( 'NONE', *, *, #6978, .F. ) ;
#1227 = EDGE_LOOP ( 'NONE', ( #6689, #8029, #6541, #7765 ) ) ;
#1228 = ORIENTED_EDGE ( 'NONE', *, *, #2931, .F. ) ;
#1229 = FACE_OUTER_BOUND ( 'NONE', #5961, .T. ) ;
#1230 = AXIS2_PLACEMENT_3D ( 'NONE', #5674, #8582, #7588 ) ;
#1231 = DIRECTION ( 'NONE',  ( 0.4999999999999918954, -0.8660254037844431485, -2.185478394931412152E-15 ) ) ;
#1232 = ORIENTED_EDGE ( 'NONE', *, *, #7394, .F. ) ;
#1233 = CARTESIAN_POINT ( 'NONE',  ( -1.371124999999987715, 7.868355684521745422E-18, 0.000000000000000000 ) ) ;
#1234 = CARTESIAN_POINT ( 'NONE',  ( 1.797890299566893946, 0.2908780892445645971, 0.2278719107554344481 ) ) ;
#1235 = EDGE_CURVE ( 'NONE', #1694, #2355, #8815, .T. ) ;
#1236 = CARTESIAN_POINT ( 'NONE',  ( 2.558872638562463830, 0.05622084583890603338, 0.9499999999999999556 ) ) ;
#1237 = AXIS2_PLACEMENT_3D ( 'NONE', #8869, #711, #8816 ) ;
#1238 = EDGE_LOOP ( 'NONE', ( #4577, #4987, #6790, #8907 ) ) ;
#1239 = CARTESIAN_POINT ( 'NONE',  ( -2.745000000000000551, -0.2071244090717823672, 0.2600000000000000089 ) ) ;
#1240 = CARTESIAN_POINT ( 'NONE',  ( -2.425200201892211638, -0.4800379978802461478, 0.5999999999999999778 ) ) ;
#1241 = CARTESIAN_POINT ( 'NONE',  ( 1.167433081593972632, 0.2687499999999986011, 0.2500000000000002220 ) ) ;
#1242 = CARTESIAN_POINT ( 'NONE',  ( -2.059687500000002558, 0.1131245683693413162, 0.2500000000000000555 ) ) ;
#1243 = ORIENTED_EDGE ( 'NONE', *, *, #6854, .T. ) ;
#1244 = CARTESIAN_POINT ( 'NONE',  ( 1.703124999999971134, -0.5502869753213720516, 0.000000000000000000 ) ) ;
#1245 = VERTEX_POINT ( 'NONE', #226 ) ;
#1246 = EDGE_CURVE ( 'NONE', #158, #2208, #6071, .T. ) ;
#1247 = VERTEX_POINT ( 'NONE', #6587 ) ;
#1248 = EDGE_CURVE ( 'NONE', #8197, #1551, #8040, .T. ) ;
#1249 = EDGE_CURVE ( 'NONE', #107, #2491, #7316, .T. ) ;
#1250 = VERTEX_POINT ( 'NONE', #759 ) ;
#1251 = DIRECTION ( 'NONE',  ( -0.8660254037844348218, -0.5000000000000066613, 0.000000000000000000 ) ) ;
#1252 = DIRECTION ( 'NONE',  ( -0.4999999999999918954, -0.8660254037844431485, -0.000000000000000000 ) ) ;
#1253 = LINE ( 'NONE', #6414, #7471 ) ;
#1254 = DIRECTION ( 'NONE',  ( 1.865610830299460874E-15, 1.000000000000000000, 0.000000000000000000 ) ) ;
#1255 = ORIENTED_EDGE ( 'NONE', *, *, #2191, .F. ) ;
#1256 = ADVANCED_FACE ( 'NONE', ( #1606 ), #35, .T. ) ;
#1257 =( NAMED_UNIT ( * ) PLANE_ANGLE_UNIT ( ) SI_UNIT ( $, .RADIAN. ) );
#1258 = EDGE_CURVE ( 'NONE', #1245, #613, #2943, .T. ) ;
#1259 = AXIS2_PLACEMENT_3D ( 'NONE', #2579, #964, #5485 ) ;
#1260 =( NAMED_UNIT ( * ) SI_UNIT ( $, .STERADIAN. ) SOLID_ANGLE_UNIT ( ) );
#1261 = ORIENTED_EDGE ( 'NONE', *, *, #6881, .F. ) ;
#1262 = ORIENTED_EDGE ( 'NONE', *, *, #2060, .T. ) ;
#1263 = EDGE_CURVE ( 'NONE', #3825, #2870, #2984, .T. ) ;
#1264 = DIRECTION ( 'NONE',  ( -0.000000000000000000, -0.000000000000000000, 1.000000000000000000 ) ) ;
#1265 = DIRECTION ( 'NONE',  ( 0.2588190451025199068, 0.9659258262890685343, 0.000000000000000000 ) ) ;
#1266 = VECTOR ( 'NONE', #7793, 39.37007874015748854 ) ;
#1267 = DIRECTION ( 'NONE',  ( -0.8660254037844135055, 0.5000000000000432987, 0.000000000000000000 ) ) ;
#1268 = CARTESIAN_POINT ( 'NONE',  ( 2.255625000000000213, 0.6079979548822481705, 0.2600000000000000089 ) ) ;
#1269 = DIRECTION ( 'NONE',  ( -0.7071067811865808794, -0.7071067811865139330, 0.000000000000000000 ) ) ;
#1270 = CARTESIAN_POINT ( 'NONE',  ( 1.262374999999988257, 0.000000000000000000, -5.578266170116183356E-17 ) ) ;
#1271 = CARTESIAN_POINT ( 'NONE',  ( -2.390625000000005329, 0.3476343040825998765, 0.7350000000000015410 ) ) ;
#1272 = ORIENTED_EDGE ( 'NONE', *, *, #6100, .T. ) ;
#1273 = CIRCLE ( 'NONE', #3248, 0.2500000000000000555 ) ;
#1274 = CIRCLE ( 'NONE', #6143, 0.2499999999999999167 ) ;
#1275 = ORIENTED_EDGE ( 'NONE', *, *, #7864, .T. ) ;
#1276 = VERTEX_POINT ( 'NONE', #3182 ) ;
#1277 = ORIENTED_EDGE ( 'NONE', *, *, #6918, .T. ) ;
#1278 = DIRECTION ( 'NONE',  ( -0.000000000000000000, -0.000000000000000000, -1.000000000000000000 ) ) ;
#1279 = LINE ( 'NONE', #9196, #6008 ) ;
#1280 = VERTEX_POINT ( 'NONE', #7667 ) ;
#1281 = CARTESIAN_POINT ( 'NONE',  ( -2.298124999999998419, 0.6404979548822425928, 0.6999999999999999556 ) ) ;
#1282 = CARTESIAN_POINT ( 'NONE',  ( -1.951875000000020233, 0.3904979548822711810, 0.9499999999999999556 ) ) ;
#1283 = CARTESIAN_POINT ( 'NONE',  ( -1.706629711232528823, 0.1279859473493876743, 0.8160814793539353795 ) ) ;
#1284 = ORIENTED_EDGE ( 'NONE', *, *, #5964, .F. ) ;
#1285 = DIRECTION ( 'NONE',  ( -0.000000000000000000, -0.000000000000000000, 1.000000000000000000 ) ) ;
#1286 = CIRCLE ( 'NONE', #8642, 0.2500000000000001110 ) ;
#1287 = EDGE_CURVE ( 'NONE', #5811, #4903, #3982, .T. ) ;
#1288 = CARTESIAN_POINT ( 'NONE',  ( -2.287238560149773559, 0.2921469406300697402, 0.9391135601497752061 ) ) ;
#1289 = CARTESIAN_POINT ( 'NONE',  ( -2.265624999999998668, 0.2790714234295565421, 0.2599999999999999534 ) ) ;
#1290 = DIRECTION ( 'NONE',  ( 0.000000000000000000, 0.000000000000000000, 1.000000000000000000 ) ) ;
#1291 = ORIENTED_EDGE ( 'NONE', *, *, #5382, .F. ) ;
#1292 = DIRECTION ( 'NONE',  ( -0.000000000000000000, -0.000000000000000000, -1.000000000000000000 ) ) ;
#1293 = EDGE_LOOP ( 'NONE', ( #6893, #5427, #2681, #3276 ) ) ;
#1294 = ORIENTED_EDGE ( 'NONE', *, *, #2940, .F. ) ;
#1295 = ADVANCED_FACE ( 'NONE', ( #6879 ), #414, .F. ) ;
#1296 = EDGE_CURVE ( 'NONE', #5529, #5347, #6178, .T. ) ;
#1297 = CARTESIAN_POINT ( 'NONE',  ( 2.390625000000005773, 0.6404979548822425928, 0.7849999999999999201 ) ) ;
#1298 = UNCERTAINTY_MEASURE_WITH_UNIT (LENGTH_MEASURE( 1.000000000000000082E-05 ), #2392, 'distance_accuracy_value', 'NONE');
#1299 = CARTESIAN_POINT ( 'NONE',  ( -2.436995442160277303, -0.01775088930761715283, 0.2600000000000002309 ) ) ;
#1300 = CARTESIAN_POINT ( 'NONE',  ( -1.528145825622967191, -0.1822141550339431981, 0.9499999999999999556 ) ) ;
#1301 = CARTESIAN_POINT ( 'NONE',  ( -1.813004557839720920, -0.01775088930758956032, 0.2600000000000002309 ) ) ;
#1302 = ORIENTED_EDGE ( 'NONE', *, *, #7573, .T. ) ;
#1303 = ORIENTED_EDGE ( 'NONE', *, *, #6517, .T. ) ;
#1304 = CARTESIAN_POINT ( 'NONE',  ( 9.919641204199732491E-17, 0.3012499999999982969, 0.2174999999999999989 ) ) ;
#1305 = CARTESIAN_POINT ( 'NONE',  ( 1.781250000000008438, -4.038533547303794910E-17, 0.9487499999999929878 ) ) ;
#1306 = VECTOR ( 'NONE', #2935, 39.37007874015748143 ) ;
#1307 = EDGE_CURVE ( 'NONE', #363, #8749, #189, .T. ) ;
#1308 = EDGE_CURVE ( 'NONE', #789, #1817, #8378, .T. ) ;
#1309 = CARTESIAN_POINT ( 'NONE',  ( -1.648089780658681835, -0.2382494887205523215, 0.2500000000000000555 ) ) ;
#1310 = CARTESIAN_POINT ( 'NONE',  ( -2.190312499999986340, -0.1131245683693056503, 0.2500000000000000555 ) ) ;
#1311 = FACE_OUTER_BOUND ( 'NONE', #4873, .T. ) ;
#1312 = DIRECTION ( 'NONE',  ( 0.000000000000000000, 0.000000000000000000, 1.000000000000000000 ) ) ;
#1313 = FACE_BOUND ( 'NONE', #7853, .T. ) ;
#1314 = AXIS2_PLACEMENT_3D ( 'NONE', #6943, #5294, #3153 ) ;
#1315 = CARTESIAN_POINT ( 'NONE',  ( -1.856970950192570191, 0.3457973860264767496, 0.5766774402834234925 ) ) ;
#1316 = DIRECTION ( 'NONE',  ( 0.000000000000000000, 0.000000000000000000, 1.000000000000000000 ) ) ;
#1317 = EDGE_LOOP ( 'NONE', ( #3840, #7674, #9430, #5528 ) ) ;
#1318 = ORIENTED_EDGE ( 'NONE', *, *, #9416, .F. ) ;
#1319 = ORIENTED_EDGE ( 'NONE', *, *, #1546, .F. ) ;
#1320 = EDGE_CURVE ( 'NONE', #4762, #5194, #1799, .T. ) ;
#1321 = DIRECTION ( 'NONE',  ( 0.8660254037844348218, 0.5000000000000067724, 0.000000000000000000 ) ) ;
#1322 = DIRECTION ( 'NONE',  ( -0.4999999999999834577, -0.8660254037844482555, 1.024442997624103667E-14 ) ) ;
#1323 = ORIENTED_EDGE ( 'NONE', *, *, #9148, .T. ) ;
#1324 = EDGE_CURVE ( 'NONE', #5096, #1280, #3313, .T. ) ;
#1325 = CARTESIAN_POINT ( 'NONE',  ( -1.479198420634004973, -0.06613638518304112979, 0.8474999999999995870 ) ) ;
#1326 = VECTOR ( 'NONE', #6536, 39.37007874015748854 ) ;
#1327 = AXIS2_PLACEMENT_3D ( 'NONE', #7425, #7378, #8780 ) ;
#1328 = DIRECTION ( 'NONE',  ( 0.8660254037844135055, 0.5000000000000432987, 0.000000000000000000 ) ) ;
#1329 = LINE ( 'NONE', #9434, #3921 ) ;
#1330 = ORIENTED_EDGE ( 'NONE', *, *, #3053, .T. ) ;
#1331 = CARTESIAN_POINT ( 'NONE',  ( 2.125000000000000000, 0.000000000000000000, 0.000000000000000000 ) ) ;
#1332 = VECTOR ( 'NONE', #5802, 39.37007874015748143 ) ;
#1333 = VECTOR ( 'NONE', #3698, 39.37007874015748854 ) ;
#1334 = DIRECTION ( 'NONE',  ( 0.000000000000000000, -1.000000000000000000, -0.000000000000000000 ) ) ;
#1335 = CARTESIAN_POINT ( 'NONE',  ( -2.125000000000000000, 0.000000000000000000, 0.7350000000000006528 ) ) ;
#1336 = DIRECTION ( 'NONE',  ( -0.000000000000000000, 1.000000000000000000, -0.000000000000000000 ) ) ;
#1337 = CARTESIAN_POINT ( 'NONE',  ( 2.549743649053904715, -0.04531832941097126144, 0.6999999999999999556 ) ) ;
#1338 = ORIENTED_EDGE ( 'NONE', *, *, #8007, .T. ) ;
#1339 = DIRECTION ( 'NONE',  ( 1.000000000000000000, 4.178120460898296477E-14, 0.000000000000000000 ) ) ;
#1340 = VERTEX_POINT ( 'NONE', #1753 ) ;
#1341 = AXIS2_PLACEMENT_3D ( 'NONE', #7162, #67, #2971 ) ;
#1342 = EDGE_CURVE ( 'NONE', #6901, #2869, #1848, .T. ) ;
#1343 = ORIENTED_EDGE ( 'NONE', *, *, #4926, .F. ) ;
#1344 = CARTESIAN_POINT ( 'NONE',  ( 2.125000000000000000, 0.000000000000000000, 0.9499999999999999556 ) ) ;
#1345 = DIRECTION ( 'NONE',  ( 3.023406148612404967E-15, -1.000000000000000000, 0.000000000000000000 ) ) ;
#1346 = CIRCLE ( 'NONE', #6848, 0.3449999999999964762 ) ;
#1347 = AXIS2_PLACEMENT_3D ( 'NONE', #4807, #4086, #8438 ) ;
#1348 = STYLED_ITEM ( 'NONE', ( #3298 ), #4874 ) ;
#1349 = LINE ( 'NONE', #4056, #6998 ) ;
#1350 = CARTESIAN_POINT ( 'NONE',  ( 2.390625000000005773, 0.6404979548822425928, 0.5357500000000000595 ) ) ;
#1351 = ORIENTED_EDGE ( 'NONE', *, *, #836, .F. ) ;
#1352 = ORIENTED_EDGE ( 'NONE', *, *, #3980, .F. ) ;
#1353 = LINE ( 'NONE', #5837, #7317 ) ;
#1354 = ORIENTED_EDGE ( 'NONE', *, *, #7811, .T. ) ;
#1355 = EDGE_CURVE ( 'NONE', #5142, #9376, #4751, .T. ) ;
#1356 = AXIS2_PLACEMENT_3D ( 'NONE', #5260, #65, #8218 ) ;
#1357 = VECTOR ( 'NONE', #3793, 39.37007874015748143 ) ;
#1358 = PLANE ( 'NONE',  #2731 ) ;
#1359 = CARTESIAN_POINT ( 'NONE',  ( -1.994375000000025544, 0.2838896957887076522, 0.2500000000000000555 ) ) ;
#1360 = DIRECTION ( 'NONE',  ( 0.8660254037844380415, 0.5000000000000009992, 0.000000000000000000 ) ) ;
#1361 = LINE ( 'NONE', #8655, #7549 ) ;
#1362 = AXIS2_PLACEMENT_3D ( 'NONE', #9092, #3081, #2502 ) ;
#1363 = AXIS2_PLACEMENT_3D ( 'NONE', #3210, #9122, #9080 ) ;
#1364 = CIRCLE ( 'NONE', #9021, 0.2175000000000006928 ) ;
#1365 = FACE_BOUND ( 'NONE', #4160, .T. ) ;
#1366 = CARTESIAN_POINT ( 'NONE',  ( 2.125000000000000000, 0.000000000000000000, 0.000000000000000000 ) ) ;
#1367 = DIRECTION ( 'NONE',  ( -1.000000000000000000, -0.000000000000000000, -0.000000000000000000 ) ) ;
#1368 = VERTEX_POINT ( 'NONE', #7610 ) ;
#1369 = ADVANCED_FACE ( 'NONE', ( #4027 ), #3269, .T. ) ;
#1370 = EDGE_CURVE ( 'NONE', #262, #6348, #7563, .T. ) ;
#1371 = PRESENTATION_LAYER_ASSIGNMENT (  '', '', ( #8418 ) ) ;
#1372 = DIRECTION ( 'NONE',  ( 0.000000000000000000, 0.000000000000000000, 1.000000000000000000 ) ) ;
#1373 = ORIENTED_EDGE ( 'NONE', *, *, #546, .F. ) ;
#1374 = CARTESIAN_POINT ( 'NONE',  ( -2.275155601338132882, -0.4110292705046165729, 0.8460649621165564627 ) ) ;
#1375 = DIRECTION ( 'NONE',  ( 0.4999999999999919509, 0.8660254037844432595, -0.000000000000000000 ) ) ;
#1376 = ORIENTED_EDGE ( 'NONE', *, *, #7757, .T. ) ;
#1377 = AXIS2_PLACEMENT_3D ( 'NONE', #864, #5288, #3057 ) ;
#1378 = DIRECTION ( 'NONE',  ( 0.000000000000000000, 0.000000000000000000, 1.000000000000000000 ) ) ;
#1379 = FACE_OUTER_BOUND ( 'NONE', #2817, .T. ) ;
#1380 = EDGE_CURVE ( 'NONE', #8479, #7280, #6228, .T. ) ;
#1381 = PLANE ( 'NONE',  #5455 ) ;
#1382 = ORIENTED_EDGE ( 'NONE', *, *, #4031, .F. ) ;
#1383 = CARTESIAN_POINT ( 'NONE',  ( -2.453125000000005329, 0.6380358307719737887, 0.7349999999999999867 ) ) ;
#1384 = ADVANCED_FACE ( 'NONE', ( #5323 ), #3936, .T. ) ;
#1385 = LINE ( 'NONE', #5137, #2718 ) ;
#1386 = CARTESIAN_POINT ( 'NONE',  ( -1.712339780658681754, -0.2382494887205523215, 0.2500000000000000555 ) ) ;
#1387 = DIRECTION ( 'NONE',  ( 0.8660254037844140607, -0.5000000000000426326, 0.000000000000000000 ) ) ;
#1388 = LINE ( 'NONE', #2804, #839 ) ;
#1389 = ORIENTED_EDGE ( 'NONE', *, *, #6332, .T. ) ;
#1390 = LINE ( 'NONE', #4289, #102 ) ;
#1391 = ORIENTED_EDGE ( 'NONE', *, *, #4669, .T. ) ;
#1392 = AXIS2_PLACEMENT_3D ( 'NONE', #2944, #5817, #4281 ) ;
#1393 = ORIENTED_EDGE ( 'NONE', *, *, #73, .F. ) ;
#1394 = ORIENTED_EDGE ( 'NONE', *, *, #2988, .T. ) ;
#1395 = DIRECTION ( 'NONE',  ( -0.4999999999999981126, -0.8660254037844397068, 0.000000000000000000 ) ) ;
#1396 = DIRECTION ( 'NONE',  ( -0.000000000000000000, 0.000000000000000000, -1.000000000000000000 ) ) ;
#1397 = CARTESIAN_POINT ( 'NONE',  ( 2.125000000000000000, 0.000000000000000000, 0.9499999999999999556 ) ) ;
#1398 = DIRECTION ( 'NONE',  ( -0.000000000000000000, 1.000000000000000000, -0.000000000000000000 ) ) ;
#1399 = ORIENTED_EDGE ( 'NONE', *, *, #6011, .F. ) ;
#1400 = ORIENTED_EDGE ( 'NONE', *, *, #3382, .F. ) ;
#1401 = CARTESIAN_POINT ( 'NONE',  ( -2.211547108317882149, -0.4288541104406126681, 0.9499999999999999556 ) ) ;
#1402 = CARTESIAN_POINT ( 'NONE',  ( 2.398375910746657347, 0.3415726297980380965, 0.6049736821907220063 ) ) ;
#1403 = CARTESIAN_POINT ( 'NONE',  ( 0.5325000000000017497, 0.3012499999999984079, 0.000000000000000000 ) ) ;
#1404 = LINE ( 'NONE', #8701, #7350 ) ;
#1405 = CYLINDRICAL_SURFACE ( 'NONE', #447, 0.01000000000000000021 ) ;
#1406 = CARTESIAN_POINT ( 'NONE',  ( -2.390625000000005329, 0.6404979548822425928, 0.7350000000000000977 ) ) ;
#1407 = EDGE_CURVE ( 'NONE', #349, #6747, #9166, .T. ) ;
#1408 = ORIENTED_EDGE ( 'NONE', *, *, #5853, .T. ) ;
#1409 = LINE ( 'NONE', #8658, #1645 ) ;
#1410 = CARTESIAN_POINT ( 'NONE',  ( 0.000000000000000000, -0.1762500000000011557, 0.000000000000000000 ) ) ;
#1411 = ORIENTED_EDGE ( 'NONE', *, *, #6854, .F. ) ;
#1412 = CIRCLE ( 'NONE', #4147, 0.2499999999999999167 ) ;
#1413 = ORIENTED_EDGE ( 'NONE', *, *, #7218, .T. ) ;
#1414 = CARTESIAN_POINT ( 'NONE',  ( -2.237266449226429810, -0.4228701535615417284, 0.8291007793619377120 ) ) ;
#1415 = EDGE_CURVE ( 'NONE', #5250, #6901, #5941, .T. ) ;
#1416 = ADVANCED_FACE ( 'NONE', ( #1547 ), #3186, .F. ) ;
#1417 = LINE ( 'NONE', #4946, #7895 ) ;
#1418 = ORIENTED_EDGE ( 'NONE', *, *, #4821, .F. ) ;
#1419 = LINE ( 'NONE', #4998, #2092 ) ;
#1420 = AXIS2_PLACEMENT_3D ( 'NONE', #2968, #3724, #2316 ) ;
#1421 = CARTESIAN_POINT ( 'NONE',  ( -2.721854174377007496, -0.1822141550339411165, 0.6999999999999999556 ) ) ;
#1422 = FACE_OUTER_BOUND ( 'NONE', #8432, .T. ) ;
#1423 = DIRECTION ( 'NONE',  ( 0.000000000000000000, 1.000000000000000000, 0.000000000000000000 ) ) ;
#1424 = ORIENTED_EDGE ( 'NONE', *, *, #8183, .T. ) ;
#1425 = PLANE ( 'NONE',  #1237 ) ;
#1426 = DIRECTION ( 'NONE',  ( -0.8660254037844431485, 0.4999999999999918954, -0.000000000000000000 ) ) ;
#1427 = EDGE_CURVE ( 'NONE', #6359, #3097, #3075, .T. ) ;
#1428 = CARTESIAN_POINT ( 'NONE',  ( -2.298124999999991314, 0.2984170477285114087, 0.9499999999999999556 ) ) ;
#1429 = DIRECTION ( 'NONE',  ( -0.5000000000000035527, -0.8660254037844364872, 0.000000000000000000 ) ) ;
#1430 = CARTESIAN_POINT ( 'NONE',  ( -2.390625000000005773, 0.6404979548822424817, 0.6642500000000000071 ) ) ;
#1431 = ORIENTED_EDGE ( 'NONE', *, *, #497, .T. ) ;
#1432 = CARTESIAN_POINT ( 'NONE',  ( 9.919641204199802749E-17, -0.3012499999999982969, 0.2175000000000014977 ) ) ;
#1433 = ORIENTED_EDGE ( 'NONE', *, *, #7747, .T. ) ;
#1434 = EDGE_CURVE ( 'NONE', #4001, #3668, #5056, .T. ) ;
#1435 = ORIENTED_EDGE ( 'NONE', *, *, #6214, .F. ) ;
#1436 = EDGE_CURVE ( 'NONE', #6446, #7441, #6617, .T. ) ;
#1437 = LINE ( 'NONE', #4341, #8122 ) ;
#1438 = LINE ( 'NONE', #3385, #6610 ) ;
#1439 = DIRECTION ( 'NONE',  ( -0.000000000000000000, -0.000000000000000000, -1.000000000000000000 ) ) ;
#1440 = CARTESIAN_POINT ( 'NONE',  ( -2.390625000000005329, 0.3476343040825998765, 0.4650000000000000799 ) ) ;
#1441 = EDGE_LOOP ( 'NONE', ( #7411, #845, #4738, #6534 ) ) ;
#1442 = AXIS2_PLACEMENT_3D ( 'NONE', #6547, #8821, #8871 ) ;
#1443 = ORIENTED_EDGE ( 'NONE', *, *, #2037, .T. ) ;
#1444 = PLANE ( 'NONE',  #2565 ) ;
#1445 = EDGE_CURVE ( 'NONE', #9109, #1590, #3773, .T. ) ;
#1446 = CARTESIAN_POINT ( 'NONE',  ( 2.533493649053906172, -0.07346415503396304392, 0.6999999999999999556 ) ) ;
#1447 = DIRECTION ( 'NONE',  ( 1.000000000000000000, 0.000000000000000000, 0.000000000000000000 ) ) ;
#1448 = CARTESIAN_POINT ( 'NONE',  ( -2.125000000000000000, 0.000000000000000000, 0.9499999999999999556 ) ) ;
#1449 = CARTESIAN_POINT ( 'NONE',  ( 1.483749999999971925, -0.1703183294109479606, 0.2599999999999997313 ) ) ;
#1450 = DIRECTION ( 'NONE',  ( 0.000000000000000000, 0.000000000000000000, -1.000000000000000000 ) ) ;
#1451 = CARTESIAN_POINT ( 'NONE',  ( -1.656874999999970566, -0.4701796254713098144, 0.6999999999999999556 ) ) ;
#1452 = CARTESIAN_POINT ( 'NONE',  ( -1.559343435260008626, -0.3012500000000014611, 0.2174999999999991107 ) ) ;
#1453 = VERTEX_POINT ( 'NONE', #3866 ) ;
#1454 = EDGE_CURVE ( 'NONE', #3050, #1913, #5622, .T. ) ;
#1455 = VERTEX_POINT ( 'NONE', #3022 ) ;
#1456 = LINE ( 'NONE', #4360, #1666 ) ;
#1457 = VECTOR ( 'NONE', #3857, 39.37007874015748143 ) ;
#1458 = VERTEX_POINT ( 'NONE', #3163 ) ;
#1459 = CARTESIAN_POINT ( 'NONE',  ( -2.237499999999999822, 0.4764989774411177437, 0.2500000000000000555 ) ) ;
#1460 = ORIENTED_EDGE ( 'NONE', *, *, #7658, .F. ) ;
#1461 = FACE_OUTER_BOUND ( 'NONE', #5238, .T. ) ;
#1462 = PLANE ( 'NONE',  #8067 ) ;
#1463 = CARTESIAN_POINT ( 'NONE',  ( -1.484346610447648818, -0.1713516890186514152, 0.2499999999999998612 ) ) ;
#1464 = DIRECTION ( 'NONE',  ( 0.4999999999999919509, 0.8660254037844432595, -0.000000000000000000 ) ) ;
#1465 = EDGE_CURVE ( 'NONE', #6248, #1903, #8094, .T. ) ;
#1466 = EDGE_LOOP ( 'NONE', ( #6218, #9210, #8872, #6149 ) ) ;
#1467 = DIRECTION ( 'NONE',  ( 0.000000000000000000, -1.000000000000000000, 0.000000000000000000 ) ) ;
#1468 = DIRECTION ( 'NONE',  ( 1.000000000000000000, 0.000000000000000000, 0.000000000000000000 ) ) ;
#1469 = CARTESIAN_POINT ( 'NONE',  ( -1.956752361437507526, -0.4038551499215299323, 0.9499999999999999556 ) ) ;
#1470 = DIRECTION ( 'NONE',  ( 0.000000000000000000, 0.000000000000000000, 1.000000000000000000 ) ) ;
#1471 = VECTOR ( 'NONE', #5567, 39.37007874015748143 ) ;
#1472 = DIRECTION ( 'NONE',  ( 0.5000000000000013323, 0.8660254037844379305, -0.000000000000000000 ) ) ;
#1473 = ORIENTED_EDGE ( 'NONE', *, *, #5781, .F. ) ;
#1474 = CARTESIAN_POINT ( 'NONE',  ( -1.716506350946108261, -0.07346415503393140256, 0.9174999999999992051 ) ) ;
#1475 = ORIENTED_EDGE ( 'NONE', *, *, #7484, .F. ) ;
#1476 = VERTEX_POINT ( 'NONE', #5983 ) ;
#1477 = ORIENTED_EDGE ( 'NONE', *, *, #5162, .T. ) ;
#1478 = ADVANCED_FACE ( 'NONE', ( #3822 ), #6663, .F. ) ;
#1479 = CIRCLE ( 'NONE', #1031, 0.06424999999999986278 ) ;
#1480 = AXIS2_PLACEMENT_3D ( 'NONE', #3749, #5866, #7278 ) ;
#1481 = ORIENTED_EDGE ( 'NONE', *, *, #3924, .T. ) ;
#1482 = CARTESIAN_POINT ( 'NONE',  ( 2.217868141538939852, -0.4275392709024915527, 0.3917949024850406747 ) ) ;
#1483 = DIRECTION ( 'NONE',  ( 1.000000000000000000, 0.000000000000000000, 0.000000000000000000 ) ) ;
#1484 = CARTESIAN_POINT ( 'NONE',  ( 2.390625000000005329, 0.6404979548822425928, 0.7350000000000000977 ) ) ;
#1485 = CARTESIAN_POINT ( 'NONE',  ( -1.953112607851321014, -0.2865761848781310239, 0.9391135601497710983 ) ) ;
#1486 = VERTEX_POINT ( 'NONE', #6077 ) ;
#1487 = AXIS2_PLACEMENT_3D ( 'NONE', #9223, #8458, #3490 ) ;
#1488 = VECTOR ( 'NONE', #9188, 39.37007874015747433 ) ;
#1489 = ORIENTED_EDGE ( 'NONE', *, *, #976, .F. ) ;
#1490 = DIRECTION ( 'NONE',  ( -0.000000000000000000, -0.000000000000000000, 1.000000000000000000 ) ) ;
#1491 = CARTESIAN_POINT ( 'NONE',  ( 1.306874999999987574, 0.000000000000000000, -5.578266170116183356E-17 ) ) ;
#1492 = B_SPLINE_CURVE_WITH_KNOTS ( 'NONE', 3,
 ( #3579, #6420, #7976, #5110, #2871, #4399, #2918, #8645, #733, #5791, #6513, #9413, #2014, #4253, #781, #3630 ),
 .UNSPECIFIED., .F., .F.,
 ( 4, 2, 2, 2, 2, 2, 2, 4 ),
 ( 0.002937417615281275474, 0.003303932797524177217, 0.003670447979767079393, 0.004036963162009981135, 0.004403478344252882877, 0.004769993526495784619, 0.005136508708738687229, 0.005869539073224487244 ),
 .UNSPECIFIED. ) ;
#1493 = EDGE_CURVE ( 'NONE', #8833, #2855, #9034, .T. ) ;
#1494 = ADVANCED_FACE ( 'NONE', ( #8899 ), #6079, .F. ) ;
#1495 = ORIENTED_EDGE ( 'NONE', *, *, #8397, .F. ) ;
#1496 = AXIS2_PLACEMENT_3D ( 'NONE', #277, #9140, #9002 ) ;
#1497 = CIRCLE ( 'NONE', #1796, 0.2824999999999991962 ) ;
#1498 = CARTESIAN_POINT ( 'NONE',  ( -2.546874999999995559, -0.5502869753213698312, 0.4150000000000000910 ) ) ;
#1499 = CARTESIAN_POINT ( 'NONE',  ( -2.125000000000000000, 0.000000000000000000, 0.4649999999999993583 ) ) ;
#1500 = LINE ( 'NONE', #1449, #3475 ) ;
#1501 = CARTESIAN_POINT ( 'NONE',  ( -1.635624999999970353, -0.4333735458104704397, 0.2174999999999991107 ) ) ;
#1502 = DIRECTION ( 'NONE',  ( 1.000000000000000000, 0.000000000000000000, 0.000000000000000000 ) ) ;
#1503 = CARTESIAN_POINT ( 'NONE',  ( -2.125000000000000000, 0.000000000000000000, 0.4649999999999993583 ) ) ;
#1504 = AXIS2_PLACEMENT_3D ( 'NONE', #2970, #8847, #2596 ) ;
#1505 = CIRCLE ( 'NONE', #5003, 0.04450000000000003259 ) ;
#1506 = CARTESIAN_POINT ( 'NONE',  ( -1.859375000000029976, 0.3476343040826271880, 0.5357500000000000595 ) ) ;
#1507 = ORIENTED_EDGE ( 'NONE', *, *, #144, .F. ) ;
#1508 = CARTESIAN_POINT ( 'NONE',  ( 0.000000000000000000, 0.3012499999999982969, 0.5325000000000019718 ) ) ;
#1509 = AXIS2_PLACEMENT_3D ( 'NONE', #5887, #4453, #7502 ) ;
#1510 = VECTOR ( 'NONE', #5745, 39.37007874015748143 ) ;
#1511 = LINE ( 'NONE', #5852, #8663 ) ;
#1512 = ORIENTED_EDGE ( 'NONE', *, *, #1096, .T. ) ;
#1513 = VECTOR ( 'NONE', #8842, 39.37007874015747433 ) ;
#1514 = DIRECTION ( 'NONE',  ( 0.000000000000000000, -0.000000000000000000, -1.000000000000000000 ) ) ;
#1515 = CARTESIAN_POINT ( 'NONE',  ( -0.8325000000000002398, 0.1762500000000011557, 0.000000000000000000 ) ) ;
#1516 = LINE ( 'NONE', #5233, #609 ) ;
#1517 = CARTESIAN_POINT ( 'NONE',  ( -1.167433081593973077, 0.3012499999999982969, 0.2175000000000005540 ) ) ;
#1518 = ORIENTED_EDGE ( 'NONE', *, *, #2863, .F. ) ;
#1519 = DIRECTION ( 'NONE',  ( -1.000000000000000000, 1.865610830299460874E-15, 0.000000000000000000 ) ) ;
#1520 = DIRECTION ( 'NONE',  ( -0.000000000000000000, -0.000000000000000000, -1.000000000000000000 ) ) ;
#1521 = DIRECTION ( 'NONE',  ( -0.000000000000000000, -1.000000000000000000, -0.000000000000000000 ) ) ;
#1522 = CARTESIAN_POINT ( 'NONE',  ( -2.440906254365970085, 0.6085559000684025444, 0.8223310893196604798 ) ) ;
#1523 = EDGE_CURVE ( 'NONE', #5694, #202, #792, .T. ) ;
#1524 = ORIENTED_EDGE ( 'NONE', *, *, #6188, .F. ) ;
#1525 = LINE ( 'NONE', #1572, #1629 ) ;
#1526 = ORIENTED_EDGE ( 'NONE', *, *, #5049, .F. ) ;
#1527 = ORIENTED_EDGE ( 'NONE', *, *, #8170, .T. ) ;
#1528 = ORIENTED_EDGE ( 'NONE', *, *, #4913, .F. ) ;
#1529 = PLANE ( 'NONE',  #5177 ) ;
#1530 = LINE ( 'NONE', #3058, #4140 ) ;
#1531 = CARTESIAN_POINT ( 'NONE',  ( 2.125000000000000000, 0.000000000000000000, 0.9499999999999999556 ) ) ;
#1532 = DIRECTION ( 'NONE',  ( -0.4999999999999920619, 0.8660254037844432595, 2.185478394931430691E-15 ) ) ;
#1533 = EDGE_CURVE ( 'NONE', #914, #6977, #9313, .T. ) ;
#1534 = EDGE_CURVE ( 'NONE', #5457, #666, #5923, .T. ) ;
#1535 = ORIENTED_EDGE ( 'NONE', *, *, #7941, .F. ) ;
#1536 = CIRCLE ( 'NONE', #928, 0.04449999999999948441 ) ;
#1537 = DIRECTION ( 'NONE',  ( 1.000000000000000000, -3.023406148612404967E-15, 0.000000000000000000 ) ) ;
#1538 = ORIENTED_EDGE ( 'NONE', *, *, #4582, .F. ) ;
#1539 = LINE ( 'NONE', #872, #4545 ) ;
#1540 = CYLINDRICAL_SURFACE ( 'NONE', #1946, 0.06424999999999990441 ) ;
#1541 = ORIENTED_EDGE ( 'NONE', *, *, #7179, .T. ) ;
#1542 = PLANE ( 'NONE',  #3338 ) ;
#1543 = CARTESIAN_POINT ( 'NONE',  ( 2.452543546506298355, 0.2900415262219106505, 0.7947191470558555570 ) ) ;
#1544 = CARTESIAN_POINT ( 'NONE',  ( 1.437499999999995337, -0.09021097956086834846, 0.7849999999999999201 ) ) ;
#1545 = DIRECTION ( 'NONE',  ( -0.2588190451025417227, 0.9659258262890627611, 0.000000000000000000 ) ) ;
#1546 = EDGE_CURVE ( 'NONE', #5407, #2620, #6857, .T. ) ;
#1547 = FACE_OUTER_BOUND ( 'NONE', #3300, .T. ) ;
#1548 = EDGE_CURVE ( 'NONE', #699, #7614, #9083, .T. ) ;
#1549 = CARTESIAN_POINT ( 'NONE',  ( -2.812500000000023093, 0.4058214234295524081, 0.5999999999999999778 ) ) ;
#1550 = DIRECTION ( 'NONE',  ( -1.776356839400250465E-15, 0.000000000000000000, 1.000000000000000000 ) ) ;
#1551 = VERTEX_POINT ( 'NONE', #8320 ) ;
#1552 = EDGE_CURVE ( 'NONE', #7823, #6297, #1919, .T. ) ;
#1553 = ORIENTED_EDGE ( 'NONE', *, *, #6261, .T. ) ;
#1554 = DIRECTION ( 'NONE',  ( -0.8660254037844348218, -0.5000000000000067724, -0.000000000000000000 ) ) ;
#1555 = VECTOR ( 'NONE', #94, 39.37007874015748854 ) ;
#1556 = EDGE_CURVE ( 'NONE', #271, #3942, #3212, .T. ) ;
#1557 = B_SPLINE_CURVE_WITH_KNOTS ( 'NONE', 3,
 ( #1717, #4618, #5334, #2164, #1402, #4445, #5069, #7248, #7348, #734 ),
 .UNSPECIFIED., .F., .F.,
 ( 4, 2, 2, 2, 4 ),
 ( 0.000000000000000000, 0.0003734599253471661100, 0.0007469198506943274495, 0.001120379776041488789, 0.001493839701388649912 ),
 .UNSPECIFIED. ) ;
#1558 = DIRECTION ( 'NONE',  ( -1.092739197465715148E-15, -1.892679809432637684E-15, 1.000000000000000000 ) ) ;
#1559 = VERTEX_POINT ( 'NONE', #6124 ) ;
#1560 = CARTESIAN_POINT ( 'NONE',  ( -1.406249999999996003, -0.03608439182434083903, 0.4150000000000000910 ) ) ;
#1561 = DIRECTION ( 'NONE',  ( -0.000000000000000000, 1.000000000000000000, 0.000000000000000000 ) ) ;
#1562 = PLANE ( 'NONE',  #3940 ) ;
#1563 = AXIS2_PLACEMENT_3D ( 'NONE', #1700, #7556, #322 ) ;
#1564 = CARTESIAN_POINT ( 'NONE',  ( 2.448825798947563470, 0.2941958052262177437, 0.3917949024850405637 ) ) ;
#1565 = DIRECTION ( 'NONE',  ( 0.000000000000000000, -1.000000000000000000, 0.000000000000000000 ) ) ;
#1566 = CARTESIAN_POINT ( 'NONE',  ( 2.390625000000005773, 0.6404979548822425928, 0.4150000000000000910 ) ) ;
#1567 = AXIS2_PLACEMENT_3D ( 'NONE', #2218, #1372, #8709 ) ;
#1568 = VECTOR ( 'NONE', #4057, 39.37007874015748143 ) ;
#1569 =( NAMED_UNIT ( * ) SI_UNIT ( $, .STERADIAN. ) SOLID_ANGLE_UNIT ( ) );
#1570 = EDGE_LOOP ( 'NONE', ( #7972, #7192, #5169, #9415, #8770 ) ) ;
#1571 = ORIENTED_EDGE ( 'NONE', *, *, #5244, .F. ) ;
#1572 = CARTESIAN_POINT ( 'NONE',  ( 1.691127361437541943, 0.05622084583895026189, 0.9499999999999999556 ) ) ;
#1573 = ORIENTED_EDGE ( 'NONE', *, *, #1415, .T. ) ;
#1574 = VECTOR ( 'NONE', #3101, 39.37007874015748143 ) ;
#1575 = ORIENTED_EDGE ( 'NONE', *, *, #8133, .T. ) ;
#1576 = EDGE_CURVE ( 'NONE', #4775, #2662, #3453, .T. ) ;
#1577 = ORIENTED_EDGE ( 'NONE', *, *, #6332, .F. ) ;
#1578 = PLANE ( 'NONE',  #9337 ) ;
#1579 = FACE_OUTER_BOUND ( 'NONE', #642, .T. ) ;
#1580 = CARTESIAN_POINT ( 'NONE',  ( 2.125000000000000000, 0.000000000000000000, 0.9174999999999992051 ) ) ;
#1581 = LINE ( 'NONE', #5926, #7324 ) ;
#1582 = ORIENTED_EDGE ( 'NONE', *, *, #6083, .F. ) ;
#1583 = LINE ( 'NONE', #4486, #5417 ) ;
#1584 = ORIENTED_EDGE ( 'NONE', *, *, #8210, .T. ) ;
#1585 = EDGE_CURVE ( 'NONE', #2589, #8593, #2116, .T. ) ;
#1586 = EDGE_CURVE ( 'NONE', #4189, #2258, #1965, .T. ) ;
#1587 = ORIENTED_EDGE ( 'NONE', *, *, #5965, .T. ) ;
#1588 = DIRECTION ( 'NONE',  ( -1.000000000000000000, 0.000000000000000000, 0.000000000000000000 ) ) ;
#1589 = DIRECTION ( 'NONE',  ( -0.4999999999999987232, 0.8660254037844393737, -0.000000000000000000 ) ) ;
#1590 = VERTEX_POINT ( 'NONE', #1876 ) ;
#1591 = CYLINDRICAL_SURFACE ( 'NONE', #5932, 0.06249999999999967387 ) ;
#1592 = DIRECTION ( 'NONE',  ( -0.4999999999999918954, 0.8660254037844431485, 2.185478394931412152E-15 ) ) ;
#1593 = CARTESIAN_POINT ( 'NONE',  ( -1.442832273128327625, -0.03195418596197479449, 0.8254813800261062706 ) ) ;
#1594 = DIRECTION ( 'NONE',  ( 3.023406148612404967E-15, -1.000000000000000000, 0.000000000000000000 ) ) ;
#1595 = DIRECTION ( 'NONE',  ( 0.000000000000000000, -1.000000000000000000, -0.000000000000000000 ) ) ;
#1596 = AXIS2_PLACEMENT_3D ( 'NONE', #2427, #8242, #7618 ) ;
#1597 = EDGE_CURVE ( 'NONE', #4786, #5480, #2717, .T. ) ;
#1598 = EDGE_CURVE ( 'NONE', #5208, #1486, #7738, .T. ) ;
#1599 = VERTEX_POINT ( 'NONE', #8501 ) ;
#1600 = CARTESIAN_POINT ( 'NONE',  ( -1.973597884324440832, 0.2857088524216807590, 0.9282771156755839081 ) ) ;
#1601 = SURFACE_STYLE_FILL_AREA ( #1701 ) ;
#1602 = VERTEX_POINT ( 'NONE', #7787 ) ;
#1603 = DIRECTION ( 'NONE',  ( -0.4999999999999972800, -0.8660254037844402619, 0.000000000000000000 ) ) ;
#1604 = CARTESIAN_POINT ( 'NONE',  ( -2.473410219341328986, -0.2382494887205698075, 0.1944947243515862401 ) ) ;
#1605 = DIRECTION ( 'NONE',  ( -0.7071067811865512365, 0.7071067811865436870, 0.000000000000000000 ) ) ;
#1606 = FACE_OUTER_BOUND ( 'NONE', #9497, .T. ) ;
#1607 = B_SPLINE_CURVE_WITH_KNOTS ( 'NONE', 3,
 ( #7375, #5675, #8627, #2093, #670, #2045, #4954, #7904, #3562, #6494 ),
 .UNSPECIFIED., .F., .F.,
 ( 4, 2, 2, 2, 4 ),
 ( 1.734723475976807094E-18, 0.0003734599253481080648, 0.0007469198506962143949, 0.001120379776044320725, 0.001493839701392431609 ),
 .UNSPECIFIED. ) ;
#1608 = ADVANCED_FACE ( 'NONE', ( #5401, #7595 ), #1025, .F. ) ;
#1609 = ADVANCED_FACE ( 'NONE', ( #1120 ), #4111, .F. ) ;
#1610 = ORIENTED_EDGE ( 'NONE', *, *, #2022, .F. ) ;
#1611 = DIRECTION ( 'NONE',  ( 4.535261055593764468E-14, 1.000000000000000000, -0.000000000000000000 ) ) ;
#1612 = FACE_OUTER_BOUND ( 'NONE', #5458, .T. ) ;
#1613 = CARTESIAN_POINT ( 'NONE',  ( 2.287238560149773559, 0.2921469406300697402, 0.9391135601497752061 ) ) ;
#1614 = ORIENTED_EDGE ( 'NONE', *, *, #8064, .T. ) ;
#1615 = CARTESIAN_POINT ( 'NONE',  ( 1.756839780658681294, -0.2382494887205523215, -5.578266170116183356E-17 ) ) ;
#1616 = VECTOR ( 'NONE', #3357, 39.37007874015748143 ) ;
#1617 = VERTEX_POINT ( 'NONE', #7051 ) ;
#1618 = ORIENTED_EDGE ( 'NONE', *, *, #8333, .F. ) ;
#1619 = AXIS2_PLACEMENT_3D ( 'NONE', #1066, #3954, #8446 ) ;
#1620 = DIRECTION ( 'NONE',  ( -0.8660254037844441477, -0.4999999999999903411, 0.000000000000000000 ) ) ;
#1621 = CARTESIAN_POINT ( 'NONE',  ( 2.812500000000023093, -0.09021097956089567382, 6.829619984160658046E-17 ) ) ;
#1622 = CARTESIAN_POINT ( 'NONE',  ( -2.211547108317882149, -0.4288541104406126681, 0.4150000000000000910 ) ) ;
#1623 = CARTESIAN_POINT ( 'NONE',  ( 2.493757000236161314, -0.5747974881317641227, 0.8254813800261062706 ) ) ;
#1624 = ORIENTED_EDGE ( 'NONE', *, *, #4579, .F. ) ;
#1625 = DIRECTION ( 'NONE',  ( -3.023406148612404967E-15, -1.000000000000000000, 0.000000000000000000 ) ) ;
#1626 = ORIENTED_EDGE ( 'NONE', *, *, #8757, .F. ) ;
#1627 = DIRECTION ( 'NONE',  ( 0.000000000000000000, 0.000000000000000000, 1.000000000000000000 ) ) ;
#1628 = AXIS2_PLACEMENT_3D ( 'NONE', #5813, #2183, #5085 ) ;
#1629 = VECTOR ( 'NONE', #6690, 39.37007874015748143 ) ;
#1630 = VERTEX_POINT ( 'NONE', #9172 ) ;
#1631 = DIRECTION ( 'NONE',  ( 1.000000000000000000, 0.000000000000000000, 0.000000000000000000 ) ) ;
#1632 = DIRECTION ( 'NONE',  ( 0.000000000000000000, 0.000000000000000000, -1.000000000000000000 ) ) ;
#1633 = CIRCLE ( 'NONE', #4064, 0.06424999999999979339 ) ;
#1634 = VECTOR ( 'NONE', #7370, 39.37007874015748143 ) ;
#1635 = CARTESIAN_POINT ( 'NONE',  ( -2.546874999999995559, -0.5502869753213696091, 0.4649999999999999689 ) ) ;
#1636 = CARTESIAN_POINT ( 'NONE',  ( 1.437499999999995337, -0.09021097956086862601, 0.4649999999999999689 ) ) ;
#1637 = DIRECTION ( 'NONE',  ( -0.000000000000000000, -0.000000000000000000, 1.000000000000000000 ) ) ;
#1638 = ADVANCED_FACE ( 'NONE', ( #1781 ), #453, .F. ) ;
#1639 = DIRECTION ( 'NONE',  ( -0.8660254037844348218, -0.5000000000000067724, -0.000000000000000000 ) ) ;
#1640 = DIRECTION ( 'NONE',  ( 0.000000000000000000, 0.000000000000000000, 1.000000000000000000 ) ) ;
#1641 = CONICAL_SURFACE ( 'NONE', #5602, 0.2824999999999991962, 0.7853981633974399523 ) ;
#1642 = ORIENTED_EDGE ( 'NONE', *, *, #2567, .F. ) ;
#1643 = VECTOR ( 'NONE', #5640, 39.37007874015748854 ) ;
#1644 = AXIS2_PLACEMENT_3D ( 'NONE', #2919, #8302, #103 ) ;
#1645 = VECTOR ( 'NONE', #3500, 39.37007874015748143 ) ;
#1646 = VERTEX_POINT ( 'NONE', #6310 ) ;
#1647 = DIRECTION ( 'NONE',  ( -0.000000000000000000, -1.000000000000000000, -0.000000000000000000 ) ) ;
#1648 = AXIS2_PLACEMENT_3D ( 'NONE', #7622, #5570, #290 ) ;
#1649 = AXIS2_PLACEMENT_3D ( 'NONE', #4332, #7273, #712 ) ;
#1650 = EDGE_CURVE ( 'NONE', #4280, #4384, #9262, .T. ) ;
#1651 = EDGE_CURVE ( 'NONE', #7426, #8999, #2873, .T. ) ;
#1652 = EDGE_LOOP ( 'NONE', ( #7256, #4514, #1759, #7868 ) ) ;
#1653 = LINE ( 'NONE', #3131, #7920 ) ;
#1654 = CARTESIAN_POINT ( 'NONE',  ( 1.953629557839698050, -0.2613205341219492772, 0.9174999999999992051 ) ) ;
#1655 = CARTESIAN_POINT ( 'NONE',  ( 1.351374999999987114, 5.449678256205675038E-18, 0.000000000000000000 ) ) ;
#1656 = CARTESIAN_POINT ( 'NONE',  ( 2.125000000000000000, 0.000000000000000000, 0.9499999999999999556 ) ) ;
#1657 = AXIS2_PLACEMENT_3D ( 'NONE', #3345, #8366, #4734 ) ;
#1658 = VECTOR ( 'NONE', #1267, 39.37007874015748854 ) ;
#1659 = ORIENTED_EDGE ( 'NONE', *, *, #9470, .F. ) ;
#1660 = CARTESIAN_POINT ( 'NONE',  ( -1.859375000000030198, 0.4058214234295524081, 0.5357500000000000595 ) ) ;
#1661 = PLANE ( 'NONE',  #9480 ) ;
#1662 = LINE ( 'NONE', #1756, #8651 ) ;
#1663 = ADVANCED_FACE ( 'NONE', ( #879 ), #9479, .F. ) ;
#1664 = ORIENTED_EDGE ( 'NONE', *, *, #2582, .T. ) ;
#1665 = ORIENTED_EDGE ( 'NONE', *, *, #3869, .T. ) ;
#1666 = VECTOR ( 'NONE', #5124, 39.37007874015748854 ) ;
#1667 = CARTESIAN_POINT ( 'NONE',  ( 1.953629557839698050, -0.2613205341219492772, 0.9499999999999999556 ) ) ;
#1668 = EDGE_CURVE ( 'NONE', #8574, #3003, #1500, .T. ) ;
#1669 = ORIENTED_EDGE ( 'NONE', *, *, #1082, .T. ) ;
#1670 = ADVANCED_FACE ( 'NONE', ( #4408 ), #8130, .F. ) ;
#1671 = EDGE_LOOP ( 'NONE', ( #8809, #6397 ) ) ;
#1672 = CIRCLE ( 'NONE', #6237, 0.06249999999999967387 ) ;
#1673 = ORIENTED_EDGE ( 'NONE', *, *, #6271, .F. ) ;
#1674 = DIRECTION ( 'NONE',  ( 0.000000000000000000, 0.000000000000000000, 1.000000000000000000 ) ) ;
#1675 = CARTESIAN_POINT ( 'NONE',  ( 2.298125000000001528, 0.6404979548822472557, 0.2599999999999999534 ) ) ;
#1676 = DIRECTION ( 'NONE',  ( 0.000000000000000000, -1.000000000000000000, 0.000000000000000000 ) ) ;
#1677 = CARTESIAN_POINT ( 'NONE',  ( 2.493441540436297732, -0.5650121601517541503, 0.8341152750368363566 ) ) ;
#1678 = ORIENTED_EDGE ( 'NONE', *, *, #1454, .F. ) ;
#1679 = LINE ( 'NONE', #8312, #6818 ) ;
#1680 = ORIENTED_EDGE ( 'NONE', *, *, #5735, .T. ) ;
#1681 = VECTOR ( 'NONE', #7884, 39.37007874015748143 ) ;
#1682 = PRESENTATION_STYLE_ASSIGNMENT (( #3010 ) ) ;
#1683 = VERTEX_POINT ( 'NONE', #2168 ) ;
#1684 = CARTESIAN_POINT ( 'NONE',  ( -2.281250000000000000, 0.2706329386826341055, 0.9175000000000007594 ) ) ;
#1685 = LINE ( 'NONE', #8214, #912 ) ;
#1686 = AXIS2_PLACEMENT_3D ( 'NONE', #1859, #5484, #1952 ) ;
#1687 = EDGE_LOOP ( 'NONE', ( #6789, #5780, #4317, #3763 ) ) ;
#1688 = CARTESIAN_POINT ( 'NONE',  ( 2.593124999999999680, -0.4701796254713038747, 0.9499999999999999556 ) ) ;
#1689 = CARTESIAN_POINT ( 'NONE',  ( 2.255625000000000213, 0.6404979548822493651, 0.2600000000000000089 ) ) ;
#1690 = DIRECTION ( 'NONE',  ( 0.7071067811865585639, 0.7071067811865363595, -0.000000000000000000 ) ) ;
#1691 = VECTOR ( 'NONE', #3788, 39.37007874015748143 ) ;
#1692 = CARTESIAN_POINT ( 'NONE',  ( -2.125000000000000000, 0.4764989774411177437, 0.1944947243515862401 ) ) ;
#1693 = DIRECTION ( 'NONE',  ( -0.4999999999999918954, -0.8660254037844431485, 0.000000000000000000 ) ) ;
#1694 = VERTEX_POINT ( 'NONE', #5215 ) ;
#1695 = CIRCLE ( 'NONE', #8750, 0.04250000000000140471 ) ;
#1696 = ORIENTED_EDGE ( 'NONE', *, *, #6868, .T. ) ;
#1697 = ADVANCED_FACE ( 'NONE', ( #3682 ), #2424, .T. ) ;
#1698 = ORIENTED_EDGE ( 'NONE', *, *, #2469, .F. ) ;
#1699 = DIRECTION ( 'NONE',  ( 0.4999999999999525380, 0.8660254037844660191, -6.829619984160642466E-15 ) ) ;
#1700 = CARTESIAN_POINT ( 'NONE',  ( -1.483749999999971925, -0.1703183294109479606, 0.9499999999999999556 ) ) ;
#1701 = FILL_AREA_STYLE ('',( #3733 ) ) ;
#1702 = ORIENTED_EDGE ( 'NONE', *, *, #4460, .T. ) ;
#1703 = CARTESIAN_POINT ( 'NONE',  ( -2.453245442160275402, 0.01039493631537721091, 0.9499999999999999556 ) ) ;
#1704 = CARTESIAN_POINT ( 'NONE',  ( 1.859375000000029976, 0.3476343040826271880, 0.9499999999999999556 ) ) ;
#1705 = FACE_OUTER_BOUND ( 'NONE', #6059, .T. ) ;
#1706 = CARTESIAN_POINT ( 'NONE',  ( 2.298124999999999307, 0.6404979548822425928, 0.9499999999999999556 ) ) ;
#1707 = ORIENTED_EDGE ( 'NONE', *, *, #3908, .T. ) ;
#1708 = ORIENTED_EDGE ( 'NONE', *, *, #7698, .T. ) ;
#1709 = EDGE_CURVE ( 'NONE', #8762, #467, #1210, .T. ) ;
#1710 = ADVANCED_FACE ( 'NONE', ( #5116 ), #3455, .T. ) ;
#1711 = PLANE ( 'NONE',  #1966 ) ;
#1712 = CARTESIAN_POINT ( 'NONE',  ( -2.293247638562451396, -0.4038551499215468632, 0.9499999999999999556 ) ) ;
#1713 = ORIENTED_EDGE ( 'NONE', *, *, #8120, .F. ) ;
#1714 = CARTESIAN_POINT ( 'NONE',  ( 2.293247638562451396, -0.4038551499215468632, 0.9499999999999999556 ) ) ;
#1715 = VECTOR ( 'NONE', #5431, 39.37007874015748854 ) ;
#1716 = ORIENTED_EDGE ( 'NONE', *, *, #4793, .T. ) ;
#1717 = CARTESIAN_POINT ( 'NONE',  ( 2.390625000000005329, 0.3476343040825998765, 0.6272455802306264872 ) ) ;
#1718 = VERTEX_POINT ( 'NONE', #7299 ) ;
#1719 = ADVANCED_FACE ( 'NONE', ( #109 ), #1591, .T. ) ;
#1720 = ADVANCED_FACE ( 'NONE', ( #4451 ), #6615, .T. ) ;
#1721 = AXIS2_PLACEMENT_3D ( 'NONE', #309, #1778, #5443 ) ;
#1722 = ORIENTED_EDGE ( 'NONE', *, *, #3435, .F. ) ;
#1723 = AXIS2_PLACEMENT_3D ( 'NONE', #5800, #2025, #6430 ) ;
#1724 = DIRECTION ( 'NONE',  ( 0.000000000000000000, 0.000000000000000000, 1.000000000000000000 ) ) ;
#1725 = CARTESIAN_POINT ( 'NONE',  ( 2.390625000000005773, 0.6404979548822425928, 0.9499999999999999556 ) ) ;
#1726 = CARTESIAN_POINT ( 'NONE',  ( 2.059687500000002558, 0.1131245683693413162, 0.2500000000000000555 ) ) ;
#1727 = CARTESIAN_POINT ( 'NONE',  ( -1.167433081593973077, -0.2687500000000004885, 0.2499999999999996947 ) ) ;
#1728 = EDGE_LOOP ( 'NONE', ( #6492, #8481, #7496, #2150, #1197 ) ) ;
#1729 = DIRECTION ( 'NONE',  ( -0.000000000000000000, -0.000000000000000000, 1.000000000000000000 ) ) ;
#1730 = EDGE_CURVE ( 'NONE', #1476, #5663, #742, .T. ) ;
#1731 = EDGE_LOOP ( 'NONE', ( #9295, #7097, #3995, #7924 ) ) ;
#1732 = CIRCLE ( 'NONE', #7078, 0.06424999999999959910 ) ;
#1733 = EDGE_CURVE ( 'NONE', #8649, #2219, #5981, .T. ) ;
#1734 = ORIENTED_EDGE ( 'NONE', *, *, #5569, .T. ) ;
#1735 = ORIENTED_EDGE ( 'NONE', *, *, #8684, .F. ) ;
#1736 = DIRECTION ( 'NONE',  ( 0.8660254037844660191, -0.4999999999999527045, 0.000000000000000000 ) ) ;
#1737 = DIRECTION ( 'NONE',  ( 0.3535533905932790599, 0.6123724356957928050, 0.7071067811865464625 ) ) ;
#1738 = LINE ( 'NONE', #3253, #2580 ) ;
#1739 = CARTESIAN_POINT ( 'NONE',  ( -1.984375000000025979, 0.2790714234295686436, 0.9499999999999999556 ) ) ;
#1740 = CARTESIAN_POINT ( 'NONE',  ( -2.493441540436297732, -0.5650121601517541503, 0.8341152750368363566 ) ) ;
#1741 = ADVANCED_FACE ( 'NONE', ( #790 ), #831, .F. ) ;
#1742 = DIRECTION ( 'NONE',  ( -1.000000000000000000, 0.000000000000000000, 0.000000000000000000 ) ) ;
#1743 = CARTESIAN_POINT ( 'NONE',  ( -2.513492737973233027, -0.6031825010027623835, 0.7349999999999999867 ) ) ;
#1744 = ORIENTED_EDGE ( 'NONE', *, *, #8090, .T. ) ;
#1745 = ORIENTED_EDGE ( 'NONE', *, *, #5952, .T. ) ;
#1746 = CARTESIAN_POINT ( 'NONE',  ( -1.962761439850251977, 0.2921469406300979399, 0.9391135601497726526 ) ) ;
#1747 = DIRECTION ( 'NONE',  ( 1.000000000000000000, 0.000000000000000000, -4.560754576643555576E-16 ) ) ;
#1748 = CARTESIAN_POINT ( 'NONE',  ( 2.298124999999998419, 0.3904979548822424817, 0.9499999999999999556 ) ) ;
#1749 = VERTEX_POINT ( 'NONE', #2315 ) ;
#1750 = AXIS2_PLACEMENT_3D ( 'NONE', #1863, #529, #4770 ) ;
#1751 = PRESENTATION_STYLE_ASSIGNMENT (( #3224 ) ) ;
#1752 = EDGE_CURVE ( 'NONE', #6814, #4621, #6230, .T. ) ;
#1753 = CARTESIAN_POINT ( 'NONE',  ( 2.453125000000005329, 0.6380358307719737887, 0.7349999999999999867 ) ) ;
#1754 = ORIENTED_EDGE ( 'NONE', *, *, #1024, .T. ) ;
#1755 = CARTESIAN_POINT ( 'NONE',  ( 2.125000000000000000, 0.000000000000000000, 0.9499999999999999556 ) ) ;
#1756 = CARTESIAN_POINT ( 'NONE',  ( -1.807738770884311341, 0.3012499999999982969, 0.2500000000000000555 ) ) ;
#1757 = ORIENTED_EDGE ( 'NONE', *, *, #6820, .T. ) ;
#1758 = CARTESIAN_POINT ( 'NONE',  ( -2.303268710655843154, -0.2566793367103619161, 0.2499999999999999722 ) ) ;
#1759 = ORIENTED_EDGE ( 'NONE', *, *, #5074, .F. ) ;
#1760 = EDGE_CURVE ( 'NONE', #7678, #7569, #8937, .T. ) ;
#1761 = CARTESIAN_POINT ( 'NONE',  ( -2.390625000000005329, 0.3476343040825998765, 0.3525000000000004241 ) ) ;
#1762 = CIRCLE ( 'NONE', #6647, 0.2500000000000000555 ) ;
#1763 = VERTEX_POINT ( 'NONE', #5258 ) ;
#1764 = VERTEX_POINT ( 'NONE', #8216 ) ;
#1765 = CARTESIAN_POINT ( 'NONE',  ( 0.000000000000000000, 0.2687499999999967137, 0.000000000000000000 ) ) ;
#1766 = DIRECTION ( 'NONE',  ( 0.5000000000000056621, 0.8660254037844354880, 0.000000000000000000 ) ) ;
#1767 = VECTOR ( 'NONE', #2390, 39.37007874015748143 ) ;
#1768 = CARTESIAN_POINT ( 'NONE',  ( 1.984375000000020206, 0.4058214234295524081, 0.6642500000000000071 ) ) ;
#1769 = EDGE_LOOP ( 'NONE', ( #5776, #7344, #7528, #801 ) ) ;
#1770 = LINE ( 'NONE', #7683, #7901 ) ;
#1771 = ORIENTED_EDGE ( 'NONE', *, *, #5854, .T. ) ;
#1772 = VERTEX_POINT ( 'NONE', #4309 ) ;
#1773 = ADVANCED_FACE ( 'NONE', ( #693 ), #8025, .F. ) ;
#1774 = EDGE_CURVE ( 'NONE', #6989, #86, #1738, .T. ) ;
#1775 = CARTESIAN_POINT ( 'NONE',  ( 1.813831811574352804, -0.02882027952500396464, 0.2500000000000000555 ) ) ;
#1776 = ORIENTED_EDGE ( 'NONE', *, *, #848, .F. ) ;
#1777 = CARTESIAN_POINT ( 'NONE',  ( -2.233565120298022677, -0.4238310446009687649, 0.3737597234363085885 ) ) ;
#1778 = DIRECTION ( 'NONE',  ( -0.000000000000000000, -1.000000000000000000, -0.000000000000000000 ) ) ;
#1779 = DIRECTION ( 'NONE',  ( -0.8660254037844364872, -0.5000000000000039968, 0.000000000000000000 ) ) ;
#1780 = PLANE ( 'NONE',  #8324 ) ;
#1781 = FACE_OUTER_BOUND ( 'NONE', #3203, .T. ) ;
#1782 = AXIS2_PLACEMENT_3D ( 'NONE', #3088, #6630, #6677 ) ;
#1783 = AXIS2_PLACEMENT_3D ( 'NONE', #3614, #5195, #8874 ) ;
#1784 = ADVANCED_FACE ( 'NONE', ( #6950 ), #930, .F. ) ;
#1785 = EDGE_CURVE ( 'NONE', #1247, #9077, #3005, .T. ) ;
#1786 = EDGE_LOOP ( 'NONE', ( #983, #8975, #6021, #9129 ) ) ;
#1787 = DIMENSIONAL_EXPONENTS ( 1.000000000000000000, 0.000000000000000000, 0.000000000000000000, 0.000000000000000000, 0.000000000000000000, 0.000000000000000000, 0.000000000000000000 ) ;
#1788 = ORIENTED_EDGE ( 'NONE', *, *, #9286, .T. ) ;
#1789 = DIRECTION ( 'NONE',  ( -0.5000000000000668354, 0.8660254037844001829, 0.000000000000000000 ) ) ;
#1790 = CARTESIAN_POINT ( 'NONE',  ( -1.824799798107692439, -0.4800379978800762282, 0.5999999999999999778 ) ) ;
#1791 = CARTESIAN_POINT ( 'NONE',  ( 1.484346610447648818, -0.1713516890186513320, 0.2500000000000001110 ) ) ;
#1792 = AXIS2_PLACEMENT_3D ( 'NONE', #2303, #966, #5876 ) ;
#1793 = ORIENTED_EDGE ( 'NONE', *, *, #5867, .T. ) ;
#1794 = FACE_OUTER_BOUND ( 'NONE', #9402, .T. ) ;
#1795 = VECTOR ( 'NONE', #1075, 39.37007874015748854 ) ;
#1796 = AXIS2_PLACEMENT_3D ( 'NONE', #7706, #1886, #6273 ) ;
#1797 = DIRECTION ( 'NONE',  ( 4.160602366287838157E-14, -0.7071067811865437980, 0.7071067811865512365 ) ) ;
#1798 = PLANE ( 'NONE',  #8291 ) ;
#1799 = LINE ( 'NONE', #8290, #3929 ) ;
#1800 = CARTESIAN_POINT ( 'NONE',  ( 1.951875000000030891, 0.2984170477285265632, 0.9499999999999999556 ) ) ;
#1801 = AXIS2_PLACEMENT_3D ( 'NONE', #8123, #2114, #4304 ) ;
#1802 = MECHANICAL_DESIGN_GEOMETRIC_PRESENTATION_REPRESENTATION (  '', ( #1056 ), #7634 ) ;
#1803 = DIRECTION ( 'NONE',  ( 1.000000000000000000, 0.000000000000000000, 0.000000000000000000 ) ) ;
#1804 = ORIENTED_EDGE ( 'NONE', *, *, #5120, .F. ) ;
#1805 = DIRECTION ( 'NONE',  ( 1.000000000000000000, 0.000000000000000000, -0.000000000000000000 ) ) ;
#1806 = ORIENTED_EDGE ( 'NONE', *, *, #2797, .T. ) ;
#1807 = CARTESIAN_POINT ( 'NONE',  ( -2.453125000000005329, 0.2893790496476773000, 0.4150000000000000910 ) ) ;
#1808 = VECTOR ( 'NONE', #2465, 39.37007874015747433 ) ;
#1809 = AXIS2_PLACEMENT_3D ( 'NONE', #7792, #8702, #4261 ) ;
#1810 = VERTEX_POINT ( 'NONE', #4595 ) ;
#1811 = ORIENTED_EDGE ( 'NONE', *, *, #7258, .F. ) ;
#1812 = EDGE_CURVE ( 'NONE', #3539, #5529, #9170, .T. ) ;
#1813 = FACE_OUTER_BOUND ( 'NONE', #3130, .T. ) ;
#1814 = CARTESIAN_POINT ( 'NONE',  ( -2.390625000000005329, 0.3476343040825998765, 0.9499999999999999556 ) ) ;
#1815 = VECTOR ( 'NONE', #7871, 39.37007874015748854 ) ;
#1816 = DIRECTION ( 'NONE',  ( 0.8660254037844133945, -0.5000000000000437428, 1.884033099078697832E-15 ) ) ;
#1817 = VERTEX_POINT ( 'NONE', #3161 ) ;
#1818 = DIRECTION ( 'NONE',  ( 0.000000000000000000, 0.000000000000000000, -1.000000000000000000 ) ) ;
#1819 = ORIENTED_EDGE ( 'NONE', *, *, #3156, .F. ) ;
#1820 = ORIENTED_EDGE ( 'NONE', *, *, #4102, .T. ) ;
#1821 = VECTOR ( 'NONE', #804, 39.37007874015748854 ) ;
#1822 = CIRCLE ( 'NONE', #8420, 0.2500000000000000555 ) ;
#1823 = EDGE_LOOP ( 'NONE', ( #5344, #2017, #7822, #7396, #6765 ) ) ;
#1824 = EDGE_CURVE ( 'NONE', #2440, #7441, #398, .T. ) ;
#1825 = CARTESIAN_POINT ( 'NONE',  ( -2.211547108317882149, -0.4288541104406126681, 0.4150000000000000910 ) ) ;
#1826 = FACE_OUTER_BOUND ( 'NONE', #1908, .T. ) ;
#1827 = DIRECTION ( 'NONE',  ( 0.000000000000000000, 0.000000000000000000, 1.000000000000000000 ) ) ;
#1828 = CARTESIAN_POINT ( 'NONE',  ( 2.744999999999998774, -0.2071244090717848652, 0.2175000000000009148 ) ) ;
#1829 = DIRECTION ( 'NONE',  ( 0.8660254037844353769, -0.5000000000000056621, 0.000000000000000000 ) ) ;
#1830 = B_SPLINE_CURVE_WITH_KNOTS ( 'NONE', 3,
 ( #2077, #9232, #7063, #4169, #2741, #2028 ),
 .UNSPECIFIED., .F., .F.,
 ( 4, 2, 4 ),
 ( 0.000000000000000000, 0.0002093745834697648719, 0.0004187491669395297439 ),
 .UNSPECIFIED. ) ;
#1831 = CARTESIAN_POINT ( 'NONE',  ( 1.635624999999971241, -0.4333735458104718830, 0.2599999999999999534 ) ) ;
#1832 = DIRECTION ( 'NONE',  ( 0.000000000000000000, 0.000000000000000000, 1.000000000000000000 ) ) ;
#1833 = ORIENTED_EDGE ( 'NONE', *, *, #1194, .F. ) ;
#1834 = AXIS2_PLACEMENT_3D ( 'NONE', #3950, #9154, #1106 ) ;
#1835 = ORIENTED_EDGE ( 'NONE', *, *, #6992, .T. ) ;
#1836 = ADVANCED_FACE ( 'NONE', ( #8318 ), #3864, .F. ) ;
#1837 = DIRECTION ( 'NONE',  ( -0.4999999999999923950, 0.8660254037844430375, -0.000000000000000000 ) ) ;
#1838 = EDGE_CURVE ( 'NONE', #7699, #3050, #255, .T. ) ;
#1839 = CARTESIAN_POINT ( 'NONE',  ( 2.265625000000000000, 0.6404979548822425928, 0.9499999999999999556 ) ) ;
#1840 = CARTESIAN_POINT ( 'NONE',  ( 2.296370442160278635, -0.2613205341219647648, 0.2572037272617219705 ) ) ;
#1841 = DIRECTION ( 'NONE',  ( -7.228235936543575681E-14, -1.000000000000000000, 0.000000000000000000 ) ) ;
#1842 = ORIENTED_EDGE ( 'NONE', *, *, #8819, .F. ) ;
#1843 = CIRCLE ( 'NONE', #783, 0.2824999999999975864 ) ;
#1844 = CARTESIAN_POINT ( 'NONE',  ( -0.9077481638378354090, -0.3012499999999982969, 0.3887795275590557598 ) ) ;
#1845 = EDGE_CURVE ( 'NONE', #7723, #363, #8238, .T. ) ;
#1846 = CARTESIAN_POINT ( 'NONE',  ( 2.533493649053907948, -0.07346415503396394597, 0.9175000000000141931 ) ) ;
#1847 = PLANE ( 'NONE',  #7043 ) ;
#1848 = LINE ( 'NONE', #4651, #3775 ) ;
#1849 = ORIENTED_EDGE ( 'NONE', *, *, #971, .T. ) ;
#1850 = ADVANCED_FACE ( 'NONE', ( #2592 ), #5351, .T. ) ;
#1851 = DIRECTION ( 'NONE',  ( 0.5000000000000041078, 0.8660254037844362651, 0.000000000000000000 ) ) ;
#1852 = CARTESIAN_POINT ( 'NONE',  ( -1.167433081593973077, -0.3012499999999982969, 0.2175000000000019695 ) ) ;
#1853 = EDGE_LOOP ( 'NONE', ( #8445, #6642, #6797, #7345, #7902 ) ) ;
#1854 = CARTESIAN_POINT ( 'NONE',  ( 0.000000000000000000, -0.1762500000000011557, 0.5324999999999976419 ) ) ;
#1855 = ORIENTED_EDGE ( 'NONE', *, *, #6636, .T. ) ;
#1856 = CARTESIAN_POINT ( 'NONE',  ( -1.944456811574331256, -0.2550694162636747420, 0.2500000000000000555 ) ) ;
#1857 = ORIENTED_EDGE ( 'NONE', *, *, #7407, .T. ) ;
#1858 = ORIENTED_EDGE ( 'NONE', *, *, #6326, .F. ) ;
#1859 = CARTESIAN_POINT ( 'NONE',  ( 2.125000000000000000, 0.000000000000000000, 0.000000000000000000 ) ) ;
#1860 = B_SPLINE_CURVE_WITH_KNOTS ( 'NONE', 3,
 ( #8923, #6791, #3148, #5246, #5340, #818 ),
 .UNSPECIFIED., .F., .F.,
 ( 4, 2, 4 ),
 ( 6.992893892674702526E-18, 0.0002093588874249736854, 0.0004187177748499403777 ),
 .UNSPECIFIED. ) ;
#1861 = LINE ( 'NONE', #1725, #3983 ) ;
#1862 = AXIS2_PLACEMENT_3D ( 'NONE', #9248, #8675, #8534 ) ;
#1863 = CARTESIAN_POINT ( 'NONE',  ( -2.487700201892215635, -0.3717848224071854113, 0.5999999999999999778 ) ) ;
#1864 = VERTEX_POINT ( 'NONE', #8982 ) ;
#1865 = DIRECTION ( 'NONE',  ( -0.000000000000000000, -0.000000000000000000, 1.000000000000000000 ) ) ;
#1866 = ORIENTED_EDGE ( 'NONE', *, *, #6686, .T. ) ;
#1867 = ORIENTED_EDGE ( 'NONE', *, *, #5697, .F. ) ;
#1868 = EDGE_CURVE ( 'NONE', #8822, #7729, #3478, .T. ) ;
#1869 = VECTOR ( 'NONE', #8561, 39.37007874015748143 ) ;
#1870 = ORIENTED_EDGE ( 'NONE', *, *, #9164, .F. ) ;
#1871 = ORIENTED_EDGE ( 'NONE', *, *, #1900, .F. ) ;
#1872 = PLANE ( 'NONE',  #4571 ) ;
#1873 = LINE ( 'NONE', #4778, #2181 ) ;
#1874 = PLANE ( 'NONE',  #910 ) ;
#1875 = CARTESIAN_POINT ( 'NONE',  ( -2.298124999999991314, 0.2984170477285114087, 0.9499999999999999556 ) ) ;
#1876 = CARTESIAN_POINT ( 'NONE',  ( -2.650160219341328727, -0.2382494887205698075, 0.2500000000000000555 ) ) ;
#1877 =( LENGTH_UNIT ( ) NAMED_UNIT ( * ) SI_UNIT ( $, .METRE. ) );
#1878 = FACE_OUTER_BOUND ( 'NONE', #7801, .T. ) ;
#1879 = ORIENTED_EDGE ( 'NONE', *, *, #5671, .T. ) ;
#1880 = EDGE_CURVE ( 'NONE', #2787, #9477, #354, .T. ) ;
#1881 = EDGE_LOOP ( 'NONE', ( #7438, #4181, #5505, #3729 ) ) ;
#1882 = DIRECTION ( 'NONE',  ( -0.000000000000000000, -0.000000000000000000, 1.000000000000000000 ) ) ;
#1883 = DIRECTION ( 'NONE',  ( 0.000000000000000000, 0.000000000000000000, -1.000000000000000000 ) ) ;
#1884 = CARTESIAN_POINT ( 'NONE',  ( -1.873381350946074386, -0.3451796254712989898, 0.6999999999999999556 ) ) ;
#1885 = CARTESIAN_POINT ( 'NONE',  ( 1.514062206464177329, -0.1802387301376936202, 0.2500000000000000555 ) ) ;
#1886 = DIRECTION ( 'NONE',  ( -0.000000000000000000, -1.000000000000000000, -0.000000000000000000 ) ) ;
#1887 = DIRECTION ( 'NONE',  ( -1.000000000000000000, 7.827072323607353610E-15, 0.000000000000000000 ) ) ;
#1888 = EDGE_CURVE ( 'NONE', #989, #5096, #2556, .T. ) ;
#1889 = ADVANCED_FACE ( 'NONE', ( #2402 ), #3820, .F. ) ;
#1890 = DIRECTION ( 'NONE',  ( 0.4999999999999919509, -0.8660254037844432595, -0.000000000000000000 ) ) ;
#1891 = ORIENTED_EDGE ( 'NONE', *, *, #7991, .F. ) ;
#1892 = VERTEX_POINT ( 'NONE', #2538 ) ;
#1893 = CARTESIAN_POINT ( 'NONE',  ( -2.398375910746657347, 0.3415726297980380965, 0.6049736821907220063 ) ) ;
#1894 = DIRECTION ( 'NONE',  ( 1.000000000000000000, 0.000000000000000000, 0.000000000000000000 ) ) ;
#1895 = VECTOR ( 'NONE', #2614, 39.37007874015748854 ) ;
#1896 = EDGE_LOOP ( 'NONE', ( #3334, #643, #8315, #3976 ) ) ;
#1897 = FACE_OUTER_BOUND ( 'NONE', #5108, .T. ) ;
#1898 = ORIENTED_EDGE ( 'NONE', *, *, #5965, .F. ) ;
#1899 = EDGE_CURVE ( 'NONE', #6345, #7773, #1118, .T. ) ;
#1900 = EDGE_CURVE ( 'NONE', #1892, #4182, #5302, .T. ) ;
#1901 = LINE ( 'NONE', #1146, #3767 ) ;
#1902 = VECTOR ( 'NONE', #1991, 39.37007874015748143 ) ;
#1903 = VERTEX_POINT ( 'NONE', #5498 ) ;
#1904 = VERTEX_POINT ( 'NONE', #6759 ) ;
#1905 = PLANE ( 'NONE',  #6575 ) ;
#1906 = DIRECTION ( 'NONE',  ( 0.4999999999999964473, 0.8660254037844409281, 0.000000000000000000 ) ) ;
#1907 = DIRECTION ( 'NONE',  ( -0.000000000000000000, 1.000000000000000000, -0.000000000000000000 ) ) ;
#1908 = EDGE_LOOP ( 'NONE', ( #8494, #4615, #5582, #7057 ) ) ;
#1909 = FACE_OUTER_BOUND ( 'NONE', #7283, .T. ) ;
#1910 = VERTEX_POINT ( 'NONE', #8364 ) ;
#1911 = ORIENTED_EDGE ( 'NONE', *, *, #3933, .T. ) ;
#1912 = ORIENTED_EDGE ( 'NONE', *, *, #773, .F. ) ;
#1913 = VERTEX_POINT ( 'NONE', #8269 ) ;
#1914 = AXIS2_PLACEMENT_3D ( 'NONE', #2306, #553, #4936 ) ;
#1915 = DIRECTION ( 'NONE',  ( 1.000000000000000000, 0.000000000000000000, 0.000000000000000000 ) ) ;
#1916 = CARTESIAN_POINT ( 'NONE',  ( 2.390625000000005329, 0.6404979548822425928, 0.4649999999999999689 ) ) ;
#1917 = LINE ( 'NONE', #7736, #1815 ) ;
#1918 = CARTESIAN_POINT ( 'NONE',  ( -2.390625000000005329, 0.4058214234295524081, 0.5357500000000000595 ) ) ;
#1919 = LINE ( 'NONE', #357, #6222 ) ;
#1920 = FACE_OUTER_BOUND ( 'NONE', #2474, .T. ) ;
#1921 = VERTEX_POINT ( 'NONE', #2726 ) ;
#1922 = CARTESIAN_POINT ( 'NONE',  ( -1.691127361437541943, 0.05622084583895026189, 0.9499999999999999556 ) ) ;
#1923 = VECTOR ( 'NONE', #5951, 39.37007874015748854 ) ;
#1924 = CARTESIAN_POINT ( 'NONE',  ( -2.293247638562451396, -0.4038551499215468632, 0.4650000000000000799 ) ) ;
#1925 = CARTESIAN_POINT ( 'NONE',  ( 2.265624999999999112, 0.3904979548822426483, 0.6999999999999999556 ) ) ;
#1926 = EDGE_CURVE ( 'NONE', #2545, #7408, #1253, .T. ) ;
#1927 = EDGE_CURVE ( 'NONE', #2855, #4961, #5543, .T. ) ;
#1928 = CARTESIAN_POINT ( 'NONE',  ( 2.265624999999998668, 0.2790714234295565421, 0.5357500000000000595 ) ) ;
#1929 = CARTESIAN_POINT ( 'NONE',  ( -1.167433081593973077, 0.3012499999999982969, 0.2499999999999997502 ) ) ;
#1930 = DIRECTION ( 'NONE',  ( -1.000000000000000000, -3.023406148612404573E-15, 0.000000000000000000 ) ) ;
#1931 = CARTESIAN_POINT ( 'NONE',  ( -1.668770825622963860, -0.4257837998483151587, 0.9499999999999999556 ) ) ;
#1932 = AXIS2_PLACEMENT_3D ( 'NONE', #7177, #5043, #523 ) ;
#1933 = CIRCLE ( 'NONE', #7912, 0.04249999999999893446 ) ;
#1934 = ORIENTED_EDGE ( 'NONE', *, *, #5904, .T. ) ;
#1935 = ORIENTED_EDGE ( 'NONE', *, *, #2232, .T. ) ;
#1936 = EDGE_LOOP ( 'NONE', ( #6366, #248, #5572, #4710 ) ) ;
#1937 = CARTESIAN_POINT ( 'NONE',  ( -2.393029049807455788, 0.3457973860264569876, 0.6233225597165246157 ) ) ;
#1938 = EDGE_CURVE ( 'NONE', #3216, #4997, #4152, .T. ) ;
#1939 = ADVANCED_FACE ( 'NONE', ( #6308 ), #5689, .T. ) ;
#1940 = VECTOR ( 'NONE', #5184, 39.37007874015748143 ) ;
#1941 = LINE ( 'NONE', #4852, #5869 ) ;
#1942 = ORIENTED_EDGE ( 'NONE', *, *, #5987, .T. ) ;
#1943 = CARTESIAN_POINT ( 'NONE',  ( 2.293247638562451396, -0.4038551499215468632, 2.731847993664263218E-16 ) ) ;
#1944 = CARTESIAN_POINT ( 'NONE',  ( -2.581229174377005720, -0.4257837998483106068, 0.6999999999999999556 ) ) ;
#1945 = CARTESIAN_POINT ( 'NONE',  ( -2.614374999999999449, -0.4333735458104659433, 0.2175000000000010258 ) ) ;
#1946 = AXIS2_PLACEMENT_3D ( 'NONE', #4400, #3538, #8022 ) ;
#1947 = VECTOR ( 'NONE', #6921, 39.37007874015748143 ) ;
#1948 = ORIENTED_EDGE ( 'NONE', *, *, #2352, .F. ) ;
#1949 = DIRECTION ( 'NONE',  ( 0.000000000000000000, 0.000000000000000000, 1.000000000000000000 ) ) ;
#1950 = VERTEX_POINT ( 'NONE', #9260 ) ;
#1951 = EDGE_CURVE ( 'NONE', #4543, #214, #7049, .T. ) ;
#1952 = DIRECTION ( 'NONE',  ( 1.000000000000000000, 0.000000000000000000, 0.000000000000000000 ) ) ;
#1953 = LINE ( 'NONE', #9397, #805 ) ;
#1954 = EDGE_CURVE ( 'NONE', #7820, #2379, #1917, .T. ) ;
#1955 = DIRECTION ( 'NONE',  ( 0.8660254037844399289, -0.4999999999999981126, 0.000000000000000000 ) ) ;
#1956 = ORIENTED_EDGE ( 'NONE', *, *, #8594, .F. ) ;
#1957 = CARTESIAN_POINT ( 'NONE',  ( -2.812500000000023093, 0.4058214234295524081, 0.5357500000000000595 ) ) ;
#1958 =( BOUNDED_CURVE ( )  B_SPLINE_CURVE ( 3, ( #2752, #1234, #7074, #896 ),
 .UNSPECIFIED., .F., .T. ) 
 B_SPLINE_CURVE_WITH_KNOTS ( ( 4, 4 ),
 ( 0.8112791067090420194, 0.9093158886640622107 ),
 .UNSPECIFIED. ) 
 CURVE ( )  GEOMETRIC_REPRESENTATION_ITEM ( )  RATIONAL_B_SPLINE_CURVE ( ( 1.000000000000000000, 0.9991992261430528988, 0.9991992261430528988, 1.000000000000000000 ) ) 
 REPRESENTATION_ITEM ( '' )  );
#1959 = AXIS2_PLACEMENT_3D ( 'NONE', #3134, #1464, #5087 ) ;
#1960 = VECTOR ( 'NONE', #2064, 39.37007874015748143 ) ;
#1961 = VERTEX_POINT ( 'NONE', #2772 ) ;
#1962 = VERTEX_POINT ( 'NONE', #8639 ) ;
#1963 = EDGE_CURVE ( 'NONE', #4923, #3720, #8598, .T. ) ;
#1964 = ORIENTED_EDGE ( 'NONE', *, *, #5864, .F. ) ;
#1965 = CIRCLE ( 'NONE', #8715, 0.3124999999999972800 ) ;
#1966 = AXIS2_PLACEMENT_3D ( 'NONE', #949, #7521, #9006 ) ;
#1967 = CARTESIAN_POINT ( 'NONE',  ( -1.437499999999995337, -0.09021097956086862601, 0.4649999999999999689 ) ) ;
#1968 = LINE ( 'NONE', #7242, #9393 ) ;
#1969 = FACE_OUTER_BOUND ( 'NONE', #7518, .T. ) ;
#1970 = CARTESIAN_POINT ( 'NONE',  ( -2.296887392148656115, -0.2865761848781491206, 0.9391135601497752061 ) ) ;
#1971 = MECHANICAL_DESIGN_GEOMETRIC_PRESENTATION_REPRESENTATION (  '', ( #8418 ), #3785 ) ;
#1972 = VERTEX_POINT ( 'NONE', #7785 ) ;
#1973 = CARTESIAN_POINT ( 'NONE',  ( -1.437499999999994893, -0.09021097956086808478, 0.6999999999999999556 ) ) ;
#1974 = VECTOR ( 'NONE', #6171, 39.37007874015748143 ) ;
#1975 = ORIENTED_EDGE ( 'NONE', *, *, #7800, .T. ) ;
#1976 = CARTESIAN_POINT ( 'NONE',  ( 2.390625000000005773, 0.6404979548822425928, 0.000000000000000000 ) ) ;
#1977 = CARTESIAN_POINT ( 'NONE',  ( -2.390625000000005773, 0.6404979548822425928, 0.6642500000000000071 ) ) ;
#1978 = VECTOR ( 'NONE', #1631, 39.37007874015748143 ) ;
#1979 = LINE ( 'NONE', #6372, #3187 ) ;
#1980 = CARTESIAN_POINT ( 'NONE',  ( 1.572292745690301530, -0.2788211364117528235, 0.2399288635882478316 ) ) ;
#1981 = DIRECTION ( 'NONE',  ( -0.000000000000000000, -1.000000000000000000, -0.000000000000000000 ) ) ;
#1982 = CARTESIAN_POINT ( 'NONE',  ( -1.807738770884311341, 0.3012499999999982969, 6.829619984160658046E-17 ) ) ;
#1983 = CARTESIAN_POINT ( 'NONE',  ( 2.257729755374552560, -0.4169034694968730137, 0.8404620568917898771 ) ) ;
#1984 = AXIS2_PLACEMENT_3D ( 'NONE', #2439, #8310, #3899 ) ;
#1985 = ORIENTED_EDGE ( 'NONE', *, *, #240, .T. ) ;
#1986 = ADVANCED_FACE ( 'NONE', ( #2058 ), #3310, .F. ) ;
#1987 = VERTEX_POINT ( 'NONE', #7144 ) ;
#1988 = ORIENTED_EDGE ( 'NONE', *, *, #7686, .F. ) ;
#1989 = DIRECTION ( 'NONE',  ( -0.000000000000000000, -0.000000000000000000, 1.000000000000000000 ) ) ;
#1990 = VECTOR ( 'NONE', #2710, 39.37007874015748143 ) ;
#1991 = DIRECTION ( 'NONE',  ( 0.000000000000000000, 0.000000000000000000, -1.000000000000000000 ) ) ;
#1992 = ORIENTED_EDGE ( 'NONE', *, *, #250, .T. ) ;
#1993 = CARTESIAN_POINT ( 'NONE',  ( -1.807738770884310897, 0.3012499999999982969, 0.2175000000000008593 ) ) ;
#1994 = DIRECTION ( 'NONE',  ( 0.000000000000000000, 0.000000000000000000, -1.000000000000000000 ) ) ;
#1995 = AXIS2_PLACEMENT_3D ( 'NONE', #1931, #1177, #4171 ) ;
#1996 = DIRECTION ( 'NONE',  ( -0.8660254037844354880, -0.5000000000000056621, 1.584471836325272075E-14 ) ) ;
#1997 = EDGE_CURVE ( 'NONE', #85, #4173, #494, .T. ) ;
#1998 = VERTEX_POINT ( 'NONE', #8454 ) ;
#1999 = DIRECTION ( 'NONE',  ( -4.560754576643555576E-16, 0.000000000000000000, -1.000000000000000000 ) ) ;
#2000 = CARTESIAN_POINT ( 'NONE',  ( -2.276402115675585147, 0.2857088524216684911, 0.9282771156755870168 ) ) ;
#2001 = DIRECTION ( 'NONE',  ( -1.092739197465688721E-15, 1.892679809432653856E-15, 1.000000000000000000 ) ) ;
#2002 = ORIENTED_EDGE ( 'NONE', *, *, #2595, .F. ) ;
#2003 = DIRECTION ( 'NONE',  ( 2.185478394931411364E-15, 1.000000000000000000, -1.529834876451987876E-14 ) ) ;
#2004 = ORIENTED_EDGE ( 'NONE', *, *, #496, .T. ) ;
#2005 = EDGE_CURVE ( 'NONE', #4433, #1207, #2010, .T. ) ;
#2006 = ADVANCED_FACE ( 'NONE', ( #9218 ), #588, .T. ) ;
#2007 = ORIENTED_EDGE ( 'NONE', *, *, #7940, .T. ) ;
#2008 = LINE ( 'NONE', #7141, #3948 ) ;
#2009 = LINE ( 'NONE', #5062, #1125 ) ;
#2010 = LINE ( 'NONE', #7832, #8851 ) ;
#2011 = PLANE ( 'NONE',  #4286 ) ;
#2012 = ORIENTED_EDGE ( 'NONE', *, *, #7873, .F. ) ;
#2013 = ORIENTED_EDGE ( 'NONE', *, *, #7027, .T. ) ;
#2014 = CARTESIAN_POINT ( 'NONE',  ( 1.696641095954356304, 0.08908579168983826735, 0.8420909932548904520 ) ) ;
#2015 = AXIS2_PLACEMENT_3D ( 'NONE', #7862, #2711, #1387 ) ;
#2016 = CARTESIAN_POINT ( 'NONE',  ( -2.265625000000000000, 0.6404979548822425928, 0.9499999999999999556 ) ) ;
#2017 = ORIENTED_EDGE ( 'NONE', *, *, #8699, .T. ) ;
#2018 = ADVANCED_FACE ( 'NONE', ( #1969 ), #1874, .F. ) ;
#2019 = EDGE_LOOP ( 'NONE', ( #6498, #7526 ) ) ;
#2020 = LINE ( 'NONE', #3973, #9184 ) ;
#2021 = DIRECTION ( 'NONE',  ( 1.000000000000000000, -8.881784197001249365E-16, 0.000000000000000000 ) ) ;
#2022 = EDGE_CURVE ( 'NONE', #491, #86, #429, .T. ) ;
#2023 = VECTOR ( 'NONE', #5598, 39.37007874015748143 ) ;
#2024 = CARTESIAN_POINT ( 'NONE',  ( 2.390625000000005329, 0.3476343040825998765, 0.4650000000000000799 ) ) ;
#2025 = DIRECTION ( 'NONE',  ( 0.4999999999999903966, -0.8660254037844442587, 0.000000000000000000 ) ) ;
#2026 = DIRECTION ( 'NONE',  ( -1.000000000000000000, 0.000000000000000000, 0.000000000000000000 ) ) ;
#2027 = CARTESIAN_POINT ( 'NONE',  ( -1.484346610447648818, -0.1713516890186514152, 0.2499999999999998612 ) ) ;
#2028 = CARTESIAN_POINT ( 'NONE',  ( -2.265624999999998668, 0.2790714234295562646, 0.2600000000000002309 ) ) ;
#2029 = ORIENTED_EDGE ( 'NONE', *, *, #3690, .T. ) ;
#2030 = AXIS2_PLACEMENT_3D ( 'NONE', #8597, #3427, #1396 ) ;
#2031 = VECTOR ( 'NONE', #9307, 39.37007874015748143 ) ;
#2032 = EDGE_LOOP ( 'NONE', ( #8228, #887, #4022, #1418 ) ) ;
#2033 = ORIENTED_EDGE ( 'NONE', *, *, #1534, .F. ) ;
#2034 = ORIENTED_EDGE ( 'NONE', *, *, #1011, .F. ) ;
#2035 = CARTESIAN_POINT ( 'NONE',  ( -2.812500000000023093, -0.09021097956089567382, 0.2500000000000000555 ) ) ;
#2036 = DIRECTION ( 'NONE',  ( -0.000000000000000000, -0.000000000000000000, -1.000000000000000000 ) ) ;
#2037 = EDGE_CURVE ( 'NONE', #7755, #1810, #6355, .T. ) ;
#2038 = VERTEX_POINT ( 'NONE', #4920 ) ;
#2039 = DIRECTION ( 'NONE',  ( -0.8660254037844659081, 0.4999999999999527045, 0.000000000000000000 ) ) ;
#2040 = FACE_OUTER_BOUND ( 'NONE', #3779, .T. ) ;
#2041 = FACE_OUTER_BOUND ( 'NONE', #1936, .T. ) ;
#2042 = ORIENTED_EDGE ( 'NONE', *, *, #7663, .T. ) ;
#2043 = CARTESIAN_POINT ( 'NONE',  ( 0.000000000000000000, -0.3012499999999982969, 0.000000000000000000 ) ) ;
#2044 = CONICAL_SURFACE ( 'NONE', #4479, 0.1124999999999999611, 0.7155849933176740008 ) ;
#2045 = CARTESIAN_POINT ( 'NONE',  ( 1.851621079396632341, 0.3415702208528278994, 0.6049424654863826412 ) ) ;
#2046 = FACE_OUTER_BOUND ( 'NONE', #3891, .T. ) ;
#2047 = DIRECTION ( 'NONE',  ( -0.000000000000000000, -0.000000000000000000, -1.000000000000000000 ) ) ;
#2048 = DIRECTION ( 'NONE',  ( 0.000000000000000000, 0.000000000000000000, 1.000000000000000000 ) ) ;
#2049 = EDGE_CURVE ( 'NONE', #6195, #363, #1349, .T. ) ;
#2050 = EDGE_LOOP ( 'NONE', ( #6104, #7114, #1934, #7672, #3072 ) ) ;
#2051 = DIRECTION ( 'NONE',  ( 0.000000000000000000, 0.000000000000000000, 1.000000000000000000 ) ) ;
#2052 = VERTEX_POINT ( 'NONE', #3428 ) ;
#2053 = VERTEX_POINT ( 'NONE', #9306 ) ;
#2054 = ORIENTED_EDGE ( 'NONE', *, *, #4753, .T. ) ;
#2055 = DIRECTION ( 'NONE',  ( -1.000000000000000000, 0.000000000000000000, 0.000000000000000000 ) ) ;
#2056 = UNCERTAINTY_MEASURE_WITH_UNIT (LENGTH_MEASURE( 1.000000000000000082E-05 ), #6047, 'distance_accuracy_value', 'NONE');
#2057 = PLANE ( 'NONE',  #3697 ) ;
#2058 = FACE_OUTER_BOUND ( 'NONE', #8125, .T. ) ;
#2059 = DIRECTION ( 'NONE',  ( 0.000000000000000000, 0.000000000000000000, 1.000000000000000000 ) ) ;
#2060 = EDGE_CURVE ( 'NONE', #4617, #4939, #2858, .T. ) ;
#2061 = EDGE_CURVE ( 'NONE', #6842, #1962, #5106, .T. ) ;
#2062 = ORIENTED_EDGE ( 'NONE', *, *, #8462, .T. ) ;
#2063 = ORIENTED_EDGE ( 'NONE', *, *, #4030, .F. ) ;
#2064 = DIRECTION ( 'NONE',  ( -1.000000000000000000, -0.000000000000000000, 4.560754576643555576E-16 ) ) ;
#2065 = CARTESIAN_POINT ( 'NONE',  ( 2.125000000000000000, 0.000000000000000000, 0.7350000000000006528 ) ) ;
#2066 = VERTEX_POINT ( 'NONE', #6701 ) ;
#2067 = AXIS2_PLACEMENT_3D ( 'NONE', #7174, #9429, #1322 ) ;
#2068 = FACE_OUTER_BOUND ( 'NONE', #5078, .T. ) ;
#2069 = CYLINDRICAL_SURFACE ( 'NONE', #3957, 0.06424999999999990441 ) ;
#2070 = CARTESIAN_POINT ( 'NONE',  ( -2.125000000000000000, 0.000000000000000000, 0.000000000000000000 ) ) ;
#2071 = DIRECTION ( 'NONE',  ( -1.000000000000000000, 0.000000000000000000, 0.000000000000000000 ) ) ;
#2072 = EDGE_CURVE ( 'NONE', #7116, #4961, #3671, .T. ) ;
#2073 = EDGE_CURVE ( 'NONE', #7423, #9104, #3937, .T. ) ;
#2074 = CYLINDRICAL_SURFACE ( 'NONE', #2381, 0.2500000000000000000 ) ;
#2075 = CIRCLE ( 'NONE', #7440, 0.06424999999999973788 ) ;
#2076 = CARTESIAN_POINT ( 'NONE',  ( -1.824799798107692439, -0.4800379978800762282, 0.5999999999999999778 ) ) ;
#2077 = CARTESIAN_POINT ( 'NONE',  ( -2.255624999999998881, 0.2838896957886962169, 0.2500000000000000555 ) ) ;
#2078 = EDGE_LOOP ( 'NONE', ( #947, #8661, #6169, #8517 ) ) ;
#2079 = VECTOR ( 'NONE', #2716, 39.37007874015748143 ) ;
#2080 = EDGE_LOOP ( 'NONE', ( #5789, #6251, #2611, #5369 ) ) ;
#2081 = CARTESIAN_POINT ( 'NONE',  ( -2.223346062651749389, -0.4263122719359546120, 0.8160814793539353795 ) ) ;
#2082 = DIRECTION ( 'NONE',  ( 0.000000000000000000, 0.000000000000000000, 1.000000000000000000 ) ) ;
#2083 = EDGE_LOOP ( 'NONE', ( #3572, #7017, #5109, #6161, #4897 ) ) ;
#2084 = FILL_AREA_STYLE ('',( #5856 ) ) ;
#2085 = CIRCLE ( 'NONE', #8837, 0.2500000000000001110 ) ;
#2086 = AXIS2_PLACEMENT_3D ( 'NONE', #9209, #2626, #7774 ) ;
#2087 = PLANE ( 'NONE',  #6667 ) ;
#2088 = CARTESIAN_POINT ( 'NONE',  ( -1.693960409374950515, 0.07547606997295899789, 0.8460649621165567957 ) ) ;
#2089 = EDGE_LOOP ( 'NONE', ( #7152, #2528, #5648, #2963 ) ) ;
#2090 = CARTESIAN_POINT ( 'NONE',  ( 1.710327891682111856, 0.1394750607929389485, 0.9499999999999999556 ) ) ;
#2091 = CIRCLE ( 'NONE', #4988, 0.2824999999999992517 ) ;
#2092 = VECTOR ( 'NONE', #3554, 39.37007874015748854 ) ;
#2093 = CARTESIAN_POINT ( 'NONE',  ( 1.852330327435618873, 0.3421410313133632086, 0.5902205864558645043 ) ) ;
#2094 = DIRECTION ( 'NONE',  ( 1.000000000000000000, -8.405686134351793218E-15, -0.000000000000000000 ) ) ;
#2095 = FACE_OUTER_BOUND ( 'NONE', #2080, .T. ) ;
#2096 = CARTESIAN_POINT ( 'NONE',  ( -2.447027439032297469, 0.6139339784872813732, 0.8122190699021961668 ) ) ;
#2097 = EDGE_LOOP ( 'NONE', ( #3511, #3114, #6458, #8014, #3364, #7245 ) ) ;
#2098 = DIRECTION ( 'NONE',  ( -0.000000000000000000, -0.000000000000000000, 1.000000000000000000 ) ) ;
#2099 = VERTEX_POINT ( 'NONE', #7286 ) ;
#2100 = VECTOR ( 'NONE', #4109, 39.37007874015748854 ) ;
#2101 = VERTEX_POINT ( 'NONE', #866 ) ;
#2102 = CIRCLE ( 'NONE', #2557, 0.01000000000000002970 ) ;
#2103 = EDGE_CURVE ( 'NONE', #2325, #7569, #2251, .T. ) ;
#2104 = ORIENTED_EDGE ( 'NONE', *, *, #2734, .T. ) ;
#2105 = CARTESIAN_POINT ( 'NONE',  ( 1.984375000000009548, 0.6404979548822712365, 0.5357500000000000595 ) ) ;
#2106 = DIRECTION ( 'NONE',  ( -0.000000000000000000, 1.000000000000000000, -0.000000000000000000 ) ) ;
#2107 = AXIS2_PLACEMENT_3D ( 'NONE', #3740, #3701, #6776 ) ;
#2108 = CONICAL_SURFACE ( 'NONE', #1649, 0.2174999999999992217, 0.7853981633974437271 ) ;
#2109 = FACE_OUTER_BOUND ( 'NONE', #7349, .T. ) ;
#2110 = CARTESIAN_POINT ( 'NONE',  ( -1.857131350946074733, -0.3170337998483052644, 0.6999999999999999556 ) ) ;
#2111 = VERTEX_POINT ( 'NONE', #727 ) ;
#2112 = ORIENTED_EDGE ( 'NONE', *, *, #6524, .F. ) ;
#2113 = DIRECTION ( 'NONE',  ( 0.000000000000000000, -0.000000000000000000, -1.000000000000000000 ) ) ;
#2114 = DIRECTION ( 'NONE',  ( -0.000000000000000000, -0.000000000000000000, 1.000000000000000000 ) ) ;
#2115 = EDGE_LOOP ( 'NONE', ( #2299, #2916, #2004 ) ) ;
#2116 = CIRCLE ( 'NONE', #7488, 0.06425000000000000155 ) ;
#2117 = VECTOR ( 'NONE', #9420, 39.37007874015748143 ) ;
#2118 = ORIENTED_EDGE ( 'NONE', *, *, #9334, .T. ) ;
#2119 = ADVANCED_FACE ( 'NONE', ( #7339 ), #4439, .F. ) ;
#2120 = EDGE_CURVE ( 'NONE', #85, #1961, #5201, .T. ) ;
#2121 = DIRECTION ( 'NONE',  ( 0.4999999999999512057, -0.8660254037844667963, 0.000000000000000000 ) ) ;
#2122 = CARTESIAN_POINT ( 'NONE',  ( 2.453125000000005329, 0.6256043137924175435, 0.7849999999999999201 ) ) ;
#2123 = DIRECTION ( 'NONE',  ( 0.5000000000000013323, -0.8660254037844379305, 0.000000000000000000 ) ) ;
#2124 = DIRECTION ( 'NONE',  ( -0.2588190451024698358, 0.9659258262890819680, 0.000000000000000000 ) ) ;
#2125 = VECTOR ( 'NONE', #1170, 39.37007874015748143 ) ;
#2126 = FACE_OUTER_BOUND ( 'NONE', #8020, .T. ) ;
#2127 = DIRECTION ( 'NONE',  ( -0.000000000000000000, -1.000000000000000000, -0.000000000000000000 ) ) ;
#2128 = ORIENTED_EDGE ( 'NONE', *, *, #7548, .T. ) ;
#2129 = AXIS2_PLACEMENT_3D ( 'NONE', #6025, #5300, #5256 ) ;
#2130 = EDGE_CURVE ( 'NONE', #7408, #2921, #5063, .T. ) ;
#2131 = ORIENTED_EDGE ( 'NONE', *, *, #2630, .F. ) ;
#2132 = EDGE_LOOP ( 'NONE', ( #4925, #8522, #3502, #8531 ) ) ;
#2133 = CARTESIAN_POINT ( 'NONE',  ( -1.697530669083564092, 0.09361285719755493839, 0.3592211982275868576 ) ) ;
#2134 = EDGE_CURVE ( 'NONE', #8111, #2304, #3013, .T. ) ;
#2135 = DIRECTION ( 'NONE',  ( 0.000000000000000000, 0.000000000000000000, -1.000000000000000000 ) ) ;
#2136 = EDGE_LOOP ( 'NONE', ( #1323, #5014, #7507, #5490 ) ) ;
#2137 = DIRECTION ( 'NONE',  ( 0.5000000000000039968, 0.8660254037844362651, -0.000000000000000000 ) ) ;
#2138 = CARTESIAN_POINT ( 'NONE',  ( 1.813004557839720920, -0.01775088930758956032, 0.2600000000000002309 ) ) ;
#2139 = CARTESIAN_POINT ( 'NONE',  ( 2.546874999999995559, -0.5502869753213701642, 0.9499999999999999556 ) ) ;
#2140 = DIRECTION ( 'NONE',  ( 0.8660254037844363761, 0.5000000000000041078, -0.000000000000000000 ) ) ;
#2141 = EDGE_CURVE ( 'NONE', #3717, #2066, #1346, .T. ) ;
#2142 = EDGE_LOOP ( 'NONE', ( #1898, #3368, #5283, #5255, #1793 ) ) ;
#2143 = CARTESIAN_POINT ( 'NONE',  ( -1.306874999999987574, 0.000000000000000000, 0.1944947243515862401 ) ) ;
#2144 = AXIS2_PLACEMENT_3D ( 'NONE', #2999, #5872, #3711 ) ;
#2145 = LINE ( 'NONE', #9395, #6540 ) ;
#2146 = PLANE ( 'NONE',  #469 ) ;
#2147 = DIRECTION ( 'NONE',  ( -0.8660254037844133945, -0.5000000000000437428, 1.884033099078697832E-15 ) ) ;
#2148 = DIRECTION ( 'NONE',  ( 0.3535533905932417009, -0.6123724356958162307, 0.7071067811865449082 ) ) ;
#2149 = VERTEX_POINT ( 'NONE', #3001 ) ;
#2150 = ORIENTED_EDGE ( 'NONE', *, *, #4460, .F. ) ;
#2151 = FACE_OUTER_BOUND ( 'NONE', #3392, .T. ) ;
#2152 = EDGE_LOOP ( 'NONE', ( #5692, #2628, #6436, #5989, #231, #10, #3166, #4443, #8250, #5966, #1664, #1624, #5896, #3451, #7478, #5077, #7369 ) ) ;
#2153 = VECTOR ( 'NONE', #8148, 39.37007874015748143 ) ;
#2154 = ORIENTED_EDGE ( 'NONE', *, *, #2365, .F. ) ;
#2155 = ORIENTED_EDGE ( 'NONE', *, *, #4620, .T. ) ;
#2156 = CARTESIAN_POINT ( 'NONE',  ( 1.437499999999994893, -0.09021097956086808478, 0.4650000000000000799 ) ) ;
#2157 = CARTESIAN_POINT ( 'NONE',  ( -2.298124999999998419, 0.3904979548822426483, 0.6999999999999999556 ) ) ;
#2158 = DIRECTION ( 'NONE',  ( -0.000000000000000000, -0.000000000000000000, -1.000000000000000000 ) ) ;
#2159 = DIRECTION ( 'NONE',  ( -0.000000000000000000, -0.000000000000000000, 1.000000000000000000 ) ) ;
#2160 = VERTEX_POINT ( 'NONE', #4343 ) ;
#2161 = VERTEX_POINT ( 'NONE', #6 ) ;
#2162 = ADVANCED_FACE ( 'NONE', ( #2109 ), #2914, .T. ) ;
#2163 = CARTESIAN_POINT ( 'NONE',  ( 1.956752361437507526, -0.4038551499215299323, 2.731847993664263218E-16 ) ) ;
#2164 = CARTESIAN_POINT ( 'NONE',  ( 2.397669672564383347, 0.3421410313133604331, 0.6097794135441129137 ) ) ;
#2165 = ORIENTED_EDGE ( 'NONE', *, *, #9239, .T. ) ;
#2166 = CARTESIAN_POINT ( 'NONE',  ( 1.873381350946074386, -0.3451796254712989898, 0.6999999999999999556 ) ) ;
#2167 = CARTESIAN_POINT ( 'NONE',  ( 2.265625000000000000, 0.6079979548822433966, 0.6999999999999999556 ) ) ;
#2168 = CARTESIAN_POINT ( 'NONE',  ( 1.635624999999970353, -0.4333735458104704397, 0.2174999999999991107 ) ) ;
#2169 = DIRECTION ( 'NONE',  ( 0.7071067811865260344, -0.7071067811865691111, 0.000000000000000000 ) ) ;
#2170 = AXIS2_PLACEMENT_3D ( 'NONE', #8629, #2001, #4095 ) ;
#2171 = EDGE_CURVE ( 'NONE', #6339, #2714, #4483, .T. ) ;
#2172 = CARTESIAN_POINT ( 'NONE',  ( 1.984375000000010880, 0.6079979548822664892, 0.5357500000000000595 ) ) ;
#2173 = CARTESIAN_POINT ( 'NONE',  ( -1.656874999999972786, -0.4701796254713134227, 0.2599999999999999534 ) ) ;
#2174 = CIRCLE ( 'NONE', #7392, 0.5000000000000000000 ) ;
#2175 = VERTEX_POINT ( 'NONE', #8831 ) ;
#2176 = DIRECTION ( 'NONE',  ( 0.000000000000000000, 0.000000000000000000, 1.000000000000000000 ) ) ;
#2177 = DIRECTION ( 'NONE',  ( 0.000000000000000000, 0.000000000000000000, 1.000000000000000000 ) ) ;
#2178 = EDGE_CURVE ( 'NONE', #8790, #6614, #5154, .T. ) ;
#2179 = EDGE_CURVE ( 'NONE', #1486, #6034, #8740, .T. ) ;
#2180 = ORIENTED_EDGE ( 'NONE', *, *, #5933, .F. ) ;
#2181 = VECTOR ( 'NONE', #3962, 39.37007874015748143 ) ;
#2182 = LINE ( 'NONE', #2894, #3303 ) ;
#2183 = DIRECTION ( 'NONE',  ( -0.8660254037844667963, -0.4999999999999512057, -0.000000000000000000 ) ) ;
#2184 = FACE_OUTER_BOUND ( 'NONE', #6666, .T. ) ;
#2185 = CARTESIAN_POINT ( 'NONE',  ( 2.442744587066288720, 0.3007615618774220345, 0.3802642447046674645 ) ) ;
#2186 = DIRECTION ( 'NONE',  ( 0.8660254037844348218, -0.5000000000000067724, -0.000000000000000000 ) ) ;
#2187 = CARTESIAN_POINT ( 'NONE',  ( 2.593124999999999680, -0.4701796254713037637, 0.2599999999999999534 ) ) ;
#2188 = CARTESIAN_POINT ( 'NONE',  ( -2.265624999999998668, 0.2790714234295562646, 0.9175000000000007594 ) ) ;
#2189 = CARTESIAN_POINT ( 'NONE',  ( 2.425200201892211638, -0.4800379978802461478, 0.5999999999999999778 ) ) ;
#2190 = DIRECTION ( 'NONE',  ( 1.000000000000000000, 0.000000000000000000, -3.316912419377130073E-16 ) ) ;
#2191 = EDGE_CURVE ( 'NONE', #5769, #339, #4297, .T. ) ;
#2192 = VERTEX_POINT ( 'NONE', #3713 ) ;
#2193 = CARTESIAN_POINT ( 'NONE',  ( -2.125000000000000000, 0.000000000000000000, 0.000000000000000000 ) ) ;
#2194 = EDGE_CURVE ( 'NONE', #8505, #2038, #5001, .T. ) ;
#2195 = EDGE_LOOP ( 'NONE', ( #5826, #146, #2435, #3707, #3169 ) ) ;
#2196 = APPLICATION_CONTEXT ( 'automotive_design' ) ;
#2197 = ORIENTED_EDGE ( 'NONE', *, *, #1556, .F. ) ;
#2198 = ORIENTED_EDGE ( 'NONE', *, *, #5846, .T. ) ;
#2199 = CARTESIAN_POINT ( 'NONE',  ( 2.257663553004292112, -0.4170057285111467560, 0.3592211982275868021 ) ) ;
#2200 = DIRECTION ( 'NONE',  ( 0.8660254037843999608, -0.5000000000000667244, 0.000000000000000000 ) ) ;
#2201 = CARTESIAN_POINT ( 'NONE',  ( 2.390625000000005329, 0.3476343040825998765, 0.9499999999999999556 ) ) ;
#2202 = FACE_OUTER_BOUND ( 'NONE', #4894, .T. ) ;
#2203 = ORIENTED_EDGE ( 'NONE', *, *, #4315, .T. ) ;
#2204 = AXIS2_PLACEMENT_3D ( 'NONE', #8298, #4520, #4472 ) ;
#2205 = VERTEX_POINT ( 'NONE', #683 ) ;
#2206 = DIRECTION ( 'NONE',  ( 3.224940488472267624E-16, 0.7071067811865415775, 0.7071067811865535679 ) ) ;
#2207 = DIRECTION ( 'NONE',  ( -0.6123724356957922499, 0.3535533905932735643, 0.7071067811865493491 ) ) ;
#2208 = VERTEX_POINT ( 'NONE', #3575 ) ;
#2209 = VECTOR ( 'NONE', #4361, 39.37007874015748143 ) ;
#2210 = DIRECTION ( 'NONE',  ( -0.000000000000000000, -0.000000000000000000, 1.000000000000000000 ) ) ;
#2211 = CARTESIAN_POINT ( 'NONE',  ( -2.601910219341328379, -0.2382494887205698075, 0.1944947243515862401 ) ) ;
#2212 = CARTESIAN_POINT ( 'NONE',  ( 2.125000000000000000, 0.000000000000000000, 0.9499999999999999556 ) ) ;
#2213 = LINE ( 'NONE', #8798, #350 ) ;
#2214 = DIRECTION ( 'NONE',  ( 0.000000000000000000, 0.000000000000000000, -1.000000000000000000 ) ) ;
#2215 = VECTOR ( 'NONE', #323, 39.37007874015748143 ) ;
#2216 = FACE_OUTER_BOUND ( 'NONE', #5088, .T. ) ;
#2217 = ORIENTED_EDGE ( 'NONE', *, *, #200, .F. ) ;
#2218 = CARTESIAN_POINT ( 'NONE',  ( 0.000000000000000000, 0.000000000000000000, 0.000000000000000000 ) ) ;
#2219 = VERTEX_POINT ( 'NONE', #6508 ) ;
#2220 = EDGE_CURVE ( 'NONE', #6834, #4521, #3920, .T. ) ;
#2221 = EDGE_CURVE ( 'NONE', #4774, #2325, #9112, .T. ) ;
#2222 = DIRECTION ( 'NONE',  ( 0.000000000000000000, 0.000000000000000000, 1.000000000000000000 ) ) ;
#2223 = AXIS2_PLACEMENT_3D ( 'NONE', #3063, #7889, #6374 ) ;
#2224 = DIRECTION ( 'NONE',  ( 0.000000000000000000, 0.000000000000000000, 1.000000000000000000 ) ) ;
#2225 = ORIENTED_EDGE ( 'NONE', *, *, #4579, .T. ) ;
#2226 = PRESENTATION_STYLE_ASSIGNMENT (( #8812 ) ) ;
#2227 = CARTESIAN_POINT ( 'NONE',  ( 1.656874999999970566, -0.4701796254713097589, 0.6999999999999999556 ) ) ;
#2228 = DIRECTION ( 'NONE',  ( 0.8660254037844441477, -0.4999999999999903411, 0.000000000000000000 ) ) ;
#2229 = CARTESIAN_POINT ( 'NONE',  ( 2.435001876923102770, 0.3087421168615365752, 0.3708185898269266700 ) ) ;
#2230 = AXIS2_PLACEMENT_3D ( 'NONE', #4098, #1202, #1339 ) ;
#2231 = EDGE_CURVE ( 'NONE', #1276, #5682, #121, .T. ) ;
#2232 = EDGE_CURVE ( 'NONE', #4156, #8518, #8971, .T. ) ;
#2233 = ADVANCED_FACE ( 'NONE', ( #4721 ), #6063, .F. ) ;
#2234 = FACE_OUTER_BOUND ( 'NONE', #4718, .T. ) ;
#2235 = CARTESIAN_POINT ( 'NONE',  ( -2.125000000000000000, 0.000000000000000000, 0.2500000000000000555 ) ) ;
#2236 = LINE ( 'NONE', #6873, #8465 ) ;
#2237 = CIRCLE ( 'NONE', #7766, 0.06425000000000000155 ) ;
#2238 = DIRECTION ( 'NONE',  ( 0.000000000000000000, 0.000000000000000000, 1.000000000000000000 ) ) ;
#2239 = ORIENTED_EDGE ( 'NONE', *, *, #1938, .T. ) ;
#2240 = CARTESIAN_POINT ( 'NONE',  ( -2.390625000000005329, 0.3476343040825998765, 0.2500000000000000555 ) ) ;
#2241 = VERTEX_POINT ( 'NONE', #5342 ) ;
#2242 = ORIENTED_EDGE ( 'NONE', *, *, #7548, .F. ) ;
#2243 = ORIENTED_EDGE ( 'NONE', *, *, #8363, .F. ) ;
#2244 = AXIS2_PLACEMENT_3D ( 'NONE', #6620, #23, #3077 ) ;
#2245 = AXIS2_PLACEMENT_3D ( 'NONE', #8287, #272, #5413 ) ;
#2246 = EDGE_CURVE ( 'NONE', #6772, #1476, #1047, .T. ) ;
#2247 = ORIENTED_EDGE ( 'NONE', *, *, #8251, .T. ) ;
#2248 = EDGE_CURVE ( 'NONE', #8944, #7045, #9071, .T. ) ;
#2249 = LINE ( 'NONE', #5149, #6418 ) ;
#2250 = DIRECTION ( 'NONE',  ( 0.000000000000000000, 0.000000000000000000, -1.000000000000000000 ) ) ;
#2251 = LINE ( 'NONE', #150, #8875 ) ;
#2252 = DIRECTION ( 'NONE',  ( 1.000000000000000000, 0.000000000000000000, 0.000000000000000000 ) ) ;
#2253 = EDGE_LOOP ( 'NONE', ( #336, #9341, #7779, #5240, #7983 ) ) ;
#2254 = AXIS2_PLACEMENT_3D ( 'NONE', #2448, #1827, #7690 ) ;
#2255 = DIRECTION ( 'NONE',  ( -0.4999999999999923395, 0.8660254037844429265, -0.000000000000000000 ) ) ;
#2256 = EDGE_CURVE ( 'NONE', #4762, #3216, #9024, .T. ) ;
#2257 = VECTOR ( 'NONE', #5590, 39.37007874015748854 ) ;
#2258 = VERTEX_POINT ( 'NONE', #5386 ) ;
#2259 = FILL_AREA_STYLE_COLOUR ( '', #8249 ) ;
#2260 = CARTESIAN_POINT ( 'NONE',  ( 2.515624999999995559, -0.6044135630578968410, 0.4150000000000000910 ) ) ;
#2261 = AXIS2_PLACEMENT_3D ( 'NONE', #7535, #4440, #2252 ) ;
#2262 = VECTOR ( 'NONE', #1009, 39.37007874015748854 ) ;
#2263 = ORIENTED_EDGE ( 'NONE', *, *, #1169, .F. ) ;
#2264 = VECTOR ( 'NONE', #4660, 39.37007874015748143 ) ;
#2265 = DIRECTION ( 'NONE',  ( -0.4999999999999972800, -0.8660254037844402619, 2.280377288321765462E-16 ) ) ;
#2266 = CARTESIAN_POINT ( 'NONE',  ( 0.000000000000000000, -0.2687500000000004885, 0.000000000000000000 ) ) ;
#2267 = DIRECTION ( 'NONE',  ( 0.4999999999999923950, 0.8660254037844430375, 0.000000000000000000 ) ) ;
#2268 = CARTESIAN_POINT ( 'NONE',  ( -2.426142109039915340, 0.3173942674392695729, 0.8365655606850087578 ) ) ;
#2269 = CARTESIAN_POINT ( 'NONE',  ( -2.628325201892208085, -0.1282151775928198345, 0.5999999999999999778 ) ) ;
#2270 = VECTOR ( 'NONE', #5291, 39.37007874015748143 ) ;
#2271 = FACE_OUTER_BOUND ( 'NONE', #8325, .T. ) ;
#2272 = CONICAL_SURFACE ( 'NONE', #8404, 0.04249999999999893446, 0.7853981633974441712 ) ;
#2273 = VECTOR ( 'NONE', #7403, 39.37007874015748854 ) ;
#2274 = DIRECTION ( 'NONE',  ( -0.6499998807689768565, -0.7071067811865520136, 0.2783884965301355874 ) ) ;
#2275 = ORIENTED_EDGE ( 'NONE', *, *, #6069, .T. ) ;
#2276 = ORIENTED_EDGE ( 'NONE', *, *, #548, .T. ) ;
#2277 = CARTESIAN_POINT ( 'NONE',  ( -2.190312499999974349, 0.1131245683693123810, 0.2500000000000000555 ) ) ;
#2278 = AXIS2_PLACEMENT_3D ( 'NONE', #2682, #1837, #1127 ) ;
#2279 = AXIS2_PLACEMENT_3D ( 'NONE', #8549, #4877, #539 ) ;
#2280 = CIRCLE ( 'NONE', #7332, 1.020000000000000018 ) ;
#2281 = CARTESIAN_POINT ( 'NONE',  ( -2.255625000000000213, 0.6404979548822493651, 0.2600000000000000089 ) ) ;
#2282 = VERTEX_POINT ( 'NONE', #1622 ) ;
#2283 = VECTOR ( 'NONE', #830, 39.37007874015748143 ) ;
#2284 = CARTESIAN_POINT ( 'NONE',  ( 1.710327891682111856, 0.1394750607929389485, 0.9499999999999999556 ) ) ;
#2285 = CARTESIAN_POINT ( 'NONE',  ( 0.000000000000000000, 0.2687499999999965472, 0.000000000000000000 ) ) ;
#2286 = EDGE_CURVE ( 'NONE', #6407, #197, #4071, .T. ) ;
#2287 = CARTESIAN_POINT ( 'NONE',  ( 2.546874999999995559, -0.5502869753213696091, 0.7350000000000000977 ) ) ;
#2288 = CARTESIAN_POINT ( 'NONE',  ( 2.398373149454037456, 0.3417139959468459831, 0.3525000000000004796 ) ) ;
#2289 = ORIENTED_EDGE ( 'NONE', *, *, #1785, .T. ) ;
#2290 = DIRECTION ( 'NONE',  ( 0.000000000000000000, 1.000000000000000000, 0.000000000000000000 ) ) ;
#2291 = CARTESIAN_POINT ( 'NONE',  ( -2.390625000000005773, 0.6404979548822425928, 0.2500000000000000555 ) ) ;
#2292 = CARTESIAN_POINT ( 'NONE',  ( 2.125000000000000000, 0.4764989774411177437, 0.000000000000000000 ) ) ;
#2293 = VERTEX_POINT ( 'NONE', #1768 ) ;
#2294 = LINE ( 'NONE', #2240, #6982 ) ;
#2295 = ORIENTED_EDGE ( 'NONE', *, *, #8808, .T. ) ;
#2296 = EDGE_CURVE ( 'NONE', #1245, #1340, #3466, .T. ) ;
#2297 = ADVANCED_FACE ( 'NONE', ( #3807, #5248 ), #2344, .F. ) ;
#2298 = AXIS2_PLACEMENT_3D ( 'NONE', #6449, #1999, #480 ) ;
#2299 = ORIENTED_EDGE ( 'NONE', *, *, #3352, .T. ) ;
#2300 = DIRECTION ( 'NONE',  ( -0.000000000000000000, -0.000000000000000000, 1.000000000000000000 ) ) ;
#2301 = DIRECTION ( 'NONE',  ( -7.212078703273654423E-14, -1.000000000000000000, 0.000000000000000000 ) ) ;
#2302 = DIRECTION ( 'NONE',  ( -4.535261055593764468E-14, -1.000000000000000000, -0.000000000000000000 ) ) ;
#2303 = CARTESIAN_POINT ( 'NONE',  ( -2.628325201892208085, -0.1282151775928198345, 0.5999999999999999778 ) ) ;
#2304 = VERTEX_POINT ( 'NONE', #6014 ) ;
#2305 = VECTOR ( 'NONE', #2847, 39.37007874015748854 ) ;
#2306 = CARTESIAN_POINT ( 'NONE',  ( -2.125000000000000000, 0.000000000000000000, 0.4649999999999993583 ) ) ;
#2307 = ORIENTED_EDGE ( 'NONE', *, *, #1668, .T. ) ;
#2308 = EDGE_CURVE ( 'NONE', #6993, #4049, #8857, .T. ) ;
#2309 = EDGE_CURVE ( 'NONE', #5870, #5421, #965, .T. ) ;
#2310 = CARTESIAN_POINT ( 'NONE',  ( 2.436995442160277303, -0.01775088930761715283, 0.2600000000000002309 ) ) ;
#2311 = ORIENTED_EDGE ( 'NONE', *, *, #4489, .F. ) ;
#2312 = FACE_OUTER_BOUND ( 'NONE', #2032, .T. ) ;
#2313 = CARTESIAN_POINT ( 'NONE',  ( 2.453125000000210498, 0.2893790496474515916, 0.7849999999997243627 ) ) ;
#2314 = ORIENTED_EDGE ( 'NONE', *, *, #9107, .F. ) ;
#2315 = CARTESIAN_POINT ( 'NONE',  ( -2.265625000000000000, 0.6079979548822475044, 0.5357500000000000595 ) ) ;
#2316 = DIRECTION ( 'NONE',  ( -0.8660254037844348218, 0.5000000000000066613, 0.000000000000000000 ) ) ;
#2317 = CARTESIAN_POINT ( 'NONE',  ( -2.125000000000000000, 0.000000000000000000, 0.9499999999999999556 ) ) ;
#2318 = ADVANCED_FACE ( 'NONE', ( #6845 ), #6745, .F. ) ;
#2319 = DIRECTION ( 'NONE',  ( -8.792154462367709090E-15, 1.000000000000000000, 0.000000000000000000 ) ) ;
#2320 = EDGE_CURVE ( 'NONE', #7802, #5175, #4689, .T. ) ;
#2321 = FACE_OUTER_BOUND ( 'NONE', #8036, .T. ) ;
#2322 = ORIENTED_EDGE ( 'NONE', *, *, #4861, .T. ) ;
#2323 = FACE_BOUND ( 'NONE', #5368, .T. ) ;
#2324 = CIRCLE ( 'NONE', #7694, 0.2500000000000000000 ) ;
#2325 = VERTEX_POINT ( 'NONE', #299 ) ;
#2326 = CARTESIAN_POINT ( 'NONE',  ( 2.281250000000000000, 0.2706329386826341610, 0.9499999999999999556 ) ) ;
#2327 = FACE_OUTER_BOUND ( 'NONE', #4643, .T. ) ;
#2328 = CARTESIAN_POINT ( 'NONE',  ( 2.296370442160278635, -0.2613205341219645983, 0.9175000000000006484 ) ) ;
#2329 = AXIS2_PLACEMENT_3D ( 'NONE', #2189, #6089, #1470 ) ;
#2330 = CARTESIAN_POINT ( 'NONE',  ( 2.595993649053903063, 0.03478902043908663894, 0.6999999999999999556 ) ) ;
#2331 = ORIENTED_EDGE ( 'NONE', *, *, #5370, .T. ) ;
#2332 = CYLINDRICAL_SURFACE ( 'NONE', #1063, 0.009999999999999892655 ) ;
#2333 = DIRECTION ( 'NONE',  ( -0.000000000000000000, -1.000000000000000000, -0.000000000000000000 ) ) ;
#2334 = VECTOR ( 'NONE', #9081, 39.37007874015748854 ) ;
#2335 = CARTESIAN_POINT ( 'NONE',  ( -2.690825201892120155, -0.01996200211991486922, 0.5999999999999999778 ) ) ;
#2336 = ORIENTED_EDGE ( 'NONE', *, *, #2606, .T. ) ;
#2337 = EDGE_LOOP ( 'NONE', ( #4490, #6065, #852, #8417 ) ) ;
#2338 = CARTESIAN_POINT ( 'NONE',  ( -2.296370442160278635, -0.2613205341219645983, 0.2600000000000002309 ) ) ;
#2339 = ORIENTED_EDGE ( 'NONE', *, *, #3105, .T. ) ;
#2340 = ORIENTED_EDGE ( 'NONE', *, *, #4326, .F. ) ;
#2341 = EDGE_CURVE ( 'NONE', #4126, #7619, #3854, .T. ) ;
#2342 = CARTESIAN_POINT ( 'NONE',  ( 2.125000000000000000, 0.000000000000000000, 0.7350000000000006528 ) ) ;
#2343 = DIRECTION ( 'NONE',  ( 0.000000000000000000, -0.7071067811865493491, -0.7071067811865456854 ) ) ;
#2344 = PLANE ( 'NONE',  #9007 ) ;
#2345 = CARTESIAN_POINT ( 'NONE',  ( 2.495027466214037926, -0.5833721649176392132, 0.8157121042078545603 ) ) ;
#2346 = ORIENTED_EDGE ( 'NONE', *, *, #5273, .F. ) ;
#2347 = FACE_OUTER_BOUND ( 'NONE', #5196, .T. ) ;
#2348 = EDGE_LOOP ( 'NONE', ( #1065, #7635, #8223, #5205 ) ) ;
#2349 = CARTESIAN_POINT ( 'NONE',  ( -1.813077364016591808, -0.01910481914323328145, 0.2545603832415577195 ) ) ;
#2350 = EDGE_LOOP ( 'NONE', ( #8615, #5405, #3613, #999 ) ) ;
#2351 = EDGE_CURVE ( 'NONE', #5878, #381, #8925, .T. ) ;
#2352 = EDGE_CURVE ( 'NONE', #491, #3145, #2483, .T. ) ;
#2353 = CARTESIAN_POINT ( 'NONE',  ( 2.125000000000000000, 0.3904979548822426483, 0.6999999999999999556 ) ) ;
#2354 = CARTESIAN_POINT ( 'NONE',  ( 2.390625000000005773, 0.3476343040825996544, 0.8474999999999995870 ) ) ;
#2355 = VERTEX_POINT ( 'NONE', #4141 ) ;
#2356 = CIRCLE ( 'NONE', #4176, 0.06424999999999979339 ) ;
#2357 = DIRECTION ( 'NONE',  ( 0.000000000000000000, 0.000000000000000000, -1.000000000000000000 ) ) ;
#2358 = DIRECTION ( 'NONE',  ( 0.000000000000000000, 0.000000000000000000, -1.000000000000000000 ) ) ;
#2359 = CARTESIAN_POINT ( 'NONE',  ( -1.421731169731069055, -0.02714633431273561978, 0.7932493951414446576 ) ) ;
#2360 = DIRECTION ( 'NONE',  ( -0.5000000000000068834, 0.8660254037844347108, 0.000000000000000000 ) ) ;
#2361 = SURFACE_STYLE_USAGE ( .BOTH. , #6954 ) ;
#2362 = CIRCLE ( 'NONE', #9259, 0.3124999999999972800 ) ;
#2363 = ORIENTED_EDGE ( 'NONE', *, *, #2220, .F. ) ;
#2364 = ORIENTED_EDGE ( 'NONE', *, *, #1899, .T. ) ;
#2365 = EDGE_CURVE ( 'NONE', #8259, #7921, #9349, .T. ) ;
#2366 = DIRECTION ( 'NONE',  ( 0.8660254037844394848, 0.4999999999999982792, -2.872530417308701114E-16 ) ) ;
#2367 = EDGE_CURVE ( 'NONE', #3191, #6621, #5546, .T. ) ;
#2368 = DIRECTION ( 'NONE',  ( 0.8660254037844402619, 0.4999999999999972800, 0.000000000000000000 ) ) ;
#2369 = MECHANICAL_DESIGN_GEOMETRIC_PRESENTATION_REPRESENTATION (  '', ( #7749 ), #6022 ) ;
#2370 = ORIENTED_EDGE ( 'NONE', *, *, #376, .F. ) ;
#2371 = EDGE_CURVE ( 'NONE', #6182, #2161, #6403, .T. ) ;
#2372 = DIRECTION ( 'NONE',  ( -0.000000000000000000, -1.000000000000000000, -0.000000000000000000 ) ) ;
#2373 = LINE ( 'NONE', #1517, #891 ) ;
#2374 = CIRCLE ( 'NONE', #7120, 0.04250000000000140471 ) ;
#2375 = ORIENTED_EDGE ( 'NONE', *, *, #5929, .F. ) ;
#2376 = PLANE ( 'NONE',  #3324 ) ;
#2377 = CARTESIAN_POINT ( 'NONE',  ( -1.700256350946108164, -0.04531832941093613676, 0.9499999999999999556 ) ) ;
#2378 = CARTESIAN_POINT ( 'NONE',  ( -2.502726728461359684, -0.5969667425129840943, 0.7849999999999999201 ) ) ;
#2379 = VERTEX_POINT ( 'NONE', #5533 ) ;
#2380 = CARTESIAN_POINT ( 'NONE',  ( -2.265625000000000000, 0.6079979548822432855, 0.9499999999999999556 ) ) ;
#2381 = AXIS2_PLACEMENT_3D ( 'NONE', #5251, #9324, #7933 ) ;
#2382 = ORIENTED_EDGE ( 'NONE', *, *, #6463, .F. ) ;
#2383 = ORIENTED_EDGE ( 'NONE', *, *, #7178, .F. ) ;
#2384 = EDGE_LOOP ( 'NONE', ( #4959, #7239, #2587, #4187, #4892, #4971, #3681, #1145, #2744, #7760, #557, #4909, #9300, #2242 ) ) ;
#2385 = DIRECTION ( 'NONE',  ( -0.5000000000000036637, -0.8660254037844365982, 0.000000000000000000 ) ) ;
#2386 = CARTESIAN_POINT ( 'NONE',  ( 0.000000000000000000, 0.3012499999999982969, 0.000000000000000000 ) ) ;
#2387 = DIRECTION ( 'NONE',  ( -0.9659258262890537683, -0.2588190451025746963, 0.000000000000000000 ) ) ;
#2388 = DIRECTION ( 'NONE',  ( -0.000000000000000000, -0.000000000000000000, 1.000000000000000000 ) ) ;
#2389 = ORIENTED_EDGE ( 'NONE', *, *, #7240, .F. ) ;
#2390 = DIRECTION ( 'NONE',  ( -0.8660254037844348218, 0.5000000000000066613, -0.000000000000000000 ) ) ;
#2391 = VERTEX_POINT ( 'NONE', #436 ) ;
#2392 =( CONVERSION_BASED_UNIT ( 'INCH', #3065 ) LENGTH_UNIT ( ) NAMED_UNIT ( #3247 ) );
#2393 = AXIS2_PLACEMENT_3D ( 'NONE', #127, #4466, #6585 ) ;
#2394 = VECTOR ( 'NONE', #5777, 39.37007874015748143 ) ;
#2395 = EDGE_CURVE ( 'NONE', #3487, #6772, #984, .T. ) ;
#2396 = ORIENTED_EDGE ( 'NONE', *, *, #2408, .T. ) ;
#2397 = AXIS2_PLACEMENT_3D ( 'NONE', #2868, #2159, #728 ) ;
#2398 = FACE_OUTER_BOUND ( 'NONE', #1105, .T. ) ;
#2399 = CARTESIAN_POINT ( 'NONE',  ( 2.419684117822885394, 0.3233990747408945210, 0.8404620568917899881 ) ) ;
#2400 = ORIENTED_EDGE ( 'NONE', *, *, #915, .F. ) ;
#2401 = VECTOR ( 'NONE', #7796, 39.37007874015748143 ) ;
#2402 = FACE_OUTER_BOUND ( 'NONE', #392, .T. ) ;
#2403 = DIRECTION ( 'NONE',  ( -0.8660254037844660191, -0.4999999999999527045, 0.000000000000000000 ) ) ;
#2404 = DIRECTION ( 'NONE',  ( 0.000000000000000000, 0.000000000000000000, 1.000000000000000000 ) ) ;
#2405 = LINE ( 'NONE', #1027, #8391 ) ;
#2406 = DIRECTION ( 'NONE',  ( 0.000000000000000000, -1.000000000000000000, -0.000000000000000000 ) ) ;
#2407 = ORIENTED_EDGE ( 'NONE', *, *, #8221, .F. ) ;
#2408 = EDGE_CURVE ( 'NONE', #2491, #3751, #7907, .T. ) ;
#2409 = EDGE_CURVE ( 'NONE', #2577, #1913, #8444, .T. ) ;
#2410 = VECTOR ( 'NONE', #7681, 39.37007874015747433 ) ;
#2411 = AXIS2_PLACEMENT_3D ( 'NONE', #1692, #4598, #6864 ) ;
#2412 = EDGE_LOOP ( 'NONE', ( #6897, #5004, #3122, #941 ) ) ;
#2413 = ORIENTED_EDGE ( 'NONE', *, *, #5506, .F. ) ;
#2414 = CARTESIAN_POINT ( 'NONE',  ( -1.984375000000025979, 0.2790714234295686436, 0.9174999999999992051 ) ) ;
#2415 = DIRECTION ( 'NONE',  ( -0.000000000000000000, 1.000000000000000000, -0.000000000000000000 ) ) ;
#2416 = VECTOR ( 'NONE', #2618, 39.37007874015748854 ) ;
#2417 = VECTOR ( 'NONE', #1426, 39.37007874015748854 ) ;
#2418 = ORIENTED_EDGE ( 'NONE', *, *, #8010, .T. ) ;
#2419 = DIRECTION ( 'NONE',  ( 0.000000000000000000, 0.000000000000000000, -1.000000000000000000 ) ) ;
#2420 = EDGE_CURVE ( 'NONE', #5194, #3751, #1286, .T. ) ;
#2421 = FILL_AREA_STYLE_COLOUR ( '', #6084 ) ;
#2422 = DIRECTION ( 'NONE',  ( -0.5000000000000041078, -0.8660254037844363761, 0.000000000000000000 ) ) ;
#2423 = EDGE_LOOP ( 'NONE', ( #4345, #2530, #8118, #5242 ) ) ;
#2424 = CONICAL_SURFACE ( 'NONE', #7794, 0.2175000000000008316, 0.7853981633974482790 ) ;
#2425 = LINE ( 'NONE', #5372, #2575 ) ;
#2426 = EDGE_CURVE ( 'NONE', #2304, #2219, #7819, .T. ) ;
#2427 = CARTESIAN_POINT ( 'NONE',  ( 1.994375000000038423, -5.924184753867600315E-15, 0.2600000000000000089 ) ) ;
#2428 = EDGE_LOOP ( 'NONE', ( #4817, #8544 ) ) ;
#2429 = EDGE_LOOP ( 'NONE', ( #4975, #2615, #7967, #1133, #6920, #6847, #7789, #7039, #5540 ) ) ;
#2430 = DIRECTION ( 'NONE',  ( -1.000000000000000000, 0.000000000000000000, 0.000000000000000000 ) ) ;
#2431 = ORIENTED_EDGE ( 'NONE', *, *, #4030, .T. ) ;
#2432 = ADVANCED_FACE ( 'NONE', ( #8535 ), #2044, .F. ) ;
#2433 = PLANE ( 'NONE',  #4538 ) ;
#2434 = ORIENTED_EDGE ( 'NONE', *, *, #9173, .T. ) ;
#2435 = ORIENTED_EDGE ( 'NONE', *, *, #8818, .T. ) ;
#2436 = DIRECTION ( 'NONE',  ( 0.4999999999999903966, -0.8660254037844442587, 0.000000000000000000 ) ) ;
#2437 = DIRECTION ( 'NONE',  ( -0.4999999999999919509, 0.8660254037844432595, 0.000000000000000000 ) ) ;
#2438 = DIRECTION ( 'NONE',  ( 0.8660254037844441477, -0.4999999999999903411, 0.000000000000000000 ) ) ;
#2439 = CARTESIAN_POINT ( 'NONE',  ( 1.640624999999971356, -0.4420337998483162001, 0.9499999999999999556 ) ) ;
#2440 = VERTEX_POINT ( 'NONE', #4867 ) ;
#2441 = CARTESIAN_POINT ( 'NONE',  ( 2.125000000000000000, 0.4764989774411177437, -5.578266170116183356E-17 ) ) ;
#2442 = ORIENTED_EDGE ( 'NONE', *, *, #1342, .T. ) ;
#2443 = VECTOR ( 'NONE', #550, 39.37007874015748854 ) ;
#2444 = ORIENTED_EDGE ( 'NONE', *, *, #2256, .F. ) ;
#2445 = CARTESIAN_POINT ( 'NONE',  ( -1.703124999999971134, -0.5502869753213721626, 0.2500000000000000555 ) ) ;
#2446 = DIRECTION ( 'NONE',  ( 0.000000000000000000, 0.000000000000000000, -1.000000000000000000 ) ) ;
#2447 = AXIS2_PLACEMENT_3D ( 'NONE', #627, #2759, #2852 ) ;
#2448 = CARTESIAN_POINT ( 'NONE',  ( -2.125000000000000000, 0.000000000000000000, 0.2500000000000000555 ) ) ;
#2449 = LINE ( 'NONE', #1739, #9089 ) ;
#2450 = EDGE_CURVE ( 'NONE', #348, #7729, #575, .T. ) ;
#2451 = CARTESIAN_POINT ( 'NONE',  ( -1.432303858867416846, -0.02808304632601995449, 0.8122190699021964999 ) ) ;
#2452 = STYLED_ITEM ( 'NONE', ( #4212 ), #868 ) ;
#2453 = DIRECTION ( 'NONE',  ( 1.000000000000000000, 0.000000000000000000, -0.000000000000000000 ) ) ;
#2454 = FACE_OUTER_BOUND ( 'NONE', #1238, .T. ) ;
#2455 = EDGE_LOOP ( 'NONE', ( #7334, #2063, #7536, #5337, #7849, #8345, #5708, #5762 ) ) ;
#2456 = AXIS2_PLACEMENT_3D ( 'NONE', #2800, #1196, #4904 ) ;
#2457 = VERTEX_POINT ( 'NONE', #5486 ) ;
#2458 = ORIENTED_EDGE ( 'NONE', *, *, #1760, .T. ) ;
#2459 = LINE ( 'NONE', #8182, #8414 ) ;
#2460 = CARTESIAN_POINT ( 'NONE',  ( 1.857131350946074955, -0.3170337998483052089, 0.6999999999999999556 ) ) ;
#2461 = EDGE_CURVE ( 'NONE', #5805, #8833, #484, .T. ) ;
#2462 =( CONVERSION_BASED_UNIT ( 'INCH', #1037 ) LENGTH_UNIT ( ) NAMED_UNIT ( #5634 ) );
#2463 = EDGE_LOOP ( 'NONE', ( #1988, #8137, #8087, #8459 ) ) ;
#2464 =( NAMED_UNIT ( * ) PLANE_ANGLE_UNIT ( ) SI_UNIT ( $, .RADIAN. ) );
#2465 = DIRECTION ( 'NONE',  ( 0.8660254037844363761, 0.5000000000000041078, -0.000000000000000000 ) ) ;
#2466 = VERTEX_POINT ( 'NONE', #3375 ) ;
#2467 = ORIENTED_EDGE ( 'NONE', *, *, #604, .F. ) ;
#2468 = FACE_OUTER_BOUND ( 'NONE', #2083, .T. ) ;
#2469 = EDGE_CURVE ( 'NONE', #2101, #3598, #5252, .T. ) ;
#2470 = EDGE_CURVE ( 'NONE', #2700, #1276, #3329, .T. ) ;
#2471 = LINE ( 'NONE', #5280, #5090 ) ;
#2472 = ORIENTED_EDGE ( 'NONE', *, *, #8698, .T. ) ;
#2473 = DIRECTION ( 'NONE',  ( 0.000000000000000000, 0.000000000000000000, -1.000000000000000000 ) ) ;
#2474 = EDGE_LOOP ( 'NONE', ( #8354, #5631, #3445, #8339 ) ) ;
#2475 = CARTESIAN_POINT ( 'NONE',  ( -2.437765891387920547, 0.3059356744434871822, 0.3737597234363084220 ) ) ;
#2476 = ORIENTED_EDGE ( 'NONE', *, *, #5305, .T. ) ;
#2477 = EDGE_LOOP ( 'NONE', ( #6548, #7085, #2980, #2033 ) ) ;
#2478 = VECTOR ( 'NONE', #3544, 39.37007874015748854 ) ;
#2479 = EDGE_CURVE ( 'NONE', #6942, #6977, #7726, .T. ) ;
#2480 = DIRECTION ( 'NONE',  ( 0.5000000000000041078, 0.8660254037844362651, 0.000000000000000000 ) ) ;
#2481 = LINE ( 'NONE', #3240, #4907 ) ;
#2482 = ADVANCED_FACE ( 'NONE', ( #4045 ), #7863, .F. ) ;
#2483 = LINE ( 'NONE', #7630, #3110 ) ;
#2484 = ORIENTED_EDGE ( 'NONE', *, *, #7709, .T. ) ;
#2485 = DIRECTION ( 'NONE',  ( -0.000000000000000000, -0.000000000000000000, -1.000000000000000000 ) ) ;
#2486 = ORIENTED_EDGE ( 'NONE', *, *, #2194, .F. ) ;
#2487 = ORIENTED_EDGE ( 'NONE', *, *, #6619, .T. ) ;
#2488 = AXIS2_PLACEMENT_3D ( 'NONE', #2913, #865, #8924 ) ;
#2489 = AXIS2_PLACEMENT_3D ( 'NONE', #1636, #7501, #1592 ) ;
#2490 = CARTESIAN_POINT ( 'NONE',  ( 1.712339780658681754, -0.2382494887205523215, 0.2500000000000000555 ) ) ;
#2491 = VERTEX_POINT ( 'NONE', #5139 ) ;
#2492 = DIRECTION ( 'NONE',  ( 0.4999999999999918954, 0.8660254037844431485, 2.185478394931412152E-15 ) ) ;
#2493 = CARTESIAN_POINT ( 'NONE',  ( 2.298124999999997087, -5.234271894785144470E-16, 0.9499999999999999556 ) ) ;
#2494 = CARTESIAN_POINT ( 'NONE',  ( -2.593124999999999680, -0.4701796254713038747, 0.9499999999999999556 ) ) ;
#2495 = CARTESIAN_POINT ( 'NONE',  ( 0.000000000000000000, -0.3012499999999982969, 0.000000000000000000 ) ) ;
#2496 = CARTESIAN_POINT ( 'NONE',  ( -2.494071741899152705, -0.5778607915295225217, 0.8223310893196605909 ) ) ;
#2497 = FACE_OUTER_BOUND ( 'NONE', #8165, .T. ) ;
#2498 = DIRECTION ( 'NONE',  ( 0.8660254037844348218, -0.5000000000000066613, 0.000000000000000000 ) ) ;
#2499 = ORIENTED_EDGE ( 'NONE', *, *, #6608, .T. ) ;
#2500 = VECTOR ( 'NONE', #7082, 39.37007874015748143 ) ;
#2501 = EDGE_LOOP ( 'NONE', ( #5101, #6060, #8398, #169, #5579 ) ) ;
#2502 = DIRECTION ( 'NONE',  ( 0.000000000000000000, 0.000000000000000000, 1.000000000000000000 ) ) ;
#2503 = DIRECTION ( 'NONE',  ( 8.208687653317557480E-14, -1.000000000000000000, 0.000000000000000000 ) ) ;
#2504 = DIRECTION ( 'NONE',  ( -0.4999999999999893974, -0.8660254037844449249, -0.000000000000000000 ) ) ;
#2505 = VERTEX_POINT ( 'NONE', #8049 ) ;
#2506 = LINE ( 'NONE', #5319, #8080 ) ;
#2507 = CARTESIAN_POINT ( 'NONE',  ( 2.390625000000005329, 0.3476343040825998765, 0.6272455802306264872 ) ) ;
#2508 = SURFACE_SIDE_STYLE ('',( #7562 ) ) ;
#2509 = CARTESIAN_POINT ( 'NONE',  ( 2.258156470889789436, 0.2827249004830396095, 0.2499999999999999722 ) ) ;
#2510 = EDGE_CURVE ( 'NONE', #3588, #7914, #4025, .T. ) ;
#2511 = FACE_OUTER_BOUND ( 'NONE', #6510, .T. ) ;
#2512 = VECTOR ( 'NONE', #2224, 39.37007874015748143 ) ;
#2513 = DIMENSIONAL_EXPONENTS ( 1.000000000000000000, 0.000000000000000000, 0.000000000000000000, 0.000000000000000000, 0.000000000000000000, 0.000000000000000000, 0.000000000000000000 ) ;
#2514 = LINE ( 'NONE', #5375, #5549 ) ;
#2515 = ORIENTED_EDGE ( 'NONE', *, *, #9265, .F. ) ;
#2516 = CARTESIAN_POINT ( 'NONE',  ( -2.301018505284309068, -0.2582212438023087642, 0.2509472078721711741 ) ) ;
#2517 = DIRECTION ( 'NONE',  ( -0.4999999999999923950, 0.8660254037844430375, -0.000000000000000000 ) ) ;
#2518 = FACE_OUTER_BOUND ( 'NONE', #9135, .T. ) ;
#2519 = VECTOR ( 'NONE', #2177, 39.37007874015748143 ) ;
#2520 = EDGE_CURVE ( 'NONE', #8790, #8259, #4947, .T. ) ;
#2521 = ADVANCED_FACE ( 'NONE', ( #2854 ), #5863, .F. ) ;
#2522 = ORIENTED_EDGE ( 'NONE', *, *, #9476, .T. ) ;
#2523 = ORIENTED_EDGE ( 'NONE', *, *, #4130, .F. ) ;
#2524 = CARTESIAN_POINT ( 'NONE',  ( -2.572683069699055913, -0.09609017759282301174, 0.5999999999999999778 ) ) ;
#2525 = CARTESIAN_POINT ( 'NONE',  ( 2.330368649053886632, -0.4252869753213685544, 0.6999999999999999556 ) ) ;
#2526 = CIRCLE ( 'NONE', #9127, 0.04449999999999948441 ) ;
#2527 = CARTESIAN_POINT ( 'NONE',  ( -1.437499999999994893, -0.09021097956086808478, 0.9499999999999999556 ) ) ;
#2528 = ORIENTED_EDGE ( 'NONE', *, *, #3626, .T. ) ;
#2529 = CARTESIAN_POINT ( 'NONE',  ( 1.559174798107780591, -0.01996200211974713534, 0.5999999999999999778 ) ) ;
#2530 = ORIENTED_EDGE ( 'NONE', *, *, #5483, .T. ) ;
#2531 = ORIENTED_EDGE ( 'NONE', *, *, #2470, .T. ) ;
#2532 = EDGE_CURVE ( 'NONE', #4755, #1100, #3561, .T. ) ;
#2533 = EDGE_CURVE ( 'NONE', #5441, #2149, #7100, .T. ) ;
#2534 = ORIENTED_EDGE ( 'NONE', *, *, #7663, .F. ) ;
#2535 = FACE_OUTER_BOUND ( 'NONE', #8631, .T. ) ;
#2536 = LINE ( 'NONE', #7735, #635 ) ;
#2537 = EDGE_CURVE ( 'NONE', #3095, #4948, #6274, .T. ) ;
#2538 = CARTESIAN_POINT ( 'NONE',  ( 1.663770825622965299, -0.4171235458104701754, 0.2500000000000000555 ) ) ;
#2539 = DIRECTION ( 'NONE',  ( 0.4999999999999919509, 0.8660254037844432595, -0.000000000000000000 ) ) ;
#2540 = DIRECTION ( 'NONE',  ( -0.000000000000000000, -0.000000000000000000, 1.000000000000000000 ) ) ;
#2541 = VECTOR ( 'NONE', #1328, 39.37007874015748854 ) ;
#2542 = AXIS2_PLACEMENT_3D ( 'NONE', #6055, #909, #1805 ) ;
#2543 = CARTESIAN_POINT ( 'NONE',  ( -1.640624999999971356, -0.4420337998483162001, 0.9499999999999999556 ) ) ;
#2544 = CARTESIAN_POINT ( 'NONE',  ( -2.376618649053890753, -0.3451796254713022094, 0.9499999999999999556 ) ) ;
#2545 = VERTEX_POINT ( 'NONE', #1430 ) ;
#2546 = ADVANCED_FACE ( 'NONE', ( #5009 ), #7961, .T. ) ;
#2547 = VECTOR ( 'NONE', #1367, 39.37007874015748143 ) ;
#2548 = AXIS2_PLACEMENT_3D ( 'NONE', #7462, #326, #3179 ) ;
#2549 = VERTEX_POINT ( 'NONE', #7376 ) ;
#2550 = CYLINDRICAL_SURFACE ( 'NONE', #2278, 0.06424999999999977951 ) ;
#2551 = CARTESIAN_POINT ( 'NONE',  ( -2.390625000000005773, 0.6404979548822425928, 0.5357500000000000595 ) ) ;
#2552 = DIRECTION ( 'NONE',  ( -0.4999999999999527600, -0.8660254037844661301, -0.000000000000000000 ) ) ;
#2553 = DIRECTION ( 'NONE',  ( 0.000000000000000000, 0.000000000000000000, 1.000000000000000000 ) ) ;
#2554 = ORIENTED_EDGE ( 'NONE', *, *, #720, .F. ) ;
#2555 = LINE ( 'NONE', #555, #7309 ) ;
#2556 = CIRCLE ( 'NONE', #1363, 0.2500000000000000555 ) ;
#2557 = AXIS2_PLACEMENT_3D ( 'NONE', #3868, #1639, #2360 ) ;
#2558 = CARTESIAN_POINT ( 'NONE',  ( 1.984375000000010880, 0.6079979548822715962, 0.9499999999999999556 ) ) ;
#2559 = LINE ( 'NONE', #1093, #1691 ) ;
#2560 = DIRECTION ( 'NONE',  ( -0.8660254037844135055, -0.5000000000000432987, 0.000000000000000000 ) ) ;
#2561 = ORIENTED_EDGE ( 'NONE', *, *, #2705, .F. ) ;
#2562 = CARTESIAN_POINT ( 'NONE',  ( 1.700256350946108164, -0.04531832941093608819, 0.9499999999999999556 ) ) ;
#2563 = AXIS2_PLACEMENT_3D ( 'NONE', #3102, #919, #1816 ) ;
#2564 = AXIS2_PLACEMENT_3D ( 'NONE', #851, #7373, #3653 ) ;
#2565 = AXIS2_PLACEMENT_3D ( 'NONE', #9310, #7346, #689 ) ;
#2566 = FACE_OUTER_BOUND ( 'NONE', #3778, .T. ) ;
#2567 = EDGE_CURVE ( 'NONE', #677, #8403, #5911, .T. ) ;
#2568 = ORIENTED_EDGE ( 'NONE', *, *, #8043, .T. ) ;
#2569 = LINE ( 'NONE', #5477, #416 ) ;
#2570 = ORIENTED_EDGE ( 'NONE', *, *, #7812, .T. ) ;
#2571 = ORIENTED_EDGE ( 'NONE', *, *, #4821, .T. ) ;
#2572 =( BOUNDED_CURVE ( )  B_SPLINE_CURVE ( 3, ( #2751, #6284, #5667, #1993 ),
 .UNSPECIFIED., .F., .T. ) 
 B_SPLINE_CURVE_WITH_KNOTS ( ( 4, 4 ),
 ( 5.373869418515524465, 5.471906200470544768 ),
 .UNSPECIFIED. ) 
 CURVE ( )  GEOMETRIC_REPRESENTATION_ITEM ( )  RATIONAL_B_SPLINE_CURVE ( ( 1.000000000000000000, 0.9991992261430528988, 0.9991992261430528988, 1.000000000000000000 ) ) 
 REPRESENTATION_ITEM ( '' )  );
#2573 = DIRECTION ( 'NONE',  ( -0.000000000000000000, 1.000000000000000000, -0.000000000000000000 ) ) ;
#2574 = VECTOR ( 'NONE', #9053, 39.37007874015748143 ) ;
#2575 = VECTOR ( 'NONE', #7470, 39.37007874015748143 ) ;
#2576 = ORIENTED_EDGE ( 'NONE', *, *, #7179, .F. ) ;
#2577 = VERTEX_POINT ( 'NONE', #9398 ) ;
#2578 = CARTESIAN_POINT ( 'NONE',  ( -1.656874999999970566, -0.4701796254713097589, 0.6999999999999999556 ) ) ;
#2579 = CARTESIAN_POINT ( 'NONE',  ( 1.984375000000021094, 0.3904979548822709035, 0.6999999999999999556 ) ) ;
#2580 = VECTOR ( 'NONE', #6806, 39.37007874015748854 ) ;
#2581 = CARTESIAN_POINT ( 'NONE',  ( -1.306874999999987574, 0.000000000000000000, 0.2500000000000000555 ) ) ;
#2582 = EDGE_CURVE ( 'NONE', #5359, #8278, #1388, .T. ) ;
#2583 = ADVANCED_FACE ( 'NONE', ( #5095 ), #5721, .F. ) ;
#2584 = ORIENTED_EDGE ( 'NONE', *, *, #6202, .T. ) ;
#2585 = CARTESIAN_POINT ( 'NONE',  ( 2.265624999999999112, 0.3904979548822427038, 0.9175000000000007594 ) ) ;
#2586 = ORIENTED_EDGE ( 'NONE', *, *, #7380, .F. ) ;
#2587 = ORIENTED_EDGE ( 'NONE', *, *, #3383, .F. ) ;
#2588 = CIRCLE ( 'NONE', #8730, 0.1124999999999999611 ) ;
#2589 = VERTEX_POINT ( 'NONE', #4614 ) ;
#2590 = CARTESIAN_POINT ( 'NONE',  ( -1.953629557839698050, -0.2613205341219492772, 0.2600000000000002309 ) ) ;
#2591 = DIRECTION ( 'NONE',  ( 0.8660254037844363761, 0.5000000000000041078, -0.000000000000000000 ) ) ;
#2592 = FACE_OUTER_BOUND ( 'NONE', #8246, .T. ) ;
#2593 = LINE ( 'NONE', #9261, #1568 ) ;
#2594 = EDGE_CURVE ( 'NONE', #2671, #7098, #8030, .T. ) ;
#2595 = EDGE_CURVE ( 'NONE', #5065, #5878, #6101, .T. ) ;
#2596 = DIRECTION ( 'NONE',  ( 1.000000000000000000, 0.000000000000000000, 0.000000000000000000 ) ) ;
#2597 = VECTOR ( 'NONE', #93, 39.37007874015748143 ) ;
#2598 = CARTESIAN_POINT ( 'NONE',  ( -2.459125952298427009, -0.005570755751948403868, 0.9391135601497714314 ) ) ;
#2599 = FACE_OUTER_BOUND ( 'NONE', #5223, .T. ) ;
#2600 = VERTEX_POINT ( 'NONE', #7475 ) ;
#2601 = AXIS2_PLACEMENT_3D ( 'NONE', #1765, #6192, #4719 ) ;
#2602 = ORIENTED_EDGE ( 'NONE', *, *, #3028, .F. ) ;
#2603 = DIRECTION ( 'NONE',  ( 0.4999999999999903966, -0.8660254037844442587, 0.000000000000000000 ) ) ;
#2604 = CARTESIAN_POINT ( 'NONE',  ( -2.390625000000005329, 0.3476343040825998765, 6.829619984160658046E-17 ) ) ;
#2605 = CARTESIAN_POINT ( 'NONE',  ( -1.691127361437541943, 0.05622084583895026189, 0.4650000000000000799 ) ) ;
#2606 = EDGE_CURVE ( 'NONE', #2053, #6707, #3796, .T. ) ;
#2607 = EDGE_CURVE ( 'NONE', #784, #4493, #1662, .T. ) ;
#2608 = LINE ( 'NONE', #4887, #2830 ) ;
#2609 = VECTOR ( 'NONE', #1467, 39.37007874015748143 ) ;
#2610 = DIRECTION ( 'NONE',  ( -0.8660254037844431485, 0.4999999999999918954, -0.000000000000000000 ) ) ;
#2611 = ORIENTED_EDGE ( 'NONE', *, *, #2171, .F. ) ;
#2612 = ORIENTED_EDGE ( 'NONE', *, *, #8939, .T. ) ;
#2613 = PLANE ( 'NONE',  #3174 ) ;
#2614 = DIRECTION ( 'NONE',  ( 0.7071067811865474617, 1.485929416531472252E-15, -0.7071067811865474617 ) ) ;
#2615 = ORIENTED_EDGE ( 'NONE', *, *, #2426, .F. ) ;
#2616 = CARTESIAN_POINT ( 'NONE',  ( 2.436995442160277303, -0.01775088930761715283, 0.2600000000000002309 ) ) ;
#2617 = DIRECTION ( 'NONE',  ( -0.8660254037844422603, -0.4999999999999939493, 0.000000000000000000 ) ) ;
#2618 = DIRECTION ( 'NONE',  ( 0.6123724356957955806, 0.3535533905932777832, 0.7071067811865444641 ) ) ;
#2619 = EDGE_LOOP ( 'NONE', ( #9234, #2442, #8890, #8292 ) ) ;
#2620 = VERTEX_POINT ( 'NONE', #9058 ) ;
#2621 = FACE_OUTER_BOUND ( 'NONE', #7289, .T. ) ;
#2622 = DIRECTION ( 'NONE',  ( 0.4999999999999918954, 0.8660254037844431485, -0.000000000000000000 ) ) ;
#2623 = VECTOR ( 'NONE', #1483, 39.37007874015748143 ) ;
#2624 = CARTESIAN_POINT ( 'NONE',  ( 1.880441930300842390, -0.4479129978800760470, 0.5999999999999999778 ) ) ;
#2625 = ORIENTED_EDGE ( 'NONE', *, *, #8945, .T. ) ;
#2626 = DIRECTION ( 'NONE',  ( 0.6123724356957916948, -0.3535533905932757848, 0.7071067811865489050 ) ) ;
#2627 = VERTEX_POINT ( 'NONE', #8336 ) ;
#2628 = ORIENTED_EDGE ( 'NONE', *, *, #4462, .T. ) ;
#2629 = AXIS2_PLACEMENT_3D ( 'NONE', #7746, #7010, #9269 ) ;
#2630 = EDGE_CURVE ( 'NONE', #2053, #8191, #4487, .T. ) ;
#2631 = ORIENTED_EDGE ( 'NONE', *, *, #1534, .T. ) ;
#2632 = ORIENTED_EDGE ( 'NONE', *, *, #4040, .F. ) ;
#2633 = LINE ( 'NONE', #7734, #6884 ) ;
#2634 = FACE_OUTER_BOUND ( 'NONE', #7204, .T. ) ;
#2635 = DIRECTION ( 'NONE',  ( 0.000000000000000000, 0.000000000000000000, -1.000000000000000000 ) ) ;
#2636 = CARTESIAN_POINT ( 'NONE',  ( 2.125000000000000000, 0.000000000000000000, 0.4649999999999993583 ) ) ;
#2637 = CARTESIAN_POINT ( 'NONE',  ( -2.125000000000000000, 0.000000000000000000, 0.9175000000000006484 ) ) ;
#2638 = CARTESIAN_POINT ( 'NONE',  ( -2.537660219341328460, -0.2382494887205698075, 0.2500000000000000555 ) ) ;
#2639 = EDGE_CURVE ( 'NONE', #8191, #3999, #2514, .T. ) ;
#2640 = ADVANCED_FACE ( 'NONE', ( #7568 ), #7524, .F. ) ;
#2641 = CARTESIAN_POINT ( 'NONE',  ( -1.812500000000002665, -0.2687500000000004885, 0.2500000000000000000 ) ) ;
#2642 = DIRECTION ( 'NONE',  ( 0.000000000000000000, -1.000000000000000000, 0.000000000000000000 ) ) ;
#2643 = DIRECTION ( 'NONE',  ( -0.4999999999999986122, -0.8660254037844394848, 0.000000000000000000 ) ) ;
#2644 = CARTESIAN_POINT ( 'NONE',  ( 1.518286426037066983, -0.1816340731569019984, 0.2500000000000000000 ) ) ;
#2645 = DIRECTION ( 'NONE',  ( -0.000000000000000000, -0.000000000000000000, -1.000000000000000000 ) ) ;
#2646 = DIRECTION ( 'NONE',  ( 0.5000000000000363043, -0.8660254037844178354, 0.000000000000000000 ) ) ;
#2647 = ORIENTED_EDGE ( 'NONE', *, *, #8247, .T. ) ;
#2648 = DIRECTION ( 'NONE',  ( 0.8660254037844431485, 0.4999999999999918954, 0.000000000000000000 ) ) ;
#2649 = EDGE_CURVE ( 'NONE', #4522, #6195, #5237, .T. ) ;
#2650 = EDGE_CURVE ( 'NONE', #2671, #3234, #3139, .T. ) ;
#2651 = ORIENTED_EDGE ( 'NONE', *, *, #3959, .T. ) ;
#2652 = ORIENTED_EDGE ( 'NONE', *, *, #7056, .F. ) ;
#2653 = CARTESIAN_POINT ( 'NONE',  ( -1.242624999999987656, 0.000000000000000000, 0.1944947243515862401 ) ) ;
#2654 = EDGE_CURVE ( 'NONE', #2241, #4882, #5958, .T. ) ;
#2655 = DIRECTION ( 'NONE',  ( 0.000000000000000000, 0.000000000000000000, 1.000000000000000000 ) ) ;
#2656 = AXIS2_PLACEMENT_3D ( 'NONE', #2992, #3565, #8676 ) ;
#2657 = ORIENTED_EDGE ( 'NONE', *, *, #6687, .F. ) ;
#2658 = CARTESIAN_POINT ( 'NONE',  ( -1.994375000000009557, 0.6404979548822627988, 0.2175000000000000266 ) ) ;
#2659 = LINE ( 'NONE', #569, #1471 ) ;
#2660 = CARTESIAN_POINT ( 'NONE',  ( -2.515624999999995559, -0.6044135630578968410, 0.7349999999999999867 ) ) ;
#2661 = VERTEX_POINT ( 'NONE', #8384 ) ;
#2662 = VERTEX_POINT ( 'NONE', #2378 ) ;
#2663 = DIRECTION ( 'NONE',  ( 1.000000000000000000, 0.000000000000000000, 0.000000000000000000 ) ) ;
#2664 = ORIENTED_EDGE ( 'NONE', *, *, #4436, .F. ) ;
#2665 = DIRECTION ( 'NONE',  ( 0.000000000000000000, 0.000000000000000000, -1.000000000000000000 ) ) ;
#2666 = DIRECTION ( 'NONE',  ( 5.090879084663727145E-14, -1.000000000000000000, 0.000000000000000000 ) ) ;
#2667 = PRESENTATION_STYLE_ASSIGNMENT (( #9294 ) ) ;
#2668 = ORIENTED_EDGE ( 'NONE', *, *, #7991, .T. ) ;
#2669 = FACE_OUTER_BOUND ( 'NONE', #1081, .T. ) ;
#2670 = CIRCLE ( 'NONE', #8041, 0.06425000000000000155 ) ;
#2671 = VERTEX_POINT ( 'NONE', #9010 ) ;
#2672 = VERTEX_POINT ( 'NONE', #6833 ) ;
#2673 = ORIENTED_EDGE ( 'NONE', *, *, #854, .F. ) ;
#2674 = CARTESIAN_POINT ( 'NONE',  ( -1.781250000000008438, -4.038522381758778294E-17, 0.9487499999999929878 ) ) ;
#2675 = CARTESIAN_POINT ( 'NONE',  ( -2.298124999999998419, 0.3904979548822424817, 0.9499999999999999556 ) ) ;
#2676 = DIRECTION ( 'NONE',  ( -0.000000000000000000, -0.000000000000000000, 1.000000000000000000 ) ) ;
#2677 = DIRECTION ( 'NONE',  ( 0.8660254037844138386, -0.5000000000000431877, -0.000000000000000000 ) ) ;
#2678 = ORIENTED_EDGE ( 'NONE', *, *, #5626, .F. ) ;
#2679 = EDGE_CURVE ( 'NONE', #5610, #5281, #2471, .T. ) ;
#2680 = VECTOR ( 'NONE', #7036, 39.37007874015748143 ) ;
#2681 = ORIENTED_EDGE ( 'NONE', *, *, #7642, .F. ) ;
#2682 = CARTESIAN_POINT ( 'NONE',  ( -2.690825201892120155, -0.01996200211991487269, 0.5999999999999999778 ) ) ;
#2683 = CARTESIAN_POINT ( 'NONE',  ( 1.667839780658682214, -0.2382494887205523215, -5.578266170116183356E-17 ) ) ;
#2684 = CARTESIAN_POINT ( 'NONE',  ( 1.984375000000009548, 0.6404979548822712365, 0.2599999999999999534 ) ) ;
#2685 = CARTESIAN_POINT ( 'NONE',  ( -2.390625000000005773, 0.6404979548822425928, 0.000000000000000000 ) ) ;
#2686 = ADVANCED_FACE ( 'NONE', ( #3745 ), #906, .F. ) ;
#2687 = CARTESIAN_POINT ( 'NONE',  ( -1.437499999999995337, -0.09021097956086862601, 0.4649999999999999689 ) ) ;
#2688 = DIRECTION ( 'NONE',  ( -0.5000000000000056621, 0.8660254037844353769, 0.000000000000000000 ) ) ;
#2689 = VERTEX_POINT ( 'NONE', #7422 ) ;
#2690 = AXIS2_PLACEMENT_3D ( 'NONE', #7673, #5241, #2430 ) ;
#2691 = EDGE_LOOP ( 'NONE', ( #7553, #6085, #9482, #5990, #3064 ) ) ;
#2692 = ORIENTED_EDGE ( 'NONE', *, *, #7992, .T. ) ;
#2693 = ORIENTED_EDGE ( 'NONE', *, *, #9164, .T. ) ;
#2694 = LINE ( 'NONE', #5611, #3928 ) ;
#2695 = CIRCLE ( 'NONE', #3617, 0.9875000000000022649 ) ;
#2696 = VECTOR ( 'NONE', #9325, 39.37007874015748143 ) ;
#2697 = CARTESIAN_POINT ( 'NONE',  ( 2.276402115675585147, 0.2857088524216684911, 0.9282771156755870168 ) ) ;
#2698 = ADVANCED_FACE ( 'NONE', ( #951 ), #2959, .F. ) ;
#2699 = EDGE_CURVE ( 'NONE', #715, #3999, #3408, .T. ) ;
#2700 = VERTEX_POINT ( 'NONE', #6885 ) ;
#2701 = CARTESIAN_POINT ( 'NONE',  ( 0.000000000000000000, -0.6044135630578968410, 0.5000000000000000000 ) ) ;
#2702 = DIRECTION ( 'NONE',  ( -1.000000000000000000, -7.249756350802272209E-14, -0.000000000000000000 ) ) ;
#2703 = CARTESIAN_POINT ( 'NONE',  ( -1.703677551104423094, 0.1179257042335880856, 0.8262143477152049664 ) ) ;
#2704 = AXIS2_PLACEMENT_3D ( 'NONE', #6648, #8163, #5018 ) ;
#2705 = EDGE_CURVE ( 'NONE', #442, #3736, #2356, .T. ) ;
#2706 = VECTOR ( 'NONE', #665, 39.37007874015748143 ) ;
#2707 = VECTOR ( 'NONE', #980, 39.37007874015748854 ) ;
#2708 = ORIENTED_EDGE ( 'NONE', *, *, #6437, .F. ) ;
#2709 = CARTESIAN_POINT ( 'NONE',  ( 1.706657665914630195, -0.4039098224071747678, 0.5999999999999999778 ) ) ;
#2710 = DIRECTION ( 'NONE',  ( -0.000000000000000000, -0.000000000000000000, -1.000000000000000000 ) ) ;
#2711 = DIRECTION ( 'NONE',  ( -0.5000000000000434097, -0.8660254037844137276, 0.000000000000000000 ) ) ;
#2712 = CARTESIAN_POINT ( 'NONE',  ( -1.813004557839720920, -0.01775088930758956032, 0.9499999999999999556 ) ) ;
#2713 = EDGE_CURVE ( 'NONE', #6241, #4617, #3085, .T. ) ;
#2714 = VERTEX_POINT ( 'NONE', #3047 ) ;
#2715 = AXIS2_PLACEMENT_3D ( 'NONE', #1138, #9332, #6232 ) ;
#2716 = DIRECTION ( 'NONE',  ( 0.000000000000000000, 0.000000000000000000, 1.000000000000000000 ) ) ;
#2717 = CIRCLE ( 'NONE', #1055, 0.06425000000000000155 ) ;
#2718 = VECTOR ( 'NONE', #2850, 39.37007874015748854 ) ;
#2719 = ORIENTED_EDGE ( 'NONE', *, *, #971, .F. ) ;
#2720 = ORIENTED_EDGE ( 'NONE', *, *, #6123, .F. ) ;
#2721 = VECTOR ( 'NONE', #1439, 39.37007874015748143 ) ;
#2722 = CIRCLE ( 'NONE', #3776, 0.06424999999999973788 ) ;
#2723 = CARTESIAN_POINT ( 'NONE',  ( -1.984375000000025979, 0.2790714234295686436, 0.2600000000000002309 ) ) ;
#2724 = UNCERTAINTY_MEASURE_WITH_UNIT (LENGTH_MEASURE( 1.000000000000000082E-05 ), #8470, 'distance_accuracy_value', 'NONE');
#2725 = CARTESIAN_POINT ( 'NONE',  ( 0.000000000000000000, -0.6044135630578968410, 0.000000000000000000 ) ) ;
#2726 = CARTESIAN_POINT ( 'NONE',  ( -2.390625000000005329, 0.6380358307719737887, 0.7350000000000000977 ) ) ;
#2727 = DIRECTION ( 'NONE',  ( -0.000000000000000000, -0.000000000000000000, 1.000000000000000000 ) ) ;
#2728 = ORIENTED_EDGE ( 'NONE', *, *, #3735, .T. ) ;
#2729 = ORIENTED_EDGE ( 'NONE', *, *, #1733, .F. ) ;
#2730 = FACE_OUTER_BOUND ( 'NONE', #5934, .T. ) ;
#2731 = AXIS2_PLACEMENT_3D ( 'NONE', #4258, #647, #3769 ) ;
#2732 = ORIENTED_EDGE ( 'NONE', *, *, #2808, .T. ) ;
#2733 = ORIENTED_EDGE ( 'NONE', *, *, #630, .F. ) ;
#2734 = EDGE_CURVE ( 'NONE', #1961, #6236, #7575, .T. ) ;
#2735 = CARTESIAN_POINT ( 'NONE',  ( 0.000000000000000000, 0.2687499999999967137, 0.5000000000000000000 ) ) ;
#2736 = CARTESIAN_POINT ( 'NONE',  ( 1.824799798107692439, -0.4800379978800762282, 0.5999999999999999778 ) ) ;
#2737 = CARTESIAN_POINT ( 'NONE',  ( -2.125000000000000000, 0.000000000000000000, 0.9174999999999992051 ) ) ;
#2738 = CARTESIAN_POINT ( 'NONE',  ( 1.762299798107778814, -0.3717848224071720331, 0.5999999999999999778 ) ) ;
#2739 = CARTESIAN_POINT ( 'NONE',  ( -1.873381350946074386, -0.3451796254712989898, 0.9499999999999998446 ) ) ;
#2740 = LINE ( 'NONE', #4070, #6839 ) ;
#2741 = CARTESIAN_POINT ( 'NONE',  ( -2.265624999999999112, 0.2790714234295562091, 0.2572037272617221371 ) ) ;
#2742 = CARTESIAN_POINT ( 'NONE',  ( -2.812500000000023093, -0.6048072638452962613, 0.000000000000000000 ) ) ;
#2743 = AXIS2_PLACEMENT_3D ( 'NONE', #1386, #2902, #7817 ) ;
#2744 = ORIENTED_EDGE ( 'NONE', *, *, #6578, .F. ) ;
#2745 = ORIENTED_EDGE ( 'NONE', *, *, #3352, .F. ) ;
#2746 = EDGE_CURVE ( 'NONE', #2549, #502, #1279, .T. ) ;
#2747 = CARTESIAN_POINT ( 'NONE',  ( -2.425200201892211638, -0.4800379978802461478, 0.6642499999999997851 ) ) ;
#2748 = CARTESIAN_POINT ( 'NONE',  ( -1.437499999999995337, -0.09021097956086862601, 0.7350000000000000977 ) ) ;
#2749 = PRODUCT_DEFINITION_SHAPE ( 'NONE', 'NONE',  #8528 ) ;
#2750 = ORIENTED_EDGE ( 'NONE', *, *, #4931, .T. ) ;
#2751 = CARTESIAN_POINT ( 'NONE',  ( -1.779775888008966911, 0.2687499999999986011, 0.2500000000000000000 ) ) ;
#2752 = CARTESIAN_POINT ( 'NONE',  ( 1.807738770884311119, 0.3012499999999982969, 0.2175000000000008316 ) ) ;
#2753 = CARTESIAN_POINT ( 'NONE',  ( 2.125000000000000000, 0.000000000000000000, 0.9499999999999999556 ) ) ;
#2754 = VERTEX_POINT ( 'NONE', #9144 ) ;
#2755 = EDGE_CURVE ( 'NONE', #2457, #9104, #3273, .T. ) ;
#2756 = EDGE_CURVE ( 'NONE', #6901, #8301, #6491, .T. ) ;
#2757 = DIRECTION ( 'NONE',  ( 1.000000000000000000, 0.000000000000000000, 0.000000000000000000 ) ) ;
#2758 = DIRECTION ( 'NONE',  ( -0.000000000000000000, -0.000000000000000000, 1.000000000000000000 ) ) ;
#2759 = DIRECTION ( 'NONE',  ( -0.000000000000000000, -0.000000000000000000, -1.000000000000000000 ) ) ;
#2760 = PLANE ( 'NONE',  #2170 ) ;
#2761 = CARTESIAN_POINT ( 'NONE',  ( 2.453125000000005329, 0.2893790496476773000, 0.9499999999999999556 ) ) ;
#2762 = ORIENTED_EDGE ( 'NONE', *, *, #133, .F. ) ;
#2763 = CARTESIAN_POINT ( 'NONE',  ( 1.559174798107780591, -0.01996200211974713534, 0.6642499999999997851 ) ) ;
#2764 = ORIENTED_EDGE ( 'NONE', *, *, #5520, .F. ) ;
#2765 = VERTEX_POINT ( 'NONE', #8478 ) ;
#2766 = EDGE_CURVE ( 'NONE', #6345, #8734, #1156, .T. ) ;
#2767 = VERTEX_POINT ( 'NONE', #1852 ) ;
#2768 = ADVANCED_FACE ( 'NONE', ( #2566 ), #4896, .F. ) ;
#2769 = VECTOR ( 'NONE', #8395, 39.37007874015748143 ) ;
#2770 = DIRECTION ( 'NONE',  ( 0.8660254037844660191, -0.4999999999999527045, 0.000000000000000000 ) ) ;
#2771 = CARTESIAN_POINT ( 'NONE',  ( -2.537660219341328460, -0.2382494887205698075, 0.2500000000000000555 ) ) ;
#2772 = CARTESIAN_POINT ( 'NONE',  ( -1.984375000000021094, 0.3904979548822726798, 0.9174999999999992051 ) ) ;
#2773 = DIRECTION ( 'NONE',  ( -0.4999999999999986122, -0.8660254037844394848, 0.000000000000000000 ) ) ;
#2774 = ORIENTED_EDGE ( 'NONE', *, *, #5985, .F. ) ;
#2775 = ORIENTED_EDGE ( 'NONE', *, *, #6437, .T. ) ;
#2776 = LINE ( 'NONE', #8602, #3768 ) ;
#2777 = CIRCLE ( 'NONE', #3989, 0.3124999999999972800 ) ;
#2778 = DIRECTION ( 'NONE',  ( -0.000000000000000000, -0.000000000000000000, -1.000000000000000000 ) ) ;
#2779 = DIRECTION ( 'NONE',  ( -0.8660254037844394848, -0.4999999999999986677, 0.000000000000000000 ) ) ;
#2780 = CARTESIAN_POINT ( 'NONE',  ( -1.242624999999987656, 0.000000000000000000, 0.000000000000000000 ) ) ;
#2781 = CIRCLE ( 'NONE', #3996, 0.2175000000000006928 ) ;
#2782 = CARTESIAN_POINT ( 'NONE',  ( -2.392868649053890628, -0.3170337998483088171, 0.6999999999999999556 ) ) ;
#2783 = CARTESIAN_POINT ( 'NONE',  ( 1.807738770884311119, 0.3012499999999982969, 0.2175000000000008316 ) ) ;
#2784 = FACE_BOUND ( 'NONE', #657, .T. ) ;
#2785 = CARTESIAN_POINT ( 'NONE',  ( -1.852331411169191311, 0.3421418922953584629, 0.6097839248367360465 ) ) ;
#2786 = DIRECTION ( 'NONE',  ( 0.000000000000000000, 0.000000000000000000, -1.000000000000000000 ) ) ;
#2787 = VERTEX_POINT ( 'NONE', #5474 ) ;
#2788 = AXIS2_PLACEMENT_3D ( 'NONE', #2157, #639, #6307 ) ;
#2789 = DIRECTION ( 'NONE',  ( 1.000000000000000000, 0.000000000000000000, -0.000000000000000000 ) ) ;
#2790 = ORIENTED_EDGE ( 'NONE', *, *, #6179, .F. ) ;
#2791 = VERTEX_POINT ( 'NONE', #1185 ) ;
#2792 = DIRECTION ( 'NONE',  ( 1.000000000000000000, 5.090879084663727145E-14, 0.000000000000000000 ) ) ;
#2793 = CARTESIAN_POINT ( 'NONE',  ( -2.453125000000005329, 0.2893790496476773000, 0.9499999999999999556 ) ) ;
#2794 = ORIENTED_EDGE ( 'NONE', *, *, #8966, .T. ) ;
#2795 = CARTESIAN_POINT ( 'NONE',  ( -2.546874999999995559, -0.5502869753213701642, 0.9499999999999999556 ) ) ;
#2796 = CARTESIAN_POINT ( 'NONE',  ( 2.296370442160278635, -0.2613205341219645983, 0.9499999999999999556 ) ) ;
#2797 = EDGE_CURVE ( 'NONE', #1772, #6716, #4082, .T. ) ;
#2798 = CARTESIAN_POINT ( 'NONE',  ( -2.330368649053886632, -0.4252869753213685544, 0.6999999999999999556 ) ) ;
#2799 = ORIENTED_EDGE ( 'NONE', *, *, #5438, .T. ) ;
#2800 = CARTESIAN_POINT ( 'NONE',  ( 2.255625000000000213, 0.6404979548822493651, 0.2600000000000000089 ) ) ;
#2801 = LINE ( 'NONE', #626, #4230 ) ;
#2802 = DIRECTION ( 'NONE',  ( -3.599795122966500165E-14, 0.7071067811865504593, 0.7071067811865445751 ) ) ;
#2803 = CARTESIAN_POINT ( 'NONE',  ( 1.984375000000025979, 0.2790714234295686436, 0.2600000000000002309 ) ) ;
#2804 = CARTESIAN_POINT ( 'NONE',  ( -1.691127361437541943, 0.05622084583895026189, 0.9499999999999999556 ) ) ;
#2805 = ORIENTED_EDGE ( 'NONE', *, *, #1465, .T. ) ;
#2806 = CARTESIAN_POINT ( 'NONE',  ( -2.298125000000001528, 0.6404979548822472557, 0.2500000000000000555 ) ) ;
#2807 = ORIENTED_EDGE ( 'NONE', *, *, #5092, .T. ) ;
#2808 = EDGE_CURVE ( 'NONE', #5364, #4673, #5406, .T. ) ;
#2809 = EDGE_CURVE ( 'NONE', #7847, #5359, #470, .T. ) ;
#2810 = ORIENTED_EDGE ( 'NONE', *, *, #4329, .T. ) ;
#2811 = EDGE_LOOP ( 'NONE', ( #6102, #8805, #2382 ) ) ;
#2812 = CARTESIAN_POINT ( 'NONE',  ( -1.635624999999971241, -0.4333735458104718830, 0.2599999999999999534 ) ) ;
#2813 = CARTESIAN_POINT ( 'NONE',  ( 0.5000000000000001110, -0.2687500000000005995, 0.000000000000000000 ) ) ;
#2814 = CARTESIAN_POINT ( 'NONE',  ( -1.306874999999987574, 0.000000000000000000, 0.2500000000000000555 ) ) ;
#2815 = DIRECTION ( 'NONE',  ( 1.000000000000000000, 7.827072323607353610E-15, 0.000000000000000000 ) ) ;
#2816 = ORIENTED_EDGE ( 'NONE', *, *, #8891, .F. ) ;
#2817 = EDGE_LOOP ( 'NONE', ( #2522, #455, #4097, #4844, #8600 ) ) ;
#2818 = EDGE_CURVE ( 'NONE', #7773, #1029, #2362, .T. ) ;
#2819 = FACE_BOUND ( 'NONE', #4291, .T. ) ;
#2820 = ADVANCED_FACE ( 'NONE', ( #6333 ), #8434, .T. ) ;
#2821 = CARTESIAN_POINT ( 'NONE',  ( 2.296370442160278635, -0.2613205341219648759, 0.2599999999999999534 ) ) ;
#2822 = EDGE_LOOP ( 'NONE', ( #2180, #6126, #6734, #812, #3803 ) ) ;
#2823 = VECTOR ( 'NONE', #8664, 39.37007874015748143 ) ;
#2824 = EDGE_CURVE ( 'NONE', #2457, #700, #5617, .T. ) ;
#2825 = DIRECTION ( 'NONE',  ( 1.000000000000000000, 0.000000000000000000, 2.185478394931412547E-15 ) ) ;
#2826 = CARTESIAN_POINT ( 'NONE',  ( 2.440906254365970085, 0.6085559000684025444, 0.8223310893196604798 ) ) ;
#2827 = DIRECTION ( 'NONE',  ( 0.5000000000000083267, -0.8660254037844338226, 0.000000000000000000 ) ) ;
#2828 = CARTESIAN_POINT ( 'NONE',  ( 1.716506350946108261, -0.07346415503393140256, 0.9174999999999992051 ) ) ;
#2829 = LINE ( 'NONE', #8704, #6505 ) ;
#2830 = VECTOR ( 'NONE', #8425, 39.37007874015748143 ) ;
#2831 = EDGE_CURVE ( 'NONE', #9043, #4093, #7584, .T. ) ;
#2832 = CARTESIAN_POINT ( 'NONE',  ( 2.390625000000005329, 0.6404979548822425928, 0.4649999999999999689 ) ) ;
#2833 = CARTESIAN_POINT ( 'NONE',  ( 2.217877510790053019, -0.4275369799581560382, 0.8082115781183684122 ) ) ;
#2834 = ORIENTED_EDGE ( 'NONE', *, *, #5102, .F. ) ;
#2835 = EDGE_LOOP ( 'NONE', ( #1112, #5292, #9193, #3195 ) ) ;
#2836 = ORIENTED_EDGE ( 'NONE', *, *, #4793, .F. ) ;
#2837 = LINE ( 'NONE', #6579, #5922 ) ;
#2838 = DIRECTION ( 'NONE',  ( 0.000000000000000000, -0.000000000000000000, -1.000000000000000000 ) ) ;
#2839 = ORIENTED_EDGE ( 'NONE', *, *, #7327, .F. ) ;
#2840 = LINE ( 'NONE', #8088, #7464 ) ;
#2841 = AXIS2_PLACEMENT_3D ( 'NONE', #7707, #4649, #4702 ) ;
#2842 = AXIS2_PLACEMENT_3D ( 'NONE', #4432, #813, #769 ) ;
#2843 = CARTESIAN_POINT ( 'NONE',  ( 2.169499999999999318, 0.4764989774411177437, -5.578266170116183356E-17 ) ) ;
#2844 = CARTESIAN_POINT ( 'NONE',  ( -1.956752361437507526, -0.4038551499215299323, 0.9499999999999999556 ) ) ;
#2845 = CARTESIAN_POINT ( 'NONE',  ( 1.668770825622963860, -0.4257837998483152142, 0.9499999999999999556 ) ) ;
#2846 = VERTEX_POINT ( 'NONE', #8520 ) ;
#2847 = DIRECTION ( 'NONE',  ( 0.4999999999999972800, 0.8660254037844402619, -0.000000000000000000 ) ) ;
#2848 = AXIS2_PLACEMENT_3D ( 'NONE', #5032, #1595, #4498 ) ;
#2849 = AXIS2_PLACEMENT_3D ( 'NONE', #5995, #846, #1603 ) ;
#2850 = DIRECTION ( 'NONE',  ( -0.8660254037844431485, 0.4999999999999918954, -0.000000000000000000 ) ) ;
#2851 = EDGE_CURVE ( 'NONE', #2160, #6597, #1941, .T. ) ;
#2852 = DIRECTION ( 'NONE',  ( -1.000000000000000000, 0.000000000000000000, 0.000000000000000000 ) ) ;
#2853 = DIRECTION ( 'NONE',  ( 1.000000000000000000, 5.142302105720483758E-14, 0.000000000000000000 ) ) ;
#2854 = FACE_OUTER_BOUND ( 'NONE', #5264, .T. ) ;
#2855 = VERTEX_POINT ( 'NONE', #7851 ) ;
#2856 = LINE ( 'NONE', #6641, #4664 ) ;
#2857 = ORIENTED_EDGE ( 'NONE', *, *, #8990, .F. ) ;
#2858 = CIRCLE ( 'NONE', #5163, 0.3124999999999972800 ) ;
#2859 = VECTOR ( 'NONE', #3452, 39.37007874015748143 ) ;
#2860 = AXIS2_PLACEMENT_3D ( 'NONE', #9474, #6574, #5076 ) ;
#2861 = VECTOR ( 'NONE', #8705, 39.37007874015748854 ) ;
#2862 = ORIENTED_EDGE ( 'NONE', *, *, #4636, .T. ) ;
#2863 = EDGE_CURVE ( 'NONE', #715, #2627, #8573, .T. ) ;
#2864 = DIRECTION ( 'NONE',  ( -0.000000000000000000, 1.000000000000000000, -0.000000000000000000 ) ) ;
#2865 = DIRECTION ( 'NONE',  ( 1.000000000000000000, 1.865610830299460874E-15, -0.000000000000000000 ) ) ;
#2866 = CONICAL_SURFACE ( 'NONE', #7163, 0.3449999999999983635, 0.7853981633974514986 ) ;
#2867 = CARTESIAN_POINT ( 'NONE',  ( 2.582160219341328666, -0.2382494887205698075, 0.000000000000000000 ) ) ;
#2868 = CARTESIAN_POINT ( 'NONE',  ( -2.125000000000000000, 0.000000000000000000, 0.9175000000000006484 ) ) ;
#2869 = VERTEX_POINT ( 'NONE', #3407 ) ;
#2870 = VERTEX_POINT ( 'NONE', #7121 ) ;
#2871 = CARTESIAN_POINT ( 'NONE',  ( 1.708303358903932256, 0.1333342061946302948, 0.8082115781183680792 ) ) ;
#2872 = CARTESIAN_POINT ( 'NONE',  ( 2.125000000000000000, 0.4764989774411177437, 0.2500000000000000555 ) ) ;
#2873 = CIRCLE ( 'NONE', #4087, 0.04250000000000398598 ) ;
#2874 = VECTOR ( 'NONE', #4612, 39.37007874015748143 ) ;
#2875 = ADVANCED_FACE ( 'NONE', ( #9280 ), #4175, .T. ) ;
#2876 = EDGE_CURVE ( 'NONE', #8916, #7684, #4273, .T. ) ;
#2877 = DIRECTION ( 'NONE',  ( -0.8660254037844362651, -0.5000000000000039968, 0.000000000000000000 ) ) ;
#2878 = CARTESIAN_POINT ( 'NONE',  ( -1.989359352549145976, 0.2815355206474021155, 0.2509675856017753448 ) ) ;
#2879 = DIRECTION ( 'NONE',  ( 0.8660254037844354880, -0.5000000000000056621, -3.824587191129966534E-15 ) ) ;
#2880 = FACE_OUTER_BOUND ( 'NONE', #9457, .T. ) ;
#2881 = VECTOR ( 'NONE', #6670, 39.37007874015748143 ) ;
#2882 = CARTESIAN_POINT ( 'NONE',  ( 2.390625000000005773, 0.6404979548822425928, 0.6642500000000000071 ) ) ;
#2883 = LINE ( 'NONE', #8708, #5898 ) ;
#2884 = VECTOR ( 'NONE', #6586, 39.37007874015748143 ) ;
#2885 = ORIENTED_EDGE ( 'NONE', *, *, #7118, .T. ) ;
#2886 = EDGE_CURVE ( 'NONE', #1921, #406, #8717, .T. ) ;
#2887 = B_SPLINE_CURVE_WITH_KNOTS ( 'NONE', 3,
 ( #7337, #4389, #4917, #2199, #5686, #9357, #7968, #6464, #584, #1482, #5061, #5103, #8637, #7915 ),
 .UNSPECIFIED., .F., .F.,
 ( 4, 2, 2, 2, 2, 2, 4 ),
 ( 0.000000000000000000, 0.0007337661947641810822, 0.001467532389528362164, 0.001834415486910452109, 0.002201298584292541837, 0.002568181681674631782, 0.002935064779056721727 ),
 .UNSPECIFIED. ) ;
#2888 = CARTESIAN_POINT ( 'NONE',  ( -1.691127361437541943, 0.05622084583895026189, 0.3525000000000004241 ) ) ;
#2889 = EDGE_CURVE ( 'NONE', #6640, #4320, #7220, .T. ) ;
#2890 = CARTESIAN_POINT ( 'NONE',  ( 1.994375000000038423, -5.924184753867600315E-15, 0.2500000000000000555 ) ) ;
#2891 = VECTOR ( 'NONE', #5700, 39.37007874015748143 ) ;
#2892 = ORIENTED_EDGE ( 'NONE', *, *, #273, .F. ) ;
#2893 = AXIS2_PLACEMENT_3D ( 'NONE', #7090, #3426, #5396 ) ;
#2894 = CARTESIAN_POINT ( 'NONE',  ( 1.859375000000002665, 0.6404979548822695712, 0.2500000000000000555 ) ) ;
#2895 = CARTESIAN_POINT ( 'NONE',  ( 2.211547108317882149, -0.4288541104406126681, 0.4150000000000000910 ) ) ;
#2896 = DIRECTION ( 'NONE',  ( 0.000000000000000000, 0.000000000000000000, -1.000000000000000000 ) ) ;
#2897 = DIRECTION ( 'NONE',  ( -0.000000000000000000, -0.000000000000000000, -1.000000000000000000 ) ) ;
#2898 = EDGE_LOOP ( 'NONE', ( #8279, #5230, #3423, #5058 ) ) ;
#2899 = DIRECTION ( 'NONE',  ( 0.000000000000000000, 1.000000000000000000, 0.000000000000000000 ) ) ;
#2900 = AXIS2_PLACEMENT_3D ( 'NONE', #6545, #4283, #5819 ) ;
#2901 = CARTESIAN_POINT ( 'NONE',  ( -2.537660219341328460, -0.2382494887205698075, 0.000000000000000000 ) ) ;
#2902 = DIRECTION ( 'NONE',  ( -0.000000000000000000, -0.000000000000000000, 1.000000000000000000 ) ) ;
#2903 = CARTESIAN_POINT ( 'NONE',  ( -1.408382262026758758, -0.03485332976920646475, 0.7349999999999999867 ) ) ;
#2904 = CARTESIAN_POINT ( 'NONE',  ( -2.211562499999971898, 0.1499306480301514644, 0.9499999999999999556 ) ) ;
#2905 = ORIENTED_EDGE ( 'NONE', *, *, #1235, .T. ) ;
#2906 = DIRECTION ( 'NONE',  ( -0.000000000000000000, -0.000000000000000000, 1.000000000000000000 ) ) ;
#2907 = ORIENTED_EDGE ( 'NONE', *, *, #6956, .F. ) ;
#2908 = AXIS2_PLACEMENT_3D ( 'NONE', #8362, #4825, #6120 ) ;
#2909 = ORIENTED_EDGE ( 'NONE', *, *, #2248, .T. ) ;
#2910 = VERTEX_POINT ( 'NONE', #7990 ) ;
#2911 = ORIENTED_EDGE ( 'NONE', *, *, #8581, .F. ) ;
#2912 = FACE_OUTER_BOUND ( 'NONE', #152, .T. ) ;
#2913 = CARTESIAN_POINT ( 'NONE',  ( 2.546874999999995559, -0.5502869753213698312, 0.4150000000000000910 ) ) ;
#2914 = PLANE ( 'NONE',  #890 ) ;
#2915 = DIRECTION ( 'NONE',  ( -0.000000000000000000, -0.000000000000000000, -1.000000000000000000 ) ) ;
#2916 = ORIENTED_EDGE ( 'NONE', *, *, #8333, .T. ) ;
#2917 = ORIENTED_EDGE ( 'NONE', *, *, #1465, .F. ) ;
#2918 = CARTESIAN_POINT ( 'NONE',  ( 1.705664676458366724, 0.1248077084662159025, 0.8197202386689930176 ) ) ;
#2919 = CARTESIAN_POINT ( 'NONE',  ( 2.537660219341328460, -0.2382494887205698075, 0.2500000000000000555 ) ) ;
#2920 = EDGE_CURVE ( 'NONE', #4633, #7974, #6533, .T. ) ;
#2921 = VERTEX_POINT ( 'NONE', #7310 ) ;
#2922 = CARTESIAN_POINT ( 'NONE',  ( -1.635624999999971241, -0.4333735458104719385, 0.2174999999999991107 ) ) ;
#2923 = CARTESIAN_POINT ( 'NONE',  ( 2.445024226115720456, 0.2983263245865705460, 0.8160814793539353795 ) ) ;
#2924 = DIRECTION ( 'NONE',  ( -0.000000000000000000, -1.000000000000000000, -0.000000000000000000 ) ) ;
#2925 = FACE_OUTER_BOUND ( 'NONE', #3831, .T. ) ;
#2926 = VECTOR ( 'NONE', #4720, 39.37007874015748143 ) ;
#2927 = EDGE_LOOP ( 'NONE', ( #9447, #7879, #5472, #6118 ) ) ;
#2928 = CARTESIAN_POINT ( 'NONE',  ( -2.453125000000005329, 0.2893790496476773000, 0.4150000000000000910 ) ) ;
#2929 = CARTESIAN_POINT ( 'NONE',  ( 1.859375000000008882, 0.6404979548822424817, 0.6642500000000000071 ) ) ;
#2930 = ADVANCED_FACE ( 'NONE', ( #4319 ), #6500, .F. ) ;
#2931 = EDGE_CURVE ( 'NONE', #6942, #2855, #5874, .T. ) ;
#2932 = AXIS2_PLACEMENT_3D ( 'NONE', #6476, #8703, #5702 ) ;
#2933 = EDGE_LOOP ( 'NONE', ( #1351, #4299 ) ) ;
#2934 = CARTESIAN_POINT ( 'NONE',  ( -2.614374999999999449, -0.4333735458104661098, 0.2599999999999999534 ) ) ;
#2935 = DIRECTION ( 'NONE',  ( -0.000000000000000000, -0.000000000000000000, -1.000000000000000000 ) ) ;
#2936 = ORIENTED_EDGE ( 'NONE', *, *, #3718, .T. ) ;
#2937 = DIRECTION ( 'NONE',  ( -0.000000000000000000, -0.000000000000000000, 1.000000000000000000 ) ) ;
#2938 = VECTOR ( 'NONE', #311, 39.37007874015748143 ) ;
#2939 = CARTESIAN_POINT ( 'NONE',  ( -2.546874999999995559, -0.5502869753213701642, 0.000000000000000000 ) ) ;
#2940 = EDGE_CURVE ( 'NONE', #6145, #699, #1511, .T. ) ;
#2941 = LINE ( 'NONE', #8766, #9328 ) ;
#2942 = ADVANCED_FACE ( 'NONE', ( #8035 ), #6440, .F. ) ;
#2943 = LINE ( 'NONE', #178, #8556 ) ;
#2944 = CARTESIAN_POINT ( 'NONE',  ( 1.559174798107780591, -0.01996200211974713534, 0.5999999999999999778 ) ) ;
#2945 = EDGE_CURVE ( 'NONE', #4556, #6248, #4419, .T. ) ;
#2946 = DIRECTION ( 'NONE',  ( 4.370956789862821150E-15, 2.185478394931410575E-15, -1.000000000000000000 ) ) ;
#2947 = CARTESIAN_POINT ( 'NONE',  ( 2.546874999999995559, -0.5502869753213696091, 0.3525000000000004241 ) ) ;
#2948 = EDGE_LOOP ( 'NONE', ( #5577, #6357, #595, #688 ) ) ;
#2949 = CARTESIAN_POINT ( 'NONE',  ( -2.537660219341328460, -0.2382494887205698075, 0.2500000000000000555 ) ) ;
#2950 = EDGE_LOOP ( 'NONE', ( #5971, #4078, #3332, #3535 ) ) ;
#2951 = ORIENTED_EDGE ( 'NONE', *, *, #8460, .F. ) ;
#2952 = ORIENTED_EDGE ( 'NONE', *, *, #9098, .T. ) ;
#2953 = EDGE_LOOP ( 'NONE', ( #3594, #1481, #6674, #7713 ) ) ;
#2954 = PLANE ( 'NONE',  #1377 ) ;
#2955 = CARTESIAN_POINT ( 'NONE',  ( -2.515624999999995559, -0.6044135630578968410, 0.4650000000000000799 ) ) ;
#2956 = DIRECTION ( 'NONE',  ( 0.4999999999999918954, -0.8660254037844431485, 0.000000000000000000 ) ) ;
#2957 = CARTESIAN_POINT ( 'NONE',  ( -1.880441930300842390, -0.4479129978800760470, 0.5999999999999999778 ) ) ;
#2958 = EDGE_LOOP ( 'NONE', ( #5387, #7558, #6659, #6596 ) ) ;
#2959 = CONICAL_SURFACE ( 'NONE', #7731, 0.3449999999999967537, 0.7853981633974503884 ) ;
#2960 = ORIENTED_EDGE ( 'NONE', *, *, #7771, .T. ) ;
#2961 = DIRECTION ( 'NONE',  ( 0.4999999999999527045, 0.8660254037844660191, 0.000000000000000000 ) ) ;
#2962 = DIRECTION ( 'NONE',  ( -1.000000000000000000, 0.000000000000000000, 0.000000000000000000 ) ) ;
#2963 = ORIENTED_EDGE ( 'NONE', *, *, #4165, .F. ) ;
#2964 = CARTESIAN_POINT ( 'NONE',  ( 2.390625000000005329, 0.6404979548822425928, 0.4649999999999999689 ) ) ;
#2965 = PLANE ( 'NONE',  #7020 ) ;
#2966 = ORIENTED_EDGE ( 'NONE', *, *, #9048, .T. ) ;
#2967 = CARTESIAN_POINT ( 'NONE',  ( 1.994375000000009557, 0.6404979548822627988, 0.2600000000000000089 ) ) ;
#2968 = CARTESIAN_POINT ( 'NONE',  ( 2.296370442160278635, -0.2613205341219648759, 0.9499999999999999556 ) ) ;
#2969 = EDGE_CURVE ( 'NONE', #2099, #5423, #1417, .T. ) ;
#2970 = CARTESIAN_POINT ( 'NONE',  ( -2.125000000000000000, 0.000000000000000000, 0.2500000000000000555 ) ) ;
#2971 = DIRECTION ( 'NONE',  ( 1.000000000000000000, 3.023406148612434155E-15, 0.000000000000000000 ) ) ;
#2972 = AXIS2_PLACEMENT_3D ( 'NONE', #5993, #2368, #5229 ) ;
#2973 = CARTESIAN_POINT ( 'NONE',  ( -1.559343435260007071, -0.3012499999999982969, 0.9499999999999999556 ) ) ;
#2974 = ORIENTED_EDGE ( 'NONE', *, *, #8818, .F. ) ;
#2975 = ORIENTED_EDGE ( 'NONE', *, *, #5635, .T. ) ;
#2976 = CARTESIAN_POINT ( 'NONE',  ( -1.710042773475885181, 0.1386340404934252590, 0.4052457801197264509 ) ) ;
#2977 = EDGE_CURVE ( 'NONE', #341, #3766, #5725, .T. ) ;
#2978 = EDGE_CURVE ( 'NONE', #190, #3515, #7263, .T. ) ;
#2979 = LINE ( 'NONE', #8617, #7432 ) ;
#2980 = ORIENTED_EDGE ( 'NONE', *, *, #4740, .T. ) ;
#2981 = DIRECTION ( 'NONE',  ( 0.000000000000000000, 0.000000000000000000, -1.000000000000000000 ) ) ;
#2982 = FACE_OUTER_BOUND ( 'NONE', #2822, .T. ) ;
#2983 = CARTESIAN_POINT ( 'NONE',  ( -2.436168188425644310, -0.02882027952503101939, 0.2500000000000000555 ) ) ;
#2984 = LINE ( 'NONE', #5902, #282 ) ;
#2985 = ORIENTED_EDGE ( 'NONE', *, *, #2978, .F. ) ;
#2986 = CARTESIAN_POINT ( 'NONE',  ( 1.457619219362565666, -0.04083989865979355954, 0.8389174173226140452 ) ) ;
#2987 = LINE ( 'NONE', #181, #298 ) ;
#2988 = EDGE_CURVE ( 'NONE', #472, #131, #8810, .T. ) ;
#2989 = EDGE_CURVE ( 'NONE', #2589, #8736, #2979, .T. ) ;
#2990 = AXIS2_PLACEMENT_3D ( 'NONE', #2285, #8764, #6724 ) ;
#2991 = VECTOR ( 'NONE', #3096, 39.37007874015748143 ) ;
#2992 = CARTESIAN_POINT ( 'NONE',  ( -1.994375000000010889, 0.6079979548822629365, 0.2600000000000000089 ) ) ;
#2993 = ORIENTED_EDGE ( 'NONE', *, *, #546, .T. ) ;
#2994 = DIRECTION ( 'NONE',  ( 0.000000000000000000, 0.7071067811865496822, 0.7071067811865453523 ) ) ;
#2995 = VERTEX_POINT ( 'NONE', #5761 ) ;
#2996 = CONICAL_SURFACE ( 'NONE', #5439, 0.3449999999999967537, 0.7853981633974503884 ) ;
#2997 = VERTEX_POINT ( 'NONE', #754 ) ;
#2998 = EDGE_CURVE ( 'NONE', #7723, #1903, #4222, .T. ) ;
#2999 = CARTESIAN_POINT ( 'NONE',  ( -1.437499999999995337, -0.09021097956086862601, 0.7350000000000000977 ) ) ;
#3000 = PLANE ( 'NONE',  #7859 ) ;
#3001 = CARTESIAN_POINT ( 'NONE',  ( 2.593125000000000124, -0.4701796254713027090, 0.6999999999999999556 ) ) ;
#3002 = CARTESIAN_POINT ( 'NONE',  ( 2.498039216857761424, -0.5924136477334630557, 0.8011496496916044041 ) ) ;
#3003 = VERTEX_POINT ( 'NONE', #3646 ) ;
#3004 = VECTOR ( 'NONE', #5690, 39.37007874015748854 ) ;
#3005 = CIRCLE ( 'NONE', #2254, 0.3124999999999972800 ) ;
#3006 = CARTESIAN_POINT ( 'NONE',  ( 2.125000000000000000, 0.000000000000000000, 0.9174999999999992051 ) ) ;
#3007 = STYLED_ITEM ( 'NONE', ( #8987 ), #680 ) ;
#3008 = CONICAL_SURFACE ( 'NONE', #5909, 0.2175000000000008316, 0.7853981633974482790 ) ;
#3009 = ORIENTED_EDGE ( 'NONE', *, *, #6820, .F. ) ;
#3010 = SURFACE_STYLE_USAGE ( .BOTH. , #924 ) ;
#3011 = EDGE_CURVE ( 'NONE', #1059, #85, #1762, .T. ) ;
#3012 = DIRECTION ( 'NONE',  ( 0.8660254037844348218, -0.5000000000000066613, 0.000000000000000000 ) ) ;
#3013 = CIRCLE ( 'NONE', #281, 0.3124999999999972800 ) ;
#3014 = EDGE_LOOP ( 'NONE', ( #4601, #4787, #8050, #9238 ) ) ;
#3015 = VECTOR ( 'NONE', #5839, 39.37007874015748143 ) ;
#3016 = AXIS2_PLACEMENT_3D ( 'NONE', #4348, #7150, #5022 ) ;
#3017 = DIRECTION ( 'NONE',  ( -0.000000000000000000, -0.000000000000000000, 1.000000000000000000 ) ) ;
#3018 = CARTESIAN_POINT ( 'NONE',  ( -2.812500000000023093, -0.09021097956089574321, 0.6999999999999999556 ) ) ;
#3019 = ORIENTED_EDGE ( 'NONE', *, *, #6094, .F. ) ;
#3020 = CARTESIAN_POINT ( 'NONE',  ( 2.330368649053886632, -0.4252869753213685544, 0.6999999999999999556 ) ) ;
#3021 = CARTESIAN_POINT ( 'NONE',  ( 0.5000000000000000000, 0.2087499999999984091, 0.000000000000000000 ) ) ;
#3022 = CARTESIAN_POINT ( 'NONE',  ( 1.437499999999995337, -0.09021097956086862601, 0.3525000000000004241 ) ) ;
#3023 = DIRECTION ( 'NONE',  ( -0.5000000000000035527, 0.8660254037844364872, -0.000000000000000000 ) ) ;
#3024 = AXIS2_PLACEMENT_3D ( 'NONE', #7989, #6626, #8806 ) ;
#3025 = VECTOR ( 'NONE', #8940, 39.37007874015748854 ) ;
#3026 = CIRCLE ( 'NONE', #7651, 0.3124999999999972800 ) ;
#3027 = CARTESIAN_POINT ( 'NONE',  ( 2.169499999999999318, 0.4764989774411177437, 0.2500000000000000555 ) ) ;
#3028 = EDGE_CURVE ( 'NONE', #2205, #7585, #5810, .T. ) ;
#3029 = ORIENTED_EDGE ( 'NONE', *, *, #6069, .F. ) ;
#3030 = DIRECTION ( 'NONE',  ( 0.8660254037844447028, -0.4999999999999894529, 0.000000000000000000 ) ) ;
#3031 = VECTOR ( 'NONE', #3217, 39.37007874015748143 ) ;
#3032 = AXIS2_PLACEMENT_3D ( 'NONE', #7545, #3964, #1779 ) ;
#3033 = CARTESIAN_POINT ( 'NONE',  ( 2.537660219341328460, -0.2382494887205698075, -5.578266170116183356E-17 ) ) ;
#3034 = ORIENTED_EDGE ( 'NONE', *, *, #5615, .F. ) ;
#3035 = AXIS2_PLACEMENT_3D ( 'NONE', #160, #3070, #5883 ) ;
#3036 = DIRECTION ( 'NONE',  ( -0.4999999999999918954, -0.8660254037844431485, -2.185478394931412152E-15 ) ) ;
#3037 = CARTESIAN_POINT ( 'NONE',  ( 1.167433081593972855, -0.3012499999999982969, 0.5000000000000002220 ) ) ;
#3038 = DIRECTION ( 'NONE',  ( 0.5000000000000041078, 0.8660254037844363761, 0.000000000000000000 ) ) ;
#3039 = VECTOR ( 'NONE', #7351, 39.37007874015748854 ) ;
#3040 = DIRECTION ( 'NONE',  ( 0.7071067811865683339, -0.7071067811865267005, 0.000000000000000000 ) ) ;
#3041 = EDGE_CURVE ( 'NONE', #6530, #1646, #29, .T. ) ;
#3042 = EDGE_LOOP ( 'NONE', ( #9113, #3460, #8624, #5482 ) ) ;
#3043 = LINE ( 'NONE', #1383, #5497 ) ;
#3044 = AXIS2_PLACEMENT_3D ( 'NONE', #6702, #8204, #3855 ) ;
#3045 = DIRECTION ( 'NONE',  ( 0.3535533905932985999, -0.6123724356959215909, -0.7071067811864248931 ) ) ;
#3046 = AXIS2_PLACEMENT_3D ( 'NONE', #638, #2864, #9450 ) ;
#3047 = CARTESIAN_POINT ( 'NONE',  ( 1.691127361437541943, 0.05622084583895026189, 0.7350000000000015410 ) ) ;
#3048 = EDGE_LOOP ( 'NONE', ( #4314, #995, #7716, #676 ) ) ;
#3049 = ORIENTED_EDGE ( 'NONE', *, *, #6544, .T. ) ;
#3050 = VERTEX_POINT ( 'NONE', #1459 ) ;
#3051 = CARTESIAN_POINT ( 'NONE',  ( 1.919631350946071402, -0.4252869753213548987, 0.9499999999999999556 ) ) ;
#3052 = ORIENTED_EDGE ( 'NONE', *, *, #1355, .F. ) ;
#3053 = EDGE_CURVE ( 'NONE', #1204, #4762, #2374, .T. ) ;
#3054 = ADVANCED_FACE ( 'NONE', ( #8142 ), #5180, .F. ) ;
#3055 = CIRCLE ( 'NONE', #2447, 0.04449999999999948441 ) ;
#3056 = VERTEX_POINT ( 'NONE', #3129 ) ;
#3057 = DIRECTION ( 'NONE',  ( -1.865610830299460874E-15, 1.000000000000000000, 0.000000000000000000 ) ) ;
#3058 = CARTESIAN_POINT ( 'NONE',  ( 1.167433081593972632, -0.2687500000000004885, 0.2500000000000002220 ) ) ;
#3059 = CARTESIAN_POINT ( 'NONE',  ( 2.125000000000000000, 0.000000000000000000, 0.000000000000000000 ) ) ;
#3060 = CARTESIAN_POINT ( 'NONE',  ( 2.501124091573759145, -0.5339058143017523239, 0.8470415347009946361 ) ) ;
#3061 = ORIENTED_EDGE ( 'NONE', *, *, #4499, .F. ) ;
#3062 = CONICAL_SURFACE ( 'NONE', #2456, 0.04250000000000149492, 0.7853981633974536081 ) ;
#3063 = CARTESIAN_POINT ( 'NONE',  ( 1.812500000000002665, -0.2687500000000004885, 0.2500000000000000000 ) ) ;
#3064 = ORIENTED_EDGE ( 'NONE', *, *, #8423, .T. ) ;
#3065 = LENGTH_MEASURE_WITH_UNIT ( LENGTH_MEASURE( 0.02539999999999999897 ), #6653 );
#3066 = ADVANCED_FACE ( 'NONE', ( #3930 ), #4463, .F. ) ;
#3067 = EDGE_CURVE ( 'NONE', #700, #3095, #4037, .T. ) ;
#3068 = ORIENTED_EDGE ( 'NONE', *, *, #4792, .T. ) ;
#3069 = CARTESIAN_POINT ( 'NONE',  ( 1.994375000000009557, 0.6404979548822627988, 0.2175000000000000266 ) ) ;
#3070 = DIRECTION ( 'NONE',  ( 0.000000000000000000, 0.000000000000000000, 1.000000000000000000 ) ) ;
#3071 = ADVANCED_FACE ( 'NONE', ( #8906 ), #5267, .F. ) ;
#3072 = ORIENTED_EDGE ( 'NONE', *, *, #1585, .T. ) ;
#3073 = DIRECTION ( 'NONE',  ( 0.7071067811866752484, 3.269044716369829889E-14, -0.7071067811864196750 ) ) ;
#3074 = CARTESIAN_POINT ( 'NONE',  ( -2.390625000000005773, 0.3476343040825996544, 0.8474999999999995870 ) ) ;
#3075 = LINE ( 'NONE', #5172, #4402 ) ;
#3076 = DIRECTION ( 'NONE',  ( 0.9659258262890734192, -0.2588190451025017547, 0.000000000000000000 ) ) ;
#3077 = DIRECTION ( 'NONE',  ( 0.000000000000000000, 0.000000000000000000, 1.000000000000000000 ) ) ;
#3078 = ORIENTED_EDGE ( 'NONE', *, *, #3067, .F. ) ;
#3079 = B_SPLINE_CURVE_WITH_KNOTS ( 'NONE', 3,
 ( #3315, #9194, #7019, #468, #8713, #2081, #71, #7409, #1414, #7943, #3596, #4418, #5757, #1374, #6482, #27 ),
 .UNSPECIFIED., .F., .F.,
 ( 4, 2, 2, 2, 2, 2, 2, 4 ),
 ( 0.002937417615281280245, 0.003303932797524180252, 0.003670447979767080260, 0.004036963162009980267, 0.004403478344252880275, 0.004769993526495780282, 0.005136508708738680290, 0.005869539073224497652 ),
 .UNSPECIFIED. ) ;
#3080 = VERTEX_POINT ( 'NONE', #6673 ) ;
#3081 = DIRECTION ( 'NONE',  ( -0.000000000000000000, 1.000000000000000000, -0.000000000000000000 ) ) ;
#3082 = AXIS2_PLACEMENT_3D ( 'NONE', #3173, #5362, #7605 ) ;
#3083 = LINE ( 'NONE', #5992, #3958 ) ;
#3084 = DIRECTION ( 'NONE',  ( 0.5000000000000041078, 0.8660254037844362651, 2.185478394931412152E-15 ) ) ;
#3085 = B_SPLINE_CURVE_WITH_KNOTS ( 'NONE', 3,
 ( #8914, #1613, #2697, #4032 ),
 .UNSPECIFIED., .F., .F.,
 ( 4, 4 ),
 ( 0.000000000000000000, 0.001266630838601753069 ),
 .UNSPECIFIED. ) ;
#3086 = ORIENTED_EDGE ( 'NONE', *, *, #8424, .F. ) ;
#3087 = MANIFOLD_SOLID_BREP ( '#4-40 Tapped Hole2', #3892 ) ;
#3088 = CARTESIAN_POINT ( 'NONE',  ( 2.125000000000000000, 0.000000000000000000, 0.9499999999999999556 ) ) ;
#3089 = AXIS2_PLACEMENT_3D ( 'NONE', #7510, #8327, #8282 ) ;
#3090 = LINE ( 'NONE', #945, #7936 ) ;
#3091 = DIRECTION ( 'NONE',  ( -1.000000000000000000, 4.535261055593809906E-14, 0.000000000000000000 ) ) ;
#3092 = CARTESIAN_POINT ( 'NONE',  ( -1.194374999999987752, 0.000000000000000000, 0.2500000000000000555 ) ) ;
#3093 = DIRECTION ( 'NONE',  ( -0.000000000000000000, 1.000000000000000000, -0.000000000000000000 ) ) ;
#3094 = EDGE_CURVE ( 'NONE', #6892, #5250, #2670, .T. ) ;
#3095 = VERTEX_POINT ( 'NONE', #7557 ) ;
#3096 = DIRECTION ( 'NONE',  ( -1.000000000000000000, 0.000000000000000000, 0.000000000000000000 ) ) ;
#3097 = VERTEX_POINT ( 'NONE', #7606 ) ;
#3098 = ORIENTED_EDGE ( 'NONE', *, *, #1182, .F. ) ;
#3099 = EDGE_LOOP ( 'NONE', ( #6485, #2764, #2839, #4300 ) ) ;
#3100 = CARTESIAN_POINT ( 'NONE',  ( -2.812500000000023093, 0.6404979548822424817, 0.6642500000000000071 ) ) ;
#3101 = DIRECTION ( 'NONE',  ( 0.000000000000000000, -1.000000000000000000, -0.000000000000000000 ) ) ;
#3102 = CARTESIAN_POINT ( 'NONE',  ( -1.857131350946074955, -0.3170337998483052089, 0.6999999999999999556 ) ) ;
#3103 = CARTESIAN_POINT ( 'NONE',  ( -1.953125755744734127, -0.2991391718944229061, 0.9499999999999999556 ) ) ;
#3104 = EDGE_CURVE ( 'NONE', #1962, #4930, #7270, .T. ) ;
#3105 = EDGE_CURVE ( 'NONE', #989, #3, #7511, .T. ) ;
#3106 = ORIENTED_EDGE ( 'NONE', *, *, #5804, .F. ) ;
#3107 = DIRECTION ( 'NONE',  ( -4.677093841292901429E-14, 1.000000000000000000, 0.000000000000000000 ) ) ;
#3108 = ORIENTED_EDGE ( 'NONE', *, *, #8521, .T. ) ;
#3109 = DIRECTION ( 'NONE',  ( -0.000000000000000000, -0.000000000000000000, -1.000000000000000000 ) ) ;
#3110 = VECTOR ( 'NONE', #4236, 39.37007874015748854 ) ;
#3111 = ORIENTED_EDGE ( 'NONE', *, *, #73, .T. ) ;
#3112 = LINE ( 'NONE', #3069, #3196 ) ;
#3113 = CARTESIAN_POINT ( 'NONE',  ( -1.953125755744734127, -0.2991391718944229061, 0.9499999999999999556 ) ) ;
#3114 = ORIENTED_EDGE ( 'NONE', *, *, #5615, .T. ) ;
#3115 =( GEOMETRIC_REPRESENTATION_CONTEXT ( 3 ) GLOBAL_UNCERTAINTY_ASSIGNED_CONTEXT ( ( #3481 ) ) GLOBAL_UNIT_ASSIGNED_CONTEXT ( ( #9441, #6639, #1569 ) ) REPRESENTATION_CONTEXT ( 'NONE', 'WORKASPACE' ) );
#3116 = DIRECTION ( 'NONE',  ( 0.000000000000000000, -1.000000000000000000, 0.000000000000000000 ) ) ;
#3117 = CARTESIAN_POINT ( 'NONE',  ( -2.533493649053906172, -0.07346415503396298841, 0.9175000000000006484 ) ) ;
#3118 = EDGE_CURVE ( 'NONE', #6241, #989, #3830, .T. ) ;
#3119 = CARTESIAN_POINT ( 'NONE',  ( -1.451464345643310061, -0.03657365375142547503, 0.8341152750368360236 ) ) ;
#3120 = CARTESIAN_POINT ( 'NONE',  ( 2.125000000000000000, 0.4764989774411177437, -5.578266170116183356E-17 ) ) ;
#3121 = LINE ( 'NONE', #6764, #3912 ) ;
#3122 = ORIENTED_EDGE ( 'NONE', *, *, #4287, .T. ) ;
#3123 = ORIENTED_EDGE ( 'NONE', *, *, #3638, .T. ) ;
#3124 = ORIENTED_EDGE ( 'NONE', *, *, #3529, .T. ) ;
#3125 = ORIENTED_EDGE ( 'NONE', *, *, #3435, .T. ) ;
#3126 = DIRECTION ( 'NONE',  ( -0.8660254037844667963, 0.4999999999999512057, 0.000000000000000000 ) ) ;
#3127 = LINE ( 'NONE', #5094, #6285 ) ;
#3128 = EDGE_CURVE ( 'NONE', #1694, #7727, #7590, .T. ) ;
#3129 = CARTESIAN_POINT ( 'NONE',  ( 1.756839780658681516, -0.2382494887205523215, 0.2500000000000000555 ) ) ;
#3130 = EDGE_LOOP ( 'NONE', ( #2217, #8440, #5226, #3106 ) ) ;
#3131 = CARTESIAN_POINT ( 'NONE',  ( 1.756839780658681516, -0.2382494887205523215, 0.000000000000000000 ) ) ;
#3132 = FACE_OUTER_BOUND ( 'NONE', #9401, .T. ) ;
#3133 = PLANE ( 'NONE',  #5788 ) ;
#3134 = CARTESIAN_POINT ( 'NONE',  ( -1.621674798107783033, -0.1282151775928081772, 0.5999999999999999778 ) ) ;
#3135 = ORIENTED_EDGE ( 'NONE', *, *, #7757, .F. ) ;
#3136 = VECTOR ( 'NONE', #4839, 39.37007874015748143 ) ;
#3137 = CARTESIAN_POINT ( 'NONE',  ( -1.712339780658681754, -0.2382494887205523215, 0.2500000000000000555 ) ) ;
#3138 = CARTESIAN_POINT ( 'NONE',  ( -0.4999999999999999445, -0.6044135630578968410, 0.000000000000000000 ) ) ;
#3139 = LINE ( 'NONE', #5420, #7420 ) ;
#3140 = ORIENTED_EDGE ( 'NONE', *, *, #8357, .T. ) ;
#3141 = DIRECTION ( 'NONE',  ( 0.000000000000000000, 0.000000000000000000, -1.000000000000000000 ) ) ;
#3142 = ORIENTED_EDGE ( 'NONE', *, *, #7041, .F. ) ;
#3143 = ORIENTED_EDGE ( 'NONE', *, *, #4966, .F. ) ;
#3144 = ADVANCED_FACE ( 'NONE', ( #6720 ), #172, .F. ) ;
#3145 = VERTEX_POINT ( 'NONE', #8509 ) ;
#3146 = B_SPLINE_CURVE_WITH_KNOTS ( 'NONE', 3,
 ( #5174, #8849, #3687, #697 ),
 .UNSPECIFIED., .F., .F.,
 ( 4, 4 ),
 ( 4.848749842468926940E-05, 0.001266630838601816821 ),
 .UNSPECIFIED. ) ;
#3147 = STYLED_ITEM ( 'NONE', ( #1751 ), #337 ) ;
#3148 = CARTESIAN_POINT ( 'NONE',  ( 1.952479751915167094, -0.2605712927930439182, 0.2545484930337157947 ) ) ;
#3149 = CARTESIAN_POINT ( 'NONE',  ( 1.994375000000025544, 0.2838896957887076522, 0.2500000000000000555 ) ) ;
#3150 = DIRECTION ( 'NONE',  ( 0.000000000000000000, 0.000000000000000000, 1.000000000000000000 ) ) ;
#3151 = CARTESIAN_POINT ( 'NONE',  ( 2.448132182121053546, -0.01173634784909316844, 0.9282771156755851294 ) ) ;
#3152 = ORIENTED_EDGE ( 'NONE', *, *, #4551, .F. ) ;
#3153 = DIRECTION ( 'NONE',  ( 0.8660254037844424824, -0.4999999999999936162, 0.000000000000000000 ) ) ;
#3154 = ORIENTED_EDGE ( 'NONE', *, *, #3167, .F. ) ;
#3155 = AXIS2_PLACEMENT_3D ( 'NONE', #3365, #3319, #1143 ) ;
#3156 = EDGE_CURVE ( 'NONE', #7684, #1250, #8211, .T. ) ;
#3157 = EDGE_LOOP ( 'NONE', ( #3949, #2531, #3243, #2472, #2295 ) ) ;
#3158 = CARTESIAN_POINT ( 'NONE',  ( 0.000000000000000000, 0.7087499999999931077, 0.000000000000000000 ) ) ;
#3159 = PLANE ( 'NONE',  #9353 ) ;
#3160 = STYLED_ITEM ( 'NONE', ( #2226 ), #4265 ) ;
#3161 = CARTESIAN_POINT ( 'NONE',  ( 1.857131350946073400, -0.3170337998483060971, 0.9175000000000119726 ) ) ;
#3162 = DIRECTION ( 'NONE',  ( 0.5000000000000068834, 0.8660254037844347108, 0.000000000000000000 ) ) ;
#3163 = CARTESIAN_POINT ( 'NONE',  ( 2.390625000000005329, 0.3476343040825998765, 0.9499999999999999556 ) ) ;
#3164 = LINE ( 'NONE', #6078, #6368 ) ;
#3165 = LENGTH_MEASURE_WITH_UNIT ( LENGTH_MEASURE( 0.02539999999999999897 ), #260 );
#3166 = ORIENTED_EDGE ( 'NONE', *, *, #915, .T. ) ;
#3167 = EDGE_CURVE ( 'NONE', #4384, #1998, #7128, .T. ) ;
#3168 = EDGE_CURVE ( 'NONE', #3515, #2241, #1088, .T. ) ;
#3169 = ORIENTED_EDGE ( 'NONE', *, *, #5616, .F. ) ;
#3170 = ORIENTED_EDGE ( 'NONE', *, *, #3611, .T. ) ;
#3171 = ORIENTED_EDGE ( 'NONE', *, *, #4089, .T. ) ;
#3172 = CARTESIAN_POINT ( 'NONE',  ( 1.656874999999972786, -0.4701796254713134227, 0.2599999999999999534 ) ) ;
#3173 = CARTESIAN_POINT ( 'NONE',  ( 1.167433081593972855, -0.2687500000000004885, 0.5000000000000002220 ) ) ;
#3174 = AXIS2_PLACEMENT_3D ( 'NONE', #5521, #1851, #6180 ) ;
#3175 = VECTOR ( 'NONE', #7810, 39.37007874015748143 ) ;
#3176 = VECTOR ( 'NONE', #6706, 39.37007874015748143 ) ;
#3177 = CARTESIAN_POINT ( 'NONE',  ( 2.390625000000005773, 0.3904979548822426483, 0.9499999999999999556 ) ) ;
#3178 = ORIENTED_EDGE ( 'NONE', *, *, #8397, .T. ) ;
#3179 = DIRECTION ( 'NONE',  ( 0.8660254037844659081, -0.4999999999999530376, 0.000000000000000000 ) ) ;
#3180 = CARTESIAN_POINT ( 'NONE',  ( 1.953629557839698050, -0.2613205341219492772, 0.2600000000000002309 ) ) ;
#3181 = CARTESIAN_POINT ( 'NONE',  ( -0.5000000000000000000, 0.2087499999999984091, 0.000000000000000000 ) ) ;
#3182 = CARTESIAN_POINT ( 'NONE',  ( -1.857131350946073400, -0.3170337998483060971, 0.9175000000000119726 ) ) ;
#3183 = EDGE_CURVE ( 'NONE', #3628, #3487, #7748, .T. ) ;
#3184 = EDGE_CURVE ( 'NONE', #4746, #5324, #3398, .T. ) ;
#3185 = VERTEX_POINT ( 'NONE', #9230 ) ;
#3186 = CONICAL_SURFACE ( 'NONE', #9022, 0.04250000000000149492, 0.7853981633974536081 ) ;
#3187 = VECTOR ( 'NONE', #9320, 39.37007874015747433 ) ;
#3188 = ORIENTED_EDGE ( 'NONE', *, *, #630, .T. ) ;
#3189 = DIRECTION ( 'NONE',  ( 0.5000000000000039968, 0.8660254037844362651, -0.000000000000000000 ) ) ;
#3190 = DIRECTION ( 'NONE',  ( -0.5000000000000668354, -0.8660254037844001829, -0.000000000000000000 ) ) ;
#3191 = VERTEX_POINT ( 'NONE', #7795 ) ;
#3192 = CARTESIAN_POINT ( 'NONE',  ( 1.691127361437541055, 0.05622084583894616100, 0.2500000000000000555 ) ) ;
#3193 = EDGE_LOOP ( 'NONE', ( #8824, #9495 ) ) ;
#3194 = DIRECTION ( 'NONE',  ( -0.000000000000000000, -1.000000000000000000, -0.000000000000000000 ) ) ;
#3195 = ORIENTED_EDGE ( 'NONE', *, *, #7459, .F. ) ;
#3196 = VECTOR ( 'NONE', #5349, 39.37007874015748143 ) ;
#3197 = ORIENTED_EDGE ( 'NONE', *, *, #4727, .T. ) ;
#3198 = LINE ( 'NONE', #6111, #5949 ) ;
#3199 = LINE ( 'NONE', #1814, #3828 ) ;
#3200 = CARTESIAN_POINT ( 'NONE',  ( -1.406249999999996003, -0.03608439182434083903, 0.4150000000000000910 ) ) ;
#3201 = ORIENTED_EDGE ( 'NONE', *, *, #3529, .F. ) ;
#3202 = CARTESIAN_POINT ( 'NONE',  ( 2.059687499999999893, -0.1131245683693401782, 0.2500000000000000555 ) ) ;
#3203 = EDGE_LOOP ( 'NONE', ( #1382, #2118, #1154, #729 ) ) ;
#3204 = AXIS2_PLACEMENT_3D ( 'NONE', #8059, #2770, #6506 ) ;
#3205 = CARTESIAN_POINT ( 'NONE',  ( 1.559174798107780591, -0.01996200211974713187, 0.5357500000000002816 ) ) ;
#3206 = EDGE_LOOP ( 'NONE', ( #5309, #6114, #8276, #5716 ) ) ;
#3207 = CARTESIAN_POINT ( 'NONE',  ( 2.211547108317882149, -0.4288541104406126681, 0.4650000000000000799 ) ) ;
#3208 = CARTESIAN_POINT ( 'NONE',  ( -2.601910219341328379, -0.2382494887205698075, 0.2500000000000000555 ) ) ;
#3209 = VECTOR ( 'NONE', #8394, 39.37007874015748143 ) ;
#3210 = CARTESIAN_POINT ( 'NONE',  ( 2.298124999999998419, 0.3904979548822426483, 0.6999999999999999556 ) ) ;
#3211 = CARTESIAN_POINT ( 'NONE',  ( 1.483749999999971925, -0.1703183294109479606, 0.2599999999999997313 ) ) ;
#3212 = LINE ( 'NONE', #6210, #6699 ) ;
#3213 = CIRCLE ( 'NONE', #475, 0.06424999999999986278 ) ;
#3214 = EDGE_CURVE ( 'NONE', #4127, #8944, #8263, .T. ) ;
#3215 = CARTESIAN_POINT ( 'NONE',  ( 1.769157665914542266, -0.5121629978800764649, 0.5999999999999999778 ) ) ;
#3216 = VERTEX_POINT ( 'NONE', #5553 ) ;
#3217 = DIRECTION ( 'NONE',  ( -0.000000000000000000, -0.000000000000000000, -1.000000000000000000 ) ) ;
#3218 = VECTOR ( 'NONE', #3533, 39.37007874015748854 ) ;
#3219 = CARTESIAN_POINT ( 'NONE',  ( 2.305543188425646317, -0.2550694162636903406, 0.2500000000000000555 ) ) ;
#3220 = CARTESIAN_POINT ( 'NONE',  ( -0.8325000000000002398, 0.1762500000000011557, 0.000000000000000000 ) ) ;
#3221 = ADVANCED_FACE ( 'NONE', ( #9187 ), #6917, .F. ) ;
#3222 = EDGE_CURVE ( 'NONE', #3230, #8790, #4791, .T. ) ;
#3223 = ORIENTED_EDGE ( 'NONE', *, *, #8966, .F. ) ;
#3224 = SURFACE_STYLE_USAGE ( .BOTH. , #6876 ) ;
#3225 = DIRECTION ( 'NONE',  ( 0.3535533905932651266, -0.6123724356957970238, 0.7071067811865496822 ) ) ;
#3226 = VECTOR ( 'NONE', #4604, 39.37007874015748854 ) ;
#3227 = DIRECTION ( 'NONE',  ( 0.000000000000000000, 0.000000000000000000, -1.000000000000000000 ) ) ;
#3228 = DIRECTION ( 'NONE',  ( 0.000000000000000000, 0.000000000000000000, -1.000000000000000000 ) ) ;
#3229 = EDGE_CURVE ( 'NONE', #7271, #7733, #2608, .T. ) ;
#3230 = VERTEX_POINT ( 'NONE', #4699 ) ;
#3231 = DIRECTION ( 'NONE',  ( -0.000000000000000000, -0.000000000000000000, 1.000000000000000000 ) ) ;
#3232 = EDGE_CURVE ( 'NONE', #5707, #7564, #5513, .T. ) ;
#3233 = AXIS2_PLACEMENT_3D ( 'NONE', #8487, #1906, #4813 ) ;
#3234 = VERTEX_POINT ( 'NONE', #3220 ) ;
#3235 = CARTESIAN_POINT ( 'NONE',  ( -2.444978140926324706, 0.2983761203683423791, 0.3838303734341184104 ) ) ;
#3236 = EDGE_CURVE ( 'NONE', #5536, #6644, #4504, .T. ) ;
#3237 = ORIENTED_EDGE ( 'NONE', *, *, #8170, .F. ) ;
#3238 = ORIENTED_EDGE ( 'NONE', *, *, #1888, .F. ) ;
#3239 = DIRECTION ( 'NONE',  ( 0.000000000000000000, 0.000000000000000000, 1.000000000000000000 ) ) ;
#3240 = CARTESIAN_POINT ( 'NONE',  ( 2.586229174377006057, -0.4171235458104663452, 0.2500000000000000555 ) ) ;
#3241 = DIRECTION ( 'NONE',  ( -1.000000000000000000, 0.000000000000000000, 0.000000000000000000 ) ) ;
#3242 = EDGE_CURVE ( 'NONE', #4961, #3813, #6655, .T. ) ;
#3243 = ORIENTED_EDGE ( 'NONE', *, *, #2231, .T. ) ;
#3244 = CARTESIAN_POINT ( 'NONE',  ( -0.9376234198628760064, -0.2687500000000003775, 0.4015748031496060855 ) ) ;
#3245 = ORIENTED_EDGE ( 'NONE', *, *, #7873, .T. ) ;
#3246 = ORIENTED_EDGE ( 'NONE', *, *, #4511, .F. ) ;
#3247 = DIMENSIONAL_EXPONENTS ( 1.000000000000000000, 0.000000000000000000, 0.000000000000000000, 0.000000000000000000, 0.000000000000000000, 0.000000000000000000, 0.000000000000000000 ) ;
#3248 = AXIS2_PLACEMENT_3D ( 'NONE', #5688, #2106, #7047 ) ;
#3249 = AXIS2_PLACEMENT_3D ( 'NONE', #2738, #5654, #600 ) ;
#3250 = EDGE_LOOP ( 'NONE', ( #4477, #6254, #8946, #8265 ) ) ;
#3251 = CARTESIAN_POINT ( 'NONE',  ( -1.944456811574331256, -0.2550694162636747420, 0.2500000000000000555 ) ) ;
#3252 = DIRECTION ( 'NONE',  ( -0.8660254037844348218, 0.5000000000000066613, 0.000000000000000000 ) ) ;
#3253 = CARTESIAN_POINT ( 'NONE',  ( 1.499999999999997113, -0.1984641550339285576, 0.6999999999999999556 ) ) ;
#3254 = DIRECTION ( 'NONE',  ( 0.000000000000000000, -0.000000000000000000, 1.000000000000000000 ) ) ;
#3255 = CARTESIAN_POINT ( 'NONE',  ( -2.494058780046082724, -0.5575487606996099021, 0.8389174173226138231 ) ) ;
#3256 = LENGTH_MEASURE_WITH_UNIT ( LENGTH_MEASURE( 0.02539999999999999897 ), #1877 );
#3257 = LINE ( 'NONE', #1743, #3456 ) ;
#3258 = VERTEX_POINT ( 'NONE', #8374 ) ;
#3259 = EDGE_CURVE ( 'NONE', #5565, #3487, #9435, .T. ) ;
#3260 = ORIENTED_EDGE ( 'NONE', *, *, #3992, .F. ) ;
#3261 = DIRECTION ( 'NONE',  ( 0.000000000000000000, 0.000000000000000000, 1.000000000000000000 ) ) ;
#3262 = DIRECTION ( 'NONE',  ( 0.000000000000000000, -1.000000000000000000, 0.000000000000000000 ) ) ;
#3263 = CARTESIAN_POINT ( 'NONE',  ( -0.9376234198628760064, 0.3012499999999982969, 0.4015748031496060855 ) ) ;
#3264 = EDGE_LOOP ( 'NONE', ( #236, #9380, #5412, #4143 ) ) ;
#3265 = CARTESIAN_POINT ( 'NONE',  ( 1.437499999999995337, -0.09021097956086862601, 0.3525000000000004241 ) ) ;
#3266 = AXIS2_PLACEMENT_3D ( 'NONE', #3941, #5327, #3228 ) ;
#3267 = LINE ( 'NONE', #6176, #5284 ) ;
#3268 =( LENGTH_UNIT ( ) NAMED_UNIT ( * ) SI_UNIT ( $, .METRE. ) );
#3269 = PLANE ( 'NONE',  #4697 ) ;
#3270 = EDGE_CURVE ( 'NONE', #6347, #5663, #7013, .T. ) ;
#3271 = EDGE_CURVE ( 'NONE', #655, #7733, #6272, .T. ) ;
#3272 = CARTESIAN_POINT ( 'NONE',  ( -1.167433081593973077, -0.2687500000000004885, 0.2499999999999997502 ) ) ;
#3273 = LINE ( 'NONE', #6234, #1895 ) ;
#3274 = VERTEX_POINT ( 'NONE', #4442 ) ;
#3275 = CARTESIAN_POINT ( 'NONE',  ( 2.614374999999999449, -0.4333735458104661098, 0.2599999999999999534 ) ) ;
#3276 = ORIENTED_EDGE ( 'NONE', *, *, #7343, .F. ) ;
#3277 = PLANE ( 'NONE',  #1347 ) ;
#3278 = ORIENTED_EDGE ( 'NONE', *, *, #7641, .F. ) ;
#3279 = ADVANCED_FACE ( 'NONE', ( #3760 ), #3545, .F. ) ;
#3280 = EDGE_CURVE ( 'NONE', #26, #7086, #89, .T. ) ;
#3281 = CARTESIAN_POINT ( 'NONE',  ( 1.528145825622967191, -0.1822141550339431981, 0.9499999999999999556 ) ) ;
#3282 = LINE ( 'NONE', #296, #186 ) ;
#3283 = CIRCLE ( 'NONE', #1619, 0.04250000000000063449 ) ;
#3284 = CARTESIAN_POINT ( 'NONE',  ( 1.984375000000021094, 0.3904979548822709035, 0.9174999999999992051 ) ) ;
#3285 = ORIENTED_EDGE ( 'NONE', *, *, #6502, .F. ) ;
#3286 = FACE_OUTER_BOUND ( 'NONE', #4159, .T. ) ;
#3287 = ORIENTED_EDGE ( 'NONE', *, *, #7953, .T. ) ;
#3288 = ORIENTED_EDGE ( 'NONE', *, *, #8150, .T. ) ;
#3289 = EDGE_CURVE ( 'NONE', #2304, #576, #7211, .T. ) ;
#3290 = EDGE_CURVE ( 'NONE', #1100, #4320, #9372, .T. ) ;
#3291 = ORIENTED_EDGE ( 'NONE', *, *, #6868, .F. ) ;
#3292 = DIRECTION ( 'NONE',  ( -1.000000000000000000, 0.000000000000000000, 0.000000000000000000 ) ) ;
#3293 = DIRECTION ( 'NONE',  ( 0.5000000000000039968, 0.8660254037844362651, 0.000000000000000000 ) ) ;
#3294 = CARTESIAN_POINT ( 'NONE',  ( 0.4999999999999999445, -0.6044135630578968410, 0.000000000000000000 ) ) ;
#3295 = DIRECTION ( 'NONE',  ( 1.000000000000000000, 0.000000000000000000, 2.185478394931429902E-15 ) ) ;
#3296 = DIRECTION ( 'NONE',  ( 0.4999999999999918954, 0.8660254037844431485, 0.000000000000000000 ) ) ;
#3297 = VECTOR ( 'NONE', #2039, 39.37007874015748854 ) ;
#3298 = PRESENTATION_STYLE_ASSIGNMENT (( #4012 ) ) ;
#3299 = SURFACE_SIDE_STYLE ('',( #7923 ) ) ;
#3300 = EDGE_LOOP ( 'NONE', ( #2905, #5310, #959, #3662 ) ) ;
#3301 = VECTOR ( 'NONE', #5970, 39.37007874015748854 ) ;
#3302 = DIMENSIONAL_EXPONENTS ( 1.000000000000000000, 0.000000000000000000, 0.000000000000000000, 0.000000000000000000, 0.000000000000000000, 0.000000000000000000, 0.000000000000000000 ) ;
#3303 = VECTOR ( 'NONE', #1514, 39.37007874015748143 ) ;
#3304 = EDGE_LOOP ( 'NONE', ( #5329, #2225, #2311, #3378 ) ) ;
#3305 = LINE ( 'NONE', #2641, #4401 ) ;
#3306 = DIRECTION ( 'NONE',  ( -0.000000000000000000, 0.000000000000000000, -1.000000000000000000 ) ) ;
#3307 = CARTESIAN_POINT ( 'NONE',  ( -1.956752361437507526, -0.4038551499215299323, 0.9499999999999999556 ) ) ;
#3308 = DIRECTION ( 'NONE',  ( 0.000000000000000000, 1.000000000000000000, 0.000000000000000000 ) ) ;
#3309 = CARTESIAN_POINT ( 'NONE',  ( 1.437499999999995337, -0.09021097956086862601, 0.4649999999999999689 ) ) ;
#3310 = CONICAL_SURFACE ( 'NONE', #4535, 0.1124999999999999611, 0.7155849933176740008 ) ;
#3311 = AXIS2_PLACEMENT_3D ( 'NONE', #1446, #826, #6654 ) ;
#3312 = CARTESIAN_POINT ( 'NONE',  ( 2.211547108317852839, -0.4288541104406183302, 0.7898321067049645094 ) ) ;
#3313 = LINE ( 'NONE', #1706, #2574 ) ;
#3314 = ORIENTED_EDGE ( 'NONE', *, *, #8472, .F. ) ;
#3315 = CARTESIAN_POINT ( 'NONE',  ( -2.211547108317583721, -0.4288541104406776716, 0.7849999999997243627 ) ) ;
#3316 = CONICAL_SURFACE ( 'NONE', #1801, 0.3449999999999983635, 0.7853981633974514986 ) ;
#3317 = DIRECTION ( 'NONE',  ( 4.521679437788863121E-14, 1.000000000000000000, 0.000000000000000000 ) ) ;
#3318 = ORIENTED_EDGE ( 'NONE', *, *, #4835, .T. ) ;
#3319 = DIRECTION ( 'NONE',  ( -0.000000000000000000, -0.000000000000000000, 1.000000000000000000 ) ) ;
#3320 = ORIENTED_EDGE ( 'NONE', *, *, #5854, .F. ) ;
#3321 = ADVANCED_FACE ( 'NONE', ( #4984, #1313, #6477, #1365, #823, #2784 ), #8611, .F. ) ;
#3322 = DIRECTION ( 'NONE',  ( 0.000000000000000000, -0.000000000000000000, -1.000000000000000000 ) ) ;
#3323 = AXIS2_PLACEMENT_3D ( 'NONE', #2269, #257, #6761 ) ;
#3324 = AXIS2_PLACEMENT_3D ( 'NONE', #1755, #4654, #3883 ) ;
#3325 = EDGE_LOOP ( 'NONE', ( #3528, #2431, #2794, #4293 ) ) ;
#3326 = ORIENTED_EDGE ( 'NONE', *, *, #5614, .T. ) ;
#3327 = DIRECTION ( 'NONE',  ( 0.000000000000000000, 0.000000000000000000, -1.000000000000000000 ) ) ;
#3328 = LINE ( 'NONE', #7725, #651 ) ;
#3329 = LINE ( 'NONE', #6344, #69 ) ;
#3330 = VERTEX_POINT ( 'NONE', #7389 ) ;
#3331 = DIRECTION ( 'NONE',  ( 0.000000000000000000, -0.000000000000000000, -1.000000000000000000 ) ) ;
#3332 = ORIENTED_EDGE ( 'NONE', *, *, #6389, .T. ) ;
#3333 = EDGE_CURVE ( 'NONE', #349, #442, #2829, .T. ) ;
#3334 = ORIENTED_EDGE ( 'NONE', *, *, #28, .F. ) ;
#3335 = ADVANCED_FACE ( 'NONE', ( #4208 ), #2074, .F. ) ;
#3336 = EDGE_CURVE ( 'NONE', #2995, #1276, #603, .T. ) ;
#3337 = CIRCLE ( 'NONE', #8725, 0.4374999999999959477 ) ;
#3338 = AXIS2_PLACEMENT_3D ( 'NONE', #4449, #7399, #6657 ) ;
#3339 = EDGE_LOOP ( 'NONE', ( #7201, #4676, #3972, #6729, #6787, #8778, #8492, #5783, #1255, #7964, #2775, #2434, #5020, #8967 ) ) ;
#3340 = ORIENTED_EDGE ( 'NONE', *, *, #9334, .F. ) ;
#3341 = CARTESIAN_POINT ( 'NONE',  ( -2.237377577958721275, -0.4228405590670331060, 0.3708185898269264480 ) ) ;
#3342 = PLANE ( 'NONE',  #2908 ) ;
#3343 = DIRECTION ( 'NONE',  ( 1.000000000000000000, 0.000000000000000000, 0.000000000000000000 ) ) ;
#3344 = LINE ( 'NONE', #4682, #8783 ) ;
#3345 = CARTESIAN_POINT ( 'NONE',  ( 0.000000000000000000, -0.6044135630578968410, 0.000000000000000000 ) ) ;
#3346 = ADVANCED_FACE ( 'NONE', ( #3716 ), #870, .F. ) ;
#3347 = PLANE ( 'NONE',  #6072 ) ;
#3348 = ADVANCED_FACE ( 'NONE', ( #2347 ), #8117, .F. ) ;
#3349 = CARTESIAN_POINT ( 'NONE',  ( -2.211547108317882149, -0.4288541104406126681, 0.9499999999999999556 ) ) ;
#3350 = ORIENTED_EDGE ( 'NONE', *, *, #2650, .F. ) ;
#3351 = CIRCLE ( 'NONE', #8743, 0.4374999999999960587 ) ;
#3352 = EDGE_CURVE ( 'NONE', #3799, #8111, #702, .T. ) ;
#3353 = DIRECTION ( 'NONE',  ( -0.000000000000000000, -0.000000000000000000, -1.000000000000000000 ) ) ;
#3354 = CARTESIAN_POINT ( 'NONE',  ( -1.969879557839699702, -0.2894663597449435577, 0.9499999999999999556 ) ) ;
#3355 = CARTESIAN_POINT ( 'NONE',  ( -1.953629557839698050, -0.2613205341219492772, 0.9499999999999999556 ) ) ;
#3356 = VECTOR ( 'NONE', #2648, 39.37007874015748854 ) ;
#3357 = DIRECTION ( 'NONE',  ( 0.6499998807689754132, -0.7071067811865537900, 0.2783884965301348102 ) ) ;
#3358 = CARTESIAN_POINT ( 'NONE',  ( -1.437499999999995337, -0.09021097956086862601, 0.3525000000000004241 ) ) ;
#3359 = CARTESIAN_POINT ( 'NONE',  ( -1.167433081593972855, 0.3012499999999982969, 0.4999999999999996114 ) ) ;
#3360 = CARTESIAN_POINT ( 'NONE',  ( 2.080500000000000238, 0.4764989774411177437, -5.578266170116183356E-17 ) ) ;
#3361 = ORIENTED_EDGE ( 'NONE', *, *, #6918, .F. ) ;
#3362 = DIRECTION ( 'NONE',  ( -0.8660254037844135055, -0.5000000000000432987, 0.000000000000000000 ) ) ;
#3363 = DIRECTION ( 'NONE',  ( 1.000000000000000000, 0.000000000000000000, 0.000000000000000000 ) ) ;
#3364 = ORIENTED_EDGE ( 'NONE', *, *, #8757, .T. ) ;
#3365 = CARTESIAN_POINT ( 'NONE',  ( -2.537660219341328460, -0.2382494887205698075, 0.2500000000000000555 ) ) ;
#3366 = CARTESIAN_POINT ( 'NONE',  ( 1.710327891682111856, 0.1394750607929389485, 0.4650000000000000799 ) ) ;
#3367 = CARTESIAN_POINT ( 'NONE',  ( -2.419805777912142020, 0.3233928713135950650, 0.3592211982275869131 ) ) ;
#3368 = ORIENTED_EDGE ( 'NONE', *, *, #686, .T. ) ;
#3369 = ORIENTED_EDGE ( 'NONE', *, *, #3333, .F. ) ;
#3370 = CARTESIAN_POINT ( 'NONE',  ( 2.572683069699055913, -0.09609017759282301174, 0.5999999999999999778 ) ) ;
#3371 = EDGE_CURVE ( 'NONE', #4459, #6411, #3583, .T. ) ;
#3372 = CARTESIAN_POINT ( 'NONE',  ( 1.437499999999995337, -0.09021097956086834846, 0.4150000000000000910 ) ) ;
#3373 = CARTESIAN_POINT ( 'NONE',  ( 2.390625000000005329, 0.6404979548822425928, 0.3525000000000004241 ) ) ;
#3374 = VECTOR ( 'NONE', #5247, 39.37007874015748143 ) ;
#3375 = CARTESIAN_POINT ( 'NONE',  ( -2.453125000000005329, 0.6404979548822425928, 0.4650000000000000799 ) ) ;
#3376 = ORIENTED_EDGE ( 'NONE', *, *, #4090, .T. ) ;
#3377 = LINE ( 'NONE', #9296, #2079 ) ;
#3378 = ORIENTED_EDGE ( 'NONE', *, *, #4328, .F. ) ;
#3379 = ORIENTED_EDGE ( 'NONE', *, *, #2179, .F. ) ;
#3380 = AXIS2_PLACEMENT_3D ( 'NONE', #7300, #3637, #8026 ) ;
#3381 = ORIENTED_EDGE ( 'NONE', *, *, #7719, .T. ) ;
#3382 = EDGE_CURVE ( 'NONE', #7974, #8736, #6032, .T. ) ;
#3383 = EDGE_CURVE ( 'NONE', #107, #7614, #1583, .T. ) ;
#3384 = DIRECTION ( 'NONE',  ( 1.000000000000000000, 0.000000000000000000, 0.000000000000000000 ) ) ;
#3385 = CARTESIAN_POINT ( 'NONE',  ( -1.499999999999997113, -0.1984641550339285576, 0.6999999999999999556 ) ) ;
#3386 = CARTESIAN_POINT ( 'NONE',  ( 2.298124999999999307, 0.6404979548822425928, 0.9499999999999999556 ) ) ;
#3387 = CARTESIAN_POINT ( 'NONE',  ( 2.392868649053890628, -0.3170337998483087616, 0.6999999999999999556 ) ) ;
#3388 = DIRECTION ( 'NONE',  ( 0.000000000000000000, 0.000000000000000000, 1.000000000000000000 ) ) ;
#3389 = AXIS2_PLACEMENT_3D ( 'NONE', #1689, #5303, #4596 ) ;
#3390 = CARTESIAN_POINT ( 'NONE',  ( 1.813077364016591808, -0.01910481914323328145, 0.2545603832415577195 ) ) ;
#3391 = SURFACE_STYLE_USAGE ( .BOTH. , #3299 ) ;
#3392 = EDGE_LOOP ( 'NONE', ( #7552, #4404, #753, #6289 ) ) ;
#3393 = ORIENTED_EDGE ( 'NONE', *, *, #559, .T. ) ;
#3394 = ADVANCED_FACE ( 'NONE', ( #7437 ), #153, .F. ) ;
#3395 = CARTESIAN_POINT ( 'NONE',  ( 2.125000000000000000, 0.000000000000000000, 0.2500000000000000555 ) ) ;
#3396 = LINE ( 'NONE', #8654, #7012 ) ;
#3397 = CARTESIAN_POINT ( 'NONE',  ( 1.859375000000026645, 0.3476343040826244679, 0.000000000000000000 ) ) ;
#3398 = LINE ( 'NONE', #2685, #5729 ) ;
#3399 = DIRECTION ( 'NONE',  ( 0.000000000000000000, 0.000000000000000000, 1.000000000000000000 ) ) ;
#3400 = ADVANCED_FACE ( 'NONE', ( #7493 ), #7632, .F. ) ;
#3401 = CARTESIAN_POINT ( 'NONE',  ( -2.546874999999995559, -0.5502869753213701642, 0.9499999999999999556 ) ) ;
#3402 = DIRECTION ( 'NONE',  ( 0.000000000000000000, 0.000000000000000000, 1.000000000000000000 ) ) ;
#3403 = ORIENTED_EDGE ( 'NONE', *, *, #3183, .F. ) ;
#3404 = ORIENTED_EDGE ( 'NONE', *, *, #2246, .T. ) ;
#3405 = EDGE_CURVE ( 'NONE', #1987, #4997, #1770, .T. ) ;
#3406 = CARTESIAN_POINT ( 'NONE',  ( 1.656874999999970566, -0.4701796254713098144, 0.6999999999999999556 ) ) ;
#3407 = CARTESIAN_POINT ( 'NONE',  ( -1.824839780658681798, -0.2382494887205523215, 0.2500000000000000555 ) ) ;
#3408 = CIRCLE ( 'NONE', #8344, 0.2500000000000001665 ) ;
#3409 = ORIENTED_EDGE ( 'NONE', *, *, #2989, .T. ) ;
#3410 = DIRECTION ( 'NONE',  ( -1.000000000000000000, 0.000000000000000000, 0.000000000000000000 ) ) ;
#3411 = LINE ( 'NONE', #2796, #6349 ) ;
#3412 = DIRECTION ( 'NONE',  ( -1.000000000000000000, 0.000000000000000000, 0.000000000000000000 ) ) ;
#3413 = VECTOR ( 'NONE', #5564, 39.37007874015748143 ) ;
#3414 = ORIENTED_EDGE ( 'NONE', *, *, #9138, .F. ) ;
#3415 = DIRECTION ( 'NONE',  ( -0.000000000000000000, -0.000000000000000000, -1.000000000000000000 ) ) ;
#3416 = CARTESIAN_POINT ( 'NONE',  ( 1.705660553399124035, 0.1247941033756949369, 0.3802642447046677421 ) ) ;
#3417 = CARTESIAN_POINT ( 'NONE',  ( 1.262374999999988257, 0.000000000000000000, 0.000000000000000000 ) ) ;
#3418 = SURFACE_STYLE_FILL_AREA ( #6985 ) ;
#3419 = ORIENTED_EDGE ( 'NONE', *, *, #2037, .F. ) ;
#3420 = DIRECTION ( 'NONE',  ( 1.000000000000000000, -0.000000000000000000, -0.000000000000000000 ) ) ;
#3421 = AXIS2_PLACEMENT_3D ( 'NONE', #2281, #7458, #893 ) ;
#3422 = ORIENTED_EDGE ( 'NONE', *, *, #2420, .F. ) ;
#3423 = ORIENTED_EDGE ( 'NONE', *, *, #2367, .T. ) ;
#3424 = EDGE_CURVE ( 'NONE', #5457, #8259, #1111, .T. ) ;
#3425 = AXIS2_PLACEMENT_3D ( 'NONE', #2529, #3901, #4587 ) ;
#3426 = DIRECTION ( 'NONE',  ( 0.000000000000000000, 0.000000000000000000, 1.000000000000000000 ) ) ;
#3427 = DIRECTION ( 'NONE',  ( 0.4999999999999920064, -0.8660254037844433705, -0.000000000000000000 ) ) ;
#3428 = CARTESIAN_POINT ( 'NONE',  ( -2.265624999999998668, 0.2790714234295562646, 0.2600000000000002309 ) ) ;
#3429 = CARTESIAN_POINT ( 'NONE',  ( -2.390625000000005329, 0.3476343040825998765, 0.3525000000000004241 ) ) ;
#3430 = ORIENTED_EDGE ( 'NONE', *, *, #837, .T. ) ;
#3431 = ORIENTED_EDGE ( 'NONE', *, *, #3849, .F. ) ;
#3432 = CARTESIAN_POINT ( 'NONE',  ( 1.813364590428231171, -0.02332587521122117535, 0.2509472078721712296 ) ) ;
#3433 = LINE ( 'NONE', #6363, #7155 ) ;
#3434 = ORIENTED_EDGE ( 'NONE', *, *, #6151, .F. ) ;
#3435 = EDGE_CURVE ( 'NONE', #8670, #9013, #5571, .T. ) ;
#3436 = DIRECTION ( 'NONE',  ( -1.000000000000000000, 0.000000000000000000, 0.000000000000000000 ) ) ;
#3437 = DIRECTION ( 'NONE',  ( 0.000000000000000000, 0.000000000000000000, 1.000000000000000000 ) ) ;
#3438 = CIRCLE ( 'NONE', #5428, 0.06424999999999979339 ) ;
#3439 = VECTOR ( 'NONE', #3231, 39.37007874015748143 ) ;
#3440 = DIRECTION ( 'NONE',  ( -0.000000000000000000, 1.000000000000000000, -0.000000000000000000 ) ) ;
#3441 = PLANE ( 'NONE',  #5678 ) ;
#3442 = CARTESIAN_POINT ( 'NONE',  ( -1.984375000000009548, 0.6404979548822712365, 0.5357500000000000595 ) ) ;
#3443 = CARTESIAN_POINT ( 'NONE',  ( -2.425200201892211638, -0.4800379978802461478, 0.6642499999999997851 ) ) ;
#3444 = CARTESIAN_POINT ( 'NONE',  ( -1.710327891682204449, 0.1394750607932296049, 0.7849999999997243627 ) ) ;
#3445 = ORIENTED_EDGE ( 'NONE', *, *, #3527, .T. ) ;
#3446 = EDGE_CURVE ( 'NONE', #5752, #1207, #9114, .T. ) ;
#3447 = ADVANCED_FACE ( 'NONE', ( #5346 ), #8399, .T. ) ;
#3448 = DIRECTION ( 'NONE',  ( -0.000000000000000000, -0.000000000000000000, -1.000000000000000000 ) ) ;
#3449 = VECTOR ( 'NONE', #2981, 39.37007874015748143 ) ;
#3450 = ORIENTED_EDGE ( 'NONE', *, *, #7655, .T. ) ;
#3451 = ORIENTED_EDGE ( 'NONE', *, *, #5735, .F. ) ;
#3452 = DIRECTION ( 'NONE',  ( 0.7071067811865691111, 0.7071067811865260344, -0.000000000000000000 ) ) ;
#3453 = B_SPLINE_CURVE_WITH_KNOTS ( 'NONE', 3,
 ( #4828, #1166, #7647, #5353, #3916, #3255, #1740, #8456, #2496, #4011, #4781, #6166, #1077, #3966 ),
 .UNSPECIFIED., .F., .F.,
 ( 4, 2, 2, 2, 2, 2, 4 ),
 ( 0.000000000000000000, 0.0003295577060318797863, 0.0006591154120637595726, 0.001318230824127514592, 0.001647788530159391938, 0.001977346236191269285, 0.002636461648255024413 ),
 .UNSPECIFIED. ) ;
#3454 = CIRCLE ( 'NONE', #1792, 0.06424999999999993217 ) ;
#3455 = CONICAL_SURFACE ( 'NONE', #6395, 0.2175000000000007760, 0.7853981633974490562 ) ;
#3456 = VECTOR ( 'NONE', #8220, 39.37007874015747433 ) ;
#3457 = CIRCLE ( 'NONE', #8852, 0.04449999999999948441 ) ;
#3458 = DIRECTION ( 'NONE',  ( 1.000000000000000000, 0.000000000000000000, 0.000000000000000000 ) ) ;
#3459 = VERTEX_POINT ( 'NONE', #9073 ) ;
#3460 = ORIENTED_EDGE ( 'NONE', *, *, #6179, .T. ) ;
#3461 = CARTESIAN_POINT ( 'NONE',  ( -1.813004557839720920, -0.01775088930758956726, 0.9174999999999992051 ) ) ;
#3462 = CARTESIAN_POINT ( 'NONE',  ( 2.546874999999995559, -0.5502869753213696091, 0.4649999999999999689 ) ) ;
#3463 = ADVANCED_FACE ( 'NONE', ( #3286 ), #4002, .F. ) ;
#3464 = EDGE_CURVE ( 'NONE', #2160, #30, #5434, .T. ) ;
#3465 = CARTESIAN_POINT ( 'NONE',  ( -1.951875000000024007, 0.6404979548822711255, 0.6999999999999999556 ) ) ;
#3466 = CIRCLE ( 'NONE', #3765, 0.2500000000000000000 ) ;
#3467 = CIRCLE ( 'NONE', #9016, 0.06424999999999973788 ) ;
#3468 = ORIENTED_EDGE ( 'NONE', *, *, #7167, .F. ) ;
#3469 = CARTESIAN_POINT ( 'NONE',  ( -2.390625000000005329, 0.6404979548822425928, 0.4649999999999999689 ) ) ;
#3470 = CARTESIAN_POINT ( 'NONE',  ( 1.693926611282083883, 0.07529362154981780741, 0.3538915543536296227 ) ) ;
#3471 = PLANE ( 'NONE',  #1108 ) ;
#3472 = DIRECTION ( 'NONE',  ( 0.000000000000000000, 0.000000000000000000, -1.000000000000000000 ) ) ;
#3473 = VERTEX_POINT ( 'NONE', #2585 ) ;
#3474 = FACE_BOUND ( 'NONE', #2933, .T. ) ;
#3475 = VECTOR ( 'NONE', #8753, 39.37007874015748854 ) ;
#3476 = ORIENTED_EDGE ( 'NONE', *, *, #4500, .F. ) ;
#3477 = ORIENTED_EDGE ( 'NONE', *, *, #5389, .T. ) ;
#3478 = CIRCLE ( 'NONE', #3032, 0.06424999999999990441 ) ;
#3479 = CIRCLE ( 'NONE', #8876, 0.1124999999999999611 ) ;
#3480 = FACE_BOUND ( 'NONE', #2428, .T. ) ;
#3481 = UNCERTAINTY_MEASURE_WITH_UNIT (LENGTH_MEASURE( 1.000000000000000082E-05 ), #9441, 'distance_accuracy_value', 'NONE');
#3482 = FACE_OUTER_BOUND ( 'NONE', #2089, .T. ) ;
#3483 = DIRECTION ( 'NONE',  ( 0.7071067811865475727, -0.7071067811865475727, 0.000000000000000000 ) ) ;
#3484 = CARTESIAN_POINT ( 'NONE',  ( -1.984375000000010880, 0.6079979548822626034, 0.2599999999999999534 ) ) ;
#3485 = AXIS2_PLACEMENT_3D ( 'NONE', #2266, #5842, #8796 ) ;
#3486 = ORIENTED_EDGE ( 'NONE', *, *, #2824, .T. ) ;
#3487 = VERTEX_POINT ( 'NONE', #3244 ) ;
#3488 = CYLINDRICAL_SURFACE ( 'NONE', #6858, 0.04449999999999948441 ) ;
#3489 = AXIS2_PLACEMENT_3D ( 'NONE', #105, #3017, #3384 ) ;
#3490 = DIRECTION ( 'NONE',  ( -1.000000000000000000, 0.000000000000000000, 0.000000000000000000 ) ) ;
#3491 = EDGE_LOOP ( 'NONE', ( #2467, #2647, #7942, #6468 ) ) ;
#3492 = ORIENTED_EDGE ( 'NONE', *, *, #340, .T. ) ;
#3493 = CARTESIAN_POINT ( 'NONE',  ( 1.621674798107783033, -0.1282151775928081772, 0.5999999999999999778 ) ) ;
#3494 = CARTESIAN_POINT ( 'NONE',  ( -2.453125000000005329, 0.6404979548822425928, 0.7349999999999999867 ) ) ;
#3495 = AXIS2_PLACEMENT_3D ( 'NONE', #2342, #9019, #8112 ) ;
#3496 = CARTESIAN_POINT ( 'NONE',  ( -2.473410219341328986, -0.2382494887205698075, 0.000000000000000000 ) ) ;
#3497 = CARTESIAN_POINT ( 'NONE',  ( 2.586229174377006057, -0.4171235458104662897, 0.2599999999999999534 ) ) ;
#3498 = ADVANCED_FACE ( 'NONE', ( #922 ), #4723, .F. ) ;
#3499 = DIRECTION ( 'NONE',  ( -0.000000000000000000, -0.000000000000000000, 1.000000000000000000 ) ) ;
#3500 = DIRECTION ( 'NONE',  ( -7.244205235679145164E-14, 1.000000000000000000, 0.000000000000000000 ) ) ;
#3501 = DIRECTION ( 'NONE',  ( -0.8660254037844353769, -0.5000000000000056621, 0.000000000000000000 ) ) ;
#3502 = ORIENTED_EDGE ( 'NONE', *, *, #7480, .T. ) ;
#3503 = CARTESIAN_POINT ( 'NONE',  ( 1.621674798107783033, -0.1282151775928081772, 0.5999999999999999778 ) ) ;
#3504 = VECTOR ( 'NONE', #2757, 39.37007874015748143 ) ;
#3505 = ORIENTED_EDGE ( 'NONE', *, *, #8105, .F. ) ;
#3506 = EDGE_LOOP ( 'NONE', ( #3987, #4566, #6147, #2762, #2774, #5685, #6417, #9211, #1232, #8694, #2750, #1811, #7607, #8474 ) ) ;
#3507 = CARTESIAN_POINT ( 'NONE',  ( 2.265625000000000000, 0.6079979548822475044, 0.9499999999999999556 ) ) ;
#3508 = EDGE_CURVE ( 'NONE', #5871, #814, #391, .T. ) ;
#3509 = EDGE_CURVE ( 'NONE', #197, #6339, #6798, .T. ) ;
#3510 = CARTESIAN_POINT ( 'NONE',  ( 1.703124999999971134, -0.5502869753213720516, 0.6999999999999999556 ) ) ;
#3511 = ORIENTED_EDGE ( 'NONE', *, *, #9107, .T. ) ;
#3512 = CARTESIAN_POINT ( 'NONE',  ( -2.546874999999995559, -0.5502869753213696091, 0.3525000000000004241 ) ) ;
#3513 = CARTESIAN_POINT ( 'NONE',  ( 1.969879557839699702, -0.2894663597449435577, 0.9499999999999999556 ) ) ;
#3514 = DIRECTION ( 'NONE',  ( 1.000000000000000000, -1.865610830299460874E-15, -0.000000000000000000 ) ) ;
#3515 = VERTEX_POINT ( 'NONE', #6196 ) ;
#3516 = DIRECTION ( 'NONE',  ( -0.4999999999999918954, 0.8660254037844431485, 0.000000000000000000 ) ) ;
#3517 = CARTESIAN_POINT ( 'NONE',  ( 2.453125000000005329, 0.6404979548822425928, 0.4650000000000000799 ) ) ;
#3518 = EDGE_CURVE ( 'NONE', #131, #9477, #2526, .T. ) ;
#3519 = CARTESIAN_POINT ( 'NONE',  ( 2.296887392148656115, -0.2865761848781491206, 0.9391135601497752061 ) ) ;
#3520 = LINE ( 'NONE', #9293, #6130 ) ;
#3521 = EDGE_CURVE ( 'NONE', #5208, #3813, #8260, .T. ) ;
#3522 = CARTESIAN_POINT ( 'NONE',  ( -2.423322000591348058, 0.5983886593594078818, 0.8389174173226140452 ) ) ;
#3523 = ORIENTED_EDGE ( 'NONE', *, *, #5816, .T. ) ;
#3524 = CARTESIAN_POINT ( 'NONE',  ( 1.635624999999970797, -0.4333735458104719940, 0.2599999999999999534 ) ) ;
#3525 = ORIENTED_EDGE ( 'NONE', *, *, #4202, .T. ) ;
#3526 = ORIENTED_EDGE ( 'NONE', *, *, #559, .F. ) ;
#3527 = EDGE_CURVE ( 'NONE', #9109, #191, #2075, .T. ) ;
#3528 = ORIENTED_EDGE ( 'NONE', *, *, #6992, .F. ) ;
#3529 = EDGE_CURVE ( 'NONE', #8574, #4127, #3283, .T. ) ;
#3530 = CARTESIAN_POINT ( 'NONE',  ( 2.125000000000000000, 0.000000000000000000, 0.2500000000000000555 ) ) ;
#3531 = DIRECTION ( 'NONE',  ( -0.4999999999999972800, 0.8660254037844402619, 1.658456209688556162E-16 ) ) ;
#3532 = DIRECTION ( 'NONE',  ( -0.8660254037844660191, 0.4999999999999527045, -0.000000000000000000 ) ) ;
#3533 = DIRECTION ( 'NONE',  ( 0.6560590289905063877, 0.000000000000000000, 0.7547095802227727912 ) ) ;
#3534 = ORIENTED_EDGE ( 'NONE', *, *, #4955, .T. ) ;
#3535 = ORIENTED_EDGE ( 'NONE', *, *, #8473, .F. ) ;
#3536 = FACE_OUTER_BOUND ( 'NONE', #9066, .T. ) ;
#3537 = CIRCLE ( 'NONE', #4761, 0.06424999999999959910 ) ;
#3538 = DIRECTION ( 'NONE',  ( -0.5000000000000036637, -0.8660254037844365982, 0.000000000000000000 ) ) ;
#3539 = VERTEX_POINT ( 'NONE', #3811 ) ;
#3540 = DIRECTION ( 'NONE',  ( 0.7071067811865364705, -0.7071067811865586750, 0.000000000000000000 ) ) ;
#3541 = CARTESIAN_POINT ( 'NONE',  ( 2.423322000591348058, 0.5983886593594078818, 0.8389174173226140452 ) ) ;
#3542 = VECTOR ( 'NONE', #6209, 39.37007874015748854 ) ;
#3543 = FACE_OUTER_BOUND ( 'NONE', #2253, .T. ) ;
#3544 = DIRECTION ( 'NONE',  ( -0.7071067811865496822, 0.000000000000000000, 0.7071067811865452413 ) ) ;
#3545 = CYLINDRICAL_SURFACE ( 'NONE', #1168, 0.06425000000000000155 ) ;
#3546 = CARTESIAN_POINT ( 'NONE',  ( 2.505176579365986811, -0.5262123809435418353, 0.8474999999999995870 ) ) ;
#3547 = CARTESIAN_POINT ( 'NONE',  ( 2.275155601338132882, -0.4110292705046165729, 0.8460649621165564627 ) ) ;
#3548 = ORIENTED_EDGE ( 'NONE', *, *, #9455, .T. ) ;
#3549 = EDGE_CURVE ( 'NONE', #2293, #9224, #5739, .T. ) ;
#3550 = ORIENTED_EDGE ( 'NONE', *, *, #8119, .F. ) ;
#3551 = LINE ( 'NONE', #2277, #4391 ) ;
#3552 = CARTESIAN_POINT ( 'NONE',  ( -1.984375000000010880, 0.6079979548822667113, 0.5357500000000000595 ) ) ;
#3553 = ORIENTED_EDGE ( 'NONE', *, *, #9442, .F. ) ;
#3554 = DIRECTION ( 'NONE',  ( 0.8660254037844431485, 0.4999999999999918954, 0.000000000000000000 ) ) ;
#3555 = CARTESIAN_POINT ( 'NONE',  ( 1.483749999999998126, -0.1703183294109352208, 0.6999999999999999556 ) ) ;
#3556 = CARTESIAN_POINT ( 'NONE',  ( -1.437499999999994893, -0.09021097956086808478, 0.9499999999999999556 ) ) ;
#3557 = CARTESIAN_POINT ( 'NONE',  ( -1.709031974274564103, 0.1355708794879720291, 0.8038757313803486237 ) ) ;
#3558 = EDGE_CURVE ( 'NONE', #7086, #2466, #1679, .T. ) ;
#3559 = ORIENTED_EDGE ( 'NONE', *, *, #8673, .T. ) ;
#3560 = CARTESIAN_POINT ( 'NONE',  ( 1.434771152213580425, -0.02876710338052257052, 0.8157121042078545603 ) ) ;
#3561 = CIRCLE ( 'NONE', #8954, 0.06425000000000000155 ) ;
#3562 = CARTESIAN_POINT ( 'NONE',  ( 1.856970708914643442, 0.3457972016676595928, 0.6233221659900196610 ) ) ;
#3563 = CARTESIAN_POINT ( 'NONE',  ( 1.697530669083564092, 0.09361285719755493839, 0.3592211982275868576 ) ) ;
#3564 = CARTESIAN_POINT ( 'NONE',  ( 1.984375000000025757, 0.2790714234295686436, 0.2572107205775365779 ) ) ;
#3565 = DIRECTION ( 'NONE',  ( 4.202843067175816776E-14, 1.000000000000000000, -0.000000000000000000 ) ) ;
#3566 = ORIENTED_EDGE ( 'NONE', *, *, #9205, .T. ) ;
#3567 = DIRECTION ( 'NONE',  ( -1.000000000000000000, 0.000000000000000000, 4.560754576643555576E-16 ) ) ;
#3568 = ORIENTED_EDGE ( 'NONE', *, *, #616, .F. ) ;
#3569 = ORIENTED_EDGE ( 'NONE', *, *, #5102, .T. ) ;
#3570 = ADVANCED_FACE ( 'NONE', ( #577 ), #6456, .F. ) ;
#3571 = EDGE_CURVE ( 'NONE', #1100, #5536, #9351, .T. ) ;
#3572 = ORIENTED_EDGE ( 'NONE', *, *, #6919, .F. ) ;
#3573 = DIRECTION ( 'NONE',  ( 0.000000000000000000, 0.000000000000000000, -1.000000000000000000 ) ) ;
#3574 = DIRECTION ( 'NONE',  ( 0.000000000000000000, 0.000000000000000000, 1.000000000000000000 ) ) ;
#3575 = CARTESIAN_POINT ( 'NONE',  ( -1.621674798107783033, -0.1282151775928082327, 0.5357500000000002816 ) ) ;
#3576 = LINE ( 'NONE', #589, #4900 ) ;
#3577 = ORIENTED_EDGE ( 'NONE', *, *, #1552, .T. ) ;
#3578 = ORIENTED_EDGE ( 'NONE', *, *, #2395, .T. ) ;
#3579 = CARTESIAN_POINT ( 'NONE',  ( 1.710327891682204449, 0.1394750607932296049, 0.7849999999997243627 ) ) ;
#3580 = DIRECTION ( 'NONE',  ( 0.000000000000000000, 0.000000000000000000, 1.000000000000000000 ) ) ;
#3581 = EDGE_CURVE ( 'NONE', #3753, #3612, #6184, .T. ) ;
#3582 = EDGE_CURVE ( 'NONE', #6716, #1694, #4869, .T. ) ;
#3583 = CIRCLE ( 'NONE', #4653, 0.06424999999999998768 ) ;
#3584 = DIRECTION ( 'NONE',  ( 2.185478394931412547E-15, 0.000000000000000000, -1.000000000000000000 ) ) ;
#3585 = LINE ( 'NONE', #9419, #2891 ) ;
#3586 = DIRECTION ( 'NONE',  ( 0.000000000000000000, 0.000000000000000000, -1.000000000000000000 ) ) ;
#3587 = CARTESIAN_POINT ( 'NONE',  ( -1.559174798107780591, -0.01996200211974713534, 0.5999999999999999778 ) ) ;
#3588 = VERTEX_POINT ( 'NONE', #2763 ) ;
#3589 = VECTOR ( 'NONE', #5655, 39.37007874015748143 ) ;
#3590 = DIRECTION ( 'NONE',  ( -0.5000000000000041078, -0.8660254037844363761, 0.000000000000000000 ) ) ;
#3591 = CARTESIAN_POINT ( 'NONE',  ( 1.700256350946108164, -0.04531832941093613676, 0.9499999999999999556 ) ) ;
#3592 = ORIENTED_EDGE ( 'NONE', *, *, #5026, .F. ) ;
#3593 = B_SPLINE_CURVE_WITH_KNOTS ( 'NONE', 3,
 ( #9467, #4884, #4979, #2878, #7930, #1359 ),
 .UNSPECIFIED., .F., .F.,
 ( 4, 2, 4 ),
 ( 5.204170427930421283E-18, 0.0002093588874249740920, 0.0004187177748499429798 ),
 .UNSPECIFIED. ) ;
#3594 = ORIENTED_EDGE ( 'NONE', *, *, #2341, .T. ) ;
#3595 = AXIS2_PLACEMENT_3D ( 'NONE', #3524, #7728, #7821 ) ;
#3596 = CARTESIAN_POINT ( 'NONE',  ( -2.249300444098000451, -0.4194938502974254746, 0.8365655606850087578 ) ) ;
#3597 = DIRECTION ( 'NONE',  ( -7.649174382259934645E-15, 1.000000000000000000, 0.000000000000000000 ) ) ;
#3598 = VERTEX_POINT ( 'NONE', #7084 ) ;
#3599 = DIRECTION ( 'NONE',  ( 0.7071067811865452413, -0.7071067811865496822, -0.000000000000000000 ) ) ;
#3600 = COLOUR_RGB ( '',0.7529411764705882248, 0.7529411764705882248, 0.7529411764705882248 ) ;
#3601 = DIRECTION ( 'NONE',  ( 0.000000000000000000, 1.000000000000000000, 0.000000000000000000 ) ) ;
#3602 = CARTESIAN_POINT ( 'NONE',  ( -2.436995442160277303, -0.01775088930761715283, 0.2600000000000002309 ) ) ;
#3603 = CARTESIAN_POINT ( 'NONE',  ( -1.708303358903932256, 0.1333342061946302948, 0.8082115781183680792 ) ) ;
#3604 = ORIENTED_EDGE ( 'NONE', *, *, #9254, .T. ) ;
#3605 = CARTESIAN_POINT ( 'NONE',  ( 2.390625000000005773, 0.6404979548822425928, 0.2500000000000000555 ) ) ;
#3606 = AXIS2_PLACEMENT_3D ( 'NONE', #6226, #5320, #370 ) ;
#3607 = CIRCLE ( 'NONE', #275, 0.3124999999999972800 ) ;
#3608 = CARTESIAN_POINT ( 'NONE',  ( 2.390625000000005773, 0.6404979548822425928, 6.829619984160658046E-17 ) ) ;
#3609 = CARTESIAN_POINT ( 'NONE',  ( -1.648089780658681835, -0.2382494887205523215, 0.000000000000000000 ) ) ;
#3610 = DIRECTION ( 'NONE',  ( -3.224940488472246917E-16, 0.7071067811865459074, -0.7071067811865491270 ) ) ;
#3611 = EDGE_CURVE ( 'NONE', #6243, #2241, #487, .T. ) ;
#3612 = VERTEX_POINT ( 'NONE', #7191 ) ;
#3613 = ORIENTED_EDGE ( 'NONE', *, *, #1258, .F. ) ;
#3614 = CARTESIAN_POINT ( 'NONE',  ( -2.125000000000000000, 0.000000000000000000, 0.9499999999999999556 ) ) ;
#3615 = VERTEX_POINT ( 'NONE', #531 ) ;
#3616 = VECTOR ( 'NONE', #8114, 39.37007874015748143 ) ;
#3617 = AXIS2_PLACEMENT_3D ( 'NONE', #884, #7986, #1550 ) ;
#3618 = ORIENTED_EDGE ( 'NONE', *, *, #74, .F. ) ;
#3619 = LINE ( 'NONE', #2105, #8583 ) ;
#3620 = PLANE ( 'NONE',  #6142 ) ;
#3621 = CIRCLE ( 'NONE', #746, 0.1124999999999999611 ) ;
#3622 = PRESENTATION_LAYER_ASSIGNMENT (  '', '', ( #1348 ) ) ;
#3623 = CARTESIAN_POINT ( 'NONE',  ( -1.951875000000022009, 0.3904979548822711810, 0.9499999999999999556 ) ) ;
#3624 = EDGE_CURVE ( 'NONE', #7827, #5066, #5724, .T. ) ;
#3625 = DIRECTION ( 'NONE',  ( 1.865610830299460874E-15, 1.000000000000000000, 0.000000000000000000 ) ) ;
#3626 = EDGE_CURVE ( 'NONE', #5134, #2160, #3377, .T. ) ;
#3627 = EDGE_CURVE ( 'NONE', #4755, #1250, #5632, .T. ) ;
#3628 = VERTEX_POINT ( 'NONE', #8678 ) ;
#3629 = VERTEX_POINT ( 'NONE', #8589 ) ;
#3630 = CARTESIAN_POINT ( 'NONE',  ( 1.691127361437541943, 0.05622084583895081006, 0.8474999999999995870 ) ) ;
#3631 = FACE_OUTER_BOUND ( 'NONE', #6351, .T. ) ;
#3632 = VECTOR ( 'NONE', #1136, 39.37007874015748143 ) ;
#3633 = AXIS2_PLACEMENT_3D ( 'NONE', #8241, #1172, #7474 ) ;
#3634 = CARTESIAN_POINT ( 'NONE',  ( -2.059687500000002558, 0.1131245683693413717, 0.2600000000000000089 ) ) ;
#3635 = CARTESIAN_POINT ( 'NONE',  ( 1.779775888008966911, 0.2687499999999986011, 0.2500000000000000000 ) ) ;
#3636 = DIRECTION ( 'NONE',  ( -1.000000000000000000, 0.000000000000000000, 0.000000000000000000 ) ) ;
#3637 = DIRECTION ( 'NONE',  ( -0.000000000000000000, -0.000000000000000000, 1.000000000000000000 ) ) ;
#3638 = EDGE_CURVE ( 'NONE', #6511, #3923, #8058, .T. ) ;
#3639 = EDGE_CURVE ( 'NONE', #8359, #3799, #7866, .T. ) ;
#3640 = ORIENTED_EDGE ( 'NONE', *, *, #9046, .T. ) ;
#3641 = CARTESIAN_POINT ( 'NONE',  ( -1.880441930300842390, -0.4479129978800760470, 0.5999999999999999778 ) ) ;
#3642 = CARTESIAN_POINT ( 'NONE',  ( 1.968749999999999778, -0.2706329386826341055, 0.9175000000000006484 ) ) ;
#3643 = EDGE_CURVE ( 'NONE', #3668, #5065, #4814, .T. ) ;
#3644 = ORIENTED_EDGE ( 'NONE', *, *, #3971, .F. ) ;
#3645 = CARTESIAN_POINT ( 'NONE',  ( -1.702620545118174622, 0.1140984422054998892, 0.3708185898269266700 ) ) ;
#3646 = CARTESIAN_POINT ( 'NONE',  ( 1.528145825622967191, -0.1822141550339431981, 0.2599999999999999534 ) ) ;
#3647 = AXIS2_PLACEMENT_3D ( 'NONE', #1448, #4933, #2021 ) ;
#3648 = ORIENTED_EDGE ( 'NONE', *, *, #2171, .T. ) ;
#3649 = AXIS2_PLACEMENT_3D ( 'NONE', #492, #9257, #1915 ) ;
#3650 = FACE_OUTER_BOUND ( 'NONE', #6945, .T. ) ;
#3651 = PLANE ( 'NONE',  #2393 ) ;
#3652 = CARTESIAN_POINT ( 'NONE',  ( -2.436921483098145824, -0.01912127111213557731, 0.2545484930337157947 ) ) ;
#3653 = DIRECTION ( 'NONE',  ( 1.865610830299460874E-15, 1.000000000000000000, 0.000000000000000000 ) ) ;
#3654 = ORIENTED_EDGE ( 'NONE', *, *, #737, .F. ) ;
#3655 = CARTESIAN_POINT ( 'NONE',  ( -0.5324999999999974198, -0.1762500000000011557, 0.000000000000000000 ) ) ;
#3656 = AXIS2_PLACEMENT_3D ( 'NONE', #5531, #7628, #5384 ) ;
#3657 = DIRECTION ( 'NONE',  ( -0.000000000000000000, -1.000000000000000000, -0.000000000000000000 ) ) ;
#3658 = DIRECTION ( 'NONE',  ( -0.8660254037844000718, 0.5000000000000667244, 0.000000000000000000 ) ) ;
#3659 = DIRECTION ( 'NONE',  ( 0.000000000000000000, 0.000000000000000000, -1.000000000000000000 ) ) ;
#3660 = VERTEX_POINT ( 'NONE', #7136 ) ;
#3661 = PRESENTATION_LAYER_ASSIGNMENT (  '', '', ( #2452 ) ) ;
#3662 = ORIENTED_EDGE ( 'NONE', *, *, #3128, .F. ) ;
#3663 = FACE_OUTER_BOUND ( 'NONE', #8660, .T. ) ;
#3664 = ORIENTED_EDGE ( 'NONE', *, *, #6100, .F. ) ;
#3665 = AXIS2_PLACEMENT_3D ( 'NONE', #5394, #7860, #6291 ) ;
#3666 = EDGE_LOOP ( 'NONE', ( #5308, #1680, #717, #2383 ) ) ;
#3667 = ADVANCED_FACE ( 'NONE', ( #3474, #2669 ), #8632, .T. ) ;
#3668 = VERTEX_POINT ( 'NONE', #7909 ) ;
#3669 = FACE_OUTER_BOUND ( 'NONE', #1004, .T. ) ;
#3670 = CARTESIAN_POINT ( 'NONE',  ( -2.125000000000000000, 0.000000000000000000, 0.7350000000000006528 ) ) ;
#3671 = LINE ( 'NONE', #7433, #8102 ) ;
#3672 = CARTESIAN_POINT ( 'NONE',  ( 2.436995442160277303, -0.01775088930761715283, 0.9175000000000006484 ) ) ;
#3673 = ORIENTED_EDGE ( 'NONE', *, *, #4346, .F. ) ;
#3674 = ORIENTED_EDGE ( 'NONE', *, *, #5698, .F. ) ;
#3675 = FACE_OUTER_BOUND ( 'NONE', #264, .T. ) ;
#3676 = ADVANCED_FACE ( 'NONE', ( #4772 ), #6343, .F. ) ;
#3677 = EDGE_CURVE ( 'NONE', #6127, #1104, #1155, .T. ) ;
#3678 = ORIENTED_EDGE ( 'NONE', *, *, #9048, .F. ) ;
#3679 = CYLINDRICAL_SURFACE ( 'NONE', #4564, 0.4374999999999960032 ) ;
#3680 = LINE ( 'NONE', #5213, #6398 ) ;
#3681 = ORIENTED_EDGE ( 'NONE', *, *, #5370, .F. ) ;
#3682 = FACE_OUTER_BOUND ( 'NONE', #623, .T. ) ;
#3683 = PLANE ( 'NONE',  #6767 ) ;
#3684 = DIRECTION ( 'NONE',  ( 0.9659258262890537683, -0.2588190451025746963, 0.000000000000000000 ) ) ;
#3685 = AXIS2_PLACEMENT_3D ( 'NONE', #5628, #1336, #4284 ) ;
#3686 = LINE ( 'NONE', #2882, #9305 ) ;
#3687 = CARTESIAN_POINT ( 'NONE',  ( 1.802294139933362738, -0.01196658862688802262, 0.9278645602857933383 ) ) ;
#3688 = EDGE_LOOP ( 'NONE', ( #7260, #6305 ) ) ;
#3689 = APPLICATION_PROTOCOL_DEFINITION ( 'draft international standard', 'automotive_design', 1998, #2196 ) ;
#3690 = EDGE_CURVE ( 'NONE', #7827, #6364, #6987, .T. ) ;
#3691 = ADVANCED_FACE ( 'NONE', ( #1909 ), #6249, .T. ) ;
#3692 = ORIENTED_EDGE ( 'NONE', *, *, #8673, .F. ) ;
#3693 = CARTESIAN_POINT ( 'NONE',  ( 2.390625000000005329, 0.3476343040825998765, 0.7350000000000015410 ) ) ;
#3694 = EDGE_CURVE ( 'NONE', #3185, #4049, #6499, .T. ) ;
#3695 = DIRECTION ( 'NONE',  ( 0.4999999999999972800, -0.8660254037844402619, -0.000000000000000000 ) ) ;
#3696 = ORIENTED_EDGE ( 'NONE', *, *, #4338, .F. ) ;
#3697 = AXIS2_PLACEMENT_3D ( 'NONE', #8546, #3574, #5639 ) ;
#3698 = DIRECTION ( 'NONE',  ( 0.8660254037844135055, 0.5000000000000432987, 0.000000000000000000 ) ) ;
#3699 = DIRECTION ( 'NONE',  ( 0.7071067811865580088, -0.7071067811865371366, 0.000000000000000000 ) ) ;
#3700 = CARTESIAN_POINT ( 'NONE',  ( -1.559343435260007071, -0.3012499999999982969, 0.000000000000000000 ) ) ;
#3701 = DIRECTION ( 'NONE',  ( 0.3535533905933037069, 0.6123724356957755965, 0.7071067811865489050 ) ) ;
#3702 = ADVANCED_FACE ( 'NONE', ( #140 ), #45, .F. ) ;
#3703 = CARTESIAN_POINT ( 'NONE',  ( 1.466377322248893833, -0.04905498685810558146, 0.8439418834258907154 ) ) ;
#3704 = DIRECTION ( 'NONE',  ( 0.5000000000000039968, -0.8660254037844362651, -0.000000000000000000 ) ) ;
#3705 = EDGE_CURVE ( 'NONE', #3095, #8483, #2856, .T. ) ;
#3706 = CARTESIAN_POINT ( 'NONE',  ( -1.984375000000020206, 0.4058214234295524081, 0.5999999999999999778 ) ) ;
#3707 = ORIENTED_EDGE ( 'NONE', *, *, #3041, .T. ) ;
#3708 = CARTESIAN_POINT ( 'NONE',  ( -2.296370442160278635, -0.2613205341219645983, 0.9499999999999999556 ) ) ;
#3709 = ORIENTED_EDGE ( 'NONE', *, *, #3558, .F. ) ;
#3710 = ORIENTED_EDGE ( 'NONE', *, *, #6935, .F. ) ;
#3711 = DIRECTION ( 'NONE',  ( -0.4999999999999918954, -0.8660254037844431485, 2.185478394931412152E-15 ) ) ;
#3712 = DIRECTION ( 'NONE',  ( 3.023406148612404967E-15, -1.000000000000000000, 0.000000000000000000 ) ) ;
#3713 = CARTESIAN_POINT ( 'NONE',  ( -2.593125000000000124, -0.4701796254713027090, 0.6999999999999999556 ) ) ;
#3714 = CYLINDRICAL_SURFACE ( 'NONE', #3044, 0.009999999999999951636 ) ;
#3715 = ORIENTED_EDGE ( 'NONE', *, *, #5081, .T. ) ;
#3716 = FACE_OUTER_BOUND ( 'NONE', #3506, .T. ) ;
#3717 = VERTEX_POINT ( 'NONE', #5913 ) ;
#3718 = EDGE_CURVE ( 'NONE', #2714, #4388, #1525, .T. ) ;
#3719 = LINE ( 'NONE', #4349, #8400 ) ;
#3720 = VERTEX_POINT ( 'NONE', #3051 ) ;
#3721 = FACE_OUTER_BOUND ( 'NONE', #6266, .T. ) ;
#3722 = FACE_OUTER_BOUND ( 'NONE', #3882, .T. ) ;
#3723 = CARTESIAN_POINT ( 'NONE',  ( 1.857131350946074733, -0.3170337998483052644, 0.6999999999999999556 ) ) ;
#3724 = DIRECTION ( 'NONE',  ( -0.5000000000000066613, -0.8660254037844348218, 0.000000000000000000 ) ) ;
#3725 = CARTESIAN_POINT ( 'NONE',  ( 0.000000000000000000, 0.2312500000000110301, 0.000000000000000000 ) ) ;
#3726 = EDGE_CURVE ( 'NONE', #2767, #502, #8009, .T. ) ;
#3727 = CARTESIAN_POINT ( 'NONE',  ( 1.167433081593972632, 0.3012499999999982969, 0.2175000000000010258 ) ) ;
#3728 = CYLINDRICAL_SURFACE ( 'NONE', #8239, 0.06249999999999967387 ) ;
#3729 = ORIENTED_EDGE ( 'NONE', *, *, #5438, .F. ) ;
#3730 = ORIENTED_EDGE ( 'NONE', *, *, #3726, .F. ) ;
#3731 = LINE ( 'NONE', #120, #7495 ) ;
#3732 = VECTOR ( 'NONE', #1014, 39.37007874015748854 ) ;
#3733 = FILL_AREA_STYLE_COLOUR ( '', #8360 ) ;
#3734 = EDGE_CURVE ( 'NONE', #3720, #2765, #4336, .T. ) ;
#3735 = EDGE_CURVE ( 'NONE', #8732, #5324, #2294, .T. ) ;
#3736 = VERTEX_POINT ( 'NONE', #5962 ) ;
#3737 = DIRECTION ( 'NONE',  ( 0.8660254037844659081, 0.4999999999999527045, 0.000000000000000000 ) ) ;
#3738 = CYLINDRICAL_SURFACE ( 'NONE', #5581, 0.06425000000000000155 ) ;
#3739 = CARTESIAN_POINT ( 'NONE',  ( 0.000000000000000000, 0.7087499999999931077, 0.000000000000000000 ) ) ;
#3740 = CARTESIAN_POINT ( 'NONE',  ( -2.211562499999988773, -0.1499306480301439148, 0.9499999999999999556 ) ) ;
#3741 = CARTESIAN_POINT ( 'NONE',  ( 1.474561955799586155, -0.05878011112734059934, 0.8470415347009947471 ) ) ;
#3742 = DIRECTION ( 'NONE',  ( 0.8660254037844432595, 0.4999999999999919509, 0.000000000000000000 ) ) ;
#3743 = AXIS2_PLACEMENT_3D ( 'NONE', #474, #6286, #9241 ) ;
#3744 = VECTOR ( 'NONE', #5524, 39.37007874015748143 ) ;
#3745 = FACE_OUTER_BOUND ( 'NONE', #5433, .T. ) ;
#3746 = ADVANCED_FACE ( 'NONE', ( #2151 ), #7330, .F. ) ;
#3747 = ORIENTED_EDGE ( 'NONE', *, *, #4275, .F. ) ;
#3748 = ORIENTED_EDGE ( 'NONE', *, *, #6326, .T. ) ;
#3749 = CARTESIAN_POINT ( 'NONE',  ( -2.609374999999999112, -0.4420337998483104269, 0.9499999999999999556 ) ) ;
#3750 = EDGE_CURVE ( 'NONE', #9165, #301, #874, .T. ) ;
#3751 = VERTEX_POINT ( 'NONE', #5097 ) ;
#3752 = PRESENTATION_LAYER_ASSIGNMENT (  '', '', ( #3160 ) ) ;
#3753 = VERTEX_POINT ( 'NONE', #5011 ) ;
#3754 = LINE ( 'NONE', #5199, #156 ) ;
#3755 = CARTESIAN_POINT ( 'NONE',  ( 2.293247638562451396, -0.4038551499215468632, 0.4650000000000000799 ) ) ;
#3756 = DIRECTION ( 'NONE',  ( -1.000000000000000000, 0.000000000000000000, 2.185478394931412547E-15 ) ) ;
#3757 = LINE ( 'NONE', #6602, #2270 ) ;
#3758 = ORIENTED_EDGE ( 'NONE', *, *, #9004, .F. ) ;
#3759 = AXIS2_PLACEMENT_3D ( 'NONE', #4732, #5447, #7593 ) ;
#3760 = FACE_OUTER_BOUND ( 'NONE', #6174, .T. ) ;
#3761 = AXIS2_PLACEMENT_3D ( 'NONE', #359, #1640, #1693 ) ;
#3762 = AXIS2_PLACEMENT_3D ( 'NONE', #1503, #653, #8800 ) ;
#3763 = ORIENTED_EDGE ( 'NONE', *, *, #9239, .F. ) ;
#3764 = DIRECTION ( 'NONE',  ( 0.2588190451025368932, 0.9659258262890638713, 0.000000000000000000 ) ) ;
#3765 = AXIS2_PLACEMENT_3D ( 'NONE', #8257, #3241, #7490 ) ;
#3766 = VERTEX_POINT ( 'NONE', #858 ) ;
#3767 = VECTOR ( 'NONE', #8389, 39.37007874015748143 ) ;
#3768 = VECTOR ( 'NONE', #11, 39.37007874015748143 ) ;
#3769 = DIRECTION ( 'NONE',  ( 4.535261055593764468E-14, 1.000000000000000000, 0.000000000000000000 ) ) ;
#3770 = CARTESIAN_POINT ( 'NONE',  ( 2.416330010742467671, 0.3264267969958722926, 0.8420909932548907850 ) ) ;
#3771 = CARTESIAN_POINT ( 'NONE',  ( 1.951875000000022009, 0.3904979548822711810, 0.9499999999999999556 ) ) ;
#3772 = CARTESIAN_POINT ( 'NONE',  ( -2.437787880073243318, 0.3059130918114495445, 0.8262143477152052995 ) ) ;
#3773 = LINE ( 'NONE', #6713, #8562 ) ;
#3774 = CARTESIAN_POINT ( 'NONE',  ( -1.859375000000029976, 0.3476343040826271324, 0.6272455802306846628 ) ) ;
#3775 = VECTOR ( 'NONE', #331, 39.37007874015748854 ) ;
#3776 = AXIS2_PLACEMENT_3D ( 'NONE', #4743, #6002, #6685 ) ;
#3777 = DIRECTION ( 'NONE',  ( 0.8660254037844422603, -0.4999999999999939493, 0.000000000000000000 ) ) ;
#3778 = EDGE_LOOP ( 'NONE', ( #2692, #4870, #3969, #9152 ) ) ;
#3779 = EDGE_LOOP ( 'NONE', ( #807, #3154, #1005, #9392 ) ) ;
#3780 = EDGE_CURVE ( 'NONE', #1029, #7773, #7455, .T. ) ;
#3781 = PLANE ( 'NONE',  #6554 ) ;
#3782 = CIRCLE ( 'NONE', #1362, 0.8325000000000002398 ) ;
#3783 = AXIS2_PLACEMENT_3D ( 'NONE', #2494, #5399, #8409 ) ;
#3784 = ORIENTED_EDGE ( 'NONE', *, *, #7642, .T. ) ;
#3785 =( GEOMETRIC_REPRESENTATION_CONTEXT ( 3 ) GLOBAL_UNCERTAINTY_ASSIGNED_CONTEXT ( ( #2056 ) ) GLOBAL_UNIT_ASSIGNED_CONTEXT ( ( #6047, #2464, #5997 ) ) REPRESENTATION_CONTEXT ( 'NONE', 'WORKASPACE' ) );
#3786 = LINE ( 'NONE', #6723, #8542 ) ;
#3787 = FACE_OUTER_BOUND ( 'NONE', #4435, .T. ) ;
#3788 = DIRECTION ( 'NONE',  ( -0.000000000000000000, 0.000000000000000000, 1.000000000000000000 ) ) ;
#3789 = DIRECTION ( 'NONE',  ( -0.8660254037844402619, -0.4999999999999973910, 0.000000000000000000 ) ) ;
#3790 = VERTEX_POINT ( 'NONE', #8154 ) ;
#3791 = ADVANCED_FACE ( 'NONE', ( #9496 ), #8072, .F. ) ;
#3792 = EDGE_CURVE ( 'NONE', #7083, #9255, #4981, .T. ) ;
#3793 = DIRECTION ( 'NONE',  ( 0.000000000000000000, 0.000000000000000000, 1.000000000000000000 ) ) ;
#3794 = FACE_OUTER_BOUND ( 'NONE', #571, .T. ) ;
#3795 = AXIS2_PLACEMENT_3D ( 'NONE', #4245, #7195, #725 ) ;
#3796 = LINE ( 'NONE', #1712, #223 ) ;
#3797 = ORIENTED_EDGE ( 'NONE', *, *, #2920, .T. ) ;
#3798 = DIRECTION ( 'NONE',  ( 0.5000000000000047740, 0.8660254037844359321, 0.000000000000000000 ) ) ;
#3799 = VERTEX_POINT ( 'NONE', #7963 ) ;
#3800 = AXIS2_PLACEMENT_3D ( 'NONE', #3896, #7679, #2480 ) ;
#3801 = ORIENTED_EDGE ( 'NONE', *, *, #3280, .F. ) ;
#3802 = EDGE_CURVE ( 'NONE', #7441, #7954, #723, .T. ) ;
#3803 = ORIENTED_EDGE ( 'NONE', *, *, #2367, .F. ) ;
#3804 = EDGE_CURVE ( 'NONE', #8539, #3539, #1390, .T. ) ;
#3805 = CYLINDRICAL_SURFACE ( 'NONE', #9195, 0.06424999999999973788 ) ;
#3806 = DIRECTION ( 'NONE',  ( -0.8660254037844795638, -0.4999999999999292788, 0.000000000000000000 ) ) ;
#3807 = FACE_BOUND ( 'NONE', #4473, .T. ) ;
#3808 = CARTESIAN_POINT ( 'NONE',  ( 2.469999244255243198, 0.0007221241658989860498, 0.9499999999999999556 ) ) ;
#3809 = ORIENTED_EDGE ( 'NONE', *, *, #3627, .T. ) ;
#3810 = AXIS2_PLACEMENT_3D ( 'NONE', #5771, #1565, #5956 ) ;
#3811 = CARTESIAN_POINT ( 'NONE',  ( -2.515624999999995559, -0.6044135630578968410, 0.4650000000000000799 ) ) ;
#3812 = ADVANCED_FACE ( 'NONE', ( #3663 ), #8051, .F. ) ;
#3813 = VERTEX_POINT ( 'NONE', #1474 ) ;
#3814 =( NAMED_UNIT ( * ) PLANE_ANGLE_UNIT ( ) SI_UNIT ( $, .RADIAN. ) );
#3815 = EDGE_CURVE ( 'NONE', #4189, #5142, #4379, .T. ) ;
#3816 = EDGE_LOOP ( 'NONE', ( #7031, #4256, #7146, #3369 ) ) ;
#3817 = DIRECTION ( 'NONE',  ( 1.000000000000000000, 0.000000000000000000, 0.000000000000000000 ) ) ;
#3818 = LINE ( 'NONE', #3018, #143 ) ;
#3819 = ORIENTED_EDGE ( 'NONE', *, *, #836, .T. ) ;
#3820 = PLANE ( 'NONE',  #3783 ) ;
#3821 = FACE_OUTER_BOUND ( 'NONE', #9198, .T. ) ;
#3822 = FACE_OUTER_BOUND ( 'NONE', #2953, .T. ) ;
#3823 = PLANE ( 'NONE',  #4386 ) ;
#3824 = CARTESIAN_POINT ( 'NONE',  ( -2.298124999999999307, 0.6404979548822425928, 0.9499999999999999556 ) ) ;
#3825 = VERTEX_POINT ( 'NONE', #335 ) ;
#3826 = ORIENTED_EDGE ( 'NONE', *, *, #4428, .T. ) ;
#3827 = CYLINDRICAL_SURFACE ( 'NONE', #7950, 0.2500000000000000000 ) ;
#3828 = VECTOR ( 'NONE', #6112, 39.37007874015748143 ) ;
#3829 = DIRECTION ( 'NONE',  ( 0.000000000000000000, 0.000000000000000000, -1.000000000000000000 ) ) ;
#3830 = LINE ( 'NONE', #1748, #2215 ) ;
#3831 = EDGE_LOOP ( 'NONE', ( #6405, #1330, #6595, #5706 ) ) ;
#3832 = DIRECTION ( 'NONE',  ( -0.8660254037844363761, 0.5000000000000041078, 0.000000000000000000 ) ) ;
#3833 =( LENGTH_UNIT ( ) NAMED_UNIT ( * ) SI_UNIT ( $, .METRE. ) );
#3834 = EDGE_CURVE ( 'NONE', #3539, #2600, #8300, .T. ) ;
#3835 = VECTOR ( 'NONE', #6997, 39.37007874015748143 ) ;
#3836 = CYLINDRICAL_SURFACE ( 'NONE', #5806, 0.04449999999999975503 ) ;
#3837 = AXIS2_PLACEMENT_3D ( 'NONE', #5409, #4744, #1087 ) ;
#3838 = CARTESIAN_POINT ( 'NONE',  ( 2.426294072553244696, 0.3173240701936254626, 0.3630944694227261627 ) ) ;
#3839 = ORIENTED_EDGE ( 'NONE', *, *, #7258, .T. ) ;
#3840 = ORIENTED_EDGE ( 'NONE', *, *, #5510, .T. ) ;
#3841 = LINE ( 'NONE', #6779, #8563 ) ;
#3842 = DIRECTION ( 'NONE',  ( -0.000000000000000000, -0.000000000000000000, -1.000000000000000000 ) ) ;
#3843 = AXIS2_PLACEMENT_3D ( 'NONE', #1076, #1165, #5544 ) ;
#3844 = CARTESIAN_POINT ( 'NONE',  ( 2.125000000000000000, 0.000000000000000000, 0.9499999999999999556 ) ) ;
#3845 = ORIENTED_EDGE ( 'NONE', *, *, #8064, .F. ) ;
#3846 = ORIENTED_EDGE ( 'NONE', *, *, #3750, .T. ) ;
#3847 = LINE ( 'NONE', #1667, #8838 ) ;
#3848 = ORIENTED_EDGE ( 'NONE', *, *, #1709, .F. ) ;
#3849 = EDGE_CURVE ( 'NONE', #9077, #5142, #5504, .T. ) ;
#3850 = ORIENTED_EDGE ( 'NONE', *, *, #2060, .F. ) ;
#3851 = ORIENTED_EDGE ( 'NONE', *, *, #6247, .F. ) ;
#3852 = CARTESIAN_POINT ( 'NONE',  ( 1.483749999999971925, -0.1703183294109479051, 0.9499999999999999556 ) ) ;
#3853 = DIRECTION ( 'NONE',  ( -1.000000000000000000, -7.249756350802272209E-14, -0.000000000000000000 ) ) ;
#3854 = LINE ( 'NONE', #3200, #8187 ) ;
#3855 = DIRECTION ( 'NONE',  ( 0.4999999999999834577, -0.8660254037844482555, 0.000000000000000000 ) ) ;
#3856 = EDGE_LOOP ( 'NONE', ( #7149, #2275, #961, #2346, #5959 ) ) ;
#3857 = DIRECTION ( 'NONE',  ( 0.8660254037844394848, -0.4999999999999983902, -3.949729323799466127E-16 ) ) ;
#3858 = EDGE_LOOP ( 'NONE', ( #9316, #1013, #1477, #5298 ) ) ;
#3859 = EDGE_CURVE ( 'NONE', #4474, #7067, #6832, .T. ) ;
#3860 = ORIENTED_EDGE ( 'NONE', *, *, #6214, .T. ) ;
#3861 = LINE ( 'NONE', #8934, #5636 ) ;
#3862 = CARTESIAN_POINT ( 'NONE',  ( -1.533145825622967307, -0.1908744090717870434, 0.2500000000000000555 ) ) ;
#3863 = VECTOR ( 'NONE', #4572, 39.37007874015748854 ) ;
#3864 = PLANE ( 'NONE',  #3759 ) ;
#3865 = CARTESIAN_POINT ( 'NONE',  ( -2.453125000000210498, 0.2893790496474515916, 0.7849999999997243627 ) ) ;
#3866 = CARTESIAN_POINT ( 'NONE',  ( 2.265625000000000000, 0.6079979548822432855, 0.6642500000000000071 ) ) ;
#3867 = EDGE_CURVE ( 'NONE', #700, #8484, #9012, .T. ) ;
#3868 = CARTESIAN_POINT ( 'NONE',  ( -2.586229174377006057, -0.4171235458104662897, 0.2599999999999999534 ) ) ;
#3869 = EDGE_CURVE ( 'NONE', #1559, #9102, #4060, .T. ) ;
#3870 = CARTESIAN_POINT ( 'NONE',  ( -2.255624999999998881, 0.2838896957886962169, 0.2500000000000000555 ) ) ;
#3871 = VERTEX_POINT ( 'NONE', #1714 ) ;
#3872 = ORIENTED_EDGE ( 'NONE', *, *, #4727, .F. ) ;
#3873 = ORIENTED_EDGE ( 'NONE', *, *, #9214, .T. ) ;
#3874 = CARTESIAN_POINT ( 'NONE',  ( 2.533493649053906172, -0.07346415503396298841, 0.9175000000000006484 ) ) ;
#3875 = CARTESIAN_POINT ( 'NONE',  ( -2.453125000000005329, 0.6404979548822425928, 0.4650000000000000799 ) ) ;
#3876 = ORIENTED_EDGE ( 'NONE', *, *, #209, .F. ) ;
#3877 = CARTESIAN_POINT ( 'NONE',  ( 1.710327891682204449, 0.1394750607932296049, 0.7849999999997243627 ) ) ;
#3878 = CARTESIAN_POINT ( 'NONE',  ( 2.211547108317583721, -0.4288541104406776716, 0.7849999999997243627 ) ) ;
#3879 = CARTESIAN_POINT ( 'NONE',  ( -2.581229174377005720, -0.4257837998483106068, 0.2599999999999999534 ) ) ;
#3880 = DIRECTION ( 'NONE',  ( -0.4999999999999919509, -0.8660254037844432595, 0.000000000000000000 ) ) ;
#3881 = AXIS2_PLACEMENT_3D ( 'NONE', #9094, #8468, #1841 ) ;
#3882 = EDGE_LOOP ( 'NONE', ( #1673, #7277, #4395, #7333, #4944, #3111, #2407, #5580, #536, #90 ) ) ;
#3883 = DIRECTION ( 'NONE',  ( -1.000000000000000000, 0.000000000000000000, 0.000000000000000000 ) ) ;
#3884 = CARTESIAN_POINT ( 'NONE',  ( 2.255625000000001990, 0.6404979548822493651, 0.2174999999999984723 ) ) ;
#3885 = ORIENTED_EDGE ( 'NONE', *, *, #763, .T. ) ;
#3886 = CARTESIAN_POINT ( 'NONE',  ( -2.390625000000005773, 0.6404979548822425928, 0.9499999999999999556 ) ) ;
#3887 = AXIS2_PLACEMENT_3D ( 'NONE', #5681, #5535, #2003 ) ;
#3888 = EDGE_LOOP ( 'NONE', ( #2370, #9362, #2952, #4741 ) ) ;
#3889 = CARTESIAN_POINT ( 'NONE',  ( -2.766249999999998987, -0.1703183294109464618, 0.9499999999999999556 ) ) ;
#3890 = ORIENTED_EDGE ( 'NONE', *, *, #7230, .T. ) ;
#3891 = EDGE_LOOP ( 'NONE', ( #3320, #796, #1879, #1669 ) ) ;
#3892 = CLOSED_SHELL ( 'NONE', ( #337, #680, #2482, #9390, #1986, #8305, #4050, #707, #4252, #5316, #5192, #3279, #6795, #560, #4203, #9108, #1609, #7416, #4783, #3463, #3498, #6740, #6695, #9163, #7089, #6315, #3221, #785, #1638, #3066, #3321, #9471, #25, #5306, #485, #1663, #8878, #8853, #4695, #6728, #4965, #3394, #251, #9215, #7357, #7975, #154, #2318, #6556, #3400, #7913, #2, #3335, #7596, #3144, #3676, #8634, #7052, #8343, #2018, #304, #7342, #2698, #6314, #797, #8543, #8385, #3691, #7138, #1784, #7720, #7281, #1206, #5660, #1710, #6941, #2930, #5224, #9181, #132, #1369, #1141, #211, #1697, #318, #2686, #7340, #8941, #3570, #678, #6512, #9176, #972, #4076, #1850, #427, #8536, #5328, #7449, #1720, #7825, #9417, #7708, #2162, #9391, #9456, #7269, #2521, #6045, #6671, #7417, #827, #1670, #6302, #3895, #6141, #547, #66, #6580, #2119, #8283, #1741, #5508, #3348, #5034, #5317, #1153, #5450, #8799, #4264, #6623, #4020, #7238, #3346, #9274, #1256, #4901, #2006, #5684, #592, #3054, #9403, #9036, #4619, #6739, #8557, #7111, #8978, #5821, #5919, #9322, #3447, #1295, #1608, #3667, #6503, #6448, #3991, #6447, #1144, #3071, #6303, #8644, #2820, #3909, #4805, #6929, #1416, #5274, #7166, #4809, #7519, #507, #2546, #9378, #1836, #6235, #5219, #5753, #1889, #5424, #7984, #1494, #1208, #8807, #9453, #8650, #9235, #8106, #5146, #5452, #905, #7561, #4716, #6132, #5568, #4656, #6201, #8032, #5437, #2233, #6633, #5548, #4802, #1384, #2875, #6410, #388, #1478, #5600, #6698, #8477, #2942, #658, #4912, #6262, #8836, #6313, #9345, #2297, #4684, #5515, #2640, #7102, #176, #2768, #1719, #3812, #1939, #8411, #6825, #6024, #6880, #7541, #5493, #721, #7476, #157, #6631, #84, #8657, #1058, #5315, #5734, #998, #5836, #2583, #4928, #7598, #7395, #7294, #958, #4558, #471, #6751, #15, #564, #4860, #6979, #3702, #7831, #6140, #6376, #385, #9356, #6488, #3926, #8928, #5203, #1773, #4316, #7627, #4976, #6727, #239, #3791, #3746, #7359, #8765, #2432, #4874, #744, #4265, #4977 ) ) ;
#3893 = AXIS2_PLACEMENT_3D ( 'NONE', #8918, #6786, #5331 ) ;
#3894 = EDGE_CURVE ( 'NONE', #4621, #4911, #7571, .T. ) ;
#3895 = ADVANCED_FACE ( 'NONE', ( #4616 ), #287, .T. ) ;
#3896 = CARTESIAN_POINT ( 'NONE',  ( 2.125000000000000000, 0.000000000000000000, 0.9499999999999999556 ) ) ;
#3897 = CARTESIAN_POINT ( 'NONE',  ( 2.392868649053890628, -0.3170337998483088171, 0.6999999999999999556 ) ) ;
#3898 = DIRECTION ( 'NONE',  ( 0.000000000000000000, -1.000000000000000000, 0.000000000000000000 ) ) ;
#3899 = DIRECTION ( 'NONE',  ( -0.8660254037844136166, -0.5000000000000432987, 0.000000000000000000 ) ) ;
#3900 = EDGE_LOOP ( 'NONE', ( #4387, #2418, #6802, #5574 ) ) ;
#3901 = DIRECTION ( 'NONE',  ( -0.4999999999999919509, 0.8660254037844432595, 0.000000000000000000 ) ) ;
#3902 = VERTEX_POINT ( 'NONE', #1615 ) ;
#3903 = ORIENTED_EDGE ( 'NONE', *, *, #7233, .F. ) ;
#3904 = VECTOR ( 'NONE', #3567, 39.37007874015748143 ) ;
#3905 = CARTESIAN_POINT ( 'NONE',  ( 2.125000000000000000, 0.000000000000000000, 0.4649999999999993583 ) ) ;
#3906 = ORIENTED_EDGE ( 'NONE', *, *, #9090, .T. ) ;
#3907 = EDGE_CURVE ( 'NONE', #6840, #1559, #233, .T. ) ;
#3908 = EDGE_CURVE ( 'NONE', #583, #3753, #3988, .T. ) ;
#3909 = ADVANCED_FACE ( 'NONE', ( #6931 ), #5422, .F. ) ;
#3910 = CARTESIAN_POINT ( 'NONE',  ( 0.000000000000000000, -0.7087500000000019895, 0.000000000000000000 ) ) ;
#3911 = DIRECTION ( 'NONE',  ( -3.023406148612404967E-15, -1.000000000000000000, 0.000000000000000000 ) ) ;
#3912 = VECTOR ( 'NONE', #8416, 39.37007874015748143 ) ;
#3913 = AXIS2_PLACEMENT_3D ( 'NONE', #4421, #2137, #1378 ) ;
#3914 = DIRECTION ( 'NONE',  ( 0.4999999999999919509, -0.8660254037844432595, 0.000000000000000000 ) ) ;
#3915 = CARTESIAN_POINT ( 'NONE',  ( -1.559174798107780591, -0.01996200211974713534, 0.5999999999999999778 ) ) ;
#3916 = CARTESIAN_POINT ( 'NONE',  ( -2.496794203676986790, -0.5458564770119356258, 0.8439418834258907154 ) ) ;
#3917 = CARTESIAN_POINT ( 'NONE',  ( -2.601910219341328379, -0.2382494887205698075, 0.000000000000000000 ) ) ;
#3918 = CARTESIAN_POINT ( 'NONE',  ( -2.265624999999999556, 0.4058214234295524081, 0.6642500000000000071 ) ) ;
#3919 = ORIENTED_EDGE ( 'NONE', *, *, #1774, .F. ) ;
#3920 = CIRCLE ( 'NONE', #9303, 0.9875000000000022649 ) ;
#3921 = VECTOR ( 'NONE', #2140, 39.37007874015747433 ) ;
#3922 = CONICAL_SURFACE ( 'NONE', #6532, 0.04249999999999988509, 0.7853981633974513876 ) ;
#3923 = VERTEX_POINT ( 'NONE', #1052 ) ;
#3924 = EDGE_CURVE ( 'NONE', #7619, #4903, #3944, .T. ) ;
#3925 = DIRECTION ( 'NONE',  ( 0.8660254037844402619, -0.4999999999999973910, 0.000000000000000000 ) ) ;
#3926 = ADVANCED_FACE ( 'NONE', ( #380, #6146 ), #9103, .T. ) ;
#3927 = CYLINDRICAL_SURFACE ( 'NONE', #9222, 0.009999999999999988065 ) ;
#3928 = VECTOR ( 'NONE', #7171, 39.37007874015748143 ) ;
#3929 = VECTOR ( 'NONE', #372, 39.37007874015748143 ) ;
#3930 = FACE_OUTER_BOUND ( 'NONE', #1102, .T. ) ;
#3931 = ORIENTED_EDGE ( 'NONE', *, *, #6881, .T. ) ;
#3932 = CARTESIAN_POINT ( 'NONE',  ( -1.984375000000010880, 0.6079979548822664892, 0.9499999999999999556 ) ) ;
#3933 = EDGE_CURVE ( 'NONE', #7018, #3258, #1933, .T. ) ;
#3934 = DIRECTION ( 'NONE',  ( -3.566230599675457989E-14, -0.7071067811865444641, 0.7071067811865503483 ) ) ;
#3935 = DIRECTION ( 'NONE',  ( -1.000000000000000000, 0.000000000000000000, 0.000000000000000000 ) ) ;
#3936 = CYLINDRICAL_SURFACE ( 'NONE', #5152, 0.2500000000000000000 ) ;
#3937 = CIRCLE ( 'NONE', #1062, 0.2175000000000007483 ) ;
#3938 = AXIS2_PLACEMENT_3D ( 'NONE', #5419, #7670, #1098 ) ;
#3939 = CARTESIAN_POINT ( 'NONE',  ( -2.546874999999995559, -0.5502869753213701642, 0.4650000000000000799 ) ) ;
#3940 = AXIS2_PLACEMENT_3D ( 'NONE', #6678, #5953, #708 ) ;
#3941 = CARTESIAN_POINT ( 'NONE',  ( -2.812500000000023093, 0.4058214234295524081, 0.5999999999999999778 ) ) ;
#3942 = VERTEX_POINT ( 'NONE', #185 ) ;
#3943 = ORIENTED_EDGE ( 'NONE', *, *, #8033, .F. ) ;
#3944 = LINE ( 'NONE', #6887, #3439 ) ;
#3945 = DIRECTION ( 'NONE',  ( -0.000000000000000000, -1.000000000000000000, -0.000000000000000000 ) ) ;
#3946 = CARTESIAN_POINT ( 'NONE',  ( -2.426294072553244696, 0.3173240701936254626, 0.3630944694227261627 ) ) ;
#3947 = ORIENTED_EDGE ( 'NONE', *, *, #7926, .F. ) ;
#3948 = VECTOR ( 'NONE', #8968, 39.37007874015748143 ) ;
#3949 = ORIENTED_EDGE ( 'NONE', *, *, #8183, .F. ) ;
#3950 = CARTESIAN_POINT ( 'NONE',  ( 1.824799798107692439, -0.4800379978800762282, 0.5999999999999999778 ) ) ;
#3951 = CARTESIAN_POINT ( 'NONE',  ( -1.984375000000007994, 0.3904979548822709035, 0.9499999999999999556 ) ) ;
#3952 = DIRECTION ( 'NONE',  ( -0.000000000000000000, 1.000000000000000000, -0.000000000000000000 ) ) ;
#3953 = ORIENTED_EDGE ( 'NONE', *, *, #2371, .F. ) ;
#3954 = DIRECTION ( 'NONE',  ( -0.8660254037844401509, -0.4999999999999972800, -0.000000000000000000 ) ) ;
#3955 = ORIENTED_EDGE ( 'NONE', *, *, #4220, .F. ) ;
#3956 = ORIENTED_EDGE ( 'NONE', *, *, #147, .F. ) ;
#3957 = AXIS2_PLACEMENT_3D ( 'NONE', #2736, #648, #5028 ) ;
#3958 = VECTOR ( 'NONE', #306, 39.37007874015748854 ) ;
#3959 = EDGE_CURVE ( 'NONE', #7264, #1280, #6736, .T. ) ;
#3960 = ORIENTED_EDGE ( 'NONE', *, *, #6469, .F. ) ;
#3961 = CARTESIAN_POINT ( 'NONE',  ( -2.217868141538939852, -0.4275392709024915527, 0.3917949024850406747 ) ) ;
#3962 = DIRECTION ( 'NONE',  ( -0.000000000000000000, -1.000000000000000000, -0.000000000000000000 ) ) ;
#3963 = VECTOR ( 'NONE', #7592, 39.37007874015748143 ) ;
#3964 = DIRECTION ( 'NONE',  ( -0.5000000000000035527, 0.8660254037844364872, -0.000000000000000000 ) ) ;
#3965 = CARTESIAN_POINT ( 'NONE',  ( 1.262374999999988257, 0.000000000000000000, 0.2500000000000000555 ) ) ;
#3966 = CARTESIAN_POINT ( 'NONE',  ( -2.502726728461359684, -0.5969667425129840943, 0.7849999999999999201 ) ) ;
#3967 = FACE_BOUND ( 'NONE', #5835, .T. ) ;
#3968 = DIRECTION ( 'NONE',  ( 1.000000000000000000, 7.249756350802272209E-14, 0.000000000000000000 ) ) ;
#3969 = ORIENTED_EDGE ( 'NONE', *, *, #5904, .F. ) ;
#3970 = EDGE_CURVE ( 'NONE', #2921, #7423, #6006, .T. ) ;
#3971 = EDGE_CURVE ( 'NONE', #789, #294, #3847, .T. ) ;
#3972 = ORIENTED_EDGE ( 'NONE', *, *, #5254, .F. ) ;
#3973 = CARTESIAN_POINT ( 'NONE',  ( -1.859375000000029976, 0.3476343040826271880, 0.9499999999999999556 ) ) ;
#3974 = DIRECTION ( 'NONE',  ( 0.8660254037844659081, -0.4999999999999530376, 0.000000000000000000 ) ) ;
#3975 = CARTESIAN_POINT ( 'NONE',  ( 1.501393226381754209, -0.1762004845441236256, 0.2500000000000001110 ) ) ;
#3976 = ORIENTED_EDGE ( 'NONE', *, *, #6978, .T. ) ;
#3977 = CARTESIAN_POINT ( 'NONE',  ( 2.211547108317882149, -0.4288541104406126681, 0.9499999999999999556 ) ) ;
#3978 = LINE ( 'NONE', #5467, #9448 ) ;
#3979 = EDGE_CURVE ( 'NONE', #6986, #6345, #568, .T. ) ;
#3980 = EDGE_CURVE ( 'NONE', #6593, #784, #2572, .T. ) ;
#3981 = LINE ( 'NONE', #8289, #7366 ) ;
#3982 = LINE ( 'NONE', #9097, #5604 ) ;
#3983 = VECTOR ( 'NONE', #1151, 39.37007874015748143 ) ;
#3984 = ORIENTED_EDGE ( 'NONE', *, *, #668, .T. ) ;
#3985 = LINE ( 'NONE', #6926, #1357 ) ;
#3986 = DIRECTION ( 'NONE',  ( 1.000000000000000000, 0.000000000000000000, 0.000000000000000000 ) ) ;
#3987 = ORIENTED_EDGE ( 'NONE', *, *, #3624, .T. ) ;
#3988 = LINE ( 'NONE', #9061, #6668 ) ;
#3989 = AXIS2_PLACEMENT_3D ( 'NONE', #5845, #4409, #4262 ) ;
#3990 = FACE_BOUND ( 'NONE', #7566, .T. ) ;
#3991 = ADVANCED_FACE ( 'NONE', ( #1897 ), #7139, .F. ) ;
#3992 = EDGE_CURVE ( 'NONE', #5673, #3790, #4760, .T. ) ;
#3993 = CARTESIAN_POINT ( 'NONE',  ( 2.298124999999998419, 0.3904979548822426483, 0.9499999999999999556 ) ) ;
#3994 = EDGE_LOOP ( 'NONE', ( #8463, #1849, #8854, #3801 ) ) ;
#3995 = ORIENTED_EDGE ( 'NONE', *, *, #1296, .F. ) ;
#3996 = AXIS2_PLACEMENT_3D ( 'NONE', #3387, #7594, #4010 ) ;
#3997 = CARTESIAN_POINT ( 'NONE',  ( -2.125000000000000000, 0.000000000000000000, 0.9499999999999999556 ) ) ;
#3998 = LINE ( 'NONE', #8443, #2926 ) ;
#3999 = VERTEX_POINT ( 'NONE', #7717 ) ;
#4000 = DIRECTION ( 'NONE',  ( 0.000000000000000000, 0.000000000000000000, -1.000000000000000000 ) ) ;
#4001 = VERTEX_POINT ( 'NONE', #1325 ) ;
#4002 = CYLINDRICAL_SURFACE ( 'NONE', #3425, 0.06424999999999973788 ) ;
#4003 = EDGE_LOOP ( 'NONE', ( #2673, #8911, #4810, #4052 ) ) ;
#4004 = EDGE_LOOP ( 'NONE', ( #6004, #3526, #3845, #8540 ) ) ;
#4005 = AXIS2_PLACEMENT_3D ( 'NONE', #2725, #9407, #682 ) ;
#4006 = VERTEX_POINT ( 'NONE', #1943 ) ;
#4007 = CARTESIAN_POINT ( 'NONE',  ( -1.791715991135747643, -0.006042542799555386882, 0.9382840088642540044 ) ) ;
#4008 = LINE ( 'NONE', #5542, #3835 ) ;
#4009 = CARTESIAN_POINT ( 'NONE',  ( -2.281250000000000000, 0.2706329386826341055, 0.9499999999999999556 ) ) ;
#4010 = DIRECTION ( 'NONE',  ( -0.8660254037844348218, 0.5000000000000067724, 0.000000000000000000 ) ) ;
#4011 = CARTESIAN_POINT ( 'NONE',  ( -2.495027466214037926, -0.5833721649176392132, 0.8157121042078545603 ) ) ;
#4012 = SURFACE_STYLE_USAGE ( .BOTH. , #6909 ) ;
#4013 = SURFACE_STYLE_FILL_AREA ( #6033 ) ;
#4014 = ORIENTED_EDGE ( 'NONE', *, *, #4509, .T. ) ;
#4015 = ORIENTED_EDGE ( 'NONE', *, *, #4570, .T. ) ;
#4016 = ORIENTED_EDGE ( 'NONE', *, *, #604, .T. ) ;
#4017 = DIRECTION ( 'NONE',  ( 3.023406148612404967E-15, 1.000000000000000000, -0.000000000000000000 ) ) ;
#4018 = FACE_OUTER_BOUND ( 'NONE', #7626, .T. ) ;
#4019 = DIRECTION ( 'NONE',  ( 0.000000000000000000, 0.000000000000000000, -1.000000000000000000 ) ) ;
#4020 = ADVANCED_FACE ( 'NONE', ( #522 ), #6973, .T. ) ;
#4021 = CARTESIAN_POINT ( 'NONE',  ( 1.524438346324294535, -0.1841894933135193313, 0.2500000000000001110 ) ) ;
#4022 = ORIENTED_EDGE ( 'NONE', *, *, #8449, .T. ) ;
#4023 = PRODUCT_DEFINITION_CONTEXT ( 'detailed design', #2196, 'design' ) ;
#4024 = CARTESIAN_POINT ( 'NONE',  ( 1.813004557839720920, -0.01775088930758956032, 0.9499999999999999556 ) ) ;
#4025 = CIRCLE ( 'NONE', #8493, 0.06424999999999959910 ) ;
#4026 = CARTESIAN_POINT ( 'NONE',  ( -2.683967334085359813, -0.1603401775928167128, 0.5999999999999999778 ) ) ;
#4027 = FACE_OUTER_BOUND ( 'NONE', #6899, .T. ) ;
#4028 = ORIENTED_EDGE ( 'NONE', *, *, #8990, .T. ) ;
#4029 = CARTESIAN_POINT ( 'NONE',  ( -2.397669672564383347, 0.3421410313133604331, 0.6097794135441129137 ) ) ;
#4030 = EDGE_CURVE ( 'NONE', #3751, #2910, #7176, .T. ) ;
#4031 = EDGE_CURVE ( 'NONE', #3598, #2101, #6521, .T. ) ;
#4032 = CARTESIAN_POINT ( 'NONE',  ( 2.265624999999998668, 0.2790714234295562646, 0.9175000000000007594 ) ) ;
#4033 = ORIENTED_EDGE ( 'NONE', *, *, #9125, .T. ) ;
#4034 = CARTESIAN_POINT ( 'NONE',  ( 1.504999999999972138, -0.2071244090717875574, 0.2600000000000000089 ) ) ;
#4035 = EDGE_LOOP ( 'NONE', ( #512, #2062, #6384, #3288 ) ) ;
#4036 = FACE_OUTER_BOUND ( 'NONE', #8877, .T. ) ;
#4037 = CIRCLE ( 'NONE', #5562, 0.2499999999999999167 ) ;
#4038 = ORIENTED_EDGE ( 'NONE', *, *, #3242, .F. ) ;
#4039 = ORIENTED_EDGE ( 'NONE', *, *, #6404, .T. ) ;
#4040 = EDGE_CURVE ( 'NONE', #3234, #1972, #8619, .T. ) ;
#4041 = CARTESIAN_POINT ( 'NONE',  ( -2.059687499999999893, -0.1131245683693401782, 0.2500000000000000555 ) ) ;
#4042 = FACE_OUTER_BOUND ( 'NONE', #7880, .T. ) ;
#4043 = EDGE_CURVE ( 'NONE', #202, #7492, #2569, .T. ) ;
#4044 = AXIS2_PLACEMENT_3D ( 'NONE', #7109, #1130, #7660 ) ;
#4045 = FACE_OUTER_BOUND ( 'NONE', #6785, .T. ) ;
#4046 = ORIENTED_EDGE ( 'NONE', *, *, #9348, .T. ) ;
#4047 = CARTESIAN_POINT ( 'NONE',  ( 1.859375000000026645, 0.3476343040826245234, 0.2500000000000000555 ) ) ;
#4048 = ORIENTED_EDGE ( 'NONE', *, *, #5035, .F. ) ;
#4049 = VERTEX_POINT ( 'NONE', #1854 ) ;
#4050 = ADVANCED_FACE ( 'NONE', ( #567 ), #8993, .F. ) ;
#4051 = ORIENTED_EDGE ( 'NONE', *, *, #2831, .F. ) ;
#4052 = ORIENTED_EDGE ( 'NONE', *, *, #1370, .F. ) ;
#4053 = ORIENTED_EDGE ( 'NONE', *, *, #2654, .F. ) ;
#4054 = CARTESIAN_POINT ( 'NONE',  ( -1.706657665914630195, -0.4039098224071747678, 0.5999999999999999778 ) ) ;
#4055 = CARTESIAN_POINT ( 'NONE',  ( -2.425160219341328638, -0.2382494887205698075, 0.2500000000000000555 ) ) ;
#4056 = CARTESIAN_POINT ( 'NONE',  ( 2.255624999999997993, -3.949324281624900689E-16, 0.2500000000000000555 ) ) ;
#4057 = DIRECTION ( 'NONE',  ( -0.000000000000000000, -0.000000000000000000, -1.000000000000000000 ) ) ;
#4058 = DIRECTION ( 'NONE',  ( 0.5000000000000038858, 0.8660254037844362651, -0.000000000000000000 ) ) ;
#4059 = VECTOR ( 'NONE', #5668, 39.37007874015748143 ) ;
#4060 = CIRCLE ( 'NONE', #3893, 0.4374999999999960587 ) ;
#4061 = DIRECTION ( 'NONE',  ( 1.000000000000000000, 0.000000000000000000, 0.000000000000000000 ) ) ;
#4062 = DIRECTION ( 'NONE',  ( -0.7071067811865580088, -0.7071067811865371366, 0.000000000000000000 ) ) ;
#4063 = ORIENTED_EDGE ( 'NONE', *, *, #1838, .F. ) ;
#4064 = AXIS2_PLACEMENT_3D ( 'NONE', #7451, #4414, #3777 ) ;
#4065 = AXIS2_PLACEMENT_3D ( 'NONE', #5084, #2937, #7265 ) ;
#4066 = CARTESIAN_POINT ( 'NONE',  ( 2.683967334085359813, -0.1603401775928167128, 0.5999999999999999778 ) ) ;
#4067 = DIRECTION ( 'NONE',  ( 0.000000000000000000, 0.000000000000000000, -1.000000000000000000 ) ) ;
#4068 = PLANE ( 'NONE',  #5068 ) ;
#4069 = DIRECTION ( 'NONE',  ( 0.000000000000000000, 0.000000000000000000, 1.000000000000000000 ) ) ;
#4070 = CARTESIAN_POINT ( 'NONE',  ( -1.437499999999995337, -0.09021097956086834846, 0.8474999999999995870 ) ) ;
#4071 = CIRCLE ( 'NONE', #7783, 0.2500000000000000000 ) ;
#4072 = AXIS2_PLACEMENT_3D ( 'NONE', #7405, #4356, #7303 ) ;
#4073 = AXIS2_PLACEMENT_3D ( 'NONE', #1549, #4455, #7404 ) ;
#4074 = DIRECTION ( 'NONE',  ( -1.000000000000000000, 0.000000000000000000, 0.000000000000000000 ) ) ;
#4075 = FACE_OUTER_BOUND ( 'NONE', #2429, .T. ) ;
#4076 = ADVANCED_FACE ( 'NONE', ( #7125 ), #4132, .F. ) ;
#4077 = ORIENTED_EDGE ( 'NONE', *, *, #617, .T. ) ;
#4078 = ORIENTED_EDGE ( 'NONE', *, *, #8684, .T. ) ;
#4079 = CARTESIAN_POINT ( 'NONE',  ( 2.581229174377005720, -0.4257837998483106068, 0.2599999999999999534 ) ) ;
#4080 = VECTOR ( 'NONE', #6516, 39.37007874015748143 ) ;
#4081 = MECHANICAL_DESIGN_GEOMETRIC_PRESENTATION_REPRESENTATION (  '', ( #1348 ), #5153 ) ;
#4082 = LINE ( 'NONE', #7671, #6643 ) ;
#4083 = ORIENTED_EDGE ( 'NONE', *, *, #3834, .F. ) ;
#4084 = DIRECTION ( 'NONE',  ( 0.000000000000000000, 0.000000000000000000, -1.000000000000000000 ) ) ;
#4085 = VERTEX_POINT ( 'NONE', #1281 ) ;
#4086 = DIRECTION ( 'NONE',  ( 0.000000000000000000, 0.000000000000000000, -1.000000000000000000 ) ) ;
#4087 = AXIS2_PLACEMENT_3D ( 'NONE', #2967, #6711, #6570 ) ;
#4088 = AXIS2_PLACEMENT_3D ( 'NONE', #8149, #7702, #8193 ) ;
#4089 = EDGE_CURVE ( 'NONE', #4997, #4156, #269, .T. ) ;
#4090 = EDGE_CURVE ( 'NONE', #7727, #7999, #9240, .T. ) ;
#4091 = ORIENTED_EDGE ( 'NONE', *, *, #1132, .T. ) ;
#4092 = DIRECTION ( 'NONE',  ( -0.5000000000000014433, 0.8660254037844378194, 0.000000000000000000 ) ) ;
#4093 = VERTEX_POINT ( 'NONE', #1233 ) ;
#4094 = CARTESIAN_POINT ( 'NONE',  ( -1.956752361437507526, -0.4038551499215299323, 2.731847993664263218E-16 ) ) ;
#4095 = DIRECTION ( 'NONE',  ( 0.4999999999999918954, -0.8660254037844431485, 2.185478394931412152E-15 ) ) ;
#4096 = DIRECTION ( 'NONE',  ( -0.000000000000000000, -0.000000000000000000, 1.000000000000000000 ) ) ;
#4097 = ORIENTED_EDGE ( 'NONE', *, *, #5975, .F. ) ;
#4098 = CARTESIAN_POINT ( 'NONE',  ( 1.994375000000009557, 0.6404979548822627988, 0.2600000000000000089 ) ) ;
#4099 = EDGE_LOOP ( 'NONE', ( #3673, #3850, #5121, #4943, #7625, #4357, #9381, #8100, #2745, #6988, #4715, #3664, #2657, #3644, #6962, #1707, #516 ) ) ;
#4100 = ORIENTED_EDGE ( 'NONE', *, *, #3259, .T. ) ;
#4101 = B_SPLINE_CURVE_WITH_KNOTS ( 'NONE', 3,
 ( #3865, #64, #5940, #5171, #6760, #8983, #6807, #3772, #8938, #8898, #2268, #9033, #6076, #791, #6712, #3074 ),
 .UNSPECIFIED., .F., .F.,
 ( 4, 2, 2, 2, 2, 2, 2, 4 ),
 ( 0.002937417615281274173, 0.003303932797524175482, 0.003670447979767076357, 0.004036963162009977665, 0.004403478344252878540, 0.004769993526495779415, 0.005136508708738681157, 0.005869539073224492448 ),
 .UNSPECIFIED. ) ;
#4102 = EDGE_CURVE ( 'NONE', #9102, #7823, #4854, .T. ) ;
#4103 = AXIS2_PLACEMENT_3D ( 'NONE', #3634, #4204, #4978 ) ;
#4104 = ORIENTED_EDGE ( 'NONE', *, *, #6469, .T. ) ;
#4105 = EDGE_LOOP ( 'NONE', ( #3098, #4585, #53, #8921 ) ) ;
#4106 = ORIENTED_EDGE ( 'NONE', *, *, #2533, .T. ) ;
#4107 = FACE_OUTER_BOUND ( 'NONE', #5519, .T. ) ;
#4108 = CARTESIAN_POINT ( 'NONE',  ( 2.299118649053886632, -0.4794135630578958418, 0.6999999999999999556 ) ) ;
#4109 = DIRECTION ( 'NONE',  ( -0.8660254037843999608, -0.5000000000000667244, 0.000000000000000000 ) ) ;
#4110 = CARTESIAN_POINT ( 'NONE',  ( -2.558872638562463830, 0.05622084583890603338, 0.2500000000000000555 ) ) ;
#4111 = CYLINDRICAL_SURFACE ( 'NONE', #1657, 0.5000000000000000000 ) ;
#4112 = DIRECTION ( 'NONE',  ( 0.000000000000000000, -0.000000000000000000, -1.000000000000000000 ) ) ;
#4113 = ORIENTED_EDGE ( 'NONE', *, *, #8424, .T. ) ;
#4114 = EDGE_CURVE ( 'NONE', #2038, #1998, #9282, .T. ) ;
#4115 = VECTOR ( 'NONE', #4862, 39.37007874015748143 ) ;
#4116 = DIRECTION ( 'NONE',  ( -1.000000000000000000, 0.000000000000000000, 0.000000000000000000 ) ) ;
#4117 = EDGE_CURVE ( 'NONE', #3813, #5805, #8576, .T. ) ;
#4118 = DIRECTION ( 'NONE',  ( 0.000000000000000000, 0.000000000000000000, 1.000000000000000000 ) ) ;
#4119 = DIRECTION ( 'NONE',  ( 0.8660254037844364872, -0.5000000000000039968, 0.000000000000000000 ) ) ;
#4120 = DIRECTION ( 'NONE',  ( 0.000000000000000000, 0.000000000000000000, -1.000000000000000000 ) ) ;
#4121 = AXIS2_PLACEMENT_3D ( 'NONE', #526, #4953, #9343 ) ;
#4122 = CARTESIAN_POINT ( 'NONE',  ( -1.524452224782259391, -0.1841956104849731268, 0.2499999999999998890 ) ) ;
#4123 = LINE ( 'NONE', #8566, #6990 ) ;
#4124 = ORIENTED_EDGE ( 'NONE', *, *, #3405, .T. ) ;
#4125 = CARTESIAN_POINT ( 'NONE',  ( -1.859375000000026645, 0.3476343040826245234, 0.2500000000000000555 ) ) ;
#4126 = VERTEX_POINT ( 'NONE', #1560 ) ;
#4127 = VERTEX_POINT ( 'NONE', #5763 ) ;
#4128 = DIRECTION ( 'NONE',  ( -0.3535533905933037069, 0.6123724356957755965, 0.7071067811865489050 ) ) ;
#4129 = CARTESIAN_POINT ( 'NONE',  ( -2.390625000000005773, 0.3904979548822426483, 0.9499999999999999556 ) ) ;
#4130 = EDGE_CURVE ( 'NONE', #467, #491, #2840, .T. ) ;
#4131 = ORIENTED_EDGE ( 'NONE', *, *, #2420, .T. ) ;
#4132 = CYLINDRICAL_SURFACE ( 'NONE', #1179, 0.06425000000000000155 ) ;
#4133 = DIRECTION ( 'NONE',  ( 1.000000000000000000, 0.000000000000000000, -3.316912419377130073E-16 ) ) ;
#4134 = B_SPLINE_CURVE_WITH_KNOTS ( 'NONE', 3,
 ( #8728, #3519, #7905, #6341 ),
 .UNSPECIFIED., .F., .F.,
 ( 4, 4 ),
 ( 0.000000000000000000, 0.001266630838601753069 ),
 .UNSPECIFIED. ) ;
#4135 = DIRECTION ( 'NONE',  ( 0.000000000000000000, 0.000000000000000000, 1.000000000000000000 ) ) ;
#4136 = EDGE_LOOP ( 'NONE', ( #6930, #8042, #956, #5790 ) ) ;
#4137 = CARTESIAN_POINT ( 'NONE',  ( 0.000000000000000000, -0.1762500000000011557, 0.8325000000000002398 ) ) ;
#4138 = DIRECTION ( 'NONE',  ( 0.5000000000000039968, -0.8660254037844362651, -0.000000000000000000 ) ) ;
#4139 = CARTESIAN_POINT ( 'NONE',  ( 1.621674798107783033, -0.1282151775928082327, 0.5357500000000002816 ) ) ;
#4140 = VECTOR ( 'NONE', #2343, 39.37007874015748143 ) ;
#4141 = CARTESIAN_POINT ( 'NONE',  ( -2.265625000000000000, 0.6079979548822481705, 0.2599999999999999534 ) ) ;
#4142 = EDGE_CURVE ( 'NONE', #2293, #7570, #7312, .T. ) ;
#4143 = ORIENTED_EDGE ( 'NONE', *, *, #7888, .T. ) ;
#4144 = CARTESIAN_POINT ( 'NONE',  ( 2.390625000000005773, 0.6404979548822425928, 0.2500000000000000555 ) ) ;
#4145 = ORIENTED_EDGE ( 'NONE', *, *, #3979, .F. ) ;
#4146 = ORIENTED_EDGE ( 'NONE', *, *, #9348, .F. ) ;
#4147 = AXIS2_PLACEMENT_3D ( 'NONE', #4334, #6591, #5052 ) ;
#4148 = ORIENTED_EDGE ( 'NONE', *, *, #1324, .T. ) ;
#4149 = PLANE ( 'NONE',  #2893 ) ;
#4150 = UNCERTAINTY_MEASURE_WITH_UNIT (LENGTH_MEASURE( 1.000000000000000082E-05 ), #7016, 'distance_accuracy_value', 'NONE');
#4151 = CARTESIAN_POINT ( 'NONE',  ( 2.453125000000005329, 0.2893790496476773000, 0.7349999999999999867 ) ) ;
#4152 = LINE ( 'NONE', #451, #5758 ) ;
#4153 = CARTESIAN_POINT ( 'NONE',  ( -2.296874244255246111, -0.2991391718944301781, 0.9499999999999999556 ) ) ;
#4154 = EDGE_CURVE ( 'NONE', #7194, #2175, #5127, .T. ) ;
#4155 = EDGE_CURVE ( 'NONE', #197, #7215, #1419, .T. ) ;
#4156 = VERTEX_POINT ( 'NONE', #8719 ) ;
#4157 = VECTOR ( 'NONE', #495, 39.37007874015748143 ) ;
#4158 = CARTESIAN_POINT ( 'NONE',  ( -2.549743649053904715, -0.04531832941097124062, 0.9499999999999999556 ) ) ;
#4159 = EDGE_LOOP ( 'NONE', ( #1553, #4488, #8180, #3237 ) ) ;
#4160 = EDGE_LOOP ( 'NONE', ( #1261, #6652 ) ) ;
#4161 = LINE ( 'NONE', #5550, #7807 ) ;
#4162 = DIRECTION ( 'NONE',  ( 0.5000000000000041078, 0.8660254037844363761, 0.000000000000000000 ) ) ;
#4163 = CARTESIAN_POINT ( 'NONE',  ( -1.663770825622965299, -0.4171235458104701754, 0.2500000000000000555 ) ) ;
#4164 = CARTESIAN_POINT ( 'NONE',  ( 0.000000000000000000, -0.2687500000000005995, 0.000000000000000000 ) ) ;
#4165 = EDGE_CURVE ( 'NONE', #8586, #30, #8144, .T. ) ;
#4166 = EDGE_CURVE ( 'NONE', #8479, #2391, #6200, .T. ) ;
#4167 = CARTESIAN_POINT ( 'NONE',  ( 1.703124999999971134, -0.5502869753213720516, 0.9499999999999999556 ) ) ;
#4168 = DIRECTION ( 'NONE',  ( -0.8660254037844431485, 0.4999999999999918954, -0.000000000000000000 ) ) ;
#4169 = CARTESIAN_POINT ( 'NONE',  ( -2.264416059278953952, 0.2796853363486554445, 0.2545603832415576084 ) ) ;
#4170 = ORIENTED_EDGE ( 'NONE', *, *, #6622, .T. ) ;
#4171 = DIRECTION ( 'NONE',  ( 0.000000000000000000, 0.000000000000000000, -1.000000000000000000 ) ) ;
#4172 = EDGE_LOOP ( 'NONE', ( #6980, #7654, #4942, #8215, #8107, #1275, #4016 ) ) ;
#4173 = VERTEX_POINT ( 'NONE', #8763 ) ;
#4174 = CARTESIAN_POINT ( 'NONE',  ( -2.390625000000005329, 0.3476343040825998765, 0.5727544197693736905 ) ) ;
#4175 = CYLINDRICAL_SURFACE ( 'NONE', #8498, 0.2500000000000000555 ) ;
#4176 = AXIS2_PLACEMENT_3D ( 'NONE', #2335, #6688, #136 ) ;
#4177 = ORIENTED_EDGE ( 'NONE', *, *, #3894, .F. ) ;
#4178 = DIRECTION ( 'NONE',  ( 0.5000000000000056621, -0.8660254037844354880, -0.000000000000000000 ) ) ;
#4179 = EDGE_LOOP ( 'NONE', ( #4250, #5033 ) ) ;
#4180 = CARTESIAN_POINT ( 'NONE',  ( -1.700592403928440133, 0.1063067015377320845, 0.8342758506934091489 ) ) ;
#4181 = ORIENTED_EDGE ( 'NONE', *, *, #2470, .F. ) ;
#4182 = VERTEX_POINT ( 'NONE', #9483 ) ;
#4183 = DIRECTION ( 'NONE',  ( -0.5000000000000041078, -0.8660254037844363761, 0.000000000000000000 ) ) ;
#4184 = CARTESIAN_POINT ( 'NONE',  ( 1.692380423954320090, 0.06589109416633751048, 0.3525000000000004241 ) ) ;
#4185 = CARTESIAN_POINT ( 'NONE',  ( 2.255624999999998437, 0.6079979548822497248, 0.2500000000000000555 ) ) ;
#4186 = DIRECTION ( 'NONE',  ( 0.6560590289905063877, 0.000000000000000000, 0.7547095802227727912 ) ) ;
#4187 = ORIENTED_EDGE ( 'NONE', *, *, #6202, .F. ) ;
#4188 = DIRECTION ( 'NONE',  ( -4.370956789862821150E-15, 2.253774594773017007E-15, -1.000000000000000000 ) ) ;
#4189 = VERTEX_POINT ( 'NONE', #5042 ) ;
#4190 = EDGE_CURVE ( 'NONE', #4700, #294, #6486, .T. ) ;
#4191 = VERTEX_POINT ( 'NONE', #3512 ) ;
#4192 = VECTOR ( 'NONE', #9422, 39.37007874015748143 ) ;
#4193 = CYLINDRICAL_SURFACE ( 'NONE', #3046, 0.8325000000000002398 ) ;
#4194 = CARTESIAN_POINT ( 'NONE',  ( -2.546874999999995559, -0.5502869753213698312, 0.7849999999999999201 ) ) ;
#4195 = CARTESIAN_POINT ( 'NONE',  ( 2.125000000000000000, 0.000000000000000000, 0.9175000000000007594 ) ) ;
#4196 = CARTESIAN_POINT ( 'NONE',  ( -1.712339780658681754, -0.2382494887205523215, 0.000000000000000000 ) ) ;
#4197 = ORIENTED_EDGE ( 'NONE', *, *, #2734, .F. ) ;
#4198 = EDGE_LOOP ( 'NONE', ( #661, #5325, #2515, #4820 ) ) ;
#4199 = DIRECTION ( 'NONE',  ( 1.000000000000000000, 0.000000000000000000, 0.000000000000000000 ) ) ;
#4200 = DIRECTION ( 'NONE',  ( -2.185478394931412547E-15, -0.000000000000000000, -1.000000000000000000 ) ) ;
#4201 = EDGE_LOOP ( 'NONE', ( #3872, #521 ) ) ;
#4202 = EDGE_CURVE ( 'NONE', #9488, #8153, #2182, .T. ) ;
#4203 = ADVANCED_FACE ( 'NONE', ( #3650 ), #6358, .T. ) ;
#4204 = DIRECTION ( 'NONE',  ( -0.8660254037844449249, 0.4999999999999893974, 0.000000000000000000 ) ) ;
#4205 = LINE ( 'NONE', #5742, #6415 ) ;
#4206 = PLANE ( 'NONE',  #1809 ) ;
#4207 = CARTESIAN_POINT ( 'NONE',  ( -1.559174798107780591, -0.01996200211974713534, 0.5357500000000002816 ) ) ;
#4208 = FACE_OUTER_BOUND ( 'NONE', #6937, .T. ) ;
#4209 = CARTESIAN_POINT ( 'NONE',  ( -1.855041356613011949, 0.3442841362961638341, 0.5809214371190666304 ) ) ;
#4210 = LINE ( 'NONE', #7797, #2547 ) ;
#4211 = ORIENTED_EDGE ( 'NONE', *, *, #2679, .F. ) ;
#4212 = PRESENTATION_STYLE_ASSIGNMENT (( #4940 ) ) ;
#4213 = CIRCLE ( 'NONE', #7297, 0.009999999999999988065 ) ;
#4214 = VECTOR ( 'NONE', #8229, 39.37007874015748143 ) ;
#4215 = EDGE_CURVE ( 'NONE', #4191, #214, #7994, .T. ) ;
#4216 = EDGE_CURVE ( 'NONE', #1001, #346, #8844, .T. ) ;
#4217 = ORIENTED_EDGE ( 'NONE', *, *, #8699, .F. ) ;
#4218 = ORIENTED_EDGE ( 'NONE', *, *, #7508, .F. ) ;
#4219 = CYLINDRICAL_SURFACE ( 'NONE', #4698, 0.06249999999999967387 ) ;
#4220 = EDGE_CURVE ( 'NONE', #5165, #1590, #5899, .T. ) ;
#4221 = CIRCLE ( 'NONE', #123, 0.04250000000000332678 ) ;
#4222 = LINE ( 'NONE', #2890, #2823 ) ;
#4223 = ORIENTED_EDGE ( 'NONE', *, *, #5917, .F. ) ;
#4224 = CARTESIAN_POINT ( 'NONE',  ( 2.125000000000000000, 0.000000000000000000, 0.2500000000000000555 ) ) ;
#4225 = LINE ( 'NONE', #3513, #2541 ) ;
#4226 = CARTESIAN_POINT ( 'NONE',  ( -1.691127361437541943, 0.05622084583895081006, 0.8474999999999995870 ) ) ;
#4227 = EDGE_CURVE ( 'NONE', #2258, #1029, #76, .T. ) ;
#4228 = VECTOR ( 'NONE', #1064, 39.37007874015748143 ) ;
#4229 = VECTOR ( 'NONE', #5880, 39.37007874015747433 ) ;
#4230 = VECTOR ( 'NONE', #8097, 39.37007874015748143 ) ;
#4231 = ORIENTED_EDGE ( 'NONE', *, *, #8120, .T. ) ;
#4232 = FACE_OUTER_BOUND ( 'NONE', #4337, .T. ) ;
#4233 = CARTESIAN_POINT ( 'NONE',  ( -2.296370442160278635, -0.2613205341219645983, 0.2600000000000002309 ) ) ;
#4234 = CARTESIAN_POINT ( 'NONE',  ( -2.436995442160277303, -0.01775088930761715283, 0.9499999999999999556 ) ) ;
#4235 = LINE ( 'NONE', #1289, #7540 ) ;
#4236 = DIRECTION ( 'NONE',  ( -0.4999999999999918954, 0.8660254037844431485, 0.000000000000000000 ) ) ;
#4237 = ORIENTED_EDGE ( 'NONE', *, *, #6154, .F. ) ;
#4238 = CARTESIAN_POINT ( 'NONE',  ( 1.813004557839720920, -0.01775088930758956726, 0.9174999999999992051 ) ) ;
#4239 = VECTOR ( 'NONE', #4609, 39.37007874015748143 ) ;
#4240 = ORIENTED_EDGE ( 'NONE', *, *, #5336, .T. ) ;
#4241 = ORIENTED_EDGE ( 'NONE', *, *, #6123, .T. ) ;
#4242 = AXIS2_PLACEMENT_3D ( 'NONE', #8948, #3126, #1699 ) ;
#4243 = ORIENTED_EDGE ( 'NONE', *, *, #3509, .T. ) ;
#4244 = VECTOR ( 'NONE', #2357, 39.37007874015748143 ) ;
#4245 = CARTESIAN_POINT ( 'NONE',  ( -1.712339780658681754, -0.2382494887205523215, 0.1944947243515862401 ) ) ;
#4246 = CARTESIAN_POINT ( 'NONE',  ( 1.984375000000010880, 0.6079979548822715962, 0.6642500000000000071 ) ) ;
#4247 = CARTESIAN_POINT ( 'NONE',  ( -2.609374999999999112, -0.4420337998483104269, 0.000000000000000000 ) ) ;
#4248 = CARTESIAN_POINT ( 'NONE',  ( -2.296370442160278635, -0.2613205341219645983, 0.9175000000000006484 ) ) ;
#4249 = AXIS2_PLACEMENT_3D ( 'NONE', #371, #9052, #8377 ) ;
#4250 = ORIENTED_EDGE ( 'NONE', *, *, #1597, .T. ) ;
#4251 = ORIENTED_EDGE ( 'NONE', *, *, #4551, .T. ) ;
#4252 = ADVANCED_FACE ( 'NONE', ( #1461 ), #730, .F. ) ;
#4253 = CARTESIAN_POINT ( 'NONE',  ( 1.693960409374950515, 0.07547606997295899789, 0.8460649621165567957 ) ) ;
#4254 = CONICAL_SURFACE ( 'NONE', #5322, 0.04249999999999912181, 0.7853981633974446153 ) ;
#4255 = DIRECTION ( 'NONE',  ( 1.000000000000000000, 0.000000000000000000, 0.000000000000000000 ) ) ;
#4256 = ORIENTED_EDGE ( 'NONE', *, *, #7926, .T. ) ;
#4257 = VECTOR ( 'NONE', #1265, 39.37007874015748143 ) ;
#4258 = CARTESIAN_POINT ( 'NONE',  ( -1.984375000000009548, 0.6404979548822712365, 0.9499999999999999556 ) ) ;
#4259 = CARTESIAN_POINT ( 'NONE',  ( -2.593124999999999680, -0.4701796254713037637, 0.2599999999999999534 ) ) ;
#4260 = CIRCLE ( 'NONE', #7353, 0.4374999999999960032 ) ;
#4261 = DIRECTION ( 'NONE',  ( 1.865610830299460874E-15, 1.000000000000000000, 0.000000000000000000 ) ) ;
#4262 = DIRECTION ( 'NONE',  ( -1.000000000000000000, 0.000000000000000000, 0.000000000000000000 ) ) ;
#4263 = DIRECTION ( 'NONE',  ( -5.090879084663727145E-14, -1.000000000000000000, 0.000000000000000000 ) ) ;
#4264 = ADVANCED_FACE ( 'NONE', ( #756 ), #6584, .F. ) ;
#4265 = ADVANCED_FACE ( 'NONE', ( #4277 ), #662, .F. ) ;
#4266 = CARTESIAN_POINT ( 'NONE',  ( -2.515624999999995559, -0.6044135630578968410, 0.7349999999999999867 ) ) ;
#4267 = FACE_BOUND ( 'NONE', #3193, .T. ) ;
#4268 = CIRCLE ( 'NONE', #9, 0.06424999999999959910 ) ;
#4269 = ORIENTED_EDGE ( 'NONE', *, *, #1320, .T. ) ;
#4270 = PLANE ( 'NONE',  #5151 ) ;
#4271 = B_SPLINE_CURVE_WITH_KNOTS ( 'NONE', 3,
 ( #7158, #7207, #5652, #5071, #7980, #3541, #5798, #6371, #2826, #6474, #8607, #6428, #8752, #2122 ),
 .UNSPECIFIED., .F., .F.,
 ( 4, 2, 2, 2, 2, 2, 4 ),
 ( 0.000000000000000000, 0.0003295577060318853157, 0.0006591154120637706315, 0.001318230824127521314, 0.001647788530159395625, 0.001977346236191270153, 0.002636461648255014438 ),
 .UNSPECIFIED. ) ;
#4272 = AXIS2_PLACEMENT_3D ( 'NONE', #4370, #81, #7319 ) ;
#4273 = LINE ( 'NONE', #5710, #7112 ) ;
#4274 = EDGE_CURVE ( 'NONE', #7806, #249, #2506, .T. ) ;
#4275 = EDGE_CURVE ( 'NONE', #7035, #6016, #421, .T. ) ;
#4276 = ORIENTED_EDGE ( 'NONE', *, *, #8232, .T. ) ;
#4277 = FACE_OUTER_BOUND ( 'NONE', #91, .T. ) ;
#4278 = LINE ( 'NONE', #7949, #4059 ) ;
#4279 = CARTESIAN_POINT ( 'NONE',  ( 1.437499999999995559, -0.09021097956087463510, 0.2500000000000000555 ) ) ;
#4280 = VERTEX_POINT ( 'NONE', #990 ) ;
#4281 = DIRECTION ( 'NONE',  ( 0.000000000000000000, 0.000000000000000000, 1.000000000000000000 ) ) ;
#4282 = DIRECTION ( 'NONE',  ( -0.8660254037844795638, -0.4999999999999291678, 0.000000000000000000 ) ) ;
#4283 = DIRECTION ( 'NONE',  ( 0.000000000000000000, 0.000000000000000000, 1.000000000000000000 ) ) ;
#4284 = DIRECTION ( 'NONE',  ( 0.000000000000000000, 0.000000000000000000, -1.000000000000000000 ) ) ;
#4285 = CARTESIAN_POINT ( 'NONE',  ( -2.445201381572378097, 0.6121392682981662281, 0.8157121042078544493 ) ) ;
#4286 = AXIS2_PLACEMENT_3D ( 'NONE', #4344, #6416, #3625 ) ;
#4287 = EDGE_CURVE ( 'NONE', #1683, #1892, #3786, .T. ) ;
#4288 = ORIENTED_EDGE ( 'NONE', *, *, #2072, .F. ) ;
#4289 = CARTESIAN_POINT ( 'NONE',  ( -2.515624999999995559, -0.6044135630578968410, 0.4650000000000000799 ) ) ;
#4290 = EDGE_CURVE ( 'NONE', #3230, #6640, #7513, .T. ) ;
#4291 = EDGE_LOOP ( 'NONE', ( #4594, #6009 ) ) ;
#4292 = ORIENTED_EDGE ( 'NONE', *, *, #147, .T. ) ;
#4293 = ORIENTED_EDGE ( 'NONE', *, *, #5917, .T. ) ;
#4294 = VECTOR ( 'NONE', #3806, 39.37007874015747433 ) ;
#4295 = CARTESIAN_POINT ( 'NONE',  ( 2.390625000000005773, 0.6404979548822424817, 0.5357500000000000595 ) ) ;
#4296 = CARTESIAN_POINT ( 'NONE',  ( 2.390625000000005329, 0.6404979548822425928, 0.7350000000000000977 ) ) ;
#4297 = LINE ( 'NONE', #2201, #3616 ) ;
#4298 = DIRECTION ( 'NONE',  ( 0.000000000000000000, 0.000000000000000000, 1.000000000000000000 ) ) ;
#4299 = ORIENTED_EDGE ( 'NONE', *, *, #5046, .F. ) ;
#4300 = ORIENTED_EDGE ( 'NONE', *, *, #1030, .F. ) ;
#4301 = AXIS2_PLACEMENT_3D ( 'NONE', #2493, #254, #3911 ) ;
#4302 = CARTESIAN_POINT ( 'NONE',  ( 1.956752361437507526, -0.4038551499215299323, 0.9499999999999999556 ) ) ;
#4303 = CIRCLE ( 'NONE', #8005, 0.5000000000000000000 ) ;
#4304 = DIRECTION ( 'NONE',  ( 1.000000000000000000, 0.000000000000000000, 0.000000000000000000 ) ) ;
#4305 = ORIENTED_EDGE ( 'NONE', *, *, #7326, .F. ) ;
#4306 = VECTOR ( 'NONE', #2591, 39.37007874015747433 ) ;
#4307 = CARTESIAN_POINT ( 'NONE',  ( -1.984375000000010880, 0.6079979548822835866, 0.6999999999999999556 ) ) ;
#4308 = LINE ( 'NONE', #1310, #2443 ) ;
#4309 = CARTESIAN_POINT ( 'NONE',  ( -2.390625000000005773, 0.6404979548822424817, 0.5357500000000000595 ) ) ;
#4310 = DIRECTION ( 'NONE',  ( 1.000000000000000000, 0.000000000000000000, 2.185478394931412547E-15 ) ) ;
#4311 = DIRECTION ( 'NONE',  ( 0.000000000000000000, -1.000000000000000000, -0.000000000000000000 ) ) ;
#4312 = DIRECTION ( 'NONE',  ( -0.000000000000000000, 1.000000000000000000, -0.000000000000000000 ) ) ;
#4313 = VERTEX_POINT ( 'NONE', #3877 ) ;
#4314 = ORIENTED_EDGE ( 'NONE', *, *, #5630, .T. ) ;
#4315 = EDGE_CURVE ( 'NONE', #2661, #4657, #8383, .T. ) ;
#4316 = ADVANCED_FACE ( 'NONE', ( #1794 ), #9050, .F. ) ;
#4317 = ORIENTED_EDGE ( 'NONE', *, *, #5747, .F. ) ;
#4318 = CARTESIAN_POINT ( 'NONE',  ( -1.710327891682111856, 0.1394750607929389485, 0.4150000000000000910 ) ) ;
#4319 = FACE_OUTER_BOUND ( 'NONE', #8185, .T. ) ;
#4320 = VERTEX_POINT ( 'NONE', #8953 ) ;
#4321 = DIRECTION ( 'NONE',  ( 0.4999999999999920619, -0.8660254037844432595, 0.000000000000000000 ) ) ;
#4322 = AXIS2_PLACEMENT_3D ( 'NONE', #3059, #4583, #7534 ) ;
#4323 = FACE_OUTER_BOUND ( 'NONE', #8304, .T. ) ;
#4324 = CARTESIAN_POINT ( 'NONE',  ( 1.984375000000007994, 0.3904979548822709035, 0.9499999999999999556 ) ) ;
#4325 = FACE_OUTER_BOUND ( 'NONE', #3014, .T. ) ;
#4326 = EDGE_CURVE ( 'NONE', #4320, #8790, #5269, .T. ) ;
#4327 = ORIENTED_EDGE ( 'NONE', *, *, #1576, .F. ) ;
#4328 = EDGE_CURVE ( 'NONE', #5811, #9253, #4701, .T. ) ;
#4329 = EDGE_CURVE ( 'NONE', #704, #7468, #6773, .T. ) ;
#4330 = PLANE ( 'NONE',  #4731 ) ;
#4331 = VECTOR ( 'NONE', #8961, 39.37007874015748854 ) ;
#4332 = CARTESIAN_POINT ( 'NONE',  ( -1.716506350946108261, -0.07346415503393144419, 0.6999999999999999556 ) ) ;
#4333 = DIRECTION ( 'NONE',  ( 0.9659258262890737523, -0.2588190451025007000, 0.000000000000000000 ) ) ;
#4334 = CARTESIAN_POINT ( 'NONE',  ( 2.390625000000005329, 0.3904979548822426483, 0.6999999999999999556 ) ) ;
#4335 = ORIENTED_EDGE ( 'NONE', *, *, #1523, .F. ) ;
#4336 = LINE ( 'NONE', #4476, #2394 ) ;
#4337 = EDGE_LOOP ( 'NONE', ( #4773, #216, #6280, #1626, #4548, #8679, #612, #3078 ) ) ;
#4338 = EDGE_CURVE ( 'NONE', #3056, #3902, #1653, .T. ) ;
#4339 = EDGE_LOOP ( 'NONE', ( #1614, #6018, #3278, #7311 ) ) ;
#4340 = EDGE_CURVE ( 'NONE', #1602, #5356, #9001, .T. ) ;
#4341 = CARTESIAN_POINT ( 'NONE',  ( 0.000000000000000000, -0.2687500000000004885, 1.020000000000000018 ) ) ;
#4342 = DIRECTION ( 'NONE',  ( 1.092739197465688721E-15, 1.892679809432653461E-15, 1.000000000000000000 ) ) ;
#4343 = CARTESIAN_POINT ( 'NONE',  ( 1.406249999999996003, -0.03608439182434083903, 0.4650000000000000799 ) ) ;
#4344 = CARTESIAN_POINT ( 'NONE',  ( 2.390625000000005773, 0.6404979548822425928, 0.9499999999999999556 ) ) ;
#4345 = ORIENTED_EDGE ( 'NONE', *, *, #6426, .F. ) ;
#4346 = EDGE_CURVE ( 'NONE', #4939, #3612, #6675, .T. ) ;
#4347 = ORIENTED_EDGE ( 'NONE', *, *, #4569, .F. ) ;
#4348 = CARTESIAN_POINT ( 'NONE',  ( -1.813004557839720920, -0.01775088930758956032, 0.9499999999999999556 ) ) ;
#4349 = CARTESIAN_POINT ( 'NONE',  ( -1.635624999999970353, -0.4333735458104704397, 0.2174999999999991107 ) ) ;
#4350 = AXIS2_PLACEMENT_3D ( 'NONE', #3006, #4537, #2026 ) ;
#4351 = LINE ( 'NONE', #2922, #3039 ) ;
#4352 = CARTESIAN_POINT ( 'NONE',  ( 2.453125000000005329, 0.6404979548822425928, 0.4150000000000000910 ) ) ;
#4353 = CARTESIAN_POINT ( 'NONE',  ( 2.812500000000023093, 0.4058214234295524081, 0.5999999999999999778 ) ) ;
#4354 = CARTESIAN_POINT ( 'NONE',  ( 1.780000000000001581, 0.000000000000000000, 0.9499999999999999556 ) ) ;
#4355 = LINE ( 'NONE', #5801, #7473 ) ;
#4356 = DIRECTION ( 'NONE',  ( 0.000000000000000000, 0.000000000000000000, -1.000000000000000000 ) ) ;
#4357 = ORIENTED_EDGE ( 'NONE', *, *, #7940, .F. ) ;
#4358 = ORIENTED_EDGE ( 'NONE', *, *, #8234, .F. ) ;
#4359 = PRESENTATION_LAYER_ASSIGNMENT (  '', '', ( #3147 ) ) ;
#4360 = CARTESIAN_POINT ( 'NONE',  ( 0.000000000000000000, -0.2312499999999979017, 0.000000000000000000 ) ) ;
#4361 = DIRECTION ( 'NONE',  ( -0.000000000000000000, -1.000000000000000000, -0.000000000000000000 ) ) ;
#4362 = VECTOR ( 'NONE', #1254, 39.37007874015748143 ) ;
#4363 = EDGE_LOOP ( 'NONE', ( #7190, #1113, #1085, #5737 ) ) ;
#4364 = DIRECTION ( 'NONE',  ( 1.000000000000000000, 0.000000000000000000, 0.000000000000000000 ) ) ;
#4365 = VECTOR ( 'NONE', #5619, 39.37007874015748143 ) ;
#4366 = DIRECTION ( 'NONE',  ( 0.000000000000000000, 0.000000000000000000, 1.000000000000000000 ) ) ;
#4367 = EDGE_CURVE ( 'NONE', #9013, #8670, #8230, .T. ) ;
#4368 = DIRECTION ( 'NONE',  ( -0.9659258262890620950, -0.2588190451025437211, 0.000000000000000000 ) ) ;
#4369 = DIRECTION ( 'NONE',  ( -0.7071067811865392461, -0.7071067811865556774, 0.000000000000000000 ) ) ;
#4370 = CARTESIAN_POINT ( 'NONE',  ( -1.437499999999995337, -0.09021097956086834846, 0.4150000000000000910 ) ) ;
#4371 = VECTOR ( 'NONE', #2406, 39.37007874015748143 ) ;
#4372 = VECTOR ( 'NONE', #2419, 39.37007874015748143 ) ;
#4373 = CARTESIAN_POINT ( 'NONE',  ( 2.766250000000021192, -0.1703183294109594514, 0.6999999999999999556 ) ) ;
#4374 = PLANE ( 'NONE',  #8286 ) ;
#4375 = DIRECTION ( 'NONE',  ( -0.5000000000000363043, -0.8660254037844178354, 0.000000000000000000 ) ) ;
#4376 = DIRECTION ( 'NONE',  ( -1.000000000000000000, 0.000000000000000000, 0.000000000000000000 ) ) ;
#4377 = ORIENTED_EDGE ( 'NONE', *, *, #2851, .T. ) ;
#4378 = ORIENTED_EDGE ( 'NONE', *, *, #799, .T. ) ;
#4379 = LINE ( 'NONE', #3708, #5892 ) ;
#4380 = ORIENTED_EDGE ( 'NONE', *, *, #6270, .T. ) ;
#4381 = EDGE_CURVE ( 'NONE', #7823, #5663, #4834, .T. ) ;
#4382 = EDGE_CURVE ( 'NONE', #3799, #58, #1134, .T. ) ;
#4383 = VECTOR ( 'NONE', #4393, 39.37007874015748854 ) ;
#4384 = VERTEX_POINT ( 'NONE', #411 ) ;
#4385 = CIRCLE ( 'NONE', #8079, 0.2500000000000000000 ) ;
#4386 = AXIS2_PLACEMENT_3D ( 'NONE', #5221, #7550, #2453 ) ;
#4387 = ORIENTED_EDGE ( 'NONE', *, *, #1730, .F. ) ;
#4388 = VERTEX_POINT ( 'NONE', #6377 ) ;
#4389 = CARTESIAN_POINT ( 'NONE',  ( 2.284246426591641121, -0.4076050901131804682, 0.3525000000000002576 ) ) ;
#4390 = LINE ( 'NONE', #5831, #1574 ) ;
#4391 = VECTOR ( 'NONE', #798, 39.37007874015747433 ) ;
#4392 = CIRCLE ( 'NONE', #6539, 0.2175000000000140987 ) ;
#4393 = DIRECTION ( 'NONE',  ( 0.7071067811865474617, -0.7071067811865474617, -0.000000000000000000 ) ) ;
#4394 = CARTESIAN_POINT ( 'NONE',  ( -1.953629557839698050, -0.2613205341219492772, 0.9174999999999992051 ) ) ;
#4395 = ORIENTED_EDGE ( 'NONE', *, *, #6757, .T. ) ;
#4396 = EDGE_LOOP ( 'NONE', ( #6995, #6957, #1985, #3534 ) ) ;
#4397 = EDGE_CURVE ( 'NONE', #6056, #1368, #9291, .T. ) ;
#4398 = EDGE_CURVE ( 'NONE', #6597, #4388, #6175, .T. ) ;
#4399 = CARTESIAN_POINT ( 'NONE',  ( 1.706629711232528823, 0.1279859473493876743, 0.8160814793539353795 ) ) ;
#4400 = CARTESIAN_POINT ( 'NONE',  ( -1.824799798107692439, -0.4800379978800762282, 0.5999999999999999778 ) ) ;
#4401 = VECTOR ( 'NONE', #1086, 39.37007874015748143 ) ;
#4402 = VECTOR ( 'NONE', #1690, 39.37007874015748854 ) ;
#4403 = AXIS2_PLACEMENT_3D ( 'NONE', #2070, #4118, #4837 ) ;
#4404 = ORIENTED_EDGE ( 'NONE', *, *, #2808, .F. ) ;
#4405 = EDGE_CURVE ( 'NONE', #9244, #583, #3607, .T. ) ;
#4406 = CARTESIAN_POINT ( 'NONE',  ( -2.745000000000000551, -0.2071244090717825059, 0.2600000000000000089 ) ) ;
#4407 = CARTESIAN_POINT ( 'NONE',  ( 2.448819130306012948, 0.2942027737635293794, 0.8082115781183681902 ) ) ;
#4408 = FACE_OUTER_BOUND ( 'NONE', #423, .T. ) ;
#4409 = DIRECTION ( 'NONE',  ( -0.000000000000000000, -0.000000000000000000, -1.000000000000000000 ) ) ;
#4410 = DIRECTION ( 'NONE',  ( -0.000000000000000000, -0.000000000000000000, 1.000000000000000000 ) ) ;
#4411 = AXIS2_PLACEMENT_3D ( 'NONE', #7008, #8558, #407 ) ;
#4412 = EDGE_CURVE ( 'NONE', #5565, #5421, #5466, .T. ) ;
#4413 = CARTESIAN_POINT ( 'NONE',  ( -1.437499999999994893, -0.09021097956086808478, 0.9499999999999999556 ) ) ;
#4414 = DIRECTION ( 'NONE',  ( -0.4999999999999923950, -0.8660254037844430375, -0.000000000000000000 ) ) ;
#4415 = PRODUCT_RELATED_PRODUCT_CATEGORY ( 'part', '', ( #7122 ) ) ;
#4416 = AXIS2_PLACEMENT_3D ( 'NONE', #5741, #2210, #1447 ) ;
#4417 = ORIENTED_EDGE ( 'NONE', *, *, #4315, .F. ) ;
#4418 = CARTESIAN_POINT ( 'NONE',  ( -2.257729755374552560, -0.4169034694968730137, 0.8404620568917898771 ) ) ;
#4419 = LINE ( 'NONE', #9383, #6803 ) ;
#4420 = EDGE_LOOP ( 'NONE', ( #351, #2128, #6423, #384 ) ) ;
#4421 = CARTESIAN_POINT ( 'NONE',  ( 2.487700201892215635, -0.3717848224071854113, 0.5999999999999999778 ) ) ;
#4422 = CARTESIAN_POINT ( 'NONE',  ( -1.621674798107783033, -0.1282151775928082327, 0.6642499999999997851 ) ) ;
#4423 = LINE ( 'NONE', #7372, #1821 ) ;
#4424 = DIRECTION ( 'NONE',  ( -1.000000000000000000, 0.000000000000000000, 0.000000000000000000 ) ) ;
#4425 = DIRECTION ( 'NONE',  ( 0.000000000000000000, 0.000000000000000000, 1.000000000000000000 ) ) ;
#4426 = CIRCLE ( 'NONE', #5650, 0.2500000000000000555 ) ;
#4427 = DIRECTION ( 'NONE',  ( -1.000000000000000000, 0.000000000000000000, 0.000000000000000000 ) ) ;
#4428 = EDGE_CURVE ( 'NONE', #2101, #5662, #6225, .T. ) ;
#4429 = LINE ( 'NONE', #2947, #5525 ) ;
#4430 = CARTESIAN_POINT ( 'NONE',  ( -2.453125000000005329, 0.6226218398590324110, 0.7932493951414452127 ) ) ;
#4431 = ORIENTED_EDGE ( 'NONE', *, *, #2191, .T. ) ;
#4432 = CARTESIAN_POINT ( 'NONE',  ( 0.000000000000000000, -0.2687500000000005995, 0.000000000000000000 ) ) ;
#4433 = VERTEX_POINT ( 'NONE', #3358 ) ;
#4434 = ORIENTED_EDGE ( 'NONE', *, *, #8879, .T. ) ;
#4435 = EDGE_LOOP ( 'NONE', ( #894, #1057, #1489, #4417 ) ) ;
#4436 = EDGE_CURVE ( 'NONE', #4001, #5912, #2740, .T. ) ;
#4437 = CARTESIAN_POINT ( 'NONE',  ( 1.437499999999994893, -0.09021097956086808478, 0.9499999999999999556 ) ) ;
#4438 = CARTESIAN_POINT ( 'NONE',  ( -1.951875000000037774, -7.851670702494980790E-15, 0.9499999999999999556 ) ) ;
#4439 = PLANE ( 'NONE',  #4706 ) ;
#4440 = DIRECTION ( 'NONE',  ( 0.000000000000000000, 0.000000000000000000, 1.000000000000000000 ) ) ;
#4441 = ORIENTED_EDGE ( 'NONE', *, *, #8927, .T. ) ;
#4442 = CARTESIAN_POINT ( 'NONE',  ( 2.390625000000005773, 0.3476343040825996544, 0.8474999999999995870 ) ) ;
#4443 = ORIENTED_EDGE ( 'NONE', *, *, #1043, .F. ) ;
#4444 = CARTESIAN_POINT ( 'NONE',  ( 2.537660219341328460, -0.2382494887205698075, 0.2500000000000000555 ) ) ;
#4445 = CARTESIAN_POINT ( 'NONE',  ( 2.398378920603367881, 0.3415702208528278994, 0.5950575345136327465 ) ) ;
#4446 = VECTOR ( 'NONE', #1521, 39.37007874015748143 ) ;
#4447 = EDGE_LOOP ( 'NONE', ( #3548, #1343, #6239, #561 ) ) ;
#4448 = EDGE_CURVE ( 'NONE', #6621, #6287, #7014, .T. ) ;
#4449 = CARTESIAN_POINT ( 'NONE',  ( -2.546874999999995559, -0.5502869753213701642, 0.9499999999999999556 ) ) ;
#4450 = FACE_OUTER_BOUND ( 'NONE', #227, .T. ) ;
#4451 = FACE_OUTER_BOUND ( 'NONE', #4447, .T. ) ;
#4452 = LINE ( 'NONE', #207, #5530 ) ;
#4453 = DIRECTION ( 'NONE',  ( -0.4999999999999920064, -0.8660254037844433705, 0.000000000000000000 ) ) ;
#4454 = CIRCLE ( 'NONE', #962, 0.06424999999999990441 ) ;
#4455 = DIRECTION ( 'NONE',  ( 1.000000000000000000, -0.000000000000000000, -0.000000000000000000 ) ) ;
#4456 = FACE_OUTER_BOUND ( 'NONE', #6947, .T. ) ;
#4457 =( GEOMETRIC_REPRESENTATION_CONTEXT ( 3 ) GLOBAL_UNCERTAINTY_ASSIGNED_CONTEXT ( ( #2724 ) ) GLOBAL_UNIT_ASSIGNED_CONTEXT ( ( #8470, #7939, #5176 ) ) REPRESENTATION_CONTEXT ( 'NONE', 'WORKASPACE' ) );
#4458 = CONICAL_SURFACE ( 'NONE', #358, 0.04249999999999912181, 0.7853981633974446153 ) ;
#4459 = VERTEX_POINT ( 'NONE', #8565 ) ;
#4460 = EDGE_CURVE ( 'NONE', #1864, #8359, #1032, .T. ) ;
#4461 = DIRECTION ( 'NONE',  ( -1.000000000000000000, 0.000000000000000000, 0.000000000000000000 ) ) ;
#4462 = EDGE_CURVE ( 'NONE', #4493, #271, #7624, .T. ) ;
#4463 = CYLINDRICAL_SURFACE ( 'NONE', #9428, 0.3124999999999974465 ) ;
#4464 = ORIENTED_EDGE ( 'NONE', *, *, #6529, .T. ) ;
#4465 = CARTESIAN_POINT ( 'NONE',  ( -1.968749999999999778, -0.2706329386826341610, 0.9499999999999999556 ) ) ;
#4466 = DIRECTION ( 'NONE',  ( 1.000000000000000000, 1.865610830299460874E-15, -0.000000000000000000 ) ) ;
#4467 = DIRECTION ( 'NONE',  ( 1.092739197465688721E-15, -1.892679809432653461E-15, -1.000000000000000000 ) ) ;
#4468 = CARTESIAN_POINT ( 'NONE',  ( 2.450372943056502439, 0.2924745201805921124, 0.3960606752794166852 ) ) ;
#4469 = ORIENTED_EDGE ( 'NONE', *, *, #7167, .T. ) ;
#4470 = FACE_OUTER_BOUND ( 'NONE', #7388, .T. ) ;
#4471 = DIRECTION ( 'NONE',  ( 0.000000000000000000, -0.000000000000000000, -1.000000000000000000 ) ) ;
#4472 = DIRECTION ( 'NONE',  ( 0.000000000000000000, 0.000000000000000000, 1.000000000000000000 ) ) ;
#4473 = EDGE_LOOP ( 'NONE', ( #8011, #731 ) ) ;
#4474 = VERTEX_POINT ( 'NONE', #1270 ) ;
#4475 = B_SPLINE_CURVE_WITH_KNOTS ( 'NONE', 3,
 ( #1428, #1288, #2000, #2188 ),
 .UNSPECIFIED., .F., .F.,
 ( 4, 4 ),
 ( 0.000000000000000000, 0.001266630838601753069 ),
 .UNSPECIFIED. ) ;
#4476 = CARTESIAN_POINT ( 'NONE',  ( 1.857131350946081616, -0.3170337998483168107, 0.9499999999999999556 ) ) ;
#4477 = ORIENTED_EDGE ( 'NONE', *, *, #1427, .F. ) ;
#4478 = ORIENTED_EDGE ( 'NONE', *, *, #4154, .T. ) ;
#4479 = AXIS2_PLACEMENT_3D ( 'NONE', #2581, #4096, #6194 ) ;
#4480 = ORIENTED_EDGE ( 'NONE', *, *, #5614, .F. ) ;
#4481 = LINE ( 'NONE', #4530, #7973 ) ;
#4482 = CARTESIAN_POINT ( 'NONE',  ( -2.265624999999998668, 0.2790714234295565421, 0.9499999999999999556 ) ) ;
#4483 = LINE ( 'NONE', #5875, #9158 ) ;
#4484 = DIRECTION ( 'NONE',  ( 0.4999999999999892863, 0.8660254037844447028, 0.000000000000000000 ) ) ;
#4485 = ORIENTED_EDGE ( 'NONE', *, *, #41, .F. ) ;
#4486 = CARTESIAN_POINT ( 'NONE',  ( 2.812500000000023093, -0.09021097956089567382, 0.2500000000000000555 ) ) ;
#4487 = CIRCLE ( 'NONE', #6480, 0.4374999999999960032 ) ;
#4488 = ORIENTED_EDGE ( 'NONE', *, *, #7041, .T. ) ;
#4489 = EDGE_CURVE ( 'NONE', #9253, #8278, #8469, .T. ) ;
#4490 = ORIENTED_EDGE ( 'NONE', *, *, #2120, .T. ) ;
#4491 = FACE_OUTER_BOUND ( 'NONE', #8802, .T. ) ;
#4492 = CARTESIAN_POINT ( 'NONE',  ( 2.453125000000024869, 0.2893790496476557617, 0.7898321067049647315 ) ) ;
#4493 = VERTEX_POINT ( 'NONE', #1982 ) ;
#4494 = DIRECTION ( 'NONE',  ( -0.000000000000000000, -1.000000000000000000, -0.000000000000000000 ) ) ;
#4495 = DIRECTION ( 'NONE',  ( 0.8660254037844348218, 0.5000000000000066613, 0.000000000000000000 ) ) ;
#4496 = CARTESIAN_POINT ( 'NONE',  ( -2.766250000000001208, -0.1703183294109425483, 0.2599999999999999534 ) ) ;
#4497 = LINE ( 'NONE', #3727, #2707 ) ;
#4498 = DIRECTION ( 'NONE',  ( 0.000000000000000000, 0.000000000000000000, -1.000000000000000000 ) ) ;
#4499 = EDGE_CURVE ( 'NONE', #6347, #677, #1497, .T. ) ;
#4500 = EDGE_CURVE ( 'NONE', #7098, #3191, #2555, .T. ) ;
#4501 = ORIENTED_EDGE ( 'NONE', *, *, #3222, .T. ) ;
#4502 = EDGE_LOOP ( 'NONE', ( #8208, #3890 ) ) ;
#4503 = CARTESIAN_POINT ( 'NONE',  ( -2.390625000000005329, 0.6404979548822425928, 0.4649999999999999689 ) ) ;
#4504 = CIRCLE ( 'NONE', #3881, 0.06425000000000000155 ) ;
#4505 =( LENGTH_UNIT ( ) NAMED_UNIT ( * ) SI_UNIT ( $, .METRE. ) );
#4506 = ORIENTED_EDGE ( 'NONE', *, *, #7837, .F. ) ;
#4507 = DIRECTION ( 'NONE',  ( -0.5000000000000363043, -0.8660254037844178354, 0.000000000000000000 ) ) ;
#4508 = CARTESIAN_POINT ( 'NONE',  ( 1.953125755744734127, -0.2991391718944229061, 0.9499999999999999556 ) ) ;
#4509 = EDGE_CURVE ( 'NONE', #6942, #9255, #9070, .T. ) ;
#4510 = CARTESIAN_POINT ( 'NONE',  ( 1.406249999999996003, -0.03608439182434083903, 0.7349999999999999867 ) ) ;
#4511 = EDGE_CURVE ( 'NONE', #2870, #249, #7662, .T. ) ;
#4512 = CARTESIAN_POINT ( 'NONE',  ( -2.298125000000001528, 0.6404979548822472557, 0.2599999999999999534 ) ) ;
#4513 = VECTOR ( 'NONE', #4818, 39.37007874015748854 ) ;
#4514 = ORIENTED_EDGE ( 'NONE', *, *, #7210, .F. ) ;
#4515 = DIRECTION ( 'NONE',  ( 7.249756350802272209E-14, -1.000000000000000000, 0.000000000000000000 ) ) ;
#4516 = EDGE_CURVE ( 'NONE', #1455, #6840, #369, .T. ) ;
#4517 = FACE_OUTER_BOUND ( 'NONE', #2950, .T. ) ;
#4518 = AXIS2_PLACEMENT_3D ( 'NONE', #5270, #3601, #9484 ) ;
#4519 = VECTOR ( 'NONE', #620, 39.37007874015748143 ) ;
#4520 = DIRECTION ( 'NONE',  ( -0.000000000000000000, 1.000000000000000000, -0.000000000000000000 ) ) ;
#4521 = VERTEX_POINT ( 'NONE', #1844 ) ;
#4522 = VERTEX_POINT ( 'NONE', #8848 ) ;
#4523 = ORIENTED_EDGE ( 'NONE', *, *, #7709, .F. ) ;
#4524 = DIRECTION ( 'NONE',  ( 0.8660254037844363761, -0.5000000000000039968, -0.000000000000000000 ) ) ;
#4525 = ORIENTED_EDGE ( 'NONE', *, *, #3626, .F. ) ;
#4526 = EDGE_CURVE ( 'NONE', #6912, #1368, #6573, .T. ) ;
#4527 = VECTOR ( 'NONE', #8179, 39.37007874015748143 ) ;
#4528 = MECHANICAL_DESIGN_GEOMETRIC_PRESENTATION_REPRESENTATION (  '', ( #3160 ), #7148 ) ;
#4529 = EDGE_LOOP ( 'NONE', ( #1754, #4891, #3419, #3876 ) ) ;
#4530 = CARTESIAN_POINT ( 'NONE',  ( -2.330368649053886632, -0.4252869753213691095, 0.9499999999999999556 ) ) ;
#4531 = PLANE ( 'NONE',  #7997 ) ;
#4532 = CARTESIAN_POINT ( 'NONE',  ( 2.190312499999974349, 0.1131245683693123810, 0.2500000000000000555 ) ) ;
#4533 = DIRECTION ( 'NONE',  ( 1.000000000000000000, 0.000000000000000000, 0.000000000000000000 ) ) ;
#4534 = ORIENTED_EDGE ( 'NONE', *, *, #2746, .T. ) ;
#4535 = AXIS2_PLACEMENT_3D ( 'NONE', #2814, #2676, #3343 ) ;
#4536 = AXIS2_PLACEMENT_3D ( 'NONE', #4895, #4756, #518 ) ;
#4537 = DIRECTION ( 'NONE',  ( -0.000000000000000000, -0.000000000000000000, -1.000000000000000000 ) ) ;
#4538 = AXIS2_PLACEMENT_3D ( 'NONE', #690, #5160, #6472 ) ;
#4539 = AXIS2_PLACEMENT_3D ( 'NONE', #2076, #5075, #5031 ) ;
#4540 = ORIENTED_EDGE ( 'NONE', *, *, #8592, .F. ) ;
#4541 = DIRECTION ( 'NONE',  ( 1.000000000000000000, 0.000000000000000000, 0.000000000000000000 ) ) ;
#4542 = B_SPLINE_CURVE_WITH_KNOTS ( 'NONE', 3,
 ( #4777, #8361, #5541, #1162, #448, #3341, #1777, #6255, #8496, #3961, #6903, #6162, #5442, #1825 ),
 .UNSPECIFIED., .F., .F.,
 ( 4, 2, 2, 2, 2, 2, 4 ),
 ( 0.000000000000000000, 0.0007337661947641810822, 0.001467532389528362164, 0.001834415486910452109, 0.002201298584292541837, 0.002568181681674631782, 0.002935064779056721727 ),
 .UNSPECIFIED. ) ;
#4543 = VERTEX_POINT ( 'NONE', #9423 ) ;
#4544 = VECTOR ( 'NONE', #5379, 39.37007874015748143 ) ;
#4545 = VECTOR ( 'NONE', #3764, 39.37007874015748854 ) ;
#4546 = CARTESIAN_POINT ( 'NONE',  ( 1.703124999999971134, -0.5502869753213720516, 0.9499999999999999556 ) ) ;
#4547 = DIRECTION ( 'NONE',  ( 0.8660254037844431485, 0.4999999999999918954, 0.000000000000000000 ) ) ;
#4548 = ORIENTED_EDGE ( 'NONE', *, *, #7218, .F. ) ;
#4549 = DIRECTION ( 'NONE',  ( -0.9659258262890686453, -0.2588190451025195737, -0.000000000000000000 ) ) ;
#4550 = FACE_OUTER_BOUND ( 'NONE', #8779, .T. ) ;
#4551 = EDGE_CURVE ( 'NONE', #4882, #4006, #9009, .T. ) ;
#4552 = CARTESIAN_POINT ( 'NONE',  ( -1.457619219362565666, -0.04083989865979355954, 0.8389174173226140452 ) ) ;
#4553 = FACE_OUTER_BOUND ( 'NONE', #9426, .T. ) ;
#4554 = AXIS2_PLACEMENT_3D ( 'NONE', #1566, #9185, #4067 ) ;
#4555 = CYLINDRICAL_SURFACE ( 'NONE', #7927, 0.01000000000000000021 ) ;
#4556 = VERTEX_POINT ( 'NONE', #2172 ) ;
#4557 = CARTESIAN_POINT ( 'NONE',  ( -1.710327891682111856, 0.1394750607929389485, 0.7349999999999999867 ) ) ;
#4558 = ADVANCED_FACE ( 'NONE', ( #2126 ), #6478, .F. ) ;
#4559 = DIRECTION ( 'NONE',  ( -0.000000000000000000, -0.000000000000000000, -1.000000000000000000 ) ) ;
#4560 = ORIENTED_EDGE ( 'NONE', *, *, #9098, .F. ) ;
#4561 = DIRECTION ( 'NONE',  ( -0.000000000000000000, -0.000000000000000000, -1.000000000000000000 ) ) ;
#4562 = DIRECTION ( 'NONE',  ( -0.4999999999999920619, -0.8660254037844432595, 0.000000000000000000 ) ) ;
#4563 = FACE_BOUND ( 'NONE', #7007, .T. ) ;
#4564 = AXIS2_PLACEMENT_3D ( 'NONE', #7883, #7979, #691 ) ;
#4565 = CARTESIAN_POINT ( 'NONE',  ( -1.437499999999995559, -0.09021097956087463510, 0.2500000000000000555 ) ) ;
#4566 = ORIENTED_EDGE ( 'NONE', *, *, #6011, .T. ) ;
#4567 = PLANE ( 'NONE',  #1211 ) ;
#4568 = CARTESIAN_POINT ( 'NONE',  ( 2.125000000000000000, 0.000000000000000000, 0.2500000000000000555 ) ) ;
#4569 = EDGE_CURVE ( 'NONE', #8782, #5423, #8027, .T. ) ;
#4570 = EDGE_CURVE ( 'NONE', #7264, #1763, #3686, .T. ) ;
#4571 = AXIS2_PLACEMENT_3D ( 'NONE', #7688, #1212, #3292 ) ;
#4572 = DIRECTION ( 'NONE',  ( -0.8660254037844431485, 0.4999999999999918954, -0.000000000000000000 ) ) ;
#4573 = EDGE_LOOP ( 'NONE', ( #6027, #307, #2668, #2805 ) ) ;
#4574 = CARTESIAN_POINT ( 'NONE',  ( -2.125000000000000000, 0.000000000000000000, 0.9175000000000007594 ) ) ;
#4575 = VERTEX_POINT ( 'NONE', #7213 ) ;
#4576 = AXIS2_PLACEMENT_3D ( 'NONE', #4437, #2436, #1620 ) ;
#4577 = ORIENTED_EDGE ( 'NONE', *, *, #3508, .T. ) ;
#4578 = ORIENTED_EDGE ( 'NONE', *, *, #2308, .T. ) ;
#4579 = EDGE_CURVE ( 'NONE', #4903, #8278, #5145, .T. ) ;
#4580 = DIRECTION ( 'NONE',  ( -0.4999999999999291678, -0.8660254037844795638, 0.000000000000000000 ) ) ;
#4581 = CARTESIAN_POINT ( 'NONE',  ( -2.281250000000000000, 0.2706329386826341055, 0.000000000000000000 ) ) ;
#4582 = EDGE_CURVE ( 'NONE', #6749, #5682, #5704, .T. ) ;
#4583 = DIRECTION ( 'NONE',  ( 0.000000000000000000, 0.000000000000000000, 1.000000000000000000 ) ) ;
#4584 = CARTESIAN_POINT ( 'NONE',  ( 1.533145825622967307, -0.1908744090717876263, 0.2500000000000000555 ) ) ;
#4585 = ORIENTED_EDGE ( 'NONE', *, *, #3011, .T. ) ;
#4586 = AXIS2_PLACEMENT_3D ( 'NONE', #9289, #7184, #4183 ) ;
#4587 = DIRECTION ( 'NONE',  ( 0.000000000000000000, 0.000000000000000000, 1.000000000000000000 ) ) ;
#4588 = ORIENTED_EDGE ( 'NONE', *, *, #9118, .F. ) ;
#4589 = DIRECTION ( 'NONE',  ( 4.535261055593764468E-14, -1.000000000000000000, 0.000000000000000000 ) ) ;
#4590 = ORIENTED_EDGE ( 'NONE', *, *, #1308, .T. ) ;
#4591 = ORIENTED_EDGE ( 'NONE', *, *, #1812, .T. ) ;
#4592 = CARTESIAN_POINT ( 'NONE',  ( 0.9077481638378340767, 0.3012499999999982969, 0.3887795275590557043 ) ) ;
#4593 = FACE_OUTER_BOUND ( 'NONE', #4004, .T. ) ;
#4594 = ORIENTED_EDGE ( 'NONE', *, *, #1246, .T. ) ;
#4595 = CARTESIAN_POINT ( 'NONE',  ( -2.716854174377005826, -0.1908744090717846842, 0.2500000000000000555 ) ) ;
#4596 = DIRECTION ( 'NONE',  ( -1.000000000000000000, 5.142302105720781001E-14, 0.000000000000000000 ) ) ;
#4597 = CARTESIAN_POINT ( 'NONE',  ( -1.474561955799586155, -0.05878011112734059934, 0.8470415347009947471 ) ) ;
#4598 = DIRECTION ( 'NONE',  ( -0.000000000000000000, -0.000000000000000000, 1.000000000000000000 ) ) ;
#4599 = ORIENTED_EDGE ( 'NONE', *, *, #3970, .F. ) ;
#4600 = ORIENTED_EDGE ( 'NONE', *, *, #2450, .F. ) ;
#4601 = ORIENTED_EDGE ( 'NONE', *, *, #5683, .T. ) ;
#4602 = CARTESIAN_POINT ( 'NONE',  ( -1.406249999999996003, -0.03608439182434083903, 0.4650000000000000799 ) ) ;
#4603 = CIRCLE ( 'NONE', #8919, 0.5000000000000000000 ) ;
#4604 = DIRECTION ( 'NONE',  ( 0.7071067811865808794, -0.7071067811865139330, 0.000000000000000000 ) ) ;
#4605 = ORIENTED_EDGE ( 'NONE', *, *, #4227, .T. ) ;
#4606 = PLANE ( 'NONE',  #101 ) ;
#4607 = PRESENTATION_STYLE_ASSIGNMENT (( #9096 ) ) ;
#4608 = AXIS2_PLACEMENT_3D ( 'NONE', #1925, #7659, #7703 ) ;
#4609 = DIRECTION ( 'NONE',  ( -0.000000000000000000, -0.000000000000000000, 1.000000000000000000 ) ) ;
#4610 = EDGE_CURVE ( 'NONE', #346, #6913, #1409, .T. ) ;
#4611 = EDGE_LOOP ( 'NONE', ( #2586, #6097, #3715, #5021, #9017 ) ) ;
#4612 = DIRECTION ( 'NONE',  ( -0.000000000000000000, -0.000000000000000000, -1.000000000000000000 ) ) ;
#4613 = CIRCLE ( 'NONE', #8471, 0.01000000000000002970 ) ;
#4614 = CARTESIAN_POINT ( 'NONE',  ( -2.390625000000005329, 0.3476343040825998765, 0.5727544197693736905 ) ) ;
#4615 = ORIENTED_EDGE ( 'NONE', *, *, #5263, .F. ) ;
#4616 = FACE_OUTER_BOUND ( 'NONE', #1038, .T. ) ;
#4617 = VERTEX_POINT ( 'NONE', #4985 ) ;
#4618 = CARTESIAN_POINT ( 'NONE',  ( 2.393029049807455788, 0.3457973860264569876, 0.6233225597165246157 ) ) ;
#4619 = ADVANCED_FACE ( 'NONE', ( #7254 ), #696, .F. ) ;
#4620 = EDGE_CURVE ( 'NONE', #4093, #7820, #4355, .T. ) ;
#4621 = VERTEX_POINT ( 'NONE', #3546 ) ;
#4622 = ORIENTED_EDGE ( 'NONE', *, *, #5816, .F. ) ;
#4623 = FACE_OUTER_BOUND ( 'NONE', #4972, .T. ) ;
#4624 = DIRECTION ( 'NONE',  ( -0.8660254037844380415, 0.5000000000000009992, 0.000000000000000000 ) ) ;
#4625 = CARTESIAN_POINT ( 'NONE',  ( -1.167433081593973077, 0.3012499999999982969, 0.2175000000000005540 ) ) ;
#4626 = LINE ( 'NONE', #1727, #5641 ) ;
#4627 = ORIENTED_EDGE ( 'NONE', *, *, #5506, .T. ) ;
#4628 = CARTESIAN_POINT ( 'NONE',  ( 1.306874999999987574, 0.000000000000000000, 0.2500000000000000555 ) ) ;
#4629 = ORIENTED_EDGE ( 'NONE', *, *, #1095, .T. ) ;
#4630 = EDGE_CURVE ( 'NONE', #4459, #8917, #745, .T. ) ;
#4631 = EDGE_CURVE ( 'NONE', #989, #3473, #8076, .T. ) ;
#4632 = LINE ( 'NONE', #3469, #4115 ) ;
#4633 = VERTEX_POINT ( 'NONE', #2928 ) ;
#4634 = DIRECTION ( 'NONE',  ( 0.8660254037844402619, 0.4999999999999972800, 0.000000000000000000 ) ) ;
#4635 = DIRECTION ( 'NONE',  ( 1.092739197465715148E-15, -1.892679809432637684E-15, 1.000000000000000000 ) ) ;
#4636 = EDGE_CURVE ( 'NONE', #4855, #9253, #793, .T. ) ;
#4637 = COLOUR_RGB ( '',0.7529411764705882248, 0.7529411764705882248, 0.7529411764705882248 ) ;
#4638 = DIRECTION ( 'NONE',  ( 0.8660254037844394848, -0.4999999999999982792, 0.000000000000000000 ) ) ;
#4639 = DIRECTION ( 'NONE',  ( 0.000000000000000000, 0.000000000000000000, 1.000000000000000000 ) ) ;
#4640 = DIRECTION ( 'NONE',  ( -0.4999999999999923950, -0.8660254037844430375, -0.000000000000000000 ) ) ;
#4641 = CARTESIAN_POINT ( 'NONE',  ( 2.546874999999995559, -0.5502869753213701642, 0.6999999999999999556 ) ) ;
#4642 = ORIENTED_EDGE ( 'NONE', *, *, #5672, .T. ) ;
#4643 = EDGE_LOOP ( 'NONE', ( #1735, #5914, #9042, #3068 ) ) ;
#4644 = ORIENTED_EDGE ( 'NONE', *, *, #2920, .F. ) ;
#4645 = CARTESIAN_POINT ( 'NONE',  ( -2.125000000000000000, 0.000000000000000000, 0.000000000000000000 ) ) ;
#4646 = DIRECTION ( 'NONE',  ( -0.3535533905932790599, 0.6123724356957928050, 0.7071067811865464625 ) ) ;
#4647 = VERTEX_POINT ( 'NONE', #5847 ) ;
#4648 = CARTESIAN_POINT ( 'NONE',  ( 1.167433081593972855, 0.2687499999999986011, 0.5000000000000002220 ) ) ;
#4649 = DIRECTION ( 'NONE',  ( 1.000000000000000000, 0.000000000000000000, 0.000000000000000000 ) ) ;
#4650 = DIRECTION ( 'NONE',  ( 1.000000000000000000, 0.000000000000000000, -0.000000000000000000 ) ) ;
#4651 = CARTESIAN_POINT ( 'NONE',  ( -1.824839780658681798, -0.2382494887205523215, 0.2500000000000000555 ) ) ;
#4652 = ORIENTED_EDGE ( 'NONE', *, *, #8271, .T. ) ;
#4653 = AXIS2_PLACEMENT_3D ( 'NONE', #6704, #8166, #8889 ) ;
#4654 = DIRECTION ( 'NONE',  ( 0.000000000000000000, 0.000000000000000000, 1.000000000000000000 ) ) ;
#4655 = DIRECTION ( 'NONE',  ( 0.000000000000000000, 0.000000000000000000, 1.000000000000000000 ) ) ;
#4656 = ADVANCED_FACE ( 'NONE', ( #5118 ), #7360, .F. ) ;
#4657 = VERTEX_POINT ( 'NONE', #4937 ) ;
#4658 = DIRECTION ( 'NONE',  ( 0.000000000000000000, 0.000000000000000000, -1.000000000000000000 ) ) ;
#4659 = ORIENTED_EDGE ( 'NONE', *, *, #7103, .T. ) ;
#4660 = DIRECTION ( 'NONE',  ( 0.000000000000000000, -0.000000000000000000, 1.000000000000000000 ) ) ;
#4661 = ORIENTED_EDGE ( 'NONE', *, *, #4992, .T. ) ;
#4662 = ORIENTED_EDGE ( 'NONE', *, *, #861, .T. ) ;
#4663 = CONICAL_SURFACE ( 'NONE', #3743, 0.2174999999999992217, 0.7853981633974437271 ) ;
#4664 = VECTOR ( 'NONE', #8823, 39.37007874015748143 ) ;
#4665 = DIRECTION ( 'NONE',  ( 1.000000000000000000, 0.000000000000000000, 0.000000000000000000 ) ) ;
#4666 = CARTESIAN_POINT ( 'NONE',  ( 2.502726728461359684, -0.5969667425129840943, 0.7849999999999999201 ) ) ;
#4667 = DIRECTION ( 'NONE',  ( 0.4999999999999919509, -0.8660254037844432595, 0.000000000000000000 ) ) ;
#4668 = EDGE_CURVE ( 'NONE', #6644, #7684, #4782, .T. ) ;
#4669 = EDGE_CURVE ( 'NONE', #7123, #9376, #2102, .T. ) ;
#4670 = ORIENTED_EDGE ( 'NONE', *, *, #4130, .T. ) ;
#4671 = DIRECTION ( 'NONE',  ( 0.000000000000000000, 0.000000000000000000, 1.000000000000000000 ) ) ;
#4672 = EDGE_LOOP ( 'NONE', ( #3648, #2936, #9208, #3943, #9317 ) ) ;
#4673 = VERTEX_POINT ( 'NONE', #3917 ) ;
#4674 = AXIS2_PLACEMENT_3D ( 'NONE', #3401, #2688, #3501 ) ;
#4675 = LINE ( 'NONE', #3205, #4726 ) ;
#4676 = ORIENTED_EDGE ( 'NONE', *, *, #2320, .T. ) ;
#4677 = DIRECTION ( 'NONE',  ( -0.5000000000000041078, -0.8660254037844363761, 0.000000000000000000 ) ) ;
#4678 = CARTESIAN_POINT ( 'NONE',  ( -2.537660219341328460, -0.2382494887205698075, 0.2500000000000000555 ) ) ;
#4679 = AXIS2_PLACEMENT_3D ( 'NONE', #1688, #4549, #6121 ) ;
#4680 = VECTOR ( 'NONE', #3076, 39.37007874015748854 ) ;
#4681 = DIRECTION ( 'NONE',  ( 0.000000000000000000, 0.000000000000000000, -1.000000000000000000 ) ) ;
#4682 = CARTESIAN_POINT ( 'NONE',  ( 2.265625000000000000, 0.6079979548822432855, 0.9499999999999999556 ) ) ;
#4683 = EDGE_CURVE ( 'NONE', #637, #1683, #5261, .T. ) ;
#4684 = ADVANCED_FACE ( 'NONE', ( #4553 ), #3823, .F. ) ;
#4685 = DIRECTION ( 'NONE',  ( -0.000000000000000000, -1.000000000000000000, -0.000000000000000000 ) ) ;
#4686 = CARTESIAN_POINT ( 'NONE',  ( 1.813831811574352804, -0.02882027952500396464, 0.2500000000000000555 ) ) ;
#4687 = CARTESIAN_POINT ( 'NONE',  ( 2.453125000000210498, 0.2893790496474515916, 0.7849999999997243627 ) ) ;
#4688 = ORIENTED_EDGE ( 'NONE', *, *, #8007, .F. ) ;
#4689 = CIRCLE ( 'NONE', #4322, 0.4374999999999960587 ) ;
#4690 = VECTOR ( 'NONE', #6337, 39.37007874015748143 ) ;
#4691 = AXIS2_PLACEMENT_3D ( 'NONE', #7320, #2758, #1468 ) ;
#4692 = ORIENTED_EDGE ( 'NONE', *, *, #616, .T. ) ;
#4693 = FACE_OUTER_BOUND ( 'NONE', #3491, .T. ) ;
#4694 = DIRECTION ( 'NONE',  ( 0.000000000000000000, 0.000000000000000000, -1.000000000000000000 ) ) ;
#4695 = ADVANCED_FACE ( 'NONE', ( #6810 ), #4842, .T. ) ;
#4696 = VECTOR ( 'NONE', #9279, 39.37007874015748854 ) ;
#4697 = AXIS2_PLACEMENT_3D ( 'NONE', #5469, #3225, #6966 ) ;
#4698 = AXIS2_PLACEMENT_3D ( 'NONE', #8519, #7756, #4800 ) ;
#4699 = CARTESIAN_POINT ( 'NONE',  ( -1.951875000000005578, 0.6404979548822650193, 0.2599999999999999534 ) ) ;
#4700 = VERTEX_POINT ( 'NONE', #210 ) ;
#4701 = LINE ( 'NONE', #6875, #108 ) ;
#4702 = DIRECTION ( 'NONE',  ( 0.000000000000000000, 0.000000000000000000, 1.000000000000000000 ) ) ;
#4703 = CARTESIAN_POINT ( 'NONE',  ( 2.515624999999995559, -0.6044135630578968410, 0.7349999999999999867 ) ) ;
#4704 = CARTESIAN_POINT ( 'NONE',  ( 2.260616904287458873, 0.2815471190135318547, 0.2509472078721712296 ) ) ;
#4705 = CIRCLE ( 'NONE', #5312, 0.3124999999999972800 ) ;
#4706 = AXIS2_PLACEMENT_3D ( 'NONE', #1484, #6601, #3756 ) ;
#4707 = CARTESIAN_POINT ( 'NONE',  ( 1.984375000000025979, 0.2790714234295686436, 0.9174999999999992051 ) ) ;
#4708 = VECTOR ( 'NONE', #5086, 39.37007874015748143 ) ;
#4709 = CARTESIAN_POINT ( 'NONE',  ( -2.125000000000003109, 0.3904979548822697932, 0.6999999999999999556 ) ) ;
#4710 = ORIENTED_EDGE ( 'NONE', *, *, #3907, .T. ) ;
#4711 = VECTOR ( 'NONE', #5651, 39.37007874015748854 ) ;
#4712 = DIRECTION ( 'NONE',  ( 1.865610830299460480E-15, -1.000000000000000000, 0.000000000000000000 ) ) ;
#4713 = ORIENTED_EDGE ( 'NONE', *, *, #119, .F. ) ;
#4714 = LINE ( 'NONE', #1054, #122 ) ;
#4715 = ORIENTED_EDGE ( 'NONE', *, *, #4872, .F. ) ;
#4716 = ADVANCED_FACE ( 'NONE', ( #9038 ), #3008, .T. ) ;
#4717 = AXIS2_PLACEMENT_3D ( 'NONE', #5784, #6352, #5830 ) ;
#4718 = EDGE_LOOP ( 'NONE', ( #5978, #1911, #4113, #6886 ) ) ;
#4719 = DIRECTION ( 'NONE',  ( 0.000000000000000000, 0.000000000000000000, 1.000000000000000000 ) ) ;
#4720 = DIRECTION ( 'NONE',  ( 0.8660254037844353769, 0.5000000000000056621, 0.000000000000000000 ) ) ;
#4721 = FACE_OUTER_BOUND ( 'NONE', #1687, .T. ) ;
#4722 = ORIENTED_EDGE ( 'NONE', *, *, #1668, .F. ) ;
#4723 = CYLINDRICAL_SURFACE ( 'NONE', #1314, 0.06424999999999977951 ) ;
#4724 = ORIENTED_EDGE ( 'NONE', *, *, #1324, .F. ) ;
#4725 = ORIENTED_EDGE ( 'NONE', *, *, #3184, .F. ) ;
#4726 = VECTOR ( 'NONE', #3516, 39.37007874015748854 ) ;
#4727 = EDGE_CURVE ( 'NONE', #9477, #131, #4995, .T. ) ;
#4728 = EDGE_LOOP ( 'NONE', ( #1228, #4014, #7602, #3784 ) ) ;
#4729 = CARTESIAN_POINT ( 'NONE',  ( 1.419148271538632100, -0.02863757127942839417, 0.7849999999999999201 ) ) ;
#4730 = CARTESIAN_POINT ( 'NONE',  ( 2.255624999999997993, -3.949324281624900689E-16, 0.2600000000000000089 ) ) ;
#4731 = AXIS2_PLACEMENT_3D ( 'NONE', #3605, #1519, #6542 ) ;
#4732 = CARTESIAN_POINT ( 'NONE',  ( -2.721854174377007496, -0.1822141550339410332, 0.9499999999999999556 ) ) ;
#4733 = CARTESIAN_POINT ( 'NONE',  ( 1.951875000000020233, 0.3904979548822711810, 0.9499999999999999556 ) ) ;
#4734 = DIRECTION ( 'NONE',  ( 0.000000000000000000, 0.000000000000000000, 1.000000000000000000 ) ) ;
#4735 = FILL_AREA_STYLE ('',( #1079 ) ) ;
#4736 = VERTEX_POINT ( 'NONE', #259 ) ;
#4737 = FACE_OUTER_BOUND ( 'NONE', #9072, .T. ) ;
#4738 = ORIENTED_EDGE ( 'NONE', *, *, #8043, .F. ) ;
#4739 = EDGE_CURVE ( 'NONE', #86, #1864, #883, .T. ) ;
#4740 = EDGE_CURVE ( 'NONE', #7921, #666, #3164, .T. ) ;
#4741 = ORIENTED_EDGE ( 'NONE', *, *, #5698, .T. ) ;
#4742 = LINE ( 'NONE', #7700, #9175 ) ;
#4743 = CARTESIAN_POINT ( 'NONE',  ( -2.537660219341328460, -0.2382494887205698075, 0.1944947243515862401 ) ) ;
#4744 = DIRECTION ( 'NONE',  ( -1.000000000000000000, -0.000000000000000000, -0.000000000000000000 ) ) ;
#4745 = CARTESIAN_POINT ( 'NONE',  ( -1.716506350946108261, -0.07346415503393140256, 0.6999999999999999556 ) ) ;
#4746 = VERTEX_POINT ( 'NONE', #8986 ) ;
#4747 = CARTESIAN_POINT ( 'NONE',  ( 2.125000000000000000, 0.000000000000000000, 0.9175000000000006484 ) ) ;
#4748 = B_SPLINE_CURVE_WITH_KNOTS ( 'NONE', 3,
 ( #5715, #7226, #5670, #5621 ),
 .UNSPECIFIED., .F., .F.,
 ( 4, 4 ),
 ( 0.000000000000000000, 4.848749842468926940E-05 ),
 .UNSPECIFIED. ) ;
#4749 = CARTESIAN_POINT ( 'NONE',  ( 1.817941930300927211, -0.3396598224071692984, 0.5999999999999999778 ) ) ;
#4750 = SURFACE_STYLE_FILL_AREA ( #558 ) ;
#4751 = LINE ( 'NONE', #7712, #3632 ) ;
#4752 = EDGE_CURVE ( 'NONE', #3459, #2293, #2405, .T. ) ;
#4753 = EDGE_CURVE ( 'NONE', #7729, #8822, #283, .T. ) ;
#4754 = VECTOR ( 'NONE', #628, 39.37007874015748143 ) ;
#4755 = VERTEX_POINT ( 'NONE', #834 ) ;
#4756 = DIRECTION ( 'NONE',  ( 1.000000000000000000, 1.865610830299460874E-15, -0.000000000000000000 ) ) ;
#4757 = EDGE_CURVE ( 'NONE', #677, #7823, #4497, .T. ) ;
#4758 = DIRECTION ( 'NONE',  ( 0.000000000000000000, -0.000000000000000000, 1.000000000000000000 ) ) ;
#4759 = EDGE_LOOP ( 'NONE', ( #3525, #2247, #70, #3618, #921 ) ) ;
#4760 = LINE ( 'NONE', #4804, #3744 ) ;
#4761 = AXIS2_PLACEMENT_3D ( 'NONE', #3587, #6373, #1312 ) ;
#4762 = VERTEX_POINT ( 'NONE', #5173 ) ;
#4763 = LINE ( 'NONE', #9105, #6216 ) ;
#4764 = ORIENTED_EDGE ( 'NONE', *, *, #8927, .F. ) ;
#4765 = ORIENTED_EDGE ( 'NONE', *, *, #6662, .T. ) ;
#4766 = AXIS2_PLACEMENT_3D ( 'NONE', #2495, #7786, #3254 ) ;
#4767 = DIRECTION ( 'NONE',  ( -1.000000000000000000, 0.000000000000000000, 0.000000000000000000 ) ) ;
#4768 = CARTESIAN_POINT ( 'NONE',  ( 2.635183069698970204, 0.01216299788008460940, 0.5999999999999999778 ) ) ;
#4769 = EDGE_LOOP ( 'NONE', ( #937, #4765, #2307, #5903 ) ) ;
#4770 = DIRECTION ( 'NONE',  ( 0.000000000000000000, 0.000000000000000000, 1.000000000000000000 ) ) ;
#4771 = ORIENTED_EDGE ( 'NONE', *, *, #8055, .T. ) ;
#4772 = FACE_OUTER_BOUND ( 'NONE', #4573, .T. ) ;
#4773 = ORIENTED_EDGE ( 'NONE', *, *, #2824, .F. ) ;
#4774 = VERTEX_POINT ( 'NONE', #4641 ) ;
#4775 = VERTEX_POINT ( 'NONE', #7450 ) ;
#4776 = ORIENTED_EDGE ( 'NONE', *, *, #267, .T. ) ;
#4777 = CARTESIAN_POINT ( 'NONE',  ( -2.293247638562451396, -0.4038551499215468632, 0.3525000000000004241 ) ) ;
#4778 = CARTESIAN_POINT ( 'NONE',  ( -2.390625000000005329, 0.6404979548822425928, 0.3525000000000004241 ) ) ;
#4779 = DIRECTION ( 'NONE',  ( 0.000000000000000000, 0.000000000000000000, -1.000000000000000000 ) ) ;
#4780 = LINE ( 'NONE', #452, #5225 ) ;
#4781 = CARTESIAN_POINT ( 'NONE',  ( -2.495668702100283021, -0.5858509321612568321, 0.8122190699021963889 ) ) ;
#4782 = B_SPLINE_CURVE_WITH_KNOTS ( 'NONE', 3,
 ( #7890, #1315, #4209, #606, #6432, #9374, #2785, #8901, #8219, #3774 ),
 .UNSPECIFIED., .F., .F.,
 ( 4, 2, 2, 2, 4 ),
 ( 1.734723475976807094E-18, 0.0003734599253481080648, 0.0007469198506962143949, 0.001120379776044320725, 0.001493839701392431609 ),
 .UNSPECIFIED. ) ;
#4783 = ADVANCED_FACE ( 'NONE', ( #6714 ), #5296, .F. ) ;
#4784 =( CONVERSION_BASED_UNIT ( 'INCH', #3256 ) LENGTH_UNIT ( ) NAMED_UNIT ( #5373 ) );
#4785 = ORIENTED_EDGE ( 'NONE', *, *, #2296, .T. ) ;
#4786 = VERTEX_POINT ( 'NONE', #5986 ) ;
#4787 = ORIENTED_EDGE ( 'NONE', *, *, #5402, .T. ) ;
#4788 = CARTESIAN_POINT ( 'NONE',  ( -1.306874999999987574, 0.000000000000000000, 0.000000000000000000 ) ) ;
#4789 = CARTESIAN_POINT ( 'NONE',  ( 0.000000000000000000, 0.1762500000000011557, 0.000000000000000000 ) ) ;
#4790 = CARTESIAN_POINT ( 'NONE',  ( -0.5000000000000001110, -0.2687500000000005995, 0.000000000000000000 ) ) ;
#4791 = LINE ( 'NONE', #9134, #554 ) ;
#4792 = EDGE_CURVE ( 'NONE', #2577, #7699, #8240, .T. ) ;
#4793 = EDGE_CURVE ( 'NONE', #7076, #8822, #314, .T. ) ;
#4794 = CARTESIAN_POINT ( 'NONE',  ( -2.125000000000000000, 0.000000000000000000, 0.000000000000000000 ) ) ;
#4795 = VECTOR ( 'NONE', #6282, 39.37007874015748854 ) ;
#4796 = CARTESIAN_POINT ( 'NONE',  ( -2.746467334085270551, -0.05208700211991428020, 0.5999999999999999778 ) ) ;
#4797 = FACE_BOUND ( 'NONE', #7071, .T. ) ;
#4798 = ORIENTED_EDGE ( 'NONE', *, *, #3104, .T. ) ;
#4799 = ORIENTED_EDGE ( 'NONE', *, *, #6375, .T. ) ;
#4800 = DIRECTION ( 'NONE',  ( 0.000000000000000000, 0.000000000000000000, -1.000000000000000000 ) ) ;
#4801 = DIRECTION ( 'NONE',  ( -0.000000000000000000, -0.000000000000000000, 1.000000000000000000 ) ) ;
#4802 = ADVANCED_FACE ( 'NONE', ( #2271 ), #8134, .F. ) ;
#4803 = ORIENTED_EDGE ( 'NONE', *, *, #3236, .F. ) ;
#4804 = CARTESIAN_POINT ( 'NONE',  ( 2.581229174377005720, -0.4257837998483106068, 0.9499999999999999556 ) ) ;
#4805 = ADVANCED_FACE ( 'NONE', ( #5451 ), #3922, .F. ) ;
#4806 = ORIENTED_EDGE ( 'NONE', *, *, #8950, .T. ) ;
#4807 = CARTESIAN_POINT ( 'NONE',  ( 2.812500000000023093, 0.6404979548822424817, 0.5357500000000000595 ) ) ;
#4808 = AXIS2_PLACEMENT_3D ( 'NONE', #98, #1537, #1625 ) ;
#4809 = ADVANCED_FACE ( 'NONE', ( #2497 ), #739, .T. ) ;
#4810 = ORIENTED_EDGE ( 'NONE', *, *, #720, .T. ) ;
#4811 = ORIENTED_EDGE ( 'NONE', *, *, #5794, .T. ) ;
#4812 = CARTESIAN_POINT ( 'NONE',  ( -2.265624999999998668, 0.2790714234295565421, 0.5357500000000000595 ) ) ;
#4813 = DIRECTION ( 'NONE',  ( -0.8660254037844409281, 0.4999999999999962252, 0.000000000000000000 ) ) ;
#4814 = CIRCLE ( 'NONE', #710, 0.2500000000000000000 ) ;
#4815 = DIRECTION ( 'NONE',  ( -0.000000000000000000, 1.000000000000000000, -0.000000000000000000 ) ) ;
#4816 = EDGE_CURVE ( 'NONE', #8484, #8483, #1122, .T. ) ;
#4817 = ORIENTED_EDGE ( 'NONE', *, *, #5630, .F. ) ;
#4818 = DIRECTION ( 'NONE',  ( 0.4999999999999972800, -0.8660254037844402619, 0.000000000000000000 ) ) ;
#4819 = ORIENTED_EDGE ( 'NONE', *, *, #7233, .T. ) ;
#4820 = ORIENTED_EDGE ( 'NONE', *, *, #9047, .F. ) ;
#4821 = EDGE_CURVE ( 'NONE', #158, #5868, #6211, .T. ) ;
#4822 = ORIENTED_EDGE ( 'NONE', *, *, #6461, .T. ) ;
#4823 = ORIENTED_EDGE ( 'NONE', *, *, #88, .T. ) ;
#4824 = CARTESIAN_POINT ( 'NONE',  ( -1.952479751915167094, -0.2605712927930439182, 0.2545484930337157947 ) ) ;
#4825 = DIRECTION ( 'NONE',  ( -7.827072323607353610E-15, -1.000000000000000000, 0.000000000000000000 ) ) ;
#4826 = DIRECTION ( 'NONE',  ( 0.5000000000000038858, -0.8660254037844362651, 0.000000000000000000 ) ) ;
#4827 = CARTESIAN_POINT ( 'NONE',  ( 1.859375000000008882, 0.6404979548822717916, 0.6999999999999999556 ) ) ;
#4828 = CARTESIAN_POINT ( 'NONE',  ( -2.505176579365986811, -0.5262123809435418353, 0.8474999999999995870 ) ) ;
#4829 = CIRCLE ( 'NONE', #8379, 0.4374999999999959477 ) ;
#4830 = VECTOR ( 'NONE', #5282, 39.37007874015748143 ) ;
#4831 = CARTESIAN_POINT ( 'NONE',  ( -1.994375000000009557, 0.6404979548822627988, 0.2600000000000000089 ) ) ;
#4832 = CARTESIAN_POINT ( 'NONE',  ( 2.515624999999995559, -0.6044135630578968410, 0.4650000000000000799 ) ) ;
#4833 = EDGE_LOOP ( 'NONE', ( #7199, #6300, #1891, #6710 ) ) ;
#4834 = CIRCLE ( 'NONE', #5285, 0.2500000000000000000 ) ;
#4835 = EDGE_CURVE ( 'NONE', #472, #2787, #3457, .T. ) ;
#4836 = LINE ( 'NONE', #8464, #5629 ) ;
#4837 = DIRECTION ( 'NONE',  ( 1.000000000000000000, 0.000000000000000000, 0.000000000000000000 ) ) ;
#4838 = CARTESIAN_POINT ( 'NONE',  ( 2.296370442160278635, -0.2613205341219645983, 0.2600000000000002309 ) ) ;
#4839 = DIRECTION ( 'NONE',  ( -3.023406148612404967E-15, -1.000000000000000000, 0.000000000000000000 ) ) ;
#4840 = CARTESIAN_POINT ( 'NONE',  ( 0.8325000000000002398, 0.1762500000000011557, 0.000000000000000000 ) ) ;
#4841 = AXIS2_PLACEMENT_3D ( 'NONE', #8396, #1676, #6940 ) ;
#4842 = CONICAL_SURFACE ( 'NONE', #7156, 0.9875000000000008216, 0.7853981633974399523 ) ;
#4843 = CARTESIAN_POINT ( 'NONE',  ( 2.245139493911575190, -0.4207011105259209072, 0.8342758506934097040 ) ) ;
#4844 = ORIENTED_EDGE ( 'NONE', *, *, #460, .T. ) ;
#4845 = DIRECTION ( 'NONE',  ( -1.000000000000000000, -4.535261055593764468E-14, 0.000000000000000000 ) ) ;
#4846 = ORIENTED_EDGE ( 'NONE', *, *, #5044, .T. ) ;
#4847 = EDGE_LOOP ( 'NONE', ( #9384, #1126, #2862, #7668, #7022 ) ) ;
#4848 = EDGE_CURVE ( 'NONE', #1683, #2846, #4221, .T. ) ;
#4849 = ORIENTED_EDGE ( 'NONE', *, *, #7520, .F. ) ;
#4850 = CARTESIAN_POINT ( 'NONE',  ( -2.394958393773019889, 0.3442843293412073402, 0.5809213752633025640 ) ) ;
#4851 = CIRCLE ( 'NONE', #5915, 0.2500000000000001110 ) ;
#4852 = CARTESIAN_POINT ( 'NONE',  ( 1.437499999999995337, -0.09021097956086862601, 0.4649999999999999689 ) ) ;
#4853 = ORIENTED_EDGE ( 'NONE', *, *, #2705, .T. ) ;
#4854 = LINE ( 'NONE', #7808, #8532 ) ;
#4855 = VERTEX_POINT ( 'NONE', #1973 ) ;
#4856 = CARTESIAN_POINT ( 'NONE',  ( -1.984375000000017319, 0.4058214234295524081, 0.5357500000000000595 ) ) ;
#4857 = AXIS2_PLACEMENT_3D ( 'NONE', #6263, #4640, #9220 ) ;
#4858 = VECTOR ( 'NONE', #3045, 39.37007874015748854 ) ;
#4859 = ORIENTED_EDGE ( 'NONE', *, *, #2978, .T. ) ;
#4860 = ADVANCED_FACE ( 'NONE', ( #3967, #8503 ), #3347, .F. ) ;
#4861 = EDGE_CURVE ( 'NONE', #7468, #8734, #238, .T. ) ;
#4862 = DIRECTION ( 'NONE',  ( 1.000000000000000000, -0.000000000000000000, -2.185478394931412547E-15 ) ) ;
#4863 = EDGE_LOOP ( 'NONE', ( #3223, #1992, #373, #1262, #5547 ) ) ;
#4864 = CARTESIAN_POINT ( 'NONE',  ( 2.330368649053886632, -0.4252869753213685544, 0.9499999999999999556 ) ) ;
#4865 = LINE ( 'NONE', #7133, #5361 ) ;
#4866 = VECTOR ( 'NONE', #5265, 39.37007874015748854 ) ;
#4867 = CARTESIAN_POINT ( 'NONE',  ( 0.5000000000000000000, -0.2087499999999990474, 0.000000000000000000 ) ) ;
#4868 = ORIENTED_EDGE ( 'NONE', *, *, #2179, .T. ) ;
#4869 = LINE ( 'NONE', #2806, #2680 ) ;
#4870 = ORIENTED_EDGE ( 'NONE', *, *, #3382, .T. ) ;
#4871 = ORIENTED_EDGE ( 'NONE', *, *, #3333, .T. ) ;
#4872 = EDGE_CURVE ( 'NONE', #7045, #58, #7216, .T. ) ;
#4873 = EDGE_LOOP ( 'NONE', ( #7477, #8873, #97, #1857, #4431, #8843 ) ) ;
#4874 = ADVANCED_FACE ( 'NONE', ( #401 ), #9263, .F. ) ;
#4875 = CARTESIAN_POINT ( 'NONE',  ( -1.813004557839720920, -0.01775088930758956032, 0.9174999999999992051 ) ) ;
#4876 = DIRECTION ( 'NONE',  ( -0.000000000000000000, -0.000000000000000000, 1.000000000000000000 ) ) ;
#4877 = DIRECTION ( 'NONE',  ( 0.4999999999999964473, -0.8660254037844409281, -0.000000000000000000 ) ) ;
#4878 = PLANE ( 'NONE',  #8382 ) ;
#4879 = ORIENTED_EDGE ( 'NONE', *, *, #3734, .T. ) ;
#4880 = AXIS2_PLACEMENT_3D ( 'NONE', #2812, #6412, #1395 ) ;
#4881 = SURFACE_STYLE_FILL_AREA ( #4735 ) ;
#4882 = VERTEX_POINT ( 'NONE', #2163 ) ;
#4883 = CARTESIAN_POINT ( 'NONE',  ( 1.437499999999994893, -0.09021097956086808478, 0.9499999999999999556 ) ) ;
#4884 = CARTESIAN_POINT ( 'NONE',  ( -1.984375000000025757, 0.2790714234295686436, 0.2572107205775365779 ) ) ;
#4885 = DIRECTION ( 'NONE',  ( -0.000000000000000000, -0.000000000000000000, 1.000000000000000000 ) ) ;
#4886 = LINE ( 'NONE', #6318, #1869 ) ;
#4887 = CARTESIAN_POINT ( 'NONE',  ( 2.812500000000023093, 0.4058214234295524081, 0.5357500000000000595 ) ) ;
#4888 = CIRCLE ( 'NONE', #1392, 0.06424999999999959910 ) ;
#4889 = CARTESIAN_POINT ( 'NONE',  ( -1.518288994337731346, -0.1816344380701811201, 0.2499999999999998890 ) ) ;
#4890 = CARTESIAN_POINT ( 'NONE',  ( -1.437499999999995337, -0.09021097956086834846, 0.4150000000000000910 ) ) ;
#4891 = ORIENTED_EDGE ( 'NONE', *, *, #6686, .F. ) ;
#4892 = ORIENTED_EDGE ( 'NONE', *, *, #1320, .F. ) ;
#4893 = ORIENTED_EDGE ( 'NONE', *, *, #6038, .T. ) ;
#4894 = EDGE_LOOP ( 'NONE', ( #6603, #5728, #8759, #3550, #285 ) ) ;
#4895 = CARTESIAN_POINT ( 'NONE',  ( -2.390625000000005329, 0.4058214234295524081, 0.5999999999999999778 ) ) ;
#4896 = PLANE ( 'NONE',  #844 ) ;
#4897 = ORIENTED_EDGE ( 'NONE', *, *, #4043, .T. ) ;
#4898 = CARTESIAN_POINT ( 'NONE',  ( -0.8325000000000002398, 0.1762500000000011557, 0.000000000000000000 ) ) ;
#4899 = DIRECTION ( 'NONE',  ( 0.5000000000000041078, 0.8660254037844363761, -2.185478394931412547E-15 ) ) ;
#4900 = VECTOR ( 'NONE', #9409, 39.37007874015748143 ) ;
#4901 = ADVANCED_FACE ( 'NONE', ( #8021 ), #1444, .F. ) ;
#4902 = LINE ( 'NONE', #8668, #3175 ) ;
#4903 = VERTEX_POINT ( 'NONE', #7877 ) ;
#4904 = DIRECTION ( 'NONE',  ( 0.000000000000000000, 0.000000000000000000, 1.000000000000000000 ) ) ;
#4905 = LINE ( 'NONE', #6719, #5183 ) ;
#4906 = DIRECTION ( 'NONE',  ( 0.6499998807689797431, -0.7071067811865491270, -0.2783884965301360315 ) ) ;
#4907 = VECTOR ( 'NONE', #8348, 39.37007874015748854 ) ;
#4908 = LENGTH_MEASURE_WITH_UNIT ( LENGTH_MEASURE( 0.02539999999999999897 ), #8587 );
#4909 = ORIENTED_EDGE ( 'NONE', *, *, #88, .F. ) ;
#4910 = CARTESIAN_POINT ( 'NONE',  ( -2.812500000000023093, 0.4058214234295524081, 0.6642500000000000071 ) ) ;
#4911 = VERTEX_POINT ( 'NONE', #5738 ) ;
#4912 = ADVANCED_FACE ( 'NONE', ( #3536, #2819 ), #4927, .F. ) ;
#4913 = EDGE_CURVE ( 'NONE', #5421, #6593, #7290, .T. ) ;
#4914 = AXIS2_PLACEMENT_3D ( 'NONE', #4194, #7143, #6354 ) ;
#4915 = CIRCLE ( 'NONE', #8159, 0.009999999999999995004 ) ;
#4916 = EDGE_LOOP ( 'NONE', ( #5158, #8781, #1495, #6278 ) ) ;
#4917 = CARTESIAN_POINT ( 'NONE',  ( 2.275330505353885702, -0.4109673163000679974, 0.3538915543536296227 ) ) ;
#4918 = UNCERTAINTY_MEASURE_WITH_UNIT (LENGTH_MEASURE( 1.000000000000000082E-05 ), #9264, 'distance_accuracy_value', 'NONE');
#4919 = CARTESIAN_POINT ( 'NONE',  ( -2.298124999999999307, 0.6404979548822424817, 0.6642500000000000071 ) ) ;
#4920 = CARTESIAN_POINT ( 'NONE',  ( 0.000000000000000000, 0.2087499999999984091, 0.5000000000000000000 ) ) ;
#4921 = LINE ( 'NONE', #1350, #4362 ) ;
#4922 = AXIS2_PLACEMENT_3D ( 'NONE', #7969, #7916, #1345 ) ;
#4923 = VERTEX_POINT ( 'NONE', #4302 ) ;
#4924 = VECTOR ( 'NONE', #5586, 39.37007874015748143 ) ;
#4925 = ORIENTED_EDGE ( 'NONE', *, *, #3527, .F. ) ;
#4926 = EDGE_CURVE ( 'NONE', #4313, #4736, #1492, .T. ) ;
#4927 = PLANE ( 'NONE',  #3016 ) ;
#4928 = ADVANCED_FACE ( 'NONE', ( #4973 ), #6563, .T. ) ;
#4929 = FILL_AREA_STYLE_COLOUR ( '', #886 ) ;
#4930 = VERTEX_POINT ( 'NONE', #7922 ) ;
#4931 = EDGE_CURVE ( 'NONE', #6530, #8782, #1353, .T. ) ;
#4932 = DIRECTION ( 'NONE',  ( 0.000000000000000000, -0.000000000000000000, -1.000000000000000000 ) ) ;
#4933 = DIRECTION ( 'NONE',  ( -0.000000000000000000, -0.000000000000000000, -1.000000000000000000 ) ) ;
#4934 = LINE ( 'NONE', #3354, #1658 ) ;
#4935 = DIRECTION ( 'NONE',  ( -2.185478394931412547E-15, 0.000000000000000000, 1.000000000000000000 ) ) ;
#4936 = DIRECTION ( 'NONE',  ( -1.000000000000000000, 0.000000000000000000, 2.185478394931429902E-15 ) ) ;
#4937 = CARTESIAN_POINT ( 'NONE',  ( -2.595993649053903063, 0.03478902043908665281, 0.9499999999999999556 ) ) ;
#4938 = PLANE ( 'NONE',  #4674 ) ;
#4939 = VERTEX_POINT ( 'NONE', #6362 ) ;
#4940 = SURFACE_STYLE_USAGE ( .BOTH. , #5516 ) ;
#4941 = VECTOR ( 'NONE', #1200, 39.37007874015748143 ) ;
#4942 = ORIENTED_EDGE ( 'NONE', *, *, #508, .F. ) ;
#4943 = ORIENTED_EDGE ( 'NONE', *, *, #1307, .F. ) ;
#4944 = ORIENTED_EDGE ( 'NONE', *, *, #4405, .F. ) ;
#4945 = LINE ( 'NONE', #3406, #4696 ) ;
#4946 = CARTESIAN_POINT ( 'NONE',  ( 2.390625000000005329, 0.3476343040825998765, 0.9499999999999999556 ) ) ;
#4947 = CIRCLE ( 'NONE', #2656, 0.009999999999999892655 ) ;
#4948 = VERTEX_POINT ( 'NONE', #6471 ) ;
#4949 = DIRECTION ( 'NONE',  ( -0.000000000000000000, -0.000000000000000000, 1.000000000000000000 ) ) ;
#4950 = DIRECTION ( 'NONE',  ( 0.8660254037844348218, 0.5000000000000066613, 0.000000000000000000 ) ) ;
#4951 = CARTESIAN_POINT ( 'NONE',  ( -1.710327891682204449, 0.1394750607932296049, 0.7849999999997243627 ) ) ;
#4952 = ORIENTED_EDGE ( 'NONE', *, *, #1899, .F. ) ;
#4953 = DIRECTION ( 'NONE',  ( 1.000000000000000000, 0.000000000000000000, -0.000000000000000000 ) ) ;
#4954 = CARTESIAN_POINT ( 'NONE',  ( 1.852331411169191311, 0.3421418922953584629, 0.6097839248367360465 ) ) ;
#4955 = EDGE_CURVE ( 'NONE', #8489, #3459, #2776, .T. ) ;
#4956 = DIRECTION ( 'NONE',  ( -0.8660254037844399289, -0.4999999999999981126, 0.000000000000000000 ) ) ;
#4957 = FACE_OUTER_BOUND ( 'NONE', #478, .T. ) ;
#4958 = DIRECTION ( 'NONE',  ( -1.000000000000000000, -5.090879084663727145E-14, 0.000000000000000000 ) ) ;
#4959 = ORIENTED_EDGE ( 'NONE', *, *, #2940, .T. ) ;
#4960 = DIRECTION ( 'NONE',  ( -1.000000000000000000, 0.000000000000000000, 0.000000000000000000 ) ) ;
#4961 = VERTEX_POINT ( 'NONE', #7202 ) ;
#4962 = ORIENTED_EDGE ( 'NONE', *, *, #6187, .F. ) ;
#4963 = EDGE_LOOP ( 'NONE', ( #6680, #4629, #390, #5736, #7589, #1804, #4327, #4713 ) ) ;
#4964 = VECTOR ( 'NONE', #6115, 39.37007874015748854 ) ;
#4965 = ADVANCED_FACE ( 'NONE', ( #2730 ), #5645, .T. ) ;
#4966 = EDGE_CURVE ( 'NONE', #1368, #5286, #8792, .T. ) ;
#4967 = CYLINDRICAL_SURFACE ( 'NONE', #3204, 0.01000000000000000715 ) ;
#4968 = PLANE ( 'NONE',  #4922 ) ;
#4969 = DIRECTION ( 'NONE',  ( -0.000000000000000000, -0.000000000000000000, -1.000000000000000000 ) ) ;
#4970 = CARTESIAN_POINT ( 'NONE',  ( -2.390625000000005329, 0.3904979548822426483, 0.6999999999999999556 ) ) ;
#4971 = ORIENTED_EDGE ( 'NONE', *, *, #3053, .F. ) ;
#4972 = EDGE_LOOP ( 'NONE', ( #2002, #1338, #232, #1302 ) ) ;
#4973 = FACE_OUTER_BOUND ( 'NONE', #6116, .T. ) ;
#4974 = PLANE ( 'NONE',  #7784 ) ;
#4975 = ORIENTED_EDGE ( 'NONE', *, *, #7697, .F. ) ;
#4976 = ADVANCED_FACE ( 'NONE', ( #8745 ), #5067, .F. ) ;
#4977 = ADVANCED_FACE ( 'NONE', ( #593 ), #3488, .F. ) ;
#4978 = DIRECTION ( 'NONE',  ( -0.4999999999999834577, -0.8660254037844482555, 0.000000000000000000 ) ) ;
#4979 = CARTESIAN_POINT ( 'NONE',  ( -1.985598764986689302, 0.2796925639051816015, 0.2545484930337159057 ) ) ;
#4980 = CIRCLE ( 'NONE', #1628, 0.01000000000000002276 ) ;
#4981 = CIRCLE ( 'NONE', #1327, 0.04250000000000063449 ) ;
#4982 = CARTESIAN_POINT ( 'NONE',  ( 2.546874999999995559, -0.5502869753213701642, 0.9499999999999999556 ) ) ;
#4983 = DIRECTION ( 'NONE',  ( -0.7071067811865385799, -0.7071067811865563435, 0.000000000000000000 ) ) ;
#4984 = FACE_BOUND ( 'NONE', #5624, .T. ) ;
#4985 = CARTESIAN_POINT ( 'NONE',  ( 2.265624999999998668, 0.2790714234295562646, 0.9175000000000007594 ) ) ;
#4986 = CARTESIAN_POINT ( 'NONE',  ( 2.255624999999998881, 0.2838896957886962169, 0.2500000000000000555 ) ) ;
#4987 = ORIENTED_EDGE ( 'NONE', *, *, #8221, .T. ) ;
#4988 = AXIS2_PLACEMENT_3D ( 'NONE', #3359, #9375, #511 ) ;
#4989 = AXIS2_PLACEMENT_3D ( 'NONE', #6044, #9000, #4507 ) ;
#4990 = EDGE_CURVE ( 'NONE', #6977, #8833, #8243, .T. ) ;
#4991 = CARTESIAN_POINT ( 'NONE',  ( -1.693926611282083883, 0.07529362154981780741, 0.3538915543536296227 ) ) ;
#4992 = EDGE_CURVE ( 'NONE', #8649, #8762, #825, .T. ) ;
#4993 = VECTOR ( 'NONE', #4681, 39.37007874015748143 ) ;
#4994 = PRESENTATION_LAYER_ASSIGNMENT (  '', '', ( #3007 ) ) ;
#4995 = CIRCLE ( 'NONE', #5760, 0.04449999999999948441 ) ;
#4996 = DIRECTION ( 'NONE',  ( 0.000000000000000000, 0.000000000000000000, -1.000000000000000000 ) ) ;
#4997 = VERTEX_POINT ( 'NONE', #2310 ) ;
#4998 = CARTESIAN_POINT ( 'NONE',  ( 1.406249999999996003, -0.03608439182434083903, 0.7349999999999999867 ) ) ;
#4999 = DIRECTION ( 'NONE',  ( -0.8660254037844354880, -0.5000000000000056621, -3.824587191129966534E-15 ) ) ;
#5000 = CARTESIAN_POINT ( 'NONE',  ( -2.376618649053891197, -0.3451796254713022649, 0.6999999999999999556 ) ) ;
#5001 = CIRCLE ( 'NONE', #2704, 0.5000000000000000000 ) ;
#5002 = AXIS2_PLACEMENT_3D ( 'NONE', #8623, #7998, #1423 ) ;
#5003 = AXIS2_PLACEMENT_3D ( 'NONE', #4444, #1627, #4541 ) ;
#5004 = ORIENTED_EDGE ( 'NONE', *, *, #4683, .T. ) ;
#5005 = CARTESIAN_POINT ( 'NONE',  ( 1.421731169731069055, -0.02714633431273561978, 0.7932493951414446576 ) ) ;
#5006 = CARTESIAN_POINT ( 'NONE',  ( -2.390625000000005773, 0.6404979548822425928, 0.000000000000000000 ) ) ;
#5007 = CARTESIAN_POINT ( 'NONE',  ( 1.708306059513496011, 0.1333434656762768622, 0.3917949024850407302 ) ) ;
#5008 = DIRECTION ( 'NONE',  ( -0.5000000000000056621, 0.8660254037844353769, 0.000000000000000000 ) ) ;
#5009 = FACE_OUTER_BOUND ( 'NONE', #7848, .T. ) ;
#5010 = ORIENTED_EDGE ( 'NONE', *, *, #133, .T. ) ;
#5011 = CARTESIAN_POINT ( 'NONE',  ( 1.968749999999999778, -0.2706329386826341055, 0.000000000000000000 ) ) ;
#5012 = CIRCLE ( 'NONE', #4554, 0.06249999999999967387 ) ;
#5013 = ORIENTED_EDGE ( 'NONE', *, *, #2450, .T. ) ;
#5014 = ORIENTED_EDGE ( 'NONE', *, *, #7124, .F. ) ;
#5015 = AXIS2_PLACEMENT_3D ( 'NONE', #9408, #1214, #2635 ) ;
#5016 = DIRECTION ( 'NONE',  ( 0.000000000000000000, 0.000000000000000000, 1.000000000000000000 ) ) ;
#5017 = CARTESIAN_POINT ( 'NONE',  ( -2.390625000000005773, 0.6404979548822425928, 0.9499999999999999556 ) ) ;
#5018 = DIRECTION ( 'NONE',  ( 0.000000000000000000, 0.000000000000000000, 1.000000000000000000 ) ) ;
#5019 = LINE ( 'NONE', #641, #8998 ) ;
#5020 = ORIENTED_EDGE ( 'NONE', *, *, #5402, .F. ) ;
#5021 = ORIENTED_EDGE ( 'NONE', *, *, #1296, .T. ) ;
#5022 = DIRECTION ( 'NONE',  ( -0.8660254037844447028, 0.4999999999999893419, 0.000000000000000000 ) ) ;
#5023 = CIRCLE ( 'NONE', #5476, 0.3124999999999972800 ) ;
#5024 = CARTESIAN_POINT ( 'NONE',  ( -1.781250000000008438, -4.038522381758778294E-17, 0.9487499999999929878 ) ) ;
#5025 = VERTEX_POINT ( 'NONE', #5209 ) ;
#5026 = EDGE_CURVE ( 'NONE', #125, #9244, #8168, .T. ) ;
#5027 = DIRECTION ( 'NONE',  ( -0.4999999999999986122, 0.8660254037844394848, -0.000000000000000000 ) ) ;
#5028 = DIRECTION ( 'NONE',  ( -0.8660254037844364872, -0.5000000000000039968, 0.000000000000000000 ) ) ;
#5029 = CARTESIAN_POINT ( 'NONE',  ( -2.301370442160278973, -0.2526602800841205587, 0.2599999999999999534 ) ) ;
#5030 = LINE ( 'NONE', #4354, #2478 ) ;
#5031 = DIRECTION ( 'NONE',  ( 0.8660254037844364872, -0.5000000000000039968, 0.000000000000000000 ) ) ;
#5032 = CARTESIAN_POINT ( 'NONE',  ( 2.390625000000005773, 0.6404979548822425928, 0.4150000000000000910 ) ) ;
#5033 = ORIENTED_EDGE ( 'NONE', *, *, #8892, .T. ) ;
#5034 = ADVANCED_FACE ( 'NONE', ( #6750, #56 ), #6020, .F. ) ;
#5035 = EDGE_CURVE ( 'NONE', #6640, #1910, #8209, .T. ) ;
#5036 = CONICAL_SURFACE ( 'NONE', #3656, 0.2824999999999992517, 0.7853981633974405074 ) ;
#5037 = ORIENTED_EDGE ( 'NONE', *, *, #8939, .F. ) ;
#5038 = CARTESIAN_POINT ( 'NONE',  ( -1.708306059513496011, 0.1333434656762768622, 0.3917949024850407302 ) ) ;
#5039 = AXIS2_PLACEMENT_3D ( 'NONE', #6493, #2186, #5906 ) ;
#5040 = DIRECTION ( 'NONE',  ( -8.741913579725640721E-15, 1.000000000000000000, 0.000000000000000000 ) ) ;
#5041 = ORIENTED_EDGE ( 'NONE', *, *, #2998, .F. ) ;
#5042 = CARTESIAN_POINT ( 'NONE',  ( -2.296370442160278635, -0.2613205341219645983, 0.9175000000000006484 ) ) ;
#5043 = DIRECTION ( 'NONE',  ( -1.000000000000000000, 0.000000000000000000, 0.000000000000000000 ) ) ;
#5044 = EDGE_CURVE ( 'NONE', #2192, #142, #1539, .T. ) ;
#5045 = CARTESIAN_POINT ( 'NONE',  ( 2.593125000000000124, -0.4701796254713026535, 0.6999999999999999556 ) ) ;
#5046 = EDGE_CURVE ( 'NONE', #6842, #2672, #1505, .T. ) ;
#5047 = CARTESIAN_POINT ( 'NONE',  ( -1.696641095954356304, 0.08908579168983826735, 0.8420909932548904520 ) ) ;
#5048 = CARTESIAN_POINT ( 'NONE',  ( 1.710327891682111856, 0.1394750607929389485, 0.7349999999999999867 ) ) ;
#5049 = EDGE_CURVE ( 'NONE', #3330, #2161, #9438, .T. ) ;
#5050 = CARTESIAN_POINT ( 'NONE',  ( -2.299118649053886632, -0.4794135630578958418, 0.6999999999999999556 ) ) ;
#5051 = DIRECTION ( 'NONE',  ( 1.000000000000000000, 5.090879084663727145E-14, -0.000000000000000000 ) ) ;
#5052 = DIRECTION ( 'NONE',  ( 2.185478394931411364E-15, 1.000000000000000000, 0.000000000000000000 ) ) ;
#5053 = DIRECTION ( 'NONE',  ( 4.677093841292901429E-14, 1.000000000000000000, 0.000000000000000000 ) ) ;
#5054 = ORIENTED_EDGE ( 'NONE', *, *, #8521, .F. ) ;
#5055 = DIRECTION ( 'NONE',  ( 0.000000000000000000, 0.000000000000000000, -1.000000000000000000 ) ) ;
#5056 = B_SPLINE_CURVE_WITH_KNOTS ( 'NONE', 3,
 ( #111, #6030, #4597, #833, #5304, #4552, #3119, #1593, #882, #8272, #2451, #7547, #2359, #8075 ),
 .UNSPECIFIED., .F., .F.,
 ( 4, 2, 2, 2, 2, 2, 4 ),
 ( 0.000000000000000000, 0.0003295577060318717632, 0.0006591154120637435264, 0.001318230824127501147, 0.001647788530159379795, 0.001977346236191258443, 0.002636461648255016173 ),
 .UNSPECIFIED. ) ;
#5057 = ORIENTED_EDGE ( 'NONE', *, *, #5929, .T. ) ;
#5058 = ORIENTED_EDGE ( 'NONE', *, *, #4448, .T. ) ;
#5059 = ORIENTED_EDGE ( 'NONE', *, *, #2876, .T. ) ;
#5060 = VECTOR ( 'NONE', #2200, 39.37007874015748854 ) ;
#5061 = CARTESIAN_POINT ( 'NONE',  ( 2.215603892907803463, -0.4280184944813355541, 0.3960606752794165741 ) ) ;
#5062 = CARTESIAN_POINT ( 'NONE',  ( 1.703124999999971134, -0.5502869753213719406, 0.2500000000000000555 ) ) ;
#5063 = LINE ( 'NONE', #6559, #4383 ) ;
#5064 = CARTESIAN_POINT ( 'NONE',  ( 1.951875000000030891, 0.2984170477285265632, 0.9499999999999999556 ) ) ;
#5065 = VERTEX_POINT ( 'NONE', #809 ) ;
#5066 = VERTEX_POINT ( 'NONE', #3608 ) ;
#5067 = CYLINDRICAL_SURFACE ( 'NONE', #6693, 0.06425000000000000155 ) ;
#5068 = AXIS2_PLACEMENT_3D ( 'NONE', #9229, #1222, #5552 ) ;
#5069 = CARTESIAN_POINT ( 'NONE',  ( 2.397668588830812464, 0.3421418922953549657, 0.5902160751632917757 ) ) ;
#5070 = CARTESIAN_POINT ( 'NONE',  ( 2.453125000000005329, 0.2893790496476773000, 0.4150000000000000910 ) ) ;
#5071 = CARTESIAN_POINT ( 'NONE',  ( 2.407708649809764179, 0.5939605555333574705, 0.8452727038963768758 ) ) ;
#5072 = CARTESIAN_POINT ( 'NONE',  ( 0.9376234198628757843, 0.3012499999999982969, 0.4015748031496064741 ) ) ;
#5073 = DIRECTION ( 'NONE',  ( 0.8660254037844364872, -0.5000000000000039968, 0.000000000000000000 ) ) ;
#5074 = EDGE_CURVE ( 'NONE', #4433, #7636, #1385, .T. ) ;
#5075 = DIRECTION ( 'NONE',  ( -0.5000000000000036637, -0.8660254037844365982, 0.000000000000000000 ) ) ;
#5076 = DIRECTION ( 'NONE',  ( 0.000000000000000000, 0.000000000000000000, 1.000000000000000000 ) ) ;
#5077 = ORIENTED_EDGE ( 'NONE', *, *, #7027, .F. ) ;
#5078 = EDGE_LOOP ( 'NONE', ( #7554, #9182, #5960, #6328 ) ) ;
#5079 = LINE ( 'NONE', #9427, #289 ) ;
#5080 = EDGE_CURVE ( 'NONE', #3668, #381, #6543, .T. ) ;
#5081 = EDGE_CURVE ( 'NONE', #9436, #5529, #2145, .T. ) ;
#5082 = DIRECTION ( 'NONE',  ( -1.000000000000000000, 0.000000000000000000, 0.000000000000000000 ) ) ;
#5083 = ORIENTED_EDGE ( 'NONE', *, *, #8808, .F. ) ;
#5084 = CARTESIAN_POINT ( 'NONE',  ( -2.537660219341328460, -0.2382494887205698075, 0.2500000000000000555 ) ) ;
#5085 = DIRECTION ( 'NONE',  ( -0.4999999999999525380, 0.8660254037844660191, -6.829619984160642466E-15 ) ) ;
#5086 = DIRECTION ( 'NONE',  ( 3.023406148612404967E-15, 1.000000000000000000, 0.000000000000000000 ) ) ;
#5087 = DIRECTION ( 'NONE',  ( 0.000000000000000000, 0.000000000000000000, 1.000000000000000000 ) ) ;
#5088 = EDGE_LOOP ( 'NONE', ( #437, #187, #9197, #3903 ) ) ;
#5089 = CARTESIAN_POINT ( 'NONE',  ( 1.477000199716365980, -0.06232895486742969643, 0.8474999999999995870 ) ) ;
#5090 = VECTOR ( 'NONE', #9101, 39.37007874015748854 ) ;
#5091 = DIRECTION ( 'NONE',  ( -0.2588190451025199068, 0.9659258262890685343, 0.000000000000000000 ) ) ;
#5092 = EDGE_CURVE ( 'NONE', #3942, #4746, #39, .T. ) ;
#5093 = CARTESIAN_POINT ( 'NONE',  ( -2.265624999999998668, 0.2790714234295562646, 0.9175000000000007594 ) ) ;
#5094 = CARTESIAN_POINT ( 'NONE',  ( 2.265624999999998668, 0.2790714234295562646, 0.9175000000000007594 ) ) ;
#5095 = FACE_OUTER_BOUND ( 'NONE', #1731, .T. ) ;
#5096 = VERTEX_POINT ( 'NONE', #8727 ) ;
#5097 = CARTESIAN_POINT ( 'NONE',  ( 2.549743649053904715, -0.04531832941097124062, 0.9499999999999999556 ) ) ;
#5098 = ORIENTED_EDGE ( 'NONE', *, *, #9333, .F. ) ;
#5099 = EDGE_CURVE ( 'NONE', #2997, #4543, #762, .T. ) ;
#5100 = EDGE_LOOP ( 'NONE', ( #6276, #2807, #9213, #7066, #7140, #5994, #7428, #1806, #6900, #8371, #3376, #9116, #5712, #8405 ) ) ;
#5101 = ORIENTED_EDGE ( 'NONE', *, *, #7925, .F. ) ;
#5102 = EDGE_CURVE ( 'NONE', #8197, #2175, #2801, .T. ) ;
#5103 = CARTESIAN_POINT ( 'NONE',  ( 2.212418012365472197, -0.4286805199005293554, 0.4052457801197263954 ) ) ;
#5104 = DIRECTION ( 'NONE',  ( -0.4999999999999920619, -0.8660254037844432595, 2.185478394931430691E-15 ) ) ;
#5105 = AXIS2_PLACEMENT_3D ( 'NONE', #3033, #4559, #8997 ) ;
#5106 = LINE ( 'NONE', #2867, #2721 ) ;
#5107 = PLANE ( 'NONE',  #1984 ) ;
#5108 = EDGE_LOOP ( 'NONE', ( #3124, #8337, #199, #4722 ) ) ;
#5109 = ORIENTED_EDGE ( 'NONE', *, *, #1011, .T. ) ;
#5110 = CARTESIAN_POINT ( 'NONE',  ( 1.709031974274564103, 0.1355708794879720291, 0.8038757313803486237 ) ) ;
#5111 = LINE ( 'NONE', #8068, #4080 ) ;
#5112 = AXIS2_PLACEMENT_3D ( 'NONE', #4745, #2504, #5410 ) ;
#5113 = ORIENTED_EDGE ( 'NONE', *, *, #5795, .T. ) ;
#5114 = LINE ( 'NONE', #8841, #6564 ) ;
#5115 = DIRECTION ( 'NONE',  ( -0.000000000000000000, 1.000000000000000000, -0.000000000000000000 ) ) ;
#5116 = FACE_OUTER_BOUND ( 'NONE', #3042, .T. ) ;
#5117 = FACE_OUTER_BOUND ( 'NONE', #530, .T. ) ;
#5118 = FACE_OUTER_BOUND ( 'NONE', #2078, .T. ) ;
#5119 = CARTESIAN_POINT ( 'NONE',  ( -2.265624999999998668, 0.2790714234295562646, 0.9175000000000007594 ) ) ;
#5120 = EDGE_CURVE ( 'NONE', #2662, #6912, #892, .T. ) ;
#5121 = ORIENTED_EDGE ( 'NONE', *, *, #6187, .T. ) ;
#5122 = AXIS2_PLACEMENT_3D ( 'NONE', #6443, #621, #4950 ) ;
#5123 = VECTOR ( 'NONE', #6103, 39.37007874015748143 ) ;
#5124 = DIRECTION ( 'NONE',  ( 0.7071067811865511255, 0.7071067811865437980, 0.000000000000000000 ) ) ;
#5125 = CARTESIAN_POINT ( 'NONE',  ( 2.169499999999999318, 0.4764989774411177437, 0.000000000000000000 ) ) ;
#5126 = ORIENTED_EDGE ( 'NONE', *, *, #2755, .T. ) ;
#5127 = LINE ( 'NONE', #5812, #6676 ) ;
#5128 = AXIS2_PLACEMENT_3D ( 'NONE', #1176, #8659, #4074 ) ;
#5129 = AXIS2_PLACEMENT_3D ( 'NONE', #1175, #6321, #5603 ) ;
#5130 = CARTESIAN_POINT ( 'NONE',  ( -2.546874999999995559, -0.5502869753213701642, 2.731847993664263218E-16 ) ) ;
#5131 = LINE ( 'NONE', #2844, #5935 ) ;
#5132 = DIRECTION ( 'NONE',  ( 0.4999999999999973355, -0.8660254037844402619, 0.000000000000000000 ) ) ;
#5133 = EDGE_CURVE ( 'NONE', #6198, #5756, #5768, .T. ) ;
#5134 = VERTEX_POINT ( 'NONE', #9490 ) ;
#5135 = DIRECTION ( 'NONE',  ( 0.000000000000000000, 0.000000000000000000, 1.000000000000000000 ) ) ;
#5136 = AXIS2_PLACEMENT_3D ( 'NONE', #7948, #802, #4321 ) ;
#5137 = CARTESIAN_POINT ( 'NONE',  ( -1.437499999999995337, -0.09021097956086862601, 0.3525000000000004241 ) ) ;
#5138 = DIRECTION ( 'NONE',  ( -0.6499998807689811864, -0.7071067811865475727, -0.2783884965301368641 ) ) ;
#5139 = CARTESIAN_POINT ( 'NONE',  ( 2.595993649053903063, 0.03478902043908665281, 0.9499999999999999556 ) ) ;
#5140 = EDGE_LOOP ( 'NONE', ( #5727, #7170, #1942, #7741 ) ) ;
#5141 = DIRECTION ( 'NONE',  ( 1.000000000000000000, 0.000000000000000000, 0.000000000000000000 ) ) ;
#5142 = VERTEX_POINT ( 'NONE', #4233 ) ;
#5143 = ORIENTED_EDGE ( 'NONE', *, *, #7758, .F. ) ;
#5144 = AXIS2_PLACEMENT_3D ( 'NONE', #5815, #2897, #3412 ) ;
#5145 = CIRCLE ( 'NONE', #3762, 0.4374999999999959477 ) ;
#5146 = ADVANCED_FACE ( 'NONE', ( #7185 ), #2108, .T. ) ;
#5147 = EDGE_CURVE ( 'NONE', #4673, #5364, #3467, .T. ) ;
#5148 = ORIENTED_EDGE ( 'NONE', *, *, #443, .F. ) ;
#5149 = CARTESIAN_POINT ( 'NONE',  ( -2.586229174377006057, -0.4171235458104663452, 0.2500000000000000555 ) ) ;
#5150 = FACE_OUTER_BOUND ( 'NONE', #8888, .T. ) ;
#5151 = AXIS2_PLACEMENT_3D ( 'NONE', #8855, #7367, #2792 ) ;
#5152 = AXIS2_PLACEMENT_3D ( 'NONE', #993, #3880, #6826 ) ;
#5153 =( GEOMETRIC_REPRESENTATION_CONTEXT ( 3 ) GLOBAL_UNCERTAINTY_ASSIGNED_CONTEXT ( ( #6353 ) ) GLOBAL_UNIT_ASSIGNED_CONTEXT ( ( #4784, #1257, #1217 ) ) REPRESENTATION_CONTEXT ( 'NONE', 'WORKASPACE' ) );
#5154 = LINE ( 'NONE', #7970, #6692 ) ;
#5155 = FACE_OUTER_BOUND ( 'NONE', #4728, .T. ) ;
#5156 = ORIENTED_EDGE ( 'NONE', *, *, #1194, .T. ) ;
#5157 = DIRECTION ( 'NONE',  ( -1.000000000000000000, 5.090879084663727145E-14, 0.000000000000000000 ) ) ;
#5158 = ORIENTED_EDGE ( 'NONE', *, *, #850, .T. ) ;
#5159 = DIRECTION ( 'NONE',  ( 1.000000000000000000, -0.000000000000000000, -0.000000000000000000 ) ) ;
#5160 = DIRECTION ( 'NONE',  ( 0.000000000000000000, 0.000000000000000000, -1.000000000000000000 ) ) ;
#5161 = VECTOR ( 'NONE', #5227, 39.37007874015748143 ) ;
#5162 = EDGE_CURVE ( 'NONE', #7018, #5673, #6638, .T. ) ;
#5163 = AXIS2_PLACEMENT_3D ( 'NONE', #4195, #9360, #8061 ) ;
#5164 = VECTOR ( 'NONE', #4515, 39.37007874015748143 ) ;
#5165 = VERTEX_POINT ( 'NONE', #8672 ) ;
#5166 = CONICAL_SURFACE ( 'NONE', #3485, 1.020000000000000018, 0.7853981633974463916 ) ;
#5167 = CARTESIAN_POINT ( 'NONE',  ( -1.859375000000008882, 0.6404979548822717916, 0.6999999999999999556 ) ) ;
#5168 = DIRECTION ( 'NONE',  ( 0.000000000000000000, 0.000000000000000000, 1.000000000000000000 ) ) ;
#5169 = ORIENTED_EDGE ( 'NONE', *, *, #8133, .F. ) ;
#5170 = CARTESIAN_POINT ( 'NONE',  ( 0.000000000000000000, -0.3012499999999982969, 0.000000000000000000 ) ) ;
#5171 = CARTESIAN_POINT ( 'NONE',  ( -2.450391838512697706, 0.2924534376963031646, 0.8038757313803486237 ) ) ;
#5172 = CARTESIAN_POINT ( 'NONE',  ( -1.984375000000010880, 0.6079979548822715962, 0.6642500000000000071 ) ) ;
#5173 = CARTESIAN_POINT ( 'NONE',  ( 2.766250000000001208, -0.1703183294109425483, 0.2599999999999999534 ) ) ;
#5174 = CARTESIAN_POINT ( 'NONE',  ( 1.781250000000008438, -4.038533547303794910E-17, 0.9487499999999929878 ) ) ;
#5175 = VERTEX_POINT ( 'NONE', #6590 ) ;
#5176 =( NAMED_UNIT ( * ) SI_UNIT ( $, .STERADIAN. ) SOLID_ANGLE_UNIT ( ) );
#5177 = AXIS2_PLACEMENT_3D ( 'NONE', #3100, #1674, #7532 ) ;
#5178 = ORIENTED_EDGE ( 'NONE', *, *, #3290, .F. ) ;
#5179 = DIRECTION ( 'NONE',  ( -0.3535533905933644916, 0.6123724356958861748, -0.7071067811864228947 ) ) ;
#5180 = PLANE ( 'NONE',  #235 ) ;
#5181 = VECTOR ( 'NONE', #4162, 39.37007874015747433 ) ;
#5182 = ORIENTED_EDGE ( 'NONE', *, *, #2998, .T. ) ;
#5183 = VECTOR ( 'NONE', #8949, 39.37007874015748143 ) ;
#5184 = DIRECTION ( 'NONE',  ( 0.000000000000000000, 0.000000000000000000, -1.000000000000000000 ) ) ;
#5185 = CARTESIAN_POINT ( 'NONE',  ( 1.953112607851321014, -0.2865761848781310239, 0.9391135601497710983 ) ) ;
#5186 = CARTESIAN_POINT ( 'NONE',  ( 2.463181149053891072, -0.1952489774411230172, 0.6999999999999999556 ) ) ;
#5187 = DIRECTION ( 'NONE',  ( 1.000000000000000000, 0.000000000000000000, 0.000000000000000000 ) ) ;
#5188 = LINE ( 'NONE', #2090, #5808 ) ;
#5189 = CIRCLE ( 'NONE', #4272, 0.06249999999999967387 ) ;
#5190 = CARTESIAN_POINT ( 'NONE',  ( 1.437499999999995337, -0.09021097956086834846, 0.4150000000000000910 ) ) ;
#5191 = CARTESIAN_POINT ( 'NONE',  ( 2.376618649053891197, -0.3451796254713022649, 0.6999999999999999556 ) ) ;
#5192 = ADVANCED_FACE ( 'NONE', ( #8046 ), #8859, .F. ) ;
#5193 = ORIENTED_EDGE ( 'NONE', *, *, #8356, .F. ) ;
#5194 = VERTEX_POINT ( 'NONE', #4373 ) ;
#5195 = DIRECTION ( 'NONE',  ( -0.000000000000000000, -0.000000000000000000, -1.000000000000000000 ) ) ;
#5196 = EDGE_LOOP ( 'NONE', ( #6703, #9331, #1157, #9475, #8691, #4962, #5559, #4358, #1956 ) ) ;
#5197 = ORIENTED_EDGE ( 'NONE', *, *, #9003, .F. ) ;
#5198 = ORIENTED_EDGE ( 'NONE', *, *, #6808, .T. ) ;
#5199 = CARTESIAN_POINT ( 'NONE',  ( -1.769157665914542266, -0.5121629978800764649, 0.5999999999999999778 ) ) ;
#5200 = LINE ( 'NONE', #8162, #4294 ) ;
#5201 = LINE ( 'NONE', #3623, #5293 ) ;
#5202 = PLANE ( 'NONE',  #7469 ) ;
#5203 = ADVANCED_FACE ( 'NONE', ( #5861 ), #8817, .T. ) ;
#5204 = EDGE_CURVE ( 'NONE', #6127, #948, #1607, .T. ) ;
#5205 = ORIENTED_EDGE ( 'NONE', *, *, #1195, .F. ) ;
#5206 = CARTESIAN_POINT ( 'NONE',  ( -2.390625000000005773, 0.6404979548822425928, 0.4150000000000000910 ) ) ;
#5207 = B_SPLINE_CURVE_WITH_KNOTS ( 'NONE', 3,
 ( #1761, #9242, #6240, #3367, #3946, #9064, #2475, #8482, #3235, #6148, #6106, #7763, #7721, #1807 ),
 .UNSPECIFIED., .F., .F.,
 ( 4, 2, 2, 2, 2, 2, 4 ),
 ( 0.000000000000000000, 0.0007337661947641840095, 0.001467532389528368019, 0.001834415486910454928, 0.002201298584292542271, 0.002568181681674629180, 0.002935064779056716523 ),
 .UNSPECIFIED. ) ;
#5208 = VERTEX_POINT ( 'NONE', #2377 ) ;
#5209 = CARTESIAN_POINT ( 'NONE',  ( -2.453125000000005329, 0.6380358307719737887, 0.7349999999999999867 ) ) ;
#5210 = AXIS2_PLACEMENT_3D ( 'NONE', #6062, #3853, #9069 ) ;
#5211 = EDGE_LOOP ( 'NONE', ( #2554, #4823, #6555, #631 ) ) ;
#5212 = DIRECTION ( 'NONE',  ( 0.4999999999999919509, 0.8660254037844432595, -0.000000000000000000 ) ) ;
#5213 = CARTESIAN_POINT ( 'NONE',  ( 1.406249999999996003, -0.03608439182434083903, 0.7849999999999999201 ) ) ;
#5214 = ORIENTED_EDGE ( 'NONE', *, *, #1036, .F. ) ;
#5215 = CARTESIAN_POINT ( 'NONE',  ( -2.298125000000001528, 0.6404979548822472557, 0.2599999999999999534 ) ) ;
#5216 = LINE ( 'NONE', #3117, #6613 ) ;
#5217 = EDGE_CURVE ( 'NONE', #4156, #814, #7483, .T. ) ;
#5218 = CARTESIAN_POINT ( 'NONE',  ( 1.994375000000010889, 0.6079979548822629365, 0.2600000000000000089 ) ) ;
#5219 = ADVANCED_FACE ( 'NONE', ( #1128 ), #6780, .T. ) ;
#5220 = AXIS2_PLACEMENT_3D ( 'NONE', #8004, #1429, #4119 ) ;
#5221 = CARTESIAN_POINT ( 'NONE',  ( -2.812500000000023093, 0.6404979548822424817, 0.6642500000000000071 ) ) ;
#5222 = CARTESIAN_POINT ( 'NONE',  ( -2.125000000000000000, 0.000000000000000000, 0.9499999999999999556 ) ) ;
#5223 = EDGE_LOOP ( 'NONE', ( #5395, #4692, #7193, #578 ) ) ;
#5224 = ADVANCED_FACE ( 'NONE', ( #82 ), #7523, .T. ) ;
#5225 = VECTOR ( 'NONE', #8500, 39.37007874015747433 ) ;
#5226 = ORIENTED_EDGE ( 'NONE', *, *, #5133, .F. ) ;
#5227 = DIRECTION ( 'NONE',  ( -1.000000000000000000, 0.000000000000000000, 0.000000000000000000 ) ) ;
#5228 = EDGE_CURVE ( 'NONE', #7827, #7525, #5012, .T. ) ;
#5229 = DIRECTION ( 'NONE',  ( 0.4999999999999972800, -0.8660254037844402619, 0.000000000000000000 ) ) ;
#5230 = ORIENTED_EDGE ( 'NONE', *, *, #4500, .T. ) ;
#5231 = CIRCLE ( 'NONE', #6927, 0.1124999999999999611 ) ;
#5232 = DIRECTION ( 'NONE',  ( 1.000000000000000000, 0.000000000000000000, 0.000000000000000000 ) ) ;
#5233 = CARTESIAN_POINT ( 'NONE',  ( 2.766249999999998987, -0.1703183294109464618, 0.6999999999999999556 ) ) ;
#5234 = CARTESIAN_POINT ( 'NONE',  ( 1.167433081593972632, -0.3012499999999982969, 0.2175000000000025524 ) ) ;
#5235 = CARTESIAN_POINT ( 'NONE',  ( 2.487700201892215635, -0.3717848224071854113, 0.5999999999999999778 ) ) ;
#5236 = DIRECTION ( 'NONE',  ( -1.865610830299460874E-15, 1.000000000000000000, 0.000000000000000000 ) ) ;
#5237 = LINE ( 'NONE', #3884, #534 ) ;
#5238 = EDGE_LOOP ( 'NONE', ( #580, #9308, #24, #8350 ) ) ;
#5239 = ORIENTED_EDGE ( 'NONE', *, *, #2308, .F. ) ;
#5240 = ORIENTED_EDGE ( 'NONE', *, *, #3521, .F. ) ;
#5241 = DIRECTION ( 'NONE',  ( -0.000000000000000000, -0.000000000000000000, -1.000000000000000000 ) ) ;
#5242 = ORIENTED_EDGE ( 'NONE', *, *, #668, .F. ) ;
#5243 = AXIS2_PLACEMENT_3D ( 'NONE', #2904, #2148, #811 ) ;
#5244 = EDGE_CURVE ( 'NONE', #704, #3660, #229, .T. ) ;
#5245 = ORIENTED_EDGE ( 'NONE', *, *, #3959, .F. ) ;
#5246 = CARTESIAN_POINT ( 'NONE',  ( 1.949003410777099488, -0.2582360068019100008, 0.2509675856017753448 ) ) ;
#5247 = DIRECTION ( 'NONE',  ( 0.000000000000000000, 0.000000000000000000, 1.000000000000000000 ) ) ;
#5248 = FACE_OUTER_BOUND ( 'NONE', #4847, .T. ) ;
#5249 = CARTESIAN_POINT ( 'NONE',  ( 1.859375000000030198, 0.4058214234295524081, 0.5357500000000000595 ) ) ;
#5250 = VERTEX_POINT ( 'NONE', #5277 ) ;
#5251 = CARTESIAN_POINT ( 'NONE',  ( -1.167433081593972855, 0.3012499999999982969, 0.4999999999999996114 ) ) ;
#5252 = CIRCLE ( 'NONE', #1750, 0.06424999999999986278 ) ;
#5253 = ORIENTED_EDGE ( 'NONE', *, *, #1954, .F. ) ;
#5254 = EDGE_CURVE ( 'NONE', #6364, #5175, #2987, .T. ) ;
#5255 = ORIENTED_EDGE ( 'NONE', *, *, #9090, .F. ) ;
#5256 = DIRECTION ( 'NONE',  ( -7.249756350802272209E-14, -1.000000000000000000, 0.000000000000000000 ) ) ;
#5257 = CARTESIAN_POINT ( 'NONE',  ( 2.265624999999999556, 0.4058214234295524081, 0.6642500000000000071 ) ) ;
#5258 = CARTESIAN_POINT ( 'NONE',  ( 2.390625000000005773, 0.4058214234295524081, 0.6642500000000000071 ) ) ;
#5259 = CARTESIAN_POINT ( 'NONE',  ( -2.390625000000005773, 0.3476343040825996544, 0.8474999999999995870 ) ) ;
#5260 = CARTESIAN_POINT ( 'NONE',  ( -2.125000000000000000, 0.000000000000000000, 0.2500000000000000555 ) ) ;
#5261 = LINE ( 'NONE', #933, #7928 ) ;
#5262 = LINE ( 'NONE', #8275, #7623 ) ;
#5263 = EDGE_CURVE ( 'NONE', #191, #9109, #2722, .T. ) ;
#5264 = EDGE_LOOP ( 'NONE', ( #1291, #8784, #7099, #4039, #1188, #8285 ) ) ;
#5265 = DIRECTION ( 'NONE',  ( 0.8660254037844353769, -0.5000000000000055511, 0.000000000000000000 ) ) ;
#5266 = AXIS2_PLACEMENT_3D ( 'NONE', #7704, #1174, #4069 ) ;
#5267 = PLANE ( 'NONE',  #2972 ) ;
#5268 = EDGE_LOOP ( 'NONE', ( #6694, #4240, #6628, #4578, #4819, #562 ) ) ;
#5269 = LINE ( 'NONE', #3932, #4214 ) ;
#5270 = CARTESIAN_POINT ( 'NONE',  ( 1.167433081593972855, -0.3012499999999982969, 0.5000000000000002220 ) ) ;
#5271 = DIRECTION ( 'NONE',  ( -0.4999999999999893974, 0.8660254037844448138, 0.000000000000000000 ) ) ;
#5272 = CARTESIAN_POINT ( 'NONE',  ( 2.390625000000005329, 0.3476343040825998765, 0.3525000000000004241 ) ) ;
#5273 = EDGE_CURVE ( 'NONE', #8593, #1772, #135, .T. ) ;
#5274 = ADVANCED_FACE ( 'NONE', ( #1612 ), #5957, .F. ) ;
#5275 = EDGE_LOOP ( 'NONE', ( #5083, #7732, #3678, #6936 ) ) ;
#5276 = CARTESIAN_POINT ( 'NONE',  ( -2.721854174377007496, -0.1822141550339411165, 0.9499999999999999556 ) ) ;
#5277 = CARTESIAN_POINT ( 'NONE',  ( -1.776589780658681894, -0.2382494887205523215, 0.000000000000000000 ) ) ;
#5278 = AXIS2_PLACEMENT_3D ( 'NONE', #8667, #5764, #6336 ) ;
#5279 = VECTOR ( 'NONE', #7854, 39.37007874015748143 ) ;
#5280 = CARTESIAN_POINT ( 'NONE',  ( -1.194374999999987752, 0.000000000000000000, 0.2500000000000000555 ) ) ;
#5281 = VERTEX_POINT ( 'NONE', #3092 ) ;
#5282 = DIRECTION ( 'NONE',  ( 0.000000000000000000, 0.000000000000000000, 1.000000000000000000 ) ) ;
#5283 = ORIENTED_EDGE ( 'NONE', *, *, #904, .F. ) ;
#5284 = VECTOR ( 'NONE', #1041, 39.37007874015748143 ) ;
#5285 = AXIS2_PLACEMENT_3D ( 'NONE', #4648, #7750, #3399 ) ;
#5286 = VERTEX_POINT ( 'NONE', #5910 ) ;
#5287 = ORIENTED_EDGE ( 'NONE', *, *, #6247, .T. ) ;
#5288 = DIRECTION ( 'NONE',  ( 1.000000000000000000, 1.865610830299460874E-15, -0.000000000000000000 ) ) ;
#5289 = DIRECTION ( 'NONE',  ( -0.5000000000000041078, 0.8660254037844362651, 0.000000000000000000 ) ) ;
#5290 = CARTESIAN_POINT ( 'NONE',  ( -2.190312499999974349, 0.1131245683693124782, 0.2600000000000000089 ) ) ;
#5291 = DIRECTION ( 'NONE',  ( 0.000000000000000000, 0.000000000000000000, -1.000000000000000000 ) ) ;
#5292 = ORIENTED_EDGE ( 'NONE', *, *, #535, .F. ) ;
#5293 = VECTOR ( 'NONE', #5732, 39.37007874015748854 ) ;
#5294 = DIRECTION ( 'NONE',  ( 0.4999999999999923950, 0.8660254037844430375, 0.000000000000000000 ) ) ;
#5295 = CIRCLE ( 'NONE', #9008, 0.06424999999999998768 ) ;
#5296 = CONICAL_SURFACE ( 'NONE', #8085, 0.3449999999999983635, 0.7853981633974514986 ) ;
#5297 = ORIENTED_EDGE ( 'NONE', *, *, #2977, .F. ) ;
#5298 = ORIENTED_EDGE ( 'NONE', *, *, #3992, .T. ) ;
#5299 = VECTOR ( 'NONE', #1334, 39.37007874015748143 ) ;
#5300 = DIRECTION ( 'NONE',  ( -1.000000000000000000, 7.249756350802272209E-14, 0.000000000000000000 ) ) ;
#5301 = FACE_OUTER_BOUND ( 'NONE', #4769, .T. ) ;
#5302 = LINE ( 'NONE', #6208, #115 ) ;
#5303 = DIRECTION ( 'NONE',  ( 5.090879084663727145E-14, 1.000000000000000000, -0.000000000000000000 ) ) ;
#5304 = CARTESIAN_POINT ( 'NONE',  ( -1.466377322248893833, -0.04905498685810558146, 0.8439418834258907154 ) ) ;
#5305 = EDGE_CURVE ( 'NONE', #9363, #4384, #8960, .T. ) ;
#5306 = ADVANCED_FACE ( 'NONE', ( #8870 ), #130, .F. ) ;
#5307 = CARTESIAN_POINT ( 'NONE',  ( 2.125000000000000000, 0.000000000000000000, 0.9499999999999999556 ) ) ;
#5308 = ORIENTED_EDGE ( 'NONE', *, *, #5074, .T. ) ;
#5309 = ORIENTED_EDGE ( 'NONE', *, *, #1342, .F. ) ;
#5310 = ORIENTED_EDGE ( 'NONE', *, *, #7874, .F. ) ;
#5311 = LINE ( 'NONE', #1034, #2881 ) ;
#5312 = AXIS2_PLACEMENT_3D ( 'NONE', #503, #1264, #6914 ) ;
#5313 = PLANE ( 'NONE',  #1563 ) ;
#5314 = CARTESIAN_POINT ( 'NONE',  ( -1.712339780658681754, -0.2382494887205523215, 0.000000000000000000 ) ) ;
#5315 = ADVANCED_FACE ( 'NONE', ( #7745 ), #6051, .F. ) ;
#5316 = ADVANCED_FACE ( 'NONE', ( #4517 ), #903, .F. ) ;
#5317 = ADVANCED_FACE ( 'NONE', ( #4018 ), #1661, .F. ) ;
#5318 = ORIENTED_EDGE ( 'NONE', *, *, #6919, .T. ) ;
#5319 = CARTESIAN_POINT ( 'NONE',  ( 2.515624999999995559, -0.6044135630578968410, 0.7849999999999999201 ) ) ;
#5320 = DIRECTION ( 'NONE',  ( -0.000000000000000000, -0.000000000000000000, -1.000000000000000000 ) ) ;
#5321 = DIRECTION ( 'NONE',  ( 0.5000000000000041078, 0.8660254037844362651, 0.000000000000000000 ) ) ;
#5322 = AXIS2_PLACEMENT_3D ( 'NONE', #4406, #8700, #2121 ) ;
#5323 = FACE_OUTER_BOUND ( 'NONE', #8635, .T. ) ;
#5324 = VERTEX_POINT ( 'NONE', #2604 ) ;
#5325 = ORIENTED_EDGE ( 'NONE', *, *, #6636, .F. ) ;
#5326 = FACE_OUTER_BOUND ( 'NONE', #2455, .T. ) ;
#5327 = DIRECTION ( 'NONE',  ( 1.000000000000000000, -0.000000000000000000, -0.000000000000000000 ) ) ;
#5328 = ADVANCED_FACE ( 'NONE', ( #3794 ), #5511, .T. ) ;
#5329 = ORIENTED_EDGE ( 'NONE', *, *, #1287, .T. ) ;
#5330 = ORIENTED_EDGE ( 'NONE', *, *, #496, .F. ) ;
#5331 = DIRECTION ( 'NONE',  ( -1.000000000000000000, 0.000000000000000000, 3.122111992759186067E-16 ) ) ;
#5332 = EDGE_CURVE ( 'NONE', #7194, #2671, #7059, .T. ) ;
#5333 = ORIENTED_EDGE ( 'NONE', *, *, #7852, .F. ) ;
#5334 = CARTESIAN_POINT ( 'NONE',  ( 2.394958643387004482, 0.3442841362961510665, 0.6190785628808893604 ) ) ;
#5335 = AXIS2_PLACEMENT_3D ( 'NONE', #8628, #2094, #7861 ) ;
#5336 = EDGE_CURVE ( 'NONE', #7098, #6287, #9167, .T. ) ;
#5337 = ORIENTED_EDGE ( 'NONE', *, *, #9205, .F. ) ;
#5338 = EDGE_LOOP ( 'NONE', ( #8962, #213, #3569, #8643 ) ) ;
#5339 =( GEOMETRIC_REPRESENTATION_CONTEXT ( 3 ) GLOBAL_UNCERTAINTY_ASSIGNED_CONTEXT ( ( #4150 ) ) GLOBAL_UNIT_ASSIGNED_CONTEXT ( ( #7016, #5558, #413 ) ) REPRESENTATION_CONTEXT ( 'NONE', 'WORKASPACE' ) );
#5340 = CARTESIAN_POINT ( 'NONE',  ( 1.946727650601170811, -0.2566767611359557222, 0.2500000000000000000 ) ) ;
#5341 = CARTESIAN_POINT ( 'NONE',  ( 1.880441930300842390, -0.4479129978800760470, 0.5999999999999999778 ) ) ;
#5342 = CARTESIAN_POINT ( 'NONE',  ( 1.703124999999971134, -0.5502869753213720516, 2.731847993664263218E-16 ) ) ;
#5343 = DIRECTION ( 'NONE',  ( 4.535261055593764468E-14, 1.000000000000000000, 0.000000000000000000 ) ) ;
#5344 = ORIENTED_EDGE ( 'NONE', *, *, #1355, .T. ) ;
#5345 = AXIS2_PLACEMENT_3D ( 'NONE', #2143, #9437, #134 ) ;
#5346 = FACE_OUTER_BOUND ( 'NONE', #6576, .T. ) ;
#5347 = VERTEX_POINT ( 'NONE', #1924 ) ;
#5348 = VERTEX_POINT ( 'NONE', #6429 ) ;
#5349 = DIRECTION ( 'NONE',  ( -1.000000000000000000, 5.090879084663727145E-14, 0.000000000000000000 ) ) ;
#5350 = FACE_OUTER_BOUND ( 'NONE', #3888, .T. ) ;
#5351 = CYLINDRICAL_SURFACE ( 'NONE', #5471, 0.2500000000000000000 ) ;
#5352 = FACE_OUTER_BOUND ( 'NONE', #61, .T. ) ;
#5353 = CARTESIAN_POINT ( 'NONE',  ( -2.498030605032921070, -0.5418131503715359898, 0.8452727038963769868 ) ) ;
#5354 = DIRECTION ( 'NONE',  ( 1.000000000000000000, 8.405686134351793218E-15, 0.000000000000000000 ) ) ;
#5355 =( CONVERSION_BASED_UNIT ( 'INCH', #3165 ) LENGTH_UNIT ( ) NAMED_UNIT ( #457 ) );
#5356 = VERTEX_POINT ( 'NONE', #4163 ) ;
#5357 = ORIENTED_EDGE ( 'NONE', *, *, #4926, .T. ) ;
#5358 = EDGE_CURVE ( 'NONE', #7570, #532, #505, .T. ) ;
#5359 = VERTEX_POINT ( 'NONE', #7159 ) ;
#5360 = LINE ( 'NONE', #6770, #5161 ) ;
#5361 = VECTOR ( 'NONE', #6452, 39.37007874015748143 ) ;
#5362 = DIRECTION ( 'NONE',  ( -0.000000000000000000, -1.000000000000000000, -0.000000000000000000 ) ) ;
#5363 = CARTESIAN_POINT ( 'NONE',  ( -2.125000000000000000, 0.000000000000000000, 0.9499999999999999556 ) ) ;
#5364 = VERTEX_POINT ( 'NONE', #3496 ) ;
#5365 =( CONVERSION_BASED_UNIT ( 'INCH', #942 ) LENGTH_UNIT ( ) NAMED_UNIT ( #6301 ) );
#5366 = AXIS2_PLACEMENT_3D ( 'NONE', #2460, #8729, #2147 ) ;
#5367 = CARTESIAN_POINT ( 'NONE',  ( 2.265624999999998668, 0.2790714234295562646, 0.2600000000000002309 ) ) ;
#5368 = EDGE_LOOP ( 'NONE', ( #6159, #2054 ) ) ;
#5369 = ORIENTED_EDGE ( 'NONE', *, *, #3509, .F. ) ;
#5370 = EDGE_CURVE ( 'NONE', #3258, #1204, #3396, .T. ) ;
#5371 = EDGE_CURVE ( 'NONE', #6814, #3871, #9369, .T. ) ;
#5372 = CARTESIAN_POINT ( 'NONE',  ( 7.214284512145354791E-17, -0.3012499999999982969, 0.2175000000000029410 ) ) ;
#5373 = DIMENSIONAL_EXPONENTS ( 1.000000000000000000, 0.000000000000000000, 0.000000000000000000, 0.000000000000000000, 0.000000000000000000, 0.000000000000000000, 0.000000000000000000 ) ;
#5374 = AXIS2_PLACEMENT_3D ( 'NONE', #4196, #2059, #8599 ) ;
#5375 = CARTESIAN_POINT ( 'NONE',  ( -1.956752361437507526, -0.4038551499215299323, 0.9499999999999999556 ) ) ;
#5376 = ORIENTED_EDGE ( 'NONE', *, *, #850, .F. ) ;
#5377 = DIRECTION ( 'NONE',  ( 0.4999999999999987232, 0.8660254037844393737, 0.000000000000000000 ) ) ;
#5378 = VERTEX_POINT ( 'NONE', #2683 ) ;
#5379 = DIRECTION ( 'NONE',  ( 0.4999999999999987232, -0.8660254037844393737, 0.000000000000000000 ) ) ;
#5380 = ORIENTED_EDGE ( 'NONE', *, *, #7103, .F. ) ;
#5381 = EDGE_CURVE ( 'NONE', #5324, #2997, #5779, .T. ) ;
#5382 = EDGE_CURVE ( 'NONE', #346, #948, #6317, .T. ) ;
#5383 = ORIENTED_EDGE ( 'NONE', *, *, #1030, .T. ) ;
#5384 = DIRECTION ( 'NONE',  ( 0.000000000000000000, 0.000000000000000000, 1.000000000000000000 ) ) ;
#5385 = DIRECTION ( 'NONE',  ( 0.000000000000000000, 0.000000000000000000, 1.000000000000000000 ) ) ;
#5386 = CARTESIAN_POINT ( 'NONE',  ( -1.968749999999999778, -0.2706329386826341055, 0.9175000000000006484 ) ) ;
#5387 = ORIENTED_EDGE ( 'NONE', *, *, #3894, .T. ) ;
#5388 = DIRECTION ( 'NONE',  ( -1.000000000000000000, 0.000000000000000000, 0.000000000000000000 ) ) ;
#5389 = EDGE_CURVE ( 'NONE', #5663, #3628, #2280, .T. ) ;
#5390 = ORIENTED_EDGE ( 'NONE', *, *, #9285, .T. ) ;
#5391 = ORIENTED_EDGE ( 'NONE', *, *, #6361, .T. ) ;
#5392 = VECTOR ( 'NONE', #389, 39.37007874015748143 ) ;
#5393 = EDGE_CURVE ( 'NONE', #9436, #2192, #1979, .T. ) ;
#5394 = CARTESIAN_POINT ( 'NONE',  ( 1.533145825622967307, -0.1908744090717874597, 0.2600000000000000089 ) ) ;
#5395 = ORIENTED_EDGE ( 'NONE', *, *, #9037, .T. ) ;
#5396 = DIRECTION ( 'NONE',  ( 1.000000000000000000, 0.000000000000000000, -0.000000000000000000 ) ) ;
#5397 = CARTESIAN_POINT ( 'NONE',  ( -2.546874999999995559, -0.5502869753213696091, 0.7350000000000000977 ) ) ;
#5398 = MECHANICAL_DESIGN_GEOMETRIC_PRESENTATION_REPRESENTATION (  '', ( #6788 ), #3115 ) ;
#5399 = DIRECTION ( 'NONE',  ( 0.9659258262890686453, -0.2588190451025195737, 0.000000000000000000 ) ) ;
#5400 = DIRECTION ( 'NONE',  ( -2.185478394931412547E-15, -0.000000000000000000, 1.000000000000000000 ) ) ;
#5401 = FACE_BOUND ( 'NONE', #75, .T. ) ;
#5402 = EDGE_CURVE ( 'NONE', #1458, #3274, #7931, .T. ) ;
#5403 = CARTESIAN_POINT ( 'NONE',  ( 1.813004557839720920, -0.01775088930758956032, 0.2600000000000002309 ) ) ;
#5404 =( NAMED_UNIT ( * ) SI_UNIT ( $, .STERADIAN. ) SOLID_ANGLE_UNIT ( ) );
#5405 = ORIENTED_EDGE ( 'NONE', *, *, #9173, .F. ) ;
#5406 = CIRCLE ( 'NONE', #6484, 0.06424999999999973788 ) ;
#5407 = VERTEX_POINT ( 'NONE', #461 ) ;
#5408 = LINE ( 'NONE', #938, #4866 ) ;
#5409 = CARTESIAN_POINT ( 'NONE',  ( -2.453125000000005329, 0.3904979548822426483, 0.6999999999999999556 ) ) ;
#5410 = DIRECTION ( 'NONE',  ( -0.8660254037844447028, 0.4999999999999896194, 0.000000000000000000 ) ) ;
#5411 = AXIS2_PLACEMENT_3D ( 'NONE', #7896, #6483, #800 ) ;
#5412 = ORIENTED_EDGE ( 'NONE', *, *, #329, .T. ) ;
#5413 = DIRECTION ( 'NONE',  ( 0.8660254037844795638, 0.4999999999999292233, 0.000000000000000000 ) ) ;
#5414 = CARTESIAN_POINT ( 'NONE',  ( 2.609374999999999112, -0.4420337998483104269, 0.6999999999999999556 ) ) ;
#5415 = EDGE_CURVE ( 'NONE', #5805, #1950, #3026, .T. ) ;
#5416 = DIRECTION ( 'NONE',  ( -0.8660254037844431485, 0.4999999999999918954, -0.000000000000000000 ) ) ;
#5417 = VECTOR ( 'NONE', #7161, 39.37007874015748143 ) ;
#5418 = ORIENTED_EDGE ( 'NONE', *, *, #5305, .F. ) ;
#5419 = CARTESIAN_POINT ( 'NONE',  ( -2.812500000000023093, 0.6404979548822424817, 0.5357500000000000595 ) ) ;
#5420 = CARTESIAN_POINT ( 'NONE',  ( -0.8325000000000002398, 0.1762500000000011557, 0.000000000000000000 ) ) ;
#5421 = VERTEX_POINT ( 'NONE', #8608 ) ;
#5422 = PLANE ( 'NONE',  #1026 ) ;
#5423 = VERTEX_POINT ( 'NONE', #2024 ) ;
#5424 = ADVANCED_FACE ( 'NONE', ( #7841 ), #8103, .T. ) ;
#5425 = DIRECTION ( 'NONE',  ( -0.5000000000000041078, 0.8660254037844362651, 0.000000000000000000 ) ) ;
#5426 = ORIENTED_EDGE ( 'NONE', *, *, #2352, .T. ) ;
#5427 = ORIENTED_EDGE ( 'NONE', *, *, #1927, .F. ) ;
#5428 = AXIS2_PLACEMENT_3D ( 'NONE', #6888, #2517, #2617 ) ;
#5429 = AXIS2_PLACEMENT_3D ( 'NONE', #2193, #675, #6549 ) ;
#5430 = PLANE ( 'NONE',  #8591 ) ;
#5431 = DIRECTION ( 'NONE',  ( 0.4999999999999923395, 0.8660254037844429265, 0.000000000000000000 ) ) ;
#5432 = CARTESIAN_POINT ( 'NONE',  ( 0.000000000000000000, -0.1762500000000011557, 0.000000000000000000 ) ) ;
#5433 = EDGE_LOOP ( 'NONE', ( #7436, #2007, #5182, #2917 ) ) ;
#5434 = LINE ( 'NONE', #7583, #3732 ) ;
#5435 = ORIENTED_EDGE ( 'NONE', *, *, #3028, .T. ) ;
#5436 = ORIENTED_EDGE ( 'NONE', *, *, #4848, .F. ) ;
#5437 = ADVANCED_FACE ( 'NONE', ( #7981 ), #1405, .F. ) ;
#5438 = EDGE_CURVE ( 'NONE', #2995, #9165, #4934, .T. ) ;
#5439 = AXIS2_PLACEMENT_3D ( 'NONE', #5222, #113, #794 ) ;
#5440 = VECTOR ( 'NONE', #3737, 39.37007874015748854 ) ;
#5441 = VERTEX_POINT ( 'NONE', #7885 ) ;
#5442 = CARTESIAN_POINT ( 'NONE',  ( -2.211547108317881705, -0.4288541104406127791, 0.4100878509056114507 ) ) ;
#5443 = DIRECTION ( 'NONE',  ( 0.000000000000000000, 0.000000000000000000, -1.000000000000000000 ) ) ;
#5444 = AXIS2_PLACEMENT_3D ( 'NONE', #2212, #8175, #5799 ) ;
#5445 = VECTOR ( 'NONE', #4062, 39.37007874015748143 ) ;
#5446 = VECTOR ( 'NONE', #5888, 39.37007874015747433 ) ;
#5447 = DIRECTION ( 'NONE',  ( 0.2588190451025417227, 0.9659258262890627611, 0.000000000000000000 ) ) ;
#5448 = DIRECTION ( 'NONE',  ( 0.000000000000000000, 0.000000000000000000, 1.000000000000000000 ) ) ;
#5449 = CARTESIAN_POINT ( 'NONE',  ( -1.654006350946105819, 0.03478902043912990294, 0.9499999999999999556 ) ) ;
#5450 = ADVANCED_FACE ( 'NONE', ( #1311 ), #4206, .F. ) ;
#5451 = FACE_OUTER_BOUND ( 'NONE', #44, .T. ) ;
#5452 = ADVANCED_FACE ( 'NONE', ( #3543 ), #7009, .T. ) ;
#5453 = DIRECTION ( 'NONE',  ( 0.5000000000000039968, 0.8660254037844362651, -0.000000000000000000 ) ) ;
#5454 = ORIENTED_EDGE ( 'NONE', *, *, #6361, .F. ) ;
#5455 = AXIS2_PLACEMENT_3D ( 'NONE', #4279, #6490, #7900 ) ;
#5456 = VECTOR ( 'NONE', #5159, 39.37007874015748143 ) ;
#5457 = VERTEX_POINT ( 'NONE', #8237 ) ;
#5458 = EDGE_LOOP ( 'NONE', ( #3029, #2892, #9352, #7485 ) ) ;
#5459 = CARTESIAN_POINT ( 'NONE',  ( 1.951875000000012683, 0.6404979548822650193, 0.2500000000000000555 ) ) ;
#5460 = DIRECTION ( 'NONE',  ( 1.000000000000000000, 1.865610830299460874E-15, -0.000000000000000000 ) ) ;
#5461 = CARTESIAN_POINT ( 'NONE',  ( 2.303268710655843154, -0.2566793367103619161, 0.2499999999999999722 ) ) ;
#5462 = VECTOR ( 'NONE', #3684, 39.37007874015748854 ) ;
#5463 = VECTOR ( 'NONE', #3227, 39.37007874015748143 ) ;
#5464 = DIRECTION ( 'NONE',  ( -0.7071067811865467956, -0.7071067811865482389, -0.000000000000000000 ) ) ;
#5465 = ORIENTED_EDGE ( 'NONE', *, *, #3011, .F. ) ;
#5466 = LINE ( 'NONE', #1929, #5593 ) ;
#5467 = CARTESIAN_POINT ( 'NONE',  ( 1.994375000000012443, 0.6404979548822627988, 0.2175000000000000266 ) ) ;
#5468 = FACE_OUTER_BOUND ( 'NONE', #2136, .T. ) ;
#5469 = CARTESIAN_POINT ( 'NONE',  ( 2.038437500000002345, 0.1499306480301810518, 0.9499999999999999556 ) ) ;
#5470 = AXIS2_PLACEMENT_3D ( 'NONE', #8082, #8141, #8662 ) ;
#5471 = AXIS2_PLACEMENT_3D ( 'NONE', #6075, #3914, #6861 ) ;
#5472 = ORIENTED_EDGE ( 'NONE', *, *, #8363, .T. ) ;
#5473 = LINE ( 'NONE', #5561, #2859 ) ;
#5474 = CARTESIAN_POINT ( 'NONE',  ( 2.080500000000000238, 0.4764989774411177437, 0.2500000000000000555 ) ) ;
#5475 = ORIENTED_EDGE ( 'NONE', *, *, #2220, .T. ) ;
#5476 = AXIS2_PLACEMENT_3D ( 'NONE', #8316, #7543, #1588 ) ;
#5477 = CARTESIAN_POINT ( 'NONE',  ( -2.750000000000022649, -0.1984641550339512339, 0.2599999999999999534 ) ) ;
#5478 = CYLINDRICAL_SURFACE ( 'NONE', #7611, 0.2500000000000000000 ) ;
#5479 = DIRECTION ( 'NONE',  ( -0.000000000000000000, 0.000000000000000000, -1.000000000000000000 ) ) ;
#5480 = VERTEX_POINT ( 'NONE', #180 ) ;
#5481 = VECTOR ( 'NONE', #6569, 39.37007874015748143 ) ;
#5482 = ORIENTED_EDGE ( 'NONE', *, *, #8119, .T. ) ;
#5483 = EDGE_CURVE ( 'NONE', #2391, #8479, #8716, .T. ) ;
#5484 = DIRECTION ( 'NONE',  ( -0.000000000000000000, -0.000000000000000000, -1.000000000000000000 ) ) ;
#5485 = DIRECTION ( 'NONE',  ( -4.521679437788863121E-14, 1.000000000000000000, 0.000000000000000000 ) ) ;
#5486 = CARTESIAN_POINT ( 'NONE',  ( -2.298124999999998419, 0.3904979548822426483, 0.9499999999999999556 ) ) ;
#5487 = VERTEX_POINT ( 'NONE', #6050 ) ;
#5488 = DIRECTION ( 'NONE',  ( 1.000000000000000000, 0.000000000000000000, 0.000000000000000000 ) ) ;
#5489 = EDGE_LOOP ( 'NONE', ( #545, #6778, #4177, #8293 ) ) ;
#5490 = ORIENTED_EDGE ( 'NONE', *, *, #2286, .F. ) ;
#5491 = AXIS2_PLACEMENT_3D ( 'NONE', #3372, #9206, #3327 ) ;
#5492 = ORIENTED_EDGE ( 'NONE', *, *, #1169, .T. ) ;
#5493 = ADVANCED_FACE ( 'NONE', ( #2468, #6099 ), #1711, .F. ) ;
#5494 = EDGE_CURVE ( 'NONE', #8762, #2304, #9373, .T. ) ;
#5495 = LINE ( 'NONE', #6996, #1078 ) ;
#5496 = CARTESIAN_POINT ( 'NONE',  ( 2.390625000000005773, 0.6404979548822424817, 0.6642500000000000071 ) ) ;
#5497 = VECTOR ( 'NONE', #7374, 39.37007874015748143 ) ;
#5498 = CARTESIAN_POINT ( 'NONE',  ( 1.994375000000010889, 0.6079979548822630475, 0.2500000000000000555 ) ) ;
#5499 = DIRECTION ( 'NONE',  ( 0.5000000000000445199, 0.8660254037844129504, 0.000000000000000000 ) ) ;
#5500 = DIRECTION ( 'NONE',  ( 0.5000000000000041078, -0.8660254037844363761, -0.000000000000000000 ) ) ;
#5501 = CARTESIAN_POINT ( 'NONE',  ( 2.125000000000000000, 0.4764989774411177437, 0.2500000000000000555 ) ) ;
#5502 = DIRECTION ( 'NONE',  ( -1.000000000000000000, 0.000000000000000000, 2.185478394931429902E-15 ) ) ;
#5503 = ORIENTED_EDGE ( 'NONE', *, *, #2766, .F. ) ;
#5504 = B_SPLINE_CURVE_WITH_KNOTS ( 'NONE', 3,
 ( #8245, #1758, #2516, #8198, #8963, #2338 ),
 .UNSPECIFIED., .F., .F.,
 ( 4, 2, 4 ),
 ( 8.673617379884035472E-19, 0.0002093745834697657664, 0.0004187491669395306654 ),
 .UNSPECIFIED. ) ;
#5505 = ORIENTED_EDGE ( 'NONE', *, *, #8945, .F. ) ;
#5506 = EDGE_CURVE ( 'NONE', #637, #1160, #2425, .T. ) ;
#5507 = VERTEX_POINT ( 'NONE', #6883 ) ;
#5508 = ADVANCED_FACE ( 'NONE', ( #5326 ), #2376, .T. ) ;
#5509 = DIRECTION ( 'NONE',  ( -0.8660254037844441477, -0.4999999999999903411, 0.000000000000000000 ) ) ;
#5510 = EDGE_CURVE ( 'NONE', #26, #4746, #8294, .T. ) ;
#5511 = CYLINDRICAL_SURFACE ( 'NONE', #7945, 0.06249999999999967387 ) ;
#5512 = CARTESIAN_POINT ( 'NONE',  ( 2.297506576704451575, -0.2605805172054203589, 0.2545603832415576084 ) ) ;
#5513 = LINE ( 'NONE', #6961, #6967 ) ;
#5514 = DIRECTION ( 'NONE',  ( -0.4999999999999893974, 0.8660254037844449249, 0.000000000000000000 ) ) ;
#5515 = ADVANCED_FACE ( 'NONE', ( #6830 ), #4567, .F. ) ;
#5516 = SURFACE_SIDE_STYLE ('',( #4750 ) ) ;
#5517 = CIRCLE ( 'NONE', #3685, 0.009999999999999995004 ) ;
#5518 = ORIENTED_EDGE ( 'NONE', *, *, #7230, .F. ) ;
#5519 = EDGE_LOOP ( 'NONE', ( #9117, #7182, #6656, #6156, #7390, #9153, #1696, #7301, #316, #9179, #5390, #7397, #5357, #6049, #5855, #525, #7129 ) ) ;
#5520 = EDGE_CURVE ( 'NONE', #99, #202, #332, .T. ) ;
#5521 = CARTESIAN_POINT ( 'NONE',  ( 2.515624999999995559, -0.6044135630578968410, 0.4650000000000000799 ) ) ;
#5522 = CARTESIAN_POINT ( 'NONE',  ( -1.712339780658681754, -0.2382494887205523215, 0.1944947243515862401 ) ) ;
#5523 = ORIENTED_EDGE ( 'NONE', *, *, #2713, .F. ) ;
#5524 = DIRECTION ( 'NONE',  ( 0.000000000000000000, 0.000000000000000000, 1.000000000000000000 ) ) ;
#5525 = VECTOR ( 'NONE', #9045, 39.37007874015747433 ) ;
#5526 = EDGE_LOOP ( 'NONE', ( #9055, #6438, #8261, #3061 ) ) ;
#5527 = CARTESIAN_POINT ( 'NONE',  ( -1.968749999999999778, -0.2706329386826341055, 0.000000000000000000 ) ) ;
#5528 = ORIENTED_EDGE ( 'NONE', *, *, #7364, .F. ) ;
#5529 = VERTEX_POINT ( 'NONE', #3939 ) ;
#5530 = VECTOR ( 'NONE', #4495, 39.37007874015748143 ) ;
#5531 = CARTESIAN_POINT ( 'NONE',  ( -1.167433081593972855, 0.3012499999999982969, 0.4999999999999996114 ) ) ;
#5532 = CARTESIAN_POINT ( 'NONE',  ( 2.390625000000005773, 0.5923487661265872672, 0.8474999999999995870 ) ) ;
#5533 = CARTESIAN_POINT ( 'NONE',  ( -1.419374999999987619, 1.377727649040771927E-17, 0.2500000000000000555 ) ) ;
#5534 = ORIENTED_EDGE ( 'NONE', *, *, #3104, .F. ) ;
#5535 = DIRECTION ( 'NONE',  ( -1.000000000000000000, 1.865610830299460874E-15, 0.000000000000000000 ) ) ;
#5536 = VERTEX_POINT ( 'NONE', #1660 ) ;
#5537 = ORIENTED_EDGE ( 'NONE', *, *, #2232, .F. ) ;
#5538 = EDGE_CURVE ( 'NONE', #5134, #8586, #6139, .T. ) ;
#5539 = ORIENTED_EDGE ( 'NONE', *, *, #4215, .F. ) ;
#5540 = ORIENTED_EDGE ( 'NONE', *, *, #4955, .F. ) ;
#5541 = CARTESIAN_POINT ( 'NONE',  ( -2.275330505353885702, -0.4109673163000679974, 0.3538915543536296227 ) ) ;
#5542 = CARTESIAN_POINT ( 'NONE',  ( -1.483749999999971925, -0.1703183294109479051, 0.9499999999999999556 ) ) ;
#5543 = LINE ( 'NONE', #1300, #9177 ) ;
#5544 = DIRECTION ( 'NONE',  ( -1.000000000000000000, 5.090879084663727145E-14, 0.000000000000000000 ) ) ;
#5545 = DIRECTION ( 'NONE',  ( 0.000000000000000000, 0.000000000000000000, 1.000000000000000000 ) ) ;
#5546 = CIRCLE ( 'NONE', #62, 0.8325000000000002398 ) ;
#5547 = ORIENTED_EDGE ( 'NONE', *, *, #6271, .T. ) ;
#5548 = ADVANCED_FACE ( 'NONE', ( #2511 ), #8381, .F. ) ;
#5549 = VECTOR ( 'NONE', #333, 39.37007874015748854 ) ;
#5550 = CARTESIAN_POINT ( 'NONE',  ( 2.190312499999986340, -0.1131245683693056503, 0.2500000000000000555 ) ) ;
#5551 = DIRECTION ( 'NONE',  ( -0.8660254037844348218, -0.5000000000000066613, 0.000000000000000000 ) ) ;
#5552 = DIRECTION ( 'NONE',  ( 0.000000000000000000, 0.000000000000000000, -1.000000000000000000 ) ) ;
#5553 = CARTESIAN_POINT ( 'NONE',  ( 2.721854174377005275, -0.1822141550339398397, 0.2599999999999999534 ) ) ;
#5554 = DIRECTION ( 'NONE',  ( 0.000000000000000000, 1.000000000000000000, 0.000000000000000000 ) ) ;
#5555 = CARTESIAN_POINT ( 'NONE',  ( 2.262028893303175359, -0.4155125886857072293, 0.8420909932548905630 ) ) ;
#5556 = EDGE_CURVE ( 'NONE', #4126, #5811, #3985, .T. ) ;
#5557 = EDGE_CURVE ( 'NONE', #2689, #4006, #3841, .T. ) ;
#5558 =( NAMED_UNIT ( * ) PLANE_ANGLE_UNIT ( ) SI_UNIT ( $, .RADIAN. ) );
#5559 = ORIENTED_EDGE ( 'NONE', *, *, #8057, .F. ) ;
#5560 = ORIENTED_EDGE ( 'NONE', *, *, #7240, .T. ) ;
#5561 = CARTESIAN_POINT ( 'NONE',  ( 2.298125000000001528, 0.6404979548822472557, 0.5357500000000000595 ) ) ;
#5562 = AXIS2_PLACEMENT_3D ( 'NONE', #7410, #270, #843 ) ;
#5563 = DIMENSIONAL_EXPONENTS ( 1.000000000000000000, 0.000000000000000000, 0.000000000000000000, 0.000000000000000000, 0.000000000000000000, 0.000000000000000000, 0.000000000000000000 ) ;
#5564 = DIRECTION ( 'NONE',  ( -1.000000000000000000, 0.000000000000000000, 0.000000000000000000 ) ) ;
#5565 = VERTEX_POINT ( 'NONE', #3272 ) ;
#5566 = CARTESIAN_POINT ( 'NONE',  ( 2.436168188425644310, -0.02882027952503101939, 0.2500000000000000555 ) ) ;
#5567 = DIRECTION ( 'NONE',  ( -1.000000000000000000, 0.000000000000000000, 0.000000000000000000 ) ) ;
#5568 = ADVANCED_FACE ( 'NONE', ( #8912 ), #2332, .F. ) ;
#5569 = EDGE_CURVE ( 'NONE', #9488, #8973, #6000, .T. ) ;
#5570 = DIRECTION ( 'NONE',  ( -0.5000000000000041078, 0.8660254037844363761, 0.000000000000000000 ) ) ;
#5571 = CIRCLE ( 'NONE', #8669, 0.04449999999999948441 ) ;
#5572 = ORIENTED_EDGE ( 'NONE', *, *, #4516, .T. ) ;
#5573 = CARTESIAN_POINT ( 'NONE',  ( -2.125000000000000000, 0.000000000000000000, 0.9499999999999999556 ) ) ;
#5574 = ORIENTED_EDGE ( 'NONE', *, *, #4381, .T. ) ;
#5575 = DIRECTION ( 'NONE',  ( 0.000000000000000000, 0.000000000000000000, 1.000000000000000000 ) ) ;
#5576 = FACE_OUTER_BOUND ( 'NONE', #7762, .T. ) ;
#5577 = ORIENTED_EDGE ( 'NONE', *, *, #9003, .T. ) ;
#5578 = DIRECTION ( 'NONE',  ( 0.000000000000000000, -0.000000000000000000, -1.000000000000000000 ) ) ;
#5579 = ORIENTED_EDGE ( 'NONE', *, *, #3627, .F. ) ;
#5580 = ORIENTED_EDGE ( 'NONE', *, *, #5217, .F. ) ;
#5581 = AXIS2_PLACEMENT_3D ( 'NONE', #8955, #7313, #5232 ) ;
#5582 = ORIENTED_EDGE ( 'NONE', *, *, #7282, .T. ) ;
#5583 = CARTESIAN_POINT ( 'NONE',  ( -1.953629557839697384, -0.2613205341219492217, 0.2572107205775365224 ) ) ;
#5584 = DIRECTION ( 'NONE',  ( 3.566230599675457989E-14, -0.7071067811865444641, 0.7071067811865503483 ) ) ;
#5585 = DIRECTION ( 'NONE',  ( 0.000000000000000000, -0.000000000000000000, 1.000000000000000000 ) ) ;
#5586 = DIRECTION ( 'NONE',  ( 0.000000000000000000, 0.000000000000000000, -1.000000000000000000 ) ) ;
#5587 = ORIENTED_EDGE ( 'NONE', *, *, #9286, .F. ) ;
#5588 = VECTOR ( 'NONE', #7938, 39.37007874015748143 ) ;
#5589 = VECTOR ( 'NONE', #6835, 39.37007874015747433 ) ;
#5590 = DIRECTION ( 'NONE',  ( 0.4999999999999918954, 0.8660254037844431485, -0.000000000000000000 ) ) ;
#5591 = DIRECTION ( 'NONE',  ( 0.7071067811865496822, 0.000000000000000000, 0.7071067811865452413 ) ) ;
#5592 = ORIENTED_EDGE ( 'NONE', *, *, #6404, .F. ) ;
#5593 = VECTOR ( 'NONE', #5554, 39.37007874015748143 ) ;
#5594 = ORIENTED_EDGE ( 'NONE', *, *, #375, .T. ) ;
#5595 = DIRECTION ( 'NONE',  ( -0.8660254037844135055, -0.5000000000000432987, -0.000000000000000000 ) ) ;
#5596 = CARTESIAN_POINT ( 'NONE',  ( -2.265624999999999112, 0.3904979548822427038, 0.9175000000000007594 ) ) ;
#5597 = DIRECTION ( 'NONE',  ( 0.5000000000000038858, 0.8660254037844362651, 0.000000000000000000 ) ) ;
#5598 = DIRECTION ( 'NONE',  ( 4.535261055593764468E-14, -1.000000000000000000, -0.000000000000000000 ) ) ;
#5599 = EDGE_CURVE ( 'NONE', #2869, #6068, #3479, .T. ) ;
#5600 = ADVANCED_FACE ( 'NONE', ( #7894 ), #4219, .T. ) ;
#5601 = CARTESIAN_POINT ( 'NONE',  ( 1.526450440419832466, -0.1851113707452969048, 0.2500000000000001110 ) ) ;
#5602 = AXIS2_PLACEMENT_3D ( 'NONE', #7971, #1398, #4298 ) ;
#5603 = DIRECTION ( 'NONE',  ( -0.5000000000000038858, 0.8660254037844363761, 2.185478394931430296E-15 ) ) ;
#5604 = VECTOR ( 'NONE', #5416, 39.37007874015748854 ) ;
#5605 = CYLINDRICAL_SURFACE ( 'NONE', #7616, 0.06249999999999967387 ) ;
#5606 = EDGE_LOOP ( 'NONE', ( #8212, #8618, #6882, #3960 ) ) ;
#5607 = FACE_BOUND ( 'NONE', #4179, .T. ) ;
#5608 = ORIENTED_EDGE ( 'NONE', *, *, #7925, .T. ) ;
#5609 = CIRCLE ( 'NONE', #6853, 0.4374999999999959477 ) ;
#5610 = VERTEX_POINT ( 'NONE', #2653 ) ;
#5611 = CARTESIAN_POINT ( 'NONE',  ( 2.453125000000005329, 0.6380358307719737887, 0.7349999999999999867 ) ) ;
#5612 = CIRCLE ( 'NONE', #3024, 0.5324999999999970868 ) ;
#5613 = CONICAL_SURFACE ( 'NONE', #9473, 0.3449999999999964762, 0.7853981633974452814 ) ;
#5614 = EDGE_CURVE ( 'NONE', #2661, #4543, #6281, .T. ) ;
#5615 = EDGE_CURVE ( 'NONE', #1159, #828, #8867, .T. ) ;
#5616 = EDGE_CURVE ( 'NONE', #655, #1646, #5473, .T. ) ;
#5617 = LINE ( 'NONE', #4129, #3413 ) ;
#5618 = EDGE_LOOP ( 'NONE', ( #6295, #1870, #5376, #3434 ) ) ;
#5619 = DIRECTION ( 'NONE',  ( -0.000000000000000000, 1.000000000000000000, -0.000000000000000000 ) ) ;
#5620 = LINE ( 'NONE', #3462, #415 ) ;
#5621 = CARTESIAN_POINT ( 'NONE',  ( 1.781250000000008438, -4.038533547303794910E-17, 0.9487499999999929878 ) ) ;
#5622 = CIRCLE ( 'NONE', #899, 0.1124999999999999611 ) ;
#5623 = AXIS2_PLACEMENT_3D ( 'NONE', #4789, #2333, #8913 ) ;
#5624 = EDGE_LOOP ( 'NONE', ( #8156, #6292 ) ) ;
#5625 = CARTESIAN_POINT ( 'NONE',  ( -1.483749999999998126, -0.1703183294109352208, 0.6999999999999999556 ) ) ;
#5626 = EDGE_CURVE ( 'NONE', #142, #8515, #1364, .T. ) ;
#5627 = CARTESIAN_POINT ( 'NONE',  ( 1.710042773475885181, 0.1386340404934252590, 0.4052457801197264509 ) ) ;
#5628 = CARTESIAN_POINT ( 'NONE',  ( -2.255625000000000213, 0.6079979548822481705, 0.2600000000000000089 ) ) ;
#5629 = VECTOR ( 'NONE', #6370, 39.37007874015748143 ) ;
#5630 = EDGE_CURVE ( 'NONE', #4575, #3056, #8093, .T. ) ;
#5631 = ORIENTED_EDGE ( 'NONE', *, *, #7293, .T. ) ;
#5632 = LINE ( 'NONE', #4910, #1171 ) ;
#5633 = ORIENTED_EDGE ( 'NONE', *, *, #2889, .T. ) ;
#5634 = DIMENSIONAL_EXPONENTS ( 1.000000000000000000, 0.000000000000000000, 0.000000000000000000, 0.000000000000000000, 0.000000000000000000, 0.000000000000000000, 0.000000000000000000 ) ;
#5635 = EDGE_CURVE ( 'NONE', #828, #2589, #7435, .T. ) ;
#5636 = VECTOR ( 'NONE', #3817, 39.37007874015748143 ) ;
#5637 = ORIENTED_EDGE ( 'NONE', *, *, #7459, .T. ) ;
#5638 = FACE_BOUND ( 'NONE', #404, .T. ) ;
#5639 = DIRECTION ( 'NONE',  ( -1.000000000000000000, 0.000000000000000000, 0.000000000000000000 ) ) ;
#5640 = DIRECTION ( 'NONE',  ( 0.6123724356957839232, 0.3535533905932898291, 0.7071067811865484609 ) ) ;
#5641 = VECTOR ( 'NONE', #7581, 39.37007874015748143 ) ;
#5642 = DIRECTION ( 'NONE',  ( 1.000000000000000000, 0.000000000000000000, 0.000000000000000000 ) ) ;
#5643 = ORIENTED_EDGE ( 'NONE', *, *, #4412, .F. ) ;
#5644 = ORIENTED_EDGE ( 'NONE', *, *, #1493, .T. ) ;
#5645 = PLANE ( 'NONE',  #292 ) ;
#5646 = CYLINDRICAL_SURFACE ( 'NONE', #7472, 0.04449999999999948441 ) ;
#5647 = EDGE_LOOP ( 'NONE', ( #3696, #7424, #3492, #3931 ) ) ;
#5648 = ORIENTED_EDGE ( 'NONE', *, *, #3464, .T. ) ;
#5649 = ORIENTED_EDGE ( 'NONE', *, *, #3094, .F. ) ;
#5650 = AXIS2_PLACEMENT_3D ( 'NONE', #6894, #6152, #6244 ) ;
#5651 = DIRECTION ( 'NONE',  ( 0.000000000000000000, 0.7071067811865436870, 0.7071067811865512365 ) ) ;
#5652 = CARTESIAN_POINT ( 'NONE',  ( 2.399313952626652036, 0.5926859254290971490, 0.8470415347009946361 ) ) ;
#5653 = DIRECTION ( 'NONE',  ( 0.000000000000000000, 0.000000000000000000, -1.000000000000000000 ) ) ;
#5654 = DIRECTION ( 'NONE',  ( -0.5000000000000434097, 0.8660254037844137276, -0.000000000000000000 ) ) ;
#5655 = DIRECTION ( 'NONE',  ( 4.535261055593764468E-14, 1.000000000000000000, 0.000000000000000000 ) ) ;
#5656 = CARTESIAN_POINT ( 'NONE',  ( -1.530238721296536264, -0.1874534567772751514, 0.2499999999999998612 ) ) ;
#5657 = LINE ( 'NONE', #8514, #5588 ) ;
#5658 = ORIENTED_EDGE ( 'NONE', *, *, #1730, .T. ) ;
#5659 =( LENGTH_UNIT ( ) NAMED_UNIT ( * ) SI_UNIT ( $, .METRE. ) );
#5660 = ADVANCED_FACE ( 'NONE', ( #1229 ), #7119, .T. ) ;
#5661 = EDGE_LOOP ( 'NONE', ( #4046, #2042, #1518, #842, #6717 ) ) ;
#5662 = VERTEX_POINT ( 'NONE', #2747 ) ;
#5663 = VERTEX_POINT ( 'NONE', #7069 ) ;
#5664 = LINE ( 'NONE', #8616, #7329 ) ;
#5665 = DIRECTION ( 'NONE',  ( 0.000000000000000000, 1.000000000000000000, 0.000000000000000000 ) ) ;
#5666 = EDGE_LOOP ( 'NONE', ( #3326, #973, #5539, #3860, #7054, #4591, #7512, #7836, #8931, #1744, #7601, #490, #5383, #4033 ) ) ;
#5667 = CARTESIAN_POINT ( 'NONE',  ( -1.797890299566893724, 0.2908780892445644306, 0.2278719107554345868 ) ) ;
#5668 = DIRECTION ( 'NONE',  ( 0.000000000000000000, 0.000000000000000000, 1.000000000000000000 ) ) ;
#5669 = VECTOR ( 'NONE', #6819, 39.37007874015748854 ) ;
#5670 = CARTESIAN_POINT ( 'NONE',  ( 1.780833407213290087, 0.0002405199575542771545, 0.9491665927867114494 ) ) ;
#5671 = EDGE_CURVE ( 'NONE', #190, #9327, #4945, .T. ) ;
#5672 = EDGE_CURVE ( 'NONE', #1340, #6511, #2694, .T. ) ;
#5673 = VERTEX_POINT ( 'NONE', #4079 ) ;
#5674 = CARTESIAN_POINT ( 'NONE',  ( 0.000000000000000000, -0.2087499999999990474, 0.000000000000000000 ) ) ;
#5675 = CARTESIAN_POINT ( 'NONE',  ( 1.856970950192570191, 0.3457973860264767496, 0.5766774402834234925 ) ) ;
#5676 = FACE_OUTER_BOUND ( 'NONE', #7677, .T. ) ;
#5677 = CARTESIAN_POINT ( 'NONE',  ( 1.994375000000025544, 0.2838896957887076522, 0.2500000000000000555 ) ) ;
#5678 = AXIS2_PLACEMENT_3D ( 'NONE', #1406, #4935, #4310 ) ;
#5679 = CARTESIAN_POINT ( 'NONE',  ( -2.012499999999999734, 0.4764989774411177437, 0.2500000000000000555 ) ) ;
#5680 = ORIENTED_EDGE ( 'NONE', *, *, #5722, .T. ) ;
#5681 = CARTESIAN_POINT ( 'NONE',  ( 2.390625000000005329, 0.3904979548822426483, 0.6999999999999999556 ) ) ;
#5682 = VERTEX_POINT ( 'NONE', #563 ) ;
#5683 = EDGE_CURVE ( 'NONE', #3, #1458, #5664, .T. ) ;
#5684 = ADVANCED_FACE ( 'NONE', ( #6970 ), #2613, .F. ) ;
#5685 = ORIENTED_EDGE ( 'NONE', *, *, #1651, .F. ) ;
#5686 = CARTESIAN_POINT ( 'NONE',  ( 2.249163669743331706, -0.4195903559375950276, 0.3630944694227261627 ) ) ;
#5687 = UNCERTAINTY_MEASURE_WITH_UNIT (LENGTH_MEASURE( 1.000000000000000082E-05 ), #2462, 'distance_accuracy_value', 'NONE');
#5688 = CARTESIAN_POINT ( 'NONE',  ( -1.167433081593972855, 0.2687499999999986011, 0.4999999999999996114 ) ) ;
#5689 = CYLINDRICAL_SURFACE ( 'NONE', #6206, 0.06249999999999967387 ) ;
#5690 = DIRECTION ( 'NONE',  ( -0.8660254037844135055, 0.5000000000000432987, 0.000000000000000000 ) ) ;
#5691 = AXIS2_PLACEMENT_3D ( 'NONE', #3670, #4342, #5104 ) ;
#5692 = ORIENTED_EDGE ( 'NONE', *, *, #2607, .T. ) ;
#5693 = AXIS2_PLACEMENT_3D ( 'NONE', #8846, #8270, #8131 ) ;
#5694 = VERTEX_POINT ( 'NONE', #9142 ) ;
#5695 = DIRECTION ( 'NONE',  ( 0.8660254037844363761, 0.5000000000000041078, -0.000000000000000000 ) ) ;
#5696 = DIRECTION ( 'NONE',  ( -0.8660254037844140607, -0.5000000000000426326, 0.000000000000000000 ) ) ;
#5697 = EDGE_CURVE ( 'NONE', #491, #8359, #8476, .T. ) ;
#5698 = EDGE_CURVE ( 'NONE', #5286, #6707, #3079, .T. ) ;
#5699 = DIRECTION ( 'NONE',  ( 0.000000000000000000, 0.000000000000000000, 1.000000000000000000 ) ) ;
#5700 = DIRECTION ( 'NONE',  ( 0.8660254037844348218, -0.5000000000000066613, 0.000000000000000000 ) ) ;
#5701 = DIRECTION ( 'NONE',  ( 0.000000000000000000, 0.000000000000000000, 1.000000000000000000 ) ) ;
#5702 = DIRECTION ( 'NONE',  ( 0.8660254037844443697, -0.4999999999999902300, -1.256650077085560725E-14 ) ) ;
#5703 = DIRECTION ( 'NONE',  ( 0.000000000000000000, 0.000000000000000000, 1.000000000000000000 ) ) ;
#5704 = LINE ( 'NONE', #1451, #431 ) ;
#5705 = CARTESIAN_POINT ( 'NONE',  ( 1.663770825622965521, -0.4171235458104699534, 0.2599999999999999534 ) ) ;
#5706 = ORIENTED_EDGE ( 'NONE', *, *, #5905, .T. ) ;
#5707 = VERTEX_POINT ( 'NONE', #6531 ) ;
#5708 = ORIENTED_EDGE ( 'NONE', *, *, #3105, .F. ) ;
#5709 = CARTESIAN_POINT ( 'NONE',  ( -1.699542257703421821, 0.1022662857439728679, 0.3630944694227262737 ) ) ;
#5710 = CARTESIAN_POINT ( 'NONE',  ( -1.859375000000029976, 0.3476343040826271880, 0.9499999999999999556 ) ) ;
#5711 = VECTOR ( 'NONE', #2190, 39.37007874015748143 ) ;
#5712 = ORIENTED_EDGE ( 'NONE', *, *, #4290, .T. ) ;
#5713 = CARTESIAN_POINT ( 'NONE',  ( 1.640624999999971356, -0.4420337998483162001, 0.2599999999999999534 ) ) ;
#5714 = DIRECTION ( 'NONE',  ( 7.228235936543575681E-14, -1.000000000000000000, 0.000000000000000000 ) ) ;
#5715 = CARTESIAN_POINT ( 'NONE',  ( 1.780000755744757912, 0.0007221241659221596786, 0.9499999999999999556 ) ) ;
#5716 = ORIENTED_EDGE ( 'NONE', *, *, #6956, .T. ) ;
#5717 = DIRECTION ( 'NONE',  ( 0.8660254037844363761, 0.5000000000000039968, 0.000000000000000000 ) ) ;
#5718 = CARTESIAN_POINT ( 'NONE',  ( -2.558872638562463830, 0.05622084583890603338, 0.000000000000000000 ) ) ;
#5719 = PLANE ( 'NONE',  #5803 ) ;
#5720 = FACE_OUTER_BOUND ( 'NONE', #7838, .T. ) ;
#5721 = PLANE ( 'NONE',  #7882 ) ;
#5722 = EDGE_CURVE ( 'NONE', #489, #655, #5894, .T. ) ;
#5723 = ORIENTED_EDGE ( 'NONE', *, *, #1752, .T. ) ;
#5724 = LINE ( 'NONE', #4144, #6974 ) ;
#5725 = CIRCLE ( 'NONE', #6331, 0.2175000000000140987 ) ;
#5726 = ORIENTED_EDGE ( 'NONE', *, *, #6738, .T. ) ;
#5727 = ORIENTED_EDGE ( 'NONE', *, *, #2049, .T. ) ;
#5728 = ORIENTED_EDGE ( 'NONE', *, *, #4190, .F. ) ;
#5729 = VECTOR ( 'NONE', #509, 39.37007874015748143 ) ;
#5730 = LINE ( 'NONE', #7241, #6878 ) ;
#5731 = DIRECTION ( 'NONE',  ( -1.865610830299460874E-15, 1.000000000000000000, 0.000000000000000000 ) ) ;
#5732 = DIRECTION ( 'NONE',  ( -0.7071067811866752484, 3.269044716369829889E-14, -0.7071067811864196750 ) ) ;
#5733 = FACE_OUTER_BOUND ( 'NONE', #5526, .T. ) ;
#5734 = ADVANCED_FACE ( 'NONE', ( #659 ), #4270, .F. ) ;
#5735 = EDGE_CURVE ( 'NONE', #7636, #7619, #114, .T. ) ;
#5736 = ORIENTED_EDGE ( 'NONE', *, *, #1071, .F. ) ;
#5737 = ORIENTED_EDGE ( 'NONE', *, *, #4816, .F. ) ;
#5738 = CARTESIAN_POINT ( 'NONE',  ( 2.293247638562450508, -0.4038551499215471408, 0.8474999999999995870 ) ) ;
#5739 = CIRCLE ( 'NONE', #7448, 0.06425000000000000155 ) ;
#5740 = CARTESIAN_POINT ( 'NONE',  ( -1.780833407213290087, 0.0002405199575542771545, 0.9491665927867114494 ) ) ;
#5741 = CARTESIAN_POINT ( 'NONE',  ( -1.306874999999987574, 0.000000000000000000, 0.1944947243515862401 ) ) ;
#5742 = CARTESIAN_POINT ( 'NONE',  ( 1.559343435260007071, -0.3012499999999982969, 0.9499999999999999556 ) ) ;
#5743 = VECTOR ( 'NONE', #3699, 39.37007874015748143 ) ;
#5744 = AXIS2_PLACEMENT_3D ( 'NONE', #4574, #4949, #9146 ) ;
#5745 = DIRECTION ( 'NONE',  ( -1.000000000000000000, 0.000000000000000000, 0.000000000000000000 ) ) ;
#5746 = CYLINDRICAL_SURFACE ( 'NONE', #3380, 0.06425000000000000155 ) ;
#5747 = EDGE_CURVE ( 'NONE', #1247, #1810, #3551, .T. ) ;
#5748 = EDGE_CURVE ( 'NONE', #2765, #1817, #5079, .T. ) ;
#5749 = CARTESIAN_POINT ( 'NONE',  ( -1.712339780658681754, -0.2382494887205523215, 0.2500000000000000555 ) ) ;
#5750 = DIRECTION ( 'NONE',  ( -0.2588190451025010330, 0.9659258262890736413, 0.000000000000000000 ) ) ;
#5751 = CARTESIAN_POINT ( 'NONE',  ( 2.125000000000003109, 0.3904979548822697932, 0.6999999999999999556 ) ) ;
#5752 = VERTEX_POINT ( 'NONE', #701 ) ;
#5753 = ADVANCED_FACE ( 'NONE', ( #750 ), #2272, .F. ) ;
#5754 = VECTOR ( 'NONE', #222, 39.37007874015748143 ) ;
#5755 = ORIENTED_EDGE ( 'NONE', *, *, #7530, .F. ) ;
#5756 = VERTEX_POINT ( 'NONE', #1508 ) ;
#5757 = CARTESIAN_POINT ( 'NONE',  ( -2.262028893303175359, -0.4155125886857072293, 0.8420909932548905630 ) ) ;
#5758 = VECTOR ( 'NONE', #3532, 39.37007874015747433 ) ;
#5759 = CIRCLE ( 'NONE', #1644, 0.04450000000000003259 ) ;
#5760 = AXIS2_PLACEMENT_3D ( 'NONE', #3120, #8178, #1742 ) ;
#5761 = CARTESIAN_POINT ( 'NONE',  ( -1.873381350946074386, -0.3451796254712989342, 0.9499999999999999556 ) ) ;
#5762 = ORIENTED_EDGE ( 'NONE', *, *, #3118, .F. ) ;
#5763 = CARTESIAN_POINT ( 'NONE',  ( 1.484346610447648818, -0.1713516890186513320, 0.2500000000000001110 ) ) ;
#5764 = DIRECTION ( 'NONE',  ( 0.000000000000000000, 1.000000000000000000, 0.000000000000000000 ) ) ;
#5765 = LINE ( 'NONE', #3739, #6870 ) ;
#5766 = CARTESIAN_POINT ( 'NONE',  ( -1.702650479900263081, 0.1142094797580084503, 0.8291007793619376010 ) ) ;
#5767 = CIRCLE ( 'NONE', #8084, 0.2500000000000000555 ) ;
#5768 = CIRCLE ( 'NONE', #6217, 0.5325000000000019718 ) ;
#5769 = VERTEX_POINT ( 'NONE', #3693 ) ;
#5770 = B_SPLINE_CURVE_WITH_KNOTS ( 'NONE', 3,
 ( #4153, #1970, #7093, #4248 ),
 .UNSPECIFIED., .F., .F.,
 ( 4, 4 ),
 ( 0.000000000000000000, 0.001266630838601753069 ),
 .UNSPECIFIED. ) ;
#5771 = CARTESIAN_POINT ( 'NONE',  ( 0.000000000000000000, -0.1762500000000011557, 0.000000000000000000 ) ) ;
#5772 = DIRECTION ( 'NONE',  ( -1.000000000000000000, -5.090879084663727145E-14, 0.000000000000000000 ) ) ;
#5773 = CARTESIAN_POINT ( 'NONE',  ( -1.776589780658681894, -0.2382494887205523215, 0.1944947243515862401 ) ) ;
#5774 = FACE_OUTER_BOUND ( 'NONE', #5275, .T. ) ;
#5775 = DIRECTION ( 'NONE',  ( -0.8660254037844378194, 0.5000000000000012212, 0.000000000000000000 ) ) ;
#5776 = ORIENTED_EDGE ( 'NONE', *, *, #4190, .T. ) ;
#5777 = DIRECTION ( 'NONE',  ( -0.4999999999999972800, 0.8660254037844402619, 0.000000000000000000 ) ) ;
#5778 = VECTOR ( 'NONE', #3296, 39.37007874015748854 ) ;
#5779 = CIRCLE ( 'NONE', #4403, 0.4374999999999960587 ) ;
#5780 = ORIENTED_EDGE ( 'NONE', *, *, #265, .T. ) ;
#5781 = EDGE_CURVE ( 'NONE', #9224, #8973, #2837, .T. ) ;
#5782 = AXIS2_PLACEMENT_3D ( 'NONE', #8995, #1789, #8226 ) ;
#5783 = ORIENTED_EDGE ( 'NONE', *, *, #799, .F. ) ;
#5784 = CARTESIAN_POINT ( 'NONE',  ( 1.919631350946071402, -0.4252869753213548987, 0.6999999999999999556 ) ) ;
#5785 = LINE ( 'NONE', #2675, #7398 ) ;
#5786 = DIRECTION ( 'NONE',  ( -0.000000000000000000, -1.000000000000000000, -0.000000000000000000 ) ) ;
#5787 = CARTESIAN_POINT ( 'NONE',  ( -2.812500000000023093, 0.4058214234295524081, 0.5357500000000000595 ) ) ;
#5788 = AXIS2_PLACEMENT_3D ( 'NONE', #6177, #944, #4650 ) ;
#5789 = ORIENTED_EDGE ( 'NONE', *, *, #4155, .T. ) ;
#5790 = ORIENTED_EDGE ( 'NONE', *, *, #6932, .F. ) ;
#5791 = CARTESIAN_POINT ( 'NONE',  ( 1.700592403928440133, 0.1063067015377320845, 0.8342758506934091489 ) ) ;
#5792 = AXIS2_PLACEMENT_3D ( 'NONE', #4883, #2603, #5509 ) ;
#5793 = CARTESIAN_POINT ( 'NONE',  ( -2.390625000000005329, 0.3476343040825998765, 0.6272455802306264872 ) ) ;
#5794 = EDGE_CURVE ( 'NONE', #1551, #6446, #5612, .T. ) ;
#5795 = EDGE_CURVE ( 'NONE', #7525, #3330, #9382, .T. ) ;
#5796 = VECTOR ( 'NONE', #5343, 39.37007874015748143 ) ;
#5797 = CARTESIAN_POINT ( 'NONE',  ( 2.298124999999991314, 0.2984170477285114087, 0.9499999999999999556 ) ) ;
#5798 = CARTESIAN_POINT ( 'NONE',  ( 2.430094113920388210, 0.6015858139031838858, 0.8341152750368359126 ) ) ;
#5799 = DIRECTION ( 'NONE',  ( -1.000000000000000000, -8.881784197001249365E-16, 0.000000000000000000 ) ) ;
#5800 = CARTESIAN_POINT ( 'NONE',  ( 1.654006350946105819, 0.03478902043912935477, 0.6999999999999999556 ) ) ;
#5801 = CARTESIAN_POINT ( 'NONE',  ( -1.371124999999987715, 7.868355684521745422E-18, 0.2500000000000000555 ) ) ;
#5802 = DIRECTION ( 'NONE',  ( -7.249756350802272209E-14, -1.000000000000000000, 0.000000000000000000 ) ) ;
#5803 = AXIS2_PLACEMENT_3D ( 'NONE', #8674, #4333, #7274 ) ;
#5804 = EDGE_CURVE ( 'NONE', #3080, #6198, #1456, .T. ) ;
#5805 = VERTEX_POINT ( 'NONE', #7307 ) ;
#5806 = AXIS2_PLACEMENT_3D ( 'NONE', #7515, #8331, #3935 ) ;
#5807 = CARTESIAN_POINT ( 'NONE',  ( -1.703668988314054777, 0.1178953701574849272, 0.3737597234363084775 ) ) ;
#5808 = VECTOR ( 'NONE', #8000, 39.37007874015748143 ) ;
#5809 = EDGE_CURVE ( 'NONE', #3615, #5662, #8722, .T. ) ;
#5810 = LINE ( 'NONE', #8761, #2519 ) ;
#5811 = VERTEX_POINT ( 'NONE', #4602 ) ;
#5812 = CARTESIAN_POINT ( 'NONE',  ( 0.000000000000000000, -0.7087500000000019895, 0.000000000000000000 ) ) ;
#5813 = CARTESIAN_POINT ( 'NONE',  ( -2.716854174377005826, -0.1908744090717845177, 0.2600000000000000089 ) ) ;
#5814 = CARTESIAN_POINT ( 'NONE',  ( 1.668770825622963860, -0.4257837998483152142, 0.6999999999999999556 ) ) ;
#5815 = CARTESIAN_POINT ( 'NONE',  ( -2.125000000000000000, 0.000000000000000000, 0.2500000000000000555 ) ) ;
#5816 = EDGE_CURVE ( 'NONE', #4006, #699, #5408, .T. ) ;
#5817 = DIRECTION ( 'NONE',  ( 0.4999999999999919509, -0.8660254037844432595, -0.000000000000000000 ) ) ;
#5818 = DIRECTION ( 'NONE',  ( 1.000000000000000000, 0.000000000000000000, 0.000000000000000000 ) ) ;
#5819 = DIRECTION ( 'NONE',  ( 1.000000000000000000, 0.000000000000000000, -0.000000000000000000 ) ) ;
#5820 = PLANE ( 'NONE',  #344 ) ;
#5821 = ADVANCED_FACE ( 'NONE', ( #2323, #841 ), #8281, .F. ) ;
#5822 = CARTESIAN_POINT ( 'NONE',  ( 1.812500000000002665, 0.3012499999999982969, 0.2175000000000008316 ) ) ;
#5823 = EDGE_LOOP ( 'NONE', ( #6874, #4051, #1408, #4469 ) ) ;
#5824 = ORIENTED_EDGE ( 'NONE', *, *, #2537, .T. ) ;
#5825 = DIRECTION ( 'NONE',  ( 1.000000000000000000, 0.000000000000000000, 0.000000000000000000 ) ) ;
#5826 = ORIENTED_EDGE ( 'NONE', *, *, #3271, .T. ) ;
#5827 = ORIENTED_EDGE ( 'NONE', *, *, #2061, .T. ) ;
#5828 = EDGE_LOOP ( 'NONE', ( #2728, #7354, #840, #6329, #6604, #7696, #2602, #3361, #2960, #2975, #3409, #1400, #4644, #2719 ) ) ;
#5829 = VECTOR ( 'NONE', #4906, 39.37007874015748854 ) ;
#5830 = DIRECTION ( 'NONE',  ( 0.8660254037844002939, 0.5000000000000666134, 0.000000000000000000 ) ) ;
#5831 = CARTESIAN_POINT ( 'NONE',  ( 2.453125000000005329, 0.6404979548822425928, 0.7349999999999999867 ) ) ;
#5832 = DIRECTION ( 'NONE',  ( 0.8660254037844431485, 0.4999999999999918954, 0.000000000000000000 ) ) ;
#5833 = CARTESIAN_POINT ( 'NONE',  ( -1.599839780658681709, -0.2382494887205523215, 0.2500000000000000555 ) ) ;
#5834 = ORIENTED_EDGE ( 'NONE', *, *, #7460, .F. ) ;
#5835 = EDGE_LOOP ( 'NONE', ( #3245, #8143 ) ) ;
#5836 = ADVANCED_FACE ( 'NONE', ( #4693 ), #3827, .T. ) ;
#5837 = CARTESIAN_POINT ( 'NONE',  ( 2.390625000000005773, 0.6404979548822425928, 0.9499999999999999556 ) ) ;
#5838 = VECTOR ( 'NONE', #2503, 39.37007874015748143 ) ;
#5839 = DIRECTION ( 'NONE',  ( -1.000000000000000000, 7.827072323607353610E-15, -0.000000000000000000 ) ) ;
#5840 = EDGE_LOOP ( 'NONE', ( #4276, #183, #1319, #1318 ) ) ;
#5841 = FACE_OUTER_BOUND ( 'NONE', #6504, .T. ) ;
#5842 = DIRECTION ( 'NONE',  ( -0.000000000000000000, 1.000000000000000000, -0.000000000000000000 ) ) ;
#5843 = AXIS2_PLACEMENT_3D ( 'NONE', #1215, #2677, #5499 ) ;
#5844 = DIRECTION ( 'NONE',  ( 0.000000000000000000, 0.000000000000000000, -1.000000000000000000 ) ) ;
#5845 = CARTESIAN_POINT ( 'NONE',  ( 2.125000000000000000, 0.000000000000000000, 0.9175000000000006484 ) ) ;
#5846 = EDGE_CURVE ( 'NONE', #6986, #2052, #266, .T. ) ;
#5847 = CARTESIAN_POINT ( 'NONE',  ( -2.390625000000005773, 0.6404979548822425928, 0.6999999999999999556 ) ) ;
#5848 = CARTESIAN_POINT ( 'NONE',  ( 2.546874999999995559, -0.5502869753213698312, 0.7849999999999999201 ) ) ;
#5849 = ORIENTED_EDGE ( 'NONE', *, *, #7406, .F. ) ;
#5850 = ORIENTED_EDGE ( 'NONE', *, *, #4913, .T. ) ;
#5851 = CARTESIAN_POINT ( 'NONE',  ( -1.706609629415210660, 0.1279211385137469792, 0.3838303734341185214 ) ) ;
#5852 = CARTESIAN_POINT ( 'NONE',  ( 2.546874999999995559, -0.5502869753213701642, 0.9499999999999999556 ) ) ;
#5853 = EDGE_CURVE ( 'NONE', #9043, #5610, #5311, .T. ) ;
#5854 = EDGE_CURVE ( 'NONE', #2846, #4700, #7456, .T. ) ;
#5855 = ORIENTED_EDGE ( 'NONE', *, *, #4216, .T. ) ;
#5856 = FILL_AREA_STYLE_COLOUR ( '', #8690 ) ;
#5857 = DIRECTION ( 'NONE',  ( 0.000000000000000000, 0.000000000000000000, 1.000000000000000000 ) ) ;
#5858 = DIRECTION ( 'NONE',  ( -0.4999999999999903966, -0.8660254037844442587, 0.000000000000000000 ) ) ;
#5859 = DIRECTION ( 'NONE',  ( 0.000000000000000000, -1.000000000000000000, -0.000000000000000000 ) ) ;
#5860 = LINE ( 'NONE', #7956, #2609 ) ;
#5861 = FACE_OUTER_BOUND ( 'NONE', #2152, .T. ) ;
#5862 = CARTESIAN_POINT ( 'NONE',  ( -1.812500000000002665, -0.2687500000000004885, 0.2500000000000000000 ) ) ;
#5863 = PLANE ( 'NONE',  #1442 ) ;
#5864 = EDGE_CURVE ( 'NONE', #1763, #9212, #5360, .T. ) ;
#5865 = ORIENTED_EDGE ( 'NONE', *, *, #3446, .T. ) ;
#5866 = DIRECTION ( 'NONE',  ( 0.8660254037844363761, 0.5000000000000039968, 0.000000000000000000 ) ) ;
#5867 = EDGE_CURVE ( 'NONE', #4173, #7653, #8124, .T. ) ;
#5868 = VERTEX_POINT ( 'NONE', #6872 ) ;
#5869 = VECTOR ( 'NONE', #1231, 39.37007874015748854 ) ;
#5870 = VERTEX_POINT ( 'NONE', #888 ) ;
#5871 = VERTEX_POINT ( 'NONE', #7555 ) ;
#5872 = DIRECTION ( 'NONE',  ( 1.092739197465688721E-15, 1.892679809432653856E-15, 1.000000000000000000 ) ) ;
#5873 = LINE ( 'NONE', #6558, #3374 ) ;
#5874 = CIRCLE ( 'NONE', #2067, 0.009999999999999951636 ) ;
#5875 = CARTESIAN_POINT ( 'NONE',  ( 1.437499999999995337, -0.09021097956086862601, 0.7350000000000000977 ) ) ;
#5876 = DIRECTION ( 'NONE',  ( -0.8660254037844659081, -0.4999999999999530376, 0.000000000000000000 ) ) ;
#5877 = VERTEX_POINT ( 'NONE', #217 ) ;
#5878 = VERTEX_POINT ( 'NONE', #4557 ) ;
#5879 = DIRECTION ( 'NONE',  ( 0.8660254037844660191, -0.4999999999999527045, 0.000000000000000000 ) ) ;
#5880 = DIRECTION ( 'NONE',  ( -0.8660254037844363761, 0.5000000000000041078, 0.000000000000000000 ) ) ;
#5881 = ORIENTED_EDGE ( 'NONE', *, *, #5672, .F. ) ;
#5882 = FACE_OUTER_BOUND ( 'NONE', #6624, .T. ) ;
#5883 = DIRECTION ( 'NONE',  ( -1.000000000000000000, 0.000000000000000000, 0.000000000000000000 ) ) ;
#5884 = ORIENTED_EDGE ( 'NONE', *, *, #265, .F. ) ;
#5885 = DIRECTION ( 'NONE',  ( 8.792154462367709090E-15, 1.000000000000000000, 0.000000000000000000 ) ) ;
#5886 = LINE ( 'NONE', #110, #6460 ) ;
#5887 = CARTESIAN_POINT ( 'NONE',  ( -1.406249999999996003, -0.03608439182434083903, 0.4650000000000000799 ) ) ;
#5888 = DIRECTION ( 'NONE',  ( 0.8660254037844363761, 0.5000000000000041078, -0.000000000000000000 ) ) ;
#5889 = DIRECTION ( 'NONE',  ( 0.000000000000000000, 0.000000000000000000, 1.000000000000000000 ) ) ;
#5890 = ORIENTED_EDGE ( 'NONE', *, *, #3259, .F. ) ;
#5891 = ORIENTED_EDGE ( 'NONE', *, *, #8222, .T. ) ;
#5892 = VECTOR ( 'NONE', #6594, 39.37007874015748143 ) ;
#5893 = EDGE_CURVE ( 'NONE', #8711, #1559, #2459, .T. ) ;
#5894 = LINE ( 'NONE', #3507, #9312 ) ;
#5895 = DIRECTION ( 'NONE',  ( 0.5000000000000014433, 0.8660254037844378194, 0.000000000000000000 ) ) ;
#5896 = ORIENTED_EDGE ( 'NONE', *, *, #3924, .F. ) ;
#5897 = CARTESIAN_POINT ( 'NONE',  ( 1.859375000000026645, 0.3476343040826244679, 0.2500000000000000555 ) ) ;
#5898 = VECTOR ( 'NONE', #2274, 39.37007874015748854 ) ;
#5899 = CIRCLE ( 'NONE', #4065, 0.1124999999999999611 ) ;
#5900 = CARTESIAN_POINT ( 'NONE',  ( 1.408382262026758758, -0.03485332976920646475, 0.7349999999999999867 ) ) ;
#5901 = LINE ( 'NONE', #2287, #6233 ) ;
#5902 = CARTESIAN_POINT ( 'NONE',  ( 2.515624999999995559, -0.6044135630578968410, 0.7349999999999999867 ) ) ;
#5903 = ORIENTED_EDGE ( 'NONE', *, *, #6752, .T. ) ;
#5904 = EDGE_CURVE ( 'NONE', #2111, #8736, #8372, .T. ) ;
#5905 = EDGE_CURVE ( 'NONE', #3216, #8518, #9486, .T. ) ;
#5906 = DIRECTION ( 'NONE',  ( -0.5000000000000047740, -0.8660254037844359321, 0.000000000000000000 ) ) ;
#5907 = AXIS2_PLACEMENT_3D ( 'NONE', #7645, #6164, #4638 ) ;
#5908 = AXIS2_PLACEMENT_3D ( 'NONE', #2065, #4200, #5502 ) ;
#5909 = AXIS2_PLACEMENT_3D ( 'NONE', #112, #5354, #2319 ) ;
#5910 = CARTESIAN_POINT ( 'NONE',  ( -2.211547108317583721, -0.4288541104406776716, 0.7849999999997243627 ) ) ;
#5911 = LINE ( 'NONE', #5822, #5711 ) ;
#5912 = VERTEX_POINT ( 'NONE', #9044 ) ;
#5913 = CARTESIAN_POINT ( 'NONE',  ( 1.953125755744734127, -0.2991391718944229061, 0.9499999999999999556 ) ) ;
#5914 = ORIENTED_EDGE ( 'NONE', *, *, #1597, .F. ) ;
#5915 = AXIS2_PLACEMENT_3D ( 'NONE', #2798, #8769, #1996 ) ;
#5916 = AXIS2_PLACEMENT_3D ( 'NONE', #2235, #1520, #4427 ) ;
#5917 = EDGE_CURVE ( 'NONE', #1987, #341, #986, .T. ) ;
#5918 = ORIENTED_EDGE ( 'NONE', *, *, #1785, .F. ) ;
#5919 = ADVANCED_FACE ( 'NONE', ( #6087 ), #3781, .F. ) ;
#5920 = FACE_OUTER_BOUND ( 'NONE', #3206, .T. ) ;
#5921 = LINE ( 'NONE', #819, #1555 ) ;
#5922 = VECTOR ( 'NONE', #4461, 39.37007874015748143 ) ;
#5923 = CIRCLE ( 'NONE', #1504, 0.3124999999999972800 ) ;
#5924 = AXIS2_PLACEMENT_3D ( 'NONE', #8421, #408, #855 ) ;
#5925 = CARTESIAN_POINT ( 'NONE',  ( -2.265624999999999112, 0.3904979548822426483, 0.6999999999999999556 ) ) ;
#5926 = CARTESIAN_POINT ( 'NONE',  ( 1.691127361437541943, 0.05622084583895026189, 0.9499999999999999556 ) ) ;
#5927 = ORIENTED_EDGE ( 'NONE', *, *, #3270, .F. ) ;
#5928 = DIRECTION ( 'NONE',  ( 1.000000000000000000, 0.000000000000000000, 0.000000000000000000 ) ) ;
#5929 = EDGE_CURVE ( 'NONE', #5348, #6836, #139, .T. ) ;
#5930 = EDGE_LOOP ( 'NONE', ( #8827, #4599, #137, #3568 ) ) ;
#5931 = CARTESIAN_POINT ( 'NONE',  ( -1.813364590428231171, -0.02332587521122117535, 0.2509472078721712296 ) ) ;
#5932 = AXIS2_PLACEMENT_3D ( 'NONE', #6522, #4494, #9468 ) ;
#5933 = EDGE_CURVE ( 'NONE', #3234, #3191, #3782, .T. ) ;
#5934 = EDGE_LOOP ( 'NONE', ( #1352, #1528, #7803, #1833 ) ) ;
#5935 = VECTOR ( 'NONE', #8091, 39.37007874015748143 ) ;
#5936 = DIRECTION ( 'NONE',  ( -1.000000000000000000, 0.000000000000000000, 0.000000000000000000 ) ) ;
#5937 = DIRECTION ( 'NONE',  ( -0.5000000000000041078, -0.8660254037844363761, 0.000000000000000000 ) ) ;
#5938 = ORIENTED_EDGE ( 'NONE', *, *, #7992, .F. ) ;
#5939 = DIRECTION ( 'NONE',  ( 0.5000000000000056621, 0.8660254037844354880, 0.000000000000000000 ) ) ;
#5940 = CARTESIAN_POINT ( 'NONE',  ( -2.452543546506298355, 0.2900415262219106505, 0.7947191470558555570 ) ) ;
#5941 = LINE ( 'NONE', #7447, #297 ) ;
#5942 = AXIS2_PLACEMENT_3D ( 'NONE', #2964, #3584, #2825 ) ;
#5943 = DIRECTION ( 'NONE',  ( -0.8660254037844364872, -0.5000000000000039968, 0.000000000000000000 ) ) ;
#5944 = FACE_OUTER_BOUND ( 'NONE', #8952, .T. ) ;
#5945 = ORIENTED_EDGE ( 'NONE', *, *, #6932, .T. ) ;
#5946 = DIRECTION ( 'NONE',  ( 0.000000000000000000, 0.000000000000000000, -1.000000000000000000 ) ) ;
#5947 = CARTESIAN_POINT ( 'NONE',  ( 2.745000000000000551, -0.2071244090717823672, 0.2600000000000000089 ) ) ;
#5948 = EDGE_LOOP ( 'NONE', ( #8252, #1209, #4811, #3748, #8375, #4627, #8933, #3393, #5475, #1541, #7881 ) ) ;
#5949 = VECTOR ( 'NONE', #9068, 39.37007874015748143 ) ;
#5950 = CARTESIAN_POINT ( 'NONE',  ( 2.537660219341328460, -0.2382494887205698075, 0.000000000000000000 ) ) ;
#5951 = DIRECTION ( 'NONE',  ( -0.5000000000000038858, 0.8660254037844362651, 0.000000000000000000 ) ) ;
#5952 = EDGE_CURVE ( 'NONE', #7908, #5208, #3731, .T. ) ;
#5953 = DIRECTION ( 'NONE',  ( 0.6123724356957961357, -0.3535533905932720655, 0.7071067811865471286 ) ) ;
#5954 = DIRECTION ( 'NONE',  ( 1.000000000000000000, 0.000000000000000000, -4.560754576643555576E-16 ) ) ;
#5955 = ORIENTED_EDGE ( 'NONE', *, *, #4448, .F. ) ;
#5956 = DIRECTION ( 'NONE',  ( 0.000000000000000000, 0.000000000000000000, -1.000000000000000000 ) ) ;
#5957 = PLANE ( 'NONE',  #596 ) ;
#5958 = LINE ( 'NONE', #6144, #4331 ) ;
#5959 = ORIENTED_EDGE ( 'NONE', *, *, #8758, .T. ) ;
#5960 = ORIENTED_EDGE ( 'NONE', *, *, #1493, .F. ) ;
#5961 = EDGE_LOOP ( 'NONE', ( #6035, #8393, #716, #4590 ) ) ;
#5962 = CARTESIAN_POINT ( 'NONE',  ( -2.635183069698970204, 0.01216299788008453654, 0.5999999999999999778 ) ) ;
#5963 = ORIENTED_EDGE ( 'NONE', *, *, #9062, .F. ) ;
#5964 = EDGE_CURVE ( 'NONE', #6287, #6993, #5991, .T. ) ;
#5965 = EDGE_CURVE ( 'NONE', #1950, #7653, #4705, .T. ) ;
#5966 = ORIENTED_EDGE ( 'NONE', *, *, #7573, .F. ) ;
#5967 = PLANE ( 'NONE',  #4576 ) ;
#5968 = CARTESIAN_POINT ( 'NONE',  ( -1.859375000000026645, 0.3904979548822720137, 0.6999999999999999556 ) ) ;
#5969 = DIRECTION ( 'NONE',  ( 4.370956789862821150E-15, 2.253774594773017007E-15, -1.000000000000000000 ) ) ;
#5970 = DIRECTION ( 'NONE',  ( 0.7071067811865385799, -0.7071067811865563435, 0.000000000000000000 ) ) ;
#5971 = ORIENTED_EDGE ( 'NONE', *, *, #8892, .F. ) ;
#5972 = CARTESIAN_POINT ( 'NONE',  ( -2.812500000000023093, -0.6048072638452962613, 0.000000000000000000 ) ) ;
#5973 = EDGE_LOOP ( 'NONE', ( #907, #6955, #4501, #2340 ) ) ;
#5974 = EDGE_CURVE ( 'NONE', #5364, #191, #8419, .T. ) ;
#5975 = EDGE_CURVE ( 'NONE', #1910, #3942, #4742, .T. ) ;
#5976 = DIRECTION ( 'NONE',  ( -1.000000000000000000, 0.000000000000000000, 0.000000000000000000 ) ) ;
#5977 = AXIS2_PLACEMENT_3D ( 'NONE', #5862, #3610, #1747 ) ;
#5978 = ORIENTED_EDGE ( 'NONE', *, *, #5162, .F. ) ;
#5979 = CARTESIAN_POINT ( 'NONE',  ( 0.000000000000000000, -0.3012499999999982969, 0.000000000000000000 ) ) ;
#5980 = CARTESIAN_POINT ( 'NONE',  ( 1.483749999999971925, -0.1703183294109479606, 0.9499999999999999556 ) ) ;
#5981 = LINE ( 'NONE', #3771, #141 ) ;
#5982 = DIRECTION ( 'NONE',  ( -0.000000000000000000, -0.000000000000000000, -1.000000000000000000 ) ) ;
#5983 = CARTESIAN_POINT ( 'NONE',  ( 0.9376234198628757843, -0.2687500000000003775, 0.4015748031496064741 ) ) ;
#5984 = CIRCLE ( 'NONE', #4608, 0.2175000000000007483 ) ;
#5985 = EDGE_CURVE ( 'NONE', #8999, #8065, #364, .T. ) ;
#5986 = CARTESIAN_POINT ( 'NONE',  ( -2.060750000000000082, 0.4764989774411177437, 0.000000000000000000 ) ) ;
#5987 = EDGE_CURVE ( 'NONE', #8749, #489, #6316, .T. ) ;
#5988 = DIRECTION ( 'NONE',  ( -0.3535533905932787269, 0.6123724356957905846, -0.7071067811865484609 ) ) ;
#5989 = ORIENTED_EDGE ( 'NONE', *, *, #4668, .T. ) ;
#5990 = ORIENTED_EDGE ( 'NONE', *, *, #4405, .T. ) ;
#5991 = LINE ( 'NONE', #6958, #7649 ) ;
#5992 = CARTESIAN_POINT ( 'NONE',  ( 2.549743649053904715, -0.04531832941097126838, 0.9499999999999999556 ) ) ;
#5993 = CARTESIAN_POINT ( 'NONE',  ( 1.703124999999971134, -0.5502869753213720516, 0.9499999999999999556 ) ) ;
#5994 = ORIENTED_EDGE ( 'NONE', *, *, #6994, .T. ) ;
#5995 = CARTESIAN_POINT ( 'NONE',  ( -1.703124999999971134, -0.5502869753213720516, 0.9499999999999999556 ) ) ;
#5996 = FACE_OUTER_BOUND ( 'NONE', #4339, .T. ) ;
#5997 =( NAMED_UNIT ( * ) SI_UNIT ( $, .STERADIAN. ) SOLID_ANGLE_UNIT ( ) );
#5998 = DIRECTION ( 'NONE',  ( -0.000000000000000000, -0.000000000000000000, 1.000000000000000000 ) ) ;
#5999 = ORIENTED_EDGE ( 'NONE', *, *, #3214, .F. ) ;
#6000 = LINE ( 'NONE', #228, #5164 ) ;
#6001 = B_SPLINE_CURVE_WITH_KNOTS ( 'NONE', 3,
 ( #5272, #2288, #79, #8910, #3838, #2229, #6726, #2185, #8190, #1564, #4468, #8235, #129, #8957 ),
 .UNSPECIFIED., .F., .F.,
 ( 4, 2, 2, 2, 2, 2, 4 ),
 ( 0.000000000000000000, 0.0007337661947641840095, 0.001467532389528368019, 0.001834415486910454928, 0.002201298584292542271, 0.002568181681674629180, 0.002935064779056716523 ),
 .UNSPECIFIED. ) ;
#6002 = DIRECTION ( 'NONE',  ( -0.000000000000000000, -0.000000000000000000, 1.000000000000000000 ) ) ;
#6003 = DIRECTION ( 'NONE',  ( -4.160602366287838157E-14, -0.7071067811865437980, 0.7071067811865512365 ) ) ;
#6004 = ORIENTED_EDGE ( 'NONE', *, *, #6608, .F. ) ;
#6005 = ORIENTED_EDGE ( 'NONE', *, *, #5747, .T. ) ;
#6006 = LINE ( 'NONE', #2380, #4830 ) ;
#6007 = ORIENTED_EDGE ( 'NONE', *, *, #861, .F. ) ;
#6008 = VECTOR ( 'NONE', #6388, 39.37007874015748854 ) ;
#6009 = ORIENTED_EDGE ( 'NONE', *, *, #450, .T. ) ;
#6010 = ORIENTED_EDGE ( 'NONE', *, *, #4215, .T. ) ;
#6011 = EDGE_CURVE ( 'NONE', #5066, #8153, #7105, .T. ) ;
#6012 = FACE_OUTER_BOUND ( 'NONE', #2050, .T. ) ;
#6013 = DIRECTION ( 'NONE',  ( 4.535261055593764468E-14, 1.000000000000000000, -0.000000000000000000 ) ) ;
#6014 = CARTESIAN_POINT ( 'NONE',  ( 1.984375000000025979, 0.2790714234295686436, 0.9174999999999992051 ) ) ;
#6015 = CARTESIAN_POINT ( 'NONE',  ( 2.496794203676986790, -0.5458564770119356258, 0.8439418834258907154 ) ) ;
#6016 = VERTEX_POINT ( 'NONE', #4066 ) ;
#6017 = DIRECTION ( 'NONE',  ( 1.000000000000000000, 0.000000000000000000, 0.000000000000000000 ) ) ;
#6018 = ORIENTED_EDGE ( 'NONE', *, *, #252, .F. ) ;
#6019 = ORIENTED_EDGE ( 'NONE', *, *, #1880, .F. ) ;
#6020 = PLANE ( 'NONE',  #7640 ) ;
#6021 = ORIENTED_EDGE ( 'NONE', *, *, #9455, .F. ) ;
#6022 =( GEOMETRIC_REPRESENTATION_CONTEXT ( 3 ) GLOBAL_UNCERTAINTY_ASSIGNED_CONTEXT ( ( #5687 ) ) GLOBAL_UNIT_ASSIGNED_CONTEXT ( ( #2462, #8227, #8184 ) ) REPRESENTATION_CONTEXT ( 'NONE', 'WORKASPACE' ) );
#6023 = EDGE_CURVE ( 'NONE', #5756, #4280, #6393, .T. ) ;
#6024 = ADVANCED_FACE ( 'NONE', ( #9131 ), #2550, .F. ) ;
#6025 = CARTESIAN_POINT ( 'NONE',  ( -1.859375000000029976, 0.3476343040826271880, 0.9499999999999999556 ) ) ;
#6026 = CARTESIAN_POINT ( 'NONE',  ( 2.429268102159983123, 0.3143944089881923754, 0.8342758506934095930 ) ) ;
#6027 = ORIENTED_EDGE ( 'NONE', *, *, #329, .F. ) ;
#6028 = DIRECTION ( 'NONE',  ( -0.000000000000000000, -0.000000000000000000, -1.000000000000000000 ) ) ;
#6029 = PLANE ( 'NONE',  #1420 ) ;
#6030 = CARTESIAN_POINT ( 'NONE',  ( -1.477000199716365980, -0.06232895486742969643, 0.8474999999999995870 ) ) ;
#6031 = CARTESIAN_POINT ( 'NONE',  ( 1.483749999999997904, -0.1703183294109353318, 0.6999999999999999556 ) ) ;
#6032 = CIRCLE ( 'NONE', #1914, 0.4374999999999960587 ) ;
#6033 = FILL_AREA_STYLE ('',( #212 ) ) ;
#6034 = VERTEX_POINT ( 'NONE', #1922 ) ;
#6035 = ORIENTED_EDGE ( 'NONE', *, *, #5748, .F. ) ;
#6036 = ORIENTED_EDGE ( 'NONE', *, *, #4582, .T. ) ;
#6037 = ORIENTED_EDGE ( 'NONE', *, *, #9214, .F. ) ;
#6038 = EDGE_CURVE ( 'NONE', #2549, #5565, #3305, .T. ) ;
#6039 = CARTESIAN_POINT ( 'NONE',  ( -1.786818850946084059, -0.1952489774411336754, 0.6999999999999999556 ) ) ;
#6040 = EDGE_CURVE ( 'NONE', #7101, #1892, #4161, .T. ) ;
#6041 = CARTESIAN_POINT ( 'NONE',  ( -1.994375000000012443, 0.6404979548822627988, 0.2175000000000000266 ) ) ;
#6042 = DIRECTION ( 'NONE',  ( 0.000000000000000000, 0.000000000000000000, 1.000000000000000000 ) ) ;
#6043 = ORIENTED_EDGE ( 'NONE', *, *, #3792, .T. ) ;
#6044 = CARTESIAN_POINT ( 'NONE',  ( -1.663770825622965521, -0.4171235458104699534, 0.2599999999999999534 ) ) ;
#6045 = ADVANCED_FACE ( 'NONE', ( #8506 ), #9183, .F. ) ;
#6046 =( NAMED_UNIT ( * ) SI_UNIT ( $, .STERADIAN. ) SOLID_ANGLE_UNIT ( ) );
#6047 =( CONVERSION_BASED_UNIT ( 'INCH', #992 ) LENGTH_UNIT ( ) NAMED_UNIT ( #5563 ) );
#6048 = PLANE ( 'NONE',  #2107 ) ;
#6049 = ORIENTED_EDGE ( 'NONE', *, *, #8915, .F. ) ;
#6050 = CARTESIAN_POINT ( 'NONE',  ( 2.298125000000001528, 0.6404979548822472557, 0.2599999999999999534 ) ) ;
#6051 = PLANE ( 'NONE',  #6396 ) ;
#6052 = VECTOR ( 'NONE', #2994, 39.37007874015748143 ) ;
#6053 = DIRECTION ( 'NONE',  ( 0.000000000000000000, 0.000000000000000000, -1.000000000000000000 ) ) ;
#6054 = EDGE_LOOP ( 'NONE', ( #7875, #394 ) ) ;
#6055 = CARTESIAN_POINT ( 'NONE',  ( -2.125000000000000000, 0.000000000000000000, 0.2500000000000000555 ) ) ;
#6056 = VERTEX_POINT ( 'NONE', #8606 ) ;
#6057 = CARTESIAN_POINT ( 'NONE',  ( -1.780000755744757912, 0.0007221241659221596786, 0.9499999999999999556 ) ) ;
#6058 = VECTOR ( 'NONE', #6391, 39.37007874015748854 ) ;
#6059 = EDGE_LOOP ( 'NONE', ( #860, #2034, #1571, #6741 ) ) ;
#6060 = ORIENTED_EDGE ( 'NONE', *, *, #1427, .T. ) ;
#6061 = FACE_OUTER_BOUND ( 'NONE', #1441, .T. ) ;
#6062 = CARTESIAN_POINT ( 'NONE',  ( 1.859375000000025535, 0.4058214234295524081, 0.5999999999999999778 ) ) ;
#6063 = CYLINDRICAL_SURFACE ( 'NONE', #736, 0.01000000000000000715 ) ;
#6064 = LINE ( 'NONE', #4259, #4257 ) ;
#6065 = ORIENTED_EDGE ( 'NONE', *, *, #8989, .F. ) ;
#6066 = DIRECTION ( 'NONE',  ( 1.000000000000000000, 4.535261055593764468E-14, -0.000000000000000000 ) ) ;
#6067 = VECTOR ( 'NONE', #8427, 39.37007874015748854 ) ;
#6068 = VERTEX_POINT ( 'NONE', #9226 ) ;
#6069 = EDGE_CURVE ( 'NONE', #1749, #6716, #4836, .T. ) ;
#6070 = ORIENTED_EDGE ( 'NONE', *, *, #8297, .T. ) ;
#6071 = CIRCLE ( 'NONE', #1959, 0.06424999999999986278 ) ;
#6072 = AXIS2_PLACEMENT_3D ( 'NONE', #2543, #1167, #7835 ) ;
#6073 = CARTESIAN_POINT ( 'NONE',  ( 2.390625000000005329, 0.3476343040825998765, 0.3525000000000004241 ) ) ;
#6074 = LINE ( 'NONE', #6205, #4306 ) ;
#6075 = CARTESIAN_POINT ( 'NONE',  ( 1.786818850946106707, -0.1952489774411181045, 0.6999999999999999556 ) ) ;
#6076 = CARTESIAN_POINT ( 'NONE',  ( -2.416330010742467671, 0.3264267969958722926, 0.8420909932548907850 ) ) ;
#6077 = CARTESIAN_POINT ( 'NONE',  ( -1.654006350946105819, 0.03478902043912935477, 0.9499999999999999556 ) ) ;
#6078 = CARTESIAN_POINT ( 'NONE',  ( -2.255624999999997993, -3.949324281624900689E-16, 0.2500000000000000555 ) ) ;
#6079 = CONICAL_SURFACE ( 'NONE', #6866, 0.3449999999999964762, 0.7853981633974452814 ) ;
#6080 = AXIS2_PLACEMENT_3D ( 'NONE', #5235, #3189, #9056 ) ;
#6081 = ORIENTED_EDGE ( 'NONE', *, *, #8819, .T. ) ;
#6082 = EDGE_CURVE ( 'NONE', #5281, #2379, #2588, .T. ) ;
#6083 = EDGE_CURVE ( 'NONE', #2672, #4930, #7839, .T. ) ;
#6084 = COLOUR_RGB ( '',0.7529411764705882248, 0.7529411764705882248, 0.7529411764705882248 ) ;
#6085 = ORIENTED_EDGE ( 'NONE', *, *, #2141, .T. ) ;
#6086 = ORIENTED_EDGE ( 'NONE', *, *, #1951, .F. ) ;
#6087 = FACE_OUTER_BOUND ( 'NONE', #2384, .T. ) ;
#6088 = AXIS2_PLACEMENT_3D ( 'NONE', #4645, #321, #6129 ) ;
#6089 = DIRECTION ( 'NONE',  ( 0.5000000000000039968, 0.8660254037844362651, -0.000000000000000000 ) ) ;
#6090 = SURFACE_SIDE_STYLE ('',( #1601 ) ) ;
#6091 = ORIENTED_EDGE ( 'NONE', *, *, #4757, .T. ) ;
#6092 = DIRECTION ( 'NONE',  ( 0.6123724356957922499, 0.3535533905932735643, 0.7071067811865493491 ) ) ;
#6093 = CARTESIAN_POINT ( 'NONE',  ( -1.859375000000026645, 0.3476343040826245234, 6.829619984160658046E-17 ) ) ;
#6094 = EDGE_CURVE ( 'NONE', #4093, #9043, #6402, .T. ) ;
#6095 = AXIS2_PLACEMENT_3D ( 'NONE', #3493, #9367, #5699 ) ;
#6096 = CARTESIAN_POINT ( 'NONE',  ( -2.546874999999995559, -0.5502869753213696091, 0.4649999999999999689 ) ) ;
#6097 = ORIENTED_EDGE ( 'NONE', *, *, #1071, .T. ) ;
#6098 = ORIENTED_EDGE ( 'NONE', *, *, #2351, .T. ) ;
#6099 = FACE_BOUND ( 'NONE', #591, .T. ) ;
#6100 = EDGE_CURVE ( 'NONE', #7101, #7045, #8575, .T. ) ;
#6101 = LINE ( 'NONE', #230, #3863 ) ;
#6102 = ORIENTED_EDGE ( 'NONE', *, *, #686, .F. ) ;
#6103 = DIRECTION ( 'NONE',  ( 0.000000000000000000, -0.000000000000000000, -1.000000000000000000 ) ) ;
#6104 = ORIENTED_EDGE ( 'NONE', *, *, #5273, .T. ) ;
#6105 = EDGE_CURVE ( 'NONE', #1998, #5756, #9318, .T. ) ;
#6106 = CARTESIAN_POINT ( 'NONE',  ( -2.450372943056502439, 0.2924745201805921124, 0.3960606752794166852 ) ) ;
#6107 = AXIS2_PLACEMENT_3D ( 'NONE', #9247, #5575, #1006 ) ;
#6108 = ORIENTED_EDGE ( 'NONE', *, *, #5371, .F. ) ;
#6109 = ORIENTED_EDGE ( 'NONE', *, *, #7484, .T. ) ;
#6110 = VECTOR ( 'NONE', #6725, 39.37007874015748143 ) ;
#6111 = CARTESIAN_POINT ( 'NONE',  ( -2.812500000000023093, 0.4058214234295524081, 0.6642500000000000071 ) ) ;
#6112 = DIRECTION ( 'NONE',  ( -0.000000000000000000, -0.000000000000000000, -1.000000000000000000 ) ) ;
#6113 = DIRECTION ( 'NONE',  ( -0.8660254037844431485, 0.4999999999999918954, -0.000000000000000000 ) ) ;
#6114 = ORIENTED_EDGE ( 'NONE', *, *, #6529, .F. ) ;
#6115 = DIRECTION ( 'NONE',  ( 0.4999999999999918954, -0.8660254037844431485, 0.000000000000000000 ) ) ;
#6116 = EDGE_LOOP ( 'NONE', ( #1015, #7025, #2911, #1435 ) ) ;
#6117 = DIRECTION ( 'NONE',  ( 0.000000000000000000, 0.000000000000000000, 1.000000000000000000 ) ) ;
#6118 = ORIENTED_EDGE ( 'NONE', *, *, #8234, .T. ) ;
#6119 = DIRECTION ( 'NONE',  ( -0.7071067811865512365, -0.7071067811865436870, 0.000000000000000000 ) ) ;
#6120 = DIRECTION ( 'NONE',  ( -1.000000000000000000, 7.827072323607353610E-15, 0.000000000000000000 ) ) ;
#6121 = DIRECTION ( 'NONE',  ( 0.000000000000000000, 0.000000000000000000, -1.000000000000000000 ) ) ;
#6122 = FACE_OUTER_BOUND ( 'NONE', #5948, .T. ) ;
#6123 = EDGE_CURVE ( 'NONE', #8916, #5507, #2020, .T. ) ;
#6124 = CARTESIAN_POINT ( 'NONE',  ( 1.691127361437541055, 0.05622084583894616100, 0.2500000000000000555 ) ) ;
#6125 = DIRECTION ( 'NONE',  ( 0.5000000000000036637, -0.8660254037844365982, 0.000000000000000000 ) ) ;
#6126 = ORIENTED_EDGE ( 'NONE', *, *, #4040, .T. ) ;
#6127 = VERTEX_POINT ( 'NONE', #6473 ) ;
#6128 = ORIENTED_EDGE ( 'NONE', *, *, #4511, .T. ) ;
#6129 = DIRECTION ( 'NONE',  ( 1.000000000000000000, 0.000000000000000000, 0.000000000000000000 ) ) ;
#6130 = VECTOR ( 'NONE', #6342, 39.37007874015748143 ) ;
#6131 = LINE ( 'NONE', #1980, #9084 ) ;
#6132 = ADVANCED_FACE ( 'NONE', ( #8751 ), #7929, .F. ) ;
#6133 = CARTESIAN_POINT ( 'NONE',  ( 1.532011138635602343, -0.1889090735589827319, 0.2500000000000002220 ) ) ;
#6134 = ORIENTED_EDGE ( 'NONE', *, *, #7153, .F. ) ;
#6135 = DIRECTION ( 'NONE',  ( 0.8660254037844447028, 0.4999999999999893419, 0.000000000000000000 ) ) ;
#6136 = AXIS2_PLACEMENT_3D ( 'NONE', #6221, #9186, #6269 ) ;
#6137 = CARTESIAN_POINT ( 'NONE',  ( 1.857131350946074733, -0.3170337998483053754, 0.9174999999999992051 ) ) ;
#6138 = B_SPLINE_CURVE_WITH_KNOTS ( 'NONE', 3,
 ( #4508, #5185, #8089, #1654 ),
 .UNSPECIFIED., .F., .F.,
 ( 4, 4 ),
 ( 0.000000000000000000, 0.001266630838601588271 ),
 .UNSPECIFIED. ) ;
#6139 = LINE ( 'NONE', #9100, #6551 ) ;
#6140 = ADVANCED_FACE ( 'NONE', ( #5841 ), #3679, .T. ) ;
#6141 = ADVANCED_FACE ( 'NONE', ( #6611 ), #9418, .F. ) ;
#6142 = AXIS2_PLACEMENT_3D ( 'NONE', #4482, #6646, #3712 ) ;
#6143 = AXIS2_PLACEMENT_3D ( 'NONE', #4970, #540, #7145 ) ;
#6144 = CARTESIAN_POINT ( 'NONE',  ( 1.956752361437507526, -0.4038551499215299323, 0.000000000000000000 ) ) ;
#6145 = VERTEX_POINT ( 'NONE', #6518 ) ;
#6146 = FACE_OUTER_BOUND ( 'NONE', #2477, .T. ) ;
#6147 = ORIENTED_EDGE ( 'NONE', *, *, #4202, .F. ) ;
#6148 = CARTESIAN_POINT ( 'NONE',  ( -2.448825798947563470, 0.2941958052262177437, 0.3917949024850405637 ) ) ;
#6149 = ORIENTED_EDGE ( 'NONE', *, *, #7153, .T. ) ;
#6150 = ORIENTED_EDGE ( 'NONE', *, *, #6023, .T. ) ;
#6151 = EDGE_CURVE ( 'NONE', #502, #8303, #4351, .T. ) ;
#6152 = DIRECTION ( 'NONE',  ( 0.4999999999999903966, -0.8660254037844442587, 0.000000000000000000 ) ) ;
#6153 = DIRECTION ( 'NONE',  ( -0.000000000000000000, -1.000000000000000000, -0.000000000000000000 ) ) ;
#6154 = EDGE_CURVE ( 'NONE', #7820, #5610, #8882, .T. ) ;
#6155 = DIRECTION ( 'NONE',  ( -0.8660254037844660191, -0.4999999999999527045, 0.000000000000000000 ) ) ;
#6156 = ORIENTED_EDGE ( 'NONE', *, *, #144, .T. ) ;
#6157 = CARTESIAN_POINT ( 'NONE',  ( -1.994375000000038423, -5.924184753867600315E-15, 0.2500000000000000555 ) ) ;
#6158 = ORIENTED_EDGE ( 'NONE', *, *, #1880, .T. ) ;
#6159 = ORIENTED_EDGE ( 'NONE', *, *, #1868, .T. ) ;
#6160 = VECTOR ( 'NONE', #7034, 39.37007874015747433 ) ;
#6161 = ORIENTED_EDGE ( 'NONE', *, *, #5520, .T. ) ;
#6162 = CARTESIAN_POINT ( 'NONE',  ( -2.212418012365472197, -0.4286805199005293554, 0.4052457801197263954 ) ) ;
#6163 = DIRECTION ( 'NONE',  ( 0.6560590289905084971, 0.000000000000000000, 0.7547095802227710148 ) ) ;
#6164 = DIRECTION ( 'NONE',  ( -0.4999999999999983347, -0.8660254037844395958, 0.000000000000000000 ) ) ;
#6165 = CARTESIAN_POINT ( 'NONE',  ( -1.668770825622963860, -0.4257837998483152142, 0.9499999999999999556 ) ) ;
#6166 = CARTESIAN_POINT ( 'NONE',  ( -2.498039216857761424, -0.5924136477334630557, 0.8011496496916044041 ) ) ;
#6167 = DIRECTION ( 'NONE',  ( 0.000000000000000000, 0.000000000000000000, 1.000000000000000000 ) ) ;
#6168 = PLANE ( 'NONE',  #3761 ) ;
#6169 = ORIENTED_EDGE ( 'NONE', *, *, #7887, .F. ) ;
#6170 = AXIS2_PLACEMENT_3D ( 'NONE', #377, #2655, #3986 ) ;
#6171 = DIRECTION ( 'NONE',  ( -0.000000000000000000, -0.000000000000000000, 1.000000000000000000 ) ) ;
#6172 = CARTESIAN_POINT ( 'NONE',  ( 1.859375000000002665, 0.6404979548822695712, 6.829619984160658046E-17 ) ) ;
#6173 = DIRECTION ( 'NONE',  ( -0.8660254037844424824, -0.4999999999999936162, 0.000000000000000000 ) ) ;
#6174 = EDGE_LOOP ( 'NONE', ( #8710, #1573, #9161, #3851 ) ) ;
#6175 = LINE ( 'NONE', #3309, #7778 ) ;
#6176 = CARTESIAN_POINT ( 'NONE',  ( 1.667839780658681992, -0.2382494887205523215, 0.000000000000000000 ) ) ;
#6177 = CARTESIAN_POINT ( 'NONE',  ( -2.125000000000000000, 0.000000000000000000, 0.2500000000000000555 ) ) ;
#6178 = LINE ( 'NONE', #6096, #1808 ) ;
#6179 = EDGE_CURVE ( 'NONE', #190, #2765, #305, .T. ) ;
#6180 = DIRECTION ( 'NONE',  ( 0.000000000000000000, 0.000000000000000000, -1.000000000000000000 ) ) ;
#6181 = DIRECTION ( 'NONE',  ( -0.000000000000000000, -0.000000000000000000, 1.000000000000000000 ) ) ;
#6182 = VERTEX_POINT ( 'NONE', #5070 ) ;
#6183 = DIRECTION ( 'NONE',  ( 0.5000000000000039968, -0.8660254037844362651, -0.000000000000000000 ) ) ;
#6184 = CIRCLE ( 'NONE', #8985, 0.3124999999999972800 ) ;
#6185 = ORIENTED_EDGE ( 'NONE', *, *, #4114, .F. ) ;
#6186 = LINE ( 'NONE', #7028, #9015 ) ;
#6187 = EDGE_CURVE ( 'NONE', #4617, #8749, #8795, .T. ) ;
#6188 = EDGE_CURVE ( 'NONE', #1486, #4001, #1822, .T. ) ;
#6189 = ORIENTED_EDGE ( 'NONE', *, *, #786, .T. ) ;
#6190 = ORIENTED_EDGE ( 'NONE', *, *, #6083, .T. ) ;
#6191 = CIRCLE ( 'NONE', #2990, 0.5000000000000000000 ) ;
#6192 = DIRECTION ( 'NONE',  ( 0.000000000000000000, 1.000000000000000000, 0.000000000000000000 ) ) ;
#6193 = LINE ( 'NONE', #4768, #1715 ) ;
#6194 = DIRECTION ( 'NONE',  ( 1.000000000000000000, 0.000000000000000000, 0.000000000000000000 ) ) ;
#6195 = VERTEX_POINT ( 'NONE', #740 ) ;
#6196 = CARTESIAN_POINT ( 'NONE',  ( 1.703124999999971134, -0.5502869753213720516, 0.6999999999999999556 ) ) ;
#6197 = ORIENTED_EDGE ( 'NONE', *, *, #6662, .F. ) ;
#6198 = VERTEX_POINT ( 'NONE', #1403 ) ;
#6199 = CONICAL_SURFACE ( 'NONE', #7463, 0.5324999999999976419, 0.7853981633974452814 ) ;
#6200 = CIRCLE ( 'NONE', #3913, 0.06424999999999986278 ) ;
#6201 = ADVANCED_FACE ( 'NONE', ( #2068 ), #59, .F. ) ;
#6202 = EDGE_CURVE ( 'NONE', #5194, #107, #5114, .T. ) ;
#6203 = ORIENTED_EDGE ( 'NONE', *, *, #6841, .T. ) ;
#6204 = CARTESIAN_POINT ( 'NONE',  ( 0.5324999999999969758, -0.3012499999999982969, 0.000000000000000000 ) ) ;
#6205 = CARTESIAN_POINT ( 'NONE',  ( -2.546874999999995559, -0.5502869753213696091, 0.7350000000000000977 ) ) ;
#6206 = AXIS2_PLACEMENT_3D ( 'NONE', #8499, #6258, #7197 ) ;
#6207 =( GEOMETRIC_REPRESENTATION_CONTEXT ( 3 ) GLOBAL_UNCERTAINTY_ASSIGNED_CONTEXT ( ( #4918 ) ) GLOBAL_UNIT_ASSIGNED_CONTEXT ( ( #9264, #7740, #1260 ) ) REPRESENTATION_CONTEXT ( 'NONE', 'WORKASPACE' ) );
#6208 = CARTESIAN_POINT ( 'NONE',  ( 1.533145825622967307, -0.1908744090717870434, 0.2500000000000000555 ) ) ;
#6209 = DIRECTION ( 'NONE',  ( 0.8660254037844442587, 0.4999999999999903411, 0.000000000000000000 ) ) ;
#6210 = CARTESIAN_POINT ( 'NONE',  ( -1.859375000000026645, 0.3476343040826244679, 0.000000000000000000 ) ) ;
#6211 = LINE ( 'NONE', #7648, #2257 ) ;
#6212 = EDGE_LOOP ( 'NONE', ( #515, #3747 ) ) ;
#6213 = EDGE_LOOP ( 'NONE', ( #2729, #4661, #7068, #8447 ) ) ;
#6214 = EDGE_CURVE ( 'NONE', #4191, #8539, #1672, .T. ) ;
#6215 = AXIS2_PLACEMENT_3D ( 'NONE', #2110, #2773, #6560 ) ;
#6216 = VECTOR ( 'NONE', #6934, 39.37007874015748854 ) ;
#6217 = AXIS2_PLACEMENT_3D ( 'NONE', #7229, #3657, #8001 ) ;
#6218 = ORIENTED_EDGE ( 'NONE', *, *, #2194, .T. ) ;
#6219 = CARTESIAN_POINT ( 'NONE',  ( 2.265624999999998668, 0.2790714234295565421, 0.2599999999999999534 ) ) ;
#6220 = DIRECTION ( 'NONE',  ( -1.000000000000000000, 0.000000000000000000, 0.000000000000000000 ) ) ;
#6221 = CARTESIAN_POINT ( 'NONE',  ( 2.265624999999999556, 0.4058214234295524081, 0.5999999999999999778 ) ) ;
#6222 = VECTOR ( 'NONE', #4685, 39.37007874015748143 ) ;
#6223 = VECTOR ( 'NONE', #7208, 39.37007874015748143 ) ;
#6224 = CARTESIAN_POINT ( 'NONE',  ( 1.533145825622967307, -0.1908744090717876263, 0.2500000000000000555 ) ) ;
#6225 = LINE ( 'NONE', #3443, #1488 ) ;
#6226 = CARTESIAN_POINT ( 'NONE',  ( 1.306874999999987574, 0.000000000000000000, 0.000000000000000000 ) ) ;
#6227 = LENGTH_MEASURE_WITH_UNIT ( LENGTH_MEASURE( 0.02539999999999999897 ), #7710 );
#6228 = LINE ( 'NONE', #9191, #7331 ) ;
#6229 = VECTOR ( 'NONE', #2222, 39.37007874015748143 ) ;
#6230 = CIRCLE ( 'NONE', #602, 0.2500000000000001110 ) ;
#6231 = ORIENTED_EDGE ( 'NONE', *, *, #7641, .T. ) ;
#6232 = DIRECTION ( 'NONE',  ( 1.000000000000000000, 0.000000000000000000, 0.000000000000000000 ) ) ;
#6233 = VECTOR ( 'NONE', #6537, 39.37007874015747433 ) ;
#6234 = CARTESIAN_POINT ( 'NONE',  ( -2.298124999999998419, 0.3904979548822426483, 0.9499999999999999556 ) ) ;
#6235 = ADVANCED_FACE ( 'NONE', ( #5882 ), #4254, .F. ) ;
#6236 = VERTEX_POINT ( 'NONE', #4307 ) ;
#6237 = AXIS2_PLACEMENT_3D ( 'NONE', #1498, #2877, #6427 ) ;
#6238 = CARTESIAN_POINT ( 'NONE',  ( 2.812500000000023093, 0.4058214234295524081, 0.5999999999999999778 ) ) ;
#6239 = ORIENTED_EDGE ( 'NONE', *, *, #9148, .F. ) ;
#6240 = CARTESIAN_POINT ( 'NONE',  ( -2.405742883364027751, 0.3356736947502531598, 0.3538915543536295671 ) ) ;
#6241 = VERTEX_POINT ( 'NONE', #5797 ) ;
#6242 = VECTOR ( 'NONE', #1116, 39.37007874015748143 ) ;
#6243 = VERTEX_POINT ( 'NONE', #787 ) ;
#6244 = DIRECTION ( 'NONE',  ( -0.8660254037844443697, -0.4999999999999902300, -1.256650077085560725E-14 ) ) ;
#6245 = CARTESIAN_POINT ( 'NONE',  ( -2.744999999999998774, -0.2071244090717848652, 0.2175000000000009148 ) ) ;
#6246 = SURFACE_SIDE_STYLE ('',( #3418 ) ) ;
#6247 = EDGE_CURVE ( 'NONE', #6892, #8301, #7157, .T. ) ;
#6248 = VERTEX_POINT ( 'NONE', #597 ) ;
#6249 = PLANE ( 'NONE',  #2086 ) ;
#6250 = EDGE_LOOP ( 'NONE', ( #6566, #7328, #4480, #2203, #1460 ) ) ;
#6251 = ORIENTED_EDGE ( 'NONE', *, *, #9285, .F. ) ;
#6252 = CIRCLE ( 'NONE', #5491, 0.06249999999999967387 ) ;
#6253 = ORIENTED_EDGE ( 'NONE', *, *, #2286, .T. ) ;
#6254 = ORIENTED_EDGE ( 'NONE', *, *, #8308, .F. ) ;
#6255 = CARTESIAN_POINT ( 'NONE',  ( -2.226594859534587023, -0.4255556652531135575, 0.3802642447046675200 ) ) ;
#6256 = DIRECTION ( 'NONE',  ( -1.000000000000000000, 3.023406148612434155E-15, 0.000000000000000000 ) ) ;
#6257 = CIRCLE ( 'NONE', #3665, 0.009999999999999951636 ) ;
#6258 = DIRECTION ( 'NONE',  ( -0.000000000000000000, -1.000000000000000000, -0.000000000000000000 ) ) ;
#6259 = B_SPLINE_CURVE_WITH_KNOTS ( 'NONE', 3,
 ( #2674, #4007, #1073, #4875 ),
 .UNSPECIFIED., .F., .F.,
 ( 4, 4 ),
 ( 4.848749842468926940E-05, 0.001266630838601816821 ),
 .UNSPECIFIED. ) ;
#6260 = CARTESIAN_POINT ( 'NONE',  ( 1.437499999999994893, -0.09021097956086808478, 0.9499999999999999556 ) ) ;
#6261 = EDGE_CURVE ( 'NONE', #1630, #7834, #766, .T. ) ;
#6262 = ADVANCED_FACE ( 'NONE', ( #8652 ), #1358, .F. ) ;
#6263 = CARTESIAN_POINT ( 'NONE',  ( 2.690825201892120155, -0.01996200211991486922, 0.5999999999999999778 ) ) ;
#6264 = DIRECTION ( 'NONE',  ( -0.000000000000000000, -0.000000000000000000, -1.000000000000000000 ) ) ;
#6265 = CARTESIAN_POINT ( 'NONE',  ( -2.390625000000005329, 0.3904979548822426483, 0.9499999999999999556 ) ) ;
#6266 = EDGE_LOOP ( 'NONE', ( #6010, #4292, #4764, #9130 ) ) ;
#6267 = CARTESIAN_POINT ( 'NONE',  ( -2.473410219341328986, -0.2382494887205698075, 0.2500000000000000555 ) ) ;
#6268 = CARTESIAN_POINT ( 'NONE',  ( -0.8325000000000002398, -0.1762500000000011557, 0.000000000000000000 ) ) ;
#6269 = DIRECTION ( 'NONE',  ( -4.251903492084456561E-15, -1.000000000000000000, 0.000000000000000000 ) ) ;
#6270 = EDGE_CURVE ( 'NONE', #2440, #6993, #7591, .T. ) ;
#6271 = EDGE_CURVE ( 'NONE', #4939, #1987, #5023, .T. ) ;
#6272 = LINE ( 'NONE', #1928, #3136 ) ;
#6273 = DIRECTION ( 'NONE',  ( 9.670258384652287244E-16, 0.000000000000000000, 1.000000000000000000 ) ) ;
#6274 = B_SPLINE_CURVE_WITH_KNOTS ( 'NONE', 3,
 ( #8151, #673, #629, #8099, #7323, #3522, #8006, #9494, #1522, #4285, #2096, #83, #4430, #6454 ),
 .UNSPECIFIED., .F., .F.,
 ( 4, 2, 2, 2, 2, 2, 4 ),
 ( 0.000000000000000000, 0.0003295577060318853157, 0.0006591154120637706315, 0.001318230824127521314, 0.001647788530159395625, 0.001977346236191270153, 0.002636461648255014438 ),
 .UNSPECIFIED. ) ;
#6275 = FACE_OUTER_BOUND ( 'NONE', #4136, .T. ) ;
#6276 = ORIENTED_EDGE ( 'NONE', *, *, #5975, .T. ) ;
#6277 = LENGTH_MEASURE_WITH_UNIT ( LENGTH_MEASURE( 0.02539999999999999897 ), #5659 );
#6278 = ORIENTED_EDGE ( 'NONE', *, *, #6514, .F. ) ;
#6279 = CIRCLE ( 'NONE', #8768, 0.2500000000000001110 ) ;
#6280 = ORIENTED_EDGE ( 'NONE', *, *, #9037, .F. ) ;
#6281 = LINE ( 'NONE', #2035, #8406 ) ;
#6282 = DIRECTION ( 'NONE',  ( -0.8660254037844431485, 0.4999999999999918954, -0.000000000000000000 ) ) ;
#6283 = ORIENTED_EDGE ( 'NONE', *, *, #1598, .T. ) ;
#6284 = CARTESIAN_POINT ( 'NONE',  ( -1.788561868644836794, 0.2800360739087937034, 0.2387139260912051475 ) ) ;
#6285 = VECTOR ( 'NONE', #40, 39.37007874015748143 ) ;
#6286 = DIRECTION ( 'NONE',  ( -0.4999999999999963363, 0.8660254037844407060, 0.000000000000000000 ) ) ;
#6287 = VERTEX_POINT ( 'NONE', #8894 ) ;
#6288 = DIRECTION ( 'NONE',  ( 0.4999999999999527600, -0.8660254037844661301, -0.000000000000000000 ) ) ;
#6289 = ORIENTED_EDGE ( 'NONE', *, *, #5263, .T. ) ;
#6290 = VECTOR ( 'NONE', #2446, 39.37007874015748143 ) ;
#6291 = DIRECTION ( 'NONE',  ( 0.4999999999999834577, -0.8660254037844482555, 1.024442997624103667E-14 ) ) ;
#6292 = ORIENTED_EDGE ( 'NONE', *, *, #881, .F. ) ;
#6293 = CARTESIAN_POINT ( 'NONE',  ( 1.691127361437541943, 0.05622084583895026189, 0.3525000000000004241 ) ) ;
#6294 = CYLINDRICAL_SURFACE ( 'NONE', #1862, 0.5000000000000000000 ) ;
#6295 = ORIENTED_EDGE ( 'NONE', *, *, #2746, .F. ) ;
#6296 = DIRECTION ( 'NONE',  ( 0.8660254037844135055, -0.5000000000000432987, -0.000000000000000000 ) ) ;
#6297 = VERTEX_POINT ( 'NONE', #6755 ) ;
#6298 = DIRECTION ( 'NONE',  ( 0.8660254037844448138, 0.4999999999999893419, 0.000000000000000000 ) ) ;
#6299 = EDGE_LOOP ( 'NONE', ( #2239, #3171, #1935, #237 ) ) ;
#6300 = ORIENTED_EDGE ( 'NONE', *, *, #2945, .T. ) ;
#6301 = DIMENSIONAL_EXPONENTS ( 1.000000000000000000, 0.000000000000000000, 0.000000000000000000, 0.000000000000000000, 0.000000000000000000, 0.000000000000000000, 0.000000000000000000 ) ;
#6302 = ADVANCED_FACE ( 'NONE', ( #2398 ), #926, .T. ) ;
#6303 = ADVANCED_FACE ( 'NONE', ( #8172 ), #6708, .F. ) ;
#6304 = VERTEX_POINT ( 'NONE', #5167 ) ;
#6305 = ORIENTED_EDGE ( 'NONE', *, *, #5483, .F. ) ;
#6306 = CYLINDRICAL_SURFACE ( 'NONE', #3649, 0.4374999999999960587 ) ;
#6307 = DIRECTION ( 'NONE',  ( 0.000000000000000000, 0.000000000000000000, 1.000000000000000000 ) ) ;
#6308 = FACE_OUTER_BOUND ( 'NONE', #8614, .T. ) ;
#6309 = PLANE ( 'NONE',  #3843 ) ;
#6310 = CARTESIAN_POINT ( 'NONE',  ( 2.298125000000001528, 0.6404979548822424817, 0.5357500000000000595 ) ) ;
#6311 = VECTOR ( 'NONE', #4186, 39.37007874015748854 ) ;
#6312 = PRESENTATION_STYLE_ASSIGNMENT (( #3391 ) ) ;
#6313 = ADVANCED_FACE ( 'NONE', ( #4491 ), #8126, .F. ) ;
#6314 = ADVANCED_FACE ( 'NONE', ( #8213 ), #876, .T. ) ;
#6315 = ADVANCED_FACE ( 'NONE', ( #2312 ), #1019, .F. ) ;
#6316 = LINE ( 'NONE', #6219, #8568 ) ;
#6317 = LINE ( 'NONE', #9268, #752 ) ;
#6318 = CARTESIAN_POINT ( 'NONE',  ( 1.956752361437507526, -0.4038551499215299323, 0.9499999999999999556 ) ) ;
#6319 = CARTESIAN_POINT ( 'NONE',  ( 1.530211474963956819, -0.1874334985541056542, 0.2500000000000001110 ) ) ;
#6320 = B_SPLINE_CURVE_WITH_KNOTS ( 'NONE', 3,
 ( #2313, #4492, #1543, #975, #4407, #2923, #6805, #7443, #877, #6026, #8981, #2399, #3770, #60, #6709, #2354 ),
 .UNSPECIFIED., .F., .F.,
 ( 4, 2, 2, 2, 2, 2, 2, 4 ),
 ( 0.002937417615281274173, 0.003303932797524175482, 0.003670447979767076357, 0.004036963162009977665, 0.004403478344252878540, 0.004769993526495779415, 0.005136508708738681157, 0.005869539073224492448 ),
 .UNSPECIFIED. ) ;
#6321 = DIRECTION ( 'NONE',  ( 1.092739197465715345E-15, -1.892679809432638867E-15, 1.000000000000000000 ) ) ;
#6322 = DIRECTION ( 'NONE',  ( 0.8660254037844363761, 0.5000000000000041078, -0.000000000000000000 ) ) ;
#6323 = VERTEX_POINT ( 'NONE', #829 ) ;
#6324 = FACE_BOUND ( 'NONE', #8636, .T. ) ;
#6325 = EDGE_CURVE ( 'NONE', #4522, #7426, #3112, .T. ) ;
#6326 = EDGE_CURVE ( 'NONE', #6446, #6243, #308, .T. ) ;
#6327 = ORIENTED_EDGE ( 'NONE', *, *, #5893, .T. ) ;
#6328 = ORIENTED_EDGE ( 'NONE', *, *, #4990, .F. ) ;
#6329 = ORIENTED_EDGE ( 'NONE', *, *, #6841, .F. ) ;
#6330 = CARTESIAN_POINT ( 'NONE',  ( -2.397668588830812464, 0.3421418922953549657, 0.5902160751632917757 ) ) ;
#6331 = AXIS2_PLACEMENT_3D ( 'NONE', #703, #72, #6627 ) ;
#6332 = EDGE_CURVE ( 'NONE', #6198, #8994, #3861, .T. ) ;
#6333 = FACE_OUTER_BOUND ( 'NONE', #48, .T. ) ;
#6334 = ORIENTED_EDGE ( 'NONE', *, *, #3705, .F. ) ;
#6335 = CARTESIAN_POINT ( 'NONE',  ( 2.436637236673755424, -0.02329951384549001914, 0.2509675856017752338 ) ) ;
#6336 = DIRECTION ( 'NONE',  ( 0.000000000000000000, 0.000000000000000000, 1.000000000000000000 ) ) ;
#6337 = DIRECTION ( 'NONE',  ( 0.000000000000000000, -0.000000000000000000, -1.000000000000000000 ) ) ;
#6338 = AXIS2_PLACEMENT_3D ( 'NONE', #9270, #5464, #7061 ) ;
#6339 = VERTEX_POINT ( 'NONE', #8266 ) ;
#6340 = CYLINDRICAL_SURFACE ( 'NONE', #4586, 0.3124999999999974465 ) ;
#6341 = CARTESIAN_POINT ( 'NONE',  ( 2.296370442160278635, -0.2613205341219645983, 0.9175000000000006484 ) ) ;
#6342 = DIRECTION ( 'NONE',  ( 0.000000000000000000, 0.000000000000000000, 1.000000000000000000 ) ) ;
#6343 = CONICAL_SURFACE ( 'NONE', #2230, 0.04249999999999988509, 0.7853981633974513876 ) ;
#6344 = CARTESIAN_POINT ( 'NONE',  ( -1.857131350946074733, -0.3170337998483053754, 0.9174999999999992051 ) ) ;
#6345 = VERTEX_POINT ( 'NONE', #1684 ) ;
#6346 = DIRECTION ( 'NONE',  ( 1.000000000000000000, 0.000000000000000000, 0.000000000000000000 ) ) ;
#6347 = VERTEX_POINT ( 'NONE', #4592 ) ;
#6348 = VERTEX_POINT ( 'NONE', #3207 ) ;
#6349 = VECTOR ( 'NONE', #1994, 39.37007874015748143 ) ;
#6350 = AXIS2_PLACEMENT_3D ( 'NONE', #8101, #2906, #5825 ) ;
#6351 = EDGE_LOOP ( 'NONE', ( #5587, #4131, #1835, #7237 ) ) ;
#6352 = DIRECTION ( 'NONE',  ( -0.5000000000000668354, 0.8660254037844001829, 0.000000000000000000 ) ) ;
#6353 = UNCERTAINTY_MEASURE_WITH_UNIT (LENGTH_MEASURE( 1.000000000000000082E-05 ), #4784, 'distance_accuracy_value', 'NONE');
#6354 = DIRECTION ( 'NONE',  ( 0.000000000000000000, 0.000000000000000000, -1.000000000000000000 ) ) ;
#6355 = LINE ( 'NONE', #1164, #1643 ) ;
#6356 = LINE ( 'NONE', #5787, #2031 ) ;
#6357 = ORIENTED_EDGE ( 'NONE', *, *, #4669, .F. ) ;
#6358 = CONICAL_SURFACE ( 'NONE', #6991, 1.020000000000000018, 0.7853981633974463916 ) ;
#6359 = VERTEX_POINT ( 'NONE', #6804 ) ;
#6360 = B_SPLINE_CURVE_WITH_KNOTS ( 'NONE', 3,
 ( #3878, #3312, #9189, #6824, #2833, #9424, #465, #7214, #1225, #4843, #556, #1983, #5555, #3547, #607, #654 ),
 .UNSPECIFIED., .F., .F.,
 ( 4, 2, 2, 2, 2, 2, 2, 4 ),
 ( 0.002937417615281280245, 0.003303932797524180252, 0.003670447979767080260, 0.004036963162009980267, 0.004403478344252880275, 0.004769993526495780282, 0.005136508708738680290, 0.005869539073224497652 ),
 .UNSPECIFIED. ) ;
#6361 = EDGE_CURVE ( 'NONE', #9363, #1972, #253, .T. ) ;
#6362 = CARTESIAN_POINT ( 'NONE',  ( 2.281250000000000000, 0.2706329386826341055, 0.9175000000000007594 ) ) ;
#6363 = CARTESIAN_POINT ( 'NONE',  ( -1.780000000000001581, 0.000000000000000000, 0.9499999999999999556 ) ) ;
#6364 = VERTEX_POINT ( 'NONE', #6073 ) ;
#6365 = ORIENTED_EDGE ( 'NONE', *, *, #1248, .T. ) ;
#6366 = ORIENTED_EDGE ( 'NONE', *, *, #5893, .F. ) ;
#6367 = COLOUR_RGB ( '',0.7529411764705882248, 0.7529411764705882248, 0.7529411764705882248 ) ;
#6368 = VECTOR ( 'NONE', #1594, 39.37007874015748143 ) ;
#6369 = EDGE_LOOP ( 'NONE', ( #368, #2708, #7705, #8988 ) ) ;
#6370 = DIRECTION ( 'NONE',  ( -0.7071067811865691111, 0.7071067811865260344, -0.000000000000000000 ) ) ;
#6371 = CARTESIAN_POINT ( 'NONE',  ( 2.438410726635508396, 0.6067516740937434205, 0.8254813800261058265 ) ) ;
#6372 = CARTESIAN_POINT ( 'NONE',  ( -2.609374999999999112, -0.4420337998483104269, 0.6999999999999999556 ) ) ;
#6373 = DIRECTION ( 'NONE',  ( 0.4999999999999919509, 0.8660254037844432595, -0.000000000000000000 ) ) ;
#6374 = DIRECTION ( 'NONE',  ( 1.000000000000000000, 0.000000000000000000, -3.316912419377130073E-16 ) ) ;
#6375 = EDGE_CURVE ( 'NONE', #1207, #9255, #9030, .T. ) ;
#6376 = ADVANCED_FACE ( 'NONE', ( #3721 ), #1542, .F. ) ;
#6377 = CARTESIAN_POINT ( 'NONE',  ( 1.691127361437541943, 0.05622084583895026189, 0.4650000000000000799 ) ) ;
#6378 = AXIS2_PLACEMENT_3D ( 'NONE', #8349, #3952, #3150 ) ;
#6379 = VECTOR ( 'NONE', #3322, 39.37007874015748143 ) ;
#6380 = AXIS2_PLACEMENT_3D ( 'NONE', #7004, #7739, #543 ) ;
#6381 = FACE_OUTER_BOUND ( 'NONE', #4611, .T. ) ;
#6382 = ORIENTED_EDGE ( 'NONE', *, *, #7053, .F. ) ;
#6383 = DIRECTION ( 'NONE',  ( 0.000000000000000000, 0.000000000000000000, 1.000000000000000000 ) ) ;
#6384 = ORIENTED_EDGE ( 'NONE', *, *, #2649, .T. ) ;
#6385 = ORIENTED_EDGE ( 'NONE', *, *, #946, .T. ) ;
#6386 = ORIENTED_EDGE ( 'NONE', *, *, #4397, .F. ) ;
#6387 = CARTESIAN_POINT ( 'NONE',  ( -2.392868649053890628, -0.3170337998483087616, 0.6999999999999999556 ) ) ;
#6388 = DIRECTION ( 'NONE',  ( 0.3779644730092253657, -0.6546536707079790851, -0.6546536707079761985 ) ) ;
#6389 = EDGE_CURVE ( 'NONE', #7699, #2577, #9329, .T. ) ;
#6390 = ORIENTED_EDGE ( 'NONE', *, *, #5092, .F. ) ;
#6391 = DIRECTION ( 'NONE',  ( -0.8660254037844448138, 0.4999999999999893419, 0.000000000000000000 ) ) ;
#6392 = LINE ( 'NONE', #2939, #1326 ) ;
#6393 = CIRCLE ( 'NONE', #4411, 0.5325000000000019718 ) ;
#6394 = DIRECTION ( 'NONE',  ( 0.8660254037844378194, 0.5000000000000012212, 0.000000000000000000 ) ) ;
#6395 = AXIS2_PLACEMENT_3D ( 'NONE', #3723, #8073, #7355 ) ;
#6396 = AXIS2_PLACEMENT_3D ( 'NONE', #2291, #5460, #5236 ) ;
#6397 = ORIENTED_EDGE ( 'NONE', *, *, #4835, .F. ) ;
#6398 = VECTOR ( 'NONE', #4547, 39.37007874015748854 ) ;
#6399 = DIRECTION ( 'NONE',  ( 1.000000000000000000, 0.000000000000000000, 0.000000000000000000 ) ) ;
#6400 = CARTESIAN_POINT ( 'NONE',  ( 1.709023164035692322, 0.1355439743007467723, 0.3960606752794166852 ) ) ;
#6401 = DIRECTION ( 'NONE',  ( -0.4999999999999923395, 0.8660254037844429265, -0.000000000000000000 ) ) ;
#6402 = CIRCLE ( 'NONE', #610, 0.06425000000000000155 ) ;
#6403 = LINE ( 'NONE', #2761, #4941 ) ;
#6404 = EDGE_CURVE ( 'NONE', #8641, #532, #352, .T. ) ;
#6405 = ORIENTED_EDGE ( 'NONE', *, *, #8571, .F. ) ;
#6406 = CARTESIAN_POINT ( 'NONE',  ( 2.125000000000000000, 0.000000000000000000, 0.2500000000000000555 ) ) ;
#6407 = VERTEX_POINT ( 'NONE', #4729 ) ;
#6408 = ORIENTED_EDGE ( 'NONE', *, *, #6757, .F. ) ;
#6409 = CIRCLE ( 'NONE', #7965, 0.1124999999999999611 ) ;
#6410 = ADVANCED_FACE ( 'NONE', ( #7781 ), #396, .F. ) ;
#6411 = VERTEX_POINT ( 'NONE', #4054 ) ;
#6412 = DIRECTION ( 'NONE',  ( -0.8660254037844401509, 0.4999999999999972800, 0.000000000000000000 ) ) ;
#6413 = PLANE ( 'NONE',  #2030 ) ;
#6414 = CARTESIAN_POINT ( 'NONE',  ( -2.812500000000023093, 0.6404979548822424817, 0.6642500000000000071 ) ) ;
#6415 = VECTOR ( 'NONE', #3437, 39.37007874015748143 ) ;
#6416 = DIRECTION ( 'NONE',  ( -1.000000000000000000, 1.865610830299460874E-15, 0.000000000000000000 ) ) ;
#6417 = ORIENTED_EDGE ( 'NONE', *, *, #6325, .F. ) ;
#6418 = VECTOR ( 'NONE', #241, 39.37007874015748854 ) ;
#6419 = ORIENTED_EDGE ( 'NONE', *, *, #6969, .T. ) ;
#6420 = CARTESIAN_POINT ( 'NONE',  ( 1.710327891682120960, 0.1394750607929660657, 0.7898321067049647315 ) ) ;
#6421 = CARTESIAN_POINT ( 'NONE',  ( 2.125000000000000000, 0.4764989774411177437, 0.000000000000000000 ) ) ;
#6422 = ORIENTED_EDGE ( 'NONE', *, *, #3643, .T. ) ;
#6423 = ORIENTED_EDGE ( 'NONE', *, *, #854, .T. ) ;
#6424 = AXIS2_PLACEMENT_3D ( 'NONE', #788, #7352, #204 ) ;
#6425 = CIRCLE ( 'NONE', #8903, 0.2500000000000000000 ) ;
#6426 = EDGE_CURVE ( 'NONE', #2391, #5877, #2633, .T. ) ;
#6427 = DIRECTION ( 'NONE',  ( 0.000000000000000000, 0.000000000000000000, -1.000000000000000000 ) ) ;
#6428 = CARTESIAN_POINT ( 'NONE',  ( 2.451525660056900868, 0.6192682622734069220, 0.8011496496916047372 ) ) ;
#6429 = CARTESIAN_POINT ( 'NONE',  ( -2.293247638562451396, -0.4038551499215468632, 2.731847993664263218E-16 ) ) ;
#6430 = DIRECTION ( 'NONE',  ( -0.8660254037844443697, -0.4999999999999902300, 1.639108796198557537E-15 ) ) ;
#6431 = CARTESIAN_POINT ( 'NONE',  ( 1.984375000000025979, 0.2790714234295686436, 0.9499999999999999556 ) ) ;
#6432 = CARTESIAN_POINT ( 'NONE',  ( -1.851624089253341321, 0.3415726297980379300, 0.5950263178092659588 ) ) ;
#6433 = DIRECTION ( 'NONE',  ( 4.251903492084456561E-15, -1.000000000000000000, 0.000000000000000000 ) ) ;
#6434 = ORIENTED_EDGE ( 'NONE', *, *, #3290, .T. ) ;
#6435 = FILL_AREA_STYLE_COLOUR ( '', #6577 ) ;
#6436 = ORIENTED_EDGE ( 'NONE', *, *, #9476, .F. ) ;
#6437 = EDGE_CURVE ( 'NONE', #7461, #613, #537, .T. ) ;
#6438 = ORIENTED_EDGE ( 'NONE', *, *, #4381, .F. ) ;
#6439 = CARTESIAN_POINT ( 'NONE',  ( -1.710327891682111856, 0.1394750607929389485, 0.4100878509056115617 ) ) ;
#6440 = CYLINDRICAL_SURFACE ( 'NONE', #395, 0.06424999999999973788 ) ;
#6441 = ORIENTED_EDGE ( 'NONE', *, *, #2595, .T. ) ;
#6442 = DIRECTION ( 'NONE',  ( -0.000000000000000000, 1.000000000000000000, -0.000000000000000000 ) ) ;
#6443 = CARTESIAN_POINT ( 'NONE',  ( -2.296370442160278635, -0.2613205341219648759, 0.9499999999999999556 ) ) ;
#6444 = CIRCLE ( 'NONE', #2015, 0.06424999999999998768 ) ;
#6445 = CYLINDRICAL_SURFACE ( 'NONE', #5144, 0.4374999999999960587 ) ;
#6446 = VERTEX_POINT ( 'NONE', #6204 ) ;
#6447 = ADVANCED_FACE ( 'NONE', ( #4107 ), #6306, .T. ) ;
#6448 = ADVANCED_FACE ( 'NONE', ( #8545, #9120 ), #1872, .T. ) ;
#6449 = CARTESIAN_POINT ( 'NONE',  ( -2.125000000000000000, 0.000000000000000000, 0.2500000000000001110 ) ) ;
#6450 = DIRECTION ( 'NONE',  ( 0.000000000000000000, 0.000000000000000000, 1.000000000000000000 ) ) ;
#6451 = DIRECTION ( 'NONE',  ( 1.000000000000000000, 0.000000000000000000, 2.185478394931429902E-15 ) ) ;
#6452 = DIRECTION ( 'NONE',  ( -4.535261055593764468E-14, -1.000000000000000000, 0.000000000000000000 ) ) ;
#6453 = VECTOR ( 'NONE', #7252, 39.37007874015748854 ) ;
#6454 = CARTESIAN_POINT ( 'NONE',  ( -2.453125000000005329, 0.6256043137924175435, 0.7849999999999999201 ) ) ;
#6455 = VERTEX_POINT ( 'NONE', #6948 ) ;
#6456 = CYLINDRICAL_SURFACE ( 'NONE', #3595, 0.009999999999999988065 ) ;
#6457 = ORIENTED_EDGE ( 'NONE', *, *, #3242, .T. ) ;
#6458 = ORIENTED_EDGE ( 'NONE', *, *, #7771, .F. ) ;
#6459 = CONICAL_SURFACE ( 'NONE', #970, 0.1124999999999999611, 0.7155849933176767763 ) ;
#6460 = VECTOR ( 'NONE', #6661, 39.37007874015748143 ) ;
#6461 = EDGE_CURVE ( 'NONE', #6323, #914, #219, .T. ) ;
#6462 = ORIENTED_EDGE ( 'NONE', *, *, #2969, .T. ) ;
#6463 = EDGE_CURVE ( 'NONE', #8881, #5805, #6259, .T. ) ;
#6464 = CARTESIAN_POINT ( 'NONE',  ( 2.226594859534587023, -0.4255556652531135575, 0.3802642447046675200 ) ) ;
#6465 = CARTESIAN_POINT ( 'NONE',  ( 2.453125000000005329, 0.6404979548822425928, 0.4150000000000000910 ) ) ;
#6466 = DIRECTION ( 'NONE',  ( -4.535261055593764468E-14, -1.000000000000000000, 0.000000000000000000 ) ) ;
#6467 = FACE_OUTER_BOUND ( 'NONE', #1896, .T. ) ;
#6468 = ORIENTED_EDGE ( 'NONE', *, *, #2699, .F. ) ;
#6469 = EDGE_CURVE ( 'NONE', #301, #1718, #5495, .T. ) ;
#6470 = ORIENTED_EDGE ( 'NONE', *, *, #5853, .F. ) ;
#6471 = CARTESIAN_POINT ( 'NONE',  ( -2.453125000000005329, 0.6256043137924175435, 0.7849999999999999201 ) ) ;
#6472 = DIRECTION ( 'NONE',  ( 1.000000000000000000, 0.000000000000000000, 0.000000000000000000 ) ) ;
#6473 = CARTESIAN_POINT ( 'NONE',  ( 1.859375000000029754, 0.3476343040826271880, 0.5727544197693152928 ) ) ;
#6474 = CARTESIAN_POINT ( 'NONE',  ( 2.445201381572378097, 0.6121392682981662281, 0.8157121042078544493 ) ) ;
#6475 = DIRECTION ( 'NONE',  ( 0.000000000000000000, -0.000000000000000000, -1.000000000000000000 ) ) ;
#6476 = CARTESIAN_POINT ( 'NONE',  ( -1.654006350946105819, 0.03478902043912935477, 0.6999999999999999556 ) ) ;
#6477 = FACE_BOUND ( 'NONE', #4201, .T. ) ;
#6478 = CYLINDRICAL_SURFACE ( 'NONE', #4539, 0.06424999999999990441 ) ;
#6479 = DIRECTION ( 'NONE',  ( 7.649174382259934645E-15, 1.000000000000000000, 0.000000000000000000 ) ) ;
#6480 = AXIS2_PLACEMENT_3D ( 'NONE', #182, #4655, #997 ) ;
#6481 = ORIENTED_EDGE ( 'NONE', *, *, #1954, .T. ) ;
#6482 = CARTESIAN_POINT ( 'NONE',  ( -2.284255622702721755, -0.4076012589772554096, 0.8474999999999995870 ) ) ;
#6483 = DIRECTION ( 'NONE',  ( -0.8660254037844138386, -0.5000000000000431877, 0.000000000000000000 ) ) ;
#6484 = AXIS2_PLACEMENT_3D ( 'NONE', #565, #7805, #3363 ) ;
#6485 = ORIENTED_EDGE ( 'NONE', *, *, #1523, .T. ) ;
#6486 = LINE ( 'NONE', #5713, #1333 ) ;
#6487 = CARTESIAN_POINT ( 'NONE',  ( -2.293247638562451396, -0.4038551499215468632, 0.3525000000000004241 ) ) ;
#6488 = ADVANCED_FACE ( 'NONE', ( #8452, #7828, #2535 ), #4149, .T. ) ;
#6489 = LINE ( 'NONE', #5045, #458 ) ;
#6490 = DIRECTION ( 'NONE',  ( 0.4999999999999983347, -0.8660254037844395958, 0.000000000000000000 ) ) ;
#6491 = CIRCLE ( 'NONE', #7427, 0.06425000000000000155 ) ;
#6492 = ORIENTED_EDGE ( 'NONE', *, *, #946, .F. ) ;
#6493 = CARTESIAN_POINT ( 'NONE',  ( 2.614374999999999449, -0.4333735458104661098, 0.2599999999999999534 ) ) ;
#6494 = CARTESIAN_POINT ( 'NONE',  ( 1.859375000000029976, 0.3476343040826271324, 0.6272455802306846628 ) ) ;
#6495 = DIRECTION ( 'NONE',  ( -2.185478394931412547E-15, 0.000000000000000000, 1.000000000000000000 ) ) ;
#6496 = CARTESIAN_POINT ( 'NONE',  ( 1.985598764986689302, 0.2796925639051816015, 0.2545484930337159057 ) ) ;
#6497 = CARTESIAN_POINT ( 'NONE',  ( -2.546874999999995559, -0.5502869753213696091, 0.4649999999999999689 ) ) ;
#6498 = ORIENTED_EDGE ( 'NONE', *, *, #2831, .T. ) ;
#6499 = LINE ( 'NONE', #9444, #6052 ) ;
#6500 = CONICAL_SURFACE ( 'NONE', #5411, 0.04250000000000101613, 0.7853981633974472798 ) ;
#6501 = ORIENTED_EDGE ( 'NONE', *, *, #3734, .F. ) ;
#6502 = EDGE_CURVE ( 'NONE', #92, #2282, #4542, .T. ) ;
#6503 = ADVANCED_FACE ( 'NONE', ( #5638, #3480, #2912 ), #7284, .T. ) ;
#6504 = EDGE_LOOP ( 'NONE', ( #4441, #5057, #4146, #2131, #2336, #3674, #3143, #6386, #1084, #3414, #1912, #3285 ) ) ;
#6505 = VECTOR ( 'NONE', #2255, 39.37007874015748854 ) ;
#6506 = DIRECTION ( 'NONE',  ( -0.4999999999999533151, -0.8660254037844655750, 0.000000000000000000 ) ) ;
#6507 = PLANE ( 'NONE',  #8171 ) ;
#6508 = CARTESIAN_POINT ( 'NONE',  ( 1.984375000000021094, 0.3904979548822726798, 0.9174999999999992051 ) ) ;
#6509 = FACE_OUTER_BOUND ( 'NONE', #5823, .T. ) ;
#6510 = EDGE_LOOP ( 'NONE', ( #4048, #5633, #5178, #1045, #6562 ) ) ;
#6511 = VERTEX_POINT ( 'NONE', #4 ) ;
#6512 = ADVANCED_FACE ( 'NONE', ( #8595 ), #4967, .F. ) ;
#6513 = CARTESIAN_POINT ( 'NONE',  ( 1.699557446862083543, 0.1020995828581592463, 0.8365655606850085357 ) ) ;
#6514 = EDGE_CURVE ( 'NONE', #8303, #541, #9041, .T. ) ;
#6515 = VECTOR ( 'NONE', #6298, 39.37007874015748854 ) ;
#6516 = DIRECTION ( 'NONE',  ( 0.3535533905932787269, 0.6123724356957905846, -0.7071067811865484609 ) ) ;
#6517 = EDGE_CURVE ( 'NONE', #2689, #262, #2887, .T. ) ;
#6518 = CARTESIAN_POINT ( 'NONE',  ( 2.546874999999995559, -0.5502869753213696091, 0.3525000000000004241 ) ) ;
#6519 = LINE ( 'NONE', #3494, #5481 ) ;
#6520 = VECTOR ( 'NONE', #7560, 39.37007874015747433 ) ;
#6521 = CIRCLE ( 'NONE', #8682, 0.06424999999999986278 ) ;
#6522 = CARTESIAN_POINT ( 'NONE',  ( -2.390625000000005773, 0.6404979548822425928, 0.4150000000000000910 ) ) ;
#6523 = CARTESIAN_POINT ( 'NONE',  ( 2.745000000000000551, -0.2071244090717825059, 0.2600000000000000089 ) ) ;
#6524 = EDGE_CURVE ( 'NONE', #3871, #4923, #4260, .T. ) ;
#6525 = DIRECTION ( 'NONE',  ( 0.000000000000000000, 0.000000000000000000, 1.000000000000000000 ) ) ;
#6526 = FACE_OUTER_BOUND ( 'NONE', #695, .T. ) ;
#6527 = CIRCLE ( 'NONE', #2397, 0.3124999999999972800 ) ;
#6528 = AXIS2_PLACEMENT_3D ( 'NONE', #5751, #1887, #6479 ) ;
#6529 = EDGE_CURVE ( 'NONE', #8301, #6901, #771, .T. ) ;
#6530 = VERTEX_POINT ( 'NONE', #4295 ) ;
#6531 = CARTESIAN_POINT ( 'NONE',  ( 2.515624999999995559, -0.6044135630578968410, 0.4150000000000000910 ) ) ;
#6532 = AXIS2_PLACEMENT_3D ( 'NONE', #4831, #8413, #9085 ) ;
#6533 = LINE ( 'NONE', #2793, #2512 ) ;
#6534 = ORIENTED_EDGE ( 'NONE', *, *, #1380, .F. ) ;
#6535 = DIRECTION ( 'NONE',  ( -0.000000000000000000, -0.000000000000000000, 1.000000000000000000 ) ) ;
#6536 = DIRECTION ( 'NONE',  ( 0.8660254037844353769, 0.5000000000000055511, -0.000000000000000000 ) ) ;
#6537 = DIRECTION ( 'NONE',  ( -0.8660254037844363761, 0.5000000000000041078, 0.000000000000000000 ) ) ;
#6538 = CARTESIAN_POINT ( 'NONE',  ( 2.558872638562463830, 0.05622084583890603338, 0.2500000000000000555 ) ) ;
#6539 = AXIS2_PLACEMENT_3D ( 'NONE', #8340, #6288, #382 ) ;
#6540 = VECTOR ( 'NONE', #7957, 39.37007874015748143 ) ;
#6541 = ORIENTED_EDGE ( 'NONE', *, *, #3424, .F. ) ;
#6542 = DIRECTION ( 'NONE',  ( 1.865610830299460874E-15, 1.000000000000000000, 0.000000000000000000 ) ) ;
#6543 = LINE ( 'NONE', #8773, #2417 ) ;
#6544 = EDGE_CURVE ( 'NONE', #9224, #4556, #3619, .T. ) ;
#6545 = CARTESIAN_POINT ( 'NONE',  ( -2.125000000000000000, 0.000000000000000000, 0.9499999999999999556 ) ) ;
#6546 = CARTESIAN_POINT ( 'NONE',  ( -2.038437500000000124, -0.1499306480301779987, 0.9499999999999999556 ) ) ;
#6547 = CARTESIAN_POINT ( 'NONE',  ( 1.859375000000029976, 0.3476343040826271880, 0.9499999999999999556 ) ) ;
#6548 = ORIENTED_EDGE ( 'NONE', *, *, #3424, .T. ) ;
#6549 = DIRECTION ( 'NONE',  ( 1.000000000000000000, 0.000000000000000000, 0.000000000000000000 ) ) ;
#6550 = AXIS2_PLACEMENT_3D ( 'NONE', #4353, #3636, #5844 ) ;
#6551 = VECTOR ( 'NONE', #902, 39.37007874015748854 ) ;
#6552 = EDGE_LOOP ( 'NONE', ( #2664, #7919, #8744, #9106 ) ) ;
#6553 = ORIENTED_EDGE ( 'NONE', *, *, #5120, .T. ) ;
#6554 = AXIS2_PLACEMENT_3D ( 'NONE', #6718, #170, #5946 ) ;
#6555 = ORIENTED_EDGE ( 'NONE', *, *, #2103, .T. ) ;
#6556 = ADVANCED_FACE ( 'NONE', ( #6557 ), #4193, .F. ) ;
#6557 = FACE_OUTER_BOUND ( 'NONE', #7730, .T. ) ;
#6558 = CARTESIAN_POINT ( 'NONE',  ( 1.951875000000010463, 0.6404979548822711255, 0.9499999999999999556 ) ) ;
#6559 = CARTESIAN_POINT ( 'NONE',  ( -2.298124999999999307, 0.6404979548822425928, 0.6642500000000000071 ) ) ;
#6560 = DIRECTION ( 'NONE',  ( 0.8660254037844395958, -0.4999999999999983902, 0.000000000000000000 ) ) ;
#6561 = ORIENTED_EDGE ( 'NONE', *, *, #7887, .T. ) ;
#6562 = ORIENTED_EDGE ( 'NONE', *, *, #460, .F. ) ;
#6563 = CYLINDRICAL_SURFACE ( 'NONE', #7937, 0.06249999999999967387 ) ;
#6564 = VECTOR ( 'NONE', #8070, 39.37007874015748143 ) ;
#6565 = CARTESIAN_POINT ( 'NONE',  ( 2.305543188425646317, -0.2550694162636903406, 0.2500000000000000555 ) ) ;
#6566 = ORIENTED_EDGE ( 'NONE', *, *, #8826, .T. ) ;
#6567 = EDGE_CURVE ( 'NONE', #3515, #3720, #319, .T. ) ;
#6568 = DIRECTION ( 'NONE',  ( 0.000000000000000000, 0.000000000000000000, -1.000000000000000000 ) ) ;
#6569 = DIRECTION ( 'NONE',  ( -0.000000000000000000, -1.000000000000000000, -0.000000000000000000 ) ) ;
#6570 = DIRECTION ( 'NONE',  ( -1.000000000000000000, 5.142302105720483758E-14, 0.000000000000000000 ) ) ;
#6571 = CARTESIAN_POINT ( 'NONE',  ( -1.648089780658681835, -0.2382494887205523215, 0.1944947243515862401 ) ) ;
#6572 = ORIENTED_EDGE ( 'NONE', *, *, #4990, .T. ) ;
#6573 = LINE ( 'NONE', #4266, #5446 ) ;
#6574 = DIRECTION ( 'NONE',  ( -0.000000000000000000, 1.000000000000000000, -0.000000000000000000 ) ) ;
#6575 = AXIS2_PLACEMENT_3D ( 'NONE', #7769, #4665, #2665 ) ;
#6576 = EDGE_LOOP ( 'NONE', ( #1575, #4251, #8053, #1303, #9311, #7577, #7638, #1855, #6128, #1193, #566, #7780 ) ) ;
#6577 = COLOUR_RGB ( '',0.3764705882352941124, 0.3843137254901960453, 0.3843137254901960453 ) ;
#6578 = EDGE_CURVE ( 'NONE', #2149, #7018, #5730, .T. ) ;
#6579 = CARTESIAN_POINT ( 'NONE',  ( 2.812500000000023093, 0.4058214234295524081, 0.5357500000000000595 ) ) ;
#6580 = ADVANCED_FACE ( 'NONE', ( #7869 ), #8015, .T. ) ;
#6581 = CONICAL_SURFACE ( 'NONE', #7205, 0.3449999999999983635, 0.7853981633974514986 ) ;
#6582 = CARTESIAN_POINT ( 'NONE',  ( -1.951875000000022009, 0.3904979548822711810, 0.6999999999999999556 ) ) ;
#6583 = ORIENTED_EDGE ( 'NONE', *, *, #3571, .F. ) ;
#6584 = PLANE ( 'NONE',  #7305 ) ;
#6585 = DIRECTION ( 'NONE',  ( -1.865610830299460874E-15, 1.000000000000000000, 0.000000000000000000 ) ) ;
#6586 = DIRECTION ( 'NONE',  ( 1.000000000000000000, -7.827072323607353610E-15, 0.000000000000000000 ) ) ;
#6587 = CARTESIAN_POINT ( 'NONE',  ( -2.436168188425644310, -0.02882027952503101939, 0.2500000000000000555 ) ) ;
#6588 = ORIENTED_EDGE ( 'NONE', *, *, #1548, .F. ) ;
#6589 = LINE ( 'NONE', #38, #2305 ) ;
#6590 = CARTESIAN_POINT ( 'NONE',  ( 2.390625000000005329, 0.3476343040825998765, 6.829619984160658046E-17 ) ) ;
#6591 = DIRECTION ( 'NONE',  ( -1.000000000000000000, 1.865610830299460874E-15, 0.000000000000000000 ) ) ;
#6592 = ORIENTED_EDGE ( 'NONE', *, *, #2679, .T. ) ;
#6593 = VERTEX_POINT ( 'NONE', #8738 ) ;
#6594 = DIRECTION ( 'NONE',  ( 0.000000000000000000, 0.000000000000000000, -1.000000000000000000 ) ) ;
#6595 = ORIENTED_EDGE ( 'NONE', *, *, #2256, .T. ) ;
#6596 = ORIENTED_EDGE ( 'NONE', *, *, #8950, .F. ) ;
#6597 = VERTEX_POINT ( 'NONE', #2156 ) ;
#6598 = AXIS2_PLACEMENT_3D ( 'NONE', #9440, #2666, #2853 ) ;
#6599 = CARTESIAN_POINT ( 'NONE',  ( 0.8325000000000002398, 0.1762500000000011557, 0.000000000000000000 ) ) ;
#6600 = CARTESIAN_POINT ( 'NONE',  ( -1.710327891682111856, 0.1394750607929389485, 0.4150000000000000910 ) ) ;
#6601 = DIRECTION ( 'NONE',  ( 2.185478394931412547E-15, 0.000000000000000000, 1.000000000000000000 ) ) ;
#6602 = CARTESIAN_POINT ( 'NONE',  ( -2.293247638562451396, -0.4038551499215468632, 0.9499999999999999556 ) ) ;
#6603 = ORIENTED_EDGE ( 'NONE', *, *, #3971, .T. ) ;
#6604 = ORIENTED_EDGE ( 'NONE', *, *, #4816, .T. ) ;
#6605 = CARTESIAN_POINT ( 'NONE',  ( 2.296370442160278635, -0.2613205341219648203, 0.9175000000000006484 ) ) ;
#6606 = CIRCLE ( 'NONE', #5366, 0.2175000000000120726 ) ;
#6607 = LINE ( 'NONE', #7393, #3015 ) ;
#6608 = EDGE_CURVE ( 'NONE', #6834, #6772, #1437, .T. ) ;
#6609 = ORIENTED_EDGE ( 'NONE', *, *, #4861, .F. ) ;
#6610 = VECTOR ( 'NONE', #1252, 39.37007874015748854 ) ;
#6611 = FACE_OUTER_BOUND ( 'NONE', #7631, .T. ) ;
#6612 = PLANE ( 'NONE',  #3035 ) ;
#6613 = VECTOR ( 'NONE', #2403, 39.37007874015747433 ) ;
#6614 = VERTEX_POINT ( 'NONE', #2723 ) ;
#6615 = CYLINDRICAL_SURFACE ( 'NONE', #9323, 0.06249999999999967387 ) ;
#6616 = DIRECTION ( 'NONE',  ( 0.000000000000000000, 0.000000000000000000, -1.000000000000000000 ) ) ;
#6617 = LINE ( 'NONE', #3725, #2273 ) ;
#6618 = DIRECTION ( 'NONE',  ( -0.5000000000000036637, -0.8660254037844365982, 0.000000000000000000 ) ) ;
#6619 = EDGE_CURVE ( 'NONE', #5175, #5066, #2008, .T. ) ;
#6620 = CARTESIAN_POINT ( 'NONE',  ( -2.425200201892211638, -0.4800379978802461478, 0.5999999999999999778 ) ) ;
#6621 = VERTEX_POINT ( 'NONE', #6599 ) ;
#6622 = EDGE_CURVE ( 'NONE', #6411, #1764, #3754, .T. ) ;
#6623 = ADVANCED_FACE ( 'NONE', ( #3669, #7486 ), #1578, .F. ) ;
#6624 = EDGE_LOOP ( 'NONE', ( #1443, #5884, #4335, #2652 ) ) ;
#6625 = ORIENTED_EDGE ( 'NONE', *, *, #4516, .F. ) ;
#6626 = DIRECTION ( 'NONE',  ( 0.000000000000000000, 1.000000000000000000, 0.000000000000000000 ) ) ;
#6627 = DIRECTION ( 'NONE',  ( 0.8660254037844656860, -0.4999999999999529821, 0.000000000000000000 ) ) ;
#6628 = ORIENTED_EDGE ( 'NONE', *, *, #5964, .T. ) ;
#6629 = DIRECTION ( 'NONE',  ( -0.8660254037844447028, -0.4999999999999894529, 0.000000000000000000 ) ) ;
#6630 = DIRECTION ( 'NONE',  ( 0.000000000000000000, 0.000000000000000000, 1.000000000000000000 ) ) ;
#6631 = ADVANCED_FACE ( 'NONE', ( #6012 ), #2954, .F. ) ;
#6632 = FACE_OUTER_BOUND ( 'NONE', #7094, .T. ) ;
#6633 = ADVANCED_FACE ( 'NONE', ( #8253 ), #1529, .F. ) ;
#6634 = DIRECTION ( 'NONE',  ( -0.8660254037844795638, 0.4999999999999292233, 0.000000000000000000 ) ) ;
#6635 = FACE_OUTER_BOUND ( 'NONE', #5930, .T. ) ;
#6636 = EDGE_CURVE ( 'NONE', #7678, #2870, #7666, .T. ) ;
#6637 = VECTOR ( 'NONE', #1152, 39.37007874015748854 ) ;
#6638 = LINE ( 'NONE', #2187, #9314 ) ;
#6639 =( NAMED_UNIT ( * ) PLANE_ANGLE_UNIT ( ) SI_UNIT ( $, .RADIAN. ) );
#6640 = VERTEX_POINT ( 'NONE', #8201 ) ;
#6641 = CARTESIAN_POINT ( 'NONE',  ( -2.390625000000005773, 0.6404979548822425928, 0.8474999999999995870 ) ) ;
#6642 = ORIENTED_EDGE ( 'NONE', *, *, #8181, .F. ) ;
#6643 = VECTOR ( 'NONE', #7021, 39.37007874015748143 ) ;
#6644 = VERTEX_POINT ( 'NONE', #8306 ) ;
#6645 = CARTESIAN_POINT ( 'NONE',  ( -2.298125000000001528, 0.6404979548822424817, 0.5357500000000000595 ) ) ;
#6646 = DIRECTION ( 'NONE',  ( -1.000000000000000000, -3.023406148612404967E-15, 0.000000000000000000 ) ) ;
#6647 = AXIS2_PLACEMENT_3D ( 'NONE', #6582, #7946, #5040 ) ;
#6648 = CARTESIAN_POINT ( 'NONE',  ( 0.000000000000000000, 0.2087499999999984091, 0.000000000000000000 ) ) ;
#6649 = CARTESIAN_POINT ( 'NONE',  ( 2.505176579365986811, -0.5262123809435418353, 0.8474999999999995870 ) ) ;
#6650 = ORIENTED_EDGE ( 'NONE', *, *, #3970, .T. ) ;
#6651 = CARTESIAN_POINT ( 'NONE',  ( 2.390625000000005773, 0.6404979548822425928, 0.2500000000000000555 ) ) ;
#6652 = ORIENTED_EDGE ( 'NONE', *, *, #8160, .F. ) ;
#6653 =( LENGTH_UNIT ( ) NAMED_UNIT ( * ) SI_UNIT ( $, .METRE. ) );
#6654 = DIRECTION ( 'NONE',  ( 0.8660254037844394848, -0.4999999999999985567, 0.000000000000000000 ) ) ;
#6655 = CIRCLE ( 'NONE', #5112, 0.2174999999999991662 ) ;
#6656 = ORIENTED_EDGE ( 'NONE', *, *, #9404, .T. ) ;
#6657 = DIRECTION ( 'NONE',  ( -0.8660254037844353769, -0.5000000000000056621, 0.000000000000000000 ) ) ;
#6658 = LINE ( 'NONE', #8935, #1513 ) ;
#6659 = ORIENTED_EDGE ( 'NONE', *, *, #4274, .F. ) ;
#6660 = DIRECTION ( 'NONE',  ( 0.8660254037844424824, -0.4999999999999936162, 0.000000000000000000 ) ) ;
#6661 = DIRECTION ( 'NONE',  ( -0.000000000000000000, -0.000000000000000000, 1.000000000000000000 ) ) ;
#6662 = EDGE_CURVE ( 'NONE', #86, #8574, #963, .T. ) ;
#6663 = PLANE ( 'NONE',  #1509 ) ;
#6664 = DIRECTION ( 'NONE',  ( 0.000000000000000000, 0.000000000000000000, -1.000000000000000000 ) ) ;
#6665 = LINE ( 'NONE', #5119, #4527 ) ;
#6666 = EDGE_LOOP ( 'NONE', ( #3379, #719, #8109, #2400 ) ) ;
#6667 = AXIS2_PLACEMENT_3D ( 'NONE', #8525, #663, #8577 ) ;
#6668 = VECTOR ( 'NONE', #2473, 39.37007874015748143 ) ;
#6669 = ORIENTED_EDGE ( 'NONE', *, *, #5864, .T. ) ;
#6670 = DIRECTION ( 'NONE',  ( -0.000000000000000000, -0.000000000000000000, 1.000000000000000000 ) ) ;
#6671 = ADVANCED_FACE ( 'NONE', ( #6696, #148 ), #5967, .F. ) ;
#6672 = EDGE_CURVE ( 'NONE', #1718, #7582, #4481, .T. ) ;
#6673 = CARTESIAN_POINT ( 'NONE',  ( 0.5000000000000000000, 0.2687499999999965472, 0.000000000000000000 ) ) ;
#6674 = ORIENTED_EDGE ( 'NONE', *, *, #1287, .F. ) ;
#6675 = LINE ( 'NONE', #2326, #4372 ) ;
#6676 = VECTOR ( 'NONE', #3599, 39.37007874015748854 ) ;
#6677 = DIRECTION ( 'NONE',  ( -1.000000000000000000, 0.000000000000000000, 0.000000000000000000 ) ) ;
#6678 = CARTESIAN_POINT ( 'NONE',  ( -1.598458325622968745, -0.3039989774411329670, 0.2500000000000000555 ) ) ;
#6679 = CARTESIAN_POINT ( 'NONE',  ( -2.125000000000000000, 0.4764989774411177437, 0.2500000000000000555 ) ) ;
#6680 = ORIENTED_EDGE ( 'NONE', *, *, #6672, .F. ) ;
#6681 = CARTESIAN_POINT ( 'NONE',  ( 1.432303858867416846, -0.02808304632601995449, 0.8122190699021964999 ) ) ;
#6682 = AXIS2_PLACEMENT_3D ( 'NONE', #63, #2267, #6660 ) ;
#6683 = AXIS2_PLACEMENT_3D ( 'NONE', #2872, #3580, #8793 ) ;
#6684 = AXIS2_PLACEMENT_3D ( 'NONE', #4794, #9272, #464 ) ;
#6685 = DIRECTION ( 'NONE',  ( 1.000000000000000000, 0.000000000000000000, 0.000000000000000000 ) ) ;
#6686 = EDGE_CURVE ( 'NONE', #1810, #7123, #2249, .T. ) ;
#6687 = EDGE_CURVE ( 'NONE', #294, #7101, #1860, .T. ) ;
#6688 = DIRECTION ( 'NONE',  ( -0.4999999999999923950, 0.8660254037844430375, -0.000000000000000000 ) ) ;
#6689 = ORIENTED_EDGE ( 'NONE', *, *, #2178, .F. ) ;
#6690 = DIRECTION ( 'NONE',  ( 0.000000000000000000, 0.000000000000000000, -1.000000000000000000 ) ) ;
#6691 = ORIENTED_EDGE ( 'NONE', *, *, #376, .T. ) ;
#6692 = VECTOR ( 'NONE', #2302, 39.37007874015748143 ) ;
#6693 = AXIS2_PLACEMENT_3D ( 'NONE', #8066, #1490, #4199 ) ;
#6694 = ORIENTED_EDGE ( 'NONE', *, *, #2594, .T. ) ;
#6695 = ADVANCED_FACE ( 'NONE', ( #6061 ), #3805, .F. ) ;
#6696 = FACE_BOUND ( 'NONE', #4502, .T. ) ;
#6697 = CARTESIAN_POINT ( 'NONE',  ( -2.330368649053886632, -0.4252869753213685544, 0.9499999999999999556 ) ) ;
#6698 = ADVANCED_FACE ( 'NONE', ( #4623 ), #49, .F. ) ;
#6699 = VECTOR ( 'NONE', #7692, 39.37007874015748143 ) ;
#6700 = VECTOR ( 'NONE', #7421, 39.37007874015748143 ) ;
#6701 = CARTESIAN_POINT ( 'NONE',  ( 2.296874244255246111, -0.2991391718944301781, 0.9499999999999999556 ) ) ;
#6702 = CARTESIAN_POINT ( 'NONE',  ( 2.059687500000002558, 0.1131245683693413717, 0.2600000000000000089 ) ) ;
#6703 = ORIENTED_EDGE ( 'NONE', *, *, #9225, .F. ) ;
#6704 = CARTESIAN_POINT ( 'NONE',  ( -1.762299798107778814, -0.3717848224071720331, 0.5999999999999999778 ) ) ;
#6705 = ORIENTED_EDGE ( 'NONE', *, *, #8357, .F. ) ;
#6706 = DIRECTION ( 'NONE',  ( -0.8660254037844348218, 0.5000000000000066613, 0.000000000000000000 ) ) ;
#6707 = VERTEX_POINT ( 'NONE', #8829 ) ;
#6708 = PLANE ( 'NONE',  #9035 ) ;
#6709 = CARTESIAN_POINT ( 'NONE',  ( 2.398365233537461005, 0.3417200444446956697, 0.8474999999999994760 ) ) ;
#6710 = ORIENTED_EDGE ( 'NONE', *, *, #5985, .T. ) ;
#6711 = DIRECTION ( 'NONE',  ( 5.090879084663727145E-14, 1.000000000000000000, -0.000000000000000000 ) ) ;
#6712 = CARTESIAN_POINT ( 'NONE',  ( -2.398365233537461005, 0.3417200444446956697, 0.8474999999999994760 ) ) ;
#6713 = CARTESIAN_POINT ( 'NONE',  ( -2.650160219341328727, -0.2382494887205698075, 0.2500000000000000555 ) ) ;
#6714 = FACE_OUTER_BOUND ( 'NONE', #2115, .T. ) ;
#6715 = CARTESIAN_POINT ( 'NONE',  ( 1.780000755744757912, 0.0007221241659221596786, 0.9499999999999999556 ) ) ;
#6716 = VERTEX_POINT ( 'NONE', #6645 ) ;
#6717 = ORIENTED_EDGE ( 'NONE', *, *, #2639, .F. ) ;
#6718 = CARTESIAN_POINT ( 'NONE',  ( 2.609374999999999112, -0.4420337998483104269, 0.9499999999999999556 ) ) ;
#6719 = CARTESIAN_POINT ( 'NONE',  ( -1.859375000000008882, 0.6404979548822717916, 0.9499999999999999556 ) ) ;
#6720 = FACE_OUTER_BOUND ( 'NONE', #4833, .T. ) ;
#6721 = ORIENTED_EDGE ( 'NONE', *, *, #3639, .T. ) ;
#6722 = CIRCLE ( 'NONE', #1686, 0.3124999999999972800 ) ;
#6723 = CARTESIAN_POINT ( 'NONE',  ( 1.635624999999970353, -0.4333735458104704397, 0.2174999999999991107 ) ) ;
#6724 = DIRECTION ( 'NONE',  ( 0.000000000000000000, 0.000000000000000000, 1.000000000000000000 ) ) ;
#6725 = DIRECTION ( 'NONE',  ( -0.000000000000000000, -0.000000000000000000, -1.000000000000000000 ) ) ;
#6726 = CARTESIAN_POINT ( 'NONE',  ( 2.437765891387920547, 0.3059356744434871822, 0.3737597234363084220 ) ) ;
#6727 = ADVANCED_FACE ( 'NONE', ( #5920 ), #325, .F. ) ;
#6728 = ADVANCED_FACE ( 'NONE', ( #7430 ), #5036, .F. ) ;
#6729 = ORIENTED_EDGE ( 'NONE', *, *, #1195, .T. ) ;
#6730 = DIRECTION ( 'NONE',  ( -0.3535533905932651266, -0.6123724356957970238, 0.7071067811865496822 ) ) ;
#6731 = CIRCLE ( 'NONE', #3810, 0.5324999999999976419 ) ;
#6732 = DIRECTION ( 'NONE',  ( -1.865610830299460874E-15, 1.000000000000000000, 0.000000000000000000 ) ) ;
#6733 = DIRECTION ( 'NONE',  ( -0.000000000000000000, -0.000000000000000000, -1.000000000000000000 ) ) ;
#6734 = ORIENTED_EDGE ( 'NONE', *, *, #9118, .T. ) ;
#6735 = ORIENTED_EDGE ( 'NONE', *, *, #6270, .F. ) ;
#6736 = LINE ( 'NONE', #954, #2991 ) ;
#6737 = EDGE_LOOP ( 'NONE', ( #6784, #3654, #7457, #5881 ) ) ;
#6738 = EDGE_CURVE ( 'NONE', #6339, #6989, #4426, .T. ) ;
#6739 = ADVANCED_FACE ( 'NONE', ( #8442 ), #8486, .T. ) ;
#6740 = ADVANCED_FACE ( 'NONE', ( #7032 ), #342, .F. ) ;
#6741 = ORIENTED_EDGE ( 'NONE', *, *, #6869, .F. ) ;
#6742 = ORIENTED_EDGE ( 'NONE', *, *, #2141, .F. ) ;
#6743 = CARTESIAN_POINT ( 'NONE',  ( 2.425200201892211638, -0.4800379978802461478, 0.5999999999999999778 ) ) ;
#6744 = LINE ( 'NONE', #50, #5060 ) ;
#6745 = PLANE ( 'NONE',  #4841 ) ;
#6746 = CARTESIAN_POINT ( 'NONE',  ( 2.494058780046082724, -0.5575487606996099021, 0.8389174173226138231 ) ) ;
#6747 = VERTEX_POINT ( 'NONE', #2524 ) ;
#6748 = CARTESIAN_POINT ( 'NONE',  ( 2.125000000000000000, 0.000000000000000000, 0.9499999999999999556 ) ) ;
#6749 = VERTEX_POINT ( 'NONE', #2578 ) ;
#6750 = FACE_OUTER_BOUND ( 'NONE', #8441, .T. ) ;
#6751 = ADVANCED_FACE ( 'NONE', ( #9110 ), #5430, .T. ) ;
#6752 = EDGE_CURVE ( 'NONE', #3003, #1864, #386, .T. ) ;
#6753 = VECTOR ( 'NONE', #3659, 39.37007874015748143 ) ;
#6754 = ORIENTED_EDGE ( 'NONE', *, *, #2309, .T. ) ;
#6755 = CARTESIAN_POINT ( 'NONE',  ( 1.167433081593972632, -0.2687500000000004885, 0.2500000000000002220 ) ) ;
#6756 = CARTESIAN_POINT ( 'NONE',  ( 2.125000000000000000, 0.000000000000000000, 0.9499999999999999556 ) ) ;
#6757 = EDGE_CURVE ( 'NONE', #3612, #3753, #6722, .T. ) ;
#6758 = ORIENTED_EDGE ( 'NONE', *, *, #732, .F. ) ;
#6759 = CARTESIAN_POINT ( 'NONE',  ( 1.479198420634004973, -0.06613638518304112979, 0.8474999999999995870 ) ) ;
#6760 = CARTESIAN_POINT ( 'NONE',  ( -2.448819130306012948, 0.2942027737635293794, 0.8082115781183681902 ) ) ;
#6761 = DIRECTION ( 'NONE',  ( -0.8660254037844659081, -0.4999999999999530376, 0.000000000000000000 ) ) ;
#6762 = CIRCLE ( 'NONE', #3089, 0.04249999999999893446 ) ;
#6763 = CARTESIAN_POINT ( 'NONE',  ( 0.000000000000000000, 0.3012499999999982969, 0.000000000000000000 ) ) ;
#6764 = CARTESIAN_POINT ( 'NONE',  ( -2.265624999999998668, 0.2790714234295565421, 0.6642500000000000071 ) ) ;
#6765 = ORIENTED_EDGE ( 'NONE', *, *, #3815, .T. ) ;
#6766 = EDGE_LOOP ( 'NONE', ( #9460, #5013, #383, #2836 ) ) ;
#6767 = AXIS2_PLACEMENT_3D ( 'NONE', #7402, #1545, #6616 ) ;
#6768 = ORIENTED_EDGE ( 'NONE', *, *, #1023, .T. ) ;
#6769 = ORIENTED_EDGE ( 'NONE', *, *, #497, .F. ) ;
#6770 = CARTESIAN_POINT ( 'NONE',  ( 2.812500000000023093, 0.4058214234295524081, 0.6642500000000000071 ) ) ;
#6771 = FACE_OUTER_BOUND ( 'NONE', #1293, .T. ) ;
#6772 = VERTEX_POINT ( 'NONE', #482 ) ;
#6773 = LINE ( 'NONE', #1703, #5440 ) ;
#6774 =( NAMED_UNIT ( * ) PLANE_ANGLE_UNIT ( ) SI_UNIT ( $, .RADIAN. ) );
#6775 = DIRECTION ( 'NONE',  ( 0.4999999999999923395, 0.8660254037844429265, 0.000000000000000000 ) ) ;
#6776 = DIRECTION ( 'NONE',  ( 0.8660254037844135055, -0.5000000000000432987, 0.000000000000000000 ) ) ;
#6777 = ORIENTED_EDGE ( 'NONE', *, *, #3780, .T. ) ;
#6778 = ORIENTED_EDGE ( 'NONE', *, *, #8714, .T. ) ;
#6779 = CARTESIAN_POINT ( 'NONE',  ( 2.293247638562451396, -0.4038551499215468632, 0.9499999999999999556 ) ) ;
#6780 = PLANE ( 'NONE',  #4088 ) ;
#6781 = DIRECTION ( 'NONE',  ( 0.5000000000000041078, -0.8660254037844362651, 2.185478394931412152E-15 ) ) ;
#6782 = EDGE_CURVE ( 'NONE', #1749, #3629, #8347, .T. ) ;
#6783 = EDGE_LOOP ( 'NONE', ( #5963, #3170, #7481, #2985, #911, #5436, #104 ) ) ;
#6784 = ORIENTED_EDGE ( 'NONE', *, *, #7586, .T. ) ;
#6785 = EDGE_LOOP ( 'NONE', ( #6189, #1394, #8665, #6019 ) ) ;
#6786 = DIRECTION ( 'NONE',  ( -3.316912419377130073E-16, 0.000000000000000000, -1.000000000000000000 ) ) ;
#6787 = ORIENTED_EDGE ( 'NONE', *, *, #2371, .T. ) ;
#6788 = STYLED_ITEM ( 'NONE', ( #2667 ), #2482 ) ;
#6789 = ORIENTED_EDGE ( 'NONE', *, *, #4043, .F. ) ;
#6790 = ORIENTED_EDGE ( 'NONE', *, *, #889, .T. ) ;
#6791 = CARTESIAN_POINT ( 'NONE',  ( 1.953629557839697384, -0.2613205341219492217, 0.2572107205775365224 ) ) ;
#6792 = CARTESIAN_POINT ( 'NONE',  ( 2.558872638562463830, 0.05622084583890603338, 6.829619984160658046E-17 ) ) ;
#6793 = DIRECTION ( 'NONE',  ( -0.000000000000000000, -0.000000000000000000, 1.000000000000000000 ) ) ;
#6794 = CARTESIAN_POINT ( 'NONE',  ( 2.494071741899152705, -0.5778607915295225217, 0.8223310893196605909 ) ) ;
#6795 = ADVANCED_FACE ( 'NONE', ( #1813 ), #7200, .F. ) ;
#6796 = EDGE_CURVE ( 'NONE', #4930, #1962, #1536, .T. ) ;
#6797 = ORIENTED_EDGE ( 'NONE', *, *, #3802, .F. ) ;
#6798 = LINE ( 'NONE', #968, #4964 ) ;
#6799 = VECTOR ( 'NONE', #9481, 39.37007874015748143 ) ;
#6800 = VERTEX_POINT ( 'NONE', #295 ) ;
#6801 =( NAMED_UNIT ( * ) SI_UNIT ( $, .STERADIAN. ) SOLID_ANGLE_UNIT ( ) );
#6802 = ORIENTED_EDGE ( 'NONE', *, *, #1552, .F. ) ;
#6803 = VECTOR ( 'NONE', #4996, 39.37007874015748143 ) ;
#6804 = CARTESIAN_POINT ( 'NONE',  ( -1.984375000000010880, 0.6079979548822714852, 0.6642500000000000071 ) ) ;
#6805 = CARTESIAN_POINT ( 'NONE',  ( 2.442754307890678156, 0.3007511886581158977, 0.8197202386689927955 ) ) ;
#6806 = DIRECTION ( 'NONE',  ( 0.4999999999999918954, -0.8660254037844431485, -0.000000000000000000 ) ) ;
#6807 = CARTESIAN_POINT ( 'NONE',  ( -2.442754307890678156, 0.3007511886581158977, 0.8197202386689927955 ) ) ;
#6808 = EDGE_CURVE ( 'NONE', #7123, #9077, #7724, .T. ) ;
#6809 = DIRECTION ( 'NONE',  ( -0.000000000000000000, -0.000000000000000000, 1.000000000000000000 ) ) ;
#6810 = FACE_OUTER_BOUND ( 'NONE', #8386, .T. ) ;
#6811 = FACE_OUTER_BOUND ( 'NONE', #618, .T. ) ;
#6812 = B_SPLINE_CURVE_WITH_KNOTS ( 'NONE', 3,
 ( #6057, #9014, #5740, #5024 ),
 .UNSPECIFIED., .F., .F.,
 ( 4, 4 ),
 ( 0.000000000000000000, 4.848749842468926940E-05 ),
 .UNSPECIFIED. ) ;
#6813 = ORIENTED_EDGE ( 'NONE', *, *, #8297, .F. ) ;
#6814 = VERTEX_POINT ( 'NONE', #4864 ) ;
#6815 = ORIENTED_EDGE ( 'NONE', *, *, #1415, .F. ) ;
#6816 = ORIENTED_EDGE ( 'NONE', *, *, #5080, .F. ) ;
#6817 = DIRECTION ( 'NONE',  ( 0.8660254037844660191, -0.4999999999999527045, 0.000000000000000000 ) ) ;
#6818 = VECTOR ( 'NONE', #1729, 39.37007874015748143 ) ;
#6819 = DIRECTION ( 'NONE',  ( -0.4999999999999918954, -0.8660254037844431485, 0.000000000000000000 ) ) ;
#6820 = EDGE_CURVE ( 'NONE', #1455, #5134, #6252, .T. ) ;
#6821 = CARTESIAN_POINT ( 'NONE',  ( 2.546874999999995559, -0.5502869753213696091, 0.7350000000000000977 ) ) ;
#6822 = ORIENTED_EDGE ( 'NONE', *, *, #8033, .T. ) ;
#6823 = DIRECTION ( 'NONE',  ( 1.000000000000000000, 0.000000000000000000, 0.000000000000000000 ) ) ;
#6824 = CARTESIAN_POINT ( 'NONE',  ( 2.215576187212736414, -0.4280243171842719185, 0.8038757313803484017 ) ) ;
#6825 = ADVANCED_FACE ( 'NONE', ( #2621 ), #1905, .F. ) ;
#6826 = DIRECTION ( 'NONE',  ( 0.000000000000000000, 0.000000000000000000, -1.000000000000000000 ) ) ;
#6827 = MECHANICAL_DESIGN_GEOMETRIC_PRESENTATION_REPRESENTATION (  '', ( #3147 ), #9458 ) ;
#6828 = ORIENTED_EDGE ( 'NONE', *, *, #8341, .F. ) ;
#6829 = ORIENTED_EDGE ( 'NONE', *, *, #3094, .T. ) ;
#6830 = FACE_OUTER_BOUND ( 'NONE', #3856, .T. ) ;
#6831 = AXIS2_PLACEMENT_3D ( 'NONE', #7751, #1930, #6433 ) ;
#6832 = CIRCLE ( 'NONE', #2690, 0.04449999999999948441 ) ;
#6833 = CARTESIAN_POINT ( 'NONE',  ( 2.493160219341328698, -0.2382494887205698075, 0.2500000000000000555 ) ) ;
#6834 = VERTEX_POINT ( 'NONE', #1198 ) ;
#6835 = DIRECTION ( 'NONE',  ( -0.8660254037844363761, 0.5000000000000041078, 0.000000000000000000 ) ) ;
#6836 = VERTEX_POINT ( 'NONE', #4094 ) ;
#6837 = CARTESIAN_POINT ( 'NONE',  ( 1.691127361437541943, 0.05622084583895026189, 0.9499999999999999556 ) ) ;
#6838 = PRESENTATION_LAYER_ASSIGNMENT (  '', '', ( #8390 ) ) ;
#6839 = VECTOR ( 'NONE', #2610, 39.37007874015748854 ) ;
#6840 = VERTEX_POINT ( 'NONE', #6293 ) ;
#6841 = EDGE_CURVE ( 'NONE', #8484, #6455, #779, .T. ) ;
#6842 = VERTEX_POINT ( 'NONE', #6843 ) ;
#6843 = CARTESIAN_POINT ( 'NONE',  ( 2.582160219341328666, -0.2382494887205698075, 0.2500000000000000555 ) ) ;
#6844 = LINE ( 'NONE', #435, #8314 ) ;
#6845 = FACE_OUTER_BOUND ( 'NONE', #5268, .T. ) ;
#6846 = CARTESIAN_POINT ( 'NONE',  ( 1.807738770884311341, 0.3012499999999982969, 6.829619984160658046E-17 ) ) ;
#6847 = ORIENTED_EDGE ( 'NONE', *, *, #6544, .F. ) ;
#6848 = AXIS2_PLACEMENT_3D ( 'NONE', #1531, #8017, #8687 ) ;
#6849 = DIRECTION ( 'NONE',  ( -0.000000000000000000, 1.000000000000000000, -0.000000000000000000 ) ) ;
#6850 = CIRCLE ( 'NONE', #7633, 0.06425000000000000155 ) ;
#6851 = AXIS2_PLACEMENT_3D ( 'NONE', #8942, #3023, #5943 ) ;
#6852 = EDGE_LOOP ( 'NONE', ( #5523, #7865, #393, #8012 ) ) ;
#6853 = AXIS2_PLACEMENT_3D ( 'NONE', #8062, #8832, #1532 ) ;
#6854 = EDGE_CURVE ( 'NONE', #1159, #636, #3198, .T. ) ;
#6855 = DIRECTION ( 'NONE',  ( -0.5000000000000038858, -0.8660254037844363761, 2.185478394931430296E-15 ) ) ;
#6856 = ORIENTED_EDGE ( 'NONE', *, *, #8712, .T. ) ;
#6857 = CIRCLE ( 'NONE', #4857, 0.06424999999999979339 ) ;
#6858 = AXIS2_PLACEMENT_3D ( 'NONE', #8262, #3109, #5976 ) ;
#6859 = DIRECTION ( 'NONE',  ( 0.000000000000000000, 0.000000000000000000, -1.000000000000000000 ) ) ;
#6860 = DIRECTION ( 'NONE',  ( 0.9659258262890620950, -0.2588190451025437211, 0.000000000000000000 ) ) ;
#6861 = DIRECTION ( 'NONE',  ( 0.000000000000000000, 0.000000000000000000, -1.000000000000000000 ) ) ;
#6862 = CARTESIAN_POINT ( 'NONE',  ( 2.293247638562451396, -0.4038551499215468632, 0.9499999999999999556 ) ) ;
#6863 = CARTESIAN_POINT ( 'NONE',  ( 2.609374999999999112, -0.4420337998483104269, 0.000000000000000000 ) ) ;
#6864 = DIRECTION ( 'NONE',  ( 1.000000000000000000, 0.000000000000000000, 0.000000000000000000 ) ) ;
#6865 = VECTOR ( 'NONE', #6817, 39.37007874015747433 ) ;
#6866 = AXIS2_PLACEMENT_3D ( 'NONE', #2317, #4410, #932 ) ;
#6867 = AXIS2_PLACEMENT_3D ( 'NONE', #7107, #3440, #5701 ) ;
#6868 = EDGE_CURVE ( 'NONE', #6840, #8586, #9192, .T. ) ;
#6869 = EDGE_CURVE ( 'NONE', #1599, #704, #7042, .T. ) ;
#6870 = VECTOR ( 'NONE', #1605, 39.37007874015748854 ) ;
#6871 = EDGE_LOOP ( 'NONE', ( #8929, #5037 ) ) ;
#6872 = CARTESIAN_POINT ( 'NONE',  ( -1.559174798107780591, -0.01996200211974713534, 0.6642499999999997851 ) ) ;
#6873 = CARTESIAN_POINT ( 'NONE',  ( 0.9376234198628758953, -0.2687500000000004885, 0.4015748031496065296 ) ) ;
#6874 = ORIENTED_EDGE ( 'NONE', *, *, #4620, .F. ) ;
#6875 = CARTESIAN_POINT ( 'NONE',  ( -1.437499999999995337, -0.09021097956086862601, 0.4649999999999999689 ) ) ;
#6876 = SURFACE_SIDE_STYLE ('',( #7609 ) ) ;
#6877 = CARTESIAN_POINT ( 'NONE',  ( 1.813004557839720920, -0.01775088930758956032, 0.9499999999999999556 ) ) ;
#6878 = VECTOR ( 'NONE', #9406, 39.37007874015748143 ) ;
#6879 = FACE_OUTER_BOUND ( 'NONE', #517, .T. ) ;
#6880 = ADVANCED_FACE ( 'NONE', ( #713 ), #9396, .T. ) ;
#6881 = EDGE_CURVE ( 'NONE', #5378, #3902, #3055, .T. ) ;
#6882 = ORIENTED_EDGE ( 'NONE', *, *, #667, .F. ) ;
#6883 = CARTESIAN_POINT ( 'NONE',  ( -1.859375000000026645, 0.3904979548822720137, 0.9499999999999999556 ) ) ;
#6884 = VECTOR ( 'NONE', #4677, 39.37007874015747433 ) ;
#6885 = CARTESIAN_POINT ( 'NONE',  ( -1.953629557839698050, -0.2613205341219492772, 0.9174999999999992051 ) ) ;
#6886 = ORIENTED_EDGE ( 'NONE', *, *, #8461, .T. ) ;
#6887 = CARTESIAN_POINT ( 'NONE',  ( -1.710327891682111856, 0.1394750607929389485, 0.9499999999999999556 ) ) ;
#6888 = CARTESIAN_POINT ( 'NONE',  ( -2.690825201892120155, -0.01996200211991486922, 0.5999999999999999778 ) ) ;
#6889 = LINE ( 'NONE', #1002, #291 ) ;
#6890 = VECTOR ( 'NONE', #9368, 39.37007874015748143 ) ;
#6891 = CIRCLE ( 'NONE', #2743, 0.1124999999999999611 ) ;
#6892 = VERTEX_POINT ( 'NONE', #3609 ) ;
#6893 = ORIENTED_EDGE ( 'NONE', *, *, #2072, .T. ) ;
#6894 = CARTESIAN_POINT ( 'NONE',  ( 1.654006350946105819, 0.03478902043912935477, 0.6999999999999999556 ) ) ;
#6895 = CARTESIAN_POINT ( 'NONE',  ( 2.265624999999999112, 0.4058214234295524081, 0.5357500000000000595 ) ) ;
#6896 = DIRECTION ( 'NONE',  ( 0.4999999999999533151, -0.8660254037844655750, 0.000000000000000000 ) ) ;
#6897 = ORIENTED_EDGE ( 'NONE', *, *, #8139, .F. ) ;
#6898 = CARTESIAN_POINT ( 'NONE',  ( 1.984375000000020206, 0.4058214234295524081, 0.5999999999999999778 ) ) ;
#6899 = EDGE_LOOP ( 'NONE', ( #1149, #4670, #8167, #6721, #5330 ) ) ;
#6900 = ORIENTED_EDGE ( 'NONE', *, *, #3582, .T. ) ;
#6901 = VERTEX_POINT ( 'NONE', #5773 ) ;
#6902 = EDGE_LOOP ( 'NONE', ( #3140, #5592, #1776, #9203 ) ) ;
#6903 = CARTESIAN_POINT ( 'NONE',  ( -2.215603892907803463, -0.4280184944813355541, 0.3960606752794165741 ) ) ;
#6904 = CARTESIAN_POINT ( 'NONE',  ( 2.038437500000000124, -0.1499306480301779987, 0.9499999999999999556 ) ) ;
#6905 = DIRECTION ( 'NONE',  ( -0.5000000000000041078, 0.8660254037844363761, -2.185478394931412547E-15 ) ) ;
#6906 = FACE_OUTER_BOUND ( 'NONE', #3264, .T. ) ;
#6907 = DIRECTION ( 'NONE',  ( 0.000000000000000000, 1.000000000000000000, 0.000000000000000000 ) ) ;
#6908 = EDGE_CURVE ( 'NONE', #2066, #9244, #4134, .T. ) ;
#6909 = SURFACE_SIDE_STYLE ('',( #4881 ) ) ;
#6910 = AXIS2_PLACEMENT_3D ( 'NONE', #3897, #9020, #4624 ) ;
#6911 = LINE ( 'NONE', #1080, #4371 ) ;
#6912 = VERTEX_POINT ( 'NONE', #671 ) ;
#6913 = VERTEX_POINT ( 'NONE', #9491 ) ;
#6914 = DIRECTION ( 'NONE',  ( 1.000000000000000000, 0.000000000000000000, 0.000000000000000000 ) ) ;
#6915 = VECTOR ( 'NONE', #7886, 39.37007874015748143 ) ;
#6916 = LINE ( 'NONE', #2684, #2023 ) ;
#6917 = CYLINDRICAL_SURFACE ( 'NONE', #8510, 0.06424999999999977951 ) ;
#6918 = EDGE_CURVE ( 'NONE', #406, #2205, #3351, .T. ) ;
#6919 = EDGE_CURVE ( 'NONE', #8734, #7492, #8774, .T. ) ;
#6920 = ORIENTED_EDGE ( 'NONE', *, *, #2945, .F. ) ;
#6921 = DIRECTION ( 'NONE',  ( -0.000000000000000000, -0.000000000000000000, 1.000000000000000000 ) ) ;
#6922 = PLANE ( 'NONE',  #7826 ) ;
#6923 = CONICAL_SURFACE ( 'NONE', #5843, 0.04250000000000101613, 0.7853981633974472798 ) ;
#6924 = CARTESIAN_POINT ( 'NONE',  ( 2.264416059278953952, 0.2796853363486554445, 0.2545603832415576084 ) ) ;
#6925 = ORIENTED_EDGE ( 'NONE', *, *, #4326, .T. ) ;
#6926 = CARTESIAN_POINT ( 'NONE',  ( -1.406249999999996003, -0.03608439182434083903, 0.4650000000000000799 ) ) ;
#6927 = AXIS2_PLACEMENT_3D ( 'NONE', #2771, #4876, #7829 ) ;
#6928 = DIRECTION ( 'NONE',  ( 1.000000000000000000, 7.827072323607353610E-15, 0.000000000000000000 ) ) ;
#6929 = ADVANCED_FACE ( 'NONE', ( #5676 ), #2146, .T. ) ;
#6930 = ORIENTED_EDGE ( 'NONE', *, *, #848, .T. ) ;
#6931 = FACE_OUTER_BOUND ( 'NONE', #5973, .T. ) ;
#6932 = EDGE_CURVE ( 'NONE', #8054, #8649, #7363, .T. ) ;
#6933 = FACE_OUTER_BOUND ( 'NONE', #1823, .T. ) ;
#6934 = DIRECTION ( 'NONE',  ( -0.8660254037844448138, -0.4999999999999893419, -0.000000000000000000 ) ) ;
#6935 = EDGE_CURVE ( 'NONE', #8605, #6986, #4475, .T. ) ;
#6936 = ORIENTED_EDGE ( 'NONE', *, *, #6461, .F. ) ;
#6937 = EDGE_LOOP ( 'NONE', ( #5643, #4100, #3403, #8236 ) ) ;
#6938 = DIRECTION ( 'NONE',  ( 0.000000000000000000, 0.000000000000000000, 1.000000000000000000 ) ) ;
#6939 = CARTESIAN_POINT ( 'NONE',  ( -2.189249999999999918, 0.4764989774411177437, 0.1944947243515862401 ) ) ;
#6940 = DIRECTION ( 'NONE',  ( 0.000000000000000000, -0.000000000000000000, -1.000000000000000000 ) ) ;
#6941 = ADVANCED_FACE ( 'NONE', ( #2046 ), #5719, .F. ) ;
#6942 = VERTEX_POINT ( 'NONE', #7958 ) ;
#6943 = CARTESIAN_POINT ( 'NONE',  ( 2.690825201892120155, -0.01996200211991487269, 0.5999999999999999778 ) ) ;
#6944 = ORIENTED_EDGE ( 'NONE', *, *, #5358, .T. ) ;
#6945 = EDGE_LOOP ( 'NONE', ( #2363, #2499, #862, #278 ) ) ;
#6946 = ORIENTED_EDGE ( 'NONE', *, *, #2320, .F. ) ;
#6947 = EDGE_LOOP ( 'NONE', ( #4952, #7325, #5318, #2165, #2289, #7379, #8200, #8920, #4605, #6777 ) ) ;
#6948 = CARTESIAN_POINT ( 'NONE',  ( -2.558872638562463830, 0.05622084583890603338, 0.9499999999999999556 ) ) ;
#6949 = DIRECTION ( 'NONE',  ( -0.000000000000000000, -0.000000000000000000, 1.000000000000000000 ) ) ;
#6950 = FACE_OUTER_BOUND ( 'NONE', #3858, .T. ) ;
#6951 = LINE ( 'NONE', #7050, #4157 ) ;
#6952 = DIRECTION ( 'NONE',  ( 1.000000000000000000, 0.000000000000000000, 0.000000000000000000 ) ) ;
#6953 = CARTESIAN_POINT ( 'NONE',  ( 1.813574818454364967, -0.02604556377267587541, 0.2500000000000000555 ) ) ;
#6954 = SURFACE_SIDE_STYLE ('',( #4013 ) ) ;
#6955 = ORIENTED_EDGE ( 'NONE', *, *, #4290, .F. ) ;
#6956 = EDGE_CURVE ( 'NONE', #6068, #2869, #6891, .T. ) ;
#6957 = ORIENTED_EDGE ( 'NONE', *, *, #7587, .T. ) ;
#6958 = CARTESIAN_POINT ( 'NONE',  ( -0.8325000000000002398, -0.1762500000000011557, 0.000000000000000000 ) ) ;
#6959 = DIRECTION ( 'NONE',  ( 0.000000000000000000, -1.000000000000000000, -0.000000000000000000 ) ) ;
#6960 = DIRECTION ( 'NONE',  ( 0.8660254037844394848, -0.4999999999999986677, 0.000000000000000000 ) ) ;
#6961 = CARTESIAN_POINT ( 'NONE',  ( 2.515624999999995559, -0.6044135630578968410, 0.4650000000000000799 ) ) ;
#6962 = ORIENTED_EDGE ( 'NONE', *, *, #8423, .F. ) ;
#6963 = DIRECTION ( 'NONE',  ( 0.8660254037844431485, 0.4999999999999918954, 0.000000000000000000 ) ) ;
#6964 = CARTESIAN_POINT ( 'NONE',  ( -2.255625000000001990, 0.6404979548822493651, 0.2174999999999984723 ) ) ;
#6965 = ORIENTED_EDGE ( 'NONE', *, *, #443, .T. ) ;
#6966 = DIRECTION ( 'NONE',  ( 0.8660254037844448138, 0.4999999999999893419, 0.000000000000000000 ) ) ;
#6967 = VECTOR ( 'NONE', #7843, 39.37007874015748143 ) ;
#6968 = ORIENTED_EDGE ( 'NONE', *, *, #3383, .T. ) ;
#6969 = EDGE_CURVE ( 'NONE', #5662, #3615, #4268, .T. ) ;
#6970 = FACE_OUTER_BOUND ( 'NONE', #4003, .T. ) ;
#6971 = CARTESIAN_POINT ( 'NONE',  ( -1.984375000000021094, 0.3904979548822709035, 0.6999999999999999556 ) ) ;
#6972 = ORIENTED_EDGE ( 'NONE', *, *, #1121, .T. ) ;
#6973 = CYLINDRICAL_SURFACE ( 'NONE', #7298, 0.4374999999999960587 ) ;
#6974 = VECTOR ( 'NONE', #3331, 39.37007874015748143 ) ;
#6975 = CARTESIAN_POINT ( 'NONE',  ( 2.390625000000005329, 0.3904979548822426483, 0.9499999999999999556 ) ) ;
#6976 = CYLINDRICAL_SURFACE ( 'NONE', #1648, 0.2500000000000000000 ) ;
#6977 = VERTEX_POINT ( 'NONE', #527 ) ;
#6978 = EDGE_CURVE ( 'NONE', #6304, #8329, #4905, .T. ) ;
#6979 = ADVANCED_FACE ( 'NONE', ( #7321, #8047 ), #4374, .F. ) ;
#6980 = ORIENTED_EDGE ( 'NONE', *, *, #2863, .T. ) ;
#6981 = CONICAL_SURFACE ( 'NONE', #2841, 0.2175000000000007483, 0.7853981633974492782 ) ;
#6982 = VECTOR ( 'NONE', #718, 39.37007874015748143 ) ;
#6983 = CARTESIAN_POINT ( 'NONE',  ( 2.537660219341328460, -0.2382494887205698075, -5.578266170116183356E-17 ) ) ;
#6984 = DIRECTION ( 'NONE',  ( -0.7071067811865474617, -0.7071067811865474617, -0.000000000000000000 ) ) ;
#6985 = FILL_AREA_STYLE ('',( #9249 ) ) ;
#6986 = VERTEX_POINT ( 'NONE', #5093 ) ;
#6987 = LINE ( 'NONE', #438, #7604 ) ;
#6988 = ORIENTED_EDGE ( 'NONE', *, *, #4382, .T. ) ;
#6989 = VERTEX_POINT ( 'NONE', #171 ) ;
#6990 = VECTOR ( 'NONE', #6322, 39.37007874015747433 ) ;
#6991 = AXIS2_PLACEMENT_3D ( 'NONE', #9431, #6442, #8037 ) ;
#6992 = EDGE_CURVE ( 'NONE', #3751, #341, #3083, .T. ) ;
#6993 = VERTEX_POINT ( 'NONE', #7903 ) ;
#6994 = EDGE_CURVE ( 'NONE', #2466, #2111, #4632, .T. ) ;
#6995 = ORIENTED_EDGE ( 'NONE', *, *, #7520, .T. ) ;
#6996 = CARTESIAN_POINT ( 'NONE',  ( -2.376618649053890753, -0.3451796254713022094, 0.9499999999999999556 ) ) ;
#6997 = DIRECTION ( 'NONE',  ( 0.000000000000000000, 0.000000000000000000, -1.000000000000000000 ) ) ;
#6998 = VECTOR ( 'NONE', #7001, 39.37007874015748143 ) ;
#6999 = VECTOR ( 'NONE', #8746, 39.37007874015748143 ) ;
#7000 = VECTOR ( 'NONE', #4311, 39.37007874015748143 ) ;
#7001 = DIRECTION ( 'NONE',  ( -3.023406148612404967E-15, -1.000000000000000000, 0.000000000000000000 ) ) ;
#7002 = FACE_OUTER_BOUND ( 'NONE', #4916, .T. ) ;
#7003 = CARTESIAN_POINT ( 'NONE',  ( -2.390625000000005329, 0.4058214234295524081, 0.5999999999999999778 ) ) ;
#7004 = CARTESIAN_POINT ( 'NONE',  ( -2.265624999999999112, 0.3904979548822426483, 0.6999999999999999556 ) ) ;
#7005 = LINE ( 'NONE', #3349, #738 ) ;
#7006 = CIRCLE ( 'NONE', #5002, 0.06425000000000000155 ) ;
#7007 = EDGE_LOOP ( 'NONE', ( #9350, #1659 ) ) ;
#7008 = CARTESIAN_POINT ( 'NONE',  ( 0.000000000000000000, 0.3012499999999982969, 0.000000000000000000 ) ) ;
#7009 = PLANE ( 'NONE',  #9023 ) ;
#7010 = DIRECTION ( 'NONE',  ( -0.000000000000000000, -0.000000000000000000, -1.000000000000000000 ) ) ;
#7011 = AXIS2_PLACEMENT_3D ( 'NONE', #498, #5500, #3388 ) ;
#7012 = VECTOR ( 'NONE', #5597, 39.37007874015748854 ) ;
#7013 = LINE ( 'NONE', #463, #1616 ) ;
#7014 = LINE ( 'NONE', #4840, #2696 ) ;
#7015 = DIRECTION ( 'NONE',  ( 0.4999999999999919509, 0.8660254037844432595, -0.000000000000000000 ) ) ;
#7016 =( CONVERSION_BASED_UNIT ( 'INCH', #6277 ) LENGTH_UNIT ( ) NAMED_UNIT ( #1069 ) );
#7017 = ORIENTED_EDGE ( 'NONE', *, *, #8472, .T. ) ;
#7018 = VERTEX_POINT ( 'NONE', #9394 ) ;
#7019 = CARTESIAN_POINT ( 'NONE',  ( -2.212411556607433383, -0.4286817952310598701, 0.7947191470558555570 ) ) ;
#7020 = AXIS2_PLACEMENT_3D ( 'NONE', #5980, #8267, #7400 ) ;
#7021 = DIRECTION ( 'NONE',  ( 1.000000000000000000, -0.000000000000000000, -0.000000000000000000 ) ) ;
#7022 = ORIENTED_EDGE ( 'NONE', *, *, #2582, .F. ) ;
#7023 = VECTOR ( 'NONE', #2265, 39.37007874015748143 ) ;
#7024 = CARTESIAN_POINT ( 'NONE',  ( 2.436995442160277303, -0.01775088930761715283, 0.2572107205775364669 ) ) ;
#7025 = ORIENTED_EDGE ( 'NONE', *, *, #6502, .T. ) ;
#7026 = EDGE_CURVE ( 'NONE', #2175, #3185, #1083, .T. ) ;
#7027 = EDGE_CURVE ( 'NONE', #6593, #5752, #7824, .T. ) ;
#7028 = CARTESIAN_POINT ( 'NONE',  ( 0.000000000000000000, -0.6044135630578968410, 0.5000000000000000000 ) ) ;
#7029 = ORIENTED_EDGE ( 'NONE', *, *, #3979, .T. ) ;
#7030 = CARTESIAN_POINT ( 'NONE',  ( -1.483749999999971925, -0.1703183294109479606, 0.2599999999999997313 ) ) ;
#7031 = ORIENTED_EDGE ( 'NONE', *, *, #8879, .F. ) ;
#7032 = FACE_OUTER_BOUND ( 'NONE', #6766, .T. ) ;
#7033 = CARTESIAN_POINT ( 'NONE',  ( -2.453125000000005329, 0.2893790496476773000, 0.4650000000000000799 ) ) ;
#7034 = DIRECTION ( 'NONE',  ( 0.5000000000000036637, -0.8660254037844365982, 0.000000000000000000 ) ) ;
#7035 = VERTEX_POINT ( 'NONE', #3370 ) ;
#7036 = DIRECTION ( 'NONE',  ( 0.000000000000000000, 0.000000000000000000, -1.000000000000000000 ) ) ;
#7037 = ORIENTED_EDGE ( 'NONE', *, *, #8044, .T. ) ;
#7038 = EDGE_CURVE ( 'NONE', #9315, #1551, #7815, .T. ) ;
#7039 = ORIENTED_EDGE ( 'NONE', *, *, #4752, .F. ) ;
#7040 = EDGE_CURVE ( 'NONE', #6348, #7569, #8896, .T. ) ;
#7041 = EDGE_CURVE ( 'NONE', #7834, #7914, #4675, .T. ) ;
#7042 = CIRCLE ( 'NONE', #8128, 0.2500000000000001110 ) ;
#7043 = AXIS2_PLACEMENT_3D ( 'NONE', #9377, #4845, #7064 ) ;
#7044 = ORIENTED_EDGE ( 'NONE', *, *, #9470, .T. ) ;
#7045 = VERTEX_POINT ( 'NONE', #1775 ) ;
#7046 = DIRECTION ( 'NONE',  ( 1.092739197465688721E-15, 1.892679809432653856E-15, -1.000000000000000000 ) ) ;
#7047 = DIRECTION ( 'NONE',  ( 0.000000000000000000, 0.000000000000000000, 1.000000000000000000 ) ) ;
#7048 = CIRCLE ( 'NONE', #7522, 0.3449999999999967537 ) ;
#7049 = LINE ( 'NONE', #4247, #8415 ) ;
#7050 = CARTESIAN_POINT ( 'NONE',  ( -2.189249999999999918, 0.4764989774411177437, 0.2500000000000000555 ) ) ;
#7051 = CARTESIAN_POINT ( 'NONE',  ( 2.544742737973233471, -0.5490559132662351516, 0.7350000000000000977 ) ) ;
#7052 = ADVANCED_FACE ( 'NONE', ( #9076 ), #3062, .F. ) ;
#7053 = EDGE_CURVE ( 'NONE', #1104, #8994, #477, .T. ) ;
#7054 = ORIENTED_EDGE ( 'NONE', *, *, #3804, .T. ) ;
#7055 = CARTESIAN_POINT ( 'NONE',  ( 1.762299798107778814, -0.3717848224071720331, 0.5999999999999999778 ) ) ;
#7056 = EDGE_CURVE ( 'NONE', #7755, #5694, #1695, .T. ) ;
#7057 = ORIENTED_EDGE ( 'NONE', *, *, #4220, .T. ) ;
#7058 = DIRECTION ( 'NONE',  ( 0.000000000000000000, 0.000000000000000000, 1.000000000000000000 ) ) ;
#7059 = LINE ( 'NONE', #6268, #1510 ) ;
#7060 = LINE ( 'NONE', #7108, #656 ) ;
#7061 = DIRECTION ( 'NONE',  ( 0.000000000000000000, 0.000000000000000000, -1.000000000000000000 ) ) ;
#7062 = DIRECTION ( 'NONE',  ( -1.000000000000000000, 0.000000000000000000, 0.000000000000000000 ) ) ;
#7063 = CARTESIAN_POINT ( 'NONE',  ( -2.260616904287458873, 0.2815471190135318547, 0.2509472078721712296 ) ) ;
#7064 = DIRECTION ( 'NONE',  ( -4.535261055593764468E-14, 1.000000000000000000, 0.000000000000000000 ) ) ;
#7065 = AXIS2_PLACEMENT_3D ( 'NONE', #2955, #5289, #775 ) ;
#7066 = ORIENTED_EDGE ( 'NONE', *, *, #3280, .T. ) ;
#7067 = VERTEX_POINT ( 'NONE', #8671 ) ;
#7068 = ORIENTED_EDGE ( 'NONE', *, *, #5494, .T. ) ;
#7069 = CARTESIAN_POINT ( 'NONE',  ( 0.9376234198628757843, 0.2687499999999986011, 0.4015748031496064741 ) ) ;
#7070 = CARTESIAN_POINT ( 'NONE',  ( -2.125000000000000000, 0.000000000000000000, 0.000000000000000000 ) ) ;
#7071 = EDGE_LOOP ( 'NONE', ( #2732, #8791 ) ) ;
#7072 = DIRECTION ( 'NONE',  ( -1.000000000000000000, -0.000000000000000000, 3.316912419377130073E-16 ) ) ;
#7073 = AXIS2_PLACEMENT_3D ( 'NONE', #7209, #2169, #9421 ) ;
#7074 = CARTESIAN_POINT ( 'NONE',  ( 1.788561868644837238, 0.2800360739087938144, 0.2387139260912050087 ) ) ;
#7075 = DIRECTION ( 'NONE',  ( -1.000000000000000000, 0.000000000000000000, 0.000000000000000000 ) ) ;
#7076 = VERTEX_POINT ( 'NONE', #2709 ) ;
#7077 = CYLINDRICAL_SURFACE ( 'NONE', #4121, 0.2500000000000000000 ) ;
#7078 = AXIS2_PLACEMENT_3D ( 'NONE', #3915, #2539, #5448 ) ;
#7079 = EDGE_CURVE ( 'NONE', #3056, #4575, #8295, .T. ) ;
#7080 = DIRECTION ( 'NONE',  ( 0.000000000000000000, 0.000000000000000000, 1.000000000000000000 ) ) ;
#7081 = DIRECTION ( 'NONE',  ( -0.8660254037844353769, -0.5000000000000056621, 0.000000000000000000 ) ) ;
#7082 = DIRECTION ( 'NONE',  ( -4.535261055593764468E-14, 1.000000000000000000, 0.000000000000000000 ) ) ;
#7083 = VERTEX_POINT ( 'NONE', #7030 ) ;
#7084 = CARTESIAN_POINT ( 'NONE',  ( -2.487700201892215635, -0.3717848224071855223, 0.5357500000000002816 ) ) ;
#7085 = ORIENTED_EDGE ( 'NONE', *, *, #2365, .T. ) ;
#7086 = VERTEX_POINT ( 'NONE', #1017 ) ;
#7087 = ORIENTED_EDGE ( 'NONE', *, *, #7394, .T. ) ;
#7088 = EDGE_CURVE ( 'NONE', #8944, #3003, #6257, .T. ) ;
#7089 = ADVANCED_FACE ( 'NONE', ( #8358 ), #6581, .F. ) ;
#7090 = CARTESIAN_POINT ( 'NONE',  ( -2.125000000000000000, 0.000000000000000000, 0.2500000000000000555 ) ) ;
#7091 = CARTESIAN_POINT ( 'NONE',  ( -2.469999244255243198, 0.0007221241658989860498, 0.9499999999999999556 ) ) ;
#7092 = CARTESIAN_POINT ( 'NONE',  ( -1.951875000000025118, 0.2790714234295671448, 0.9499999999999999556 ) ) ;
#7093 = CARTESIAN_POINT ( 'NONE',  ( -2.296730066445470175, -0.2739725045726019714, 0.9282771156755869058 ) ) ;
#7094 = EDGE_LOOP ( 'NONE', ( #6005, #1866, #5198, #5918 ) ) ;
#7095 = CARTESIAN_POINT ( 'NONE',  ( 1.712339780658681754, -0.2382494887205523215, 0.000000000000000000 ) ) ;
#7096 =( LENGTH_UNIT ( ) NAMED_UNIT ( * ) SI_UNIT ( $, .METRE. ) );
#7097 = ORIENTED_EDGE ( 'NONE', *, *, #9138, .T. ) ;
#7098 = VERTEX_POINT ( 'NONE', #4137 ) ;
#7099 = ORIENTED_EDGE ( 'NONE', *, *, #633, .F. ) ;
#7100 = CIRCLE ( 'NONE', #9411, 0.2500000000000000555 ) ;
#7101 = VERTEX_POINT ( 'NONE', #7131 ) ;
#7102 = ADVANCED_FACE ( 'NONE', ( #4232 ), #7077, .T. ) ;
#7103 = EDGE_CURVE ( 'NONE', #7468, #8605, #7048, .T. ) ;
#7104 = B_SPLINE_CURVE_WITH_KNOTS ( 'NONE', 3,
 ( #2803, #3564, #6496, #574, #9347, #5677 ),
 .UNSPECIFIED., .F., .F.,
 ( 4, 2, 4 ),
 ( 5.204170427930421283E-18, 0.0002093588874249740920, 0.0004187177748499429798 ),
 .UNSPECIFIED. ) ;
#7105 = LINE ( 'NONE', #1976, #2125 ) ;
#7106 = LINE ( 'NONE', #7296, #1681 ) ;
#7107 = CARTESIAN_POINT ( 'NONE',  ( 0.000000000000000000, -0.1762500000000011557, 0.000000000000000000 ) ) ;
#7108 = CARTESIAN_POINT ( 'NONE',  ( -1.857131350946081616, -0.3170337998483168107, 0.9499999999999999556 ) ) ;
#7109 = CARTESIAN_POINT ( 'NONE',  ( -1.859375000000025535, 0.4058214234295524081, 0.5999999999999999778 ) ) ;
#7110 = CARTESIAN_POINT ( 'NONE',  ( -1.501409195611507430, -0.1762051066784801889, 0.2499999999999998890 ) ) ;
#7111 = ADVANCED_FACE ( 'NONE', ( #8530 ), #6340, .F. ) ;
#7112 = VECTOR ( 'NONE', #615, 39.37007874015748143 ) ;
#7113 = DIRECTION ( 'NONE',  ( 0.8660254037844138386, 0.5000000000000431877, 0.000000000000000000 ) ) ;
#7114 = ORIENTED_EDGE ( 'NONE', *, *, #8646, .T. ) ;
#7115 = ORIENTED_EDGE ( 'NONE', *, *, #7811, .F. ) ;
#7116 = VERTEX_POINT ( 'NONE', #5625 ) ;
#7117 = ORIENTED_EDGE ( 'NONE', *, *, #6808, .F. ) ;
#7118 = EDGE_CURVE ( 'NONE', #1904, #6407, #8280, .T. ) ;
#7119 = PLANE ( 'NONE',  #7172 ) ;
#7120 = AXIS2_PLACEMENT_3D ( 'NONE', #5947, #988, #5895 ) ;
#7121 = CARTESIAN_POINT ( 'NONE',  ( 2.211547108317882149, -0.4288541104406126681, 0.7349999999999999867 ) ) ;
#7122 = PRODUCT ( '3_cable_guide_housing_2', '3_cable_guide_housing_2', '', ( #748 ) ) ;
#7123 = VERTEX_POINT ( 'NONE', #669 ) ;
#7124 = EDGE_CURVE ( 'NONE', #7215, #4313, #5188, .T. ) ;
#7125 = FACE_OUTER_BOUND ( 'NONE', #261, .T. ) ;
#7126 = LINE ( 'NONE', #7223, #1178 ) ;
#7127 = CARTESIAN_POINT ( 'NONE',  ( -1.699557446862083543, 0.1020995828581592463, 0.8365655606850085357 ) ) ;
#7128 = CIRCLE ( 'NONE', #8368, 0.5000000000000000000 ) ;
#7129 = ORIENTED_EDGE ( 'NONE', *, *, #5204, .F. ) ;
#7130 = ORIENTED_EDGE ( 'NONE', *, *, #8581, .T. ) ;
#7131 = CARTESIAN_POINT ( 'NONE',  ( 1.944456811574331256, -0.2550694162636747420, 0.2500000000000000555 ) ) ;
#7132 = CARTESIAN_POINT ( 'NONE',  ( 1.702620545118174622, 0.1140984422054998892, 0.3708185898269266700 ) ) ;
#7133 = CARTESIAN_POINT ( 'NONE',  ( -1.984375000000009548, 0.6404979548822712365, 0.6642500000000000071 ) ) ;
#7134 = DIRECTION ( 'NONE',  ( -0.4999999999999982792, -0.8660254037844398178, -0.000000000000000000 ) ) ;
#7135 = ORIENTED_EDGE ( 'NONE', *, *, #4462, .F. ) ;
#7136 = CARTESIAN_POINT ( 'NONE',  ( -2.533493649053907948, -0.07346415503396394597, 0.9175000000000141931 ) ) ;
#7137 = ORIENTED_EDGE ( 'NONE', *, *, #4412, .T. ) ;
#7138 = ADVANCED_FACE ( 'NONE', ( #2234 ), #168, .F. ) ;
#7139 = CONICAL_SURFACE ( 'NONE', #8380, 0.04250000000000079409, 0.7853981633974481680 ) ;
#7140 = ORIENTED_EDGE ( 'NONE', *, *, #3558, .T. ) ;
#7141 = CARTESIAN_POINT ( 'NONE',  ( 2.390625000000005773, 0.6404979548822425928, 0.000000000000000000 ) ) ;
#7142 = UNCERTAINTY_MEASURE_WITH_UNIT (LENGTH_MEASURE( 1.000000000000000082E-05 ), #5355, 'distance_accuracy_value', 'NONE');
#7143 = DIRECTION ( 'NONE',  ( 0.8660254037844363761, 0.5000000000000041078, -0.000000000000000000 ) ) ;
#7144 = CARTESIAN_POINT ( 'NONE',  ( 2.436995442160277303, -0.01775088930761715283, 0.9175000000000006484 ) ) ;
#7145 = DIRECTION ( 'NONE',  ( -2.185478394931411364E-15, 1.000000000000000000, -1.529834876451987876E-14 ) ) ;
#7146 = ORIENTED_EDGE ( 'NONE', *, *, #14, .T. ) ;
#7147 = VECTOR ( 'NONE', #8135, 39.37007874015748143 ) ;
#7148 =( GEOMETRIC_REPRESENTATION_CONTEXT ( 3 ) GLOBAL_UNCERTAINTY_ASSIGNED_CONTEXT ( ( #9358 ) ) GLOBAL_UNIT_ASSIGNED_CONTEXT ( ( #5365, #7608, #126 ) ) REPRESENTATION_CONTEXT ( 'NONE', 'WORKASPACE' ) );
#7149 = ORIENTED_EDGE ( 'NONE', *, *, #6782, .F. ) ;
#7150 = DIRECTION ( 'NONE',  ( 0.4999999999999893974, 0.8660254037844448138, 0.000000000000000000 ) ) ;
#7151 = CARTESIAN_POINT ( 'NONE',  ( 2.546874999999995559, -0.5502869753213701642, 2.731847993664263218E-16 ) ) ;
#7152 = ORIENTED_EDGE ( 'NONE', *, *, #5538, .F. ) ;
#7153 = EDGE_CURVE ( 'NONE', #3080, #8505, #5860, .T. ) ;
#7154 = ORIENTED_EDGE ( 'NONE', *, *, #5217, .T. ) ;
#7155 = VECTOR ( 'NONE', #5591, 39.37007874015748854 ) ;
#7156 = AXIS2_PLACEMENT_3D ( 'NONE', #6763, #7597, #6664 ) ;
#7157 = LINE ( 'NONE', #1309, #7657 ) ;
#7158 = CARTESIAN_POINT ( 'NONE',  ( 2.390625000000005773, 0.5923487661265872672, 0.8474999999999995870 ) ) ;
#7159 = CARTESIAN_POINT ( 'NONE',  ( -1.691127361437541943, 0.05622084583895026189, 0.7350000000000015410 ) ) ;
#7160 = LINE ( 'NONE', #8754, #8620 ) ;
#7161 = DIRECTION ( 'NONE',  ( 0.000000000000000000, -0.000000000000000000, -1.000000000000000000 ) ) ;
#7162 = CARTESIAN_POINT ( 'NONE',  ( -2.255624999999997993, -3.949324281624900689E-16, 0.2600000000000000089 ) ) ;
#7163 = AXIS2_PLACEMENT_3D ( 'NONE', #2753, #4135, #7075 ) ;
#7164 = COLOUR_RGB ( '',0.7529411764705882248, 0.7529411764705882248, 0.7529411764705882248 ) ;
#7165 = LINE ( 'NONE', #1506, #1332 ) ;
#7166 = ADVANCED_FACE ( 'NONE', ( #6635 ), #1425, .F. ) ;
#7167 = EDGE_CURVE ( 'NONE', #5610, #7820, #16, .T. ) ;
#7168 = ORIENTED_EDGE ( 'NONE', *, *, #328, .T. ) ;
#7169 = ORIENTED_EDGE ( 'NONE', *, *, #2073, .F. ) ;
#7170 = ORIENTED_EDGE ( 'NONE', *, *, #1307, .T. ) ;
#7171 = DIRECTION ( 'NONE',  ( -1.000000000000000000, 0.000000000000000000, 0.000000000000000000 ) ) ;
#7172 = AXIS2_PLACEMENT_3D ( 'NONE', #1183, #4128, #3362 ) ;
#7173 = AXIS2_PLACEMENT_3D ( 'NONE', #5218, #208, #164 ) ;
#7174 = CARTESIAN_POINT ( 'NONE',  ( -1.533145825622967307, -0.1908744090717874597, 0.2600000000000000089 ) ) ;
#7175 = ORIENTED_EDGE ( 'NONE', *, *, #1095, .F. ) ;
#7176 = LINE ( 'NONE', #9338, #3297 ) ;
#7177 = CARTESIAN_POINT ( 'NONE',  ( 2.453125000000005329, 0.6404979548822425928, 0.4650000000000000799 ) ) ;
#7178 = EDGE_CURVE ( 'NONE', #4433, #4126, #5189, .T. ) ;
#7179 = EDGE_CURVE ( 'NONE', #4521, #2767, #1843, .T. ) ;
#7180 = FACE_OUTER_BOUND ( 'NONE', #5828, .T. ) ;
#7181 = VECTOR ( 'NONE', #3116, 39.37007874015748143 ) ;
#7182 = ORIENTED_EDGE ( 'NONE', *, *, #7053, .T. ) ;
#7183 = AXIS2_PLACEMENT_3D ( 'NONE', #2139, #33, #7414 ) ;
#7184 = DIRECTION ( 'NONE',  ( 0.000000000000000000, 0.000000000000000000, -1.000000000000000000 ) ) ;
#7185 = FACE_OUTER_BOUND ( 'NONE', #118, .T. ) ;
#7186 = DIRECTION ( 'NONE',  ( -0.4999999999999982792, 0.8660254037844398178, 0.000000000000000000 ) ) ;
#7187 = DIRECTION ( 'NONE',  ( -3.023406148612404967E-15, 1.000000000000000000, -0.000000000000000000 ) ) ;
#7188 = VECTOR ( 'NONE', #3353, 39.37007874015748143 ) ;
#7189 = DIRECTION ( 'NONE',  ( 1.000000000000000000, -4.535261055593764468E-14, 0.000000000000000000 ) ) ;
#7190 = ORIENTED_EDGE ( 'NONE', *, *, #3867, .F. ) ;
#7191 = CARTESIAN_POINT ( 'NONE',  ( 2.281250000000000000, 0.2706329386826341055, 0.000000000000000000 ) ) ;
#7192 = ORIENTED_EDGE ( 'NONE', *, *, #2654, .T. ) ;
#7193 = ORIENTED_EDGE ( 'NONE', *, *, #1926, .F. ) ;
#7194 = VERTEX_POINT ( 'NONE', #3655 ) ;
#7195 = DIRECTION ( 'NONE',  ( -0.000000000000000000, -0.000000000000000000, 1.000000000000000000 ) ) ;
#7196 = DIRECTION ( 'NONE',  ( -0.7071067811865585639, 0.7071067811865363595, -0.000000000000000000 ) ) ;
#7197 = DIRECTION ( 'NONE',  ( 0.000000000000000000, 0.000000000000000000, -1.000000000000000000 ) ) ;
#7198 = DIRECTION ( 'NONE',  ( 7.827072323607353610E-15, -1.000000000000000000, 0.000000000000000000 ) ) ;
#7199 = ORIENTED_EDGE ( 'NONE', *, *, #8341, .T. ) ;
#7200 = CONICAL_SURFACE ( 'NONE', #2601, 0.5000000000000000000, 0.7853981633974536081 ) ;
#7201 = ORIENTED_EDGE ( 'NONE', *, *, #1036, .T. ) ;
#7202 = CARTESIAN_POINT ( 'NONE',  ( -1.528145825622992282, -0.1822141550339287097, 0.6999999999999999556 ) ) ;
#7203 = LINE ( 'NONE', #4832, #9464 ) ;
#7204 = EDGE_LOOP ( 'NONE', ( #4028, #2576, #4506, #5890 ) ) ;
#7205 = AXIS2_PLACEMENT_3D ( 'NONE', #9245, #1285, #2663 ) ;
#7206 = DIRECTION ( 'NONE',  ( -0.000000000000000000, -0.000000000000000000, 1.000000000000000000 ) ) ;
#7207 = CARTESIAN_POINT ( 'NONE',  ( 2.395021441835284204, 0.5923487661265872672, 0.8474999999999998090 ) ) ;
#7208 = DIRECTION ( 'NONE',  ( -7.249756350802272209E-14, 1.000000000000000000, 0.000000000000000000 ) ) ;
#7209 = CARTESIAN_POINT ( 'NONE',  ( 2.298125000000001528, 0.6404979548822472557, 0.2500000000000000555 ) ) ;
#7210 = EDGE_CURVE ( 'NONE', #7636, #5752, #8096, .T. ) ;
#7211 = LINE ( 'NONE', #6431, #4192 ) ;
#7212 = AXIS2_PLACEMENT_3D ( 'NONE', #8640, #2727, #5642 ) ;
#7213 = CARTESIAN_POINT ( 'NONE',  ( 1.667839780658681992, -0.2382494887205523215, 0.2500000000000000555 ) ) ;
#7214 = CARTESIAN_POINT ( 'NONE',  ( 2.233534568822333366, -0.4238387960450344938, 0.8262143477152055215 ) ) ;
#7215 = VERTEX_POINT ( 'NONE', #5048 ) ;
#7216 = B_SPLINE_CURVE_WITH_KNOTS ( 'NONE', 3,
 ( #4686, #6953, #3432, #3390, #9221, #5403 ),
 .UNSPECIFIED., .F., .F.,
 ( 4, 2, 4 ),
 ( 1.084202172485504434E-19, 0.0002093745834697632185, 0.0004187491669395262202 ),
 .UNSPECIFIED. ) ;
#7217 = CARTESIAN_POINT ( 'NONE',  ( -1.709023164035692322, 0.1355439743007467723, 0.3960606752794166852 ) ) ;
#7218 = EDGE_CURVE ( 'NONE', #5025, #1921, #3043, .T. ) ;
#7219 = EDGE_CURVE ( 'NONE', #2627, #9315, #6589, .T. ) ;
#7220 = LINE ( 'NONE', #3552, #6799 ) ;
#7221 = ORIENTED_EDGE ( 'NONE', *, *, #5099, .F. ) ;
#7222 = SURFACE_STYLE_FILL_AREA ( #2084 ) ;
#7223 = CARTESIAN_POINT ( 'NONE',  ( -2.812500000000023093, 0.6404979548822424817, 0.6642500000000000071 ) ) ;
#7224 = LINE ( 'NONE', #4324, #2884 ) ;
#7225 = CIRCLE ( 'NONE', #3082, 0.2500000000000000000 ) ;
#7226 = CARTESIAN_POINT ( 'NONE',  ( 1.780416992828646183, 0.0004812284007220708629, 0.9495832596057220965 ) ) ;
#7227 = ORIENTED_EDGE ( 'NONE', *, *, #14, .F. ) ;
#7228 = CARTESIAN_POINT ( 'NONE',  ( -1.167433081593972855, -0.3012499999999982969, 0.4999999999999996114 ) ) ;
#7229 = CARTESIAN_POINT ( 'NONE',  ( 0.000000000000000000, 0.3012499999999982969, 0.000000000000000000 ) ) ;
#7230 = EDGE_CURVE ( 'NONE', #7914, #3588, #4888, .T. ) ;
#7231 = CARTESIAN_POINT ( 'NONE',  ( 1.710327891682111856, 0.1394750607929389485, 0.4100878509056115617 ) ) ;
#7232 = CARTESIAN_POINT ( 'NONE',  ( -1.780000755744757912, 0.0007221241659221596786, 0.9499999999999999556 ) ) ;
#7233 = EDGE_CURVE ( 'NONE', #4049, #7194, #6731, .T. ) ;
#7234 = CIRCLE ( 'NONE', #2329, 0.06424999999999959910 ) ;
#7235 = ORIENTED_EDGE ( 'NONE', *, *, #5804, .T. ) ;
#7236 = DIRECTION ( 'NONE',  ( 0.000000000000000000, 0.000000000000000000, 1.000000000000000000 ) ) ;
#7237 = ORIENTED_EDGE ( 'NONE', *, *, #2977, .T. ) ;
#7238 = ADVANCED_FACE ( 'NONE', ( #4470 ), #4330, .F. ) ;
#7239 = ORIENTED_EDGE ( 'NONE', *, *, #1548, .T. ) ;
#7240 = EDGE_CURVE ( 'NONE', #2754, #6347, #7676, .T. ) ;
#7241 = CARTESIAN_POINT ( 'NONE',  ( 2.593124999999999680, -0.4701796254713037637, 0.9499999999999999556 ) ) ;
#7242 = CARTESIAN_POINT ( 'NONE',  ( -1.994375000000012443, 0.6404979548822627988, 0.2175000000000000266 ) ) ;
#7243 = DIRECTION ( 'NONE',  ( -1.000000000000000000, 0.000000000000000000, 0.000000000000000000 ) ) ;
#7244 = LINE ( 'NONE', #8164, #3301 ) ;
#7245 = ORIENTED_EDGE ( 'NONE', *, *, #8511, .T. ) ;
#7246 = ORIENTED_EDGE ( 'NONE', *, *, #2567, .T. ) ;
#7247 = DIRECTION ( 'NONE',  ( -0.000000000000000000, -0.000000000000000000, 1.000000000000000000 ) ) ;
#7248 = CARTESIAN_POINT ( 'NONE',  ( 2.394958393773019889, 0.3442843293412073402, 0.5809213752633025640 ) ) ;
#7249 = CARTESIAN_POINT ( 'NONE',  ( -1.984375000000010880, 0.6079979548822715962, 0.9499999999999999556 ) ) ;
#7250 = CARTESIAN_POINT ( 'NONE',  ( 1.351374999999987114, 5.449678256205691986E-18, 0.2500000000000000555 ) ) ;
#7251 = DIRECTION ( 'NONE',  ( 0.7071067811865511255, -0.7071067811865437980, 0.000000000000000000 ) ) ;
#7252 = DIRECTION ( 'NONE',  ( -0.6123724356957955806, 0.3535533905932777832, 0.7071067811865444641 ) ) ;
#7253 = ORIENTED_EDGE ( 'NONE', *, *, #8460, .T. ) ;
#7254 = FACE_OUTER_BOUND ( 'NONE', #2423, .T. ) ;
#7255 = LINE ( 'NONE', #2973, #7147 ) ;
#7256 = ORIENTED_EDGE ( 'NONE', *, *, #3446, .F. ) ;
#7257 = VECTOR ( 'NONE', #3472, 39.37007874015748143 ) ;
#7258 = EDGE_CURVE ( 'NONE', #3330, #8782, #808, .T. ) ;
#7259 = ORIENTED_EDGE ( 'NONE', *, *, #4931, .F. ) ;
#7260 = ORIENTED_EDGE ( 'NONE', *, *, #4166, .F. ) ;
#7261 = CARTESIAN_POINT ( 'NONE',  ( 2.453125000000005329, 0.6404979548822425928, 0.4650000000000000799 ) ) ;
#7262 = B_SPLINE_CURVE_WITH_KNOTS ( 'NONE', 3,
 ( #3602, #8721, #3652, #9485, #849, #2983 ),
 .UNSPECIFIED., .F., .F.,
 ( 4, 2, 4 ),
 ( 5.275955480050202716E-18, 0.0002093588874249763417, 0.0004187177748499473708 ),
 .UNSPECIFIED. ) ;
#7263 = LINE ( 'NONE', #3510, #1161 ) ;
#7264 = VERTEX_POINT ( 'NONE', #5496 ) ;
#7265 = DIRECTION ( 'NONE',  ( 1.000000000000000000, 0.000000000000000000, 0.000000000000000000 ) ) ;
#7266 = DIRECTION ( 'NONE',  ( -0.4999999999999987232, 0.8660254037844393737, 0.000000000000000000 ) ) ;
#7267 = CARTESIAN_POINT ( 'NONE',  ( 1.984375000000017319, 0.4058214234295524081, 0.5357500000000000595 ) ) ;
#7268 = PLANE ( 'NONE',  #2564 ) ;
#7269 = ADVANCED_FACE ( 'NONE', ( #9079 ), #3342, .F. ) ;
#7270 = CIRCLE ( 'NONE', #5105, 0.04449999999999948441 ) ;
#7271 = VERTEX_POINT ( 'NONE', #9169 ) ;
#7272 = CARTESIAN_POINT ( 'NONE',  ( 1.440022003734873879, -0.03069510853887556789, 0.8223310893196605909 ) ) ;
#7273 = DIRECTION ( 'NONE',  ( 0.4999999999999963363, 0.8660254037844407060, 0.000000000000000000 ) ) ;
#7274 = DIRECTION ( 'NONE',  ( 0.000000000000000000, 0.000000000000000000, -1.000000000000000000 ) ) ;
#7275 = CARTESIAN_POINT ( 'NONE',  ( 1.951875000000005578, 0.6404979548822650193, 0.2599999999999999534 ) ) ;
#7276 = DIRECTION ( 'NONE',  ( 0.000000000000000000, 0.000000000000000000, -1.000000000000000000 ) ) ;
#7277 = ORIENTED_EDGE ( 'NONE', *, *, #4346, .T. ) ;
#7278 = DIRECTION ( 'NONE',  ( 0.000000000000000000, 0.000000000000000000, -1.000000000000000000 ) ) ;
#7279 = AXIS2_PLACEMENT_3D ( 'NONE', #302, #6849, #347 ) ;
#7280 = VERTEX_POINT ( 'NONE', #7689 ) ;
#7281 = ADVANCED_FACE ( 'NONE', ( #7782 ), #3159, .T. ) ;
#7282 = EDGE_CURVE ( 'NONE', #191, #5165, #9217, .T. ) ;
#7283 = EDGE_LOOP ( 'NONE', ( #3086, #2331, #7687, #1975 ) ) ;
#7284 = PLANE ( 'NONE',  #7966 ) ;
#7285 = DIRECTION ( 'NONE',  ( -0.8660254037844402619, 0.4999999999999972800, 0.000000000000000000 ) ) ;
#7286 = CARTESIAN_POINT ( 'NONE',  ( 2.390625000000005329, 0.3476343040825998765, 0.5727544197693736905 ) ) ;
#7287 = CARTESIAN_POINT ( 'NONE',  ( -1.640624999999971356, -0.4420337998483162001, 0.2599999999999999534 ) ) ;
#7288 = ORIENTED_EDGE ( 'NONE', *, *, #5494, .F. ) ;
#7289 = EDGE_LOOP ( 'NONE', ( #1373, #5891, #8116, #5435 ) ) ;
#7290 = LINE ( 'NONE', #9364, #1960 ) ;
#7291 = VECTOR ( 'NONE', #8288, 39.37007874015748143 ) ;
#7292 = CARTESIAN_POINT ( 'NONE',  ( 1.953629557839698050, -0.2613205341219492772, 0.9174999999999992051 ) ) ;
#7293 = EDGE_CURVE ( 'NONE', #4673, #9109, #353, .T. ) ;
#7294 = ADVANCED_FACE ( 'NONE', ( #7644 ), #8408, .F. ) ;
#7295 = CARTESIAN_POINT ( 'NONE',  ( -1.654006350946105819, 0.03478902043912935477, 0.6999999999999999556 ) ) ;
#7296 = CARTESIAN_POINT ( 'NONE',  ( -2.265625000000000000, 0.6404979548822425928, 0.6999999999999999556 ) ) ;
#7297 = AXIS2_PLACEMENT_3D ( 'NONE', #5705, #7113, #2646 ) ;
#7298 = AXIS2_PLACEMENT_3D ( 'NONE', #4224, #7761, #9199 ) ;
#7299 = CARTESIAN_POINT ( 'NONE',  ( -2.376618649053890753, -0.3451796254713021539, 0.9499999999999999556 ) ) ;
#7300 = CARTESIAN_POINT ( 'NONE',  ( -1.306874999999987574, 0.000000000000000000, 0.2500000000000000555 ) ) ;
#7301 = ORIENTED_EDGE ( 'NONE', *, *, #4165, .T. ) ;
#7302 = DIRECTION ( 'NONE',  ( -0.000000000000000000, -0.000000000000000000, 1.000000000000000000 ) ) ;
#7303 = DIRECTION ( 'NONE',  ( 0.5000000000000041078, -0.8660254037844363761, 0.000000000000000000 ) ) ;
#7304 = ORIENTED_EDGE ( 'NONE', *, *, #7460, .T. ) ;
#7305 = AXIS2_PLACEMENT_3D ( 'NONE', #5897, #9385, #31 ) ;
#7306 = ORIENTED_EDGE ( 'NONE', *, *, #2650, .T. ) ;
#7307 = CARTESIAN_POINT ( 'NONE',  ( -1.813004557839720920, -0.01775088930758956032, 0.9174999999999992051 ) ) ;
#7308 = CIRCLE ( 'NONE', #6683, 0.04449999999999948441 ) ;
#7309 = VECTOR ( 'NONE', #9231, 39.37007874015748143 ) ;
#7310 = CARTESIAN_POINT ( 'NONE',  ( -2.265625000000000000, 0.6079979548822432855, 0.6642500000000000071 ) ) ;
#7311 = ORIENTED_EDGE ( 'NONE', *, *, #8010, .F. ) ;
#7312 = LINE ( 'NONE', #8861, #1634 ) ;
#7313 = DIRECTION ( 'NONE',  ( -0.000000000000000000, -0.000000000000000000, 1.000000000000000000 ) ) ;
#7314 = PLANE ( 'NONE',  #7183 ) ;
#7315 = DIRECTION ( 'NONE',  ( -0.4999999999999292233, -0.8660254037844796748, 0.000000000000000000 ) ) ;
#7316 = CIRCLE ( 'NONE', #8248, 0.2500000000000000000 ) ;
#7317 = VECTOR ( 'NONE', #2113, 39.37007874015748143 ) ;
#7318 = ORIENTED_EDGE ( 'NONE', *, *, #3464, .F. ) ;
#7319 = DIRECTION ( 'NONE',  ( 0.000000000000000000, 0.000000000000000000, -1.000000000000000000 ) ) ;
#7320 = CARTESIAN_POINT ( 'NONE',  ( -1.712339780658681754, -0.2382494887205523215, 0.2500000000000000555 ) ) ;
#7321 = FACE_BOUND ( 'NONE', #8724, .T. ) ;
#7322 = FACE_OUTER_BOUND ( 'NONE', #5606, .T. ) ;
#7323 = CARTESIAN_POINT ( 'NONE',  ( -2.411828474074117157, 0.5949114638700457869, 0.8439418834258908264 ) ) ;
#7324 = VECTOR ( 'NONE', #7491, 39.37007874015748143 ) ;
#7325 = ORIENTED_EDGE ( 'NONE', *, *, #2766, .T. ) ;
#7326 = EDGE_CURVE ( 'NONE', #7806, #3825, #6425, .T. ) ;
#7327 = EDGE_CURVE ( 'NONE', #1599, #99, #2536, .T. ) ;
#7328 = ORIENTED_EDGE ( 'NONE', *, *, #5099, .T. ) ;
#7329 = VECTOR ( 'NONE', #614, 39.37007874015748143 ) ;
#7330 = CYLINDRICAL_SURFACE ( 'NONE', #7612, 0.06424999999999973788 ) ;
#7331 = VECTOR ( 'NONE', #2422, 39.37007874015747433 ) ;
#7332 = AXIS2_PLACEMENT_3D ( 'NONE', #599, #2642, #8560 ) ;
#7333 = ORIENTED_EDGE ( 'NONE', *, *, #3908, .F. ) ;
#7334 = ORIENTED_EDGE ( 'NONE', *, *, #250, .F. ) ;
#7335 = VECTOR ( 'NONE', #3261, 39.37007874015748143 ) ;
#7336 = ORIENTED_EDGE ( 'NONE', *, *, #5332, .F. ) ;
#7337 = CARTESIAN_POINT ( 'NONE',  ( 2.293247638562451396, -0.4038551499215468632, 0.3525000000000004241 ) ) ;
#7338 = CARTESIAN_POINT ( 'NONE',  ( -1.984375000000025979, 0.2790714234295686436, 0.9174999999999992051 ) ) ;
#7339 = FACE_OUTER_BOUND ( 'NONE', #6737, .T. ) ;
#7340 = ADVANCED_FACE ( 'NONE', ( #1074 ), #397, .F. ) ;
#7341 = DIRECTION ( 'NONE',  ( -1.000000000000000000, 0.000000000000000000, 3.316912419377130073E-16 ) ) ;
#7342 = ADVANCED_FACE ( 'NONE', ( #8497 ), #8453, .T. ) ;
#7343 = EDGE_CURVE ( 'NONE', #7116, #7083, #4008, .T. ) ;
#7344 = ORIENTED_EDGE ( 'NONE', *, *, #6687, .T. ) ;
#7345 = ORIENTED_EDGE ( 'NONE', *, *, #1436, .F. ) ;
#7346 = DIRECTION ( 'NONE',  ( -1.092739197465715148E-15, -1.892679809432637684E-15, -1.000000000000000000 ) ) ;
#7347 = VECTOR ( 'NONE', #6119, 39.37007874015748854 ) ;
#7348 = CARTESIAN_POINT ( 'NONE',  ( 2.393029291085381871, 0.3457972016676397753, 0.5766778340100329192 ) ) ;
#7349 = EDGE_LOOP ( 'NONE', ( #8551, #7661, #8578, #7685, #1948, #2523, #3848, #9246 ) ) ;
#7350 = VECTOR ( 'NONE', #7840, 39.37007874015747433 ) ;
#7351 = DIRECTION ( 'NONE',  ( -0.4999999999999972800, -0.8660254037844402619, 0.000000000000000000 ) ) ;
#7352 = DIRECTION ( 'NONE',  ( -0.000000000000000000, 1.000000000000000000, -0.000000000000000000 ) ) ;
#7353 = AXIS2_PLACEMENT_3D ( 'NONE', #1344, #8685, #8786 ) ;
#7354 = ORIENTED_EDGE ( 'NONE', *, *, #5381, .T. ) ;
#7355 = DIRECTION ( 'NONE',  ( -0.8660254037844395958, -0.4999999999999983902, 0.000000000000000000 ) ) ;
#7356 = CARTESIAN_POINT ( 'NONE',  ( -2.515624999999995559, -0.6044135630578968410, 0.4150000000000000910 ) ) ;
#7357 = ADVANCED_FACE ( 'NONE', ( #2634 ), #960, .F. ) ;
#7358 = DIRECTION ( 'NONE',  ( -0.000000000000000000, 1.000000000000000000, -0.000000000000000000 ) ) ;
#7359 = ADVANCED_FACE ( 'NONE', ( #1826 ), #6459, .F. ) ;
#7360 = CYLINDRICAL_SURFACE ( 'NONE', #1341, 0.009999999999999892655 ) ;
#7361 = FACE_OUTER_BOUND ( 'NONE', #2958, .T. ) ;
#7362 = VECTOR ( 'NONE', #741, 39.37007874015748143 ) ;
#7363 = CIRCLE ( 'NONE', #5335, 0.2500000000000000555 ) ;
#7364 = EDGE_CURVE ( 'NONE', #26, #8732, #1873, .T. ) ;
#7365 = ORIENTED_EDGE ( 'NONE', *, *, #6038, .F. ) ;
#7366 = VECTOR ( 'NONE', #6775, 39.37007874015748854 ) ;
#7367 = DIRECTION ( 'NONE',  ( 5.090879084663727145E-14, -1.000000000000000000, 0.000000000000000000 ) ) ;
#7368 = CARTESIAN_POINT ( 'NONE',  ( -1.559174798107780591, -0.01996200211974713534, 0.5999999999999999778 ) ) ;
#7369 = ORIENTED_EDGE ( 'NONE', *, *, #3980, .T. ) ;
#7370 = DIRECTION ( 'NONE',  ( -1.000000000000000000, 0.000000000000000000, 0.000000000000000000 ) ) ;
#7371 = LINE ( 'NONE', #803, #5743 ) ;
#7372 = CARTESIAN_POINT ( 'NONE',  ( 2.558872638562463830, 0.05622084583890603338, 0.000000000000000000 ) ) ;
#7373 = DIRECTION ( 'NONE',  ( -1.000000000000000000, 1.865610830299460874E-15, 0.000000000000000000 ) ) ;
#7374 = DIRECTION ( 'NONE',  ( 1.000000000000000000, 0.000000000000000000, -0.000000000000000000 ) ) ;
#7375 = CARTESIAN_POINT ( 'NONE',  ( 1.859375000000029754, 0.3476343040826271880, 0.5727544197693152928 ) ) ;
#7376 = CARTESIAN_POINT ( 'NONE',  ( -1.578107319008672071, -0.2687500000000003775, 0.2500000000000000555 ) ) ;
#7377 = ORIENTED_EDGE ( 'NONE', *, *, #1434, .F. ) ;
#7378 = DIRECTION ( 'NONE',  ( -0.8660254037844401509, 0.4999999999999972800, 0.000000000000000000 ) ) ;
#7379 = ORIENTED_EDGE ( 'NONE', *, *, #3849, .T. ) ;
#7380 = EDGE_CURVE ( 'NONE', #2505, #6056, #6074, .T. ) ;
#7381 = ORIENTED_EDGE ( 'NONE', *, *, #9354, .T. ) ;
#7382 = CIRCLE ( 'NONE', #3233, 0.2500000000000001110 ) ;
#7383 = DIRECTION ( 'NONE',  ( -0.5000000000000041078, -0.8660254037844363761, 0.000000000000000000 ) ) ;
#7384 = CARTESIAN_POINT ( 'NONE',  ( 1.859375000000017319, 0.4058214234295524081, 0.6642500000000000071 ) ) ;
#7385 = CARTESIAN_POINT ( 'NONE',  ( -1.437499999999994893, -0.09021097956086808478, 0.9499999999999999556 ) ) ;
#7386 = CARTESIAN_POINT ( 'NONE',  ( -1.306874999999987574, 0.000000000000000000, 0.2500000000000000555 ) ) ;
#7387 = B_SPLINE_CURVE_WITH_KNOTS ( 'NONE', 3,
 ( #3808, #245, #3151, #3672 ),
 .UNSPECIFIED., .F., .F.,
 ( 4, 4 ),
 ( 0.000000000000000000, 0.001266630838601559431 ),
 .UNSPECIFIED. ) ;
#7388 = EDGE_LOOP ( 'NONE', ( #8157, #2487, #324, #2029 ) ) ;
#7389 = CARTESIAN_POINT ( 'NONE',  ( 2.453125000000005329, 0.6404979548822425928, 0.4650000000000000799 ) ) ;
#7390 = ORIENTED_EDGE ( 'NONE', *, *, #3869, .F. ) ;
#7391 = CARTESIAN_POINT ( 'NONE',  ( -1.813004557839720476, -0.01775088930758962624, 0.2572037272617221371 ) ) ;
#7392 = AXIS2_PLACEMENT_3D ( 'NONE', #4164, #462, #8422 ) ;
#7393 = CARTESIAN_POINT ( 'NONE',  ( 1.859375000000008882, 0.6404979548822717916, 0.6999999999999999556 ) ) ;
#7394 = EDGE_CURVE ( 'NONE', #1646, #5487, #1163, .T. ) ;
#7395 = ADVANCED_FACE ( 'NONE', ( #5350 ), #8317, .T. ) ;
#7396 = ORIENTED_EDGE ( 'NONE', *, *, #8502, .T. ) ;
#7397 = ORIENTED_EDGE ( 'NONE', *, *, #7124, .T. ) ;
#7398 = VECTOR ( 'NONE', #538, 39.37007874015748143 ) ;
#7399 = DIRECTION ( 'NONE',  ( -0.5000000000000056621, 0.8660254037844353769, 0.000000000000000000 ) ) ;
#7400 = DIRECTION ( 'NONE',  ( 0.000000000000000000, 0.000000000000000000, -1.000000000000000000 ) ) ;
#7401 = DIRECTION ( 'NONE',  ( 0.8660254037844432595, 0.4999999999999919509, 0.000000000000000000 ) ) ;
#7402 = CARTESIAN_POINT ( 'NONE',  ( 2.721854174377007496, -0.1822141550339410332, 0.9499999999999999556 ) ) ;
#7403 = DIRECTION ( 'NONE',  ( -0.7071067811865392461, 0.7071067811865556774, 0.000000000000000000 ) ) ;
#7404 = DIRECTION ( 'NONE',  ( 0.000000000000000000, 0.000000000000000000, -1.000000000000000000 ) ) ;
#7405 = CARTESIAN_POINT ( 'NONE',  ( -2.125000000000000000, 0.000000000000000000, 0.9499999999999999556 ) ) ;
#7406 = EDGE_CURVE ( 'NONE', #2457, #4085, #9082, .T. ) ;
#7407 = EDGE_CURVE ( 'NONE', #6511, #5769, #9451, .T. ) ;
#7408 = VERTEX_POINT ( 'NONE', #4919 ) ;
#7409 = CARTESIAN_POINT ( 'NONE',  ( -2.233534568822333366, -0.4238387960450344938, 0.8262143477152055215 ) ) ;
#7410 = CARTESIAN_POINT ( 'NONE',  ( -2.390625000000005329, 0.3904979548822426483, 0.6999999999999999556 ) ) ;
#7411 = ORIENTED_EDGE ( 'NONE', *, *, #4166, .T. ) ;
#7412 = DIRECTION ( 'NONE',  ( -0.000000000000000000, -0.000000000000000000, 1.000000000000000000 ) ) ;
#7413 = CARTESIAN_POINT ( 'NONE',  ( -2.721854174377005275, -0.1822141550339398397, 0.2599999999999999534 ) ) ;
#7414 = DIRECTION ( 'NONE',  ( 0.8660254037844353769, -0.5000000000000056621, 0.000000000000000000 ) ) ;
#7415 = FACE_OUTER_BOUND ( 'NONE', #1881, .T. ) ;
#7416 = ADVANCED_FACE ( 'NONE', ( #9302 ), #585, .F. ) ;
#7417 = ADVANCED_FACE ( 'NONE', ( #9359 ), #2057, .F. ) ;
#7418 = ORIENTED_EDGE ( 'NONE', *, *, #1845, .T. ) ;
#7419 = CARTESIAN_POINT ( 'NONE',  ( -1.691127361437541055, 0.05622084583894616100, 0.2500000000000000555 ) ) ;
#7420 = VECTOR ( 'NONE', #3093, 39.37007874015748143 ) ;
#7421 = DIRECTION ( 'NONE',  ( -0.000000000000000000, 1.000000000000000000, -0.000000000000000000 ) ) ;
#7422 = CARTESIAN_POINT ( 'NONE',  ( 2.293247638562451396, -0.4038551499215468632, 0.3525000000000004241 ) ) ;
#7423 = VERTEX_POINT ( 'NONE', #8686 ) ;
#7424 = ORIENTED_EDGE ( 'NONE', *, *, #7079, .T. ) ;
#7425 = CARTESIAN_POINT ( 'NONE',  ( -1.504999999999972138, -0.2071244090717874464, 0.2600000000000000089 ) ) ;
#7426 = VERTEX_POINT ( 'NONE', #8739 ) ;
#7427 = AXIS2_PLACEMENT_3D ( 'NONE', #5522, #6181, #1894 ) ;
#7428 = ORIENTED_EDGE ( 'NONE', *, *, #8646, .F. ) ;
#7429 = ORIENTED_EDGE ( 'NONE', *, *, #957, .T. ) ;
#7430 = FACE_OUTER_BOUND ( 'NONE', #9342, .T. ) ;
#7431 = DIRECTION ( 'NONE',  ( -0.4999999999999972800, -0.8660254037844402619, 0.000000000000000000 ) ) ;
#7432 = VECTOR ( 'NONE', #2036, 39.37007874015748143 ) ;
#7433 = CARTESIAN_POINT ( 'NONE',  ( -1.483749999999997904, -0.1703183294109353318, 0.6999999999999999556 ) ) ;
#7434 = CARTESIAN_POINT ( 'NONE',  ( 2.500143830268922507, -0.5954755055462911395, 0.7932493951414447686 ) ) ;
#7435 = B_SPLINE_CURVE_WITH_KNOTS ( 'NONE', 3,
 ( #7850, #1937, #9236, #4029, #1893, #8433, #6330, #4850, #7804, #4174 ),
 .UNSPECIFIED., .F., .F.,
 ( 4, 2, 2, 2, 4 ),
 ( 0.000000000000000000, 0.0003734599253471661100, 0.0007469198506943274495, 0.001120379776041488789, 0.001493839701388649912 ),
 .UNSPECIFIED. ) ;
#7436 = ORIENTED_EDGE ( 'NONE', *, *, #8296, .T. ) ;
#7437 = FACE_OUTER_BOUND ( 'NONE', #46, .T. ) ;
#7438 = ORIENTED_EDGE ( 'NONE', *, *, #3336, .T. ) ;
#7439 = CARTESIAN_POINT ( 'NONE',  ( -2.812500000000023093, 0.6404979548822424817, 0.5357500000000000595 ) ) ;
#7440 = AXIS2_PLACEMENT_3D ( 'NONE', #247, #1865, #5488 ) ;
#7441 = VERTEX_POINT ( 'NONE', #2813 ) ;
#7442 = DIRECTION ( 'NONE',  ( 0.7071067811865452413, 0.7071067811865496822, 0.000000000000000000 ) ) ;
#7443 = CARTESIAN_POINT ( 'NONE',  ( 2.437787880073243318, 0.3059130918114495445, 0.8262143477152052995 ) ) ;
#7444 = ORIENTED_EDGE ( 'NONE', *, *, #4966, .T. ) ;
#7445 = DIRECTION ( 'NONE',  ( 0.000000000000000000, 0.000000000000000000, -1.000000000000000000 ) ) ;
#7446 = PLANE ( 'NONE',  #5693 ) ;
#7447 = CARTESIAN_POINT ( 'NONE',  ( -1.776589780658681894, -0.2382494887205523215, 0.2500000000000000555 ) ) ;
#7448 = AXIS2_PLACEMENT_3D ( 'NONE', #6898, #6066, #3107 ) ;
#7449 = ADVANCED_FACE ( 'NONE', ( #3482 ), #6413, .F. ) ;
#7450 = CARTESIAN_POINT ( 'NONE',  ( -2.505176579365986811, -0.5262123809435418353, 0.8474999999999995870 ) ) ;
#7451 = CARTESIAN_POINT ( 'NONE',  ( 2.690825201892120155, -0.01996200211991486922, 0.5999999999999999778 ) ) ;
#7452 = VERTEX_POINT ( 'NONE', #7870 ) ;
#7453 = ORIENTED_EDGE ( 'NONE', *, *, #976, .T. ) ;
#7454 = AXIS2_PLACEMENT_3D ( 'NONE', #706, #8188, #847 ) ;
#7455 = CIRCLE ( 'NONE', #5429, 0.3124999999999972800 ) ;
#7456 = LINE ( 'NONE', #3172, #601 ) ;
#7457 = ORIENTED_EDGE ( 'NONE', *, *, #7407, .F. ) ;
#7458 = DIRECTION ( 'NONE',  ( 5.090879084663727145E-14, -1.000000000000000000, 0.000000000000000000 ) ) ;
#7459 = EDGE_CURVE ( 'NONE', #8605, #2457, #5785, .T. ) ;
#7460 = EDGE_CURVE ( 'NONE', #7999, #8259, #1968, .T. ) ;
#7461 = VERTEX_POINT ( 'NONE', #4151 ) ;
#7462 = CARTESIAN_POINT ( 'NONE',  ( 2.628325201892208085, -0.1282151775928198345, 0.5999999999999999778 ) ) ;
#7463 = AXIS2_PLACEMENT_3D ( 'NONE', #1410, #4312, #5889 ) ;
#7464 = VECTOR ( 'NONE', #6629, 39.37007874015748143 ) ;
#7465 = FACE_OUTER_BOUND ( 'NONE', #6213, .T. ) ;
#7466 = DIRECTION ( 'NONE',  ( -0.000000000000000000, 0.000000000000000000, -1.000000000000000000 ) ) ;
#7467 = DIRECTION ( 'NONE',  ( 0.000000000000000000, 0.000000000000000000, 1.000000000000000000 ) ) ;
#7468 = VERTEX_POINT ( 'NONE', #7091 ) ;
#7469 = AXIS2_PLACEMENT_3D ( 'NONE', #52, #8887, #7341 ) ;
#7470 = DIRECTION ( 'NONE',  ( -1.000000000000000000, 0.000000000000000000, 3.316912419377130073E-16 ) ) ;
#7471 = VECTOR ( 'NONE', #640, 39.37007874015748143 ) ;
#7472 = AXIS2_PLACEMENT_3D ( 'NONE', #6421, #2778, #594 ) ;
#7473 = VECTOR ( 'NONE', #7302, 39.37007874015748143 ) ;
#7474 = DIRECTION ( 'NONE',  ( 0.4999999999999972800, -0.8660254037844402619, 0.000000000000000000 ) ) ;
#7475 = CARTESIAN_POINT ( 'NONE',  ( -2.211547108317882149, -0.4288541104406126681, 0.4650000000000000799 ) ) ;
#7476 = ADVANCED_FACE ( 'NONE', ( #493 ), #6507, .F. ) ;
#7477 = ORIENTED_EDGE ( 'NONE', *, *, #4570, .F. ) ;
#7478 = ORIENTED_EDGE ( 'NONE', *, *, #7210, .T. ) ;
#7479 = DIRECTION ( 'NONE',  ( 0.8660254037844363761, 0.5000000000000041078, -0.000000000000000000 ) ) ;
#7480 = EDGE_CURVE ( 'NONE', #1590, #5165, #5231, .T. ) ;
#7481 = ORIENTED_EDGE ( 'NONE', *, *, #3168, .F. ) ;
#7482 = VECTOR ( 'NONE', #3040, 39.37007874015748143 ) ;
#7483 = CIRCLE ( 'NONE', #587, 0.3124999999999972800 ) ;
#7484 = EDGE_CURVE ( 'NONE', #4127, #8711, #2009, .T. ) ;
#7485 = ORIENTED_EDGE ( 'NONE', *, *, #3582, .F. ) ;
#7486 = FACE_BOUND ( 'NONE', #80, .T. ) ;
#7487 = FACE_OUTER_BOUND ( 'NONE', #1068, .T. ) ;
#7488 = AXIS2_PLACEMENT_3D ( 'NONE', #7003, #9124, #6907 ) ;
#7489 = VECTOR ( 'NONE', #6475, 39.37007874015748143 ) ;
#7490 = DIRECTION ( 'NONE',  ( 0.000000000000000000, -4.370956789862821150E-15, -1.000000000000000000 ) ) ;
#7491 = DIRECTION ( 'NONE',  ( 0.000000000000000000, 0.000000000000000000, -1.000000000000000000 ) ) ;
#7492 = VERTEX_POINT ( 'NONE', #1299 ) ;
#7493 = FACE_OUTER_BOUND ( 'NONE', #5338, .T. ) ;
#7494 = EDGE_LOOP ( 'NONE', ( #1475, #3201, #6197, #3919, #6822, #9115, #4525, #3009, #6768 ) ) ;
#7495 = VECTOR ( 'NONE', #3030, 39.37007874015748143 ) ;
#7496 = ORIENTED_EDGE ( 'NONE', *, *, #3639, .F. ) ;
#7497 = AXIS2_PLACEMENT_3D ( 'NONE', #5186, #3038, #2896 ) ;
#7498 = DIRECTION ( 'NONE',  ( 0.000000000000000000, 0.000000000000000000, 1.000000000000000000 ) ) ;
#7499 = CARTESIAN_POINT ( 'NONE',  ( 0.000000000000000000, 0.1762500000000011557, 0.000000000000000000 ) ) ;
#7500 = DIRECTION ( 'NONE',  ( -0.000000000000000000, -0.000000000000000000, -1.000000000000000000 ) ) ;
#7501 = DIRECTION ( 'NONE',  ( -1.092739197465688721E-15, 1.892679809432653856E-15, -1.000000000000000000 ) ) ;
#7502 = DIRECTION ( 'NONE',  ( 0.000000000000000000, -0.000000000000000000, -1.000000000000000000 ) ) ;
#7503 = AXIS2_PLACEMENT_3D ( 'NONE', #203, #8980, #1736 ) ;
#7504 = DIRECTION ( 'NONE',  ( 0.4999999999999972800, -0.8660254037844402619, 0.000000000000000000 ) ) ;
#7505 = CARTESIAN_POINT ( 'NONE',  ( 1.167433081593972632, 0.3012499999999982969, 0.2175000000000010258 ) ) ;
#7506 = AXIS2_PLACEMENT_3D ( 'NONE', #920, #196, #4484 ) ;
#7507 = ORIENTED_EDGE ( 'NONE', *, *, #4155, .F. ) ;
#7508 = EDGE_CURVE ( 'NONE', #3628, #5421, #1273, .T. ) ;
#7509 = DIRECTION ( 'NONE',  ( 0.2588190451024698358, 0.9659258262890819680, 0.000000000000000000 ) ) ;
#7510 = CARTESIAN_POINT ( 'NONE',  ( -2.614374999999999449, -0.4333735458104661098, 0.2599999999999999534 ) ) ;
#7511 = LINE ( 'NONE', #3177, #1003 ) ;
#7512 = ORIENTED_EDGE ( 'NONE', *, *, #5081, .F. ) ;
#7513 = LINE ( 'NONE', #174, #5754 ) ;
#7514 = DIRECTION ( 'NONE',  ( -0.7071067811865364705, -0.7071067811865586750, -0.000000000000000000 ) ) ;
#7515 = CARTESIAN_POINT ( 'NONE',  ( 1.712339780658681754, -0.2382494887205523215, 0.000000000000000000 ) ) ;
#7516 = FACE_OUTER_BOUND ( 'NONE', #2691, .T. ) ;
#7517 = AXIS2_PLACEMENT_3D ( 'NONE', #4510, #225, #7466 ) ;
#7518 = EDGE_LOOP ( 'NONE', ( #2243, #4148, #1708, #698 ) ) ;
#7519 = ADVANCED_FACE ( 'NONE', ( #8638 ), #4968, .T. ) ;
#7520 = EDGE_CURVE ( 'NONE', #3459, #6800, #8016, .T. ) ;
#7521 = DIRECTION ( 'NONE',  ( -0.4999999999999527045, 0.8660254037844660191, 0.000000000000000000 ) ) ;
#7522 = AXIS2_PLACEMENT_3D ( 'NONE', #5573, #3415, #572 ) ;
#7523 = PLANE ( 'NONE',  #3633 ) ;
#7524 = CYLINDRICAL_SURFACE ( 'NONE', #3266, 0.06425000000000000155 ) ;
#7525 = VERTEX_POINT ( 'NONE', #6465 ) ;
#7526 = ORIENTED_EDGE ( 'NONE', *, *, #6094, .T. ) ;
#7527 = CARTESIAN_POINT ( 'NONE',  ( -2.515624999999995559, -0.6044135630578968410, 0.4650000000000000799 ) ) ;
#7528 = ORIENTED_EDGE ( 'NONE', *, *, #6040, .T. ) ;
#7529 = ORIENTED_EDGE ( 'NONE', *, *, #8139, .T. ) ;
#7530 = EDGE_CURVE ( 'NONE', #4855, #7116, #1438, .T. ) ;
#7531 = ORIENTED_EDGE ( 'NONE', *, *, #8758, .F. ) ;
#7532 = DIRECTION ( 'NONE',  ( 1.000000000000000000, 0.000000000000000000, -0.000000000000000000 ) ) ;
#7533 = DIRECTION ( 'NONE',  ( -0.7071067811865683339, -0.7071067811865267005, 0.000000000000000000 ) ) ;
#7534 = DIRECTION ( 'NONE',  ( 1.000000000000000000, 0.000000000000000000, 0.000000000000000000 ) ) ;
#7535 = CARTESIAN_POINT ( 'NONE',  ( -2.125000000000000000, 0.4764989774411177437, 0.000000000000000000 ) ) ;
#7536 = ORIENTED_EDGE ( 'NONE', *, *, #2408, .F. ) ;
#7537 = CARTESIAN_POINT ( 'NONE',  ( -1.437499999999995559, -0.09021097956087463510, 0.2500000000000000555 ) ) ;
#7538 = ORIENTED_EDGE ( 'NONE', *, *, #7747, .F. ) ;
#7539 = FILL_AREA_STYLE ('',( #2259 ) ) ;
#7540 = VECTOR ( 'NONE', #7187, 39.37007874015748143 ) ;
#7541 = ADVANCED_FACE ( 'NONE', ( #5150 ), #3620, .F. ) ;
#7542 = EDGE_LOOP ( 'NONE', ( #7798, #3246, #1097, #4305 ) ) ;
#7543 = DIRECTION ( 'NONE',  ( -0.000000000000000000, -0.000000000000000000, -1.000000000000000000 ) ) ;
#7544 = DIRECTION ( 'NONE',  ( -0.5000000000000041078, -0.8660254037844363761, 0.000000000000000000 ) ) ;
#7545 = CARTESIAN_POINT ( 'NONE',  ( 1.824799798107692439, -0.4800379978800762282, 0.5999999999999999778 ) ) ;
#7546 = CARTESIAN_POINT ( 'NONE',  ( 2.487700201892215635, -0.3717848224071855223, 0.6642499999999997851 ) ) ;
#7547 = CARTESIAN_POINT ( 'NONE',  ( -1.425435123085334821, -0.02685461453993916517, 0.8011496496916042931 ) ) ;
#7548 = EDGE_CURVE ( 'NONE', #6145, #5707, #8625, .T. ) ;
#7549 = VECTOR ( 'NONE', #1450, 39.37007874015748143 ) ;
#7550 = DIRECTION ( 'NONE',  ( 0.000000000000000000, 0.000000000000000000, 1.000000000000000000 ) ) ;
#7551 = DIRECTION ( 'NONE',  ( 0.000000000000000000, 0.000000000000000000, -1.000000000000000000 ) ) ;
#7552 = ORIENTED_EDGE ( 'NONE', *, *, #7293, .F. ) ;
#7553 = ORIENTED_EDGE ( 'NONE', *, *, #188, .F. ) ;
#7554 = ORIENTED_EDGE ( 'NONE', *, *, #2479, .F. ) ;
#7555 = CARTESIAN_POINT ( 'NONE',  ( 2.586229174377006057, -0.4171235458104662897, 0.2500000000000000555 ) ) ;
#7556 = DIRECTION ( 'NONE',  ( -0.2588190451025333405, 0.9659258262890649815, 0.000000000000000000 ) ) ;
#7557 = CARTESIAN_POINT ( 'NONE',  ( -2.390625000000005773, 0.5923487661265872672, 0.8474999999999995870 ) ) ;
#7558 = ORIENTED_EDGE ( 'NONE', *, *, #356, .F. ) ;
#7559 = DIRECTION ( 'NONE',  ( -1.000000000000000000, 0.000000000000000000, 0.000000000000000000 ) ) ;
#7560 = DIRECTION ( 'NONE',  ( 0.5000000000000041078, 0.8660254037844363761, -0.000000000000000000 ) ) ;
#7561 = ADVANCED_FACE ( 'NONE', ( #8787 ), #3000, .T. ) ;
#7562 = SURFACE_STYLE_FILL_AREA ( #330 ) ;
#7563 = LINE ( 'NONE', #1044, #4239 ) ;
#7564 = VERTEX_POINT ( 'NONE', #8113 ) ;
#7565 = EDGE_LOOP ( 'NONE', ( #2907, #8140 ) ) ;
#7566 = EDGE_LOOP ( 'NONE', ( #875, #969 ) ) ;
#7567 = CARTESIAN_POINT ( 'NONE',  ( 1.973597884324440832, 0.2857088524216807590, 0.9282771156755839081 ) ) ;
#7568 = FACE_OUTER_BOUND ( 'NONE', #138, .T. ) ;
#7569 = VERTEX_POINT ( 'NONE', #3755 ) ;
#7570 = VERTEX_POINT ( 'NONE', #7384 ) ;
#7571 = LINE ( 'NONE', #7620, #5589 ) ;
#7572 = ORIENTED_EDGE ( 'NONE', *, *, #535, .T. ) ;
#7573 = EDGE_CURVE ( 'NONE', #5359, #5878, #361, .T. ) ;
#7574 = LINE ( 'NONE', #3889, #2264 ) ;
#7575 = CIRCLE ( 'NONE', #687, 0.2175000000000126277 ) ;
#7576 = ORIENTED_EDGE ( 'NONE', *, *, #2607, .F. ) ;
#7577 = ORIENTED_EDGE ( 'NONE', *, *, #7040, .T. ) ;
#7578 = CARTESIAN_POINT ( 'NONE',  ( 2.558872638562463830, 0.05622084583890603338, 0.2500000000000000555 ) ) ;
#7579 = CARTESIAN_POINT ( 'NONE',  ( -2.255625000000001990, 0.6404979548822493651, 0.2175000000000000266 ) ) ;
#7580 = CARTESIAN_POINT ( 'NONE',  ( 2.546874999999995559, -0.5502869753213701642, 0.9499999999999999556 ) ) ;
#7581 = DIRECTION ( 'NONE',  ( 0.000000000000000000, -0.7071067811865490160, -0.7071067811865460184 ) ) ;
#7582 = VERTEX_POINT ( 'NONE', #6697 ) ;
#7583 = CARTESIAN_POINT ( 'NONE',  ( 1.406249999999996003, -0.03608439182434083903, 0.4650000000000000799 ) ) ;
#7584 = CIRCLE ( 'NONE', #6170, 0.06425000000000000155 ) ;
#7585 = VERTEX_POINT ( 'NONE', #8969 ) ;
#7586 = EDGE_CURVE ( 'NONE', #1340, #7461, #4390, .T. ) ;
#7587 = EDGE_CURVE ( 'NONE', #6800, #8054, #5873, .T. ) ;
#7588 = DIRECTION ( 'NONE',  ( 0.000000000000000000, 0.000000000000000000, -1.000000000000000000 ) ) ;
#7589 = ORIENTED_EDGE ( 'NONE', *, *, #617, .F. ) ;
#7590 = CIRCLE ( 'NONE', #3421, 0.04250000000000152961 ) ;
#7591 = LINE ( 'NONE', #3910, #145 ) ;
#7592 = DIRECTION ( 'NONE',  ( -1.000000000000000000, 0.000000000000000000, -2.185478394931412547E-15 ) ) ;
#7593 = DIRECTION ( 'NONE',  ( 0.000000000000000000, 0.000000000000000000, -1.000000000000000000 ) ) ;
#7594 = DIRECTION ( 'NONE',  ( -0.5000000000000066613, -0.8660254037844348218, 0.000000000000000000 ) ) ;
#7595 = FACE_OUTER_BOUND ( 'NONE', #817, .T. ) ;
#7596 = ADVANCED_FACE ( 'NONE', ( #7487 ), #8885, .T. ) ;
#7597 = DIRECTION ( 'NONE',  ( 0.000000000000000000, -1.000000000000000000, 0.000000000000000000 ) ) ;
#7598 = ADVANCED_FACE ( 'NONE', ( #1579 ), #917, .F. ) ;
#7599 = AXIS2_PLACEMENT_3D ( 'NONE', #6748, #1818, #198 ) ;
#7600 = CARTESIAN_POINT ( 'NONE',  ( 2.301370442160278973, -0.2526602800841205587, 0.2599999999999999534 ) ) ;
#7601 = ORIENTED_EDGE ( 'NONE', *, *, #209, .T. ) ;
#7602 = ORIENTED_EDGE ( 'NONE', *, *, #3792, .F. ) ;
#7603 = DIRECTION ( 'NONE',  ( -0.4999999999999973355, -0.8660254037844402619, 0.000000000000000000 ) ) ;
#7604 = VECTOR ( 'NONE', #8538, 39.37007874015748143 ) ;
#7605 = DIRECTION ( 'NONE',  ( 1.092739197465705287E-15, 0.000000000000000000, 1.000000000000000000 ) ) ;
#7606 = CARTESIAN_POINT ( 'NONE',  ( -1.951875000000010463, 0.6404979548822424817, 0.6642500000000000071 ) ) ;
#7607 = ORIENTED_EDGE ( 'NONE', *, *, #5795, .F. ) ;
#7608 =( NAMED_UNIT ( * ) PLANE_ANGLE_UNIT ( ) SI_UNIT ( $, .RADIAN. ) );
#7609 = SURFACE_STYLE_FILL_AREA ( #276 ) ;
#7610 = CARTESIAN_POINT ( 'NONE',  ( -2.211547108317882149, -0.4288541104406126681, 0.7349999999999999867 ) ) ;
#7611 = AXIS2_PLACEMENT_3D ( 'NONE', #1053, #3945, #7718 ) ;
#7612 = AXIS2_PLACEMENT_3D ( 'NONE', #2949, #2098, #5141 ) ;
#7613 = ORIENTED_EDGE ( 'NONE', *, *, #9404, .F. ) ;
#7614 = VERTEX_POINT ( 'NONE', #1621 ) ;
#7615 = CARTESIAN_POINT ( 'NONE',  ( 1.962761439850251977, 0.2921469406300979399, 0.9391135601497726526 ) ) ;
#7616 = AXIS2_PLACEMENT_3D ( 'NONE', #4890, #7845, #2786 ) ;
#7617 = AXIS2_PLACEMENT_3D ( 'NONE', #510, #5514, #9136 ) ;
#7618 = DIRECTION ( 'NONE',  ( 1.000000000000000000, 4.535261055593809906E-14, 0.000000000000000000 ) ) ;
#7619 = VERTEX_POINT ( 'NONE', #6600 ) ;
#7620 = CARTESIAN_POINT ( 'NONE',  ( 2.546874999999995559, -0.5502869753213698312, 0.8474999999999995870 ) ) ;
#7621 = ORIENTED_EDGE ( 'NONE', *, *, #6567, .T. ) ;
#7622 = CARTESIAN_POINT ( 'NONE',  ( -2.463181149053891072, -0.1952489774411230172, 0.6999999999999999556 ) ) ;
#7623 = VECTOR ( 'NONE', #7652, 39.37007874015748143 ) ;
#7624 = CIRCLE ( 'NONE', #6684, 0.4374999999999960587 ) ;
#7625 = ORIENTED_EDGE ( 'NONE', *, *, #1845, .F. ) ;
#7626 = EDGE_LOOP ( 'NONE', ( #634, #3381, #2651, #4724 ) ) ;
#7627 = ADVANCED_FACE ( 'NONE', ( #8254 ), #4531, .F. ) ;
#7628 = DIRECTION ( 'NONE',  ( -0.000000000000000000, 1.000000000000000000, -0.000000000000000000 ) ) ;
#7629 = DIRECTION ( 'NONE',  ( 0.8660254037844354880, -0.5000000000000056621, 1.584471836325272075E-14 ) ) ;
#7630 = CARTESIAN_POINT ( 'NONE',  ( 1.654006350946105819, 0.03478902043912990294, 0.9499999999999999556 ) ) ;
#7631 = EDGE_LOOP ( 'NONE', ( #1526, #3839, #9288, #4540 ) ) ;
#7632 = CYLINDRICAL_SURFACE ( 'NONE', #7279, 0.5000000000000000000 ) ;
#7633 = AXIS2_PLACEMENT_3D ( 'NONE', #7951, #3514, #9389 ) ;
#7634 =( GEOMETRIC_REPRESENTATION_CONTEXT ( 3 ) GLOBAL_UNCERTAINTY_ASSIGNED_CONTEXT ( ( #1298 ) ) GLOBAL_UNIT_ASSIGNED_CONTEXT ( ( #2392, #3814, #6801 ) ) REPRESENTATION_CONTEXT ( 'NONE', 'WORKASPACE' ) );
#7635 = ORIENTED_EDGE ( 'NONE', *, *, #5228, .T. ) ;
#7636 = VERTEX_POINT ( 'NONE', #726 ) ;
#7637 = DIRECTION ( 'NONE',  ( 1.000000000000000000, 0.000000000000000000, 0.000000000000000000 ) ) ;
#7638 = ORIENTED_EDGE ( 'NONE', *, *, #1760, .F. ) ;
#7639 = AXIS2_PLACEMENT_3D ( 'NONE', #1216, #312, #1829 ) ;
#7640 = AXIS2_PLACEMENT_3D ( 'NONE', #8932, #2961, #5879 ) ;
#7641 = EDGE_CURVE ( 'NONE', #6297, #1160, #1530, .T. ) ;
#7642 = EDGE_CURVE ( 'NONE', #7083, #2855, #5921, .T. ) ;
#7643 = DIRECTION ( 'NONE',  ( -0.000000000000000000, 0.000000000000000000, 1.000000000000000000 ) ) ;
#7644 = FACE_OUTER_BOUND ( 'NONE', #8689, .T. ) ;
#7645 = CARTESIAN_POINT ( 'NONE',  ( -1.437499999999995559, -0.09021097956087463510, 0.2500000000000000555 ) ) ;
#7646 = DIRECTION ( 'NONE',  ( 0.000000000000000000, 0.000000000000000000, 1.000000000000000000 ) ) ;
#7647 = CARTESIAN_POINT ( 'NONE',  ( -2.501124091573759145, -0.5339058143017523239, 0.8470415347009946361 ) ) ;
#7648 = CARTESIAN_POINT ( 'NONE',  ( -1.559174798107780591, -0.01996200211974713534, 0.6642499999999997851 ) ) ;
#7649 = VECTOR ( 'NONE', #4116, 39.37007874015748143 ) ;
#7650 = VECTOR ( 'NONE', #162, 39.37007874015748143 ) ;
#7651 = AXIS2_PLACEMENT_3D ( 'NONE', #2737, #4885, #649 ) ;
#7652 = DIRECTION ( 'NONE',  ( -0.4999999999999972800, -0.8660254037844402619, -0.000000000000000000 ) ) ;
#7653 = VERTEX_POINT ( 'NONE', #7338 ) ;
#7654 = ORIENTED_EDGE ( 'NONE', *, *, #7219, .T. ) ;
#7655 = EDGE_CURVE ( 'NONE', #6304, #5507, #2324, .T. ) ;
#7656 = DIRECTION ( 'NONE',  ( 7.244205235679145164E-14, 1.000000000000000000, 0.000000000000000000 ) ) ;
#7657 = VECTOR ( 'NONE', #7206, 39.37007874015748143 ) ;
#7658 = EDGE_CURVE ( 'NONE', #6455, #4657, #5200, .T. ) ;
#7659 = DIRECTION ( 'NONE',  ( 1.000000000000000000, -3.023406148612404573E-15, 0.000000000000000000 ) ) ;
#7660 = DIRECTION ( 'NONE',  ( -7.228235936543575681E-14, -1.000000000000000000, 0.000000000000000000 ) ) ;
#7661 = ORIENTED_EDGE ( 'NONE', *, *, #4610, .F. ) ;
#7662 = LINE ( 'NONE', #3977, #1947 ) ;
#7663 = EDGE_CURVE ( 'NONE', #6836, #2627, #6744, .T. ) ;
#7664 = DIRECTION ( 'NONE',  ( 0.000000000000000000, 0.000000000000000000, -1.000000000000000000 ) ) ;
#7665 = DIRECTION ( 'NONE',  ( 0.000000000000000000, 0.000000000000000000, -1.000000000000000000 ) ) ;
#7666 = CIRCLE ( 'NONE', #3495, 0.4374999999999960032 ) ;
#7667 = CARTESIAN_POINT ( 'NONE',  ( 2.298124999999999307, 0.6404979548822424817, 0.6642500000000000071 ) ) ;
#7668 = ORIENTED_EDGE ( 'NONE', *, *, #4489, .T. ) ;
#7669 = EDGE_CURVE ( 'NONE', #2791, #6621, #194, .T. ) ;
#7670 = DIRECTION ( 'NONE',  ( -0.000000000000000000, 0.000000000000000000, -1.000000000000000000 ) ) ;
#7671 = CARTESIAN_POINT ( 'NONE',  ( -2.812500000000023093, 0.6404979548822424817, 0.5357500000000000595 ) ) ;
#7672 = ORIENTED_EDGE ( 'NONE', *, *, #2989, .F. ) ;
#7673 = CARTESIAN_POINT ( 'NONE',  ( 1.306874999999987574, 0.000000000000000000, -5.578266170116183356E-17 ) ) ;
#7674 = ORIENTED_EDGE ( 'NONE', *, *, #3184, .T. ) ;
#7675 = LINE ( 'NONE', #1103, #4544 ) ;
#7676 = CIRCLE ( 'NONE', #9057, 0.9875000000000008216 ) ;
#7677 = EDGE_LOOP ( 'NONE', ( #1181, #2154, #5834, #749 ) ) ;
#7678 = VERTEX_POINT ( 'NONE', #1007 ) ;
#7679 = DIRECTION ( 'NONE',  ( 0.000000000000000000, -0.000000000000000000, 1.000000000000000000 ) ) ;
#7680 = FACE_OUTER_BOUND ( 'NONE', #8991, .T. ) ;
#7681 = DIRECTION ( 'NONE',  ( 0.8660254037844660191, -0.4999999999999527045, 0.000000000000000000 ) ) ;
#7682 = EDGE_LOOP ( 'NONE', ( #1618, #822, #7288, #1148, #6972 ) ) ;
#7683 = CARTESIAN_POINT ( 'NONE',  ( 2.436995442160277303, -0.01775088930761715283, 0.9499999999999999556 ) ) ;
#7684 = VERTEX_POINT ( 'NONE', #387 ) ;
#7685 = ORIENTED_EDGE ( 'NONE', *, *, #8622, .F. ) ;
#7686 = EDGE_CURVE ( 'NONE', #7035, #2620, #6193, .T. ) ;
#7687 = ORIENTED_EDGE ( 'NONE', *, *, #8571, .T. ) ;
#7688 = CARTESIAN_POINT ( 'NONE',  ( 2.125000000000000000, 0.000000000000000000, 0.2500000000000000555 ) ) ;
#7689 = CARTESIAN_POINT ( 'NONE',  ( 2.425200201892211638, -0.4800379978802461478, 0.6642499999999997851 ) ) ;
#7690 = DIRECTION ( 'NONE',  ( 1.000000000000000000, 0.000000000000000000, 0.000000000000000000 ) ) ;
#7691 = FACE_BOUND ( 'NONE', #8965, .T. ) ;
#7692 = DIRECTION ( 'NONE',  ( 8.208687653317557480E-14, 1.000000000000000000, -0.000000000000000000 ) ) ;
#7693 = CARTESIAN_POINT ( 'NONE',  ( -2.436995442160277303, -0.01775088930761715283, 0.9175000000000006484 ) ) ;
#7694 = AXIS2_PLACEMENT_3D ( 'NONE', #5968, #8202, #2301 ) ;
#7695 = CARTESIAN_POINT ( 'NONE',  ( 2.425200201892211638, -0.4800379978802461478, 0.5999999999999999778 ) ) ;
#7696 = ORIENTED_EDGE ( 'NONE', *, *, #8512, .F. ) ;
#7697 = EDGE_CURVE ( 'NONE', #2219, #8489, #9075, .T. ) ;
#7698 = EDGE_CURVE ( 'NONE', #1280, #1453, #3328, .T. ) ;
#7699 = VERTEX_POINT ( 'NONE', #6939 ) ;
#7700 = CARTESIAN_POINT ( 'NONE',  ( -1.859375000000002665, 0.6404979548822695712, 0.2500000000000000555 ) ) ;
#7701 = CIRCLE ( 'NONE', #5220, 0.06424999999999990441 ) ;
#7702 = DIRECTION ( 'NONE',  ( -0.6123724356957916948, -0.3535533905932757848, 0.7071067811865489050 ) ) ;
#7703 = DIRECTION ( 'NONE',  ( -2.512044132105060867E-15, -1.000000000000000000, -6.280110330262652168E-16 ) ) ;
#7704 = CARTESIAN_POINT ( 'NONE',  ( -1.167433081593972855, -0.2687500000000004885, 0.4999999999999996114 ) ) ;
#7705 = ORIENTED_EDGE ( 'NONE', *, *, #7586, .F. ) ;
#7706 = CARTESIAN_POINT ( 'NONE',  ( 1.167433081593972855, 0.3012499999999982969, 0.5000000000000002220 ) ) ;
#7707 = CARTESIAN_POINT ( 'NONE',  ( 2.265624999999999112, 0.3904979548822426483, 0.6999999999999999556 ) ) ;
#7708 = ADVANCED_FACE ( 'NONE', ( #7680 ), #242, .F. ) ;
#7709 = EDGE_CURVE ( 'NONE', #7582, #2053, #3998, .T. ) ;
#7710 =( LENGTH_UNIT ( ) NAMED_UNIT ( * ) SI_UNIT ( $, .METRE. ) );
#7711 = AXIS2_PLACEMENT_3D ( 'NONE', #2636, #5400, #3295 ) ;
#7712 = CARTESIAN_POINT ( 'NONE',  ( -2.296370442160278635, -0.2613205341219648759, 0.2599999999999999534 ) ) ;
#7713 = ORIENTED_EDGE ( 'NONE', *, *, #5556, .F. ) ;
#7714 = DIRECTION ( 'NONE',  ( 1.000000000000000000, 0.000000000000000000, 0.000000000000000000 ) ) ;
#7715 = DIRECTION ( 'NONE',  ( -1.000000000000000000, 0.000000000000000000, 2.185478394931412547E-15 ) ) ;
#7716 = ORIENTED_EDGE ( 'NONE', *, *, #8160, .T. ) ;
#7717 = CARTESIAN_POINT ( 'NONE',  ( -1.919631350946071402, -0.4252869753213548987, 0.9499999999999999556 ) ) ;
#7718 = DIRECTION ( 'NONE',  ( 0.000000000000000000, 0.000000000000000000, -1.000000000000000000 ) ) ;
#7719 = EDGE_CURVE ( 'NONE', #3923, #7264, #1861, .T. ) ;
#7720 = ADVANCED_FACE ( 'NONE', ( #4042 ), #34, .T. ) ;
#7721 = CARTESIAN_POINT ( 'NONE',  ( -2.453125000000006661, 0.2893790496476774110, 0.4100878509056116727 ) ) ;
#7722 = EDGE_LOOP ( 'NONE', ( #2625, #1842, #7776, #735, #8426 ) ) ;
#7723 = VERTEX_POINT ( 'NONE', #3149 ) ;
#7724 = LINE ( 'NONE', #4041, #8138 ) ;
#7725 = CARTESIAN_POINT ( 'NONE',  ( 2.298124999999999307, 0.6404979548822425928, 0.6642500000000000071 ) ) ;
#7726 = LINE ( 'NONE', #1242, #6637 ) ;
#7727 = VERTEX_POINT ( 'NONE', #7579 ) ;
#7728 = DIRECTION ( 'NONE',  ( 0.8660254037844137276, 0.5000000000000434097, 0.000000000000000000 ) ) ;
#7729 = VERTEX_POINT ( 'NONE', #5341 ) ;
#7730 = EDGE_LOOP ( 'NONE', ( #3476, #8904, #7306, #7893 ) ) ;
#7731 = AXIS2_PLACEMENT_3D ( 'NONE', #3844, #8194, #856 ) ;
#7732 = ORIENTED_EDGE ( 'NONE', *, *, #4340, .T. ) ;
#7733 = VERTEX_POINT ( 'NONE', #6895 ) ;
#7734 = CARTESIAN_POINT ( 'NONE',  ( 2.425200201892211638, -0.4800379978802461478, 0.5357500000000002816 ) ) ;
#7735 = CARTESIAN_POINT ( 'NONE',  ( -2.766249999999998987, -0.1703183294109464618, 0.6999999999999999556 ) ) ;
#7736 = CARTESIAN_POINT ( 'NONE',  ( -1.419374999999987619, 1.377727649040771927E-17, 0.2500000000000000555 ) ) ;
#7737 = LINE ( 'NONE', #6260, #3542 ) ;
#7738 = LINE ( 'NONE', #5449, #5778 ) ;
#7739 = DIRECTION ( 'NONE',  ( -1.000000000000000000, 0.000000000000000000, 0.000000000000000000 ) ) ;
#7740 =( NAMED_UNIT ( * ) PLANE_ANGLE_UNIT ( ) SI_UNIT ( $, .RADIAN. ) );
#7741 = ORIENTED_EDGE ( 'NONE', *, *, #8150, .F. ) ;
#7742 = VECTOR ( 'NONE', #5082, 39.37007874015748143 ) ;
#7743 = ORIENTED_EDGE ( 'NONE', *, *, #3183, .T. ) ;
#7744 = DIRECTION ( 'NONE',  ( -0.000000000000000000, -0.000000000000000000, -1.000000000000000000 ) ) ;
#7745 = FACE_OUTER_BOUND ( 'NONE', #1317, .T. ) ;
#7746 = CARTESIAN_POINT ( 'NONE',  ( 1.712339780658681754, -0.2382494887205523215, -5.578266170116183356E-17 ) ) ;
#7747 = EDGE_CURVE ( 'NONE', #4493, #4280, #6844, .T. ) ;
#7748 = LINE ( 'NONE', #3263, #8970 ) ;
#7749 = STYLED_ITEM ( 'NONE', ( #124 ), #3087 ) ;
#7750 = DIRECTION ( 'NONE',  ( -0.000000000000000000, 1.000000000000000000, -0.000000000000000000 ) ) ;
#7751 = CARTESIAN_POINT ( 'NONE',  ( -2.265624999999999556, 0.4058214234295524081, 0.5999999999999999778 ) ) ;
#7752 = APPLICATION_PROTOCOL_DEFINITION ( 'draft international standard', 'automotive_design', 1998, #8277 ) ;
#7753 = ORIENTED_EDGE ( 'NONE', *, *, #7530, .T. ) ;
#7754 = VECTOR ( 'NONE', #4120, 39.37007874015748143 ) ;
#7755 = VERTEX_POINT ( 'NONE', #6245 ) ;
#7756 = DIRECTION ( 'NONE',  ( -0.8660254037844432595, 0.4999999999999919509, -0.000000000000000000 ) ) ;
#7757 = EDGE_CURVE ( 'NONE', #2038, #9363, #4603, .T. ) ;
#7758 = EDGE_CURVE ( 'NONE', #2208, #8450, #3282, .T. ) ;
#7759 = CARTESIAN_POINT ( 'NONE',  ( -2.390625000000005329, 0.6404979548822425928, 0.4649999999999999689 ) ) ;
#7760 = ORIENTED_EDGE ( 'NONE', *, *, #328, .F. ) ;
#7761 = DIRECTION ( 'NONE',  ( 0.000000000000000000, -0.000000000000000000, -1.000000000000000000 ) ) ;
#7762 = EDGE_LOOP ( 'NONE', ( #7365, #4534, #3730, #2857 ) ) ;
#7763 = CARTESIAN_POINT ( 'NONE',  ( -2.452539214158641734, 0.2900464794071072050, 0.4052457801197263954 ) ) ;
#7764 = VERTEX_POINT ( 'NONE', #5532 ) ;
#7765 = ORIENTED_EDGE ( 'NONE', *, *, #9059, .F. ) ;
#7766 = AXIS2_PLACEMENT_3D ( 'NONE', #7809, #2702, #5714 ) ;
#7767 = VECTOR ( 'NONE', #7479, 39.37007874015747433 ) ;
#7768 = EDGE_CURVE ( 'NONE', #5487, #489, #9111, .T. ) ;
#7769 = CARTESIAN_POINT ( 'NONE',  ( -2.453125000000005329, 0.6404979548822425928, 0.7349999999999999867 ) ) ;
#7770 = LINE ( 'NONE', #4185, #4754 ) ;
#7771 = EDGE_CURVE ( 'NONE', #406, #828, #3199, .T. ) ;
#7772 = CARTESIAN_POINT ( 'NONE',  ( -2.255624999999998437, 0.6079979548822497248, 0.2500000000000000555 ) ) ;
#7773 = VERTEX_POINT ( 'NONE', #4581 ) ;
#7774 = DIRECTION ( 'NONE',  ( 0.5000000000000038858, 0.8660254037844362651, 0.000000000000000000 ) ) ;
#7775 = ORIENTED_EDGE ( 'NONE', *, *, #5389, .F. ) ;
#7776 = ORIENTED_EDGE ( 'NONE', *, *, #1586, .F. ) ;
#7777 = EDGE_CURVE ( 'NONE', #948, #7570, #955, .T. ) ;
#7778 = VECTOR ( 'NONE', #6963, 39.37007874015748854 ) ;
#7779 = ORIENTED_EDGE ( 'NONE', *, *, #4117, .F. ) ;
#7780 = ORIENTED_EDGE ( 'NONE', *, *, #6524, .T. ) ;
#7781 = FACE_OUTER_BOUND ( 'NONE', #3304, .T. ) ;
#7782 = FACE_OUTER_BOUND ( 'NONE', #481, .T. ) ;
#7783 = AXIS2_PLACEMENT_3D ( 'NONE', #1109, #4667, #5969 ) ;
#7784 = AXIS2_PLACEMENT_3D ( 'NONE', #2016, #8647, #4112 ) ;
#7785 = CARTESIAN_POINT ( 'NONE',  ( -0.5324999999999976419, 0.1762500000000011557, 0.000000000000000000 ) ) ;
#7786 = DIRECTION ( 'NONE',  ( 0.000000000000000000, 1.000000000000000000, 0.000000000000000000 ) ) ;
#7787 = CARTESIAN_POINT ( 'NONE',  ( -1.668770825622965859, -0.4257837998483141040, 0.2599999999999999534 ) ) ;
#7788 = DIRECTION ( 'NONE',  ( -0.000000000000000000, -0.000000000000000000, 1.000000000000000000 ) ) ;
#7789 = ORIENTED_EDGE ( 'NONE', *, *, #3549, .F. ) ;
#7790 = AXIS2_PLACEMENT_3D ( 'NONE', #5050, #3704, #2946 ) ;
#7791 = DIRECTION ( 'NONE',  ( 1.000000000000000000, 0.000000000000000000, 0.000000000000000000 ) ) ;
#7792 = CARTESIAN_POINT ( 'NONE',  ( 2.390625000000005773, 0.6404979548822425928, 0.9499999999999999556 ) ) ;
#7793 = DIRECTION ( 'NONE',  ( -0.4999999999999918954, 0.8660254037844431485, 0.000000000000000000 ) ) ;
#7794 = AXIS2_PLACEMENT_3D ( 'NONE', #20, #8797, #5885 ) ;
#7795 = CARTESIAN_POINT ( 'NONE',  ( 0.000000000000000000, 0.1762500000000011557, 0.8325000000000002398 ) ) ;
#7796 = DIRECTION ( 'NONE',  ( 0.000000000000000000, 0.000000000000000000, -1.000000000000000000 ) ) ;
#7797 = CARTESIAN_POINT ( 'NONE',  ( 2.265625000000000000, 0.6404979548822425928, 0.6999999999999999556 ) ) ;
#7798 = ORIENTED_EDGE ( 'NONE', *, *, #4274, .T. ) ;
#7799 = FACE_BOUND ( 'NONE', #2019, .T. ) ;
#7800 = EDGE_CURVE ( 'NONE', #8518, #5871, #2481, .T. ) ;
#7801 = EDGE_LOOP ( 'NONE', ( #8893, #3318, #6158, #3197 ) ) ;
#7802 = VERTEX_POINT ( 'NONE', #6792 ) ;
#7803 = ORIENTED_EDGE ( 'NONE', *, *, #2309, .F. ) ;
#7804 = CARTESIAN_POINT ( 'NONE',  ( -2.393029291085381871, 0.3457972016676397753, 0.5766778340100329192 ) ) ;
#7805 = DIRECTION ( 'NONE',  ( 0.000000000000000000, 0.000000000000000000, 1.000000000000000000 ) ) ;
#7806 = VERTEX_POINT ( 'NONE', #4666 ) ;
#7807 = VECTOR ( 'NONE', #5595, 39.37007874015748854 ) ;
#7808 = CARTESIAN_POINT ( 'NONE',  ( 1.167433081593972855, 0.2687499999999986011, 0.2500000000000002220 ) ) ;
#7809 = CARTESIAN_POINT ( 'NONE',  ( 1.859375000000025535, 0.4058214234295524081, 0.5999999999999999778 ) ) ;
#7810 = DIRECTION ( 'NONE',  ( 0.000000000000000000, 0.000000000000000000, 1.000000000000000000 ) ) ;
#7811 = EDGE_CURVE ( 'NONE', #1617, #4774, #6279, .T. ) ;
#7812 = EDGE_CURVE ( 'NONE', #5507, #85, #1061, .T. ) ;
#7813 = ORIENTED_EDGE ( 'NONE', *, *, #9354, .F. ) ;
#7814 = CIRCLE ( 'NONE', #3647, 0.3449999999999986411 ) ;
#7815 = LINE ( 'NONE', #2043, #3504 ) ;
#7816 = VECTOR ( 'NONE', #7643, 39.37007874015748143 ) ;
#7817 = DIRECTION ( 'NONE',  ( 1.000000000000000000, 0.000000000000000000, 0.000000000000000000 ) ) ;
#7818 = CARTESIAN_POINT ( 'NONE',  ( -0.9376234198628758953, -0.2687500000000004885, 0.4015748031496059745 ) ) ;
#7819 = LINE ( 'NONE', #3284, #2500 ) ;
#7820 = VERTEX_POINT ( 'NONE', #1107 ) ;
#7821 = DIRECTION ( 'NONE',  ( 0.5000000000000363043, -0.8660254037844178354, 0.000000000000000000 ) ) ;
#7822 = ORIENTED_EDGE ( 'NONE', *, *, #5626, .T. ) ;
#7823 = VERTEX_POINT ( 'NONE', #1241 ) ;
#7824 = CIRCLE ( 'NONE', #2298, 0.4374999999999960587 ) ;
#7825 = ADVANCED_FACE ( 'NONE', ( #2095 ), #2760, .F. ) ;
#7826 = AXIS2_PLACEMENT_3D ( 'NONE', #6877, #5271, #6135 ) ;
#7827 = VERTEX_POINT ( 'NONE', #3373 ) ;
#7828 = FACE_BOUND ( 'NONE', #7565, .T. ) ;
#7829 = DIRECTION ( 'NONE',  ( 1.000000000000000000, 0.000000000000000000, 0.000000000000000000 ) ) ;
#7830 = AXIS2_PLACEMENT_3D ( 'NONE', #2490, #1949, #6399 ) ;
#7831 = ADVANCED_FACE ( 'NONE', ( #5720 ), #3471, .F. ) ;
#7832 = CARTESIAN_POINT ( 'NONE',  ( -1.437499999999995559, -0.09021097956087463510, 0.2500000000000000555 ) ) ;
#7833 = CARTESIAN_POINT ( 'NONE',  ( -1.859375000000008882, 0.6404979548822717916, 0.9499999999999999556 ) ) ;
#7834 = VERTEX_POINT ( 'NONE', #4139 ) ;
#7835 = DIRECTION ( 'NONE',  ( 0.8660254037844136166, -0.5000000000000432987, 0.000000000000000000 ) ) ;
#7836 = ORIENTED_EDGE ( 'NONE', *, *, #5393, .T. ) ;
#7837 = EDGE_CURVE ( 'NONE', #3487, #4521, #7959, .T. ) ;
#7838 = EDGE_LOOP ( 'NONE', ( #4523, #8834, #6691, #8718 ) ) ;
#7839 = LINE ( 'NONE', #459, #7188 ) ;
#7840 = DIRECTION ( 'NONE',  ( 0.8660254037844363761, 0.5000000000000041078, -0.000000000000000000 ) ) ;
#7841 = FACE_OUTER_BOUND ( 'NONE', #8196, .T. ) ;
#7842 = DIRECTION ( 'NONE',  ( 0.3779644730092251437, 0.6546536707079793072, 0.6546536707079761985 ) ) ;
#7843 = DIRECTION ( 'NONE',  ( 0.000000000000000000, 0.000000000000000000, 1.000000000000000000 ) ) ;
#7844 = CARTESIAN_POINT ( 'NONE',  ( -1.514079410139418602, -0.1802444485527194828, 0.2499999999999998612 ) ) ;
#7845 = DIRECTION ( 'NONE',  ( -0.8660254037844432595, 0.4999999999999919509, -0.000000000000000000 ) ) ;
#7846 = AXIS2_PLACEMENT_3D ( 'NONE', #2386, #8830, #2250 ) ;
#7847 = VERTEX_POINT ( 'NONE', #8585 ) ;
#7848 = EDGE_LOOP ( 'NONE', ( #8031, #3314, #6609, #320 ) ) ;
#7849 = ORIENTED_EDGE ( 'NONE', *, *, #444, .F. ) ;
#7850 = CARTESIAN_POINT ( 'NONE',  ( -2.390625000000005329, 0.3476343040825998765, 0.6272455802306264872 ) ) ;
#7851 = CARTESIAN_POINT ( 'NONE',  ( -1.528145825622967191, -0.1822141550339431981, 0.2599999999999999534 ) ) ;
#7852 = EDGE_CURVE ( 'NONE', #8670, #4474, #528, .T. ) ;
#7853 = EDGE_LOOP ( 'NONE', ( #9145, #5534 ) ) ;
#7854 = DIRECTION ( 'NONE',  ( 1.000000000000000000, 5.090879084663727145E-14, 0.000000000000000000 ) ) ;
#7855 = CIRCLE ( 'NONE', #2932, 0.2500000000000000555 ) ;
#7856 = CARTESIAN_POINT ( 'NONE',  ( -2.330368649053886632, -0.4252869753213685544, 0.6999999999999999556 ) ) ;
#7857 = FACE_OUTER_BOUND ( 'NONE', #7682, .T. ) ;
#7858 = ORIENTED_EDGE ( 'NONE', *, *, #8698, .F. ) ;
#7859 = AXIS2_PLACEMENT_3D ( 'NONE', #4438, #8060, #6013 ) ;
#7860 = DIRECTION ( 'NONE',  ( 0.8660254037844451469, 0.4999999999999888423, 0.000000000000000000 ) ) ;
#7861 = DIRECTION ( 'NONE',  ( 8.741913579725640721E-15, 1.000000000000000000, 0.000000000000000000 ) ) ;
#7862 = CARTESIAN_POINT ( 'NONE',  ( -1.762299798107778814, -0.3717848224071720331, 0.5999999999999999778 ) ) ;
#7863 = CYLINDRICAL_SURFACE ( 'NONE', #1140, 0.04449999999999948441 ) ;
#7864 = EDGE_CURVE ( 'NONE', #541, #6749, #3520, .T. ) ;
#7865 = ORIENTED_EDGE ( 'NONE', *, *, #3118, .T. ) ;
#7866 = LINE ( 'NONE', #4238, #6515 ) ;
#7867 = ORIENTED_EDGE ( 'NONE', *, *, #240, .F. ) ;
#7868 = ORIENTED_EDGE ( 'NONE', *, *, #2005, .T. ) ;
#7869 = FACE_OUTER_BOUND ( 'NONE', #2350, .T. ) ;
#7870 = CARTESIAN_POINT ( 'NONE',  ( -2.614374999999999449, -0.4333735458104659433, 0.2175000000000010258 ) ) ;
#7871 = DIRECTION ( 'NONE',  ( -0.6560590289905063877, 8.034405899049442705E-17, 0.7547095802227727912 ) ) ;
#7872 = LINE ( 'NONE', #7287, #3004 ) ;
#7873 = EDGE_CURVE ( 'NONE', #6411, #4459, #6444, .T. ) ;
#7874 = EDGE_CURVE ( 'NONE', #7921, #2355, #5517, .T. ) ;
#7875 = ORIENTED_EDGE ( 'NONE', *, *, #3780, .F. ) ;
#7876 = ORIENTED_EDGE ( 'NONE', *, *, #918, .T. ) ;
#7877 = CARTESIAN_POINT ( 'NONE',  ( -1.710327891682111856, 0.1394750607929389485, 0.4650000000000000799 ) ) ;
#7878 = CARTESIAN_POINT ( 'NONE',  ( -1.951875000000010463, 0.6404979548822711255, 0.6999999999999999556 ) ) ;
#7879 = ORIENTED_EDGE ( 'NONE', *, *, #1888, .T. ) ;
#7880 = EDGE_LOOP ( 'NONE', ( #6007, #4106, #3604, #3559 ) ) ;
#7881 = ORIENTED_EDGE ( 'NONE', *, *, #3726, .T. ) ;
#7882 = AXIS2_PLACEMENT_3D ( 'NONE', #6497, #767, #6781 ) ;
#7883 = CARTESIAN_POINT ( 'NONE',  ( -2.125000000000000000, 0.000000000000000000, 0.9499999999999999556 ) ) ;
#7884 = DIRECTION ( 'NONE',  ( 1.000000000000000000, -0.000000000000000000, -0.000000000000000000 ) ) ;
#7885 = CARTESIAN_POINT ( 'NONE',  ( 2.376618649053890753, -0.3451796254713021539, 0.9499999999999999556 ) ) ;
#7886 = DIRECTION ( 'NONE',  ( 0.7071067811865482389, -0.7071067811865467956, -0.000000000000000000 ) ) ;
#7887 = EDGE_CURVE ( 'NONE', #2052, #2355, #4235, .T. ) ;
#7888 = EDGE_CURVE ( 'NONE', #1903, #6195, #7770, .T. ) ;
#7889 = DIRECTION ( 'NONE',  ( -2.345411264343451631E-16, 0.7071067811865459074, -0.7071067811865491270 ) ) ;
#7890 = CARTESIAN_POINT ( 'NONE',  ( -1.859375000000029754, 0.3476343040826271880, 0.5727544197693152928 ) ) ;
#7891 = CARTESIAN_POINT ( 'NONE',  ( -1.621674798107783033, -0.1282151775928081772, 0.5999999999999999778 ) ) ;
#7892 = PLANE ( 'NONE',  #8747 ) ;
#7893 = ORIENTED_EDGE ( 'NONE', *, *, #5933, .T. ) ;
#7894 = FACE_OUTER_BOUND ( 'NONE', #6552, .T. ) ;
#7895 = VECTOR ( 'NONE', #2838, 39.37007874015748143 ) ;
#7896 = CARTESIAN_POINT ( 'NONE',  ( 1.635624999999971241, -0.4333735458104718830, 0.2599999999999999534 ) ) ;
#7897 = ORIENTED_EDGE ( 'NONE', *, *, #3549, .T. ) ;
#7898 = DIRECTION ( 'NONE',  ( -0.8660254037844451469, -0.4999999999999888423, 0.000000000000000000 ) ) ;
#7899 = LINE ( 'NONE', #9388, #7911 ) ;
#7900 = DIRECTION ( 'NONE',  ( -0.8660254037844394848, -0.4999999999999982792, 0.000000000000000000 ) ) ;
#7901 = VECTOR ( 'NONE', #9027, 39.37007874015748143 ) ;
#7902 = ORIENTED_EDGE ( 'NONE', *, *, #5794, .F. ) ;
#7903 = CARTESIAN_POINT ( 'NONE',  ( 0.5324999999999974198, -0.1762500000000011557, 0.000000000000000000 ) ) ;
#7904 = CARTESIAN_POINT ( 'NONE',  ( 1.855041606226997875, 0.3442843293412205519, 0.6190786247367432438 ) ) ;
#7905 = CARTESIAN_POINT ( 'NONE',  ( 2.296730066445470175, -0.2739725045726019714, 0.9282771156755869058 ) ) ;
#7906 = CARTESIAN_POINT ( 'NONE',  ( 1.559174798107780591, -0.01996200211974713534, 0.5357500000000002816 ) ) ;
#7907 = LINE ( 'NONE', #8630, #5392 ) ;
#7908 = VERTEX_POINT ( 'NONE', #7232 ) ;
#7909 = CARTESIAN_POINT ( 'NONE',  ( -1.419148271538632100, -0.02863757127942839417, 0.7849999999999999201 ) ) ;
#7910 = ORIENTED_EDGE ( 'NONE', *, *, #1585, .F. ) ;
#7911 = VECTOR ( 'NONE', #4133, 39.37007874015748143 ) ;
#7912 = AXIS2_PLACEMENT_3D ( 'NONE', #3275, #4524, #3798 ) ;
#7913 = ADVANCED_FACE ( 'NONE', ( #4957 ), #6294, .F. ) ;
#7914 = VERTEX_POINT ( 'NONE', #7906 ) ;
#7915 = CARTESIAN_POINT ( 'NONE',  ( 2.211547108317882149, -0.4288541104406126681, 0.4150000000000000910 ) ) ;
#7916 = DIRECTION ( 'NONE',  ( 0.7071067811865472397, 2.137870989964933542E-15, 0.7071067811865477948 ) ) ;
#7917 = CARTESIAN_POINT ( 'NONE',  ( 1.956752361437507526, -0.4038551499215299323, 0.9499999999999999556 ) ) ;
#7918 = FACE_OUTER_BOUND ( 'NONE', #8964, .T. ) ;
#7919 = ORIENTED_EDGE ( 'NONE', *, *, #1434, .T. ) ;
#7920 = VECTOR ( 'NONE', #4561, 39.37007874015748143 ) ;
#7921 = VERTEX_POINT ( 'NONE', #672 ) ;
#7922 = CARTESIAN_POINT ( 'NONE',  ( 2.493160219341329142, -0.2382494887205698075, -5.578266170116183356E-17 ) ) ;
#7923 = SURFACE_STYLE_FILL_AREA ( #501 ) ;
#7924 = ORIENTED_EDGE ( 'NONE', *, *, #1812, .F. ) ;
#7925 = EDGE_CURVE ( 'NONE', #6359, #4755, #4865, .T. ) ;
#7926 = EDGE_CURVE ( 'NONE', #6747, #3736, #1953, .T. ) ;
#7927 = AXIS2_PLACEMENT_3D ( 'NONE', #7600, #2498, #1028 ) ;
#7928 = VECTOR ( 'NONE', #7504, 39.37007874015748854 ) ;
#7929 = PLANE ( 'NONE',  #9493 ) ;
#7930 = CARTESIAN_POINT ( 'NONE',  ( -1.991847578994567769, 0.2827267639397001431, 0.2499999999999999722 ) ) ;
#7931 = LINE ( 'NONE', #8507, #7489 ) ;
#7932 = DIRECTION ( 'NONE',  ( 0.8660254037844667963, -0.4999999999999512057, -0.000000000000000000 ) ) ;
#7933 = DIRECTION ( 'NONE',  ( 0.000000000000000000, 0.000000000000000000, -1.000000000000000000 ) ) ;
#7934 = CARTESIAN_POINT ( 'NONE',  ( 2.298124999999998419, 0.3904979548822426483, 0.9499999999999999556 ) ) ;
#7935 = VECTOR ( 'NONE', #2387, 39.37007874015748854 ) ;
#7936 = VECTOR ( 'NONE', #8864, 39.37007874015748143 ) ;
#7937 = AXIS2_PLACEMENT_3D ( 'NONE', #9461, #5695, #8692 ) ;
#7938 = DIRECTION ( 'NONE',  ( 0.000000000000000000, 0.000000000000000000, -1.000000000000000000 ) ) ;
#7939 =( NAMED_UNIT ( * ) PLANE_ANGLE_UNIT ( ) SI_UNIT ( $, .RADIAN. ) );
#7940 = EDGE_CURVE ( 'NONE', #576, #7723, #7104, .T. ) ;
#7941 = EDGE_CURVE ( 'NONE', #7999, #3230, #8610, .T. ) ;
#7942 = ORIENTED_EDGE ( 'NONE', *, *, #8210, .F. ) ;
#7943 = CARTESIAN_POINT ( 'NONE',  ( -2.245139493911575190, -0.4207011105259209072, 0.8342758506934097040 ) ) ;
#7944 = VECTOR ( 'NONE', #2560, 39.37007874015748854 ) ;
#7945 = AXIS2_PLACEMENT_3D ( 'NONE', #5190, #3742, #551 ) ;
#7946 = DIRECTION ( 'NONE',  ( 1.000000000000000000, 8.405686134351793218E-15, 0.000000000000000000 ) ) ;
#7947 = ORIENTED_EDGE ( 'NONE', *, *, #4509, .F. ) ;
#7948 = CARTESIAN_POINT ( 'NONE',  ( 2.125000000000000000, 0.000000000000000000, 0.9499999999999999556 ) ) ;
#7949 = CARTESIAN_POINT ( 'NONE',  ( 1.656874999999970566, -0.4701796254713098144, 0.9499999999999999556 ) ) ;
#7950 = AXIS2_PLACEMENT_3D ( 'NONE', #6039, #7603, #3925 ) ;
#7951 = CARTESIAN_POINT ( 'NONE',  ( 2.390625000000005329, 0.4058214234295524081, 0.5999999999999999778 ) ) ;
#7952 = VECTOR ( 'NONE', #6905, 39.37007874015747433 ) ;
#7953 = EDGE_CURVE ( 'NONE', #5208, #7116, #7382, .T. ) ;
#7954 = VERTEX_POINT ( 'NONE', #1199 ) ;
#7955 = AXIS2_PLACEMENT_3D ( 'NONE', #6756, #1632, #5937 ) ;
#7956 = CARTESIAN_POINT ( 'NONE',  ( 0.4999999999999999445, -0.6044135630578968410, 0.000000000000000000 ) ) ;
#7957 = DIRECTION ( 'NONE',  ( 0.000000000000000000, 0.000000000000000000, -1.000000000000000000 ) ) ;
#7958 = CARTESIAN_POINT ( 'NONE',  ( -1.533145825622967307, -0.1908744090717876263, 0.2500000000000000555 ) ) ;
#7959 = LINE ( 'NONE', #7818, #5829 ) ;
#7960 = AXIS2_PLACEMENT_3D ( 'NONE', #3395, #549, #3436 ) ;
#7961 = PLANE ( 'NONE',  #5243 ) ;
#7962 = EDGE_LOOP ( 'NONE', ( #1507, #1642, #6091, #9204 ) ) ;
#7963 = CARTESIAN_POINT ( 'NONE',  ( 1.813004557839720920, -0.01775088930758956032, 0.9174999999999992051 ) ) ;
#7964 = ORIENTED_EDGE ( 'NONE', *, *, #737, .T. ) ;
#7965 = AXIS2_PLACEMENT_3D ( 'NONE', #7386, #2388, #4533 ) ;
#7966 = AXIS2_PLACEMENT_3D ( 'NONE', #3530, #5016, #2055 ) ;
#7967 = ORIENTED_EDGE ( 'NONE', *, *, #3289, .T. ) ;
#7968 = CARTESIAN_POINT ( 'NONE',  ( 2.233565120298022677, -0.4238310446009687649, 0.3737597234363085885 ) ) ;
#7969 = CARTESIAN_POINT ( 'NONE',  ( -2.298124999999997087, -5.234271894785144470E-16, 0.9499999999999999556 ) ) ;
#7970 = CARTESIAN_POINT ( 'NONE',  ( -1.984375000000009548, 0.6404979548822712365, 0.2599999999999999534 ) ) ;
#7971 = CARTESIAN_POINT ( 'NONE',  ( 1.167433081593972855, 0.3012499999999982969, 0.5000000000000002220 ) ) ;
#7972 = ORIENTED_EDGE ( 'NONE', *, *, #3168, .T. ) ;
#7973 = VECTOR ( 'NONE', #193, 39.37007874015747433 ) ;
#7974 = VERTEX_POINT ( 'NONE', #7033 ) ;
#7975 = ADVANCED_FACE ( 'NONE', ( #5576 ), #218, .F. ) ;
#7976 = CARTESIAN_POINT ( 'NONE',  ( 1.710044896886266708, 0.1386402690091525780, 0.7947191470558554460 ) ) ;
#7977 = CARTESIAN_POINT ( 'NONE',  ( 2.721854174377007496, -0.1822141550339411165, 0.9499999999999999556 ) ) ;
#7978 = AXIS2_PLACEMENT_3D ( 'NONE', #1331, #6117, #7637 ) ;
#7979 = DIRECTION ( 'NONE',  ( 0.000000000000000000, 0.000000000000000000, -1.000000000000000000 ) ) ;
#7980 = CARTESIAN_POINT ( 'NONE',  ( 2.411828474074117157, 0.5949114638700457869, 0.8439418834258908264 ) ) ;
#7981 = FACE_OUTER_BOUND ( 'NONE', #486, .T. ) ;
#7982 = DIRECTION ( 'NONE',  ( -0.4999999999999512057, -0.8660254037844667963, 0.000000000000000000 ) ) ;
#7983 = ORIENTED_EDGE ( 'NONE', *, *, #5952, .F. ) ;
#7984 = ADVANCED_FACE ( 'NONE', ( #7322 ), #5820, .T. ) ;
#7985 = DIRECTION ( 'NONE',  ( -1.865610830299460874E-15, -1.000000000000000000, 0.000000000000000000 ) ) ;
#7986 = DIRECTION ( 'NONE',  ( -0.000000000000000000, -1.000000000000000000, -0.000000000000000000 ) ) ;
#7987 = ORIENTED_EDGE ( 'NONE', *, *, #2178, .T. ) ;
#7988 = ORIENTED_EDGE ( 'NONE', *, *, #5049, .T. ) ;
#7989 = CARTESIAN_POINT ( 'NONE',  ( 0.000000000000000000, -0.3012499999999982969, 0.000000000000000000 ) ) ;
#7990 = CARTESIAN_POINT ( 'NONE',  ( 2.469999244255243198, 0.0007221241658989860498, 0.9499999999999999556 ) ) ;
#7991 = EDGE_CURVE ( 'NONE', #8999, #6248, #9492, .T. ) ;
#7992 = EDGE_CURVE ( 'NONE', #2466, #7974, #268, .T. ) ;
#7993 = ORIENTED_EDGE ( 'NONE', *, *, #2461, .F. ) ;
#7994 = LINE ( 'NONE', #2795, #1940 ) ;
#7995 = PLANE ( 'NONE',  #1932 ) ;
#7996 = FACE_BOUND ( 'NONE', #1115, .T. ) ;
#7997 = AXIS2_PLACEMENT_3D ( 'NONE', #149, #7285, #7431 ) ;
#7998 = DIRECTION ( 'NONE',  ( 1.000000000000000000, -1.865610830299460874E-15, -0.000000000000000000 ) ) ;
#7999 = VERTEX_POINT ( 'NONE', #6041 ) ;
#8000 = DIRECTION ( 'NONE',  ( -0.000000000000000000, -0.000000000000000000, 1.000000000000000000 ) ) ;
#8001 = DIRECTION ( 'NONE',  ( 0.000000000000000000, 0.000000000000000000, 1.000000000000000000 ) ) ;
#8002 = CARTESIAN_POINT ( 'NONE',  ( 1.706609629415210660, 0.1279211385137469792, 0.3838303734341185214 ) ) ;
#8003 = AXIS2_PLACEMENT_3D ( 'NONE', #4730, #1020, #6256 ) ;
#8004 = CARTESIAN_POINT ( 'NONE',  ( -1.824799798107692439, -0.4800379978800762282, 0.5999999999999999778 ) ) ;
#8005 = AXIS2_PLACEMENT_3D ( 'NONE', #939, #2415, #3829 ) ;
#8006 = CARTESIAN_POINT ( 'NONE',  ( -2.430094113920388210, 0.6015858139031838858, 0.8341152750368359126 ) ) ;
#8007 = EDGE_CURVE ( 'NONE', #5065, #7847, #714, .T. ) ;
#8008 = ORIENTED_EDGE ( 'NONE', *, *, #1407, .T. ) ;
#8009 = LINE ( 'NONE', #1432, #3904 ) ;
#8010 = EDGE_CURVE ( 'NONE', #1476, #6297, #7225, .T. ) ;
#8011 = ORIENTED_EDGE ( 'NONE', *, *, #8712, .F. ) ;
#8012 = ORIENTED_EDGE ( 'NONE', *, *, #8057, .T. ) ;
#8013 = VECTOR ( 'NONE', #5982, 39.37007874015748143 ) ;
#8014 = ORIENTED_EDGE ( 'NONE', *, *, #2886, .F. ) ;
#8015 = CYLINDRICAL_SURFACE ( 'NONE', #619, 0.06249999999999967387 ) ;
#8016 = LINE ( 'NONE', #4246, #815 ) ;
#8017 = DIRECTION ( 'NONE',  ( 0.000000000000000000, 0.000000000000000000, 1.000000000000000000 ) ) ;
#8018 = LINE ( 'NONE', #5833, #3218 ) ;
#8019 = EDGE_LOOP ( 'NONE', ( #5253, #3468, #6592, #8979 ) ) ;
#8020 = EDGE_LOOP ( 'NONE', ( #9412, #2012, #4170, #6070 ) ) ;
#8021 = FACE_OUTER_BOUND ( 'NONE', #5211, .T. ) ;
#8022 = DIRECTION ( 'NONE',  ( 0.8660254037844364872, -0.5000000000000039968, 0.000000000000000000 ) ) ;
#8023 = DIRECTION ( 'NONE',  ( 0.4999999999999903966, 0.8660254037844442587, -0.000000000000000000 ) ) ;
#8024 = CARTESIAN_POINT ( 'NONE',  ( 0.9077481638378352979, -0.3012499999999982969, 0.3887795275590562039 ) ) ;
#8025 = PLANE ( 'NONE',  #5907 ) ;
#8026 = DIRECTION ( 'NONE',  ( 1.000000000000000000, 0.000000000000000000, 0.000000000000000000 ) ) ;
#8027 = LINE ( 'NONE', #2832, #7000 ) ;
#8028 = CYLINDRICAL_SURFACE ( 'NONE', #4072, 0.3124999999999974465 ) ;
#8029 = ORIENTED_EDGE ( 'NONE', *, *, #2520, .T. ) ;
#8030 = CIRCLE ( 'NONE', #2204, 0.8325000000000002398 ) ;
#8031 = ORIENTED_EDGE ( 'NONE', *, *, #5244, .T. ) ;
#8032 = ADVANCED_FACE ( 'NONE', ( #5774 ), #3927, .F. ) ;
#8033 = EDGE_CURVE ( 'NONE', #6989, #6597, #1035, .T. ) ;
#8034 = DIRECTION ( 'NONE',  ( 0.5000000000000047740, -0.8660254037844359321, 0.000000000000000000 ) ) ;
#8035 = FACE_OUTER_BOUND ( 'NONE', #8537, .T. ) ;
#8036 = EDGE_LOOP ( 'NONE', ( #2322, #5503, #4145, #3710, #5380 ) ) ;
#8037 = DIRECTION ( 'NONE',  ( 0.000000000000000000, 0.000000000000000000, 1.000000000000000000 ) ) ;
#8038 = CARTESIAN_POINT ( 'NONE',  ( -2.125000000000000000, 0.000000000000000000, 0.9499999999999999556 ) ) ;
#8039 = CARTESIAN_POINT ( 'NONE',  ( -1.437499999999994893, -0.09021097956086808478, 0.4650000000000000799 ) ) ;
#8040 = LINE ( 'NONE', #8092, #9304 ) ;
#8041 = AXIS2_PLACEMENT_3D ( 'NONE', #5314, #6042, #940 ) ;
#8042 = ORIENTED_EDGE ( 'NONE', *, *, #633, .T. ) ;
#8043 = EDGE_CURVE ( 'NONE', #7280, #5877, #7234, .T. ) ;
#8044 = EDGE_CURVE ( 'NONE', #3, #7764, #1412, .T. ) ;
#8045 = CARTESIAN_POINT ( 'NONE',  ( 1.419148271538632100, -0.02863757127942839417, 0.7849999999999999201 ) ) ;
#8046 = FACE_OUTER_BOUND ( 'NONE', #2619, .T. ) ;
#8047 = FACE_OUTER_BOUND ( 'NONE', #5661, .T. ) ;
#8048 = DIRECTION ( 'NONE',  ( 0.8660254037844348218, 0.5000000000000066613, -0.000000000000000000 ) ) ;
#8049 = CARTESIAN_POINT ( 'NONE',  ( -2.544742737973233471, -0.5490559132662351516, 0.7350000000000000977 ) ) ;
#8050 = ORIENTED_EDGE ( 'NONE', *, *, #605, .F. ) ;
#8051 = PLANE ( 'NONE',  #263 ) ;
#8052 = ORIENTED_EDGE ( 'NONE', *, *, #4792, .F. ) ;
#8053 = ORIENTED_EDGE ( 'NONE', *, *, #5557, .F. ) ;
#8054 = VERTEX_POINT ( 'NONE', #8775 ) ;
#8055 = EDGE_CURVE ( 'NONE', #6145, #2689, #4429, .T. ) ;
#8056 = ORIENTED_EDGE ( 'NONE', *, *, #366, .F. ) ;
#8057 = EDGE_CURVE ( 'NONE', #3473, #4617, #3127, .T. ) ;
#8058 = CIRCLE ( 'NONE', #3887, 0.2499999999999999167 ) ;
#8059 = CARTESIAN_POINT ( 'NONE',  ( 2.190312499999974349, 0.1131245683693124782, 0.2600000000000000089 ) ) ;
#8060 = DIRECTION ( 'NONE',  ( -0.7071067811865465735, 3.206913846861606165E-14, 0.7071067811865484609 ) ) ;
#8061 = DIRECTION ( 'NONE',  ( -1.000000000000000000, 0.000000000000000000, 0.000000000000000000 ) ) ;
#8062 = CARTESIAN_POINT ( 'NONE',  ( 2.125000000000000000, 0.000000000000000000, 0.4649999999999993583 ) ) ;
#8063 = EDGE_LOOP ( 'NONE', ( #4659, #5637, #3486, #303, #6203, #9018, #7453, #2810 ) ) ;
#8064 = EDGE_CURVE ( 'NONE', #1476, #9087, #2236, .T. ) ;
#8065 = VERTEX_POINT ( 'NONE', #8996 ) ;
#8066 = CARTESIAN_POINT ( 'NONE',  ( -1.712339780658681754, -0.2382494887205523215, 0.2500000000000000555 ) ) ;
#8067 = AXIS2_PLACEMENT_3D ( 'NONE', #1515, #1561, #5857 ) ;
#8068 = CARTESIAN_POINT ( 'NONE',  ( 2.376618649053890753, -0.3451796254713022094, 0.9499999999999999556 ) ) ;
#8069 = ORIENTED_EDGE ( 'NONE', *, *, #4287, .F. ) ;
#8070 = DIRECTION ( 'NONE',  ( 0.4999999999999987232, 0.8660254037844393737, -0.000000000000000000 ) ) ;
#8071 = DIRECTION ( 'NONE',  ( 0.5000000000000038858, -0.8660254037844363761, 2.185478394931430296E-15 ) ) ;
#8072 = CONICAL_SURFACE ( 'NONE', #6350, 0.1124999999999999611, 0.7155849933176740008 ) ;
#8073 = DIRECTION ( 'NONE',  ( 0.4999999999999986122, -0.8660254037844394848, 0.000000000000000000 ) ) ;
#8074 = FACE_OUTER_BOUND ( 'NONE', #985, .T. ) ;
#8075 = CARTESIAN_POINT ( 'NONE',  ( -1.419148271538632100, -0.02863757127942839417, 0.7849999999999999201 ) ) ;
#8076 = LINE ( 'NONE', #7934, #2861 ) ;
#8077 = CYLINDRICAL_SURFACE ( 'NONE', #2848, 0.06249999999999967387 ) ;
#8078 = ORIENTED_EDGE ( 'NONE', *, *, #1598, .F. ) ;
#8079 = AXIS2_PLACEMENT_3D ( 'NONE', #1123, #3968, #8943 ) ;
#8080 = VECTOR ( 'NONE', #3832, 39.37007874015747433 ) ;
#8081 = ORIENTED_EDGE ( 'NONE', *, *, #1533, .F. ) ;
#8082 = CARTESIAN_POINT ( 'NONE',  ( -2.425200201892211638, -0.4800379978802461478, 0.5999999999999999778 ) ) ;
#8083 = VECTOR ( 'NONE', #8788, 39.37007874015748854 ) ;
#8084 = AXIS2_PLACEMENT_3D ( 'NONE', #5000, #8723, #6394 ) ;
#8085 = AXIS2_PLACEMENT_3D ( 'NONE', #5307, #165, #8274 ) ;
#8086 = CARTESIAN_POINT ( 'NONE',  ( 2.812500000000023093, 0.6404979548822424817, 0.5357500000000000595 ) ) ;
#8087 = ORIENTED_EDGE ( 'NONE', *, *, #9416, .T. ) ;
#8088 = CARTESIAN_POINT ( 'NONE',  ( 1.700256350946108164, -0.04531832941093606737, 0.9499999999999999556 ) ) ;
#8089 = CARTESIAN_POINT ( 'NONE',  ( 1.953269933554506510, -0.2739725045725852071, 0.9282771156755845743 ) ) ;
#8090 = EDGE_CURVE ( 'NONE', #679, #7452, #6762, .T. ) ;
#8091 = DIRECTION ( 'NONE',  ( 0.000000000000000000, 0.000000000000000000, -1.000000000000000000 ) ) ;
#8092 = CARTESIAN_POINT ( 'NONE',  ( 0.000000000000000000, 0.2312500000000110301, 0.000000000000000000 ) ) ;
#8093 = CIRCLE ( 'NONE', #2715, 0.04449999999999975503 ) ;
#8094 = CIRCLE ( 'NONE', #7173, 0.009999999999999892655 ) ;
#8095 = VECTOR ( 'NONE', #4282, 39.37007874015748854 ) ;
#8096 = LINE ( 'NONE', #7419, #2153 ) ;
#8097 = DIRECTION ( 'NONE',  ( -0.000000000000000000, 1.000000000000000000, -0.000000000000000000 ) ) ;
#8098 = CARTESIAN_POINT ( 'NONE',  ( -1.635624999999970797, -0.4333735458104719940, 0.2599999999999999534 ) ) ;
#8099 = CARTESIAN_POINT ( 'NONE',  ( -2.407708649809764179, 0.5939605555333574705, 0.8452727038963768758 ) ) ;
#8100 = ORIENTED_EDGE ( 'NONE', *, *, #2134, .F. ) ;
#8101 = CARTESIAN_POINT ( 'NONE',  ( -2.125000000000000000, 0.4764989774411177437, 0.2500000000000000555 ) ) ;
#8102 = VECTOR ( 'NONE', #51, 39.37007874015748854 ) ;
#8103 = CONICAL_SURFACE ( 'NONE', #8256, 0.2175000000000008593, 0.7853981633974506105 ) ;
#8104 = ORIENTED_EDGE ( 'NONE', *, *, #1249, .T. ) ;
#8105 = EDGE_CURVE ( 'NONE', #3185, #2440, #4303, .T. ) ;
#8106 = ADVANCED_FACE ( 'NONE', ( #6771 ), #5313, .F. ) ;
#8107 = ORIENTED_EDGE ( 'NONE', *, *, #6514, .T. ) ;
#8108 = CONICAL_SURFACE ( 'NONE', #4249, 0.2175000000000023859, 0.7853981633974543852 ) ;
#8109 = ORIENTED_EDGE ( 'NONE', *, *, #4436, .T. ) ;
#8110 = AXIS2_PLACEMENT_3D ( 'NONE', #159, #5212, #7498 ) ;
#8111 = VERTEX_POINT ( 'NONE', #987 ) ;
#8112 = DIRECTION ( 'NONE',  ( 0.5000000000000038858, 0.8660254037844363761, 2.185478394931430296E-15 ) ) ;
#8113 = CARTESIAN_POINT ( 'NONE',  ( 2.515624999999995559, -0.6044135630578968410, 0.4650000000000000799 ) ) ;
#8114 = DIRECTION ( 'NONE',  ( 0.000000000000000000, -0.000000000000000000, -1.000000000000000000 ) ) ;
#8115 = FACE_OUTER_BOUND ( 'NONE', #8840, .T. ) ;
#8116 = ORIENTED_EDGE ( 'NONE', *, *, #9004, .T. ) ;
#8117 = PLANE ( 'NONE',  #4808 ) ;
#8118 = ORIENTED_EDGE ( 'NONE', *, *, #1380, .T. ) ;
#8119 = EDGE_CURVE ( 'NONE', #1817, #9327, #6606, .T. ) ;
#8120 = EDGE_CURVE ( 'NONE', #8917, #1764, #7701, .T. ) ;
#8121 = CARTESIAN_POINT ( 'NONE',  ( 1.951875000000025118, 0.2790714234295671448, 0.9499999999999999556 ) ) ;
#8122 = VECTOR ( 'NONE', #9301, 39.37007874015748143 ) ;
#8123 = CARTESIAN_POINT ( 'NONE',  ( -2.125000000000000000, 0.000000000000000000, 0.9499999999999999556 ) ) ;
#8124 = B_SPLINE_CURVE_WITH_KNOTS ( 'NONE', 3,
 ( #8905, #1746, #1600, #2414 ),
 .UNSPECIFIED., .F., .F.,
 ( 4, 4 ),
 ( 2.206647359051235269E-16, 0.001266630838601840239 ),
 .UNSPECIFIED. ) ;
#8125 = EDGE_LOOP ( 'NONE', ( #4237, #6481, #2612, #4211 ) ) ;
#8126 = PLANE ( 'NONE',  #2129 ) ;
#8127 = DIRECTION ( 'NONE',  ( 1.092739197465715345E-15, -1.892679809432638867E-15, -1.000000000000000000 ) ) ;
#8128 = AXIS2_PLACEMENT_3D ( 'NONE', #9346, #7186, #4956 ) ;
#8129 = ORIENTED_EDGE ( 'NONE', *, *, #1963, .F. ) ;
#8130 = CYLINDRICAL_SURFACE ( 'NONE', #6550, 0.06425000000000000155 ) ;
#8131 = DIRECTION ( 'NONE',  ( 0.000000000000000000, -0.000000000000000000, -1.000000000000000000 ) ) ;
#8132 = CARTESIAN_POINT ( 'NONE',  ( -2.125000000000000000, 0.4764989774411177437, 0.2500000000000000555 ) ) ;
#8133 = EDGE_CURVE ( 'NONE', #4923, #4882, #4886, .T. ) ;
#8134 = CYLINDRICAL_SURFACE ( 'NONE', #4073, 0.06425000000000000155 ) ;
#8135 = DIRECTION ( 'NONE',  ( 0.000000000000000000, 0.000000000000000000, -1.000000000000000000 ) ) ;
#8136 = CIRCLE ( 'NONE', #8439, 0.5324999999999976419 ) ;
#8137 = ORIENTED_EDGE ( 'NONE', *, *, #4275, .T. ) ;
#8138 = VECTOR ( 'NONE', #434, 39.37007874015748143 ) ;
#8139 = EDGE_CURVE ( 'NONE', #637, #4182, #6131, .T. ) ;
#8140 = ORIENTED_EDGE ( 'NONE', *, *, #5599, .F. ) ;
#8141 = DIRECTION ( 'NONE',  ( 0.5000000000000039968, -0.8660254037844362651, -0.000000000000000000 ) ) ;
#8142 = FACE_OUTER_BOUND ( 'NONE', #4198, .T. ) ;
#8143 = ORIENTED_EDGE ( 'NONE', *, *, #3371, .T. ) ;
#8144 = LINE ( 'NONE', #2284, #1184 ) ;
#8145 = CARTESIAN_POINT ( 'NONE',  ( -2.463181149053915497, -0.1952489774411343137, 0.6999999999999999556 ) ) ;
#8146 = CARTESIAN_POINT ( 'NONE',  ( 2.125000000000000000, 0.000000000000000000, 0.7350000000000006528 ) ) ;
#8147 = CARTESIAN_POINT ( 'NONE',  ( 2.744999999999998774, -0.2071244090717848652, 0.2175000000000009148 ) ) ;
#8148 = DIRECTION ( 'NONE',  ( -0.000000000000000000, -0.000000000000000000, -1.000000000000000000 ) ) ;
#8149 = CARTESIAN_POINT ( 'NONE',  ( -2.651541674377006164, -0.3039989774411241963, 0.2500000000000000555 ) ) ;
#8150 = EDGE_CURVE ( 'NONE', #6195, #489, #4915, .T. ) ;
#8151 = CARTESIAN_POINT ( 'NONE',  ( -2.390625000000005773, 0.5923487661265872672, 0.8474999999999995870 ) ) ;
#8152 = ORIENTED_EDGE ( 'NONE', *, *, #366, .T. ) ;
#8153 = VERTEX_POINT ( 'NONE', #6172 ) ;
#8154 = CARTESIAN_POINT ( 'NONE',  ( 2.581229174377005720, -0.4257837998483106068, 0.6999999999999999556 ) ) ;
#8155 = AXIS2_PLACEMENT_3D ( 'NONE', #9155, #2437, #343 ) ;
#8156 = ORIENTED_EDGE ( 'NONE', *, *, #3859, .F. ) ;
#8157 = ORIENTED_EDGE ( 'NONE', *, *, #5254, .T. ) ;
#8158 = ORIENTED_EDGE ( 'NONE', *, *, #2532, .F. ) ;
#8159 = AXIS2_PLACEMENT_3D ( 'NONE', #1268, #3262, #4019 ) ;
#8160 = EDGE_CURVE ( 'NONE', #3902, #5378, #8922, .T. ) ;
#8161 = DIRECTION ( 'NONE',  ( 1.000000000000000000, 0.000000000000000000, 0.000000000000000000 ) ) ;
#8162 = CARTESIAN_POINT ( 'NONE',  ( -2.558872638562463830, 0.05622084583890603338, 0.9499999999999999556 ) ) ;
#8163 = DIRECTION ( 'NONE',  ( -0.000000000000000000, -1.000000000000000000, -0.000000000000000000 ) ) ;
#8164 = CARTESIAN_POINT ( 'NONE',  ( -2.298124999999998419, 0.6404979548822425928, 0.6999999999999999556 ) ) ;
#8165 = EDGE_LOOP ( 'NONE', ( #5126, #7169, #755, #5849 ) ) ;
#8166 = DIRECTION ( 'NONE',  ( -0.5000000000000434097, -0.8660254037844137276, 0.000000000000000000 ) ) ;
#8167 = ORIENTED_EDGE ( 'NONE', *, *, #5697, .T. ) ;
#8168 = LINE ( 'NONE', #6605, #3176 ) ;
#8169 = ORIENTED_EDGE ( 'NONE', *, *, #5415, .T. ) ;
#8170 = EDGE_CURVE ( 'NONE', #1630, #3588, #1129, .T. ) ;
#8171 = AXIS2_PLACEMENT_3D ( 'NONE', #5017, #2865, #5731 ) ;
#8172 = FACE_OUTER_BOUND ( 'NONE', #7494, .T. ) ;
#8173 = CYLINDRICAL_SURFACE ( 'NONE', #7955, 0.3124999999999974465 ) ;
#8174 = EDGE_LOOP ( 'NONE', ( #3885, #4197, #8370, #5465 ) ) ;
#8175 = DIRECTION ( 'NONE',  ( 0.000000000000000000, 0.000000000000000000, 1.000000000000000000 ) ) ;
#8176 = CARTESIAN_POINT ( 'NONE',  ( -2.390625000000005329, 0.3476343040825998765, 0.9499999999999999556 ) ) ;
#8177 = CARTESIAN_POINT ( 'NONE',  ( -1.813004557839720920, -0.01775088930758956032, 0.2599999999999999534 ) ) ;
#8178 = DIRECTION ( 'NONE',  ( -0.000000000000000000, -0.000000000000000000, -1.000000000000000000 ) ) ;
#8179 = DIRECTION ( 'NONE',  ( 3.023406148612404967E-15, -1.000000000000000000, -0.000000000000000000 ) ) ;
#8180 = ORIENTED_EDGE ( 'NONE', *, *, #2510, .F. ) ;
#8181 = EDGE_CURVE ( 'NONE', #7954, #8197, #2174, .T. ) ;
#8182 = CARTESIAN_POINT ( 'NONE',  ( 1.437499999999995559, -0.09021097956087463510, 0.2500000000000000555 ) ) ;
#8183 = EDGE_CURVE ( 'NONE', #2700, #6323, #9093, .T. ) ;
#8184 =( NAMED_UNIT ( * ) SI_UNIT ( $, .STERADIAN. ) SOLID_ANGLE_UNIT ( ) );
#8185 = EDGE_LOOP ( 'NONE', ( #8069, #8529, #1771, #1142 ) ) ;
#8186 = CARTESIAN_POINT ( 'NONE',  ( 1.306874999999987574, 0.000000000000000000, 0.2500000000000000555 ) ) ;
#8187 = VECTOR ( 'NONE', #6113, 39.37007874015748854 ) ;
#8188 = DIRECTION ( 'NONE',  ( 0.7071067811865465735, 3.206913846861606165E-14, 0.7071067811865484609 ) ) ;
#8189 = CARTESIAN_POINT ( 'NONE',  ( 2.265624999999998668, 0.2790714234295565421, 0.6642500000000000071 ) ) ;
#8190 = CARTESIAN_POINT ( 'NONE',  ( 2.444978140926324706, 0.2983761203683423791, 0.3838303734341184104 ) ) ;
#8191 = VERTEX_POINT ( 'NONE', #3307 ) ;
#8192 = CARTESIAN_POINT ( 'NONE',  ( -1.994375000000038423, -5.924184753867600315E-15, 0.2600000000000000089 ) ) ;
#8193 = DIRECTION ( 'NONE',  ( -0.5000000000000038858, 0.8660254037844362651, 0.000000000000000000 ) ) ;
#8194 = DIRECTION ( 'NONE',  ( 0.000000000000000000, 0.000000000000000000, 1.000000000000000000 ) ) ;
#8195 = ORIENTED_EDGE ( 'NONE', *, *, #1733, .T. ) ;
#8196 = EDGE_LOOP ( 'NONE', ( #9443, #2678, #8451, #7175 ) ) ;
#8197 = VERTEX_POINT ( 'NONE', #4790 ) ;
#8198 = CARTESIAN_POINT ( 'NONE',  ( -2.297506576704451575, -0.2605805172054203589, 0.2545603832415576084 ) ) ;
#8199 = ORIENTED_EDGE ( 'NONE', *, *, #3643, .F. ) ;
#8200 = ORIENTED_EDGE ( 'NONE', *, *, #3815, .F. ) ;
#8201 = CARTESIAN_POINT ( 'NONE',  ( -1.951875000000012683, 0.6404979548822424817, 0.5357500000000000595 ) ) ;
#8202 = DIRECTION ( 'NONE',  ( 1.000000000000000000, -7.249756350802272209E-14, -0.000000000000000000 ) ) ;
#8203 = DIRECTION ( 'NONE',  ( -0.4999999999999903966, -0.8660254037844442587, 0.000000000000000000 ) ) ;
#8204 = DIRECTION ( 'NONE',  ( 0.8660254037844449249, 0.4999999999999893974, 0.000000000000000000 ) ) ;
#8205 = ORIENTED_EDGE ( 'NONE', *, *, #2130, .T. ) ;
#8206 = DIRECTION ( 'NONE',  ( 0.000000000000000000, 1.000000000000000000, -0.000000000000000000 ) ) ;
#8207 = B_SPLINE_CURVE_WITH_KNOTS ( 'NONE', 3,
 ( #4951, #8579, #9487, #3557, #3603, #1283, #9287, #2703, #5766, #4180, #7127, #524, #5047, #2088, #570, #4226 ),
 .UNSPECIFIED., .F., .F.,
 ( 4, 2, 2, 2, 2, 2, 2, 4 ),
 ( 0.002937417615281275474, 0.003303932797524177217, 0.003670447979767079393, 0.004036963162009981135, 0.004403478344252882877, 0.004769993526495784619, 0.005136508708738687229, 0.005869539073224487244 ),
 .UNSPECIFIED. ) ;
#8208 = ORIENTED_EDGE ( 'NONE', *, *, #2510, .T. ) ;
#8209 = LINE ( 'NONE', #7439, #5456 ) ;
#8210 = EDGE_CURVE ( 'NONE', #3999, #2995, #7060, .T. ) ;
#8211 = CIRCLE ( 'NONE', #4044, 0.06425000000000000155 ) ;
#8212 = ORIENTED_EDGE ( 'NONE', *, *, #8828, .T. ) ;
#8213 = FACE_OUTER_BOUND ( 'NONE', #3325, .T. ) ;
#8214 = CARTESIAN_POINT ( 'NONE',  ( 2.330368649053886632, -0.4252869753213691095, 0.9499999999999999556 ) ) ;
#8215 = ORIENTED_EDGE ( 'NONE', *, *, #6151, .T. ) ;
#8216 = CARTESIAN_POINT ( 'NONE',  ( -1.769157665914542266, -0.5121629978800764649, 0.5999999999999999778 ) ) ;
#8217 = PLANE ( 'NONE',  #2489 ) ;
#8218 = DIRECTION ( 'NONE',  ( 1.000000000000000000, 0.000000000000000000, 0.000000000000000000 ) ) ;
#8219 = CARTESIAN_POINT ( 'NONE',  ( -1.856970708914643442, 0.3457972016676595928, 0.6233221659900196610 ) ) ;
#8220 = DIRECTION ( 'NONE',  ( -0.5000000000000041078, 0.8660254037844363761, 0.000000000000000000 ) ) ;
#8221 = EDGE_CURVE ( 'NONE', #814, #432, #479, .T. ) ;
#8222 = EDGE_CURVE ( 'NONE', #4948, #5025, #42, .T. ) ;
#8223 = ORIENTED_EDGE ( 'NONE', *, *, #9099, .T. ) ;
#8224 = VECTOR ( 'NONE', #1797, 39.37007874015748143 ) ;
#8225 = VECTOR ( 'NONE', #4712, 39.37007874015748143 ) ;
#8226 = DIRECTION ( 'NONE',  ( 0.8660254037844000718, 0.5000000000000667244, 0.000000000000000000 ) ) ;
#8227 =( NAMED_UNIT ( * ) PLANE_ANGLE_UNIT ( ) SI_UNIT ( $, .RADIAN. ) );
#8228 = ORIENTED_EDGE ( 'NONE', *, *, #450, .F. ) ;
#8229 = DIRECTION ( 'NONE',  ( 0.000000000000000000, 0.000000000000000000, -1.000000000000000000 ) ) ;
#8230 = CIRCLE ( 'NONE', #9459, 0.04449999999999948441 ) ;
#8231 = DIRECTION ( 'NONE',  ( 0.000000000000000000, 0.000000000000000000, -1.000000000000000000 ) ) ;
#8232 = EDGE_CURVE ( 'NONE', #6016, #7035, #9379, .T. ) ;
#8233 = LINE ( 'NONE', #1655, #6110 ) ;
#8234 = EDGE_CURVE ( 'NONE', #9074, #3473, #5984, .T. ) ;
#8235 = CARTESIAN_POINT ( 'NONE',  ( 2.452539214158641734, 0.2900464794071072050, 0.4052457801197263954 ) ) ;
#8236 = ORIENTED_EDGE ( 'NONE', *, *, #7508, .T. ) ;
#8237 = CARTESIAN_POINT ( 'NONE',  ( -1.994375000000025544, 0.2838896957887076522, 0.2500000000000000555 ) ) ;
#8238 = CIRCLE ( 'NONE', #9150, 0.3124999999999972800 ) ;
#8239 = AXIS2_PLACEMENT_3D ( 'NONE', #5848, #8801, #7551 ) ;
#8240 = CIRCLE ( 'NONE', #2411, 0.06425000000000000155 ) ;
#8241 = CARTESIAN_POINT ( 'NONE',  ( 1.598458325622968745, -0.3039989774411329670, 0.2500000000000000555 ) ) ;
#8242 = DIRECTION ( 'NONE',  ( -4.535261055593764468E-14, 1.000000000000000000, 0.000000000000000000 ) ) ;
#8243 = B_SPLINE_CURVE_WITH_KNOTS ( 'NONE', 3,
 ( #201, #8835, #5931, #2349, #7391, #100 ),
 .UNSPECIFIED., .F., .F.,
 ( 4, 2, 4 ),
 ( 1.084202172485504434E-19, 0.0002093745834697632185, 0.0004187491669395262202 ),
 .UNSPECIFIED. ) ;
#8244 = ORIENTED_EDGE ( 'NONE', *, *, #2022, .T. ) ;
#8245 = CARTESIAN_POINT ( 'NONE',  ( -2.305543188425646317, -0.2550694162636903406, 0.2500000000000000555 ) ) ;
#8246 = EDGE_LOOP ( 'NONE', ( #5426, #9040, #2885, #6253, #4243, #5726, #936, #1610 ) ) ;
#8247 = EDGE_CURVE ( 'NONE', #6749, #2995, #1114, .T. ) ;
#8248 = AXIS2_PLACEMENT_3D ( 'NONE', #2330, #7315, #6634 ) ;
#8249 = COLOUR_RGB ( '',0.7529411764705882248, 0.7529411764705882248, 0.7529411764705882248 ) ;
#8250 = ORIENTED_EDGE ( 'NONE', *, *, #2351, .F. ) ;
#8251 = EDGE_CURVE ( 'NONE', #8153, #1104, #1173, .T. ) ;
#8252 = ORIENTED_EDGE ( 'NONE', *, *, #508, .T. ) ;
#8253 = FACE_OUTER_BOUND ( 'NONE', #2501, .T. ) ;
#8254 = FACE_OUTER_BOUND ( 'NONE', #4172, .T. ) ;
#8255 = VECTOR ( 'NONE', #7251, 39.37007874015748854 ) ;
#8256 = AXIS2_PLACEMENT_3D ( 'NONE', #2782, #2123, #1360 ) ;
#8257 = CARTESIAN_POINT ( 'NONE',  ( 2.453125000000005329, 0.3904979548822426483, 0.6999999999999999556 ) ) ;
#8258 = CARTESIAN_POINT ( 'NONE',  ( 2.498030605032921070, -0.5418131503715359898, 0.8452727038963769868 ) ) ;
#8259 = VERTEX_POINT ( 'NONE', #8373 ) ;
#8260 = LINE ( 'NONE', #8351, #859 ) ;
#8261 = ORIENTED_EDGE ( 'NONE', *, *, #4757, .F. ) ;
#8262 = CARTESIAN_POINT ( 'NONE',  ( 1.306874999999987574, 0.000000000000000000, 0.000000000000000000 ) ) ;
#8263 = B_SPLINE_CURVE_WITH_KNOTS ( 'NONE', 3,
 ( #1791, #1223, #3975, #1885, #2644, #4021, #5601, #6319, #6133, #6224 ),
 .UNSPECIFIED., .F., .F.,
 ( 4, 2, 2, 2, 4 ),
 ( 0.001638649231070113616, 0.002313882843036843637, 0.002651499649020218514, 0.002820308052011915277, 0.002989116455003612040 ),
 .UNSPECIFIED. ) ;
#8264 = VECTOR ( 'NONE', #1647, 39.37007874015748143 ) ;
#8265 = ORIENTED_EDGE ( 'NONE', *, *, #1131, .F. ) ;
#8266 = CARTESIAN_POINT ( 'NONE',  ( 1.439632262026758092, -0.08897991750573425174, 0.7350000000000000977 ) ) ;
#8267 = DIRECTION ( 'NONE',  ( 0.2588190451025333405, 0.9659258262890649815, 0.000000000000000000 ) ) ;
#8268 = ORIENTED_EDGE ( 'NONE', *, *, #7178, .T. ) ;
#8269 = CARTESIAN_POINT ( 'NONE',  ( -2.012499999999999734, 0.4764989774411177437, 0.2500000000000000555 ) ) ;
#8270 = DIRECTION ( 'NONE',  ( -0.4999999999999920064, -0.8660254037844433705, 0.000000000000000000 ) ) ;
#8271 = EDGE_CURVE ( 'NONE', #7733, #9212, #9227, .T. ) ;
#8272 = CARTESIAN_POINT ( 'NONE',  ( -1.434771152213580425, -0.02876710338052257052, 0.8157121042078545603 ) ) ;
#8273 = AXIS2_PLACEMENT_3D ( 'NONE', #2166, #5027, #2779 ) ;
#8274 = DIRECTION ( 'NONE',  ( -1.000000000000000000, 0.000000000000000000, 0.000000000000000000 ) ) ;
#8275 = CARTESIAN_POINT ( 'NONE',  ( -1.703124999999971134, -0.5502869753213720516, 0.6999999999999999556 ) ) ;
#8276 = ORIENTED_EDGE ( 'NONE', *, *, #8767, .T. ) ;
#8277 = APPLICATION_CONTEXT ( 'automotive_design' ) ;
#8278 = VERTEX_POINT ( 'NONE', #2605 ) ;
#8279 = ORIENTED_EDGE ( 'NONE', *, *, #5336, .F. ) ;
#8280 = B_SPLINE_CURVE_WITH_KNOTS ( 'NONE', 3,
 ( #624, #5089, #3741, #8726, #3703, #2986, #8771, #761, #7272, #3560, #6681, #853, #5005, #8045 ),
 .UNSPECIFIED., .F., .F.,
 ( 4, 2, 2, 2, 2, 2, 4 ),
 ( 0.000000000000000000, 0.0003295577060318717632, 0.0006591154120637435264, 0.001318230824127501147, 0.001647788530159379795, 0.001977346236191258443, 0.002636461648255016173 ),
 .UNSPECIFIED. ) ;
#8281 = PLANE ( 'NONE',  #5782 ) ;
#8282 = DIRECTION ( 'NONE',  ( -0.5000000000000047740, 0.8660254037844359321, 0.000000000000000000 ) ) ;
#8283 = ADVANCED_FACE ( 'NONE', ( #8467 ), #4068, .F. ) ;
#8284 = DIRECTION ( 'NONE',  ( 0.000000000000000000, 0.000000000000000000, -1.000000000000000000 ) ) ;
#8285 = ORIENTED_EDGE ( 'NONE', *, *, #7777, .F. ) ;
#8286 = AXIS2_PLACEMENT_3D ( 'NONE', #1469, #764, #3658 ) ;
#8287 = CARTESIAN_POINT ( 'NONE',  ( -2.595993649053903063, 0.03478902043908663894, 0.6999999999999999556 ) ) ;
#8288 = DIRECTION ( 'NONE',  ( 0.000000000000000000, 0.000000000000000000, 1.000000000000000000 ) ) ;
#8289 = CARTESIAN_POINT ( 'NONE',  ( 2.746467334085270551, -0.05208700211991435652, 0.5999999999999999778 ) ) ;
#8290 = CARTESIAN_POINT ( 'NONE',  ( 2.766249999999998987, -0.1703183294109464618, 0.9499999999999999556 ) ) ;
#8291 = AXIS2_PLACEMENT_3D ( 'NONE', #4703, #5321, #7665 ) ;
#8292 = ORIENTED_EDGE ( 'NONE', *, *, #8767, .F. ) ;
#8293 = ORIENTED_EDGE ( 'NONE', *, *, #1752, .F. ) ;
#8294 = LINE ( 'NONE', #996, #2874 ) ;
#8295 = CIRCLE ( 'NONE', #7830, 0.04449999999999975503 ) ;
#8296 = EDGE_CURVE ( 'NONE', #6248, #576, #6916, .T. ) ;
#8297 = EDGE_CURVE ( 'NONE', #1764, #8917, #4454, .T. ) ;
#8298 = CARTESIAN_POINT ( 'NONE',  ( 0.000000000000000000, -0.1762500000000011557, 0.000000000000000000 ) ) ;
#8299 = ORIENTED_EDGE ( 'NONE', *, *, #1824, .F. ) ;
#8300 = LINE ( 'NONE', #7527, #7767 ) ;
#8301 = VERTEX_POINT ( 'NONE', #6571 ) ;
#8302 = DIRECTION ( 'NONE',  ( 0.000000000000000000, 0.000000000000000000, 1.000000000000000000 ) ) ;
#8303 = VERTEX_POINT ( 'NONE', #1501 ) ;
#8304 = EDGE_LOOP ( 'NONE', ( #1867, #8244, #288, #1702 ) ) ;
#8305 = ADVANCED_FACE ( 'NONE', ( #8074 ), #5746, .F. ) ;
#8306 = CARTESIAN_POINT ( 'NONE',  ( -1.859375000000029754, 0.3476343040826271880, 0.5727544197693152928 ) ) ;
#8307 = DIRECTION ( 'NONE',  ( 1.000000000000000000, 0.000000000000000000, 0.000000000000000000 ) ) ;
#8308 = EDGE_CURVE ( 'NONE', #6236, #6359, #1361, .T. ) ;
#8309 = DIRECTION ( 'NONE',  ( 0.000000000000000000, -0.7071067811865537900, 0.7071067811865411334 ) ) ;
#8310 = DIRECTION ( 'NONE',  ( 0.5000000000000432987, -0.8660254037844136166, 0.000000000000000000 ) ) ;
#8311 = ORIENTED_EDGE ( 'NONE', *, *, #1436, .T. ) ;
#8312 = CARTESIAN_POINT ( 'NONE',  ( -2.453125000000005329, 0.6404979548822425928, 0.4650000000000000799 ) ) ;
#8313 = ORIENTED_EDGE ( 'NONE', *, *, #4752, .T. ) ;
#8314 = VECTOR ( 'NONE', #8307, 39.37007874015748143 ) ;
#8315 = ORIENTED_EDGE ( 'NONE', *, *, #1182, .T. ) ;
#8316 = CARTESIAN_POINT ( 'NONE',  ( 2.125000000000000000, 0.000000000000000000, 0.9175000000000007594 ) ) ;
#8317 = CYLINDRICAL_SURFACE ( 'NONE', #4914, 0.06249999999999967387 ) ;
#8318 = FACE_OUTER_BOUND ( 'NONE', #3099, .T. ) ;
#8319 = CARTESIAN_POINT ( 'NONE',  ( 1.984375000000010880, 0.6079979548822835866, 0.6999999999999999556 ) ) ;
#8320 = CARTESIAN_POINT ( 'NONE',  ( -0.5324999999999969758, -0.3012499999999982969, 0.000000000000000000 ) ) ;
#8321 = VECTOR ( 'NONE', #2071, 39.37007874015748143 ) ;
#8322 = DIRECTION ( 'NONE',  ( 4.535261055593764468E-14, -1.000000000000000000, 0.000000000000000000 ) ) ;
#8323 = ORIENTED_EDGE ( 'NONE', *, *, #7480, .F. ) ;
#8324 = AXIS2_PLACEMENT_3D ( 'NONE', #4110, #1119, #8365 ) ;
#8325 = EDGE_LOOP ( 'NONE', ( #967, #4803, #6583, #8158, #3809, #1819 ) ) ;
#8326 = CARTESIAN_POINT ( 'NONE',  ( -2.265624999999998668, 0.2790714234295562646, 0.9499999999999999556 ) ) ;
#8327 = DIRECTION ( 'NONE',  ( 0.8660254037844363761, 0.5000000000000039968, 0.000000000000000000 ) ) ;
#8328 = DIRECTION ( 'NONE',  ( 1.000000000000000000, 0.000000000000000000, 0.000000000000000000 ) ) ;
#8329 = VERTEX_POINT ( 'NONE', #650 ) ;
#8330 = DIRECTION ( 'NONE',  ( 0.000000000000000000, 0.000000000000000000, 1.000000000000000000 ) ) ;
#8331 = DIRECTION ( 'NONE',  ( -0.000000000000000000, -0.000000000000000000, -1.000000000000000000 ) ) ;
#8332 = CARTESIAN_POINT ( 'NONE',  ( 2.255624999999998881, 0.2838896957886962169, 0.2500000000000000555 ) ) ;
#8333 = EDGE_CURVE ( 'NONE', #8111, #772, #5030, .T. ) ;
#8334 = ORIENTED_EDGE ( 'NONE', *, *, #5204, .T. ) ;
#8335 = DIRECTION ( 'NONE',  ( -0.8660254037844448138, 0.4999999999999893419, 0.000000000000000000 ) ) ;
#8336 = CARTESIAN_POINT ( 'NONE',  ( -1.703124999999971134, -0.5502869753213720516, 2.731847993664263218E-16 ) ) ;
#8337 = ORIENTED_EDGE ( 'NONE', *, *, #3214, .T. ) ;
#8338 = CARTESIAN_POINT ( 'NONE',  ( -1.984375000000010880, 0.6079979548822667113, 0.9499999999999999556 ) ) ;
#8339 = ORIENTED_EDGE ( 'NONE', *, *, #5974, .F. ) ;
#8340 = CARTESIAN_POINT ( 'NONE',  ( -2.533493649053906172, -0.07346415503396287738, 0.6999999999999999556 ) ) ;
#8341 = EDGE_CURVE ( 'NONE', #8065, #4556, #743, .T. ) ;
#8342 = EDGE_CURVE ( 'NONE', #3145, #1904, #504, .T. ) ;
#8343 = ADVANCED_FACE ( 'NONE', ( #2880 ), #9321, .F. ) ;
#8344 = AXIS2_PLACEMENT_3D ( 'NONE', #284, #3190, #1050 ) ;
#8345 = ORIENTED_EDGE ( 'NONE', *, *, #5683, .F. ) ;
#8346 = ORIENTED_EDGE ( 'NONE', *, *, #3804, .F. ) ;
#8347 = LINE ( 'NONE', #4812, #3209 ) ;
#8348 = DIRECTION ( 'NONE',  ( -0.5000000000000038858, -0.8660254037844362651, 0.000000000000000000 ) ) ;
#8349 = CARTESIAN_POINT ( 'NONE',  ( 0.000000000000000000, -0.2687500000000004885, 0.000000000000000000 ) ) ;
#8350 = ORIENTED_EDGE ( 'NONE', *, *, #2409, .F. ) ;
#8351 = CARTESIAN_POINT ( 'NONE',  ( -1.700256350946108164, -0.04531832941093608819, 0.9499999999999999556 ) ) ;
#8352 = AXIS2_PLACEMENT_3D ( 'NONE', #1099, #4801, #3458 ) ;
#8353 = ORIENTED_EDGE ( 'NONE', *, *, #9059, .T. ) ;
#8354 = ORIENTED_EDGE ( 'NONE', *, *, #5147, .F. ) ;
#8355 = DIMENSIONAL_EXPONENTS ( 1.000000000000000000, 0.000000000000000000, 0.000000000000000000, 0.000000000000000000, 0.000000000000000000, 0.000000000000000000, 0.000000000000000000 ) ;
#8356 = EDGE_CURVE ( 'NONE', #7847, #4855, #7855, .T. ) ;
#8357 = EDGE_CURVE ( 'NONE', #6800, #532, #8609, .T. ) ;
#8358 = FACE_OUTER_BOUND ( 'NONE', #2142, .T. ) ;
#8359 = VERTEX_POINT ( 'NONE', #2828 ) ;
#8360 = COLOUR_RGB ( '',0.3764705882352941124, 0.3843137254901960453, 0.3843137254901960453 ) ;
#8361 = CARTESIAN_POINT ( 'NONE',  ( -2.284246426591641121, -0.4076050901131804682, 0.3525000000000002576 ) ) ;
#8362 = CARTESIAN_POINT ( 'NONE',  ( 1.859375000000008882, 0.6404979548822717916, 0.9499999999999999556 ) ) ;
#8363 = EDGE_CURVE ( 'NONE', #5096, #9074, #2213, .T. ) ;
#8364 = CARTESIAN_POINT ( 'NONE',  ( -1.859375000000008882, 0.6404979548822424817, 0.5357500000000000595 ) ) ;
#8365 = DIRECTION ( 'NONE',  ( 0.8660254037844795638, 0.4999999999999291678, 0.000000000000000000 ) ) ;
#8366 = DIRECTION ( 'NONE',  ( -0.000000000000000000, 1.000000000000000000, -0.000000000000000000 ) ) ;
#8367 = DIRECTION ( 'NONE',  ( -1.000000000000000000, 0.000000000000000000, 0.000000000000000000 ) ) ;
#8368 = AXIS2_PLACEMENT_3D ( 'NONE', #410, #3308, #2553 ) ;
#8369 = CYLINDRICAL_SURFACE ( 'NONE', #1487, 0.04450000000000003259 ) ;
#8370 = ORIENTED_EDGE ( 'NONE', *, *, #2120, .F. ) ;
#8371 = ORIENTED_EDGE ( 'NONE', *, *, #3128, .T. ) ;
#8372 = LINE ( 'NONE', #4503, #8264 ) ;
#8373 = CARTESIAN_POINT ( 'NONE',  ( -1.994375000000010889, 0.6079979548822630475, 0.2500000000000000555 ) ) ;
#8374 = CARTESIAN_POINT ( 'NONE',  ( 2.614374999999999449, -0.4333735458104659433, 0.2175000000000010258 ) ) ;
#8375 = ORIENTED_EDGE ( 'NONE', *, *, #9062, .T. ) ;
#8376 = CARTESIAN_POINT ( 'NONE',  ( -2.265625000000000000, 0.6079979548822475044, 0.9499999999999999556 ) ) ;
#8377 = DIRECTION ( 'NONE',  ( -0.8660254037844394848, -0.4999999999999985567, 0.000000000000000000 ) ) ;
#8378 = LINE ( 'NONE', #6137, #7944 ) ;
#8379 = AXIS2_PLACEMENT_3D ( 'NONE', #8038, #4366, #4562 ) ;
#8380 = AXIS2_PLACEMENT_3D ( 'NONE', #4034, #7898, #8480 ) ;
#8381 = PLANE ( 'NONE',  #3938 ) ;
#8382 = AXIS2_PLACEMENT_3D ( 'NONE', #7833, #7198, #2815 ) ;
#8383 = CIRCLE ( 'NONE', #2245, 0.2500000000000000000 ) ;
#8384 = CARTESIAN_POINT ( 'NONE',  ( -2.812500000000023093, -0.09021097956089567382, 0.6999999999999999556 ) ) ;
#8385 = ADVANCED_FACE ( 'NONE', ( #2925 ), #4458, .F. ) ;
#8386 = EDGE_LOOP ( 'NONE', ( #1431, #7775, #5927, #2389 ) ) ;
#8387 = DIRECTION ( 'NONE',  ( 0.7071067811865467956, -0.7071067811865482389, 0.000000000000000000 ) ) ;
#8388 = ORIENTED_EDGE ( 'NONE', *, *, #5557, .T. ) ;
#8389 = DIRECTION ( 'NONE',  ( 7.249756350802272209E-14, 1.000000000000000000, -0.000000000000000000 ) ) ;
#8390 = STYLED_ITEM ( 'NONE', ( #6312 ), #744 ) ;
#8391 = VECTOR ( 'NONE', #8322, 39.37007874015748143 ) ;
#8392 = ORIENTED_EDGE ( 'NONE', *, *, #2479, .T. ) ;
#8393 = ORIENTED_EDGE ( 'NONE', *, *, #41, .T. ) ;
#8394 = DIRECTION ( 'NONE',  ( 3.023406148612404967E-15, -1.000000000000000000, 0.000000000000000000 ) ) ;
#8395 = DIRECTION ( 'NONE',  ( -1.000000000000000000, -7.827072323607353610E-15, 0.000000000000000000 ) ) ;
#8396 = CARTESIAN_POINT ( 'NONE',  ( -0.8325000000000002398, -0.1762500000000011557, 0.000000000000000000 ) ) ;
#8397 = EDGE_CURVE ( 'NONE', #541, #1602, #7160, .T. ) ;
#8398 = ORIENTED_EDGE ( 'NONE', *, *, #28, .T. ) ;
#8399 = CYLINDRICAL_SURFACE ( 'NONE', #7599, 0.4374999999999960032 ) ;
#8400 = VECTOR ( 'NONE', #2207, 39.37007874015748854 ) ;
#8401 = VECTOR ( 'NONE', #4589, 39.37007874015748143 ) ;
#8402 = ORIENTED_EDGE ( 'NONE', *, *, #4499, .T. ) ;
#8403 = VERTEX_POINT ( 'NONE', #2783 ) ;
#8404 = AXIS2_PLACEMENT_3D ( 'NONE', #2934, #1554, #8034 ) ;
#8405 = ORIENTED_EDGE ( 'NONE', *, *, #5035, .T. ) ;
#8406 = VECTOR ( 'NONE', #1278, 39.37007874015748143 ) ;
#8407 = CARTESIAN_POINT ( 'NONE',  ( -1.949003410777099488, -0.2582360068019100008, 0.2509675856017753448 ) ) ;
#8408 = PLANE ( 'NONE',  #1090 ) ;
#8409 = DIRECTION ( 'NONE',  ( 0.000000000000000000, 0.000000000000000000, -1.000000000000000000 ) ) ;
#8410 = LINE ( 'NONE', #6862, #2938 ) ;
#8411 = ADVANCED_FACE ( 'NONE', ( #5117 ), #3441, .F. ) ;
#8412 = DIRECTION ( 'NONE',  ( 1.000000000000000000, 0.000000000000000000, 0.000000000000000000 ) ) ;
#8413 = DIRECTION ( 'NONE',  ( 4.202843067175816776E-14, 1.000000000000000000, -0.000000000000000000 ) ) ;
#8414 = VECTOR ( 'NONE', #2366, 39.37007874015748854 ) ;
#8415 = VECTOR ( 'NONE', #4826, 39.37007874015748854 ) ;
#8416 = DIRECTION ( 'NONE',  ( -3.023406148612404967E-15, 1.000000000000000000, 0.000000000000000000 ) ) ;
#8417 = ORIENTED_EDGE ( 'NONE', *, *, #1997, .F. ) ;
#8418 = STYLED_ITEM ( 'NONE', ( #4607 ), #9390 ) ;
#8419 = LINE ( 'NONE', #6267, #1974 ) ;
#8420 = AXIS2_PLACEMENT_3D ( 'NONE', #7295, #8023, #9466 ) ;
#8421 = CARTESIAN_POINT ( 'NONE',  ( -2.125000000000000000, 0.4764989774411177437, 0.2500000000000000555 ) ) ;
#8422 = DIRECTION ( 'NONE',  ( 0.000000000000000000, 0.000000000000000000, 1.000000000000000000 ) ) ;
#8423 = EDGE_CURVE ( 'NONE', #583, #789, #2777, .T. ) ;
#8424 = EDGE_CURVE ( 'NONE', #3258, #5871, #694, .T. ) ;
#8425 = DIRECTION ( 'NONE',  ( -1.000000000000000000, 0.000000000000000000, 0.000000000000000000 ) ) ;
#8426 = ORIENTED_EDGE ( 'NONE', *, *, #3750, .F. ) ;
#8427 = DIRECTION ( 'NONE',  ( 0.8660254037844431485, 0.4999999999999918954, 0.000000000000000000 ) ) ;
#8428 = LINE ( 'NONE', #5414, #6520 ) ;
#8429 = PLANE ( 'NONE',  #7517 ) ;
#8430 = AXIS2_PLACEMENT_3D ( 'NONE', #1967, #7046, #2492 ) ;
#8431 = CARTESIAN_POINT ( 'NONE',  ( 2.265624999999999112, 0.2790714234295562091, 0.2572037272617221371 ) ) ;
#8432 = EDGE_LOOP ( 'NONE', ( #3873, #5723, #4806, #9355, #9147, #1354, #7168, #544 ) ) ;
#8433 = CARTESIAN_POINT ( 'NONE',  ( -2.398378920603367881, 0.3415702208528278994, 0.5950575345136327465 ) ) ;
#8434 = PLANE ( 'NONE',  #8959 ) ;
#8435 = ORIENTED_EDGE ( 'NONE', *, *, #7768, .T. ) ;
#8436 = DIRECTION ( 'NONE',  ( 0.8660254037844660191, 0.4999999999999527045, -0.000000000000000000 ) ) ;
#8437 = ORIENTED_EDGE ( 'NONE', *, *, #1926, .T. ) ;
#8438 = DIRECTION ( 'NONE',  ( 1.000000000000000000, 0.000000000000000000, 0.000000000000000000 ) ) ;
#8439 = AXIS2_PLACEMENT_3D ( 'NONE', #7499, #5115, #5168 ) ;
#8440 = ORIENTED_EDGE ( 'NONE', *, *, #6105, .T. ) ;
#8441 = EDGE_LOOP ( 'NONE', ( #4124, #9091, #9445, #5297, #4223 ) ) ;
#8442 = FACE_OUTER_BOUND ( 'NONE', #8590, .T. ) ;
#8443 = CARTESIAN_POINT ( 'NONE',  ( -2.546874999999995559, -0.5502869753213701642, 0.9499999999999999556 ) ) ;
#8444 = LINE ( 'NONE', #5679, #6311 ) ;
#8445 = ORIENTED_EDGE ( 'NONE', *, *, #1248, .F. ) ;
#8446 = DIRECTION ( 'NONE',  ( 0.4999999999999976130, -0.8660254037844400399, 0.000000000000000000 ) ) ;
#8447 = ORIENTED_EDGE ( 'NONE', *, *, #2426, .T. ) ;
#8448 = ORIENTED_EDGE ( 'NONE', *, *, #273, .T. ) ;
#8449 = EDGE_CURVE ( 'NONE', #8450, #5868, #3537, .T. ) ;
#8450 = VERTEX_POINT ( 'NONE', #4207 ) ;
#8451 = ORIENTED_EDGE ( 'NONE', *, *, #5044, .F. ) ;
#8452 = FACE_BOUND ( 'NONE', #6871, .T. ) ;
#8453 = PLANE ( 'NONE',  #4301 ) ;
#8454 = CARTESIAN_POINT ( 'NONE',  ( 0.000000000000000000, 0.2687499999999965472, 0.5000000000000000000 ) ) ;
#8455 = CARTESIAN_POINT ( 'NONE',  ( 1.710327891682111856, 0.1394750607929389485, 0.4150000000000000910 ) ) ;
#8456 = CARTESIAN_POINT ( 'NONE',  ( -2.493757000236161314, -0.5747974881317641227, 0.8254813800261062706 ) ) ;
#8457 = CARTESIAN_POINT ( 'NONE',  ( -2.390625000000005329, 0.3476343040825998765, 0.9499999999999999556 ) ) ;
#8458 = DIRECTION ( 'NONE',  ( -0.000000000000000000, -0.000000000000000000, -1.000000000000000000 ) ) ;
#8459 = ORIENTED_EDGE ( 'NONE', *, *, #548, .F. ) ;
#8460 = EDGE_CURVE ( 'NONE', #348, #7076, #362, .T. ) ;
#8461 = EDGE_CURVE ( 'NONE', #5871, #5673, #4613, .T. ) ;
#8462 = EDGE_CURVE ( 'NONE', #5487, #4522, #816, .T. ) ;
#8463 = ORIENTED_EDGE ( 'NONE', *, *, #7364, .T. ) ;
#8464 = CARTESIAN_POINT ( 'NONE',  ( -2.298125000000001528, 0.6404979548822472557, 0.5357500000000000595 ) ) ;
#8465 = VECTOR ( 'NONE', #5138, 39.37007874015748854 ) ;
#8466 = CARTESIAN_POINT ( 'NONE',  ( -2.549743649053904715, -0.04531832941097126838, 0.9499999999999999556 ) ) ;
#8467 = FACE_OUTER_BOUND ( 'NONE', #6369, .T. ) ;
#8468 = DIRECTION ( 'NONE',  ( -1.000000000000000000, 7.249756350802272209E-14, 0.000000000000000000 ) ) ;
#8469 = LINE ( 'NONE', #2687, #8697 ) ;
#8470 =( CONVERSION_BASED_UNIT ( 'INCH', #6227 ) LENGTH_UNIT ( ) NAMED_UNIT ( #8355 ) );
#8471 = AXIS2_PLACEMENT_3D ( 'NONE', #3497, #9370, #3162 ) ;
#8472 = EDGE_CURVE ( 'NONE', #8734, #3660, #5216, .T. ) ;
#8473 = EDGE_CURVE ( 'NONE', #4786, #2577, #5886, .T. ) ;
#8474 = ORIENTED_EDGE ( 'NONE', *, *, #5228, .F. ) ;
#8475 = EDGE_LOOP ( 'NONE', ( #2104, #685, #5608, #9278, #6434, #6925, #7987, #5054, #8588 ) ) ;
#8476 = LINE ( 'NONE', #2562, #8555 ) ;
#8477 = ADVANCED_FACE ( 'NONE', ( #5352 ), #7446, .F. ) ;
#8478 = CARTESIAN_POINT ( 'NONE',  ( 1.873381350946074386, -0.3451796254712989342, 0.9499999999999999556 ) ) ;
#8479 = VERTEX_POINT ( 'NONE', #7546 ) ;
#8480 = DIRECTION ( 'NONE',  ( -0.4999999999999892863, 0.8660254037844447028, 0.000000000000000000 ) ) ;
#8481 = ORIENTED_EDGE ( 'NONE', *, *, #4382, .F. ) ;
#8482 = CARTESIAN_POINT ( 'NONE',  ( -2.442744587066288720, 0.3007615618774220345, 0.3802642447046674645 ) ) ;
#8483 = VERTEX_POINT ( 'NONE', #5259 ) ;
#8484 = VERTEX_POINT ( 'NONE', #8176 ) ;
#8485 = VECTOR ( 'NONE', #4958, 39.37007874015748143 ) ;
#8486 = PLANE ( 'NONE',  #3800 ) ;
#8487 = CARTESIAN_POINT ( 'NONE',  ( -1.700256350946108164, -0.04531832941093624084, 0.6999999999999999556 ) ) ;
#8488 = CARTESIAN_POINT ( 'NONE',  ( 0.000000000000000000, -0.2687500000000004885, 0.000000000000000000 ) ) ;
#8489 = VERTEX_POINT ( 'NONE', #8319 ) ;
#8490 = DIRECTION ( 'NONE',  ( 1.000000000000000000, -0.000000000000000000, -0.000000000000000000 ) ) ;
#8491 = ORIENTED_EDGE ( 'NONE', *, *, #9225, .T. ) ;
#8492 = ORIENTED_EDGE ( 'NONE', *, *, #2969, .F. ) ;
#8493 = AXIS2_PLACEMENT_3D ( 'NONE', #43, #8777, #2238 ) ;
#8494 = ORIENTED_EDGE ( 'NONE', *, *, #1445, .F. ) ;
#8495 = EDGE_LOOP ( 'NONE', ( #3553, #9425, #179, #205 ) ) ;
#8496 = CARTESIAN_POINT ( 'NONE',  ( -2.223412229658463524, -0.4262972588820859721, 0.3838303734341184104 ) ) ;
#8497 = FACE_OUTER_BOUND ( 'NONE', #6852, .T. ) ;
#8498 = AXIS2_PLACEMENT_3D ( 'NONE', #4709, #6928, #3597 ) ;
#8499 = CARTESIAN_POINT ( 'NONE',  ( -2.390625000000005773, 0.6404979548822425928, 0.7849999999999999201 ) ) ;
#8500 = DIRECTION ( 'NONE',  ( 0.8660254037844363761, 0.5000000000000041078, -0.000000000000000000 ) ) ;
#8501 = CARTESIAN_POINT ( 'NONE',  ( -2.766250000000021192, -0.1703183294109594514, 0.6999999999999999556 ) ) ;
#8502 = EDGE_CURVE ( 'NONE', #8515, #4189, #4452, .T. ) ;
#8503 = FACE_OUTER_BOUND ( 'NONE', #3157, .T. ) ;
#8504 = CYLINDRICAL_SURFACE ( 'NONE', #116, 0.06424999999999973788 ) ;
#8505 = VERTEX_POINT ( 'NONE', #3021 ) ;
#8506 = FACE_OUTER_BOUND ( 'NONE', #1786, .T. ) ;
#8507 = CARTESIAN_POINT ( 'NONE',  ( 2.390625000000005329, 0.3476343040825998765, 0.9499999999999999556 ) ) ;
#8508 = CARTESIAN_POINT ( 'NONE',  ( 1.559174798107780591, -0.01996200211974713534, 0.6642499999999997851 ) ) ;
#8509 = CARTESIAN_POINT ( 'NONE',  ( 1.654006350946105819, 0.03478902043912935477, 0.9499999999999999556 ) ) ;
#8510 = AXIS2_PLACEMENT_3D ( 'NONE', #367, #8564, #6173 ) ;
#8511 = EDGE_CURVE ( 'NONE', #4647, #2545, #978, .T. ) ;
#8512 = EDGE_CURVE ( 'NONE', #7585, #8483, #4101, .T. ) ;
#8513 = CARTESIAN_POINT ( 'NONE',  ( -1.533145825622967307, -0.1908744090717876263, 0.2500000000000000555 ) ) ;
#8514 = CARTESIAN_POINT ( 'NONE',  ( -2.293247638562451396, -0.4038551499215468632, 0.9499999999999999556 ) ) ;
#8515 = VERTEX_POINT ( 'NONE', #256 ) ;
#8516 = PLANE ( 'NONE',  #1995 ) ;
#8517 = ORIENTED_EDGE ( 'NONE', *, *, #375, .F. ) ;
#8518 = VERTEX_POINT ( 'NONE', #163 ) ;
#8519 = CARTESIAN_POINT ( 'NONE',  ( -1.437499999999995337, -0.09021097956086834846, 0.7849999999999999201 ) ) ;
#8520 = CARTESIAN_POINT ( 'NONE',  ( 1.656874999999972786, -0.4701796254713134227, 0.2599999999999999534 ) ) ;
#8521 = EDGE_CURVE ( 'NONE', #7653, #6614, #2449, .T. ) ;
#8522 = ORIENTED_EDGE ( 'NONE', *, *, #1445, .T. ) ;
#8523 = CARTESIAN_POINT ( 'NONE',  ( 2.436424770404262752, -0.02605000280374219004, 0.2500000000000000555 ) ) ;
#8524 = AXIS2_PLACEMENT_3D ( 'NONE', #3037, #2372, #8231 ) ;
#8525 = CARTESIAN_POINT ( 'NONE',  ( -1.859375000000026645, 0.3476343040826244679, 0.2500000000000000555 ) ) ;
#8526 = PLANE ( 'NONE',  #439 ) ;
#8527 = B_SPLINE_CURVE_WITH_KNOTS ( 'NONE', 3,
 ( #6649, #151, #3060, #8258, #6015, #6746, #1677, #1623, #6794, #2345, #777, #3002, #7434, #867 ),
 .UNSPECIFIED., .F., .F.,
 ( 4, 2, 2, 2, 2, 2, 4 ),
 ( 0.000000000000000000, 0.0003295577060318797863, 0.0006591154120637595726, 0.001318230824127514592, 0.001647788530159391938, 0.001977346236191269285, 0.002636461648255024413 ),
 .UNSPECIFIED. ) ;
#8528 = PRODUCT_DEFINITION ( 'UNKNOWN', '', #9386, #4023 ) ;
#8529 = ORIENTED_EDGE ( 'NONE', *, *, #4848, .T. ) ;
#8530 = FACE_OUTER_BOUND ( 'NONE', #4099, .T. ) ;
#8531 = ORIENTED_EDGE ( 'NONE', *, *, #7282, .F. ) ;
#8532 = VECTOR ( 'NONE', #7072, 39.37007874015748143 ) ;
#8533 = DIRECTION ( 'NONE',  ( -0.000000000000000000, -0.000000000000000000, -1.000000000000000000 ) ) ;
#8534 = DIRECTION ( 'NONE',  ( 0.000000000000000000, 0.000000000000000000, 1.000000000000000000 ) ) ;
#8535 = FACE_OUTER_BOUND ( 'NONE', #8019, .T. ) ;
#8536 = ADVANCED_FACE ( 'NONE', ( #3821 ), #8217, .F. ) ;
#8537 = EDGE_LOOP ( 'NONE', ( #5143, #869, #2571, #6856 ) ) ;
#8538 = DIRECTION ( 'NONE',  ( 0.000000000000000000, -1.000000000000000000, -0.000000000000000000 ) ) ;
#8539 = VERTEX_POINT ( 'NONE', #7356 ) ;
#8540 = ORIENTED_EDGE ( 'NONE', *, *, #2246, .F. ) ;
#8541 = CONICAL_SURFACE ( 'NONE', #2860, 0.5324999999999976419, 0.7853981633974452814 ) ;
#8542 = VECTOR ( 'NONE', #6092, 39.37007874015748854 ) ;
#8543 = ADVANCED_FACE ( 'NONE', ( #931 ), #3683, .F. ) ;
#8544 = ORIENTED_EDGE ( 'NONE', *, *, #7079, .F. ) ;
#8545 = FACE_BOUND ( 'NONE', #1671, .T. ) ;
#8546 = CARTESIAN_POINT ( 'NONE',  ( 2.812500000000023093, 0.6404979548822424817, 0.6642500000000000071 ) ) ;
#8547 = VECTOR ( 'NONE', #5988, 39.37007874015748143 ) ;
#8548 = VECTOR ( 'NONE', #2214, 39.37007874015748143 ) ;
#8549 = CARTESIAN_POINT ( 'NONE',  ( 1.700256350946108164, -0.04531832941093624084, 0.6999999999999999556 ) ) ;
#8550 = FACE_OUTER_BOUND ( 'NONE', #6250, .T. ) ;
#8551 = ORIENTED_EDGE ( 'NONE', *, *, #9275, .F. ) ;
#8552 = DIRECTION ( 'NONE',  ( -0.000000000000000000, -0.000000000000000000, -1.000000000000000000 ) ) ;
#8553 = DIRECTION ( 'NONE',  ( -0.5000000000000434097, 0.8660254037844137276, -0.000000000000000000 ) ) ;
#8554 = ORIENTED_EDGE ( 'NONE', *, *, #4630, .T. ) ;
#8555 = VECTOR ( 'NONE', #419, 39.37007874015748854 ) ;
#8556 = VECTOR ( 'NONE', #5859, 39.37007874015748143 ) ;
#8557 = ADVANCED_FACE ( 'NONE', ( #832, #4550 ), #6029, .F. ) ;
#8558 = DIRECTION ( 'NONE',  ( -0.000000000000000000, -1.000000000000000000, -0.000000000000000000 ) ) ;
#8559 = LINE ( 'NONE', #1977, #6890 ) ;
#8560 = DIRECTION ( 'NONE',  ( 0.000000000000000000, 0.000000000000000000, 1.000000000000000000 ) ) ;
#8561 = DIRECTION ( 'NONE',  ( 0.000000000000000000, 0.000000000000000000, -1.000000000000000000 ) ) ;
#8562 = VECTOR ( 'NONE', #979, 39.37007874015748854 ) ;
#8563 = VECTOR ( 'NONE', #374, 39.37007874015748143 ) ;
#8564 = DIRECTION ( 'NONE',  ( -0.4999999999999923950, 0.8660254037844430375, -0.000000000000000000 ) ) ;
#8565 = CARTESIAN_POINT ( 'NONE',  ( -1.817941930300927211, -0.3396598224071692984, 0.5999999999999999778 ) ) ;
#8566 = CARTESIAN_POINT ( 'NONE',  ( -2.546874999999995559, -0.5502869753213698312, 0.8474999999999995870 ) ) ;
#8567 = CARTESIAN_POINT ( 'NONE',  ( 1.859375000000008882, 0.6404979548822424817, 0.5357500000000000595 ) ) ;
#8568 = VECTOR ( 'NONE', #4017, 39.37007874015748143 ) ;
#8569 = ORIENTED_EDGE ( 'NONE', *, *, #7343, .T. ) ;
#8570 = ORIENTED_EDGE ( 'NONE', *, *, #9442, .T. ) ;
#8571 = EDGE_CURVE ( 'NONE', #1204, #8518, #9219, .T. ) ;
#8572 = DIRECTION ( 'NONE',  ( -0.5000000000000066613, 0.8660254037844348218, -0.000000000000000000 ) ) ;
#8573 = LINE ( 'NONE', #519, #1902 ) ;
#8574 = VERTEX_POINT ( 'NONE', #3211 ) ;
#8575 = CIRCLE ( 'NONE', #7960, 0.3124999999999972800 ) ;
#8576 = LINE ( 'NONE', #3461, #6058 ) ;
#8577 = DIRECTION ( 'NONE',  ( -8.208687653317557480E-14, -1.000000000000000000, 0.000000000000000000 ) ) ;
#8578 = ORIENTED_EDGE ( 'NONE', *, *, #4216, .F. ) ;
#8579 = CARTESIAN_POINT ( 'NONE',  ( -1.710327891682120960, 0.1394750607929660657, 0.7898321067049647315 ) ) ;
#8580 = ORIENTED_EDGE ( 'NONE', *, *, #9065, .T. ) ;
#8581 = EDGE_CURVE ( 'NONE', #8539, #2282, #4780, .T. ) ;
#8582 = DIRECTION ( 'NONE',  ( -0.000000000000000000, 1.000000000000000000, -0.000000000000000000 ) ) ;
#8583 = VECTOR ( 'NONE', #774, 39.37007874015748143 ) ;
#8584 = CARTESIAN_POINT ( 'NONE',  ( -2.125000000000030642, 0.6079979548822563862, 0.2500000000000000555 ) ) ;
#8585 = CARTESIAN_POINT ( 'NONE',  ( -1.439632262026758092, -0.08897991750573425174, 0.7350000000000000977 ) ) ;
#8586 = VERTEX_POINT ( 'NONE', #8455 ) ;
#8587 =( LENGTH_UNIT ( ) NAMED_UNIT ( * ) SI_UNIT ( $, .METRE. ) );
#8588 = ORIENTED_EDGE ( 'NONE', *, *, #8989, .T. ) ;
#8589 = CARTESIAN_POINT ( 'NONE',  ( -2.265624999999999112, 0.4058214234295524081, 0.5357500000000000595 ) ) ;
#8590 = EDGE_LOOP ( 'NONE', ( #6742, #4485, #6501, #8129, #2112, #6108, #6037, #446 ) ) ;
#8591 = AXIS2_PLACEMENT_3D ( 'NONE', #3997, #6938, #1150 ) ;
#8592 = EDGE_CURVE ( 'NONE', #2161, #5423, #9387, .T. ) ;
#8593 = VERTEX_POINT ( 'NONE', #1918 ) ;
#8594 = EDGE_CURVE ( 'NONE', #1453, #9074, #3344, .T. ) ;
#8595 = FACE_OUTER_BOUND ( 'NONE', #6299, .T. ) ;
#8596 = UNCERTAINTY_MEASURE_WITH_UNIT (LENGTH_MEASURE( 1.000000000000000082E-05 ), #412, 'distance_accuracy_value', 'NONE');
#8597 = CARTESIAN_POINT ( 'NONE',  ( 1.406249999999996003, -0.03608439182434083903, 0.4650000000000000799 ) ) ;
#8598 = LINE ( 'NONE', #7917, #2100 ) ;
#8599 = DIRECTION ( 'NONE',  ( 1.000000000000000000, 0.000000000000000000, 0.000000000000000000 ) ) ;
#8600 = ORIENTED_EDGE ( 'NONE', *, *, #3236, .T. ) ;
#8601 = ORIENTED_EDGE ( 'NONE', *, *, #3581, .F. ) ;
#8602 = CARTESIAN_POINT ( 'NONE',  ( 1.984375000000010880, 0.6079979548822714852, 0.9499999999999999556 ) ) ;
#8603 = LINE ( 'NONE', #7878, #5445 ) ;
#8604 = ORIENTED_EDGE ( 'NONE', *, *, #5026, .T. ) ;
#8605 = VERTEX_POINT ( 'NONE', #1875 ) ;
#8606 = CARTESIAN_POINT ( 'NONE',  ( -2.293247638562451396, -0.4038551499215468632, 0.7350000000000015410 ) ) ;
#8607 = CARTESIAN_POINT ( 'NONE',  ( 2.447027439032297469, 0.6139339784872813732, 0.8122190699021961668 ) ) ;
#8608 = CARTESIAN_POINT ( 'NONE',  ( -1.167433081593973077, 0.2687499999999986011, 0.2499999999999997502 ) ) ;
#8609 = LINE ( 'NONE', #9469, #8321 ) ;
#8610 = CIRCLE ( 'NONE', #6598, 0.04250000000000398598 ) ;
#8611 = PLANE ( 'NONE',  #9271 ) ;
#8612 = CARTESIAN_POINT ( 'NONE',  ( -1.492880656112835380, -0.1737691078101999687, 0.2499999999999998612 ) ) ;
#8613 = CARTESIAN_POINT ( 'NONE',  ( 2.296370442160278635, -0.2613205341219645983, 0.2600000000000002309 ) ) ;
#8614 = EDGE_LOOP ( 'NONE', ( #6334, #5824, #2993, #778 ) ) ;
#8615 = ORIENTED_EDGE ( 'NONE', *, *, #605, .T. ) ;
#8616 = CARTESIAN_POINT ( 'NONE',  ( 2.390625000000005773, 0.6404979548822425928, 0.9499999999999999556 ) ) ;
#8617 = CARTESIAN_POINT ( 'NONE',  ( -2.390625000000005329, 0.3476343040825998765, 0.9499999999999999556 ) ) ;
#8618 = ORIENTED_EDGE ( 'NONE', *, *, #8502, .F. ) ;
#8619 = LINE ( 'NONE', #4898, #4519 ) ;
#8620 = VECTOR ( 'NONE', #2124, 39.37007874015748854 ) ;
#8621 = CARTESIAN_POINT ( 'NONE',  ( -2.390625000000005329, 0.6404979548822425928, 0.3525000000000004241 ) ) ;
#8622 = EDGE_CURVE ( 'NONE', #3145, #1001, #7737, .T. ) ;
#8623 = CARTESIAN_POINT ( 'NONE',  ( 2.390625000000005329, 0.4058214234295524081, 0.5999999999999999778 ) ) ;
#8624 = ORIENTED_EDGE ( 'NONE', *, *, #5748, .T. ) ;
#8625 = CIRCLE ( 'NONE', #2488, 0.06249999999999967387 ) ;
#8626 = DIRECTION ( 'NONE',  ( 1.092739197465715345E-15, 1.892679809432638867E-15, 1.000000000000000000 ) ) ;
#8627 = CARTESIAN_POINT ( 'NONE',  ( 1.855041356613011949, 0.3442841362961638341, 0.5809214371190666304 ) ) ;
#8628 = CARTESIAN_POINT ( 'NONE',  ( 1.951875000000022009, 0.3904979548822711810, 0.6999999999999999556 ) ) ;
#8629 = CARTESIAN_POINT ( 'NONE',  ( 1.437499999999995337, -0.09021097956086862601, 0.7350000000000000977 ) ) ;
#8630 = CARTESIAN_POINT ( 'NONE',  ( 2.533493649053912833, -0.07346415503395155311, 0.9499999999999999556 ) ) ;
#8631 = EDGE_LOOP ( 'NONE', ( #8392, #8081, #2966, #2693, #4893, #7137, #5850, #2013, #5865, #4799, #7947 ) ) ;
#8632 = PLANE ( 'NONE',  #9277 ) ;
#8633 = ORIENTED_EDGE ( 'NONE', *, *, #2073, .T. ) ;
#8634 = ADVANCED_FACE ( 'NONE', ( #6906 ), #6309, .T. ) ;
#8635 = EDGE_LOOP ( 'NONE', ( #8078, #3287, #5755, #5193, #4688, #8199, #7377, #1524 ) ) ;
#8636 = EDGE_LOOP ( 'NONE', ( #6829, #9250 ) ) ;
#8637 = CARTESIAN_POINT ( 'NONE',  ( 2.211547108317881705, -0.4288541104406127791, 0.4100878509056114507 ) ) ;
#8638 = FACE_OUTER_BOUND ( 'NONE', #2835, .T. ) ;
#8639 = CARTESIAN_POINT ( 'NONE',  ( 2.582160219341328222, -0.2382494887205698075, -5.578266170116183356E-17 ) ) ;
#8640 = CARTESIAN_POINT ( 'NONE',  ( -1.306874999999987574, 0.000000000000000000, 0.2500000000000000555 ) ) ;
#8641 = VERTEX_POINT ( 'NONE', #4827 ) ;
#8642 = AXIS2_PLACEMENT_3D ( 'NONE', #1337, #7134, #1955 ) ;
#8643 = ORIENTED_EDGE ( 'NONE', *, *, #7026, .T. ) ;
#8644 = ADVANCED_FACE ( 'NONE', ( #6122 ), #9171, .F. ) ;
#8645 = CARTESIAN_POINT ( 'NONE',  ( 1.703677551104423094, 0.1179257042335880856, 0.8262143477152049664 ) ) ;
#8646 = EDGE_CURVE ( 'NONE', #1772, #2111, #2593, .T. ) ;
#8647 = DIRECTION ( 'NONE',  ( 0.000000000000000000, -1.000000000000000000, 0.000000000000000000 ) ) ;
#8648 = ORIENTED_EDGE ( 'NONE', *, *, #4367, .F. ) ;
#8649 = VERTEX_POINT ( 'NONE', #4733 ) ;
#8650 = ADVANCED_FACE ( 'NONE', ( #7002 ), #6923, .F. ) ;
#8651 = VECTOR ( 'NONE', #6733, 39.37007874015748143 ) ;
#8652 = FACE_OUTER_BOUND ( 'NONE', #8475, .T. ) ;
#8653 = CARTESIAN_POINT ( 'NONE',  ( 2.513492737973233027, -0.6031825010027623835, 0.7349999999999999867 ) ) ;
#8654 = CARTESIAN_POINT ( 'NONE',  ( 2.744999999999999662, -0.2071244090717827002, 0.2175000000000009148 ) ) ;
#8655 = CARTESIAN_POINT ( 'NONE',  ( -1.984375000000010880, 0.6079979548822714852, 0.9499999999999999556 ) ) ;
#8656 = DIRECTION ( 'NONE',  ( 1.000000000000000000, 0.000000000000000000, -0.000000000000000000 ) ) ;
#8657 = ADVANCED_FACE ( 'NONE', ( #8550, #7691 ), #1780, .F. ) ;
#8658 = CARTESIAN_POINT ( 'NONE',  ( 1.859375000000029976, 0.3476343040826271880, 0.9499999999999999556 ) ) ;
#8659 = DIRECTION ( 'NONE',  ( -0.000000000000000000, -0.000000000000000000, -1.000000000000000000 ) ) ;
#8660 = EDGE_LOOP ( 'NONE', ( #7876, #3797, #5938, #3709 ) ) ;
#8661 = ORIENTED_EDGE ( 'NONE', *, *, #7874, .T. ) ;
#8662 = DIRECTION ( 'NONE',  ( 0.000000000000000000, 0.000000000000000000, 1.000000000000000000 ) ) ;
#8663 = VECTOR ( 'NONE', #2135, 39.37007874015748143 ) ;
#8664 = DIRECTION ( 'NONE',  ( -4.535261055593764468E-14, 1.000000000000000000, 0.000000000000000000 ) ) ;
#8665 = ORIENTED_EDGE ( 'NONE', *, *, #3518, .T. ) ;
#8666 = SURFACE_SIDE_STYLE ('',( #7222 ) ) ;
#8667 = CARTESIAN_POINT ( 'NONE',  ( 0.000000000000000000, 0.2687499999999967137, 0.000000000000000000 ) ) ;
#8668 = CARTESIAN_POINT ( 'NONE',  ( -1.951875000000010463, 0.6404979548822711255, 0.9499999999999999556 ) ) ;
#8669 = AXIS2_PLACEMENT_3D ( 'NONE', #4628, #4671, #6017 ) ;
#8670 = VERTEX_POINT ( 'NONE', #3965 ) ;
#8671 = CARTESIAN_POINT ( 'NONE',  ( 1.351374999999987114, 5.449678256205675038E-18, -5.578266170116183356E-17 ) ) ;
#8672 = CARTESIAN_POINT ( 'NONE',  ( -2.425160219341328638, -0.2382494887205698075, 0.2500000000000000555 ) ) ;
#8673 = EDGE_CURVE ( 'NONE', #3790, #125, #2781, .T. ) ;
#8674 = CARTESIAN_POINT ( 'NONE',  ( 1.668770825622963860, -0.4257837998483151587, 0.9499999999999999556 ) ) ;
#8675 = DIRECTION ( 'NONE',  ( -0.000000000000000000, 1.000000000000000000, -0.000000000000000000 ) ) ;
#8676 = DIRECTION ( 'NONE',  ( 1.000000000000000000, -4.097771990496438649E-14, -6.829619984160731607E-15 ) ) ;
#8677 = ORIENTED_EDGE ( 'NONE', *, *, #4526, .F. ) ;
#8678 = CARTESIAN_POINT ( 'NONE',  ( -0.9376234198628760064, 0.2687499999999986011, 0.4015748031496060855 ) ) ;
#8679 = ORIENTED_EDGE ( 'NONE', *, *, #8222, .F. ) ;
#8680 = ORIENTED_EDGE ( 'NONE', *, *, #1096, .F. ) ;
#8681 = CIRCLE ( 'NONE', #4518, 0.2824999999999976974 ) ;
#8682 = AXIS2_PLACEMENT_3D ( 'NONE', #1187, #6183, #424 ) ;
#8683 = ORIENTED_EDGE ( 'NONE', *, *, #5381, .F. ) ;
#8684 = EDGE_CURVE ( 'NONE', #5480, #7699, #6951, .T. ) ;
#8685 = DIRECTION ( 'NONE',  ( -0.000000000000000000, -0.000000000000000000, -1.000000000000000000 ) ) ;
#8686 = CARTESIAN_POINT ( 'NONE',  ( -2.265625000000000000, 0.6079979548822433966, 0.6999999999999999556 ) ) ;
#8687 = DIRECTION ( 'NONE',  ( -1.000000000000000000, -8.881784197001254296E-16, 0.000000000000000000 ) ) ;
#8688 = CARTESIAN_POINT ( 'NONE',  ( 2.390625000000005773, 0.6404979548822425928, 0.4650000000000000799 ) ) ;
#8689 = EDGE_LOOP ( 'NONE', ( #8677, #4077, #9330, #674 ) ) ;
#8690 = COLOUR_RGB ( '',0.7529411764705882248, 0.7529411764705882248, 0.7529411764705882248 ) ;
#8691 = ORIENTED_EDGE ( 'NONE', *, *, #5987, .F. ) ;
#8692 = DIRECTION ( 'NONE',  ( 0.000000000000000000, 0.000000000000000000, -1.000000000000000000 ) ) ;
#8693 = FACE_OUTER_BOUND ( 'NONE', #2811, .T. ) ;
#8694 = ORIENTED_EDGE ( 'NONE', *, *, #3041, .F. ) ;
#8695 = VECTOR ( 'NONE', #7500, 39.37007874015748143 ) ;
#8696 = VECTOR ( 'NONE', #9086, 39.37007874015748143 ) ;
#8697 = VECTOR ( 'NONE', #4168, 39.37007874015748854 ) ;
#8698 = EDGE_CURVE ( 'NONE', #5682, #1602, #355, .T. ) ;
#8699 = EDGE_CURVE ( 'NONE', #9376, #142, #399, .T. ) ;
#8700 = DIRECTION ( 'NONE',  ( -0.8660254037844667963, -0.4999999999999512057, -0.000000000000000000 ) ) ;
#8701 = CARTESIAN_POINT ( 'NONE',  ( -2.515624999999995559, -0.6044135630578968410, 0.7849999999999999201 ) ) ;
#8702 = DIRECTION ( 'NONE',  ( -1.000000000000000000, 1.865610830299460874E-15, 0.000000000000000000 ) ) ;
#8703 = DIRECTION ( 'NONE',  ( 0.4999999999999903966, 0.8660254037844442587, -0.000000000000000000 ) ) ;
#8704 = CARTESIAN_POINT ( 'NONE',  ( -2.746467334085270551, -0.05208700211991435652, 0.5999999999999999778 ) ) ;
#8705 = DIRECTION ( 'NONE',  ( -0.7071067811865474617, 1.485929416531472252E-15, -0.7071067811865474617 ) ) ;
#8706 = VECTOR ( 'NONE', #3012, 39.37007874015748143 ) ;
#8707 = VECTOR ( 'NONE', #7247, 39.37007874015748143 ) ;
#8708 = CARTESIAN_POINT ( 'NONE',  ( -0.9077481638378339657, 0.3012499999999982969, 0.3887795275590550381 ) ) ;
#8709 = DIRECTION ( 'NONE',  ( 1.000000000000000000, 0.000000000000000000, 0.000000000000000000 ) ) ;
#8710 = ORIENTED_EDGE ( 'NONE', *, *, #8748, .F. ) ;
#8711 = VERTEX_POINT ( 'NONE', #1022 ) ;
#8712 = EDGE_CURVE ( 'NONE', #5868, #8450, #1732, .T. ) ;
#8713 = CARTESIAN_POINT ( 'NONE',  ( -2.217877510790053019, -0.4275369799581560382, 0.8082115781183684122 ) ) ;
#8714 = EDGE_CURVE ( 'NONE', #3871, #4911, #8410, .T. ) ;
#8715 = AXIS2_PLACEMENT_3D ( 'NONE', #2637, #2540, #6952 ) ;
#8716 = CIRCLE ( 'NONE', #6080, 0.06424999999999986278 ) ;
#8717 = LINE ( 'NONE', #660, #2209 ) ;
#8718 = ORIENTED_EDGE ( 'NONE', *, *, #2606, .F. ) ;
#8719 = CARTESIAN_POINT ( 'NONE',  ( 2.436168188425644310, -0.02882027952503101939, 0.2500000000000000555 ) ) ;
#8720 = FACE_OUTER_BOUND ( 'NONE', #155, .T. ) ;
#8721 = CARTESIAN_POINT ( 'NONE',  ( -2.436995442160277303, -0.01775088930761715283, 0.2572107205775364669 ) ) ;
#8722 = CIRCLE ( 'NONE', #5470, 0.06424999999999959910 ) ;
#8723 = DIRECTION ( 'NONE',  ( 0.5000000000000013323, -0.8660254037844379305, 0.000000000000000000 ) ) ;
#8724 = EDGE_LOOP ( 'NONE', ( #6813, #1713 ) ) ;
#8725 = AXIS2_PLACEMENT_3D ( 'NONE', #8146, #4467, #78 ) ;
#8726 = CARTESIAN_POINT ( 'NONE',  ( 1.469260745157311643, -0.05214740516181733815, 0.8452727038963768758 ) ) ;
#8727 = CARTESIAN_POINT ( 'NONE',  ( 2.298124999999998419, 0.6404979548822425928, 0.6999999999999999556 ) ) ;
#8728 = CARTESIAN_POINT ( 'NONE',  ( 2.296874244255246111, -0.2991391718944301781, 0.9499999999999999556 ) ) ;
#8729 = DIRECTION ( 'NONE',  ( 0.5000000000000434097, -0.8660254037844137276, 0.000000000000000000 ) ) ;
#8730 = AXIS2_PLACEMENT_3D ( 'NONE', #9267, #1882, #7791 ) ;
#8731 = DIRECTION ( 'NONE',  ( -0.000000000000000000, -0.000000000000000000, -1.000000000000000000 ) ) ;
#8732 = VERTEX_POINT ( 'NONE', #3429 ) ;
#8733 = CARTESIAN_POINT ( 'NONE',  ( -2.453125000000005329, 0.6404979548822425928, 0.4650000000000000799 ) ) ;
#8734 = VERTEX_POINT ( 'NONE', #684 ) ;
#8735 = ORIENTED_EDGE ( 'NONE', *, *, #1927, .T. ) ;
#8736 = VERTEX_POINT ( 'NONE', #1440 ) ;
#8737 = ORIENTED_EDGE ( 'NONE', *, *, #55, .T. ) ;
#8738 = CARTESIAN_POINT ( 'NONE',  ( -1.779775888008966911, 0.2687499999999986011, 0.2500000000000000000 ) ) ;
#8739 = CARTESIAN_POINT ( 'NONE',  ( 1.994375000000012443, 0.6404979548822627988, 0.2175000000000000266 ) ) ;
#8740 = LINE ( 'NONE', #7385, #8083 ) ;
#8741 = FACE_OUTER_BOUND ( 'NONE', #9028, .T. ) ;
#8742 = EDGE_LOOP ( 'NONE', ( #2263, #1678 ) ) ;
#8743 = AXIS2_PLACEMENT_3D ( 'NONE', #1335, #6495, #6451 ) ;
#8744 = ORIENTED_EDGE ( 'NONE', *, *, #5080, .T. ) ;
#8745 = FACE_OUTER_BOUND ( 'NONE', #37, .T. ) ;
#8746 = DIRECTION ( 'NONE',  ( 0.000000000000000000, 0.000000000000000000, -1.000000000000000000 ) ) ;
#8747 = AXIS2_PLACEMENT_3D ( 'NONE', #2742, #3402, #2789 ) ;
#8748 = EDGE_CURVE ( 'NONE', #5250, #6892, #47, .T. ) ;
#8749 = VERTEX_POINT ( 'NONE', #9361 ) ;
#8750 = AXIS2_PLACEMENT_3D ( 'NONE', #1239, #5717, #4092 ) ;
#8751 = FACE_OUTER_BOUND ( 'NONE', #3250, .T. ) ;
#8752 = CARTESIAN_POINT ( 'NONE',  ( 2.453125000000005329, 0.6226218398590324110, 0.7932493951414452127 ) ) ;
#8753 = DIRECTION ( 'NONE',  ( 0.9659258262890647595, -0.2588190451025340066, 5.200752957859881315E-15 ) ) ;
#8754 = CARTESIAN_POINT ( 'NONE',  ( -1.656874999999972786, -0.4701796254713134227, 0.2599999999999999534 ) ) ;
#8755 = DIRECTION ( 'NONE',  ( 1.000000000000000000, 0.000000000000000000, 0.000000000000000000 ) ) ;
#8756 = CARTESIAN_POINT ( 'NONE',  ( 2.265625000000000000, 0.6079979548822481705, 0.2599999999999999534 ) ) ;
#8757 = EDGE_CURVE ( 'NONE', #1921, #4647, #1274, .T. ) ;
#8758 = EDGE_CURVE ( 'NONE', #8593, #3629, #6356, .T. ) ;
#8759 = ORIENTED_EDGE ( 'NONE', *, *, #1082, .F. ) ;
#8760 = CARTESIAN_POINT ( 'NONE',  ( -1.705660553399124035, 0.1247941033756949369, 0.3802642447046677421 ) ) ;
#8761 = CARTESIAN_POINT ( 'NONE',  ( -2.453125000000005329, 0.2893790496476773000, 0.9499999999999999556 ) ) ;
#8762 = VERTEX_POINT ( 'NONE', #5064 ) ;
#8763 = CARTESIAN_POINT ( 'NONE',  ( -1.951875000000030891, 0.2984170477285265632, 0.9499999999999999556 ) ) ;
#8764 = DIRECTION ( 'NONE',  ( 0.000000000000000000, 1.000000000000000000, 0.000000000000000000 ) ) ;
#8765 = ADVANCED_FACE ( 'NONE', ( #6509 ), #9454, .F. ) ;
#8766 = CARTESIAN_POINT ( 'NONE',  ( -2.425200201892211638, -0.4800379978802461478, 0.5357500000000002816 ) ) ;
#8767 = EDGE_CURVE ( 'NONE', #8301, #6068, #8018, .T. ) ;
#8768 = AXIS2_PLACEMENT_3D ( 'NONE', #2525, #1766, #7629 ) ;
#8769 = DIRECTION ( 'NONE',  ( 0.5000000000000056621, -0.8660254037844354880, -0.000000000000000000 ) ) ;
#8770 = ORIENTED_EDGE ( 'NONE', *, *, #6567, .F. ) ;
#8771 = CARTESIAN_POINT ( 'NONE',  ( 1.451464345643310061, -0.03657365375142547503, 0.8341152750368360236 ) ) ;
#8772 = EDGE_CURVE ( 'NONE', #2192, #679, #3576, .T. ) ;
#8773 = CARTESIAN_POINT ( 'NONE',  ( -1.406249999999996003, -0.03608439182434083903, 0.7849999999999999201 ) ) ;
#8774 = LINE ( 'NONE', #4234, #1990 ) ;
#8775 = CARTESIAN_POINT ( 'NONE',  ( 1.951875000000024007, 0.6404979548822711255, 0.6999999999999999556 ) ) ;
#8776 = AXIS2_PLACEMENT_3D ( 'NONE', #1884, #2643, #6960 ) ;
#8777 = DIRECTION ( 'NONE',  ( 0.4999999999999919509, -0.8660254037844432595, -0.000000000000000000 ) ) ;
#8778 = ORIENTED_EDGE ( 'NONE', *, *, #8592, .T. ) ;
#8779 = EDGE_LOOP ( 'NONE', ( #1033, #1393, #3592, #3692, #3260 ) ) ;
#8780 = DIRECTION ( 'NONE',  ( -0.4999999999999976130, -0.8660254037844400399, 0.000000000000000000 ) ) ;
#8781 = ORIENTED_EDGE ( 'NONE', *, *, #4340, .F. ) ;
#8782 = VERTEX_POINT ( 'NONE', #8688 ) ;
#8783 = VECTOR ( 'NONE', #7646, 39.37007874015748143 ) ;
#8784 = ORIENTED_EDGE ( 'NONE', *, *, #4610, .T. ) ;
#8785 = ORIENTED_EDGE ( 'NONE', *, *, #7038, .F. ) ;
#8786 = DIRECTION ( 'NONE',  ( 0.5000000000000038858, 0.8660254037844363761, 0.000000000000000000 ) ) ;
#8787 = FACE_OUTER_BOUND ( 'NONE', #2337, .T. ) ;
#8788 = DIRECTION ( 'NONE',  ( -0.8660254037844442587, 0.4999999999999903411, 0.000000000000000000 ) ) ;
#8789 = FACE_BOUND ( 'NONE', #54, .T. ) ;
#8790 = VERTEX_POINT ( 'NONE', #3484 ) ;
#8791 = ORIENTED_EDGE ( 'NONE', *, *, #5147, .T. ) ;
#8792 = LINE ( 'NONE', #1401, #8707 ) ;
#8793 = DIRECTION ( 'NONE',  ( 1.000000000000000000, 0.000000000000000000, 0.000000000000000000 ) ) ;
#8794 = ORIENTED_EDGE ( 'NONE', *, *, #4872, .T. ) ;
#8795 = LINE ( 'NONE', #18, #313 ) ;
#8796 = DIRECTION ( 'NONE',  ( 0.000000000000000000, 0.000000000000000000, 1.000000000000000000 ) ) ;
#8797 = DIRECTION ( 'NONE',  ( -1.000000000000000000, 8.405686134351793218E-15, 0.000000000000000000 ) ) ;
#8798 = CARTESIAN_POINT ( 'NONE',  ( 2.298124999999998419, 0.6404979548822425928, 0.6999999999999999556 ) ) ;
#8799 = ADVANCED_FACE ( 'NONE', ( #8741 ), #2011, .F. ) ;
#8800 = DIRECTION ( 'NONE',  ( 0.4999999999999920619, 0.8660254037844432595, 2.185478394931430691E-15 ) ) ;
#8801 = DIRECTION ( 'NONE',  ( -0.8660254037844363761, 0.5000000000000041078, 0.000000000000000000 ) ) ;
#8802 = EDGE_LOOP ( 'NONE', ( #5059, #8804, #7429, #1226, #3450, #2720 ) ) ;
#8803 = PRESENTATION_LAYER_ASSIGNMENT (  '', '', ( #6788 ) ) ;
#8804 = ORIENTED_EDGE ( 'NONE', *, *, #3156, .T. ) ;
#8805 = ORIENTED_EDGE ( 'NONE', *, *, #5415, .F. ) ;
#8806 = DIRECTION ( 'NONE',  ( 0.000000000000000000, 0.000000000000000000, 1.000000000000000000 ) ) ;
#8807 = ADVANCED_FACE ( 'NONE', ( #7918 ), #722, .T. ) ;
#8808 = EDGE_CURVE ( 'NONE', #1602, #6323, #7872, .T. ) ;
#8809 = ORIENTED_EDGE ( 'NONE', *, *, #786, .F. ) ;
#8810 = LINE ( 'NONE', #5125, #1306 ) ;
#8811 = ORIENTED_EDGE ( 'NONE', *, *, #8247, .F. ) ;
#8812 = SURFACE_STYLE_USAGE ( .BOTH. , #8666 ) ;
#8813 = CYLINDRICAL_SURFACE ( 'NONE', #9141, 0.2500000000000001665 ) ;
#8814 = FACE_OUTER_BOUND ( 'NONE', #5489, .T. ) ;
#8815 = LINE ( 'NONE', #4512, #7482 ) ;
#8816 = DIRECTION ( 'NONE',  ( 0.000000000000000000, 0.000000000000000000, -1.000000000000000000 ) ) ;
#8817 = CYLINDRICAL_SURFACE ( 'NONE', #5916, 0.4374999999999960587 ) ;
#8818 = EDGE_CURVE ( 'NONE', #7271, #6530, #4921, .T. ) ;
#8819 = EDGE_CURVE ( 'NONE', #2258, #2700, #6527, .T. ) ;
#8820 = CARTESIAN_POINT ( 'NONE',  ( 1.437499999999994893, -0.09021097956086808478, 0.9499999999999999556 ) ) ;
#8821 = DIRECTION ( 'NONE',  ( 1.000000000000000000, 7.249756350802272209E-14, 0.000000000000000000 ) ) ;
#8822 = VERTEX_POINT ( 'NONE', #7 ) ;
#8823 = DIRECTION ( 'NONE',  ( -0.000000000000000000, -1.000000000000000000, -0.000000000000000000 ) ) ;
#8824 = ORIENTED_EDGE ( 'NONE', *, *, #6969, .F. ) ;
#8825 = ORIENTED_EDGE ( 'NONE', *, *, #6619, .F. ) ;
#8826 = EDGE_CURVE ( 'NONE', #6455, #2997, #5019, .T. ) ;
#8827 = ORIENTED_EDGE ( 'NONE', *, *, #8865, .T. ) ;
#8828 = EDGE_CURVE ( 'NONE', #301, #4189, #5770, .T. ) ;
#8829 = CARTESIAN_POINT ( 'NONE',  ( -2.293247638562450508, -0.4038551499215471408, 0.8474999999999995870 ) ) ;
#8830 = DIRECTION ( 'NONE',  ( -0.000000000000000000, -1.000000000000000000, -0.000000000000000000 ) ) ;
#8831 = CARTESIAN_POINT ( 'NONE',  ( -0.5000000000000000000, -0.2087499999999990474, 0.000000000000000000 ) ) ;
#8832 = DIRECTION ( 'NONE',  ( 1.092739197465688721E-15, -1.892679809432653461E-15, 1.000000000000000000 ) ) ;
#8833 = VERTEX_POINT ( 'NONE', #1301 ) ;
#8834 = ORIENTED_EDGE ( 'NONE', *, *, #119, .T. ) ;
#8835 = CARTESIAN_POINT ( 'NONE',  ( -1.813574818454364967, -0.02604556377267587541, 0.2500000000000000555 ) ) ;
#8836 = ADVANCED_FACE ( 'NONE', ( #6467 ), #4878, .F. ) ;
#8837 = AXIS2_PLACEMENT_3D ( 'NONE', #7856, #4178, #4999 ) ;
#8838 = VECTOR ( 'NONE', #3141, 39.37007874015748143 ) ;
#8839 = LINE ( 'NONE', #2821, #8706 ) ;
#8840 = EDGE_LOOP ( 'NONE', ( #2909, #8794, #6385, #9157 ) ) ;
#8841 = CARTESIAN_POINT ( 'NONE',  ( 2.812500000000023093, -0.09021097956089574321, 0.6999999999999999556 ) ) ;
#8842 = DIRECTION ( 'NONE',  ( 0.8660254037844795638, -0.4999999999999292788, 0.000000000000000000 ) ) ;
#8843 = ORIENTED_EDGE ( 'NONE', *, *, #1132, .F. ) ;
#8844 = CIRCLE ( 'NONE', #5136, 0.4374999999999959477 ) ;
#8845 = CARTESIAN_POINT ( 'NONE',  ( 0.000000000000000000, -0.2312499999999979017, 0.000000000000000000 ) ) ;
#8846 = CARTESIAN_POINT ( 'NONE',  ( -1.406249999999996003, -0.03608439182434083903, 0.7349999999999999867 ) ) ;
#8847 = DIRECTION ( 'NONE',  ( 0.000000000000000000, 0.000000000000000000, 1.000000000000000000 ) ) ;
#8848 = CARTESIAN_POINT ( 'NONE',  ( 2.255625000000001990, 0.6404979548822493651, 0.2175000000000000266 ) ) ;
#8849 = CARTESIAN_POINT ( 'NONE',  ( 1.791715991135747643, -0.006042542799555386882, 0.9382840088642540044 ) ) ;
#8850 = ORIENTED_EDGE ( 'NONE', *, *, #1997, .T. ) ;
#8851 = VECTOR ( 'NONE', #4969, 39.37007874015748143 ) ;
#8852 = AXIS2_PLACEMENT_3D ( 'NONE', #5501, #6167, #4061 ) ;
#8853 = ADVANCED_FACE ( 'NONE', ( #5733 ), #1641, .F. ) ;
#8854 = ORIENTED_EDGE ( 'NONE', *, *, #918, .F. ) ;
#8855 = CARTESIAN_POINT ( 'NONE',  ( -2.390625000000005773, 0.6404979548822425928, 0.2500000000000000555 ) ) ;
#8856 = CIRCLE ( 'NONE', #2261, 0.06425000000000000155 ) ;
#8857 = CIRCLE ( 'NONE', #9463, 0.5324999999999976419 ) ;
#8858 = AXIS2_PLACEMENT_3D ( 'NONE', #806, #5132, #3789 ) ;
#8859 = CONICAL_SURFACE ( 'NONE', #4691, 0.1124999999999999611, 0.7155849933176740008 ) ;
#8860 = EDGE_LOOP ( 'NONE', ( #5041, #7418, #286, #173 ) ) ;
#8861 = CARTESIAN_POINT ( 'NONE',  ( 2.812500000000023093, 0.4058214234295524081, 0.6642500000000000071 ) ) ;
#8862 = PLANE ( 'NONE',  #7454 ) ;
#8863 = FACE_OUTER_BOUND ( 'NONE', #5618, .T. ) ;
#8864 = DIRECTION ( 'NONE',  ( 1.000000000000000000, 7.827072323607353610E-15, -0.000000000000000000 ) ) ;
#8865 = EDGE_CURVE ( 'NONE', #4085, #7423, #7244, .T. ) ;
#8866 = AXIS2_PLACEMENT_3D ( 'NONE', #5170, #2924, #3586 ) ;
#8867 = CIRCLE ( 'NONE', #4536, 0.06425000000000000155 ) ;
#8868 = EDGE_LOOP ( 'NONE', ( #5454, #3135, #2486, #5098, #4588 ) ) ;
#8869 = CARTESIAN_POINT ( 'NONE',  ( -2.298124999999999307, 0.6404979548822425928, 0.9499999999999999556 ) ) ;
#8870 = FACE_OUTER_BOUND ( 'NONE', #8868, .T. ) ;
#8871 = DIRECTION ( 'NONE',  ( 7.249756350802272209E-14, -1.000000000000000000, 0.000000000000000000 ) ) ;
#8872 = ORIENTED_EDGE ( 'NONE', *, *, #200, .T. ) ;
#8873 = ORIENTED_EDGE ( 'NONE', *, *, #7719, .F. ) ;
#8874 = DIRECTION ( 'NONE',  ( 1.000000000000000000, -8.881784197001254296E-16, 0.000000000000000000 ) ) ;
#8875 = VECTOR ( 'NONE', #820, 39.37007874015747433 ) ;
#8876 = AXIS2_PLACEMENT_3D ( 'NONE', #3137, #1989, #7714 ) ;
#8877 = EDGE_LOOP ( 'NONE', ( #5010, #1734, #1473, #3049, #6828 ) ) ;
#8878 = ADVANCED_FACE ( 'NONE', ( #96 ), #5202, .T. ) ;
#8879 = EDGE_CURVE ( 'NONE', #6747, #349, #3454, .T. ) ;
#8880 = CIRCLE ( 'NONE', #9180, 0.4374999999999960032 ) ;
#8881 = VERTEX_POINT ( 'NONE', #8926 ) ;
#8882 = CIRCLE ( 'NONE', #4416, 0.06425000000000000155 ) ;
#8883 = ORIENTED_EDGE ( 'NONE', *, *, #3802, .T. ) ;
#8884 = CARTESIAN_POINT ( 'NONE',  ( -1.712339780658681754, -0.2382494887205523215, 0.2500000000000000555 ) ) ;
#8885 = CYLINDRICAL_SURFACE ( 'NONE', #7846, 1.020000000000000018 ) ;
#8886 = DIRECTION ( 'NONE',  ( 0.000000000000000000, 0.000000000000000000, 1.000000000000000000 ) ) ;
#8887 = DIRECTION ( 'NONE',  ( 2.345411264343466422E-16, 0.7071067811865414665, 0.7071067811865535679 ) ) ;
#8888 = EDGE_LOOP ( 'NONE', ( #3188, #6650, #8633, #7572, #2198, #6561, #8448, #9366, #6965 ) ) ;
#8889 = DIRECTION ( 'NONE',  ( 0.8660254037844140607, -0.5000000000000426326, 0.000000000000000000 ) ) ;
#8890 = ORIENTED_EDGE ( 'NONE', *, *, #5599, .T. ) ;
#8891 = EDGE_CURVE ( 'NONE', #30, #4388, #5609, .T. ) ;
#8892 = EDGE_CURVE ( 'NONE', #5480, #4786, #8856, .T. ) ;
#8893 = ORIENTED_EDGE ( 'NONE', *, *, #2988, .F. ) ;
#8894 = CARTESIAN_POINT ( 'NONE',  ( 0.8325000000000002398, -0.1762500000000011557, 0.000000000000000000 ) ) ;
#8895 = LINE ( 'NONE', #3862, #2283 ) ;
#8896 = CIRCLE ( 'NONE', #161, 0.4374999999999960032 ) ;
#8897 = CARTESIAN_POINT ( 'NONE',  ( 2.293247638562451396, -0.4038551499215468632, 0.9499999999999999556 ) ) ;
#8898 = CARTESIAN_POINT ( 'NONE',  ( -2.429268102159983123, 0.3143944089881923754, 0.8342758506934095930 ) ) ;
#8899 = FACE_OUTER_BOUND ( 'NONE', #7722, .T. ) ;
#8900 = ORIENTED_EDGE ( 'NONE', *, *, #2248, .F. ) ;
#8901 = CARTESIAN_POINT ( 'NONE',  ( -1.855041606226997875, 0.3442843293412205519, 0.6190786247367432438 ) ) ;
#8902 = CYLINDRICAL_SURFACE ( 'NONE', #2244, 0.06424999999999973788 ) ;
#8903 = AXIS2_PLACEMENT_3D ( 'NONE', #4108, #3293, #9031 ) ;
#8904 = ORIENTED_EDGE ( 'NONE', *, *, #2594, .F. ) ;
#8905 = CARTESIAN_POINT ( 'NONE',  ( -1.951875000000030891, 0.2984170477285265632, 0.9499999999999999556 ) ) ;
#8906 = FACE_OUTER_BOUND ( 'NONE', #6783, .T. ) ;
#8907 = ORIENTED_EDGE ( 'NONE', *, *, #8461, .F. ) ;
#8908 = DIRECTION ( 'NONE',  ( -0.8660254037844397068, -0.4999999999999982792, 0.000000000000000000 ) ) ;
#8909 = CYLINDRICAL_SURFACE ( 'NONE', #7497, 0.2500000000000000000 ) ;
#8910 = CARTESIAN_POINT ( 'NONE',  ( 2.419805777912142020, 0.3233928713135950650, 0.3592211982275869131 ) ) ;
#8911 = ORIENTED_EDGE ( 'NONE', *, *, #3232, .T. ) ;
#8912 = FACE_OUTER_BOUND ( 'NONE', #1227, .T. ) ;
#8913 = DIRECTION ( 'NONE',  ( 0.000000000000000000, 0.000000000000000000, -1.000000000000000000 ) ) ;
#8914 = CARTESIAN_POINT ( 'NONE',  ( 2.298124999999991314, 0.2984170477285114087, 0.9499999999999999556 ) ) ;
#8915 = EDGE_CURVE ( 'NONE', #1001, #4736, #1581, .T. ) ;
#8916 = VERTEX_POINT ( 'NONE', #821 ) ;
#8917 = VERTEX_POINT ( 'NONE', #2957 ) ;
#8918 = CARTESIAN_POINT ( 'NONE',  ( 2.125000000000000000, 0.000000000000000000, 0.2499999999999998890 ) ) ;
#8919 = AXIS2_PLACEMENT_3D ( 'NONE', #9207, #6153, #5385 ) ;
#8920 = ORIENTED_EDGE ( 'NONE', *, *, #1586, .T. ) ;
#8921 = ORIENTED_EDGE ( 'NONE', *, *, #7655, .F. ) ;
#8922 = CIRCLE ( 'NONE', #2629, 0.04449999999999948441 ) ;
#8923 = CARTESIAN_POINT ( 'NONE',  ( 1.953629557839698050, -0.2613205341219492772, 0.2600000000000002309 ) ) ;
#8924 = DIRECTION ( 'NONE',  ( 0.000000000000000000, 0.000000000000000000, -1.000000000000000000 ) ) ;
#8925 = LINE ( 'NONE', #195, #8947 ) ;
#8926 = CARTESIAN_POINT ( 'NONE',  ( -1.781250000000008438, -4.038522381758778294E-17, 0.9487499999999929878 ) ) ;
#8927 = EDGE_CURVE ( 'NONE', #92, #5348, #3757, .T. ) ;
#8928 = ADVANCED_FACE ( 'NONE', ( #5155 ), #913, .F. ) ;
#8929 = ORIENTED_EDGE ( 'NONE', *, *, #6082, .F. ) ;
#8930 = DIRECTION ( 'NONE',  ( 0.3535533905933644916, 0.6123724356958861748, -0.7071067811864228947 ) ) ;
#8931 = ORIENTED_EDGE ( 'NONE', *, *, #8772, .T. ) ;
#8932 = CARTESIAN_POINT ( 'NONE',  ( 2.750000000000022649, -0.1984641550339512339, 0.9499999999999999556 ) ) ;
#8933 = ORIENTED_EDGE ( 'NONE', *, *, #252, .T. ) ;
#8934 = CARTESIAN_POINT ( 'NONE',  ( 0.000000000000000000, 0.3012499999999982969, 0.000000000000000000 ) ) ;
#8935 = CARTESIAN_POINT ( 'NONE',  ( 2.558872638562463830, 0.05622084583890603338, 0.9499999999999999556 ) ) ;
#8936 = ORIENTED_EDGE ( 'NONE', *, *, #1546, .T. ) ;
#8937 = LINE ( 'NONE', #8897, #4244 ) ;
#8938 = CARTESIAN_POINT ( 'NONE',  ( -2.435083070873305111, 0.3086606738035367337, 0.8291007793619377120 ) ) ;
#8939 = EDGE_CURVE ( 'NONE', #2379, #5281, #6409, .T. ) ;
#8940 = DIRECTION ( 'NONE',  ( 0.8660254037844448138, -0.4999999999999893419, -0.000000000000000000 ) ) ;
#8941 = ADVANCED_FACE ( 'NONE', ( #8115 ), #3714, .F. ) ;
#8942 = CARTESIAN_POINT ( 'NONE',  ( 1.824799798107692439, -0.4800379978800762282, 0.5999999999999999778 ) ) ;
#8943 = DIRECTION ( 'NONE',  ( 7.212078703273654423E-14, -1.000000000000000000, 0.000000000000000000 ) ) ;
#8944 = VERTEX_POINT ( 'NONE', #4584 ) ;
#8945 = EDGE_CURVE ( 'NONE', #9165, #2700, #9446, .T. ) ;
#8946 = ORIENTED_EDGE ( 'NONE', *, *, #763, .F. ) ;
#8947 = VECTOR ( 'NONE', #6793, 39.37007874015748143 ) ;
#8948 = CARTESIAN_POINT ( 'NONE',  ( 2.716854174377005826, -0.1908744090717845177, 0.2600000000000000089 ) ) ;
#8949 = DIRECTION ( 'NONE',  ( 0.000000000000000000, 0.000000000000000000, -1.000000000000000000 ) ) ;
#8950 = EDGE_CURVE ( 'NONE', #4621, #7806, #8527, .T. ) ;
#8951 = DIRECTION ( 'NONE',  ( 0.5000000000000041078, -0.8660254037844363761, 0.000000000000000000 ) ) ;
#8952 = EDGE_LOOP ( 'NONE', ( #3340, #1698, #3826, #6419 ) ) ;
#8953 = CARTESIAN_POINT ( 'NONE',  ( -1.984375000000010880, 0.6079979548822664892, 0.5357500000000000595 ) ) ;
#8954 = AXIS2_PLACEMENT_3D ( 'NONE', #3706, #7189, #5053 ) ;
#8955 = CARTESIAN_POINT ( 'NONE',  ( -2.125000000000000000, 0.4764989774411177437, 0.2500000000000000555 ) ) ;
#8956 = FACE_OUTER_BOUND ( 'NONE', #1728, .T. ) ;
#8957 = CARTESIAN_POINT ( 'NONE',  ( 2.453125000000005329, 0.2893790496476773000, 0.4150000000000000910 ) ) ;
#8958 = DIRECTION ( 'NONE',  ( -0.000000000000000000, 0.000000000000000000, -1.000000000000000000 ) ) ;
#8959 = AXIS2_PLACEMENT_3D ( 'NONE', #9237, #5665, #4758 ) ;
#8960 = LINE ( 'NONE', #3138, #6700 ) ;
#8961 = DIRECTION ( 'NONE',  ( 0.8660254037843999608, 0.5000000000000667244, -0.000000000000000000 ) ) ;
#8962 = ORIENTED_EDGE ( 'NONE', *, *, #1012, .F. ) ;
#8963 = CARTESIAN_POINT ( 'NONE',  ( -2.296370442160278635, -0.2613205341219647648, 0.2572037272617219705 ) ) ;
#8964 = EDGE_LOOP ( 'NONE', ( #6036, #9243, #760, #8811 ) ) ;
#8965 = EDGE_LOOP ( 'NONE', ( #2561, #7227 ) ) ;
#8966 = EDGE_CURVE ( 'NONE', #2910, #1987, #7387, .T. ) ;
#8967 = ORIENTED_EDGE ( 'NONE', *, *, #444, .T. ) ;
#8968 = DIRECTION ( 'NONE',  ( 1.865610830299460874E-15, 1.000000000000000000, -0.000000000000000000 ) ) ;
#8969 = CARTESIAN_POINT ( 'NONE',  ( -2.453125000000210498, 0.2893790496474515916, 0.7849999999997243627 ) ) ;
#8970 = VECTOR ( 'NONE', #1981, 39.37007874015748143 ) ;
#8971 = LINE ( 'NONE', #4532, #2410 ) ;
#8972 = CARTESIAN_POINT ( 'NONE',  ( -1.953269933554506510, -0.2739725045725852071, 0.9282771156755845743 ) ) ;
#8973 = VERTEX_POINT ( 'NONE', #5249 ) ;
#8974 = DIRECTION ( 'NONE',  ( -0.3535533905932668475, -0.6123724356958004655, -0.7071067811865456854 ) ) ;
#8975 = ORIENTED_EDGE ( 'NONE', *, *, #8915, .T. ) ;
#8976 = SURFACE_STYLE_FILL_AREA ( #7539 ) ;
#8977 = VECTOR ( 'NONE', #8930, 39.37007874015748143 ) ;
#8978 = ADVANCED_FACE ( 'NONE', ( #8789, #2202 ), #5107, .F. ) ;
#8979 = ORIENTED_EDGE ( 'NONE', *, *, #6082, .T. ) ;
#8980 = DIRECTION ( 'NONE',  ( -0.3535533905932417009, -0.6123724356958162307, 0.7071067811865449082 ) ) ;
#8981 = CARTESIAN_POINT ( 'NONE',  ( 2.426142109039915340, 0.3173942674392695729, 0.8365655606850087578 ) ) ;
#8982 = CARTESIAN_POINT ( 'NONE',  ( 1.528145825622992282, -0.1822141550339287097, 0.6999999999999999556 ) ) ;
#8983 = CARTESIAN_POINT ( 'NONE',  ( -2.445024226115720456, 0.2983263245865705460, 0.8160814793539353795 ) ) ;
#8984 = CARTESIAN_POINT ( 'NONE',  ( -2.255625000000000213, 0.6404979548822493651, 0.2600000000000000089 ) ) ;
#8985 = AXIS2_PLACEMENT_3D ( 'NONE', #9400, #1292, #6346 ) ;
#8986 = CARTESIAN_POINT ( 'NONE',  ( -2.390625000000005773, 0.6404979548822425928, 6.829619984160658046E-17 ) ) ;
#8987 = PRESENTATION_STYLE_ASSIGNMENT (( #2361 ) ) ;
#8988 = ORIENTED_EDGE ( 'NONE', *, *, #2296, .F. ) ;
#8989 = EDGE_CURVE ( 'NONE', #7653, #1961, #1010, .T. ) ;
#8990 = EDGE_CURVE ( 'NONE', #5565, #2767, #4626, .T. ) ;
#8991 = EDGE_LOOP ( 'NONE', ( #3142, #7044, #1527, #5518 ) ) ;
#8992 = CONICAL_SURFACE ( 'NONE', #5278, 0.5000000000000000000, 0.7853981633974536081 ) ;
#8993 = CONICAL_SURFACE ( 'NONE', #3155, 0.1124999999999999611, 0.7155849933176767763 ) ;
#8994 = VERTEX_POINT ( 'NONE', #6846 ) ;
#8995 = CARTESIAN_POINT ( 'NONE',  ( 1.956752361437507526, -0.4038551499215299323, 0.9499999999999999556 ) ) ;
#8996 = CARTESIAN_POINT ( 'NONE',  ( 1.951875000000012683, 0.6404979548822424817, 0.5357500000000000595 ) ) ;
#8997 = DIRECTION ( 'NONE',  ( -1.000000000000000000, 0.000000000000000000, 0.000000000000000000 ) ) ;
#8998 = VECTOR ( 'NONE', #2915, 39.37007874015748143 ) ;
#8999 = VERTEX_POINT ( 'NONE', #300 ) ;
#9000 = DIRECTION ( 'NONE',  ( 0.8660254037844138386, -0.5000000000000431877, -0.000000000000000000 ) ) ;
#9001 = CIRCLE ( 'NONE', #4989, 0.009999999999999988065 ) ;
#9002 = DIRECTION ( 'NONE',  ( 0.8660254037844353769, -0.5000000000000056621, 0.000000000000000000 ) ) ;
#9003 = EDGE_CURVE ( 'NONE', #679, #9376, #6064, .T. ) ;
#9004 = EDGE_CURVE ( 'NONE', #5025, #2205, #6519, .T. ) ;
#9005 = ORIENTED_EDGE ( 'NONE', *, *, #1824, .T. ) ;
#9006 = DIRECTION ( 'NONE',  ( -0.8660254037844660191, -0.4999999999999527045, 0.000000000000000000 ) ) ;
#9007 = AXIS2_PLACEMENT_3D ( 'NONE', #2527, #8203, #2438 ) ;
#9008 = AXIS2_PLACEMENT_3D ( 'NONE', #7055, #8553, #5696 ) ;
#9009 = CIRCLE ( 'NONE', #9465, 0.4374999999999960587 ) ;
#9010 = CARTESIAN_POINT ( 'NONE',  ( -0.8325000000000002398, -0.1762500000000011557, 0.000000000000000000 ) ) ;
#9011 = ORIENTED_EDGE ( 'NONE', *, *, #1533, .T. ) ;
#9012 = LINE ( 'NONE', #3886, #8225 ) ;
#9013 = VERTEX_POINT ( 'NONE', #7250 ) ;
#9014 = CARTESIAN_POINT ( 'NONE',  ( -1.780416992828646183, 0.0004812284007220708629, 0.9495832596057220965 ) ) ;
#9015 = VECTOR ( 'NONE', #2573, 39.37007874015748143 ) ;
#9016 = AXIS2_PLACEMENT_3D ( 'NONE', #2901, #6450, #5818 ) ;
#9017 = ORIENTED_EDGE ( 'NONE', *, *, #428, .F. ) ;
#9018 = ORIENTED_EDGE ( 'NONE', *, *, #7658, .T. ) ;
#9019 = DIRECTION ( 'NONE',  ( 1.092739197465715345E-15, 1.892679809432638867E-15, -1.000000000000000000 ) ) ;
#9020 = DIRECTION ( 'NONE',  ( -0.5000000000000013323, -0.8660254037844379305, 0.000000000000000000 ) ) ;
#9021 = AXIS2_PLACEMENT_3D ( 'NONE', #6387, #8572, #1321 ) ;
#9022 = AXIS2_PLACEMENT_3D ( 'NONE', #8984, #7358, #2404 ) ;
#9023 = AXIS2_PLACEMENT_3D ( 'NONE', #1221, #6730, #8335 ) ;
#9024 = LINE ( 'NONE', #345, #7935 ) ;
#9025 = CARTESIAN_POINT ( 'NONE',  ( -1.984375000000021094, 0.3904979548822709035, 0.9174999999999992051 ) ) ;
#9026 = ORIENTED_EDGE ( 'NONE', *, *, #6796, .T. ) ;
#9027 = DIRECTION ( 'NONE',  ( 0.000000000000000000, -0.000000000000000000, -1.000000000000000000 ) ) ;
#9028 = EDGE_LOOP ( 'NONE', ( #2974, #8680, #6462, #4347, #7259 ) ) ;
#9029 = ORIENTED_EDGE ( 'NONE', *, *, #4753, .F. ) ;
#9030 = LINE ( 'NONE', #2445, #7023 ) ;
#9031 = DIRECTION ( 'NONE',  ( -4.370956789862821150E-15, 2.185478394931410575E-15, -1.000000000000000000 ) ) ;
#9032 = CARTESIAN_POINT ( 'NONE',  ( 2.125000000000000000, 0.000000000000000000, 0.2500000000000000555 ) ) ;
#9033 = CARTESIAN_POINT ( 'NONE',  ( -2.419684117822885394, 0.3233990747408945210, 0.8404620568917899881 ) ) ;
#9034 = LINE ( 'NONE', #8177, #3025 ) ;
#9035 = AXIS2_PLACEMENT_3D ( 'NONE', #4546, #4634, #974 ) ;
#9036 = ADVANCED_FACE ( 'NONE', ( #692 ), #2069, .F. ) ;
#9037 = EDGE_CURVE ( 'NONE', #4647, #4085, #7106, .T. ) ;
#9038 = FACE_OUTER_BOUND ( 'NONE', #8174, .T. ) ;
#9039 = CARTESIAN_POINT ( 'NONE',  ( 1.559343435260008626, -0.3012500000000015166, 0.2174999999999991940 ) ) ;
#9040 = ORIENTED_EDGE ( 'NONE', *, *, #8342, .T. ) ;
#9041 = CIRCLE ( 'NONE', #4880, 0.04250000000000332678 ) ;
#9042 = ORIENTED_EDGE ( 'NONE', *, *, #8473, .T. ) ;
#9043 = VERTEX_POINT ( 'NONE', #2780 ) ;
#9044 = CARTESIAN_POINT ( 'NONE',  ( -1.691127361437541943, 0.05622084583895081006, 0.8474999999999995870 ) ) ;
#9045 = DIRECTION ( 'NONE',  ( -0.8660254037844363761, 0.5000000000000041078, 0.000000000000000000 ) ) ;
#9046 = EDGE_CURVE ( 'NONE', #2066, #5441, #3585, .T. ) ;
#9047 = EDGE_CURVE ( 'NONE', #3825, #1617, #19, .T. ) ;
#9048 = EDGE_CURVE ( 'NONE', #914, #5356, #4308, .T. ) ;
#9049 = ORIENTED_EDGE ( 'NONE', *, *, #6040, .F. ) ;
#9050 = PLANE ( 'NONE',  #2849 ) ;
#9051 = CYLINDRICAL_SURFACE ( 'NONE', #3606, 0.04449999999999948441 ) ;
#9052 = DIRECTION ( 'NONE',  ( -0.4999999999999982792, 0.8660254037844398178, 0.000000000000000000 ) ) ;
#9053 = DIRECTION ( 'NONE',  ( 0.000000000000000000, 0.000000000000000000, -1.000000000000000000 ) ) ;
#9054 = MECHANICAL_DESIGN_GEOMETRIC_PRESENTATION_REPRESENTATION (  '', ( #2452 ), #4457 ) ;
#9055 = ORIENTED_EDGE ( 'NONE', *, *, #3270, .T. ) ;
#9056 = DIRECTION ( 'NONE',  ( 0.000000000000000000, 0.000000000000000000, 1.000000000000000000 ) ) ;
#9057 = AXIS2_PLACEMENT_3D ( 'NONE', #9489, #2899, #4425 ) ;
#9058 = CARTESIAN_POINT ( 'NONE',  ( 2.635183069698970204, 0.01216299788008453654, 0.5999999999999999778 ) ) ;
#9059 = EDGE_CURVE ( 'NONE', #6614, #5457, #3593, .T. ) ;
#9060 = EDGE_LOOP ( 'NONE', ( #8883, #857, #1067, #9005 ) ) ;
#9061 = CARTESIAN_POINT ( 'NONE',  ( 1.968749999999999778, -0.2706329386826341610, 0.9499999999999999556 ) ) ;
#9062 = EDGE_CURVE ( 'NONE', #6243, #637, #4205, .T. ) ;
#9063 = FACE_OUTER_BOUND ( 'NONE', #3900, .T. ) ;
#9064 = CARTESIAN_POINT ( 'NONE',  ( -2.435001876923102770, 0.3087421168615365752, 0.3708185898269266700 ) ) ;
#9065 = EDGE_CURVE ( 'NONE', #7764, #1245, #4271, .T. ) ;
#9066 = EDGE_LOOP ( 'NONE', ( #5644, #8735, #6457, #611, #795 ) ) ;
#9067 = ORIENTED_EDGE ( 'NONE', *, *, #7669, .F. ) ;
#9068 = DIRECTION ( 'NONE',  ( 1.000000000000000000, -0.000000000000000000, -0.000000000000000000 ) ) ;
#9069 = DIRECTION ( 'NONE',  ( 7.228235936543575681E-14, -1.000000000000000000, 0.000000000000000000 ) ) ;
#9070 = B_SPLINE_CURVE_WITH_KNOTS ( 'NONE', 3,
 ( #8513, #1224, #5656, #1091, #4122, #4889, #7844, #7110, #8612, #2027 ),
 .UNSPECIFIED., .F., .F.,
 ( 4, 2, 2, 2, 4 ),
 ( 0.002025152789676923359, 0.002192635940455807050, 0.002360119091234690308, 0.002695085392792456389, 0.003365017995907989418 ),
 .UNSPECIFIED. ) ;
#9071 = LINE ( 'NONE', #1726, #2262 ) ;
#9072 = EDGE_LOOP ( 'NONE', ( #3819, #5827, #4798, #1582 ) ) ;
#9073 = CARTESIAN_POINT ( 'NONE',  ( 1.984375000000010880, 0.6079979548822714852, 0.6642500000000000071 ) ) ;
#9074 = VERTEX_POINT ( 'NONE', #2167 ) ;
#9075 = CIRCLE ( 'NONE', #1259, 0.2175000000000126277 ) ;
#9076 = FACE_OUTER_BOUND ( 'NONE', #4035, .T. ) ;
#9077 = VERTEX_POINT ( 'NONE', #9319 ) ;
#9078 = CARTESIAN_POINT ( 'NONE',  ( -1.946727650601170811, -0.2566767611359557222, 0.2500000000000000000 ) ) ;
#9079 = FACE_OUTER_BOUND ( 'NONE', #6902, .T. ) ;
#9080 = DIRECTION ( 'NONE',  ( 0.000000000000000000, 0.000000000000000000, 1.000000000000000000 ) ) ;
#9081 = DIRECTION ( 'NONE',  ( -0.6123724356957839232, 0.3535533905932898291, 0.7071067811865484609 ) ) ;
#9082 = CIRCLE ( 'NONE', #2788, 0.2500000000000000555 ) ;
#9083 = LINE ( 'NONE', #6863, #751 ) ;
#9084 = VECTOR ( 'NONE', #7842, 39.37007874015748143 ) ;
#9085 = DIRECTION ( 'NONE',  ( -1.000000000000000000, 4.178120460898296477E-14, 0.000000000000000000 ) ) ;
#9086 = DIRECTION ( 'NONE',  ( 0.000000000000000000, 0.000000000000000000, -1.000000000000000000 ) ) ;
#9087 = VERTEX_POINT ( 'NONE', #8024 ) ;
#9088 = VECTOR ( 'NONE', #9258, 39.37007874015748143 ) ;
#9089 = VECTOR ( 'NONE', #2358, 39.37007874015748143 ) ;
#9090 = EDGE_CURVE ( 'NONE', #4173, #7908, #7814, .T. ) ;
#9091 = ORIENTED_EDGE ( 'NONE', *, *, #1938, .F. ) ;
#9092 = CARTESIAN_POINT ( 'NONE',  ( 0.000000000000000000, 0.1762500000000011557, 0.000000000000000000 ) ) ;
#9093 = LINE ( 'NONE', #3355, #192 ) ;
#9094 = CARTESIAN_POINT ( 'NONE',  ( -1.859375000000025535, 0.4058214234295524081, 0.5999999999999999778 ) ) ;
#9095 = ORIENTED_EDGE ( 'NONE', *, *, #2221, .F. ) ;
#9096 = SURFACE_STYLE_USAGE ( .BOTH. , #2508 ) ;
#9097 = CARTESIAN_POINT ( 'NONE',  ( -1.406249999999996003, -0.03608439182434083903, 0.4650000000000000799 ) ) ;
#9098 = EDGE_CURVE ( 'NONE', #2662, #5286, #1404, .T. ) ;
#9099 = EDGE_CURVE ( 'NONE', #7525, #6182, #598, .T. ) ;
#9100 = CARTESIAN_POINT ( 'NONE',  ( 1.406249999999996003, -0.03608439182434083903, 0.4150000000000000910 ) ) ;
#9101 = DIRECTION ( 'NONE',  ( 0.6560590289905063877, 0.000000000000000000, 0.7547095802227727912 ) ) ;
#9102 = VERTEX_POINT ( 'NONE', #3635 ) ;
#9103 = PLANE ( 'NONE',  #2542 ) ;
#9104 = VERTEX_POINT ( 'NONE', #5596 ) ;
#9105 = CARTESIAN_POINT ( 'NONE',  ( 1.813004557839720920, -0.01775088930758956032, 0.2599999999999999534 ) ) ;
#9106 = ORIENTED_EDGE ( 'NONE', *, *, #1043, .T. ) ;
#9107 = EDGE_CURVE ( 'NONE', #2545, #1159, #8559, .T. ) ;
#9108 = ADVANCED_FACE ( 'NONE', ( #927 ), #106, .F. ) ;
#9109 = VERTEX_POINT ( 'NONE', #2211 ) ;
#9110 = FACE_OUTER_BOUND ( 'NONE', #953, .T. ) ;
#9111 = LINE ( 'NONE', #1675, #500 ) ;
#9112 = LINE ( 'NONE', #7580, #4228 ) ;
#9113 = ORIENTED_EDGE ( 'NONE', *, *, #5671, .F. ) ;
#9114 = LINE ( 'NONE', #7537, #1457 ) ;
#9115 = ORIENTED_EDGE ( 'NONE', *, *, #2851, .F. ) ;
#9116 = ORIENTED_EDGE ( 'NONE', *, *, #7941, .T. ) ;
#9117 = ORIENTED_EDGE ( 'NONE', *, *, #3677, .T. ) ;
#9118 = EDGE_CURVE ( 'NONE', #1972, #2791, #8136, .T. ) ;
#9119 = ORIENTED_EDGE ( 'NONE', *, *, #3371, .F. ) ;
#9120 = FACE_OUTER_BOUND ( 'NONE', #8860, .T. ) ;
#9121 = DIRECTION ( 'NONE',  ( -0.000000000000000000, -0.000000000000000000, 1.000000000000000000 ) ) ;
#9122 = DIRECTION ( 'NONE',  ( -1.000000000000000000, -0.000000000000000000, -0.000000000000000000 ) ) ;
#9123 = CARTESIAN_POINT ( 'NONE',  ( -2.581229174377005720, -0.4257837998483106068, 0.9499999999999999556 ) ) ;
#9124 = DIRECTION ( 'NONE',  ( 1.000000000000000000, 1.865610830299460874E-15, -0.000000000000000000 ) ) ;
#9125 = EDGE_CURVE ( 'NONE', #1599, #2661, #3818, .T. ) ;
#9126 = DIRECTION ( 'NONE',  ( 0.4999999999999981126, -0.8660254037844397068, 0.000000000000000000 ) ) ;
#9127 = AXIS2_PLACEMENT_3D ( 'NONE', #2441, #2485, #5388 ) ;
#9128 = LINE ( 'NONE', #2544, #8547 ) ;
#9129 = ORIENTED_EDGE ( 'NONE', *, *, #8342, .F. ) ;
#9130 = ORIENTED_EDGE ( 'NONE', *, *, #1147, .F. ) ;
#9131 = FACE_OUTER_BOUND ( 'NONE', #9309, .T. ) ;
#9132 = DIRECTION ( 'NONE',  ( -0.7071067811865260344, -0.7071067811865691111, -0.000000000000000000 ) ) ;
#9133 = CARTESIAN_POINT ( 'NONE',  ( 2.301018505284309068, -0.2582212438023087642, 0.2509472078721711741 ) ) ;
#9134 = CARTESIAN_POINT ( 'NONE',  ( -1.951875000000005578, 0.6404979548822650193, 0.2599999999999999534 ) ) ;
#9135 = EDGE_LOOP ( 'NONE', ( #4560, #6553, #901, #7444 ) ) ;
#9136 = DIRECTION ( 'NONE',  ( 0.8660254037844447028, 0.4999999999999896194, 0.000000000000000000 ) ) ;
#9137 = LINE ( 'NONE', #8376, #7291 ) ;
#9138 = EDGE_CURVE ( 'NONE', #2600, #5347, #8880, .T. ) ;
#9139 = FACE_OUTER_BOUND ( 'NONE', #7542, .T. ) ;
#9140 = DIRECTION ( 'NONE',  ( 0.5000000000000056621, 0.8660254037844353769, 0.000000000000000000 ) ) ;
#9141 = AXIS2_PLACEMENT_3D ( 'NONE', #8145, #7266, #8908 ) ;
#9142 = CARTESIAN_POINT ( 'NONE',  ( -2.766250000000001208, -0.1703183294109425483, 0.2599999999999999534 ) ) ;
#9143 = AXIS2_PLACEMENT_3D ( 'NONE', #705, #6535, #4364 ) ;
#9144 = CARTESIAN_POINT ( 'NONE',  ( -0.9077481638378339657, 0.3012499999999982969, 0.3887795275590550381 ) ) ;
#9145 = ORIENTED_EDGE ( 'NONE', *, *, #6796, .F. ) ;
#9146 = DIRECTION ( 'NONE',  ( 1.000000000000000000, 0.000000000000000000, 0.000000000000000000 ) ) ;
#9147 = ORIENTED_EDGE ( 'NONE', *, *, #9047, .T. ) ;
#9148 = EDGE_CURVE ( 'NONE', #6407, #4313, #3680, .T. ) ;
#9149 = FACE_OUTER_BOUND ( 'NONE', #4963, .T. ) ;
#9150 = AXIS2_PLACEMENT_3D ( 'NONE', #9032, #6028, #1021 ) ;
#9151 =( GEOMETRIC_REPRESENTATION_CONTEXT ( 3 ) GLOBAL_UNCERTAINTY_ASSIGNED_CONTEXT ( ( #7142 ) ) GLOBAL_UNIT_ASSIGNED_CONTEXT ( ( #5355, #315, #5404 ) ) REPRESENTATION_CONTEXT ( 'NONE', 'WORKASPACE' ) );
#9152 = ORIENTED_EDGE ( 'NONE', *, *, #6994, .F. ) ;
#9153 = ORIENTED_EDGE ( 'NONE', *, *, #3907, .F. ) ;
#9154 = DIRECTION ( 'NONE',  ( 0.5000000000000036637, -0.8660254037844365982, 0.000000000000000000 ) ) ;
#9155 = CARTESIAN_POINT ( 'NONE',  ( 1.559174798107780591, -0.01996200211974713534, 0.5999999999999999778 ) ) ;
#9156 = CARTESIAN_POINT ( 'NONE',  ( 0.000000000000000000, 0.1762500000000011557, 0.000000000000000000 ) ) ;
#9157 = ORIENTED_EDGE ( 'NONE', *, *, #7088, .F. ) ;
#9158 = VECTOR ( 'NONE', #5832, 39.37007874015748854 ) ;
#9159 = DIRECTION ( 'NONE',  ( 4.535261055593764468E-14, 1.000000000000000000, -0.000000000000000000 ) ) ;
#9160 = PRESENTATION_LAYER_ASSIGNMENT (  '', '', ( #1056 ) ) ;
#9161 = ORIENTED_EDGE ( 'NONE', *, *, #2756, .T. ) ;
#9162 = ORIENTED_EDGE ( 'NONE', *, *, #2409, .T. ) ;
#9163 = ADVANCED_FACE ( 'NONE', ( #3722 ), #8173, .F. ) ;
#9164 = EDGE_CURVE ( 'NONE', #5356, #2549, #8895, .T. ) ;
#9165 = VERTEX_POINT ( 'NONE', #3113 ) ;
#9166 = CIRCLE ( 'NONE', #3323, 0.06424999999999993217 ) ;
#9167 = CIRCLE ( 'NONE', #6867, 0.8325000000000002398 ) ;
#9168 = CARTESIAN_POINT ( 'NONE',  ( 2.453125000000005329, 0.2893790496476773000, 0.9499999999999999556 ) ) ;
#9169 = CARTESIAN_POINT ( 'NONE',  ( 2.390625000000005329, 0.4058214234295524081, 0.5357500000000000595 ) ) ;
#9170 = LINE ( 'NONE', #1635, #7952 ) ;
#9171 = PLANE ( 'NONE',  #4766 ) ;
#9172 = CARTESIAN_POINT ( 'NONE',  ( 1.621674798107783033, -0.1282151775928082327, 0.6642499999999997851 ) ) ;
#9173 = EDGE_CURVE ( 'NONE', #613, #3274, #6320, .T. ) ;
#9174 = DIRECTION ( 'NONE',  ( -0.8660254037844401509, -0.4999999999999972800, -0.000000000000000000 ) ) ;
#9175 = VECTOR ( 'NONE', #7744, 39.37007874015748143 ) ;
#9176 = ADVANCED_FACE ( 'NONE', ( #4450 ), #6612, .F. ) ;
#9177 = VECTOR ( 'NONE', #5585, 39.37007874015748143 ) ;
#9178 = LENGTH_MEASURE_WITH_UNIT ( LENGTH_MEASURE( 0.02539999999999999897 ), #7096 );
#9179 = ORIENTED_EDGE ( 'NONE', *, *, #3718, .F. ) ;
#9180 = AXIS2_PLACEMENT_3D ( 'NONE', #1499, #8127, #8071 ) ;
#9181 = ADVANCED_FACE ( 'NONE', ( #5301 ), #2965, .F. ) ;
#9182 = ORIENTED_EDGE ( 'NONE', *, *, #2931, .T. ) ;
#9183 = PLANE ( 'NONE',  #5792 ) ;
#9184 = VECTOR ( 'NONE', #7656, 39.37007874015748143 ) ;
#9185 = DIRECTION ( 'NONE',  ( -0.000000000000000000, -1.000000000000000000, -0.000000000000000000 ) ) ;
#9186 = DIRECTION ( 'NONE',  ( -1.000000000000000000, 3.023406148612404573E-15, -0.000000000000000000 ) ) ;
#9187 = FACE_OUTER_BOUND ( 'NONE', #3816, .T. ) ;
#9188 = DIRECTION ( 'NONE',  ( 0.5000000000000041078, -0.8660254037844363761, -0.000000000000000000 ) ) ;
#9189 = CARTESIAN_POINT ( 'NONE',  ( 2.212411556607433383, -0.4286817952310598701, 0.7947191470558555570 ) ) ;
#9190 = LINE ( 'NONE', #4125, #13 ) ;
#9191 = CARTESIAN_POINT ( 'NONE',  ( 2.425200201892211638, -0.4800379978802461478, 0.6642499999999997851 ) ) ;
#9192 = B_SPLINE_CURVE_WITH_KNOTS ( 'NONE', 3,
 ( #1060, #4184, #3470, #3563, #9292, #7132, #573, #3416, #8002, #5007, #6400, #5627, #7231, #9439 ),
 .UNSPECIFIED., .F., .F.,
 ( 4, 2, 2, 2, 2, 2, 4 ),
 ( 0.000000000000000000, 0.0007337661947641793475, 0.001467532389528358695, 0.001834415486910448423, 0.002201298584292537934, 0.002568181681674627879, 0.002935064779056717390 ),
 .UNSPECIFIED. ) ;
#9193 = ORIENTED_EDGE ( 'NONE', *, *, #2755, .F. ) ;
#9194 = CARTESIAN_POINT ( 'NONE',  ( -2.211547108317852839, -0.4288541104406183302, 0.7898321067049645094 ) ) ;
#9195 = AXIS2_PLACEMENT_3D ( 'NONE', #6743, #7383, #1724 ) ;
#9196 = CARTESIAN_POINT ( 'NONE',  ( -1.572292745690301530, -0.2788211364117526569, 0.2399288635882477483 ) ) ;
#9197 = ORIENTED_EDGE ( 'NONE', *, *, #4154, .F. ) ;
#9198 = EDGE_LOOP ( 'NONE', ( #7318, #4377, #1158, #2816 ) ) ;
#9199 = DIRECTION ( 'NONE',  ( 1.000000000000000000, 0.000000000000000000, 0.000000000000000000 ) ) ;
#9200 = PLANE ( 'NONE',  #5122 ) ;
#9201 = LINE ( 'NONE', #1945, #2416 ) ;
#9202 = VECTOR ( 'NONE', #6163, 39.37007874015748854 ) ;
#9203 = ORIENTED_EDGE ( 'NONE', *, *, #7587, .F. ) ;
#9204 = ORIENTED_EDGE ( 'NONE', *, *, #4102, .F. ) ;
#9205 = EDGE_CURVE ( 'NONE', #1137, #2491, #6658, .T. ) ;
#9206 = DIRECTION ( 'NONE',  ( 0.8660254037844432595, 0.4999999999999919509, -0.000000000000000000 ) ) ;
#9207 = CARTESIAN_POINT ( 'NONE',  ( 0.000000000000000000, 0.2087499999999984091, 0.000000000000000000 ) ) ;
#9208 = ORIENTED_EDGE ( 'NONE', *, *, #4398, .F. ) ;
#9209 = CARTESIAN_POINT ( 'NONE',  ( 2.651541674377006164, -0.3039989774411241963, 0.2500000000000000555 ) ) ;
#9210 = ORIENTED_EDGE ( 'NONE', *, *, #4114, .T. ) ;
#9211 = ORIENTED_EDGE ( 'NONE', *, *, #8462, .F. ) ;
#9212 = VERTEX_POINT ( 'NONE', #5257 ) ;
#9213 = ORIENTED_EDGE ( 'NONE', *, *, #5510, .F. ) ;
#9214 = EDGE_CURVE ( 'NONE', #5441, #6814, #1685, .T. ) ;
#9215 = ADVANCED_FACE ( 'NONE', ( #4593 ), #5166, .T. ) ;
#9216 = CARTESIAN_POINT ( 'NONE',  ( 1.859375000000008882, 0.6404979548822717916, 0.9499999999999999556 ) ) ;
#9217 = LINE ( 'NONE', #4055, #9202 ) ;
#9218 = FACE_OUTER_BOUND ( 'NONE', #4420, .T. ) ;
#9219 = LINE ( 'NONE', #1828, #2334 ) ;
#9220 = DIRECTION ( 'NONE',  ( 0.8660254037844422603, -0.4999999999999939493, 0.000000000000000000 ) ) ;
#9221 = CARTESIAN_POINT ( 'NONE',  ( 1.813004557839720476, -0.01775088930758962624, 0.2572037272617221371 ) ) ;
#9222 = AXIS2_PLACEMENT_3D ( 'NONE', #8098, #765, #4375 ) ;
#9223 = CARTESIAN_POINT ( 'NONE',  ( 2.537660219341328460, -0.2382494887205698075, 0.000000000000000000 ) ) ;
#9224 = VERTEX_POINT ( 'NONE', #7267 ) ;
#9225 = EDGE_CURVE ( 'NONE', #9212, #1453, #758, .T. ) ;
#9226 = CARTESIAN_POINT ( 'NONE',  ( -1.599839780658681709, -0.2382494887205523215, 0.2500000000000000555 ) ) ;
#9227 = CIRCLE ( 'NONE', #6136, 0.06425000000000000155 ) ;
#9228 = CARTESIAN_POINT ( 'NONE',  ( 1.859375000000029976, 0.3476343040826271880, 0.6642500000000000071 ) ) ;
#9229 = CARTESIAN_POINT ( 'NONE',  ( 2.453125000000005329, 0.6404979548822425928, 0.7349999999999999867 ) ) ;
#9230 = CARTESIAN_POINT ( 'NONE',  ( 0.000000000000000000, -0.2087499999999990474, 0.5000000000000000000 ) ) ;
#9231 = DIRECTION ( 'NONE',  ( -0.000000000000000000, 1.000000000000000000, -0.000000000000000000 ) ) ;
#9232 = CARTESIAN_POINT ( 'NONE',  ( -2.258156470889789436, 0.2827249004830396095, 0.2499999999999999722 ) ) ;
#9233 = FACE_BOUND ( 'NONE', #6054, .T. ) ;
#9234 = ORIENTED_EDGE ( 'NONE', *, *, #2756, .F. ) ;
#9235 = ADVANCED_FACE ( 'NONE', ( #8863 ), #1562, .T. ) ;
#9236 = CARTESIAN_POINT ( 'NONE',  ( -2.394958643387004482, 0.3442841362961510665, 0.6190785628808893604 ) ) ;
#9237 = CARTESIAN_POINT ( 'NONE',  ( 0.000000000000000000, 0.3012499999999982969, 0.000000000000000000 ) ) ;
#9238 = ORIENTED_EDGE ( 'NONE', *, *, #8044, .F. ) ;
#9239 = EDGE_CURVE ( 'NONE', #7492, #1247, #7262, .T. ) ;
#9240 = LINE ( 'NONE', #2658, #5279 ) ;
#9241 = DIRECTION ( 'NONE',  ( 0.8660254037844407060, 0.4999999999999965583, 0.000000000000000000 ) ) ;
#9242 = CARTESIAN_POINT ( 'NONE',  ( -2.398373149454037456, 0.3417139959468459831, 0.3525000000000004796 ) ) ;
#9243 = ORIENTED_EDGE ( 'NONE', *, *, #2231, .F. ) ;
#9244 = VERTEX_POINT ( 'NONE', #2328 ) ;
#9245 = CARTESIAN_POINT ( 'NONE',  ( -2.125000000000000000, 0.000000000000000000, 0.9499999999999999556 ) ) ;
#9246 = ORIENTED_EDGE ( 'NONE', *, *, #4992, .F. ) ;
#9247 = CARTESIAN_POINT ( 'NONE',  ( -2.125000000000000000, 0.000000000000000000, 0.9499999999999999556 ) ) ;
#9248 = CARTESIAN_POINT ( 'NONE',  ( 0.000000000000000000, -0.6044135630578968410, 0.000000000000000000 ) ) ;
#9249 = FILL_AREA_STYLE_COLOUR ( '', #4637 ) ;
#9250 = ORIENTED_EDGE ( 'NONE', *, *, #8748, .T. ) ;
#9251 = DIRECTION ( 'NONE',  ( 0.4999999999999919509, 0.8660254037844432595, -0.000000000000000000 ) ) ;
#9252 = ORIENTED_EDGE ( 'NONE', *, *, #5781, .T. ) ;
#9253 = VERTEX_POINT ( 'NONE', #8039 ) ;
#9254 = EDGE_CURVE ( 'NONE', #2149, #3790, #6489, .T. ) ;
#9255 = VERTEX_POINT ( 'NONE', #1463 ) ;
#9256 = ORIENTED_EDGE ( 'NONE', *, *, #5556, .T. ) ;
#9257 = DIRECTION ( 'NONE',  ( 0.000000000000000000, -0.000000000000000000, -1.000000000000000000 ) ) ;
#9258 = DIRECTION ( 'NONE',  ( 0.000000000000000000, -1.000000000000000000, -0.000000000000000000 ) ) ;
#9259 = AXIS2_PLACEMENT_3D ( 'NONE', #7070, #1139, #1803 ) ;
#9260 = CARTESIAN_POINT ( 'NONE',  ( -1.812500000000002665, 0.000000000000000000, 0.9174999999999992051 ) ) ;
#9261 = CARTESIAN_POINT ( 'NONE',  ( -2.390625000000005773, 0.6404979548822425928, 0.9499999999999999556 ) ) ;
#9262 = LINE ( 'NONE', #8845, #8255 ) ;
#9263 = CYLINDRICAL_SURFACE ( 'NONE', #1203, 0.04449999999999975503 ) ;
#9264 =( CONVERSION_BASED_UNIT ( 'INCH', #9178 ) LENGTH_UNIT ( ) NAMED_UNIT ( #2513 ) );
#9265 = EDGE_CURVE ( 'NONE', #1617, #7678, #5901, .T. ) ;
#9266 = PRESENTATION_LAYER_ASSIGNMENT (  '', '', ( #7749 ) ) ;
#9267 = CARTESIAN_POINT ( 'NONE',  ( -1.306874999999987574, 0.000000000000000000, 0.2500000000000000555 ) ) ;
#9268 = CARTESIAN_POINT ( 'NONE',  ( 1.859375000000029976, 0.3476343040826271880, 0.9499999999999999556 ) ) ;
#9269 = DIRECTION ( 'NONE',  ( -1.000000000000000000, 0.000000000000000000, 0.000000000000000000 ) ) ;
#9270 = CARTESIAN_POINT ( 'NONE',  ( 1.984375000000010880, 0.6079979548822667113, 0.9499999999999999556 ) ) ;
#9271 = AXIS2_PLACEMENT_3D ( 'NONE', #5972, #5703, #8656 ) ;
#9272 = DIRECTION ( 'NONE',  ( 0.000000000000000000, 0.000000000000000000, 1.000000000000000000 ) ) ;
#9273 = FACE_OUTER_BOUND ( 'NONE', #3666, .T. ) ;
#9274 = ADVANCED_FACE ( 'NONE', ( #1422 ), #8909, .T. ) ;
#9275 = EDGE_CURVE ( 'NONE', #6913, #8649, #7224, .T. ) ;
#9276 = FACE_OUTER_BOUND ( 'NONE', #279, .T. ) ;
#9277 = AXIS2_PLACEMENT_3D ( 'NONE', #6406, #2051, #4960 ) ;
#9278 = ORIENTED_EDGE ( 'NONE', *, *, #2532, .T. ) ;
#9279 = DIRECTION ( 'NONE',  ( 0.2588190451025010330, 0.9659258262890736413, 0.000000000000000000 ) ) ;
#9280 = FACE_OUTER_BOUND ( 'NONE', #4105, .T. ) ;
#9281 = ORIENTED_EDGE ( 'NONE', *, *, #1249, .F. ) ;
#9282 = LINE ( 'NONE', #2701, #4365 ) ;
#9283 = AXIS2_PLACEMENT_3D ( 'NONE', #1101, #5377, #1000 ) ;
#9284 = DIRECTION ( 'NONE',  ( 1.000000000000000000, -0.000000000000000000, -0.000000000000000000 ) ) ;
#9285 = EDGE_CURVE ( 'NONE', #2714, #7215, #3337, .T. ) ;
#9286 = EDGE_CURVE ( 'NONE', #5194, #3766, #1516, .T. ) ;
#9287 = CARTESIAN_POINT ( 'NONE',  ( -1.705664676458366724, 0.1248077084662159025, 0.8197202386689930176 ) ) ;
#9288 = ORIENTED_EDGE ( 'NONE', *, *, #4569, .T. ) ;
#9289 = CARTESIAN_POINT ( 'NONE',  ( 2.125000000000000000, 0.000000000000000000, 0.9499999999999999556 ) ) ;
#9290 = CIRCLE ( 'NONE', #5128, 0.4374999999999960587 ) ;
#9291 = CIRCLE ( 'NONE', #5129, 0.4374999999999960032 ) ;
#9292 = CARTESIAN_POINT ( 'NONE',  ( 1.699542257703421821, 0.1022662857439728679, 0.3630944694227262737 ) ) ;
#9293 = CARTESIAN_POINT ( 'NONE',  ( -1.656874999999970566, -0.4701796254713098144, 0.9499999999999999556 ) ) ;
#9294 = SURFACE_STYLE_USAGE ( .BOTH. , #6246 ) ;
#9295 = ORIENTED_EDGE ( 'NONE', *, *, #3834, .T. ) ;
#9296 = CARTESIAN_POINT ( 'NONE',  ( 1.406249999999996003, -0.03608439182434083903, 0.4650000000000000799 ) ) ;
#9297 = ORIENTED_EDGE ( 'NONE', *, *, #4142, .T. ) ;
#9298 = AXIS2_PLACEMENT_3D ( 'NONE', #7695, #5453, #1832 ) ;
#9299 = AXIS2_PLACEMENT_3D ( 'NONE', #5950, #1039, #7559 ) ;
#9300 = ORIENTED_EDGE ( 'NONE', *, *, #3232, .F. ) ;
#9301 = DIRECTION ( 'NONE',  ( 0.000000000000000000, 0.7071067811865489050, 0.7071067811865461294 ) ) ;
#9302 = FACE_OUTER_BOUND ( 'NONE', #1466, .T. ) ;
#9303 = AXIS2_PLACEMENT_3D ( 'NONE', #9452, #5786, #244 ) ;
#9304 = VECTOR ( 'NONE', #4369, 39.37007874015748854 ) ;
#9305 = VECTOR ( 'NONE', #7985, 39.37007874015748143 ) ;
#9306 = CARTESIAN_POINT ( 'NONE',  ( -2.293247638562451396, -0.4038551499215468632, 0.9499999999999999556 ) ) ;
#9307 = DIRECTION ( 'NONE',  ( 1.000000000000000000, -0.000000000000000000, -0.000000000000000000 ) ) ;
#9308 = ORIENTED_EDGE ( 'NONE', *, *, #1838, .T. ) ;
#9309 = EDGE_LOOP ( 'NONE', ( #3947, #994, #4871, #4853 ) ) ;
#9310 = CARTESIAN_POINT ( 'NONE',  ( 2.546874999999995559, -0.5502869753213696091, 0.4649999999999999689 ) ) ;
#9311 = ORIENTED_EDGE ( 'NONE', *, *, #1370, .T. ) ;
#9312 = VECTOR ( 'NONE', #2176, 39.37007874015748143 ) ;
#9313 = CIRCLE ( 'NONE', #1356, 0.3124999999999972800 ) ;
#9314 = VECTOR ( 'NONE', #5091, 39.37007874015748143 ) ;
#9315 = VERTEX_POINT ( 'NONE', #3700 ) ;
#9316 = ORIENTED_EDGE ( 'NONE', *, *, #9254, .F. ) ;
#9317 = ORIENTED_EDGE ( 'NONE', *, *, #6738, .F. ) ;
#9318 = LINE ( 'NONE', #2735, #4711 ) ;
#9319 = CARTESIAN_POINT ( 'NONE',  ( -2.305543188425646317, -0.2550694162636903406, 0.2500000000000000555 ) ) ;
#9320 = DIRECTION ( 'NONE',  ( -0.5000000000000041078, 0.8660254037844363761, -0.000000000000000000 ) ) ;
#9321 = PLANE ( 'NONE',  #7073 ) ;
#9322 = ADVANCED_FACE ( 'NONE', ( #8814 ), #7314, .F. ) ;
#9323 = AXIS2_PLACEMENT_3D ( 'NONE', #1544, #7401, #7445 ) ;
#9324 = DIRECTION ( 'NONE',  ( -0.000000000000000000, -1.000000000000000000, -0.000000000000000000 ) ) ;
#9325 = DIRECTION ( 'NONE',  ( 0.000000000000000000, -1.000000000000000000, 0.000000000000000000 ) ) ;
#9326 = CYLINDRICAL_SURFACE ( 'NONE', #6528, 0.2500000000000000555 ) ;
#9327 = VERTEX_POINT ( 'NONE', #5814 ) ;
#9328 = VECTOR ( 'NONE', #128, 39.37007874015747433 ) ;
#9329 = CIRCLE ( 'NONE', #3489, 0.06425000000000000155 ) ;
#9330 = ORIENTED_EDGE ( 'NONE', *, *, #7380, .T. ) ;
#9331 = ORIENTED_EDGE ( 'NONE', *, *, #8271, .F. ) ;
#9332 = DIRECTION ( 'NONE',  ( 0.000000000000000000, 0.000000000000000000, 1.000000000000000000 ) ) ;
#9333 = EDGE_CURVE ( 'NONE', #2791, #8505, #5765, .T. ) ;
#9334 = EDGE_CURVE ( 'NONE', #3598, #3615, #2941, .T. ) ;
#9335 = DIRECTION ( 'NONE',  ( -2.185478394931412547E-15, 0.000000000000000000, -1.000000000000000000 ) ) ;
#9336 = ORIENTED_EDGE ( 'NONE', *, *, #8772, .F. ) ;
#9337 = AXIS2_PLACEMENT_3D ( 'NONE', #7578, #4580, #916 ) ;
#9338 = CARTESIAN_POINT ( 'NONE',  ( 2.453245442160275402, 0.01039493631537721091, 0.9499999999999999556 ) ) ;
#9339 = CARTESIAN_POINT ( 'NONE',  ( 2.392868649053890628, -0.3170337998483087616, 0.9175000000000006484 ) ) ;
#9340 = CARTESIAN_POINT ( 'NONE',  ( 1.859375000000026645, 0.3476343040826245234, 6.829619984160658046E-17 ) ) ;
#9341 = ORIENTED_EDGE ( 'NONE', *, *, #6463, .T. ) ;
#9342 = EDGE_LOOP ( 'NONE', ( #6754, #4218, #6769, #8056 ) ) ;
#9343 = DIRECTION ( 'NONE',  ( 0.000000000000000000, 0.000000000000000000, -1.000000000000000000 ) ) ;
#9344 = AXIS2_PLACEMENT_3D ( 'NONE', #8884, #2300, #8161 ) ;
#9345 = ADVANCED_FACE ( 'NONE', ( #2184 ), #664, .F. ) ;
#9346 = CARTESIAN_POINT ( 'NONE',  ( -2.549743649053904715, -0.04531832941097126144, 0.6999999999999999556 ) ) ;
#9347 = CARTESIAN_POINT ( 'NONE',  ( 1.991847578994567769, 0.2827267639397001431, 0.2499999999999999722 ) ) ;
#9348 = EDGE_CURVE ( 'NONE', #8191, #6836, #5131, .T. ) ;
#9349 = LINE ( 'NONE', #7772, #8485 ) ;
#9350 = ORIENTED_EDGE ( 'NONE', *, *, #6261, .F. ) ;
#9351 = LINE ( 'NONE', #1957, #863 ) ;
#9352 = ORIENTED_EDGE ( 'NONE', *, *, #1235, .F. ) ;
#9353 = AXIS2_PLACEMENT_3D ( 'NONE', #6904, #1737, #3252 ) ;
#9354 = EDGE_CURVE ( 'NONE', #7614, #7802, #4423, .T. ) ;
#9355 = ORIENTED_EDGE ( 'NONE', *, *, #7326, .T. ) ;
#9356 = ADVANCED_FACE ( 'NONE', ( #7996, #6632 ), #3133, .T. ) ;
#9357 = CARTESIAN_POINT ( 'NONE',  ( 2.237377577958721275, -0.4228405590670331060, 0.3708185898269264480 ) ) ;
#9358 = UNCERTAINTY_MEASURE_WITH_UNIT (LENGTH_MEASURE( 1.000000000000000082E-05 ), #5365, 'distance_accuracy_value', 'NONE');
#9359 = FACE_OUTER_BOUND ( 'NONE', #445, .T. ) ;
#9360 = DIRECTION ( 'NONE',  ( -0.000000000000000000, -0.000000000000000000, -1.000000000000000000 ) ) ;
#9361 = CARTESIAN_POINT ( 'NONE',  ( 2.265624999999998668, 0.2790714234295562646, 0.2600000000000002309 ) ) ;
#9362 = ORIENTED_EDGE ( 'NONE', *, *, #1576, .T. ) ;
#9363 = VERTEX_POINT ( 'NONE', #3181 ) ;
#9364 = CARTESIAN_POINT ( 'NONE',  ( -1.812500000000002665, 0.2687499999999986011, 0.2500000000000000000 ) ) ;
#9365 = CARTESIAN_POINT ( 'NONE',  ( -1.703124999999971134, -0.5502869753213720516, 0.6999999999999999556 ) ) ;
#9366 = ORIENTED_EDGE ( 'NONE', *, *, #6782, .T. ) ;
#9367 = DIRECTION ( 'NONE',  ( 0.4999999999999919509, -0.8660254037844432595, -0.000000000000000000 ) ) ;
#9368 = DIRECTION ( 'NONE',  ( 1.865610830299460874E-15, -1.000000000000000000, 0.000000000000000000 ) ) ;
#9369 = LINE ( 'NONE', #4982, #2117 ) ;
#9370 = DIRECTION ( 'NONE',  ( -0.8660254037844348218, 0.5000000000000067724, 0.000000000000000000 ) ) ;
#9371 = VECTOR ( 'NONE', #2047, 39.37007874015748143 ) ;
#9372 = LINE ( 'NONE', #3442, #3589 ) ;
#9373 = B_SPLINE_CURVE_WITH_KNOTS ( 'NONE', 3,
 ( #1800, #7615, #7567, #4707 ),
 .UNSPECIFIED., .F., .F.,
 ( 4, 4 ),
 ( 2.206647359051235269E-16, 0.001266630838601840239 ),
 .UNSPECIFIED. ) ;
#9374 = CARTESIAN_POINT ( 'NONE',  ( -1.851621079396632341, 0.3415702208528278994, 0.6049424654863826412 ) ) ;
#9375 = DIRECTION ( 'NONE',  ( -0.000000000000000000, -1.000000000000000000, -0.000000000000000000 ) ) ;
#9376 = VERTEX_POINT ( 'NONE', #3879 ) ;
#9377 = CARTESIAN_POINT ( 'NONE',  ( 1.984375000000009548, 0.6404979548822712365, 0.9499999999999999556 ) ) ;
#9378 = ADVANCED_FACE ( 'NONE', ( #1705 ), #8108, .T. ) ;
#9379 = CIRCLE ( 'NONE', #810, 0.06424999999999993217 ) ;
#9380 = ORIENTED_EDGE ( 'NONE', *, *, #6325, .T. ) ;
#9381 = ORIENTED_EDGE ( 'NONE', *, *, #3289, .F. ) ;
#9382 = LINE ( 'NONE', #7261, #6229 ) ;
#9383 = CARTESIAN_POINT ( 'NONE',  ( 1.984375000000010880, 0.6079979548822664892, 0.9499999999999999556 ) ) ;
#9384 = ORIENTED_EDGE ( 'NONE', *, *, #2809, .F. ) ;
#9385 = DIRECTION ( 'NONE',  ( 1.000000000000000000, 8.208687653317557480E-14, 0.000000000000000000 ) ) ;
#9386 = PRODUCT_DEFINITION_FORMATION_WITH_SPECIFIED_SOURCE ( 'ANY', '', #7122, .NOT_KNOWN. ) ;
#9387 = CIRCLE ( 'NONE', #7711, 0.4374999999999960587 ) ;
#9388 = CARTESIAN_POINT ( 'NONE',  ( 1.812500000000002665, -0.2687500000000004885, 0.2500000000000000000 ) ) ;
#9389 = DIRECTION ( 'NONE',  ( 0.000000000000000000, 1.000000000000000000, 0.000000000000000000 ) ) ;
#9390 = ADVANCED_FACE ( 'NONE', ( #1042 ), #3836, .F. ) ;
#9391 = ADVANCED_FACE ( 'NONE', ( #8956, #4563 ), #6922, .F. ) ;
#9392 = ORIENTED_EDGE ( 'NONE', *, *, #6023, .F. ) ;
#9393 = VECTOR ( 'NONE', #5584, 39.37007874015748854 ) ;
#9394 = CARTESIAN_POINT ( 'NONE',  ( 2.593124999999999680, -0.4701796254713037637, 0.2599999999999999534 ) ) ;
#9395 = CARTESIAN_POINT ( 'NONE',  ( -2.546874999999995559, -0.5502869753213701642, 0.9499999999999999556 ) ) ;
#9396 = PLANE ( 'NONE',  #2900 ) ;
#9397 = CARTESIAN_POINT ( 'NONE',  ( -2.635183069698970204, 0.01216299788008460940, 0.5999999999999999778 ) ) ;
#9398 = CARTESIAN_POINT ( 'NONE',  ( -2.060750000000000082, 0.4764989774411177437, 0.1944947243515862401 ) ) ;
#9399 = EDGE_LOOP ( 'NONE', ( #6946, #7813, #6588, #4622, #3152, #4053, #780, #1858, #8311, #8299, #4380, #1284, #5955, #9067, #246, #6134, #7235, #1389, #6382, #9449, #1399, #8825 ) ) ;
#9400 = CARTESIAN_POINT ( 'NONE',  ( 2.125000000000000000, 0.000000000000000000, 0.000000000000000000 ) ) ;
#9401 = EDGE_LOOP ( 'NONE', ( #3125, #8570, #167, #5333 ) ) ;
#9402 = EDGE_LOOP ( 'NONE', ( #1186, #425, #8268, #9256, #520, #418, #7753, #8569, #6043 ) ) ;
#9403 = ADVANCED_FACE ( 'NONE', ( #9139 ), #1798, .F. ) ;
#9404 = EDGE_CURVE ( 'NONE', #8994, #8403, #2559, .T. ) ;
#9405 = ORIENTED_EDGE ( 'NONE', *, *, #6154, .T. ) ;
#9406 = DIRECTION ( 'NONE',  ( 0.000000000000000000, 0.000000000000000000, -1.000000000000000000 ) ) ;
#9407 = DIRECTION ( 'NONE',  ( -0.000000000000000000, 1.000000000000000000, -0.000000000000000000 ) ) ;
#9408 = CARTESIAN_POINT ( 'NONE',  ( 2.546874999999995559, -0.5502869753213698312, 0.4150000000000000910 ) ) ;
#9409 = DIRECTION ( 'NONE',  ( 0.000000000000000000, 0.000000000000000000, -1.000000000000000000 ) ) ;
#9410 = ORIENTED_EDGE ( 'NONE', *, *, #5538, .T. ) ;
#9411 = AXIS2_PLACEMENT_3D ( 'NONE', #5191, #1472, #5775 ) ;
#9412 = ORIENTED_EDGE ( 'NONE', *, *, #4630, .F. ) ;
#9413 = CARTESIAN_POINT ( 'NONE',  ( 1.697586126802562045, 0.09350439475598201766, 0.8404620568917900991 ) ) ;
#9414 = LINE ( 'NONE', #2260, #4229 ) ;
#9415 = ORIENTED_EDGE ( 'NONE', *, *, #1963, .T. ) ;
#9416 = EDGE_CURVE ( 'NONE', #6016, #5407, #3981, .T. ) ;
#9417 = ADVANCED_FACE ( 'NONE', ( #5468 ), #8429, .F. ) ;
#9418 = PLANE ( 'NONE',  #5942 ) ;
#9419 = CARTESIAN_POINT ( 'NONE',  ( 2.376618649053890753, -0.3451796254713022094, 0.9499999999999999556 ) ) ;
#9420 = DIRECTION ( 'NONE',  ( -0.8660254037844353769, 0.5000000000000056621, 0.000000000000000000 ) ) ;
#9421 = DIRECTION ( 'NONE',  ( 0.000000000000000000, 0.000000000000000000, -1.000000000000000000 ) ) ;
#9422 = DIRECTION ( 'NONE',  ( 0.000000000000000000, 0.000000000000000000, -1.000000000000000000 ) ) ;
#9423 = CARTESIAN_POINT ( 'NONE',  ( -2.812500000000023093, -0.09021097956089567382, 6.829619984160658046E-17 ) ) ;
#9424 = CARTESIAN_POINT ( 'NONE',  ( 2.223346062651749389, -0.4263122719359546120, 0.8160814793539353795 ) ) ;
#9425 = ORIENTED_EDGE ( 'NONE', *, *, #4367, .T. ) ;
#9426 = EDGE_LOOP ( 'NONE', ( #8437, #8205, #2733, #1411, #2314 ) ) ;
#9427 = CARTESIAN_POINT ( 'NONE',  ( 1.873381350946074386, -0.3451796254712989898, 0.9499999999999998446 ) ) ;
#9428 = AXIS2_PLACEMENT_3D ( 'NONE', #5363, #8284, #8951 ) ;
#9429 = DIRECTION ( 'NONE',  ( 0.8660254037844451469, -0.4999999999999888423, -0.000000000000000000 ) ) ;
#9430 = ORIENTED_EDGE ( 'NONE', *, *, #3735, .F. ) ;
#9431 = CARTESIAN_POINT ( 'NONE',  ( 0.000000000000000000, -0.2687500000000004885, 0.000000000000000000 ) ) ;
#9432 = CARTESIAN_POINT ( 'NONE',  ( 2.812500000000023093, -0.09021097956089567382, 0.6999999999999999556 ) ) ;
#9433 = DIRECTION ( 'NONE',  ( -0.2588190451025368932, 0.9659258262890638713, 0.000000000000000000 ) ) ;
#9434 = CARTESIAN_POINT ( 'NONE',  ( -2.546874999999995559, -0.5502869753213696091, 0.3525000000000004241 ) ) ;
#9435 = CIRCLE ( 'NONE', #5266, 0.2500000000000000555 ) ;
#9436 = VERTEX_POINT ( 'NONE', #897 ) ;
#9437 = DIRECTION ( 'NONE',  ( -0.000000000000000000, -0.000000000000000000, 1.000000000000000000 ) ) ;
#9438 = LINE ( 'NONE', #3517, #5299 ) ;
#9439 = CARTESIAN_POINT ( 'NONE',  ( 1.710327891682111856, 0.1394750607929389485, 0.4150000000000000910 ) ) ;
#9440 = CARTESIAN_POINT ( 'NONE',  ( -1.994375000000009557, 0.6404979548822627988, 0.2600000000000000089 ) ) ;
#9441 =( CONVERSION_BASED_UNIT ( 'INCH', #4908 ) LENGTH_UNIT ( ) NAMED_UNIT ( #1787 ) );
#9442 = EDGE_CURVE ( 'NONE', #9013, #7067, #8233, .T. ) ;
#9443 = ORIENTED_EDGE ( 'NONE', *, *, #667, .T. ) ;
#9444 = CARTESIAN_POINT ( 'NONE',  ( 0.000000000000000000, -0.1762500000000011557, 0.5324999999999976419 ) ) ;
#9445 = ORIENTED_EDGE ( 'NONE', *, *, #837, .F. ) ;
#9446 = B_SPLINE_CURVE_WITH_KNOTS ( 'NONE', 3,
 ( #3103, #1485, #8972, #4394 ),
 .UNSPECIFIED., .F., .F.,
 ( 4, 4 ),
 ( 0.000000000000000000, 0.001266630838601588271 ),
 .UNSPECIFIED. ) ;
#9447 = ORIENTED_EDGE ( 'NONE', *, *, #4631, .F. ) ;
#9448 = VECTOR ( 'NONE', #3934, 39.37007874015748854 ) ;
#9449 = ORIENTED_EDGE ( 'NONE', *, *, #8251, .F. ) ;
#9450 = DIRECTION ( 'NONE',  ( 0.000000000000000000, 0.000000000000000000, 1.000000000000000000 ) ) ;
#9451 = LINE ( 'NONE', #4296, #9088 ) ;
#9452 = CARTESIAN_POINT ( 'NONE',  ( 0.000000000000000000, -0.3012499999999982969, 0.000000000000000000 ) ) ;
#9453 = ADVANCED_FACE ( 'NONE', ( #177 ), #8516, .F. ) ;
#9454 = CYLINDRICAL_SURFACE ( 'NONE', #7212, 0.06425000000000000155 ) ;
#9455 = EDGE_CURVE ( 'NONE', #1904, #4736, #466, .T. ) ;
#9456 = ADVANCED_FACE ( 'NONE', ( #4075 ), #1847, .F. ) ;
#9457 = EDGE_LOOP ( 'NONE', ( #542, #7087, #8435, #5680 ) ) ;
#9458 =( GEOMETRIC_REPRESENTATION_CONTEXT ( 3 ) GLOBAL_UNCERTAINTY_ASSIGNED_CONTEXT ( ( #8596 ) ) GLOBAL_UNIT_ASSIGNED_CONTEXT ( ( #412, #6774, #6046 ) ) REPRESENTATION_CONTEXT ( 'NONE', 'WORKASPACE' ) );
#9459 = AXIS2_PLACEMENT_3D ( 'NONE', #8186, #8330, #6823 ) ;
#9460 = ORIENTED_EDGE ( 'NONE', *, *, #732, .T. ) ;
#9461 = CARTESIAN_POINT ( 'NONE',  ( -2.546874999999995559, -0.5502869753213698312, 0.4150000000000000910 ) ) ;
#9462 = DIRECTION ( 'NONE',  ( -0.000000000000000000, -0.000000000000000000, 1.000000000000000000 ) ) ;
#9463 = AXIS2_PLACEMENT_3D ( 'NONE', #5432, #3898, #4000 ) ;
#9464 = VECTOR ( 'NONE', #1218, 39.37007874015747433 ) ;
#9465 = AXIS2_PLACEMENT_3D ( 'NONE', #1366, #9472, #8755 ) ;
#9466 = DIRECTION ( 'NONE',  ( 0.8660254037844443697, -0.4999999999999902300, 1.639108796198557537E-15 ) ) ;
#9467 = CARTESIAN_POINT ( 'NONE',  ( -1.984375000000025979, 0.2790714234295686436, 0.2600000000000002309 ) ) ;
#9468 = DIRECTION ( 'NONE',  ( 0.000000000000000000, 0.000000000000000000, -1.000000000000000000 ) ) ;
#9469 = CARTESIAN_POINT ( 'NONE',  ( 2.812500000000023093, 0.6404979548822424817, 0.6642500000000000071 ) ) ;
#9470 = EDGE_CURVE ( 'NONE', #7834, #1630, #3213, .T. ) ;
#9471 = ADVANCED_FACE ( 'NONE', ( #7799, #4797, #5607, #6324, #9276, #9233 ), #7892, .F. ) ;
#9472 = DIRECTION ( 'NONE',  ( 0.000000000000000000, 0.000000000000000000, 1.000000000000000000 ) ) ;
#9473 = AXIS2_PLACEMENT_3D ( 'NONE', #1656, #7467, #4424 ) ;
#9474 = CARTESIAN_POINT ( 'NONE',  ( 0.000000000000000000, -0.1762500000000011557, 0.000000000000000000 ) ) ;
#9475 = ORIENTED_EDGE ( 'NONE', *, *, #5722, .F. ) ;
#9476 = EDGE_CURVE ( 'NONE', #6644, #271, #9190, .T. ) ;
#9477 = VERTEX_POINT ( 'NONE', #3360 ) ;
#9478 = CARTESIAN_POINT ( 'NONE',  ( -1.692380423954320090, 0.06589109416633751048, 0.3525000000000004241 ) ) ;
#9479 = CONICAL_SURFACE ( 'NONE', #8866, 0.5324999999999970868, 0.7853981633974367327 ) ;
#9480 = AXIS2_PLACEMENT_3D ( 'NONE', #1839, #6959, #3306 ) ;
#9481 = DIRECTION ( 'NONE',  ( -0.7071067811865482389, -0.7071067811865467956, -0.000000000000000000 ) ) ;
#9482 = ORIENTED_EDGE ( 'NONE', *, *, #6908, .T. ) ;
#9483 = CARTESIAN_POINT ( 'NONE',  ( 1.578107319008672071, -0.2687500000000004885, 0.2500000000000000555 ) ) ;
#9484 = DIRECTION ( 'NONE',  ( 0.000000000000000000, 0.000000000000000000, 1.000000000000000000 ) ) ;
#9485 = CARTESIAN_POINT ( 'NONE',  ( -2.436637236673755424, -0.02329951384549001914, 0.2509675856017752338 ) ) ;
#9486 = CIRCLE ( 'NONE', #4242, 0.01000000000000002276 ) ;
#9487 = CARTESIAN_POINT ( 'NONE',  ( -1.710044896886266708, 0.1386402690091525780, 0.7947191470558554460 ) ) ;
#9488 = VERTEX_POINT ( 'NONE', #8567 ) ;
#9489 = CARTESIAN_POINT ( 'NONE',  ( 0.000000000000000000, 0.3012499999999982969, 0.000000000000000000 ) ) ;
#9490 = CARTESIAN_POINT ( 'NONE',  ( 1.406249999999996003, -0.03608439182434083903, 0.4150000000000000910 ) ) ;
#9491 = CARTESIAN_POINT ( 'NONE',  ( 1.859375000000026645, 0.3904979548822720137, 0.9499999999999999556 ) ) ;
#9492 = LINE ( 'NONE', #7275, #3226 ) ;
#9493 = AXIS2_PLACEMENT_3D ( 'NONE', #7249, #3540, #6568 ) ;
#9494 = CARTESIAN_POINT ( 'NONE',  ( -2.438410726635508396, 0.6067516740937434205, 0.8254813800261058265 ) ) ;
#9495 = ORIENTED_EDGE ( 'NONE', *, *, #5809, .F. ) ;
#9496 = FACE_OUTER_BOUND ( 'NONE', #590, .T. ) ;
#9497 = EDGE_LOOP ( 'NONE', ( #4859, #7621, #4879, #2790 ) ) ;
ENDSEC;
END-ISO-10303-21;
