ISO-10303-21;
HEADER;
FILE_DESCRIPTION (( 'STEP AP214' ),
    '1' );
FILE_NAME ('tv_easel_TOP_ASSY.STEP',
    '2025-12-03T04:46:18',
    ( '' ),
    ( '' ),
    'SwSTEP 2.0',
    'SolidWorks 2022',
    '' );
FILE_SCHEMA (( 'AUTOMOTIVE_DESIGN' ));
ENDSEC;

DATA;
#1 = CIRCLE ( 'NONE', #1612, 0.1562499999999979461 ) ;
#2 = CARTESIAN_POINT ( 'NONE',  ( 12.75000000000000000, 28.49999999999999289, 2.730000000000003535 ) ) ;
#3 = FACE_OUTER_BOUND ( 'NONE', #11553, .T. ) ;
#4 = EDGE_LOOP ( 'NONE', ( #10675, #9062, #6548, #5098 ) ) ;
#5 = CARTESIAN_POINT ( 'NONE',  ( -11.00000000000000000, 30.50999999999998735, -1.124999999999997113 ) ) ;
#6 = DIRECTION ( 'NONE',  ( 0.000000000000000000, 0.000000000000000000, -1.000000000000000000 ) ) ;
#7 = AXIS2_PLACEMENT_3D ( 'NONE', #4878, #7785, #9749 ) ;
#8 = CARTESIAN_POINT ( 'NONE',  ( -11.99999999999999822, 42.50999999999999801, -0.9687499999999992228 ) ) ;
#9 = DIRECTION ( 'NONE',  ( 0.000000000000000000, -0.000000000000000000, 1.000000000000000000 ) ) ;
#10 = ORIENTED_EDGE ( 'NONE', *, *, #5367, .F. ) ;
#11 = EDGE_CURVE ( 'NONE', #4946, #968, #5495, .T. ) ;
#12 = DIRECTION ( 'NONE',  ( 0.000000000000000000, 0.000000000000000000, -1.000000000000000000 ) ) ;
#13 = CARTESIAN_POINT ( 'NONE',  ( -11.00000000000000000, 36.50999999999999091, -0.9687499999999992228 ) ) ;
#14 = CARTESIAN_POINT ( 'NONE',  ( -11.26000000000000156, 49.19999999999999574, -0.7499999999999940048 ) ) ;
#15 = ORIENTED_EDGE ( 'NONE', *, *, #3512, .T. ) ;
#16 = VERTEX_POINT ( 'NONE', #8443 ) ;
#17 = VERTEX_POINT ( 'NONE', #570 ) ;
#18 = UNCERTAINTY_MEASURE_WITH_UNIT (LENGTH_MEASURE( 1.000000000000000082E-05 ), #9115, 'distance_accuracy_value', 'NONE');
#19 = CARTESIAN_POINT ( 'NONE',  ( 3.219999999999996643, 55.50000000000000000, 0.000000000000000000 ) ) ;
#20 = ORIENTED_EDGE ( 'NONE', *, *, #3747, .T. ) ;
#21 = ORIENTED_EDGE ( 'NONE', *, *, #5058, .F. ) ;
#22 = LINE ( 'NONE', #10607, #5000 ) ;
#23 =( CONVERSION_BASED_UNIT ( 'INCH', #2915 ) LENGTH_UNIT ( ) NAMED_UNIT ( #1574 ) );
#24 = ORIENTED_EDGE ( 'NONE', *, *, #7682, .F. ) ;
#25 = EDGE_CURVE ( 'NONE', #10399, #1472, #11162, .T. ) ;
#26 = DIRECTION ( 'NONE',  ( -0.000000000000000000, -0.000000000000000000, -1.000000000000000000 ) ) ;
#27 = AXIS2_PLACEMENT_3D ( 'NONE', #6407, #4262, #488 ) ;
#28 = EDGE_CURVE ( 'NONE', #4881, #7159, #1523, .T. ) ;
#29 = CARTESIAN_POINT ( 'NONE',  ( -11.09798258926719683, 51.64260130612712629, -1.042086536765030047 ) ) ;
#30 = ORIENTED_EDGE ( 'NONE', *, *, #6517, .T. ) ;
#31 = DIRECTION ( 'NONE',  ( 0.000000000000000000, 0.000000000000000000, -1.000000000000000000 ) ) ;
#32 = VECTOR ( 'NONE', #10364, 39.37007874015748143 ) ;
#33 = VECTOR ( 'NONE', #7274, 39.37007874015748143 ) ;
#34 = ORIENTED_EDGE ( 'NONE', *, *, #11080, .T. ) ;
#35 = EDGE_LOOP ( 'NONE', ( #10196, #6820, #7536, #6050 ) ) ;
#36 = DIRECTION ( 'NONE',  ( 1.000000000000000000, 0.000000000000000000, -9.229216194811702461E-17 ) ) ;
#37 = DIRECTION ( 'NONE',  ( 0.000000000000000000, -0.000000000000000000, -1.000000000000000000 ) ) ;
#38 = ORIENTED_EDGE ( 'NONE', *, *, #8326, .T. ) ;
#39 = CARTESIAN_POINT ( 'NONE',  ( -11.99999999999999822, 35.00999999999999091, -1.124999999999997113 ) ) ;
#40 = EDGE_CURVE ( 'NONE', #11054, #1308, #3578, .T. ) ;
#41 = VERTEX_POINT ( 'NONE', #3462 ) ;
#42 = VECTOR ( 'NONE', #2221, 39.37007874015748143 ) ;
#43 = DIRECTION ( 'NONE',  ( 1.000000000000000000, -0.000000000000000000, -0.000000000000000000 ) ) ;
#44 = VECTOR ( 'NONE', #2917, 39.37007874015748143 ) ;
#45 = DIRECTION ( 'NONE',  ( 1.000000000000000000, -0.000000000000000000, -0.000000000000000000 ) ) ;
#46 = PRESENTATION_STYLE_ASSIGNMENT (( #9637 ) ) ;
#47 = ORIENTED_EDGE ( 'NONE', *, *, #10818, .T. ) ;
#48 = EDGE_CURVE ( 'NONE', #8776, #3464, #7314, .T. ) ;
#49 = AXIS2_PLACEMENT_3D ( 'NONE', #10215, #5426, #8307 ) ;
#50 = EDGE_CURVE ( 'NONE', #12241, #4843, #8210, .T. ) ;
#51 = VECTOR ( 'NONE', #1769, 39.37007874015748143 ) ;
#52 = FACE_BOUND ( 'NONE', #4241, .T. ) ;
#53 = DIRECTION ( 'NONE',  ( -0.000000000000000000, 0.000000000000000000, 1.000000000000000000 ) ) ;
#54 = ADVANCED_FACE ( 'NONE', ( #696 ), #5434, .F. ) ;
#55 = CARTESIAN_POINT ( 'NONE',  ( -11.99999999999999822, 59.18999999999999773, -1.500000000000000222 ) ) ;
#56 = LINE ( 'NONE', #3951, #874 ) ;
#57 = CARTESIAN_POINT ( 'NONE',  ( 11.99999999999999822, 10.75000000000000178, -0.7499999999999986677 ) ) ;
#58 = FACE_BOUND ( 'NONE', #12372, .T. ) ;
#59 = EDGE_LOOP ( 'NONE', ( #382, #11247, #7714, #8243 ) ) ;
#60 = VECTOR ( 'NONE', #5793, 39.37007874015748143 ) ;
#61 = DIRECTION ( 'NONE',  ( 0.000000000000000000, 0.000000000000000000, -1.000000000000000000 ) ) ;
#62 = AXIS2_PLACEMENT_3D ( 'NONE', #4827, #5846, #8672 ) ;
#63 = CARTESIAN_POINT ( 'NONE',  ( -6.000000000000002665, 54.75000000000000000, 0.000000000000000000 ) ) ;
#64 = FACE_BOUND ( 'NONE', #4684, .T. ) ;
#65 = EDGE_CURVE ( 'NONE', #4983, #3107, #166, .T. ) ;
#66 = EDGE_LOOP ( 'NONE', ( #5510, #8396, #1396, #9146 ) ) ;
#67 = DIRECTION ( 'NONE',  ( -0.000000000000000000, -1.000000000000000000, -0.000000000000000000 ) ) ;
#68 = AXIS2_PLACEMENT_3D ( 'NONE', #7657, #8841, #11494 ) ;
#69 = DIRECTION ( 'NONE',  ( 1.000000000000000000, 0.000000000000000000, 0.000000000000000000 ) ) ;
#70 = FACE_BOUND ( 'NONE', #11104, .T. ) ;
#71 = CARTESIAN_POINT ( 'NONE',  ( -11.26000000000000156, 51.69999999999999574, 0.000000000000000000 ) ) ;
#72 = VERTEX_POINT ( 'NONE', #4475 ) ;
#73 = LINE ( 'NONE', #254, #302 ) ;
#74 = LINE ( 'NONE', #5870, #1689 ) ;
#75 = EDGE_LOOP ( 'NONE', ( #2502, #10160, #4382, #4446 ) ) ;
#76 = EDGE_LOOP ( 'NONE', ( #10, #12308, #2096, #7014 ) ) ;
#77 = CIRCLE ( 'NONE', #7113, 0.1562499999999979461 ) ;
#78 = VERTEX_POINT ( 'NONE', #9711 ) ;
#79 = DIRECTION ( 'NONE',  ( -0.000000000000000000, -0.000000000000000000, 1.000000000000000000 ) ) ;
#80 = ORIENTED_EDGE ( 'NONE', *, *, #65, .F. ) ;
#81 = EDGE_CURVE ( 'NONE', #6221, #6976, #5921, .T. ) ;
#82 = ORIENTED_EDGE ( 'NONE', *, *, #11517, .F. ) ;
#83 = DIRECTION ( 'NONE',  ( -0.000000000000000000, 1.000000000000000000, -0.000000000000000000 ) ) ;
#84 = VECTOR ( 'NONE', #5308, 39.37007874015748143 ) ;
#85 = CARTESIAN_POINT ( 'NONE',  ( -22.06250000000002132, 21.22999999999999687, -0.7499999999999974465 ) ) ;
#86 = EDGE_LOOP ( 'NONE', ( #4857, #4498 ) ) ;
#87 = DIRECTION ( 'NONE',  ( 1.000000000000000000, 0.000000000000000000, 0.000000000000000000 ) ) ;
#88 = FACE_OUTER_BOUND ( 'NONE', #76, .T. ) ;
#89 = VERTEX_POINT ( 'NONE', #63 ) ;
#90 = DIRECTION ( 'NONE',  ( 1.000000000000000000, 0.000000000000000000, 0.000000000000000000 ) ) ;
#91 = VECTOR ( 'NONE', #8628, 39.37007874015748143 ) ;
#92 = EDGE_CURVE ( 'NONE', #2051, #1350, #1784, .T. ) ;
#93 = EDGE_CURVE ( 'NONE', #12240, #5111, #3836, .T. ) ;
#94 = EDGE_LOOP ( 'NONE', ( #7250, #6317, #9170, #11546 ) ) ;
#95 = VERTEX_POINT ( 'NONE', #1832 ) ;
#96 = CARTESIAN_POINT ( 'NONE',  ( -3.220000000000002416, 25.01999999999998181, 0.000000000000000000 ) ) ;
#97 = AXIS2_PLACEMENT_3D ( 'NONE', #12232, #5631, #3600 ) ;
#98 = CARTESIAN_POINT ( 'NONE',  ( 11.00000000000000000, 32.00999999999999091, -1.124999999999997113 ) ) ;
#99 = EDGE_LOOP ( 'NONE', ( #223, #12224, #5577, #10944 ) ) ;
#100 =( GEOMETRIC_REPRESENTATION_CONTEXT ( 3 ) GLOBAL_UNCERTAINTY_ASSIGNED_CONTEXT ( ( #9478 ) ) GLOBAL_UNIT_ASSIGNED_CONTEXT ( ( #8040, #4381, #9174 ) ) REPRESENTATION_CONTEXT ( 'NONE', 'WORKASPACE' ) );
#101 = DIRECTION ( 'NONE',  ( 0.000000000000000000, -1.000000000000000000, 0.000000000000000000 ) ) ;
#102 = ORIENTED_EDGE ( 'NONE', *, *, #5274, .F. ) ;
#103 = PLANE ( 'NONE',  #1937 ) ;
#104 = FACE_OUTER_BOUND ( 'NONE', #4070, .T. ) ;
#105 = CARTESIAN_POINT ( 'NONE',  ( 11.99999999999999822, 3.750000000000000888, 0.000000000000000000 ) ) ;
#106 = PLANE ( 'NONE',  #2996 ) ;
#107 = CIRCLE ( 'NONE', #8360, 0.1562499999999957812 ) ;
#108 = STYLED_ITEM ( 'NONE', ( #702 ), #5381 ) ;
#109 = EDGE_CURVE ( 'NONE', #11122, #11973, #5404, .T. ) ;
#110 = ORIENTED_EDGE ( 'NONE', *, *, #8818, .F. ) ;
#111 = DIRECTION ( 'NONE',  ( 0.000000000000000000, 0.000000000000000000, 1.000000000000000000 ) ) ;
#112 = LINE ( 'NONE', #10885, #4044 ) ;
#113 = CARTESIAN_POINT ( 'NONE',  ( 12.75000000000000000, 32.00999999999999091, -1.124999999999997113 ) ) ;
#114 = AXIS2_PLACEMENT_3D ( 'NONE', #3998, #43, #3057 ) ;
#115 = LINE ( 'NONE', #10458, #1473 ) ;
#116 = DIRECTION ( 'NONE',  ( 1.000000000000000000, 0.000000000000000000, 0.000000000000000000 ) ) ;
#117 = DIRECTION ( 'NONE',  ( -0.000000000000000000, -0.000000000000000000, -1.000000000000000000 ) ) ;
#118 = EDGE_LOOP ( 'NONE', ( #8328, #1688, #7967, #9383 ) ) ;
#119 = CARTESIAN_POINT ( 'NONE',  ( 11.99999999999999822, 51.50999999999999091, -1.124999999999997113 ) ) ;
#120 = EDGE_CURVE ( 'NONE', #545, #3677, #3896, .T. ) ;
#121 = PLANE ( 'NONE',  #8827 ) ;
#122 = DIRECTION ( 'NONE',  ( -1.000000000000000000, 0.000000000000000000, 0.000000000000000000 ) ) ;
#123 = EDGE_CURVE ( 'NONE', #6708, #9033, #4782, .T. ) ;
#124 = VECTOR ( 'NONE', #2761, 39.37007874015748143 ) ;
#125 = ORIENTED_EDGE ( 'NONE', *, *, #1724, .F. ) ;
#126 = CARTESIAN_POINT ( 'NONE',  ( 11.43185000000000251, 11.24000000000000199, -1.500000000000000222 ) ) ;
#127 = DIRECTION ( 'NONE',  ( 0.000000000000000000, 0.000000000000000000, 1.000000000000000000 ) ) ;
#128 = LINE ( 'NONE', #2206, #8159 ) ;
#129 = FACE_OUTER_BOUND ( 'NONE', #10941, .T. ) ;
#130 = DIRECTION ( 'NONE',  ( 1.000000000000000000, 0.000000000000000000, 0.000000000000000000 ) ) ;
#131 = CARTESIAN_POINT ( 'NONE',  ( 11.43185000000000251, 13.74000000000000199, -1.500000000000000222 ) ) ;
#132 = DIRECTION ( 'NONE',  ( 1.000000000000000000, -0.000000000000000000, -0.000000000000000000 ) ) ;
#133 = VERTEX_POINT ( 'NONE', #10586 ) ;
#134 = AXIS2_PLACEMENT_3D ( 'NONE', #12340, #9646, #12400 ) ;
#135 = ADVANCED_FACE ( 'NONE', ( #9649 ), #3014, .F. ) ;
#136 = VERTEX_POINT ( 'NONE', #8753 ) ;
#137 = VERTEX_POINT ( 'NONE', #4904 ) ;
#138 = UNCERTAINTY_MEASURE_WITH_UNIT (LENGTH_MEASURE( 1.000000000000000082E-05 ), #9100, 'distance_accuracy_value', 'NONE');
#139 = LINE ( 'NONE', #259, #2694 ) ;
#140 = EDGE_LOOP ( 'NONE', ( #11665, #12217, #281, #6804 ) ) ;
#141 = ORIENTED_EDGE ( 'NONE', *, *, #10192, .T. ) ;
#142 = DIRECTION ( 'NONE',  ( 1.000000000000000000, 0.000000000000000000, 0.000000000000000000 ) ) ;
#143 = CIRCLE ( 'NONE', #12403, 0.1562499999999978073 ) ;
#144 = CARTESIAN_POINT ( 'NONE',  ( 10.51999999999999247, 3.000000000000003109, 8.589666975669972615 ) ) ;
#145 = ORIENTED_EDGE ( 'NONE', *, *, #3425, .T. ) ;
#146 = PLANE ( 'NONE',  #3058 ) ;
#147 = DIRECTION ( 'NONE',  ( 0.000000000000000000, 0.000000000000000000, -1.000000000000000000 ) ) ;
#148 = CARTESIAN_POINT ( 'NONE',  ( -11.10437060024147371, 51.62695266076408984, -1.021192874459652566 ) ) ;
#149 = ORIENTED_EDGE ( 'NONE', *, *, #12183, .F. ) ;
#150 = EDGE_CURVE ( 'NONE', #6221, #10099, #7566, .T. ) ;
#151 = CARTESIAN_POINT ( 'NONE',  ( -12.00000000000000355, 3.750000000000000888, 8.589666975669972615 ) ) ;
#152 = VECTOR ( 'NONE', #10105, 39.37007874015748143 ) ;
#153 =( NAMED_UNIT ( * ) PLANE_ANGLE_UNIT ( ) SI_UNIT ( $, .RADIAN. ) );
#154 = EDGE_LOOP ( 'NONE', ( #8526, #7202, #4762, #11088 ) ) ;
#155 = FILL_AREA_STYLE ('',( #937 ) ) ;
#156 = CARTESIAN_POINT ( 'NONE',  ( -3.220000000000002416, 29.24999999999999289, -0.7499999999999998890 ) ) ;
#157 = AXIS2_PLACEMENT_3D ( 'NONE', #10137, #10012, #422 ) ;
#158 = ORIENTED_EDGE ( 'NONE', *, *, #951, .F. ) ;
#159 = CARTESIAN_POINT ( 'NONE',  ( 10.51999999999999957, 3.750000000000000000, -8.612199694973096342 ) ) ;
#160 = ORIENTED_EDGE ( 'NONE', *, *, #7850, .F. ) ;
#161 = EDGE_CURVE ( 'NONE', #8953, #11194, #4395, .T. ) ;
#162 = CYLINDRICAL_SURFACE ( 'NONE', #114, 0.1562499999999979461 ) ;
#163 = EDGE_CURVE ( 'NONE', #1311, #3340, #11586, .T. ) ;
#164 =( NAMED_UNIT ( * ) PLANE_ANGLE_UNIT ( ) SI_UNIT ( $, .RADIAN. ) );
#165 = FILL_AREA_STYLE_COLOUR ( '', #11136 ) ;
#166 = CIRCLE ( 'NONE', #10828, 0.1562499999999979461 ) ;
#167 = CYLINDRICAL_SURFACE ( 'NONE', #2400, 0.1562499999999957812 ) ;
#168 = DIRECTION ( 'NONE',  ( 1.000000000000000000, 0.000000000000000000, 0.000000000000000000 ) ) ;
#169 = ORIENTED_EDGE ( 'NONE', *, *, #5606, .T. ) ;
#170 = FACE_BOUND ( 'NONE', #9018, .T. ) ;
#171 =( NAMED_UNIT ( * ) SI_UNIT ( $, .STERADIAN. ) SOLID_ANGLE_UNIT ( ) );
#172 = CARTESIAN_POINT ( 'NONE',  ( 12.75000000000000000, 29.25000000000000000, 2.730000000000003535 ) ) ;
#173 = AXIS2_PLACEMENT_3D ( 'NONE', #9735, #3160, #9796 ) ;
#174 = FACE_OUTER_BOUND ( 'NONE', #620, .T. ) ;
#175 = LINE ( 'NONE', #4201, #2670 ) ;
#176 = ADVANCED_FACE ( 'NONE', ( #10707 ), #6618, .F. ) ;
#177 = CARTESIAN_POINT ( 'NONE',  ( -11.00000000000000000, 47.00999999999999091, -1.124999999999997113 ) ) ;
#178 = ADVANCED_FACE ( 'NONE', ( #10645 ), #121, .F. ) ;
#179 = DIRECTION ( 'NONE',  ( -1.000000000000000000, 0.000000000000000000, 0.000000000000000000 ) ) ;
#180 = ORIENTED_EDGE ( 'NONE', *, *, #633, .F. ) ;
#181 = CARTESIAN_POINT ( 'NONE',  ( 11.26000000000000156, 51.69999999999999574, -0.7499999999999936717 ) ) ;
#182 = CARTESIAN_POINT ( 'NONE',  ( -11.00000000000000000, 38.00999999999999091, -1.124999999999997113 ) ) ;
#183 = CARTESIAN_POINT ( 'NONE',  ( 12.75000000000000000, 36.50999999999999091, -1.124999999999997113 ) ) ;
#184 = VECTOR ( 'NONE', #454, 39.37007874015748143 ) ;
#185 = STYLED_ITEM ( 'NONE', ( #46 ), #544 ) ;
#186 = ORIENTED_EDGE ( 'NONE', *, *, #358, .F. ) ;
#187 = CARTESIAN_POINT ( 'NONE',  ( 0.000000000000000000, 59.18999999999999773, 0.000000000000000000 ) ) ;
#188 = DIRECTION ( 'NONE',  ( 1.000000000000000000, -0.000000000000000000, -0.000000000000000000 ) ) ;
#189 = DIMENSIONAL_EXPONENTS ( 1.000000000000000000, 0.000000000000000000, 0.000000000000000000, 0.000000000000000000, 0.000000000000000000, 0.000000000000000000, 0.000000000000000000 ) ;
#190 = PLANE ( 'NONE',  #5550 ) ;
#191 = CYLINDRICAL_SURFACE ( 'NONE', #244, 0.1718500000000005301 ) ;
#192 = DIRECTION ( 'NONE',  ( 1.000000000000000000, 0.000000000000000000, 0.000000000000000000 ) ) ;
#193 = CIRCLE ( 'NONE', #202, 0.1562499999999993339 ) ;
#194 = ADVANCED_FACE ( 'NONE', ( #8811 ), #1892, .F. ) ;
#195 = CARTESIAN_POINT ( 'NONE',  ( -11.99999999999999822, 36.50999999999999091, -1.124999999999997113 ) ) ;
#196 = ORIENTED_EDGE ( 'NONE', *, *, #2185, .F. ) ;
#197 = ORIENTED_EDGE ( 'NONE', *, *, #318, .F. ) ;
#198 = EDGE_LOOP ( 'NONE', ( #5327, #2226, #4816, #10687 ) ) ;
#199 = CARTESIAN_POINT ( 'NONE',  ( -3.220000000000002416, 25.01999999999998181, 0.000000000000000000 ) ) ;
#200 = VERTEX_POINT ( 'NONE', #7810 ) ;
#201 = ORIENTED_EDGE ( 'NONE', *, *, #9367, .F. ) ;
#202 = AXIS2_PLACEMENT_3D ( 'NONE', #1510, #11209, #6423 ) ;
#203 = CARTESIAN_POINT ( 'NONE',  ( -11.26000000000000156, 24.21999999999999531, -2.250000000000000444 ) ) ;
#204 = ADVANCED_FACE ( 'NONE', ( #1132 ), #5678, .F. ) ;
#205 = EDGE_CURVE ( 'NONE', #631, #1981, #9841, .T. ) ;
#206 = PLANE ( 'NONE',  #7598 ) ;
#207 = DIRECTION ( 'NONE',  ( 0.000000000000000000, 0.000000000000000000, -1.000000000000000000 ) ) ;
#208 = ORIENTED_EDGE ( 'NONE', *, *, #6480, .T. ) ;
#209 = DIRECTION ( 'NONE',  ( -0.000000000000000000, -0.000000000000000000, -1.000000000000000000 ) ) ;
#210 = CARTESIAN_POINT ( 'NONE',  ( -0.3750000000000027200, 69.23000000000000398, 0.000000000000000000 ) ) ;
#211 = EDGE_CURVE ( 'NONE', #5607, #3053, #10340, .T. ) ;
#212 = CARTESIAN_POINT ( 'NONE',  ( 12.75000000000000000, 51.50999999999999091, -1.281249999999994893 ) ) ;
#213 = ORIENTED_EDGE ( 'NONE', *, *, #8445, .F. ) ;
#214 = FACE_OUTER_BOUND ( 'NONE', #2116, .T. ) ;
#215 = ORIENTED_EDGE ( 'NONE', *, *, #9067, .F. ) ;
#216 = AXIS2_PLACEMENT_3D ( 'NONE', #668, #8604, #3688 ) ;
#217 = SURFACE_STYLE_USAGE ( .BOTH. , #8847 ) ;
#218 = VERTEX_POINT ( 'NONE', #1257 ) ;
#219 = CARTESIAN_POINT ( 'NONE',  ( -10.51999999999999957, 24.70999999999999730, -1.500000000000000222 ) ) ;
#220 = ADVANCED_FACE ( 'NONE', ( #1381 ), #4018, .F. ) ;
#221 = PLANE ( 'NONE',  #6046 ) ;
#222 =( NAMED_UNIT ( * ) SI_UNIT ( $, .STERADIAN. ) SOLID_ANGLE_UNIT ( ) );
#223 = ORIENTED_EDGE ( 'NONE', *, *, #2466, .F. ) ;
#224 = CARTESIAN_POINT ( 'NONE',  ( 11.08815000000000062, 21.71999999999999886, -1.499999999999997113 ) ) ;
#225 = ORIENTED_EDGE ( 'NONE', *, *, #10753, .T. ) ;
#226 = DIRECTION ( 'NONE',  ( 0.000000000000000000, 1.000000000000000000, 0.000000000000000000 ) ) ;
#227 = PLANE ( 'NONE',  #11216 ) ;
#228 =( NAMED_UNIT ( * ) PLANE_ANGLE_UNIT ( ) SI_UNIT ( $, .RADIAN. ) );
#229 = DIRECTION ( 'NONE',  ( 0.000000000000000000, 1.000000000000000000, -0.000000000000000000 ) ) ;
#230 = ORIENTED_EDGE ( 'NONE', *, *, #7749, .F. ) ;
#231 = EDGE_CURVE ( 'NONE', #3073, #3398, #11833, .T. ) ;
#232 = FACE_BOUND ( 'NONE', #6958, .T. ) ;
#233 = CARTESIAN_POINT ( 'NONE',  ( 11.08815000000000062, 24.21999999999999531, 0.000000000000000000 ) ) ;
#234 = ORIENTED_EDGE ( 'NONE', *, *, #6858, .T. ) ;
#235 = DIRECTION ( 'NONE',  ( -1.000000000000000000, 0.000000000000000000, 0.000000000000000000 ) ) ;
#236 = VECTOR ( 'NONE', #7788, 39.37007874015748143 ) ;
#237 = DIRECTION ( 'NONE',  ( 1.000000000000000000, 0.000000000000000000, 0.000000000000000000 ) ) ;
#238 = DIRECTION ( 'NONE',  ( -0.000000000000000000, -1.000000000000000000, -0.000000000000000000 ) ) ;
#239 = FACE_OUTER_BOUND ( 'NONE', #2559, .T. ) ;
#240 = CARTESIAN_POINT ( 'NONE',  ( -10.51999999999999957, 3.750000000000000888, 8.589666975669972615 ) ) ;
#241 = EDGE_LOOP ( 'NONE', ( #5357, #9346, #9632, #8158 ) ) ;
#242 = PLANE ( 'NONE',  #4683 ) ;
#243 = CARTESIAN_POINT ( 'NONE',  ( 11.26000000000000156, 13.74000000000000199, -1.500000000000000222 ) ) ;
#244 = AXIS2_PLACEMENT_3D ( 'NONE', #8128, #4026, #4088 ) ;
#245 = DIRECTION ( 'NONE',  ( 0.000000000000000000, -0.000000000000000000, 1.000000000000000000 ) ) ;
#246 = VECTOR ( 'NONE', #10734, 39.37007874015748143 ) ;
#247 = ORIENTED_EDGE ( 'NONE', *, *, #6860, .F. ) ;
#248 = ADVANCED_FACE ( 'NONE', ( #3205 ), #5031, .F. ) ;
#249 = CARTESIAN_POINT ( 'NONE',  ( -11.99999999999999822, 30.50999999999998735, -0.9687499999999992228 ) ) ;
#250 = LINE ( 'NONE', #9842, #9882 ) ;
#251 = CARTESIAN_POINT ( 'NONE',  ( -10.51999999999999957, 23.42285330012234468, -2.249999999999996891 ) ) ;
#252 = AXIS2_PLACEMENT_3D ( 'NONE', #10016, #1375, #9059 ) ;
#253 = LINE ( 'NONE', #1388, #6691 ) ;
#254 = CARTESIAN_POINT ( 'NONE',  ( 11.99999999999999822, 59.18999999999999773, -2.250000000000000444 ) ) ;
#255 = AXIS2_PLACEMENT_3D ( 'NONE', #9896, #5859, #5920 ) ;
#256 = DIRECTION ( 'NONE',  ( 1.000000000000000000, 0.000000000000000000, 0.000000000000000000 ) ) ;
#257 = ORIENTED_EDGE ( 'NONE', *, *, #10776, .T. ) ;
#258 = ORIENTED_EDGE ( 'NONE', *, *, #10863, .F. ) ;
#259 = CARTESIAN_POINT ( 'NONE',  ( 12.75000000000000000, 42.50999999999999801, -1.281249999999994893 ) ) ;
#260 = AXIS2_PLACEMENT_3D ( 'NONE', #7581, #2533, #12296 ) ;
#261 = VERTEX_POINT ( 'NONE', #11705 ) ;
#262 = EDGE_CURVE ( 'NONE', #5314, #2037, #1586, .T. ) ;
#263 = CARTESIAN_POINT ( 'NONE',  ( -6.000000000000002665, 55.50000000000000000, 2.730000000000007088 ) ) ;
#264 = DIRECTION ( 'NONE',  ( 1.000000000000000000, 0.000000000000000000, 0.000000000000000000 ) ) ;
#265 = DIRECTION ( 'NONE',  ( 1.000000000000000000, 0.000000000000000000, 0.000000000000000000 ) ) ;
#266 = EDGE_LOOP ( 'NONE', ( #7031, #3221 ) ) ;
#267 = CARTESIAN_POINT ( 'NONE',  ( -11.99999999999999822, 59.18999999999999773, -0.7500000000000001110 ) ) ;
#268 = CARTESIAN_POINT ( 'NONE',  ( -11.00000000000000000, 29.00999999999999091, -1.124999999999997113 ) ) ;
#269 = CARTESIAN_POINT ( 'NONE',  ( -12.75000000000000355, 28.49999999999998579, -2.250000000000000444 ) ) ;
#270 = ORIENTED_EDGE ( 'NONE', *, *, #11905, .T. ) ;
#271 = VECTOR ( 'NONE', #7703, 39.37007874015748143 ) ;
#272 = FACE_BOUND ( 'NONE', #744, .T. ) ;
#273 = VERTEX_POINT ( 'NONE', #2140 ) ;
#274 = ADVANCED_FACE ( 'NONE', ( #1440 ), #5094, .F. ) ;
#275 = ORIENTED_EDGE ( 'NONE', *, *, #10679, .F. ) ;
#276 = ADVANCED_FACE ( 'NONE', ( #8120 ), #11893, .F. ) ;
#277 = DIRECTION ( 'NONE',  ( 1.000000000000000000, 0.000000000000000000, 0.000000000000000000 ) ) ;
#278 = AXIS2_PLACEMENT_3D ( 'NONE', #8194, #5041, #2333 ) ;
#279 = DIRECTION ( 'NONE',  ( 0.000000000000000000, 0.000000000000000000, -1.000000000000000000 ) ) ;
#280 = DIRECTION ( 'NONE',  ( 0.000000000000000000, 0.000000000000000000, -1.000000000000000000 ) ) ;
#281 = ORIENTED_EDGE ( 'NONE', *, *, #11835, .T. ) ;
#282 = CARTESIAN_POINT ( 'NONE',  ( -12.75000000000000000, 57.50999999999999091, -1.124999999999997113 ) ) ;
#283 = EDGE_LOOP ( 'NONE', ( #6648, #2850 ) ) ;
#284 = CARTESIAN_POINT ( 'NONE',  ( 11.00000000000000000, 57.50999999999999091, -0.9687499999999992228 ) ) ;
#285 =( CONVERSION_BASED_UNIT ( 'INCH', #5206 ) LENGTH_UNIT ( ) NAMED_UNIT ( #8331 ) );
#286 = VECTOR ( 'NONE', #2462, 39.37007874015748143 ) ;
#287 = SURFACE_STYLE_USAGE ( .BOTH. , #2937 ) ;
#288 = EDGE_CURVE ( 'NONE', #7658, #6725, #10049, .T. ) ;
#289 = CARTESIAN_POINT ( 'NONE',  ( 10.51999999999999957, 48.71000000000000085, -1.500000000000000222 ) ) ;
#290 = ORIENTED_EDGE ( 'NONE', *, *, #2964, .F. ) ;
#291 = VECTOR ( 'NONE', #5525, 39.37007874015748143 ) ;
#292 = FACE_OUTER_BOUND ( 'NONE', #8512, .T. ) ;
#293 = VECTOR ( 'NONE', #8878, 39.37007874015748143 ) ;
#294 = LINE ( 'NONE', #233, #3173 ) ;
#295 = ORIENTED_EDGE ( 'NONE', *, *, #7523, .T. ) ;
#296 = CARTESIAN_POINT ( 'NONE',  ( -11.00000000000000000, 50.00999999999999091, -1.124999999999997113 ) ) ;
#297 = CARTESIAN_POINT ( 'NONE',  ( 12.75000000000000000, 29.25000000000000000, 2.730000000000003535 ) ) ;
#298 = LINE ( 'NONE', #4012, #8911 ) ;
#299 = FACE_OUTER_BOUND ( 'NONE', #118, .T. ) ;
#300 = CYLINDRICAL_SURFACE ( 'NONE', #10210, 0.1718500000000005301 ) ;
#301 = EDGE_LOOP ( 'NONE', ( #6556, #2664, #3531, #10225 ) ) ;
#302 = VECTOR ( 'NONE', #2149, 39.37007874015748143 ) ;
#303 = CARTESIAN_POINT ( 'NONE',  ( 12.75000000000000000, 26.00999999999999091, -0.9687499999999992228 ) ) ;
#304 = AXIS2_PLACEMENT_3D ( 'NONE', #5037, #5805, #6866 ) ;
#305 = EDGE_CURVE ( 'NONE', #2447, #9116, #374, .T. ) ;
#306 = LINE ( 'NONE', #10831, #5814 ) ;
#307 = CARTESIAN_POINT ( 'NONE',  ( 11.37549719631393330, 51.57258320007312591, -0.9817599749386823893 ) ) ;
#308 = ORIENTED_EDGE ( 'NONE', *, *, #7277, .F. ) ;
#309 = CARTESIAN_POINT ( 'NONE',  ( -11.99999999999999822, 59.18999999999999773, -1.500000000000000222 ) ) ;
#310 = AXIS2_PLACEMENT_3D ( 'NONE', #9955, #5155, #8997 ) ;
#311 = AXIS2_PLACEMENT_3D ( 'NONE', #942, #5022, #4776 ) ;
#312 = DIRECTION ( 'NONE',  ( 0.000000000000000000, 0.000000000000000000, -1.000000000000000000 ) ) ;
#313 = DIRECTION ( 'NONE',  ( 0.000000000000000000, 0.000000000000000000, 1.000000000000000000 ) ) ;
#314 = DIRECTION ( 'NONE',  ( -0.000000000000000000, -0.000000000000000000, -1.000000000000000000 ) ) ;
#315 = CARTESIAN_POINT ( 'NONE',  ( -11.26000000000000156, 13.74000000000000199, 0.000000000000000000 ) ) ;
#316 = CYLINDRICAL_SURFACE ( 'NONE', #677, 0.1562499999999978073 ) ;
#317 = ORIENTED_EDGE ( 'NONE', *, *, #6947, .F. ) ;
#318 = EDGE_CURVE ( 'NONE', #11694, #12240, #9836, .T. ) ;
#319 = EDGE_LOOP ( 'NONE', ( #1147, #11663, #9022, #2762 ) ) ;
#320 = ADVANCED_FACE ( 'NONE', ( #3325 ), #7936, .F. ) ;
#321 = VECTOR ( 'NONE', #3628, 39.37007874015748143 ) ;
#322 = EDGE_LOOP ( 'NONE', ( #6311, #3365 ) ) ;
#323 = CARTESIAN_POINT ( 'NONE',  ( 1.739999999999997327, 29.24999999999999289, 0.000000000000000000 ) ) ;
#324 = ORIENTED_EDGE ( 'NONE', *, *, #8228, .F. ) ;
#325 = DIRECTION ( 'NONE',  ( 0.000000000000000000, 0.000000000000000000, 1.000000000000000000 ) ) ;
#326 = CARTESIAN_POINT ( 'NONE',  ( 11.20678178903005318, 51.53604496236538779, -1.279096764675315967 ) ) ;
#327 = VECTOR ( 'NONE', #10398, 39.37007874015748143 ) ;
#328 = FACE_OUTER_BOUND ( 'NONE', #619, .T. ) ;
#329 = ORIENTED_EDGE ( 'NONE', *, *, #8614, .F. ) ;
#330 = CARTESIAN_POINT ( 'NONE',  ( 12.75000000000000000, 35.00999999999999091, -1.281249999999994893 ) ) ;
#331 = CARTESIAN_POINT ( 'NONE',  ( 1.739999999999997327, 22.51999999999998181, -0.7500000000000001110 ) ) ;
#332 = LINE ( 'NONE', #11802, #4085 ) ;
#333 = ORIENTED_EDGE ( 'NONE', *, *, #3222, .T. ) ;
#334 = CARTESIAN_POINT ( 'NONE',  ( -11.00000000000000000, 42.50999999999999801, -1.124999999999997113 ) ) ;
#335 = ORIENTED_EDGE ( 'NONE', *, *, #5677, .T. ) ;
#336 = EDGE_CURVE ( 'NONE', #6456, #5436, #6113, .T. ) ;
#337 = CARTESIAN_POINT ( 'NONE',  ( -11.99999999999999822, 42.50999999999999801, -1.281249999999994893 ) ) ;
#338 = CIRCLE ( 'NONE', #7386, 0.1718500000000005301 ) ;
#339 = VERTEX_POINT ( 'NONE', #9897 ) ;
#340 = CARTESIAN_POINT ( 'NONE',  ( 11.99999999999999822, 52.18999999999999773, -0.7499999999999936717 ) ) ;
#341 = CARTESIAN_POINT ( 'NONE',  ( 12.75000000000000000, 29.25000000000000000, 0.000000000000000000 ) ) ;
#342 = DIRECTION ( 'NONE',  ( 1.000000000000000000, 0.000000000000000000, 0.000000000000000000 ) ) ;
#343 = EDGE_CURVE ( 'NONE', #10662, #628, #4206, .T. ) ;
#344 = ORIENTED_EDGE ( 'NONE', *, *, #2240, .F. ) ;
#345 = DIRECTION ( 'NONE',  ( 0.000000000000000000, -1.570027582565667972E-16, 1.000000000000000000 ) ) ;
#346 = ORIENTED_EDGE ( 'NONE', *, *, #120, .F. ) ;
#347 = AXIS2_PLACEMENT_3D ( 'NONE', #1549, #4441, #12066 ) ;
#348 = DIRECTION ( 'NONE',  ( 1.000000000000000000, 0.000000000000000000, 0.000000000000000000 ) ) ;
#349 = EDGE_CURVE ( 'NONE', #3339, #5389, #306, .T. ) ;
#350 = DIRECTION ( 'NONE',  ( 1.000000000000000000, 0.000000000000000000, -0.000000000000000000 ) ) ;
#351 = CARTESIAN_POINT ( 'NONE',  ( 10.51999999999999957, 14.23000000000000220, -1.500000000000000222 ) ) ;
#352 = EDGE_LOOP ( 'NONE', ( #11353, #5394, #4981, #10433 ) ) ;
#353 = DIMENSIONAL_EXPONENTS ( 1.000000000000000000, 0.000000000000000000, 0.000000000000000000, 0.000000000000000000, 0.000000000000000000, 0.000000000000000000, 0.000000000000000000 ) ;
#354 = AXIS2_PLACEMENT_3D ( 'NONE', #4195, #4324, #3254 ) ;
#355 = CARTESIAN_POINT ( 'NONE',  ( 11.99999999999999822, 59.18999999999999773, -1.500000000000000222 ) ) ;
#356 = EDGE_CURVE ( 'NONE', #11897, #78, #3392, .T. ) ;
#357 = PRESENTATION_STYLE_ASSIGNMENT (( #8990 ) ) ;
#358 = EDGE_CURVE ( 'NONE', #797, #1398, #5621, .T. ) ;
#359 = VERTEX_POINT ( 'NONE', #5160 ) ;
#360 = CARTESIAN_POINT ( 'NONE',  ( 12.75000000000000000, 45.50999999999999091, -0.9687500000000012212 ) ) ;
#361 = LINE ( 'NONE', #11886, #1734 ) ;
#362 = CARTESIAN_POINT ( 'NONE',  ( -3.220000000000002416, 25.01999999999998181, 0.000000000000000000 ) ) ;
#363 = DIRECTION ( 'NONE',  ( 0.000000000000000000, -0.000000000000000000, 1.000000000000000000 ) ) ;
#364 = CARTESIAN_POINT ( 'NONE',  ( -11.00000000000000000, 44.00999999999999801, -1.124999999999997113 ) ) ;
#365 = EDGE_CURVE ( 'NONE', #6633, #2871, #5413, .T. ) ;
#366 = FACE_OUTER_BOUND ( 'NONE', #4584, .T. ) ;
#367 = ORIENTED_EDGE ( 'NONE', *, *, #8902, .T. ) ;
#368 = CLOSED_SHELL ( 'NONE', ( #11569, #7587, #2863, #2213, #2591, #5024 ) ) ;
#369 = DIRECTION ( 'NONE',  ( -1.000000000000000000, -0.000000000000000000, -0.000000000000000000 ) ) ;
#370 = DIRECTION ( 'NONE',  ( 0.000000000000000000, 0.000000000000000000, -1.000000000000000000 ) ) ;
#371 = CARTESIAN_POINT ( 'NONE',  ( 1.739999999999997327, 29.24999999999999289, 0.000000000000000000 ) ) ;
#372 = ORIENTED_EDGE ( 'NONE', *, *, #10539, .F. ) ;
#373 = DIRECTION ( 'NONE',  ( 0.000000000000000000, 1.000000000000000000, 0.000000000000000000 ) ) ;
#374 = CIRCLE ( 'NONE', #4190, 0.1015624999999996114 ) ;
#375 = ADVANCED_FACE ( 'NONE', ( #10023 ), #556, .F. ) ;
#376 = CARTESIAN_POINT ( 'NONE',  ( -11.99999999999999822, 52.18999999999999773, -0.7499999999999936717 ) ) ;
#377 = CARTESIAN_POINT ( 'NONE',  ( -12.75000000000000000, 48.50999999999999091, -0.9687499999999992228 ) ) ;
#378 = DIRECTION ( 'NONE',  ( 0.000000000000000000, -1.000000000000000000, -0.000000000000000000 ) ) ;
#379 = DIRECTION ( 'NONE',  ( -0.000000000000000000, -0.000000000000000000, -1.000000000000000000 ) ) ;
#380 = LINE ( 'NONE', #2394, #10744 ) ;
#381 = ORIENTED_EDGE ( 'NONE', *, *, #9555, .T. ) ;
#382 = ORIENTED_EDGE ( 'NONE', *, *, #3018, .F. ) ;
#383 = AXIS2_PLACEMENT_3D ( 'NONE', #9614, #8466, #3919 ) ;
#384 = AXIS2_PLACEMENT_3D ( 'NONE', #7734, #8492, #1878 ) ;
#385 = ORIENTED_EDGE ( 'NONE', *, *, #4729, .F. ) ;
#386 = CARTESIAN_POINT ( 'NONE',  ( -10.51999999999999957, 4.500000000000000888, -2.249999999999994671 ) ) ;
#387 = ORIENTED_EDGE ( 'NONE', *, *, #9612, .F. ) ;
#388 = CARTESIAN_POINT ( 'NONE',  ( -11.99999999999999822, 59.18999999999999773, -2.250000000000000444 ) ) ;
#389 = ADVANCED_FACE ( 'NONE', ( #10388 ), #4581, .F. ) ;
#390 = FACE_OUTER_BOUND ( 'NONE', #3546, .T. ) ;
#391 = AXIS2_PLACEMENT_3D ( 'NONE', #7383, #1588, #1461 ) ;
#392 = DIRECTION ( 'NONE',  ( -0.000000000000000000, -0.000000000000000000, 1.000000000000000000 ) ) ;
#393 = STYLED_ITEM ( 'NONE', ( #4694 ), #903 ) ;
#394 = CARTESIAN_POINT ( 'NONE',  ( 11.99999999999999822, 24.70999999999999730, -1.499999999999996891 ) ) ;
#395 = VERTEX_POINT ( 'NONE', #11327 ) ;
#396 = DIRECTION ( 'NONE',  ( -0.000000000000000000, 1.000000000000000000, 1.570027582565667972E-16 ) ) ;
#397 = CARTESIAN_POINT ( 'NONE',  ( 0.000000000000000000, 56.75000000000000000, 0.000000000000000000 ) ) ;
#398 = CARTESIAN_POINT ( 'NONE',  ( 11.26000000000000156, 21.71999999999999886, -2.250000000000000444 ) ) ;
#399 = EDGE_LOOP ( 'NONE', ( #10816, #10353, #11368, #6763 ) ) ;
#400 = DIRECTION ( 'NONE',  ( 0.000000000000000000, 0.000000000000000000, -1.000000000000000000 ) ) ;
#401 = EDGE_LOOP ( 'NONE', ( #4792, #11138, #1087, #2449 ) ) ;
#402 = AXIS2_PLACEMENT_3D ( 'NONE', #11632, #3002, #12074 ) ;
#403 = COLOUR_RGB ( '',1.000000000000000000, 1.000000000000000000, 1.000000000000000000 ) ;
#404 =( CONVERSION_BASED_UNIT ( 'INCH', #5129 ) LENGTH_UNIT ( ) NAMED_UNIT ( #8885 ) );
#405 = ORIENTED_EDGE ( 'NONE', *, *, #163, .T. ) ;
#406 = DIRECTION ( 'NONE',  ( -2.913971193241879189E-15, -1.000000000000000000, 0.000000000000000000 ) ) ;
#407 = ADVANCED_FACE ( 'NONE', ( #5355 ), #4458, .F. ) ;
#408 = EDGE_CURVE ( 'NONE', #7485, #4613, #3386, .T. ) ;
#409 = LINE ( 'NONE', #10348, #8054 ) ;
#410 = VERTEX_POINT ( 'NONE', #8298 ) ;
#411 = CARTESIAN_POINT ( 'NONE',  ( -11.99999999999999822, 59.18999999999999773, 0.000000000000000000 ) ) ;
#412 = ORIENTED_EDGE ( 'NONE', *, *, #433, .F. ) ;
#413 = CARTESIAN_POINT ( 'NONE',  ( -11.08815000000000062, 21.71999999999999886, 0.000000000000000000 ) ) ;
#414 = PLANE ( 'NONE',  #5590 ) ;
#415 = SURFACE_STYLE_USAGE ( .BOTH. , #6096 ) ;
#416 = VERTEX_POINT ( 'NONE', #5601 ) ;
#417 = LINE ( 'NONE', #11879, #3400 ) ;
#418 = VECTOR ( 'NONE', #8883, 39.37007874015748143 ) ;
#419 = VERTEX_POINT ( 'NONE', #7237 ) ;
#420 = EDGE_CURVE ( 'NONE', #2846, #4389, #4797, .T. ) ;
#421 = DIRECTION ( 'NONE',  ( 1.000000000000000000, 0.000000000000000000, 0.000000000000000000 ) ) ;
#422 = DIRECTION ( 'NONE',  ( 0.000000000000000000, 1.000000000000000000, 0.000000000000000000 ) ) ;
#423 = ORIENTED_EDGE ( 'NONE', *, *, #28, .F. ) ;
#424 = DIRECTION ( 'NONE',  ( -0.000000000000000000, -0.000000000000000000, 1.000000000000000000 ) ) ;
#425 = CARTESIAN_POINT ( 'NONE',  ( -12.75000000000000000, 36.50999999999999091, -0.9687499999999992228 ) ) ;
#426 = CARTESIAN_POINT ( 'NONE',  ( 11.00000000000000000, 29.00999999999999091, -1.281249999999994893 ) ) ;
#427 = FACE_OUTER_BOUND ( 'NONE', #11602, .T. ) ;
#428 = AXIS2_PLACEMENT_3D ( 'NONE', #5216, #7352, #7292 ) ;
#429 = CARTESIAN_POINT ( 'NONE',  ( 11.99999999999999467, 4.500000000000002665, 8.589666975669972615 ) ) ;
#430 = EDGE_LOOP ( 'NONE', ( #1334, #5306, #448, #5062 ) ) ;
#431 = ADVANCED_FACE ( 'NONE', ( #2565 ), #1568, .F. ) ;
#432 = DIRECTION ( 'NONE',  ( 1.000000000000000000, 0.000000000000000000, 0.000000000000000000 ) ) ;
#433 = EDGE_CURVE ( 'NONE', #10438, #7592, #983, .T. ) ;
#434 = CARTESIAN_POINT ( 'NONE',  ( 11.38884216215019407, 51.58610832856165018, -0.9884436769934427103 ) ) ;
#435 = ORIENTED_EDGE ( 'NONE', *, *, #1090, .T. ) ;
#436 = PRESENTATION_LAYER_ASSIGNMENT (  '', '', ( #10492 ) ) ;
#437 = VERTEX_POINT ( 'NONE', #11204 ) ;
#438 = VECTOR ( 'NONE', #8220, 39.37007874015748143 ) ;
#439 = EDGE_CURVE ( 'NONE', #8399, #1554, #8424, .T. ) ;
#440 = CARTESIAN_POINT ( 'NONE',  ( -12.75000000000000000, 26.00999999999999091, -0.9687499999999992228 ) ) ;
#441 = CARTESIAN_POINT ( 'NONE',  ( -11.00000000000000000, 30.50999999999998735, -1.124999999999997113 ) ) ;
#442 = CARTESIAN_POINT ( 'NONE',  ( 10.51999999999999957, 59.18999999999999773, -1.500000000000000222 ) ) ;
#443 = LINE ( 'NONE', #10779, #11914 ) ;
#444 = DIRECTION ( 'NONE',  ( 1.000000000000000000, 0.000000000000000000, 0.000000000000000000 ) ) ;
#445 = LINE ( 'NONE', #4284, #6717 ) ;
#446 = EDGE_LOOP ( 'NONE', ( #7151, #12206, #1484, #10019 ) ) ;
#447 = AXIS2_PLACEMENT_3D ( 'NONE', #1716, #9404, #4423 ) ;
#448 = ORIENTED_EDGE ( 'NONE', *, *, #8729, .F. ) ;
#449 = AXIS2_PLACEMENT_3D ( 'NONE', #4752, #9488, #851 ) ;
#450 = ORIENTED_EDGE ( 'NONE', *, *, #11906, .F. ) ;
#451 = EDGE_CURVE ( 'NONE', #4801, #1804, #7221, .T. ) ;
#452 = DIRECTION ( 'NONE',  ( 1.000000000000000000, -0.000000000000000000, -0.000000000000000000 ) ) ;
#453 = ORIENTED_EDGE ( 'NONE', *, *, #1615, .F. ) ;
#454 = DIRECTION ( 'NONE',  ( -1.000000000000000000, 0.000000000000000000, 0.000000000000000000 ) ) ;
#455 = AXIS2_PLACEMENT_3D ( 'NONE', #5754, #4848, #9 ) ;
#456 = CARTESIAN_POINT ( 'NONE',  ( 11.40291813276367350, 51.60440984419767574, -1.249650624385159503 ) ) ;
#457 = PRESENTATION_LAYER_ASSIGNMENT (  '', '', ( #3066 ) ) ;
#458 = LINE ( 'NONE', #394, #1854 ) ;
#459 = ORIENTED_EDGE ( 'NONE', *, *, #7236, .T. ) ;
#460 = CARTESIAN_POINT ( 'NONE',  ( -11.26000000000000156, 21.71999999999999886, 0.000000000000000000 ) ) ;
#461 = CARTESIAN_POINT ( 'NONE',  ( -1.740000000000002656, 57.99999999999999289, 0.000000000000000000 ) ) ;
#462 = CARTESIAN_POINT ( 'NONE',  ( 10.51999999999999247, 3.750000000000003553, 8.589666975669972615 ) ) ;
#463 = VERTEX_POINT ( 'NONE', #5477 ) ;
#464 = ORIENTED_EDGE ( 'NONE', *, *, #1339, .T. ) ;
#465 = AXIS2_PLACEMENT_3D ( 'NONE', #5647, #6523, #4561 ) ;
#466 = ADVANCED_FACE ( 'NONE', ( #6299 ), #8363, .F. ) ;
#467 = CIRCLE ( 'NONE', #4693, 0.1718500000000005301 ) ;
#468 = SURFACE_STYLE_FILL_AREA ( #10054 ) ;
#469 = VERTEX_POINT ( 'NONE', #11086 ) ;
#470 = DIRECTION ( 'NONE',  ( 1.000000000000000000, 0.000000000000000000, -0.000000000000000000 ) ) ;
#471 = CARTESIAN_POINT ( 'NONE',  ( -11.00000000000000000, 26.00999999999999091, -1.124999999999997113 ) ) ;
#472 = VECTOR ( 'NONE', #8907, 39.37007874015748143 ) ;
#473 = CARTESIAN_POINT ( 'NONE',  ( 11.00000000000000000, 45.50999999999999091, -1.124999999999997113 ) ) ;
#474 = ORIENTED_EDGE ( 'NONE', *, *, #8134, .T. ) ;
#475 = CARTESIAN_POINT ( 'NONE',  ( 11.00000000000000000, 51.50999999999999091, -1.124999999999997113 ) ) ;
#476 = ORIENTED_EDGE ( 'NONE', *, *, #3702, .T. ) ;
#477 = DIRECTION ( 'NONE',  ( 1.000000000000000000, 0.000000000000000000, 0.000000000000000000 ) ) ;
#478 = CARTESIAN_POINT ( 'NONE',  ( 11.09149687942468354, 51.66624913547210696, -1.124480226763119095 ) ) ;
#479 = SURFACE_STYLE_FILL_AREA ( #4001 ) ;
#480 = VERTEX_POINT ( 'NONE', #2445 ) ;
#481 = EDGE_CURVE ( 'NONE', #9914, #10037, #8182, .T. ) ;
#482 = EDGE_CURVE ( 'NONE', #10307, #9230, #10325, .T. ) ;
#483 = APPLICATION_PROTOCOL_DEFINITION ( 'draft international standard', 'automotive_design', 1998, #8937 ) ;
#484 = ORIENTED_EDGE ( 'NONE', *, *, #10610, .T. ) ;
#485 = LINE ( 'NONE', #606, #6451 ) ;
#486 =( LENGTH_UNIT ( ) NAMED_UNIT ( * ) SI_UNIT ( $, .METRE. ) );
#487 = ORIENTED_EDGE ( 'NONE', *, *, #3774, .F. ) ;
#488 = DIRECTION ( 'NONE',  ( 0.000000000000000000, 0.000000000000000000, -1.000000000000000000 ) ) ;
#489 = CARTESIAN_POINT ( 'NONE',  ( 11.00000000000000000, 39.50999999999999801, -1.124999999999997113 ) ) ;
#490 = VECTOR ( 'NONE', #3915, 39.37007874015748143 ) ;
#491 = CARTESIAN_POINT ( 'NONE',  ( 11.99999999999999822, 52.18999999999999773, -0.7499999999999936717 ) ) ;
#492 = CARTESIAN_POINT ( 'NONE',  ( -11.99999999999999822, 21.22999999999999687, -1.500000000000000222 ) ) ;
#493 = CARTESIAN_POINT ( 'NONE',  ( -11.99999999999999822, 57.50999999999999091, -0.9687499999999992228 ) ) ;
#494 = ORIENTED_EDGE ( 'NONE', *, *, #4712, .F. ) ;
#495 = DIRECTION ( 'NONE',  ( 1.000000000000000000, 0.000000000000000000, 0.000000000000000000 ) ) ;
#496 = EDGE_CURVE ( 'NONE', #5707, #4786, #11147, .T. ) ;
#497 = DIRECTION ( 'NONE',  ( -1.000000000000000000, 0.000000000000000000, 0.000000000000000000 ) ) ;
#498 = VECTOR ( 'NONE', #4930, 39.37007874015748854 ) ;
#499 = PRESENTATION_LAYER_ASSIGNMENT (  '', '', ( #11362 ) ) ;
#500 = CARTESIAN_POINT ( 'NONE',  ( 11.32563336726909320, 51.54061500824238351, -0.9716528350018653892 ) ) ;
#501 = ORIENTED_EDGE ( 'NONE', *, *, #25, .F. ) ;
#502 = CIRCLE ( 'NONE', #9571, 0.1562499999999979461 ) ;
#503 = ORIENTED_EDGE ( 'NONE', *, *, #5007, .F. ) ;
#504 = CARTESIAN_POINT ( 'NONE',  ( 11.99999999999999822, 3.750000000000003553, -1.500000000000000222 ) ) ;
#505 = FACE_BOUND ( 'NONE', #1614, .T. ) ;
#506 = DIRECTION ( 'NONE',  ( 0.000000000000000000, 0.000000000000000000, -1.000000000000000000 ) ) ;
#507 = AXIS2_PLACEMENT_3D ( 'NONE', #3024, #5930, #192 ) ;
#508 = CARTESIAN_POINT ( 'NONE',  ( 11.99999999999999822, 39.50999999999999801, -0.9687499999999977796 ) ) ;
#509 = ADVANCED_FACE ( 'NONE', ( #1627 ), #9249, .F. ) ;
#510 = CARTESIAN_POINT ( 'NONE',  ( -3.220000000000002416, 25.01999999999998181, 0.7500000000000001110 ) ) ;
#511 = CARTESIAN_POINT ( 'NONE',  ( 11.00000000000000000, 56.00999999999999091, -1.124999999999997113 ) ) ;
#512 = ORIENTED_EDGE ( 'NONE', *, *, #10021, .F. ) ;
#513 = VERTEX_POINT ( 'NONE', #3570 ) ;
#514 = EDGE_CURVE ( 'NONE', #6579, #1039, #6621, .T. ) ;
#515 = VERTEX_POINT ( 'NONE', #9442 ) ;
#516 = DIRECTION ( 'NONE',  ( -0.000000000000000000, -0.000000000000000000, -1.000000000000000000 ) ) ;
#517 = AXIS2_PLACEMENT_3D ( 'NONE', #3200, #3259, #6351 ) ;
#518 = AXIS2_PLACEMENT_3D ( 'NONE', #4713, #8562, #10274 ) ;
#519 = EDGE_LOOP ( 'NONE', ( #5623, #7060 ) ) ;
#520 = CARTESIAN_POINT ( 'NONE',  ( 11.99999999999999822, 24.70999999999999730, -0.7499999999999972244 ) ) ;
#521 = CARTESIAN_POINT ( 'NONE',  ( -12.75000000000000355, 28.49999999999998579, 2.729999999999999982 ) ) ;
#522 = LINE ( 'NONE', #1466, #42 ) ;
#523 = VERTEX_POINT ( 'NONE', #6667 ) ;
#524 = EDGE_CURVE ( 'NONE', #3631, #3609, #5730, .T. ) ;
#525 = CARTESIAN_POINT ( 'NONE',  ( 0.000000000000000000, 23.76999999999998536, 8.589666975669972615 ) ) ;
#526 = CARTESIAN_POINT ( 'NONE',  ( 10.51999999999999957, 59.18999999999999773, -1.500000000000000222 ) ) ;
#527 = EDGE_LOOP ( 'NONE', ( #11265, #9138 ) ) ;
#528 = AXIS2_PLACEMENT_3D ( 'NONE', #9683, #7843, #3042 ) ;
#529 = AXIS2_PLACEMENT_3D ( 'NONE', #6445, #10292, #5386 ) ;
#530 = ORIENTED_EDGE ( 'NONE', *, *, #1675, .F. ) ;
#531 = DIMENSIONAL_EXPONENTS ( 1.000000000000000000, 0.000000000000000000, 0.000000000000000000, 0.000000000000000000, 0.000000000000000000, 0.000000000000000000, 0.000000000000000000 ) ;
#532 = ORIENTED_EDGE ( 'NONE', *, *, #11544, .T. ) ;
#533 = PLANE ( 'NONE',  #1394 ) ;
#534 = VECTOR ( 'NONE', #6489, 39.37007874015748143 ) ;
#535 = FACE_BOUND ( 'NONE', #12088, .T. ) ;
#536 = ORIENTED_EDGE ( 'NONE', *, *, #6601, .T. ) ;
#537 = EDGE_CURVE ( 'NONE', #3424, #901, #8022, .T. ) ;
#538 = CYLINDRICAL_SURFACE ( 'NONE', #4662, 0.1718500000000005301 ) ;
#539 = ORIENTED_EDGE ( 'NONE', *, *, #7331, .T. ) ;
#540 = LINE ( 'NONE', #5075, #8768 ) ;
#541 = DIRECTION ( 'NONE',  ( 0.000000000000000000, -1.000000000000000000, 0.000000000000000000 ) ) ;
#542 = VECTOR ( 'NONE', #10629, 39.37007874015748143 ) ;
#543 = ORIENTED_EDGE ( 'NONE', *, *, #1491, .F. ) ;
#544 = MANIFOLD_SOLID_BREP ( 'Cut-Extrude1[7]', #4788 ) ;
#545 = VERTEX_POINT ( 'NONE', #5848 ) ;
#546 = FACE_BOUND ( 'NONE', #5123, .T. ) ;
#547 = CIRCLE ( 'NONE', #2160, 0.1562499999999979461 ) ;
#548 = DIRECTION ( 'NONE',  ( -1.000000000000000000, 0.000000000000000000, 0.000000000000000000 ) ) ;
#549 = ORIENTED_EDGE ( 'NONE', *, *, #4893, .T. ) ;
#550 = ADVANCED_FACE ( 'NONE', ( #10632 ), #8674, .F. ) ;
#551 = DIRECTION ( 'NONE',  ( 1.000000000000000000, 0.000000000000000000, 0.000000000000000000 ) ) ;
#552 = DIRECTION ( 'NONE',  ( -0.000000000000000000, -1.000000000000000000, -0.000000000000000000 ) ) ;
#553 = DIRECTION ( 'NONE',  ( 0.000000000000000000, 0.000000000000000000, 1.000000000000000000 ) ) ;
#554 = FACE_OUTER_BOUND ( 'NONE', #9329, .T. ) ;
#555 = ORIENTED_EDGE ( 'NONE', *, *, #4210, .T. ) ;
#556 = PLANE ( 'NONE',  #3187 ) ;
#557 = LINE ( 'NONE', #2625, #4514 ) ;
#558 = ORIENTED_EDGE ( 'NONE', *, *, #5192, .T. ) ;
#559 = EDGE_LOOP ( 'NONE', ( #5388, #10958 ) ) ;
#560 = CARTESIAN_POINT ( 'NONE',  ( -11.26000000000000156, 51.69999999999999574, -2.250000000000000444 ) ) ;
#561 = EDGE_CURVE ( 'NONE', #1658, #4733, #5421, .T. ) ;
#562 = FACE_OUTER_BOUND ( 'NONE', #2156, .T. ) ;
#563 = EDGE_CURVE ( 'NONE', #10926, #12220, #1802, .T. ) ;
#564 = DIRECTION ( 'NONE',  ( 0.000000000000000000, 0.000000000000000000, 1.000000000000000000 ) ) ;
#565 = CARTESIAN_POINT ( 'NONE',  ( 0.000000000000000000, 25.01999999999998181, 0.000000000000000000 ) ) ;
#566 = FACE_BOUND ( 'NONE', #7140, .T. ) ;
#567 = DIRECTION ( 'NONE',  ( -1.000000000000000000, 0.000000000000000000, 0.000000000000000000 ) ) ;
#568 = ORIENTED_EDGE ( 'NONE', *, *, #9067, .T. ) ;
#569 = ORIENTED_EDGE ( 'NONE', *, *, #10776, .F. ) ;
#570 = CARTESIAN_POINT ( 'NONE',  ( 11.99999999999999822, 42.50999999999999801, -0.9687499999999992228 ) ) ;
#571 = CARTESIAN_POINT ( 'NONE',  ( 11.99999999999999822, 25.01999999999998181, 3.479999999999999982 ) ) ;
#572 = AXIS2_PLACEMENT_3D ( 'NONE', #11267, #6543, #4705 ) ;
#573 = VERTEX_POINT ( 'NONE', #4888 ) ;
#574 = LINE ( 'NONE', #5311, #8639 ) ;
#575 = DIRECTION ( 'NONE',  ( 0.000000000000000000, 0.000000000000000000, -1.000000000000000000 ) ) ;
#576 = EDGE_CURVE ( 'NONE', #1622, #1783, #4200, .T. ) ;
#577 = FACE_OUTER_BOUND ( 'NONE', #6459, .T. ) ;
#578 = CARTESIAN_POINT ( 'NONE',  ( -11.99999999999999822, 47.00999999999999091, -1.124999999999997113 ) ) ;
#579 = ORIENTED_EDGE ( 'NONE', *, *, #5725, .T. ) ;
#580 = CYLINDRICAL_SURFACE ( 'NONE', #9919, 0.1718500000000005301 ) ;
#581 = DIRECTION ( 'NONE',  ( -1.000000000000000000, 0.000000000000000000, 0.000000000000000000 ) ) ;
#582 = CIRCLE ( 'NONE', #3799, 0.1718500000000005301 ) ;
#583 = VERTEX_POINT ( 'NONE', #2938 ) ;
#584 = EDGE_LOOP ( 'NONE', ( #2040, #1587 ) ) ;
#585 = SURFACE_STYLE_USAGE ( .BOTH. , #4370 ) ;
#586 = EDGE_CURVE ( 'NONE', #419, #7977, #10692, .T. ) ;
#587 = ADVANCED_FACE ( 'NONE', ( #2063 ), #106, .F. ) ;
#588 = EDGE_LOOP ( 'NONE', ( #12345, #1482 ) ) ;
#589 = AXIS2_PLACEMENT_3D ( 'NONE', #3778, #11471, #10405 ) ;
#590 = CIRCLE ( 'NONE', #3809, 0.1562499999999979461 ) ;
#591 = DIRECTION ( 'NONE',  ( -0.000000000000000000, -0.000000000000000000, 1.000000000000000000 ) ) ;
#592 = EDGE_CURVE ( 'NONE', #996, #9368, #3698, .T. ) ;
#593 = CARTESIAN_POINT ( 'NONE',  ( -11.99999999999999822, 3.750000000000000888, -2.250000000000000444 ) ) ;
#594 = VERTEX_POINT ( 'NONE', #6605 ) ;
#595 = CARTESIAN_POINT ( 'NONE',  ( -11.99999999999999822, 39.50999999999999801, -1.124999999999997113 ) ) ;
#596 = ORIENTED_EDGE ( 'NONE', *, *, #12026, .T. ) ;
#597 = CARTESIAN_POINT ( 'NONE',  ( -11.42850329373635532, 51.66624999999999091, -1.124999999999997113 ) ) ;
#598 = VECTOR ( 'NONE', #2882, 39.37007874015748143 ) ;
#599 = CARTESIAN_POINT ( 'NONE',  ( 1.739999999999997327, 54.75000000000000000, 0.000000000000000000 ) ) ;
#600 = AXIS2_PLACEMENT_3D ( 'NONE', #9661, #6694, #10535 ) ;
#601 = EDGE_LOOP ( 'NONE', ( #6209, #8465, #11536, #8266 ) ) ;
#602 =( LENGTH_UNIT ( ) NAMED_UNIT ( * ) SI_UNIT ( $, .METRE. ) );
#603 = EDGE_CURVE ( 'NONE', #2415, #4575, #7673, .T. ) ;
#604 = EDGE_LOOP ( 'NONE', ( #7837, #2894, #7057, #9665 ) ) ;
#605 = AXIS2_PLACEMENT_3D ( 'NONE', #8851, #9872, #7851 ) ;
#606 = CARTESIAN_POINT ( 'NONE',  ( -12.75000000000000000, 51.50999999999999091, -1.281249999999994893 ) ) ;
#607 = DIRECTION ( 'NONE',  ( 0.000000000000000000, 0.000000000000000000, 1.000000000000000000 ) ) ;
#608 = ORIENTED_EDGE ( 'NONE', *, *, #9916, .F. ) ;
#609 = FACE_BOUND ( 'NONE', #11049, .T. ) ;
#610 = CARTESIAN_POINT ( 'NONE',  ( 11.99999999999999822, 59.18999999999999773, -2.250000000000000444 ) ) ;
#611 = DIRECTION ( 'NONE',  ( 0.000000000000000000, 0.000000000000000000, 1.000000000000000000 ) ) ;
#612 = CARTESIAN_POINT ( 'NONE',  ( -3.220000000000002416, 57.99999999999999289, -0.7499999999999998890 ) ) ;
#613 = VERTEX_POINT ( 'NONE', #2876 ) ;
#614 = FILL_AREA_STYLE_COLOUR ( '', #3266 ) ;
#615 = AXIS2_PLACEMENT_3D ( 'NONE', #8125, #12030, #5485 ) ;
#616 = CARTESIAN_POINT ( 'NONE',  ( 12.75000000000000000, 45.50999999999999091, -1.124999999999997113 ) ) ;
#617 = ADVANCED_FACE ( 'NONE', ( #5013 ), #1241, .F. ) ;
#618 = CARTESIAN_POINT ( 'NONE',  ( -3.220000000000002416, 25.01999999999998181, 0.7500000000000001110 ) ) ;
#619 = EDGE_LOOP ( 'NONE', ( #9501, #8231, #9015, #9548 ) ) ;
#620 = EDGE_LOOP ( 'NONE', ( #4106, #11059, #201, #896 ) ) ;
#621 = DIRECTION ( 'NONE',  ( 0.000000000000000000, 0.000000000000000000, -1.000000000000000000 ) ) ;
#622 = DIRECTION ( 'NONE',  ( 0.000000000000000000, -7.850137912828339862E-17, 1.000000000000000000 ) ) ;
#623 = CIRCLE ( 'NONE', #11302, 0.1718500000000005301 ) ;
#624 = CARTESIAN_POINT ( 'NONE',  ( -11.99999999999999822, 41.00999999999999801, -1.124999999999997113 ) ) ;
#625 = LINE ( 'NONE', #3643, #7089 ) ;
#626 = FACE_OUTER_BOUND ( 'NONE', #5800, .T. ) ;
#627 = FACE_OUTER_BOUND ( 'NONE', #9414, .T. ) ;
#628 = VERTEX_POINT ( 'NONE', #10008 ) ;
#629 = DIRECTION ( 'NONE',  ( -1.000000000000000000, -0.000000000000000000, -0.000000000000000000 ) ) ;
#630 = ORIENTED_EDGE ( 'NONE', *, *, #11784, .F. ) ;
#631 = VERTEX_POINT ( 'NONE', #10940 ) ;
#632 = VECTOR ( 'NONE', #9750, 39.37007874015748143 ) ;
#633 = EDGE_CURVE ( 'NONE', #5389, #9848, #2305, .T. ) ;
#634 = LINE ( 'NONE', #760, #2297 ) ;
#635 = VECTOR ( 'NONE', #11686, 39.37007874015748143 ) ;
#636 = EDGE_CURVE ( 'NONE', #5314, #2064, #5209, .T. ) ;
#637 = ORIENTED_EDGE ( 'NONE', *, *, #6642, .F. ) ;
#638 = LINE ( 'NONE', #5246, #184 ) ;
#639 = CARTESIAN_POINT ( 'NONE',  ( 3.219999999999996643, 54.75000000000000000, 0.000000000000000000 ) ) ;
#640 = VECTOR ( 'NONE', #3350, 39.37007874015748143 ) ;
#641 = DIRECTION ( 'NONE',  ( 0.000000000000000000, 0.000000000000000000, -1.000000000000000000 ) ) ;
#642 = EDGE_LOOP ( 'NONE', ( #9751, #2293, #11186, #9163 ) ) ;
#643 = PRESENTATION_STYLE_ASSIGNMENT (( #6629 ) ) ;
#644 = LINE ( 'NONE', #4486, #4520 ) ;
#645 = VECTOR ( 'NONE', #12370, 39.37007874015748143 ) ;
#646 = CARTESIAN_POINT ( 'NONE',  ( 0.3749999999999975020, 69.23000000000000398, -0.5000000000000001110 ) ) ;
#647 = ORIENTED_EDGE ( 'NONE', *, *, #7176, .T. ) ;
#648 = EDGE_LOOP ( 'NONE', ( #6496, #3243, #7856, #10606 ) ) ;
#649 = LINE ( 'NONE', #777, #4303 ) ;
#650 = EDGE_CURVE ( 'NONE', #11412, #2415, #7029, .T. ) ;
#651 = CIRCLE ( 'NONE', #6092, 0.1562499999999979461 ) ;
#652 = AXIS2_PLACEMENT_3D ( 'NONE', #10585, #11465, #12219 ) ;
#653 = ORIENTED_EDGE ( 'NONE', *, *, #4291, .T. ) ;
#654 = LINE ( 'NONE', #716, #1995 ) ;
#655 = FILL_AREA_STYLE_COLOUR ( '', #9496 ) ;
#656 = ORIENTED_EDGE ( 'NONE', *, *, #9374, .T. ) ;
#657 = CARTESIAN_POINT ( 'NONE',  ( 11.08815000000000062, 13.74000000000000199, -2.250000000000000444 ) ) ;
#658 = ORIENTED_EDGE ( 'NONE', *, *, #6671, .F. ) ;
#659 = CIRCLE ( 'NONE', #6499, 0.1718500000000005301 ) ;
#660 = EDGE_CURVE ( 'NONE', #1631, #4428, #6227, .T. ) ;
#661 = CARTESIAN_POINT ( 'NONE',  ( -11.24633103129379563, 51.52817498944900620, -1.280189345242303212 ) ) ;
#662 = MECHANICAL_DESIGN_GEOMETRIC_PRESENTATION_REPRESENTATION (  '', ( #10319 ), #10729 ) ;
#663 = DIRECTION ( 'NONE',  ( 1.000000000000000000, 0.000000000000000000, 0.000000000000000000 ) ) ;
#664 = DIRECTION ( 'NONE',  ( 0.8571673007021125557, -1.049727191138618942E-16, 0.5150380749100539335 ) ) ;
#665 = EDGE_CURVE ( 'NONE', #5983, #11412, #11692, .T. ) ;
#666 = CARTESIAN_POINT ( 'NONE',  ( 0.000000000000000000, 0.000000000000000000, 8.589666975669972615 ) ) ;
#667 = ORIENTED_EDGE ( 'NONE', *, *, #9582, .T. ) ;
#668 = CARTESIAN_POINT ( 'NONE',  ( 11.99999999999999822, 52.18999999999999773, -0.7499999999999936717 ) ) ;
#669 =( NAMED_UNIT ( * ) PLANE_ANGLE_UNIT ( ) SI_UNIT ( $, .RADIAN. ) );
#670 = VERTEX_POINT ( 'NONE', #10755 ) ;
#671 = CARTESIAN_POINT ( 'NONE',  ( -11.99999999999999822, 4.500000000000000000, -2.250000000000000444 ) ) ;
#672 = DIRECTION ( 'NONE',  ( -1.000000000000000000, -0.000000000000000000, -0.000000000000000000 ) ) ;
#673 = EDGE_CURVE ( 'NONE', #1830, #8776, #1997, .T. ) ;
#674 = DIRECTION ( 'NONE',  ( 0.000000000000000000, 0.000000000000000000, -1.000000000000000000 ) ) ;
#675 = LINE ( 'NONE', #2683, #5584 ) ;
#676 = ORIENTED_EDGE ( 'NONE', *, *, #5682, .F. ) ;
#677 = AXIS2_PLACEMENT_3D ( 'NONE', #7184, #4156, #11843 ) ;
#678 = PRESENTATION_STYLE_ASSIGNMENT (( #7548 ) ) ;
#679 = DIRECTION ( 'NONE',  ( 0.000000000000000000, 0.000000000000000000, -1.000000000000000000 ) ) ;
#680 = DIRECTION ( 'NONE',  ( -1.000000000000000000, -0.000000000000000000, 1.845843238962340492E-16 ) ) ;
#681 = ORIENTED_EDGE ( 'NONE', *, *, #1525, .T. ) ;
#682 = PRESENTATION_STYLE_ASSIGNMENT (( #9382 ) ) ;
#683 = ORIENTED_EDGE ( 'NONE', *, *, #1277, .F. ) ;
#684 = LINE ( 'NONE', #3639, #5642 ) ;
#685 = AXIS2_PLACEMENT_3D ( 'NONE', #10464, #4723, #1834 ) ;
#686 = DIRECTION ( 'NONE',  ( 0.000000000000000000, 0.000000000000000000, -1.000000000000000000 ) ) ;
#687 = DIRECTION ( 'NONE',  ( 1.000000000000000000, 0.000000000000000000, 0.000000000000000000 ) ) ;
#688 = DIRECTION ( 'NONE',  ( 0.000000000000000000, 0.000000000000000000, -1.000000000000000000 ) ) ;
#689 = EDGE_CURVE ( 'NONE', #9729, #6419, #417, .T. ) ;
#690 = LINE ( 'NONE', #4533, #3323 ) ;
#691 = CARTESIAN_POINT ( 'NONE',  ( -1.740000000000002656, 21.22999999999999687, 0.000000000000000000 ) ) ;
#692 = ORIENTED_EDGE ( 'NONE', *, *, #262, .F. ) ;
#693 = LINE ( 'NONE', #9394, #5703 ) ;
#694 = VERTEX_POINT ( 'NONE', #4191 ) ;
#695 = AXIS2_PLACEMENT_3D ( 'NONE', #7751, #6921, #9837 ) ;
#696 = FACE_OUTER_BOUND ( 'NONE', #283, .T. ) ;
#697 = CARTESIAN_POINT ( 'NONE',  ( -11.99999999999999822, 23.42285330012234468, -2.249999999999996891 ) ) ;
#698 = EDGE_LOOP ( 'NONE', ( #7188, #3835 ) ) ;
#699 = CARTESIAN_POINT ( 'NONE',  ( 10.51999999999999247, 3.750000000000003553, -9.410333024330023832 ) ) ;
#700 = CIRCLE ( 'NONE', #529, 0.1562499999999993339 ) ;
#701 = LINE ( 'NONE', #7445, #4781 ) ;
#702 = PRESENTATION_STYLE_ASSIGNMENT (( #5627 ) ) ;
#703 = CARTESIAN_POINT ( 'NONE',  ( -11.26000000000000156, 51.69999999999999574, 0.000000000000000000 ) ) ;
#704 = VERTEX_POINT ( 'NONE', #9821 ) ;
#705 = EDGE_CURVE ( 'NONE', #5251, #7252, #11758, .T. ) ;
#706 = CARTESIAN_POINT ( 'NONE',  ( 12.75000000000000000, 51.50999999999999091, -1.124999999999997113 ) ) ;
#707 = PLANE ( 'NONE',  #2515 ) ;
#708 = EDGE_CURVE ( 'NONE', #2949, #5819, #10454, .T. ) ;
#709 = CARTESIAN_POINT ( 'NONE',  ( 11.99999999999999822, 52.18999999999999773, -1.499999999999993561 ) ) ;
#710 = ORIENTED_EDGE ( 'NONE', *, *, #10649, .T. ) ;
#711 = ORIENTED_EDGE ( 'NONE', *, *, #9996, .T. ) ;
#712 = VECTOR ( 'NONE', #12397, 39.37007874015748143 ) ;
#713 = DIRECTION ( 'NONE',  ( 0.000000000000000000, 0.000000000000000000, 1.000000000000000000 ) ) ;
#714 = ORIENTED_EDGE ( 'NONE', *, *, #7622, .T. ) ;
#715 = ORIENTED_EDGE ( 'NONE', *, *, #4255, .F. ) ;
#716 = CARTESIAN_POINT ( 'NONE',  ( -22.06250000000002132, 52.18999999999999773, -0.7499999999999936717 ) ) ;
#717 = AXIS2_PLACEMENT_3D ( 'NONE', #1749, #1812, #6538 ) ;
#718 = ORIENTED_EDGE ( 'NONE', *, *, #11290, .F. ) ;
#719 = AXIS2_PLACEMENT_3D ( 'NONE', #1064, #6795, #5853 ) ;
#720 = EDGE_CURVE ( 'NONE', #853, #2189, #9943, .T. ) ;
#721 = CARTESIAN_POINT ( 'NONE',  ( 11.99999999999999822, 10.75000000000000178, -0.7499999999999986677 ) ) ;
#722 = ADVANCED_FACE ( 'NONE', ( #1306 ), #4128, .F. ) ;
#723 = CARTESIAN_POINT ( 'NONE',  ( -12.75000000000000000, 33.50999999999999091, -0.9687499999999992228 ) ) ;
#724 = ORIENTED_EDGE ( 'NONE', *, *, #10193, .F. ) ;
#725 = DIRECTION ( 'NONE',  ( 1.000000000000000000, 0.000000000000000000, 0.000000000000000000 ) ) ;
#726 = DIRECTION ( 'NONE',  ( 0.000000000000000000, 0.3420201433256630508, -0.9396926207859105373 ) ) ;
#727 = CIRCLE ( 'NONE', #7369, 0.1562499999999979461 ) ;
#728 = ORIENTED_EDGE ( 'NONE', *, *, #11490, .T. ) ;
#729 = EDGE_CURVE ( 'NONE', #4204, #11703, #11007, .T. ) ;
#730 = DIRECTION ( 'NONE',  ( 1.000000000000000000, -0.000000000000000000, -0.000000000000000000 ) ) ;
#731 = SURFACE_SIDE_STYLE ('',( #10316 ) ) ;
#732 = EDGE_LOOP ( 'NONE', ( #1703, #10534, #8769, #1570 ) ) ;
#733 = DIRECTION ( 'NONE',  ( -0.000000000000000000, -0.000000000000000000, 1.000000000000000000 ) ) ;
#734 = EDGE_CURVE ( 'NONE', #3960, #10162, #3062, .T. ) ;
#735 = LINE ( 'NONE', #8418, #10186 ) ;
#736 = ORIENTED_EDGE ( 'NONE', *, *, #5677, .F. ) ;
#737 = AXIS2_PLACEMENT_3D ( 'NONE', #10218, #11341, #1766 ) ;
#738 = CARTESIAN_POINT ( 'NONE',  ( -3.220000000000002416, 57.99999999999999289, -0.7499999999999998890 ) ) ;
#739 = LINE ( 'NONE', #8420, #542 ) ;
#740 = ORIENTED_EDGE ( 'NONE', *, *, #4568, .F. ) ;
#741 = CARTESIAN_POINT ( 'NONE',  ( 11.26000000000000156, 13.74000000000000199, -1.500000000000000222 ) ) ;
#742 = DIRECTION ( 'NONE',  ( 1.000000000000000000, 0.000000000000000000, 0.000000000000000000 ) ) ;
#743 = CARTESIAN_POINT ( 'NONE',  ( -12.75000000000000000, 45.50999999999999091, -1.124999999999997113 ) ) ;
#744 = EDGE_LOOP ( 'NONE', ( #6387, #8390 ) ) ;
#745 = AXIS2_PLACEMENT_3D ( 'NONE', #7106, #6413, #7233 ) ;
#746 = ADVANCED_FACE ( 'NONE', ( #4952 ), #167, .F. ) ;
#747 = ADVANCED_FACE ( 'NONE', ( #11817 ), #7859, .F. ) ;
#748 = VERTEX_POINT ( 'NONE', #7921 ) ;
#749 = CARTESIAN_POINT ( 'NONE',  ( -11.26000000000000156, 21.71999999999999886, -2.250000000000000444 ) ) ;
#750 = LINE ( 'NONE', #5609, #3641 ) ;
#751 = ADVANCED_FACE ( 'NONE', ( #3127 ), #3188, .F. ) ;
#752 = DIRECTION ( 'NONE',  ( -1.000000000000000000, -0.000000000000000000, -0.000000000000000000 ) ) ;
#753 = LINE ( 'NONE', #6427, #11515 ) ;
#754 = DIRECTION ( 'NONE',  ( 1.000000000000000000, -0.000000000000000000, -0.000000000000000000 ) ) ;
#755 = CARTESIAN_POINT ( 'NONE',  ( 11.99999999999999822, 26.00999999999999091, -1.281249999999994893 ) ) ;
#756 = ORIENTED_EDGE ( 'NONE', *, *, #4893, .F. ) ;
#757 = AXIS2_PLACEMENT_3D ( 'NONE', #5333, #3488, #2365 ) ;
#758 = CARTESIAN_POINT ( 'NONE',  ( -11.08815000000000062, 51.69999999999999574, -2.250000000000000444 ) ) ;
#759 = DIRECTION ( 'NONE',  ( 1.000000000000000000, 0.000000000000000000, 0.000000000000000000 ) ) ;
#760 = CARTESIAN_POINT ( 'NONE',  ( -22.06250000000002132, 24.70999999999999730, -0.7499999999999972244 ) ) ;
#761 = EDGE_CURVE ( 'NONE', #11787, #3856, #2369, .T. ) ;
#762 = EDGE_LOOP ( 'NONE', ( #6878, #9687, #8047, #11260 ) ) ;
#763 = FACE_OUTER_BOUND ( 'NONE', #4525, .T. ) ;
#764 = CIRCLE ( 'NONE', #6800, 0.1718500000000005301 ) ;
#765 = LINE ( 'NONE', #7510, #152 ) ;
#766 = CARTESIAN_POINT ( 'NONE',  ( 11.00000000000000000, 56.00999999999999091, -1.281249999999994893 ) ) ;
#767 = DIRECTION ( 'NONE',  ( 1.000000000000000000, 0.000000000000000000, 0.000000000000000000 ) ) ;
#768 = ORIENTED_EDGE ( 'NONE', *, *, #5876, .T. ) ;
#769 = CARTESIAN_POINT ( 'NONE',  ( -12.00000000000000178, 3.750000000000000000, 8.589666975669972615 ) ) ;
#770 = CARTESIAN_POINT ( 'NONE',  ( 11.00000000000000000, 48.50999999999999091, -1.124999999999997113 ) ) ;
#771 = PLANE ( 'NONE',  #3082 ) ;
#772 = ORIENTED_EDGE ( 'NONE', *, *, #365, .F. ) ;
#773 = ORIENTED_EDGE ( 'NONE', *, *, #5114, .T. ) ;
#774 = DIMENSIONAL_EXPONENTS ( 1.000000000000000000, 0.000000000000000000, 0.000000000000000000, 0.000000000000000000, 0.000000000000000000, 0.000000000000000000, 0.000000000000000000 ) ;
#775 = VECTOR ( 'NONE', #9326, 39.37007874015748143 ) ;
#776 = UNCERTAINTY_MEASURE_WITH_UNIT (LENGTH_MEASURE( 1.000000000000000082E-05 ), #3765, 'distance_accuracy_value', 'NONE');
#777 = CARTESIAN_POINT ( 'NONE',  ( -12.00000000000000178, 3.750000000000000000, 8.589666975669972615 ) ) ;
#778 = VERTEX_POINT ( 'NONE', #5272 ) ;
#779 = EDGE_CURVE ( 'NONE', #3032, #8181, #12071, .T. ) ;
#780 = VERTEX_POINT ( 'NONE', #1425 ) ;
#781 = LINE ( 'NONE', #11365, #11846 ) ;
#782 = VECTOR ( 'NONE', #10995, 39.37007874015748143 ) ;
#783 = CARTESIAN_POINT ( 'NONE',  ( 11.99999999999999822, 3.750000000000000888, -2.250000000000000444 ) ) ;
#784 = ORIENTED_EDGE ( 'NONE', *, *, #1563, .T. ) ;
#785 = DIRECTION ( 'NONE',  ( 1.000000000000000000, 0.000000000000000000, 0.000000000000000000 ) ) ;
#786 = DIRECTION ( 'NONE',  ( 2.913971193241881161E-15, 1.000000000000000000, -0.000000000000000000 ) ) ;
#787 = ORIENTED_EDGE ( 'NONE', *, *, #9693, .F. ) ;
#788 = CARTESIAN_POINT ( 'NONE',  ( -11.40877420728874014, 51.61380657911082892, -1.241940972179741420 ) ) ;
#789 = FILL_AREA_STYLE_COLOUR ( '', #4924 ) ;
#790 = AXIS2_PLACEMENT_3D ( 'NONE', #6880, #11913, #7957 ) ;
#791 = AXIS2_PLACEMENT_3D ( 'NONE', #5972, #5078, #6908 ) ;
#792 = EDGE_CURVE ( 'NONE', #5254, #10249, #11131, .T. ) ;
#793 = ADVANCED_FACE ( 'NONE', ( #6341 ), #12008, .T. ) ;
#794 = ORIENTED_EDGE ( 'NONE', *, *, #11651, .F. ) ;
#795 = LINE ( 'NONE', #5718, #9261 ) ;
#796 = PLANE ( 'NONE',  #10817 ) ;
#797 = VERTEX_POINT ( 'NONE', #7283 ) ;
#798 = FACE_OUTER_BOUND ( 'NONE', #5720, .T. ) ;
#799 = VECTOR ( 'NONE', #67, 39.37007874015748143 ) ;
#800 = DIRECTION ( 'NONE',  ( -1.000000000000000000, 0.000000000000000000, 0.000000000000000000 ) ) ;
#801 = AXIS2_PLACEMENT_3D ( 'NONE', #3987, #6957, #8783 ) ;
#802 = CARTESIAN_POINT ( 'NONE',  ( -12.00000000000000355, 25.76999999999998181, -9.184850993605266767E-17 ) ) ;
#803 = CARTESIAN_POINT ( 'NONE',  ( 11.00000000000000000, 27.50999999999998735, -1.124999999999997113 ) ) ;
#804 = EDGE_LOOP ( 'NONE', ( #568, #145, #5763, #12209 ) ) ;
#805 = CARTESIAN_POINT ( 'NONE',  ( -11.99999999999999822, 41.00999999999999801, -1.281249999999994893 ) ) ;
#806 = FILL_AREA_STYLE ('',( #1939 ) ) ;
#807 = LINE ( 'NONE', #11148, #5334 ) ;
#808 = VECTOR ( 'NONE', #2004, 39.37007874015748143 ) ;
#809 = EDGE_CURVE ( 'NONE', #970, #12451, #12058, .T. ) ;
#810 = ORIENTED_EDGE ( 'NONE', *, *, #12028, .T. ) ;
#811 = MECHANICAL_DESIGN_GEOMETRIC_PRESENTATION_REPRESENTATION (  '', ( #1009 ), #7448 ) ;
#812 = DIRECTION ( 'NONE',  ( 1.000000000000000000, 0.000000000000000000, 0.000000000000000000 ) ) ;
#813 = ORIENTED_EDGE ( 'NONE', *, *, #4850, .T. ) ;
#814 = DIRECTION ( 'NONE',  ( -0.000000000000000000, -0.000000000000000000, 1.000000000000000000 ) ) ;
#815 = MANIFOLD_SOLID_BREP ( 'Cut-Extrude3[2]', #11436 ) ;
#816 = CARTESIAN_POINT ( 'NONE',  ( -11.99999999999999822, 59.18999999999999773, -2.250000000000000444 ) ) ;
#817 = DIRECTION ( 'NONE',  ( -0.000000000000000000, -0.000000000000000000, 1.000000000000000000 ) ) ;
#818 = CARTESIAN_POINT ( 'NONE',  ( 10.51999999999999957, 59.18999999999999773, -1.500000000000000222 ) ) ;
#819 = FACE_BOUND ( 'NONE', #5294, .T. ) ;
#820 = AXIS2_PLACEMENT_3D ( 'NONE', #4244, #10998, #11932 ) ;
#821 = CARTESIAN_POINT ( 'NONE',  ( 12.75000000000000000, 38.00999999999999091, -1.124999999999997113 ) ) ;
#822 = ORIENTED_EDGE ( 'NONE', *, *, #11375, .F. ) ;
#823 = EDGE_CURVE ( 'NONE', #9847, #3685, #3491, .T. ) ;
#824 = DIRECTION ( 'NONE',  ( -0.000000000000000000, -1.000000000000000000, -0.000000000000000000 ) ) ;
#825 = EDGE_CURVE ( 'NONE', #137, #9914, #9298, .T. ) ;
#826 = CARTESIAN_POINT ( 'NONE',  ( -10.51999999999999957, 59.18999999999999773, -0.7500000000000001110 ) ) ;
#827 = DIRECTION ( 'NONE',  ( -0.000000000000000000, -1.000000000000000000, -0.000000000000000000 ) ) ;
#828 = ADVANCED_FACE ( 'NONE', ( #3556 ), #7407, .F. ) ;
#829 = ORIENTED_EDGE ( 'NONE', *, *, #2452, .T. ) ;
#830 = VECTOR ( 'NONE', #11154, 39.37007874015748143 ) ;
#831 = CARTESIAN_POINT ( 'NONE',  ( 5.999999999999998224, 55.50000000000000000, 0.000000000000000000 ) ) ;
#832 = CARTESIAN_POINT ( 'NONE',  ( -11.99999999999999822, 14.23000000000000220, -0.7499999999999983347 ) ) ;
#833 = CARTESIAN_POINT ( 'NONE',  ( 3.219999999999996643, 57.99999999999999289, 0.000000000000000000 ) ) ;
#834 = CARTESIAN_POINT ( 'NONE',  ( 11.99999999999999822, 26.00999999999999091, -1.124999999999997113 ) ) ;
#835 = VERTEX_POINT ( 'NONE', #3749 ) ;
#836 = CARTESIAN_POINT ( 'NONE',  ( -11.99999999999999822, 59.18999999999999773, -1.500000000000000222 ) ) ;
#837 = DIRECTION ( 'NONE',  ( 0.000000000000000000, -1.000000000000000000, 0.000000000000000000 ) ) ;
#838 = CARTESIAN_POINT ( 'NONE',  ( -12.75000000000000000, 29.00999999999999091, -0.9687499999999992228 ) ) ;
#839 = ORIENTED_EDGE ( 'NONE', *, *, #4240, .T. ) ;
#840 = VECTOR ( 'NONE', #3482, 39.37007874015748143 ) ;
#841 = EDGE_CURVE ( 'NONE', #914, #3631, #9450, .T. ) ;
#842 = ORIENTED_EDGE ( 'NONE', *, *, #8826, .T. ) ;
#843 = EDGE_LOOP ( 'NONE', ( #11993, #7970, #724, #4093 ) ) ;
#844 = DIRECTION ( 'NONE',  ( -1.000000000000000000, 0.000000000000000000, 0.000000000000000000 ) ) ;
#845 = VERTEX_POINT ( 'NONE', #12376 ) ;
#846 = ORIENTED_EDGE ( 'NONE', *, *, #7806, .T. ) ;
#847 = LINE ( 'NONE', #10546, #9437 ) ;
#848 = AXIS2_PLACEMENT_3D ( 'NONE', #1218, #265, #11856 ) ;
#849 = AXIS2_PLACEMENT_3D ( 'NONE', #10062, #10125, #10187 ) ;
#850 = EDGE_LOOP ( 'NONE', ( #5777, #8644 ) ) ;
#851 = DIRECTION ( 'NONE',  ( 0.000000000000000000, 1.000000000000000000, 0.000000000000000000 ) ) ;
#852 = DIRECTION ( 'NONE',  ( -0.000000000000000000, -1.000000000000000000, -0.000000000000000000 ) ) ;
#853 = VERTEX_POINT ( 'NONE', #10375 ) ;
#854 = EDGE_CURVE ( 'NONE', #10162, #8596, #6591, .T. ) ;
#855 = DIRECTION ( 'NONE',  ( -1.000000000000000000, 0.000000000000000000, -0.000000000000000000 ) ) ;
#856 = CIRCLE ( 'NONE', #2852, 0.1562499999999993339 ) ;
#857 = LENGTH_MEASURE_WITH_UNIT ( LENGTH_MEASURE( 0.02539999999999999897 ), #10248 );
#858 = AXIS2_PLACEMENT_3D ( 'NONE', #12002, #11369, #1607 ) ;
#859 = SURFACE_STYLE_FILL_AREA ( #8601 ) ;
#860 = MANIFOLD_SOLID_BREP ( 'Boss-Extrude24', #9428 ) ;
#861 = EDGE_LOOP ( 'NONE', ( #12147, #7706 ) ) ;
#862 = PLANE ( 'NONE',  #1215 ) ;
#863 = AXIS2_PLACEMENT_3D ( 'NONE', #6380, #5382, #6443 ) ;
#864 = ORIENTED_EDGE ( 'NONE', *, *, #11784, .T. ) ;
#865 = LINE ( 'NONE', #2744, #8274 ) ;
#866 = VECTOR ( 'NONE', #8017, 39.37007874015748143 ) ;
#867 = ADVANCED_FACE ( 'NONE', ( #3684 ), #6651, .F. ) ;
#868 = DIRECTION ( 'NONE',  ( -1.000000000000000000, 0.000000000000000000, 0.000000000000000000 ) ) ;
#869 = EDGE_CURVE ( 'NONE', #8824, #6720, #1865, .T. ) ;
#870 = DIRECTION ( 'NONE',  ( 0.000000000000000000, -1.000000000000000000, -0.000000000000000000 ) ) ;
#871 = VERTEX_POINT ( 'NONE', #4815 ) ;
#872 = DIRECTION ( 'NONE',  ( 1.000000000000000000, 0.000000000000000000, 0.000000000000000000 ) ) ;
#873 = SURFACE_STYLE_FILL_AREA ( #806 ) ;
#874 = VECTOR ( 'NONE', #6613, 39.37007874015748143 ) ;
#875 =( LENGTH_UNIT ( ) NAMED_UNIT ( * ) SI_UNIT ( $, .METRE. ) );
#876 = ORIENTED_EDGE ( 'NONE', *, *, #1367, .T. ) ;
#877 = DIRECTION ( 'NONE',  ( 0.000000000000000000, 1.000000000000000000, 0.000000000000000000 ) ) ;
#878 = CARTESIAN_POINT ( 'NONE',  ( 12.75000000000000000, 0.000000000000000000, 0.000000000000000000 ) ) ;
#879 = LINE ( 'NONE', #4711, #8073 ) ;
#880 = FACE_OUTER_BOUND ( 'NONE', #4859, .T. ) ;
#881 = AXIS2_PLACEMENT_3D ( 'NONE', #398, #11048, #1470 ) ;
#882 = CARTESIAN_POINT ( 'NONE',  ( 10.51999999999999957, 4.500000000000000000, -2.249999999999999556 ) ) ;
#883 = CARTESIAN_POINT ( 'NONE',  ( 11.99999999999999822, 50.00999999999999091, -1.124999999999997113 ) ) ;
#884 = PLANE ( 'NONE',  #134 ) ;
#885 = ORIENTED_EDGE ( 'NONE', *, *, #10007, .T. ) ;
#886 = DIRECTION ( 'NONE',  ( 1.000000000000000000, -0.000000000000000000, -0.000000000000000000 ) ) ;
#887 = DIRECTION ( 'NONE',  ( -1.000000000000000000, 0.000000000000000000, 0.000000000000000000 ) ) ;
#888 = CARTESIAN_POINT ( 'NONE',  ( -11.26000000000000156, 11.24000000000000199, -1.500000000000000222 ) ) ;
#889 = VECTOR ( 'NONE', #2842, 39.37007874015748143 ) ;
#890 = ORIENTED_EDGE ( 'NONE', *, *, #854, .T. ) ;
#891 = DIRECTION ( 'NONE',  ( -0.000000000000000000, -0.000000000000000000, 1.000000000000000000 ) ) ;
#892 = EDGE_CURVE ( 'NONE', #2949, #10345, #5715, .T. ) ;
#893 = DIRECTION ( 'NONE',  ( -0.000000000000000000, 1.000000000000000000, 7.850137912828339862E-17 ) ) ;
#894 = CARTESIAN_POINT ( 'NONE',  ( -3.220000000000002416, 57.99999999999999289, 0.7500000000000001110 ) ) ;
#895 = FACE_OUTER_BOUND ( 'NONE', #11175, .T. ) ;
#896 = ORIENTED_EDGE ( 'NONE', *, *, #12043, .F. ) ;
#897 = LENGTH_MEASURE_WITH_UNIT ( LENGTH_MEASURE( 0.02539999999999999897 ), #9539 );
#898 = CARTESIAN_POINT ( 'NONE',  ( -1.740000000000002656, 69.23000000000000398, 0.000000000000000000 ) ) ;
#899 = EDGE_CURVE ( 'NONE', #11051, #1393, #11378, .T. ) ;
#900 = DIRECTION ( 'NONE',  ( -1.000000000000000000, 0.000000000000000000, 0.000000000000000000 ) ) ;
#901 = VERTEX_POINT ( 'NONE', #9560 ) ;
#902 = AXIS2_PLACEMENT_3D ( 'NONE', #11036, #2402, #1275 ) ;
#903 = MANIFOLD_SOLID_BREP ( 'Mirror2[3]', #4994 ) ;
#904 = ORIENTED_EDGE ( 'NONE', *, *, #2087, .F. ) ;
#905 = ORIENTED_EDGE ( 'NONE', *, *, #50, .F. ) ;
#906 = CARTESIAN_POINT ( 'NONE',  ( -11.99999999999999822, 21.22999999999999687, -1.500000000000000222 ) ) ;
#907 = ORIENTED_EDGE ( 'NONE', *, *, #2257, .T. ) ;
#908 = AXIS2_PLACEMENT_3D ( 'NONE', #10201, #1560, #12324 ) ;
#909 = ORIENTED_EDGE ( 'NONE', *, *, #343, .T. ) ;
#910 = DIRECTION ( 'NONE',  ( 1.000000000000000000, 0.000000000000000000, 0.000000000000000000 ) ) ;
#911 = VECTOR ( 'NONE', #2939, 39.37007874015748143 ) ;
#912 = EDGE_CURVE ( 'NONE', #523, #3339, #921, .T. ) ;
#913 = CARTESIAN_POINT ( 'NONE',  ( -11.00000000000000000, 42.50999999999999801, -1.124999999999997113 ) ) ;
#914 = VERTEX_POINT ( 'NONE', #1100 ) ;
#915 = FACE_OUTER_BOUND ( 'NONE', #6569, .T. ) ;
#916 = LINE ( 'NONE', #6586, #7718 ) ;
#917 = ORIENTED_EDGE ( 'NONE', *, *, #7497, .F. ) ;
#918 = VECTOR ( 'NONE', #1079, 39.37007874015748143 ) ;
#919 = AXIS2_PLACEMENT_3D ( 'NONE', #11900, #3270, #6486 ) ;
#920 = PLANE ( 'NONE',  #4949 ) ;
#921 = LINE ( 'NONE', #11866, #999 ) ;
#922 = MANIFOLD_SOLID_BREP ( 'Cut-Extrude4[4]', #12041 ) ;
#923 = VERTEX_POINT ( 'NONE', #337 ) ;
#924 = AXIS2_PLACEMENT_3D ( 'NONE', #5409, #3692, #10320 ) ;
#925 = ADVANCED_FACE ( 'NONE', ( #4936 ), #8025, .F. ) ;
#926 = DIRECTION ( 'NONE',  ( -0.000000000000000000, 0.000000000000000000, 1.000000000000000000 ) ) ;
#927 = DIRECTION ( 'NONE',  ( -0.000000000000000000, -1.000000000000000000, -0.000000000000000000 ) ) ;
#928 = VERTEX_POINT ( 'NONE', #5892 ) ;
#929 = PLANE ( 'NONE',  #1446 ) ;
#930 = ORIENTED_EDGE ( 'NONE', *, *, #6743, .T. ) ;
#931 = PLANE ( 'NONE',  #2729 ) ;
#932 = DIRECTION ( 'NONE',  ( 0.000000000000000000, 0.000000000000000000, -1.000000000000000000 ) ) ;
#933 = ORIENTED_EDGE ( 'NONE', *, *, #318, .T. ) ;
#934 = AXIS2_PLACEMENT_3D ( 'NONE', #8921, #7091, #7152 ) ;
#935 = CARTESIAN_POINT ( 'NONE',  ( -1.740000000000002656, 69.23000000000000398, -0.7500000000000001110 ) ) ;
#936 = VERTEX_POINT ( 'NONE', #10680 ) ;
#937 = FILL_AREA_STYLE_COLOUR ( '', #7650 ) ;
#938 = EDGE_CURVE ( 'NONE', #9926, #2413, #9746, .T. ) ;
#939 = DIRECTION ( 'NONE',  ( 0.000000000000000000, -1.000000000000000000, -2.491592112898606819E-16 ) ) ;
#940 = AXIS2_PLACEMENT_3D ( 'NONE', #11218, #5430, #4174 ) ;
#941 = DIRECTION ( 'NONE',  ( 0.000000000000000000, 0.000000000000000000, -1.000000000000000000 ) ) ;
#942 = CARTESIAN_POINT ( 'NONE',  ( 11.26000000000000156, 51.69999999999999574, 0.000000000000000000 ) ) ;
#943 = CARTESIAN_POINT ( 'NONE',  ( 12.75000000000000000, 41.00999999999999801, -1.281249999999994893 ) ) ;
#944 = PLANE ( 'NONE',  #2124 ) ;
#945 = CARTESIAN_POINT ( 'NONE',  ( 10.51999999999999957, 59.18999999999999773, -2.249999999999999556 ) ) ;
#946 = ORIENTED_EDGE ( 'NONE', *, *, #8285, .F. ) ;
#947 = LENGTH_MEASURE_WITH_UNIT ( LENGTH_MEASURE( 0.02539999999999999897 ), #7688 );
#948 = VECTOR ( 'NONE', #4014, 39.37007874015748143 ) ;
#949 = CARTESIAN_POINT ( 'NONE',  ( -3.220000000000002416, 22.51999999999998181, 0.000000000000000000 ) ) ;
#950 = CARTESIAN_POINT ( 'NONE',  ( 10.51999999999999247, 3.750000000000003553, 8.589666975669972615 ) ) ;
#951 = EDGE_CURVE ( 'NONE', #5244, #2538, #11678, .T. ) ;
#952 = ORIENTED_EDGE ( 'NONE', *, *, #5769, .F. ) ;
#953 = EDGE_CURVE ( 'NONE', #5028, #2429, #3045, .T. ) ;
#954 = DIRECTION ( 'NONE',  ( -1.000000000000000000, 0.000000000000000000, -0.000000000000000000 ) ) ;
#955 = DIRECTION ( 'NONE',  ( -1.000000000000000000, 0.000000000000000000, 0.000000000000000000 ) ) ;
#956 = SURFACE_STYLE_FILL_AREA ( #4544 ) ;
#957 = AXIS2_PLACEMENT_3D ( 'NONE', #3759, #6786, #7732 ) ;
#958 = CARTESIAN_POINT ( 'NONE',  ( -11.99999999999999822, 32.00999999999999091, -1.124999999999997113 ) ) ;
#959 = ORIENTED_EDGE ( 'NONE', *, *, #10256, .T. ) ;
#960 =( NAMED_UNIT ( * ) SI_UNIT ( $, .STERADIAN. ) SOLID_ANGLE_UNIT ( ) );
#961 = DIRECTION ( 'NONE',  ( 1.000000000000000000, 0.000000000000000000, 0.000000000000000000 ) ) ;
#962 = DIRECTION ( 'NONE',  ( -1.000000000000000000, 0.000000000000000000, 0.000000000000000000 ) ) ;
#963 = ORIENTED_EDGE ( 'NONE', *, *, #12126, .T. ) ;
#964 = MANIFOLD_SOLID_BREP ( 'Mirror2[1]', #7409 ) ;
#965 = ORIENTED_EDGE ( 'NONE', *, *, #2048, .T. ) ;
#966 = ORIENTED_EDGE ( 'NONE', *, *, #7127, .F. ) ;
#967 = CARTESIAN_POINT ( 'NONE',  ( 11.99999999999999822, 48.71000000000000085, -1.500000000000000222 ) ) ;
#968 = VERTEX_POINT ( 'NONE', #5515 ) ;
#969 = COLOUR_RGB ( '',1.000000000000000000, 1.000000000000000000, 1.000000000000000000 ) ;
#970 = VERTEX_POINT ( 'NONE', #6452 ) ;
#971 = ADVANCED_FACE ( 'NONE', ( #9345 ), #9807, .F. ) ;
#972 = CARTESIAN_POINT ( 'NONE',  ( -11.26000000000000156, 21.71999999999999886, 0.000000000000000000 ) ) ;
#973 = CARTESIAN_POINT ( 'NONE',  ( -11.26000000000000156, 13.74000000000000199, -1.500000000000000222 ) ) ;
#974 = CYLINDRICAL_SURFACE ( 'NONE', #1249, 0.1562499999999990563 ) ;
#975 = CARTESIAN_POINT ( 'NONE',  ( -11.09930647321519182, 51.63894366281989790, -1.036511808778997068 ) ) ;
#976 = ORIENTED_EDGE ( 'NONE', *, *, #9808, .F. ) ;
#977 = CARTESIAN_POINT ( 'NONE',  ( -12.75000000000000000, 39.50999999999999801, -1.281249999999996003 ) ) ;
#978 = EDGE_CURVE ( 'NONE', #10633, #8200, #590, .T. ) ;
#979 = EDGE_CURVE ( 'NONE', #11300, #3088, #5433, .T. ) ;
#980 = SURFACE_SIDE_STYLE ('',( #10432 ) ) ;
#981 = MANIFOLD_SOLID_BREP ( 'Cut-Extrude4[2]', #2175 ) ;
#982 = ORIENTED_EDGE ( 'NONE', *, *, #9255, .T. ) ;
#983 = CIRCLE ( 'NONE', #3591, 0.1562499999999979461 ) ;
#984 = LINE ( 'NONE', #7911, #7660 ) ;
#985 =( NAMED_UNIT ( * ) PLANE_ANGLE_UNIT ( ) SI_UNIT ( $, .RADIAN. ) );
#986 = ORIENTED_EDGE ( 'NONE', *, *, #5192, .F. ) ;
#987 = DIRECTION ( 'NONE',  ( 0.000000000000000000, 0.000000000000000000, -1.000000000000000000 ) ) ;
#988 = ORIENTED_EDGE ( 'NONE', *, *, #1706, .T. ) ;
#989 = CARTESIAN_POINT ( 'NONE',  ( 3.219999999999996643, 25.01999999999998181, 0.000000000000000000 ) ) ;
#990 = CIRCLE ( 'NONE', #3195, 0.1562499999999978073 ) ;
#991 = DIRECTION ( 'NONE',  ( 0.000000000000000000, 0.000000000000000000, -1.000000000000000000 ) ) ;
#992 = VECTOR ( 'NONE', #4566, 39.37007874015748143 ) ;
#993 = LENGTH_MEASURE_WITH_UNIT ( LENGTH_MEASURE( 0.02539999999999999897 ), #10689 );
#994 = ADVANCED_FACE ( 'NONE', ( #5322 ), #10297, .F. ) ;
#995 =( NAMED_UNIT ( * ) SI_UNIT ( $, .STERADIAN. ) SOLID_ANGLE_UNIT ( ) );
#996 = VERTEX_POINT ( 'NONE', #10991 ) ;
#997 = AXIS2_PLACEMENT_3D ( 'NONE', #4294, #11105, #8139 ) ;
#998 = CARTESIAN_POINT ( 'NONE',  ( 0.000000000000000000, 23.76999999999998536, 0.7500000000000004441 ) ) ;
#999 = VECTOR ( 'NONE', #10866, 39.37007874015748143 ) ;
#1000 = MANIFOLD_SOLID_BREP ( 'Cut-Extrude1[4]', #9833 ) ;
#1001 = LINE ( 'NONE', #10455, #5261 ) ;
#1002 = CARTESIAN_POINT ( 'NONE',  ( 10.51999999999999247, 4.500000000000002665, 2.185478394931410575E-15 ) ) ;
#1003 = DIRECTION ( 'NONE',  ( 1.000000000000000000, -0.000000000000000000, -0.000000000000000000 ) ) ;
#1004 = LINE ( 'NONE', #4074, #3926 ) ;
#1005 = DIRECTION ( 'NONE',  ( 0.000000000000000000, 0.000000000000000000, -1.000000000000000000 ) ) ;
#1006 = ORIENTED_EDGE ( 'NONE', *, *, #9978, .F. ) ;
#1007 = CARTESIAN_POINT ( 'NONE',  ( 10.51999999999999957, 3.750000000000000888, -0.7500000000000001110 ) ) ;
#1008 = AXIS2_PLACEMENT_3D ( 'NONE', #10136, #10073, #8044 ) ;
#1009 = STYLED_ITEM ( 'NONE', ( #11654 ), #1146 ) ;
#1010 = CARTESIAN_POINT ( 'NONE',  ( 12.75000000000000000, 28.49999999999999289, 2.730000000000003535 ) ) ;
#1011 = PLANE ( 'NONE',  #3511 ) ;
#1012 = EDGE_LOOP ( 'NONE', ( #1082, #10994, #8236, #6246 ) ) ;
#1013 = CARTESIAN_POINT ( 'NONE',  ( -11.08815000000000062, 24.21999999999999531, -1.499999999999996891 ) ) ;
#1014 = LINE ( 'NONE', #9533, #2034 ) ;
#1015 = VECTOR ( 'NONE', #11253, 39.37007874015748143 ) ;
#1016 = CARTESIAN_POINT ( 'NONE',  ( -11.99999999999999822, 52.18999999999999773, -1.500000000000000222 ) ) ;
#1017 = CARTESIAN_POINT ( 'NONE',  ( -11.00000000000000000, 30.50999999999998735, -1.281249999999994893 ) ) ;
#1018 = EDGE_LOOP ( 'NONE', ( #6223, #5924, #2430, #7584 ) ) ;
#1019 = CARTESIAN_POINT ( 'NONE',  ( -12.75000000000000000, 54.50999999999998380, -1.281249999999996669 ) ) ;
#1020 = CARTESIAN_POINT ( 'NONE',  ( -6.000000000000002665, 54.01999999999999602, 3.479999999999999982 ) ) ;
#1021 = LINE ( 'NONE', #4977, #2092 ) ;
#1022 = EDGE_LOOP ( 'NONE', ( #9381, #1811, #8733, #7441 ) ) ;
#1023 = MANIFOLD_SOLID_BREP ( 'Boss-Extrude13', #9636 ) ;
#1024 = EDGE_CURVE ( 'NONE', #4275, #5264, #10865, .T. ) ;
#1025 = ORIENTED_EDGE ( 'NONE', *, *, #12277, .F. ) ;
#1026 = ADVANCED_FACE ( 'NONE', ( #10412 ), #10291, .F. ) ;
#1027 = VERTEX_POINT ( 'NONE', #1780 ) ;
#1028 = DIRECTION ( 'NONE',  ( 0.000000000000000000, 1.000000000000000000, -0.000000000000000000 ) ) ;
#1029 = AXIS2_PLACEMENT_3D ( 'NONE', #7757, #5926, #6118 ) ;
#1030 = ORIENTED_EDGE ( 'NONE', *, *, #7380, .T. ) ;
#1031 = VERTEX_POINT ( 'NONE', #769 ) ;
#1032 = DIRECTION ( 'NONE',  ( -1.000000000000000000, -0.000000000000000000, -0.000000000000000000 ) ) ;
#1033 = DIRECTION ( 'NONE',  ( -1.000000000000000000, 0.000000000000000000, 0.000000000000000000 ) ) ;
#1034 = ORIENTED_EDGE ( 'NONE', *, *, #1220, .F. ) ;
#1035 = DIRECTION ( 'NONE',  ( 1.000000000000000000, -0.000000000000000000, -0.000000000000000000 ) ) ;
#1036 = DIRECTION ( 'NONE',  ( 1.000000000000000000, -0.000000000000000000, -0.000000000000000000 ) ) ;
#1037 = AXIS2_PLACEMENT_3D ( 'NONE', #296, #4137, #9117 ) ;
#1038 = CARTESIAN_POINT ( 'NONE',  ( 11.99999999999999822, 56.00999999999999091, -0.9687499999999992228 ) ) ;
#1039 = VERTEX_POINT ( 'NONE', #2717 ) ;
#1040 = LINE ( 'NONE', #12432, #3144 ) ;
#1041 = ADVANCED_FACE ( 'NONE', ( #3599 ), #2776, .T. ) ;
#1042 = AXIS2_PLACEMENT_3D ( 'NONE', #3495, #1107, #37 ) ;
#1043 = ORIENTED_EDGE ( 'NONE', *, *, #9479, .F. ) ;
#1044 = ORIENTED_EDGE ( 'NONE', *, *, #673, .T. ) ;
#1045 = CARTESIAN_POINT ( 'NONE',  ( 12.75000000000000000, 39.50999999999999801, -1.281249999999996003 ) ) ;
#1046 = ADVANCED_FACE ( 'NONE', ( #7453 ), #12172, .F. ) ;
#1047 = ORIENTED_EDGE ( 'NONE', *, *, #9026, .F. ) ;
#1048 = CARTESIAN_POINT ( 'NONE',  ( -11.08815000000000062, 13.74000000000000199, -1.500000000000000222 ) ) ;
#1049 = ORIENTED_EDGE ( 'NONE', *, *, #6061, .F. ) ;
#1050 = AXIS2_PLACEMENT_3D ( 'NONE', #913, #3801, #2099 ) ;
#1051 = CARTESIAN_POINT ( 'NONE',  ( -11.26000000000000156, 24.21999999999999531, -1.500000000000000222 ) ) ;
#1052 = VECTOR ( 'NONE', #396, 39.37007874015748143 ) ;
#1053 = EDGE_CURVE ( 'NONE', #6622, #3906, #3728, .T. ) ;
#1054 = CARTESIAN_POINT ( 'NONE',  ( 0.000000000000000000, 56.75000000000000000, 0.7500000000000004441 ) ) ;
#1055 = CARTESIAN_POINT ( 'NONE',  ( 0.3749999999999975020, 69.23000000000000398, 0.000000000000000000 ) ) ;
#1056 = CARTESIAN_POINT ( 'NONE',  ( 12.75000000000000000, 35.00999999999999091, -0.9687499999999992228 ) ) ;
#1057 = CARTESIAN_POINT ( 'NONE',  ( 12.75000000000000000, 26.00999999999999091, -1.124999999999997113 ) ) ;
#1058 = VERTEX_POINT ( 'NONE', #6507 ) ;
#1059 = VECTOR ( 'NONE', #8520, 39.37007874015748143 ) ;
#1060 = AXIS2_PLACEMENT_3D ( 'NONE', #2077, #5093, #8750 ) ;
#1061 = FACE_BOUND ( 'NONE', #3297, .T. ) ;
#1062 = EDGE_CURVE ( 'NONE', #583, #8181, #10472, .T. ) ;
#1063 = CARTESIAN_POINT ( 'NONE',  ( -11.99999999999999822, 3.750000000000000888, -1.500000000000000222 ) ) ;
#1064 = CARTESIAN_POINT ( 'NONE',  ( 12.75000000000000000, 57.50999999999999091, -1.124999999999997113 ) ) ;
#1065 = CARTESIAN_POINT ( 'NONE',  ( -11.99999999999999822, 48.71000000000000085, -0.7499999999999940048 ) ) ;
#1066 = LINE ( 'NONE', #2136, #4538 ) ;
#1067 = DIRECTION ( 'NONE',  ( -1.000000000000000000, 0.000000000000000000, 0.000000000000000000 ) ) ;
#1068 = ORIENTED_EDGE ( 'NONE', *, *, #8869, .T. ) ;
#1069 = CIRCLE ( 'NONE', #8710, 0.1562499999999979461 ) ;
#1070 = DIRECTION ( 'NONE',  ( 0.000000000000000000, 0.000000000000000000, -1.000000000000000000 ) ) ;
#1071 = CARTESIAN_POINT ( 'NONE',  ( -12.75000000000000000, 36.50999999999999091, -1.124999999999997113 ) ) ;
#1072 = DIRECTION ( 'NONE',  ( 0.000000000000000000, -1.000000000000000000, 0.000000000000000000 ) ) ;
#1073 = ORIENTED_EDGE ( 'NONE', *, *, #7986, .F. ) ;
#1074 = DIRECTION ( 'NONE',  ( 1.000000000000000000, -0.000000000000000000, -0.000000000000000000 ) ) ;
#1075 = ADVANCED_FACE ( 'NONE', ( #11231 ), #5691, .F. ) ;
#1076 = CARTESIAN_POINT ( 'NONE',  ( 10.51999999999999957, 59.18999999999999773, -1.500000000000000222 ) ) ;
#1077 = PLANE ( 'NONE',  #11178 ) ;
#1078 = DIRECTION ( 'NONE',  ( 0.000000000000000000, 0.000000000000000000, -1.000000000000000000 ) ) ;
#1079 = DIRECTION ( 'NONE',  ( 0.000000000000000000, -1.000000000000000000, 0.000000000000000000 ) ) ;
#1080 = CARTESIAN_POINT ( 'NONE',  ( -11.08815000000000062, 24.21999999999999531, 0.000000000000000000 ) ) ;
#1081 = ORIENTED_EDGE ( 'NONE', *, *, #10690, .T. ) ;
#1082 = ORIENTED_EDGE ( 'NONE', *, *, #8660, .F. ) ;
#1083 = VECTOR ( 'NONE', #1850, 39.37007874015748143 ) ;
#1084 = ORIENTED_EDGE ( 'NONE', *, *, #4008, .T. ) ;
#1085 = FACE_OUTER_BOUND ( 'NONE', #3871, .T. ) ;
#1086 = ORIENTED_EDGE ( 'NONE', *, *, #1706, .F. ) ;
#1087 = ORIENTED_EDGE ( 'NONE', *, *, #576, .F. ) ;
#1088 = CARTESIAN_POINT ( 'NONE',  ( -11.99999999999999822, 3.749999999999999556, 0.000000000000000000 ) ) ;
#1089 = ADVANCED_FACE ( 'NONE', ( #8637 ), #3846, .F. ) ;
#1090 = EDGE_CURVE ( 'NONE', #4237, #3649, #5154, .T. ) ;
#1091 = VECTOR ( 'NONE', #10403, 39.37007874015748143 ) ;
#1092 = DIRECTION ( 'NONE',  ( 0.000000000000000000, 1.000000000000000000, 0.000000000000000000 ) ) ;
#1093 = ORIENTED_EDGE ( 'NONE', *, *, #7362, .T. ) ;
#1094 = FACE_OUTER_BOUND ( 'NONE', #5042, .T. ) ;
#1095 = CARTESIAN_POINT ( 'NONE',  ( 11.26000000000000156, 49.19999999999999574, -1.499999999999993783 ) ) ;
#1096 = DIRECTION ( 'NONE',  ( 0.000000000000000000, 0.000000000000000000, -1.000000000000000000 ) ) ;
#1097 = ORIENTED_EDGE ( 'NONE', *, *, #9822, .T. ) ;
#1098 = LINE ( 'NONE', #10739, #5152 ) ;
#1099 = CIRCLE ( 'NONE', #6927, 0.1562499999999957812 ) ;
#1100 = CARTESIAN_POINT ( 'NONE',  ( 11.99999999999999822, 35.00999999999999091, -1.281249999999994893 ) ) ;
#1101 = COLOUR_RGB ( '',1.000000000000000000, 1.000000000000000000, 1.000000000000000000 ) ;
#1102 = EDGE_LOOP ( 'NONE', ( #3328, #6760, #2463, #8785 ) ) ;
#1103 = EDGE_CURVE ( 'NONE', #8221, #6203, #10637, .T. ) ;
#1104 = EDGE_CURVE ( 'NONE', #10263, #4159, #6108, .T. ) ;
#1105 = CARTESIAN_POINT ( 'NONE',  ( -11.08815000000000062, 11.24000000000000199, 0.000000000000000000 ) ) ;
#1106 = AXIS2_PLACEMENT_3D ( 'NONE', #9136, #7117, #6183 ) ;
#1107 = DIRECTION ( 'NONE',  ( 0.000000000000000000, -1.000000000000000000, 0.000000000000000000 ) ) ;
#1108 = ORIENTED_EDGE ( 'NONE', *, *, #4658, .F. ) ;
#1109 = FACE_OUTER_BOUND ( 'NONE', #319, .T. ) ;
#1110 = EDGE_LOOP ( 'NONE', ( #7939, #8532 ) ) ;
#1111 = DIRECTION ( 'NONE',  ( -1.000000000000000000, 0.000000000000000000, 0.000000000000000000 ) ) ;
#1112 = LINE ( 'NONE', #10005, #10420 ) ;
#1113 = CARTESIAN_POINT ( 'NONE',  ( 0.000000000000000000, 57.99999999999999289, 0.000000000000000000 ) ) ;
#1114 = DIRECTION ( 'NONE',  ( -1.000000000000000000, 0.000000000000000000, 0.000000000000000000 ) ) ;
#1115 = AXIS2_PLACEMENT_3D ( 'NONE', #11581, #11701, #4837 ) ;
#1116 = AXIS2_PLACEMENT_3D ( 'NONE', #1265, #313, #4152 ) ;
#1117 =( NAMED_UNIT ( * ) SI_UNIT ( $, .STERADIAN. ) SOLID_ANGLE_UNIT ( ) );
#1118 = ORIENTED_EDGE ( 'NONE', *, *, #4745, .T. ) ;
#1119 = EDGE_CURVE ( 'NONE', #2413, #3314, #1963, .T. ) ;
#1120 = CARTESIAN_POINT ( 'NONE',  ( 12.75000000000000000, 29.97999999999998977, 2.729999999999999982 ) ) ;
#1121 = CARTESIAN_POINT ( 'NONE',  ( -11.99999999999999822, 59.18999999999999773, -1.500000000000000222 ) ) ;
#1122 = DIRECTION ( 'NONE',  ( 0.000000000000000000, 0.000000000000000000, -1.000000000000000000 ) ) ;
#1123 = LINE ( 'NONE', #4959, #11580 ) ;
#1124 = VECTOR ( 'NONE', #6276, 39.37007874015748854 ) ;
#1125 = CARTESIAN_POINT ( 'NONE',  ( -11.26000000000000156, 24.21999999999999531, -1.500000000000000222 ) ) ;
#1126 = AXIS2_PLACEMENT_3D ( 'NONE', #11766, #6850, #1188 ) ;
#1127 = LINE ( 'NONE', #2194, #12379 ) ;
#1128 = LINE ( 'NONE', #1829, #10601 ) ;
#1129 = EDGE_LOOP ( 'NONE', ( #3483, #494, #10471, #2422 ) ) ;
#1130 = CARTESIAN_POINT ( 'NONE',  ( 11.99999999999999645, 3.750000000000003553, -9.410333024330023832 ) ) ;
#1131 = ADVANCED_FACE ( 'NONE', ( #10888 ), #11477, .F. ) ;
#1132 = FACE_OUTER_BOUND ( 'NONE', #6312, .T. ) ;
#1133 = ADVANCED_FACE ( 'NONE', ( #6756 ), #2254, .F. ) ;
#1134 = LINE ( 'NONE', #7811, #4721 ) ;
#1135 = AXIS2_PLACEMENT_3D ( 'NONE', #1582, #9031, #8970 ) ;
#1136 = ORIENTED_EDGE ( 'NONE', *, *, #809, .F. ) ;
#1137 = EDGE_CURVE ( 'NONE', #2675, #6879, #8019, .T. ) ;
#1138 = DIRECTION ( 'NONE',  ( -0.000000000000000000, 1.000000000000000000, -0.000000000000000000 ) ) ;
#1139 = DIRECTION ( 'NONE',  ( 0.000000000000000000, -1.000000000000000000, -1.177520686924250979E-16 ) ) ;
#1140 = CARTESIAN_POINT ( 'NONE',  ( 11.00000000000000000, 32.00999999999999091, -0.9687499999999992228 ) ) ;
#1141 = PLANE ( 'NONE',  #5288 ) ;
#1142 = DIRECTION ( 'NONE',  ( -0.000000000000000000, -0.000000000000000000, 1.000000000000000000 ) ) ;
#1143 = CARTESIAN_POINT ( 'NONE',  ( 12.75000000000000000, 50.00999999999999091, -0.9687500000000012212 ) ) ;
#1144 = EDGE_LOOP ( 'NONE', ( #740, #8311, #3280, #24 ) ) ;
#1145 = VECTOR ( 'NONE', #10952, 39.37007874015748143 ) ;
#1146 = MANIFOLD_SOLID_BREP ( 'Mirror2[4]', #6005 ) ;
#1147 = ORIENTED_EDGE ( 'NONE', *, *, #4687, .T. ) ;
#1148 = EDGE_LOOP ( 'NONE', ( #6066, #6385, #2277, #3823 ) ) ;
#1149 = UNCERTAINTY_MEASURE_WITH_UNIT (LENGTH_MEASURE( 1.000000000000000082E-05 ), #23, 'distance_accuracy_value', 'NONE');
#1150 = EDGE_CURVE ( 'NONE', #5544, #11947, #3589, .T. ) ;
#1151 = LINE ( 'NONE', #199, #1905 ) ;
#1152 = ORIENTED_EDGE ( 'NONE', *, *, #6643, .F. ) ;
#1153 = ORIENTED_EDGE ( 'NONE', *, *, #6781, .T. ) ;
#1154 = DIRECTION ( 'NONE',  ( 1.000000000000000000, 0.000000000000000000, 0.000000000000000000 ) ) ;
#1155 = STYLED_ITEM ( 'NONE', ( #3186 ), #8850 ) ;
#1156 = PLANE ( 'NONE',  #4966 ) ;
#1157 = CARTESIAN_POINT ( 'NONE',  ( -11.43185000000000251, 21.71999999999999886, -2.250000000000000444 ) ) ;
#1158 = ORIENTED_EDGE ( 'NONE', *, *, #3210, .F. ) ;
#1159 = DIRECTION ( 'NONE',  ( -0.000000000000000000, -1.000000000000000000, -0.000000000000000000 ) ) ;
#1160 = PLANE ( 'NONE',  #5960 ) ;
#1161 = CARTESIAN_POINT ( 'NONE',  ( -11.10250219750321143, 51.63111801346453689, -1.026070454456807557 ) ) ;
#1162 = ORIENTED_EDGE ( 'NONE', *, *, #8485, .F. ) ;
#1163 = LINE ( 'NONE', #1924, #11997 ) ;
#1164 = ORIENTED_EDGE ( 'NONE', *, *, #3360, .T. ) ;
#1165 = DIMENSIONAL_EXPONENTS ( 1.000000000000000000, 0.000000000000000000, 0.000000000000000000, 0.000000000000000000, 0.000000000000000000, 0.000000000000000000, 0.000000000000000000 ) ;
#1166 = AXIS2_PLACEMENT_3D ( 'NONE', #8046, #2433, #1371 ) ;
#1167 = EDGE_CURVE ( 'NONE', #7977, #3853, #9053, .T. ) ;
#1168 = FILL_AREA_STYLE_COLOUR ( '', #7845 ) ;
#1169 = MANIFOLD_SOLID_BREP ( 'Mirror2[2]', #6403 ) ;
#1170 = ORIENTED_EDGE ( 'NONE', *, *, #4642, .T. ) ;
#1171 = LINE ( 'NONE', #219, #782 ) ;
#1172 = FACE_OUTER_BOUND ( 'NONE', #11252, .T. ) ;
#1173 = DIRECTION ( 'NONE',  ( 0.000000000000000000, 0.000000000000000000, -1.000000000000000000 ) ) ;
#1174 = ORIENTED_EDGE ( 'NONE', *, *, #8239, .T. ) ;
#1175 = DIRECTION ( 'NONE',  ( -1.000000000000000000, -0.000000000000000000, -0.000000000000000000 ) ) ;
#1176 = ORIENTED_EDGE ( 'NONE', *, *, #9185, .F. ) ;
#1177 = CARTESIAN_POINT ( 'NONE',  ( -22.06250000000002132, 3.750000000000000000, -8.612199694973096342 ) ) ;
#1178 = CARTESIAN_POINT ( 'NONE',  ( 11.99999999999999822, 59.18999999999999773, -0.7500000000000001110 ) ) ;
#1179 = LENGTH_MEASURE_WITH_UNIT ( LENGTH_MEASURE( 0.02539999999999999897 ), #2182 );
#1180 = EDGE_CURVE ( 'NONE', #1625, #515, #8559, .T. ) ;
#1181 = CLOSED_SHELL ( 'NONE', ( #2000, #9893, #3108, #5835, #8323, #11070, #7077, #8129, #10053, #10060, #11458, #3558, #5565, #1863, #220, #5222, #6950, #2505, #9692, #722, #9526, #10179, #2227, #12194, #5873, #6588, #6439, #6835, #509, #2905, #4434, #8031, #6030, #54, #994, #5424, #7608, #6978, #6903, #8884, #12204, #2674, #1790, #9416, #4556, #550, #9924, #3841, #10222, #375, #11449, #3687, #4823, #10216 ) ) ;
#1182 = DIRECTION ( 'NONE',  ( 1.000000000000000000, -0.000000000000000000, -0.000000000000000000 ) ) ;
#1183 = ORIENTED_EDGE ( 'NONE', *, *, #4667, .T. ) ;
#1184 = FACE_BOUND ( 'NONE', #5230, .T. ) ;
#1185 = MANIFOLD_SOLID_BREP ( 'Boss-Extrude16[1]', #368 ) ;
#1186 = CARTESIAN_POINT ( 'NONE',  ( -12.00000000000000355, 3.750000000000000888, 8.589666975669972615 ) ) ;
#1187 = VECTOR ( 'NONE', #4927, 39.37007874015748143 ) ;
#1188 = DIRECTION ( 'NONE',  ( 0.000000000000000000, -0.000000000000000000, 1.000000000000000000 ) ) ;
#1189 = VECTOR ( 'NONE', #7874, 39.37007874015748143 ) ;
#1190 = DIRECTION ( 'NONE',  ( -0.000000000000000000, -0.000000000000000000, 1.000000000000000000 ) ) ;
#1191 = CARTESIAN_POINT ( 'NONE',  ( -11.43185000000000251, 24.21999999999999531, 0.000000000000000000 ) ) ;
#1192 = CARTESIAN_POINT ( 'NONE',  ( -11.99999999999999822, 3.750000000000003553, -0.7500000000000001110 ) ) ;
#1193 = ORIENTED_EDGE ( 'NONE', *, *, #3210, .T. ) ;
#1194 = DIRECTION ( 'NONE',  ( 0.000000000000000000, 0.000000000000000000, -1.000000000000000000 ) ) ;
#1195 = EDGE_CURVE ( 'NONE', #3314, #8904, #5543, .T. ) ;
#1196 = CARTESIAN_POINT ( 'NONE',  ( 11.99999999999999822, 59.18999999999999773, 0.000000000000000000 ) ) ;
#1197 = FACE_BOUND ( 'NONE', #10545, .T. ) ;
#1198 = VECTOR ( 'NONE', #3146, 39.37007874015748143 ) ;
#1199 = EDGE_LOOP ( 'NONE', ( #6130, #11125 ) ) ;
#1200 = PLANE ( 'NONE',  #11065 ) ;
#1201 = CARTESIAN_POINT ( 'NONE',  ( 10.51999999999999957, 3.750000000000000888, -1.500000000000000222 ) ) ;
#1202 = CYLINDRICAL_SURFACE ( 'NONE', #304, 0.1562499999999979461 ) ;
#1203 = CARTESIAN_POINT ( 'NONE',  ( -11.26000000000000156, 24.21999999999999531, -0.7499999999999972244 ) ) ;
#1204 = EDGE_CURVE ( 'NONE', #9410, #9128, #8496, .T. ) ;
#1205 = LINE ( 'NONE', #3968, #3917 ) ;
#1206 = CIRCLE ( 'NONE', #11269, 0.1562499999999979461 ) ;
#1207 = CARTESIAN_POINT ( 'NONE',  ( 10.51999999999999247, 3.750000000000003553, 8.589666975669972615 ) ) ;
#1208 = ORIENTED_EDGE ( 'NONE', *, *, #8239, .F. ) ;
#1209 = VERTEX_POINT ( 'NONE', #11397 ) ;
#1210 = ADVANCED_FACE ( 'NONE', ( #2754 ), #10451, .F. ) ;
#1211 = ORIENTED_EDGE ( 'NONE', *, *, #4892, .T. ) ;
#1212 = CARTESIAN_POINT ( 'NONE',  ( -6.000000000000002665, 54.01999999999999602, 3.479999999999999982 ) ) ;
#1213 = VERTEX_POINT ( 'NONE', #3114 ) ;
#1214 = ORIENTED_EDGE ( 'NONE', *, *, #11193, .F. ) ;
#1215 = AXIS2_PLACEMENT_3D ( 'NONE', #3623, #8414, #7602 ) ;
#1216 = LINE ( 'NONE', #8833, #5217 ) ;
#1217 = CARTESIAN_POINT ( 'NONE',  ( 11.38845304885854226, 51.58566697435147574, -1.261801851180208045 ) ) ;
#1218 = CARTESIAN_POINT ( 'NONE',  ( -11.99999999999999822, 51.50999999999999091, -1.124999999999997113 ) ) ;
#1219 = EDGE_LOOP ( 'NONE', ( #3367, #12038, #4819, #11680 ) ) ;
#1220 = EDGE_CURVE ( 'NONE', #2167, #8399, #8974, .T. ) ;
#1221 = DIRECTION ( 'NONE',  ( -0.000000000000000000, -0.000000000000000000, -1.000000000000000000 ) ) ;
#1222 = PLANE ( 'NONE',  #3306 ) ;
#1223 = CARTESIAN_POINT ( 'NONE',  ( -11.40905792017601428, 51.61430256518785598, -1.008503233075340288 ) ) ;
#1224 = VERTEX_POINT ( 'NONE', #9811 ) ;
#1225 = DIRECTION ( 'NONE',  ( 0.000000000000000000, 0.000000000000000000, -1.000000000000000000 ) ) ;
#1226 = ORIENTED_EDGE ( 'NONE', *, *, #4783, .F. ) ;
#1227 = CIRCLE ( 'NONE', #8258, 0.1562499999999979461 ) ;
#1228 = ORIENTED_EDGE ( 'NONE', *, *, #11035, .F. ) ;
#1229 = DIRECTION ( 'NONE',  ( 0.000000000000000000, 1.000000000000000000, 0.000000000000000000 ) ) ;
#1230 = VECTOR ( 'NONE', #6349, 39.37007874015748143 ) ;
#1231 = DIRECTION ( 'NONE',  ( 1.000000000000000000, 0.000000000000000000, -0.000000000000000000 ) ) ;
#1232 = PRESENTATION_STYLE_ASSIGNMENT (( #2359 ) ) ;
#1233 = EDGE_LOOP ( 'NONE', ( #7284, #6372, #2203 ) ) ;
#1234 = ADVANCED_FACE ( 'NONE', ( #4178 ), #3050, .F. ) ;
#1235 = CARTESIAN_POINT ( 'NONE',  ( 12.75000000000000000, 56.00999999999999091, -0.9687499999999992228 ) ) ;
#1236 = ORIENTED_EDGE ( 'NONE', *, *, #3303, .T. ) ;
#1237 = CARTESIAN_POINT ( 'NONE',  ( -11.09881216765847789, 51.64002998693774060, -1.212631167125256981 ) ) ;
#1238 = CARTESIAN_POINT ( 'NONE',  ( 10.51999999999999957, 59.18999999999999773, -0.7500000000000001110 ) ) ;
#1239 = STYLED_ITEM ( 'NONE', ( #2176 ), #9372 ) ;
#1240 = VECTOR ( 'NONE', #11060, 39.37007874015748143 ) ;
#1241 = PLANE ( 'NONE',  #4805 ) ;
#1242 = EDGE_LOOP ( 'NONE', ( #7095, #8007 ) ) ;
#1243 = DIRECTION ( 'NONE',  ( 1.000000000000000000, 0.000000000000000000, 0.000000000000000000 ) ) ;
#1244 = VECTOR ( 'NONE', #5563, 39.37007874015748143 ) ;
#1245 = DIRECTION ( 'NONE',  ( -1.000000000000000000, -0.000000000000000000, -0.000000000000000000 ) ) ;
#1246 = ORIENTED_EDGE ( 'NONE', *, *, #6517, .F. ) ;
#1247 = EDGE_CURVE ( 'NONE', #437, #10162, #1171, .T. ) ;
#1248 = CARTESIAN_POINT ( 'NONE',  ( 1.739999999999997327, 22.51999999999998181, 0.000000000000000000 ) ) ;
#1249 = AXIS2_PLACEMENT_3D ( 'NONE', #6827, #6771, #1978 ) ;
#1250 = EDGE_CURVE ( 'NONE', #7273, #8468, #1, .T. ) ;
#1251 = LINE ( 'NONE', #9951, #6764 ) ;
#1252 = DIRECTION ( 'NONE',  ( 1.000000000000000000, -0.000000000000000000, -0.000000000000000000 ) ) ;
#1253 = DIRECTION ( 'NONE',  ( 0.000000000000000000, 0.000000000000000000, 1.000000000000000000 ) ) ;
#1254 = CARTESIAN_POINT ( 'NONE',  ( 12.75000000000000000, 29.25000000000000000, 2.730000000000003535 ) ) ;
#1255 = EDGE_LOOP ( 'NONE', ( #6941, #10595, #8880, #9157 ) ) ;
#1256 = DIRECTION ( 'NONE',  ( 0.000000000000000000, 0.000000000000000000, 1.000000000000000000 ) ) ;
#1257 = CARTESIAN_POINT ( 'NONE',  ( -11.99999999999999822, 59.18999999999999773, 0.000000000000000000 ) ) ;
#1258 = AXIS2_PLACEMENT_3D ( 'NONE', #8887, #7944, #11783 ) ;
#1259 = CARTESIAN_POINT ( 'NONE',  ( 11.42700658671846980, 51.65945073663809239, -1.078922734911493153 ) ) ;
#1260 = AXIS2_PLACEMENT_3D ( 'NONE', #5579, #11246, #10244 ) ;
#1261 = ORIENTED_EDGE ( 'NONE', *, *, #10740, .F. ) ;
#1262 = DIRECTION ( 'NONE',  ( 0.000000000000000000, 0.000000000000000000, -1.000000000000000000 ) ) ;
#1263 = CARTESIAN_POINT ( 'NONE',  ( -11.26000000000000156, 13.74000000000000199, -2.250000000000000444 ) ) ;
#1264 = ADVANCED_FACE ( 'NONE', ( #7971 ), #8093, .T. ) ;
#1265 = CARTESIAN_POINT ( 'NONE',  ( 10.51999999999999957, 59.18999999999999773, -1.500000000000000222 ) ) ;
#1266 = VECTOR ( 'NONE', #3380, 39.37007874015748143 ) ;
#1267 = CARTESIAN_POINT ( 'NONE',  ( -12.75000000000000000, 30.50999999999998735, -1.281249999999994893 ) ) ;
#1268 = LINE ( 'NONE', #4914, #8347 ) ;
#1269 = CIRCLE ( 'NONE', #7092, 0.1718500000000005301 ) ;
#1270 = LINE ( 'NONE', #8131, #8316 ) ;
#1271 = ORIENTED_EDGE ( 'NONE', *, *, #10945, .F. ) ;
#1272 = ORIENTED_EDGE ( 'NONE', *, *, #5395, .T. ) ;
#1273 = ORIENTED_EDGE ( 'NONE', *, *, #6031, .T. ) ;
#1274 = UNCERTAINTY_MEASURE_WITH_UNIT (LENGTH_MEASURE( 1.000000000000000082E-05 ), #11296, 'distance_accuracy_value', 'NONE');
#1275 = DIRECTION ( 'NONE',  ( -0.000000000000000000, 0.000000000000000000, -1.000000000000000000 ) ) ;
#1276 = VECTOR ( 'NONE', #12353, 39.37007874015748143 ) ;
#1277 = EDGE_CURVE ( 'NONE', #11024, #7022, #3240, .T. ) ;
#1278 =( GEOMETRIC_REPRESENTATION_CONTEXT ( 3 ) GLOBAL_UNCERTAINTY_ASSIGNED_CONTEXT ( ( #6577 ) ) GLOBAL_UNIT_ASSIGNED_CONTEXT ( ( #5269, #6216, #9233 ) ) REPRESENTATION_CONTEXT ( 'NONE', 'WORKASPACE' ) );
#1279 = EDGE_LOOP ( 'NONE', ( #9800, #1950, #10102 ) ) ;
#1280 = CARTESIAN_POINT ( 'NONE',  ( -11.08815000000000062, 51.69999999999999574, -1.499999999999993561 ) ) ;
#1281 = CARTESIAN_POINT ( 'NONE',  ( 11.41133594100306325, 51.61842901036043685, -1.237681738015373512 ) ) ;
#1282 = ADVANCED_FACE ( 'NONE', ( #2296 ), #7083, .F. ) ;
#1283 = DIRECTION ( 'NONE',  ( 0.000000000000000000, -7.850137912828339862E-17, 1.000000000000000000 ) ) ;
#1284 = ORIENTED_EDGE ( 'NONE', *, *, #12291, .T. ) ;
#1285 = CARTESIAN_POINT ( 'NONE',  ( -11.00000000000000000, 44.00999999999999801, -0.9687500000000012212 ) ) ;
#1286 = CARTESIAN_POINT ( 'NONE',  ( 12.75000000000000000, 26.00999999999999091, -1.281249999999994893 ) ) ;
#1287 = LINE ( 'NONE', #6325, #9545 ) ;
#1288 = EDGE_LOOP ( 'NONE', ( #3754, #1044, #3893, #11813 ) ) ;
#1289 = DIRECTION ( 'NONE',  ( 0.000000000000000000, -1.000000000000000000, 0.000000000000000000 ) ) ;
#1290 = ORIENTED_EDGE ( 'NONE', *, *, #1220, .T. ) ;
#1291 =( LENGTH_UNIT ( ) NAMED_UNIT ( * ) SI_UNIT ( $, .METRE. ) );
#1292 = EDGE_CURVE ( 'NONE', #6836, #4204, #6207, .T. ) ;
#1293 = ADVANCED_FACE ( 'NONE', ( #5197 ), #7848, .F. ) ;
#1294 = ORIENTED_EDGE ( 'NONE', *, *, #3914, .T. ) ;
#1295 = CARTESIAN_POINT ( 'NONE',  ( 12.75000000000000000, 47.00999999999999091, -0.9687499999999976685 ) ) ;
#1296 = CIRCLE ( 'NONE', #2893, 0.1562499999999993339 ) ;
#1297 = CARTESIAN_POINT ( 'NONE',  ( 11.99999999999999822, 28.49999999999998579, 3.479999999999999982 ) ) ;
#1298 = DIRECTION ( 'NONE',  ( 1.000000000000000000, -0.000000000000000000, -0.000000000000000000 ) ) ;
#1299 = ORIENTED_EDGE ( 'NONE', *, *, #3748, .T. ) ;
#1300 = CARTESIAN_POINT ( 'NONE',  ( -11.26000000000000156, 13.74000000000000199, -1.499999999999998224 ) ) ;
#1301 = ORIENTED_EDGE ( 'NONE', *, *, #6031, .F. ) ;
#1302 = CARTESIAN_POINT ( 'NONE',  ( -11.13099961169502450, 51.58628720709915427, -1.261457042864566169 ) ) ;
#1303 = DIRECTION ( 'NONE',  ( 0.000000000000000000, 0.000000000000000000, 1.000000000000000000 ) ) ;
#1304 = VECTOR ( 'NONE', #9328, 39.37007874015748143 ) ;
#1305 = FILL_AREA_STYLE ('',( #8165 ) ) ;
#1306 = FACE_OUTER_BOUND ( 'NONE', #4288, .T. ) ;
#1307 = EDGE_CURVE ( 'NONE', #3856, #6818, #5067, .T. ) ;
#1308 = VERTEX_POINT ( 'NONE', #8849 ) ;
#1309 = AXIS2_PLACEMENT_3D ( 'NONE', #1095, #11614, #6886 ) ;
#1310 = CYLINDRICAL_SURFACE ( 'NONE', #1008, 0.1562499999999957812 ) ;
#1311 = VERTEX_POINT ( 'NONE', #4242 ) ;
#1312 = DIRECTION ( 'NONE',  ( 0.000000000000000000, 1.000000000000000000, 0.000000000000000000 ) ) ;
#1313 = DIRECTION ( 'NONE',  ( -1.000000000000000000, 0.000000000000000000, 0.000000000000000000 ) ) ;
#1314 = CARTESIAN_POINT ( 'NONE',  ( 12.75000000000000000, 26.00999999999999091, -1.281249999999994893 ) ) ;
#1315 = DIRECTION ( 'NONE',  ( 0.000000000000000000, 1.000000000000000000, 0.000000000000000000 ) ) ;
#1316 = DIRECTION ( 'NONE',  ( 0.000000000000000000, 0.000000000000000000, -1.000000000000000000 ) ) ;
#1317 = CARTESIAN_POINT ( 'NONE',  ( 11.00000000000000000, 38.00999999999999091, -1.124999999999997113 ) ) ;
#1318 = ORIENTED_EDGE ( 'NONE', *, *, #9568, .T. ) ;
#1319 = AXIS2_PLACEMENT_3D ( 'NONE', #5169, #379, #10217 ) ;
#1320 =( NAMED_UNIT ( * ) PLANE_ANGLE_UNIT ( ) SI_UNIT ( $, .RADIAN. ) );
#1321 = AXIS2_PLACEMENT_3D ( 'NONE', #7882, #6926, #5866 ) ;
#1322 = DIRECTION ( 'NONE',  ( 0.000000000000000000, 0.000000000000000000, 1.000000000000000000 ) ) ;
#1323 = ADVANCED_FACE ( 'NONE', ( #11931 ), #6894, .F. ) ;
#1324 = CYLINDRICAL_SURFACE ( 'NONE', #1508, 0.1562499999999960587 ) ;
#1325 = VERTEX_POINT ( 'NONE', #4055 ) ;
#1326 = DIRECTION ( 'NONE',  ( -1.000000000000000000, 0.000000000000000000, -0.000000000000000000 ) ) ;
#1327 = CIRCLE ( 'NONE', #11976, 0.1562499999999979461 ) ;
#1328 = CARTESIAN_POINT ( 'NONE',  ( 11.99999999999999822, 24.70999999999999730, -0.7499999999999972244 ) ) ;
#1329 = PLANE ( 'NONE',  #919 ) ;
#1330 = LINE ( 'NONE', #5235, #10715 ) ;
#1331 = DIRECTION ( 'NONE',  ( -0.000000000000000000, -1.000000000000000000, -0.000000000000000000 ) ) ;
#1332 = FACE_BOUND ( 'NONE', #588, .T. ) ;
#1333 = VERTEX_POINT ( 'NONE', #4114 ) ;
#1334 = ORIENTED_EDGE ( 'NONE', *, *, #7736, .T. ) ;
#1335 = AXIS2_PLACEMENT_3D ( 'NONE', #5267, #8036, #8983 ) ;
#1336 = ORIENTED_EDGE ( 'NONE', *, *, #951, .T. ) ;
#1337 = EDGE_CURVE ( 'NONE', #3760, #2652, #7910, .T. ) ;
#1338 = CYLINDRICAL_SURFACE ( 'NONE', #3099, 0.1562499999999995837 ) ;
#1339 = EDGE_CURVE ( 'NONE', #2151, #2538, #582, .T. ) ;
#1340 = ORIENTED_EDGE ( 'NONE', *, *, #5912, .F. ) ;
#1341 = CARTESIAN_POINT ( 'NONE',  ( -11.99999999999999822, 32.00999999999999091, -0.9687499999999992228 ) ) ;
#1342 = CARTESIAN_POINT ( 'NONE',  ( 11.37972365314723966, 51.57655578834113896, -1.266458702567672123 ) ) ;
#1343 = FILL_AREA_STYLE ('',( #9272 ) ) ;
#1344 = AXIS2_PLACEMENT_3D ( 'NONE', #2699, #4594, #9262 ) ;
#1345 = DIRECTION ( 'NONE',  ( -0.000000000000000000, 1.570027582565667972E-16, -1.000000000000000000 ) ) ;
#1346 = ORIENTED_EDGE ( 'NONE', *, *, #4269, .T. ) ;
#1347 = CARTESIAN_POINT ( 'NONE',  ( -10.51999999999999957, 3.750000000000000888, -2.249999999999999556 ) ) ;
#1348 = CARTESIAN_POINT ( 'NONE',  ( -3.220000000000002416, 29.24999999999999289, 0.000000000000000000 ) ) ;
#1349 = CARTESIAN_POINT ( 'NONE',  ( -11.08815000000000062, 13.74000000000000199, -2.250000000000000444 ) ) ;
#1350 = VERTEX_POINT ( 'NONE', #6959 ) ;
#1351 = LINE ( 'NONE', #10925, #1542 ) ;
#1352 = VERTEX_POINT ( 'NONE', #10804 ) ;
#1353 = EDGE_CURVE ( 'NONE', #11418, #2961, #6021, .T. ) ;
#1354 = AXIS2_PLACEMENT_3D ( 'NONE', #10322, #12141, #1687 ) ;
#1355 = VERTEX_POINT ( 'NONE', #10868 ) ;
#1356 = DIRECTION ( 'NONE',  ( 1.000000000000000000, 0.000000000000000000, 0.000000000000000000 ) ) ;
#1357 = CARTESIAN_POINT ( 'NONE',  ( 11.99999999999999822, 0.000000000000000000, 0.000000000000000000 ) ) ;
#1358 =( NAMED_UNIT ( * ) PLANE_ANGLE_UNIT ( ) SI_UNIT ( $, .RADIAN. ) );
#1359 = EDGE_LOOP ( 'NONE', ( #10133, #6326, #8352, #3866 ) ) ;
#1360 = FACE_OUTER_BOUND ( 'NONE', #1288, .T. ) ;
#1361 = ORIENTED_EDGE ( 'NONE', *, *, #2018, .F. ) ;
#1362 = AXIS2_PLACEMENT_3D ( 'NONE', #2546, #6215, #663 ) ;
#1363 = EDGE_CURVE ( 'NONE', #1492, #970, #6085, .T. ) ;
#1364 = ADVANCED_FACE ( 'NONE', ( #7329 ), #1479, .F. ) ;
#1365 = FACE_OUTER_BOUND ( 'NONE', #3327, .T. ) ;
#1366 = DIRECTION ( 'NONE',  ( -0.000000000000000000, -1.000000000000000000, -0.000000000000000000 ) ) ;
#1367 = EDGE_CURVE ( 'NONE', #5908, #11310, #6518, .T. ) ;
#1368 = DIRECTION ( 'NONE',  ( 0.000000000000000000, 0.000000000000000000, 1.000000000000000000 ) ) ;
#1369 = VERTEX_POINT ( 'NONE', #8334 ) ;
#1370 = CARTESIAN_POINT ( 'NONE',  ( 11.99999999999999822, 44.00999999999999801, -1.124999999999997113 ) ) ;
#1371 = DIRECTION ( 'NONE',  ( 0.000000000000000000, 0.000000000000000000, -1.000000000000000000 ) ) ;
#1372 = ORIENTED_EDGE ( 'NONE', *, *, #11035, .T. ) ;
#1373 = DIRECTION ( 'NONE',  ( 0.000000000000000000, 1.000000000000000000, 1.177520686924250979E-16 ) ) ;
#1374 = LINE ( 'NONE', #425, #1527 ) ;
#1375 = DIRECTION ( 'NONE',  ( 0.000000000000000000, 1.000000000000000000, 0.000000000000000000 ) ) ;
#1376 = ADVANCED_FACE ( 'NONE', ( #4435 ), #7396, .T. ) ;
#1377 = DIRECTION ( 'NONE',  ( 0.000000000000000000, 0.000000000000000000, 1.000000000000000000 ) ) ;
#1378 = LINE ( 'NONE', #240, #948 ) ;
#1379 = ORIENTED_EDGE ( 'NONE', *, *, #6328, .T. ) ;
#1380 = CLOSED_SHELL ( 'NONE', ( #9584, #2157, #6609, #1133, #8574, #3044, #1041, #9462, #9890, #7676 ) ) ;
#1381 = FACE_OUTER_BOUND ( 'NONE', #7745, .T. ) ;
#1382 = CARTESIAN_POINT ( 'NONE',  ( 11.16008347431555947, 51.55958659948587552, -0.9765607383244975237 ) ) ;
#1383 = ORIENTED_EDGE ( 'NONE', *, *, #825, .F. ) ;
#1384 = PLANE ( 'NONE',  #1412 ) ;
#1385 = AXIS2_PLACEMENT_3D ( 'NONE', #8569, #3775, #7627 ) ;
#1386 = CYLINDRICAL_SURFACE ( 'NONE', #615, 0.1718500000000005301 ) ;
#1387 = CARTESIAN_POINT ( 'NONE',  ( -12.75000000000000000, 50.00999999999999091, -1.124999999999997113 ) ) ;
#1388 = CARTESIAN_POINT ( 'NONE',  ( -12.75000000000000000, 45.50999999999999091, -1.281249999999992895 ) ) ;
#1389 = ADVANCED_FACE ( 'NONE', ( #10301 ), #7463, .F. ) ;
#1390 = DIRECTION ( 'NONE',  ( -1.000000000000000000, 0.000000000000000000, 0.000000000000000000 ) ) ;
#1391 = DIRECTION ( 'NONE',  ( -1.000000000000000000, 0.000000000000000000, 0.000000000000000000 ) ) ;
#1392 = ORIENTED_EDGE ( 'NONE', *, *, #4081, .T. ) ;
#1393 = VERTEX_POINT ( 'NONE', #3547 ) ;
#1394 = AXIS2_PLACEMENT_3D ( 'NONE', #11056, #2480, #2419 ) ;
#1395 = STYLED_ITEM ( 'NONE', ( #9426 ), #860 ) ;
#1396 = ORIENTED_EDGE ( 'NONE', *, *, #10121, .F. ) ;
#1397 = DIRECTION ( 'NONE',  ( 1.000000000000000000, 0.000000000000000000, 0.000000000000000000 ) ) ;
#1398 = VERTEX_POINT ( 'NONE', #11241 ) ;
#1399 = CARTESIAN_POINT ( 'NONE',  ( 12.75000000000000000, 35.00999999999999091, -1.124999999999997113 ) ) ;
#1400 = LINE ( 'NONE', #5116, #10022 ) ;
#1401 = CIRCLE ( 'NONE', #8037, 0.1562499999999979461 ) ;
#1402 =( GEOMETRIC_REPRESENTATION_CONTEXT ( 3 ) GLOBAL_UNCERTAINTY_ASSIGNED_CONTEXT ( ( #1274 ) ) GLOBAL_UNIT_ASSIGNED_CONTEXT ( ( #11296, #1718, #5443 ) ) REPRESENTATION_CONTEXT ( 'NONE', 'WORKASPACE' ) );
#1403 = CARTESIAN_POINT ( 'NONE',  ( -11.26000000000000156, 21.71999999999999886, -1.499999999999997113 ) ) ;
#1404 = ORIENTED_EDGE ( 'NONE', *, *, #6495, .F. ) ;
#1405 = EDGE_CURVE ( 'NONE', #7457, #7830, #654, .T. ) ;
#1406 = LINE ( 'NONE', #330, #7293 ) ;
#1407 = DIRECTION ( 'NONE',  ( 0.000000000000000000, 0.000000000000000000, 1.000000000000000000 ) ) ;
#1408 = EDGE_CURVE ( 'NONE', #1027, #3587, #9285, .T. ) ;
#1409 = CARTESIAN_POINT ( 'NONE',  ( -11.26000000000000156, 49.19999999999999574, -1.499999999999993783 ) ) ;
#1410 = ORIENTED_EDGE ( 'NONE', *, *, #11624, .F. ) ;
#1411 = VERTEX_POINT ( 'NONE', #9347 ) ;
#1412 = AXIS2_PLACEMENT_3D ( 'NONE', #5360, #6179, #8061 ) ;
#1413 = AXIS2_PLACEMENT_3D ( 'NONE', #836, #1654, #5507 ) ;
#1414 = FILL_AREA_STYLE_COLOUR ( '', #2601 ) ;
#1415 = EDGE_LOOP ( 'NONE', ( #4552, #4293, #4877, #630 ) ) ;
#1416 = CARTESIAN_POINT ( 'NONE',  ( -11.99999999999999822, 4.500000000000000000, -2.250000000000000444 ) ) ;
#1417 = DIRECTION ( 'NONE',  ( 1.000000000000000000, 0.000000000000000000, -0.000000000000000000 ) ) ;
#1418 = ORIENTED_EDGE ( 'NONE', *, *, #5961, .T. ) ;
#1419 = FACE_OUTER_BOUND ( 'NONE', #9221, .T. ) ;
#1420 = EDGE_CURVE ( 'NONE', #3424, #2387, #11306, .T. ) ;
#1421 = VERTEX_POINT ( 'NONE', #8400 ) ;
#1422 = CARTESIAN_POINT ( 'NONE',  ( -11.26000000000000156, 21.71999999999999886, -2.250000000000000444 ) ) ;
#1423 = PLANE ( 'NONE',  #7799 ) ;
#1424 = ORIENTED_EDGE ( 'NONE', *, *, #9145, .F. ) ;
#1425 = CARTESIAN_POINT ( 'NONE',  ( 11.99999999999999822, 21.22999999999999687, -2.249999999999997780 ) ) ;
#1426 = ORIENTED_EDGE ( 'NONE', *, *, #10962, .F. ) ;
#1427 = EDGE_CURVE ( 'NONE', #5704, #3464, #8226, .T. ) ;
#1428 = DIRECTION ( 'NONE',  ( 0.000000000000000000, -1.000000000000000000, 0.000000000000000000 ) ) ;
#1429 = FILL_AREA_STYLE ('',( #5213 ) ) ;
#1430 = EDGE_LOOP ( 'NONE', ( #7325, #2816, #1795, #3851 ) ) ;
#1431 = CARTESIAN_POINT ( 'NONE',  ( 3.219999999999996643, 57.99999999999999289, -0.7500000000000003331 ) ) ;
#1432 = ADVANCED_FACE ( 'NONE', ( #6454 ), #10240, .F. ) ;
#1433 = FACE_OUTER_BOUND ( 'NONE', #8547, .T. ) ;
#1434 = DIRECTION ( 'NONE',  ( 0.000000000000000000, -0.000000000000000000, 1.000000000000000000 ) ) ;
#1435 = PLANE ( 'NONE',  #3128 ) ;
#1436 = AXIS2_PLACEMENT_3D ( 'NONE', #3005, #5913, #9827 ) ;
#1437 = DIRECTION ( 'NONE',  ( 0.000000000000000000, 1.000000000000000000, 0.000000000000000000 ) ) ;
#1438 = ORIENTED_EDGE ( 'NONE', *, *, #12333, .F. ) ;
#1439 = CARTESIAN_POINT ( 'NONE',  ( 11.99999999999999822, 33.50999999999999091, -1.124999999999997113 ) ) ;
#1440 = FACE_OUTER_BOUND ( 'NONE', #11234, .T. ) ;
#1441 = CARTESIAN_POINT ( 'NONE',  ( 11.40905792017601428, 51.61430256518785598, -1.008503233075340288 ) ) ;
#1442 = ORIENTED_EDGE ( 'NONE', *, *, #11348, .F. ) ;
#1443 =( GEOMETRIC_REPRESENTATION_CONTEXT ( 3 ) GLOBAL_UNCERTAINTY_ASSIGNED_CONTEXT ( ( #138 ) ) GLOBAL_UNIT_ASSIGNED_CONTEXT ( ( #9100, #1358, #4245 ) ) REPRESENTATION_CONTEXT ( 'NONE', 'WORKASPACE' ) );
#1444 = EDGE_CURVE ( 'NONE', #12220, #9671, #3611, .T. ) ;
#1445 = EDGE_LOOP ( 'NONE', ( #4415, #7240 ) ) ;
#1446 = AXIS2_PLACEMENT_3D ( 'NONE', #8608, #1684, #12440 ) ;
#1447 = CARTESIAN_POINT ( 'NONE',  ( 11.99999999999999822, 52.18999999999999773, -0.7499999999999936717 ) ) ;
#1448 = CARTESIAN_POINT ( 'NONE',  ( -11.26000000000000156, 51.69999999999999574, -0.7499999999999936717 ) ) ;
#1449 = FACE_OUTER_BOUND ( 'NONE', #6127, .T. ) ;
#1450 = DIRECTION ( 'NONE',  ( 1.000000000000000000, 0.000000000000000000, 0.000000000000000000 ) ) ;
#1451 = CYLINDRICAL_SURFACE ( 'NONE', #1106, 0.1718500000000005301 ) ;
#1452 = DIRECTION ( 'NONE',  ( 1.000000000000000000, 0.000000000000000000, 0.000000000000000000 ) ) ;
#1453 = ORIENTED_EDGE ( 'NONE', *, *, #12113, .F. ) ;
#1454 = VECTOR ( 'NONE', #5441, 39.37007874015748143 ) ;
#1455 = ORIENTED_EDGE ( 'NONE', *, *, #708, .F. ) ;
#1456 = CIRCLE ( 'NONE', #7897, 0.1562499999999960587 ) ;
#1457 = ORIENTED_EDGE ( 'NONE', *, *, #11954, .F. ) ;
#1458 = CARTESIAN_POINT ( 'NONE',  ( -11.99999999999999822, 59.18999999999999773, -0.7500000000000001110 ) ) ;
#1459 = ADVANCED_FACE ( 'NONE', ( #8272 ), #533, .F. ) ;
#1460 = ORIENTED_EDGE ( 'NONE', *, *, #93, .T. ) ;
#1461 = DIRECTION ( 'NONE',  ( 0.000000000000000000, 0.000000000000000000, -1.000000000000000000 ) ) ;
#1462 = VECTOR ( 'NONE', #11901, 39.37007874015748143 ) ;
#1463 = LINE ( 'NONE', #521, #5985 ) ;
#1464 = AXIS2_PLACEMENT_3D ( 'NONE', #4719, #7626, #10400 ) ;
#1465 = LENGTH_MEASURE_WITH_UNIT ( LENGTH_MEASURE( 0.02539999999999999897 ), #10980 );
#1466 = CARTESIAN_POINT ( 'NONE',  ( 11.08815000000000062, 49.19999999999999574, 0.000000000000000000 ) ) ;
#1467 = VERTEX_POINT ( 'NONE', #5393 ) ;
#1468 = CARTESIAN_POINT ( 'NONE',  ( -11.99999999999999822, 28.49999999999998579, -2.250000000000000444 ) ) ;
#1469 = DIRECTION ( 'NONE',  ( 1.000000000000000000, -0.000000000000000000, -0.000000000000000000 ) ) ;
#1470 = DIRECTION ( 'NONE',  ( -1.000000000000000000, 0.000000000000000000, 0.000000000000000000 ) ) ;
#1471 = ORIENTED_EDGE ( 'NONE', *, *, #2255, .F. ) ;
#1472 = VERTEX_POINT ( 'NONE', #4373 ) ;
#1473 = VECTOR ( 'NONE', #9519, 39.37007874015748143 ) ;
#1474 = VECTOR ( 'NONE', #9378, 39.37007874015748143 ) ;
#1475 = CARTESIAN_POINT ( 'NONE',  ( 11.00000000000000000, 29.00999999999999091, -1.124999999999997113 ) ) ;
#1476 = ADVANCED_FACE ( 'NONE', ( #4495 ), #8215, .T. ) ;
#1477 = ADVANCED_FACE ( 'NONE', ( #2851 ), #7590, .F. ) ;
#1478 = EDGE_LOOP ( 'NONE', ( #381, #1532, #11956, #10109 ) ) ;
#1479 = PLANE ( 'NONE',  #10647 ) ;
#1480 = DIRECTION ( 'NONE',  ( 1.000000000000000000, 0.000000000000000000, 0.000000000000000000 ) ) ;
#1481 = CIRCLE ( 'NONE', #881, 0.1718500000000005301 ) ;
#1482 = ORIENTED_EDGE ( 'NONE', *, *, #11970, .F. ) ;
#1483 = CARTESIAN_POINT ( 'NONE',  ( 11.26000000000000156, 51.69999999999999574, 0.000000000000000000 ) ) ;
#1484 = ORIENTED_EDGE ( 'NONE', *, *, #12083, .T. ) ;
#1485 = CARTESIAN_POINT ( 'NONE',  ( -11.43185000000000251, 21.71999999999999886, 0.000000000000000000 ) ) ;
#1486 = CARTESIAN_POINT ( 'NONE',  ( 11.13099961169502450, 51.58628720709915427, -1.261457042864566169 ) ) ;
#1487 = CARTESIAN_POINT ( 'NONE',  ( -12.00000000000000355, 4.500000000000000888, 8.589666975669972615 ) ) ;
#1488 = EDGE_LOOP ( 'NONE', ( #1418, #7345, #8277, #728 ) ) ;
#1489 = AXIS2_PLACEMENT_3D ( 'NONE', #511, #8889, #10906 ) ;
#1490 = EDGE_CURVE ( 'NONE', #10236, #3486, #9235, .T. ) ;
#1491 = EDGE_CURVE ( 'NONE', #11703, #8853, #4685, .T. ) ;
#1492 = VERTEX_POINT ( 'NONE', #6768 ) ;
#1493 = DIRECTION ( 'NONE',  ( 0.000000000000000000, 0.000000000000000000, -1.000000000000000000 ) ) ;
#1494 = DIRECTION ( 'NONE',  ( 0.000000000000000000, 0.000000000000000000, -1.000000000000000000 ) ) ;
#1495 = EDGE_LOOP ( 'NONE', ( #9579, #7923, #7190, #5818 ) ) ;
#1496 = DIRECTION ( 'NONE',  ( 1.000000000000000000, 0.000000000000000000, 0.000000000000000000 ) ) ;
#1497 = CARTESIAN_POINT ( 'NONE',  ( -12.75000000000000000, 26.00999999999999091, -1.124999999999997113 ) ) ;
#1498 = VECTOR ( 'NONE', #452, 39.37007874015748143 ) ;
#1499 = CARTESIAN_POINT ( 'NONE',  ( -10.51999999999999957, 23.42285330012234468, -2.249999999999996891 ) ) ;
#1500 = FACE_BOUND ( 'NONE', #266, .T. ) ;
#1501 = EDGE_LOOP ( 'NONE', ( #6841, #1772, #9288, #11482 ) ) ;
#1502 = DIRECTION ( 'NONE',  ( 0.000000000000000000, -0.000000000000000000, 1.000000000000000000 ) ) ;
#1503 = VECTOR ( 'NONE', #4735, 39.37007874015748143 ) ;
#1504 = CIRCLE ( 'NONE', #5540, 0.1562499999999995837 ) ;
#1505 = LINE ( 'NONE', #10148, #293 ) ;
#1506 = ADVANCED_FACE ( 'NONE', ( #4747 ), #1914, .F. ) ;
#1507 = VERTEX_POINT ( 'NONE', #6581 ) ;
#1508 = AXIS2_PLACEMENT_3D ( 'NONE', #9065, #7937, #3388 ) ;
#1509 = ORIENTED_EDGE ( 'NONE', *, *, #10104, .F. ) ;
#1510 = CARTESIAN_POINT ( 'NONE',  ( 11.00000000000000000, 53.00999999999999091, -1.124999999999997113 ) ) ;
#1511 = FACE_BOUND ( 'NONE', #9558, .T. ) ;
#1512 = FACE_OUTER_BOUND ( 'NONE', #241, .T. ) ;
#1513 = VECTOR ( 'NONE', #8948, 39.37007874015748143 ) ;
#1514 = CARTESIAN_POINT ( 'NONE',  ( -11.99999999999999822, 51.50999999999999091, -1.281249999999994893 ) ) ;
#1515 = AXIS2_PLACEMENT_3D ( 'NONE', #7558, #3577, #1763 ) ;
#1516 = DIRECTION ( 'NONE',  ( 0.000000000000000000, 0.000000000000000000, -1.000000000000000000 ) ) ;
#1517 = DIRECTION ( 'NONE',  ( 0.000000000000000000, 0.000000000000000000, 1.000000000000000000 ) ) ;
#1518 = ORIENTED_EDGE ( 'NONE', *, *, #3018, .T. ) ;
#1519 = AXIS2_PLACEMENT_3D ( 'NONE', #10693, #7674, #4953 ) ;
#1520 = EDGE_CURVE ( 'NONE', #7765, #4802, #3857, .T. ) ;
#1521 = EDGE_CURVE ( 'NONE', #3165, #7914, #11430, .T. ) ;
#1522 = VERTEX_POINT ( 'NONE', #7772 ) ;
#1523 = LINE ( 'NONE', #2461, #3779 ) ;
#1524 = DIRECTION ( 'NONE',  ( -1.000000000000000000, 0.000000000000000000, -0.000000000000000000 ) ) ;
#1525 = EDGE_CURVE ( 'NONE', #1393, #2302, #12424, .T. ) ;
#1526 = AXIS2_PLACEMENT_3D ( 'NONE', #7931, #4392, #11081 ) ;
#1527 = VECTOR ( 'NONE', #1036, 39.37007874015748143 ) ;
#1528 = VERTEX_POINT ( 'NONE', #5821 ) ;
#1529 = CARTESIAN_POINT ( 'NONE',  ( -12.75000000000000000, 26.00999999999999091, -1.124999999999997113 ) ) ;
#1530 = DIRECTION ( 'NONE',  ( 1.000000000000000000, -0.000000000000000000, -0.000000000000000000 ) ) ;
#1531 = LINE ( 'NONE', #12106, #9909 ) ;
#1532 = ORIENTED_EDGE ( 'NONE', *, *, #5523, .T. ) ;
#1533 = DIRECTION ( 'NONE',  ( -0.000000000000000000, -0.000000000000000000, -1.000000000000000000 ) ) ;
#1534 = PLANE ( 'NONE',  #9177 ) ;
#1535 = LINE ( 'NONE', #6384, #3478 ) ;
#1536 = EDGE_LOOP ( 'NONE', ( #8920, #5446, #10912, #512 ) ) ;
#1537 = CIRCLE ( 'NONE', #6561, 0.1562499999999995837 ) ;
#1538 = EDGE_CURVE ( 'NONE', #8214, #5345, #10484, .T. ) ;
#1539 = EDGE_LOOP ( 'NONE', ( #7699, #11944 ) ) ;
#1540 = VERTEX_POINT ( 'NONE', #3798 ) ;
#1541 = CARTESIAN_POINT ( 'NONE',  ( -6.000000000000002665, 55.50000000000000000, 0.000000000000000000 ) ) ;
#1542 = VECTOR ( 'NONE', #3524, 39.37007874015748143 ) ;
#1543 =( NAMED_UNIT ( * ) PLANE_ANGLE_UNIT ( ) SI_UNIT ( $, .RADIAN. ) );
#1544 = EDGE_LOOP ( 'NONE', ( #2510, #7477 ) ) ;
#1545 = DIRECTION ( 'NONE',  ( 0.000000000000000000, 0.000000000000000000, -1.000000000000000000 ) ) ;
#1546 = ORIENTED_EDGE ( 'NONE', *, *, #10678, .T. ) ;
#1547 = EDGE_CURVE ( 'NONE', #780, #7779, #847, .T. ) ;
#1548 = CARTESIAN_POINT ( 'NONE',  ( -11.99999999999999822, 44.00999999999999801, -1.281249999999992895 ) ) ;
#1549 = CARTESIAN_POINT ( 'NONE',  ( -11.26000000000000156, 51.69999999999999574, -1.500000000000000222 ) ) ;
#1550 = CIRCLE ( 'NONE', #4564, 0.1562499999999979461 ) ;
#1551 = LINE ( 'NONE', #6158, #6336 ) ;
#1552 = ORIENTED_EDGE ( 'NONE', *, *, #854, .F. ) ;
#1553 = DIRECTION ( 'NONE',  ( 0.000000000000000000, 0.000000000000000000, -1.000000000000000000 ) ) ;
#1554 = VERTEX_POINT ( 'NONE', #7651 ) ;
#1555 = DIRECTION ( 'NONE',  ( 0.000000000000000000, -0.9396926207859103153, -0.3420201433256631618 ) ) ;
#1556 = CIRCLE ( 'NONE', #7204, 0.1562499999999979461 ) ;
#1557 = LENGTH_MEASURE_WITH_UNIT ( LENGTH_MEASURE( 0.02539999999999999897 ), #5148 );
#1558 = ORIENTED_EDGE ( 'NONE', *, *, #12433, .F. ) ;
#1559 = PLANE ( 'NONE',  #6862 ) ;
#1560 = DIRECTION ( 'NONE',  ( 1.000000000000000000, -0.000000000000000000, -0.000000000000000000 ) ) ;
#1561 = ADVANCED_FACE ( 'NONE', ( #11548 ), #5768, .F. ) ;
#1562 = LINE ( 'NONE', #492, #10973 ) ;
#1563 = EDGE_CURVE ( 'NONE', #8573, #9611, #990, .T. ) ;
#1564 = LINE ( 'NONE', #9375, #10011 ) ;
#1565 = VERTEX_POINT ( 'NONE', #8652 ) ;
#1566 = CARTESIAN_POINT ( 'NONE',  ( -11.99999999999999822, 56.00999999999999091, -1.281249999999994893 ) ) ;
#1567 = PRESENTATION_LAYER_ASSIGNMENT (  '', '', ( #9008 ) ) ;
#1568 = CYLINDRICAL_SURFACE ( 'NONE', #9030, 0.1562499999999993339 ) ;
#1569 = FACE_OUTER_BOUND ( 'NONE', #10620, .T. ) ;
#1570 = ORIENTED_EDGE ( 'NONE', *, *, #11757, .F. ) ;
#1571 = VERTEX_POINT ( 'NONE', #7713 ) ;
#1572 = CARTESIAN_POINT ( 'NONE',  ( -1.740000000000002656, 29.24999999999999289, 0.000000000000000000 ) ) ;
#1573 = CARTESIAN_POINT ( 'NONE',  ( 10.51999999999999957, 3.749999999999999556, -2.249999999999999556 ) ) ;
#1574 = DIMENSIONAL_EXPONENTS ( 1.000000000000000000, 0.000000000000000000, 0.000000000000000000, 0.000000000000000000, 0.000000000000000000, 0.000000000000000000, 0.000000000000000000 ) ;
#1575 = CARTESIAN_POINT ( 'NONE',  ( -11.99999999999999822, 10.75000000000000178, -0.7499999999999986677 ) ) ;
#1576 = VECTOR ( 'NONE', #5797, 39.37007874015748143 ) ;
#1577 = DIRECTION ( 'NONE',  ( -0.000000000000000000, -0.000000000000000000, -1.000000000000000000 ) ) ;
#1578 = CARTESIAN_POINT ( 'NONE',  ( 11.08815000000000062, 49.19999999999999574, -0.7499999999999940048 ) ) ;
#1579 = EDGE_CURVE ( 'NONE', #1554, #1472, #22, .T. ) ;
#1580 = DIRECTION ( 'NONE',  ( -0.000000000000000000, -0.000000000000000000, 1.000000000000000000 ) ) ;
#1581 = ORIENTED_EDGE ( 'NONE', *, *, #3162, .F. ) ;
#1582 = CARTESIAN_POINT ( 'NONE',  ( -12.75000000000000000, 27.50999999999998735, -1.124999999999997113 ) ) ;
#1583 = VERTEX_POINT ( 'NONE', #2972 ) ;
#1584 = CARTESIAN_POINT ( 'NONE',  ( -11.99999999999999822, 35.00999999999999091, -1.124999999999997113 ) ) ;
#1585 = LINE ( 'NONE', #3717, #10949 ) ;
#1586 = CIRCLE ( 'NONE', #4601, 0.1718500000000005301 ) ;
#1587 = ORIENTED_EDGE ( 'NONE', *, *, #1975, .T. ) ;
#1588 = DIRECTION ( 'NONE',  ( 1.000000000000000000, 0.000000000000000000, 0.000000000000000000 ) ) ;
#1589 = ADVANCED_FACE ( 'NONE', ( #4861 ), #6823, .F. ) ;
#1590 = LINE ( 'NONE', #639, #3976 ) ;
#1591 = LINE ( 'NONE', #3409, #8099 ) ;
#1592 = ORIENTED_EDGE ( 'NONE', *, *, #3813, .F. ) ;
#1593 = LENGTH_MEASURE_WITH_UNIT ( LENGTH_MEASURE( 0.02539999999999999897 ), #7269 );
#1594 = DIRECTION ( 'NONE',  ( 0.000000000000000000, 0.000000000000000000, -1.000000000000000000 ) ) ;
#1595 = VECTOR ( 'NONE', #11681, 39.37007874015748143 ) ;
#1596 = EDGE_CURVE ( 'NONE', #2429, #12461, #781, .T. ) ;
#1597 = LINE ( 'NONE', #5509, #5092 ) ;
#1598 = ORIENTED_EDGE ( 'NONE', *, *, #12151, .F. ) ;
#1599 = VECTOR ( 'NONE', #5339, 39.37007874015748143 ) ;
#1600 = EDGE_LOOP ( 'NONE', ( #7256, #4257 ) ) ;
#1601 = DIRECTION ( 'NONE',  ( 1.000000000000000000, -0.000000000000000000, -0.000000000000000000 ) ) ;
#1602 = EDGE_LOOP ( 'NONE', ( #3095, #3638, #7044, #10767 ) ) ;
#1603 =( GEOMETRIC_REPRESENTATION_CONTEXT ( 3 ) GLOBAL_UNCERTAINTY_ASSIGNED_CONTEXT ( ( #10847 ) ) GLOBAL_UNIT_ASSIGNED_CONTEXT ( ( #5257, #3544, #2478 ) ) REPRESENTATION_CONTEXT ( 'NONE', 'WORKASPACE' ) );
#1604 = EDGE_CURVE ( 'NONE', #6251, #137, #5644, .T. ) ;
#1605 =( LENGTH_UNIT ( ) NAMED_UNIT ( * ) SI_UNIT ( $, .METRE. ) );
#1606 = ORIENTED_EDGE ( 'NONE', *, *, #10151, .T. ) ;
#1607 = DIRECTION ( 'NONE',  ( 0.000000000000000000, -0.000000000000000000, -1.000000000000000000 ) ) ;
#1608 = VERTEX_POINT ( 'NONE', #1853 ) ;
#1609 = LINE ( 'NONE', #7402, #10195 ) ;
#1610 = CIRCLE ( 'NONE', #9051, 0.1718500000000005301 ) ;
#1611 = CARTESIAN_POINT ( 'NONE',  ( 11.17035169145764328, 51.55277517891062189, -1.275410081412999830 ) ) ;
#1612 = AXIS2_PLACEMENT_3D ( 'NONE', #8029, #5132, #3176 ) ;
#1613 = DIRECTION ( 'NONE',  ( 0.000000000000000000, 0.000000000000000000, -1.000000000000000000 ) ) ;
#1614 = EDGE_LOOP ( 'NONE', ( #7436, #3690 ) ) ;
#1615 = EDGE_CURVE ( 'NONE', #2100, #3340, #1216, .T. ) ;
#1616 = VECTOR ( 'NONE', #6022, 39.37007874015748143 ) ;
#1617 = LINE ( 'NONE', #2612, #5245 ) ;
#1618 = DIRECTION ( 'NONE',  ( 0.000000000000000000, 0.000000000000000000, 1.000000000000000000 ) ) ;
#1619 = ORIENTED_EDGE ( 'NONE', *, *, #1062, .T. ) ;
#1620 = FACE_OUTER_BOUND ( 'NONE', #1857, .T. ) ;
#1621 = LINE ( 'NONE', #2498, #2526 ) ;
#1622 = VERTEX_POINT ( 'NONE', #8775 ) ;
#1623 = DIRECTION ( 'NONE',  ( -1.000000000000000000, 0.000000000000000000, 0.000000000000000000 ) ) ;
#1624 = LINE ( 'NONE', #612, #8592 ) ;
#1625 = VERTEX_POINT ( 'NONE', #5115 ) ;
#1626 = FACE_OUTER_BOUND ( 'NONE', #10898, .T. ) ;
#1627 = FACE_OUTER_BOUND ( 'NONE', #6001, .T. ) ;
#1628 = CARTESIAN_POINT ( 'NONE',  ( -11.08815000000000062, 49.19999999999999574, 0.000000000000000000 ) ) ;
#1629 = VERTEX_POINT ( 'NONE', #5179 ) ;
#1630 = EDGE_CURVE ( 'NONE', #6060, #3559, #10731, .T. ) ;
#1631 = VERTEX_POINT ( 'NONE', #9915 ) ;
#1632 = EDGE_CURVE ( 'NONE', #395, #4167, #8960, .T. ) ;
#1633 = DIRECTION ( 'NONE',  ( 0.000000000000000000, -0.000000000000000000, 1.000000000000000000 ) ) ;
#1634 = DIRECTION ( 'NONE',  ( 1.000000000000000000, -0.000000000000000000, -0.000000000000000000 ) ) ;
#1635 = AXIS2_PLACEMENT_3D ( 'NONE', #1186, #6977, #7927 ) ;
#1636 = LINE ( 'NONE', #2823, #4727 ) ;
#1637 = DIRECTION ( 'NONE',  ( 0.000000000000000000, -1.000000000000000000, 0.000000000000000000 ) ) ;
#1638 = FACE_OUTER_BOUND ( 'NONE', #4449, .T. ) ;
#1639 = CARTESIAN_POINT ( 'NONE',  ( -12.75000000000000355, 29.97999999999998977, 2.729999999999999982 ) ) ;
#1640 = ORIENTED_EDGE ( 'NONE', *, *, #4239, .T. ) ;
#1641 = CARTESIAN_POINT ( 'NONE',  ( -11.99999999999999822, 38.00999999999999091, -1.124999999999997113 ) ) ;
#1642 = ORIENTED_EDGE ( 'NONE', *, *, #6371, .F. ) ;
#1643 = ORIENTED_EDGE ( 'NONE', *, *, #10382, .F. ) ;
#1644 = DIRECTION ( 'NONE',  ( -0.000000000000000000, -0.000000000000000000, -1.000000000000000000 ) ) ;
#1645 = AXIS2_PLACEMENT_3D ( 'NONE', #2806, #6659, #10499 ) ;
#1646 = EDGE_LOOP ( 'NONE', ( #6166, #4908, #8706, #3877 ) ) ;
#1647 = EDGE_CURVE ( 'NONE', #3906, #9734, #5620, .T. ) ;
#1648 = LINE ( 'NONE', #5500, #10258 ) ;
#1649 = DIRECTION ( 'NONE',  ( 0.000000000000000000, 0.000000000000000000, -1.000000000000000000 ) ) ;
#1650 = DIRECTION ( 'NONE',  ( 1.000000000000000000, 0.000000000000000000, 0.000000000000000000 ) ) ;
#1651 = CIRCLE ( 'NONE', #1050, 0.1562499999999979461 ) ;
#1652 = CARTESIAN_POINT ( 'NONE',  ( -10.51999999999999957, 3.750000000000000888, 8.589666975669972615 ) ) ;
#1653 = ORIENTED_EDGE ( 'NONE', *, *, #10690, .F. ) ;
#1654 = DIRECTION ( 'NONE',  ( 1.000000000000000000, 0.000000000000000000, 0.000000000000000000 ) ) ;
#1655 = FACE_BOUND ( 'NONE', #1242, .T. ) ;
#1656 = CIRCLE ( 'NONE', #5693, 0.1718500000000005301 ) ;
#1657 = CYLINDRICAL_SURFACE ( 'NONE', #10530, 0.1562499999999979461 ) ;
#1658 = VERTEX_POINT ( 'NONE', #1280 ) ;
#1659 = VERTEX_POINT ( 'NONE', #1341 ) ;
#1660 = ADVANCED_FACE ( 'NONE', ( #7831 ), #11668, .F. ) ;
#1661 = CARTESIAN_POINT ( 'NONE',  ( 12.75000000000000000, 42.50999999999999801, -1.124999999999997113 ) ) ;
#1662 = AXIS2_PLACEMENT_3D ( 'NONE', #3518, #4592, #12276 ) ;
#1663 = CIRCLE ( 'NONE', #5891, 0.1718500000000005301 ) ;
#1664 = ORIENTED_EDGE ( 'NONE', *, *, #496, .F. ) ;
#1665 = ADVANCED_FACE ( 'NONE', ( #6131 ), #5048, .F. ) ;
#1666 = DIRECTION ( 'NONE',  ( -1.000000000000000000, 0.000000000000000000, -0.000000000000000000 ) ) ;
#1667 = PLANE ( 'NONE',  #6268 ) ;
#1668 = ORIENTED_EDGE ( 'NONE', *, *, #11633, .F. ) ;
#1669 = CARTESIAN_POINT ( 'NONE',  ( 0.3749999999999975020, 69.23000000000000398, 0.000000000000000000 ) ) ;
#1670 = DIRECTION ( 'NONE',  ( 0.000000000000000000, 0.000000000000000000, -1.000000000000000000 ) ) ;
#1671 = EDGE_LOOP ( 'NONE', ( #8429, #11891 ) ) ;
#1672 = AXIS2_PLACEMENT_3D ( 'NONE', #5613, #4899, #9587 ) ;
#1673 = CARTESIAN_POINT ( 'NONE',  ( -11.41133594100306325, 51.61842901036043685, -1.237681738015373512 ) ) ;
#1674 = PRESENTATION_LAYER_ASSIGNMENT (  '', '', ( #6900 ) ) ;
#1675 = EDGE_CURVE ( 'NONE', #7789, #9076, #10977, .T. ) ;
#1676 = CARTESIAN_POINT ( 'NONE',  ( 11.99999999999999822, 44.00999999999999801, -0.9687500000000012212 ) ) ;
#1677 = EDGE_CURVE ( 'NONE', #9101, #11884, #5881, .T. ) ;
#1678 = ORIENTED_EDGE ( 'NONE', *, *, #8590, .T. ) ;
#1679 = EDGE_CURVE ( 'NONE', #1608, #9779, #6225, .T. ) ;
#1680 = AXIS2_PLACEMENT_3D ( 'NONE', #1409, #5059, #6140 ) ;
#1681 = LINE ( 'NONE', #5529, #1015 ) ;
#1682 = FILL_AREA_STYLE ('',( #11384 ) ) ;
#1683 = EDGE_LOOP ( 'NONE', ( #4223, #412 ) ) ;
#1684 = DIRECTION ( 'NONE',  ( 0.000000000000000000, 1.000000000000000000, 0.000000000000000000 ) ) ;
#1685 = DIRECTION ( 'NONE',  ( -0.000000000000000000, -0.000000000000000000, -1.000000000000000000 ) ) ;
#1686 = CARTESIAN_POINT ( 'NONE',  ( 12.75000000000000000, 54.50999999999998380, -0.9687499999999974465 ) ) ;
#1687 = DIRECTION ( 'NONE',  ( 0.000000000000000000, -1.000000000000000000, 0.000000000000000000 ) ) ;
#1688 = ORIENTED_EDGE ( 'NONE', *, *, #481, .T. ) ;
#1689 = VECTOR ( 'NONE', #9541, 39.37007874015748143 ) ;
#1690 = CARTESIAN_POINT ( 'NONE',  ( -12.75000000000000000, 51.50999999999999091, -0.9687499999999992228 ) ) ;
#1691 = EDGE_CURVE ( 'NONE', #3220, #1785, #4163, .T. ) ;
#1692 = CARTESIAN_POINT ( 'NONE',  ( 11.26000000000000156, 13.74000000000000199, 0.000000000000000000 ) ) ;
#1693 = LINE ( 'NONE', #6358, #2703 ) ;
#1694 = EDGE_LOOP ( 'NONE', ( #9014, #8863, #966, #4807 ) ) ;
#1695 = VERTEX_POINT ( 'NONE', #2097 ) ;
#1696 = LINE ( 'NONE', #11456, #10864 ) ;
#1697 = AXIS2_PLACEMENT_3D ( 'NONE', #7769, #6819, #8772 ) ;
#1698 = CARTESIAN_POINT ( 'NONE',  ( 12.75000000000000355, 25.01999999999998181, 3.479999999999999982 ) ) ;
#1699 = DIRECTION ( 'NONE',  ( 0.000000000000000000, 0.000000000000000000, -1.000000000000000000 ) ) ;
#1700 = FACE_OUTER_BOUND ( 'NONE', #8229, .T. ) ;
#1701 = PLANE ( 'NONE',  #12176 ) ;
#1702 = DIRECTION ( 'NONE',  ( 1.000000000000000000, -0.000000000000000000, -0.000000000000000000 ) ) ;
#1703 = ORIENTED_EDGE ( 'NONE', *, *, #3334, .T. ) ;
#1704 = AXIS2_PLACEMENT_3D ( 'NONE', #525, #12173, #4426 ) ;
#1705 = CARTESIAN_POINT ( 'NONE',  ( -11.99999999999999822, 24.70999999999999730, -0.7499999999999972244 ) ) ;
#1706 = EDGE_CURVE ( 'NONE', #6163, #4772, #11853, .T. ) ;
#1707 = VECTOR ( 'NONE', #12406, 39.37007874015748143 ) ;
#1708 = ORIENTED_EDGE ( 'NONE', *, *, #10920, .T. ) ;
#1709 = DIRECTION ( 'NONE',  ( 1.000000000000000000, -0.000000000000000000, -0.000000000000000000 ) ) ;
#1710 = ORIENTED_EDGE ( 'NONE', *, *, #5127, .F. ) ;
#1711 = DIRECTION ( 'NONE',  ( -0.000000000000000000, -1.000000000000000000, -0.000000000000000000 ) ) ;
#1712 = AXIS2_PLACEMENT_3D ( 'NONE', #4282, #9260, #12155 ) ;
#1713 = VECTOR ( 'NONE', #392, 39.37007874015748143 ) ;
#1714 = CARTESIAN_POINT ( 'NONE',  ( -11.99999999999999822, 14.23000000000000220, -1.500000000000000222 ) ) ;
#1715 = PLANE ( 'NONE',  #3225 ) ;
#1716 = CARTESIAN_POINT ( 'NONE',  ( -11.99999999999999822, 44.00999999999999801, -1.124999999999997113 ) ) ;
#1717 = VERTEX_POINT ( 'NONE', #11793 ) ;
#1718 =( NAMED_UNIT ( * ) PLANE_ANGLE_UNIT ( ) SI_UNIT ( $, .RADIAN. ) );
#1719 = CARTESIAN_POINT ( 'NONE',  ( 11.08815000000000062, 51.69999999999999574, -0.7499999999999936717 ) ) ;
#1720 = LINE ( 'NONE', #709, #4889 ) ;
#1721 = EDGE_LOOP ( 'NONE', ( #1455, #4412 ) ) ;
#1722 = ADVANCED_FACE ( 'NONE', ( #3226 ), #5942, .F. ) ;
#1723 = ORIENTED_EDGE ( 'NONE', *, *, #7160, .T. ) ;
#1724 = EDGE_CURVE ( 'NONE', #573, #2740, #2219, .T. ) ;
#1725 = AXIS2_PLACEMENT_3D ( 'NONE', #4593, #9589, #8622 ) ;
#1726 = AXIS2_PLACEMENT_3D ( 'NONE', #9319, #7619, #1699 ) ;
#1727 = CYLINDRICAL_SURFACE ( 'NONE', #3092, 0.1562499999999979461 ) ;
#1728 = EDGE_LOOP ( 'NONE', ( #9810, #1906, #12263, #2899 ) ) ;
#1729 = EDGE_LOOP ( 'NONE', ( #6467, #11792 ) ) ;
#1730 = DIRECTION ( 'NONE',  ( -1.000000000000000000, 0.000000000000000000, 0.000000000000000000 ) ) ;
#1731 = VECTOR ( 'NONE', #8100, 39.37007874015748143 ) ;
#1732 = LINE ( 'NONE', #783, #5679 ) ;
#1733 = EDGE_LOOP ( 'NONE', ( #2054, #5073, #907, #2968 ) ) ;
#1734 = VECTOR ( 'NONE', #3257, 39.37007874015748143 ) ;
#1735 = CARTESIAN_POINT ( 'NONE',  ( -12.75000000000000000, 57.50999999999999091, -0.9687499999999992228 ) ) ;
#1736 = CARTESIAN_POINT ( 'NONE',  ( -10.51999999999999424, 3.750000000000000000, -9.410333024330023832 ) ) ;
#1737 = VERTEX_POINT ( 'NONE', #3284 ) ;
#1738 = DIRECTION ( 'NONE',  ( 0.000000000000000000, 0.000000000000000000, -1.000000000000000000 ) ) ;
#1739 = EDGE_CURVE ( 'NONE', #5178, #12421, #2281, .T. ) ;
#1740 = CARTESIAN_POINT ( 'NONE',  ( -11.43185000000000251, 21.71999999999999886, -1.499999999999997113 ) ) ;
#1741 = ORIENTED_EDGE ( 'NONE', *, *, #10358, .F. ) ;
#1742 = FACE_OUTER_BOUND ( 'NONE', #8935, .T. ) ;
#1743 = EDGE_CURVE ( 'NONE', #4562, #11000, #7895, .T. ) ;
#1744 = EDGE_CURVE ( 'NONE', #7812, #11671, #6620, .T. ) ;
#1745 = ORIENTED_EDGE ( 'NONE', *, *, #3116, .F. ) ;
#1746 = CYLINDRICAL_SURFACE ( 'NONE', #12306, 0.1718500000000005301 ) ;
#1747 = CARTESIAN_POINT ( 'NONE',  ( -11.99999999999999822, 3.750000000000000888, -0.7500000000000001110 ) ) ;
#1748 = CIRCLE ( 'NONE', #3554, 0.1718500000000005301 ) ;
#1749 = CARTESIAN_POINT ( 'NONE',  ( -11.99999999999999822, 50.00999999999999091, -1.124999999999997113 ) ) ;
#1750 = EDGE_CURVE ( 'NONE', #5564, #6910, #11448, .T. ) ;
#1751 = DIRECTION ( 'NONE',  ( 1.000000000000000000, -0.000000000000000000, -0.000000000000000000 ) ) ;
#1752 = ORIENTED_EDGE ( 'NONE', *, *, #8972, .F. ) ;
#1753 = CARTESIAN_POINT ( 'NONE',  ( -1.740000000000002656, 54.75000000000000000, -0.7500000000000001110 ) ) ;
#1754 = DIRECTION ( 'NONE',  ( 0.000000000000000000, 0.000000000000000000, -1.000000000000000000 ) ) ;
#1755 = CARTESIAN_POINT ( 'NONE',  ( 12.75000000000000000, 29.25000000000000000, 2.730000000000003535 ) ) ;
#1756 = ORIENTED_EDGE ( 'NONE', *, *, #4745, .F. ) ;
#1757 = CIRCLE ( 'NONE', #10401, 0.1562499999999978073 ) ;
#1758 = CARTESIAN_POINT ( 'NONE',  ( 3.219999999999996643, 25.01999999999998181, 0.7500000000000001110 ) ) ;
#1759 = EDGE_LOOP ( 'NONE', ( #4340, #2966, #3156, #4097 ) ) ;
#1760 = DIRECTION ( 'NONE',  ( -0.000000000000000000, 0.000000000000000000, 1.000000000000000000 ) ) ;
#1761 = EDGE_CURVE ( 'NONE', #2051, #1695, #3465, .T. ) ;
#1762 = CARTESIAN_POINT ( 'NONE',  ( -11.00000000000000000, 42.50999999999999801, -1.124999999999997113 ) ) ;
#1763 = DIRECTION ( 'NONE',  ( -1.000000000000000000, 0.000000000000000000, 0.000000000000000000 ) ) ;
#1764 = CYLINDRICAL_SURFACE ( 'NONE', #4077, 0.1718500000000005301 ) ;
#1765 = FACE_OUTER_BOUND ( 'NONE', #11033, .T. ) ;
#1766 = DIRECTION ( 'NONE',  ( 0.000000000000000000, -0.000000000000000000, -1.000000000000000000 ) ) ;
#1767 = ORIENTED_EDGE ( 'NONE', *, *, #10818, .F. ) ;
#1768 = VECTOR ( 'NONE', #11689, 39.37007874015748143 ) ;
#1769 = DIRECTION ( 'NONE',  ( 0.000000000000000000, -1.000000000000000000, 0.000000000000000000 ) ) ;
#1770 = DIRECTION ( 'NONE',  ( 1.000000000000000000, 0.000000000000000000, 0.000000000000000000 ) ) ;
#1771 = DIRECTION ( 'NONE',  ( -0.000000000000000000, -1.000000000000000000, -0.000000000000000000 ) ) ;
#1772 = ORIENTED_EDGE ( 'NONE', *, *, #8485, .T. ) ;
#1773 = LINE ( 'NONE', #4725, #3001 ) ;
#1774 = EDGE_CURVE ( 'NONE', #4916, #4306, #3593, .T. ) ;
#1775 = SURFACE_STYLE_USAGE ( .BOTH. , #10406 ) ;
#1776 = DIRECTION ( 'NONE',  ( 1.000000000000000000, 0.000000000000000000, 0.000000000000000000 ) ) ;
#1777 = LINE ( 'NONE', #7385, #7551 ) ;
#1778 = FACE_OUTER_BOUND ( 'NONE', #12070, .T. ) ;
#1779 = ORIENTED_EDGE ( 'NONE', *, *, #6017, .T. ) ;
#1780 = CARTESIAN_POINT ( 'NONE',  ( -11.99999999999999822, 14.23000000000000220, -0.7499999999999983347 ) ) ;
#1781 = DIRECTION ( 'NONE',  ( 1.000000000000000000, -0.000000000000000000, -0.000000000000000000 ) ) ;
#1782 = ORIENTED_EDGE ( 'NONE', *, *, #10979, .F. ) ;
#1783 = VERTEX_POINT ( 'NONE', #3406 ) ;
#1784 = CIRCLE ( 'NONE', #3384, 0.1562499999999979461 ) ;
#1785 = VERTEX_POINT ( 'NONE', #10103 ) ;
#1786 = DIRECTION ( 'NONE',  ( 0.000000000000000000, 0.000000000000000000, -1.000000000000000000 ) ) ;
#1787 = ORIENTED_EDGE ( 'NONE', *, *, #11219, .F. ) ;
#1788 = ORIENTED_EDGE ( 'NONE', *, *, #48, .F. ) ;
#1789 = DIRECTION ( 'NONE',  ( 0.000000000000000000, 0.000000000000000000, -1.000000000000000000 ) ) ;
#1790 = ADVANCED_FACE ( 'NONE', ( #12044 ), #6378, .F. ) ;
#1791 = ADVANCED_FACE ( 'NONE', ( #6318 ), #7258, .F. ) ;
#1792 = VECTOR ( 'NONE', #1154, 39.37007874015748143 ) ;
#1793 = AXIS2_PLACEMENT_3D ( 'NONE', #3634, #6476, #6417 ) ;
#1794 = DIRECTION ( 'NONE',  ( -0.000000000000000000, -0.000000000000000000, -1.000000000000000000 ) ) ;
#1795 = ORIENTED_EDGE ( 'NONE', *, *, #7736, .F. ) ;
#1796 = DIRECTION ( 'NONE',  ( -1.000000000000000000, 0.000000000000000000, 0.000000000000000000 ) ) ;
#1797 = LINE ( 'NONE', #9490, #6315 ) ;
#1798 = VERTEX_POINT ( 'NONE', #2464 ) ;
#1799 = CARTESIAN_POINT ( 'NONE',  ( -11.32512907918671630, 51.54040524806362100, -1.278388006771666419 ) ) ;
#1800 = DIRECTION ( 'NONE',  ( -0.000000000000000000, -0.000000000000000000, 1.000000000000000000 ) ) ;
#1801 = VECTOR ( 'NONE', #1138, 39.37007874015748143 ) ;
#1802 = CIRCLE ( 'NONE', #384, 0.1718500000000005301 ) ;
#1803 = DIRECTION ( 'NONE',  ( 0.000000000000000000, 0.000000000000000000, -1.000000000000000000 ) ) ;
#1804 = VERTEX_POINT ( 'NONE', #7192 ) ;
#1805 = EDGE_CURVE ( 'NONE', #6038, #5044, #11455, .T. ) ;
#1806 = DIRECTION ( 'NONE',  ( 0.000000000000000000, 0.000000000000000000, -1.000000000000000000 ) ) ;
#1807 = VERTEX_POINT ( 'NONE', #8201 ) ;
#1808 = CARTESIAN_POINT ( 'NONE',  ( -12.75000000000000000, 41.00999999999999801, -1.281249999999994893 ) ) ;
#1809 = AXIS2_PLACEMENT_3D ( 'NONE', #11152, #8244, #1633 ) ;
#1810 = STYLED_ITEM ( 'NONE', ( #643 ), #1023 ) ;
#1811 = ORIENTED_EDGE ( 'NONE', *, *, #12433, .T. ) ;
#1812 = DIRECTION ( 'NONE',  ( 1.000000000000000000, 0.000000000000000000, 0.000000000000000000 ) ) ;
#1813 = CARTESIAN_POINT ( 'NONE',  ( -6.000000000000002665, 55.50000000000000000, 0.000000000000000000 ) ) ;
#1814 = ORIENTED_EDGE ( 'NONE', *, *, #1444, .T. ) ;
#1815 = LINE ( 'NONE', #935, #6100 ) ;
#1816 = CARTESIAN_POINT ( 'NONE',  ( -3.220000000000002416, 57.99999999999999289, 0.7500000000000001110 ) ) ;
#1817 = EDGE_CURVE ( 'NONE', #6478, #5919, #6438, .T. ) ;
#1818 = CARTESIAN_POINT ( 'NONE',  ( 10.51999999999999957, 59.18999999999999773, -0.7500000000000001110 ) ) ;
#1819 = AXIS2_PLACEMENT_3D ( 'NONE', #3560, #5589, #1806 ) ;
#1820 = ORIENTED_EDGE ( 'NONE', *, *, #5986, .T. ) ;
#1821 = PRESENTATION_STYLE_ASSIGNMENT (( #6670 ) ) ;
#1822 = ADVANCED_FACE ( 'NONE', ( #6193 ), #12225, .F. ) ;
#1823 = LINE ( 'NONE', #4774, #9673 ) ;
#1824 = DIRECTION ( 'NONE',  ( 0.000000000000000000, 0.000000000000000000, -1.000000000000000000 ) ) ;
#1825 = DIRECTION ( 'NONE',  ( 1.845843238962340985E-16, -0.000000000000000000, 1.000000000000000000 ) ) ;
#1826 = CARTESIAN_POINT ( 'NONE',  ( 11.99999999999999467, 3.750000000000000000, -8.612199694973096342 ) ) ;
#1827 = PLANE ( 'NONE',  #9975 ) ;
#1828 = AXIS2_PLACEMENT_3D ( 'NONE', #3812, #926, #10314 ) ;
#1829 = CARTESIAN_POINT ( 'NONE',  ( 11.99999999999999822, 10.75000000000000178, -1.500000000000000222 ) ) ;
#1830 = VERTEX_POINT ( 'NONE', #11225 ) ;
#1831 = DIRECTION ( 'NONE',  ( 1.000000000000000000, -0.000000000000000000, 0.000000000000000000 ) ) ;
#1832 = CARTESIAN_POINT ( 'NONE',  ( -11.08815000000000062, 51.69999999999999574, -1.500000000000000222 ) ) ;
#1833 = EDGE_CURVE ( 'NONE', #2929, #1737, #638, .T. ) ;
#1834 = DIRECTION ( 'NONE',  ( 0.000000000000000000, 0.000000000000000000, -1.000000000000000000 ) ) ;
#1835 = ORIENTED_EDGE ( 'NONE', *, *, #2956, .T. ) ;
#1836 = VECTOR ( 'NONE', #1139, 39.37007874015748143 ) ;
#1837 = CARTESIAN_POINT ( 'NONE',  ( -11.26000000000000156, 13.74000000000000199, 0.000000000000000000 ) ) ;
#1838 =( LENGTH_UNIT ( ) NAMED_UNIT ( * ) SI_UNIT ( $, .METRE. ) );
#1839 = CARTESIAN_POINT ( 'NONE',  ( -11.99999999999999822, 50.00999999999999091, -1.281249999999992895 ) ) ;
#1840 = DIRECTION ( 'NONE',  ( -0.000000000000000000, -0.000000000000000000, 1.000000000000000000 ) ) ;
#1841 = ORIENTED_EDGE ( 'NONE', *, *, #9682, .F. ) ;
#1842 = DIRECTION ( 'NONE',  ( -0.000000000000000000, -1.000000000000000000, -0.000000000000000000 ) ) ;
#1843 = DIRECTION ( 'NONE',  ( -2.913971193241881950E-15, -1.000000000000000000, 0.000000000000000000 ) ) ;
#1844 = CARTESIAN_POINT ( 'NONE',  ( -11.00000000000000000, 33.50999999999999091, -0.9687499999999992228 ) ) ;
#1845 = VERTEX_POINT ( 'NONE', #10166 ) ;
#1846 = ORIENTED_EDGE ( 'NONE', *, *, #3585, .T. ) ;
#1847 = AXIS2_PLACEMENT_3D ( 'NONE', #172, #1122, #7988 ) ;
#1848 = ORIENTED_EDGE ( 'NONE', *, *, #5440, .T. ) ;
#1849 = ADVANCED_FACE ( 'NONE', ( #4478 ), #5377, .F. ) ;
#1850 = DIRECTION ( 'NONE',  ( -1.000000000000000000, 0.000000000000000000, 0.000000000000000000 ) ) ;
#1851 = ORIENTED_EDGE ( 'NONE', *, *, #6752, .T. ) ;
#1852 = EDGE_LOOP ( 'NONE', ( #3239, #4054, #450, #2002 ) ) ;
#1853 = CARTESIAN_POINT ( 'NONE',  ( -11.00000000000000000, 48.50999999999999091, -1.281249999999994893 ) ) ;
#1854 = VECTOR ( 'NONE', #8015, 39.37007874015748143 ) ;
#1855 = VECTOR ( 'NONE', #1175, 39.37007874015748143 ) ;
#1856 = LINE ( 'NONE', #10611, #6082 ) ;
#1857 = EDGE_LOOP ( 'NONE', ( #6018, #4192, #6669, #11427 ) ) ;
#1858 = CARTESIAN_POINT ( 'NONE',  ( -11.99999999999999822, 52.18999999999999773, -1.500000000000000222 ) ) ;
#1859 = DIRECTION ( 'NONE',  ( -1.000000000000000000, 0.000000000000000000, 0.000000000000000000 ) ) ;
#1860 = ORIENTED_EDGE ( 'NONE', *, *, #4358, .T. ) ;
#1861 = LINE ( 'NONE', #977, #4342 ) ;
#1862 = CONICAL_SURFACE ( 'NONE', #863, 0.1718500000000005301, 1.029744258676654756 ) ;
#1863 = ADVANCED_FACE ( 'NONE', ( #3532 ), #9082, .F. ) ;
#1864 = AXIS2_PLACEMENT_3D ( 'NONE', #8537, #3614, #12310 ) ;
#1865 = LINE ( 'NONE', #12434, #7027 ) ;
#1866 = ORIENTED_EDGE ( 'NONE', *, *, #11751, .F. ) ;
#1867 = PLANE ( 'NONE',  #4431 ) ;
#1868 = VECTOR ( 'NONE', #2008, 39.37007874015748143 ) ;
#1869 = ORIENTED_EDGE ( 'NONE', *, *, #2932, .T. ) ;
#1870 = CARTESIAN_POINT ( 'NONE',  ( 11.26000000000000156, 21.71999999999999886, 0.000000000000000000 ) ) ;
#1871 = VECTOR ( 'NONE', #8568, 39.37007874015748143 ) ;
#1872 = ORIENTED_EDGE ( 'NONE', *, *, #1408, .F. ) ;
#1873 = DIRECTION ( 'NONE',  ( 0.000000000000000000, 1.000000000000000000, -0.000000000000000000 ) ) ;
#1874 = CARTESIAN_POINT ( 'NONE',  ( 11.43185000000000251, 11.24000000000000199, 0.000000000000000000 ) ) ;
#1875 = ORIENTED_EDGE ( 'NONE', *, *, #3590, .F. ) ;
#1876 = EDGE_CURVE ( 'NONE', #778, #10907, #1648, .T. ) ;
#1877 = ADVANCED_FACE ( 'NONE', ( #8259 ), #9209, .F. ) ;
#1878 = DIRECTION ( 'NONE',  ( 0.000000000000000000, -1.000000000000000000, 0.000000000000000000 ) ) ;
#1879 = CIRCLE ( 'NONE', #260, 0.1718500000000005301 ) ;
#1880 = SURFACE_STYLE_FILL_AREA ( #8675 ) ;
#1881 = ORIENTED_EDGE ( 'NONE', *, *, #1337, .F. ) ;
#1882 = CARTESIAN_POINT ( 'NONE',  ( 11.00000000000000000, 54.50999999999998380, -1.124999999999997113 ) ) ;
#1883 = LINE ( 'NONE', #4588, #10266 ) ;
#1884 = CARTESIAN_POINT ( 'NONE',  ( 11.99999999999999822, 59.18999999999999773, -1.500000000000000222 ) ) ;
#1885 = CARTESIAN_POINT ( 'NONE',  ( 11.08815000000000062, 11.24000000000000199, 0.000000000000000000 ) ) ;
#1886 = VECTOR ( 'NONE', #1965, 39.37007874015748143 ) ;
#1887 = LINE ( 'NONE', #943, #9523 ) ;
#1888 = PLANE ( 'NONE',  #1922 ) ;
#1889 = CARTESIAN_POINT ( 'NONE',  ( -11.26000000000000156, 51.69999999999999574, -0.7499999999999936717 ) ) ;
#1890 = ORIENTED_EDGE ( 'NONE', *, *, #899, .T. ) ;
#1891 = EDGE_CURVE ( 'NONE', #12298, #1625, #574, .T. ) ;
#1892 = CYLINDRICAL_SURFACE ( 'NONE', #8620, 0.1562499999999990563 ) ;
#1893 = FACE_BOUND ( 'NONE', #5203, .T. ) ;
#1894 = VERTEX_POINT ( 'NONE', #520 ) ;
#1895 = DIRECTION ( 'NONE',  ( 1.000000000000000000, 0.000000000000000000, 0.000000000000000000 ) ) ;
#1896 = CARTESIAN_POINT ( 'NONE',  ( -12.00000000000000355, 4.500000000000000888, 8.589666975669972615 ) ) ;
#1897 = ADVANCED_FACE ( 'NONE', ( #7317 ), #4419, .F. ) ;
#1898 = DIRECTION ( 'NONE',  ( 1.000000000000000000, -0.000000000000000000, -0.000000000000000000 ) ) ;
#1899 = VERTEX_POINT ( 'NONE', #8513 ) ;
#1900 = EDGE_CURVE ( 'NONE', #7592, #10438, #12259, .T. ) ;
#1901 = LENGTH_MEASURE_WITH_UNIT ( LENGTH_MEASURE( 0.02539999999999999897 ), #11597 );
#1902 = DIRECTION ( 'NONE',  ( -1.000000000000000000, 0.000000000000000000, 0.000000000000000000 ) ) ;
#1903 = CARTESIAN_POINT ( 'NONE',  ( 11.00000000000000000, 27.50999999999998735, -1.281249999999994893 ) ) ;
#1904 = ORIENTED_EDGE ( 'NONE', *, *, #4771, .T. ) ;
#1905 = VECTOR ( 'NONE', #9731, 39.37007874015748143 ) ;
#1906 = ORIENTED_EDGE ( 'NONE', *, *, #8278, .F. ) ;
#1907 = EDGE_CURVE ( 'NONE', #11000, #6377, #7508, .T. ) ;
#1908 = VERTEX_POINT ( 'NONE', #2895 ) ;
#1909 = UNCERTAINTY_MEASURE_WITH_UNIT (LENGTH_MEASURE( 1.000000000000000082E-05 ), #8860, 'distance_accuracy_value', 'NONE');
#1910 = CARTESIAN_POINT ( 'NONE',  ( 0.3749999999999975020, 69.23000000000000398, 0.000000000000000000 ) ) ;
#1911 = EDGE_LOOP ( 'NONE', ( #2237, #2479 ) ) ;
#1912 = VECTOR ( 'NONE', #11042, 39.37007874015748143 ) ;
#1913 = VERTEX_POINT ( 'NONE', #4845 ) ;
#1914 = CYLINDRICAL_SURFACE ( 'NONE', #5419, 0.1718500000000005301 ) ;
#1915 = VECTOR ( 'NONE', #2878, 39.37007874015748143 ) ;
#1916 = DIRECTION ( 'NONE',  ( -0.000000000000000000, -1.000000000000000000, -0.000000000000000000 ) ) ;
#1917 = ORIENTED_EDGE ( 'NONE', *, *, #2035, .F. ) ;
#1918 = EDGE_CURVE ( 'NONE', #5783, #3574, #3721, .T. ) ;
#1919 = CYLINDRICAL_SURFACE ( 'NONE', #9714, 0.1562499999999979461 ) ;
#1920 = CARTESIAN_POINT ( 'NONE',  ( -11.36057006396904789, 51.56004655140658599, -0.9767077141718103483 ) ) ;
#1921 = ORIENTED_EDGE ( 'NONE', *, *, #6558, .T. ) ;
#1922 = AXIS2_PLACEMENT_3D ( 'NONE', #11278, #5737, #11340 ) ;
#1923 = VECTOR ( 'NONE', #3534, 39.37007874015748143 ) ;
#1924 = CARTESIAN_POINT ( 'NONE',  ( -22.06250000000002132, 4.500000000000000888, -8.339222019273449860 ) ) ;
#1925 = CARTESIAN_POINT ( 'NONE',  ( -11.99999999999999822, 24.70999999999999730, -1.500000000000000222 ) ) ;
#1926 = VERTEX_POINT ( 'NONE', #11531 ) ;
#1927 = AXIS2_PLACEMENT_3D ( 'NONE', #6042, #6737, #3952 ) ;
#1928 = CIRCLE ( 'NONE', #12380, 0.1562499999999990563 ) ;
#1929 = DIRECTION ( 'NONE',  ( 1.000000000000000000, 0.000000000000000000, 0.000000000000000000 ) ) ;
#1930 = DIRECTION ( 'NONE',  ( 0.000000000000000000, 1.177520686924250979E-16, -1.000000000000000000 ) ) ;
#1931 = ORIENTED_EDGE ( 'NONE', *, *, #12405, .F. ) ;
#1932 = ADVANCED_FACE ( 'NONE', ( #10529 ), #5802, .F. ) ;
#1933 = LINE ( 'NONE', #2616, #4453 ) ;
#1934 = EDGE_LOOP ( 'NONE', ( #1546, #11743 ) ) ;
#1935 = CARTESIAN_POINT ( 'NONE',  ( 11.99999999999999467, 4.500000000000002665, 8.589666975669972615 ) ) ;
#1936 = DIRECTION ( 'NONE',  ( 0.000000000000000000, 0.000000000000000000, 1.000000000000000000 ) ) ;
#1937 = AXIS2_PLACEMENT_3D ( 'NONE', #1935, #9633, #3939 ) ;
#1938 =( NAMED_UNIT ( * ) SI_UNIT ( $, .STERADIAN. ) SOLID_ANGLE_UNIT ( ) );
#1939 = FILL_AREA_STYLE_COLOUR ( '', #3197 ) ;
#1940 = ORIENTED_EDGE ( 'NONE', *, *, #11988, .F. ) ;
#1941 = PLANE ( 'NONE',  #5841 ) ;
#1942 = AXIS2_PLACEMENT_3D ( 'NONE', #3986, #9559, #3746 ) ;
#1943 = EDGE_CURVE ( 'NONE', #11282, #8585, #11257, .T. ) ;
#1944 = CARTESIAN_POINT ( 'NONE',  ( -12.00000000000000355, 25.01999999999998536, 3.480000000000003091 ) ) ;
#1945 = EDGE_CURVE ( 'NONE', #9128, #6272, #1773, .T. ) ;
#1946 = DIRECTION ( 'NONE',  ( -0.000000000000000000, -1.000000000000000000, -0.000000000000000000 ) ) ;
#1947 = DIRECTION ( 'NONE',  ( -1.000000000000000000, 0.000000000000000000, 0.000000000000000000 ) ) ;
#1948 = CYLINDRICAL_SURFACE ( 'NONE', #9362, 0.1718500000000005301 ) ;
#1949 = DIRECTION ( 'NONE',  ( 0.000000000000000000, 1.000000000000000000, -0.000000000000000000 ) ) ;
#1950 = ORIENTED_EDGE ( 'NONE', *, *, #5247, .T. ) ;
#1951 = FILL_AREA_STYLE_COLOUR ( '', #2264 ) ;
#1952 = VECTOR ( 'NONE', #9061, 39.37007874015748143 ) ;
#1953 = CARTESIAN_POINT ( 'NONE',  ( -11.26000000000000156, 13.74000000000000199, -0.7499999999999983347 ) ) ;
#1954 = DIRECTION ( 'NONE',  ( -1.000000000000000000, 0.000000000000000000, 0.000000000000000000 ) ) ;
#1955 = EDGE_LOOP ( 'NONE', ( #4559, #11514, #6511, #2106 ) ) ;
#1956 = CARTESIAN_POINT ( 'NONE',  ( 11.99999999999999822, 26.00999999999999091, -1.124999999999997113 ) ) ;
#1957 = LINE ( 'NONE', #5804, #11682 ) ;
#1958 = EDGE_CURVE ( 'NONE', #4639, #8122, #1401, .T. ) ;
#1959 = CARTESIAN_POINT ( 'NONE',  ( 11.09149687942468354, 51.66624913547210696, -1.124480226763119095 ) ) ;
#1960 = CIRCLE ( 'NONE', #9001, 0.1562499999999979461 ) ;
#1961 = CARTESIAN_POINT ( 'NONE',  ( -11.26000000000000156, 49.19999999999999574, 0.000000000000000000 ) ) ;
#1962 = ORIENTED_EDGE ( 'NONE', *, *, #10370, .T. ) ;
#1963 = LINE ( 'NONE', #9954, #6247 ) ;
#1964 = LINE ( 'NONE', #9845, #9355 ) ;
#1965 = DIRECTION ( 'NONE',  ( 0.000000000000000000, 0.000000000000000000, 1.000000000000000000 ) ) ;
#1966 = ORIENTED_EDGE ( 'NONE', *, *, #2778, .T. ) ;
#1967 = VERTEX_POINT ( 'NONE', #4787 ) ;
#1968 = ORIENTED_EDGE ( 'NONE', *, *, #8060, .F. ) ;
#1969 = CARTESIAN_POINT ( 'NONE',  ( -11.43185000000000251, 24.21999999999999531, -2.250000000000000444 ) ) ;
#1970 = ORIENTED_EDGE ( 'NONE', *, *, #9494, .F. ) ;
#1971 =( GEOMETRIC_REPRESENTATION_CONTEXT ( 3 ) GLOBAL_UNCERTAINTY_ASSIGNED_CONTEXT ( ( #9730 ) ) GLOBAL_UNIT_ASSIGNED_CONTEXT ( ( #6405, #2555, #9366 ) ) REPRESENTATION_CONTEXT ( 'NONE', 'WORKASPACE' ) );
#1972 = ADVANCED_FACE ( 'NONE', ( #10346 ), #2835, .F. ) ;
#1973 = ORIENTED_EDGE ( 'NONE', *, *, #11624, .T. ) ;
#1974 = CARTESIAN_POINT ( 'NONE',  ( -12.75000000000000355, 29.25000000000000000, 0.000000000000000000 ) ) ;
#1975 = EDGE_CURVE ( 'NONE', #7667, #2906, #3999, .T. ) ;
#1976 = LINE ( 'NONE', #5706, #9712 ) ;
#1977 = ORIENTED_EDGE ( 'NONE', *, *, #761, .T. ) ;
#1978 = DIRECTION ( 'NONE',  ( 0.000000000000000000, 0.000000000000000000, -1.000000000000000000 ) ) ;
#1979 = FACE_OUTER_BOUND ( 'NONE', #6491, .T. ) ;
#1980 = CARTESIAN_POINT ( 'NONE',  ( -11.16008347431555947, 51.55958659948587552, -0.9765607383244975237 ) ) ;
#1981 = VERTEX_POINT ( 'NONE', #1013 ) ;
#1982 = CLOSED_SHELL ( 'NONE', ( #8173, #617, #2481, #4758, #6285, #8982 ) ) ;
#1983 = PLANE ( 'NONE',  #528 ) ;
#1984 = DIRECTION ( 'NONE',  ( 1.000000000000000000, 0.000000000000000000, 0.000000000000000000 ) ) ;
#1985 = EDGE_CURVE ( 'NONE', #1695, #10063, #3808, .T. ) ;
#1986 = ORIENTED_EDGE ( 'NONE', *, *, #9386, .F. ) ;
#1987 = AXIS2_PLACEMENT_3D ( 'NONE', #6382, #4485, #5630 ) ;
#1988 = ORIENTED_EDGE ( 'NONE', *, *, #6594, .T. ) ;
#1989 = DIRECTION ( 'NONE',  ( -1.000000000000000000, 0.000000000000000000, 0.000000000000000000 ) ) ;
#1990 = CARTESIAN_POINT ( 'NONE',  ( -10.51999999999999957, 14.23000000000000220, -1.500000000000000222 ) ) ;
#1991 = ORIENTED_EDGE ( 'NONE', *, *, #2482, .T. ) ;
#1992 = CARTESIAN_POINT ( 'NONE',  ( -11.99999999999999822, 0.000000000000000000, 0.000000000000000000 ) ) ;
#1993 = ORIENTED_EDGE ( 'NONE', *, *, #11422, .T. ) ;
#1994 = DIRECTION ( 'NONE',  ( 0.000000000000000000, -0.9396926207859105373, -0.3420201433256625512 ) ) ;
#1995 = VECTOR ( 'NONE', #10362, 39.37007874015748143 ) ;
#1996 = CARTESIAN_POINT ( 'NONE',  ( 11.26000000000000156, 21.71999999999999886, -1.500000000000000222 ) ) ;
#1997 = CIRCLE ( 'NONE', #6020, 0.1718500000000005301 ) ;
#1998 = CARTESIAN_POINT ( 'NONE',  ( -11.43185000000000251, 24.21999999999999531, 0.000000000000000000 ) ) ;
#1999 = CARTESIAN_POINT ( 'NONE',  ( 11.99999999999999822, 51.50999999999999091, -1.124999999999997113 ) ) ;
#2000 = ADVANCED_FACE ( 'NONE', ( #12346 ), #10467, .F. ) ;
#2001 = DIRECTION ( 'NONE',  ( 1.000000000000000000, -0.000000000000000000, -0.000000000000000000 ) ) ;
#2002 = ORIENTED_EDGE ( 'NONE', *, *, #1307, .F. ) ;
#2003 = AXIS2_PLACEMENT_3D ( 'NONE', #4021, #5992, #5034 ) ;
#2004 = DIRECTION ( 'NONE',  ( 1.000000000000000000, -0.000000000000000000, -0.000000000000000000 ) ) ;
#2005 = AXIS2_PLACEMENT_3D ( 'NONE', #12179, #11053, #10180 ) ;
#2006 = LINE ( 'NONE', #2130, #7474 ) ;
#2007 = DIRECTION ( 'NONE',  ( -1.000000000000000000, 0.000000000000000000, 0.000000000000000000 ) ) ;
#2008 = DIRECTION ( 'NONE',  ( 0.000000000000000000, 0.000000000000000000, 1.000000000000000000 ) ) ;
#2009 = FACE_OUTER_BOUND ( 'NONE', #10528, .T. ) ;
#2010 = DIRECTION ( 'NONE',  ( 0.000000000000000000, 6.845593068680304645E-16, -1.000000000000000000 ) ) ;
#2011 = ORIENTED_EDGE ( 'NONE', *, *, #7466, .F. ) ;
#2012 = CARTESIAN_POINT ( 'NONE',  ( -11.26000000000000156, 11.24000000000000199, 0.000000000000000000 ) ) ;
#2013 = VECTOR ( 'NONE', #2187, 39.37007874015748143 ) ;
#2014 = STYLED_ITEM ( 'NONE', ( #1821 ), #1169 ) ;
#2015 = CARTESIAN_POINT ( 'NONE',  ( -12.75000000000000000, 39.50999999999999801, -1.124999999999997113 ) ) ;
#2016 = EDGE_CURVE ( 'NONE', #11412, #8848, #9531, .T. ) ;
#2017 = DIRECTION ( 'NONE',  ( 0.000000000000000000, 0.000000000000000000, 1.000000000000000000 ) ) ;
#2018 = EDGE_CURVE ( 'NONE', #3088, #11300, #6631, .T. ) ;
#2019 = ORIENTED_EDGE ( 'NONE', *, *, #8043, .F. ) ;
#2020 = DIRECTION ( 'NONE',  ( 1.000000000000000000, 0.000000000000000000, 0.000000000000000000 ) ) ;
#2021 = CARTESIAN_POINT ( 'NONE',  ( -11.99999999999999822, 48.50999999999999091, -1.124999999999997113 ) ) ;
#2022 = AXIS2_PLACEMENT_3D ( 'NONE', #7726, #6837, #36 ) ;
#2023 = DIRECTION ( 'NONE',  ( -1.000000000000000000, 0.000000000000000000, 0.000000000000000000 ) ) ;
#2024 = CARTESIAN_POINT ( 'NONE',  ( 11.00000000000000000, 45.50999999999999091, -1.124999999999997113 ) ) ;
#2025 = FILL_AREA_STYLE_COLOUR ( '', #403 ) ;
#2026 = CARTESIAN_POINT ( 'NONE',  ( -12.75000000000000000, 42.50999999999999801, -0.9687499999999992228 ) ) ;
#2027 = CYLINDRICAL_SURFACE ( 'NONE', #2291, 0.1562499999999979461 ) ;
#2028 = ORIENTED_EDGE ( 'NONE', *, *, #9386, .T. ) ;
#2029 = ORIENTED_EDGE ( 'NONE', *, *, #6047, .T. ) ;
#2030 = ORIENTED_EDGE ( 'NONE', *, *, #7968, .T. ) ;
#2031 = UNCERTAINTY_MEASURE_WITH_UNIT (LENGTH_MEASURE( 1.000000000000000082E-05 ), #7162, 'distance_accuracy_value', 'NONE');
#2032 = ADVANCED_FACE ( 'NONE', ( #763 ), #9597, .F. ) ;
#2033 = LINE ( 'NONE', #19, #7122 ) ;
#2034 = VECTOR ( 'NONE', #5626, 39.37007874015748143 ) ;
#2035 = EDGE_CURVE ( 'NONE', #1031, #613, #7694, .T. ) ;
#2036 = ORIENTED_EDGE ( 'NONE', *, *, #6103, .T. ) ;
#2037 = VERTEX_POINT ( 'NONE', #5624 ) ;
#2038 = DIRECTION ( 'NONE',  ( 1.000000000000000000, 0.000000000000000000, -0.000000000000000000 ) ) ;
#2039 = CARTESIAN_POINT ( 'NONE',  ( 11.99999999999999822, 42.50999999999999801, -1.124999999999997113 ) ) ;
#2040 = ORIENTED_EDGE ( 'NONE', *, *, #9145, .T. ) ;
#2041 = CYLINDRICAL_SURFACE ( 'NONE', #8284, 0.1562499999999957812 ) ;
#2042 = CARTESIAN_POINT ( 'NONE',  ( 11.99999999999999822, 32.00999999999999091, -1.124999999999997113 ) ) ;
#2043 = VECTOR ( 'NONE', #6674, 39.37007874015748143 ) ;
#2044 = CARTESIAN_POINT ( 'NONE',  ( -11.32563336726909320, 51.54061500824238351, -0.9716528350018653892 ) ) ;
#2045 = EDGE_LOOP ( 'NONE', ( #3429, #10884, #2352, #7281 ) ) ;
#2046 = EDGE_CURVE ( 'NONE', #5919, #1899, #9465, .T. ) ;
#2047 = CARTESIAN_POINT ( 'NONE',  ( 10.51999999999999247, 3.750000000000003553, -8.612199694973092789 ) ) ;
#2048 = EDGE_CURVE ( 'NONE', #10727, #10267, #7439, .T. ) ;
#2049 = FILL_AREA_STYLE_COLOUR ( '', #3408 ) ;
#2050 = CIRCLE ( 'NONE', #11113, 0.1718500000000005301 ) ;
#2051 = VERTEX_POINT ( 'NONE', #249 ) ;
#2052 = DIRECTION ( 'NONE',  ( 1.000000000000000000, 0.000000000000000000, 0.000000000000000000 ) ) ;
#2053 = DIRECTION ( 'NONE',  ( 0.000000000000000000, 0.000000000000000000, -1.000000000000000000 ) ) ;
#2054 = ORIENTED_EDGE ( 'NONE', *, *, #1739, .F. ) ;
#2055 = CARTESIAN_POINT ( 'NONE',  ( -11.99999999999999822, 59.18999999999999773, -0.7500000000000001110 ) ) ;
#2056 = ORIENTED_EDGE ( 'NONE', *, *, #1743, .T. ) ;
#2057 = ADVANCED_FACE ( 'NONE', ( #3081 ), #1200, .F. ) ;
#2058 = VECTOR ( 'NONE', #10918, 39.37007874015748143 ) ;
#2059 = PLANE ( 'NONE',  #2936 ) ;
#2060 = AXIS2_PLACEMENT_3D ( 'NONE', #7198, #10921, #8964 ) ;
#2061 = CARTESIAN_POINT ( 'NONE',  ( 11.99999999999999822, 24.70999999999999730, -1.500000000000000222 ) ) ;
#2062 = ADVANCED_FACE ( 'NONE', ( #4084 ), #4971, .F. ) ;
#2063 = FACE_OUTER_BOUND ( 'NONE', #8666, .T. ) ;
#2064 = VERTEX_POINT ( 'NONE', #8882 ) ;
#2065 = AXIS2_PLACEMENT_3D ( 'NONE', #2024, #3023, #5867 ) ;
#2066 = AXIS2_PLACEMENT_3D ( 'NONE', #8936, #4016, #11704 ) ;
#2067 = DIRECTION ( 'NONE',  ( -0.000000000000000000, -0.000000000000000000, 1.000000000000000000 ) ) ;
#2068 = LENGTH_MEASURE_WITH_UNIT ( LENGTH_MEASURE( 0.02539999999999999897 ), #1838 );
#2069 = CARTESIAN_POINT ( 'NONE',  ( 11.99999999999999822, 35.00999999999999091, -0.9687499999999992228 ) ) ;
#2070 = CYLINDRICAL_SURFACE ( 'NONE', #4539, 0.1562499999999979461 ) ;
#2071 = DIRECTION ( 'NONE',  ( -1.000000000000000000, 0.000000000000000000, 0.000000000000000000 ) ) ;
#2072 = ADVANCED_FACE ( 'NONE', ( #9716 ), #8814, .T. ) ;
#2073 = LINE ( 'NONE', #8684, #8968 ) ;
#2074 = DIRECTION ( 'NONE',  ( 0.000000000000000000, 0.000000000000000000, 1.000000000000000000 ) ) ;
#2075 = VERTEX_POINT ( 'NONE', #126 ) ;
#2076 = VECTOR ( 'NONE', #2797, 39.37007874015748143 ) ;
#2077 = CARTESIAN_POINT ( 'NONE',  ( -11.26000000000000156, 49.19999999999999574, -1.500000000000000222 ) ) ;
#2078 = STYLED_ITEM ( 'NONE', ( #6970 ), #5140 ) ;
#2079 = CARTESIAN_POINT ( 'NONE',  ( 11.26000000000000156, 13.74000000000000199, 0.000000000000000000 ) ) ;
#2080 = PLANE ( 'NONE',  #9766 ) ;
#2081 = ORIENTED_EDGE ( 'NONE', *, *, #9365, .T. ) ;
#2082 = FACE_OUTER_BOUND ( 'NONE', #11183, .T. ) ;
#2083 = AXIS2_PLACEMENT_3D ( 'NONE', #8265, #4674, #2594 ) ;
#2084 = LINE ( 'NONE', #4022, #1836 ) ;
#2085 = LINE ( 'NONE', #1016, #2711 ) ;
#2086 = CARTESIAN_POINT ( 'NONE',  ( 11.00000000000000000, 48.50999999999999091, -1.281249999999994893 ) ) ;
#2087 = EDGE_CURVE ( 'NONE', #11947, #2720, #4909, .T. ) ;
#2088 = DIRECTION ( 'NONE',  ( 1.000000000000000000, -0.000000000000000000, -0.000000000000000000 ) ) ;
#2089 = CARTESIAN_POINT ( 'NONE',  ( 11.99999999999999822, 38.00999999999999091, -0.9687500000000009992 ) ) ;
#2090 = VERTEX_POINT ( 'NONE', #309 ) ;
#2091 = VERTEX_POINT ( 'NONE', #8942 ) ;
#2092 = VECTOR ( 'NONE', #7885, 39.37007874015748143 ) ;
#2093 = ORIENTED_EDGE ( 'NONE', *, *, #6743, .F. ) ;
#2094 = CARTESIAN_POINT ( 'NONE',  ( 10.51999999999999957, 10.75000000000000178, -1.500000000000000222 ) ) ;
#2095 = ORIENTED_EDGE ( 'NONE', *, *, #9187, .T. ) ;
#2096 = ORIENTED_EDGE ( 'NONE', *, *, #10493, .T. ) ;
#2097 = CARTESIAN_POINT ( 'NONE',  ( -11.00000000000000000, 30.50999999999998735, -0.9687499999999992228 ) ) ;
#2098 = AXIS2_PLACEMENT_3D ( 'NONE', #9463, #3588, #10224 ) ;
#2099 = DIRECTION ( 'NONE',  ( 0.000000000000000000, 0.000000000000000000, -1.000000000000000000 ) ) ;
#2100 = VERTEX_POINT ( 'NONE', #4150 ) ;
#2101 = ADVANCED_FACE ( 'NONE', ( #2082 ), #5165, .T. ) ;
#2102 = CARTESIAN_POINT ( 'NONE',  ( -3.220000000000002416, 55.50000000000000000, 0.7500000000000001110 ) ) ;
#2103 = CARTESIAN_POINT ( 'NONE',  ( 0.000000000000000000, 29.97999999999998977, 0.000000000000000000 ) ) ;
#2104 = ADVANCED_FACE ( 'NONE', ( #10900 ), #11712, .F. ) ;
#2105 = CARTESIAN_POINT ( 'NONE',  ( -11.42110671532371136, 51.63980968079650324, -1.037045727150728958 ) ) ;
#2106 = ORIENTED_EDGE ( 'NONE', *, *, #7265, .F. ) ;
#2107 = LINE ( 'NONE', #151, #10792 ) ;
#2108 = ORIENTED_EDGE ( 'NONE', *, *, #8013, .T. ) ;
#2109 = VECTOR ( 'NONE', #5056, 39.37007874015748143 ) ;
#2110 = COLOUR_RGB ( '',1.000000000000000000, 1.000000000000000000, 1.000000000000000000 ) ;
#2111 = VECTOR ( 'NONE', #4661, 39.37007874015748143 ) ;
#2112 = ORIENTED_EDGE ( 'NONE', *, *, #10678, .F. ) ;
#2113 = DIRECTION ( 'NONE',  ( 1.000000000000000000, 0.000000000000000000, 0.000000000000000000 ) ) ;
#2114 = DIRECTION ( 'NONE',  ( 1.000000000000000000, 0.000000000000000000, -0.000000000000000000 ) ) ;
#2115 = DIRECTION ( 'NONE',  ( 1.000000000000000000, 0.000000000000000000, 0.000000000000000000 ) ) ;
#2116 = EDGE_LOOP ( 'NONE', ( #12435, #5137, #9667, #12418 ) ) ;
#2117 = COLOUR_RGB ( '',1.000000000000000000, 1.000000000000000000, 1.000000000000000000 ) ;
#2118 = PLANE ( 'NONE',  #10503 ) ;
#2119 = EDGE_CURVE ( 'NONE', #5135, #10181, #10652, .T. ) ;
#2120 = EDGE_LOOP ( 'NONE', ( #10476, #876, #6935, #5130 ) ) ;
#2121 = LINE ( 'NONE', #8793, #10987 ) ;
#2122 = PLANE ( 'NONE',  #7995 ) ;
#2123 = DIRECTION ( 'NONE',  ( 0.000000000000000000, 0.000000000000000000, 1.000000000000000000 ) ) ;
#2124 = AXIS2_PLACEMENT_3D ( 'NONE', #6554, #9520, #8565 ) ;
#2125 = ORIENTED_EDGE ( 'NONE', *, *, #1250, .F. ) ;
#2126 = DIMENSIONAL_EXPONENTS ( 1.000000000000000000, 0.000000000000000000, 0.000000000000000000, 0.000000000000000000, 0.000000000000000000, 0.000000000000000000, 0.000000000000000000 ) ;
#2127 = ADVANCED_FACE ( 'NONE', ( #2266 ), #7754, .T. ) ;
#2128 = ADVANCED_FACE ( 'NONE', ( #7813 ), #9005, .T. ) ;
#2129 = FACE_OUTER_BOUND ( 'NONE', #154, .T. ) ;
#2130 = CARTESIAN_POINT ( 'NONE',  ( 5.999999999999998224, 55.50000000000000000, 2.730000000000007088 ) ) ;
#2131 = EDGE_CURVE ( 'NONE', #9076, #4613, #7844, .T. ) ;
#2132 = DIRECTION ( 'NONE',  ( 0.000000000000000000, 0.000000000000000000, -1.000000000000000000 ) ) ;
#2133 = AXIS2_PLACEMENT_3D ( 'NONE', #7918, #1873, #7731 ) ;
#2134 = CARTESIAN_POINT ( 'NONE',  ( -12.00000000000000355, 3.000000000000000444, -9.410333024330023832 ) ) ;
#2135 = AXIS2_PLACEMENT_3D ( 'NONE', #268, #8965, #147 ) ;
#2136 = CARTESIAN_POINT ( 'NONE',  ( 11.99999999999999822, 4.500000000000000000, -2.249999999999999556 ) ) ;
#2137 = CARTESIAN_POINT ( 'NONE',  ( -11.42850329373635532, 51.66624999999999091, -1.124999999999997113 ) ) ;
#2138 = ORIENTED_EDGE ( 'NONE', *, *, #7949, .T. ) ;
#2139 = DIRECTION ( 'NONE',  ( -0.000000000000000000, -0.000000000000000000, 1.000000000000000000 ) ) ;
#2140 = CARTESIAN_POINT ( 'NONE',  ( 11.99999999999999822, 24.70999999999999730, -0.7499999999999972244 ) ) ;
#2141 = LINE ( 'NONE', #7875, #3112 ) ;
#2142 = VECTOR ( 'NONE', #11641, 39.37007874015748143 ) ;
#2143 = EDGE_CURVE ( 'NONE', #1631, #797, #11649, .T. ) ;
#2144 = VERTEX_POINT ( 'NONE', #3019 ) ;
#2145 = DIRECTION ( 'NONE',  ( 1.000000000000000000, -0.000000000000000000, -0.000000000000000000 ) ) ;
#2146 = LINE ( 'NONE', #5166, #9489 ) ;
#2147 = FACE_OUTER_BOUND ( 'NONE', #9689, .T. ) ;
#2148 = DIRECTION ( 'NONE',  ( 0.000000000000000000, -7.850137912828339862E-17, 1.000000000000000000 ) ) ;
#2149 = DIRECTION ( 'NONE',  ( -0.000000000000000000, -1.000000000000000000, -0.000000000000000000 ) ) ;
#2150 = DIRECTION ( 'NONE',  ( -1.000000000000000000, -0.000000000000000000, -0.000000000000000000 ) ) ;
#2151 = VERTEX_POINT ( 'NONE', #6863 ) ;
#2152 = CIRCLE ( 'NONE', #7984, 0.1562499999999979461 ) ;
#2153 = ORIENTED_EDGE ( 'NONE', *, *, #8119, .F. ) ;
#2154 = EDGE_LOOP ( 'NONE', ( #772, #756 ) ) ;
#2155 = DIRECTION ( 'NONE',  ( 1.000000000000000000, 0.000000000000000000, 0.000000000000000000 ) ) ;
#2156 = EDGE_LOOP ( 'NONE', ( #3756, #7219, #3975, #5185 ) ) ;
#2157 = ADVANCED_FACE ( 'NONE', ( #9840 ), #10712, .F. ) ;
#2158 = ORIENTED_EDGE ( 'NONE', *, *, #5050, .T. ) ;
#2159 = CARTESIAN_POINT ( 'NONE',  ( -12.75000000000000000, 45.50999999999999091, -1.124999999999997113 ) ) ;
#2160 = AXIS2_PLACEMENT_3D ( 'NONE', #10228, #12045, #575 ) ;
#2161 = CARTESIAN_POINT ( 'NONE',  ( 3.219999999999996643, 57.99999999999999289, 0.7500000000000001110 ) ) ;
#2162 = CARTESIAN_POINT ( 'NONE',  ( -11.26000000000000156, 51.69999999999999574, 0.000000000000000000 ) ) ;
#2163 = ORIENTED_EDGE ( 'NONE', *, *, #9670, .T. ) ;
#2164 = CARTESIAN_POINT ( 'NONE',  ( 11.00000000000000000, 26.00999999999999091, -1.281249999999994893 ) ) ;
#2165 = LINE ( 'NONE', #6012, #7128 ) ;
#2166 = CARTESIAN_POINT ( 'NONE',  ( -11.42818543164434608, 51.66452939035219316, -1.098297412555952812 ) ) ;
#2167 = VERTEX_POINT ( 'NONE', #1447 ) ;
#2168 = CARTESIAN_POINT ( 'NONE',  ( 11.99999999999999822, 23.42285330012234468, -2.249999999999996891 ) ) ;
#2169 = ORIENTED_EDGE ( 'NONE', *, *, #11635, .T. ) ;
#2170 = EDGE_CURVE ( 'NONE', #12230, #5475, #11656, .T. ) ;
#2171 = EDGE_CURVE ( 'NONE', #12297, #7298, #11898, .T. ) ;
#2172 = ORIENTED_EDGE ( 'NONE', *, *, #6576, .F. ) ;
#2173 = DIRECTION ( 'NONE',  ( -0.000000000000000000, -0.000000000000000000, 1.000000000000000000 ) ) ;
#2174 = CARTESIAN_POINT ( 'NONE',  ( -12.00000000000000355, 3.000000000000000444, 8.589666975669972615 ) ) ;
#2175 = CLOSED_SHELL ( 'NONE', ( #1791, #7016, #7030, #1389, #9448, #2032, #4122, #10298, #5464, #7637 ) ) ;
#2176 = PRESENTATION_STYLE_ASSIGNMENT (( #6719 ) ) ;
#2177 = ORIENTED_EDGE ( 'NONE', *, *, #4783, .T. ) ;
#2178 = DIRECTION ( 'NONE',  ( 1.000000000000000000, 0.000000000000000000, 0.000000000000000000 ) ) ;
#2179 = ORIENTED_EDGE ( 'NONE', *, *, #9963, .F. ) ;
#2180 = CARTESIAN_POINT ( 'NONE',  ( -11.11654729632336824, 51.60521799947922261, -1.249033155870661105 ) ) ;
#2181 = CARTESIAN_POINT ( 'NONE',  ( 10.51999999999999247, 3.750000000000003553, 8.589666975669972615 ) ) ;
#2182 =( LENGTH_UNIT ( ) NAMED_UNIT ( * ) SI_UNIT ( $, .METRE. ) );
#2183 = AXIS2_PLACEMENT_3D ( 'NONE', #616, #9312, #12203 ) ;
#2184 = CARTESIAN_POINT ( 'NONE',  ( -10.51999999999999957, 59.18999999999999773, -1.500000000000000222 ) ) ;
#2185 = EDGE_CURVE ( 'NONE', #41, #7960, #5650, .T. ) ;
#2186 = ORIENTED_EDGE ( 'NONE', *, *, #5831, .F. ) ;
#2187 = DIRECTION ( 'NONE',  ( 1.000000000000000000, -0.000000000000000000, -0.000000000000000000 ) ) ;
#2188 = DIRECTION ( 'NONE',  ( -1.000000000000000000, 0.000000000000000000, -0.000000000000000000 ) ) ;
#2189 = VERTEX_POINT ( 'NONE', #504 ) ;
#2190 = FACE_OUTER_BOUND ( 'NONE', #10219, .T. ) ;
#2191 = VECTOR ( 'NONE', #5517, 39.37007874015748854 ) ;
#2192 = CARTESIAN_POINT ( 'NONE',  ( 12.75000000000000000, 42.50999999999999801, -1.124999999999997113 ) ) ;
#2193 = CARTESIAN_POINT ( 'NONE',  ( 11.99999999999999467, 3.750000000000003553, 8.589666975669972615 ) ) ;
#2194 = CARTESIAN_POINT ( 'NONE',  ( 11.43185000000000251, 24.21999999999999531, 0.000000000000000000 ) ) ;
#2195 = FACE_BOUND ( 'NONE', #9081, .T. ) ;
#2196 = ORIENTED_EDGE ( 'NONE', *, *, #10288, .T. ) ;
#2197 = SURFACE_SIDE_STYLE ('',( #7934 ) ) ;
#2198 = ADVANCED_FACE ( 'NONE', ( #12149, #6304, #8304, #4212, #4341 ), #1384, .F. ) ;
#2199 = DIRECTION ( 'NONE',  ( 1.000000000000000000, 0.000000000000000000, 0.000000000000000000 ) ) ;
#2200 = CARTESIAN_POINT ( 'NONE',  ( 11.42648486196361723, 51.65731608173379641, -1.072499531515983984 ) ) ;
#2201 = AXIS2_PLACEMENT_3D ( 'NONE', #6990, #2955, #10836 ) ;
#2202 = MECHANICAL_DESIGN_GEOMETRIC_PRESENTATION_REPRESENTATION (  '', ( #393 ), #11467 ) ;
#2203 = ORIENTED_EDGE ( 'NONE', *, *, #7752, .T. ) ;
#2204 = DIRECTION ( 'NONE',  ( 1.000000000000000000, 0.000000000000000000, 0.000000000000000000 ) ) ;
#2205 = DIRECTION ( 'NONE',  ( 0.000000000000000000, 0.000000000000000000, -1.000000000000000000 ) ) ;
#2206 = CARTESIAN_POINT ( 'NONE',  ( -11.99999999999999822, 21.22999999999999687, -0.7499999999999974465 ) ) ;
#2207 = LINE ( 'NONE', #3085, #1462 ) ;
#2208 = CARTESIAN_POINT ( 'NONE',  ( 0.3749999999999975020, 69.23000000000000398, -0.5000000000000001110 ) ) ;
#2209 = CIRCLE ( 'NONE', #6441, 0.1562499999999979461 ) ;
#2210 = DIRECTION ( 'NONE',  ( 0.000000000000000000, 0.000000000000000000, -1.000000000000000000 ) ) ;
#2211 = VERTEX_POINT ( 'NONE', #7368 ) ;
#2212 = VECTOR ( 'NONE', #3907, 39.37007874015748143 ) ;
#2213 = ADVANCED_FACE ( 'NONE', ( #4463 ), #3452, .F. ) ;
#2214 = EDGE_LOOP ( 'NONE', ( #8709, #5228, #5085, #1246 ) ) ;
#2215 = ORIENTED_EDGE ( 'NONE', *, *, #8366, .T. ) ;
#2216 = DIRECTION ( 'NONE',  ( -0.000000000000000000, -1.000000000000000000, -0.000000000000000000 ) ) ;
#2217 = ORIENTED_EDGE ( 'NONE', *, *, #5009, .F. ) ;
#2218 = AXIS2_PLACEMENT_3D ( 'NONE', #471, #11999, #11057 ) ;
#2219 = LINE ( 'NONE', #7066, #7220 ) ;
#2220 = DIRECTION ( 'NONE',  ( 0.000000000000000000, -0.000000000000000000, 1.000000000000000000 ) ) ;
#2221 = DIRECTION ( 'NONE',  ( 0.000000000000000000, 0.000000000000000000, 1.000000000000000000 ) ) ;
#2222 = ORIENTED_EDGE ( 'NONE', *, *, #2922, .T. ) ;
#2223 = DIRECTION ( 'NONE',  ( -0.000000000000000000, -0.000000000000000000, -1.000000000000000000 ) ) ;
#2224 = LINE ( 'NONE', #5949, #2109 ) ;
#2225 = CARTESIAN_POINT ( 'NONE',  ( -6.000000000000001776, 55.50000000000000000, 2.729999999999999982 ) ) ;
#2226 = ORIENTED_EDGE ( 'NONE', *, *, #9324, .F. ) ;
#2227 = ADVANCED_FACE ( 'NONE', ( #9130 ), #8187, .F. ) ;
#2228 = DIRECTION ( 'NONE',  ( -1.000000000000000000, -0.000000000000000000, -0.000000000000000000 ) ) ;
#2229 = EDGE_LOOP ( 'NONE', ( #5697, #1779 ) ) ;
#2230 = VECTOR ( 'NONE', #8189, 39.37007874015748143 ) ;
#2231 = SURFACE_SIDE_STYLE ('',( #11742 ) ) ;
#2232 = ORIENTED_EDGE ( 'NONE', *, *, #336, .F. ) ;
#2233 = DIRECTION ( 'NONE',  ( 0.000000000000000000, 7.850137912828339862E-17, -1.000000000000000000 ) ) ;
#2234 = CIRCLE ( 'NONE', #9280, 0.1562499999999979461 ) ;
#2235 = CARTESIAN_POINT ( 'NONE',  ( 11.99999999999999467, 4.500000000000002665, 8.589666975669972615 ) ) ;
#2236 = CARTESIAN_POINT ( 'NONE',  ( 0.000000000000000000, 25.01999999999998181, 0.000000000000000000 ) ) ;
#2237 = ORIENTED_EDGE ( 'NONE', *, *, #8426, .F. ) ;
#2238 = DIRECTION ( 'NONE',  ( 0.000000000000000000, 0.000000000000000000, -1.000000000000000000 ) ) ;
#2239 = ORIENTED_EDGE ( 'NONE', *, *, #8738, .T. ) ;
#2240 = EDGE_CURVE ( 'NONE', #7765, #10986, #2389, .T. ) ;
#2241 = CARTESIAN_POINT ( 'NONE',  ( -11.10833445885782922, 51.61904667588184736, -1.237082906494824552 ) ) ;
#2242 = DIRECTION ( 'NONE',  ( 0.000000000000000000, 0.000000000000000000, -1.000000000000000000 ) ) ;
#2243 = MECHANICAL_DESIGN_GEOMETRIC_PRESENTATION_REPRESENTATION (  '', ( #6069 ), #7271 ) ;
#2244 = PRESENTATION_STYLE_ASSIGNMENT (( #8985 ) ) ;
#2245 = DIRECTION ( 'NONE',  ( 1.000000000000000000, 0.000000000000000000, 0.000000000000000000 ) ) ;
#2246 = SHAPE_DEFINITION_REPRESENTATION ( #7195, #2790 ) ;
#2247 = VERTEX_POINT ( 'NONE', #9195 ) ;
#2248 = DIRECTION ( 'NONE',  ( 0.000000000000000000, 0.000000000000000000, 1.000000000000000000 ) ) ;
#2249 = ORIENTED_EDGE ( 'NONE', *, *, #408, .T. ) ;
#2250 = CARTESIAN_POINT ( 'NONE',  ( -10.51999999999999957, 48.71000000000000085, -1.500000000000000222 ) ) ;
#2251 = AXIS2_PLACEMENT_3D ( 'NONE', #3743, #4688, #9420 ) ;
#2252 = DIRECTION ( 'NONE',  ( 1.000000000000000000, -0.000000000000000000, -0.000000000000000000 ) ) ;
#2253 = DIRECTION ( 'NONE',  ( 1.000000000000000000, -0.000000000000000000, -0.000000000000000000 ) ) ;
#2254 = PLANE ( 'NONE',  #7035 ) ;
#2255 = EDGE_CURVE ( 'NONE', #1804, #4801, #10072, .T. ) ;
#2256 = PLANE ( 'NONE',  #10183 ) ;
#2257 = EDGE_CURVE ( 'NONE', #7771, #5054, #6362, .T. ) ;
#2258 = DIRECTION ( 'NONE',  ( -0.000000000000000000, 1.000000000000000000, -1.224646799147375394E-16 ) ) ;
#2259 = ORIENTED_EDGE ( 'NONE', *, *, #4287, .F. ) ;
#2260 = CARTESIAN_POINT ( 'NONE',  ( -11.08815000000000062, 11.24000000000000199, 0.000000000000000000 ) ) ;
#2261 = DIRECTION ( 'NONE',  ( -0.000000000000000000, 1.000000000000000000, 0.000000000000000000 ) ) ;
#2262 = AXIS2_PLACEMENT_3D ( 'NONE', #10094, #4531, #9198 ) ;
#2263 = CARTESIAN_POINT ( 'NONE',  ( 11.39279473723568969, 51.59076061747090591, -0.9911213627965583806 ) ) ;
#2264 = COLOUR_RGB ( '',1.000000000000000000, 1.000000000000000000, 1.000000000000000000 ) ;
#2265 = EDGE_LOOP ( 'NONE', ( #3568, #5383, #5629, #4970 ) ) ;
#2266 = FACE_OUTER_BOUND ( 'NONE', #9681, .T. ) ;
#2267 = DIRECTION ( 'NONE',  ( 0.000000000000000000, -1.000000000000000000, 0.000000000000000000 ) ) ;
#2268 = FACE_BOUND ( 'NONE', #9549, .T. ) ;
#2269 = CIRCLE ( 'NONE', #12328, 0.1562499999999957812 ) ;
#2270 = DIRECTION ( 'NONE',  ( 1.000000000000000000, -0.000000000000000000, -0.000000000000000000 ) ) ;
#2271 = CARTESIAN_POINT ( 'NONE',  ( 12.75000000000000000, 57.50999999999999091, -1.124999999999997113 ) ) ;
#2272 = VECTOR ( 'NONE', #3060, 39.37007874015748143 ) ;
#2273 = EDGE_CURVE ( 'NONE', #4686, #11962, #193, .T. ) ;
#2274 = DIRECTION ( 'NONE',  ( -0.000000000000000000, -0.000000000000000000, 1.000000000000000000 ) ) ;
#2275 = ORIENTED_EDGE ( 'NONE', *, *, #11334, .F. ) ;
#2276 = ORIENTED_EDGE ( 'NONE', *, *, #9253, .T. ) ;
#2277 = ORIENTED_EDGE ( 'NONE', *, *, #7832, .T. ) ;
#2278 = PLANE ( 'NONE',  #8541 ) ;
#2279 = VECTOR ( 'NONE', #10797, 39.37007874015748143 ) ;
#2280 = ORIENTED_EDGE ( 'NONE', *, *, #4240, .F. ) ;
#2281 = LINE ( 'NONE', #1088, #1792 ) ;
#2282 = ADVANCED_FACE ( 'NONE', ( #10270 ), #2327, .F. ) ;
#2283 = ADVANCED_FACE ( 'NONE', ( #10026 ), #5231, .F. ) ;
#2284 = CARTESIAN_POINT ( 'NONE',  ( 11.27303322944093544, 51.52812559851250995, -1.280195121691273474 ) ) ;
#2285 = PLANE ( 'NONE',  #2448 ) ;
#2286 = ORIENTED_EDGE ( 'NONE', *, *, #2340, .T. ) ;
#2287 = DIRECTION ( 'NONE',  ( 0.000000000000000000, 0.000000000000000000, -1.000000000000000000 ) ) ;
#2288 = PLANE ( 'NONE',  #5928 ) ;
#2289 = DIRECTION ( 'NONE',  ( -1.456985596620940580E-15, 0.000000000000000000, 1.000000000000000000 ) ) ;
#2290 = ORIENTED_EDGE ( 'NONE', *, *, #11679, .F. ) ;
#2291 = AXIS2_PLACEMENT_3D ( 'NONE', #2965, #10659, #5759 ) ;
#2292 = PLANE ( 'NONE',  #6573 ) ;
#2293 = ORIENTED_EDGE ( 'NONE', *, *, #11, .F. ) ;
#2294 = DIMENSIONAL_EXPONENTS ( 1.000000000000000000, 0.000000000000000000, 0.000000000000000000, 0.000000000000000000, 0.000000000000000000, 0.000000000000000000, 0.000000000000000000 ) ;
#2295 = VERTEX_POINT ( 'NONE', #3391 ) ;
#2296 = FACE_OUTER_BOUND ( 'NONE', #3973, .T. ) ;
#2297 = VECTOR ( 'NONE', #2706, 39.37007874015748143 ) ;
#2298 = EDGE_CURVE ( 'NONE', #704, #10919, #7243, .T. ) ;
#2299 = PLANE ( 'NONE',  #12279 ) ;
#2300 = EDGE_LOOP ( 'NONE', ( #5043, #8070, #12302, #1917 ) ) ;
#2301 = LINE ( 'NONE', #4183, #1240 ) ;
#2302 = VERTEX_POINT ( 'NONE', #8124 ) ;
#2303 = CARTESIAN_POINT ( 'NONE',  ( -11.11081336543100484, 51.61452688211585382, -1.241296268621123966 ) ) ;
#2304 = DIRECTION ( 'NONE',  ( -1.000000000000000000, 0.000000000000000000, -0.000000000000000000 ) ) ;
#2305 = LINE ( 'NONE', #351, #2596 ) ;
#2306 = VERTEX_POINT ( 'NONE', #11963 ) ;
#2307 = VECTOR ( 'NONE', #1781, 39.37007874015748143 ) ;
#2308 = AXIS2_PLACEMENT_3D ( 'NONE', #7404, #2673, #8282 ) ;
#2309 = EDGE_CURVE ( 'NONE', #515, #8780, #3329, .T. ) ;
#2310 = DIRECTION ( 'NONE',  ( -0.000000000000000000, -1.000000000000000000, -0.000000000000000000 ) ) ;
#2311 =( NAMED_UNIT ( * ) PLANE_ANGLE_UNIT ( ) SI_UNIT ( $, .RADIAN. ) );
#2312 = ORIENTED_EDGE ( 'NONE', *, *, #4626, .T. ) ;
#2313 = DIRECTION ( 'NONE',  ( 0.000000000000000000, 0.000000000000000000, -1.000000000000000000 ) ) ;
#2314 = DIRECTION ( 'NONE',  ( 0.000000000000000000, 0.000000000000000000, -1.000000000000000000 ) ) ;
#2315 = CARTESIAN_POINT ( 'NONE',  ( -11.26000000000000156, 24.21999999999999531, -2.250000000000000444 ) ) ;
#2316 = CARTESIAN_POINT ( 'NONE',  ( 11.43185000000000251, 51.69999999999999574, 0.000000000000000000 ) ) ;
#2317 = CARTESIAN_POINT ( 'NONE',  ( -3.220000000000002416, 57.99999999999999289, 0.7500000000000001110 ) ) ;
#2318 = ORIENTED_EDGE ( 'NONE', *, *, #3116, .T. ) ;
#2319 = VECTOR ( 'NONE', #6508, 39.37007874015748143 ) ;
#2320 = DIRECTION ( 'NONE',  ( -0.000000000000000000, -0.000000000000000000, 1.000000000000000000 ) ) ;
#2321 = VECTOR ( 'NONE', #6809, 39.37007874015748143 ) ;
#2322 = CARTESIAN_POINT ( 'NONE',  ( 11.26000000000000156, 51.69999999999999574, -0.7499999999999936717 ) ) ;
#2323 = CARTESIAN_POINT ( 'NONE',  ( 11.19497705687095745, 51.54036374551584032, -0.9716045757841306196 ) ) ;
#2324 = ADVANCED_FACE ( 'NONE', ( #10090 ), #4526, .F. ) ;
#2325 = ORIENTED_EDGE ( 'NONE', *, *, #6714, .F. ) ;
#2326 = ADVANCED_FACE ( 'NONE', ( #10392 ), #1941, .F. ) ;
#2327 = PLANE ( 'NONE',  #1809 ) ;
#2328 = CIRCLE ( 'NONE', #10775, 0.1718500000000005301 ) ;
#2329 = CARTESIAN_POINT ( 'NONE',  ( 12.75000000000000000, 56.00999999999999091, -1.124999999999997113 ) ) ;
#2330 = FACE_OUTER_BOUND ( 'NONE', #1733, .T. ) ;
#2331 = FACE_OUTER_BOUND ( 'NONE', #3182, .T. ) ;
#2332 = DIRECTION ( 'NONE',  ( -1.000000000000000000, 0.000000000000000000, 0.000000000000000000 ) ) ;
#2333 = DIRECTION ( 'NONE',  ( 0.000000000000000000, -0.9396926207859105373, -0.3420201433256630508 ) ) ;
#2334 = ORIENTED_EDGE ( 'NONE', *, *, #1250, .T. ) ;
#2335 = ORIENTED_EDGE ( 'NONE', *, *, #10790, .F. ) ;
#2336 = VECTOR ( 'NONE', #9307, 39.37007874015748143 ) ;
#2337 = VERTEX_POINT ( 'NONE', #10514 ) ;
#2338 = CARTESIAN_POINT ( 'NONE',  ( 10.51999999999999957, 59.18999999999999773, -0.7500000000000001110 ) ) ;
#2339 = VERTEX_POINT ( 'NONE', #2628 ) ;
#2340 = EDGE_CURVE ( 'NONE', #1565, #12081, #1883, .T. ) ;
#2341 = DIRECTION ( 'NONE',  ( 1.000000000000000000, -0.000000000000000000, -0.000000000000000000 ) ) ;
#2342 = DIRECTION ( 'NONE',  ( 1.000000000000000000, 0.000000000000000000, 0.000000000000000000 ) ) ;
#2343 =( NAMED_UNIT ( * ) PLANE_ANGLE_UNIT ( ) SI_UNIT ( $, .RADIAN. ) );
#2344 = VECTOR ( 'NONE', #6774, 39.37007874015748143 ) ;
#2345 = CARTESIAN_POINT ( 'NONE',  ( -11.08815000000000062, 49.19999999999999574, -1.499999999999993783 ) ) ;
#2346 = ORIENTED_EDGE ( 'NONE', *, *, #6596, .F. ) ;
#2347 = CARTESIAN_POINT ( 'NONE',  ( -12.75000000000000355, 28.49999999999998579, 2.729999999999999982 ) ) ;
#2348 = DIRECTION ( 'NONE',  ( 0.000000000000000000, 0.000000000000000000, -1.000000000000000000 ) ) ;
#2349 = CARTESIAN_POINT ( 'NONE',  ( -12.75000000000000355, 29.25000000000000000, 2.730000000000003535 ) ) ;
#2350 = ORIENTED_EDGE ( 'NONE', *, *, #9443, .F. ) ;
#2351 = CARTESIAN_POINT ( 'NONE',  ( 12.75000000000000000, 29.25000000000000000, 2.730000000000003535 ) ) ;
#2352 = ORIENTED_EDGE ( 'NONE', *, *, #12321, .T. ) ;
#2353 = EDGE_CURVE ( 'NONE', #2091, #4369, #3575, .T. ) ;
#2354 = CIRCLE ( 'NONE', #2547, 0.1718500000000005301 ) ;
#2355 = ORIENTED_EDGE ( 'NONE', *, *, #4154, .T. ) ;
#2356 = EDGE_CURVE ( 'NONE', #8356, #5125, #12332, .T. ) ;
#2357 = DIRECTION ( 'NONE',  ( 0.000000000000000000, -0.000000000000000000, 1.000000000000000000 ) ) ;
#2358 = CARTESIAN_POINT ( 'NONE',  ( -10.51999999999999957, 3.750000000000000888, 8.589666975669972615 ) ) ;
#2359 = SURFACE_STYLE_USAGE ( .BOTH. , #9873 ) ;
#2360 = ORIENTED_EDGE ( 'NONE', *, *, #6119, .F. ) ;
#2361 = DIRECTION ( 'NONE',  ( 1.000000000000000000, -0.000000000000000000, -0.000000000000000000 ) ) ;
#2362 = VERTEX_POINT ( 'NONE', #5608 ) ;
#2363 = AXIS2_PLACEMENT_3D ( 'NONE', #2181, #350, #5139 ) ;
#2364 = DIRECTION ( 'NONE',  ( 0.000000000000000000, -1.000000000000000000, 0.000000000000000000 ) ) ;
#2365 = DIRECTION ( 'NONE',  ( 0.000000000000000000, 0.000000000000000000, -1.000000000000000000 ) ) ;
#2366 = FACE_OUTER_BOUND ( 'NONE', #4339, .T. ) ;
#2367 = EDGE_CURVE ( 'NONE', #6822, #4433, #1610, .T. ) ;
#2368 = EDGE_LOOP ( 'NONE', ( #5493, #5973, #6313, #12052 ) ) ;
#2369 = LINE ( 'NONE', #2491, #1599 ) ;
#2370 = ORIENTED_EDGE ( 'NONE', *, *, #6915, .F. ) ;
#2371 =( GEOMETRIC_REPRESENTATION_CONTEXT ( 3 ) GLOBAL_UNCERTAINTY_ASSIGNED_CONTEXT ( ( #18 ) ) GLOBAL_UNIT_ASSIGNED_CONTEXT ( ( #9115, #2311, #9054 ) ) REPRESENTATION_CONTEXT ( 'NONE', 'WORKASPACE' ) );
#2372 = PLANE ( 'NONE',  #5237 ) ;
#2373 = LENGTH_MEASURE_WITH_UNIT ( LENGTH_MEASURE( 0.02539999999999999897 ), #486 );
#2374 = ORIENTED_EDGE ( 'NONE', *, *, #7478, .F. ) ;
#2375 = CARTESIAN_POINT ( 'NONE',  ( -11.26000000000000156, 21.71999999999999886, -0.7499999999999974465 ) ) ;
#2376 = LINE ( 'NONE', #9058, #11184 ) ;
#2377 = LINE ( 'NONE', #11434, #5717 ) ;
#2378 = DIRECTION ( 'NONE',  ( 1.000000000000000000, -0.000000000000000000, -0.000000000000000000 ) ) ;
#2379 = CARTESIAN_POINT ( 'NONE',  ( 11.99999999999999645, 3.750000000000003553, 8.589666975669972615 ) ) ;
#2380 = ORIENTED_EDGE ( 'NONE', *, *, #1103, .F. ) ;
#2381 = CLOSED_SHELL ( 'NONE', ( #5799, #5789, #204, #10120, #1026, #8715 ) ) ;
#2382 =( NAMED_UNIT ( * ) SI_UNIT ( $, .STERADIAN. ) SOLID_ANGLE_UNIT ( ) );
#2383 = EDGE_CURVE ( 'NONE', #10871, #3997, #12211, .T. ) ;
#2384 = DIRECTION ( 'NONE',  ( 0.000000000000000000, 0.000000000000000000, -1.000000000000000000 ) ) ;
#2385 = LINE ( 'NONE', #6114, #3715 ) ;
#2386 = ORIENTED_EDGE ( 'NONE', *, *, #6146, .T. ) ;
#2387 = VERTEX_POINT ( 'NONE', #7428 ) ;
#2388 = AXIS2_PLACEMENT_3D ( 'NONE', #12059, #3419, #10422 ) ;
#2389 = LINE ( 'NONE', #10152, #3012 ) ;
#2390 = DIRECTION ( 'NONE',  ( 0.000000000000000000, 0.000000000000000000, 1.000000000000000000 ) ) ;
#2391 = PLANE ( 'NONE',  #10573 ) ;
#2392 = DIRECTION ( 'NONE',  ( 1.000000000000000000, 0.000000000000000000, 0.000000000000000000 ) ) ;
#2393 = CARTESIAN_POINT ( 'NONE',  ( 11.00000000000000000, 33.50999999999999091, -1.124999999999997113 ) ) ;
#2394 = CARTESIAN_POINT ( 'NONE',  ( -11.08815000000000062, 13.74000000000000199, 0.000000000000000000 ) ) ;
#2395 = EDGE_LOOP ( 'NONE', ( #11220, #5191 ) ) ;
#2396 = ADVANCED_FACE ( 'NONE', ( #5790 ), #10330, .F. ) ;
#2397 = ORIENTED_EDGE ( 'NONE', *, *, #8278, .T. ) ;
#2398 = EDGE_CURVE ( 'NONE', #3314, #6739, #7494, .T. ) ;
#2399 = VECTOR ( 'NONE', #2173, 39.37007874015748143 ) ;
#2400 = AXIS2_PLACEMENT_3D ( 'NONE', #4002, #1182, #7981 ) ;
#2401 = ORIENTED_EDGE ( 'NONE', *, *, #10993, .F. ) ;
#2402 = DIRECTION ( 'NONE',  ( 1.000000000000000000, 0.000000000000000000, -0.000000000000000000 ) ) ;
#2403 = ORIENTED_EDGE ( 'NONE', *, *, #3980, .T. ) ;
#2404 = DIRECTION ( 'NONE',  ( 1.000000000000000000, -0.000000000000000000, -0.000000000000000000 ) ) ;
#2405 = FACE_OUTER_BOUND ( 'NONE', #7770, .T. ) ;
#2406 = AXIS2_PLACEMENT_3D ( 'NONE', #12103, #11289, #8575 ) ;
#2407 =( GEOMETRIC_REPRESENTATION_CONTEXT ( 3 ) GLOBAL_UNCERTAINTY_ASSIGNED_CONTEXT ( ( #3157 ) ) GLOBAL_UNIT_ASSIGNED_CONTEXT ( ( #404, #6834, #3111 ) ) REPRESENTATION_CONTEXT ( 'NONE', 'WORKASPACE' ) );
#2408 = DIRECTION ( 'NONE',  ( -0.000000000000000000, -0.000000000000000000, 1.000000000000000000 ) ) ;
#2409 = ORIENTED_EDGE ( 'NONE', *, *, #9822, .F. ) ;
#2410 = DIRECTION ( 'NONE',  ( -1.000000000000000000, 0.000000000000000000, 0.000000000000000000 ) ) ;
#2411 = DIRECTION ( 'NONE',  ( -1.000000000000000000, 0.000000000000000000, -0.000000000000000000 ) ) ;
#2412 = DIRECTION ( 'NONE',  ( 0.000000000000000000, 1.000000000000000000, 0.000000000000000000 ) ) ;
#2413 = VERTEX_POINT ( 'NONE', #4708 ) ;
#2414 = EDGE_CURVE ( 'NONE', #10477, #2339, #684, .T. ) ;
#2415 = VERTEX_POINT ( 'NONE', #3704 ) ;
#2416 = EDGE_CURVE ( 'NONE', #11818, #11623, #2209, .T. ) ;
#2417 = VECTOR ( 'NONE', #6484, 39.37007874015748143 ) ;
#2418 = ORIENTED_EDGE ( 'NONE', *, *, #2665, .T. ) ;
#2419 = DIRECTION ( 'NONE',  ( 0.000000000000000000, 0.000000000000000000, -1.000000000000000000 ) ) ;
#2420 = PLANE ( 'NONE',  #2218 ) ;
#2421 = DIRECTION ( 'NONE',  ( 0.000000000000000000, 0.000000000000000000, -1.000000000000000000 ) ) ;
#2422 = ORIENTED_EDGE ( 'NONE', *, *, #10524, .T. ) ;
#2423 = PLANE ( 'NONE',  #11308 ) ;
#2424 = AXIS2_PLACEMENT_3D ( 'NONE', #6208, #10058, #1417 ) ;
#2425 = ORIENTED_EDGE ( 'NONE', *, *, #5832, .F. ) ;
#2426 = DIRECTION ( 'NONE',  ( 0.000000000000000000, 0.000000000000000000, -1.000000000000000000 ) ) ;
#2427 = EDGE_CURVE ( 'NONE', #12081, #2496, #11274, .T. ) ;
#2428 = CARTESIAN_POINT ( 'NONE',  ( 11.09881216765847789, 51.64002998693774060, -1.212631167125256981 ) ) ;
#2429 = VERTEX_POINT ( 'NONE', #9581 ) ;
#2430 = ORIENTED_EDGE ( 'NONE', *, *, #689, .T. ) ;
#2431 = CARTESIAN_POINT ( 'NONE',  ( -11.00000000000000000, 47.00999999999999091, -1.124999999999997113 ) ) ;
#2432 = ADVANCED_FACE ( 'NONE', ( #6672 ), #12453, .F. ) ;
#2433 = DIRECTION ( 'NONE',  ( -1.000000000000000000, 0.000000000000000000, 0.000000000000000000 ) ) ;
#2434 = EDGE_CURVE ( 'NONE', #6381, #5028, #1823, .T. ) ;
#2435 = EDGE_LOOP ( 'NONE', ( #6966, #3234, #10495, #5412 ) ) ;
#2436 = CARTESIAN_POINT ( 'NONE',  ( -11.00000000000000000, 47.00999999999999091, -1.124999999999997113 ) ) ;
#2437 = DIRECTION ( 'NONE',  ( -0.000000000000000000, -1.000000000000000000, -0.000000000000000000 ) ) ;
#2438 = AXIS2_PLACEMENT_3D ( 'NONE', #8606, #1930, #11747 ) ;
#2439 = CARTESIAN_POINT ( 'NONE',  ( 11.00000000000000000, 38.00999999999999091, -1.124999999999997113 ) ) ;
#2440 = DIRECTION ( 'NONE',  ( -0.000000000000000000, -0.000000000000000000, -1.000000000000000000 ) ) ;
#2441 = CIRCLE ( 'NONE', #6269, 0.1718500000000005301 ) ;
#2442 = EDGE_CURVE ( 'NONE', #1658, #12014, #1696, .T. ) ;
#2443 = FACE_OUTER_BOUND ( 'NONE', #7933, .T. ) ;
#2444 = ORIENTED_EDGE ( 'NONE', *, *, #10450, .F. ) ;
#2445 = CARTESIAN_POINT ( 'NONE',  ( -1.740000000000002656, 21.22999999999999687, -0.7500000000000001110 ) ) ;
#2446 = CARTESIAN_POINT ( 'NONE',  ( 11.41804469305477276, 51.63182218577809124, -1.026352057521190186 ) ) ;
#2447 = VERTEX_POINT ( 'NONE', #2820 ) ;
#2448 = AXIS2_PLACEMENT_3D ( 'NONE', #5184, #6945, #10793 ) ;
#2449 = ORIENTED_EDGE ( 'NONE', *, *, #3430, .F. ) ;
#2450 = AXIS2_PLACEMENT_3D ( 'NONE', #595, #4438, #8161 ) ;
#2451 = CARTESIAN_POINT ( 'NONE',  ( -11.00000000000000000, 48.50999999999999091, -1.124999999999997113 ) ) ;
#2452 = EDGE_CURVE ( 'NONE', #3010, #5329, #5545, .T. ) ;
#2453 = CARTESIAN_POINT ( 'NONE',  ( 11.99999999999999822, 56.00999999999999091, -1.124999999999997113 ) ) ;
#2454 = DIRECTION ( 'NONE',  ( 1.000000000000000000, 0.000000000000000000, -0.000000000000000000 ) ) ;
#2455 = CARTESIAN_POINT ( 'NONE',  ( -11.08815000000000062, 49.19999999999999574, -2.250000000000000444 ) ) ;
#2456 = DIRECTION ( 'NONE',  ( -1.000000000000000000, 0.000000000000000000, 0.000000000000000000 ) ) ;
#2457 = CARTESIAN_POINT ( 'NONE',  ( 11.00000000000000000, 29.00999999999999091, -0.9687499999999992228 ) ) ;
#2458 = VERTEX_POINT ( 'NONE', #9384 ) ;
#2459 = VERTEX_POINT ( 'NONE', #2941 ) ;
#2460 = VECTOR ( 'NONE', #1796, 39.37007874015748143 ) ;
#2461 = CARTESIAN_POINT ( 'NONE',  ( 12.75000000000000000, 26.00999999999999091, -0.9687499999999992228 ) ) ;
#2462 = DIRECTION ( 'NONE',  ( -1.000000000000000000, 0.000000000000000000, 0.000000000000000000 ) ) ;
#2463 = ORIENTED_EDGE ( 'NONE', *, *, #1579, .F. ) ;
#2464 = CARTESIAN_POINT ( 'NONE',  ( 10.51999999999999247, 3.750000000000003553, 8.589666975669972615 ) ) ;
#2465 = CIRCLE ( 'NONE', #3264, 0.1562499999999979461 ) ;
#2466 = EDGE_CURVE ( 'NONE', #6203, #2447, #9640, .T. ) ;
#2467 = CARTESIAN_POINT ( 'NONE',  ( -11.99999999999999822, 39.50999999999999801, -0.9687499999999977796 ) ) ;
#2468 = AXIS2_PLACEMENT_3D ( 'NONE', #9958, #5352, #12021 ) ;
#2469 = DIRECTION ( 'NONE',  ( 0.000000000000000000, 0.000000000000000000, 1.000000000000000000 ) ) ;
#2470 = ORIENTED_EDGE ( 'NONE', *, *, #2796, .T. ) ;
#2471 = CARTESIAN_POINT ( 'NONE',  ( 11.99999999999999822, 14.23000000000000220, -1.499999999999998224 ) ) ;
#2472 = DIRECTION ( 'NONE',  ( -0.000000000000000000, -1.000000000000000000, -0.000000000000000000 ) ) ;
#2473 = CARTESIAN_POINT ( 'NONE',  ( 10.51999999999999957, 59.18999999999999773, -0.7500000000000001110 ) ) ;
#2474 = VERTEX_POINT ( 'NONE', #7738 ) ;
#2475 = ORIENTED_EDGE ( 'NONE', *, *, #7495, .T. ) ;
#2476 = VECTOR ( 'NONE', #4653, 39.37007874015748143 ) ;
#2477 = AXIS2_PLACEMENT_3D ( 'NONE', #1439, #9248, #9124 ) ;
#2478 =( NAMED_UNIT ( * ) SI_UNIT ( $, .STERADIAN. ) SOLID_ANGLE_UNIT ( ) );
#2479 = ORIENTED_EDGE ( 'NONE', *, *, #10326, .F. ) ;
#2480 = DIRECTION ( 'NONE',  ( 0.000000000000000000, -1.000000000000000000, -0.000000000000000000 ) ) ;
#2481 = ADVANCED_FACE ( 'NONE', ( #6911 ), #3886, .F. ) ;
#2482 = EDGE_CURVE ( 'NONE', #5932, #5760, #6840, .T. ) ;
#2483 = VECTOR ( 'NONE', #2289, 39.37007874015748143 ) ;
#2484 = FACE_OUTER_BOUND ( 'NONE', #1415, .T. ) ;
#2485 = EDGE_LOOP ( 'NONE', ( #10625, #3267, #12280, #11159 ) ) ;
#2486 = CARTESIAN_POINT ( 'NONE',  ( 11.99999999999999822, 59.18999999999999773, -1.500000000000000222 ) ) ;
#2487 = EDGE_LOOP ( 'NONE', ( #12386, #5727, #20, #11974 ) ) ;
#2488 = CARTESIAN_POINT ( 'NONE',  ( -11.39242733136898345, 51.59031655935113037, -1.259143567059536784 ) ) ;
#2489 = CARTESIAN_POINT ( 'NONE',  ( 11.15927762557041980, 51.56015414571119493, -1.273257822640330161 ) ) ;
#2490 = ORIENTED_EDGE ( 'NONE', *, *, #2511, .T. ) ;
#2491 = CARTESIAN_POINT ( 'NONE',  ( -11.99999999999999822, 4.500000000000000000, -2.250000000000000444 ) ) ;
#2492 = AXIS2_PLACEMENT_3D ( 'NONE', #8765, #132, #12036 ) ;
#2493 = ORIENTED_EDGE ( 'NONE', *, *, #5307, .T. ) ;
#2494 = ADVANCED_FACE ( 'NONE', ( #2129 ), #9825, .F. ) ;
#2495 = CARTESIAN_POINT ( 'NONE',  ( -11.43185000000000251, 49.19999999999999574, -0.7499999999999940048 ) ) ;
#2496 = VERTEX_POINT ( 'NONE', #9765 ) ;
#2497 = DIRECTION ( 'NONE',  ( 1.000000000000000000, 0.000000000000000000, 0.000000000000000000 ) ) ;
#2498 = CARTESIAN_POINT ( 'NONE',  ( 3.219999999999996643, 57.99999999999999289, -0.7500000000000003331 ) ) ;
#2499 = VECTOR ( 'NONE', #12359, 39.37007874015748143 ) ;
#2500 = DIRECTION ( 'NONE',  ( 1.000000000000000000, -0.000000000000000000, -0.000000000000000000 ) ) ;
#2501 = PLANE ( 'NONE',  #6784 ) ;
#2502 = ORIENTED_EDGE ( 'NONE', *, *, #5496, .T. ) ;
#2503 = CARTESIAN_POINT ( 'NONE',  ( -10.51999999999999957, 59.18999999999999773, -1.500000000000000222 ) ) ;
#2504 = AXIS2_PLACEMENT_3D ( 'NONE', #5594, #800, #8483 ) ;
#2505 = ADVANCED_FACE ( 'NONE', ( #10695, #52, #4134, #1184, #5083, #7983, #5910, #8800, #8677, #9884, #232, #4956, #4894, #1061, #170, #5975, #5851 ), #7864, .F. ) ;
#2506 = COLOUR_RGB ( '',1.000000000000000000, 1.000000000000000000, 1.000000000000000000 ) ;
#2507 = FACE_OUTER_BOUND ( 'NONE', #3680, .T. ) ;
#2508 = ORIENTED_EDGE ( 'NONE', *, *, #4896, .F. ) ;
#2509 = VECTOR ( 'NONE', #9594, 39.37007874015748143 ) ;
#2510 = ORIENTED_EDGE ( 'NONE', *, *, #1805, .F. ) ;
#2511 = EDGE_CURVE ( 'NONE', #6836, #8853, #11575, .T. ) ;
#2512 = DIRECTION ( 'NONE',  ( 1.000000000000000000, 0.000000000000000000, 0.000000000000000000 ) ) ;
#2513 = FACE_OUTER_BOUND ( 'NONE', #12255, .T. ) ;
#2514 = CARTESIAN_POINT ( 'NONE',  ( -11.99999999999999822, 0.000000000000000000, 0.000000000000000000 ) ) ;
#2515 = AXIS2_PLACEMENT_3D ( 'NONE', #770, #1902, #5692 ) ;
#2516 = DIRECTION ( 'NONE',  ( 0.000000000000000000, -1.000000000000000000, 0.000000000000000000 ) ) ;
#2517 = VECTOR ( 'NONE', #11534, 39.37007874015748143 ) ;
#2518 = DIRECTION ( 'NONE',  ( -1.000000000000000000, 0.000000000000000000, -0.000000000000000000 ) ) ;
#2519 = LINE ( 'NONE', #5553, #534 ) ;
#2520 = ORIENTED_EDGE ( 'NONE', *, *, #1525, .F. ) ;
#2521 = EDGE_LOOP ( 'NONE', ( #8636, #2239 ) ) ;
#2522 = ORIENTED_EDGE ( 'NONE', *, *, #10997, .F. ) ;
#2523 = EDGE_CURVE ( 'NONE', #200, #9315, #7855, .T. ) ;
#2524 = CARTESIAN_POINT ( 'NONE',  ( -11.43185000000000251, 13.74000000000000199, -0.7499999999999983347 ) ) ;
#2525 = CIRCLE ( 'NONE', #7358, 0.1562499999999976963 ) ;
#2526 = VECTOR ( 'NONE', #7294, 39.37007874015748143 ) ;
#2527 = ORIENTED_EDGE ( 'NONE', *, *, #9698, .T. ) ;
#2528 = DIRECTION ( 'NONE',  ( -1.000000000000000000, -0.000000000000000000, -0.000000000000000000 ) ) ;
#2529 = CARTESIAN_POINT ( 'NONE',  ( -11.00000000000000000, 44.00999999999999801, -1.281249999999992895 ) ) ;
#2530 = DIRECTION ( 'NONE',  ( -1.000000000000000000, 0.000000000000000000, 0.000000000000000000 ) ) ;
#2531 = ORIENTED_EDGE ( 'NONE', *, *, #4491, .T. ) ;
#2532 = FACE_OUTER_BOUND ( 'NONE', #11687, .T. ) ;
#2533 = DIRECTION ( 'NONE',  ( -0.000000000000000000, -0.000000000000000000, 1.000000000000000000 ) ) ;
#2534 = EDGE_LOOP ( 'NONE', ( #5471, #9178 ) ) ;
#2535 = AXIS2_PLACEMENT_3D ( 'NONE', #1051, #10628, #11507 ) ;
#2536 = ORIENTED_EDGE ( 'NONE', *, *, #6056, .F. ) ;
#2537 = EDGE_CURVE ( 'NONE', #6283, #1213, #10759, .T. ) ;
#2538 = VERTEX_POINT ( 'NONE', #8864 ) ;
#2539 = CARTESIAN_POINT ( 'NONE',  ( -11.99999999999999822, 28.49999999999998579, -2.250000000000000444 ) ) ;
#2540 = CIRCLE ( 'NONE', #7175, 0.1562499999999979461 ) ;
#2541 = DIRECTION ( 'NONE',  ( 0.000000000000000000, 1.000000000000000000, 0.000000000000000000 ) ) ;
#2542 = ORIENTED_EDGE ( 'NONE', *, *, #4184, .T. ) ;
#2543 = DIRECTION ( 'NONE',  ( 0.000000000000000000, 0.000000000000000000, 1.000000000000000000 ) ) ;
#2544 = EDGE_LOOP ( 'NONE', ( #5176, #10124, #7993, #10350 ) ) ;
#2545 = CARTESIAN_POINT ( 'NONE',  ( -11.37497004704124848, 51.57210883968002690, -1.268444876486232609 ) ) ;
#2546 = CARTESIAN_POINT ( 'NONE',  ( -11.26000000000000156, 21.71999999999999886, -2.250000000000000444 ) ) ;
#2547 = AXIS2_PLACEMENT_3D ( 'NONE', #1996, #2873, #2749 ) ;
#2548 = CARTESIAN_POINT ( 'NONE',  ( -6.000000000000002665, 55.50000000000000000, 0.000000000000000000 ) ) ;
#2549 = ORIENTED_EDGE ( 'NONE', *, *, #3583, .F. ) ;
#2550 = EDGE_CURVE ( 'NONE', #3371, #2459, #1206, .T. ) ;
#2551 = CARTESIAN_POINT ( 'NONE',  ( -11.99999999999999822, 59.18999999999999773, -0.7500000000000001110 ) ) ;
#2552 = VERTEX_POINT ( 'NONE', #6791 ) ;
#2553 = FACE_BOUND ( 'NONE', #11476, .T. ) ;
#2554 = VECTOR ( 'NONE', #10190, 39.37007874015748143 ) ;
#2555 =( NAMED_UNIT ( * ) PLANE_ANGLE_UNIT ( ) SI_UNIT ( $, .RADIAN. ) );
#2556 = ORIENTED_EDGE ( 'NONE', *, *, #1367, .F. ) ;
#2557 = DIRECTION ( 'NONE',  ( -0.000000000000000000, -1.000000000000000000, -0.000000000000000000 ) ) ;
#2558 = DIRECTION ( 'NONE',  ( -1.000000000000000000, -0.000000000000000000, -0.000000000000000000 ) ) ;
#2559 = EDGE_LOOP ( 'NONE', ( #6004, #317, #1174, #295 ) ) ;
#2560 = CARTESIAN_POINT ( 'NONE',  ( -22.06250000000002132, 3.750000000000000000, -8.612199694973096342 ) ) ;
#2561 = CARTESIAN_POINT ( 'NONE',  ( 11.00000000000000000, 50.00999999999999091, -0.9687500000000012212 ) ) ;
#2562 = ORIENTED_EDGE ( 'NONE', *, *, #7049, .F. ) ;
#2563 = ADVANCED_FACE ( 'NONE', ( #292 ), #4832, .F. ) ;
#2564 = PRESENTATION_LAYER_ASSIGNMENT (  '', '', ( #10227 ) ) ;
#2565 = FACE_OUTER_BOUND ( 'NONE', #3310, .T. ) ;
#2566 = CARTESIAN_POINT ( 'NONE',  ( 11.10437060024147371, 51.62695266076408984, -1.021192874459652566 ) ) ;
#2567 = ORIENTED_EDGE ( 'NONE', *, *, #3859, .T. ) ;
#2568 = VERTEX_POINT ( 'NONE', #3131 ) ;
#2569 = DIRECTION ( 'NONE',  ( 0.000000000000000000, 0.000000000000000000, -1.000000000000000000 ) ) ;
#2570 = FACE_OUTER_BOUND ( 'NONE', #9274, .T. ) ;
#2571 = DIRECTION ( 'NONE',  ( 1.000000000000000000, 0.000000000000000000, 0.000000000000000000 ) ) ;
#2572 = CARTESIAN_POINT ( 'NONE',  ( 11.99999999999999822, 59.18999999999999773, -0.7500000000000001110 ) ) ;
#2573 = ADVANCED_FACE ( 'NONE', ( #6035 ), #7800, .T. ) ;
#2574 = FACE_OUTER_BOUND ( 'NONE', #12076, .T. ) ;
#2575 = CARTESIAN_POINT ( 'NONE',  ( -12.75000000000000000, 57.50999999999999091, -1.124999999999997113 ) ) ;
#2576 = VERTEX_POINT ( 'NONE', #4194 ) ;
#2577 = CARTESIAN_POINT ( 'NONE',  ( -11.99999999999999822, 32.00999999999999091, -1.124999999999997113 ) ) ;
#2578 = ORIENTED_EDGE ( 'NONE', *, *, #8212, .F. ) ;
#2579 = EDGE_CURVE ( 'NONE', #7273, #3977, #7098, .T. ) ;
#2580 = DIRECTION ( 'NONE',  ( 0.000000000000000000, 0.000000000000000000, 1.000000000000000000 ) ) ;
#2581 = DIRECTION ( 'NONE',  ( -1.000000000000000000, 0.000000000000000000, 0.000000000000000000 ) ) ;
#2582 = AXIS2_PLACEMENT_3D ( 'NONE', #8995, #7616, #8786 ) ;
#2583 = VECTOR ( 'NONE', #2687, 39.37007874015748143 ) ;
#2584 = ORIENTED_EDGE ( 'NONE', *, *, #7522, .F. ) ;
#2585 = DIRECTION ( 'NONE',  ( 1.000000000000000000, 0.000000000000000000, 0.000000000000000000 ) ) ;
#2586 = CARTESIAN_POINT ( 'NONE',  ( -12.75000000000000000, 42.50999999999999801, -1.281249999999994893 ) ) ;
#2587 = LENGTH_MEASURE_WITH_UNIT ( LENGTH_MEASURE( 0.02539999999999999897 ), #12290 );
#2588 = EDGE_CURVE ( 'NONE', #9816, #5254, #7447, .T. ) ;
#2589 = FACE_OUTER_BOUND ( 'NONE', #2640, .T. ) ;
#2590 = ORIENTED_EDGE ( 'NONE', *, *, #50, .T. ) ;
#2591 = ADVANCED_FACE ( 'NONE', ( #3252 ), #3434, .F. ) ;
#2592 = CARTESIAN_POINT ( 'NONE',  ( 6.000000000000002665, 55.50000000000000000, 3.479999999999999982 ) ) ;
#2593 = VECTOR ( 'NONE', #1730, 39.37007874015748143 ) ;
#2594 = DIRECTION ( 'NONE',  ( 0.000000000000000000, 0.000000000000000000, -1.000000000000000000 ) ) ;
#2595 = ORIENTED_EDGE ( 'NONE', *, *, #1579, .T. ) ;
#2596 = VECTOR ( 'NONE', #1368, 39.37007874015748143 ) ;
#2597 = ORIENTED_EDGE ( 'NONE', *, *, #7806, .F. ) ;
#2598 = DIRECTION ( 'NONE',  ( 1.000000000000000000, 0.000000000000000000, 0.000000000000000000 ) ) ;
#2599 = PRESENTATION_STYLE_ASSIGNMENT (( #585 ) ) ;
#2600 = ORIENTED_EDGE ( 'NONE', *, *, #11555, .F. ) ;
#2601 = COLOUR_RGB ( '',1.000000000000000000, 1.000000000000000000, 1.000000000000000000 ) ;
#2602 = LINE ( 'NONE', #9227, #11690 ) ;
#2603 = ORIENTED_EDGE ( 'NONE', *, *, #12309, .F. ) ;
#2604 = ADVANCED_FACE ( 'NONE', ( #9948 ), #2372, .F. ) ;
#2605 = CARTESIAN_POINT ( 'NONE',  ( -11.00000000000000000, 54.50999999999998380, -1.124999999999997113 ) ) ;
#2606 = EDGE_LOOP ( 'NONE', ( #10574, #8952, #1170, #160 ) ) ;
#2607 = CARTESIAN_POINT ( 'NONE',  ( -11.38845304885854226, 51.58566697435147574, -1.261801851180208045 ) ) ;
#2608 = AXIS2_PLACEMENT_3D ( 'NONE', #11945, #7161, #1555 ) ;
#2609 = LINE ( 'NONE', #3621, #5743 ) ;
#2610 = CARTESIAN_POINT ( 'NONE',  ( -11.00000000000000000, 41.00999999999999801, -1.124999999999997113 ) ) ;
#2611 = EDGE_LOOP ( 'NONE', ( #9626, #1592 ) ) ;
#2612 = CARTESIAN_POINT ( 'NONE',  ( -3.220000000000002416, 25.01999999999998181, 0.000000000000000000 ) ) ;
#2613 =( NAMED_UNIT ( * ) SI_UNIT ( $, .STERADIAN. ) SOLID_ANGLE_UNIT ( ) );
#2614 = ORIENTED_EDGE ( 'NONE', *, *, #2273, .T. ) ;
#2615 = ADVANCED_FACE ( 'NONE', ( #11195 ), #1310, .F. ) ;
#2616 = CARTESIAN_POINT ( 'NONE',  ( 11.99999999999999822, 28.49999999999998579, 3.479999999999999982 ) ) ;
#2617 = CYLINDRICAL_SURFACE ( 'NONE', #4130, 0.1562499999999957812 ) ;
#2618 = EDGE_LOOP ( 'NONE', ( #5201, #1860, #5215, #10009 ) ) ;
#2619 = LINE ( 'NONE', #12384, #10996 ) ;
#2620 = CARTESIAN_POINT ( 'NONE',  ( -1.740000000000002656, 21.22999999999999687, 0.000000000000000000 ) ) ;
#2621 = ORIENTED_EDGE ( 'NONE', *, *, #1292, .T. ) ;
#2622 =( NAMED_UNIT ( * ) PLANE_ANGLE_UNIT ( ) SI_UNIT ( $, .RADIAN. ) );
#2623 = VECTOR ( 'NONE', #9467, 39.37007874015748143 ) ;
#2624 = CARTESIAN_POINT ( 'NONE',  ( 11.26000000000000156, 51.69999999999999574, 0.000000000000000000 ) ) ;
#2625 = CARTESIAN_POINT ( 'NONE',  ( -11.99999999999999822, 3.749999999999999556, -2.250000000000000444 ) ) ;
#2626 = ORIENTED_EDGE ( 'NONE', *, *, #4457, .T. ) ;
#2627 = ORIENTED_EDGE ( 'NONE', *, *, #211, .F. ) ;
#2628 = CARTESIAN_POINT ( 'NONE',  ( -11.99999999999999822, 52.18999999999999773, -1.499999999999993561 ) ) ;
#2629 = ADVANCED_FACE ( 'NONE', ( #10010 ), #7349, .F. ) ;
#2630 = LINE ( 'NONE', #7244, #11691 ) ;
#2631 = AXIS2_PLACEMENT_3D ( 'NONE', #2436, #1496, #11885 ) ;
#2632 = EDGE_CURVE ( 'NONE', #928, #10185, #7286, .T. ) ;
#2633 = CARTESIAN_POINT ( 'NONE',  ( 11.43185000000000251, 24.21999999999999531, -1.500000000000000222 ) ) ;
#2634 = CARTESIAN_POINT ( 'NONE',  ( -11.43185000000000251, 49.19999999999999574, 0.000000000000000000 ) ) ;
#2635 = CARTESIAN_POINT ( 'NONE',  ( 11.99999999999999822, 52.18999999999999773, -1.499999999999993561 ) ) ;
#2636 = LINE ( 'NONE', #5489, #6969 ) ;
#2637 = ORIENTED_EDGE ( 'NONE', *, *, #10748, .T. ) ;
#2638 = CARTESIAN_POINT ( 'NONE',  ( -12.75000000000000000, 30.50999999999998735, -1.124999999999997113 ) ) ;
#2639 = ORIENTED_EDGE ( 'NONE', *, *, #2808, .T. ) ;
#2640 = EDGE_LOOP ( 'NONE', ( #423, #6516, #6870, #3592 ) ) ;
#2641 = AXIS2_PLACEMENT_3D ( 'NONE', #4818, #8664, #1173 ) ;
#2642 = DIRECTION ( 'NONE',  ( 0.000000000000000000, 0.000000000000000000, -1.000000000000000000 ) ) ;
#2643 = AXIS2_PLACEMENT_3D ( 'NONE', #6468, #10380, #3817 ) ;
#2644 = ORIENTED_EDGE ( 'NONE', *, *, #5610, .F. ) ;
#2645 = DIRECTION ( 'NONE',  ( 1.000000000000000000, 0.000000000000000000, 0.000000000000000000 ) ) ;
#2646 = DIRECTION ( 'NONE',  ( -1.456985596620940580E-15, 0.000000000000000000, 1.000000000000000000 ) ) ;
#2647 = DIRECTION ( 'NONE',  ( 1.000000000000000000, 0.000000000000000000, 0.000000000000000000 ) ) ;
#2648 = EDGE_CURVE ( 'NONE', #4939, #2474, #10942, .T. ) ;
#2649 =( CONVERSION_BASED_UNIT ( 'INCH', #11293 ) LENGTH_UNIT ( ) NAMED_UNIT ( #12274 ) );
#2650 = AXIS2_PLACEMENT_3D ( 'NONE', #5770, #8836, #207 ) ;
#2651 = DIRECTION ( 'NONE',  ( -0.000000000000000000, -0.000000000000000000, -1.000000000000000000 ) ) ;
#2652 = VERTEX_POINT ( 'NONE', #11137 ) ;
#2653 = DIRECTION ( 'NONE',  ( 0.000000000000000000, 0.000000000000000000, 1.000000000000000000 ) ) ;
#2654 = AXIS2_PLACEMENT_3D ( 'NONE', #10795, #7900, #3037 ) ;
#2655 = DIRECTION ( 'NONE',  ( -0.000000000000000000, -0.000000000000000000, -1.000000000000000000 ) ) ;
#2656 = VERTEX_POINT ( 'NONE', #6165 ) ;
#2657 = ORIENTED_EDGE ( 'NONE', *, *, #9343, .T. ) ;
#2658 = DIRECTION ( 'NONE',  ( 1.000000000000000000, 0.000000000000000000, 0.000000000000000000 ) ) ;
#2659 = ORIENTED_EDGE ( 'NONE', *, *, #6105, .F. ) ;
#2660 = ADVANCED_FACE ( 'NONE', ( #5275 ), #9114, .T. ) ;
#2661 = VECTOR ( 'NONE', #10533, 39.37007874015748143 ) ;
#2662 = ADVANCED_FACE ( 'NONE', ( #4258 ), #8111, .T. ) ;
#2663 = PRESENTATION_LAYER_ASSIGNMENT (  '', '', ( #10319 ) ) ;
#2664 = ORIENTED_EDGE ( 'NONE', *, *, #1604, .F. ) ;
#2665 = EDGE_CURVE ( 'NONE', #10236, #410, #485, .T. ) ;
#2666 = ORIENTED_EDGE ( 'NONE', *, *, #11008, .T. ) ;
#2667 = LINE ( 'NONE', #7528, #2460 ) ;
#2668 = CARTESIAN_POINT ( 'NONE',  ( -10.51999999999999957, 21.22999999999999687, -1.500000000000000222 ) ) ;
#2669 = ORIENTED_EDGE ( 'NONE', *, *, #3813, .T. ) ;
#2670 = VECTOR ( 'NONE', #4960, 39.37007874015748143 ) ;
#2671 = CARTESIAN_POINT ( 'NONE',  ( -11.99999999999999822, 48.71000000000000085, -0.7499999999999940048 ) ) ;
#2672 = CIRCLE ( 'NONE', #62, 0.1562499999999979461 ) ;
#2673 = DIRECTION ( 'NONE',  ( -1.000000000000000000, 0.000000000000000000, 0.000000000000000000 ) ) ;
#2674 = ADVANCED_FACE ( 'NONE', ( #8171 ), #12011, .F. ) ;
#2675 = VERTEX_POINT ( 'NONE', #2495 ) ;
#2676 = CIRCLE ( 'NONE', #7922, 0.1718500000000005301 ) ;
#2677 = FACE_OUTER_BOUND ( 'NONE', #2045, .T. ) ;
#2678 = ORIENTED_EDGE ( 'NONE', *, *, #6666, .F. ) ;
#2679 = LINE ( 'NONE', #1808, #6472 ) ;
#2680 = CARTESIAN_POINT ( 'NONE',  ( 12.75000000000000000, 28.49999999999999289, 2.730000000000003535 ) ) ;
#2681 = EDGE_LOOP ( 'NONE', ( #12201, #9283, #2318, #7645 ) ) ;
#2682 = CARTESIAN_POINT ( 'NONE',  ( -12.00000000000000355, 25.76999999999998181, -9.184850993605266767E-17 ) ) ;
#2683 = CARTESIAN_POINT ( 'NONE',  ( 12.75000000000000000, 42.50999999999999801, -0.9687499999999992228 ) ) ;
#2684 = ORIENTED_EDGE ( 'NONE', *, *, #12277, .T. ) ;
#2685 = VECTOR ( 'NONE', #2150, 39.37007874015748143 ) ;
#2686 = DIRECTION ( 'NONE',  ( 0.000000000000000000, 0.000000000000000000, -1.000000000000000000 ) ) ;
#2687 = DIRECTION ( 'NONE',  ( 0.000000000000000000, 0.000000000000000000, -1.000000000000000000 ) ) ;
#2688 = ADVANCED_FACE ( 'NONE', ( #5343, #9179, #6347, #546, #8230, #10197, #5405, #4447, #8288, #10496, #4631, #6656, #2553, #11318, #11383, #8350, #7410 ), #3752, .F. ) ;
#2689 = CARTESIAN_POINT ( 'NONE',  ( -10.51999999999999957, 3.749999999999999556, 0.000000000000000000 ) ) ;
#2690 = ORIENTED_EDGE ( 'NONE', *, *, #5338, .F. ) ;
#2691 = DIRECTION ( 'NONE',  ( 0.000000000000000000, 0.000000000000000000, -1.000000000000000000 ) ) ;
#2692 = EDGE_LOOP ( 'NONE', ( #864, #10055, #10787, #6799 ) ) ;
#2693 = DIRECTION ( 'NONE',  ( -0.000000000000000000, -0.000000000000000000, 1.000000000000000000 ) ) ;
#2694 = VECTOR ( 'NONE', #10786, 39.37007874015748143 ) ;
#2695 = DIRECTION ( 'NONE',  ( -1.000000000000000000, 0.000000000000000000, 0.000000000000000000 ) ) ;
#2696 = DIRECTION ( 'NONE',  ( 1.000000000000000000, 0.000000000000000000, 0.000000000000000000 ) ) ;
#2697 = CARTESIAN_POINT ( 'NONE',  ( 11.00000000000000000, 50.00999999999999091, -1.281249999999992895 ) ) ;
#2698 = DIRECTION ( 'NONE',  ( 0.000000000000000000, 0.000000000000000000, -1.000000000000000000 ) ) ;
#2699 = CARTESIAN_POINT ( 'NONE',  ( -11.26000000000000156, 24.21999999999999531, 0.000000000000000000 ) ) ;
#2700 = ORIENTED_EDGE ( 'NONE', *, *, #636, .T. ) ;
#2701 = VECTOR ( 'NONE', #2653, 39.37007874015748143 ) ;
#2702 =( NAMED_UNIT ( * ) SI_UNIT ( $, .STERADIAN. ) SOLID_ANGLE_UNIT ( ) );
#2703 = VECTOR ( 'NONE', #11395, 39.37007874015748143 ) ;
#2704 = ORIENTED_EDGE ( 'NONE', *, *, #3334, .F. ) ;
#2705 = ADVANCED_FACE ( 'NONE', ( #5657 ), #4697, .F. ) ;
#2706 = DIRECTION ( 'NONE',  ( 1.000000000000000000, -0.000000000000000000, -0.000000000000000000 ) ) ;
#2707 = ADVANCED_FACE ( 'NONE', ( #2677 ), #9564, .T. ) ;
#2708 = ORIENTED_EDGE ( 'NONE', *, *, #7393, .T. ) ;
#2709 = DIRECTION ( 'NONE',  ( 0.000000000000000000, 0.000000000000000000, 1.000000000000000000 ) ) ;
#2710 = AXIS2_PLACEMENT_3D ( 'NONE', #8581, #3786, #11538 ) ;
#2711 = VECTOR ( 'NONE', #8696, 39.37007874015748143 ) ;
#2712 = PLANE ( 'NONE',  #12033 ) ;
#2713 = FACE_OUTER_BOUND ( 'NONE', #9602, .T. ) ;
#2714 =( NAMED_UNIT ( * ) PLANE_ANGLE_UNIT ( ) SI_UNIT ( $, .RADIAN. ) );
#2715 = DIRECTION ( 'NONE',  ( -0.000000000000000000, -1.000000000000000000, -0.000000000000000000 ) ) ;
#2716 = ORIENTED_EDGE ( 'NONE', *, *, #9538, .T. ) ;
#2717 = CARTESIAN_POINT ( 'NONE',  ( -11.00000000000000000, 36.50999999999999091, -1.281249999999994893 ) ) ;
#2718 = LINE ( 'NONE', #8392, #1503 ) ;
#2719 = FACE_OUTER_BOUND ( 'NONE', #9342, .T. ) ;
#2720 = VERTEX_POINT ( 'NONE', #6593 ) ;
#2721 = ORIENTED_EDGE ( 'NONE', *, *, #7721, .T. ) ;
#2722 = AXIS2_PLACEMENT_3D ( 'NONE', #11888, #2500, #4265 ) ;
#2723 = VECTOR ( 'NONE', #6751, 39.37007874015748143 ) ;
#2724 = LINE ( 'NONE', #8395, #6331 ) ;
#2725 = EDGE_CURVE ( 'NONE', #6377, #3202, #1681, .T. ) ;
#2726 = ORIENTED_EDGE ( 'NONE', *, *, #4869, .T. ) ;
#2727 = VERTEX_POINT ( 'NONE', #4508 ) ;
#2728 = DIRECTION ( 'NONE',  ( 1.000000000000000000, 0.000000000000000000, 0.000000000000000000 ) ) ;
#2729 = AXIS2_PLACEMENT_3D ( 'NONE', #1177, #2933, #1994 ) ;
#2730 = ORIENTED_EDGE ( 'NONE', *, *, #10553, .T. ) ;
#2731 = CARTESIAN_POINT ( 'NONE',  ( 11.99999999999999467, 4.500000000000002665, 8.589666975669972615 ) ) ;
#2732 = DIRECTION ( 'NONE',  ( -0.000000000000000000, -0.000000000000000000, 1.000000000000000000 ) ) ;
#2733 = ORIENTED_EDGE ( 'NONE', *, *, #2367, .F. ) ;
#2734 = EDGE_CURVE ( 'NONE', #10544, #12298, #1617, .T. ) ;
#2735 = EDGE_CURVE ( 'NONE', #12061, #10438, #9499, .T. ) ;
#2736 = CARTESIAN_POINT ( 'NONE',  ( -11.39965998868099817, 51.59968777338874446, -1.253067753919673732 ) ) ;
#2737 = CARTESIAN_POINT ( 'NONE',  ( -11.43185000000000251, 13.74000000000000199, -1.500000000000000222 ) ) ;
#2738 = EDGE_CURVE ( 'NONE', #11962, #4686, #9875, .T. ) ;
#2739 = AXIS2_PLACEMENT_3D ( 'NONE', #1641, #7904, #400 ) ;
#2740 = VERTEX_POINT ( 'NONE', #9364 ) ;
#2741 = FACE_OUTER_BOUND ( 'NONE', #1478, .T. ) ;
#2742 = PLANE ( 'NONE',  #1042 ) ;
#2743 = ORIENTED_EDGE ( 'NONE', *, *, #12238, .F. ) ;
#2744 = CARTESIAN_POINT ( 'NONE',  ( -12.00000000000000178, 3.750000000000000000, 8.589666975669972615 ) ) ;
#2745 = DIRECTION ( 'NONE',  ( -0.000000000000000000, -0.000000000000000000, -1.000000000000000000 ) ) ;
#2746 = VECTOR ( 'NONE', #9246, 39.37007874015748143 ) ;
#2747 = ADVANCED_FACE ( 'NONE', ( #2741 ), #1867, .F. ) ;
#2748 = DIRECTION ( 'NONE',  ( -0.000000000000000000, -0.000000000000000000, -1.000000000000000000 ) ) ;
#2749 = DIRECTION ( 'NONE',  ( 1.000000000000000000, 0.000000000000000000, 0.000000000000000000 ) ) ;
#2750 = ORIENTED_EDGE ( 'NONE', *, *, #6149, .T. ) ;
#2751 = LINE ( 'NONE', #3509, #2904 ) ;
#2752 = ORIENTED_EDGE ( 'NONE', *, *, #5676, .F. ) ;
#2753 = COLOUR_RGB ( '',1.000000000000000000, 1.000000000000000000, 1.000000000000000000 ) ;
#2754 = FACE_OUTER_BOUND ( 'NONE', #1694, .T. ) ;
#2755 = CARTESIAN_POINT ( 'NONE',  ( 3.219999999999996643, 29.24999999999999289, 0.000000000000000000 ) ) ;
#2756 = CARTESIAN_POINT ( 'NONE',  ( -11.99999999999999822, 51.50999999999999091, -0.9687499999999992228 ) ) ;
#2757 = FACE_OUTER_BOUND ( 'NONE', #4399, .T. ) ;
#2758 = CARTESIAN_POINT ( 'NONE',  ( -11.00000000000000000, 36.50999999999999091, -1.124999999999997113 ) ) ;
#2759 = ADVANCED_FACE ( 'NONE', ( #1742 ), #862, .F. ) ;
#2760 = DIRECTION ( 'NONE',  ( 1.000000000000000000, 0.000000000000000000, 0.000000000000000000 ) ) ;
#2761 = DIRECTION ( 'NONE',  ( -1.000000000000000000, -0.000000000000000000, -0.000000000000000000 ) ) ;
#2762 = ORIENTED_EDGE ( 'NONE', *, *, #11223, .T. ) ;
#2763 = AXIS2_PLACEMENT_3D ( 'NONE', #8927, #4665, #3132 ) ;
#2764 = FILL_AREA_STYLE ('',( #1951 ) ) ;
#2765 = CARTESIAN_POINT ( 'NONE',  ( 10.51999999999999957, 59.18999999999999773, -0.7500000000000001110 ) ) ;
#2766 = CARTESIAN_POINT ( 'NONE',  ( 12.75000000000000000, 32.00999999999999091, -1.281249999999994893 ) ) ;
#2767 = ORIENTED_EDGE ( 'NONE', *, *, #1943, .F. ) ;
#2768 = DIRECTION ( 'NONE',  ( 0.000000000000000000, 0.000000000000000000, -1.000000000000000000 ) ) ;
#2769 = CLOSED_SHELL ( 'NONE', ( #1376, #2573, #4111, #12265, #9140, #7452 ) ) ;
#2770 = DIRECTION ( 'NONE',  ( 0.000000000000000000, -1.570027582565667972E-16, 1.000000000000000000 ) ) ;
#2771 = CARTESIAN_POINT ( 'NONE',  ( 10.51999999999999957, 59.18999999999999773, -1.500000000000000222 ) ) ;
#2772 =( NAMED_UNIT ( * ) SI_UNIT ( $, .STERADIAN. ) SOLID_ANGLE_UNIT ( ) );
#2773 = DIRECTION ( 'NONE',  ( 0.000000000000000000, 0.000000000000000000, -1.000000000000000000 ) ) ;
#2774 = ORIENTED_EDGE ( 'NONE', *, *, #7876, .T. ) ;
#2775 = EDGE_CURVE ( 'NONE', #4772, #8287, #10377, .T. ) ;
#2776 = PLANE ( 'NONE',  #1987 ) ;
#2777 = CARTESIAN_POINT ( 'NONE',  ( 0.000000000000000000, 54.75000000000000000, 0.000000000000000000 ) ) ;
#2778 = EDGE_CURVE ( 'NONE', #1350, #2051, #3826, .T. ) ;
#2779 = DIRECTION ( 'NONE',  ( 0.000000000000000000, 0.000000000000000000, -1.000000000000000000 ) ) ;
#2780 = ORIENTED_EDGE ( 'NONE', *, *, #9684, .T. ) ;
#2781 = ORIENTED_EDGE ( 'NONE', *, *, #6574, .T. ) ;
#2782 = AXIS2_PLACEMENT_3D ( 'NONE', #12266, #9190, #497 ) ;
#2783 = ORIENTED_EDGE ( 'NONE', *, *, #7331, .F. ) ;
#2784 = UNCERTAINTY_MEASURE_WITH_UNIT (LENGTH_MEASURE( 1.000000000000000082E-05 ), #2649, 'distance_accuracy_value', 'NONE');
#2785 = PLANE ( 'NONE',  #3299 ) ;
#2786 = ORIENTED_EDGE ( 'NONE', *, *, #5200, .F. ) ;
#2787 = ORIENTED_EDGE ( 'NONE', *, *, #6328, .F. ) ;
#2788 = CARTESIAN_POINT ( 'NONE',  ( -6.000000000000001776, 55.50000000000000000, 2.729999999999999982 ) ) ;
#2789 = VECTOR ( 'NONE', #6067, 39.37007874015748143 ) ;
#2790 = ADVANCED_BREP_SHAPE_REPRESENTATION ( 'tv_easel_TOP_ASSY', ( #9485, #5293, #9327, #9349, #1000, #544, #9372, #8850, #5381, #9551, #5096, #1023, #1185, #4750, #5163, #815, #4987, #5358, #981, #9267, #9286, #4950, #9461, #9306, #9503, #964, #1169, #903, #1146, #9528, #5335, #5312, #860, #5183, #922, #5140, #5011, #1519 ), #7131 ) ;
#2791 = AXIS2_PLACEMENT_3D ( 'NONE', #1071, #10463, #11468 ) ;
#2792 = CARTESIAN_POINT ( 'NONE',  ( 11.99999999999999467, 4.500000000000002665, -2.249999999999994671 ) ) ;
#2793 = ORIENTED_EDGE ( 'NONE', *, *, #8106, .F. ) ;
#2794 = EDGE_CURVE ( 'NONE', #416, #3536, #9481, .T. ) ;
#2795 = CARTESIAN_POINT ( 'NONE',  ( 10.51999999999999247, 3.750000000000003553, -9.410333024330023832 ) ) ;
#2796 = EDGE_CURVE ( 'NONE', #9930, #6633, #795, .T. ) ;
#2797 = DIRECTION ( 'NONE',  ( -0.000000000000000000, -0.000000000000000000, 1.000000000000000000 ) ) ;
#2798 = EDGE_LOOP ( 'NONE', ( #11857, #10737, #5528, #9530 ) ) ;
#2799 = CARTESIAN_POINT ( 'NONE',  ( -22.06250000000002132, 14.23000000000000220, -0.7499999999999983347 ) ) ;
#2800 = VECTOR ( 'NONE', #2020, 39.37007874015748143 ) ;
#2801 = AXIS2_PLACEMENT_3D ( 'NONE', #4643, #6729, #9511 ) ;
#2802 = EDGE_LOOP ( 'NONE', ( #464, #10416 ) ) ;
#2803 = FACE_BOUND ( 'NONE', #6888, .T. ) ;
#2804 = FACE_BOUND ( 'NONE', #8096, .T. ) ;
#2805 = ORIENTED_EDGE ( 'NONE', *, *, #10036, .T. ) ;
#2806 = CARTESIAN_POINT ( 'NONE',  ( -12.00000000000000355, 25.01999999999998536, 3.480000000000003091 ) ) ;
#2807 = AXIS2_PLACEMENT_3D ( 'NONE', #10883, #3191, #7034 ) ;
#2808 = EDGE_CURVE ( 'NONE', #1717, #12297, #7460, .T. ) ;
#2809 = PRESENTATION_LAYER_ASSIGNMENT (  '', '', ( #8642 ) ) ;
#2810 = ORIENTED_EDGE ( 'NONE', *, *, #9324, .T. ) ;
#2811 = DIRECTION ( 'NONE',  ( 0.000000000000000000, 0.000000000000000000, 1.000000000000000000 ) ) ;
#2812 = PLANE ( 'NONE',  #957 ) ;
#2813 = VERTEX_POINT ( 'NONE', #11441 ) ;
#2814 = FILL_AREA_STYLE_COLOUR ( '', #4283 ) ;
#2815 =( LENGTH_UNIT ( ) NAMED_UNIT ( * ) SI_UNIT ( $, .METRE. ) );
#2816 = ORIENTED_EDGE ( 'NONE', *, *, #7682, .T. ) ;
#2817 = ADVANCED_FACE ( 'NONE', ( #2803, #10684 ), #9812, .F. ) ;
#2818 =( LENGTH_UNIT ( ) NAMED_UNIT ( * ) SI_UNIT ( $, .METRE. ) );
#2819 = ADVANCED_FACE ( 'NONE', ( #4817 ), #6895, .F. ) ;
#2820 = CARTESIAN_POINT ( 'NONE',  ( 0.1015624999999996114, 56.75000000000000000, 0.000000000000000000 ) ) ;
#2821 = CARTESIAN_POINT ( 'NONE',  ( 11.00000000000000000, 30.50999999999998735, -1.281249999999994893 ) ) ;
#2822 = ADVANCED_FACE ( 'NONE', ( #4942 ), #9688, .F. ) ;
#2823 = CARTESIAN_POINT ( 'NONE',  ( 1.739999999999997327, 57.99999999999999289, 0.000000000000000000 ) ) ;
#2824 = CARTESIAN_POINT ( 'NONE',  ( 10.51999999999999957, 3.750000000000000000, -8.612199694973096342 ) ) ;
#2825 = PLANE ( 'NONE',  #4933 ) ;
#2826 = VECTOR ( 'NONE', #10592, 39.37007874015748143 ) ;
#2827 = CARTESIAN_POINT ( 'NONE',  ( 11.99999999999999822, 3.750000000000000888, -2.250000000000000444 ) ) ;
#2828 = ORIENTED_EDGE ( 'NONE', *, *, #9625, .F. ) ;
#2829 = DIRECTION ( 'NONE',  ( -0.000000000000000000, -1.000000000000000000, -0.000000000000000000 ) ) ;
#2830 = DIRECTION ( 'NONE',  ( 0.000000000000000000, 0.000000000000000000, 1.000000000000000000 ) ) ;
#2831 = DIRECTION ( 'NONE',  ( -1.000000000000000000, 0.000000000000000000, 0.000000000000000000 ) ) ;
#2832 = ADVANCED_FACE ( 'NONE', ( #1172 ), #5069, .F. ) ;
#2833 = ORIENTED_EDGE ( 'NONE', *, *, #3317, .F. ) ;
#2834 = VECTOR ( 'NONE', #8371, 39.37007874015748143 ) ;
#2835 = PLANE ( 'NONE',  #589 ) ;
#2836 = LINE ( 'NONE', #8577, #7870 ) ;
#2837 = CARTESIAN_POINT ( 'NONE',  ( -11.43185000000000251, 21.71999999999999886, -1.500000000000000222 ) ) ;
#2838 = DIRECTION ( 'NONE',  ( 0.000000000000000000, 0.000000000000000000, -1.000000000000000000 ) ) ;
#2839 = ORIENTED_EDGE ( 'NONE', *, *, #11307, .F. ) ;
#2840 = CARTESIAN_POINT ( 'NONE',  ( 11.99999999999999822, 28.49999999999998579, 3.479999999999999982 ) ) ;
#2841 = DIRECTION ( 'NONE',  ( -0.000000000000000000, -7.850137912828339862E-17, 1.000000000000000000 ) ) ;
#2842 = DIRECTION ( 'NONE',  ( 2.913971193241878794E-15, 1.000000000000000000, -0.000000000000000000 ) ) ;
#2843 = ORIENTED_EDGE ( 'NONE', *, *, #8202, .F. ) ;
#2844 = ORIENTED_EDGE ( 'NONE', *, *, #2978, .T. ) ;
#2845 = AXIS2_PLACEMENT_3D ( 'NONE', #10946, #551, #2313 ) ;
#2846 = VERTEX_POINT ( 'NONE', #5894 ) ;
#2847 = CARTESIAN_POINT ( 'NONE',  ( -11.00000000000000000, 48.50999999999999091, -1.124999999999997113 ) ) ;
#2848 = EDGE_LOOP ( 'NONE', ( #11604, #10990, #8580, #7366 ) ) ;
#2849 = EDGE_CURVE ( 'NONE', #4676, #10419, #11746, .T. ) ;
#2850 = ORIENTED_EDGE ( 'NONE', *, *, #8679, .T. ) ;
#2851 = FACE_OUTER_BOUND ( 'NONE', #9537, .T. ) ;
#2852 = AXIS2_PLACEMENT_3D ( 'NONE', #578, #767, #3597 ) ;
#2853 = DIRECTION ( 'NONE',  ( 0.000000000000000000, 0.000000000000000000, -1.000000000000000000 ) ) ;
#2854 = ORIENTED_EDGE ( 'NONE', *, *, #10936, .F. ) ;
#2855 = CARTESIAN_POINT ( 'NONE',  ( -11.00000000000000000, 35.00999999999999091, -1.124999999999997113 ) ) ;
#2856 = CARTESIAN_POINT ( 'NONE',  ( -11.37549719631393330, 51.57258320007312591, -0.9817599749386823893 ) ) ;
#2857 = ORIENTED_EDGE ( 'NONE', *, *, #2648, .F. ) ;
#2858 = PLANE ( 'NONE',  #5970 ) ;
#2859 = AXIS2_PLACEMENT_3D ( 'NONE', #10594, #11653, #6867 ) ;
#2860 =( GEOMETRIC_REPRESENTATION_CONTEXT ( 3 ) GLOBAL_UNCERTAINTY_ASSIGNED_CONTEXT ( ( #10356 ) ) GLOBAL_UNIT_ASSIGNED_CONTEXT ( ( #11084, #1320, #3505 ) ) REPRESENTATION_CONTEXT ( 'NONE', 'WORKASPACE' ) );
#2861 =( CONVERSION_BASED_UNIT ( 'INCH', #4628 ) LENGTH_UNIT ( ) NAMED_UNIT ( #11864 ) );
#2862 = EDGE_CURVE ( 'NONE', #4802, #3960, #10745, .T. ) ;
#2863 = ADVANCED_FACE ( 'NONE', ( #8787 ), #221, .F. ) ;
#2864 = ORIENTED_EDGE ( 'NONE', *, *, #12349, .T. ) ;
#2865 = DIRECTION ( 'NONE',  ( 1.000000000000000000, 0.000000000000000000, 0.000000000000000000 ) ) ;
#2866 = VECTOR ( 'NONE', #3744, 39.37007874015748143 ) ;
#2867 = FILL_AREA_STYLE ('',( #10808 ) ) ;
#2868 = ORIENTED_EDGE ( 'NONE', *, *, #8504, .F. ) ;
#2869 = PLANE ( 'NONE',  #12101 ) ;
#2870 = CIRCLE ( 'NONE', #3672, 0.1562499999999979461 ) ;
#2871 = VERTEX_POINT ( 'NONE', #3051 ) ;
#2872 = CARTESIAN_POINT ( 'NONE',  ( 11.26000000000000156, 21.71999999999999886, -0.7499999999999974465 ) ) ;
#2873 = DIRECTION ( 'NONE',  ( -0.000000000000000000, -0.000000000000000000, 1.000000000000000000 ) ) ;
#2874 = ORIENTED_EDGE ( 'NONE', *, *, #3883, .T. ) ;
#2875 =( NAMED_UNIT ( * ) SI_UNIT ( $, .STERADIAN. ) SOLID_ANGLE_UNIT ( ) );
#2876 = CARTESIAN_POINT ( 'NONE',  ( -12.00000000000000355, 3.000000000000000444, 8.589666975669972615 ) ) ;
#2877 = CIRCLE ( 'NONE', #1680, 0.1718500000000005301 ) ;
#2878 = DIRECTION ( 'NONE',  ( 0.000000000000000000, 0.000000000000000000, -1.000000000000000000 ) ) ;
#2879 = AXIS2_PLACEMENT_3D ( 'NONE', #10145, #495, #4396 ) ;
#2880 = ADVANCED_FACE ( 'NONE', ( #3873 ), #5003, .T. ) ;
#2881 = ORIENTED_EDGE ( 'NONE', *, *, #3943, .T. ) ;
#2882 = DIRECTION ( 'NONE',  ( 1.000000000000000000, -0.000000000000000000, -0.000000000000000000 ) ) ;
#2883 = CARTESIAN_POINT ( 'NONE',  ( 1.739999999999997327, 22.51999999999998181, 0.000000000000000000 ) ) ;
#2884 = CARTESIAN_POINT ( 'NONE',  ( 12.75000000000000000, 48.50999999999999091, -1.124999999999997113 ) ) ;
#2885 = CARTESIAN_POINT ( 'NONE',  ( 11.99999999999999822, 21.22999999999999687, -0.7499999999999974465 ) ) ;
#2886 = FACE_OUTER_BOUND ( 'NONE', #9111, .T. ) ;
#2887 = DIRECTION ( 'NONE',  ( -1.000000000000000000, 0.000000000000000000, 0.000000000000000000 ) ) ;
#2888 = ORIENTED_EDGE ( 'NONE', *, *, #6542, .T. ) ;
#2889 = EDGE_CURVE ( 'NONE', #10756, #11884, #10873, .T. ) ;
#2890 = DIRECTION ( 'NONE',  ( 0.000000000000000000, 1.177520686924250979E-16, -1.000000000000000000 ) ) ;
#2891 = CARTESIAN_POINT ( 'NONE',  ( 11.00000000000000000, 26.00999999999999091, -1.124999999999997113 ) ) ;
#2892 = EDGE_CURVE ( 'NONE', #2458, #4041, #11683, .T. ) ;
#2893 = AXIS2_PLACEMENT_3D ( 'NONE', #8570, #5680, #11222 ) ;
#2894 = ORIENTED_EDGE ( 'NONE', *, *, #6465, .F. ) ;
#2895 = CARTESIAN_POINT ( 'NONE',  ( 11.99999999999999467, 3.750000000000003553, 8.589666975669972615 ) ) ;
#2896 = LINE ( 'NONE', #6750, #2826 ) ;
#2897 = DIRECTION ( 'NONE',  ( 1.000000000000000000, 0.000000000000000000, 0.000000000000000000 ) ) ;
#2898 = CYLINDRICAL_SURFACE ( 'NONE', #2859, 0.1562499999999990563 ) ;
#2899 = ORIENTED_EDGE ( 'NONE', *, *, #5009, .T. ) ;
#2900 = DIRECTION ( 'NONE',  ( -1.000000000000000000, 0.000000000000000000, 0.000000000000000000 ) ) ;
#2901 = LINE ( 'NONE', #9540, #2307 ) ;
#2902 = DIRECTION ( 'NONE',  ( 1.000000000000000000, 0.000000000000000000, 0.000000000000000000 ) ) ;
#2903 = ORIENTED_EDGE ( 'NONE', *, *, #4800, .T. ) ;
#2904 = VECTOR ( 'NONE', #680, 39.37007874015748143 ) ;
#2905 = ADVANCED_FACE ( 'NONE', ( #3992 ), #6718, .F. ) ;
#2906 = VERTEX_POINT ( 'NONE', #10558 ) ;
#2907 = EDGE_LOOP ( 'NONE', ( #5957, #8914, #3863, #6540 ) ) ;
#2908 = UNCERTAINTY_MEASURE_WITH_UNIT (LENGTH_MEASURE( 1.000000000000000082E-05 ), #12390, 'distance_accuracy_value', 'NONE');
#2909 = DIRECTION ( 'NONE',  ( -1.456985596620940580E-15, -0.000000000000000000, -1.000000000000000000 ) ) ;
#2910 = ORIENTED_EDGE ( 'NONE', *, *, #4677, .F. ) ;
#2911 = AXIS2_PLACEMENT_3D ( 'NONE', #2042, #9985, #6074 ) ;
#2912 =( GEOMETRIC_REPRESENTATION_CONTEXT ( 3 ) GLOBAL_UNCERTAINTY_ASSIGNED_CONTEXT ( ( #4679 ) ) GLOBAL_UNIT_ASSIGNED_CONTEXT ( ( #11169, #3228, #7068 ) ) REPRESENTATION_CONTEXT ( 'NONE', 'WORKASPACE' ) );
#2913 = ORIENTED_EDGE ( 'NONE', *, *, #11835, .F. ) ;
#2914 = CARTESIAN_POINT ( 'NONE',  ( 11.99999999999999822, 48.71000000000000085, -1.500000000000000222 ) ) ;
#2915 = LENGTH_MEASURE_WITH_UNIT ( LENGTH_MEASURE( 0.02539999999999999897 ), #9617 );
#2916 = EDGE_LOOP ( 'NONE', ( #7582, #11805, #8184, #5965 ) ) ;
#2917 = DIRECTION ( 'NONE',  ( 1.000000000000000000, -0.000000000000000000, -0.000000000000000000 ) ) ;
#2918 = CARTESIAN_POINT ( 'NONE',  ( -11.09303985838603879, 51.65925853196100093, -1.078301078915051558 ) ) ;
#2919 = ORIENTED_EDGE ( 'NONE', *, *, #11512, .T. ) ;
#2920 = CIRCLE ( 'NONE', #6939, 0.1718500000000005301 ) ;
#2921 = VECTOR ( 'NONE', #4730, 39.37007874015748143 ) ;
#2922 = EDGE_CURVE ( 'NONE', #5607, #4885, #984, .T. ) ;
#2923 = LINE ( 'NONE', #2799, #2344 ) ;
#2924 = ORIENTED_EDGE ( 'NONE', *, *, #4811, .F. ) ;
#2925 = AXIS2_PLACEMENT_3D ( 'NONE', #12018, #2440, #8933 ) ;
#2926 = ORIENTED_EDGE ( 'NONE', *, *, #4316, .F. ) ;
#2927 = DIRECTION ( 'NONE',  ( -0.000000000000000000, -0.000000000000000000, -1.000000000000000000 ) ) ;
#2928 = CARTESIAN_POINT ( 'NONE',  ( -10.51999999999999957, 4.500000000000000888, 8.589666975669972615 ) ) ;
#2929 = VERTEX_POINT ( 'NONE', #11560 ) ;
#2930 = CARTESIAN_POINT ( 'NONE',  ( 0.000000000000000000, 28.49999999999998579, 0.000000000000000000 ) ) ;
#2931 = ORIENTED_EDGE ( 'NONE', *, *, #11998, .F. ) ;
#2932 = EDGE_CURVE ( 'NONE', #613, #10603, #6961, .T. ) ;
#2933 = DIRECTION ( 'NONE',  ( 0.000000000000000000, -0.3420201433256626067, 0.9396926207859106484 ) ) ;
#2934 = EDGE_CURVE ( 'NONE', #10727, #1325, #6778, .T. ) ;
#2935 = DIRECTION ( 'NONE',  ( 0.000000000000000000, 0.000000000000000000, 1.000000000000000000 ) ) ;
#2936 = AXIS2_PLACEMENT_3D ( 'NONE', #989, #11753, #5844 ) ;
#2937 = SURFACE_SIDE_STYLE ('',( #11756 ) ) ;
#2938 = CARTESIAN_POINT ( 'NONE',  ( -11.99999999999999822, 28.49999999999998579, 3.479999999999999982 ) ) ;
#2939 = DIRECTION ( 'NONE',  ( -0.000000000000000000, -1.000000000000000000, -0.000000000000000000 ) ) ;
#2940 = EDGE_LOOP ( 'NONE', ( #8898, #7605, #6395, #12096 ) ) ;
#2941 = CARTESIAN_POINT ( 'NONE',  ( -12.75000000000000000, 26.00999999999999091, -1.281249999999994893 ) ) ;
#2942 = VECTOR ( 'NONE', #5830, 39.37007874015748143 ) ;
#2943 = DIRECTION ( 'NONE',  ( -0.000000000000000000, 0.000000000000000000, 1.000000000000000000 ) ) ;
#2944 = DIRECTION ( 'NONE',  ( 0.000000000000000000, 0.000000000000000000, 1.000000000000000000 ) ) ;
#2945 = CARTESIAN_POINT ( 'NONE',  ( -11.00000000000000000, 41.00999999999999801, -0.9687499999999992228 ) ) ;
#2946 = DIRECTION ( 'NONE',  ( -1.000000000000000000, 0.000000000000000000, 0.000000000000000000 ) ) ;
#2947 = ADVANCED_FACE ( 'NONE', ( #5837 ), #8730, .F. ) ;
#2948 = CARTESIAN_POINT ( 'NONE',  ( -11.99999999999999822, 33.50999999999999091, -1.124999999999997113 ) ) ;
#2949 = VERTEX_POINT ( 'NONE', #6150 ) ;
#2950 = DIRECTION ( 'NONE',  ( 0.000000000000000000, 0.000000000000000000, -1.000000000000000000 ) ) ;
#2951 = VECTOR ( 'NONE', #1936, 39.37007874015748143 ) ;
#2952 = DIRECTION ( 'NONE',  ( 0.000000000000000000, 0.000000000000000000, 1.000000000000000000 ) ) ;
#2953 = FACE_OUTER_BOUND ( 'NONE', #4822, .T. ) ;
#2954 = EDGE_LOOP ( 'NONE', ( #2716, #6811, #3938, #3017 ) ) ;
#2955 = DIRECTION ( 'NONE',  ( 0.000000000000000000, 1.000000000000000000, 0.000000000000000000 ) ) ;
#2956 = EDGE_CURVE ( 'NONE', #8585, #11282, #10469, .T. ) ;
#2957 = FACE_OUTER_BOUND ( 'NONE', #7123, .T. ) ;
#2958 = DIRECTION ( 'NONE',  ( 0.000000000000000000, 0.000000000000000000, -1.000000000000000000 ) ) ;
#2959 = VECTOR ( 'NONE', #5400, 39.37007874015748143 ) ;
#2960 = CARTESIAN_POINT ( 'NONE',  ( -12.75000000000000355, 29.97999999999998977, 3.479999999999999538 ) ) ;
#2961 = VERTEX_POINT ( 'NONE', #766 ) ;
#2962 = SURFACE_STYLE_FILL_AREA ( #7700 ) ;
#2963 = DIRECTION ( 'NONE',  ( -1.000000000000000000, 0.000000000000000000, -0.000000000000000000 ) ) ;
#2964 = EDGE_CURVE ( 'NONE', #10785, #5345, #11292, .T. ) ;
#2965 = CARTESIAN_POINT ( 'NONE',  ( -12.75000000000000000, 41.00999999999999801, -1.124999999999997113 ) ) ;
#2966 = ORIENTED_EDGE ( 'NONE', *, *, #163, .F. ) ;
#2967 = EDGE_LOOP ( 'NONE', ( #7050, #9351, #9129, #5569 ) ) ;
#2968 = ORIENTED_EDGE ( 'NONE', *, *, #10806, .T. ) ;
#2969 = FACE_OUTER_BOUND ( 'NONE', #8346, .T. ) ;
#2970 = ORIENTED_EDGE ( 'NONE', *, *, #841, .F. ) ;
#2971 = EDGE_LOOP ( 'NONE', ( #11912, #647, #2425, #6125 ) ) ;
#2972 = CARTESIAN_POINT ( 'NONE',  ( 0.3749999999999975020, 21.22999999999999332, -0.5000000000000001110 ) ) ;
#2973 = ADVANCED_FACE ( 'NONE', ( #5326, #9933, #9037 ), #2299, .T. ) ;
#2974 = EDGE_CURVE ( 'NONE', #9939, #12421, #5562, .T. ) ;
#2975 = VERTEX_POINT ( 'NONE', #6503 ) ;
#2976 = DIRECTION ( 'NONE',  ( -0.000000000000000000, -0.000000000000000000, -1.000000000000000000 ) ) ;
#2977 = CARTESIAN_POINT ( 'NONE',  ( 10.51999999999999957, 4.500000000000000000, -2.249999999999999556 ) ) ;
#2978 = EDGE_CURVE ( 'NONE', #10181, #7578, #409, .T. ) ;
#2979 = CARTESIAN_POINT ( 'NONE',  ( -11.34950343385957972, 51.55268927457920825, -0.9745664346678351020 ) ) ;
#2980 = EDGE_LOOP ( 'NONE', ( #8016, #12098, #6024, #9269 ) ) ;
#2981 = CLOSED_SHELL ( 'NONE', ( #6429, #10050, #6877, #7513, #2817, #4699, #2282, #4937 ) ) ;
#2982 = CARTESIAN_POINT ( 'NONE',  ( 11.08815000000000062, 21.71999999999999886, -2.250000000000000444 ) ) ;
#2983 = PRESENTATION_STYLE_ASSIGNMENT (( #9994 ) ) ;
#2984 = ORIENTED_EDGE ( 'NONE', *, *, #11593, .F. ) ;
#2985 = VECTOR ( 'NONE', #812, 39.37007874015748143 ) ;
#2986 = VECTOR ( 'NONE', #11410, 39.37007874015748143 ) ;
#2987 = ADVANCED_FACE ( 'NONE', ( #11809, #535 ), #7021, .F. ) ;
#2988 = DIRECTION ( 'NONE',  ( 0.000000000000000000, 0.000000000000000000, 1.000000000000000000 ) ) ;
#2989 = PLANE ( 'NONE',  #2641 ) ;
#2990 = EDGE_LOOP ( 'NONE', ( #1162, #10564, #11481, #10171 ) ) ;
#2991 = CARTESIAN_POINT ( 'NONE',  ( -11.99999999999999822, 3.750000000000000888, -0.7500000000000001110 ) ) ;
#2992 = ORIENTED_EDGE ( 'NONE', *, *, #912, .T. ) ;
#2993 = LINE ( 'NONE', #10567, #8975 ) ;
#2994 = VECTOR ( 'NONE', #83, 39.37007874015748143 ) ;
#2995 = CARTESIAN_POINT ( 'NONE',  ( 11.00000000000000000, 32.00999999999999091, -1.281249999999994893 ) ) ;
#2996 = AXIS2_PLACEMENT_3D ( 'NONE', #10447, #12449, #7796 ) ;
#2997 = CARTESIAN_POINT ( 'NONE',  ( 11.00000000000000000, 36.50999999999999091, -1.124999999999997113 ) ) ;
#2998 = CARTESIAN_POINT ( 'NONE',  ( 12.75000000000000000, 54.50999999999998380, -1.281249999999996669 ) ) ;
#2999 = EDGE_LOOP ( 'NONE', ( #7120, #8339, #596, #10665 ) ) ;
#3000 = EDGE_CURVE ( 'NONE', #1583, #6014, #3300, .T. ) ;
#3001 = VECTOR ( 'NONE', #9398, 39.37007874015748143 ) ;
#3002 = DIRECTION ( 'NONE',  ( 0.000000000000000000, -1.000000000000000000, 0.000000000000000000 ) ) ;
#3003 =( GEOMETRIC_REPRESENTATION_CONTEXT ( 3 ) GLOBAL_UNCERTAINTY_ASSIGNED_CONTEXT ( ( #7953 ) ) GLOBAL_UNIT_ASSIGNED_CONTEXT ( ( #2861, #5586, #11439 ) ) REPRESENTATION_CONTEXT ( 'NONE', 'WORKASPACE' ) );
#3004 = FILL_AREA_STYLE ('',( #11414 ) ) ;
#3005 = CARTESIAN_POINT ( 'NONE',  ( -11.26000000000000156, 13.74000000000000199, 0.000000000000000000 ) ) ;
#3006 = DIRECTION ( 'NONE',  ( 1.000000000000000000, -0.000000000000000000, -0.000000000000000000 ) ) ;
#3007 = CARTESIAN_POINT ( 'NONE',  ( -11.43185000000000251, 51.69999999999999574, -0.7499999999999936717 ) ) ;
#3008 = DIRECTION ( 'NONE',  ( 1.000000000000000000, 0.000000000000000000, -0.000000000000000000 ) ) ;
#3009 = DIRECTION ( 'NONE',  ( 0.000000000000000000, 0.000000000000000000, 1.000000000000000000 ) ) ;
#3010 = VERTEX_POINT ( 'NONE', #3595 ) ;
#3011 = CARTESIAN_POINT ( 'NONE',  ( -11.99999999999999822, 3.750000000000003553, -1.500000000000000222 ) ) ;
#3012 = VECTOR ( 'NONE', #12029, 39.37007874015748143 ) ;
#3013 = VECTOR ( 'NONE', #3199, 39.37007874015748143 ) ;
#3014 = CYLINDRICAL_SURFACE ( 'NONE', #2791, 0.1562499999999979461 ) ;
#3015 = DIRECTION ( 'NONE',  ( 1.000000000000000000, -0.000000000000000000, -0.000000000000000000 ) ) ;
#3016 = ADVANCED_FACE ( 'NONE', ( #10122 ), #1715, .F. ) ;
#3017 = ORIENTED_EDGE ( 'NONE', *, *, #6212, .T. ) ;
#3018 = EDGE_CURVE ( 'NONE', #4733, #1658, #8249, .T. ) ;
#3019 = CARTESIAN_POINT ( 'NONE',  ( -10.51999999999999957, 21.22999999999999687, -0.7499999999999974465 ) ) ;
#3020 = CARTESIAN_POINT ( 'NONE',  ( 10.51999999999999957, 10.75000000000000178, -0.7499999999999986677 ) ) ;
#3021 = VECTOR ( 'NONE', #1989, 39.37007874015748143 ) ;
#3022 = FACE_OUTER_BOUND ( 'NONE', #10242, .T. ) ;
#3023 = DIRECTION ( 'NONE',  ( 1.000000000000000000, -0.000000000000000000, -0.000000000000000000 ) ) ;
#3024 = CARTESIAN_POINT ( 'NONE',  ( -11.26000000000000156, 24.21999999999999531, 0.000000000000000000 ) ) ;
#3025 = DIRECTION ( 'NONE',  ( 0.000000000000000000, 0.000000000000000000, -1.000000000000000000 ) ) ;
#3026 = EDGE_LOOP ( 'NONE', ( #9435, #80, #10704, #8006 ) ) ;
#3027 = VERTEX_POINT ( 'NONE', #1297 ) ;
#3028 = ORIENTED_EDGE ( 'NONE', *, *, #1675, .T. ) ;
#3029 = CARTESIAN_POINT ( 'NONE',  ( -11.99999999999999822, 47.00999999999999091, -1.124999999999997113 ) ) ;
#3030 = AXIS2_PLACEMENT_3D ( 'NONE', #1263, #5102, #11839 ) ;
#3031 = ORIENTED_EDGE ( 'NONE', *, *, #2734, .F. ) ;
#3032 = VERTEX_POINT ( 'NONE', #5133 ) ;
#3033 = ADVANCED_FACE ( 'NONE', ( #8156 ), #4179, .F. ) ;
#3034 = DIRECTION ( 'NONE',  ( 1.000000000000000000, -0.000000000000000000, -0.000000000000000000 ) ) ;
#3035 =( NAMED_UNIT ( * ) PLANE_ANGLE_UNIT ( ) SI_UNIT ( $, .RADIAN. ) );
#3036 = ORIENTED_EDGE ( 'NONE', *, *, #5723, .F. ) ;
#3037 = DIRECTION ( 'NONE',  ( 0.000000000000000000, 0.000000000000000000, -1.000000000000000000 ) ) ;
#3038 = CYLINDRICAL_SURFACE ( 'NONE', #9565, 0.1718500000000005301 ) ;
#3039 = VECTOR ( 'NONE', #2557, 39.37007874015748143 ) ;
#3040 = CARTESIAN_POINT ( 'NONE',  ( -11.31312545197055286, 51.53601671406578788, -0.9708986908746891631 ) ) ;
#3041 = ORIENTED_EDGE ( 'NONE', *, *, #4239, .F. ) ;
#3042 = DIRECTION ( 'NONE',  ( 1.000000000000000000, 0.000000000000000000, 0.000000000000000000 ) ) ;
#3043 = ADVANCED_FACE ( 'NONE', ( #7209 ), #11677, .F. ) ;
#3044 = ADVANCED_FACE ( 'NONE', ( #7084 ), #10932, .F. ) ;
#3045 = LINE ( 'NONE', #10741, #6833 ) ;
#3046 = AXIS2_PLACEMENT_3D ( 'NONE', #7085, #342, #2421 ) ;
#3047 = VECTOR ( 'NONE', #6899, 39.37007874015748143 ) ;
#3048 = VERTEX_POINT ( 'NONE', #5263 ) ;
#3049 = ADVANCED_FACE ( 'NONE', ( #9099 ), #2420, .F. ) ;
#3050 = PLANE ( 'NONE',  #6218 ) ;
#3051 = CARTESIAN_POINT ( 'NONE',  ( 11.43185000000000251, 51.69999999999999574, -0.7499999999999936717 ) ) ;
#3052 = FACE_BOUND ( 'NONE', #6433, .T. ) ;
#3053 = VERTEX_POINT ( 'NONE', #6270 ) ;
#3054 = LINE ( 'NONE', #2055, #1855 ) ;
#3055 = ORIENTED_EDGE ( 'NONE', *, *, #10271, .T. ) ;
#3056 = VECTOR ( 'NONE', #10108, 39.37007874015748143 ) ;
#3057 = DIRECTION ( 'NONE',  ( 0.000000000000000000, 0.000000000000000000, -1.000000000000000000 ) ) ;
#3058 = AXIS2_PLACEMENT_3D ( 'NONE', #10550, #9619, #6948 ) ;
#3059 = CARTESIAN_POINT ( 'NONE',  ( 11.99999999999999822, 48.71000000000000085, -0.7499999999999940048 ) ) ;
#3060 = DIRECTION ( 'NONE',  ( 0.000000000000000000, 0.000000000000000000, -1.000000000000000000 ) ) ;
#3061 = ADVANCED_FACE ( 'NONE', ( #2713 ), #8518, .F. ) ;
#3062 = LINE ( 'NONE', #2184, #3800 ) ;
#3063 = CARTESIAN_POINT ( 'NONE',  ( -11.00000000000000000, 36.50999999999999091, -1.124999999999997113 ) ) ;
#3064 = ORIENTED_EDGE ( 'NONE', *, *, #6189, .F. ) ;
#3065 = AXIS2_PLACEMENT_3D ( 'NONE', #9536, #7577, #2838 ) ;
#3066 = STYLED_ITEM ( 'NONE', ( #12462 ), #4750 ) ;
#3067 = DIRECTION ( 'NONE',  ( -1.000000000000000000, 0.000000000000000000, 0.000000000000000000 ) ) ;
#3068 = CYLINDRICAL_SURFACE ( 'NONE', #1436, 0.1718500000000005301 ) ;
#3069 = LINE ( 'NONE', #10638, #8169 ) ;
#3070 = CARTESIAN_POINT ( 'NONE',  ( 3.219999999999996643, 22.51999999999998181, 0.000000000000000000 ) ) ;
#3071 = CYLINDRICAL_SURFACE ( 'NONE', #1115, 0.1562499999999979461 ) ;
#3072 = DIRECTION ( 'NONE',  ( 0.000000000000000000, 0.000000000000000000, -1.000000000000000000 ) ) ;
#3073 = VERTEX_POINT ( 'NONE', #1839 ) ;
#3074 = AXIS2_PLACEMENT_3D ( 'NONE', #11887, #2253, #11827 ) ;
#3075 = DIRECTION ( 'NONE',  ( -0.000000000000000000, -1.177520686924250979E-16, 1.000000000000000000 ) ) ;
#3076 = EDGE_CURVE ( 'NONE', #9487, #2362, #11875, .T. ) ;
#3077 = COLOUR_RGB ( '',1.000000000000000000, 1.000000000000000000, 1.000000000000000000 ) ;
#3078 = CARTESIAN_POINT ( 'NONE',  ( 12.75000000000000000, 48.50999999999999091, -1.124999999999997113 ) ) ;
#3079 = DIRECTION ( 'NONE',  ( -1.000000000000000000, 0.000000000000000000, 0.000000000000000000 ) ) ;
#3080 = VERTEX_POINT ( 'NONE', #11351 ) ;
#3081 = FACE_OUTER_BOUND ( 'NONE', #1955, .T. ) ;
#3082 = AXIS2_PLACEMENT_3D ( 'NONE', #3665, #5633, #7517 ) ;
#3083 = PLANE ( 'NONE',  #5459 ) ;
#3084 = CARTESIAN_POINT ( 'NONE',  ( 12.75000000000000355, 28.49999999999998579, 3.479999999999999982 ) ) ;
#3085 = CARTESIAN_POINT ( 'NONE',  ( -12.00000000000000355, 3.750000000000000888, 8.589666975669972615 ) ) ;
#3086 = DIRECTION ( 'NONE',  ( 0.000000000000000000, 0.000000000000000000, -1.000000000000000000 ) ) ;
#3087 = DIRECTION ( 'NONE',  ( 1.000000000000000000, 0.000000000000000000, 0.000000000000000000 ) ) ;
#3088 = VERTEX_POINT ( 'NONE', #9598 ) ;
#3089 = ADVANCED_FACE ( 'NONE', ( #5752 ), #4604, .F. ) ;
#3090 = ORIENTED_EDGE ( 'NONE', *, *, #5610, .T. ) ;
#3091 = EDGE_CURVE ( 'NONE', #1804, #1058, #1014, .T. ) ;
#3092 = AXIS2_PLACEMENT_3D ( 'NONE', #1661, #9344, #8462 ) ;
#3093 = EDGE_LOOP ( 'NONE', ( #10788, #10444 ) ) ;
#3094 = PLANE ( 'NONE',  #3705 ) ;
#3095 = ORIENTED_EDGE ( 'NONE', *, *, #5422, .F. ) ;
#3096 = ORIENTED_EDGE ( 'NONE', *, *, #9094, .F. ) ;
#3097 = CARTESIAN_POINT ( 'NONE',  ( -12.75000000000000000, 44.00999999999999801, -1.281249999999992895 ) ) ;
#3098 = CARTESIAN_POINT ( 'NONE',  ( 11.39242733136898345, 51.59031655935113037, -1.259143567059536784 ) ) ;
#3099 = AXIS2_PLACEMENT_3D ( 'NONE', #4290, #5243, #8137 ) ;
#3100 = CARTESIAN_POINT ( 'NONE',  ( 11.26000000000000156, 11.24000000000000199, -1.499999999999998668 ) ) ;
#3101 = EDGE_LOOP ( 'NONE', ( #11881, #8087, #8648, #8123 ) ) ;
#3102 = LINE ( 'NONE', #3922, #7493 ) ;
#3103 = DIRECTION ( 'NONE',  ( 0.000000000000000000, 0.000000000000000000, -1.000000000000000000 ) ) ;
#3104 = CARTESIAN_POINT ( 'NONE',  ( -11.42850329373635709, 51.66624999999999801, -1.111502585954583067 ) ) ;
#3105 = ORIENTED_EDGE ( 'NONE', *, *, #8796, .T. ) ;
#3106 = PLANE ( 'NONE',  #7980 ) ;
#3107 = VERTEX_POINT ( 'NONE', #12348 ) ;
#3108 = ADVANCED_FACE ( 'NONE', ( #2957 ), #5865, .F. ) ;
#3109 = CIRCLE ( 'NONE', #2911, 0.1562499999999979461 ) ;
#3110 = MECHANICAL_DESIGN_GEOMETRIC_PRESENTATION_REPRESENTATION (  '', ( #11362 ), #11977 ) ;
#3111 =( NAMED_UNIT ( * ) SI_UNIT ( $, .STERADIAN. ) SOLID_ANGLE_UNIT ( ) );
#3112 = VECTOR ( 'NONE', #1954, 39.37007874015748143 ) ;
#3113 = ORIENTED_EDGE ( 'NONE', *, *, #9625, .T. ) ;
#3114 = CARTESIAN_POINT ( 'NONE',  ( -11.00000000000000000, 33.50999999999999091, -1.281249999999994893 ) ) ;
#3115 = DIRECTION ( 'NONE',  ( -0.000000000000000000, 1.000000000000000000, 7.850137912828339862E-17 ) ) ;
#3116 = EDGE_CURVE ( 'NONE', #9432, #5825, #7634, .T. ) ;
#3117 = VECTOR ( 'NONE', #8456, 39.37007874015748143 ) ;
#3118 = EDGE_CURVE ( 'NONE', #4437, #5858, #6807, .T. ) ;
#3119 = ORIENTED_EDGE ( 'NONE', *, *, #1180, .F. ) ;
#3120 = AXIS2_PLACEMENT_3D ( 'NONE', #4215, #11027, #7053 ) ;
#3121 = DIRECTION ( 'NONE',  ( 1.000000000000000000, 0.000000000000000000, 0.000000000000000000 ) ) ;
#3122 = ORIENTED_EDGE ( 'NONE', *, *, #761, .F. ) ;
#3123 = PLANE ( 'NONE',  #11588 ) ;
#3124 = EDGE_CURVE ( 'NONE', #419, #1333, #11092, .T. ) ;
#3125 = CARTESIAN_POINT ( 'NONE',  ( -11.08815000000000062, 21.71999999999999886, 0.000000000000000000 ) ) ;
#3126 =( NAMED_UNIT ( * ) PLANE_ANGLE_UNIT ( ) SI_UNIT ( $, .RADIAN. ) );
#3127 = FACE_OUTER_BOUND ( 'NONE', #1683, .T. ) ;
#3128 = AXIS2_PLACEMENT_3D ( 'NONE', #10080, #8116, #553 ) ;
#3129 = VECTOR ( 'NONE', #12198, 39.37007874015748143 ) ;
#3130 = ORIENTED_EDGE ( 'NONE', *, *, #9185, .T. ) ;
#3131 = CARTESIAN_POINT ( 'NONE',  ( -10.51999999999999424, 3.750000000000000000, -9.410333024330023832 ) ) ;
#3132 = DIRECTION ( 'NONE',  ( 0.000000000000000000, 0.000000000000000000, -1.000000000000000000 ) ) ;
#3133 = ADVANCED_FACE ( 'NONE', ( #10653 ), #4728, .F. ) ;
#3134 = ORIENTED_EDGE ( 'NONE', *, *, #4316, .T. ) ;
#3135 = CARTESIAN_POINT ( 'NONE',  ( -11.99999999999999822, 59.18999999999999773, -1.500000000000000222 ) ) ;
#3136 = DIRECTION ( 'NONE',  ( -1.000000000000000000, -0.000000000000000000, -0.000000000000000000 ) ) ;
#3137 = CYLINDRICAL_SURFACE ( 'NONE', #3074, 0.1562499999999979461 ) ;
#3138 = DIRECTION ( 'NONE',  ( -0.000000000000000000, -0.000000000000000000, -1.000000000000000000 ) ) ;
#3139 = DIRECTION ( 'NONE',  ( -0.000000000000000000, -1.000000000000000000, -0.000000000000000000 ) ) ;
#3140 = ORIENTED_EDGE ( 'NONE', *, *, #11164, .T. ) ;
#3141 = PLANE ( 'NONE',  #2066 ) ;
#3142 = DIRECTION ( 'NONE',  ( -0.000000000000000000, -1.000000000000000000, -0.000000000000000000 ) ) ;
#3143 = DIRECTION ( 'NONE',  ( 0.000000000000000000, 0.000000000000000000, -1.000000000000000000 ) ) ;
#3144 = VECTOR ( 'NONE', #3806, 39.37007874015748143 ) ;
#3145 = ORIENTED_EDGE ( 'NONE', *, *, #11263, .F. ) ;
#3146 = DIRECTION ( 'NONE',  ( 0.000000000000000000, 0.000000000000000000, 1.000000000000000000 ) ) ;
#3147 = EDGE_CURVE ( 'NONE', #5683, #1737, #11415, .T. ) ;
#3148 = CARTESIAN_POINT ( 'NONE',  ( 12.75000000000000355, 25.01999999999998181, -2.250000000000003109 ) ) ;
#3149 = FACE_OUTER_BOUND ( 'NONE', #2300, .T. ) ;
#3150 = DIRECTION ( 'NONE',  ( 0.000000000000000000, 0.000000000000000000, -1.000000000000000000 ) ) ;
#3151 = CARTESIAN_POINT ( 'NONE',  ( -10.51999999999999424, 3.750000000000000000, 8.589666975669972615 ) ) ;
#3152 = CARTESIAN_POINT ( 'NONE',  ( 11.99999999999999822, 56.00999999999999091, -1.281249999999994893 ) ) ;
#3153 = ORIENTED_EDGE ( 'NONE', *, *, #10974, .F. ) ;
#3154 = AXIS2_PLACEMENT_3D ( 'NONE', #10583, #1949, #5156 ) ;
#3155 = EDGE_LOOP ( 'NONE', ( #9732, #1426, #11273, #8538 ) ) ;
#3156 = ORIENTED_EDGE ( 'NONE', *, *, #3530, .F. ) ;
#3157 = UNCERTAINTY_MEASURE_WITH_UNIT (LENGTH_MEASURE( 1.000000000000000082E-05 ), #404, 'distance_accuracy_value', 'NONE');
#3158 = DIRECTION ( 'NONE',  ( 0.000000000000000000, 0.000000000000000000, 1.000000000000000000 ) ) ;
#3159 = ORIENTED_EDGE ( 'NONE', *, *, #1195, .T. ) ;
#3160 = DIRECTION ( 'NONE',  ( 1.000000000000000000, 0.000000000000000000, 0.000000000000000000 ) ) ;
#3161 = AXIS2_PLACEMENT_3D ( 'NONE', #10067, #4380, #12005 ) ;
#3162 = EDGE_CURVE ( 'NONE', #9086, #8558, #6626, .T. ) ;
#3163 = DIRECTION ( 'NONE',  ( 0.000000000000000000, 1.000000000000000000, 0.000000000000000000 ) ) ;
#3164 = DIRECTION ( 'NONE',  ( -1.000000000000000000, 0.000000000000000000, 0.000000000000000000 ) ) ;
#3165 = VERTEX_POINT ( 'NONE', #4789 ) ;
#3166 = FACE_OUTER_BOUND ( 'NONE', #2848, .T. ) ;
#3167 = FACE_BOUND ( 'NONE', #9192, .T. ) ;
#3168 = CARTESIAN_POINT ( 'NONE',  ( -10.51999999999999602, 3.000000000000000444, 8.589666975669972615 ) ) ;
#3169 = EDGE_LOOP ( 'NONE', ( #6826, #4401, #3711, #12196 ) ) ;
#3170 = DIRECTION ( 'NONE',  ( 0.000000000000000000, 0.000000000000000000, -1.000000000000000000 ) ) ;
#3171 = ORIENTED_EDGE ( 'NONE', *, *, #8057, .T. ) ;
#3172 = DIMENSIONAL_EXPONENTS ( 1.000000000000000000, 0.000000000000000000, 0.000000000000000000, 0.000000000000000000, 0.000000000000000000, 0.000000000000000000, 0.000000000000000000 ) ;
#3173 = VECTOR ( 'NONE', #4135, 39.37007874015748143 ) ;
#3174 =( NAMED_UNIT ( * ) SI_UNIT ( $, .STERADIAN. ) SOLID_ANGLE_UNIT ( ) );
#3175 = ORIENTED_EDGE ( 'NONE', *, *, #3872, .T. ) ;
#3176 = DIRECTION ( 'NONE',  ( 0.000000000000000000, 0.000000000000000000, -1.000000000000000000 ) ) ;
#3177 = EDGE_CURVE ( 'NONE', #3053, #6163, #10407, .T. ) ;
#3178 = EDGE_CURVE ( 'NONE', #5983, #2295, #5686, .T. ) ;
#3179 = DIRECTION ( 'NONE',  ( -0.000000000000000000, -0.000000000000000000, -1.000000000000000000 ) ) ;
#3180 = VECTOR ( 'NONE', #10525, 39.37007874015748143 ) ;
#3181 = LENGTH_MEASURE_WITH_UNIT ( LENGTH_MEASURE( 0.02539999999999999897 ), #10123 );
#3182 = EDGE_LOOP ( 'NONE', ( #11660, #3582, #270, #2215 ) ) ;
#3183 = LINE ( 'NONE', #10626, #12110 ) ;
#3184 = VERTEX_POINT ( 'NONE', #8695 ) ;
#3185 = CARTESIAN_POINT ( 'NONE',  ( -11.09347701101164319, 51.65746597944884400, -1.177079136067901377 ) ) ;
#3186 = PRESENTATION_STYLE_ASSIGNMENT (( #4948 ) ) ;
#3187 = AXIS2_PLACEMENT_3D ( 'NONE', #8238, #7361, #1754 ) ;
#3188 = PLANE ( 'NONE',  #11847 ) ;
#3189 = EDGE_LOOP ( 'NONE', ( #11937, #9700 ) ) ;
#3190 = EDGE_CURVE ( 'NONE', #3563, #5304, #2836, .T. ) ;
#3191 = DIRECTION ( 'NONE',  ( 0.000000000000000000, 0.000000000000000000, 1.000000000000000000 ) ) ;
#3192 = SURFACE_STYLE_FILL_AREA ( #11883 ) ;
#3193 = EDGE_LOOP ( 'NONE', ( #8705, #2924, #681, #959 ) ) ;
#3194 = CARTESIAN_POINT ( 'NONE',  ( -10.51999999999999957, 59.18999999999999773, -0.7500000000000001110 ) ) ;
#3195 = AXIS2_PLACEMENT_3D ( 'NONE', #4803, #12366, #1789 ) ;
#3196 = FACE_OUTER_BOUND ( 'NONE', #10475, .T. ) ;
#3197 = COLOUR_RGB ( '',1.000000000000000000, 1.000000000000000000, 1.000000000000000000 ) ;
#3198 = DIRECTION ( 'NONE',  ( 0.000000000000000000, 1.000000000000000000, 0.000000000000000000 ) ) ;
#3199 = DIRECTION ( 'NONE',  ( 1.000000000000000000, 0.000000000000000000, 0.000000000000000000 ) ) ;
#3200 = CARTESIAN_POINT ( 'NONE',  ( 11.99999999999999822, 0.000000000000000000, 0.000000000000000000 ) ) ;
#3201 = DIRECTION ( 'NONE',  ( -1.000000000000000000, 0.000000000000000000, -0.000000000000000000 ) ) ;
#3202 = VERTEX_POINT ( 'NONE', #10531 ) ;
#3203 = FILL_AREA_STYLE ('',( #4078 ) ) ;
#3204 = EDGE_CURVE ( 'NONE', #261, #339, #2896, .T. ) ;
#3205 = FACE_OUTER_BOUND ( 'NONE', #584, .T. ) ;
#3206 = EDGE_CURVE ( 'NONE', #10844, #3731, #1957, .T. ) ;
#3207 = CARTESIAN_POINT ( 'NONE',  ( 11.27364155148507407, 51.52817459641387643, -0.9698106087895206340 ) ) ;
#3208 = VECTOR ( 'NONE', #7573, 39.37007874015748143 ) ;
#3209 = ORIENTED_EDGE ( 'NONE', *, *, #9916, .T. ) ;
#3210 = EDGE_CURVE ( 'NONE', #10013, #3355, #7267, .T. ) ;
#3211 = DIRECTION ( 'NONE',  ( 0.000000000000000000, -1.000000000000000000, -0.000000000000000000 ) ) ;
#3212 = LINE ( 'NONE', #1328, #5036 ) ;
#3213 = CARTESIAN_POINT ( 'NONE',  ( 11.26000000000000156, 21.71999999999999886, -1.499999999999997113 ) ) ;
#3214 = FACE_OUTER_BOUND ( 'NONE', #3971, .T. ) ;
#3215 = CARTESIAN_POINT ( 'NONE',  ( 11.99999999999999822, 10.75000000000000178, -1.499999999999998668 ) ) ;
#3216 = AXIS2_PLACEMENT_3D ( 'NONE', #6101, #8988, #3313 ) ;
#3217 = CARTESIAN_POINT ( 'NONE',  ( 11.99999999999999822, 59.18999999999999773, -1.500000000000000222 ) ) ;
#3218 = VERTEX_POINT ( 'NONE', #10713 ) ;
#3219 =( GEOMETRIC_REPRESENTATION_CONTEXT ( 3 ) GLOBAL_UNCERTAINTY_ASSIGNED_CONTEXT ( ( #7062 ) ) GLOBAL_UNIT_ASSIGNED_CONTEXT ( ( #10512, #8428, #3637 ) ) REPRESENTATION_CONTEXT ( 'NONE', 'WORKASPACE' ) );
#3220 = VERTEX_POINT ( 'NONE', #1201 ) ;
#3221 = ORIENTED_EDGE ( 'NONE', *, *, #12442, .F. ) ;
#3222 = EDGE_CURVE ( 'NONE', #1807, #7903, #6864, .T. ) ;
#3223 = LINE ( 'NONE', #6190, #8940 ) ;
#3224 = ORIENTED_EDGE ( 'NONE', *, *, #8826, .F. ) ;
#3225 = AXIS2_PLACEMENT_3D ( 'NONE', #2235, #8094, #8032 ) ;
#3226 = FACE_OUTER_BOUND ( 'NONE', #3093, .T. ) ;
#3227 = CARTESIAN_POINT ( 'NONE',  ( 1.739999999999997327, 54.75000000000000000, -0.7500000000000001110 ) ) ;
#3228 =( NAMED_UNIT ( * ) PLANE_ANGLE_UNIT ( ) SI_UNIT ( $, .RADIAN. ) );
#3229 = DIRECTION ( 'NONE',  ( -1.000000000000000000, -0.000000000000000000, -0.000000000000000000 ) ) ;
#3230 = EDGE_LOOP ( 'NONE', ( #1152, #11990, #1653, #11844 ) ) ;
#3231 = LINE ( 'NONE', #2471, #1052 ) ;
#3232 = DIRECTION ( 'NONE',  ( 0.000000000000000000, -1.000000000000000000, 0.000000000000000000 ) ) ;
#3233 = PLANE ( 'NONE',  #6512 ) ;
#3234 = ORIENTED_EDGE ( 'NONE', *, *, #12182, .T. ) ;
#3235 = CARTESIAN_POINT ( 'NONE',  ( -11.99999999999999822, 14.23000000000000220, -1.499999999999998224 ) ) ;
#3236 = ORIENTED_EDGE ( 'NONE', *, *, #10947, .F. ) ;
#3237 = AXIS2_PLACEMENT_3D ( 'NONE', #1896, #4666, #11533 ) ;
#3238 = EDGE_CURVE ( 'NONE', #469, #936, #250, .T. ) ;
#3239 = ORIENTED_EDGE ( 'NONE', *, *, #11248, .T. ) ;
#3240 = LINE ( 'NONE', #3991, #9674 ) ;
#3241 = VECTOR ( 'NONE', #3767, 39.37007874015748143 ) ;
#3242 = DIRECTION ( 'NONE',  ( 1.000000000000000000, 0.000000000000000000, -1.845843238962340492E-16 ) ) ;
#3243 = ORIENTED_EDGE ( 'NONE', *, *, #5455, .T. ) ;
#3244 = FACE_OUTER_BOUND ( 'NONE', #9108, .T. ) ;
#3245 = ORIENTED_EDGE ( 'NONE', *, *, #7277, .T. ) ;
#3246 = CARTESIAN_POINT ( 'NONE',  ( -11.14434116961157883, 51.57272935630592769, -1.268176568645018820 ) ) ;
#3247 = DIRECTION ( 'NONE',  ( 0.000000000000000000, 0.000000000000000000, 1.000000000000000000 ) ) ;
#3248 = EDGE_CURVE ( 'NONE', #5683, #845, #10961, .T. ) ;
#3249 = ADVANCED_FACE ( 'NONE', ( #6180 ), #11899, .F. ) ;
#3250 = DIRECTION ( 'NONE',  ( -1.000000000000000000, -0.000000000000000000, -0.000000000000000000 ) ) ;
#3251 = ORIENTED_EDGE ( 'NONE', *, *, #11280, .T. ) ;
#3252 = FACE_OUTER_BOUND ( 'NONE', #10627, .T. ) ;
#3253 = AXIS2_PLACEMENT_3D ( 'NONE', #10170, #9273, #12229 ) ;
#3254 = DIRECTION ( 'NONE',  ( 0.000000000000000000, 1.000000000000000000, 2.491592112898606819E-16 ) ) ;
#3255 = EDGE_LOOP ( 'NONE', ( #3374, #5574, #11480, #532 ) ) ;
#3256 = DIRECTION ( 'NONE',  ( 0.000000000000000000, 0.000000000000000000, -1.000000000000000000 ) ) ;
#3257 = DIRECTION ( 'NONE',  ( -1.000000000000000000, 0.000000000000000000, 0.000000000000000000 ) ) ;
#3258 = CARTESIAN_POINT ( 'NONE',  ( -11.99999999999999822, 48.50999999999999091, -1.124999999999997113 ) ) ;
#3259 = DIRECTION ( 'NONE',  ( 1.000000000000000000, 0.000000000000000000, 0.000000000000000000 ) ) ;
#3260 = PLANE ( 'NONE',  #11609 ) ;
#3261 = ORIENTED_EDGE ( 'NONE', *, *, #3303, .F. ) ;
#3262 = EDGE_CURVE ( 'NONE', #3977, #6084, #8862, .T. ) ;
#3263 = DIRECTION ( 'NONE',  ( 0.000000000000000000, -0.000000000000000000, 1.000000000000000000 ) ) ;
#3264 = AXIS2_PLACEMENT_3D ( 'NONE', #6321, #8321, #4545 ) ;
#3265 = CARTESIAN_POINT ( 'NONE',  ( 11.42850329373635532, 51.66624999999999091, -1.124999999999997113 ) ) ;
#3266 = COLOUR_RGB ( '',1.000000000000000000, 1.000000000000000000, 1.000000000000000000 ) ;
#3267 = ORIENTED_EDGE ( 'NONE', *, *, #4348, .F. ) ;
#3268 = DIRECTION ( 'NONE',  ( -0.000000000000000000, -0.000000000000000000, 1.000000000000000000 ) ) ;
#3269 = DIRECTION ( 'NONE',  ( -1.000000000000000000, 0.000000000000000000, 0.000000000000000000 ) ) ;
#3270 = DIRECTION ( 'NONE',  ( 0.000000000000000000, -1.570027582565667972E-16, 1.000000000000000000 ) ) ;
#3271 = CIRCLE ( 'NONE', #4879, 0.1718500000000005301 ) ;
#3272 = LINE ( 'NONE', #10840, #9104 ) ;
#3273 = ADVANCED_FACE ( 'NONE', ( #3962 ), #7816, .F. ) ;
#3274 = PLANE ( 'NONE',  #10964 ) ;
#3275 = MECHANICAL_DESIGN_GEOMETRIC_PRESENTATION_REPRESENTATION (  '', ( #2078 ), #9532 ) ;
#3276 = CARTESIAN_POINT ( 'NONE',  ( 11.99999999999999822, 59.18999999999999773, -2.250000000000000444 ) ) ;
#3277 = ORIENTED_EDGE ( 'NONE', *, *, #2862, .F. ) ;
#3278 = ORIENTED_EDGE ( 'NONE', *, *, #3664, .F. ) ;
#3279 = EDGE_CURVE ( 'NONE', #7771, #5178, #8943, .T. ) ;
#3280 = ORIENTED_EDGE ( 'NONE', *, *, #7909, .T. ) ;
#3281 = CARTESIAN_POINT ( 'NONE',  ( 12.75000000000000000, 44.00999999999999801, -1.281249999999992895 ) ) ;
#3282 = AXIS2_PLACEMENT_3D ( 'NONE', #4105, #12051, #8084 ) ;
#3283 = VERTEX_POINT ( 'NONE', #8001 ) ;
#3284 = CARTESIAN_POINT ( 'NONE',  ( 10.51999999999999957, 52.18999999999999773, -1.500000000000000222 ) ) ;
#3285 = DIRECTION ( 'NONE',  ( -0.000000000000000000, -1.000000000000000000, -0.000000000000000000 ) ) ;
#3286 = CARTESIAN_POINT ( 'NONE',  ( 11.99999999999999822, 14.23000000000000220, -0.7499999999999983347 ) ) ;
#3287 = CARTESIAN_POINT ( 'NONE',  ( 11.26000000000000156, 13.74000000000000199, 0.000000000000000000 ) ) ;
#3288 = ORIENTED_EDGE ( 'NONE', *, *, #1817, .F. ) ;
#3289 = EDGE_CURVE ( 'NONE', #5111, #2100, #4910, .T. ) ;
#3290 = CARTESIAN_POINT ( 'NONE',  ( 10.51999999999999957, 10.75000000000000178, -1.499999999999998668 ) ) ;
#3291 = DIRECTION ( 'NONE',  ( 1.000000000000000000, -0.000000000000000000, -0.000000000000000000 ) ) ;
#3292 = LINE ( 'NONE', #2349, #9934 ) ;
#3293 = VERTEX_POINT ( 'NONE', #3020 ) ;
#3294 = CIRCLE ( 'NONE', #9131, 0.1562499999999979461 ) ;
#3295 = CARTESIAN_POINT ( 'NONE',  ( 11.26000000000000156, 49.19999999999999574, -0.7499999999999940048 ) ) ;
#3296 = ORIENTED_EDGE ( 'NONE', *, *, #1975, .F. ) ;
#3297 = EDGE_LOOP ( 'NONE', ( #7763, #4609 ) ) ;
#3298 = DIRECTION ( 'NONE',  ( -1.000000000000000000, 2.913971193241879189E-15, 0.000000000000000000 ) ) ;
#3299 = AXIS2_PLACEMENT_3D ( 'NONE', #9852, #1028, #3158 ) ;
#3300 = LINE ( 'NONE', #8217, #10085 ) ;
#3301 = FILL_AREA_STYLE ('',( #4310 ) ) ;
#3302 = ORIENTED_EDGE ( 'NONE', *, *, #3118, .T. ) ;
#3303 = EDGE_CURVE ( 'NONE', #3736, #10399, #2084, .T. ) ;
#3304 = DIRECTION ( 'NONE',  ( 0.000000000000000000, 0.000000000000000000, 1.000000000000000000 ) ) ;
#3305 = VERTEX_POINT ( 'NONE', #4086 ) ;
#3306 = AXIS2_PLACEMENT_3D ( 'NONE', #8906, #3232, #7073 ) ;
#3307 = CARTESIAN_POINT ( 'NONE',  ( 11.99999999999999467, 9.940840045854139717, -6.358918193179024847 ) ) ;
#3308 = SURFACE_SIDE_STYLE ('',( #10814 ) ) ;
#3309 = PLANE ( 'NONE',  #11968 ) ;
#3310 = EDGE_LOOP ( 'NONE', ( #6635, #12129, #6861, #2374 ) ) ;
#3311 = CARTESIAN_POINT ( 'NONE',  ( 10.51999999999999957, 59.18999999999999773, -1.500000000000000222 ) ) ;
#3312 = EDGE_LOOP ( 'NONE', ( #275, #3405 ) ) ;
#3313 = DIRECTION ( 'NONE',  ( -1.000000000000000000, 0.000000000000000000, 0.000000000000000000 ) ) ;
#3314 = VERTEX_POINT ( 'NONE', #4972 ) ;
#3315 = ADVANCED_FACE ( 'NONE', ( #7881 ), #3083, .T. ) ;
#3316 = CARTESIAN_POINT ( 'NONE',  ( 11.99999999999999822, 54.50999999999998380, -1.124999999999997113 ) ) ;
#3317 = EDGE_CURVE ( 'NONE', #3339, #4939, #2146, .T. ) ;
#3318 = CARTESIAN_POINT ( 'NONE',  ( -1.740000000000002656, 54.75000000000000000, 0.000000000000000000 ) ) ;
#3319 = LINE ( 'NONE', #723, #9744 ) ;
#3320 = CARTESIAN_POINT ( 'NONE',  ( -12.75000000000000000, 48.50999999999999091, -1.124999999999997113 ) ) ;
#3321 = DIRECTION ( 'NONE',  ( 1.000000000000000000, 0.000000000000000000, 0.000000000000000000 ) ) ;
#3322 = ORIENTED_EDGE ( 'NONE', *, *, #938, .T. ) ;
#3323 = VECTOR ( 'NONE', #9454, 39.37007874015748143 ) ;
#3324 = CIRCLE ( 'NONE', #3519, 0.1718500000000005301 ) ;
#3325 = FACE_OUTER_BOUND ( 'NONE', #5935, .T. ) ;
#3326 = CARTESIAN_POINT ( 'NONE',  ( 11.13170108226355381, 51.58549438814473120, -0.9881033736407709434 ) ) ;
#3327 = EDGE_LOOP ( 'NONE', ( #149, #6071, #11675, #579 ) ) ;
#3328 = ORIENTED_EDGE ( 'NONE', *, *, #8106, .T. ) ;
#3329 = LINE ( 'NONE', #11025, #6244 ) ;
#3330 = VECTOR ( 'NONE', #3368, 39.37007874015748143 ) ;
#3331 = VECTOR ( 'NONE', #1946, 39.37007874015748143 ) ;
#3332 = EDGE_CURVE ( 'NONE', #3526, #5436, #11781, .T. ) ;
#3333 = CARTESIAN_POINT ( 'NONE',  ( -0.1015624999999996114, 56.75000000000000000, 8.589666975669972615 ) ) ;
#3334 = EDGE_CURVE ( 'NONE', #5264, #4275, #6853, .T. ) ;
#3335 = DIRECTION ( 'NONE',  ( -1.000000000000000000, 0.000000000000000000, 5.537529716887025421E-16 ) ) ;
#3336 = PLANE ( 'NONE',  #5688 ) ;
#3337 = CARTESIAN_POINT ( 'NONE',  ( 10.51999999999999957, 4.500000000000000000, 0.000000000000000000 ) ) ;
#3338 = DIRECTION ( 'NONE',  ( 0.000000000000000000, 0.000000000000000000, 1.000000000000000000 ) ) ;
#3339 = VERTEX_POINT ( 'NONE', #10838 ) ;
#3340 = VERTEX_POINT ( 'NONE', #6052 ) ;
#3341 = VECTOR ( 'NONE', #8312, 39.37007874015748143 ) ;
#3342 = ORIENTED_EDGE ( 'NONE', *, *, #4995, .T. ) ;
#3343 = LINE ( 'NONE', #4416, #8931 ) ;
#3344 = EDGE_CURVE ( 'NONE', #10871, #3563, #8470, .T. ) ;
#3345 = VERTEX_POINT ( 'NONE', #9006 ) ;
#3346 = DIRECTION ( 'NONE',  ( -0.000000000000000000, -0.000000000000000000, 1.000000000000000000 ) ) ;
#3347 = CARTESIAN_POINT ( 'NONE',  ( 11.42850329373635532, 51.66624999999999091, -1.124999999999997113 ) ) ;
#3348 = EDGE_CURVE ( 'NONE', #4885, #273, #3212, .T. ) ;
#3349 = VECTOR ( 'NONE', #7932, 39.37007874015748143 ) ;
#3350 = DIRECTION ( 'NONE',  ( 0.000000000000000000, 0.000000000000000000, -1.000000000000000000 ) ) ;
#3351 = VERTEX_POINT ( 'NONE', #376 ) ;
#3352 = DIRECTION ( 'NONE',  ( 1.000000000000000000, -0.000000000000000000, -0.000000000000000000 ) ) ;
#3353 = CYLINDRICAL_SURFACE ( 'NONE', #3507, 0.1562499999999993339 ) ;
#3354 = FACE_OUTER_BOUND ( 'NONE', #642, .T. ) ;
#3355 = VERTEX_POINT ( 'NONE', #4213 ) ;
#3356 = ORIENTED_EDGE ( 'NONE', *, *, #336, .T. ) ;
#3357 = CARTESIAN_POINT ( 'NONE',  ( 0.000000000000000000, 23.76999999999998536, 0.000000000000000000 ) ) ;
#3358 = CIRCLE ( 'NONE', #12411, 0.1562499999999979461 ) ;
#3359 = EDGE_CURVE ( 'NONE', #10063, #1695, #6265, .T. ) ;
#3360 = EDGE_CURVE ( 'NONE', #9410, #11098, #6364, .T. ) ;
#3361 = ORIENTED_EDGE ( 'NONE', *, *, #4331, .T. ) ;
#3362 = CARTESIAN_POINT ( 'NONE',  ( 11.43185000000000251, 49.19999999999999574, 0.000000000000000000 ) ) ;
#3363 = EDGE_CURVE ( 'NONE', #10867, #11418, #1227, .T. ) ;
#3364 = DIRECTION ( 'NONE',  ( 0.000000000000000000, -1.000000000000000000, 0.000000000000000000 ) ) ;
#3365 = ORIENTED_EDGE ( 'NONE', *, *, #7406, .T. ) ;
#3366 = LINE ( 'NONE', #8034, #438 ) ;
#3367 = ORIENTED_EDGE ( 'NONE', *, *, #8441, .T. ) ;
#3368 = DIRECTION ( 'NONE',  ( 0.000000000000000000, 0.000000000000000000, -1.000000000000000000 ) ) ;
#3369 = CARTESIAN_POINT ( 'NONE',  ( 11.09482567505869710, 51.65249746168836964, -1.189443191422802082 ) ) ;
#3370 = DIRECTION ( 'NONE',  ( 1.000000000000000000, 0.000000000000000000, -0.000000000000000000 ) ) ;
#3371 = VERTEX_POINT ( 'NONE', #4344 ) ;
#3372 = DIRECTION ( 'NONE',  ( 0.000000000000000000, 0.000000000000000000, -1.000000000000000000 ) ) ;
#3373 = ADVANCED_FACE ( 'NONE', ( #12090 ), #1386, .F. ) ;
#3374 = ORIENTED_EDGE ( 'NONE', *, *, #4255, .T. ) ;
#3375 = AXIS2_PLACEMENT_3D ( 'NONE', #12168, #1649, #9331 ) ;
#3376 = DIRECTION ( 'NONE',  ( -1.000000000000000000, 0.000000000000000000, 0.000000000000000000 ) ) ;
#3377 = VERTEX_POINT ( 'NONE', #11210 ) ;
#3378 = LINE ( 'NONE', #10257, #8673 ) ;
#3379 = LINE ( 'NONE', #8930, #6161 ) ;
#3380 = DIRECTION ( 'NONE',  ( 0.000000000000000000, -1.000000000000000000, 0.000000000000000000 ) ) ;
#3381 = DIRECTION ( 'NONE',  ( -0.000000000000000000, -1.000000000000000000, -0.000000000000000000 ) ) ;
#3382 = LINE ( 'NONE', #2620, #9403 ) ;
#3383 = EDGE_LOOP ( 'NONE', ( #12360, #3884, #476, #2556 ) ) ;
#3384 = AXIS2_PLACEMENT_3D ( 'NONE', #7750, #6682, #4967 ) ;
#3385 =( LENGTH_UNIT ( ) NAMED_UNIT ( * ) SI_UNIT ( $, .METRE. ) );
#3386 = LINE ( 'NONE', #4397, #9440 ) ;
#3387 = EDGE_CURVE ( 'NONE', #10561, #12014, #6053, .T. ) ;
#3388 = DIRECTION ( 'NONE',  ( 0.000000000000000000, 0.000000000000000000, -1.000000000000000000 ) ) ;
#3389 = ORIENTED_EDGE ( 'NONE', *, *, #8896, .T. ) ;
#3390 = ORIENTED_EDGE ( 'NONE', *, *, #11952, .F. ) ;
#3391 = CARTESIAN_POINT ( 'NONE',  ( 3.219999999999996643, 55.50000000000000000, 0.000000000000000000 ) ) ;
#3392 = CIRCLE ( 'NONE', #11638, 0.1562499999999978073 ) ;
#3393 = CARTESIAN_POINT ( 'NONE',  ( -11.99999999999999822, 27.50999999999998735, -1.281249999999994893 ) ) ;
#3394 = LINE ( 'NONE', #4279, #12177 ) ;
#3395 = FACE_OUTER_BOUND ( 'NONE', #6266, .T. ) ;
#3396 = CARTESIAN_POINT ( 'NONE',  ( -11.99999999999999822, 3.749999999999999556, -2.250000000000000444 ) ) ;
#3397 = DIRECTION ( 'NONE',  ( 1.000000000000000000, 0.000000000000000000, 0.000000000000000000 ) ) ;
#3398 = VERTEX_POINT ( 'NONE', #10272 ) ;
#3399 = ORIENTED_EDGE ( 'NONE', *, *, #5372, .T. ) ;
#3400 = VECTOR ( 'NONE', #8861, 39.37007874015748143 ) ;
#3401 = ORIENTED_EDGE ( 'NONE', *, *, #11635, .F. ) ;
#3402 = EDGE_CURVE ( 'NONE', #8221, #9116, #4464, .T. ) ;
#3403 = LINE ( 'NONE', #3281, #7534 ) ;
#3404 = ADVANCED_FACE ( 'NONE', ( #562 ), #5233, .F. ) ;
#3405 = ORIENTED_EDGE ( 'NONE', *, *, #161, .F. ) ;
#3406 = CARTESIAN_POINT ( 'NONE',  ( -11.99999999999999822, 26.00999999999999091, -0.9687499999999992228 ) ) ;
#3407 = DIRECTION ( 'NONE',  ( 0.000000000000000000, 0.000000000000000000, -1.000000000000000000 ) ) ;
#3408 = COLOUR_RGB ( '',1.000000000000000000, 1.000000000000000000, 1.000000000000000000 ) ;
#3409 = CARTESIAN_POINT ( 'NONE',  ( 11.99999999999999822, 28.49999999999998579, -2.250000000000003109 ) ) ;
#3410 = EDGE_LOOP ( 'NONE', ( #909, #7424, #4629, #2810 ) ) ;
#3411 = FACE_OUTER_BOUND ( 'NONE', #12423, .T. ) ;
#3412 = CARTESIAN_POINT ( 'NONE',  ( 12.75000000000000355, 28.49999999999998579, -2.250000000000003109 ) ) ;
#3413 = DIRECTION ( 'NONE',  ( -0.000000000000000000, -0.000000000000000000, -1.000000000000000000 ) ) ;
#3414 = ORIENTED_EDGE ( 'NONE', *, *, #6965, .T. ) ;
#3415 = ORIENTED_EDGE ( 'NONE', *, *, #5262, .F. ) ;
#3416 = AXIS2_PLACEMENT_3D ( 'NONE', #4115, #4056, #10807 ) ;
#3417 = ADVANCED_FACE ( 'NONE', ( #2570 ), #10213, .F. ) ;
#3418 = EDGE_LOOP ( 'NONE', ( #3586, #810, #11425, #9175 ) ) ;
#3419 = DIRECTION ( 'NONE',  ( -0.000000000000000000, 0.000000000000000000, 1.000000000000000000 ) ) ;
#3420 = SURFACE_STYLE_USAGE ( .BOTH. , #5199 ) ;
#3421 = ORIENTED_EDGE ( 'NONE', *, *, #705, .T. ) ;
#3422 = LINE ( 'NONE', #5328, #33 ) ;
#3423 = VECTOR ( 'NONE', #893, 39.37007874015748143 ) ;
#3424 = VERTEX_POINT ( 'NONE', #11091 ) ;
#3425 = EDGE_CURVE ( 'NONE', #4639, #9655, #2630, .T. ) ;
#3426 = CYLINDRICAL_SURFACE ( 'NONE', #934, 0.1562499999999978073 ) ;
#3427 = CARTESIAN_POINT ( 'NONE',  ( 11.09179719954069654, 51.66461521061997786, -1.151213270681332501 ) ) ;
#3428 = CARTESIAN_POINT ( 'NONE',  ( -11.99999999999999822, 59.18999999999999773, -1.500000000000000222 ) ) ;
#3429 = ORIENTED_EDGE ( 'NONE', *, *, #12133, .T. ) ;
#3430 = EDGE_CURVE ( 'NONE', #2459, #1622, #10027, .T. ) ;
#3431 = DIRECTION ( 'NONE',  ( -0.000000000000000000, 0.000000000000000000, 1.000000000000000000 ) ) ;
#3432 = AXIS2_PLACEMENT_3D ( 'NONE', #2329, #3269, #8816 ) ;
#3433 = VERTEX_POINT ( 'NONE', #3393 ) ;
#3434 = PLANE ( 'NONE',  #7033 ) ;
#3435 = PRESENTATION_STYLE_ASSIGNMENT (( #4388 ) ) ;
#3436 = VERTEX_POINT ( 'NONE', #1573 ) ;
#3437 = DIRECTION ( 'NONE',  ( -0.000000000000000000, -1.000000000000000000, -0.000000000000000000 ) ) ;
#3438 = LINE ( 'NONE', #11141, #10387 ) ;
#3439 = CIRCLE ( 'NONE', #8678, 0.1562499999999979461 ) ;
#3440 = EDGE_CURVE ( 'NONE', #11000, #11034, #3576, .T. ) ;
#3441 = CARTESIAN_POINT ( 'NONE',  ( -11.00000000000000000, 51.50999999999999091, -1.124999999999997113 ) ) ;
#3442 = CIRCLE ( 'NONE', #2631, 0.1562499999999993339 ) ;
#3443 = CYLINDRICAL_SURFACE ( 'NONE', #4158, 0.1718500000000005301 ) ;
#3444 = EDGE_LOOP ( 'NONE', ( #946, #11771, #8271, #7313 ) ) ;
#3445 =( LENGTH_UNIT ( ) NAMED_UNIT ( * ) SI_UNIT ( $, .METRE. ) );
#3446 = CARTESIAN_POINT ( 'NONE',  ( 12.75000000000000000, 53.00999999999999091, -1.124999999999997113 ) ) ;
#3447 = DIRECTION ( 'NONE',  ( 0.000000000000000000, -0.000000000000000000, -1.000000000000000000 ) ) ;
#3448 = ORIENTED_EDGE ( 'NONE', *, *, #1180, .T. ) ;
#3449 = AXIS2_PLACEMENT_3D ( 'NONE', #4362, #8903, #7070 ) ;
#3450 = ORIENTED_EDGE ( 'NONE', *, *, #7405, .T. ) ;
#3451 = AXIS2_PLACEMENT_3D ( 'NONE', #282, #6964, #11565 ) ;
#3452 = PLANE ( 'NONE',  #12268 ) ;
#3453 = CARTESIAN_POINT ( 'NONE',  ( -12.75000000000000000, 56.00999999999999091, -1.124999999999997113 ) ) ;
#3454 = DIRECTION ( 'NONE',  ( 0.000000000000000000, -1.000000000000000000, 0.000000000000000000 ) ) ;
#3455 = CARTESIAN_POINT ( 'NONE',  ( 10.51999999999999957, 4.500000000000000000, -2.249999999999999556 ) ) ;
#3456 = ADVANCED_FACE ( 'NONE', ( #9257, #10154, #1511, #6425, #2513 ), #12212, .F. ) ;
#3457 = LINE ( 'NONE', #11969, #4116 ) ;
#3458 = VERTEX_POINT ( 'NONE', #11275 ) ;
#3459 = VECTOR ( 'NONE', #10334, 39.37007874015748143 ) ;
#3460 = ORIENTED_EDGE ( 'NONE', *, *, #4065, .T. ) ;
#3461 = AXIS2_PLACEMENT_3D ( 'NONE', #4312, #2361, #6210 ) ;
#3462 = CARTESIAN_POINT ( 'NONE',  ( -11.99999999999999822, 29.00999999999999091, -1.281249999999994893 ) ) ;
#3463 = DIRECTION ( 'NONE',  ( 0.000000000000000000, 0.000000000000000000, -1.000000000000000000 ) ) ;
#3464 = VERTEX_POINT ( 'NONE', #6239 ) ;
#3465 = LINE ( 'NONE', #11166, #5432 ) ;
#3466 = CIRCLE ( 'NONE', #465, 0.1562499999999957812 ) ;
#3467 = DIRECTION ( 'NONE',  ( 0.000000000000000000, 0.000000000000000000, -1.000000000000000000 ) ) ;
#3468 = VECTOR ( 'NONE', #3773, 39.37007874015748143 ) ;
#3469 = LINE ( 'NONE', #3286, #1713 ) ;
#3470 = LINE ( 'NONE', #8389, #4668 ) ;
#3471 = EDGE_LOOP ( 'NONE', ( #9075, #4020, #10379, #842 ) ) ;
#3472 = EDGE_CURVE ( 'NONE', #1981, #631, #2441, .T. ) ;
#3473 = FACE_OUTER_BOUND ( 'NONE', #1488, .T. ) ;
#3474 = ADVANCED_FACE ( 'NONE', ( #8305, #12152, #3515, #9132, #505, #3640, #3887 ), #8433, .F. ) ;
#3475 = DIRECTION ( 'NONE',  ( -1.000000000000000000, 0.000000000000000000, 0.000000000000000000 ) ) ;
#3476 = ORIENTED_EDGE ( 'NONE', *, *, #3815, .F. ) ;
#3477 = ORIENTED_EDGE ( 'NONE', *, *, #5354, .F. ) ;
#3478 = VECTOR ( 'NONE', #10234, 39.37007874015748143 ) ;
#3479 = AXIS2_PLACEMENT_3D ( 'NONE', #10324, #8613, #2686 ) ;
#3480 = ORIENTED_EDGE ( 'NONE', *, *, #1750, .F. ) ;
#3481 = AXIS2_PLACEMENT_3D ( 'NONE', #7056, #6996, #2210 ) ;
#3482 = DIRECTION ( 'NONE',  ( 0.000000000000000000, 0.000000000000000000, 1.000000000000000000 ) ) ;
#3483 = ORIENTED_EDGE ( 'NONE', *, *, #3774, .T. ) ;
#3484 = DIRECTION ( 'NONE',  ( 1.000000000000000000, -0.000000000000000000, -0.000000000000000000 ) ) ;
#3485 = EDGE_CURVE ( 'NONE', #4980, #8602, #7496, .T. ) ;
#3486 = VERTEX_POINT ( 'NONE', #2756 ) ;
#3487 = CARTESIAN_POINT ( 'NONE',  ( 10.51999999999999957, 59.18999999999999773, -0.7500000000000001110 ) ) ;
#3488 = DIRECTION ( 'NONE',  ( 1.000000000000000000, 0.000000000000000000, 0.000000000000000000 ) ) ;
#3489 = CARTESIAN_POINT ( 'NONE',  ( -11.99999999999999822, 3.750000000000000888, -9.410333024330023832 ) ) ;
#3490 = VERTEX_POINT ( 'NONE', #2821 ) ;
#3491 = LINE ( 'NONE', #2551, #8028 ) ;
#3492 = EDGE_LOOP ( 'NONE', ( #2562, #569, #4246, #180 ) ) ;
#3493 = ADVANCED_FACE ( 'NONE', ( #5546 ), #4833, .F. ) ;
#3494 = CARTESIAN_POINT ( 'NONE',  ( 12.75000000000000000, 41.00999999999999801, -0.9687499999999992228 ) ) ;
#3495 = CARTESIAN_POINT ( 'NONE',  ( 11.99999999999999822, 24.70999999999999730, -0.7499999999999972244 ) ) ;
#3496 = ORIENTED_EDGE ( 'NONE', *, *, #4557, .T. ) ;
#3497 = CYLINDRICAL_SURFACE ( 'NONE', #6665, 0.1562499999999979461 ) ;
#3498 = EDGE_CURVE ( 'NONE', #6616, #8813, #10331, .T. ) ;
#3499 = CARTESIAN_POINT ( 'NONE',  ( -11.99999999999999822, 54.50999999999998380, -0.9687499999999974465 ) ) ;
#3500 = ORIENTED_EDGE ( 'NONE', *, *, #2442, .T. ) ;
#3501 = AXIS2_PLACEMENT_3D ( 'NONE', #11708, #3079, #2017 ) ;
#3502 = FACE_OUTER_BOUND ( 'NONE', #11740, .T. ) ;
#3503 = LINE ( 'NONE', #11201, #5976 ) ;
#3504 = ORIENTED_EDGE ( 'NONE', *, *, #7986, .T. ) ;
#3505 =( NAMED_UNIT ( * ) SI_UNIT ( $, .STERADIAN. ) SOLID_ANGLE_UNIT ( ) );
#3506 = DIRECTION ( 'NONE',  ( 0.000000000000000000, 1.000000000000000000, 0.000000000000000000 ) ) ;
#3507 = AXIS2_PLACEMENT_3D ( 'NONE', #11046, #11173, #1594 ) ;
#3508 = AXIS2_PLACEMENT_3D ( 'NONE', #11376, #9425, #1613 ) ;
#3509 = CARTESIAN_POINT ( 'NONE',  ( 1.739999999999997327, 57.99999999999999289, -0.7500000000000001110 ) ) ;
#3510 = ORIENTED_EDGE ( 'NONE', *, *, #9684, .F. ) ;
#3511 = AXIS2_PLACEMENT_3D ( 'NONE', #3837, #1072, #7690 ) ;
#3512 = EDGE_CURVE ( 'NONE', #5618, #9914, #4589, .T. ) ;
#3513 = EDGE_LOOP ( 'NONE', ( #4670, #9241, #6846, #2397 ) ) ;
#3514 = DIRECTION ( 'NONE',  ( -1.000000000000000000, 0.000000000000000000, -0.000000000000000000 ) ) ;
#3515 = FACE_BOUND ( 'NONE', #861, .T. ) ;
#3516 = LINE ( 'NONE', #6611, #712 ) ;
#3517 = CIRCLE ( 'NONE', #6544, 0.1718500000000005301 ) ;
#3518 = CARTESIAN_POINT ( 'NONE',  ( -11.00000000000000000, 57.50999999999999091, -1.124999999999997113 ) ) ;
#3519 = AXIS2_PLACEMENT_3D ( 'NONE', #7758, #9903, #2897 ) ;
#3520 = DIRECTION ( 'NONE',  ( 1.000000000000000000, -0.000000000000000000, -0.000000000000000000 ) ) ;
#3521 = CARTESIAN_POINT ( 'NONE',  ( 11.99999999999999822, 38.00999999999999091, -1.124999999999997113 ) ) ;
#3522 = ORIENTED_EDGE ( 'NONE', *, *, #10582, .T. ) ;
#3523 = MECHANICAL_DESIGN_GEOMETRIC_PRESENTATION_REPRESENTATION (  '', ( #6943 ), #12180 ) ;
#3524 = DIRECTION ( 'NONE',  ( 0.000000000000000000, 0.000000000000000000, 1.000000000000000000 ) ) ;
#3525 = VERTEX_POINT ( 'NONE', #4650 ) ;
#3526 = VERTEX_POINT ( 'NONE', #1698 ) ;
#3527 = DIRECTION ( 'NONE',  ( 0.000000000000000000, 0.000000000000000000, -1.000000000000000000 ) ) ;
#3528 = VECTOR ( 'NONE', #2811, 39.37007874015748143 ) ;
#3529 = CIRCLE ( 'NONE', #3933, 0.1562499999999978073 ) ;
#3530 = EDGE_CURVE ( 'NONE', #6703, #1311, #5791, .T. ) ;
#3531 = ORIENTED_EDGE ( 'NONE', *, *, #7421, .F. ) ;
#3532 = FACE_OUTER_BOUND ( 'NONE', #11432, .T. ) ;
#3533 = DIRECTION ( 'NONE',  ( 1.000000000000000000, -0.000000000000000000, -0.000000000000000000 ) ) ;
#3534 = DIRECTION ( 'NONE',  ( 1.000000000000000000, 0.000000000000000000, 0.000000000000000000 ) ) ;
#3535 = DIRECTION ( 'NONE',  ( 0.000000000000000000, 0.000000000000000000, 1.000000000000000000 ) ) ;
#3536 = VERTEX_POINT ( 'NONE', #6485 ) ;
#3537 = CARTESIAN_POINT ( 'NONE',  ( -12.75000000000000000, 27.50999999999998735, -0.9687499999999994449 ) ) ;
#3538 = CARTESIAN_POINT ( 'NONE',  ( -11.26000000000000156, 13.74000000000000199, 0.000000000000000000 ) ) ;
#3539 = CYLINDRICAL_SURFACE ( 'NONE', #11134, 0.1562499999999979461 ) ;
#3540 = ORIENTED_EDGE ( 'NONE', *, *, #12054, .F. ) ;
#3541 = CIRCLE ( 'NONE', #1335, 0.1562499999999990563 ) ;
#3542 = ORIENTED_EDGE ( 'NONE', *, *, #10091, .T. ) ;
#3543 = LINE ( 'NONE', #10357, #3889 ) ;
#3544 =( NAMED_UNIT ( * ) PLANE_ANGLE_UNIT ( ) SI_UNIT ( $, .RADIAN. ) );
#3545 = EDGE_CURVE ( 'NONE', #4786, #4738, #750, .T. ) ;
#3546 = EDGE_LOOP ( 'NONE', ( #6716, #8798, #11960, #7730 ) ) ;
#3547 = CARTESIAN_POINT ( 'NONE',  ( -0.3750000000000027200, 69.23000000000000398, -0.5000000000000001110 ) ) ;
#3548 = AXIS2_PLACEMENT_3D ( 'NONE', #1639, #3397, #7249 ) ;
#3549 = EDGE_LOOP ( 'NONE', ( #12135, #10385, #4751, #5273 ) ) ;
#3550 = CARTESIAN_POINT ( 'NONE',  ( 12.75000000000000000, 47.00999999999999091, -1.281249999999996447 ) ) ;
#3551 = ORIENTED_EDGE ( 'NONE', *, *, #11021, .T. ) ;
#3552 = CARTESIAN_POINT ( 'NONE',  ( -11.42850329373635709, 51.66624999999999091, -1.138497414045411160 ) ) ;
#3553 = FACE_OUTER_BOUND ( 'NONE', #10402, .T. ) ;
#3554 = AXIS2_PLACEMENT_3D ( 'NONE', #6231, #11017, #8998 ) ;
#3555 = CARTESIAN_POINT ( 'NONE',  ( 11.43185000000000251, 21.71999999999999886, -2.250000000000000444 ) ) ;
#3556 = FACE_OUTER_BOUND ( 'NONE', #4871, .T. ) ;
#3557 = EDGE_CURVE ( 'NONE', #6739, #10662, #5669, .T. ) ;
#3558 = ADVANCED_FACE ( 'NONE', ( #9641 ), #12273, .F. ) ;
#3559 = VERTEX_POINT ( 'NONE', #816 ) ;
#3560 = CARTESIAN_POINT ( 'NONE',  ( 11.99999999999999822, 36.50999999999999091, -1.124999999999997113 ) ) ;
#3561 = VECTOR ( 'NONE', #7194, 39.37007874015748143 ) ;
#3562 = DIRECTION ( 'NONE',  ( -0.000000000000000000, -1.000000000000000000, -0.000000000000000000 ) ) ;
#3563 = VERTEX_POINT ( 'NONE', #6550 ) ;
#3564 = DIRECTION ( 'NONE',  ( 0.000000000000000000, -1.000000000000000000, 0.000000000000000000 ) ) ;
#3565 = DIRECTION ( 'NONE',  ( 0.000000000000000000, 0.000000000000000000, -1.000000000000000000 ) ) ;
#3566 = CARTESIAN_POINT ( 'NONE',  ( -11.99999999999999822, 53.00999999999999091, -1.281249999999996447 ) ) ;
#3567 = DIRECTION ( 'NONE',  ( -1.000000000000000000, -0.000000000000000000, -0.000000000000000000 ) ) ;
#3568 = ORIENTED_EDGE ( 'NONE', *, *, #11124, .F. ) ;
#3569 = PLANE ( 'NONE',  #7711 ) ;
#3570 = CARTESIAN_POINT ( 'NONE',  ( 10.51999999999999247, 4.500000000000002665, 8.589666975669972615 ) ) ;
#3571 = CARTESIAN_POINT ( 'NONE',  ( 11.00000000000000000, 56.00999999999999091, -0.9687499999999992228 ) ) ;
#3572 = ADVANCED_FACE ( 'NONE', ( #7557 ), #10515, .F. ) ;
#3573 = ORIENTED_EDGE ( 'NONE', *, *, #11757, .T. ) ;
#3574 = VERTEX_POINT ( 'NONE', #12334 ) ;
#3575 = LINE ( 'NONE', #10575, #12065 ) ;
#3576 = LINE ( 'NONE', #11026, #7064 ) ;
#3577 = DIRECTION ( 'NONE',  ( 0.000000000000000000, 0.000000000000000000, -1.000000000000000000 ) ) ;
#3578 = CIRCLE ( 'NONE', #7814, 0.1718500000000005301 ) ;
#3579 = DIRECTION ( 'NONE',  ( 0.000000000000000000, 0.000000000000000000, 1.000000000000000000 ) ) ;
#3580 = FACE_BOUND ( 'NONE', #10643, .T. ) ;
#3581 = LINE ( 'NONE', #3646, #6775 ) ;
#3582 = ORIENTED_EDGE ( 'NONE', *, *, #10610, .F. ) ;
#3583 = EDGE_CURVE ( 'NONE', #9315, #200, #9497, .T. ) ;
#3584 =( CONVERSION_BASED_UNIT ( 'INCH', #947 ) LENGTH_UNIT ( ) NAMED_UNIT ( #5909 ) );
#3585 = EDGE_CURVE ( 'NONE', #5564, #10013, #1001, .T. ) ;
#3586 = ORIENTED_EDGE ( 'NONE', *, *, #11679, .T. ) ;
#3587 = VERTEX_POINT ( 'NONE', #12455 ) ;
#3588 = DIRECTION ( 'NONE',  ( 1.000000000000000000, -0.000000000000000000, -0.000000000000000000 ) ) ;
#3589 = CIRCLE ( 'NONE', #2582, 0.1718500000000005301 ) ;
#3590 = EDGE_CURVE ( 'NONE', #2813, #4003, #879, .T. ) ;
#3591 = AXIS2_PLACEMENT_3D ( 'NONE', #7299, #742, #4519 ) ;
#3592 = ORIENTED_EDGE ( 'NONE', *, *, #9809, .T. ) ;
#3593 = LINE ( 'NONE', #699, #9857 ) ;
#3594 = FACE_OUTER_BOUND ( 'NONE', #352, .T. ) ;
#3595 = CARTESIAN_POINT ( 'NONE',  ( -11.99999999999999822, 47.00999999999999091, -0.9687499999999976685 ) ) ;
#3596 = CARTESIAN_POINT ( 'NONE',  ( -11.00000000000000000, 50.00999999999999091, -1.124999999999997113 ) ) ;
#3597 = DIRECTION ( 'NONE',  ( 0.000000000000000000, 0.000000000000000000, -1.000000000000000000 ) ) ;
#3598 = ORIENTED_EDGE ( 'NONE', *, *, #603, .T. ) ;
#3599 = FACE_OUTER_BOUND ( 'NONE', #9422, .T. ) ;
#3600 = DIRECTION ( 'NONE',  ( 0.000000000000000000, 0.000000000000000000, -1.000000000000000000 ) ) ;
#3601 = VECTOR ( 'NONE', #4228, 39.37007874015748143 ) ;
#3602 = DIRECTION ( 'NONE',  ( 0.000000000000000000, 1.000000000000000000, 0.000000000000000000 ) ) ;
#3603 = EDGE_LOOP ( 'NONE', ( #965, #4796, #8857, #6232 ) ) ;
#3604 = AXIS2_PLACEMENT_3D ( 'NONE', #6462, #7720, #10555 ) ;
#3605 = ADVANCED_FACE ( 'NONE', ( #7618 ), #4775, .F. ) ;
#3606 = ORIENTED_EDGE ( 'NONE', *, *, #8643, .F. ) ;
#3607 = LINE ( 'NONE', #8332, #10344 ) ;
#3608 = EDGE_LOOP ( 'NONE', ( #7024, #4865, #3573, #110 ) ) ;
#3609 = VERTEX_POINT ( 'NONE', #3830 ) ;
#3610 = VECTOR ( 'NONE', #2145, 39.37007874015748143 ) ;
#3611 = LINE ( 'NONE', #3362, #9653 ) ;
#3612 = DIRECTION ( 'NONE',  ( 0.000000000000000000, -0.000000000000000000, 1.000000000000000000 ) ) ;
#3613 = ORIENTED_EDGE ( 'NONE', *, *, #9443, .T. ) ;
#3614 = DIRECTION ( 'NONE',  ( -1.000000000000000000, 0.000000000000000000, 0.000000000000000000 ) ) ;
#3615 = DIRECTION ( 'NONE',  ( 0.000000000000000000, 0.000000000000000000, -1.000000000000000000 ) ) ;
#3616 = ORIENTED_EDGE ( 'NONE', *, *, #11223, .F. ) ;
#3617 = EDGE_CURVE ( 'NONE', #3960, #10986, #11519, .T. ) ;
#3618 = FACE_OUTER_BOUND ( 'NONE', #430, .T. ) ;
#3619 = VECTOR ( 'NONE', #814, 39.37007874015748143 ) ;
#3620 = AXIS2_PLACEMENT_3D ( 'NONE', #5868, #3785, #2900 ) ;
#3621 = CARTESIAN_POINT ( 'NONE',  ( 11.99999999999999822, 59.18999999999999773, -0.7500000000000001110 ) ) ;
#3622 = ORIENTED_EDGE ( 'NONE', *, *, #4748, .T. ) ;
#3623 = CARTESIAN_POINT ( 'NONE',  ( 10.51999999999999957, 59.18999999999999773, -1.500000000000000222 ) ) ;
#3624 = ORIENTED_EDGE ( 'NONE', *, *, #4785, .F. ) ;
#3625 = DIRECTION ( 'NONE',  ( 0.000000000000000000, -0.000000000000000000, 1.000000000000000000 ) ) ;
#3626 = LINE ( 'NONE', #7480, #7538 ) ;
#3627 = ADVANCED_FACE ( 'NONE', ( #7866 ), #9950, .F. ) ;
#3628 = DIRECTION ( 'NONE',  ( -0.000000000000000000, -1.000000000000000000, -0.000000000000000000 ) ) ;
#3629 = ADVANCED_FACE ( 'NONE', ( #11697 ), #7038, .F. ) ;
#3630 = CARTESIAN_POINT ( 'NONE',  ( -11.99999999999999822, 27.50999999999998735, -1.124999999999997113 ) ) ;
#3631 = VERTEX_POINT ( 'NONE', #2069 ) ;
#3632 = CARTESIAN_POINT ( 'NONE',  ( 10.51999999999999247, 3.000000000000003109, 8.589666975669972615 ) ) ;
#3633 = VECTOR ( 'NONE', #8062, 39.37007874015748143 ) ;
#3634 = CARTESIAN_POINT ( 'NONE',  ( -11.26000000000000156, 51.69999999999999574, -2.250000000000000444 ) ) ;
#3635 = DIRECTION ( 'NONE',  ( 0.000000000000000000, 0.000000000000000000, -1.000000000000000000 ) ) ;
#3636 = ORIENTED_EDGE ( 'NONE', *, *, #8603, .F. ) ;
#3637 =( NAMED_UNIT ( * ) SI_UNIT ( $, .STERADIAN. ) SOLID_ANGLE_UNIT ( ) );
#3638 = ORIENTED_EDGE ( 'NONE', *, *, #10509, .F. ) ;
#3639 = CARTESIAN_POINT ( 'NONE',  ( 11.99999999999999822, 52.18999999999999773, -1.499999999999993561 ) ) ;
#3640 = FACE_BOUND ( 'NONE', #4989, .T. ) ;
#3641 = VECTOR ( 'NONE', #5734, 39.37007874015748143 ) ;
#3642 = DIRECTION ( 'NONE',  ( 0.000000000000000000, 0.000000000000000000, -1.000000000000000000 ) ) ;
#3643 = CARTESIAN_POINT ( 'NONE',  ( 11.43185000000000251, 21.71999999999999886, 0.000000000000000000 ) ) ;
#3644 = LINE ( 'NONE', #7623, #7346 ) ;
#3645 = ADVANCED_FACE ( 'NONE', ( #8048 ), #4071, .T. ) ;
#3646 = CARTESIAN_POINT ( 'NONE',  ( -12.00000000000000355, 25.76999999999998181, -9.184850993605266767E-17 ) ) ;
#3647 = ORIENTED_EDGE ( 'NONE', *, *, #8626, .F. ) ;
#3648 = CARTESIAN_POINT ( 'NONE',  ( -11.99999999999999822, 32.00999999999999091, -1.281249999999994893 ) ) ;
#3649 = VERTEX_POINT ( 'NONE', #3194 ) ;
#3650 =( GEOMETRIC_REPRESENTATION_CONTEXT ( 3 ) GLOBAL_UNCERTAINTY_ASSIGNED_CONTEXT ( ( #4920 ) ) GLOBAL_UNIT_ASSIGNED_CONTEXT ( ( #6023, #985, #222 ) ) REPRESENTATION_CONTEXT ( 'NONE', 'WORKASPACE' ) );
#3651 = CARTESIAN_POINT ( 'NONE',  ( -12.00000000000000355, 25.01999999999998536, 0.000000000000000000 ) ) ;
#3652 = AXIS2_PLACEMENT_3D ( 'NONE', #6598, #10439, #9369 ) ;
#3653 = ORIENTED_EDGE ( 'NONE', *, *, #1744, .F. ) ;
#3654 = DIRECTION ( 'NONE',  ( -2.913971193241881161E-15, -1.000000000000000000, 0.000000000000000000 ) ) ;
#3655 = ADVANCED_FACE ( 'NONE', ( #2190 ), #8929, .F. ) ;
#3656 = EDGE_CURVE ( 'NONE', #8136, #9086, #10822, .T. ) ;
#3657 = DIRECTION ( 'NONE',  ( -0.000000000000000000, -1.000000000000000000, -0.000000000000000000 ) ) ;
#3658 = DIRECTION ( 'NONE',  ( -0.000000000000000000, -0.000000000000000000, 1.000000000000000000 ) ) ;
#3659 = SURFACE_SIDE_STYLE ('',( #956 ) ) ;
#3660 = VECTOR ( 'NONE', #8716, 39.37007874015748143 ) ;
#3661 = CARTESIAN_POINT ( 'NONE',  ( 12.75000000000000000, 32.00999999999999091, -1.124999999999997113 ) ) ;
#3662 = ORIENTED_EDGE ( 'NONE', *, *, #8515, .T. ) ;
#3663 = CARTESIAN_POINT ( 'NONE',  ( -12.00000000000000178, 3.750000000000000000, -9.410333024330023832 ) ) ;
#3664 = EDGE_CURVE ( 'NONE', #4167, #6478, #2006, .T. ) ;
#3665 = CARTESIAN_POINT ( 'NONE',  ( 0.000000000000000000, 0.000000000000000000, 8.589666975669972615 ) ) ;
#3666 = ORIENTED_EDGE ( 'NONE', *, *, #10894, .F. ) ;
#3667 = ORIENTED_EDGE ( 'NONE', *, *, #10456, .F. ) ;
#3668 = UNCERTAINTY_MEASURE_WITH_UNIT (LENGTH_MEASURE( 1.000000000000000082E-05 ), #6475, 'distance_accuracy_value', 'NONE');
#3669 = CARTESIAN_POINT ( 'NONE',  ( -11.00000000000000000, 57.50999999999999091, -1.124999999999997113 ) ) ;
#3670 = EDGE_LOOP ( 'NONE', ( #1379, #11385 ) ) ;
#3671 = AXIS2_PLACEMENT_3D ( 'NONE', #71, #1840, #3783 ) ;
#3672 = AXIS2_PLACEMENT_3D ( 'NONE', #119, #4840, #2950 ) ;
#3673 = ORIENTED_EDGE ( 'NONE', *, *, #8445, .T. ) ;
#3674 = CARTESIAN_POINT ( 'NONE',  ( -11.00000000000000000, 45.50999999999999091, -1.124999999999997113 ) ) ;
#3675 = ADVANCED_FACE ( 'NONE', ( #8992 ), #3068, .F. ) ;
#3676 = PRESENTATION_STYLE_ASSIGNMENT (( #4436 ) ) ;
#3677 = VERTEX_POINT ( 'NONE', #6039 ) ;
#3678 = CARTESIAN_POINT ( 'NONE',  ( -11.99999999999999822, 53.00999999999999091, -0.9687499999999976685 ) ) ;
#3679 = CARTESIAN_POINT ( 'NONE',  ( 12.75000000000000000, 29.25000000000000000, 0.000000000000000000 ) ) ;
#3680 = EDGE_LOOP ( 'NONE', ( #11836, #9839, #3737, #4469 ) ) ;
#3681 = AXIS2_PLACEMENT_3D ( 'NONE', #2439, #11951, #4328 ) ;
#3682 = DIRECTION ( 'NONE',  ( 0.000000000000000000, -0.000000000000000000, -1.000000000000000000 ) ) ;
#3683 = VECTOR ( 'NONE', #12144, 39.37007874015748143 ) ;
#3684 = FACE_OUTER_BOUND ( 'NONE', #10461, .T. ) ;
#3685 = VERTEX_POINT ( 'NONE', #6104 ) ;
#3686 = CIRCLE ( 'NONE', #10738, 0.1718500000000005301 ) ;
#3687 = ADVANCED_FACE ( 'NONE', ( #9702 ), #5978, .F. ) ;
#3688 = DIRECTION ( 'NONE',  ( 0.000000000000000000, -0.000000000000000000, -1.000000000000000000 ) ) ;
#3689 =( LENGTH_UNIT ( ) NAMED_UNIT ( * ) SI_UNIT ( $, .METRE. ) );
#3690 = ORIENTED_EDGE ( 'NONE', *, *, #11140, .F. ) ;
#3691 = CARTESIAN_POINT ( 'NONE',  ( -10.51999999999999957, 48.71000000000000085, -1.500000000000000222 ) ) ;
#3692 = DIRECTION ( 'NONE',  ( 1.000000000000000000, 0.000000000000000000, 0.000000000000000000 ) ) ;
#3693 = DIRECTION ( 'NONE',  ( 0.000000000000000000, 0.000000000000000000, 1.000000000000000000 ) ) ;
#3694 = LINE ( 'NONE', #3879, #2951 ) ;
#3695 = ORIENTED_EDGE ( 'NONE', *, *, #6821, .F. ) ;
#3696 = VECTOR ( 'NONE', #8703, 39.37007874015748143 ) ;
#3697 = SURFACE_SIDE_STYLE ('',( #12388 ) ) ;
#3698 = LINE ( 'NONE', #3825, #5219 ) ;
#3699 = CARTESIAN_POINT ( 'NONE',  ( -11.43185000000000251, 11.24000000000000199, -1.500000000000000222 ) ) ;
#3700 = VERTEX_POINT ( 'NONE', #1063 ) ;
#3701 = CARTESIAN_POINT ( 'NONE',  ( -1.740000000000002656, 29.24999999999999289, -0.7500000000000001110 ) ) ;
#3702 = EDGE_CURVE ( 'NONE', #8317, #11310, #6849, .T. ) ;
#3703 = EDGE_CURVE ( 'NONE', #10603, #3283, #112, .T. ) ;
#3704 = CARTESIAN_POINT ( 'NONE',  ( -3.220000000000002416, 57.99999999999999289, 0.7500000000000001110 ) ) ;
#3705 = AXIS2_PLACEMENT_3D ( 'NONE', #8708, #10664, #6937 ) ;
#3706 = DIRECTION ( 'NONE',  ( -1.000000000000000000, 0.000000000000000000, -0.000000000000000000 ) ) ;
#3707 = PLANE ( 'NONE',  #518 ) ;
#3708 = LINE ( 'NONE', #8683, #12124 ) ;
#3709 = DIRECTION ( 'NONE',  ( 0.000000000000000000, 0.000000000000000000, -1.000000000000000000 ) ) ;
#3710 = CARTESIAN_POINT ( 'NONE',  ( 12.75000000000000000, 33.50999999999999091, -1.124999999999997113 ) ) ;
#3711 = ORIENTED_EDGE ( 'NONE', *, *, #4154, .F. ) ;
#3712 = VECTOR ( 'NONE', #2472, 39.37007874015748143 ) ;
#3713 = LINE ( 'NONE', #10338, #1871 ) ;
#3714 = PRESENTATION_LAYER_ASSIGNMENT (  '', '', ( #7338 ) ) ;
#3715 = VECTOR ( 'NONE', #8058, 39.37007874015748143 ) ;
#3716 = ORIENTED_EDGE ( 'NONE', *, *, #10832, .T. ) ;
#3717 = CARTESIAN_POINT ( 'NONE',  ( 12.75000000000000000, 48.50999999999999091, -0.9687499999999992228 ) ) ;
#3718 = ADVANCED_FACE ( 'NONE', ( #7801 ), #9767, .F. ) ;
#3719 = EDGE_LOOP ( 'NONE', ( #8612, #12112, #2910, #1460 ) ) ;
#3720 = EDGE_CURVE ( 'NONE', #8953, #8766, #4958, .T. ) ;
#3721 = LINE ( 'NONE', #12408, #3208 ) ;
#3722 = AXIS2_PLACEMENT_3D ( 'NONE', #1387, #10155, #506 ) ;
#3723 = CARTESIAN_POINT ( 'NONE',  ( 11.99999999999999822, 21.22999999999999687, -0.7499999999999974465 ) ) ;
#3724 = CARTESIAN_POINT ( 'NONE',  ( 11.99999999999999822, 21.22999999999999687, -2.249999999999997780 ) ) ;
#3725 =( NAMED_UNIT ( * ) PLANE_ANGLE_UNIT ( ) SI_UNIT ( $, .RADIAN. ) );
#3726 = FACE_OUTER_BOUND ( 'NONE', #59, .T. ) ;
#3727 = ORIENTED_EDGE ( 'NONE', *, *, #3204, .T. ) ;
#3728 = LINE ( 'NONE', #3537, #8452 ) ;
#3729 = CARTESIAN_POINT ( 'NONE',  ( 11.26000000000000156, 24.21999999999999531, -0.7499999999999972244 ) ) ;
#3730 = CARTESIAN_POINT ( 'NONE',  ( 12.75000000000000000, 35.00999999999999091, -1.124999999999997113 ) ) ;
#3731 = VERTEX_POINT ( 'NONE', #11824 ) ;
#3732 = EDGE_LOOP ( 'NONE', ( #4305, #7266, #8649, #8104 ) ) ;
#3733 = EDGE_LOOP ( 'NONE', ( #8069, #5499, #12163, #5196 ) ) ;
#3734 = VECTOR ( 'NONE', #9452, 39.37007874015748143 ) ;
#3735 = DIRECTION ( 'NONE',  ( -1.000000000000000000, -0.000000000000000000, -0.000000000000000000 ) ) ;
#3736 = VERTEX_POINT ( 'NONE', #4009 ) ;
#3737 = ORIENTED_EDGE ( 'NONE', *, *, #7218, .T. ) ;
#3738 = EDGE_CURVE ( 'NONE', #6303, #6739, #8868, .T. ) ;
#3739 = DIRECTION ( 'NONE',  ( -0.000000000000000000, -0.000000000000000000, 1.000000000000000000 ) ) ;
#3740 = AXIS2_PLACEMENT_3D ( 'NONE', #10128, #9042, #2364 ) ;
#3741 = ORIENTED_EDGE ( 'NONE', *, *, #10962, .T. ) ;
#3742 = CIRCLE ( 'NONE', #8740, 0.1015624999999996114 ) ;
#3743 = CARTESIAN_POINT ( 'NONE',  ( -11.99999999999999822, 50.00999999999999091, -1.124999999999997113 ) ) ;
#3744 = DIRECTION ( 'NONE',  ( 0.000000000000000000, 0.000000000000000000, 1.000000000000000000 ) ) ;
#3745 = ORIENTED_EDGE ( 'NONE', *, *, #3348, .T. ) ;
#3746 = DIRECTION ( 'NONE',  ( -1.000000000000000000, 0.000000000000000000, -0.000000000000000000 ) ) ;
#3747 = EDGE_CURVE ( 'NONE', #3574, #3398, #8881, .T. ) ;
#3748 = EDGE_CURVE ( 'NONE', #5329, #6419, #3442, .T. ) ;
#3749 = CARTESIAN_POINT ( 'NONE',  ( 3.219999999999996643, 55.50000000000000000, 0.7500000000000001110 ) ) ;
#3750 = CIRCLE ( 'NONE', #6379, 0.1562499999999976963 ) ;
#3751 = ORIENTED_EDGE ( 'NONE', *, *, #4667, .F. ) ;
#3752 = PLANE ( 'NONE',  #9063 ) ;
#3753 = PRESENTATION_STYLE_ASSIGNMENT (( #4571 ) ) ;
#3754 = ORIENTED_EDGE ( 'NONE', *, *, #7145, .F. ) ;
#3755 = FACE_OUTER_BOUND ( 'NONE', #11823, .T. ) ;
#3756 = ORIENTED_EDGE ( 'NONE', *, *, #11095, .F. ) ;
#3757 = VECTOR ( 'NONE', #5786, 39.37007874015748143 ) ;
#3758 = DIRECTION ( 'NONE',  ( 1.000000000000000000, 0.000000000000000000, 0.000000000000000000 ) ) ;
#3759 = CARTESIAN_POINT ( 'NONE',  ( 1.739999999999997327, 57.99999999999999289, 0.000000000000000000 ) ) ;
#3760 = VERTEX_POINT ( 'NONE', #5408 ) ;
#3761 = LINE ( 'NONE', #2061, #2272 ) ;
#3762 = ADVANCED_FACE ( 'NONE', ( #9242, #1620 ), #3497, .F. ) ;
#3763 = CARTESIAN_POINT ( 'NONE',  ( 11.00000000000000000, 47.00999999999999091, -1.281249999999996447 ) ) ;
#3764 = ORIENTED_EDGE ( 'NONE', *, *, #1104, .T. ) ;
#3765 =( CONVERSION_BASED_UNIT ( 'INCH', #12208 ) LENGTH_UNIT ( ) NAMED_UNIT ( #4133 ) );
#3766 = CARTESIAN_POINT ( 'NONE',  ( 1.739999999999997327, 29.24999999999999289, 0.000000000000000000 ) ) ;
#3767 = DIRECTION ( 'NONE',  ( 1.000000000000000000, 0.000000000000000000, 0.000000000000000000 ) ) ;
#3768 = DIRECTION ( 'NONE',  ( 0.000000000000000000, 0.000000000000000000, 1.000000000000000000 ) ) ;
#3769 = CARTESIAN_POINT ( 'NONE',  ( 11.26000000000000156, 21.71999999999999886, 0.000000000000000000 ) ) ;
#3770 = PLANE ( 'NONE',  #4129 ) ;
#3771 = CARTESIAN_POINT ( 'NONE',  ( -11.43185000000000251, 49.19999999999999574, -1.499999999999993783 ) ) ;
#3772 = ORIENTED_EDGE ( 'NONE', *, *, #689, .F. ) ;
#3773 = DIRECTION ( 'NONE',  ( -0.000000000000000000, -0.000000000000000000, -1.000000000000000000 ) ) ;
#3774 = EDGE_CURVE ( 'NONE', #9205, #748, #4390, .T. ) ;
#3775 = DIRECTION ( 'NONE',  ( 0.000000000000000000, -7.850137912828339862E-17, 1.000000000000000000 ) ) ;
#3776 = FACE_OUTER_BOUND ( 'NONE', #5530, .T. ) ;
#3777 = EDGE_LOOP ( 'NONE', ( #1118, #10269, #1890, #7564 ) ) ;
#3778 = CARTESIAN_POINT ( 'NONE',  ( 3.219999999999996643, 57.99999999999999289, 0.000000000000000000 ) ) ;
#3779 = VECTOR ( 'NONE', #8381, 39.37007874015748143 ) ;
#3780 = DIRECTION ( 'NONE',  ( 0.000000000000000000, -1.000000000000000000, 0.000000000000000000 ) ) ;
#3781 = CARTESIAN_POINT ( 'NONE',  ( -11.26000000000000156, 21.71999999999999886, 0.000000000000000000 ) ) ;
#3782 = DIRECTION ( 'NONE',  ( -0.000000000000000000, -1.000000000000000000, -0.000000000000000000 ) ) ;
#3783 = DIRECTION ( 'NONE',  ( 1.000000000000000000, 0.000000000000000000, 0.000000000000000000 ) ) ;
#3784 = ORIENTED_EDGE ( 'NONE', *, *, #938, .F. ) ;
#3785 = DIRECTION ( 'NONE',  ( -0.000000000000000000, -0.000000000000000000, 1.000000000000000000 ) ) ;
#3786 = DIRECTION ( 'NONE',  ( 0.000000000000000000, -7.850137912828339862E-17, 1.000000000000000000 ) ) ;
#3787 = CARTESIAN_POINT ( 'NONE',  ( -11.99999999999999822, 57.50999999999999091, -1.281249999999994893 ) ) ;
#3788 = EDGE_LOOP ( 'NONE', ( #7540, #10874, #5967, #3522 ) ) ;
#3789 = EDGE_CURVE ( 'NONE', #2538, #2151, #623, .T. ) ;
#3790 = ORIENTED_EDGE ( 'NONE', *, *, #10494, .F. ) ;
#3791 = EDGE_CURVE ( 'NONE', #4511, #9655, #2234, .T. ) ;
#3792 = VECTOR ( 'NONE', #10571, 39.37007874015748143 ) ;
#3793 = ORIENTED_EDGE ( 'NONE', *, *, #7405, .F. ) ;
#3794 = UNCERTAINTY_MEASURE_WITH_UNIT (LENGTH_MEASURE( 1.000000000000000082E-05 ), #9295, 'distance_accuracy_value', 'NONE');
#3795 = LINE ( 'NONE', #6702, #10153 ) ;
#3796 = EDGE_LOOP ( 'NONE', ( #9677, #387 ) ) ;
#3797 = ORIENTED_EDGE ( 'NONE', *, *, #4430, .T. ) ;
#3798 = CARTESIAN_POINT ( 'NONE',  ( 11.99999999999999822, 42.50999999999999801, -1.281249999999994893 ) ) ;
#3799 = AXIS2_PLACEMENT_3D ( 'NONE', #11808, #2233, #9931 ) ;
#3800 = VECTOR ( 'NONE', #9758, 39.37007874015748143 ) ;
#3801 = DIRECTION ( 'NONE',  ( 1.000000000000000000, 0.000000000000000000, 0.000000000000000000 ) ) ;
#3802 = ORIENTED_EDGE ( 'NONE', *, *, #11443, .F. ) ;
#3803 = LINE ( 'NONE', #3550, #10311 ) ;
#3804 = CARTESIAN_POINT ( 'NONE',  ( -11.11135568701299547, 51.61358298563022373, -1.007861877998192046 ) ) ;
#3805 = ORIENTED_EDGE ( 'NONE', *, *, #4256, .T. ) ;
#3806 = DIRECTION ( 'NONE',  ( -1.000000000000000000, -0.000000000000000000, -0.000000000000000000 ) ) ;
#3807 = EDGE_CURVE ( 'NONE', #10323, #9522, #11948, .T. ) ;
#3808 = CIRCLE ( 'NONE', #8442, 0.1562499999999979461 ) ;
#3809 = AXIS2_PLACEMENT_3D ( 'NONE', #1475, #1601, #11239 ) ;
#3810 = SURFACE_SIDE_STYLE ('',( #859 ) ) ;
#3811 = EDGE_LOOP ( 'NONE', ( #1851, #2527, #885, #2355 ) ) ;
#3812 = CARTESIAN_POINT ( 'NONE',  ( 0.000000000000000000, 0.000000000000000000, 8.589666975669972615 ) ) ;
#3813 = EDGE_CURVE ( 'NONE', #1333, #419, #4243, .T. ) ;
#3814 =( LENGTH_UNIT ( ) NAMED_UNIT ( * ) SI_UNIT ( $, .METRE. ) );
#3815 = EDGE_CURVE ( 'NONE', #3934, #3609, #10890, .T. ) ;
#3816 = ORIENTED_EDGE ( 'NONE', *, *, #12291, .F. ) ;
#3817 = DIRECTION ( 'NONE',  ( 0.000000000000000000, 0.000000000000000000, -1.000000000000000000 ) ) ;
#3818 = AXIS2_PLACEMENT_3D ( 'NONE', #11695, #8926, #111 ) ;
#3819 = ORIENTED_EDGE ( 'NONE', *, *, #3617, .F. ) ;
#3820 = FACE_OUTER_BOUND ( 'NONE', #12416, .T. ) ;
#3821 = ADVANCED_FACE ( 'NONE', ( #9182, #8291, #5469, #609, #10078 ), #1559, .F. ) ;
#3822 = CARTESIAN_POINT ( 'NONE',  ( -11.99999999999999822, 59.18999999999999773, -0.7500000000000001110 ) ) ;
#3823 = ORIENTED_EDGE ( 'NONE', *, *, #2889, .T. ) ;
#3824 = CARTESIAN_POINT ( 'NONE',  ( 0.000000000000000000, 22.51999999999998181, 0.000000000000000000 ) ) ;
#3825 = CARTESIAN_POINT ( 'NONE',  ( -1.740000000000002656, 57.99999999999999289, -0.7500000000000001110 ) ) ;
#3826 = CIRCLE ( 'NONE', #4227, 0.1562499999999979461 ) ;
#3827 = ORIENTED_EDGE ( 'NONE', *, *, #11008, .F. ) ;
#3828 = DIRECTION ( 'NONE',  ( 0.000000000000000000, 0.000000000000000000, 1.000000000000000000 ) ) ;
#3829 = EDGE_CURVE ( 'NONE', #3305, #9033, #9056, .T. ) ;
#3830 = CARTESIAN_POINT ( 'NONE',  ( 11.00000000000000000, 35.00999999999999091, -0.9687499999999992228 ) ) ;
#3831 = FACE_OUTER_BOUND ( 'NONE', #1255, .T. ) ;
#3832 = DIRECTION ( 'NONE',  ( 0.000000000000000000, 0.000000000000000000, -1.000000000000000000 ) ) ;
#3833 = CARTESIAN_POINT ( 'NONE',  ( 11.99999999999999822, 26.00999999999999091, -0.9687499999999992228 ) ) ;
#3834 = DIRECTION ( 'NONE',  ( 0.000000000000000000, 1.000000000000000000, 0.000000000000000000 ) ) ;
#3835 = ORIENTED_EDGE ( 'NONE', *, *, #8714, .F. ) ;
#3836 = LINE ( 'NONE', #8688, #10435 ) ;
#3837 = CARTESIAN_POINT ( 'NONE',  ( 0.000000000000000000, 54.75000000000000000, 0.000000000000000000 ) ) ;
#3838 = VERTEX_POINT ( 'NONE', #1431 ) ;
#3839 = VECTOR ( 'NONE', #424, 39.37007874015748143 ) ;
#3840 = CARTESIAN_POINT ( 'NONE',  ( -11.99999999999999822, 28.49999999999998579, 3.479999999999999982 ) ) ;
#3841 = ADVANCED_FACE ( 'NONE', ( #6167 ), #8174, .F. ) ;
#3842 = DIRECTION ( 'NONE',  ( -0.000000000000000000, -0.000000000000000000, 1.000000000000000000 ) ) ;
#3843 = DIRECTION ( 'NONE',  ( 0.000000000000000000, 0.000000000000000000, -1.000000000000000000 ) ) ;
#3844 = FACE_OUTER_BOUND ( 'NONE', #7644, .T. ) ;
#3845 = ORIENTED_EDGE ( 'NONE', *, *, #2796, .F. ) ;
#3846 = PLANE ( 'NONE',  #11667 ) ;
#3847 = FACE_OUTER_BOUND ( 'NONE', #7111, .T. ) ;
#3848 = CARTESIAN_POINT ( 'NONE',  ( -0.1015624999999994726, 23.76999999999998536, 0.000000000000000000 ) ) ;
#3849 = EDGE_LOOP ( 'NONE', ( #10549, #658, #7642, #7438 ) ) ;
#3850 = STYLED_ITEM ( 'NONE', ( #7464 ), #9528 ) ;
#3851 = ORIENTED_EDGE ( 'NONE', *, *, #7178, .T. ) ;
#3852 = AXIS2_PLACEMENT_3D ( 'NONE', #8979, #10937, #9102 ) ;
#3853 = VERTEX_POINT ( 'NONE', #10200 ) ;
#3854 = LINE ( 'NONE', #7891, #9561 ) ;
#3855 = ORIENTED_EDGE ( 'NONE', *, *, #6189, .T. ) ;
#3856 = VERTEX_POINT ( 'NONE', #671 ) ;
#3857 = LINE ( 'NONE', #6641, #12444 ) ;
#3858 =( GEOMETRIC_REPRESENTATION_CONTEXT ( 3 ) GLOBAL_UNCERTAINTY_ASSIGNED_CONTEXT ( ( #1149 ) ) GLOBAL_UNIT_ASSIGNED_CONTEXT ( ( #23, #3035, #3920 ) ) REPRESENTATION_CONTEXT ( 'NONE', 'WORKASPACE' ) );
#3859 = EDGE_CURVE ( 'NONE', #9926, #628, #8113, .T. ) ;
#3860 = VECTOR ( 'NONE', #10486, 39.37007874015748143 ) ;
#3861 = EDGE_CURVE ( 'NONE', #8904, #9926, #3378, .T. ) ;
#3862 = LINE ( 'NONE', #85, #10117 ) ;
#3863 = ORIENTED_EDGE ( 'NONE', *, *, #10104, .T. ) ;
#3864 = LINE ( 'NONE', #7961, #44 ) ;
#3865 = CARTESIAN_POINT ( 'NONE',  ( -11.09581574715950048, 51.64912974780797583, -1.053581080607994602 ) ) ;
#3866 = ORIENTED_EDGE ( 'NONE', *, *, #7466, .T. ) ;
#3867 = FACE_OUTER_BOUND ( 'NONE', #8042, .T. ) ;
#3868 = VECTOR ( 'NONE', #4466, 39.37007874015748143 ) ;
#3869 = AXIS2_PLACEMENT_3D ( 'NONE', #2012, #2139, #9648 ) ;
#3870 = VERTEX_POINT ( 'NONE', #7227 ) ;
#3871 = EDGE_LOOP ( 'NONE', ( #6653, #11208, #2774, #4226 ) ) ;
#3872 = EDGE_CURVE ( 'NONE', #9220, #3218, #11889, .T. ) ;
#3873 = FACE_OUTER_BOUND ( 'NONE', #2544, .T. ) ;
#3874 = FACE_OUTER_BOUND ( 'NONE', #12327, .T. ) ;
#3875 = ORIENTED_EDGE ( 'NONE', *, *, #5007, .T. ) ;
#3876 = CARTESIAN_POINT ( 'NONE',  ( -1.740000000000002656, 57.99999999999999289, 0.000000000000000000 ) ) ;
#3877 = ORIENTED_EDGE ( 'NONE', *, *, #4626, .F. ) ;
#3878 = CARTESIAN_POINT ( 'NONE',  ( -11.99999999999999822, 3.750000000000000888, -9.410333024330023832 ) ) ;
#3879 = CARTESIAN_POINT ( 'NONE',  ( 11.43185000000000251, 24.21999999999999531, 0.000000000000000000 ) ) ;
#3880 = FILL_AREA_STYLE ('',( #9696 ) ) ;
#3881 = CARTESIAN_POINT ( 'NONE',  ( 11.00000000000000000, 33.50999999999999091, -1.124999999999997113 ) ) ;
#3882 = CIRCLE ( 'NONE', #8722, 0.1562499999999993339 ) ;
#3883 = EDGE_CURVE ( 'NONE', #4159, #1528, #4053, .T. ) ;
#3884 = ORIENTED_EDGE ( 'NONE', *, *, #6316, .F. ) ;
#3885 = ADVANCED_FACE ( 'NONE', ( #11077 ), #10139, .F. ) ;
#3886 = PLANE ( 'NONE',  #4623 ) ;
#3887 = FACE_OUTER_BOUND ( 'NONE', #10650, .T. ) ;
#3888 = LINE ( 'NONE', #55, #5764 ) ;
#3889 = VECTOR ( 'NONE', #5449, 39.37007874015748143 ) ;
#3890 = DIRECTION ( 'NONE',  ( 0.000000000000000000, 0.000000000000000000, 1.000000000000000000 ) ) ;
#3891 = CARTESIAN_POINT ( 'NONE',  ( -12.00000000000000355, 0.000000000000000000, 0.000000000000000000 ) ) ;
#3892 = FACE_OUTER_BOUND ( 'NONE', #3255, .T. ) ;
#3893 = ORIENTED_EDGE ( 'NONE', *, *, #48, .T. ) ;
#3894 = DIRECTION ( 'NONE',  ( -1.000000000000000000, 0.000000000000000000, 0.000000000000000000 ) ) ;
#3895 = ADVANCED_FACE ( 'NONE', ( #10318 ), #12258, .F. ) ;
#3896 = LINE ( 'NONE', #949, #7001 ) ;
#3897 = ADVANCED_FACE ( 'NONE', ( #3755 ), #1746, .F. ) ;
#3898 = LINE ( 'NONE', #11469, #2509 ) ;
#3899 = VECTOR ( 'NONE', #6494, 39.37007874015748143 ) ;
#3900 = ORIENTED_EDGE ( 'NONE', *, *, #2794, .T. ) ;
#3901 = ADVANCED_FACE ( 'NONE', ( #6535 ), #7542, .F. ) ;
#3902 = DIRECTION ( 'NONE',  ( 0.000000000000000000, 0.000000000000000000, -1.000000000000000000 ) ) ;
#3903 = CARTESIAN_POINT ( 'NONE',  ( -11.99999999999999822, 14.23000000000000220, -1.500000000000000222 ) ) ;
#3904 = FACE_BOUND ( 'NONE', #2534, .T. ) ;
#3905 = CYLINDRICAL_SURFACE ( 'NONE', #11715, 0.1562499999999993339 ) ;
#3906 = VERTEX_POINT ( 'NONE', #11386 ) ;
#3907 = DIRECTION ( 'NONE',  ( 1.000000000000000000, -0.000000000000000000, -0.000000000000000000 ) ) ;
#3908 = CARTESIAN_POINT ( 'NONE',  ( 11.08815000000000062, 21.71999999999999886, 0.000000000000000000 ) ) ;
#3909 = FACE_OUTER_BOUND ( 'NONE', #4695, .T. ) ;
#3910 = EDGE_LOOP ( 'NONE', ( #4681, #12027, #8641, #2600 ) ) ;
#3911 = CIRCLE ( 'NONE', #7948, 0.1718500000000005301 ) ;
#3912 = ORIENTED_EDGE ( 'NONE', *, *, #1405, .F. ) ;
#3913 = EDGE_LOOP ( 'NONE', ( #10001, #11727, #3251, #5270 ) ) ;
#3914 = EDGE_CURVE ( 'NONE', #5834, #5111, #5592, .T. ) ;
#3915 = DIRECTION ( 'NONE',  ( 1.000000000000000000, 0.000000000000000000, 0.000000000000000000 ) ) ;
#3916 = ORIENTED_EDGE ( 'NONE', *, *, #150, .F. ) ;
#3917 = VECTOR ( 'NONE', #11655, 39.37007874015748143 ) ;
#3918 = ORIENTED_EDGE ( 'NONE', *, *, #12140, .F. ) ;
#3919 = DIRECTION ( 'NONE',  ( 0.000000000000000000, 0.000000000000000000, -1.000000000000000000 ) ) ;
#3920 =( NAMED_UNIT ( * ) SI_UNIT ( $, .STERADIAN. ) SOLID_ANGLE_UNIT ( ) );
#3921 = VERTEX_POINT ( 'NONE', #12383 ) ;
#3922 = CARTESIAN_POINT ( 'NONE',  ( -10.51999999999999957, 3.750000000000000888, -0.7500000000000001110 ) ) ;
#3923 = CARTESIAN_POINT ( 'NONE',  ( 11.99999999999999822, 25.76999999999998181, -9.184850993605266767E-17 ) ) ;
#3924 = CARTESIAN_POINT ( 'NONE',  ( -11.42700658671846980, 51.65945073663809239, -1.078922734911493153 ) ) ;
#3925 = ORIENTED_EDGE ( 'NONE', *, *, #8202, .T. ) ;
#3926 = VECTOR ( 'NONE', #3138, 39.37007874015748143 ) ;
#3927 = AXIS2_PLACEMENT_3D ( 'NONE', #5547, #752, #9258 ) ;
#3928 = DIRECTION ( 'NONE',  ( 1.000000000000000000, -0.000000000000000000, -0.000000000000000000 ) ) ;
#3929 = EDGE_CURVE ( 'NONE', #6746, #1031, #865, .T. ) ;
#3930 = DIRECTION ( 'NONE',  ( -1.000000000000000000, 0.000000000000000000, 0.000000000000000000 ) ) ;
#3931 = ORIENTED_EDGE ( 'NONE', *, *, #5696, .T. ) ;
#3932 = CIRCLE ( 'NONE', #9586, 0.1562499999999993339 ) ;
#3933 = AXIS2_PLACEMENT_3D ( 'NONE', #10140, #5347, #10948 ) ;
#3934 = VERTEX_POINT ( 'NONE', #8417 ) ;
#3935 = DIRECTION ( 'NONE',  ( -1.000000000000000000, 0.000000000000000000, 0.000000000000000000 ) ) ;
#3936 = EDGE_LOOP ( 'NONE', ( #11165, #7470 ) ) ;
#3937 = DIRECTION ( 'NONE',  ( -0.000000000000000000, -0.000000000000000000, 1.000000000000000000 ) ) ;
#3938 = ORIENTED_EDGE ( 'NONE', *, *, #6149, .F. ) ;
#3939 = DIRECTION ( 'NONE',  ( 0.000000000000000000, 0.000000000000000000, 1.000000000000000000 ) ) ;
#3940 = DIRECTION ( 'NONE',  ( 0.000000000000000000, 0.000000000000000000, -1.000000000000000000 ) ) ;
#3941 = CIRCLE ( 'NONE', #7570, 0.1718500000000005301 ) ;
#3942 = DIRECTION ( 'NONE',  ( -0.000000000000000000, -0.000000000000000000, 1.000000000000000000 ) ) ;
#3943 = EDGE_CURVE ( 'NONE', #9936, #11083, #2050, .T. ) ;
#3944 = ADVANCED_FACE ( 'NONE', ( #9569 ), #7413, .F. ) ;
#3945 = LENGTH_MEASURE_WITH_UNIT ( LENGTH_MEASURE( 0.02539999999999999897 ), #2815 );
#3946 = ORIENTED_EDGE ( 'NONE', *, *, #7666, .F. ) ;
#3947 = DIRECTION ( 'NONE',  ( 0.000000000000000000, -0.000000000000000000, 1.000000000000000000 ) ) ;
#3948 = AXIS2_PLACEMENT_3D ( 'NONE', #5857, #117, #1067 ) ;
#3949 = DIRECTION ( 'NONE',  ( 1.000000000000000000, 0.000000000000000000, 0.000000000000000000 ) ) ;
#3950 = CARTESIAN_POINT ( 'NONE',  ( 11.43185000000000251, 51.69999999999999574, 0.000000000000000000 ) ) ;
#3951 = CARTESIAN_POINT ( 'NONE',  ( -12.75000000000000000, 38.00999999999999091, -0.9687500000000009992 ) ) ;
#3952 = DIRECTION ( 'NONE',  ( 0.000000000000000000, -1.000000000000000000, 0.000000000000000000 ) ) ;
#3953 = CARTESIAN_POINT ( 'NONE',  ( -11.99999999999999822, 3.750000000000000000, -8.612199694973096342 ) ) ;
#3954 = EDGE_LOOP ( 'NONE', ( #5774, #8866 ) ) ;
#3955 = CYLINDRICAL_SURFACE ( 'NONE', #8912, 0.1015624999999994726 ) ;
#3956 = ADVANCED_FACE ( 'NONE', ( #4700 ), #4763, .T. ) ;
#3957 = AXIS2_PLACEMENT_3D ( 'NONE', #4638, #8611, #7669 ) ;
#3958 = DIRECTION ( 'NONE',  ( 1.000000000000000000, 0.000000000000000000, 0.000000000000000000 ) ) ;
#3959 = DIRECTION ( 'NONE',  ( -1.000000000000000000, 0.000000000000000000, 0.000000000000000000 ) ) ;
#3960 = VERTEX_POINT ( 'NONE', #3691 ) ;
#3961 = CARTESIAN_POINT ( 'NONE',  ( -1.740000000000002656, 69.23000000000000398, 0.000000000000000000 ) ) ;
#3962 = FACE_OUTER_BOUND ( 'NONE', #2940, .T. ) ;
#3963 = CYLINDRICAL_SURFACE ( 'NONE', #7149, 0.1562499999999978073 ) ;
#3964 = ADVANCED_FACE ( 'NONE', ( #798 ), #2869, .T. ) ;
#3965 = DIRECTION ( 'NONE',  ( 1.000000000000000000, 0.000000000000000000, 0.000000000000000000 ) ) ;
#3966 = ADVANCED_FACE ( 'NONE', ( #8482 ), #929, .F. ) ;
#3967 = DIRECTION ( 'NONE',  ( 0.000000000000000000, 0.000000000000000000, -1.000000000000000000 ) ) ;
#3968 = CARTESIAN_POINT ( 'NONE',  ( 10.51999999999999247, 4.500000000000002665, 8.589666975669972615 ) ) ;
#3969 = LINE ( 'NONE', #6869, #9552 ) ;
#3970 = ORIENTED_EDGE ( 'NONE', *, *, #9877, .F. ) ;
#3971 = EDGE_LOOP ( 'NONE', ( #11343, #5108, #2222, #3745 ) ) ;
#3972 = ADVANCED_FACE ( 'NONE', ( #10563 ), #12322, .F. ) ;
#3973 = EDGE_LOOP ( 'NONE', ( #11797, #10466, #4015, #5310 ) ) ;
#3974 = DIRECTION ( 'NONE',  ( 1.000000000000000000, -0.000000000000000000, -0.000000000000000000 ) ) ;
#3975 = ORIENTED_EDGE ( 'NONE', *, *, #5622, .T. ) ;
#3976 = VECTOR ( 'NONE', #7319, 39.37007874015748143 ) ;
#3977 = VERTEX_POINT ( 'NONE', #7479 ) ;
#3978 = CARTESIAN_POINT ( 'NONE',  ( -11.00000000000000000, 27.50999999999998735, -1.124999999999997113 ) ) ;
#3979 = ORIENTED_EDGE ( 'NONE', *, *, #3530, .T. ) ;
#3980 = EDGE_CURVE ( 'NONE', #3027, #1926, #1933, .T. ) ;
#3981 = DIRECTION ( 'NONE',  ( 0.000000000000000000, 0.000000000000000000, -1.000000000000000000 ) ) ;
#3982 = CARTESIAN_POINT ( 'NONE',  ( -11.99999999999999822, 33.50999999999999091, -1.281249999999994893 ) ) ;
#3983 = CARTESIAN_POINT ( 'NONE',  ( -11.38884216215019407, 51.58610832856165018, -0.9884436769934427103 ) ) ;
#3984 = VERTEX_POINT ( 'NONE', #5782 ) ;
#3985 = AXIS2_PLACEMENT_3D ( 'NONE', #1584, #1770, #6493 ) ;
#3986 = CARTESIAN_POINT ( 'NONE',  ( -1.740000000000002656, 69.23000000000000398, 0.000000000000000000 ) ) ;
#3987 = CARTESIAN_POINT ( 'NONE',  ( -12.00000000000000178, 3.750000000000000000, 8.589666975669972615 ) ) ;
#3988 = ORIENTED_EDGE ( 'NONE', *, *, #1958, .F. ) ;
#3989 = VECTOR ( 'NONE', #7126, 39.37007874015748143 ) ;
#3990 = AXIS2_PLACEMENT_3D ( 'NONE', #7109, #9064, #1322 ) ;
#3991 = CARTESIAN_POINT ( 'NONE',  ( -11.99999999999999822, 3.750000000000000888, 0.000000000000000000 ) ) ;
#3992 = FACE_OUTER_BOUND ( 'NONE', #6789, .T. ) ;
#3993 = CARTESIAN_POINT ( 'NONE',  ( -10.51999999999999957, 21.22999999999999687, -1.500000000000000222 ) ) ;
#3994 = EDGE_LOOP ( 'NONE', ( #10749, #6783, #10794, #4144 ) ) ;
#3995 = EDGE_CURVE ( 'NONE', #5091, #7592, #2679, .T. ) ;
#3996 = FACE_OUTER_BOUND ( 'NONE', #7071, .T. ) ;
#3997 = VERTEX_POINT ( 'NONE', #1048 ) ;
#3998 = CARTESIAN_POINT ( 'NONE',  ( -12.75000000000000000, 26.00999999999999091, -1.124999999999997113 ) ) ;
#3999 = CIRCLE ( 'NONE', #9243, 0.1562499999999979461 ) ;
#4000 = MECHANICAL_DESIGN_GEOMETRIC_PRESENTATION_REPRESENTATION (  '', ( #1395 ), #3003 ) ;
#4001 = FILL_AREA_STYLE ('',( #165 ) ) ;
#4002 = CARTESIAN_POINT ( 'NONE',  ( -12.75000000000000000, 50.00999999999999091, -1.124999999999997113 ) ) ;
#4003 = VERTEX_POINT ( 'NONE', #159 ) ;
#4004 = AXIS2_PLACEMENT_3D ( 'NONE', #6688, #2709, #1895 ) ;
#4005 = CARTESIAN_POINT ( 'NONE',  ( -11.26000000000000156, 11.24000000000000199, -2.250000000000000444 ) ) ;
#4006 = AXIS2_PLACEMENT_3D ( 'NONE', #3357, #5450, #5390 ) ;
#4007 = CYLINDRICAL_SURFACE ( 'NONE', #2763, 0.1562499999999960587 ) ;
#4008 = EDGE_CURVE ( 'NONE', #7798, #7687, #4945, .T. ) ;
#4009 = CARTESIAN_POINT ( 'NONE',  ( -11.99999999999999822, 52.18999999999999773, -0.7499999999999936717 ) ) ;
#4010 = ADVANCED_FACE ( 'NONE', ( #11811 ), #9874, .F. ) ;
#4011 = FACE_OUTER_BOUND ( 'NONE', #7908, .T. ) ;
#4012 = CARTESIAN_POINT ( 'NONE',  ( -6.000000000000001776, 54.01999999999999602, 2.729999999999999982 ) ) ;
#4013 = FACE_OUTER_BOUND ( 'NONE', #4455, .T. ) ;
#4014 = DIRECTION ( 'NONE',  ( -0.000000000000000000, -0.000000000000000000, -1.000000000000000000 ) ) ;
#4015 = ORIENTED_EDGE ( 'NONE', *, *, #11980, .F. ) ;
#4016 = DIRECTION ( 'NONE',  ( -0.000000000000000000, 1.000000000000000000, 0.000000000000000000 ) ) ;
#4017 = AXIS2_PLACEMENT_3D ( 'NONE', #7112, #10959, #11090 ) ;
#4018 = CYLINDRICAL_SURFACE ( 'NONE', #9643, 0.1562499999999979461 ) ;
#4019 = FACE_OUTER_BOUND ( 'NONE', #4985, .T. ) ;
#4020 = ORIENTED_EDGE ( 'NONE', *, *, #2398, .F. ) ;
#4021 = CARTESIAN_POINT ( 'NONE',  ( 11.26000000000000156, 21.71999999999999886, 0.000000000000000000 ) ) ;
#4022 = CARTESIAN_POINT ( 'NONE',  ( -11.99999999999999822, 52.18999999999999773, -0.7499999999999936717 ) ) ;
#4023 = AXIS2_PLACEMENT_3D ( 'NONE', #3781, #3658, #9657 ) ;
#4024 = EDGE_CURVE ( 'NONE', #3984, #7364, #6075, .T. ) ;
#4025 = CARTESIAN_POINT ( 'NONE',  ( -12.75000000000000355, 25.01999999999998181, -2.250000000000000444 ) ) ;
#4026 = DIRECTION ( 'NONE',  ( 0.000000000000000000, 0.000000000000000000, 1.000000000000000000 ) ) ;
#4027 = CYLINDRICAL_SURFACE ( 'NONE', #5939, 0.1718500000000005301 ) ;
#4028 = LINE ( 'NONE', #11479, #271 ) ;
#4029 = EDGE_LOOP ( 'NONE', ( #4132, #4553, #329, #4157 ) ) ;
#4030 = ORIENTED_EDGE ( 'NONE', *, *, #6204, .F. ) ;
#4031 = ORIENTED_EDGE ( 'NONE', *, *, #6212, .F. ) ;
#4032 = PLANE ( 'NONE',  #8329 ) ;
#4033 = ORIENTED_EDGE ( 'NONE', *, *, #5604, .T. ) ;
#4034 = EDGE_CURVE ( 'NONE', #2496, #6490, #3183, .T. ) ;
#4035 = ORIENTED_EDGE ( 'NONE', *, *, #81, .F. ) ;
#4036 = DIRECTION ( 'NONE',  ( -0.000000000000000000, -0.000000000000000000, 1.000000000000000000 ) ) ;
#4037 = DIRECTION ( 'NONE',  ( 1.000000000000000000, 0.000000000000000000, 0.000000000000000000 ) ) ;
#4038 = ADVANCED_FACE ( 'NONE', ( #3996 ), #6839, .F. ) ;
#4039 = MECHANICAL_DESIGN_GEOMETRIC_PRESENTATION_REPRESENTATION (  '', ( #3850 ), #5472 ) ;
#4040 = FILL_AREA_STYLE ('',( #7652 ) ) ;
#4041 = VERTEX_POINT ( 'NONE', #8918 ) ;
#4042 = FACE_OUTER_BOUND ( 'NONE', #11304, .T. ) ;
#4043 = DIRECTION ( 'NONE',  ( 1.000000000000000000, 0.000000000000000000, 0.000000000000000000 ) ) ;
#4044 = VECTOR ( 'NONE', #3949, 39.37007874015748143 ) ;
#4045 = CARTESIAN_POINT ( 'NONE',  ( -11.42428330265902758, 51.64945422466222169, -1.054220815672327172 ) ) ;
#4046 = EDGE_LOOP ( 'NONE', ( #7174, #11069, #12181, #5571 ) ) ;
#4047 = CARTESIAN_POINT ( 'NONE',  ( 12.75000000000000000, 33.50999999999999091, -1.281249999999994893 ) ) ;
#4048 = ORIENTED_EDGE ( 'NONE', *, *, #7218, .F. ) ;
#4049 = DIMENSIONAL_EXPONENTS ( 1.000000000000000000, 0.000000000000000000, 0.000000000000000000, 0.000000000000000000, 0.000000000000000000, 0.000000000000000000, 0.000000000000000000 ) ;
#4050 = PRESENTATION_STYLE_ASSIGNMENT (( #217 ) ) ;
#4051 = AXIS2_PLACEMENT_3D ( 'NONE', #3287, #11984, #3164 ) ;
#4052 = EDGE_CURVE ( 'NONE', #5760, #12357, #5072, .T. ) ;
#4053 = CIRCLE ( 'NONE', #2845, 0.1562499999999995837 ) ;
#4054 = ORIENTED_EDGE ( 'NONE', *, *, #6316, .T. ) ;
#4055 = CARTESIAN_POINT ( 'NONE',  ( 11.00000000000000000, 39.50999999999999801, -1.281249999999996003 ) ) ;
#4056 = DIRECTION ( 'NONE',  ( -1.000000000000000000, 0.000000000000000000, 0.000000000000000000 ) ) ;
#4057 = ORIENTED_EDGE ( 'NONE', *, *, #11980, .T. ) ;
#4058 = DIRECTION ( 'NONE',  ( 0.000000000000000000, -0.000000000000000000, -1.000000000000000000 ) ) ;
#4059 = EDGE_LOOP ( 'NONE', ( #11611, #10150 ) ) ;
#4060 = CIRCLE ( 'NONE', #7288, 0.1718500000000005301 ) ;
#4061 = CARTESIAN_POINT ( 'NONE',  ( 11.26000000000000156, 11.24000000000000199, 0.000000000000000000 ) ) ;
#4062 = VECTOR ( 'NONE', #2976, 39.37007874015748143 ) ;
#4063 = DIRECTION ( 'NONE',  ( 1.000000000000000000, 0.000000000000000000, -0.000000000000000000 ) ) ;
#4064 = CARTESIAN_POINT ( 'NONE',  ( 0.000000000000000000, 3.750000000000000888, 0.000000000000000000 ) ) ;
#4065 = EDGE_CURVE ( 'NONE', #3685, #11024, #6090, .T. ) ;
#4066 = ORIENTED_EDGE ( 'NONE', *, *, #1277, .T. ) ;
#4067 = AXIS2_PLACEMENT_3D ( 'NONE', #11277, #5549, #7499 ) ;
#4068 = CARTESIAN_POINT ( 'NONE',  ( -12.75000000000000000, 26.00999999999999091, -1.124999999999997113 ) ) ;
#4069 = LINE ( 'NONE', #6625, #9628 ) ;
#4070 = EDGE_LOOP ( 'NONE', ( #484, #9995, #8739, #8138 ) ) ;
#4071 = PLANE ( 'NONE',  #10691 ) ;
#4072 = DIRECTION ( 'NONE',  ( 0.000000000000000000, 0.000000000000000000, -1.000000000000000000 ) ) ;
#4073 = FACE_OUTER_BOUND ( 'NONE', #4, .T. ) ;
#4074 = CARTESIAN_POINT ( 'NONE',  ( 11.99999999999999467, 3.750000000000003553, 8.589666975669972615 ) ) ;
#4075 = FACE_OUTER_BOUND ( 'NONE', #3549, .T. ) ;
#4076 = ORIENTED_EDGE ( 'NONE', *, *, #1521, .T. ) ;
#4077 = AXIS2_PLACEMENT_3D ( 'NONE', #3769, #3890, #5854 ) ;
#4078 = FILL_AREA_STYLE_COLOUR ( '', #12323 ) ;
#4079 = AXIS2_PLACEMENT_3D ( 'NONE', #1113, #9880, #4951 ) ;
#4080 = DIRECTION ( 'NONE',  ( 1.000000000000000000, -0.000000000000000000, -0.000000000000000000 ) ) ;
#4081 = EDGE_CURVE ( 'NONE', #10867, #12320, #4120, .T. ) ;
#4082 = FACE_OUTER_BOUND ( 'NONE', #7956, .T. ) ;
#4083 = ORIENTED_EDGE ( 'NONE', *, *, #7478, .T. ) ;
#4084 = FACE_OUTER_BOUND ( 'NONE', #10191, .T. ) ;
#4085 = VECTOR ( 'NONE', #8149, 39.37007874015748143 ) ;
#4086 = CARTESIAN_POINT ( 'NONE',  ( 1.739999999999997327, 57.99999999999999289, -0.7500000000000001110 ) ) ;
#4087 = CARTESIAN_POINT ( 'NONE',  ( 0.000000000000000000, 54.01999999999999602, 0.000000000000000000 ) ) ;
#4088 = DIRECTION ( 'NONE',  ( -1.000000000000000000, 0.000000000000000000, 0.000000000000000000 ) ) ;
#4089 = CARTESIAN_POINT ( 'NONE',  ( -1.740000000000002656, 22.51999999999998181, -0.7500000000000001110 ) ) ;
#4090 = FACE_BOUND ( 'NONE', #8262, .T. ) ;
#4091 = EDGE_LOOP ( 'NONE', ( #11444, #1664, #9618, #3399 ) ) ;
#4092 = ORIENTED_EDGE ( 'NONE', *, *, #2119, .T. ) ;
#4093 = ORIENTED_EDGE ( 'NONE', *, *, #7894, .T. ) ;
#4094 = EDGE_CURVE ( 'NONE', #6910, #5564, #6675, .T. ) ;
#4095 = LINE ( 'NONE', #7954, #11549 ) ;
#4096 = EDGE_CURVE ( 'NONE', #6091, #7328, #10112, .T. ) ;
#4097 = ORIENTED_EDGE ( 'NONE', *, *, #7722, .T. ) ;
#4098 = DIRECTION ( 'NONE',  ( -1.000000000000000000, 0.000000000000000000, 0.000000000000000000 ) ) ;
#4099 = CARTESIAN_POINT ( 'NONE',  ( 11.42646851019876131, 51.65725107809001315, -1.177686201819643230 ) ) ;
#4100 = VECTOR ( 'NONE', #12100, 39.37007874015748143 ) ;
#4101 = CARTESIAN_POINT ( 'NONE',  ( -11.26000000000000156, 11.24000000000000199, 0.000000000000000000 ) ) ;
#4102 = VERTEX_POINT ( 'NONE', #224 ) ;
#4103 = LINE ( 'NONE', #4808, #9911 ) ;
#4104 = FACE_OUTER_BOUND ( 'NONE', #1602, .T. ) ;
#4105 = CARTESIAN_POINT ( 'NONE',  ( 11.00000000000000000, 30.50999999999998735, -1.124999999999997113 ) ) ;
#4106 = ORIENTED_EDGE ( 'NONE', *, *, #11332, .T. ) ;
#4107 = FACE_BOUND ( 'NONE', #6722, .T. ) ;
#4108 = ORIENTED_EDGE ( 'NONE', *, *, #3807, .T. ) ;
#4109 = CIRCLE ( 'NONE', #7943, 0.1562499999999978073 ) ;
#4110 = MECHANICAL_DESIGN_GEOMETRIC_PRESENTATION_REPRESENTATION (  '', ( #10371 ), #9968 ) ;
#4111 = ADVANCED_FACE ( 'NONE', ( #8855 ), #2118, .T. ) ;
#4112 = CIRCLE ( 'NONE', #11557, 0.1718500000000005301 ) ;
#4113 = ORIENTED_EDGE ( 'NONE', *, *, #10748, .F. ) ;
#4114 = CARTESIAN_POINT ( 'NONE',  ( 11.99999999999999822, 54.50999999999998380, -0.9687499999999974465 ) ) ;
#4115 = CARTESIAN_POINT ( 'NONE',  ( -10.51999999999999957, 59.18999999999999773, -1.500000000000000222 ) ) ;
#4116 = VECTOR ( 'NONE', #8066, 39.37007874015748143 ) ;
#4117 = LENGTH_MEASURE_WITH_UNIT ( LENGTH_MEASURE( 0.02539999999999999897 ), #10000 );
#4118 = ORIENTED_EDGE ( 'NONE', *, *, #92, .T. ) ;
#4119 =( GEOMETRIC_REPRESENTATION_CONTEXT ( 3 ) GLOBAL_UNCERTAINTY_ASSIGNED_CONTEXT ( ( #2784 ) ) GLOBAL_UNIT_ASSIGNED_CONTEXT ( ( #2649, #3725, #2772 ) ) REPRESENTATION_CONTEXT ( 'NONE', 'WORKASPACE' ) );
#4120 = LINE ( 'NONE', #1235, #3047 ) ;
#4121 = EDGE_LOOP ( 'NONE', ( #6693, #8928 ) ) ;
#4122 = ADVANCED_FACE ( 'NONE', ( #1109 ), #8790, .F. ) ;
#4123 = EDGE_CURVE ( 'NONE', #5429, #3032, #7976, .T. ) ;
#4124 = CARTESIAN_POINT ( 'NONE',  ( 11.26000000000000156, 24.21999999999999531, -2.250000000000000444 ) ) ;
#4125 = FACE_OUTER_BOUND ( 'NONE', #4536, .T. ) ;
#4126 = PRESENTATION_STYLE_ASSIGNMENT (( #415 ) ) ;
#4127 = EDGE_CURVE ( 'NONE', #2975, #8789, #5966, .T. ) ;
#4128 = PLANE ( 'NONE',  #5635 ) ;
#4129 = AXIS2_PLACEMENT_3D ( 'NONE', #5552, #8436, #11462 ) ;
#4130 = AXIS2_PLACEMENT_3D ( 'NONE', #9370, #9244, #12078 ) ;
#4131 = PRODUCT_CONTEXT ( 'NONE', #7969, 'mechanical' ) ;
#4132 = ORIENTED_EDGE ( 'NONE', *, *, #11526, .T. ) ;
#4133 = DIMENSIONAL_EXPONENTS ( 1.000000000000000000, 0.000000000000000000, 0.000000000000000000, 0.000000000000000000, 0.000000000000000000, 0.000000000000000000, 0.000000000000000000 ) ;
#4134 = FACE_BOUND ( 'NONE', #11876, .T. ) ;
#4135 = DIRECTION ( 'NONE',  ( 0.000000000000000000, 0.000000000000000000, 1.000000000000000000 ) ) ;
#4136 = ORIENTED_EDGE ( 'NONE', *, *, #3204, .F. ) ;
#4137 = DIRECTION ( 'NONE',  ( 1.000000000000000000, 0.000000000000000000, 0.000000000000000000 ) ) ;
#4138 = CARTESIAN_POINT ( 'NONE',  ( -11.26000000000000156, 21.71999999999999886, -2.250000000000000444 ) ) ;
#4139 = VECTOR ( 'NONE', #9172, 39.37007874015748143 ) ;
#4140 = DIRECTION ( 'NONE',  ( 1.000000000000000000, 0.000000000000000000, 0.000000000000000000 ) ) ;
#4141 = EDGE_CURVE ( 'NONE', #4843, #12241, #5681, .T. ) ;
#4142 = CARTESIAN_POINT ( 'NONE',  ( -11.00000000000000000, 26.00999999999999091, -0.9687499999999992228 ) ) ;
#4143 = FACE_OUTER_BOUND ( 'NONE', #8807, .T. ) ;
#4144 = ORIENTED_EDGE ( 'NONE', *, *, #6175, .F. ) ;
#4145 = DIRECTION ( 'NONE',  ( -1.000000000000000000, 0.000000000000000000, 0.000000000000000000 ) ) ;
#4146 = DIRECTION ( 'NONE',  ( -0.000000000000000000, -1.000000000000000000, -0.000000000000000000 ) ) ;
#4147 = FACE_OUTER_BOUND ( 'NONE', #3471, .T. ) ;
#4148 = VECTOR ( 'NONE', #12216, 39.37007874015748143 ) ;
#4149 = ORIENTED_EDGE ( 'NONE', *, *, #9763, .F. ) ;
#4150 = CARTESIAN_POINT ( 'NONE',  ( 11.99999999999999822, 3.750000000000000888, -0.7500000000000001110 ) ) ;
#4151 = CARTESIAN_POINT ( 'NONE',  ( 11.00000000000000000, 41.00999999999999801, -1.124999999999997113 ) ) ;
#4152 = DIRECTION ( 'NONE',  ( 1.000000000000000000, 0.000000000000000000, -0.000000000000000000 ) ) ;
#4153 = CARTESIAN_POINT ( 'NONE',  ( 12.75000000000000000, 30.50999999999998735, -1.124999999999997113 ) ) ;
#4154 = EDGE_CURVE ( 'NONE', #4946, #9847, #3054, .T. ) ;
#4155 = LINE ( 'NONE', #3908, #4321 ) ;
#4156 = DIRECTION ( 'NONE',  ( -1.000000000000000000, 0.000000000000000000, 0.000000000000000000 ) ) ;
#4157 = ORIENTED_EDGE ( 'NONE', *, *, #10723, .F. ) ;
#4158 = AXIS2_PLACEMENT_3D ( 'NONE', #12019, #4454, #7484 ) ;
#4159 = VERTEX_POINT ( 'NONE', #9752 ) ;
#4160 = ORIENTED_EDGE ( 'NONE', *, *, #6752, .F. ) ;
#4161 = PLANE ( 'NONE',  #902 ) ;
#4162 = ORIENTED_EDGE ( 'NONE', *, *, #9509, .T. ) ;
#4163 = LINE ( 'NONE', #6942, #5822 ) ;
#4164 = VECTOR ( 'NONE', #541, 39.37007874015748143 ) ;
#4165 = CARTESIAN_POINT ( 'NONE',  ( 11.34909932149040124, 51.55244122285917285, -1.275502831645828561 ) ) ;
#4166 = DIRECTION ( 'NONE',  ( 0.000000000000000000, -1.000000000000000000, 0.000000000000000000 ) ) ;
#4167 = VERTEX_POINT ( 'NONE', #11749 ) ;
#4168 = ADVANCED_FACE ( 'NONE', ( #10810, #6025 ), #538, .F. ) ;
#4169 = CARTESIAN_POINT ( 'NONE',  ( -12.00000000000000355, 3.750000000000000888, 8.589666975669972615 ) ) ;
#4170 = DIRECTION ( 'NONE',  ( 1.000000000000000000, -0.000000000000000000, -0.000000000000000000 ) ) ;
#4171 = EDGE_CURVE ( 'NONE', #2656, #2247, #9287, .T. ) ;
#4172 = CARTESIAN_POINT ( 'NONE',  ( 11.99999999999999822, 59.18999999999999773, -1.500000000000000222 ) ) ;
#4173 = ORIENTED_EDGE ( 'NONE', *, *, #8543, .T. ) ;
#4174 = DIRECTION ( 'NONE',  ( 1.000000000000000000, 0.000000000000000000, -0.000000000000000000 ) ) ;
#4175 = EDGE_LOOP ( 'NONE', ( #1973, #7408, #9928, #9743 ) ) ;
#4176 = FILL_AREA_STYLE ('',( #2049 ) ) ;
#4177 = EDGE_LOOP ( 'NONE', ( #555, #2881 ) ) ;
#4178 = FACE_OUTER_BOUND ( 'NONE', #4185, .T. ) ;
#4179 = PLANE ( 'NONE',  #10277 ) ;
#4180 = CLOSED_SHELL ( 'NONE', ( #8810, #466, #1293, #11707, #2707, #8534 ) ) ;
#4181 = CARTESIAN_POINT ( 'NONE',  ( 11.99999999999999822, 3.750000000000000888, -2.250000000000000444 ) ) ;
#4182 = ORIENTED_EDGE ( 'NONE', *, *, #5988, .F. ) ;
#4183 = CARTESIAN_POINT ( 'NONE',  ( 3.219999999999996643, 57.99999999999999289, 0.000000000000000000 ) ) ;
#4184 = EDGE_CURVE ( 'NONE', #11023, #2929, #6333, .T. ) ;
#4185 = EDGE_LOOP ( 'NONE', ( #3624, #7214 ) ) ;
#4186 = CARTESIAN_POINT ( 'NONE',  ( -11.10185680251948881, 51.63205171221032685, -1.223367747983605147 ) ) ;
#4187 =( NAMED_UNIT ( * ) SI_UNIT ( $, .STERADIAN. ) SOLID_ANGLE_UNIT ( ) );
#4188 = LENGTH_MEASURE_WITH_UNIT ( LENGTH_MEASURE( 0.02539999999999999897 ), #11068 );
#4189 = AXIS2_PLACEMENT_3D ( 'NONE', #1882, #9580, #2691 ) ;
#4190 = AXIS2_PLACEMENT_3D ( 'NONE', #11957, #5226, #432 ) ;
#4191 = CARTESIAN_POINT ( 'NONE',  ( -11.00000000000000000, 56.00999999999999091, -1.281249999999994893 ) ) ;
#4192 = ORIENTED_EDGE ( 'NONE', *, *, #1420, .T. ) ;
#4193 = ADVANCED_FACE ( 'NONE', ( #4377 ), #2423, .F. ) ;
#4194 = CARTESIAN_POINT ( 'NONE',  ( -11.99999999999999822, 45.50999999999999091, -1.281249999999992895 ) ) ;
#4195 = CARTESIAN_POINT ( 'NONE',  ( 11.99999999999999822, 23.42285330012234468, -2.249999999999996891 ) ) ;
#4196 = EDGE_LOOP ( 'NONE', ( #11750, #12417, #7343, #8150 ) ) ;
#4197 = CARTESIAN_POINT ( 'NONE',  ( -22.06250000000002132, 52.18999999999999773, -0.7499999999999936717 ) ) ;
#4198 = EDGE_CURVE ( 'NONE', #5707, #6060, #3366, .T. ) ;
#4199 = PLANE ( 'NONE',  #4336 ) ;
#4200 = CIRCLE ( 'NONE', #11055, 0.1562499999999978073 ) ;
#4201 = CARTESIAN_POINT ( 'NONE',  ( 10.51999999999999247, 4.500000000000002665, 8.589666975669972615 ) ) ;
#4202 = LINE ( 'NONE', #8179, #6552 ) ;
#4203 = CARTESIAN_POINT ( 'NONE',  ( 11.99999999999999467, 3.000000000000003109, 8.589666975669972615 ) ) ;
#4204 = VERTEX_POINT ( 'NONE', #12122 ) ;
#4205 = CARTESIAN_POINT ( 'NONE',  ( -6.000000000000002665, 55.50000000000000000, 3.479999999999999982 ) ) ;
#4206 = LINE ( 'NONE', #7172, #7825 ) ;
#4207 = DIRECTION ( 'NONE',  ( -0.000000000000000000, -0.000000000000000000, -1.000000000000000000 ) ) ;
#4208 = VECTOR ( 'NONE', #11040, 39.37007874015748143 ) ;
#4209 = PRESENTATION_LAYER_ASSIGNMENT (  '', '', ( #6036 ) ) ;
#4210 = EDGE_CURVE ( 'NONE', #11083, #9936, #9089, .T. ) ;
#4211 = ORIENTED_EDGE ( 'NONE', *, *, #2048, .F. ) ;
#4212 = FACE_BOUND ( 'NONE', #6185, .T. ) ;
#4213 = CARTESIAN_POINT ( 'NONE',  ( 11.00000000000000000, 48.50999999999999091, -0.9687499999999992228 ) ) ;
#4214 = DIMENSIONAL_EXPONENTS ( 1.000000000000000000, 0.000000000000000000, 0.000000000000000000, 0.000000000000000000, 0.000000000000000000, 0.000000000000000000, 0.000000000000000000 ) ;
#4215 = CARTESIAN_POINT ( 'NONE',  ( -11.00000000000000000, 56.00999999999999091, -1.124999999999997113 ) ) ;
#4216 = DIRECTION ( 'NONE',  ( 0.000000000000000000, 0.000000000000000000, -1.000000000000000000 ) ) ;
#4217 = FACE_OUTER_BOUND ( 'NONE', #11777, .T. ) ;
#4218 = VECTOR ( 'NONE', #4648, 39.37007874015748143 ) ;
#4219 = CARTESIAN_POINT ( 'NONE',  ( -22.06250000000002132, 14.23000000000000220, -0.7499999999999983347 ) ) ;
#4220 = EDGE_LOOP ( 'NONE', ( #6088, #4473, #4261, #8080 ) ) ;
#4221 = AXIS2_PLACEMENT_3D ( 'NONE', #6148, #5259, #10057 ) ;
#4222 = EDGE_LOOP ( 'NONE', ( #10313, #9397, #1410, #9570 ) ) ;
#4223 = ORIENTED_EDGE ( 'NONE', *, *, #1900, .F. ) ;
#4224 = CARTESIAN_POINT ( 'NONE',  ( 12.75000000000000000, 29.00999999999999091, -0.9687499999999992228 ) ) ;
#4225 = EDGE_CURVE ( 'NONE', #11371, #7771, #3422, .T. ) ;
#4226 = ORIENTED_EDGE ( 'NONE', *, *, #5081, .T. ) ;
#4227 = AXIS2_PLACEMENT_3D ( 'NONE', #9300, #6532, #4760 ) ;
#4228 = DIRECTION ( 'NONE',  ( 1.000000000000000000, -0.000000000000000000, -0.000000000000000000 ) ) ;
#4229 = CARTESIAN_POINT ( 'NONE',  ( 11.99999999999999822, 25.01999999999998181, 3.479999999999999982 ) ) ;
#4230 = CARTESIAN_POINT ( 'NONE',  ( -11.43185000000000251, 11.24000000000000199, -1.499999999999998668 ) ) ;
#4231 = ORIENTED_EDGE ( 'NONE', *, *, #1691, .F. ) ;
#4232 = CARTESIAN_POINT ( 'NONE',  ( -12.75000000000000000, 51.50999999999999091, -1.124999999999997113 ) ) ;
#4233 = FACE_OUTER_BOUND ( 'NONE', #1022, .T. ) ;
#4234 = DIRECTION ( 'NONE',  ( 0.000000000000000000, 0.000000000000000000, -1.000000000000000000 ) ) ;
#4235 = VERTEX_POINT ( 'NONE', #4247 ) ;
#4236 = CARTESIAN_POINT ( 'NONE',  ( 11.00000000000000000, 54.50999999999998380, -1.281249999999996669 ) ) ;
#4237 = VERTEX_POINT ( 'NONE', #9169 ) ;
#4238 =( NAMED_UNIT ( * ) PLANE_ANGLE_UNIT ( ) SI_UNIT ( $, .RADIAN. ) );
#4239 = EDGE_CURVE ( 'NONE', #9101, #1571, #7282, .T. ) ;
#4240 = EDGE_CURVE ( 'NONE', #6814, #437, #8276, .T. ) ;
#4241 = EDGE_LOOP ( 'NONE', ( #9867, #3096 ) ) ;
#4242 = CARTESIAN_POINT ( 'NONE',  ( 10.51999999999999957, 59.18999999999999773, -0.7500000000000001110 ) ) ;
#4243 = CIRCLE ( 'NONE', #8477, 0.1562499999999995837 ) ;
#4244 = CARTESIAN_POINT ( 'NONE',  ( 11.26000000000000156, 21.71999999999999886, -2.250000000000000444 ) ) ;
#4245 =( NAMED_UNIT ( * ) SI_UNIT ( $, .STERADIAN. ) SOLID_ANGLE_UNIT ( ) );
#4246 = ORIENTED_EDGE ( 'NONE', *, *, #11424, .F. ) ;
#4247 = CARTESIAN_POINT ( 'NONE',  ( -10.51999999999999957, 3.749999999999999556, -2.250000000000000444 ) ) ;
#4248 = ORIENTED_EDGE ( 'NONE', *, *, #10945, .T. ) ;
#4249 = CARTESIAN_POINT ( 'NONE',  ( 10.51999999999999247, 3.000000000000003109, -9.410333024330023832 ) ) ;
#4250 = CARTESIAN_POINT ( 'NONE',  ( -1.740000000000002656, 57.99999999999999289, 0.000000000000000000 ) ) ;
#4251 = COLOUR_RGB ( '',1.000000000000000000, 1.000000000000000000, 1.000000000000000000 ) ;
#4252 = VERTEX_POINT ( 'NONE', #11185 ) ;
#4253 = AXIS2_PLACEMENT_3D ( 'NONE', #4634, #5531, #9502 ) ;
#4254 = DIRECTION ( 'NONE',  ( 1.000000000000000000, -0.000000000000000000, -0.000000000000000000 ) ) ;
#4255 = EDGE_CURVE ( 'NONE', #4738, #10361, #11874, .T. ) ;
#4256 = EDGE_CURVE ( 'NONE', #1492, #12343, #5065, .T. ) ;
#4257 = ORIENTED_EDGE ( 'NONE', *, *, #4907, .T. ) ;
#4258 = FACE_OUTER_BOUND ( 'NONE', #8657, .T. ) ;
#4259 = VECTOR ( 'NONE', #7959, 39.37007874015748143 ) ;
#4260 = FACE_OUTER_BOUND ( 'NONE', #1728, .T. ) ;
#4261 = ORIENTED_EDGE ( 'NONE', *, *, #4969, .T. ) ;
#4262 = DIRECTION ( 'NONE',  ( -1.000000000000000000, 0.000000000000000000, 0.000000000000000000 ) ) ;
#4263 = DIRECTION ( 'NONE',  ( 0.000000000000000000, 1.000000000000000000, 0.000000000000000000 ) ) ;
#4264 = FACE_OUTER_BOUND ( 'NONE', #3732, .T. ) ;
#4265 = DIRECTION ( 'NONE',  ( 0.000000000000000000, 0.000000000000000000, -1.000000000000000000 ) ) ;
#4266 = DIRECTION ( 'NONE',  ( 0.000000000000000000, 0.000000000000000000, -1.000000000000000000 ) ) ;
#4267 = ORIENTED_EDGE ( 'NONE', *, *, #9255, .F. ) ;
#4268 =( NAMED_UNIT ( * ) PLANE_ANGLE_UNIT ( ) SI_UNIT ( $, .RADIAN. ) );
#4269 = EDGE_CURVE ( 'NONE', #8712, #3838, #2301, .T. ) ;
#4270 = DIRECTION ( 'NONE',  ( -1.000000000000000000, 0.000000000000000000, 0.000000000000000000 ) ) ;
#4271 = AXIS2_PLACEMENT_3D ( 'NONE', #4913, #6810, #2773 ) ;
#4272 = PLANE ( 'NONE',  #8951 ) ;
#4273 = CIRCLE ( 'NONE', #7702, 0.1562499999999979461 ) ;
#4274 = ADVANCED_FACE ( 'NONE', ( #3244 ), #7087, .F. ) ;
#4275 = VERTEX_POINT ( 'NONE', #10002 ) ;
#4276 = EDGE_LOOP ( 'NONE', ( #215, #3988 ) ) ;
#4277 = DIRECTION ( 'NONE',  ( -1.000000000000000000, 0.000000000000000000, 0.000000000000000000 ) ) ;
#4278 = DIRECTION ( 'NONE',  ( 1.000000000000000000, 0.000000000000000000, 0.000000000000000000 ) ) ;
#4279 = CARTESIAN_POINT ( 'NONE',  ( 11.99999999999999822, 59.18999999999999773, -2.250000000000000444 ) ) ;
#4280 = VECTOR ( 'NONE', #8994, 39.37007874015748143 ) ;
#4281 = FACE_OUTER_BOUND ( 'NONE', #9103, .T. ) ;
#4282 = CARTESIAN_POINT ( 'NONE',  ( -11.26000000000000156, 49.19999999999999574, -2.250000000000000444 ) ) ;
#4283 = COLOUR_RGB ( '',1.000000000000000000, 1.000000000000000000, 1.000000000000000000 ) ;
#4284 = CARTESIAN_POINT ( 'NONE',  ( -11.43185000000000251, 13.74000000000000199, 0.000000000000000000 ) ) ;
#4285 = ORIENTED_EDGE ( 'NONE', *, *, #1204, .F. ) ;
#4286 = ADVANCED_FACE ( 'NONE', ( #1360 ), #5202, .F. ) ;
#4287 = EDGE_CURVE ( 'NONE', #3080, #4237, #7213, .T. ) ;
#4288 = EDGE_LOOP ( 'NONE', ( #9760, #2621, #1962, #10211 ) ) ;
#4289 = VERTEX_POINT ( 'NONE', #7150 ) ;
#4290 = CARTESIAN_POINT ( 'NONE',  ( -12.75000000000000000, 54.50999999999998380, -1.124999999999997113 ) ) ;
#4291 = EDGE_CURVE ( 'NONE', #12451, #970, #10513, .T. ) ;
#4292 = CIRCLE ( 'NONE', #11145, 0.1718500000000005301 ) ;
#4293 = ORIENTED_EDGE ( 'NONE', *, *, #8105, .F. ) ;
#4294 = CARTESIAN_POINT ( 'NONE',  ( 12.75000000000000000, 47.00999999999999091, -1.124999999999997113 ) ) ;
#4295 = DIRECTION ( 'NONE',  ( 0.000000000000000000, -0.000000000000000000, 1.000000000000000000 ) ) ;
#4296 = CARTESIAN_POINT ( 'NONE',  ( 10.51999999999999957, 59.18999999999999773, -2.249999999999999556 ) ) ;
#4297 = LINE ( 'NONE', #6196, #640 ) ;
#4298 = EDGE_LOOP ( 'NONE', ( #10221, #2177, #4636, #6236 ) ) ;
#4299 = DIRECTION ( 'NONE',  ( -0.000000000000000000, -0.000000000000000000, 1.000000000000000000 ) ) ;
#4300 = CARTESIAN_POINT ( 'NONE',  ( 11.00000000000000000, 26.00999999999999091, -1.124999999999997113 ) ) ;
#4301 = CARTESIAN_POINT ( 'NONE',  ( 10.51999999999999957, 3.750000000000000888, -9.410333024330023832 ) ) ;
#4302 = EDGE_LOOP ( 'NONE', ( #3145, #12142 ) ) ;
#4303 = VECTOR ( 'NONE', #12419, 39.37007874015748143 ) ;
#4304 = ADVANCED_FACE ( 'NONE', ( #1419 ), #5265, .F. ) ;
#4305 = ORIENTED_EDGE ( 'NONE', *, *, #4141, .F. ) ;
#4306 = VERTEX_POINT ( 'NONE', #2795 ) ;
#4307 = DIRECTION ( 'NONE',  ( 1.000000000000000000, 0.000000000000000000, 0.000000000000000000 ) ) ;
#4308 = AXIS2_PLACEMENT_3D ( 'NONE', #1910, #8647, #4799 ) ;
#4309 = DIRECTION ( 'NONE',  ( 0.000000000000000000, 0.000000000000000000, 1.000000000000000000 ) ) ;
#4310 = FILL_AREA_STYLE_COLOUR ( '', #7679 ) ;
#4311 = ORIENTED_EDGE ( 'NONE', *, *, #8383, .T. ) ;
#4312 = CARTESIAN_POINT ( 'NONE',  ( 11.00000000000000000, 47.00999999999999091, -1.124999999999997113 ) ) ;
#4313 = ORIENTED_EDGE ( 'NONE', *, *, #93, .F. ) ;
#4314 = CIRCLE ( 'NONE', #8545, 0.1718500000000005301 ) ;
#4315 = AXIS2_PLACEMENT_3D ( 'NONE', #3596, #1650, #8451 ) ;
#4316 = EDGE_CURVE ( 'NONE', #12343, #12451, #3803, .T. ) ;
#4317 = CARTESIAN_POINT ( 'NONE',  ( 11.08815000000000062, 21.71999999999999886, -0.7499999999999974465 ) ) ;
#4318 = CARTESIAN_POINT ( 'NONE',  ( 11.09565874913699446, 51.64964376820896064, -1.195405394779768482 ) ) ;
#4319 = ORIENTED_EDGE ( 'NONE', *, *, #5440, .F. ) ;
#4320 = ORIENTED_EDGE ( 'NONE', *, *, #8439, .F. ) ;
#4321 = VECTOR ( 'NONE', #7761, 39.37007874015748143 ) ;
#4322 = VECTOR ( 'NONE', #6365, 39.37007874015748143 ) ;
#4323 = DIRECTION ( 'NONE',  ( 1.000000000000000000, -0.000000000000000000, -0.000000000000000000 ) ) ;
#4324 = DIRECTION ( 'NONE',  ( 0.000000000000000000, 2.491592112898606819E-16, -1.000000000000000000 ) ) ;
#4325 = ORIENTED_EDGE ( 'NONE', *, *, #3124, .T. ) ;
#4326 = DIRECTION ( 'NONE',  ( 0.000000000000000000, 0.000000000000000000, -1.000000000000000000 ) ) ;
#4327 = CARTESIAN_POINT ( 'NONE',  ( 3.219999999999996643, 57.99999999999999289, 0.000000000000000000 ) ) ;
#4328 = DIRECTION ( 'NONE',  ( 0.000000000000000000, 0.000000000000000000, -1.000000000000000000 ) ) ;
#4329 = ADVANCED_FACE ( 'NONE', ( #10366 ), #4499, .F. ) ;
#4330 = CARTESIAN_POINT ( 'NONE',  ( -11.99999999999999822, 0.000000000000000000, 0.000000000000000000 ) ) ;
#4331 = EDGE_CURVE ( 'NONE', #4289, #3351, #7593, .T. ) ;
#4332 = DIRECTION ( 'NONE',  ( 0.000000000000000000, 0.000000000000000000, -1.000000000000000000 ) ) ;
#4333 = ORIENTED_EDGE ( 'NONE', *, *, #12010, .F. ) ;
#4334 = VECTOR ( 'NONE', #5410, 39.37007874015748143 ) ;
#4335 = LENGTH_MEASURE_WITH_UNIT ( LENGTH_MEASURE( 0.02539999999999999897 ), #3445 );
#4336 = AXIS2_PLACEMENT_3D ( 'NONE', #5087, #4263, #7989 ) ;
#4337 = DIRECTION ( 'NONE',  ( 0.000000000000000000, 0.000000000000000000, -1.000000000000000000 ) ) ;
#4338 = CARTESIAN_POINT ( 'NONE',  ( 11.34950343385957972, 51.55268927457920825, -0.9745664346678351020 ) ) ;
#4339 = EDGE_LOOP ( 'NONE', ( #8021, #715, #4444, #976 ) ) ;
#4340 = ORIENTED_EDGE ( 'NONE', *, *, #1615, .T. ) ;
#4341 = FACE_OUTER_BOUND ( 'NONE', #4196, .T. ) ;
#4342 = VECTOR ( 'NONE', #11676, 39.37007874015748143 ) ;
#4343 = CIRCLE ( 'NONE', #5353, 0.1562499999999957812 ) ;
#4344 = CARTESIAN_POINT ( 'NONE',  ( -12.75000000000000000, 26.00999999999999091, -0.9687499999999992228 ) ) ;
#4345 = CARTESIAN_POINT ( 'NONE',  ( 12.75000000000000000, 38.00999999999999091, -0.9687500000000009992 ) ) ;
#4346 = LINE ( 'NONE', #2572, #3868 ) ;
#4347 = FACE_OUTER_BOUND ( 'NONE', #6249, .T. ) ;
#4348 = EDGE_CURVE ( 'NONE', #8225, #469, #11433, .T. ) ;
#4349 = CARTESIAN_POINT ( 'NONE',  ( -11.00000000000000000, 29.00999999999999091, -1.124999999999997113 ) ) ;
#4350 = ORIENTED_EDGE ( 'NONE', *, *, #10566, .T. ) ;
#4351 = ORIENTED_EDGE ( 'NONE', *, *, #4418, .T. ) ;
#4352 = AXIS2_PLACEMENT_3D ( 'NONE', #821, #567, #11214 ) ;
#4353 = ORIENTED_EDGE ( 'NONE', *, *, #2143, .T. ) ;
#4354 = CARTESIAN_POINT ( 'NONE',  ( 11.26000000000000156, 21.71999999999999886, -2.353257897379886998 ) ) ;
#4355 = EDGE_LOOP ( 'NONE', ( #9091, #4572 ) ) ;
#4356 = DIRECTION ( 'NONE',  ( 1.000000000000000000, 0.000000000000000000, 0.000000000000000000 ) ) ;
#4357 = EDGE_CURVE ( 'NONE', #1058, #95, #1656, .T. ) ;
#4358 = EDGE_CURVE ( 'NONE', #8585, #11563, #8337, .T. ) ;
#4359 = LINE ( 'NONE', #12227, #11019 ) ;
#4360 = LINE ( 'NONE', #4296, #1912 ) ;
#4361 = AXIS2_PLACEMENT_3D ( 'NONE', #11082, #8295, #4332 ) ;
#4362 = CARTESIAN_POINT ( 'NONE',  ( 0.000000000000000000, 29.24999999999999289, 0.000000000000000000 ) ) ;
#4363 = EDGE_LOOP ( 'NONE', ( #8478, #4350 ) ) ;
#4364 = CYLINDRICAL_SURFACE ( 'NONE', #8691, 0.1562499999999979461 ) ;
#4365 = CARTESIAN_POINT ( 'NONE',  ( 11.99999999999999822, 30.50999999999998735, -1.124999999999997113 ) ) ;
#4366 = EDGE_CURVE ( 'NONE', #9611, #1967, #10305, .T. ) ;
#4367 = DIRECTION ( 'NONE',  ( -0.000000000000000000, -0.000000000000000000, 1.000000000000000000 ) ) ;
#4368 = EDGE_LOOP ( 'NONE', ( #2704, #11240 ) ) ;
#4369 = VERTEX_POINT ( 'NONE', #721 ) ;
#4370 = SURFACE_SIDE_STYLE ('',( #468 ) ) ;
#4371 = VECTOR ( 'NONE', #3285, 39.37007874015748143 ) ;
#4372 = ORIENTED_EDGE ( 'NONE', *, *, #9544, .T. ) ;
#4373 = CARTESIAN_POINT ( 'NONE',  ( -11.99999999999999822, 48.71000000000000085, -1.499999999999993783 ) ) ;
#4374 = EDGE_CURVE ( 'NONE', #11623, #11818, #12117, .T. ) ;
#4375 = DIRECTION ( 'NONE',  ( 0.000000000000000000, 0.000000000000000000, -1.000000000000000000 ) ) ;
#4376 = ORIENTED_EDGE ( 'NONE', *, *, #6302, .F. ) ;
#4377 = FACE_OUTER_BOUND ( 'NONE', #9376, .T. ) ;
#4378 = ORIENTED_EDGE ( 'NONE', *, *, #9080, .F. ) ;
#4379 = CARTESIAN_POINT ( 'NONE',  ( -11.09148788009547637, 51.66629406513764877, -1.137986542398755851 ) ) ;
#4380 = DIRECTION ( 'NONE',  ( 0.000000000000000000, 0.000000000000000000, 1.000000000000000000 ) ) ;
#4381 =( NAMED_UNIT ( * ) PLANE_ANGLE_UNIT ( ) SI_UNIT ( $, .RADIAN. ) );
#4382 = ORIENTED_EDGE ( 'NONE', *, *, #665, .F. ) ;
#4383 =( CONVERSION_BASED_UNIT ( 'INCH', #7344 ) LENGTH_UNIT ( ) NAMED_UNIT ( #9868 ) );
#4384 = ORIENTED_EDGE ( 'NONE', *, *, #6684, .T. ) ;
#4385 = CLOSED_SHELL ( 'NONE', ( #5580, #7458, #8795, #1822, #1131, #8741 ) ) ;
#4386 = ADVANCED_FACE ( 'NONE', ( #915 ), #5708, .F. ) ;
#4387 = CARTESIAN_POINT ( 'NONE',  ( 11.99999999999999822, 59.18999999999999773, -1.500000000000000222 ) ) ;
#4388 = SURFACE_STYLE_USAGE ( .BOTH. , #9180 ) ;
#4389 = VERTEX_POINT ( 'NONE', #657 ) ;
#4390 = LINE ( 'NONE', #8232, #1230 ) ;
#4391 = CARTESIAN_POINT ( 'NONE',  ( -3.220000000000002416, 22.51999999999998181, 0.000000000000000000 ) ) ;
#4392 = DIRECTION ( 'NONE',  ( 0.000000000000000000, -1.000000000000000000, -6.845593068680305631E-16 ) ) ;
#4393 = LINE ( 'NONE', #7417, #2746 ) ;
#4394 = EDGE_LOOP ( 'NONE', ( #9912, #1336, #9439, #7708 ) ) ;
#4395 = CIRCLE ( 'NONE', #12436, 0.1562499999999957812 ) ;
#4396 = DIRECTION ( 'NONE',  ( 0.000000000000000000, 0.000000000000000000, -1.000000000000000000 ) ) ;
#4397 = CARTESIAN_POINT ( 'NONE',  ( -12.75000000000000000, 44.00999999999999801, -0.9687500000000012212 ) ) ;
#4398 = CARTESIAN_POINT ( 'NONE',  ( 11.09930647321519182, 51.63894366281989790, -1.036511808778997068 ) ) ;
#4399 = EDGE_LOOP ( 'NONE', ( #2081, #3224, #3784, #2567 ) ) ;
#4400 = EDGE_CURVE ( 'NONE', #5783, #3073, #11315, .T. ) ;
#4401 = ORIENTED_EDGE ( 'NONE', *, *, #823, .F. ) ;
#4402 = ADVANCED_FACE ( 'NONE', ( #12187 ), #6457, .F. ) ;
#4403 = AXIS2_PLACEMENT_3D ( 'NONE', #203, #4036, #11731 ) ;
#4404 = CARTESIAN_POINT ( 'NONE',  ( -11.99999999999999822, 4.500000000000000000, 0.000000000000000000 ) ) ;
#4405 = AXIS2_PLACEMENT_3D ( 'NONE', #10252, #10194, #3372 ) ;
#4406 = DIRECTION ( 'NONE',  ( 0.000000000000000000, 0.000000000000000000, -1.000000000000000000 ) ) ;
#4407 = LINE ( 'NONE', #377, #11373 ) ;
#4408 = CARTESIAN_POINT ( 'NONE',  ( -11.00000000000000000, 51.50999999999999091, -1.124999999999997113 ) ) ;
#4409 = LINE ( 'NONE', #3337, #8958 ) ;
#4410 = CARTESIAN_POINT ( 'NONE',  ( 10.51999999999999957, 59.18999999999999773, -0.7500000000000001110 ) ) ;
#4411 = ORIENTED_EDGE ( 'NONE', *, *, #1876, .F. ) ;
#4412 = ORIENTED_EDGE ( 'NONE', *, *, #6988, .F. ) ;
#4413 = AXIS2_PLACEMENT_3D ( 'NONE', #7940, #11590, #8758 ) ;
#4414 =( GEOMETRIC_REPRESENTATION_CONTEXT ( 3 ) GLOBAL_UNCERTAINTY_ASSIGNED_CONTEXT ( ( #2908 ) ) GLOBAL_UNIT_ASSIGNED_CONTEXT ( ( #12390, #11571, #7614 ) ) REPRESENTATION_CONTEXT ( 'NONE', 'WORKASPACE' ) );
#4415 = ORIENTED_EDGE ( 'NONE', *, *, #8626, .T. ) ;
#4416 = CARTESIAN_POINT ( 'NONE',  ( -6.000000000000002665, 54.75000000000000000, 0.000000000000000000 ) ) ;
#4417 = ORIENTED_EDGE ( 'NONE', *, *, #9616, .T. ) ;
#4418 = EDGE_CURVE ( 'NONE', #1528, #4159, #4863, .T. ) ;
#4419 = CYLINDRICAL_SURFACE ( 'NONE', #2406, 0.1562499999999979461 ) ;
#4420 = DIRECTION ( 'NONE',  ( 0.000000000000000000, 0.000000000000000000, -1.000000000000000000 ) ) ;
#4421 = AXIS2_PLACEMENT_3D ( 'NONE', #560, #3268, #7305 ) ;
#4422 =( LENGTH_UNIT ( ) NAMED_UNIT ( * ) SI_UNIT ( $, .METRE. ) );
#4423 = DIRECTION ( 'NONE',  ( 0.000000000000000000, 0.000000000000000000, -1.000000000000000000 ) ) ;
#4424 = ORIENTED_EDGE ( 'NONE', *, *, #8060, .T. ) ;
#4425 = DIRECTION ( 'NONE',  ( 0.000000000000000000, 1.000000000000000000, 0.000000000000000000 ) ) ;
#4426 = DIRECTION ( 'NONE',  ( -1.000000000000000000, 0.000000000000000000, 0.000000000000000000 ) ) ;
#4427 = CARTESIAN_POINT ( 'NONE',  ( -11.99999999999999822, 3.750000000000000888, 0.000000000000000000 ) ) ;
#4428 = VERTEX_POINT ( 'NONE', #5520 ) ;
#4429 = ORIENTED_EDGE ( 'NONE', *, *, #912, .F. ) ;
#4430 = EDGE_CURVE ( 'NONE', #5135, #6014, #8469, .T. ) ;
#4431 = AXIS2_PLACEMENT_3D ( 'NONE', #4569, #7663, #10254 ) ;
#4432 = LENGTH_MEASURE_WITH_UNIT ( LENGTH_MEASURE( 0.02539999999999999897 ), #5063 );
#4433 = VERTEX_POINT ( 'NONE', #11311 ) ;
#4434 = ADVANCED_FACE ( 'NONE', ( #8403 ), #12246, .F. ) ;
#4435 = FACE_OUTER_BOUND ( 'NONE', #2368, .T. ) ;
#4436 = SURFACE_STYLE_USAGE ( .BOTH. , #8401 ) ;
#4437 = VERTEX_POINT ( 'NONE', #3678 ) ;
#4438 = DIRECTION ( 'NONE',  ( 1.000000000000000000, 0.000000000000000000, 0.000000000000000000 ) ) ;
#4439 = ORIENTED_EDGE ( 'NONE', *, *, #439, .T. ) ;
#4440 = CARTESIAN_POINT ( 'NONE',  ( 11.99999999999999822, 3.750000000000000000, -8.612199694973096342 ) ) ;
#4441 = DIRECTION ( 'NONE',  ( 0.000000000000000000, 0.000000000000000000, -1.000000000000000000 ) ) ;
#4442 = DIRECTION ( 'NONE',  ( 0.000000000000000000, 0.000000000000000000, -1.000000000000000000 ) ) ;
#4443 = EDGE_CURVE ( 'NONE', #5825, #9086, #2667, .T. ) ;
#4444 = ORIENTED_EDGE ( 'NONE', *, *, #3545, .F. ) ;
#4445 = AXIS2_PLACEMENT_3D ( 'NONE', #11459, #8618, #7680 ) ;
#4446 = ORIENTED_EDGE ( 'NONE', *, *, #3178, .T. ) ;
#4447 = FACE_BOUND ( 'NONE', #8092, .T. ) ;
#4448 = FACE_BOUND ( 'NONE', #559, .T. ) ;
#4449 = EDGE_LOOP ( 'NONE', ( #11117, #8908 ) ) ;
#4450 = DIRECTION ( 'NONE',  ( 0.000000000000000000, 1.177520686924250979E-16, -1.000000000000000000 ) ) ;
#4451 = CARTESIAN_POINT ( 'NONE',  ( -11.99999999999999822, 24.70999999999999730, -1.499999999999996891 ) ) ;
#4452 = LINE ( 'NONE', #9436, #6160 ) ;
#4453 = VECTOR ( 'NONE', #9433, 39.37007874015748143 ) ;
#4454 = DIRECTION ( 'NONE',  ( 0.000000000000000000, 0.000000000000000000, 1.000000000000000000 ) ) ;
#4455 = EDGE_LOOP ( 'NONE', ( #5480, #12303, #2678, #3667 ) ) ;
#4456 = CARTESIAN_POINT ( 'NONE',  ( 3.219999999999996643, 57.99999999999999289, 0.000000000000000000 ) ) ;
#4457 = EDGE_CURVE ( 'NONE', #9470, #4041, #6882, .T. ) ;
#4458 = CYLINDRICAL_SURFACE ( 'NONE', #7620, 0.1718500000000005301 ) ;
#4459 = CARTESIAN_POINT ( 'NONE',  ( 11.09150587875388716, 51.66620420580657225, -1.110973911127479230 ) ) ;
#4460 = ORIENTED_EDGE ( 'NONE', *, *, #1907, .F. ) ;
#4461 = CIRCLE ( 'NONE', #447, 0.1562499999999957812 ) ;
#4462 = ORIENTED_EDGE ( 'NONE', *, *, #6821, .T. ) ;
#4463 = FACE_OUTER_BOUND ( 'NONE', #1129, .T. ) ;
#4464 = LINE ( 'NONE', #3333, #2230 ) ;
#4465 = CARTESIAN_POINT ( 'NONE',  ( 1.739999999999997327, 29.24999999999999289, -0.7500000000000001110 ) ) ;
#4466 = DIRECTION ( 'NONE',  ( -0.000000000000000000, -1.000000000000000000, -0.000000000000000000 ) ) ;
#4467 = CARTESIAN_POINT ( 'NONE',  ( 12.75000000000000000, 27.50999999999998735, -1.124999999999997113 ) ) ;
#4468 = DIRECTION ( 'NONE',  ( 1.000000000000000000, -0.000000000000000000, -0.000000000000000000 ) ) ;
#4469 = ORIENTED_EDGE ( 'NONE', *, *, #7879, .T. ) ;
#4470 = AXIS2_PLACEMENT_3D ( 'NONE', #10903, #1450, #688 ) ;
#4471 = CYLINDRICAL_SURFACE ( 'NONE', #1135, 0.1562499999999978073 ) ;
#4472 = EDGE_CURVE ( 'NONE', #8789, #6381, #10672, .T. ) ;
#4473 = ORIENTED_EDGE ( 'NONE', *, *, #2482, .F. ) ;
#4474 = VECTOR ( 'NONE', #9710, 39.37007874015748143 ) ;
#4475 = CARTESIAN_POINT ( 'NONE',  ( 11.99999999999999822, 28.49999999999998579, -2.250000000000003109 ) ) ;
#4476 = DIRECTION ( 'NONE',  ( -1.000000000000000000, 0.000000000000000000, 0.000000000000000000 ) ) ;
#4477 = ORIENTED_EDGE ( 'NONE', *, *, #8972, .T. ) ;
#4478 = FACE_OUTER_BOUND ( 'NONE', #4220, .T. ) ;
#4479 = VECTOR ( 'NONE', #1670, 39.37007874015748143 ) ;
#4480 = DIRECTION ( 'NONE',  ( -1.000000000000000000, 0.000000000000000000, 0.000000000000000000 ) ) ;
#4481 = PRESENTATION_LAYER_ASSIGNMENT (  '', '', ( #11330 ) ) ;
#4482 = LENGTH_MEASURE_WITH_UNIT ( LENGTH_MEASURE( 0.02539999999999999897 ), #4422 );
#4483 = CARTESIAN_POINT ( 'NONE',  ( 11.99999999999999822, 25.01999999999998536, 3.480000000000003091 ) ) ;
#4484 = EDGE_LOOP ( 'NONE', ( #8668, #7443, #4108, #12007 ) ) ;
#4485 = DIRECTION ( 'NONE',  ( 0.000000000000000000, 1.000000000000000000, 0.000000000000000000 ) ) ;
#4486 = CARTESIAN_POINT ( 'NONE',  ( 10.51999999999999247, 4.500000000000002665, 8.589666975669972615 ) ) ;
#4487 = PLANE ( 'NONE',  #4492 ) ;
#4488 = ORIENTED_EDGE ( 'NONE', *, *, #496, .T. ) ;
#4489 = ADVANCED_FACE ( 'NONE', ( #11672 ), #2041, .F. ) ;
#4490 = ORIENTED_EDGE ( 'NONE', *, *, #3177, .T. ) ;
#4491 = EDGE_CURVE ( 'NONE', #3677, #515, #11613, .T. ) ;
#4492 = AXIS2_PLACEMENT_3D ( 'NONE', #10352, #8327, #5568 ) ;
#4493 = FACE_OUTER_BOUND ( 'NONE', #2971, .T. ) ;
#4494 = EDGE_LOOP ( 'NONE', ( #3055, #8875, #6481, #21 ) ) ;
#4495 = FACE_OUTER_BOUND ( 'NONE', #11803, .T. ) ;
#4496 = VECTOR ( 'NONE', #9787, 39.37007874015748143 ) ;
#4497 =( CONVERSION_BASED_UNIT ( 'INCH', #9486 ) LENGTH_UNIT ( ) NAMED_UNIT ( #9563 ) );
#4498 = ORIENTED_EDGE ( 'NONE', *, *, #5131, .F. ) ;
#4499 = CYLINDRICAL_SURFACE ( 'NONE', #11908, 0.1562499999999979461 ) ;
#4500 = ORIENTED_EDGE ( 'NONE', *, *, #365, .T. ) ;
#4501 = CARTESIAN_POINT ( 'NONE',  ( -11.42209151153950586, 51.64281156500651093, -1.207577196869671798 ) ) ;
#4502 = ADVANCED_FACE ( 'NONE', ( #11551 ), #974, .F. ) ;
#4503 = CARTESIAN_POINT ( 'NONE',  ( 11.09148788009547637, 51.66629406513764877, -1.137986542398755851 ) ) ;
#4504 = SURFACE_SIDE_STYLE ('',( #5463 ) ) ;
#4505 = CARTESIAN_POINT ( 'NONE',  ( 11.99999999999999822, 25.76999999999998181, 3.480000000000003091 ) ) ;
#4506 = VECTOR ( 'NONE', #5045, 39.37007874015748143 ) ;
#4507 = ORIENTED_EDGE ( 'NONE', *, *, #8665, .F. ) ;
#4508 = CARTESIAN_POINT ( 'NONE',  ( 1.739999999999997327, 21.22999999999999687, -0.7500000000000001110 ) ) ;
#4509 = EDGE_CURVE ( 'NONE', #8446, #2211, #4103, .T. ) ;
#4510 = EDGE_CURVE ( 'NONE', #3293, #4252, #3864, .T. ) ;
#4511 = VERTEX_POINT ( 'NONE', #2164 ) ;
#4512 = DIRECTION ( 'NONE',  ( 0.000000000000000000, 7.850137912828339862E-17, -1.000000000000000000 ) ) ;
#4513 = CARTESIAN_POINT ( 'NONE',  ( 0.1015624999999996114, 56.75000000000000000, 0.7500000000000004441 ) ) ;
#4514 = VECTOR ( 'NONE', #6477, 39.37007874015748143 ) ;
#4515 = CARTESIAN_POINT ( 'NONE',  ( -11.99999999999999822, 27.50999999999998735, -1.124999999999997113 ) ) ;
#4516 = EDGE_CURVE ( 'NONE', #8181, #5710, #11799, .T. ) ;
#4517 = DIRECTION ( 'NONE',  ( 0.000000000000000000, 0.000000000000000000, -1.000000000000000000 ) ) ;
#4518 = ORIENTED_EDGE ( 'NONE', *, *, #9835, .T. ) ;
#4519 = DIRECTION ( 'NONE',  ( 0.000000000000000000, 0.000000000000000000, -1.000000000000000000 ) ) ;
#4520 = VECTOR ( 'NONE', #11921, 39.37007874015748143 ) ;
#4521 = CIRCLE ( 'NONE', #4315, 0.1562499999999957812 ) ;
#4522 = DIRECTION ( 'NONE',  ( 0.000000000000000000, 0.000000000000000000, -1.000000000000000000 ) ) ;
#4523 = ORIENTED_EDGE ( 'NONE', *, *, #2964, .T. ) ;
#4524 =( LENGTH_UNIT ( ) NAMED_UNIT ( * ) SI_UNIT ( $, .METRE. ) );
#4525 = EDGE_LOOP ( 'NONE', ( #6237, #9412, #3616, #5898 ) ) ;
#4526 = PLANE ( 'NONE',  #11466 ) ;
#4527 = ADVANCED_FACE ( 'NONE', ( #6885 ), #146, .F. ) ;
#4528 = DIRECTION ( 'NONE',  ( 0.000000000000000000, -1.000000000000000000, 0.000000000000000000 ) ) ;
#4529 = CARTESIAN_POINT ( 'NONE',  ( -11.99999999999999822, 25.01999999999998181, -2.250000000000000444 ) ) ;
#4530 = CIRCLE ( 'NONE', #9988, 0.1562499999999957812 ) ;
#4531 = DIRECTION ( 'NONE',  ( 1.000000000000000000, 0.000000000000000000, 0.000000000000000000 ) ) ;
#4532 = VECTOR ( 'NONE', #8501, 39.37007874015748143 ) ;
#4533 = CARTESIAN_POINT ( 'NONE',  ( 10.51999999999999957, 14.23000000000000220, -1.500000000000000222 ) ) ;
#4534 = DIRECTION ( 'NONE',  ( 0.000000000000000000, -1.000000000000000000, 0.000000000000000000 ) ) ;
#4535 = ORIENTED_EDGE ( 'NONE', *, *, #1204, .T. ) ;
#4536 = EDGE_LOOP ( 'NONE', ( #2726, #1767, #8313, #405 ) ) ;
#4537 = LINE ( 'NONE', #8382, #11961 ) ;
#4538 = VECTOR ( 'NONE', #9830, 39.37007874015748143 ) ;
#4539 = AXIS2_PLACEMENT_3D ( 'NONE', #2884, #2007, #7683 ) ;
#4540 = ORIENTED_EDGE ( 'NONE', *, *, #6601, .F. ) ;
#4541 = DIRECTION ( 'NONE',  ( 0.000000000000000000, 0.000000000000000000, -1.000000000000000000 ) ) ;
#4542 = ADVANCED_FACE ( 'NONE', ( #1094 ), #5885, .F. ) ;
#4543 = CYLINDRICAL_SURFACE ( 'NONE', #10812, 0.1562499999999979461 ) ;
#4544 = FILL_AREA_STYLE ('',( #8519 ) ) ;
#4545 = DIRECTION ( 'NONE',  ( 0.000000000000000000, 0.000000000000000000, -1.000000000000000000 ) ) ;
#4546 = ORIENTED_EDGE ( 'NONE', *, *, #1405, .T. ) ;
#4547 = PLANE ( 'NONE',  #97 ) ;
#4548 = ORIENTED_EDGE ( 'NONE', *, *, #2537, .T. ) ;
#4549 = VECTOR ( 'NONE', #6967, 39.37007874015748143 ) ;
#4550 = ORIENTED_EDGE ( 'NONE', *, *, #8524, .T. ) ;
#4551 = PLANE ( 'NONE',  #10754 ) ;
#4552 = ORIENTED_EDGE ( 'NONE', *, *, #8254, .F. ) ;
#4553 = ORIENTED_EDGE ( 'NONE', *, *, #2775, .T. ) ;
#4554 = DIRECTION ( 'NONE',  ( 0.000000000000000000, -1.000000000000000000, -1.177520686924250979E-16 ) ) ;
#4555 = AXIS2_PLACEMENT_3D ( 'NONE', #3521, #1702, #6310 ) ;
#4556 = ADVANCED_FACE ( 'NONE', ( #4042 ), #1919, .F. ) ;
#4557 = EDGE_CURVE ( 'NONE', #7952, #11215, #1456, .T. ) ;
#4558 = FACE_OUTER_BOUND ( 'NONE', #8774, .T. ) ;
#4559 = ORIENTED_EDGE ( 'NONE', *, *, #12251, .T. ) ;
#4560 = DIRECTION ( 'NONE',  ( 0.000000000000000000, -1.000000000000000000, 0.000000000000000000 ) ) ;
#4561 = DIRECTION ( 'NONE',  ( 0.000000000000000000, 0.000000000000000000, -1.000000000000000000 ) ) ;
#4562 = VERTEX_POINT ( 'NONE', #4929 ) ;
#4563 = CARTESIAN_POINT ( 'NONE',  ( -11.99999999999999822, 53.00999999999999091, -1.124999999999997113 ) ) ;
#4564 = AXIS2_PLACEMENT_3D ( 'NONE', #10018, #3321, #3072 ) ;
#4565 = CARTESIAN_POINT ( 'NONE',  ( -11.43185000000000251, 51.69999999999999574, 0.000000000000000000 ) ) ;
#4566 = DIRECTION ( 'NONE',  ( -1.000000000000000000, 0.000000000000000000, 0.000000000000000000 ) ) ;
#4567 = ORIENTED_EDGE ( 'NONE', *, *, #561, .F. ) ;
#4568 = EDGE_CURVE ( 'NONE', #7905, #10429, #7776, .T. ) ;
#4569 = CARTESIAN_POINT ( 'NONE',  ( -11.99999999999999822, 59.18999999999999773, -1.500000000000000222 ) ) ;
#4570 =( GEOMETRIC_REPRESENTATION_CONTEXT ( 3 ) GLOBAL_UNCERTAINTY_ASSIGNED_CONTEXT ( ( #10478 ) ) GLOBAL_UNIT_ASSIGNED_CONTEXT ( ( #285, #164, #4187 ) ) REPRESENTATION_CONTEXT ( 'NONE', 'WORKASPACE' ) );
#4571 = SURFACE_STYLE_USAGE ( .BOTH. , #731 ) ;
#4572 = ORIENTED_EDGE ( 'NONE', *, *, #2550, .T. ) ;
#4573 = DIRECTION ( 'NONE',  ( -1.000000000000000000, 0.000000000000000000, 0.000000000000000000 ) ) ;
#4574 = DIRECTION ( 'NONE',  ( 0.000000000000000000, 0.000000000000000000, 1.000000000000000000 ) ) ;
#4575 = VERTEX_POINT ( 'NONE', #2102 ) ;
#4576 = PLANE ( 'NONE',  #9385 ) ;
#4577 = FACE_OUTER_BOUND ( 'NONE', #12157, .T. ) ;
#4578 = VERTEX_POINT ( 'NONE', #9861 ) ;
#4579 = CARTESIAN_POINT ( 'NONE',  ( 11.99999999999999822, 3.750000000000003553, -1.500000000000000222 ) ) ;
#4580 = MECHANICAL_DESIGN_GEOMETRIC_PRESENTATION_REPRESENTATION (  '', ( #10227 ), #11028 ) ;
#4581 = CYLINDRICAL_SURFACE ( 'NONE', #9226, 0.1718500000000005301 ) ;
#4582 = ADVANCED_FACE ( 'NONE', ( #11735 ), #8718, .F. ) ;
#4583 = LINE ( 'NONE', #7553, #10556 ) ;
#4584 = EDGE_LOOP ( 'NONE', ( #11061, #4030, #9991, #683 ) ) ;
#4585 = FILL_AREA_STYLE_COLOUR ( '', #5240 ) ;
#4586 = ORIENTED_EDGE ( 'NONE', *, *, #4658, .T. ) ;
#4587 = EDGE_CURVE ( 'NONE', #9607, #2727, #4990, .T. ) ;
#4588 = CARTESIAN_POINT ( 'NONE',  ( -11.99999999999999822, 3.750000000000000888, -9.410333024330023832 ) ) ;
#4589 = LINE ( 'NONE', #1944, #6463 ) ;
#4590 = DIRECTION ( 'NONE',  ( 1.000000000000000000, 0.000000000000000000, 0.000000000000000000 ) ) ;
#4591 = CLOSED_SHELL ( 'NONE', ( #9906, #3133, #587, #11380, #9296, #2880, #9417, #3043 ) ) ;
#4592 = DIRECTION ( 'NONE',  ( 1.000000000000000000, 0.000000000000000000, 0.000000000000000000 ) ) ;
#4593 = CARTESIAN_POINT ( 'NONE',  ( -11.99999999999999822, 39.50999999999999801, -1.124999999999997113 ) ) ;
#4594 = DIRECTION ( 'NONE',  ( -0.000000000000000000, -0.000000000000000000, 1.000000000000000000 ) ) ;
#4595 = EDGE_LOOP ( 'NONE', ( #6098, #2125 ) ) ;
#4596 = CARTESIAN_POINT ( 'NONE',  ( -10.51999999999999957, 3.750000000000000888, -1.500000000000000222 ) ) ;
#4597 = DIRECTION ( 'NONE',  ( 0.000000000000000000, 0.000000000000000000, -1.000000000000000000 ) ) ;
#4598 = EDGE_CURVE ( 'NONE', #7022, #968, #3102, .T. ) ;
#4599 = DIRECTION ( 'NONE',  ( 1.000000000000000000, 0.000000000000000000, 0.000000000000000000 ) ) ;
#4600 = AXIS2_PLACEMENT_3D ( 'NONE', #5666, #877, #2357 ) ;
#4601 = AXIS2_PLACEMENT_3D ( 'NONE', #10895, #9125, #10770 ) ;
#4602 = ORIENTED_EDGE ( 'NONE', *, *, #9535, .F. ) ;
#4603 = DIRECTION ( 'NONE',  ( 1.000000000000000000, 0.000000000000000000, 0.000000000000000000 ) ) ;
#4604 = PLANE ( 'NONE',  #3237 ) ;
#4605 = CARTESIAN_POINT ( 'NONE',  ( 12.75000000000000000, 26.00999999999999091, -1.124999999999997113 ) ) ;
#4606 = ORIENTED_EDGE ( 'NONE', *, *, #5260, .T. ) ;
#4607 = CARTESIAN_POINT ( 'NONE',  ( 11.99999999999999822, 28.49999999999998579, 3.479999999999999982 ) ) ;
#4608 = DIRECTION ( 'NONE',  ( -0.000000000000000000, -1.177520686924250979E-16, 1.000000000000000000 ) ) ;
#4609 = ORIENTED_EDGE ( 'NONE', *, *, #4256, .F. ) ;
#4610 = ORIENTED_EDGE ( 'NONE', *, *, #1943, .T. ) ;
#4611 = ADVANCED_FACE ( 'NONE', ( #5055 ), #8905, .F. ) ;
#4612 = LINE ( 'NONE', #7394, #6519 ) ;
#4613 = VERTEX_POINT ( 'NONE', #1285 ) ;
#4614 = ORIENTED_EDGE ( 'NONE', *, *, #10920, .F. ) ;
#4615 = MECHANICAL_DESIGN_GEOMETRIC_PRESENTATION_REPRESENTATION (  '', ( #11259 ), #1402 ) ;
#4616 = DIRECTION ( 'NONE',  ( 0.000000000000000000, 0.000000000000000000, 1.000000000000000000 ) ) ;
#4617 = LINE ( 'NONE', #8467, #5276 ) ;
#4618 = EDGE_LOOP ( 'NONE', ( #4647, #2172 ) ) ;
#4619 = DIRECTION ( 'NONE',  ( -1.000000000000000000, 0.000000000000000000, 0.000000000000000000 ) ) ;
#4620 = LINE ( 'NONE', #7594, #11525 ) ;
#4621 = ORIENTED_EDGE ( 'NONE', *, *, #2414, .T. ) ;
#4622 = CARTESIAN_POINT ( 'NONE',  ( 10.51999999999999247, 4.500000000000002665, 8.589666975669972615 ) ) ;
#4623 = AXIS2_PLACEMENT_3D ( 'NONE', #1120, #11822, #2248 ) ;
#4624 =( GEOMETRIC_REPRESENTATION_CONTEXT ( 3 ) GLOBAL_UNCERTAINTY_ASSIGNED_CONTEXT ( ( #12237 ) ) GLOBAL_UNIT_ASSIGNED_CONTEXT ( ( #12108, #9335, #9406 ) ) REPRESENTATION_CONTEXT ( 'NONE', 'WORKASPACE' ) );
#4625 = FILL_AREA_STYLE ('',( #789 ) ) ;
#4626 = EDGE_CURVE ( 'NONE', #11738, #6997, #3231, .T. ) ;
#4627 = ADVANCED_FACE ( 'NONE', ( #3166 ), #4364, .F. ) ;
#4628 = LENGTH_MEASURE_WITH_UNIT ( LENGTH_MEASURE( 0.02539999999999999897 ), #6715 );
#4629 = ORIENTED_EDGE ( 'NONE', *, *, #3861, .F. ) ;
#4630 = AXIS2_PLACEMENT_3D ( 'NONE', #2021, #1776, #12410 ) ;
#4631 = FACE_BOUND ( 'NONE', #8725, .T. ) ;
#4632 = CARTESIAN_POINT ( 'NONE',  ( -0.1015624999999994726, 23.76999999999998536, 0.7500000000000004441 ) ) ;
#4633 = VERTEX_POINT ( 'NONE', #10983 ) ;
#4634 = CARTESIAN_POINT ( 'NONE',  ( -11.99999999999999822, 59.18999999999999773, -2.250000000000000444 ) ) ;
#4635 = LINE ( 'NONE', #1747, #5126 ) ;
#4636 = ORIENTED_EDGE ( 'NONE', *, *, #5514, .T. ) ;
#4637 = CARTESIAN_POINT ( 'NONE',  ( 10.51999999999999957, 3.750000000000000888, -2.249999999999999556 ) ) ;
#4638 = CARTESIAN_POINT ( 'NONE',  ( 11.00000000000000000, 39.50999999999999801, -1.124999999999997113 ) ) ;
#4639 = VERTEX_POINT ( 'NONE', #8205 ) ;
#4640 = FILL_AREA_STYLE ('',( #8554 ) ) ;
#4641 = ADVANCED_FACE ( 'NONE', ( #7134 ), #8147, .F. ) ;
#4642 = EDGE_CURVE ( 'NONE', #914, #3934, #1406, .T. ) ;
#4643 = CARTESIAN_POINT ( 'NONE',  ( -11.26000000000000156, 51.69999999999999574, -1.499999999999993561 ) ) ;
#4644 = DIRECTION ( 'NONE',  ( -0.000000000000000000, -0.000000000000000000, 1.000000000000000000 ) ) ;
#4645 = VERTEX_POINT ( 'NONE', #4169 ) ;
#4646 = FILL_AREA_STYLE ('',( #4585 ) ) ;
#4647 = ORIENTED_EDGE ( 'NONE', *, *, #10904, .F. ) ;
#4648 = DIRECTION ( 'NONE',  ( -0.000000000000000000, -1.000000000000000000, -0.000000000000000000 ) ) ;
#4649 = PRESENTATION_LAYER_ASSIGNMENT (  '', '', ( #10107 ) ) ;
#4650 = CARTESIAN_POINT ( 'NONE',  ( -11.00000000000000000, 29.00999999999999091, -1.281249999999994893 ) ) ;
#4651 = AXIS2_PLACEMENT_3D ( 'NONE', #9304, #2497, #7100 ) ;
#4652 = LINE ( 'NONE', #7431, #6749 ) ;
#4653 = DIRECTION ( 'NONE',  ( -0.000000000000000000, -1.000000000000000000, -0.000000000000000000 ) ) ;
#4654 = DIRECTION ( 'NONE',  ( -1.000000000000000000, 0.000000000000000000, 0.000000000000000000 ) ) ;
#4655 = DIRECTION ( 'NONE',  ( -0.000000000000000000, 1.000000000000000000, -1.224646799147375394E-16 ) ) ;
#4656 = EDGE_LOOP ( 'NONE', ( #4997, #7737, #38, #10930 ) ) ;
#4657 = CARTESIAN_POINT ( 'NONE',  ( 1.739999999999997327, 69.23000000000000398, 0.000000000000000000 ) ) ;
#4658 = EDGE_CURVE ( 'NONE', #3048, #6938, #11111, .T. ) ;
#4659 = CARTESIAN_POINT ( 'NONE',  ( 11.26000000000000156, 21.71999999999999886, -1.500000000000000222 ) ) ;
#4660 = PRESENTATION_LAYER_ASSIGNMENT (  '', '', ( #6069 ) ) ;
#4661 = DIRECTION ( 'NONE',  ( 1.000000000000000000, -0.000000000000000000, -0.000000000000000000 ) ) ;
#4662 = AXIS2_PLACEMENT_3D ( 'NONE', #1483, #2543, #7335 ) ;
#4663 = VERTEX_POINT ( 'NONE', #6323 ) ;
#4664 = CARTESIAN_POINT ( 'NONE',  ( -3.220000000000002416, 57.99999999999999289, 0.000000000000000000 ) ) ;
#4665 = DIRECTION ( 'NONE',  ( 1.000000000000000000, -0.000000000000000000, -0.000000000000000000 ) ) ;
#4666 = DIRECTION ( 'NONE',  ( 1.000000000000000000, 0.000000000000000000, -0.000000000000000000 ) ) ;
#4667 = EDGE_CURVE ( 'NONE', #10919, #5429, #11045, .T. ) ;
#4668 = VECTOR ( 'NONE', #3535, 39.37007874015748143 ) ;
#4669 = FACE_BOUND ( 'NONE', #9851, .T. ) ;
#4670 = ORIENTED_EDGE ( 'NONE', *, *, #3590, .T. ) ;
#4671 = ADVANCED_FACE ( 'NONE', ( #3411 ), #6259, .F. ) ;
#4672 = DIRECTION ( 'NONE',  ( -0.000000000000000000, -0.000000000000000000, 1.000000000000000000 ) ) ;
#4673 = CARTESIAN_POINT ( 'NONE',  ( 12.75000000000000355, 28.49999999999998579, -2.250000000000003109 ) ) ;
#4674 = DIRECTION ( 'NONE',  ( -1.000000000000000000, 0.000000000000000000, 0.000000000000000000 ) ) ;
#4675 = EDGE_LOOP ( 'NONE', ( #8823, #324, #1668, #3802 ) ) ;
#4676 = VERTEX_POINT ( 'NONE', #2347 ) ;
#4677 = EDGE_CURVE ( 'NONE', #12240, #6703, #11920, .T. ) ;
#4678 = ORIENTED_EDGE ( 'NONE', *, *, #7654, .F. ) ;
#4679 = UNCERTAINTY_MEASURE_WITH_UNIT (LENGTH_MEASURE( 1.000000000000000082E-05 ), #11169, 'distance_accuracy_value', 'NONE');
#4680 = FACE_OUTER_BOUND ( 'NONE', #6547, .T. ) ;
#4681 = ORIENTED_EDGE ( 'NONE', *, *, #8269, .T. ) ;
#4682 = VECTOR ( 'NONE', #9601, 39.37007874015748143 ) ;
#4683 = AXIS2_PLACEMENT_3D ( 'NONE', #4964, #6856, #8809 ) ;
#4684 = EDGE_LOOP ( 'NONE', ( #5189, #4919 ) ) ;
#4685 = LINE ( 'NONE', #2914, #12050 ) ;
#4686 = VERTEX_POINT ( 'NONE', #7261 ) ;
#4687 = EDGE_CURVE ( 'NONE', #583, #704, #5315, .T. ) ;
#4688 = DIRECTION ( 'NONE',  ( 1.000000000000000000, 0.000000000000000000, 0.000000000000000000 ) ) ;
#4689 = CARTESIAN_POINT ( 'NONE',  ( 11.99999999999999822, 39.50999999999999801, -1.281249999999996003 ) ) ;
#4690 = ORIENTED_EDGE ( 'NONE', *, *, #2862, .T. ) ;
#4691 = AXIS2_PLACEMENT_3D ( 'NONE', #2758, #12338, #4714 ) ;
#4692 = CARTESIAN_POINT ( 'NONE',  ( -11.08815000000000062, 24.21999999999999531, -2.250000000000000444 ) ) ;
#4693 = AXIS2_PLACEMENT_3D ( 'NONE', #7671, #11510, #9757 ) ;
#4694 = PRESENTATION_STYLE_ASSIGNMENT (( #9624 ) ) ;
#4695 = EDGE_LOOP ( 'NONE', ( #5556, #829, #1299, #3772 ) ) ;
#4696 = AXIS2_PLACEMENT_3D ( 'NONE', #9028, #7200, #11989 ) ;
#4697 = PLANE ( 'NONE',  #216 ) ;
#4698 = VERTEX_POINT ( 'NONE', #3290 ) ;
#4699 = ADVANCED_FACE ( 'NONE', ( #6198 ), #5385, .T. ) ;
#4700 = FACE_OUTER_BOUND ( 'NONE', #1219, .T. ) ;
#4701 = CARTESIAN_POINT ( 'NONE',  ( 5.999999999999998224, 0.000000000000000000, 0.000000000000000000 ) ) ;
#4702 = CARTESIAN_POINT ( 'NONE',  ( 12.75000000000000000, 29.97999999999998977, 2.729999999999999982 ) ) ;
#4703 = ORIENTED_EDGE ( 'NONE', *, *, #978, .T. ) ;
#4704 = VECTOR ( 'NONE', #900, 39.37007874015748143 ) ;
#4705 = DIRECTION ( 'NONE',  ( 0.000000000000000000, 0.000000000000000000, -1.000000000000000000 ) ) ;
#4706 = CARTESIAN_POINT ( 'NONE',  ( -3.220000000000002416, 54.75000000000000000, 0.000000000000000000 ) ) ;
#4707 = ORIENTED_EDGE ( 'NONE', *, *, #10761, .T. ) ;
#4708 = CARTESIAN_POINT ( 'NONE',  ( 1.739999999999997327, 29.24999999999999289, -0.7500000000000001110 ) ) ;
#4709 = AXIS2_PLACEMENT_3D ( 'NONE', #5375, #8956, #8072 ) ;
#4710 = ADVANCED_FACE ( 'NONE', ( #5186 ), #580, .F. ) ;
#4711 = CARTESIAN_POINT ( 'NONE',  ( 10.51999999999999957, 21.22999999999999687, -2.249999999999997780 ) ) ;
#4712 = EDGE_CURVE ( 'NONE', #6329, #748, #5120, .T. ) ;
#4713 = CARTESIAN_POINT ( 'NONE',  ( -11.99999999999999822, 59.18999999999999773, -1.500000000000000222 ) ) ;
#4714 = DIRECTION ( 'NONE',  ( 0.000000000000000000, 0.000000000000000000, -1.000000000000000000 ) ) ;
#4715 = CARTESIAN_POINT ( 'NONE',  ( 10.51999999999999957, 59.18999999999999773, -0.7500000000000001110 ) ) ;
#4716 = DIRECTION ( 'NONE',  ( 0.000000000000000000, 0.000000000000000000, 1.000000000000000000 ) ) ;
#4717 = ORIENTED_EDGE ( 'NONE', *, *, #9917, .F. ) ;
#4718 = CIRCLE ( 'NONE', #1309, 0.1718500000000005301 ) ;
#4719 = CARTESIAN_POINT ( 'NONE',  ( -12.75000000000000355, 29.97999999999998977, 2.729999999999999982 ) ) ;
#4720 = VECTOR ( 'NONE', #5651, 39.37007874015748143 ) ;
#4721 = VECTOR ( 'NONE', #6803, 39.37007874015748143 ) ;
#4722 = DIRECTION ( 'NONE',  ( 0.000000000000000000, 0.000000000000000000, 1.000000000000000000 ) ) ;
#4723 = DIRECTION ( 'NONE',  ( 1.000000000000000000, 0.000000000000000000, 0.000000000000000000 ) ) ;
#4724 = EDGE_LOOP ( 'NONE', ( #6636, #1108, #1642, #367 ) ) ;
#4725 = CARTESIAN_POINT ( 'NONE',  ( -3.220000000000002416, 29.24999999999999289, -0.7499999999999998890 ) ) ;
#4726 = VECTOR ( 'NONE', #1331, 39.37007874015748143 ) ;
#4727 = VECTOR ( 'NONE', #2571, 39.37007874015748143 ) ;
#4728 = PLANE ( 'NONE',  #12286 ) ;
#4729 = EDGE_CURVE ( 'NONE', #6217, #89, #11858, .T. ) ;
#4730 = DIRECTION ( 'NONE',  ( 1.000000000000000000, 0.000000000000000000, 0.000000000000000000 ) ) ;
#4731 = PRODUCT_DEFINITION_FORMATION_WITH_SPECIFIED_SOURCE ( 'ANY', '', #6501, .NOT_KNOWN. ) ;
#4732 = CARTESIAN_POINT ( 'NONE',  ( -3.220000000000002416, 25.01999999999998181, 0.000000000000000000 ) ) ;
#4733 = VERTEX_POINT ( 'NONE', #9984 ) ;
#4734 = CARTESIAN_POINT ( 'NONE',  ( 11.99999999999999822, 29.00999999999999091, -1.124999999999997113 ) ) ;
#4735 = DIRECTION ( 'NONE',  ( 0.000000000000000000, 6.845593068680304645E-16, -1.000000000000000000 ) ) ;
#4736 = DIRECTION ( 'NONE',  ( 1.000000000000000000, 0.000000000000000000, 0.000000000000000000 ) ) ;
#4737 = ORIENTED_EDGE ( 'NONE', *, *, #12133, .F. ) ;
#4738 = VERTEX_POINT ( 'NONE', #1347 ) ;
#4739 = VECTOR ( 'NONE', #1377, 39.37007874015748143 ) ;
#4740 = ORIENTED_EDGE ( 'NONE', *, *, #4184, .F. ) ;
#4741 = AXIS2_PLACEMENT_3D ( 'NONE', #8803, #6735, #10577 ) ;
#4742 = CARTESIAN_POINT ( 'NONE',  ( 12.75000000000000000, 26.00999999999999091, -1.281249999999994893 ) ) ;
#4743 = VERTEX_POINT ( 'NONE', #3648 ) ;
#4744 = ADVANCED_FACE ( 'NONE', ( #11407 ), #7437, .F. ) ;
#4745 = EDGE_CURVE ( 'NONE', #9230, #1583, #7565, .T. ) ;
#4746 = ORIENTED_EDGE ( 'NONE', *, *, #1833, .T. ) ;
#4747 = FACE_OUTER_BOUND ( 'NONE', #6506, .T. ) ;
#4748 = EDGE_CURVE ( 'NONE', #8356, #4916, #6617, .T. ) ;
#4749 = CIRCLE ( 'NONE', #9595, 0.1562499999999979461 ) ;
#4750 = MANIFOLD_SOLID_BREP ( 'Boss-Extrude16[2]', #11831 ) ;
#4751 = ORIENTED_EDGE ( 'NONE', *, *, #4938, .T. ) ;
#4752 = CARTESIAN_POINT ( 'NONE',  ( -11.26000000000000156, 11.24000000000000199, -0.7499999999999986677 ) ) ;
#4753 = LINE ( 'NONE', #7231, #5080 ) ;
#4754 = EDGE_LOOP ( 'NONE', ( #6989, #10337 ) ) ;
#4755 = CARTESIAN_POINT ( 'NONE',  ( -12.00000000000000355, 25.76999999999998181, 3.480000000000003091 ) ) ;
#4756 = FILL_AREA_STYLE_COLOUR ( '', #11659 ) ;
#4757 = VECTOR ( 'NONE', #10278, 39.37007874015748854 ) ;
#4758 = ADVANCED_FACE ( 'NONE', ( #6741 ), #9524, .F. ) ;
#4759 = EDGE_LOOP ( 'NONE', ( #2179, #905, #8624, #7382 ) ) ;
#4760 = DIRECTION ( 'NONE',  ( 0.000000000000000000, 0.000000000000000000, -1.000000000000000000 ) ) ;
#4761 = CARTESIAN_POINT ( 'NONE',  ( -11.99999999999999822, 59.18999999999999773, -1.500000000000000222 ) ) ;
#4762 = ORIENTED_EDGE ( 'NONE', *, *, #9721, .T. ) ;
#4763 = PLANE ( 'NONE',  #1645 ) ;
#4764 = ORIENTED_EDGE ( 'NONE', *, *, #3829, .F. ) ;
#4765 = CIRCLE ( 'NONE', #745, 0.1718500000000005301 ) ;
#4766 = CARTESIAN_POINT ( 'NONE',  ( -11.00000000000000000, 41.00999999999999801, -1.281249999999994893 ) ) ;
#4767 = DIRECTION ( 'NONE',  ( 1.000000000000000000, 0.000000000000000000, 0.000000000000000000 ) ) ;
#4768 = EDGE_LOOP ( 'NONE', ( #5447, #9596 ) ) ;
#4769 = SURFACE_STYLE_FILL_AREA ( #4640 ) ;
#4770 = DIRECTION ( 'NONE',  ( 0.000000000000000000, 0.000000000000000000, 1.000000000000000000 ) ) ;
#4771 = EDGE_CURVE ( 'NONE', #11282, #1224, #3713, .T. ) ;
#4772 = VERTEX_POINT ( 'NONE', #1705 ) ;
#4773 = CIRCLE ( 'NONE', #11814, 0.1015624999999996114 ) ;
#4774 = CARTESIAN_POINT ( 'NONE',  ( -1.740000000000002656, 54.75000000000000000, -0.7500000000000001110 ) ) ;
#4775 = CYLINDRICAL_SURFACE ( 'NONE', #4445, 0.1562499999999995837 ) ;
#4776 = DIRECTION ( 'NONE',  ( -1.000000000000000000, 0.000000000000000000, 0.000000000000000000 ) ) ;
#4777 = FACE_OUTER_BOUND ( 'NONE', #7547, .T. ) ;
#4778 = CARTESIAN_POINT ( 'NONE',  ( -12.75000000000000000, 27.50999999999998735, -1.124999999999997113 ) ) ;
#4779 = LINE ( 'NONE', #6854, #11795 ) ;
#4780 = VERTEX_POINT ( 'NONE', #5555 ) ;
#4781 = VECTOR ( 'NONE', #2646, 39.37007874015748143 ) ;
#4782 = LINE ( 'NONE', #6744, #1576 ) ;
#4783 = EDGE_CURVE ( 'NONE', #613, #10935, #5742, .T. ) ;
#4784 = DIRECTION ( 'NONE',  ( 5.537529716887026407E-16, -0.000000000000000000, 1.000000000000000000 ) ) ;
#4785 = EDGE_CURVE ( 'NONE', #1213, #11230, #10718, .T. ) ;
#4786 = VERTEX_POINT ( 'NONE', #4596 ) ;
#4787 = CARTESIAN_POINT ( 'NONE',  ( 11.00000000000000000, 27.50999999999998735, -0.9687499999999994449 ) ) ;
#4788 = CLOSED_SHELL ( 'NONE', ( #5962, #5578, #11726, #7804, #2759, #1459 ) ) ;
#4789 = CARTESIAN_POINT ( 'NONE',  ( -11.99999999999999822, 45.50999999999999091, -0.9687500000000012212 ) ) ;
#4790 = DIRECTION ( 'NONE',  ( 0.000000000000000000, 0.000000000000000000, -1.000000000000000000 ) ) ;
#4791 = FACE_OUTER_BOUND ( 'NONE', #140, .T. ) ;
#4792 = ORIENTED_EDGE ( 'NONE', *, *, #2550, .F. ) ;
#4793 = LINE ( 'NONE', #898, #9762 ) ;
#4794 = DIRECTION ( 'NONE',  ( 0.000000000000000000, 1.000000000000000000, 0.000000000000000000 ) ) ;
#4795 = ORIENTED_EDGE ( 'NONE', *, *, #5354, .T. ) ;
#4796 = ORIENTED_EDGE ( 'NONE', *, *, #12140, .T. ) ;
#4797 = CIRCLE ( 'NONE', #2782, 0.1718500000000005301 ) ;
#4798 = ORIENTED_EDGE ( 'NONE', *, *, #3147, .T. ) ;
#4799 = DIRECTION ( 'NONE',  ( -0.000000000000000000, 0.000000000000000000, 1.000000000000000000 ) ) ;
#4800 = EDGE_CURVE ( 'NONE', #8712, #3731, #693, .T. ) ;
#4801 = VERTEX_POINT ( 'NONE', #758 ) ;
#4802 = VERTEX_POINT ( 'NONE', #8440 ) ;
#4803 = CARTESIAN_POINT ( 'NONE',  ( 11.99999999999999822, 27.50999999999998735, -1.124999999999997113 ) ) ;
#4804 = AXIS2_PLACEMENT_3D ( 'NONE', #2788, #10669, #2038 ) ;
#4805 = AXIS2_PLACEMENT_3D ( 'NONE', #5143, #8041, #6159 ) ;
#4806 = DIRECTION ( 'NONE',  ( -0.000000000000000000, -1.000000000000000000, -0.000000000000000000 ) ) ;
#4807 = ORIENTED_EDGE ( 'NONE', *, *, #5367, .T. ) ;
#4808 = CARTESIAN_POINT ( 'NONE',  ( 11.99999999999999467, 3.000000000000003109, 8.589666975669972615 ) ) ;
#4809 = CARTESIAN_POINT ( 'NONE',  ( -11.28700237490141234, 51.52975399134621881, -0.9699714132464313243 ) ) ;
#4810 = EDGE_LOOP ( 'NONE', ( #7899, #6645 ) ) ;
#4811 = EDGE_CURVE ( 'NONE', #1393, #9230, #12281, .T. ) ;
#4812 = CARTESIAN_POINT ( 'NONE',  ( -11.99999999999999822, 29.00999999999999091, -0.9687499999999992228 ) ) ;
#4813 = AXIS2_PLACEMENT_3D ( 'NONE', #9656, #8632, #2768 ) ;
#4814 = EDGE_CURVE ( 'NONE', #10181, #9607, #5617, .T. ) ;
#4815 = CARTESIAN_POINT ( 'NONE',  ( 10.51999999999999957, 3.749999999999999556, 0.000000000000000000 ) ) ;
#4816 = ORIENTED_EDGE ( 'NONE', *, *, #1195, .F. ) ;
#4817 = FACE_OUTER_BOUND ( 'NONE', #10061, .T. ) ;
#4818 = CARTESIAN_POINT ( 'NONE',  ( 11.00000000000000000, 35.00999999999999091, -1.124999999999997113 ) ) ;
#4819 = ORIENTED_EDGE ( 'NONE', *, *, #3512, .F. ) ;
#4820 = CARTESIAN_POINT ( 'NONE',  ( 11.99999999999999822, 48.50999999999999091, -1.124999999999997113 ) ) ;
#4821 = AXIS2_PLACEMENT_3D ( 'NONE', #5211, #9052, #421 ) ;
#4822 = EDGE_LOOP ( 'NONE', ( #6000, #11503, #6188, #4488 ) ) ;
#4823 = ADVANCED_FACE ( 'NONE', ( #8508 ), #12342, .F. ) ;
#4824 = EDGE_CURVE ( 'NONE', #10323, #3184, #1269, .T. ) ;
#4825 = FACE_OUTER_BOUND ( 'NONE', #6769, .T. ) ;
#4826 = PLANE ( 'NONE',  #7790 ) ;
#4827 = CARTESIAN_POINT ( 'NONE',  ( 11.99999999999999822, 41.00999999999999801, -1.124999999999997113 ) ) ;
#4828 = ADVANCED_FACE ( 'NONE', ( #5796 ), #11773, .F. ) ;
#4829 = DIRECTION ( 'NONE',  ( 1.000000000000000000, -0.000000000000000000, -0.000000000000000000 ) ) ;
#4830 = AXIS2_PLACEMENT_3D ( 'NONE', #7224, #11074, #1493 ) ;
#4831 = ORIENTED_EDGE ( 'NONE', *, *, #10566, .F. ) ;
#4832 = PLANE ( 'NONE',  #8241 ) ;
#4833 = PLANE ( 'NONE',  #10487 ) ;
#4834 = FACE_OUTER_BOUND ( 'NONE', #10724, .T. ) ;
#4835 = PLANE ( 'NONE',  #7912 ) ;
#4836 = EDGE_CURVE ( 'NONE', #1629, #9522, #8101, .T. ) ;
#4837 = DIRECTION ( 'NONE',  ( 0.000000000000000000, 0.000000000000000000, -1.000000000000000000 ) ) ;
#4838 = DIRECTION ( 'NONE',  ( -1.000000000000000000, -0.000000000000000000, -0.000000000000000000 ) ) ;
#4839 = ORIENTED_EDGE ( 'NONE', *, *, #10425, .F. ) ;
#4840 = DIRECTION ( 'NONE',  ( 1.000000000000000000, -0.000000000000000000, -0.000000000000000000 ) ) ;
#4841 = DIRECTION ( 'NONE',  ( 0.000000000000000000, 0.000000000000000000, -1.000000000000000000 ) ) ;
#4842 = CARTESIAN_POINT ( 'NONE',  ( 1.739999999999997327, 57.99999999999999289, 0.000000000000000000 ) ) ;
#4843 = VERTEX_POINT ( 'NONE', #7748 ) ;
#4844 = VECTOR ( 'NONE', #235, 39.37007874015748143 ) ;
#4845 = CARTESIAN_POINT ( 'NONE',  ( 11.00000000000000000, 38.00999999999999091, -0.9687500000000009992 ) ) ;
#4846 = CARTESIAN_POINT ( 'NONE',  ( 11.99999999999999822, 54.50999999999998380, -1.124999999999997113 ) ) ;
#4847 = CARTESIAN_POINT ( 'NONE',  ( 11.99999999999999822, 59.18999999999999773, -0.7500000000000001110 ) ) ;
#4848 = DIRECTION ( 'NONE',  ( 0.000000000000000000, 1.000000000000000000, 0.000000000000000000 ) ) ;
#4849 = ORIENTED_EDGE ( 'NONE', *, *, #8372, .T. ) ;
#4850 = EDGE_CURVE ( 'NONE', #3202, #136, #11584, .T. ) ;
#4851 = SURFACE_SIDE_STYLE ('',( #2962 ) ) ;
#4852 = CARTESIAN_POINT ( 'NONE',  ( -12.75000000000000000, 26.00999999999999091, -1.124999999999997113 ) ) ;
#4853 = CARTESIAN_POINT ( 'NONE',  ( 11.43185000000000251, 13.74000000000000199, 0.000000000000000000 ) ) ;
#4854 = ORIENTED_EDGE ( 'NONE', *, *, #7764, .F. ) ;
#4855 = VECTOR ( 'NONE', #7852, 39.37007874015748143 ) ;
#4856 = EDGE_LOOP ( 'NONE', ( #9686, #11589 ) ) ;
#4857 = ORIENTED_EDGE ( 'NONE', *, *, #11080, .F. ) ;
#4858 = PLANE ( 'NONE',  #4308 ) ;
#4859 = EDGE_LOOP ( 'NONE', ( #1986, #2056, #8586, #6754 ) ) ;
#4860 = ORIENTED_EDGE ( 'NONE', *, *, #4366, .T. ) ;
#4861 = FACE_OUTER_BOUND ( 'NONE', #4724, .T. ) ;
#4862 = STYLED_ITEM ( 'NONE', ( #11610 ), #9551 ) ;
#4863 = CIRCLE ( 'NONE', #9095, 0.1562499999999995837 ) ;
#4864 = CARTESIAN_POINT ( 'NONE',  ( 1.739999999999997327, 21.22999999999999687, 0.000000000000000000 ) ) ;
#4865 = ORIENTED_EDGE ( 'NONE', *, *, #1024, .T. ) ;
#4866 = ADVANCED_FACE ( 'NONE', ( #6919 ), #242, .F. ) ;
#4867 = CARTESIAN_POINT ( 'NONE',  ( -22.06250000000002132, 3.750000000000000000, -8.612199694973096342 ) ) ;
#4868 = CARTESIAN_POINT ( 'NONE',  ( 12.75000000000000000, 57.50999999999999091, -1.281249999999994893 ) ) ;
#4869 = EDGE_CURVE ( 'NONE', #3340, #5834, #10644, .T. ) ;
#4870 = LINE ( 'NONE', #6710, #2279 ) ;
#4871 = EDGE_LOOP ( 'NONE', ( #3130, #1643, #3236, #4586 ) ) ;
#4872 = LINE ( 'NONE', #4047, #11199 ) ;
#4873 = AXIS2_PLACEMENT_3D ( 'NONE', #4408, #7372, #11212 ) ;
#4874 = VECTOR ( 'NONE', #1831, 39.37007874015748143 ) ;
#4875 = DIRECTION ( 'NONE',  ( 0.000000000000000000, 0.000000000000000000, -1.000000000000000000 ) ) ;
#4876 = ORIENTED_EDGE ( 'NONE', *, *, #9050, .T. ) ;
#4877 = ORIENTED_EDGE ( 'NONE', *, *, #3332, .F. ) ;
#4878 = CARTESIAN_POINT ( 'NONE',  ( 11.99999999999999822, 0.000000000000000000, 0.000000000000000000 ) ) ;
#4879 = AXIS2_PLACEMENT_3D ( 'NONE', #2315, #1190, #8115 ) ;
#4880 = SURFACE_STYLE_FILL_AREA ( #2867 ) ;
#4881 = VERTEX_POINT ( 'NONE', #303 ) ;
#4882 = CARTESIAN_POINT ( 'NONE',  ( -6.000000000000002665, 55.50000000000000000, 2.730000000000007088 ) ) ;
#4883 = MECHANICAL_DESIGN_GEOMETRIC_PRESENTATION_REPRESENTATION (  '', ( #5714 ), #1278 ) ;
#4884 = EDGE_CURVE ( 'NONE', #901, #3424, #2870, .T. ) ;
#4885 = VERTEX_POINT ( 'NONE', #5984 ) ;
#4886 = FACE_OUTER_BOUND ( 'NONE', #7418, .T. ) ;
#4887 = DIRECTION ( 'NONE',  ( -0.000000000000000000, -0.000000000000000000, 1.000000000000000000 ) ) ;
#4888 = CARTESIAN_POINT ( 'NONE',  ( -1.740000000000002656, 69.23000000000000398, -0.7500000000000001110 ) ) ;
#4889 = VECTOR ( 'NONE', #8525, 39.37007874015748143 ) ;
#4890 = PRESENTATION_STYLE_ASSIGNMENT (( #9759 ) ) ;
#4891 = ORIENTED_EDGE ( 'NONE', *, *, #9838, .T. ) ;
#4892 = EDGE_CURVE ( 'NONE', #2961, #12320, #4273, .T. ) ;
#4893 = EDGE_CURVE ( 'NONE', #2871, #6633, #10916, .T. ) ;
#4894 = FACE_BOUND ( 'NONE', #3312, .T. ) ;
#4895 = CARTESIAN_POINT ( 'NONE',  ( 0.000000000000000000, 0.000000000000000000, 8.589666975669972615 ) ) ;
#4896 = EDGE_CURVE ( 'NONE', #2337, #5071, #11322, .T. ) ;
#4897 = CYLINDRICAL_SURFACE ( 'NONE', #11780, 0.1562499999999979461 ) ;
#4898 = CIRCLE ( 'NONE', #11943, 0.1718500000000005301 ) ;
#4899 = DIRECTION ( 'NONE',  ( 1.000000000000000000, -0.000000000000000000, -0.000000000000000000 ) ) ;
#4900 = DIRECTION ( 'NONE',  ( -1.000000000000000000, 0.000000000000000000, 0.000000000000000000 ) ) ;
#4901 = LINE ( 'NONE', #7807, #2142 ) ;
#4902 = EDGE_LOOP ( 'NONE', ( #7260, #8837, #2286, #6124 ) ) ;
#4903 = FACE_OUTER_BOUND ( 'NONE', #11547, .T. ) ;
#4904 = CARTESIAN_POINT ( 'NONE',  ( 11.99999999999999822, 25.76999999999998181, 3.480000000000003091 ) ) ;
#4905 = DIRECTION ( 'NONE',  ( 1.000000000000000000, 0.000000000000000000, -5.537529716887026407E-16 ) ) ;
#4906 = AXIS2_PLACEMENT_3D ( 'NONE', #9792, #5765, #11605 ) ;
#4907 = EDGE_CURVE ( 'NONE', #12357, #16, #1663, .T. ) ;
#4908 = ORIENTED_EDGE ( 'NONE', *, *, #9479, .T. ) ;
#4909 = LINE ( 'NONE', #7999, #1198 ) ;
#4910 = LINE ( 'NONE', #8761, #418 ) ;
#4911 = CARTESIAN_POINT ( 'NONE',  ( -11.08815000000000062, 24.21999999999999531, -0.7499999999999972244 ) ) ;
#4912 = AXIS2_PLACEMENT_3D ( 'NONE', #10173, #9025, #12109 ) ;
#4913 = CARTESIAN_POINT ( 'NONE',  ( 11.00000000000000000, 32.00999999999999091, -1.124999999999997113 ) ) ;
#4914 = CARTESIAN_POINT ( 'NONE',  ( -6.000000000000002665, 55.50000000000000000, 2.730000000000007088 ) ) ;
#4915 = CYLINDRICAL_SURFACE ( 'NONE', #2492, 0.1562499999999993339 ) ;
#4916 = VERTEX_POINT ( 'NONE', #1130 ) ;
#4917 = CIRCLE ( 'NONE', #6339, 0.1718500000000005301 ) ;
#4918 = ORIENTED_EDGE ( 'NONE', *, *, #3995, .T. ) ;
#4919 = ORIENTED_EDGE ( 'NONE', *, *, #420, .F. ) ;
#4920 = UNCERTAINTY_MEASURE_WITH_UNIT (LENGTH_MEASURE( 1.000000000000000082E-05 ), #6023, 'distance_accuracy_value', 'NONE');
#4921 = LINE ( 'NONE', #8895, #9339 ) ;
#4922 = ORIENTED_EDGE ( 'NONE', *, *, #7764, .T. ) ;
#4923 = AXIS2_PLACEMENT_3D ( 'NONE', #4467, #8130, #6122 ) ;
#4924 = COLOUR_RGB ( '',1.000000000000000000, 1.000000000000000000, 1.000000000000000000 ) ;
#4925 = ADVANCED_FACE ( 'NONE', ( #4903 ), #3141, .F. ) ;
#4926 = ORIENTED_EDGE ( 'NONE', *, *, #9493, .F. ) ;
#4927 = DIRECTION ( 'NONE',  ( 1.000000000000000000, 0.000000000000000000, 0.000000000000000000 ) ) ;
#4928 = ORIENTED_EDGE ( 'NONE', *, *, #3238, .T. ) ;
#4929 = CARTESIAN_POINT ( 'NONE',  ( -11.99999999999999822, 10.75000000000000178, -1.499999999999998668 ) ) ;
#4930 = DIRECTION ( 'NONE',  ( 0.000000000000000000, -0.9396926207859105373, -0.3420201433256625512 ) ) ;
#4931 = CARTESIAN_POINT ( 'NONE',  ( -11.13170108226355381, 51.58549438814473120, -0.9881033736407709434 ) ) ;
#4932 = ORIENTED_EDGE ( 'NONE', *, *, #7752, .F. ) ;
#4933 = AXIS2_PLACEMENT_3D ( 'NONE', #12215, #10276, #9321 ) ;
#4934 = VECTOR ( 'NONE', #8320, 39.37007874015748143 ) ;
#4935 = CARTESIAN_POINT ( 'NONE',  ( -11.99999999999999822, 0.000000000000000000, 0.000000000000000000 ) ) ;
#4936 = FACE_OUTER_BOUND ( 'NONE', #5511, .T. ) ;
#4937 = ADVANCED_FACE ( 'NONE', ( #6984 ), #3955, .F. ) ;
#4938 = EDGE_CURVE ( 'NONE', #10938, #1352, #10769, .T. ) ;
#4939 = VERTEX_POINT ( 'NONE', #11832 ) ;
#4940 = CIRCLE ( 'NONE', #3740, 0.1718500000000005301 ) ;
#4941 = AXIS2_PLACEMENT_3D ( 'NONE', #4138, #6040, #9888 ) ;
#4942 = FACE_OUTER_BOUND ( 'NONE', #3169, .T. ) ;
#4943 = CARTESIAN_POINT ( 'NONE',  ( 11.00000000000000000, 38.00999999999999091, -1.281249999999993117 ) ) ;
#4944 = ORIENTED_EDGE ( 'NONE', *, *, #11472, .F. ) ;
#4945 = LINE ( 'NONE', #7023, #10699 ) ;
#4946 = VERTEX_POINT ( 'NONE', #8876 ) ;
#4947 = CYLINDRICAL_SURFACE ( 'NONE', #6363, 0.1562499999999990563 ) ;
#4948 = SURFACE_STYLE_USAGE ( .BOTH. , #3308 ) ;
#4949 = AXIS2_PLACEMENT_3D ( 'NONE', #4755, #7719, #8597 ) ;
#4950 = MANIFOLD_SOLID_BREP ( 'Cut-Extrude5[2]', #2981 ) ;
#4951 = DIRECTION ( 'NONE',  ( 0.000000000000000000, -0.000000000000000000, -1.000000000000000000 ) ) ;
#4952 = FACE_OUTER_BOUND ( 'NONE', #2487, .T. ) ;
#4953 = DIRECTION ( 'NONE',  ( 1.000000000000000000, 0.000000000000000000, 0.000000000000000000 ) ) ;
#4954 = ADVANCED_FACE ( 'NONE', ( #6173 ), #11643, .F. ) ;
#4955 = EDGE_LOOP ( 'NONE', ( #2590, #8283 ) ) ;
#4956 = FACE_BOUND ( 'NONE', #698, .T. ) ;
#4957 = VECTOR ( 'NONE', #10082, 39.37007874015748143 ) ;
#4958 = LINE ( 'NONE', #360, #4844 ) ;
#4959 = CARTESIAN_POINT ( 'NONE',  ( -10.51999999999999957, 4.500000000000000888, 8.589666975669972615 ) ) ;
#4960 = DIRECTION ( 'NONE',  ( -1.000000000000000000, -0.000000000000000000, -0.000000000000000000 ) ) ;
#4961 = DIRECTION ( 'NONE',  ( -0.000000000000000000, -0.000000000000000000, 1.000000000000000000 ) ) ;
#4962 = CYLINDRICAL_SURFACE ( 'NONE', #11806, 0.1562499999999979461 ) ;
#4963 = ORIENTED_EDGE ( 'NONE', *, *, #12010, .T. ) ;
#4964 = CARTESIAN_POINT ( 'NONE',  ( 1.739999999999997327, 57.99999999999999289, 0.000000000000000000 ) ) ;
#4965 = EDGE_CURVE ( 'NONE', #9004, #5983, #7359, .T. ) ;
#4966 = AXIS2_PLACEMENT_3D ( 'NONE', #7067, #4037, #5051 ) ;
#4967 = DIRECTION ( 'NONE',  ( 0.000000000000000000, 0.000000000000000000, -1.000000000000000000 ) ) ;
#4968 = FACE_BOUND ( 'NONE', #10355, .T. ) ;
#4969 = EDGE_CURVE ( 'NONE', #5932, #16, #10954, .T. ) ;
#4970 = ORIENTED_EDGE ( 'NONE', *, *, #5769, .T. ) ;
#4971 = CYLINDRICAL_SURFACE ( 'NONE', #2003, 0.1718500000000005301 ) ;
#4972 = CARTESIAN_POINT ( 'NONE',  ( 1.739999999999997327, 29.24999999999999289, 0.000000000000000000 ) ) ;
#4973 = FACE_OUTER_BOUND ( 'NONE', #12285, .T. ) ;
#4974 = PRESENTATION_LAYER_ASSIGNMENT (  '', '', ( #8808 ) ) ;
#4975 = PLANE ( 'NONE',  #9301 ) ;
#4976 = DIRECTION ( 'NONE',  ( 1.000000000000000000, 0.000000000000000000, 0.000000000000000000 ) ) ;
#4977 = CARTESIAN_POINT ( 'NONE',  ( 12.75000000000000000, 29.97999999999998977, 2.729999999999999982 ) ) ;
#4978 = ORIENTED_EDGE ( 'NONE', *, *, #3498, .T. ) ;
#4979 = EDGE_CURVE ( 'NONE', #2091, #1027, #5158, .T. ) ;
#4980 = VERTEX_POINT ( 'NONE', #4205 ) ;
#4981 = ORIENTED_EDGE ( 'NONE', *, *, #11825, .T. ) ;
#4982 = DIRECTION ( 'NONE',  ( -0.000000000000000000, -0.000000000000000000, -1.000000000000000000 ) ) ;
#4983 = VERTEX_POINT ( 'NONE', #1566 ) ;
#4984 = VECTOR ( 'NONE', #1618, 39.37007874015748143 ) ;
#4985 = EDGE_LOOP ( 'NONE', ( #6444, #30 ) ) ;
#4986 = CARTESIAN_POINT ( 'NONE',  ( -11.99999999999999822, 10.75000000000000178, -1.500000000000000222 ) ) ;
#4987 = MANIFOLD_SOLID_BREP ( 'Cut-Extrude4[1]', #12236 ) ;
#4988 = LINE ( 'NONE', #10548, #6881 ) ;
#4989 = EDGE_LOOP ( 'NONE', ( #2752, #11018 ) ) ;
#4990 = LINE ( 'NONE', #8839, #7081 ) ;
#4991 = DIRECTION ( 'NONE',  ( 0.000000000000000000, 1.000000000000000000, 0.000000000000000000 ) ) ;
#4992 = CARTESIAN_POINT ( 'NONE',  ( -11.99999999999999822, 38.00999999999999091, -1.124999999999997113 ) ) ;
#4993 = ORIENTED_EDGE ( 'NONE', *, *, #7968, .F. ) ;
#4994 = CLOSED_SHELL ( 'NONE', ( #8572, #389, #6794, #4828, #2198, #7136, #5640, #12363, #10273, #4010, #9761, #1932, #176, #10163 ) ) ;
#4995 = EDGE_CURVE ( 'NONE', #1807, #3377, #9938, .T. ) ;
#4996 = CARTESIAN_POINT ( 'NONE',  ( -10.51999999999999957, 3.750000000000003553, -0.7500000000000001110 ) ) ;
#4997 = ORIENTED_EDGE ( 'NONE', *, *, #356, .T. ) ;
#4998 = SURFACE_STYLE_FILL_AREA ( #10801 ) ;
#4999 = EDGE_LOOP ( 'NONE', ( #4211, #2854 ) ) ;
#5000 = VECTOR ( 'NONE', #1032, 39.37007874015748143 ) ;
#5001 = VECTOR ( 'NONE', #4080, 39.37007874015748143 ) ;
#5002 = DIRECTION ( 'NONE',  ( 0.000000000000000000, 0.000000000000000000, -1.000000000000000000 ) ) ;
#5003 = PLANE ( 'NONE',  #7 ) ;
#5004 = EDGE_LOOP ( 'NONE', ( #11363, #9876, #4740, #676 ) ) ;
#5005 = DIRECTION ( 'NONE',  ( 1.000000000000000000, -0.000000000000000000, -0.000000000000000000 ) ) ;
#5006 = EDGE_LOOP ( 'NONE', ( #1049, #9660, #4083, #5060 ) ) ;
#5007 = EDGE_CURVE ( 'NONE', #12297, #1717, #7097, .T. ) ;
#5008 = DIRECTION ( 'NONE',  ( 1.000000000000000000, -0.000000000000000000, -0.000000000000000000 ) ) ;
#5009 = EDGE_CURVE ( 'NONE', #7982, #12392, #8237, .T. ) ;
#5010 = COLOUR_RGB ( '',1.000000000000000000, 1.000000000000000000, 1.000000000000000000 ) ;
#5011 = MANIFOLD_SOLID_BREP ( 'Boss-Extrude4[4]', #10039 ) ;
#5012 =( CONVERSION_BASED_UNIT ( 'INCH', #1179 ) LENGTH_UNIT ( ) NAMED_UNIT ( #6080 ) );
#5013 = FACE_OUTER_BOUND ( 'NONE', #3788, .T. ) ;
#5014 = ORIENTED_EDGE ( 'NONE', *, *, #6056, .T. ) ;
#5015 = DIMENSIONAL_EXPONENTS ( 1.000000000000000000, 0.000000000000000000, 0.000000000000000000, 0.000000000000000000, 0.000000000000000000, 0.000000000000000000, 0.000000000000000000 ) ;
#5016 = AXIS2_PLACEMENT_3D ( 'NONE', #8499, #7678, #12394 ) ;
#5017 = CARTESIAN_POINT ( 'NONE',  ( -12.75000000000000000, 33.50999999999999091, -1.281249999999994893 ) ) ;
#5018 = MECHANICAL_DESIGN_GEOMETRIC_PRESENTATION_REPRESENTATION (  '', ( #1810 ), #4624 ) ;
#5019 = CARTESIAN_POINT ( 'NONE',  ( -12.75000000000000000, 53.00999999999999091, -1.124999999999997113 ) ) ;
#5020 = EDGE_LOOP ( 'NONE', ( #11406, #3288, #12382, #9097 ) ) ;
#5021 = CARTESIAN_POINT ( 'NONE',  ( -22.06250000000002132, 4.500000000000000888, -8.339222019273449860 ) ) ;
#5022 = DIRECTION ( 'NONE',  ( 0.000000000000000000, 0.000000000000000000, 1.000000000000000000 ) ) ;
#5023 = DIRECTION ( 'NONE',  ( -1.000000000000000000, 0.000000000000000000, 0.000000000000000000 ) ) ;
#5024 = ADVANCED_FACE ( 'NONE', ( #1626 ), #3569, .T. ) ;
#5025 = DIRECTION ( 'NONE',  ( 0.000000000000000000, 0.000000000000000000, -1.000000000000000000 ) ) ;
#5026 = EDGE_CURVE ( 'NONE', #6725, #7658, #10928, .T. ) ;
#5027 = CARTESIAN_POINT ( 'NONE',  ( 0.3749999999999975020, 69.23000000000000398, 0.000000000000000000 ) ) ;
#5028 = VERTEX_POINT ( 'NONE', #1753 ) ;
#5029 = DIRECTION ( 'NONE',  ( 0.000000000000000000, 0.000000000000000000, 1.000000000000000000 ) ) ;
#5030 = VECTOR ( 'NONE', #7973, 39.37007874015748143 ) ;
#5031 = PLANE ( 'NONE',  #10837 ) ;
#5032 = LINE ( 'NONE', #10587, #1707 ) ;
#5033 = ORIENTED_EDGE ( 'NONE', *, *, #3360, .F. ) ;
#5034 = DIRECTION ( 'NONE',  ( -1.000000000000000000, 0.000000000000000000, 0.000000000000000000 ) ) ;
#5035 = DIRECTION ( 'NONE',  ( -1.000000000000000000, 0.000000000000000000, 0.000000000000000000 ) ) ;
#5036 = VECTOR ( 'NONE', #10901, 39.37007874015748143 ) ;
#5037 = CARTESIAN_POINT ( 'NONE',  ( -12.75000000000000000, 32.00999999999999091, -1.124999999999997113 ) ) ;
#5038 = FACE_OUTER_BOUND ( 'NONE', #11807, .T. ) ;
#5039 = CYLINDRICAL_SURFACE ( 'NONE', #507, 0.1718500000000005301 ) ;
#5040 = ADVANCED_FACE ( 'NONE', ( #7420 ), #10446, .F. ) ;
#5041 = DIRECTION ( 'NONE',  ( 0.000000000000000000, -0.3420201433256630508, 0.9396926207859105373 ) ) ;
#5042 = EDGE_LOOP ( 'NONE', ( #8588, #2669, #12174, #1404 ) ) ;
#5043 = ORIENTED_EDGE ( 'NONE', *, *, #11489, .T. ) ;
#5044 = VERTEX_POINT ( 'NONE', #12448 ) ;
#5045 = DIRECTION ( 'NONE',  ( 1.000000000000000000, 0.000000000000000000, 0.000000000000000000 ) ) ;
#5046 = AXIS2_PLACEMENT_3D ( 'NONE', #4197, #1312, #10698 ) ;
#5047 = EDGE_LOOP ( 'NONE', ( #3741, #141 ) ) ;
#5048 = CYLINDRICAL_SURFACE ( 'NONE', #7427, 0.1562499999999957812 ) ;
#5049 = EDGE_CURVE ( 'NONE', #11023, #5683, #5476, .T. ) ;
#5050 = EDGE_CURVE ( 'NONE', #7578, #573, #1815, .T. ) ;
#5051 = DIRECTION ( 'NONE',  ( 0.000000000000000000, 0.000000000000000000, -1.000000000000000000 ) ) ;
#5052 = CIRCLE ( 'NONE', #6673, 0.1562499999999957812 ) ;
#5053 = CYLINDRICAL_SURFACE ( 'NONE', #4051, 0.1718500000000005301 ) ;
#5054 = VERTEX_POINT ( 'NONE', #9575 ) ;
#5055 = FACE_OUTER_BOUND ( 'NONE', #3418, .T. ) ;
#5056 = DIRECTION ( 'NONE',  ( 0.000000000000000000, 0.000000000000000000, 1.000000000000000000 ) ) ;
#5057 = AXIS2_PLACEMENT_3D ( 'NONE', #3453, #7370, #686 ) ;
#5058 = EDGE_CURVE ( 'NONE', #9562, #8446, #11266, .T. ) ;
#5059 = DIRECTION ( 'NONE',  ( 0.000000000000000000, -7.850137912828339862E-17, 1.000000000000000000 ) ) ;
#5060 = ORIENTED_EDGE ( 'NONE', *, *, #2738, .F. ) ;
#5061 = FACE_BOUND ( 'NONE', #12293, .T. ) ;
#5062 = ORIENTED_EDGE ( 'NONE', *, *, #10493, .F. ) ;
#5063 =( LENGTH_UNIT ( ) NAMED_UNIT ( * ) SI_UNIT ( $, .METRE. ) );
#5064 = CIRCLE ( 'NONE', #848, 0.1562499999999979461 ) ;
#5065 = CIRCLE ( 'NONE', #3852, 0.1562499999999993339 ) ;
#5066 = ORIENTED_EDGE ( 'NONE', *, *, #3703, .T. ) ;
#5067 = LINE ( 'NONE', #1416, #1595 ) ;
#5068 = EDGE_CURVE ( 'NONE', #3486, #1355, #9508, .T. ) ;
#5069 = PLANE ( 'NONE',  #3416 ) ;
#5070 =( CONVERSION_BASED_UNIT ( 'INCH', #3181 ) LENGTH_UNIT ( ) NAMED_UNIT ( #774 ) );
#5071 = VERTEX_POINT ( 'NONE', #9441 ) ;
#5072 = LINE ( 'NONE', #5840, #8487 ) ;
#5073 = ORIENTED_EDGE ( 'NONE', *, *, #3279, .F. ) ;
#5074 = CIRCLE ( 'NONE', #9513, 0.1718500000000005301 ) ;
#5075 = CARTESIAN_POINT ( 'NONE',  ( 11.99999999999999467, 4.500000000000002665, 8.589666975669972615 ) ) ;
#5076 =( LENGTH_UNIT ( ) NAMED_UNIT ( * ) SI_UNIT ( $, .METRE. ) );
#5077 = LINE ( 'NONE', #5971, #7511 ) ;
#5078 = DIRECTION ( 'NONE',  ( 1.000000000000000000, 0.000000000000000000, 0.000000000000000000 ) ) ;
#5079 = ORIENTED_EDGE ( 'NONE', *, *, #11133, .F. ) ;
#5080 = VECTOR ( 'NONE', #6647, 39.37007874015748143 ) ;
#5081 = EDGE_CURVE ( 'NONE', #10126, #2189, #5729, .T. ) ;
#5082 =( GEOMETRIC_REPRESENTATION_CONTEXT ( 3 ) GLOBAL_UNCERTAINTY_ASSIGNED_CONTEXT ( ( #8461 ) ) GLOBAL_UNIT_ASSIGNED_CONTEXT ( ( #3584, #6557, #2702 ) ) REPRESENTATION_CONTEXT ( 'NONE', 'WORKASPACE' ) );
#5083 = FACE_BOUND ( 'NONE', #519, .T. ) ;
#5084 = CARTESIAN_POINT ( 'NONE',  ( -0.3750000000000027200, 21.22999999999999687, -0.5000000000000001110 ) ) ;
#5085 = ORIENTED_EDGE ( 'NONE', *, *, #10615, .T. ) ;
#5086 = DIRECTION ( 'NONE',  ( -0.000000000000000000, -0.000000000000000000, 1.000000000000000000 ) ) ;
#5087 = CARTESIAN_POINT ( 'NONE',  ( 0.000000000000000000, 3.750000000000003553, 0.000000000000000000 ) ) ;
#5088 = DIRECTION ( 'NONE',  ( 1.000000000000000000, -0.000000000000000000, -0.000000000000000000 ) ) ;
#5089 = FACE_OUTER_BOUND ( 'NONE', #2907, .T. ) ;
#5090 = PLANE ( 'NONE',  #6582 ) ;
#5091 = VERTEX_POINT ( 'NONE', #805 ) ;
#5092 = VECTOR ( 'NONE', #6509, 39.37007874015748143 ) ;
#5093 = DIRECTION ( 'NONE',  ( 0.000000000000000000, 0.000000000000000000, -1.000000000000000000 ) ) ;
#5094 = CYLINDRICAL_SURFACE ( 'NONE', #11838, 0.1562499999999979461 ) ;
#5095 = CARTESIAN_POINT ( 'NONE',  ( 11.41154437375657871, 51.61881992549620435, -1.012697791358484478 ) ) ;
#5096 = MANIFOLD_SOLID_BREP ( 'Boss-Extrude10[2]', #5803 ) ;
#5097 = EDGE_CURVE ( 'NONE', #2306, #4562, #5077, .T. ) ;
#5098 = ORIENTED_EDGE ( 'NONE', *, *, #11422, .F. ) ;
#5099 = EDGE_CURVE ( 'NONE', #1894, #778, #3761, .T. ) ;
#5100 = DIRECTION ( 'NONE',  ( -0.000000000000000000, 0.000000000000000000, 1.000000000000000000 ) ) ;
#5101 = AXIS2_PLACEMENT_3D ( 'NONE', #4349, #256, #11031 ) ;
#5102 = DIRECTION ( 'NONE',  ( -0.000000000000000000, -0.000000000000000000, 1.000000000000000000 ) ) ;
#5103 = DIMENSIONAL_EXPONENTS ( 1.000000000000000000, 0.000000000000000000, 0.000000000000000000, 0.000000000000000000, 0.000000000000000000, 0.000000000000000000, 0.000000000000000000 ) ;
#5104 = DIRECTION ( 'NONE',  ( 1.000000000000000000, 0.000000000000000000, 0.000000000000000000 ) ) ;
#5105 = CYLINDRICAL_SURFACE ( 'NONE', #8289, 0.1562499999999979461 ) ;
#5106 = FACE_OUTER_BOUND ( 'NONE', #11316, .T. ) ;
#5107 = CARTESIAN_POINT ( 'NONE',  ( -3.220000000000002416, 57.99999999999999289, 0.000000000000000000 ) ) ;
#5108 = ORIENTED_EDGE ( 'NONE', *, *, #10414, .T. ) ;
#5109 = ORIENTED_EDGE ( 'NONE', *, *, #10206, .T. ) ;
#5110 = CIRCLE ( 'NONE', #11357, 0.1562499999999979461 ) ;
#5111 = VERTEX_POINT ( 'NONE', #105 ) ;
#5112 = LINE ( 'NONE', #4224, #286 ) ;
#5113 = ORIENTED_EDGE ( 'NONE', *, *, #10482, .T. ) ;
#5114 = EDGE_CURVE ( 'NONE', #8468, #7273, #2672, .T. ) ;
#5115 = CARTESIAN_POINT ( 'NONE',  ( 3.219999999999996643, 25.01999999999998181, 0.7500000000000001110 ) ) ;
#5116 = CARTESIAN_POINT ( 'NONE',  ( -11.08815000000000062, 51.69999999999999574, 0.000000000000000000 ) ) ;
#5117 = AXIS2_PLACEMENT_3D ( 'NONE', #12267, #5479, #3447 ) ;
#5118 = FACE_OUTER_BOUND ( 'NONE', #5370, .T. ) ;
#5119 = ORIENTED_EDGE ( 'NONE', *, *, #7393, .F. ) ;
#5120 = LINE ( 'NONE', #6073, #866 ) ;
#5121 = DIRECTION ( 'NONE',  ( 1.000000000000000000, 0.000000000000000000, 0.000000000000000000 ) ) ;
#5122 = CARTESIAN_POINT ( 'NONE',  ( 11.08815000000000062, 49.19999999999999574, -1.499999999999993783 ) ) ;
#5123 = EDGE_LOOP ( 'NONE', ( #1966, #4118 ) ) ;
#5124 = DIRECTION ( 'NONE',  ( 1.000000000000000000, -0.000000000000000000, -0.000000000000000000 ) ) ;
#5125 = VERTEX_POINT ( 'NONE', #7858 ) ;
#5126 = VECTOR ( 'NONE', #2558, 39.37007874015748143 ) ;
#5127 = EDGE_CURVE ( 'NONE', #1209, #7234, #8711, .T. ) ;
#5128 = COLOUR_RGB ( '',1.000000000000000000, 1.000000000000000000, 1.000000000000000000 ) ;
#5129 = LENGTH_MEASURE_WITH_UNIT ( LENGTH_MEASURE( 0.02539999999999999897 ), #1291 );
#5130 = ORIENTED_EDGE ( 'NONE', *, *, #9778, .T. ) ;
#5131 = EDGE_CURVE ( 'NONE', #9973, #8813, #467, .T. ) ;
#5132 = DIRECTION ( 'NONE',  ( 1.000000000000000000, -0.000000000000000000, -0.000000000000000000 ) ) ;
#5133 = CARTESIAN_POINT ( 'NONE',  ( -12.75000000000000355, 25.01999999999998181, 3.479999999999999982 ) ) ;
#5134 = AXIS2_PLACEMENT_3D ( 'NONE', #6614, #8375, #8503 ) ;
#5135 = VERTEX_POINT ( 'NONE', #1055 ) ;
#5136 = DIRECTION ( 'NONE',  ( -1.000000000000000000, -0.000000000000000000, -5.537529716887025421E-16 ) ) ;
#5137 = ORIENTED_EDGE ( 'NONE', *, *, #3557, .F. ) ;
#5138 = CARTESIAN_POINT ( 'NONE',  ( -11.13962516857941942, 51.57719283647680442, -1.266157306720311793 ) ) ;
#5139 = DIRECTION ( 'NONE',  ( -0.000000000000000000, 0.000000000000000000, -1.000000000000000000 ) ) ;
#5140 = MANIFOLD_SOLID_BREP ( 'Mirror1[4]', #9017 ) ;
#5141 = CARTESIAN_POINT ( 'NONE',  ( 0.000000000000000000, 3.750000000000000888, 0.000000000000000000 ) ) ;
#5142 = EDGE_CURVE ( 'NONE', #11671, #8692, #10630, .T. ) ;
#5143 = CARTESIAN_POINT ( 'NONE',  ( -12.75000000000000355, 29.97999999999998977, 3.479999999999999538 ) ) ;
#5144 = CIRCLE ( 'NONE', #11181, 0.1718500000000005301 ) ;
#5145 = AXIS2_PLACEMENT_3D ( 'NONE', #2192, #6226, #5218 ) ;
#5146 = ORIENTED_EDGE ( 'NONE', *, *, #1596, .T. ) ;
#5147 = DIRECTION ( 'NONE',  ( 1.000000000000000000, 0.000000000000000000, 0.000000000000000000 ) ) ;
#5148 =( LENGTH_UNIT ( ) NAMED_UNIT ( * ) SI_UNIT ( $, .METRE. ) );
#5149 = ORIENTED_EDGE ( 'NONE', *, *, #1833, .F. ) ;
#5150 = DIRECTION ( 'NONE',  ( 0.000000000000000000, -1.000000000000000000, 0.000000000000000000 ) ) ;
#5151 = DIRECTION ( 'NONE',  ( 0.000000000000000000, 1.000000000000000000, 0.000000000000000000 ) ) ;
#5152 = VECTOR ( 'NONE', #10490, 39.37007874015748143 ) ;
#5153 = DIRECTION ( 'NONE',  ( -1.000000000000000000, 0.000000000000000000, 0.000000000000000000 ) ) ;
#5154 = LINE ( 'NONE', #8700, #3013 ) ;
#5155 = DIRECTION ( 'NONE',  ( 1.000000000000000000, -0.000000000000000000, -0.000000000000000000 ) ) ;
#5156 = DIRECTION ( 'NONE',  ( 0.000000000000000000, 0.000000000000000000, 1.000000000000000000 ) ) ;
#5157 = ORIENTED_EDGE ( 'NONE', *, *, #5131, .T. ) ;
#5158 = LINE ( 'NONE', #9000, #8702 ) ;
#5159 = ADVANCED_FACE ( 'NONE', ( #7795 ), #11629, .F. ) ;
#5160 = CARTESIAN_POINT ( 'NONE',  ( 11.43185000000000251, 51.69999999999999574, -2.250000000000000444 ) ) ;
#5161 = CARTESIAN_POINT ( 'NONE',  ( -22.06250000000002132, 48.71000000000000085, -0.7499999999999940048 ) ) ;
#5162 = CIRCLE ( 'NONE', #3948, 0.1718500000000005301 ) ;
#5163 = MANIFOLD_SOLID_BREP ( 'Cut-Extrude3[1]', #8413 ) ;
#5164 = ORIENTED_EDGE ( 'NONE', *, *, #9057, .T. ) ;
#5165 = PLANE ( 'NONE',  #5632 ) ;
#5166 = CARTESIAN_POINT ( 'NONE',  ( 10.51999999999999957, 21.22999999999999687, -1.500000000000000222 ) ) ;
#5167 = DIRECTION ( 'NONE',  ( -0.000000000000000000, 7.850137912828339862E-17, -1.000000000000000000 ) ) ;
#5168 = DIRECTION ( 'NONE',  ( 0.000000000000000000, 0.000000000000000000, -1.000000000000000000 ) ) ;
#5169 = CARTESIAN_POINT ( 'NONE',  ( 11.26000000000000156, 21.71999999999999886, -2.250000000000000444 ) ) ;
#5170 = CARTESIAN_POINT ( 'NONE',  ( 10.51999999999999957, 3.750000000000003553, -1.500000000000000222 ) ) ;
#5171 = EDGE_LOOP ( 'NONE', ( #7572, #11685, #6639, #3153 ) ) ;
#5172 = VECTOR ( 'NONE', #2258, 39.37007874015748143 ) ;
#5173 = ADVANCED_FACE ( 'NONE', ( #10131 ), #8794, .F. ) ;
#5174 = EDGE_LOOP ( 'NONE', ( #3261, #3036, #9832, #501 ) ) ;
#5175 = ADVANCED_FACE ( 'NONE', ( #2366 ), #3309, .F. ) ;
#5176 = ORIENTED_EDGE ( 'NONE', *, *, #1547, .T. ) ;
#5177 = DIRECTION ( 'NONE',  ( 1.000000000000000000, 0.000000000000000000, 0.000000000000000000 ) ) ;
#5178 = VERTEX_POINT ( 'NONE', #7154 ) ;
#5179 = CARTESIAN_POINT ( 'NONE',  ( -11.43185000000000251, 49.19999999999999574, -1.500000000000000222 ) ) ;
#5180 = CIRCLE ( 'NONE', #8196, 0.1562499999999957812 ) ;
#5181 = CARTESIAN_POINT ( 'NONE',  ( 11.41573461383527643, 51.62717745236783884, -1.228554184012478290 ) ) ;
#5182 = PRESENTATION_STYLE_ASSIGNMENT (( #7320 ) ) ;
#5183 = MANIFOLD_SOLID_BREP ( 'Boss-Extrude25', #2769 ) ;
#5184 = CARTESIAN_POINT ( 'NONE',  ( 10.51999999999999957, 59.18999999999999773, -0.7500000000000001110 ) ) ;
#5185 = ORIENTED_EDGE ( 'NONE', *, *, #5945, .F. ) ;
#5186 = FACE_OUTER_BOUND ( 'NONE', #4394, .T. ) ;
#5187 = CARTESIAN_POINT ( 'NONE',  ( 1.739999999999997327, 57.99999999999999289, 0.000000000000000000 ) ) ;
#5188 = CARTESIAN_POINT ( 'NONE',  ( 11.08815000000000062, 51.69999999999999574, -2.250000000000000444 ) ) ;
#5189 = ORIENTED_EDGE ( 'NONE', *, *, #7160, .F. ) ;
#5190 = DIRECTION ( 'NONE',  ( -1.000000000000000000, 0.000000000000000000, 0.000000000000000000 ) ) ;
#5191 = ORIENTED_EDGE ( 'NONE', *, *, #11938, .T. ) ;
#5192 = EDGE_CURVE ( 'NONE', #7812, #3458, #1551, .T. ) ;
#5193 = DIMENSIONAL_EXPONENTS ( 1.000000000000000000, 0.000000000000000000, 0.000000000000000000, 0.000000000000000000, 0.000000000000000000, 0.000000000000000000, 0.000000000000000000 ) ;
#5194 = COLOUR_RGB ( '',1.000000000000000000, 1.000000000000000000, 1.000000000000000000 ) ;
#5195 = DIRECTION ( 'NONE',  ( -0.000000000000000000, -0.000000000000000000, 1.000000000000000000 ) ) ;
#5196 = ORIENTED_EDGE ( 'NONE', *, *, #12391, .T. ) ;
#5197 = FACE_OUTER_BOUND ( 'NONE', #2798, .T. ) ;
#5198 = CARTESIAN_POINT ( 'NONE',  ( -12.75000000000000000, 51.50999999999999091, -1.124999999999997113 ) ) ;
#5199 = SURFACE_SIDE_STYLE ('',( #11121 ) ) ;
#5200 = EDGE_CURVE ( 'NONE', #11371, #4645, #6279, .T. ) ;
#5201 = ORIENTED_EDGE ( 'NONE', *, *, #2956, .F. ) ;
#5202 = CYLINDRICAL_SURFACE ( 'NONE', #8681, 0.1718500000000005301 ) ;
#5203 = EDGE_LOOP ( 'NONE', ( #1025, #2508 ) ) ;
#5204 = LINE ( 'NONE', #3307, #1124 ) ;
#5205 = ADVANCED_FACE ( 'NONE', ( #5336 ), #12068, .F. ) ;
#5206 = LENGTH_MEASURE_WITH_UNIT ( LENGTH_MEASURE( 0.02539999999999999897 ), #5076 );
#5207 = AXIS2_PLACEMENT_3D ( 'NONE', #5808, #1315, #363 ) ;
#5208 = AXIS2_PLACEMENT_3D ( 'NONE', #1999, #4829, #6787 ) ;
#5209 = LINE ( 'NONE', #8986, #11647 ) ;
#5210 = ORIENTED_EDGE ( 'NONE', *, *, #8398, .T. ) ;
#5211 = CARTESIAN_POINT ( 'NONE',  ( -12.00000000000000355, 25.76999999999998181, 3.480000000000003091 ) ) ;
#5212 = ADVANCED_FACE ( 'NONE', ( #10373 ), #12128, .T. ) ;
#5213 = FILL_AREA_STYLE_COLOUR ( '', #969 ) ;
#5214 = EDGE_CURVE ( 'NONE', #8853, #1894, #2609, .T. ) ;
#5215 = ORIENTED_EDGE ( 'NONE', *, *, #11603, .T. ) ;
#5216 = CARTESIAN_POINT ( 'NONE',  ( 11.00000000000000000, 35.00999999999999091, -1.124999999999997113 ) ) ;
#5217 = VECTOR ( 'NONE', #8012, 39.37007874015748143 ) ;
#5218 = DIRECTION ( 'NONE',  ( 0.000000000000000000, 0.000000000000000000, -1.000000000000000000 ) ) ;
#5219 = VECTOR ( 'NONE', #7549, 39.37007874015748143 ) ;
#5220 = CARTESIAN_POINT ( 'NONE',  ( -12.75000000000000355, 29.97999999999998977, 3.479999999999999538 ) ) ;
#5221 = DIRECTION ( 'NONE',  ( 0.000000000000000000, 0.000000000000000000, -1.000000000000000000 ) ) ;
#5222 = ADVANCED_FACE ( 'NONE', ( #7532 ), #11189, .F. ) ;
#5223 = CARTESIAN_POINT ( 'NONE',  ( -12.00000000000000355, 25.01999999999998536, 0.000000000000000000 ) ) ;
#5224 = ORIENTED_EDGE ( 'NONE', *, *, #12391, .F. ) ;
#5225 = DIRECTION ( 'NONE',  ( -0.000000000000000000, -0.000000000000000000, -1.000000000000000000 ) ) ;
#5226 = DIRECTION ( 'NONE',  ( 0.000000000000000000, 0.000000000000000000, 1.000000000000000000 ) ) ;
#5227 = DIRECTION ( 'NONE',  ( 0.000000000000000000, -1.000000000000000000, -0.000000000000000000 ) ) ;
#5228 = ORIENTED_EDGE ( 'NONE', *, *, #1958, .T. ) ;
#5229 = AXIS2_PLACEMENT_3D ( 'NONE', #8089, #11929, #9162 ) ;
#5230 = EDGE_LOOP ( 'NONE', ( #9204, #10685 ) ) ;
#5231 = PLANE ( 'NONE',  #11073 ) ;
#5232 = EDGE_CURVE ( 'NONE', #1507, #1899, #5585, .T. ) ;
#5233 = CYLINDRICAL_SURFACE ( 'NONE', #5057, 0.1562499999999979461 ) ;
#5234 = LINE ( 'NONE', #4345, #4322 ) ;
#5235 = CARTESIAN_POINT ( 'NONE',  ( -12.00000000000000355, 25.76999999999998181, 3.480000000000003091 ) ) ;
#5236 = DIRECTION ( 'NONE',  ( 0.000000000000000000, 0.000000000000000000, -1.000000000000000000 ) ) ;
#5237 = AXIS2_PLACEMENT_3D ( 'NONE', #2431, #5147, #12132 ) ;
#5238 = DIRECTION ( 'NONE',  ( 1.000000000000000000, -0.000000000000000000, -0.000000000000000000 ) ) ;
#5239 = ORIENTED_EDGE ( 'NONE', *, *, #650, .F. ) ;
#5240 = COLOUR_RGB ( '',1.000000000000000000, 1.000000000000000000, 1.000000000000000000 ) ;
#5241 = ORIENTED_EDGE ( 'NONE', *, *, #11867, .F. ) ;
#5242 = ORIENTED_EDGE ( 'NONE', *, *, #11905, .F. ) ;
#5243 = DIRECTION ( 'NONE',  ( 1.000000000000000000, -0.000000000000000000, -0.000000000000000000 ) ) ;
#5244 = VERTEX_POINT ( 'NONE', #1740 ) ;
#5245 = VECTOR ( 'NONE', #12256, 39.37007874015748143 ) ;
#5246 = CARTESIAN_POINT ( 'NONE',  ( 10.51999999999999957, 52.18999999999999773, -1.500000000000000222 ) ) ;
#5247 = EDGE_CURVE ( 'NONE', #11907, #6155, #7472, .T. ) ;
#5248 = CARTESIAN_POINT ( 'NONE',  ( 0.000000000000000000, 28.49999999999998579, 0.000000000000000000 ) ) ;
#5249 =( NAMED_UNIT ( * ) SI_UNIT ( $, .STERADIAN. ) SOLID_ANGLE_UNIT ( ) );
#5250 = CARTESIAN_POINT ( 'NONE',  ( -11.99999999999999822, 3.750000000000000888, -1.500000000000000222 ) ) ;
#5251 = VERTEX_POINT ( 'NONE', #12250 ) ;
#5252 = LINE ( 'NONE', #2592, #3712 ) ;
#5253 = DIRECTION ( 'NONE',  ( 0.000000000000000000, 0.000000000000000000, -1.000000000000000000 ) ) ;
#5254 = VERTEX_POINT ( 'NONE', #1676 ) ;
#5255 = ORIENTED_EDGE ( 'NONE', *, *, #11095, .T. ) ;
#5256 = VECTOR ( 'NONE', #6991, 39.37007874015748143 ) ;
#5257 =( CONVERSION_BASED_UNIT ( 'INCH', #4432 ) LENGTH_UNIT ( ) NAMED_UNIT ( #9946 ) );
#5258 = EDGE_LOOP ( 'NONE', ( #4606, #3751, #7705, #656 ) ) ;
#5259 = DIRECTION ( 'NONE',  ( -1.000000000000000000, 0.000000000000000000, 1.456985596620940580E-15 ) ) ;
#5260 = EDGE_CURVE ( 'NONE', #5710, #5429, #11314, .T. ) ;
#5261 = VECTOR ( 'NONE', #9517, 39.37007874015748143 ) ;
#5262 = EDGE_CURVE ( 'NONE', #3536, #1209, #9359, .T. ) ;
#5263 = CARTESIAN_POINT ( 'NONE',  ( -6.000000000000001776, 55.50000000000000000, 2.729999999999999982 ) ) ;
#5264 = VERTEX_POINT ( 'NONE', #6590 ) ;
#5265 = PLANE ( 'NONE',  #858 ) ;
#5266 = ORIENTED_EDGE ( 'NONE', *, *, #9187, .F. ) ;
#5267 = CARTESIAN_POINT ( 'NONE',  ( -11.00000000000000000, 39.50999999999999801, -1.124999999999997113 ) ) ;
#5268 = DIRECTION ( 'NONE',  ( -0.000000000000000000, -1.000000000000000000, -0.000000000000000000 ) ) ;
#5269 =( CONVERSION_BASED_UNIT ( 'INCH', #9942 ) LENGTH_UNIT ( ) NAMED_UNIT ( #7032 ) );
#5270 = ORIENTED_EDGE ( 'NONE', *, *, #10206, .F. ) ;
#5271 = VECTOR ( 'NONE', #3484, 39.37007874015748143 ) ;
#5272 = CARTESIAN_POINT ( 'NONE',  ( 11.99999999999999822, 24.70999999999999730, -1.499999999999996891 ) ) ;
#5273 = ORIENTED_EDGE ( 'NONE', *, *, #5676, .T. ) ;
#5274 = EDGE_CURVE ( 'NONE', #10263, #6201, #1504, .T. ) ;
#5275 = FACE_OUTER_BOUND ( 'NONE', #11009, .T. ) ;
#5276 = VECTOR ( 'NONE', #12307, 39.37007874015748143 ) ;
#5277 = PLANE ( 'NONE',  #1166 ) ;
#5278 = ORIENTED_EDGE ( 'NONE', *, *, #8738, .F. ) ;
#5279 = CARTESIAN_POINT ( 'NONE',  ( 11.00000000000000000, 26.00999999999999091, -1.124999999999997113 ) ) ;
#5280 = AXIS2_PLACEMENT_3D ( 'NONE', #11986, #10110, #2287 ) ;
#5281 = LINE ( 'NONE', #3318, #6356 ) ;
#5282 = CARTESIAN_POINT ( 'NONE',  ( -22.06250000000002132, 24.70999999999999730, -0.7499999999999972244 ) ) ;
#5283 = PLANE ( 'NONE',  #7965 ) ;
#5284 = CARTESIAN_POINT ( 'NONE',  ( 11.99999999999999822, 27.50999999999998735, -1.281249999999994893 ) ) ;
#5285 = ORIENTED_EDGE ( 'NONE', *, *, #9429, .T. ) ;
#5286 = EDGE_CURVE ( 'NONE', #4578, #5858, #7541, .T. ) ;
#5287 = DIRECTION ( 'NONE',  ( -1.000000000000000000, 0.000000000000000000, 0.000000000000000000 ) ) ;
#5288 = AXIS2_PLACEMENT_3D ( 'NONE', #8819, #378, #4216 ) ;
#5289 = EDGE_CURVE ( 'NONE', #4733, #10561, #6399, .T. ) ;
#5290 = DIRECTION ( 'NONE',  ( 0.000000000000000000, 0.000000000000000000, -1.000000000000000000 ) ) ;
#5291 = AXIS2_PLACEMENT_3D ( 'NONE', #10893, #3894, #61 ) ;
#5292 = EDGE_LOOP ( 'NONE', ( #1471, #9823, #10970, #8497 ) ) ;
#5293 = MANIFOLD_SOLID_BREP ( 'Boss-Extrude7[1]', #5612 ) ;
#5294 = EDGE_LOOP ( 'NONE', ( #11342, #10089 ) ) ;
#5295 = EDGE_CURVE ( 'NONE', #8242, #928, #4360, .T. ) ;
#5296 = CARTESIAN_POINT ( 'NONE',  ( -11.99999999999999822, 29.00999999999999091, -1.124999999999997113 ) ) ;
#5297 = CARTESIAN_POINT ( 'NONE',  ( -11.26000000000000156, 24.21999999999999531, -1.499999999999996891 ) ) ;
#5298 = DIRECTION ( 'NONE',  ( 0.000000000000000000, -1.000000000000000000, 0.000000000000000000 ) ) ;
#5299 = VECTOR ( 'NONE', #10887, 39.37007874015748143 ) ;
#5300 = DIRECTION ( 'NONE',  ( -1.000000000000000000, 0.000000000000000000, 0.000000000000000000 ) ) ;
#5301 = PLANE ( 'NONE',  #9774 ) ;
#5302 = MECHANICAL_DESIGN_GEOMETRIC_PRESENTATION_REPRESENTATION (  '', ( #11330 ), #9113 ) ;
#5303 = DIRECTION ( 'NONE',  ( 0.000000000000000000, -0.9396926207859105373, -0.3420201433256625512 ) ) ;
#5304 = VERTEX_POINT ( 'NONE', #2737 ) ;
#5305 = ORIENTED_EDGE ( 'NONE', *, *, #729, .F. ) ;
#5306 = ORIENTED_EDGE ( 'NONE', *, *, #7909, .F. ) ;
#5307 = EDGE_CURVE ( 'NONE', #6997, #2091, #3469, .T. ) ;
#5308 = DIRECTION ( 'NONE',  ( -0.000000000000000000, -1.000000000000000000, -0.000000000000000000 ) ) ;
#5309 = CIRCLE ( 'NONE', #5711, 0.1562499999999979461 ) ;
#5310 = ORIENTED_EDGE ( 'NONE', *, *, #6465, .T. ) ;
#5311 = CARTESIAN_POINT ( 'NONE',  ( -3.220000000000002416, 25.01999999999998181, 0.7500000000000001110 ) ) ;
#5312 = MANIFOLD_SOLID_BREP ( 'Boss-Extrude23', #7613 ) ;
#5313 = FACE_OUTER_BOUND ( 'NONE', #10390, .T. ) ;
#5314 = VERTEX_POINT ( 'NONE', #10106 ) ;
#5315 = LINE ( 'NONE', #1468, #12316 ) ;
#5316 = DIRECTION ( 'NONE',  ( -1.000000000000000000, 0.000000000000000000, 0.000000000000000000 ) ) ;
#5317 = LINE ( 'NONE', #2225, #2483 ) ;
#5318 = ORIENTED_EDGE ( 'NONE', *, *, #9367, .T. ) ;
#5319 = AXIS2_PLACEMENT_3D ( 'NONE', #11719, #4736, #10599 ) ;
#5320 = ORIENTED_EDGE ( 'NONE', *, *, #9538, .F. ) ;
#5321 = ADVANCED_FACE ( 'NONE', ( #577 ), #11107, .F. ) ;
#5322 = FACE_OUTER_BOUND ( 'NONE', #5766, .T. ) ;
#5323 = EDGE_LOOP ( 'NONE', ( #12123, #6062 ) ) ;
#5324 = DIRECTION ( 'NONE',  ( -1.000000000000000000, 0.000000000000000000, 0.000000000000000000 ) ) ;
#5325 = VECTOR ( 'NONE', #2658, 39.37007874015748143 ) ;
#5326 = FACE_BOUND ( 'NONE', #5537, .T. ) ;
#5327 = ORIENTED_EDGE ( 'NONE', *, *, #3557, .T. ) ;
#5328 = CARTESIAN_POINT ( 'NONE',  ( -12.00000000000000355, 4.500000000000000888, 8.589666975669972615 ) ) ;
#5329 = VERTEX_POINT ( 'NONE', #6320 ) ;
#5330 = AXIS2_PLACEMENT_3D ( 'NONE', #2777, #837, #5757 ) ;
#5331 = CIRCLE ( 'NONE', #8548, 0.1562499999999979461 ) ;
#5332 = LINE ( 'NONE', #413, #1731 ) ;
#5333 = CARTESIAN_POINT ( 'NONE',  ( -11.99999999999999822, 33.50999999999999091, -1.124999999999997113 ) ) ;
#5334 = VECTOR ( 'NONE', #8300, 39.37007874015748143 ) ;
#5335 = MANIFOLD_SOLID_BREP ( 'Boss-Extrude20', #1982 ) ;
#5336 = FACE_OUTER_BOUND ( 'NONE', #2681, .T. ) ;
#5337 = ORIENTED_EDGE ( 'NONE', *, *, #2434, .F. ) ;
#5338 = EDGE_CURVE ( 'NONE', #9247, #8616, #5331, .T. ) ;
#5339 = DIRECTION ( 'NONE',  ( -1.000000000000000000, -0.000000000000000000, -0.000000000000000000 ) ) ;
#5340 = ORIENTED_EDGE ( 'NONE', *, *, #4287, .T. ) ;
#5341 = CIRCLE ( 'NONE', #2710, 0.1718500000000005301 ) ;
#5342 = VECTOR ( 'NONE', #7942, 39.37007874015748143 ) ;
#5343 = FACE_BOUND ( 'NONE', #8589, .T. ) ;
#5344 = PRESENTATION_LAYER_ASSIGNMENT (  '', '', ( #6943 ) ) ;
#5345 = VERTEX_POINT ( 'NONE', #12169 ) ;
#5346 = DIRECTION ( 'NONE',  ( -1.000000000000000000, 0.000000000000000000, 0.000000000000000000 ) ) ;
#5347 = DIRECTION ( 'NONE',  ( -1.000000000000000000, 0.000000000000000000, 0.000000000000000000 ) ) ;
#5348 = PLANE ( 'NONE',  #517 ) ;
#5349 = CARTESIAN_POINT ( 'NONE',  ( 6.000000000000002665, 55.50000000000000000, 3.479999999999999982 ) ) ;
#5350 = ORIENTED_EDGE ( 'NONE', *, *, #5049, .T. ) ;
#5351 = AXIS2_PLACEMENT_3D ( 'NONE', #11769, #2946, #12459 ) ;
#5352 = DIRECTION ( 'NONE',  ( 1.000000000000000000, 0.000000000000000000, 0.000000000000000000 ) ) ;
#5353 = AXIS2_PLACEMENT_3D ( 'NONE', #11637, #3006, #10700 ) ;
#5354 = EDGE_CURVE ( 'NONE', #3398, #3574, #4521, .T. ) ;
#5355 = FACE_OUTER_BOUND ( 'NONE', #8542, .T. ) ;
#5356 = CARTESIAN_POINT ( 'NONE',  ( 11.09495888775661676, 51.65203399487381120, -1.059541043036256180 ) ) ;
#5357 = ORIENTED_EDGE ( 'NONE', *, *, #349, .F. ) ;
#5358 = MANIFOLD_SOLID_BREP ( 'Mirror1[1]', #1181 ) ;
#5359 = VERTEX_POINT ( 'NONE', #2837 ) ;
#5360 = CARTESIAN_POINT ( 'NONE',  ( 11.99999999999999822, 14.23000000000000220, -0.7499999999999983347 ) ) ;
#5361 = CIRCLE ( 'NONE', #2535, 0.1718500000000005301 ) ;
#5362 = AXIS2_PLACEMENT_3D ( 'NONE', #9434, #5827, #11323 ) ;
#5363 = CARTESIAN_POINT ( 'NONE',  ( -1.740000000000002656, 29.24999999999999289, -0.7500000000000001110 ) ) ;
#5364 = PLANE ( 'NONE',  #11774 ) ;
#5365 = EDGE_CURVE ( 'NONE', #6217, #6478, #9402, .T. ) ;
#5366 = FACE_OUTER_BOUND ( 'NONE', #8717, .T. ) ;
#5367 = EDGE_CURVE ( 'NONE', #8438, #3436, #8387, .T. ) ;
#5368 = CARTESIAN_POINT ( 'NONE',  ( -6.000000000000001776, 54.01999999999999602, 2.729999999999999982 ) ) ;
#5369 = DIRECTION ( 'NONE',  ( 1.000000000000000000, 0.000000000000000000, 0.000000000000000000 ) ) ;
#5370 = EDGE_LOOP ( 'NONE', ( #5648, #7206, #4849, #10003 ) ) ;
#5371 = ORIENTED_EDGE ( 'NONE', *, *, #5289, .F. ) ;
#5372 = EDGE_CURVE ( 'NONE', #2090, #3700, #1777, .T. ) ;
#5373 = CIRCLE ( 'NONE', #12395, 0.1562499999999979461 ) ;
#5374 = DIRECTION ( 'NONE',  ( -0.000000000000000000, -0.000000000000000000, 1.000000000000000000 ) ) ;
#5375 = CARTESIAN_POINT ( 'NONE',  ( -11.00000000000000000, 53.00999999999999091, -1.124999999999997113 ) ) ;
#5376 = ORIENTED_EDGE ( 'NONE', *, *, #4225, .F. ) ;
#5377 = CYLINDRICAL_SURFACE ( 'NONE', #6028, 0.1718500000000005301 ) ;
#5378 = DIRECTION ( 'NONE',  ( 0.000000000000000000, 0.000000000000000000, 1.000000000000000000 ) ) ;
#5379 = CARTESIAN_POINT ( 'NONE',  ( 11.00000000000000000, 50.00999999999999091, -1.124999999999997113 ) ) ;
#5380 = CIRCLE ( 'NONE', #11207, 0.1562499999999957812 ) ;
#5381 = MANIFOLD_SOLID_BREP ( 'Cut-Extrude2[4]', #10237 ) ;
#5382 = DIRECTION ( 'NONE',  ( 0.000000000000000000, 0.000000000000000000, 1.000000000000000000 ) ) ;
#5383 = ORIENTED_EDGE ( 'NONE', *, *, #1520, .T. ) ;
#5384 = EDGE_CURVE ( 'NONE', #2415, #9004, #5687, .T. ) ;
#5385 = PLANE ( 'NONE',  #6291 ) ;
#5386 = DIRECTION ( 'NONE',  ( 0.000000000000000000, 0.000000000000000000, -1.000000000000000000 ) ) ;
#5387 = CARTESIAN_POINT ( 'NONE',  ( 11.26000000000000156, 13.74000000000000199, -0.7499999999999983347 ) ) ;
#5388 = ORIENTED_EDGE ( 'NONE', *, *, #7569, .F. ) ;
#5389 = VERTEX_POINT ( 'NONE', #8886 ) ;
#5390 = DIRECTION ( 'NONE',  ( 1.000000000000000000, 0.000000000000000000, 0.000000000000000000 ) ) ;
#5391 = VECTOR ( 'NONE', #8386, 39.37007874015748143 ) ;
#5392 = ORIENTED_EDGE ( 'NONE', *, *, #10091, .F. ) ;
#5393 = CARTESIAN_POINT ( 'NONE',  ( 11.00000000000000000, 45.50999999999999091, -1.281249999999992895 ) ) ;
#5394 = ORIENTED_EDGE ( 'NONE', *, *, #6574, .F. ) ;
#5395 = EDGE_CURVE ( 'NONE', #1926, #3526, #10839, .T. ) ;
#5396 = DIRECTION ( 'NONE',  ( -1.000000000000000000, 0.000000000000000000, 0.000000000000000000 ) ) ;
#5397 = VERTEX_POINT ( 'NONE', #1140 ) ;
#5398 = AXIS2_PLACEMENT_3D ( 'NONE', #11763, #2770, #10697 ) ;
#5399 = CARTESIAN_POINT ( 'NONE',  ( -11.19425514062081817, 51.54065891730471805, -1.278339294739496479 ) ) ;
#5400 = DIRECTION ( 'NONE',  ( -0.000000000000000000, -0.000000000000000000, 1.000000000000000000 ) ) ;
#5401 = ORIENTED_EDGE ( 'NONE', *, *, #11290, .T. ) ;
#5402 = FILL_AREA_STYLE_COLOUR ( '', #5010 ) ;
#5403 = ORIENTED_EDGE ( 'NONE', *, *, #3177, .F. ) ;
#5404 = CIRCLE ( 'NONE', #12430, 0.1718500000000005301 ) ;
#5405 = FACE_BOUND ( 'NONE', #4955, .T. ) ;
#5406 = ORIENTED_EDGE ( 'NONE', *, *, #8367, .T. ) ;
#5407 = EDGE_CURVE ( 'NONE', #463, #1352, #3324, .T. ) ;
#5408 = CARTESIAN_POINT ( 'NONE',  ( -12.00000000000000355, 25.76999999999998181, -9.184850993605266767E-17 ) ) ;
#5409 = CARTESIAN_POINT ( 'NONE',  ( -11.00000000000000000, 38.00999999999999091, -1.124999999999997113 ) ) ;
#5410 = DIRECTION ( 'NONE',  ( 0.000000000000000000, 0.000000000000000000, 1.000000000000000000 ) ) ;
#5411 = CARTESIAN_POINT ( 'NONE',  ( -11.99999999999999822, 24.70999999999999730, -1.500000000000000222 ) ) ;
#5412 = ORIENTED_EDGE ( 'NONE', *, *, #636, .F. ) ;
#5413 = CIRCLE ( 'NONE', #7419, 0.1718500000000005301 ) ;
#5414 = SURFACE_SIDE_STYLE ('',( #12082 ) ) ;
#5415 = DIRECTION ( 'NONE',  ( -0.000000000000000000, -1.000000000000000000, -0.000000000000000000 ) ) ;
#5416 = DIRECTION ( 'NONE',  ( 1.000000000000000000, -0.000000000000000000, -0.000000000000000000 ) ) ;
#5417 = ORIENTED_EDGE ( 'NONE', *, *, #7677, .T. ) ;
#5418 = ORIENTED_EDGE ( 'NONE', *, *, #10979, .T. ) ;
#5419 = AXIS2_PLACEMENT_3D ( 'NONE', #972, #8533, #2728 ) ;
#5420 = DIRECTION ( 'NONE',  ( 1.000000000000000000, -0.000000000000000000, -0.000000000000000000 ) ) ;
#5421 = CIRCLE ( 'NONE', #2801, 0.1718500000000005301 ) ;
#5422 = EDGE_CURVE ( 'NONE', #7252, #9957, #6992, .T. ) ;
#5423 = DIRECTION ( 'NONE',  ( 0.000000000000000000, 0.000000000000000000, -1.000000000000000000 ) ) ;
#5424 = ADVANCED_FACE ( 'NONE', ( #2147 ), #190, .F. ) ;
#5425 = FACE_OUTER_BOUND ( 'NONE', #3954, .T. ) ;
#5426 = DIRECTION ( 'NONE',  ( 1.000000000000000000, 0.000000000000000000, -0.000000000000000000 ) ) ;
#5427 = FACE_OUTER_BOUND ( 'NONE', #8791, .T. ) ;
#5428 = CARTESIAN_POINT ( 'NONE',  ( -12.75000000000000355, 28.49999999999999289, 0.000000000000000000 ) ) ;
#5429 = VERTEX_POINT ( 'NONE', #4025 ) ;
#5430 = DIRECTION ( 'NONE',  ( 0.000000000000000000, 0.000000000000000000, 1.000000000000000000 ) ) ;
#5431 = ORIENTED_EDGE ( 'NONE', *, *, #120, .T. ) ;
#5432 = VECTOR ( 'NONE', #2341, 39.37007874015748143 ) ;
#5433 = CIRCLE ( 'NONE', #4006, 0.1015624999999994726 ) ;
#5434 = PLANE ( 'NONE',  #11038 ) ;
#5435 = CARTESIAN_POINT ( 'NONE',  ( -12.75000000000000000, 35.00999999999999091, -1.281249999999994893 ) ) ;
#5436 = VERTEX_POINT ( 'NONE', #10654 ) ;
#5437 = CARTESIAN_POINT ( 'NONE',  ( 5.999999999999998224, 54.75000000000000000, 0.000000000000000000 ) ) ;
#5438 = CARTESIAN_POINT ( 'NONE',  ( -6.000000000000002665, 0.000000000000000000, 0.000000000000000000 ) ) ;
#5439 = VECTOR ( 'NONE', #3376, 39.37007874015748143 ) ;
#5440 = EDGE_CURVE ( 'NONE', #8287, #3053, #128, .T. ) ;
#5441 = DIRECTION ( 'NONE',  ( -1.000000000000000000, -0.000000000000000000, -0.000000000000000000 ) ) ;
#5442 = ORIENTED_EDGE ( 'NONE', *, *, #12134, .F. ) ;
#5443 =( NAMED_UNIT ( * ) SI_UNIT ( $, .STERADIAN. ) SOLID_ANGLE_UNIT ( ) );
#5444 = CYLINDRICAL_SURFACE ( 'NONE', #12362, 0.1718500000000005301 ) ;
#5445 = FACE_OUTER_BOUND ( 'NONE', #6687, .T. ) ;
#5446 = ORIENTED_EDGE ( 'NONE', *, *, #6242, .T. ) ;
#5447 = ORIENTED_EDGE ( 'NONE', *, *, #5912, .T. ) ;
#5448 = DIMENSIONAL_EXPONENTS ( 1.000000000000000000, 0.000000000000000000, 0.000000000000000000, 0.000000000000000000, 0.000000000000000000, 0.000000000000000000, 0.000000000000000000 ) ;
#5449 = DIRECTION ( 'NONE',  ( 1.000000000000000000, 0.000000000000000000, 0.000000000000000000 ) ) ;
#5450 = DIRECTION ( 'NONE',  ( 0.000000000000000000, 0.000000000000000000, 1.000000000000000000 ) ) ;
#5451 = ADVANCED_FACE ( 'NONE', ( #3149 ), #9784, .F. ) ;
#5452 = ADVANCED_FACE ( 'NONE', ( #4973 ), #1077, .F. ) ;
#5453 = ORIENTED_EDGE ( 'NONE', *, *, #633, .T. ) ;
#5454 = CARTESIAN_POINT ( 'NONE',  ( -22.06250000000002132, 3.750000000000000000, -8.612199694973096342 ) ) ;
#5455 = EDGE_CURVE ( 'NONE', #2090, #5707, #6054, .T. ) ;
#5456 =( CONVERSION_BASED_UNIT ( 'INCH', #9350 ) LENGTH_UNIT ( ) NAMED_UNIT ( #11401 ) );
#5457 = VERTEX_POINT ( 'NONE', #1959 ) ;
#5458 = DIRECTION ( 'NONE',  ( -1.000000000000000000, 0.000000000000000000, 0.000000000000000000 ) ) ;
#5459 = AXIS2_PLACEMENT_3D ( 'NONE', #6925, #7941, #10777 ) ;
#5460 = VERTEX_POINT ( 'NONE', #4911 ) ;
#5461 = DIRECTION ( 'NONE',  ( -0.000000000000000000, -0.000000000000000000, -1.000000000000000000 ) ) ;
#5462 = CARTESIAN_POINT ( 'NONE',  ( 11.12704947377935838, 51.59094995533693151, -1.258764976385261303 ) ) ;
#5463 = SURFACE_STYLE_FILL_AREA ( #4625 ) ;
#5464 = ADVANCED_FACE ( 'NONE', ( #7696 ), #3963, .F. ) ;
#5465 = ORIENTED_EDGE ( 'NONE', *, *, #7793, .T. ) ;
#5466 = DIRECTION ( 'NONE',  ( 0.000000000000000000, -1.000000000000000000, -7.850137912828339862E-17 ) ) ;
#5467 = FILL_AREA_STYLE ('',( #10497 ) ) ;
#5468 = ORIENTED_EDGE ( 'NONE', *, *, #2414, .F. ) ;
#5469 = FACE_BOUND ( 'NONE', #11848, .T. ) ;
#5470 = CARTESIAN_POINT ( 'NONE',  ( -6.000000000000002665, 54.75000000000000000, 2.730000000000007088 ) ) ;
#5471 = ORIENTED_EDGE ( 'NONE', *, *, #1490, .T. ) ;
#5472 =( GEOMETRIC_REPRESENTATION_CONTEXT ( 3 ) GLOBAL_UNCERTAINTY_ASSIGNED_CONTEXT ( ( #5936 ) ) GLOBAL_UNIT_ASSIGNED_CONTEXT ( ( #5456, #7397, #6583 ) ) REPRESENTATION_CONTEXT ( 'NONE', 'WORKASPACE' ) );
#5473 = CARTESIAN_POINT ( 'NONE',  ( -12.75000000000000355, 29.97999999999998977, 2.729999999999999982 ) ) ;
#5474 = DIRECTION ( 'NONE',  ( 1.000000000000000000, 0.000000000000000000, 0.000000000000000000 ) ) ;
#5475 = VERTEX_POINT ( 'NONE', #8762 ) ;
#5476 = LINE ( 'NONE', #11326, #8919 ) ;
#5477 = CARTESIAN_POINT ( 'NONE',  ( 11.43185000000000251, 51.69999999999999574, -1.500000000000000222 ) ) ;
#5478 = EDGE_CURVE ( 'NONE', #10907, #10800, #7817, .T. ) ;
#5479 = DIRECTION ( 'NONE',  ( 0.000000000000000000, -1.000000000000000000, 0.000000000000000000 ) ) ;
#5480 = ORIENTED_EDGE ( 'NONE', *, *, #7129, .T. ) ;
#5481 = AXIS2_PLACEMENT_3D ( 'NONE', #9799, #5883, #9676 ) ;
#5482 = ORIENTED_EDGE ( 'NONE', *, *, #8996, .F. ) ;
#5483 = VECTOR ( 'NONE', #5772, 39.37007874015748143 ) ;
#5484 = DIRECTION ( 'NONE',  ( 0.000000000000000000, 0.000000000000000000, -1.000000000000000000 ) ) ;
#5485 = DIRECTION ( 'NONE',  ( -1.000000000000000000, 0.000000000000000000, 0.000000000000000000 ) ) ;
#5486 = DIRECTION ( 'NONE',  ( 0.000000000000000000, 0.000000000000000000, -1.000000000000000000 ) ) ;
#5487 = PLANE ( 'NONE',  #11728 ) ;
#5488 = CARTESIAN_POINT ( 'NONE',  ( -12.00000000000000355, 3.750000000000000000, -8.612199694973092789 ) ) ;
#5489 = CARTESIAN_POINT ( 'NONE',  ( -12.00000000000000355, 25.76999999999998181, 3.480000000000003091 ) ) ;
#5490 = VERTEX_POINT ( 'NONE', #8 ) ;
#5491 = AXIS2_PLACEMENT_3D ( 'NONE', #703, #12170, #10409 ) ;
#5492 = FACE_OUTER_BOUND ( 'NONE', #10843, .T. ) ;
#5493 = ORIENTED_EDGE ( 'NONE', *, *, #5232, .T. ) ;
#5494 = VECTOR ( 'NONE', #8625, 39.37007874015748143 ) ;
#5495 = LINE ( 'NONE', #826, #11630 ) ;
#5496 = EDGE_CURVE ( 'NONE', #2295, #8848, #11652, .T. ) ;
#5497 = DIRECTION ( 'NONE',  ( -1.000000000000000000, 0.000000000000000000, 0.000000000000000000 ) ) ;
#5498 = ADVANCED_FACE ( 'NONE', ( #3022 ), #1202, .F. ) ;
#5499 = ORIENTED_EDGE ( 'NONE', *, *, #1150, .T. ) ;
#5500 = CARTESIAN_POINT ( 'NONE',  ( 10.51999999999999957, 24.70999999999999730, -1.500000000000000222 ) ) ;
#5501 = AXIS2_PLACEMENT_3D ( 'NONE', #11767, #1252, #8932 ) ;
#5502 = CARTESIAN_POINT ( 'NONE',  ( -3.220000000000002416, 29.24999999999999289, -0.7499999999999998890 ) ) ;
#5503 = VECTOR ( 'NONE', #6416, 39.37007874015748143 ) ;
#5504 = SURFACE_STYLE_FILL_AREA ( #11228 ) ;
#5505 = LINE ( 'NONE', #7321, #8507 ) ;
#5506 = ORIENTED_EDGE ( 'NONE', *, *, #1292, .F. ) ;
#5507 = DIRECTION ( 'NONE',  ( 0.000000000000000000, 0.000000000000000000, -1.000000000000000000 ) ) ;
#5508 = DIRECTION ( 'NONE',  ( -0.000000000000000000, 7.850137912828339862E-17, -1.000000000000000000 ) ) ;
#5509 = CARTESIAN_POINT ( 'NONE',  ( 12.75000000000000000, 45.50999999999999091, -1.281249999999992895 ) ) ;
#5510 = ORIENTED_EDGE ( 'NONE', *, *, #8729, .T. ) ;
#5511 = EDGE_LOOP ( 'NONE', ( #8460, #10821, #9883, #11072 ) ) ;
#5512 = AXIS2_PLACEMENT_3D ( 'NONE', #6200, #8966, #4234 ) ;
#5513 = CARTESIAN_POINT ( 'NONE',  ( 3.219999999999996643, 25.01999999999998181, 0.000000000000000000 ) ) ;
#5514 = EDGE_CURVE ( 'NONE', #10935, #6746, #10714, .T. ) ;
#5515 = CARTESIAN_POINT ( 'NONE',  ( -10.51999999999999957, 3.750000000000000888, -0.7500000000000001110 ) ) ;
#5516 = VERTEX_POINT ( 'NONE', #4847 ) ;
#5517 = DIRECTION ( 'NONE',  ( 0.000000000000000000, 0.9396926207859105373, 0.3420201433256625512 ) ) ;
#5518 = CIRCLE ( 'NONE', #11745, 0.1718500000000005301 ) ;
#5519 = ORIENTED_EDGE ( 'NONE', *, *, #4979, .F. ) ;
#5520 = CARTESIAN_POINT ( 'NONE',  ( -12.75000000000000000, 27.50999999999998735, -0.9687499999999994449 ) ) ;
#5521 = CARTESIAN_POINT ( 'NONE',  ( 10.51999999999999957, 24.70999999999999730, -0.7499999999999972244 ) ) ;
#5522 = EDGE_LOOP ( 'NONE', ( #12356, #2108, #5573, #12148 ) ) ;
#5523 = EDGE_CURVE ( 'NONE', #133, #4289, #2085, .T. ) ;
#5524 = PLANE ( 'NONE',  #5959 ) ;
#5525 = DIRECTION ( 'NONE',  ( -1.000000000000000000, 0.000000000000000000, 0.000000000000000000 ) ) ;
#5526 = ADVANCED_FACE ( 'NONE', ( #70, #3904, #5927 ), #8126, .F. ) ;
#5527 = AXIS2_PLACEMENT_3D ( 'NONE', #9207, #10849, #9016 ) ;
#5528 = ORIENTED_EDGE ( 'NONE', *, *, #4748, .F. ) ;
#5529 = CARTESIAN_POINT ( 'NONE',  ( -11.99999999999999822, 3.750000000000003553, -1.500000000000000222 ) ) ;
#5530 = EDGE_LOOP ( 'NONE', ( #9853, #3819, #3277, #6963 ) ) ;
#5531 = DIRECTION ( 'NONE',  ( 1.000000000000000000, 0.000000000000000000, 0.000000000000000000 ) ) ;
#5532 = CYLINDRICAL_SURFACE ( 'NONE', #908, 0.1562499999999979461 ) ;
#5533 = EDGE_LOOP ( 'NONE', ( #3855, #1081, #1047, #10239 ) ) ;
#5534 = ADVANCED_FACE ( 'NONE', ( #10093 ), #9197, .F. ) ;
#5535 = DIRECTION ( 'NONE',  ( -1.000000000000000000, 0.000000000000000000, 0.000000000000000000 ) ) ;
#5536 = DIRECTION ( 'NONE',  ( -1.000000000000000000, -0.000000000000000000, -0.000000000000000000 ) ) ;
#5537 = EDGE_LOOP ( 'NONE', ( #7462, #9456 ) ) ;
#5538 = DIRECTION ( 'NONE',  ( -1.000000000000000000, -0.000000000000000000, -0.000000000000000000 ) ) ;
#5539 = DIRECTION ( 'NONE',  ( -1.000000000000000000, 0.000000000000000000, 0.000000000000000000 ) ) ;
#5540 = AXIS2_PLACEMENT_3D ( 'NONE', #8475, #6527, #4442 ) ;
#5541 = CARTESIAN_POINT ( 'NONE',  ( 11.10250219750321143, 51.63111801346453689, -1.026070454456807557 ) ) ;
#5542 = ORIENTED_EDGE ( 'NONE', *, *, #6858, .F. ) ;
#5543 = LINE ( 'NONE', #7491, #2985 ) ;
#5544 = VERTEX_POINT ( 'NONE', #6181 ) ;
#5545 = LINE ( 'NONE', #8617, #598 ) ;
#5546 = FACE_OUTER_BOUND ( 'NONE', #6660, .T. ) ;
#5547 = CARTESIAN_POINT ( 'NONE',  ( 11.99999999999999822, 27.50999999999998735, -1.124999999999997113 ) ) ;
#5548 = AXIS2_PLACEMENT_3D ( 'NONE', #57, #10765, #5855 ) ;
#5549 = DIRECTION ( 'NONE',  ( 1.000000000000000000, 0.000000000000000000, 0.000000000000000000 ) ) ;
#5550 = AXIS2_PLACEMENT_3D ( 'NONE', #11714, #2023, #2958 ) ;
#5551 = EDGE_CURVE ( 'NONE', #11215, #1913, #5234, .T. ) ;
#5552 = CARTESIAN_POINT ( 'NONE',  ( -10.51999999999999957, 0.000000000000000000, 0.000000000000000000 ) ) ;
#5553 = CARTESIAN_POINT ( 'NONE',  ( -3.220000000000002416, 25.01999999999998181, 0.7500000000000001110 ) ) ;
#5554 = ORIENTED_EDGE ( 'NONE', *, *, #2588, .T. ) ;
#5555 = CARTESIAN_POINT ( 'NONE',  ( 11.99999999999999822, 25.01999999999998181, -2.250000000000003109 ) ) ;
#5556 = ORIENTED_EDGE ( 'NONE', *, *, #9865, .F. ) ;
#5557 = CARTESIAN_POINT ( 'NONE',  ( 11.08815000000000062, 49.19999999999999574, -2.250000000000000444 ) ) ;
#5558 = CIRCLE ( 'NONE', #7157, 0.1562499999999979461 ) ;
#5559 = VECTOR ( 'NONE', #2944, 39.37007874015748143 ) ;
#5560 = ORIENTED_EDGE ( 'NONE', *, *, #211, .T. ) ;
#5561 = DIRECTION ( 'NONE',  ( 0.000000000000000000, 0.000000000000000000, -1.000000000000000000 ) ) ;
#5562 = LINE ( 'NONE', #2358, #6845 ) ;
#5563 = DIRECTION ( 'NONE',  ( 1.000000000000000000, 0.000000000000000000, 0.000000000000000000 ) ) ;
#5564 = VERTEX_POINT ( 'NONE', #10028 ) ;
#5565 = ADVANCED_FACE ( 'NONE', ( #1449 ), #9007, .F. ) ;
#5566 = CARTESIAN_POINT ( 'NONE',  ( 5.999999999999998224, 55.50000000000000000, 0.000000000000000000 ) ) ;
#5567 = ADVANCED_FACE ( 'NONE', ( #10963 ), #5364, .F. ) ;
#5568 = DIRECTION ( 'NONE',  ( 0.000000000000000000, -0.000000000000000000, 1.000000000000000000 ) ) ;
#5569 = ORIENTED_EDGE ( 'NONE', *, *, #6701, .T. ) ;
#5570 = AXIS2_PLACEMENT_3D ( 'NONE', #4061, #9694, #1111 ) ;
#5571 = ORIENTED_EDGE ( 'NONE', *, *, #123, .F. ) ;
#5572 = LINE ( 'NONE', #7646, #11542 ) ;
#5573 = ORIENTED_EDGE ( 'NONE', *, *, #8820, .T. ) ;
#5574 = ORIENTED_EDGE ( 'NONE', *, *, #9253, .F. ) ;
#5575 = CARTESIAN_POINT ( 'NONE',  ( 12.75000000000000000, 51.50999999999999091, -0.9687499999999992228 ) ) ;
#5576 = AXIS2_PLACEMENT_3D ( 'NONE', #9201, #1580, #5369 ) ;
#5577 = ORIENTED_EDGE ( 'NONE', *, *, #3402, .T. ) ;
#5578 = ADVANCED_FACE ( 'NONE', ( #7181 ), #2391, .F. ) ;
#5579 = CARTESIAN_POINT ( 'NONE',  ( -12.75000000000000000, 42.50999999999999801, -1.124999999999997113 ) ) ;
#5580 = ADVANCED_FACE ( 'NONE', ( #1512 ), #6120, .F. ) ;
#5581 = LINE ( 'NONE', #491, #2076 ) ;
#5582 = ORIENTED_EDGE ( 'NONE', *, *, #8119, .T. ) ;
#5583 = LINE ( 'NONE', #10246, #8168 ) ;
#5584 = VECTOR ( 'NONE', #8180, 39.37007874015748143 ) ;
#5585 = LINE ( 'NONE', #2548, #7142 ) ;
#5586 =( NAMED_UNIT ( * ) PLANE_ANGLE_UNIT ( ) SI_UNIT ( $, .RADIAN. ) );
#5587 = ORIENTED_EDGE ( 'NONE', *, *, #161, .T. ) ;
#5588 = ADVANCED_FACE ( 'NONE', ( #2330 ), #8064, .T. ) ;
#5589 = DIRECTION ( 'NONE',  ( 1.000000000000000000, -0.000000000000000000, -0.000000000000000000 ) ) ;
#5590 = AXIS2_PLACEMENT_3D ( 'NONE', #6029, #5904, #2304 ) ;
#5591 = ORIENTED_EDGE ( 'NONE', *, *, #9139, .T. ) ;
#5592 = LINE ( 'NONE', #9631, #6873 ) ;
#5593 = EDGE_CURVE ( 'NONE', #12055, #3032, #8191, .T. ) ;
#5594 = CARTESIAN_POINT ( 'NONE',  ( -10.51999999999999957, 4.500000000000000888, 8.589666975669972615 ) ) ;
#5595 = ORIENTED_EDGE ( 'NONE', *, *, #3498, .F. ) ;
#5596 = LINE ( 'NONE', #5661, #3528 ) ;
#5597 = CARTESIAN_POINT ( 'NONE',  ( -11.43185000000000251, 24.21999999999999531, -1.500000000000000222 ) ) ;
#5598 = ORIENTED_EDGE ( 'NONE', *, *, #5943, .T. ) ;
#5599 = DIRECTION ( 'NONE',  ( 1.000000000000000000, 0.000000000000000000, 0.000000000000000000 ) ) ;
#5600 = COLOUR_RGB ( '',1.000000000000000000, 1.000000000000000000, 1.000000000000000000 ) ;
#5601 = CARTESIAN_POINT ( 'NONE',  ( 11.99999999999999822, 36.50999999999999091, -1.281249999999994893 ) ) ;
#5602 = CARTESIAN_POINT ( 'NONE',  ( 11.09303985838603879, 51.65925853196100093, -1.078301078915051558 ) ) ;
#5603 = EDGE_LOOP ( 'NONE', ( #5149, #10077, #3912, #6344 ) ) ;
#5604 = EDGE_CURVE ( 'NONE', #9487, #9779, #4407, .T. ) ;
#5605 =( NAMED_UNIT ( * ) SI_UNIT ( $, .STERADIAN. ) SOLID_ANGLE_UNIT ( ) );
#5606 = EDGE_CURVE ( 'NONE', #11360, #8242, #3394, .T. ) ;
#5607 = VERTEX_POINT ( 'NONE', #8246 ) ;
#5608 = CARTESIAN_POINT ( 'NONE',  ( -11.99999999999999822, 48.50999999999999091, -1.281249999999994893 ) ) ;
#5609 = CARTESIAN_POINT ( 'NONE',  ( -10.51999999999999957, 3.750000000000000888, -2.249999999999999556 ) ) ;
#5610 = EDGE_CURVE ( 'NONE', #4102, #261, #9363, .T. ) ;
#5611 = CARTESIAN_POINT ( 'NONE',  ( -3.220000000000002416, 55.50000000000000000, 0.7500000000000001110 ) ) ;
#5612 = CLOSED_SHELL ( 'NONE', ( #5451, #11135, #6531, #925, #793, #3972 ) ) ;
#5613 = CARTESIAN_POINT ( 'NONE',  ( -12.75000000000000000, 41.00999999999999801, -1.124999999999997113 ) ) ;
#5614 = CYLINDRICAL_SURFACE ( 'NONE', #8759, 0.1562499999999978073 ) ;
#5615 = FACE_BOUND ( 'NONE', #11435, .T. ) ;
#5616 = ORIENTED_EDGE ( 'NONE', *, *, #10465, .T. ) ;
#5617 = LINE ( 'NONE', #4657, #9724 ) ;
#5618 = VERTEX_POINT ( 'NONE', #6306 ) ;
#5619 = DIRECTION ( 'NONE',  ( -1.000000000000000000, 0.000000000000000000, 0.000000000000000000 ) ) ;
#5620 = CIRCLE ( 'NONE', #10056, 0.1562499999999978073 ) ;
#5621 = CIRCLE ( 'NONE', #3990, 0.1562499999999976963 ) ;
#5622 = EDGE_CURVE ( 'NONE', #7316, #694, #6940, .T. ) ;
#5623 = ORIENTED_EDGE ( 'NONE', *, *, #10440, .F. ) ;
#5624 = CARTESIAN_POINT ( 'NONE',  ( 11.43185000000000251, 11.24000000000000199, -2.250000000000000444 ) ) ;
#5625 = CARTESIAN_POINT ( 'NONE',  ( 10.51999999999999957, 3.750000000000000888, -2.249999999999999556 ) ) ;
#5626 = DIRECTION ( 'NONE',  ( -0.000000000000000000, -0.000000000000000000, 1.000000000000000000 ) ) ;
#5627 = SURFACE_STYLE_USAGE ( .BOTH. , #6504 ) ;
#5628 = CARTESIAN_POINT ( 'NONE',  ( -12.75000000000000000, 35.00999999999999091, -0.9687499999999992228 ) ) ;
#5629 = ORIENTED_EDGE ( 'NONE', *, *, #5820, .T. ) ;
#5630 = DIRECTION ( 'NONE',  ( 0.000000000000000000, -0.000000000000000000, 1.000000000000000000 ) ) ;
#5631 = DIRECTION ( 'NONE',  ( 1.000000000000000000, 0.000000000000000000, 0.000000000000000000 ) ) ;
#5632 = AXIS2_PLACEMENT_3D ( 'NONE', #187, #6805, #7051 ) ;
#5633 = DIRECTION ( 'NONE',  ( -0.000000000000000000, 0.000000000000000000, 1.000000000000000000 ) ) ;
#5634 = ORIENTED_EDGE ( 'NONE', *, *, #6119, .T. ) ;
#5635 = AXIS2_PLACEMENT_3D ( 'NONE', #3311, #2245, #7156 ) ;
#5636 = ORIENTED_EDGE ( 'NONE', *, *, #892, .T. ) ;
#5637 = ORIENTED_EDGE ( 'NONE', *, *, #3262, .F. ) ;
#5638 = CARTESIAN_POINT ( 'NONE',  ( -11.00000000000000000, 57.50999999999999091, -0.9687499999999992228 ) ) ;
#5639 = ORIENTED_EDGE ( 'NONE', *, *, #12420, .F. ) ;
#5640 = ADVANCED_FACE ( 'NONE', ( #7308, #11155, #10902, #2268, #9966 ), #1329, .F. ) ;
#5641 = EDGE_LOOP ( 'NONE', ( #8154, #4764, #5938, #2386 ) ) ;
#5642 = VECTOR ( 'NONE', #11518, 39.37007874015748143 ) ;
#5643 = PRESENTATION_LAYER_ASSIGNMENT (  '', '', ( #11259 ) ) ;
#5644 = LINE ( 'NONE', #9484, #6422 ) ;
#5645 = ORIENTED_EDGE ( 'NONE', *, *, #6483, .T. ) ;
#5646 = CARTESIAN_POINT ( 'NONE',  ( -11.00000000000000000, 29.00999999999999091, -1.124999999999997113 ) ) ;
#5647 = CARTESIAN_POINT ( 'NONE',  ( 11.99999999999999822, 45.50999999999999091, -1.124999999999997113 ) ) ;
#5648 = ORIENTED_EDGE ( 'NONE', *, *, #5214, .F. ) ;
#5649 = CARTESIAN_POINT ( 'NONE',  ( -11.36006150656977454, 51.55968795553619799, -1.273407148752459861 ) ) ;
#5650 = CIRCLE ( 'NONE', #9468, 0.1562499999999979461 ) ;
#5651 = DIRECTION ( 'NONE',  ( -1.000000000000000000, 0.000000000000000000, 0.000000000000000000 ) ) ;
#5652 = CARTESIAN_POINT ( 'NONE',  ( -0.3750000000000027200, 69.23000000000000398, -0.5000000000000001110 ) ) ;
#5653 = ADVANCED_FACE ( 'NONE', ( #5425 ), #10394, .F. ) ;
#5654 = EDGE_CURVE ( 'NONE', #3107, #7316, #4652, .T. ) ;
#5655 = VERTEX_POINT ( 'NONE', #8306 ) ;
#5656 = AXIS2_PLACEMENT_3D ( 'NONE', #96, #11501, #2114 ) ;
#5657 = FACE_OUTER_BOUND ( 'NONE', #11930, .T. ) ;
#5658 = PRESENTATION_STYLE_ASSIGNMENT (( #9302 ) ) ;
#5659 = ORIENTED_EDGE ( 'NONE', *, *, #11375, .T. ) ;
#5660 = DIRECTION ( 'NONE',  ( 1.000000000000000000, -0.000000000000000000, -0.000000000000000000 ) ) ;
#5661 = CARTESIAN_POINT ( 'NONE',  ( -3.220000000000002416, 55.50000000000000000, 0.000000000000000000 ) ) ;
#5662 = LINE ( 'NONE', #1874, #12012 ) ;
#5663 = EDGE_LOOP ( 'NONE', ( #10052, #11748, #5636, #7426 ) ) ;
#5664 = EDGE_CURVE ( 'NONE', #5304, #3997, #5940, .T. ) ;
#5665 = ORIENTED_EDGE ( 'NONE', *, *, #6892, .T. ) ;
#5666 = CARTESIAN_POINT ( 'NONE',  ( 10.51999999999999247, 3.750000000000003553, 8.589666975669972615 ) ) ;
#5667 = CARTESIAN_POINT ( 'NONE',  ( -11.99999999999999822, 59.18999999999999773, -0.7500000000000001110 ) ) ;
#5668 = PRESENTATION_LAYER_ASSIGNMENT (  '', '', ( #1239 ) ) ;
#5669 = LINE ( 'NONE', #2883, #2043 ) ;
#5670 = VECTOR ( 'NONE', #11336, 39.37007874015748143 ) ;
#5671 = LINE ( 'NONE', #5611, #3734 ) ;
#5672 = CARTESIAN_POINT ( 'NONE',  ( -6.000000000000002665, 55.50000000000000000, 3.479999999999999982 ) ) ;
#5673 = CARTESIAN_POINT ( 'NONE',  ( -12.75000000000000355, 28.49999999999999289, 2.730000000000003535 ) ) ;
#5674 = DIRECTION ( 'NONE',  ( -1.000000000000000000, 0.000000000000000000, 0.000000000000000000 ) ) ;
#5675 = ORIENTED_EDGE ( 'NONE', *, *, #6915, .T. ) ;
#5676 = EDGE_CURVE ( 'NONE', #1352, #463, #9577, .T. ) ;
#5677 = EDGE_CURVE ( 'NONE', #6414, #8712, #1636, .T. ) ;
#5678 = PLANE ( 'NONE',  #6817 ) ;
#5679 = VECTOR ( 'NONE', #1794, 39.37007874015748143 ) ;
#5680 = DIRECTION ( 'NONE',  ( 1.000000000000000000, -0.000000000000000000, -0.000000000000000000 ) ) ;
#5681 = CIRCLE ( 'NONE', #7681, 0.1562499999999979461 ) ;
#5682 = EDGE_CURVE ( 'NONE', #5516, #11023, #11337, .T. ) ;
#5683 = VERTEX_POINT ( 'NONE', #11276 ) ;
#5684 = DIRECTION ( 'NONE',  ( 0.000000000000000000, 0.000000000000000000, -1.000000000000000000 ) ) ;
#5685 = FACE_BOUND ( 'NONE', #4810, .T. ) ;
#5686 = LINE ( 'NONE', #833, #6458 ) ;
#5687 = LINE ( 'NONE', #894, #2921 ) ;
#5688 = AXIS2_PLACEMENT_3D ( 'NONE', #9967, #6241, #6928 ) ;
#5689 = CYLINDRICAL_SURFACE ( 'NONE', #10511, 0.1562499999999979461 ) ;
#5690 = ORIENTED_EDGE ( 'NONE', *, *, #11393, .T. ) ;
#5691 = CYLINDRICAL_SURFACE ( 'NONE', #9027, 0.1562499999999979461 ) ;
#5692 = DIRECTION ( 'NONE',  ( 0.000000000000000000, 0.000000000000000000, -1.000000000000000000 ) ) ;
#5693 = AXIS2_PLACEMENT_3D ( 'NONE', #6646, #6585, #5458 ) ;
#5694 = CYLINDRICAL_SURFACE ( 'NONE', #7929, 0.1015624999999996114 ) ;
#5695 = EDGE_LOOP ( 'NONE', ( #6563, #5465 ) ) ;
#5696 = EDGE_CURVE ( 'NONE', #5091, #12061, #11572, .T. ) ;
#5697 = ORIENTED_EDGE ( 'NONE', *, *, #576, .T. ) ;
#5698 = DIMENSIONAL_EXPONENTS ( 1.000000000000000000, 0.000000000000000000, 0.000000000000000000, 0.000000000000000000, 0.000000000000000000, 0.000000000000000000, 0.000000000000000000 ) ;
#5699 = ORIENTED_EDGE ( 'NONE', *, *, #5604, .F. ) ;
#5700 = FACE_OUTER_BOUND ( 'NONE', #6340, .T. ) ;
#5701 = ORIENTED_EDGE ( 'NONE', *, *, #1985, .T. ) ;
#5702 = VECTOR ( 'NONE', #9953, 39.37007874015748143 ) ;
#5703 = VECTOR ( 'NONE', #2829, 39.37007874015748143 ) ;
#5704 = VERTEX_POINT ( 'NONE', #2633 ) ;
#5705 = DIRECTION ( 'NONE',  ( 0.000000000000000000, 0.000000000000000000, -1.000000000000000000 ) ) ;
#5706 = CARTESIAN_POINT ( 'NONE',  ( 1.739999999999997327, 57.99999999999999289, 0.000000000000000000 ) ) ;
#5707 = VERTEX_POINT ( 'NONE', #7498 ) ;
#5708 = PLANE ( 'NONE',  #9515 ) ;
#5709 = DIRECTION ( 'NONE',  ( 0.000000000000000000, -1.000000000000000000, 0.000000000000000000 ) ) ;
#5710 = VERTEX_POINT ( 'NONE', #4529 ) ;
#5711 = AXIS2_PLACEMENT_3D ( 'NONE', #9219, #6447, #10415 ) ;
#5712 = ADVANCED_FACE ( 'NONE', ( #2757 ), #12153, .F. ) ;
#5713 = CARTESIAN_POINT ( 'NONE',  ( 3.219999999999996643, 57.99999999999999289, 0.7500000000000001110 ) ) ;
#5714 = STYLED_ITEM ( 'NONE', ( #4126 ), #5163 ) ;
#5715 = LINE ( 'NONE', #9685, #10661 ) ;
#5716 = ORIENTED_EDGE ( 'NONE', *, *, #2143, .F. ) ;
#5717 = VECTOR ( 'NONE', #10488, 39.37007874015748143 ) ;
#5718 = CARTESIAN_POINT ( 'NONE',  ( 11.08815000000000062, 51.69999999999999574, 0.000000000000000000 ) ) ;
#5719 = SURFACE_SIDE_STYLE ('',( #8415 ) ) ;
#5720 = EDGE_LOOP ( 'NONE', ( #2781, #2520, #12245, #6348, #4092, #2844, #2158, #11109 ) ) ;
#5721 = DIRECTION ( 'NONE',  ( 0.000000000000000000, 0.000000000000000000, 1.000000000000000000 ) ) ;
#5722 = ORIENTED_EDGE ( 'NONE', *, *, #7306, .F. ) ;
#5723 = EDGE_CURVE ( 'NONE', #2339, #3736, #3516, .T. ) ;
#5724 = FACE_OUTER_BOUND ( 'NONE', #6102, .T. ) ;
#5725 = EDGE_CURVE ( 'NONE', #6187, #10044, #7756, .T. ) ;
#5726 = DIRECTION ( 'NONE',  ( 1.000000000000000000, -0.000000000000000000, -0.000000000000000000 ) ) ;
#5727 = ORIENTED_EDGE ( 'NONE', *, *, #1918, .T. ) ;
#5728 = CIRCLE ( 'NONE', #1489, 0.1562499999999979461 ) ;
#5729 = LINE ( 'NONE', #4579, #5503 ) ;
#5730 = LINE ( 'NONE', #1056, #3792 ) ;
#5731 = ORIENTED_EDGE ( 'NONE', *, *, #8071, .F. ) ;
#5732 = CARTESIAN_POINT ( 'NONE',  ( -11.00000000000000000, 35.00999999999999091, -1.124999999999997113 ) ) ;
#5733 = CIRCLE ( 'NONE', #7938, 0.1718500000000005301 ) ;
#5734 = DIRECTION ( 'NONE',  ( -0.000000000000000000, -0.000000000000000000, -1.000000000000000000 ) ) ;
#5735 = DIRECTION ( 'NONE',  ( 0.000000000000000000, 7.850137912828339862E-17, -1.000000000000000000 ) ) ;
#5736 = LINE ( 'NONE', #882, #6307 ) ;
#5737 = DIRECTION ( 'NONE',  ( 0.000000000000000000, 0.000000000000000000, 1.000000000000000000 ) ) ;
#5738 = ADVANCED_FACE ( 'NONE', ( #11402 ), #11211, .F. ) ;
#5739 = DIRECTION ( 'NONE',  ( 0.000000000000000000, 1.177520686924250979E-16, -1.000000000000000000 ) ) ;
#5740 = ORIENTED_EDGE ( 'NONE', *, *, #9225, .T. ) ;
#5741 = AXIS2_PLACEMENT_3D ( 'NONE', #4365, #1469, #2348 ) ;
#5742 = LINE ( 'NONE', #12402, #5494 ) ;
#5743 = VECTOR ( 'NONE', #6461, 39.37007874015748143 ) ;
#5744 = AXIS2_PLACEMENT_3D ( 'NONE', #183, #2831, #10771 ) ;
#5745 = CARTESIAN_POINT ( 'NONE',  ( 11.99999999999999822, 21.22999999999999687, -1.499999999999997113 ) ) ;
#5746 = FACE_BOUND ( 'NONE', #9987, .T. ) ;
#5747 = ORIENTED_EDGE ( 'NONE', *, *, #6258, .F. ) ;
#5748 = DIRECTION ( 'NONE',  ( 0.000000000000000000, 0.000000000000000000, -1.000000000000000000 ) ) ;
#5749 = VECTOR ( 'NONE', #7516, 39.37007874015748143 ) ;
#5750 = EDGE_CURVE ( 'NONE', #3587, #8999, #11460, .T. ) ;
#5751 = PRESENTATION_LAYER_ASSIGNMENT (  '', '', ( #108 ) ) ;
#5752 = FACE_OUTER_BOUND ( 'NONE', #1852, .T. ) ;
#5753 = SURFACE_STYLE_USAGE ( .BOTH. , #3659 ) ;
#5754 = CARTESIAN_POINT ( 'NONE',  ( -12.00000000000000355, 3.750000000000000888, 8.589666975669972615 ) ) ;
#5755 = ORIENTED_EDGE ( 'NONE', *, *, #8913, .F. ) ;
#5756 =( NAMED_UNIT ( * ) PLANE_ANGLE_UNIT ( ) SI_UNIT ( $, .RADIAN. ) );
#5757 = DIRECTION ( 'NONE',  ( 0.000000000000000000, -0.000000000000000000, -1.000000000000000000 ) ) ;
#5758 = EDGE_CURVE ( 'NONE', #4663, #10910, #2328, .T. ) ;
#5759 = DIRECTION ( 'NONE',  ( 0.000000000000000000, 0.000000000000000000, -1.000000000000000000 ) ) ;
#5760 = VERTEX_POINT ( 'NONE', #6551 ) ;
#5761 = ORIENTED_EDGE ( 'NONE', *, *, #2889, .F. ) ;
#5762 = CIRCLE ( 'NONE', #310, 0.1562499999999979461 ) ;
#5763 = ORIENTED_EDGE ( 'NONE', *, *, #3791, .F. ) ;
#5764 = VECTOR ( 'NONE', #5979, 39.37007874015748143 ) ;
#5765 = DIRECTION ( 'NONE',  ( 1.000000000000000000, 0.000000000000000000, 0.000000000000000000 ) ) ;
#5766 = EDGE_LOOP ( 'NONE', ( #6855, #2334, #8219, #5637 ) ) ;
#5767 = ORIENTED_EDGE ( 'NONE', *, *, #4892, .F. ) ;
#5768 = CYLINDRICAL_SURFACE ( 'NONE', #11250, 0.1562499999999957812 ) ;
#5769 = EDGE_CURVE ( 'NONE', #8596, #6814, #12336, .T. ) ;
#5770 = CARTESIAN_POINT ( 'NONE',  ( 11.00000000000000000, 27.50999999999998735, -1.124999999999997113 ) ) ;
#5771 = EDGE_LOOP ( 'NONE', ( #11524, #4707, #1787, #10035 ) ) ;
#5772 = DIRECTION ( 'NONE',  ( 1.000000000000000000, 0.000000000000000000, 0.000000000000000000 ) ) ;
#5773 = CARTESIAN_POINT ( 'NONE',  ( -11.40330917607771255, 51.60500108446665735, -1.000801305325613955 ) ) ;
#5774 = ORIENTED_EDGE ( 'NONE', *, *, #5801, .F. ) ;
#5775 = DIRECTION ( 'NONE',  ( 1.000000000000000000, 0.000000000000000000, -0.000000000000000000 ) ) ;
#5776 = AXIS2_PLACEMENT_3D ( 'NONE', #8023, #5124, #8086 ) ;
#5777 = ORIENTED_EDGE ( 'NONE', *, *, #3815, .T. ) ;
#5778 = EDGE_CURVE ( 'NONE', #4575, #835, #5671, .T. ) ;
#5779 = CARTESIAN_POINT ( 'NONE',  ( -11.99999999999999822, 59.18999999999999773, -0.7500000000000001110 ) ) ;
#5780 = CARTESIAN_POINT ( 'NONE',  ( -1.740000000000002656, 29.24999999999999289, -0.7500000000000001110 ) ) ;
#5781 = EDGE_LOOP ( 'NONE', ( #2783, #7107, #2470, #4500 ) ) ;
#5782 = CARTESIAN_POINT ( 'NONE',  ( 11.99999999999999822, 53.00999999999999091, -1.281249999999996447 ) ) ;
#5783 = VERTEX_POINT ( 'NONE', #9518 ) ;
#5784 = AXIS2_PLACEMENT_3D ( 'NONE', #8671, #870, #991 ) ;
#5785 = DIRECTION ( 'NONE',  ( -0.000000000000000000, 1.000000000000000000, -0.000000000000000000 ) ) ;
#5786 = DIRECTION ( 'NONE',  ( -0.000000000000000000, -0.000000000000000000, -1.000000000000000000 ) ) ;
#5787 = SURFACE_SIDE_STYLE ('',( #873 ) ) ;
#5788 = ORIENTED_EDGE ( 'NONE', *, *, #10894, .T. ) ;
#5789 = ADVANCED_FACE ( 'NONE', ( #880 ), #3707, .F. ) ;
#5790 = FACE_OUTER_BOUND ( 'NONE', #2954, .T. ) ;
#5791 = LINE ( 'NONE', #10393, #5670 ) ;
#5792 = DIRECTION ( 'NONE',  ( 0.000000000000000000, 1.000000000000000000, 0.000000000000000000 ) ) ;
#5793 = DIRECTION ( 'NONE',  ( -0.000000000000000000, -1.000000000000000000, -0.000000000000000000 ) ) ;
#5794 = DIRECTION ( 'NONE',  ( 0.000000000000000000, 0.000000000000000000, 1.000000000000000000 ) ) ;
#5795 = ORIENTED_EDGE ( 'NONE', *, *, #11472, .T. ) ;
#5796 = FACE_OUTER_BOUND ( 'NONE', #1501, .T. ) ;
#5797 = DIRECTION ( 'NONE',  ( -1.000000000000000000, -0.000000000000000000, 1.845843238962340492E-16 ) ) ;
#5798 = DIRECTION ( 'NONE',  ( 1.000000000000000000, 0.000000000000000000, 0.000000000000000000 ) ) ;
#5799 = ADVANCED_FACE ( 'NONE', ( #3831 ), #7928, .F. ) ;
#5800 = EDGE_LOOP ( 'NONE', ( #2531, #3119, #7648, #3925 ) ) ;
#5801 = EDGE_CURVE ( 'NONE', #694, #7316, #7768, .T. ) ;
#5802 = CYLINDRICAL_SURFACE ( 'NONE', #6434, 0.1718500000000005301 ) ;
#5803 = CLOSED_SHELL ( 'NONE', ( #1972, #3033, #8754, #4866, #4304, #6526 ) ) ;
#5804 = CARTESIAN_POINT ( 'NONE',  ( 1.739999999999997327, 54.75000000000000000, 0.000000000000000000 ) ) ;
#5805 = DIRECTION ( 'NONE',  ( 1.000000000000000000, -0.000000000000000000, -0.000000000000000000 ) ) ;
#5806 = CYLINDRICAL_SURFACE ( 'NONE', #3065, 0.1562499999999979461 ) ;
#5807 = ORIENTED_EDGE ( 'NONE', *, *, #1679, .T. ) ;
#5808 = CARTESIAN_POINT ( 'NONE',  ( -22.06250000000002132, 14.23000000000000220, -0.7499999999999983347 ) ) ;
#5809 = CARTESIAN_POINT ( 'NONE',  ( -11.99999999999999822, 42.50999999999999801, -1.124999999999997113 ) ) ;
#5810 = FACE_OUTER_BOUND ( 'NONE', #99, .T. ) ;
#5811 = ORIENTED_EDGE ( 'NONE', *, *, #9239, .T. ) ;
#5812 = ORIENTED_EDGE ( 'NONE', *, *, #3248, .T. ) ;
#5813 = VECTOR ( 'NONE', #12393, 39.37007874015748143 ) ;
#5814 = VECTOR ( 'NONE', #4146, 39.37007874015748143 ) ;
#5815 = EDGE_LOOP ( 'NONE', ( #6711, #10681 ) ) ;
#5816 = UNCERTAINTY_MEASURE_WITH_UNIT (LENGTH_MEASURE( 1.000000000000000082E-05 ), #12319, 'distance_accuracy_value', 'NONE');
#5817 = DIRECTION ( 'NONE',  ( 0.000000000000000000, -1.000000000000000000, -2.491592112898606819E-16 ) ) ;
#5818 = ORIENTED_EDGE ( 'NONE', *, *, #11393, .F. ) ;
#5819 = VERTEX_POINT ( 'NONE', #8870 ) ;
#5820 = EDGE_CURVE ( 'NONE', #4802, #8596, #3888, .T. ) ;
#5821 = CARTESIAN_POINT ( 'NONE',  ( -11.00000000000000000, 54.50999999999998380, -0.9687499999999974465 ) ) ;
#5822 = VECTOR ( 'NONE', #6007, 39.37007874015748143 ) ;
#5823 = PRESENTATION_LAYER_ASSIGNMENT (  '', '', ( #6634 ) ) ;
#5824 = CYLINDRICAL_SURFACE ( 'NONE', #5481, 0.1562499999999978073 ) ;
#5825 = VERTEX_POINT ( 'NONE', #9828 ) ;
#5826 = DIRECTION ( 'NONE',  ( 0.000000000000000000, 0.000000000000000000, -1.000000000000000000 ) ) ;
#5827 = DIRECTION ( 'NONE',  ( 0.000000000000000000, 0.000000000000000000, -1.000000000000000000 ) ) ;
#5828 = LINE ( 'NONE', #212, #11933 ) ;
#5829 = ORIENTED_EDGE ( 'NONE', *, *, #4357, .F. ) ;
#5830 = DIRECTION ( 'NONE',  ( -0.000000000000000000, -1.000000000000000000, -0.000000000000000000 ) ) ;
#5831 = EDGE_CURVE ( 'NONE', #7328, #9870, #6676, .T. ) ;
#5832 = EDGE_CURVE ( 'NONE', #5460, #4633, #7561, .T. ) ;
#5833 = VECTOR ( 'NONE', #3654, 39.37007874015748143 ) ;
#5834 = VERTEX_POINT ( 'NONE', #7741 ) ;
#5835 = ADVANCED_FACE ( 'NONE', ( #174 ), #4897, .F. ) ;
#5836 = ORIENTED_EDGE ( 'NONE', *, *, #2046, .T. ) ;
#5837 = FACE_OUTER_BOUND ( 'NONE', #11530, .T. ) ;
#5838 = FACE_OUTER_BOUND ( 'NONE', #9066, .T. ) ;
#5839 = ORIENTED_EDGE ( 'NONE', *, *, #660, .F. ) ;
#5840 = CARTESIAN_POINT ( 'NONE',  ( -11.43185000000000251, 11.24000000000000199, 0.000000000000000000 ) ) ;
#5841 = AXIS2_PLACEMENT_3D ( 'NONE', #878, #9449, #1760 ) ;
#5842 = VECTOR ( 'NONE', #1842, 39.37007874015748143 ) ;
#5843 = ORIENTED_EDGE ( 'NONE', *, *, #4418, .F. ) ;
#5844 = DIRECTION ( 'NONE',  ( 0.000000000000000000, 0.000000000000000000, 1.000000000000000000 ) ) ;
#5845 = PLANE ( 'NONE',  #10619 ) ;
#5846 = DIRECTION ( 'NONE',  ( 1.000000000000000000, -0.000000000000000000, -0.000000000000000000 ) ) ;
#5847 = EDGE_CURVE ( 'NONE', #2362, #1608, #3069, .T. ) ;
#5848 = CARTESIAN_POINT ( 'NONE',  ( -3.220000000000002416, 22.51999999999998181, 0.000000000000000000 ) ) ;
#5849 = AXIS2_PLACEMENT_3D ( 'NONE', #9627, #2052, #279 ) ;
#5850 = EDGE_LOOP ( 'NONE', ( #5318, #7998 ) ) ;
#5851 = FACE_OUTER_BOUND ( 'NONE', #2916, .T. ) ;
#5852 = CARTESIAN_POINT ( 'NONE',  ( 11.00000000000000000, 27.50999999999998735, -1.124999999999997113 ) ) ;
#5853 = DIRECTION ( 'NONE',  ( 0.000000000000000000, 0.000000000000000000, -1.000000000000000000 ) ) ;
#5854 = DIRECTION ( 'NONE',  ( -1.000000000000000000, 0.000000000000000000, 0.000000000000000000 ) ) ;
#5855 = DIRECTION ( 'NONE',  ( 0.000000000000000000, -0.000000000000000000, 1.000000000000000000 ) ) ;
#5856 = VECTOR ( 'NONE', #127, 39.37007874015748143 ) ;
#5857 = CARTESIAN_POINT ( 'NONE',  ( 11.26000000000000156, 51.69999999999999574, -2.250000000000000444 ) ) ;
#5858 = VERTEX_POINT ( 'NONE', #11577 ) ;
#5859 = DIRECTION ( 'NONE',  ( -0.000000000000000000, -0.000000000000000000, -1.000000000000000000 ) ) ;
#5860 = ADVANCED_FACE ( 'NONE', ( #4011 ), #10517, .F. ) ;
#5861 = DIRECTION ( 'NONE',  ( 0.000000000000000000, 0.000000000000000000, -1.000000000000000000 ) ) ;
#5862 = PLANE ( 'NONE',  #3501 ) ;
#5863 = ORIENTED_EDGE ( 'NONE', *, *, #5831, .T. ) ;
#5864 = CARTESIAN_POINT ( 'NONE',  ( 11.99999999999999822, 39.50999999999999801, -1.124999999999997113 ) ) ;
#5865 = CYLINDRICAL_SURFACE ( 'NONE', #7468, 0.1562499999999979461 ) ;
#5866 = DIRECTION ( 'NONE',  ( 2.913971193241881950E-15, 1.000000000000000000, 0.000000000000000000 ) ) ;
#5867 = DIRECTION ( 'NONE',  ( 0.000000000000000000, 0.000000000000000000, -1.000000000000000000 ) ) ;
#5868 = CARTESIAN_POINT ( 'NONE',  ( 0.000000000000000000, 56.75000000000000000, 0.7500000000000004441 ) ) ;
#5869 = DIRECTION ( 'NONE',  ( 0.000000000000000000, 0.000000000000000000, 1.000000000000000000 ) ) ;
#5870 = CARTESIAN_POINT ( 'NONE',  ( -12.00000000000000355, 4.500000000000000888, 8.589666975669972615 ) ) ;
#5871 = ORIENTED_EDGE ( 'NONE', *, *, #5384, .T. ) ;
#5872 = AXIS2_PLACEMENT_3D ( 'NONE', #2236, #8095, #7147 ) ;
#5873 = ADVANCED_FACE ( 'NONE', ( #8619 ), #2070, .F. ) ;
#5874 = ORIENTED_EDGE ( 'NONE', *, *, #6129, .T. ) ;
#5875 = AXIS2_PLACEMENT_3D ( 'NONE', #9690, #9815, #8732 ) ;
#5876 = EDGE_CURVE ( 'NONE', #359, #463, #12456, .T. ) ;
#5877 = VERTEX_POINT ( 'NONE', #7867 ) ;
#5878 = LINE ( 'NONE', #7707, #8736 ) ;
#5879 = ORIENTED_EDGE ( 'NONE', *, *, #8838, .T. ) ;
#5880 = ORIENTED_EDGE ( 'NONE', *, *, #5050, .F. ) ;
#5881 = LINE ( 'NONE', #8075, #2789 ) ;
#5882 = AXIS2_PLACEMENT_3D ( 'NONE', #2162, #6009, #11043 ) ;
#5883 = DIRECTION ( 'NONE',  ( -1.000000000000000000, 0.000000000000000000, 0.000000000000000000 ) ) ;
#5884 = ORIENTED_EDGE ( 'NONE', *, *, #2255, .T. ) ;
#5885 = CYLINDRICAL_SURFACE ( 'NONE', #2654, 0.1562499999999995837 ) ;
#5886 = FACE_OUTER_BOUND ( 'NONE', #8253, .T. ) ;
#5887 = CARTESIAN_POINT ( 'NONE',  ( -11.20754607393516089, 51.53581059300762490, -0.9708655196460810322 ) ) ;
#5888 = ORIENTED_EDGE ( 'NONE', *, *, #9158, .T. ) ;
#5889 = FACE_OUTER_BOUND ( 'NONE', #301, .T. ) ;
#5890 = ADVANCED_FACE ( 'NONE', ( #11520 ), #8770, .F. ) ;
#5891 = AXIS2_PLACEMENT_3D ( 'NONE', #9834, #1070, #9775 ) ;
#5892 = CARTESIAN_POINT ( 'NONE',  ( 10.51999999999999957, 59.18999999999999773, -1.500000000000000222 ) ) ;
#5893 = ORIENTED_EDGE ( 'NONE', *, *, #11217, .F. ) ;
#5894 = CARTESIAN_POINT ( 'NONE',  ( 11.43185000000000251, 13.74000000000000199, -2.250000000000000444 ) ) ;
#5895 = CIRCLE ( 'NONE', #11328, 0.1718500000000005301 ) ;
#5896 = CARTESIAN_POINT ( 'NONE',  ( 11.99999999999999822, 14.23000000000000220, -0.7499999999999983347 ) ) ;
#5897 = EDGE_CURVE ( 'NONE', #3649, #5990, #9642, .T. ) ;
#5898 = ORIENTED_EDGE ( 'NONE', *, *, #5593, .T. ) ;
#5899 = DIRECTION ( 'NONE',  ( 0.000000000000000000, 0.000000000000000000, -1.000000000000000000 ) ) ;
#5900 = AXIS2_PLACEMENT_3D ( 'NONE', #741, #6664, #872 ) ;
#5901 = VERTEX_POINT ( 'NONE', #1002 ) ;
#5902 = DIRECTION ( 'NONE',  ( -1.000000000000000000, 0.000000000000000000, 0.000000000000000000 ) ) ;
#5903 = ADVANCED_FACE ( 'NONE', ( #4834 ), #8682, .F. ) ;
#5904 = DIRECTION ( 'NONE',  ( 0.000000000000000000, 0.000000000000000000, -1.000000000000000000 ) ) ;
#5905 = DIRECTION ( 'NONE',  ( 1.000000000000000000, 0.000000000000000000, 0.000000000000000000 ) ) ;
#5906 = VECTOR ( 'NONE', #3413, 39.37007874015748143 ) ;
#5907 =( NAMED_UNIT ( * ) PLANE_ANGLE_UNIT ( ) SI_UNIT ( $, .RADIAN. ) );
#5908 = VERTEX_POINT ( 'NONE', #9704 ) ;
#5909 = DIMENSIONAL_EXPONENTS ( 1.000000000000000000, 0.000000000000000000, 0.000000000000000000, 0.000000000000000000, 0.000000000000000000, 0.000000000000000000, 0.000000000000000000 ) ;
#5910 = FACE_BOUND ( 'NONE', #1671, .T. ) ;
#5911 = CARTESIAN_POINT ( 'NONE',  ( 11.00000000000000000, 42.50999999999999801, -1.281249999999994893 ) ) ;
#5912 = EDGE_CURVE ( 'NONE', #11550, #10249, #4343, .T. ) ;
#5913 = DIRECTION ( 'NONE',  ( -0.000000000000000000, -0.000000000000000000, 1.000000000000000000 ) ) ;
#5914 = CARTESIAN_POINT ( 'NONE',  ( 5.999999999999998224, 54.75000000000000000, 0.000000000000000000 ) ) ;
#5915 = VECTOR ( 'NONE', #12415, 39.37007874015748143 ) ;
#5916 = CARTESIAN_POINT ( 'NONE',  ( -22.06250000000002132, 10.75000000000000178, -0.7499999999999986677 ) ) ;
#5917 = LINE ( 'NONE', #1191, #11381 ) ;
#5918 = DIRECTION ( 'NONE',  ( 0.000000000000000000, 0.000000000000000000, -1.000000000000000000 ) ) ;
#5919 = VERTEX_POINT ( 'NONE', #5914 ) ;
#5920 = DIRECTION ( 'NONE',  ( -1.000000000000000000, 0.000000000000000000, 0.000000000000000000 ) ) ;
#5921 = LINE ( 'NONE', #2, #7210 ) ;
#5922 = FACE_OUTER_BOUND ( 'NONE', #10783, .T. ) ;
#5923 = VECTOR ( 'NONE', #516, 39.37007874015748143 ) ;
#5924 = ORIENTED_EDGE ( 'NONE', *, *, #11768, .F. ) ;
#5925 = DIRECTION ( 'NONE',  ( -1.000000000000000000, 0.000000000000000000, 0.000000000000000000 ) ) ;
#5926 = DIRECTION ( 'NONE',  ( 1.000000000000000000, -0.000000000000000000, -0.000000000000000000 ) ) ;
#5927 = FACE_OUTER_BOUND ( 'NONE', #5174, .T. ) ;
#5928 = AXIS2_PLACEMENT_3D ( 'NONE', #2977, #8840, #8778 ) ;
#5929 = DIRECTION ( 'NONE',  ( -1.000000000000000000, 0.000000000000000000, 0.000000000000000000 ) ) ;
#5930 = DIRECTION ( 'NONE',  ( -0.000000000000000000, -0.000000000000000000, 1.000000000000000000 ) ) ;
#5931 = LINE ( 'NONE', #9604, #889 ) ;
#5932 = VERTEX_POINT ( 'NONE', #9769 ) ;
#5933 = CIRCLE ( 'NONE', #6733, 0.1718500000000005301 ) ;
#5934 = ORIENTED_EDGE ( 'NONE', *, *, #7103, .T. ) ;
#5935 = EDGE_LOOP ( 'NONE', ( #6353, #1848, #2627, #9921 ) ) ;
#5936 = UNCERTAINTY_MEASURE_WITH_UNIT (LENGTH_MEASURE( 1.000000000000000082E-05 ), #5456, 'distance_accuracy_value', 'NONE');
#5937 = FACE_OUTER_BOUND ( 'NONE', #8773, .T. ) ;
#5938 = ORIENTED_EDGE ( 'NONE', *, *, #12300, .F. ) ;
#5939 = AXIS2_PLACEMENT_3D ( 'NONE', #7884, #6367, #10031 ) ;
#5940 = CIRCLE ( 'NONE', #1515, 0.1718500000000005301 ) ;
#5941 = ORIENTED_EDGE ( 'NONE', *, *, #1307, .T. ) ;
#5942 = PLANE ( 'NONE',  #173 ) ;
#5943 = EDGE_CURVE ( 'NONE', #11711, #5054, #1123, .T. ) ;
#5944 = LINE ( 'NONE', #11982, #3561 ) ;
#5945 = EDGE_CURVE ( 'NONE', #4983, #694, #3379, .T. ) ;
#5946 = LINE ( 'NONE', #1157, #3660 ) ;
#5947 = ORIENTED_EDGE ( 'NONE', *, *, #6907, .F. ) ;
#5948 = CARTESIAN_POINT ( 'NONE',  ( 10.51999999999999957, 59.18999999999999773, -1.500000000000000222 ) ) ;
#5949 = CARTESIAN_POINT ( 'NONE',  ( -12.75000000000000355, 28.49999999999998579, -2.250000000000000444 ) ) ;
#5950 = CARTESIAN_POINT ( 'NONE',  ( -11.10878485728068732, 51.61820510742701629, -1.012104035061228702 ) ) ;
#5951 = ORIENTED_EDGE ( 'NONE', *, *, #482, .F. ) ;
#5952 = CIRCLE ( 'NONE', #7559, 0.1562499999999978073 ) ;
#5953 = AXIS2_PLACEMENT_3D ( 'NONE', #7039, #8114, #8176 ) ;
#5954 = FACE_OUTER_BOUND ( 'NONE', #3777, .T. ) ;
#5955 = ORIENTED_EDGE ( 'NONE', *, *, #4687, .F. ) ;
#5956 = DIRECTION ( 'NONE',  ( -1.000000000000000000, 0.000000000000000000, 9.229216194811702461E-17 ) ) ;
#5957 = ORIENTED_EDGE ( 'NONE', *, *, #1761, .F. ) ;
#5958 = CARTESIAN_POINT ( 'NONE',  ( 0.000000000000000000, 55.50000000000000000, 0.000000000000000000 ) ) ;
#5959 = AXIS2_PLACEMENT_3D ( 'NONE', #6525, #9424, #7531 ) ;
#5960 = AXIS2_PLACEMENT_3D ( 'NONE', #210, #4043, #3103 ) ;
#5961 = EDGE_CURVE ( 'NONE', #12461, #6381, #5281, .T. ) ;
#5962 = ADVANCED_FACE ( 'NONE', ( #3196 ), #4199, .F. ) ;
#5963 = DIRECTION ( 'NONE',  ( 0.000000000000000000, 0.000000000000000000, -1.000000000000000000 ) ) ;
#5964 = DIRECTION ( 'NONE',  ( 0.000000000000000000, 0.000000000000000000, -1.000000000000000000 ) ) ;
#5965 = ORIENTED_EDGE ( 'NONE', *, *, #5099, .T. ) ;
#5966 = LINE ( 'NONE', #3876, #236 ) ;
#5967 = ORIENTED_EDGE ( 'NONE', *, *, #10081, .F. ) ;
#5968 = DIRECTION ( 'NONE',  ( 1.000000000000000000, 0.000000000000000000, -9.229216194811704926E-17 ) ) ;
#5969 = DIRECTION ( 'NONE',  ( 1.000000000000000000, 0.000000000000000000, 0.000000000000000000 ) ) ;
#5970 = AXIS2_PLACEMENT_3D ( 'NONE', #6712, #10554, #5775 ) ;
#5971 = CARTESIAN_POINT ( 'NONE',  ( -11.99999999999999822, 10.75000000000000178, -1.500000000000000222 ) ) ;
#5972 = CARTESIAN_POINT ( 'NONE',  ( -12.75000000000000000, 27.50999999999998735, -1.124999999999997113 ) ) ;
#5973 = ORIENTED_EDGE ( 'NONE', *, *, #2046, .F. ) ;
#5974 = EDGE_CURVE ( 'NONE', #1325, #8068, #1928, .T. ) ;
#5975 = FACE_BOUND ( 'NONE', #4276, .T. ) ;
#5976 = VECTOR ( 'NONE', #5536, 39.37007874015748143 ) ;
#5977 = FACE_OUTER_BOUND ( 'NONE', #9092, .T. ) ;
#5978 = PLANE ( 'NONE',  #9697 ) ;
#5979 = DIRECTION ( 'NONE',  ( -0.000000000000000000, -1.000000000000000000, -0.000000000000000000 ) ) ;
#5980 = CARTESIAN_POINT ( 'NONE',  ( -11.26000000000000156, 13.74000000000000199, -0.7499999999999983347 ) ) ;
#5981 = CARTESIAN_POINT ( 'NONE',  ( 11.26000000000000156, 13.74000000000000199, -2.250000000000000444 ) ) ;
#5982 = LINE ( 'NONE', #8874, #3349 ) ;
#5983 = VERTEX_POINT ( 'NONE', #4327 ) ;
#5984 = CARTESIAN_POINT ( 'NONE',  ( 11.99999999999999822, 24.70999999999999730, -1.499999999999996891 ) ) ;
#5985 = VECTOR ( 'NONE', #9149, 39.37007874015748143 ) ;
#5986 = EDGE_CURVE ( 'NONE', #8780, #545, #8233, .T. ) ;
#5987 = DIRECTION ( 'NONE',  ( 1.000000000000000000, -0.000000000000000000, -0.000000000000000000 ) ) ;
#5988 = EDGE_CURVE ( 'NONE', #3355, #10013, #9989, .T. ) ;
#5989 = LINE ( 'NONE', #950, #91 ) ;
#5990 = VERTEX_POINT ( 'NONE', #9183 ) ;
#5991 = EDGE_CURVE ( 'NONE', #7502, #8824, #7165, .T. ) ;
#5992 = DIRECTION ( 'NONE',  ( 0.000000000000000000, 0.000000000000000000, 1.000000000000000000 ) ) ;
#5993 = DIRECTION ( 'NONE',  ( 1.000000000000000000, 0.000000000000000000, 0.000000000000000000 ) ) ;
#5994 = CARTESIAN_POINT ( 'NONE',  ( -3.220000000000002416, 55.50000000000000000, 0.000000000000000000 ) ) ;
#5995 = MECHANICAL_DESIGN_GEOMETRIC_PRESENTATION_REPRESENTATION (  '', ( #7401 ), #1971 ) ;
#5996 = CARTESIAN_POINT ( 'NONE',  ( 11.99999999999999822, 3.750000000000003553, -0.7500000000000001110 ) ) ;
#5997 = LINE ( 'NONE', #4089, #1513 ) ;
#5998 = LINE ( 'NONE', #6123, #9748 ) ;
#5999 = ORIENTED_EDGE ( 'NONE', *, *, #8913, .T. ) ;
#6000 = ORIENTED_EDGE ( 'NONE', *, *, #3545, .T. ) ;
#6001 = EDGE_LOOP ( 'NONE', ( #8275, #5587, #8890, #9427 ) ) ;
#6002 = ADVANCED_FACE ( 'NONE', ( #10886 ), #12016, .F. ) ;
#6003 = CARTESIAN_POINT ( 'NONE',  ( -10.51999999999999957, 4.500000000000000888, 8.589666975669972615 ) ) ;
#6004 = ORIENTED_EDGE ( 'NONE', *, *, #6558, .F. ) ;
#6005 = CLOSED_SHELL ( 'NONE', ( #7118, #5860, #10066, #276, #3762, #1561, #746, #4627, #3821, #10147, #7058, #2705, #2973, #5526, #2987, #7290, #5534, #867, #4489, #5321, #1075, #4193, #1877, #9738, #4168, #2494 ) ) ;
#6006 = ORIENTED_EDGE ( 'NONE', *, *, #6528, .T. ) ;
#6007 = DIRECTION ( 'NONE',  ( 1.000000000000000000, -0.000000000000000000, -0.000000000000000000 ) ) ;
#6008 = FACE_OUTER_BOUND ( 'NONE', #6197, .T. ) ;
#6009 = DIRECTION ( 'NONE',  ( -0.000000000000000000, -0.000000000000000000, 1.000000000000000000 ) ) ;
#6010 = EDGE_LOOP ( 'NONE', ( #2163, #2409, #2833, #4429 ) ) ;
#6011 = DIRECTION ( 'NONE',  ( -1.000000000000000000, 0.000000000000000000, 0.000000000000000000 ) ) ;
#6012 = CARTESIAN_POINT ( 'NONE',  ( -6.000000000000001776, 55.50000000000000000, 2.729999999999999982 ) ) ;
#6013 = CARTESIAN_POINT ( 'NONE',  ( -11.41154437375657871, 51.61881992549620435, -1.012697791358484478 ) ) ;
#6014 = VERTEX_POINT ( 'NONE', #10823 ) ;
#6015 = CARTESIAN_POINT ( 'NONE',  ( 11.99999999999999822, 28.49999999999998579, -2.250000000000003109 ) ) ;
#6016 = ORIENTED_EDGE ( 'NONE', *, *, #12333, .T. ) ;
#6017 = EDGE_CURVE ( 'NONE', #1783, #1622, #3529, .T. ) ;
#6018 = ORIENTED_EDGE ( 'NONE', *, *, #4884, .T. ) ;
#6019 = AXIS2_PLACEMENT_3D ( 'NONE', #9855, #2404, #9270 ) ;
#6020 = AXIS2_PLACEMENT_3D ( 'NONE', #10815, #8923, #1114 ) ;
#6021 = LINE ( 'NONE', #9871, #9447 ) ;
#6022 = DIRECTION ( 'NONE',  ( -0.000000000000000000, -0.000000000000000000, 1.000000000000000000 ) ) ;
#6023 =( CONVERSION_BASED_UNIT ( 'INCH', #8788 ) LENGTH_UNIT ( ) NAMED_UNIT ( #7285 ) );
#6024 = ORIENTED_EDGE ( 'NONE', *, *, #12458, .T. ) ;
#6025 = FACE_BOUND ( 'NONE', #10199, .T. ) ;
#6026 = ORIENTED_EDGE ( 'NONE', *, *, #92, .F. ) ;
#6027 = CARTESIAN_POINT ( 'NONE',  ( -12.00000000000000355, 25.01999999999998536, 3.480000000000003091 ) ) ;
#6028 = AXIS2_PLACEMENT_3D ( 'NONE', #8318, #12164, #2585 ) ;
#6029 = CARTESIAN_POINT ( 'NONE',  ( 10.51999999999999957, 59.18999999999999773, -0.7500000000000001110 ) ) ;
#6030 = ADVANCED_FACE ( 'NONE', ( #1433 ), #11949, .F. ) ;
#6031 = EDGE_CURVE ( 'NONE', #8402, #6221, #11078, .T. ) ;
#6032 = CARTESIAN_POINT ( 'NONE',  ( 11.99999999999999822, 50.00999999999999091, -1.124999999999997113 ) ) ;
#6033 = ORIENTED_EDGE ( 'NONE', *, *, #9698, .F. ) ;
#6034 = VECTOR ( 'NONE', #10212, 39.37007874015748143 ) ;
#6035 = FACE_OUTER_BOUND ( 'NONE', #5020, .T. ) ;
#6036 = STYLED_ITEM ( 'NONE', ( #2983 ), #922 ) ;
#6037 = FACE_BOUND ( 'NONE', #1600, .T. ) ;
#6038 = VERTEX_POINT ( 'NONE', #6106 ) ;
#6039 = CARTESIAN_POINT ( 'NONE',  ( -3.220000000000002416, 22.51999999999998181, 0.7500000000000001110 ) ) ;
#6040 = DIRECTION ( 'NONE',  ( -0.000000000000000000, -0.000000000000000000, 1.000000000000000000 ) ) ;
#6041 = LINE ( 'NONE', #1314, #6896 ) ;
#6042 = CARTESIAN_POINT ( 'NONE',  ( -11.26000000000000156, 11.24000000000000199, -1.499999999999998668 ) ) ;
#6043 = CARTESIAN_POINT ( 'NONE',  ( 0.000000000000000000, 3.750000000000000888, 0.000000000000000000 ) ) ;
#6044 = ORIENTED_EDGE ( 'NONE', *, *, #7710, .F. ) ;
#6045 = CARTESIAN_POINT ( 'NONE',  ( -11.26000000000000156, 49.19999999999999574, -2.250000000000000444 ) ) ;
#6046 = AXIS2_PLACEMENT_3D ( 'NONE', #156, #2865, #5963 ) ;
#6047 = EDGE_CURVE ( 'NONE', #2144, #1411, #2376, .T. ) ;
#6048 = DIRECTION ( 'NONE',  ( 0.000000000000000000, 0.000000000000000000, -1.000000000000000000 ) ) ;
#6049 = DIRECTION ( 'NONE',  ( -1.000000000000000000, 0.000000000000000000, 0.000000000000000000 ) ) ;
#6050 = ORIENTED_EDGE ( 'NONE', *, *, #3402, .F. ) ;
#6051 = CARTESIAN_POINT ( 'NONE',  ( 12.75000000000000000, 26.00999999999999091, -1.124999999999997113 ) ) ;
#6052 = CARTESIAN_POINT ( 'NONE',  ( 10.51999999999999957, 3.750000000000000888, -0.7500000000000001110 ) ) ;
#6053 = CIRCLE ( 'NONE', #7662, 0.1718500000000005301 ) ;
#6054 = LINE ( 'NONE', #10593, #2723 ) ;
#6055 = FACE_OUTER_BOUND ( 'NONE', #5522, .T. ) ;
#6056 = EDGE_CURVE ( 'NONE', #4433, #6822, #6954, .T. ) ;
#6057 = DIRECTION ( 'NONE',  ( -1.000000000000000000, -0.000000000000000000, -0.000000000000000000 ) ) ;
#6058 = CARTESIAN_POINT ( 'NONE',  ( -10.51999999999999957, 59.18999999999999773, -1.500000000000000222 ) ) ;
#6059 = ORIENTED_EDGE ( 'NONE', *, *, #4094, .T. ) ;
#6060 = VERTEX_POINT ( 'NONE', #6293 ) ;
#6061 = EDGE_CURVE ( 'NONE', #7364, #11962, #1251, .T. ) ;
#6062 = ORIENTED_EDGE ( 'NONE', *, *, #6907, .T. ) ;
#6063 = UNCERTAINTY_MEASURE_WITH_UNIT (LENGTH_MEASURE( 1.000000000000000082E-05 ), #12116, 'distance_accuracy_value', 'NONE');
#6064 = CARTESIAN_POINT ( 'NONE',  ( 6.000000000000001776, 55.50000000000000000, 2.729999999999999982 ) ) ;
#6065 = AXIS2_PLACEMENT_3D ( 'NONE', #11634, #11765, #10636 ) ;
#6066 = ORIENTED_EDGE ( 'NONE', *, *, #1677, .F. ) ;
#6067 = DIRECTION ( 'NONE',  ( 1.000000000000000000, -0.000000000000000000, -0.000000000000000000 ) ) ;
#6068 = CARTESIAN_POINT ( 'NONE',  ( 11.39965998868099817, 51.59968777338874446, -1.253067753919673732 ) ) ;
#6069 = STYLED_ITEM ( 'NONE', ( #3676 ), #9503 ) ;
#6070 = LINE ( 'NONE', #9920, #3056 ) ;
#6071 = ORIENTED_EDGE ( 'NONE', *, *, #6844, .T. ) ;
#6072 = EDGE_CURVE ( 'NONE', #11505, #9870, #11992, .T. ) ;
#6073 = CARTESIAN_POINT ( 'NONE',  ( -1.740000000000002656, 29.24999999999999289, 0.000000000000000000 ) ) ;
#6074 = DIRECTION ( 'NONE',  ( 0.000000000000000000, 0.000000000000000000, -1.000000000000000000 ) ) ;
#6075 = CIRCLE ( 'NONE', #9703, 0.1562499999999993339 ) ;
#6076 = DIRECTION ( 'NONE',  ( 0.000000000000000000, 0.000000000000000000, 1.000000000000000000 ) ) ;
#6077 = ORIENTED_EDGE ( 'NONE', *, *, #5988, .T. ) ;
#6078 = CARTESIAN_POINT ( 'NONE',  ( -11.00000000000000000, 26.00999999999999091, -1.281249999999994893 ) ) ;
#6079 = EDGE_LOOP ( 'NONE', ( #7303, #2350, #6597, #1581 ) ) ;
#6080 = DIMENSIONAL_EXPONENTS ( 1.000000000000000000, 0.000000000000000000, 0.000000000000000000, 0.000000000000000000, 0.000000000000000000, 0.000000000000000000, 0.000000000000000000 ) ;
#6081 = LENGTH_MEASURE_WITH_UNIT ( LENGTH_MEASURE( 0.02539999999999999897 ), #8661 );
#6082 = VECTOR ( 'NONE', #4806, 39.37007874015748143 ) ;
#6083 = AXIS2_PLACEMENT_3D ( 'NONE', #5948, #87, #9801 ) ;
#6084 = VERTEX_POINT ( 'NONE', #8993 ) ;
#6085 = LINE ( 'NONE', #1295, #8629 ) ;
#6086 = DIRECTION ( 'NONE',  ( 0.000000000000000000, -7.850137912828339862E-17, 1.000000000000000000 ) ) ;
#6087 = FILL_AREA_STYLE ('',( #10059 ) ) ;
#6088 = ORIENTED_EDGE ( 'NONE', *, *, #4052, .F. ) ;
#6089 = EDGE_CURVE ( 'NONE', #416, #7234, #361, .T. ) ;
#6090 = LINE ( 'NONE', #2991, #635 ) ;
#6091 = VERTEX_POINT ( 'NONE', #10015 ) ;
#6092 = AXIS2_PLACEMENT_3D ( 'NONE', #958, #3965, #7635 ) ;
#6093 = CARTESIAN_POINT ( 'NONE',  ( -11.11983240653423621, 51.60039678516546502, -1.252571099423626988 ) ) ;
#6094 = VECTOR ( 'NONE', #2320, 39.37007874015748143 ) ;
#6095 = CARTESIAN_POINT ( 'NONE',  ( 11.99999999999999822, 36.50999999999999091, -1.124999999999997113 ) ) ;
#6096 = SURFACE_SIDE_STYLE ('',( #479 ) ) ;
#6097 = CARTESIAN_POINT ( 'NONE',  ( -10.51999999999999957, 3.750000000000000888, -9.410333024330023832 ) ) ;
#6098 = ORIENTED_EDGE ( 'NONE', *, *, #5114, .F. ) ;
#6099 = VECTOR ( 'NONE', #5088, 39.37007874015748143 ) ;
#6100 = VECTOR ( 'NONE', #12264, 39.37007874015748143 ) ;
#6101 = CARTESIAN_POINT ( 'NONE',  ( 0.000000000000000000, 56.75000000000000000, 8.589666975669972615 ) ) ;
#6102 = EDGE_LOOP ( 'NONE', ( #4173, #5542, #4285, #1164 ) ) ;
#6103 = EDGE_CURVE ( 'NONE', #12230, #6579, #1374, .T. ) ;
#6104 = CARTESIAN_POINT ( 'NONE',  ( -11.99999999999999822, 3.750000000000000888, -0.7500000000000001110 ) ) ;
#6105 = EDGE_CURVE ( 'NONE', #1798, #871, #3438, .T. ) ;
#6106 = CARTESIAN_POINT ( 'NONE',  ( -11.00000000000000000, 38.00999999999999091, -1.281249999999993117 ) ) ;
#6107 = LINE ( 'NONE', #5220, #11126 ) ;
#6108 = LINE ( 'NONE', #1019, #2212 ) ;
#6109 = CARTESIAN_POINT ( 'NONE',  ( 3.219999999999996643, 25.01999999999998181, 0.000000000000000000 ) ) ;
#6110 = CARTESIAN_POINT ( 'NONE',  ( -10.51999999999999957, 59.18999999999999773, 0.000000000000000000 ) ) ;
#6111 = ORIENTED_EDGE ( 'NONE', *, *, #665, .T. ) ;
#6112 = AXIS2_PLACEMENT_3D ( 'NONE', #9408, #8457, #6758 ) ;
#6113 = LINE ( 'NONE', #8056, #11243 ) ;
#6114 = CARTESIAN_POINT ( 'NONE',  ( -22.06250000000002132, 21.22999999999999687, -0.7499999999999974465 ) ) ;
#6115 = EDGE_LOOP ( 'NONE', ( #3389, #6918, #5442, #12159 ) ) ;
#6116 = CARTESIAN_POINT ( 'NONE',  ( -12.75000000000000355, 0.000000000000000000, 0.000000000000000000 ) ) ;
#6117 = AXIS2_PLACEMENT_3D ( 'NONE', #10968, #1452, #11903 ) ;
#6118 = DIRECTION ( 'NONE',  ( 0.000000000000000000, 0.000000000000000000, -1.000000000000000000 ) ) ;
#6119 = EDGE_CURVE ( 'NONE', #7475, #2906, #6599, .T. ) ;
#6120 = PLANE ( 'NONE',  #1116 ) ;
#6121 = DIRECTION ( 'NONE',  ( 1.000000000000000000, -0.000000000000000000, -0.000000000000000000 ) ) ;
#6122 = DIRECTION ( 'NONE',  ( 0.000000000000000000, 0.000000000000000000, -1.000000000000000000 ) ) ;
#6123 = CARTESIAN_POINT ( 'NONE',  ( 10.51999999999999247, 9.940840045854139717, -6.358918193179024847 ) ) ;
#6124 = ORIENTED_EDGE ( 'NONE', *, *, #10509, .T. ) ;
#6125 = ORIENTED_EDGE ( 'NONE', *, *, #11280, .F. ) ;
#6126 = VECTOR ( 'NONE', #2216, 39.37007874015748143 ) ;
#6127 = EDGE_LOOP ( 'NONE', ( #10255, #11499, #4926, #5079 ) ) ;
#6128 = LINE ( 'NONE', #6250, #6126 ) ;
#6129 = EDGE_CURVE ( 'NONE', #41, #3525, #735, .T. ) ;
#6130 = ORIENTED_EDGE ( 'NONE', *, *, #1167, .T. ) ;
#6131 = FACE_OUTER_BOUND ( 'NONE', #11648, .T. ) ;
#6132 = CARTESIAN_POINT ( 'NONE',  ( 11.37497004704124848, 51.57210883968002690, -1.268444876486232609 ) ) ;
#6133 = EDGE_CURVE ( 'NONE', #5044, #6038, #6562, .T. ) ;
#6134 = CARTESIAN_POINT ( 'NONE',  ( 11.00000000000000000, 42.50999999999999801, -1.124999999999997113 ) ) ;
#6135 = AXIS2_PLACEMENT_3D ( 'NONE', #3063, #168, #9578 ) ;
#6136 = CARTESIAN_POINT ( 'NONE',  ( -11.00000000000000000, 48.50999999999999091, -0.9687499999999992228 ) ) ;
#6137 = EDGE_LOOP ( 'NONE', ( #6435, #3653, #558, #10088 ) ) ;
#6138 = DIRECTION ( 'NONE',  ( -0.000000000000000000, -0.000000000000000000, -1.000000000000000000 ) ) ;
#6139 = LINE ( 'NONE', #10858, #498 ) ;
#6140 = DIRECTION ( 'NONE',  ( 0.000000000000000000, -1.000000000000000000, 0.000000000000000000 ) ) ;
#6141 = ORIENTED_EDGE ( 'NONE', *, *, #7692, .F. ) ;
#6142 = CARTESIAN_POINT ( 'NONE',  ( 11.99999999999999822, 25.01999999999998181, -2.250000000000003109 ) ) ;
#6143 = ORIENTED_EDGE ( 'NONE', *, *, #3190, .T. ) ;
#6144 = AXIS2_PLACEMENT_3D ( 'NONE', #8719, #7962, #7777 ) ;
#6145 = ADVANCED_FACE ( 'NONE', ( #7543 ), #2617, .F. ) ;
#6146 = EDGE_CURVE ( 'NONE', #3838, #6708, #1621, .T. ) ;
#6147 = ORIENTED_EDGE ( 'NONE', *, *, #356, .F. ) ;
#6148 = CARTESIAN_POINT ( 'NONE',  ( 6.000000000000001776, 55.50000000000000000, 2.729999999999999982 ) ) ;
#6149 = EDGE_CURVE ( 'NONE', #10185, #11360, #11387, .T. ) ;
#6150 = CARTESIAN_POINT ( 'NONE',  ( 11.99999999999999822, 50.00999999999999091, -1.281249999999992895 ) ) ;
#6151 = CIRCLE ( 'NONE', #7550, 0.1562499999999979461 ) ;
#6152 = ORIENTED_EDGE ( 'NONE', *, *, #8643, .T. ) ;
#6153 = AXIS2_PLACEMENT_3D ( 'NONE', #624, #4590, #3642 ) ;
#6154 = DIRECTION ( 'NONE',  ( 0.000000000000000000, 0.000000000000000000, -1.000000000000000000 ) ) ;
#6155 = VERTEX_POINT ( 'NONE', #6350 ) ;
#6156 = DIRECTION ( 'NONE',  ( 0.000000000000000000, 0.000000000000000000, -1.000000000000000000 ) ) ;
#6157 = CARTESIAN_POINT ( 'NONE',  ( 11.00000000000000000, 29.00999999999999091, -1.124999999999997113 ) ) ;
#6158 = CARTESIAN_POINT ( 'NONE',  ( -11.08815000000000062, 24.21999999999999531, 0.000000000000000000 ) ) ;
#6159 = DIRECTION ( 'NONE',  ( -1.000000000000000000, 0.000000000000000000, -0.000000000000000000 ) ) ;
#6160 = VECTOR ( 'NONE', #6600, 39.37007874015748143 ) ;
#6161 = VECTOR ( 'NONE', #2252, 39.37007874015748143 ) ;
#6162 = ADVANCED_FACE ( 'NONE', ( #9305 ), #5532, .F. ) ;
#6163 = VERTEX_POINT ( 'NONE', #4451 ) ;
#6164 = DIMENSIONAL_EXPONENTS ( 1.000000000000000000, 0.000000000000000000, 0.000000000000000000, 0.000000000000000000, 0.000000000000000000, 0.000000000000000000, 0.000000000000000000 ) ;
#6165 = CARTESIAN_POINT ( 'NONE',  ( 11.08815000000000062, 24.21999999999999531, -1.499999999999996891 ) ) ;
#6166 = ORIENTED_EDGE ( 'NONE', *, *, #6666, .T. ) ;
#6167 = FACE_OUTER_BOUND ( 'NONE', #5850, .T. ) ;
#6168 = CARTESIAN_POINT ( 'NONE',  ( 11.26000000000000156, 11.24000000000000199, -0.7499999999999986677 ) ) ;
#6169 = FACE_OUTER_BOUND ( 'NONE', #6933, .T. ) ;
#6170 = DIRECTION ( 'NONE',  ( 0.000000000000000000, 0.000000000000000000, -1.000000000000000000 ) ) ;
#6171 = LINE ( 'NONE', #429, #1145 ) ;
#6172 = ORIENTED_EDGE ( 'NONE', *, *, #1247, .F. ) ;
#6173 = FACE_OUTER_BOUND ( 'NONE', #12025, .T. ) ;
#6174 = DIRECTION ( 'NONE',  ( 0.000000000000000000, 1.000000000000000000, 0.000000000000000000 ) ) ;
#6175 = EDGE_CURVE ( 'NONE', #10249, #11550, #6335, .T. ) ;
#6176 = CARTESIAN_POINT ( 'NONE',  ( 11.17103508654976984, 51.55236206092710205, -0.9744756863290048310 ) ) ;
#6177 = AXIS2_PLACEMENT_3D ( 'NONE', #2577, #6432, #1225 ) ;
#6178 = ORIENTED_EDGE ( 'NONE', *, *, #451, .T. ) ;
#6179 = DIRECTION ( 'NONE',  ( 0.000000000000000000, 1.177520686924250979E-16, -1.000000000000000000 ) ) ;
#6180 = FACE_OUTER_BOUND ( 'NONE', #11873, .T. ) ;
#6181 = CARTESIAN_POINT ( 'NONE',  ( 11.43185000000000251, 49.19999999999999574, -2.250000000000000444 ) ) ;
#6182 = CARTESIAN_POINT ( 'NONE',  ( -10.51999999999999957, 24.70999999999999730, -1.499999999999996891 ) ) ;
#6183 = DIRECTION ( 'NONE',  ( -1.000000000000000000, 0.000000000000000000, 0.000000000000000000 ) ) ;
#6184 = FACE_BOUND ( 'NONE', #11358, .T. ) ;
#6185 = EDGE_LOOP ( 'NONE', ( #7388, #2626 ) ) ;
#6186 = AXIS2_PLACEMENT_3D ( 'NONE', #7356, #11325, #6539 ) ;
#6187 = VERTEX_POINT ( 'NONE', #8355 ) ;
#6188 = ORIENTED_EDGE ( 'NONE', *, *, #4198, .F. ) ;
#6189 = EDGE_CURVE ( 'NONE', #10935, #3283, #8292, .T. ) ;
#6190 = CARTESIAN_POINT ( 'NONE',  ( -1.740000000000002656, 69.23000000000000398, 0.000000000000000000 ) ) ;
#6191 = EDGE_CURVE ( 'NONE', #7159, #7088, #4109, .T. ) ;
#6192 = ORIENTED_EDGE ( 'NONE', *, *, #5365, .T. ) ;
#6193 = FACE_OUTER_BOUND ( 'NONE', #6972, .T. ) ;
#6194 = VECTOR ( 'NONE', #2935, 39.37007874015748143 ) ;
#6195 = CARTESIAN_POINT ( 'NONE',  ( 11.42077607019503205, 51.63916173024497880, -1.213170761898490380 ) ) ;
#6196 = CARTESIAN_POINT ( 'NONE',  ( -12.75000000000000355, 28.49999999999999289, 2.730000000000003535 ) ) ;
#6197 = EDGE_LOOP ( 'NONE', ( #3105, #11618, #125, #9546 ) ) ;
#6198 = FACE_OUTER_BOUND ( 'NONE', #12063, .T. ) ;
#6199 = CYLINDRICAL_SURFACE ( 'NONE', #1704, 0.1015624999999994726 ) ;
#6200 = CARTESIAN_POINT ( 'NONE',  ( 11.99999999999999822, 39.50999999999999801, -1.124999999999997113 ) ) ;
#6201 = VERTEX_POINT ( 'NONE', #3499 ) ;
#6202 = DIRECTION ( 'NONE',  ( 0.000000000000000000, 1.000000000000000000, 0.000000000000000000 ) ) ;
#6203 = VERTEX_POINT ( 'NONE', #4513 ) ;
#6204 = EDGE_CURVE ( 'NONE', #968, #3685, #4635, .T. ) ;
#6205 = LENGTH_MEASURE_WITH_UNIT ( LENGTH_MEASURE( 0.02539999999999999897 ), #6388 );
#6206 = ORIENTED_EDGE ( 'NONE', *, *, #8694, .T. ) ;
#6207 = LINE ( 'NONE', #9997, #12253 ) ;
#6208 = CARTESIAN_POINT ( 'NONE',  ( 11.99999999999999822, 28.49999999999998579, -2.250000000000003109 ) ) ;
#6209 = ORIENTED_EDGE ( 'NONE', *, *, #869, .T. ) ;
#6210 = DIRECTION ( 'NONE',  ( 0.000000000000000000, 0.000000000000000000, -1.000000000000000000 ) ) ;
#6211 = ORIENTED_EDGE ( 'NONE', *, *, #5723, .T. ) ;
#6212 = EDGE_CURVE ( 'NONE', #10185, #1785, #3626, .T. ) ;
#6213 = EDGE_CURVE ( 'NONE', #5990, #133, #10614, .T. ) ;
#6214 = CARTESIAN_POINT ( 'NONE',  ( -1.740000000000002656, 29.24999999999999289, 0.000000000000000000 ) ) ;
#6215 = DIRECTION ( 'NONE',  ( -0.000000000000000000, -0.000000000000000000, 1.000000000000000000 ) ) ;
#6216 =( NAMED_UNIT ( * ) PLANE_ANGLE_UNIT ( ) SI_UNIT ( $, .RADIAN. ) );
#6217 = VERTEX_POINT ( 'NONE', #5470 ) ;
#6218 = AXIS2_PLACEMENT_3D ( 'NONE', #9098, #1356, #7144 ) ;
#6219 = ADVANCED_FACE ( 'NONE', ( #1979 ), #7414, .F. ) ;
#6220 = DIRECTION ( 'NONE',  ( 1.000000000000000000, 0.000000000000000000, 0.000000000000000000 ) ) ;
#6221 = VERTEX_POINT ( 'NONE', #2680 ) ;
#6222 = DIRECTION ( 'NONE',  ( 0.000000000000000000, 0.000000000000000000, -1.000000000000000000 ) ) ;
#6223 = ORIENTED_EDGE ( 'NONE', *, *, #2452, .F. ) ;
#6224 = CARTESIAN_POINT ( 'NONE',  ( 12.75000000000000000, 51.50999999999999091, -1.124999999999997113 ) ) ;
#6225 = CIRCLE ( 'NONE', #790, 0.1562499999999979461 ) ;
#6226 = DIRECTION ( 'NONE',  ( -1.000000000000000000, 0.000000000000000000, 0.000000000000000000 ) ) ;
#6227 = CIRCLE ( 'NONE', #791, 0.1562499999999978073 ) ;
#6228 = CARTESIAN_POINT ( 'NONE',  ( -11.26000000000000156, 21.71999999999999886, -1.500000000000000222 ) ) ;
#6229 = ADVANCED_FACE ( 'NONE', ( #6536 ), #10381, .F. ) ;
#6230 = LINE ( 'NONE', #11828, #11578 ) ;
#6231 = CARTESIAN_POINT ( 'NONE',  ( 11.26000000000000156, 21.71999999999999886, -0.7499999999999974465 ) ) ;
#6232 = ORIENTED_EDGE ( 'NONE', *, *, #2934, .F. ) ;
#6233 = CARTESIAN_POINT ( 'NONE',  ( -12.75000000000000000, 48.50999999999999091, -1.124999999999997113 ) ) ;
#6234 = PLANE ( 'NONE',  #9151 ) ;
#6235 = AXIS2_PLACEMENT_3D ( 'NONE', #1529, #10041, #10226 ) ;
#6236 = ORIENTED_EDGE ( 'NONE', *, *, #3929, .T. ) ;
#6237 = ORIENTED_EDGE ( 'NONE', *, *, #779, .T. ) ;
#6238 = DIRECTION ( 'NONE',  ( -0.000000000000000000, -0.000000000000000000, -1.000000000000000000 ) ) ;
#6239 = CARTESIAN_POINT ( 'NONE',  ( 11.08815000000000062, 24.21999999999999531, -1.500000000000000222 ) ) ;
#6240 = DIRECTION ( 'NONE',  ( 0.000000000000000000, 0.000000000000000000, -1.000000000000000000 ) ) ;
#6241 = DIRECTION ( 'NONE',  ( -0.000000000000000000, 1.000000000000000000, 0.000000000000000000 ) ) ;
#6242 = EDGE_CURVE ( 'NONE', #670, #10294, #3109, .T. ) ;
#6243 = DIRECTION ( 'NONE',  ( 1.000000000000000000, -0.000000000000000000, -0.000000000000000000 ) ) ;
#6244 = VECTOR ( 'NONE', #6238, 39.37007874015748143 ) ;
#6245 = LINE ( 'NONE', #5170, #2685 ) ;
#6246 = ORIENTED_EDGE ( 'NONE', *, *, #11377, .T. ) ;
#6247 = VECTOR ( 'NONE', #7638, 39.37007874015748143 ) ;
#6248 = ORIENTED_EDGE ( 'NONE', *, *, #953, .T. ) ;
#6249 = EDGE_LOOP ( 'NONE', ( #12020, #9215, #963, #1261 ) ) ;
#6250 = CARTESIAN_POINT ( 'NONE',  ( -11.99999999999999822, 59.18999999999999773, 0.000000000000000000 ) ) ;
#6251 = VERTEX_POINT ( 'NONE', #3923 ) ;
#6252 = VECTOR ( 'NONE', #730, 39.37007874015748143 ) ;
#6253 = DIRECTION ( 'NONE',  ( 1.000000000000000000, 0.000000000000000000, 0.000000000000000000 ) ) ;
#6254 = PLANE ( 'NONE',  #6985 ) ;
#6255 =( CONVERSION_BASED_UNIT ( 'INCH', #1465 ) LENGTH_UNIT ( ) NAMED_UNIT ( #6164 ) );
#6256 = LINE ( 'NONE', #7006, #6287 ) ;
#6257 = EDGE_LOOP ( 'NONE', ( #8393, #5376, #10660, #5598 ) ) ;
#6258 = EDGE_CURVE ( 'NONE', #3525, #7824, #12389, .T. ) ;
#6259 = CYLINDRICAL_SURFACE ( 'NONE', #5280, 0.1562499999999979461 ) ;
#6260 = FACE_OUTER_BOUND ( 'NONE', #11333, .T. ) ;
#6261 = ADVANCED_FACE ( 'NONE', ( #3167, #4104 ), #9740, .T. ) ;
#6262 = CARTESIAN_POINT ( 'NONE',  ( -10.51999999999999957, 59.18999999999999773, -0.7500000000000001110 ) ) ;
#6263 = ORIENTED_EDGE ( 'NONE', *, *, #3914, .F. ) ;
#6264 = ORIENTED_EDGE ( 'NONE', *, *, #5758, .F. ) ;
#6265 = CIRCLE ( 'NONE', #6654, 0.1562499999999979461 ) ;
#6266 = EDGE_LOOP ( 'NONE', ( #10040, #8521, #2786, #10671 ) ) ;
#6267 = CARTESIAN_POINT ( 'NONE',  ( 11.26000000000000156, 24.21999999999999531, -1.500000000000000222 ) ) ;
#6268 = AXIS2_PLACEMENT_3D ( 'NONE', #7333, #2541, #3612 ) ;
#6269 = AXIS2_PLACEMENT_3D ( 'NONE', #5297, #622, #10092 ) ;
#6270 = CARTESIAN_POINT ( 'NONE',  ( -11.99999999999999822, 21.22999999999999687, -1.499999999999997113 ) ) ;
#6271 = DIRECTION ( 'NONE',  ( -0.000000000000000000, 1.000000000000000000, 1.570027582565667972E-16 ) ) ;
#6272 = VERTEX_POINT ( 'NONE', #1348 ) ;
#6273 = DIRECTION ( 'NONE',  ( -1.000000000000000000, 0.000000000000000000, -0.000000000000000000 ) ) ;
#6274 = ADVANCED_FACE ( 'NONE', ( #88 ), #2288, .T. ) ;
#6275 = ORIENTED_EDGE ( 'NONE', *, *, #11062, .F. ) ;
#6276 = DIRECTION ( 'NONE',  ( 0.000000000000000000, 0.9396926207859105373, 0.3420201433256625512 ) ) ;
#6277 = CARTESIAN_POINT ( 'NONE',  ( 11.11983240653423621, 51.60039678516546502, -1.252571099423626988 ) ) ;
#6278 = CIRCLE ( 'NONE', #8891, 0.1718500000000005301 ) ;
#6279 = LINE ( 'NONE', #1487, #9567 ) ;
#6280 = EDGE_LOOP ( 'NONE', ( #4610, #1835 ) ) ;
#6281 = VECTOR ( 'NONE', #11123, 39.37007874015748143 ) ;
#6282 = DIRECTION ( 'NONE',  ( 1.000000000000000000, 0.000000000000000000, 0.000000000000000000 ) ) ;
#6283 = VERTEX_POINT ( 'NONE', #3982 ) ;
#6284 = PRODUCT_RELATED_PRODUCT_CATEGORY ( 'part', '', ( #6501 ) ) ;
#6285 = ADVANCED_FACE ( 'NONE', ( #5886 ), #7009, .T. ) ;
#6286 = DIRECTION ( 'NONE',  ( 1.000000000000000000, -0.000000000000000000, -0.000000000000000000 ) ) ;
#6287 = VECTOR ( 'NONE', #3229, 39.37007874015748143 ) ;
#6288 = PLANE ( 'NONE',  #354 ) ;
#6289 = ORIENTED_EDGE ( 'NONE', *, *, #7780, .T. ) ;
#6290 = DIRECTION ( 'NONE',  ( 0.000000000000000000, 0.000000000000000000, -1.000000000000000000 ) ) ;
#6291 = AXIS2_PLACEMENT_3D ( 'NONE', #9216, #4425, #9087 ) ;
#6292 = EDGE_CURVE ( 'NONE', #12220, #10926, #4718, .T. ) ;
#6293 = CARTESIAN_POINT ( 'NONE',  ( -10.51999999999999957, 59.18999999999999773, -2.249999999999999556 ) ) ;
#6294 = LINE ( 'NONE', #8471, #4479 ) ;
#6295 = DIRECTION ( 'NONE',  ( 0.000000000000000000, 0.000000000000000000, -1.000000000000000000 ) ) ;
#6296 = DIRECTION ( 'NONE',  ( -1.000000000000000000, 0.000000000000000000, 0.000000000000000000 ) ) ;
#6297 = ORIENTED_EDGE ( 'NONE', *, *, #8818, .T. ) ;
#6298 = LENGTH_MEASURE_WITH_UNIT ( LENGTH_MEASURE( 0.02539999999999999897 ), #3385 );
#6299 = FACE_OUTER_BOUND ( 'NONE', #4494, .T. ) ;
#6300 = CARTESIAN_POINT ( 'NONE',  ( 11.20754607393516089, 51.53581059300762490, -0.9708655196460810322 ) ) ;
#6301 = ORIENTED_EDGE ( 'NONE', *, *, #7979, .T. ) ;
#6302 = EDGE_CURVE ( 'NONE', #5359, #594, #7337, .T. ) ;
#6303 = VERTEX_POINT ( 'NONE', #331 ) ;
#6304 = FACE_BOUND ( 'NONE', #86, .T. ) ;
#6305 = CARTESIAN_POINT ( 'NONE',  ( -12.75000000000000000, 26.00999999999999091, -1.281249999999994893 ) ) ;
#6306 = CARTESIAN_POINT ( 'NONE',  ( -12.00000000000000355, 25.01999999999998536, 3.480000000000003091 ) ) ;
#6307 = VECTOR ( 'NONE', #8564, 39.37007874015748143 ) ;
#6308 = CARTESIAN_POINT ( 'NONE',  ( -12.75000000000000000, 54.50999999999998380, -0.9687499999999974465 ) ) ;
#6309 = DIRECTION ( 'NONE',  ( 0.000000000000000000, 0.000000000000000000, -1.000000000000000000 ) ) ;
#6310 = DIRECTION ( 'NONE',  ( 0.000000000000000000, 0.000000000000000000, -1.000000000000000000 ) ) ;
#6311 = ORIENTED_EDGE ( 'NONE', *, *, #358, .T. ) ;
#6312 = EDGE_LOOP ( 'NONE', ( #4460, #9962, #12365, #11076 ) ) ;
#6313 = ORIENTED_EDGE ( 'NONE', *, *, #11892, .F. ) ;
#6314 = LINE ( 'NONE', #11850, #4100 ) ;
#6315 = VECTOR ( 'NONE', #852, 39.37007874015748143 ) ;
#6316 = EDGE_CURVE ( 'NONE', #8317, #7003, #6139, .T. ) ;
#6317 = ORIENTED_EDGE ( 'NONE', *, *, #11037, .T. ) ;
#6318 = FACE_OUTER_BOUND ( 'NONE', #401, .T. ) ;
#6319 = CARTESIAN_POINT ( 'NONE',  ( -12.75000000000000000, 56.00999999999999091, -1.124999999999997113 ) ) ;
#6320 = CARTESIAN_POINT ( 'NONE',  ( -11.00000000000000000, 47.00999999999999091, -0.9687499999999976685 ) ) ;
#6321 = CARTESIAN_POINT ( 'NONE',  ( 11.99999999999999822, 42.50999999999999801, -1.124999999999997113 ) ) ;
#6322 = EDGE_LOOP ( 'NONE', ( #2614, #9512 ) ) ;
#6323 = CARTESIAN_POINT ( 'NONE',  ( -11.08815000000000062, 21.71999999999999886, -2.250000000000000444 ) ) ;
#6324 = CARTESIAN_POINT ( 'NONE',  ( 5.999999999999998224, 54.75000000000000000, 2.730000000000007088 ) ) ;
#6325 = CARTESIAN_POINT ( 'NONE',  ( 11.08815000000000062, 21.71999999999999886, 0.000000000000000000 ) ) ;
#6326 = ORIENTED_EDGE ( 'NONE', *, *, #10582, .F. ) ;
#6327 = ORIENTED_EDGE ( 'NONE', *, *, #1677, .T. ) ;
#6328 = EDGE_CURVE ( 'NONE', #3490, #7687, #11760, .T. ) ;
#6329 = VERTEX_POINT ( 'NONE', #7839 ) ;
#6330 = DIRECTION ( 'NONE',  ( 0.000000000000000000, -0.3420201433256626067, 0.9396926207859106484 ) ) ;
#6331 = VECTOR ( 'NONE', #7459, 39.37007874015748143 ) ;
#6332 = VERTEX_POINT ( 'NONE', #1286 ) ;
#6333 = LINE ( 'NONE', #2486, #6281 ) ;
#6334 = ORIENTED_EDGE ( 'NONE', *, *, #4052, .T. ) ;
#6335 = CIRCLE ( 'NONE', #10559, 0.1562499999999957812 ) ;
#6336 = VECTOR ( 'NONE', #8224, 39.37007874015748143 ) ;
#6337 = CARTESIAN_POINT ( 'NONE',  ( -11.42699432932284154, 51.65939970255011104, -1.171246437911100502 ) ) ;
#6338 = CARTESIAN_POINT ( 'NONE',  ( 11.19425514062081817, 51.54065891730471805, -1.278339294739496479 ) ) ;
#6339 = AXIS2_PLACEMENT_3D ( 'NONE', #10327, #3635, #11329 ) ;
#6340 = EDGE_LOOP ( 'NONE', ( #7099, #5033, #2597, #10231 ) ) ;
#6341 = FACE_OUTER_BOUND ( 'NONE', #4298, .T. ) ;
#6342 = ADVANCED_FACE ( 'NONE', ( #11673 ), #3038, .F. ) ;
#6343 = EDGE_CURVE ( 'NONE', #10919, #12055, #2224, .T. ) ;
#6344 = ORIENTED_EDGE ( 'NONE', *, *, #9343, .F. ) ;
#6345 = AXIS2_PLACEMENT_3D ( 'NONE', #2271, #2456, #6309 ) ;
#6346 = AXIS2_PLACEMENT_3D ( 'NONE', #3213, #5167, #3454 ) ;
#6347 = FACE_BOUND ( 'NONE', #1445, .T. ) ;
#6348 = ORIENTED_EDGE ( 'NONE', *, *, #8473, .F. ) ;
#6349 = DIRECTION ( 'NONE',  ( 1.000000000000000000, -0.000000000000000000, -0.000000000000000000 ) ) ;
#6350 = CARTESIAN_POINT ( 'NONE',  ( 11.43185000000000251, 21.71999999999999886, -2.250000000000000444 ) ) ;
#6351 = DIRECTION ( 'NONE',  ( 0.000000000000000000, 0.000000000000000000, -1.000000000000000000 ) ) ;
#6352 = PLANE ( 'NONE',  #12006 ) ;
#6353 = ORIENTED_EDGE ( 'NONE', *, *, #8614, .T. ) ;
#6354 = CIRCLE ( 'NONE', #717, 0.1562499999999957812 ) ;
#6355 = SURFACE_STYLE_USAGE ( .BOTH. , #2197 ) ;
#6356 = VECTOR ( 'NONE', #9118, 39.37007874015748143 ) ;
#6357 = CARTESIAN_POINT ( 'NONE',  ( 11.99999999999999822, 48.71000000000000085, -0.7499999999999940048 ) ) ;
#6358 = CARTESIAN_POINT ( 'NONE',  ( 1.739999999999997327, 69.23000000000000398, -0.7500000000000001110 ) ) ;
#6359 = ADVANCED_FACE ( 'NONE', ( #9802 ), #1160, .T. ) ;
#6360 = ORIENTED_EDGE ( 'NONE', *, *, #7236, .F. ) ;
#6361 = ORIENTED_EDGE ( 'NONE', *, *, #823, .T. ) ;
#6362 = LINE ( 'NONE', #4404, #6034 ) ;
#6363 = AXIS2_PLACEMENT_3D ( 'NONE', #10688, #5902, #9755 ) ;
#6364 = LINE ( 'NONE', #5363, #830 ) ;
#6365 = DIRECTION ( 'NONE',  ( -1.000000000000000000, 0.000000000000000000, 0.000000000000000000 ) ) ;
#6366 = FACE_OUTER_BOUND ( 'NONE', #7728, .T. ) ;
#6367 = DIRECTION ( 'NONE',  ( -0.000000000000000000, -0.000000000000000000, 1.000000000000000000 ) ) ;
#6368 = PLANE ( 'NONE',  #737 ) ;
#6369 = ORIENTED_EDGE ( 'NONE', *, *, #6410, .T. ) ;
#6370 = EDGE_CURVE ( 'NONE', #11907, #7886, #10796, .T. ) ;
#6371 = EDGE_CURVE ( 'NONE', #11863, #3048, #2165, .T. ) ;
#6372 = ORIENTED_EDGE ( 'NONE', *, *, #9638, .T. ) ;
#6373 = CIRCLE ( 'NONE', #2739, 0.1562499999999960587 ) ;
#6374 = ORIENTED_EDGE ( 'NONE', *, *, #7569, .T. ) ;
#6375 = CARTESIAN_POINT ( 'NONE',  ( -11.99999999999999822, 38.00999999999999091, -0.9687500000000009992 ) ) ;
#6376 = ADVANCED_FACE ( 'NONE', ( #9862 ), #1222, .F. ) ;
#6377 = VERTEX_POINT ( 'NONE', #8206 ) ;
#6378 = CYLINDRICAL_SURFACE ( 'NONE', #12056, 0.1562499999999979461 ) ;
#6379 = AXIS2_PLACEMENT_3D ( 'NONE', #9521, #4838, #4716 ) ;
#6380 = CARTESIAN_POINT ( 'NONE',  ( 11.26000000000000156, 21.71999999999999886, -2.250000000000000444 ) ) ;
#6381 = VERTEX_POINT ( 'NONE', #8082 ) ;
#6382 = CARTESIAN_POINT ( 'NONE',  ( 0.000000000000000000, 28.49999999999998579, 0.000000000000000000 ) ) ;
#6383 = DIRECTION ( 'NONE',  ( 0.000000000000000000, 0.000000000000000000, 1.000000000000000000 ) ) ;
#6384 = CARTESIAN_POINT ( 'NONE',  ( -11.99999999999999822, 59.18999999999999773, -0.7500000000000001110 ) ) ;
#6385 = ORIENTED_EDGE ( 'NONE', *, *, #7002, .F. ) ;
#6386 = EDGE_CURVE ( 'NONE', #5475, #1039, #8148, .T. ) ;
#6387 = ORIENTED_EDGE ( 'NONE', *, *, #3472, .T. ) ;
#6388 =( LENGTH_UNIT ( ) NAMED_UNIT ( * ) SI_UNIT ( $, .METRE. ) );
#6389 = VECTOR ( 'NONE', #5268, 39.37007874015748143 ) ;
#6390 = ORIENTED_EDGE ( 'NONE', *, *, #451, .F. ) ;
#6391 = DIRECTION ( 'NONE',  ( 0.000000000000000000, -0.000000000000000000, 1.000000000000000000 ) ) ;
#6392 = LINE ( 'NONE', #6520, #32 ) ;
#6393 = ORIENTED_EDGE ( 'NONE', *, *, #7251, .T. ) ;
#6394 = CARTESIAN_POINT ( 'NONE',  ( -11.99999999999999822, 3.750000000000000888, -2.250000000000000444 ) ) ;
#6395 = ORIENTED_EDGE ( 'NONE', *, *, #6576, .T. ) ;
#6396 = EDGE_CURVE ( 'NONE', #12343, #1492, #700, .T. ) ;
#6397 = FACE_OUTER_BOUND ( 'NONE', #648, .T. ) ;
#6398 = CARTESIAN_POINT ( 'NONE',  ( 11.14434116961157883, 51.57272935630592769, -1.268176568645018820 ) ) ;
#6399 = LINE ( 'NONE', #4565, #10562 ) ;
#6400 = ORIENTED_EDGE ( 'NONE', *, *, #7666, .T. ) ;
#6401 = DIRECTION ( 'NONE',  ( -0.000000000000000000, -1.000000000000000000, -0.000000000000000000 ) ) ;
#6402 = ORIENTED_EDGE ( 'NONE', *, *, #1774, .T. ) ;
#6403 = CLOSED_SHELL ( 'NONE', ( #10396, #3273, #11500, #4710, #9341, #320, #8088, #9358, #10232, #7268, #3061, #6808, #6902, #9284 ) ) ;
#6404 = CARTESIAN_POINT ( 'NONE',  ( 11.00000000000000000, 53.00999999999999091, -1.124999999999997113 ) ) ;
#6405 =( CONVERSION_BASED_UNIT ( 'INCH', #7604 ) LENGTH_UNIT ( ) NAMED_UNIT ( #9388 ) );
#6406 = ORIENTED_EDGE ( 'NONE', *, *, #1053, .T. ) ;
#6407 = CARTESIAN_POINT ( 'NONE',  ( 11.00000000000000000, 32.00999999999999091, -1.124999999999997113 ) ) ;
#6408 = CARTESIAN_POINT ( 'NONE',  ( -10.51999999999999957, 52.18999999999999773, -1.500000000000000222 ) ) ;
#6409 = ORIENTED_EDGE ( 'NONE', *, *, #6528, .F. ) ;
#6410 = EDGE_CURVE ( 'NONE', #9032, #7798, #11167, .T. ) ;
#6411 = FACE_OUTER_BOUND ( 'NONE', #11658, .T. ) ;
#6412 = ADVANCED_FACE ( 'NONE', ( #2532 ), #10045, .F. ) ;
#6413 = DIRECTION ( 'NONE',  ( -0.000000000000000000, 7.850137912828339862E-17, -1.000000000000000000 ) ) ;
#6414 = VERTEX_POINT ( 'NONE', #5187 ) ;
#6415 = VECTOR ( 'NONE', #4337, 39.37007874015748143 ) ;
#6416 = DIRECTION ( 'NONE',  ( -0.000000000000000000, -0.000000000000000000, -1.000000000000000000 ) ) ;
#6417 = DIRECTION ( 'NONE',  ( 1.000000000000000000, 0.000000000000000000, 0.000000000000000000 ) ) ;
#6418 = DIRECTION ( 'NONE',  ( -0.000000000000000000, -1.000000000000000000, -0.000000000000000000 ) ) ;
#6419 = VERTEX_POINT ( 'NONE', #9217 ) ;
#6420 = SURFACE_STYLE_FILL_AREA ( #4646 ) ;
#6421 = ORIENTED_EDGE ( 'NONE', *, *, #9544, .F. ) ;
#6422 = VECTOR ( 'NONE', #3739, 39.37007874015748143 ) ;
#6423 = DIRECTION ( 'NONE',  ( 0.000000000000000000, 0.000000000000000000, -1.000000000000000000 ) ) ;
#6424 = MECHANICAL_DESIGN_GEOMETRIC_PRESENTATION_REPRESENTATION (  '', ( #185 ), #4414 ) ;
#6425 = FACE_BOUND ( 'NONE', #6280, .T. ) ;
#6426 = CARTESIAN_POINT ( 'NONE',  ( -11.99999999999999822, 24.70999999999999730, -1.500000000000000222 ) ) ;
#6427 = CARTESIAN_POINT ( 'NONE',  ( -0.3750000000000027200, 69.23000000000000398, 0.000000000000000000 ) ) ;
#6428 = FACE_OUTER_BOUND ( 'NONE', #10751, .T. ) ;
#6429 = ADVANCED_FACE ( 'NONE', ( #4233 ), #6199, .F. ) ;
#6430 = DIRECTION ( 'NONE',  ( 0.000000000000000000, 0.000000000000000000, -1.000000000000000000 ) ) ;
#6431 = ORIENTED_EDGE ( 'NONE', *, *, #4366, .F. ) ;
#6432 = DIRECTION ( 'NONE',  ( 1.000000000000000000, 0.000000000000000000, 0.000000000000000000 ) ) ;
#6433 = EDGE_LOOP ( 'NONE', ( #7601, #3450 ) ) ;
#6434 = AXIS2_PLACEMENT_3D ( 'NONE', #1837, #891, #2645 ) ;
#6435 = ORIENTED_EDGE ( 'NONE', *, *, #5142, .F. ) ;
#6436 = CARTESIAN_POINT ( 'NONE',  ( -11.99999999999999822, 41.00999999999999801, -0.9687499999999992228 ) ) ;
#6437 = ORIENTED_EDGE ( 'NONE', *, *, #5142, .T. ) ;
#6438 = LINE ( 'NONE', #5437, #4208 ) ;
#6439 = ADVANCED_FACE ( 'NONE', ( #11987 ), #3353, .F. ) ;
#6440 = DIRECTION ( 'NONE',  ( 0.000000000000000000, 0.000000000000000000, -1.000000000000000000 ) ) ;
#6441 = AXIS2_PLACEMENT_3D ( 'NONE', #5732, #11335, #6549 ) ;
#6442 = AXIS2_PLACEMENT_3D ( 'NONE', #9471, #4672, #8522 ) ;
#6443 = DIRECTION ( 'NONE',  ( -1.000000000000000000, 0.000000000000000000, 0.000000000000000000 ) ) ;
#6444 = ORIENTED_EDGE ( 'NONE', *, *, #3791, .T. ) ;
#6445 = CARTESIAN_POINT ( 'NONE',  ( 11.99999999999999822, 47.00999999999999091, -1.124999999999997113 ) ) ;
#6446 = ADVANCED_FACE ( 'NONE', ( #10984 ), #10111, .F. ) ;
#6447 = DIRECTION ( 'NONE',  ( 1.000000000000000000, 0.000000000000000000, 0.000000000000000000 ) ) ;
#6448 = ORIENTED_EDGE ( 'NONE', *, *, #8348, .T. ) ;
#6449 = EDGE_LOOP ( 'NONE', ( #5340, #435, #1993, #2138 ) ) ;
#6450 = FACE_OUTER_BOUND ( 'NONE', #12351, .T. ) ;
#6451 = VECTOR ( 'NONE', #4323, 39.37007874015748143 ) ;
#6452 = CARTESIAN_POINT ( 'NONE',  ( 11.00000000000000000, 47.00999999999999091, -0.9687499999999976685 ) ) ;
#6453 = ORIENTED_EDGE ( 'NONE', *, *, #3076, .F. ) ;
#6454 = FACE_OUTER_BOUND ( 'NONE', #12234, .T. ) ;
#6455 = ADVANCED_FACE ( 'NONE', ( #6260 ), #5444, .F. ) ;
#6456 = VERTEX_POINT ( 'NONE', #3412 ) ;
#6457 = CYLINDRICAL_SURFACE ( 'NONE', #1260, 0.1562499999999979461 ) ;
#6458 = VECTOR ( 'NONE', #7695, 39.37007874015748143 ) ;
#6459 = EDGE_LOOP ( 'NONE', ( #9482, #7853 ) ) ;
#6460 = CARTESIAN_POINT ( 'NONE',  ( -11.42424333895348099, 51.64932159414921387, -1.196045046597610462 ) ) ;
#6461 = DIRECTION ( 'NONE',  ( -0.000000000000000000, -1.000000000000000000, -0.000000000000000000 ) ) ;
#6462 = CARTESIAN_POINT ( 'NONE',  ( -6.000000000000001776, 55.50000000000000000, 2.729999999999999982 ) ) ;
#6463 = VECTOR ( 'NONE', #10576, 39.37007874015748143 ) ;
#6464 = ORIENTED_EDGE ( 'NONE', *, *, #5407, .T. ) ;
#6465 = EDGE_CURVE ( 'NONE', #8602, #12175, #5252, .T. ) ;
#6466 = DIRECTION ( 'NONE',  ( 0.000000000000000000, 0.000000000000000000, -1.000000000000000000 ) ) ;
#6467 = ORIENTED_EDGE ( 'NONE', *, *, #1744, .T. ) ;
#6468 = CARTESIAN_POINT ( 'NONE',  ( 11.00000000000000000, 54.50999999999998380, -1.124999999999997113 ) ) ;
#6469 = CARTESIAN_POINT ( 'NONE',  ( 11.99999999999999822, 26.00999999999999091, -1.124999999999997113 ) ) ;
#6470 =( GEOMETRIC_REPRESENTATION_CONTEXT ( 3 ) GLOBAL_UNCERTAINTY_ASSIGNED_CONTEXT ( ( #5816 ) ) GLOBAL_UNIT_ASSIGNED_CONTEXT ( ( #12319, #669, #2613 ) ) REPRESENTATION_CONTEXT ( 'NONE', 'WORKASPACE' ) );
#6471 = DIRECTION ( 'NONE',  ( -1.000000000000000000, 0.000000000000000000, 0.000000000000000000 ) ) ;
#6472 = VECTOR ( 'NONE', #5660, 39.37007874015748143 ) ;
#6473 = CARTESIAN_POINT ( 'NONE',  ( 11.99999999999999822, 21.22999999999999687, -0.7499999999999974465 ) ) ;
#6474 = ORIENTED_EDGE ( 'NONE', *, *, #11741, .F. ) ;
#6475 =( CONVERSION_BASED_UNIT ( 'INCH', #11203 ) LENGTH_UNIT ( ) NAMED_UNIT ( #4049 ) );
#6476 = DIRECTION ( 'NONE',  ( -0.000000000000000000, -0.000000000000000000, 1.000000000000000000 ) ) ;
#6477 = DIRECTION ( 'NONE',  ( -1.000000000000000000, -0.000000000000000000, -0.000000000000000000 ) ) ;
#6478 = VERTEX_POINT ( 'NONE', #6324 ) ;
#6479 = CIRCLE ( 'NONE', #7887, 0.1718500000000005301 ) ;
#6480 = EDGE_CURVE ( 'NONE', #513, #1798, #644, .T. ) ;
#6481 = ORIENTED_EDGE ( 'NONE', *, *, #4509, .F. ) ;
#6482 = VECTOR ( 'NONE', #1159, 39.37007874015748143 ) ;
#6483 = EDGE_CURVE ( 'NONE', #11012, #12392, #9088, .T. ) ;
#6484 = DIRECTION ( 'NONE',  ( -1.000000000000000000, -0.000000000000000000, -0.000000000000000000 ) ) ;
#6485 = CARTESIAN_POINT ( 'NONE',  ( 11.99999999999999822, 36.50999999999999091, -0.9687499999999992228 ) ) ;
#6486 = DIRECTION ( 'NONE',  ( 0.000000000000000000, -1.000000000000000000, -1.570027582565667972E-16 ) ) ;
#6487 = DIRECTION ( 'NONE',  ( 0.000000000000000000, -0.000000000000000000, -1.000000000000000000 ) ) ;
#6488 = DIRECTION ( 'NONE',  ( 0.000000000000000000, -7.850137912828339862E-17, 1.000000000000000000 ) ) ;
#6489 = DIRECTION ( 'NONE',  ( -0.000000000000000000, -1.000000000000000000, -0.000000000000000000 ) ) ;
#6490 = VERTEX_POINT ( 'NONE', #8264 ) ;
#6491 = EDGE_LOOP ( 'NONE', ( #1294, #4313, #197, #47 ) ) ;
#6492 = STYLED_ITEM ( 'NONE', ( #11146 ), #4950 ) ;
#6493 = DIRECTION ( 'NONE',  ( 0.000000000000000000, 0.000000000000000000, -1.000000000000000000 ) ) ;
#6494 = DIRECTION ( 'NONE',  ( 1.000000000000000000, 0.000000000000000000, 0.000000000000000000 ) ) ;
#6495 = EDGE_CURVE ( 'NONE', #3853, #7977, #7571, .T. ) ;
#6496 = ORIENTED_EDGE ( 'NONE', *, *, #10425, .T. ) ;
#6497 = ADVANCED_FACE ( 'NONE', ( #3473 ), #1534, .F. ) ;
#6498 = DIRECTION ( 'NONE',  ( -1.000000000000000000, 0.000000000000000000, 0.000000000000000000 ) ) ;
#6499 = AXIS2_PLACEMENT_3D ( 'NONE', #6228, #3615, #1859 ) ;
#6500 = CARTESIAN_POINT ( 'NONE',  ( 11.26000000000000156, 13.74000000000000199, -1.499999999999998224 ) ) ;
#6501 = PRODUCT ( 'tv_easel_TOP_ASSY', 'tv_easel_TOP_ASSY', '', ( #4131 ) ) ;
#6502 = VECTOR ( 'NONE', #3942, 39.37007874015748143 ) ;
#6503 = CARTESIAN_POINT ( 'NONE',  ( -3.220000000000002416, 57.99999999999999289, 0.000000000000000000 ) ) ;
#6504 = SURFACE_SIDE_STYLE ('',( #5504 ) ) ;
#6505 = LINE ( 'NONE', #5628, #1059 ) ;
#6506 = EDGE_LOOP ( 'NONE', ( #2733, #12042, #2112, #12354 ) ) ;
#6507 = CARTESIAN_POINT ( 'NONE',  ( -11.43185000000000251, 51.69999999999999574, -1.500000000000000222 ) ) ;
#6508 = DIRECTION ( 'NONE',  ( -0.000000000000000000, -1.000000000000000000, -0.000000000000000000 ) ) ;
#6509 = DIRECTION ( 'NONE',  ( -1.000000000000000000, 0.000000000000000000, 0.000000000000000000 ) ) ;
#6510 = ORIENTED_EDGE ( 'NONE', *, *, #2171, .T. ) ;
#6511 = ORIENTED_EDGE ( 'NONE', *, *, #11596, .F. ) ;
#6512 = AXIS2_PLACEMENT_3D ( 'NONE', #6262, #11860, #10923 ) ;
#6513 = EDGE_CURVE ( 'NONE', #9116, #2447, #3742, .T. ) ;
#6514 = DIRECTION ( 'NONE',  ( 0.000000000000000000, 6.845593068680304645E-16, -1.000000000000000000 ) ) ;
#6515 = ORIENTED_EDGE ( 'NONE', *, *, #10609, .F. ) ;
#6516 = ORIENTED_EDGE ( 'NONE', *, *, #12442, .T. ) ;
#6517 = EDGE_CURVE ( 'NONE', #9655, #4511, #10360, .T. ) ;
#6518 = LINE ( 'NONE', #8155, #2191 ) ;
#6519 = VECTOR ( 'NONE', #10296, 39.37007874015748143 ) ;
#6520 = CARTESIAN_POINT ( 'NONE',  ( 10.51999999999999957, 23.42285330012234468, -2.249999999999996891 ) ) ;
#6521 = EDGE_LOOP ( 'NONE', ( #6946, #4690, #10498, #890 ) ) ;
#6522 = DIRECTION ( 'NONE',  ( 0.000000000000000000, 0.000000000000000000, -1.000000000000000000 ) ) ;
#6523 = DIRECTION ( 'NONE',  ( 1.000000000000000000, -0.000000000000000000, -0.000000000000000000 ) ) ;
#6524 = ORIENTED_EDGE ( 'NONE', *, *, #9917, .T. ) ;
#6525 = CARTESIAN_POINT ( 'NONE',  ( 0.000000000000000000, 59.18999999999999773, 0.000000000000000000 ) ) ;
#6526 = ADVANCED_FACE ( 'NONE', ( #7701 ), #6630, .T. ) ;
#6527 = DIRECTION ( 'NONE',  ( 1.000000000000000000, 0.000000000000000000, 0.000000000000000000 ) ) ;
#6528 = EDGE_CURVE ( 'NONE', #3165, #2576, #1099, .T. ) ;
#6529 = CIRCLE ( 'NONE', #4709, 0.1562499999999993339 ) ;
#6530 = ORIENTED_EDGE ( 'NONE', *, *, #109, .F. ) ;
#6531 = ADVANCED_FACE ( 'NONE', ( #6570 ), #10413, .F. ) ;
#6532 = DIRECTION ( 'NONE',  ( 1.000000000000000000, 0.000000000000000000, 0.000000000000000000 ) ) ;
#6533 = VECTOR ( 'NONE', #8325, 39.37007874015748854 ) ;
#6534 = ORIENTED_EDGE ( 'NONE', *, *, #3162, .T. ) ;
#6535 = FACE_OUTER_BOUND ( 'NONE', #8529, .T. ) ;
#6536 = FACE_OUTER_BOUND ( 'NONE', #2120, .T. ) ;
#6537 = EDGE_LOOP ( 'NONE', ( #4798, #2657, #9153, #11032 ) ) ;
#6538 = DIRECTION ( 'NONE',  ( 0.000000000000000000, 0.000000000000000000, -1.000000000000000000 ) ) ;
#6539 = DIRECTION ( 'NONE',  ( 1.000000000000000000, 0.000000000000000000, 0.000000000000000000 ) ) ;
#6540 = ORIENTED_EDGE ( 'NONE', *, *, #3359, .T. ) ;
#6541 =( LENGTH_UNIT ( ) NAMED_UNIT ( * ) SI_UNIT ( $, .METRE. ) );
#6542 = EDGE_CURVE ( 'NONE', #1899, #4167, #9603, .T. ) ;
#6543 = DIRECTION ( 'NONE',  ( 1.000000000000000000, 0.000000000000000000, 0.000000000000000000 ) ) ;
#6544 = AXIS2_PLACEMENT_3D ( 'NONE', #12414, #5508, #7639 ) ;
#6545 = AXIS2_PLACEMENT_3D ( 'NONE', #3428, #7280, #11129 ) ;
#6546 = CARTESIAN_POINT ( 'NONE',  ( 11.09149687942468354, 51.66624913547210696, -1.124480226763119095 ) ) ;
#6547 = EDGE_LOOP ( 'NONE', ( #4231, #12401, #1970, #5320 ) ) ;
#6548 = ORIENTED_EDGE ( 'NONE', *, *, #9555, .F. ) ;
#6549 = DIRECTION ( 'NONE',  ( 0.000000000000000000, 0.000000000000000000, -1.000000000000000000 ) ) ;
#6550 = CARTESIAN_POINT ( 'NONE',  ( -11.43185000000000251, 13.74000000000000199, -2.250000000000000444 ) ) ;
#6551 = CARTESIAN_POINT ( 'NONE',  ( -11.43185000000000251, 11.24000000000000199, -2.250000000000000444 ) ) ;
#6552 = VECTOR ( 'NONE', #10203, 39.37007874015748143 ) ;
#6553 = DIRECTION ( 'NONE',  ( -1.000000000000000000, 0.000000000000000000, 0.000000000000000000 ) ) ;
#6554 = CARTESIAN_POINT ( 'NONE',  ( 10.51999999999999247, 4.500000000000002665, 8.589666975669972615 ) ) ;
#6555 = CARTESIAN_POINT ( 'NONE',  ( -11.99999999999999822, 21.22999999999999687, -1.499999999999997113 ) ) ;
#6556 = ORIENTED_EDGE ( 'NONE', *, *, #10135, .T. ) ;
#6557 =( NAMED_UNIT ( * ) PLANE_ANGLE_UNIT ( ) SI_UNIT ( $, .RADIAN. ) );
#6558 = EDGE_CURVE ( 'NONE', #2552, #5251, #2718, .T. ) ;
#6559 = ORIENTED_EDGE ( 'NONE', *, *, #11867, .T. ) ;
#6560 = CARTESIAN_POINT ( 'NONE',  ( 10.51999999999999957, 3.749999999999999556, 0.000000000000000000 ) ) ;
#6561 = AXIS2_PLACEMENT_3D ( 'NONE', #9357, #725, #10431 ) ;
#6562 = CIRCLE ( 'NONE', #924, 0.1562499999999960587 ) ;
#6563 = ORIENTED_EDGE ( 'NONE', *, *, #5274, .T. ) ;
#6564 = CARTESIAN_POINT ( 'NONE',  ( -11.99999999999999822, 57.50999999999999091, -1.124999999999997113 ) ) ;
#6565 = DIRECTION ( 'NONE',  ( -0.000000000000000000, -1.000000000000000000, -0.000000000000000000 ) ) ;
#6566 = DIRECTION ( 'NONE',  ( 1.000000000000000000, -0.000000000000000000, -0.000000000000000000 ) ) ;
#6567 =( NAMED_UNIT ( * ) SI_UNIT ( $, .STERADIAN. ) SOLID_ANGLE_UNIT ( ) );
#6568 = CYLINDRICAL_SURFACE ( 'NONE', #5491, 0.1718500000000005301 ) ;
#6569 = EDGE_LOOP ( 'NONE', ( #5747, #2275 ) ) ;
#6570 = FACE_OUTER_BOUND ( 'NONE', #5533, .T. ) ;
#6571 = CARTESIAN_POINT ( 'NONE',  ( -11.08815000000000062, 13.74000000000000199, -1.499999999999998224 ) ) ;
#6572 = ORIENTED_EDGE ( 'NONE', *, *, #9778, .F. ) ;
#6573 = AXIS2_PLACEMENT_3D ( 'NONE', #9927, #11804, #7013 ) ;
#6574 = EDGE_CURVE ( 'NONE', #2740, #2302, #4793, .T. ) ;
#6575 = ORIENTED_EDGE ( 'NONE', *, *, #4331, .F. ) ;
#6576 = EDGE_CURVE ( 'NONE', #7201, #3345, #4314, .T. ) ;
#6577 = UNCERTAINTY_MEASURE_WITH_UNIT (LENGTH_MEASURE( 1.000000000000000082E-05 ), #5269, 'distance_accuracy_value', 'NONE');
#6578 = DIRECTION ( 'NONE',  ( 0.000000000000000000, 0.000000000000000000, -1.000000000000000000 ) ) ;
#6579 = VERTEX_POINT ( 'NONE', #13 ) ;
#6580 = ORIENTED_EDGE ( 'NONE', *, *, #3485, .T. ) ;
#6581 = CARTESIAN_POINT ( 'NONE',  ( -6.000000000000002665, 55.50000000000000000, 0.000000000000000000 ) ) ;
#6582 = AXIS2_PLACEMENT_3D ( 'NONE', #6043, #1437, #8806 ) ;
#6583 =( NAMED_UNIT ( * ) SI_UNIT ( $, .STERADIAN. ) SOLID_ANGLE_UNIT ( ) );
#6584 = ORIENTED_EDGE ( 'NONE', *, *, #3222, .F. ) ;
#6585 = DIRECTION ( 'NONE',  ( 0.000000000000000000, 0.000000000000000000, -1.000000000000000000 ) ) ;
#6586 = CARTESIAN_POINT ( 'NONE',  ( -10.51999999999999957, 4.500000000000000000, 0.000000000000000000 ) ) ;
#6587 = CARTESIAN_POINT ( 'NONE',  ( -11.41759531916505388, 51.63134175074028320, -1.223656045637953271 ) ) ;
#6588 = ADVANCED_FACE ( 'NONE', ( #3847 ), #707, .F. ) ;
#6589 = VECTOR ( 'NONE', #1303, 39.37007874015748143 ) ;
#6590 = CARTESIAN_POINT ( 'NONE',  ( 11.99999999999999822, 29.00999999999999091, -1.281249999999994893 ) ) ;
#6591 = LINE ( 'NONE', #1925, #12254 ) ;
#6592 = ORIENTED_EDGE ( 'NONE', *, *, #3363, .F. ) ;
#6593 = CARTESIAN_POINT ( 'NONE',  ( 11.08815000000000062, 49.19999999999999574, -1.500000000000000222 ) ) ;
#6594 = EDGE_CURVE ( 'NONE', #5244, #7086, #5341, .T. ) ;
#6595 = CARTESIAN_POINT ( 'NONE',  ( 3.219999999999996643, 29.24999999999999289, 0.000000000000000000 ) ) ;
#6596 = EDGE_CURVE ( 'NONE', #10132, #6038, #2901, .T. ) ;
#6597 = ORIENTED_EDGE ( 'NONE', *, *, #7879, .F. ) ;
#6598 = CARTESIAN_POINT ( 'NONE',  ( 0.000000000000000000, 0.000000000000000000, -9.410333024330023832 ) ) ;
#6599 = LINE ( 'NONE', #4868, #3129 ) ;
#6600 = DIRECTION ( 'NONE',  ( -1.000000000000000000, -0.000000000000000000, -0.000000000000000000 ) ) ;
#6601 = EDGE_CURVE ( 'NONE', #9930, #5655, #3517, .T. ) ;
#6602 = FACE_OUTER_BOUND ( 'NONE', #7515, .T. ) ;
#6603 = ORIENTED_EDGE ( 'NONE', *, *, #2309, .F. ) ;
#6604 = VECTOR ( 'NONE', #2580, 39.37007874015748143 ) ;
#6605 = CARTESIAN_POINT ( 'NONE',  ( -11.08815000000000062, 21.71999999999999886, -1.500000000000000222 ) ) ;
#6606 = PLANE ( 'NONE',  #5117 ) ;
#6607 = EDGE_LOOP ( 'NONE', ( #3496, #11379, #10694, #7712 ) ) ;
#6608 = DIRECTION ( 'NONE',  ( 0.000000000000000000, -1.000000000000000000, -1.177520686924250979E-16 ) ) ;
#6609 = ADVANCED_FACE ( 'NONE', ( #6757, #1655, #9336 ), #4547, .F. ) ;
#6610 = DIRECTION ( 'NONE',  ( -1.000000000000000000, 0.000000000000000000, 0.000000000000000000 ) ) ;
#6611 = CARTESIAN_POINT ( 'NONE',  ( -11.99999999999999822, 52.18999999999999773, -0.7499999999999936717 ) ) ;
#6612 = CLOSED_SHELL ( 'NONE', ( #5890, #2662, #6261, #5212, #7205, #7863, #7046, #8957 ) ) ;
#6613 = DIRECTION ( 'NONE',  ( 1.000000000000000000, -0.000000000000000000, -0.000000000000000000 ) ) ;
#6614 = CARTESIAN_POINT ( 'NONE',  ( -11.00000000000000000, 26.00999999999999091, -1.124999999999997113 ) ) ;
#6615 = CARTESIAN_POINT ( 'NONE',  ( -11.99999999999999822, 21.22999999999999687, -0.7499999999999974465 ) ) ;
#6616 = VERTEX_POINT ( 'NONE', #7580 ) ;
#6617 = LINE ( 'NONE', #8378, #3468 ) ;
#6618 = CYLINDRICAL_SURFACE ( 'NONE', #7012, 0.1718500000000005301 ) ;
#6619 = LINE ( 'NONE', #9529, #1304 ) ;
#6620 = CIRCLE ( 'NONE', #4403, 0.1718500000000005301 ) ;
#6621 = CIRCLE ( 'NONE', #572, 0.1562499999999979461 ) ;
#6622 = VERTEX_POINT ( 'NONE', #7454 ) ;
#6623 = DIRECTION ( 'NONE',  ( 0.000000000000000000, 0.000000000000000000, -1.000000000000000000 ) ) ;
#6624 = EDGE_CURVE ( 'NONE', #11034, #7829, #9472, .T. ) ;
#6625 = CARTESIAN_POINT ( 'NONE',  ( -11.99999999999999822, 59.18999999999999773, -2.250000000000000444 ) ) ;
#6626 = LINE ( 'NONE', #3903, #10285 ) ;
#6627 = CARTESIAN_POINT ( 'NONE',  ( 11.43185000000000251, 13.74000000000000199, -0.7499999999999983347 ) ) ;
#6628 = ORIENTED_EDGE ( 'NONE', *, *, #3000, .T. ) ;
#6629 = SURFACE_STYLE_USAGE ( .BOTH. , #8455 ) ;
#6630 = PLANE ( 'NONE',  #5330 ) ;
#6631 = CIRCLE ( 'NONE', #4004, 0.1015624999999994726 ) ;
#6632 = LINE ( 'NONE', #838, #1276 ) ;
#6633 = VERTEX_POINT ( 'NONE', #1719 ) ;
#6634 = STYLED_ITEM ( 'NONE', ( #11071 ), #815 ) ;
#6635 = ORIENTED_EDGE ( 'NONE', *, *, #4024, .T. ) ;
#6636 = ORIENTED_EDGE ( 'NONE', *, *, #10651, .T. ) ;
#6637 = DIRECTION ( 'NONE',  ( -0.000000000000000000, -0.000000000000000000, 1.000000000000000000 ) ) ;
#6638 = ORIENTED_EDGE ( 'NONE', *, *, #8752, .F. ) ;
#6639 = ORIENTED_EDGE ( 'NONE', *, *, #11261, .F. ) ;
#6640 = VECTOR ( 'NONE', #7846, 39.37007874015748143 ) ;
#6641 = CARTESIAN_POINT ( 'NONE',  ( -11.99999999999999822, 48.71000000000000085, -1.500000000000000222 ) ) ;
#6642 = EDGE_CURVE ( 'NONE', #3027, #8991, #9407, .T. ) ;
#6643 = EDGE_CURVE ( 'NONE', #8394, #10603, #12295, .T. ) ;
#6644 = SURFACE_SIDE_STYLE ('',( #7774 ) ) ;
#6645 = ORIENTED_EDGE ( 'NONE', *, *, #4357, .T. ) ;
#6646 = CARTESIAN_POINT ( 'NONE',  ( -11.26000000000000156, 51.69999999999999574, -1.500000000000000222 ) ) ;
#6647 = DIRECTION ( 'NONE',  ( 1.000000000000000000, 0.000000000000000000, 0.000000000000000000 ) ) ;
#6648 = ORIENTED_EDGE ( 'NONE', *, *, #5338, .T. ) ;
#6649 = CARTESIAN_POINT ( 'NONE',  ( 11.99999999999999822, 52.18999999999999773, -0.7499999999999936717 ) ) ;
#6650 = AXIS2_PLACEMENT_3D ( 'NONE', #7146, #6086, #3364 ) ;
#6651 = PLANE ( 'NONE',  #9666 ) ;
#6652 = B_SPLINE_CURVE_WITH_KNOTS ( 'NONE', 3,
 ( #8720, #3104, #2166, #3924, #11674, #10736, #4045, #2105, #10551, #6013, #1223, #5773, #7778, #6951, #3983, #11615, #2856, #1920, #2979, #2044, #3040, #4809, #6829, #9620, #12428, #5887, #8656, #6887, #1980, #10674, #9742, #4931, #7902, #11737, #8779, #3804, #5950, #148, #1161, #975, #29, #3865, #7716, #11552, #2918, #6772, #10616, #9680 ),
 .UNSPECIFIED., .F., .F.,
 ( 4, 2, 2, 2, 2, 2, 2, 2, 2, 2, 2, 2, 2, 2, 2, 2, 2, 2, 2, 2, 2, 2, 2, 4 ),
 ( 0.000000000000000000, 0.001014429602011952510, 0.001521644403017928873, 0.002028859204023905020, 0.003043288806036179538, 0.003550503607042293595, 0.004057718408048406784, 0.004564933209054520408, 0.005072148010060633164, 0.006086577612073270672, 0.007101007214085909916, 0.008115436816098548292, 0.009129866418111188403, 0.01014429602012382678, 0.01115872562213646689, 0.01166594042314305323, 0.01217315522414963956, 0.01268037002515622763, 0.01318758482616281397, 0.01369479962716940204, 0.01420201442817599011, 0.01470922922918257644, 0.01521644403018916278, 0.01623087363220217932 ),
 .UNSPECIFIED. ) ;
#6653 = ORIENTED_EDGE ( 'NONE', *, *, #720, .F. ) ;
#6654 = AXIS2_PLACEMENT_3D ( 'NONE', #441, #4278, #4406 ) ;
#6655 = EDGE_CURVE ( 'NONE', #1926, #6456, #11354, .T. ) ;
#6656 = FACE_BOUND ( 'NONE', #7589, .T. ) ;
#6657 = DIRECTION ( 'NONE',  ( 0.000000000000000000, 1.000000000000000000, 7.850137912828339862E-17 ) ) ;
#6658 = EDGE_LOOP ( 'NONE', ( #10600, #11935, #3716, #7842 ) ) ;
#6659 = DIRECTION ( 'NONE',  ( 0.000000000000000000, -1.000000000000000000, 0.000000000000000000 ) ) ;
#6660 = EDGE_LOOP ( 'NONE', ( #1073, #9910 ) ) ;
#6661 = CARTESIAN_POINT ( 'NONE',  ( -12.75000000000000000, 27.50999999999998735, -1.124999999999997113 ) ) ;
#6662 = DIRECTION ( 'NONE',  ( 0.000000000000000000, -1.000000000000000000, -0.000000000000000000 ) ) ;
#6663 = VERTEX_POINT ( 'NONE', #12352 ) ;
#6664 = DIRECTION ( 'NONE',  ( -0.000000000000000000, -0.000000000000000000, 1.000000000000000000 ) ) ;
#6665 = AXIS2_PLACEMENT_3D ( 'NONE', #6224, #5346, #4326 ) ;
#6666 = EDGE_CURVE ( 'NONE', #11738, #8999, #11419, .T. ) ;
#6667 = CARTESIAN_POINT ( 'NONE',  ( 10.51999999999999957, 21.22999999999999687, -0.7499999999999974465 ) ) ;
#6668 = EDGE_CURVE ( 'NONE', #10345, #8654, #7755, .T. ) ;
#6669 = ORIENTED_EDGE ( 'NONE', *, *, #6684, .F. ) ;
#6670 = SURFACE_STYLE_USAGE ( .BOTH. , #7425 ) ;
#6671 = EDGE_CURVE ( 'NONE', #2459, #3371, #6151, .T. ) ;
#6672 = FACE_OUTER_BOUND ( 'NONE', #3410, .T. ) ;
#6673 = AXIS2_PLACEMENT_3D ( 'NONE', #473, #1298, #280 ) ;
#6674 = DIRECTION ( 'NONE',  ( 1.000000000000000000, 0.000000000000000000, 0.000000000000000000 ) ) ;
#6675 = CIRCLE ( 'NONE', #8893, 0.1562499999999979461 ) ;
#6676 = LINE ( 'NONE', #1885, #9588 ) ;
#6677 = DIRECTION ( 'NONE',  ( 0.000000000000000000, 6.845593068680304645E-16, -1.000000000000000000 ) ) ;
#6678 = CARTESIAN_POINT ( 'NONE',  ( 11.99999999999999822, 14.23000000000000220, -1.499999999999998224 ) ) ;
#6679 = CARTESIAN_POINT ( 'NONE',  ( -11.99999999999999822, 42.50999999999999801, -1.124999999999997113 ) ) ;
#6680 = ORIENTED_EDGE ( 'NONE', *, *, #6824, .T. ) ;
#6681 = SURFACE_SIDE_STYLE ('',( #11283 ) ) ;
#6682 = DIRECTION ( 'NONE',  ( 1.000000000000000000, 0.000000000000000000, 0.000000000000000000 ) ) ;
#6683 = AXIS2_PLACEMENT_3D ( 'NONE', #1403, #1283, #4166 ) ;
#6684 = EDGE_CURVE ( 'NONE', #11606, #2387, #7747, .T. ) ;
#6685 = CARTESIAN_POINT ( 'NONE',  ( 11.43185000000000251, 49.19999999999999574, -1.499999999999993783 ) ) ;
#6686 = AXIS2_PLACEMENT_3D ( 'NONE', #11504, #733, #8353 ) ;
#6687 = EDGE_LOOP ( 'NONE', ( #1869, #5066, #3064, #1226 ) ) ;
#6688 = CARTESIAN_POINT ( 'NONE',  ( 0.000000000000000000, 23.76999999999998536, 0.000000000000000000 ) ) ;
#6689 = DIRECTION ( 'NONE',  ( 0.000000000000000000, 0.000000000000000000, -1.000000000000000000 ) ) ;
#6690 = DIRECTION ( 'NONE',  ( 0.000000000000000000, 0.000000000000000000, -1.000000000000000000 ) ) ;
#6691 = VECTOR ( 'NONE', #2270, 39.37007874015748143 ) ;
#6692 = PLANE ( 'NONE',  #455 ) ;
#6693 = ORIENTED_EDGE ( 'NONE', *, *, #10878, .F. ) ;
#6694 = DIRECTION ( 'NONE',  ( 0.000000000000000000, 1.177520686924250979E-16, -1.000000000000000000 ) ) ;
#6695 = CARTESIAN_POINT ( 'NONE',  ( -11.99999999999999822, 45.50999999999999091, -1.124999999999997113 ) ) ;
#6696 = CARTESIAN_POINT ( 'NONE',  ( -3.220000000000002416, 22.51999999999998181, -0.7499999999999998890 ) ) ;
#6697 = VERTEX_POINT ( 'NONE', #10597 ) ;
#6698 = ORIENTED_EDGE ( 'NONE', *, *, #8820, .F. ) ;
#6699 = ORIENTED_EDGE ( 'NONE', *, *, #10494, .T. ) ;
#6700 = UNCERTAINTY_MEASURE_WITH_UNIT (LENGTH_MEASURE( 1.000000000000000082E-05 ), #7235, 'distance_accuracy_value', 'NONE');
#6701 = EDGE_CURVE ( 'NONE', #11360, #8267, #73, .T. ) ;
#6702 = CARTESIAN_POINT ( 'NONE',  ( -3.220000000000002416, 57.99999999999999289, 0.000000000000000000 ) ) ;
#6703 = VERTEX_POINT ( 'NONE', #11842 ) ;
#6704 = CIRCLE ( 'NONE', #3681, 0.1562499999999960587 ) ;
#6705 = ORIENTED_EDGE ( 'NONE', *, *, #10863, .T. ) ;
#6706 = DIRECTION ( 'NONE',  ( -0.000000000000000000, -0.000000000000000000, 1.000000000000000000 ) ) ;
#6707 = SURFACE_STYLE_USAGE ( .BOTH. , #6644 ) ;
#6708 = VERTEX_POINT ( 'NONE', #8821 ) ;
#6709 = DIRECTION ( 'NONE',  ( -1.000000000000000000, 0.000000000000000000, 0.000000000000000000 ) ) ;
#6710 = CARTESIAN_POINT ( 'NONE',  ( -11.99999999999999822, 52.18999999999999773, -1.499999999999993561 ) ) ;
#6711 = ORIENTED_EDGE ( 'NONE', *, *, #8071, .T. ) ;
#6712 = CARTESIAN_POINT ( 'NONE',  ( 10.51999999999999957, 59.18999999999999773, -1.500000000000000222 ) ) ;
#6713 =( GEOMETRIC_REPRESENTATION_CONTEXT ( 3 ) GLOBAL_UNCERTAINTY_ASSIGNED_CONTEXT ( ( #1909 ) ) GLOBAL_UNIT_ASSIGNED_CONTEXT ( ( #8860, #228, #1938 ) ) REPRESENTATION_CONTEXT ( 'NONE', 'WORKASPACE' ) );
#6714 = EDGE_CURVE ( 'NONE', #4102, #7760, #4155, .T. ) ;
#6715 =( LENGTH_UNIT ( ) NAMED_UNIT ( * ) SI_UNIT ( $, .METRE. ) );
#6716 = ORIENTED_EDGE ( 'NONE', *, *, #2849, .F. ) ;
#6717 = VECTOR ( 'NONE', #2274, 39.37007874015748143 ) ;
#6718 = PLANE ( 'NONE',  #605 ) ;
#6719 = SURFACE_STYLE_USAGE ( .BOTH. , #6962 ) ;
#6720 = VERTEX_POINT ( 'NONE', #11598 ) ;
#6721 = DIRECTION ( 'NONE',  ( 0.000000000000000000, 1.000000000000000000, 0.000000000000000000 ) ) ;
#6722 = EDGE_LOOP ( 'NONE', ( #10339, #1988 ) ) ;
#6723 = DIRECTION ( 'NONE',  ( 1.000000000000000000, 0.000000000000000000, 0.000000000000000000 ) ) ;
#6724 = FACE_OUTER_BOUND ( 'NONE', #11642, .T. ) ;
#6725 = VERTEX_POINT ( 'NONE', #131 ) ;
#6726 = VECTOR ( 'NONE', #7255, 39.37007874015748143 ) ;
#6727 = EDGE_CURVE ( 'NONE', #748, #11098, #5997, .T. ) ;
#6728 = ADVANCED_FACE ( 'NONE', ( #11717 ), #7945, .T. ) ;
#6729 = DIRECTION ( 'NONE',  ( 0.000000000000000000, -7.850137912828339862E-17, 1.000000000000000000 ) ) ;
#6730 = LINE ( 'NONE', #1818, #911 ) ;
#6731 = ORIENTED_EDGE ( 'NONE', *, *, #10598, .F. ) ;
#6732 = CARTESIAN_POINT ( 'NONE',  ( 10.51999999999999247, 3.750000000000003553, 8.589666975669972615 ) ) ;
#6733 = AXIS2_PLACEMENT_3D ( 'NONE', #10208, #9191, #7363 ) ;
#6734 = CARTESIAN_POINT ( 'NONE',  ( 12.75000000000000000, 44.00999999999999801, -1.124999999999997113 ) ) ;
#6735 = DIRECTION ( 'NONE',  ( -0.000000000000000000, -0.000000000000000000, 1.000000000000000000 ) ) ;
#6736 = CYLINDRICAL_SURFACE ( 'NONE', #1672, 0.1562499999999979461 ) ;
#6737 = DIRECTION ( 'NONE',  ( 0.000000000000000000, -1.570027582565667972E-16, 1.000000000000000000 ) ) ;
#6738 = PLANE ( 'NONE',  #3154 ) ;
#6739 = VERTEX_POINT ( 'NONE', #6812 ) ;
#6740 = AXIS2_PLACEMENT_3D ( 'NONE', #8018, #6828, #10673 ) ;
#6741 = FACE_OUTER_BOUND ( 'NONE', #7595, .T. ) ;
#6742 =( GEOMETRIC_REPRESENTATION_CONTEXT ( 3 ) GLOBAL_UNCERTAINTY_ASSIGNED_CONTEXT ( ( #3794 ) ) GLOBAL_UNIT_ASSIGNED_CONTEXT ( ( #9295, #9084, #12105 ) ) REPRESENTATION_CONTEXT ( 'NONE', 'WORKASPACE' ) );
#6743 = EDGE_CURVE ( 'NONE', #5490, #11347, #9905, .T. ) ;
#6744 = CARTESIAN_POINT ( 'NONE',  ( 1.739999999999997327, 54.75000000000000000, -0.7500000000000001110 ) ) ;
#6745 = DIRECTION ( 'NONE',  ( 0.000000000000000000, 0.000000000000000000, -1.000000000000000000 ) ) ;
#6746 = VERTEX_POINT ( 'NONE', #3151 ) ;
#6747 = DIRECTION ( 'NONE',  ( 1.000000000000000000, -0.000000000000000000, -0.000000000000000000 ) ) ;
#6748 = VECTOR ( 'NONE', #6995, 39.37007874015748143 ) ;
#6749 = VECTOR ( 'NONE', #10332, 39.37007874015748143 ) ;
#6750 = CARTESIAN_POINT ( 'NONE',  ( 11.43185000000000251, 21.71999999999999886, 0.000000000000000000 ) ) ;
#6751 = DIRECTION ( 'NONE',  ( 1.000000000000000000, 0.000000000000000000, 0.000000000000000000 ) ) ;
#6752 = EDGE_CURVE ( 'NONE', #9847, #218, #1964, .T. ) ;
#6753 = CYLINDRICAL_SURFACE ( 'NONE', #6890, 0.1718500000000005301 ) ;
#6754 = ORIENTED_EDGE ( 'NONE', *, *, #2725, .T. ) ;
#6755 = EDGE_CURVE ( 'NONE', #11051, #1583, #9723, .T. ) ;
#6756 = FACE_OUTER_BOUND ( 'NONE', #2692, .T. ) ;
#6757 = FACE_BOUND ( 'NONE', #3936, .T. ) ;
#6758 = DIRECTION ( 'NONE',  ( 1.000000000000000000, 0.000000000000000000, 0.000000000000000000 ) ) ;
#6759 = ORIENTED_EDGE ( 'NONE', *, *, #3091, .F. ) ;
#6760 = ORIENTED_EDGE ( 'NONE', *, *, #25, .T. ) ;
#6761 = EDGE_CURVE ( 'NONE', #395, #6217, #1268, .T. ) ;
#6762 = VECTOR ( 'NONE', #1623, 39.37007874015748143 ) ;
#6763 = ORIENTED_EDGE ( 'NONE', *, *, #1805, .T. ) ;
#6764 = VECTOR ( 'NONE', #1313, 39.37007874015748143 ) ;
#6765 = CARTESIAN_POINT ( 'NONE',  ( 10.51999999999999247, 3.750000000000003553, 8.589666975669972615 ) ) ;
#6766 = EDGE_LOOP ( 'NONE', ( #5554, #10304, #1340, #11861 ) ) ;
#6767 = ORIENTED_EDGE ( 'NONE', *, *, #5523, .F. ) ;
#6768 = CARTESIAN_POINT ( 'NONE',  ( 11.99999999999999822, 47.00999999999999091, -0.9687499999999976685 ) ) ;
#6769 = EDGE_LOOP ( 'NONE', ( #3918, #9498, #7524, #6874 ) ) ;
#6770 = EDGE_CURVE ( 'NONE', #923, #5490, #8555, .T. ) ;
#6771 = DIRECTION ( 'NONE',  ( 1.000000000000000000, -0.000000000000000000, -0.000000000000000000 ) ) ;
#6772 = CARTESIAN_POINT ( 'NONE',  ( -11.09183411936955999, 51.66443044117936267, -1.097711802702124873 ) ) ;
#6773 = VERTEX_POINT ( 'NONE', #1020 ) ;
#6774 = DIRECTION ( 'NONE',  ( 1.000000000000000000, -0.000000000000000000, -0.000000000000000000 ) ) ;
#6775 = VECTOR ( 'NONE', #4655, 39.37007874015748143 ) ;
#6776 = EDGE_LOOP ( 'NONE', ( #5888, #10404, #9491, #2903 ) ) ;
#6777 = ORIENTED_EDGE ( 'NONE', *, *, #708, .T. ) ;
#6778 = LINE ( 'NONE', #1045, #3021 ) ;
#6779 = LINE ( 'NONE', #1990, #4855 ) ;
#6780 = ORIENTED_EDGE ( 'NONE', *, *, #6396, .T. ) ;
#6781 = EDGE_CURVE ( 'NONE', #513, #5901, #1205, .T. ) ;
#6782 = DIRECTION ( 'NONE',  ( 0.000000000000000000, -0.9396926207859103153, -0.3420201433256631618 ) ) ;
#6783 = ORIENTED_EDGE ( 'NONE', *, *, #8714, .T. ) ;
#6784 = AXIS2_PLACEMENT_3D ( 'NONE', #9308, #6296, #12262 ) ;
#6785 = PLANE ( 'NONE',  #2133 ) ;
#6786 = DIRECTION ( 'NONE',  ( 1.000000000000000000, -0.000000000000000000, 0.000000000000000000 ) ) ;
#6787 = DIRECTION ( 'NONE',  ( 0.000000000000000000, 0.000000000000000000, -1.000000000000000000 ) ) ;
#6788 =( NAMED_UNIT ( * ) PLANE_ANGLE_UNIT ( ) SI_UNIT ( $, .RADIAN. ) );
#6789 = EDGE_LOOP ( 'NONE', ( #7223, #711 ) ) ;
#6790 = CIRCLE ( 'NONE', #8397, 0.1562499999999978073 ) ;
#6791 = CARTESIAN_POINT ( 'NONE',  ( -10.51999999999999957, 3.750000000000000000, -8.612199694973096342 ) ) ;
#6792 = ADVANCED_FACE ( 'NONE', ( #5106 ), #5039, .F. ) ;
#6793 = DIRECTION ( 'NONE',  ( 1.000000000000000000, 0.000000000000000000, 0.000000000000000000 ) ) ;
#6794 = ADVANCED_FACE ( 'NONE', ( #8888 ), #9786, .F. ) ;
#6795 = DIRECTION ( 'NONE',  ( -1.000000000000000000, 0.000000000000000000, 0.000000000000000000 ) ) ;
#6796 = LINE ( 'NONE', #5672, #2476 ) ;
#6797 = PLANE ( 'NONE',  #1526 ) ;
#6798 = FACE_BOUND ( 'NONE', #11810, .T. ) ;
#6799 = ORIENTED_EDGE ( 'NONE', *, *, #6642, .T. ) ;
#6800 = AXIS2_PLACEMENT_3D ( 'NONE', #6500, #10347, #3780 ) ;
#6801 = DIRECTION ( 'NONE',  ( 0.000000000000000000, 1.000000000000000000, 0.000000000000000000 ) ) ;
#6802 = DIRECTION ( 'NONE',  ( -1.000000000000000000, 0.000000000000000000, 0.000000000000000000 ) ) ;
#6803 = DIRECTION ( 'NONE',  ( 0.000000000000000000, 0.000000000000000000, 1.000000000000000000 ) ) ;
#6804 = ORIENTED_EDGE ( 'NONE', *, *, #5286, .T. ) ;
#6805 = DIRECTION ( 'NONE',  ( 0.000000000000000000, 1.000000000000000000, 0.000000000000000000 ) ) ;
#6806 = CLOSED_SHELL ( 'NONE', ( #2629, #5040, #8488, #10341, #7105, #2072, #9023, #11298 ) ) ;
#6807 = LINE ( 'NONE', #7512, #12084 ) ;
#6808 = ADVANCED_FACE ( 'NONE', ( #8004 ), #4027, .F. ) ;
#6809 = DIRECTION ( 'NONE',  ( 0.000000000000000000, -1.000000000000000000, -2.491592112898606819E-16 ) ) ;
#6810 = DIRECTION ( 'NONE',  ( 1.000000000000000000, -0.000000000000000000, -0.000000000000000000 ) ) ;
#6811 = ORIENTED_EDGE ( 'NONE', *, *, #6701, .F. ) ;
#6812 = CARTESIAN_POINT ( 'NONE',  ( 1.739999999999997327, 22.51999999999998181, 0.000000000000000000 ) ) ;
#6813 = CARTESIAN_POINT ( 'NONE',  ( -10.51999999999999957, 4.500000000000000888, -8.339222019273449860 ) ) ;
#6814 = VERTEX_POINT ( 'NONE', #11902 ) ;
#6815 = ORIENTED_EDGE ( 'NONE', *, *, #9638, .F. ) ;
#6816 = STYLED_ITEM ( 'NONE', ( #682 ), #1185 ) ;
#6817 = AXIS2_PLACEMENT_3D ( 'NONE', #9527, #887, #4722 ) ;
#6818 = VERTEX_POINT ( 'NONE', #3396 ) ;
#6819 = DIRECTION ( 'NONE',  ( -0.000000000000000000, -0.000000000000000000, 1.000000000000000000 ) ) ;
#6820 = ORIENTED_EDGE ( 'NONE', *, *, #2466, .T. ) ;
#6821 = EDGE_CURVE ( 'NONE', #3184, #10323, #9160, .T. ) ;
#6822 = VERTEX_POINT ( 'NONE', #9011 ) ;
#6823 = PLANE ( 'NONE',  #4804 ) ;
#6824 = EDGE_CURVE ( 'NONE', #11703, #778, #8248, .T. ) ;
#6825 = COLOUR_RGB ( '',1.000000000000000000, 1.000000000000000000, 1.000000000000000000 ) ;
#6826 = ORIENTED_EDGE ( 'NONE', *, *, #6204, .T. ) ;
#6827 = CARTESIAN_POINT ( 'NONE',  ( -12.75000000000000000, 39.50999999999999801, -1.124999999999997113 ) ) ;
#6828 = DIRECTION ( 'NONE',  ( 0.000000000000000000, 0.000000000000000000, -1.000000000000000000 ) ) ;
#6829 = CARTESIAN_POINT ( 'NONE',  ( -11.27364155148507407, 51.52817459641387643, -0.9698106087895206340 ) ) ;
#6830 = EDGE_LOOP ( 'NONE', ( #3551, #8727, #290, #4944 ) ) ;
#6831 = PLANE ( 'NONE',  #1942 ) ;
#6832 = AXIS2_PLACEMENT_3D ( 'NONE', #9330, #3346, #6253 ) ;
#6833 = VECTOR ( 'NONE', #5956, 39.37007874015748143 ) ;
#6834 =( NAMED_UNIT ( * ) PLANE_ANGLE_UNIT ( ) SI_UNIT ( $, .RADIAN. ) );
#6835 = ADVANCED_FACE ( 'NONE', ( #12094 ), #3274, .F. ) ;
#6836 = VERTEX_POINT ( 'NONE', #11096 ) ;
#6837 = DIRECTION ( 'NONE',  ( 9.229216194811702461E-17, -0.000000000000000000, 1.000000000000000000 ) ) ;
#6838 = ORIENTED_EDGE ( 'NONE', *, *, #12405, .T. ) ;
#6839 = CYLINDRICAL_SURFACE ( 'NONE', #3451, 0.1562499999999979461 ) ;
#6840 = CIRCLE ( 'NONE', #11666, 0.1718500000000005301 ) ;
#6841 = ORIENTED_EDGE ( 'NONE', *, *, #7103, .F. ) ;
#6842 = CARTESIAN_POINT ( 'NONE',  ( -11.00000000000000000, 35.00999999999999091, -1.124999999999997113 ) ) ;
#6843 = CARTESIAN_POINT ( 'NONE',  ( 11.00000000000000000, 42.50999999999999801, -1.124999999999997113 ) ) ;
#6844 = EDGE_CURVE ( 'NONE', #78, #11897, #8749, .T. ) ;
#6845 = VECTOR ( 'NONE', #12228, 39.37007874015748143 ) ;
#6846 = ORIENTED_EDGE ( 'NONE', *, *, #1547, .F. ) ;
#6847 = CARTESIAN_POINT ( 'NONE',  ( 0.1015624999999996114, 56.75000000000000000, 8.589666975669972615 ) ) ;
#6848 =( CONVERSION_BASED_UNIT ( 'INCH', #2068 ) LENGTH_UNIT ( ) NAMED_UNIT ( #5448 ) );
#6849 = LINE ( 'NONE', #5021, #7272 ) ;
#6850 = DIRECTION ( 'NONE',  ( 0.000000000000000000, 1.000000000000000000, 0.000000000000000000 ) ) ;
#6851 = DIRECTION ( 'NONE',  ( 0.000000000000000000, 0.000000000000000000, -1.000000000000000000 ) ) ;
#6852 = DIRECTION ( 'NONE',  ( -1.000000000000000000, 0.000000000000000000, 0.000000000000000000 ) ) ;
#6853 = CIRCLE ( 'NONE', #10480, 0.1562499999999979461 ) ;
#6854 = CARTESIAN_POINT ( 'NONE',  ( 11.99999999999999822, 25.01999999999998181, -2.250000000000003109 ) ) ;
#6855 = ORIENTED_EDGE ( 'NONE', *, *, #2579, .F. ) ;
#6856 = DIRECTION ( 'NONE',  ( 0.000000000000000000, 0.000000000000000000, -1.000000000000000000 ) ) ;
#6857 = CARTESIAN_POINT ( 'NONE',  ( 11.99999999999999822, 45.50999999999999091, -1.124999999999997113 ) ) ;
#6858 = EDGE_CURVE ( 'NONE', #9128, #10328, #9969, .T. ) ;
#6859 = CARTESIAN_POINT ( 'NONE',  ( -11.00000000000000000, 32.00999999999999091, -1.124999999999997113 ) ) ;
#6860 = EDGE_CURVE ( 'NONE', #8573, #11236, #3457, .T. ) ;
#6861 = ORIENTED_EDGE ( 'NONE', *, *, #2273, .F. ) ;
#6862 = AXIS2_PLACEMENT_3D ( 'NONE', #12136, #4450, #1373 ) ;
#6863 = CARTESIAN_POINT ( 'NONE',  ( -11.08815000000000062, 21.71999999999999886, -0.7499999999999974465 ) ) ;
#6864 = LINE ( 'NONE', #9783, #3633 ) ;
#6865 = DIMENSIONAL_EXPONENTS ( 1.000000000000000000, 0.000000000000000000, 0.000000000000000000, 0.000000000000000000, 0.000000000000000000, 0.000000000000000000, 0.000000000000000000 ) ;
#6866 = DIRECTION ( 'NONE',  ( 0.000000000000000000, 0.000000000000000000, -1.000000000000000000 ) ) ;
#6867 = DIRECTION ( 'NONE',  ( 0.000000000000000000, 0.000000000000000000, -1.000000000000000000 ) ) ;
#6868 = DIRECTION ( 'NONE',  ( 1.000000000000000000, -0.000000000000000000, -0.000000000000000000 ) ) ;
#6869 = CARTESIAN_POINT ( 'NONE',  ( 10.51999999999999957, 3.750000000000003553, -0.7500000000000001110 ) ) ;
#6870 = ORIENTED_EDGE ( 'NONE', *, *, #11555, .T. ) ;
#6871 = MECHANICAL_DESIGN_GEOMETRIC_PRESENTATION_REPRESENTATION (  '', ( #1239 ), #3650 ) ;
#6872 = VERTEX_POINT ( 'NONE', #1578 ) ;
#6873 = VECTOR ( 'NONE', #12197, 39.37007874015748143 ) ;
#6874 = ORIENTED_EDGE ( 'NONE', *, *, #8728, .F. ) ;
#6875 = ADVANCED_FACE ( 'NONE', ( #5427 ), #7055, .F. ) ;
#6876 = DIRECTION ( 'NONE',  ( 0.000000000000000000, -1.000000000000000000, 0.000000000000000000 ) ) ;
#6877 = ADVANCED_FACE ( 'NONE', ( #566, #626 ), #5301, .F. ) ;
#6878 = ORIENTED_EDGE ( 'NONE', *, *, #3190, .F. ) ;
#6879 = VERTEX_POINT ( 'NONE', #10095 ) ;
#6880 = CARTESIAN_POINT ( 'NONE',  ( -11.00000000000000000, 48.50999999999999091, -1.124999999999997113 ) ) ;
#6881 = VECTOR ( 'NONE', #1916, 39.37007874015748143 ) ;
#6882 = CIRCLE ( 'NONE', #449, 0.1718500000000005301 ) ;
#6883 = LINE ( 'NONE', #12425, #10309 ) ;
#6884 = ORIENTED_EDGE ( 'NONE', *, *, #11124, .T. ) ;
#6885 = FACE_OUTER_BOUND ( 'NONE', #6079, .T. ) ;
#6886 = DIRECTION ( 'NONE',  ( 0.000000000000000000, -1.000000000000000000, 0.000000000000000000 ) ) ;
#6887 = CARTESIAN_POINT ( 'NONE',  ( -11.17103508654976984, 51.55236206092710205, -0.9744756863290048310 ) ) ;
#6888 = EDGE_LOOP ( 'NONE', ( #9409, #8676 ) ) ;
#6889 = PLANE ( 'NONE',  #11789 ) ;
#6890 = AXIS2_PLACEMENT_3D ( 'NONE', #1961, #9659, #7759 ) ;
#6891 = MECHANICAL_DESIGN_GEOMETRIC_PRESENTATION_REPRESENTATION (  '', ( #6492 ), #2860 ) ;
#6892 = EDGE_CURVE ( 'NONE', #7886, #6155, #11966, .T. ) ;
#6893 = ORIENTED_EDGE ( 'NONE', *, *, #2735, .F. ) ;
#6894 = PLANE ( 'NONE',  #10442 ) ;
#6895 = PLANE ( 'NONE',  #2022 ) ;
#6896 = VECTOR ( 'NONE', #5153, 39.37007874015748143 ) ;
#6897 = LINE ( 'NONE', #2928, #632 ) ;
#6898 = ORIENTED_EDGE ( 'NONE', *, *, #6072, .T. ) ;
#6899 = DIRECTION ( 'NONE',  ( -1.000000000000000000, 0.000000000000000000, 0.000000000000000000 ) ) ;
#6900 = STYLED_ITEM ( 'NONE', ( #10506 ), #5096 ) ;
#6901 = ORIENTED_EDGE ( 'NONE', *, *, #8603, .T. ) ;
#6902 = ADVANCED_FACE ( 'NONE', ( #4217 ), #1451, .F. ) ;
#6903 = ADVANCED_FACE ( 'NONE', ( #4347 ), #7310, .F. ) ;
#6904 = DIRECTION ( 'NONE',  ( 0.000000000000000000, 0.000000000000000000, -1.000000000000000000 ) ) ;
#6905 = LINE ( 'NONE', #11940, #1768 ) ;
#6906 = DIRECTION ( 'NONE',  ( 1.000000000000000000, -0.000000000000000000, -0.000000000000000000 ) ) ;
#6907 = EDGE_CURVE ( 'NONE', #3563, #10871, #2920, .T. ) ;
#6908 = DIRECTION ( 'NONE',  ( 0.000000000000000000, 0.000000000000000000, -1.000000000000000000 ) ) ;
#6909 = DIRECTION ( 'NONE',  ( 0.000000000000000000, 0.000000000000000000, -1.000000000000000000 ) ) ;
#6910 = VERTEX_POINT ( 'NONE', #8193 ) ;
#6911 = FACE_OUTER_BOUND ( 'NONE', #601, .T. ) ;
#6912 = DIRECTION ( 'NONE',  ( 0.000000000000000000, 0.000000000000000000, -1.000000000000000000 ) ) ;
#6913 = CARTESIAN_POINT ( 'NONE',  ( -11.26000000000000156, 24.21999999999999531, -0.7499999999999972244 ) ) ;
#6914 = CARTESIAN_POINT ( 'NONE',  ( 11.26000000000000156, 21.71999999999999886, -1.499999999999997113 ) ) ;
#6915 = EDGE_CURVE ( 'NONE', #5901, #469, #4409, .T. ) ;
#6916 = FACE_OUTER_BOUND ( 'NONE', #11151, .T. ) ;
#6917 = DIRECTION ( 'NONE',  ( 0.000000000000000000, 0.000000000000000000, -1.000000000000000000 ) ) ;
#6918 = ORIENTED_EDGE ( 'NONE', *, *, #9568, .F. ) ;
#6919 = FACE_OUTER_BOUND ( 'NONE', #7723, .T. ) ;
#6920 = DIRECTION ( 'NONE',  ( 0.000000000000000000, 0.000000000000000000, -1.000000000000000000 ) ) ;
#6921 = DIRECTION ( 'NONE',  ( 1.000000000000000000, -0.000000000000000000, -0.000000000000000000 ) ) ;
#6922 = AXIS2_PLACEMENT_3D ( 'NONE', #3029, #1397, #11910 ) ;
#6923 = VERTEX_POINT ( 'NONE', #10157 ) ;
#6924 = CARTESIAN_POINT ( 'NONE',  ( -11.00000000000000000, 44.00999999999999801, -1.124999999999997113 ) ) ;
#6925 = CARTESIAN_POINT ( 'NONE',  ( 0.000000000000000000, 59.18999999999999773, 0.000000000000000000 ) ) ;
#6926 = DIRECTION ( 'NONE',  ( 1.000000000000000000, -2.913971193241881950E-15, 0.000000000000000000 ) ) ;
#6927 = AXIS2_PLACEMENT_3D ( 'NONE', #6695, #961, #11478 ) ;
#6928 = DIRECTION ( 'NONE',  ( 0.000000000000000000, -0.000000000000000000, 1.000000000000000000 ) ) ;
#6929 = MECHANICAL_DESIGN_GEOMETRIC_PRESENTATION_REPRESENTATION (  '', ( #9764 ), #2912 ) ;
#6930 = EDGE_CURVE ( 'NONE', #7903, #1369, #11772, .T. ) ;
#6931 = DIRECTION ( 'NONE',  ( 0.000000000000000000, 0.000000000000000000, -1.000000000000000000 ) ) ;
#6932 = PLANE ( 'NONE',  #6117 ) ;
#6933 = EDGE_LOOP ( 'NONE', ( #11559, #6731, #822, #12102 ) ) ;
#6934 = ORIENTED_EDGE ( 'NONE', *, *, #1761, .T. ) ;
#6935 = ORIENTED_EDGE ( 'NONE', *, *, #9429, .F. ) ;
#6936 = UNCERTAINTY_MEASURE_WITH_UNIT (LENGTH_MEASURE( 1.000000000000000082E-05 ), #6255, 'distance_accuracy_value', 'NONE');
#6937 = DIRECTION ( 'NONE',  ( 0.000000000000000000, 0.000000000000000000, 1.000000000000000000 ) ) ;
#6938 = VERTEX_POINT ( 'NONE', #5368 ) ;
#6939 = AXIS2_PLACEMENT_3D ( 'NONE', #9073, #7183, #444 ) ;
#6940 = CIRCLE ( 'NONE', #3120, 0.1562499999999979461 ) ;
#6941 = ORIENTED_EDGE ( 'NONE', *, *, #4850, .F. ) ;
#6942 = CARTESIAN_POINT ( 'NONE',  ( 11.99999999999999822, 3.750000000000000888, -1.500000000000000222 ) ) ;
#6943 = STYLED_ITEM ( 'NONE', ( #4890 ), #2790 ) ;
#6944 = CARTESIAN_POINT ( 'NONE',  ( 11.42509345269387921, 51.65221520022143409, -1.190065756637638028 ) ) ;
#6945 = DIRECTION ( 'NONE',  ( 0.000000000000000000, 0.000000000000000000, -1.000000000000000000 ) ) ;
#6946 = ORIENTED_EDGE ( 'NONE', *, *, #5820, .F. ) ;
#6947 = EDGE_CURVE ( 'NONE', #6490, #2552, #3644, .T. ) ;
#6948 = DIRECTION ( 'NONE',  ( 0.000000000000000000, -0.000000000000000000, 1.000000000000000000 ) ) ;
#6949 = DIRECTION ( 'NONE',  ( 0.000000000000000000, -0.000000000000000000, 1.000000000000000000 ) ) ;
#6950 = ADVANCED_FACE ( 'NONE', ( #2574 ), #1888, .F. ) ;
#6951 = CARTESIAN_POINT ( 'NONE',  ( -11.39279473723568969, 51.59076061747090591, -0.9911213627965583806 ) ) ;
#6952 = EDGE_LOOP ( 'NONE', ( #10483, #8252, #6530, #1442 ) ) ;
#6953 = AXIS2_PLACEMENT_3D ( 'NONE', #3891, #7743, #5025 ) ;
#6954 = CIRCLE ( 'NONE', #4941, 0.1718500000000005301 ) ;
#6955 = LINE ( 'NONE', #2351, #3341 ) ;
#6956 = ORIENTED_EDGE ( 'NONE', *, *, #8057, .F. ) ;
#6957 = DIRECTION ( 'NONE',  ( 0.000000000000000000, -1.000000000000000000, 0.000000000000000000 ) ) ;
#6958 = EDGE_LOOP ( 'NONE', ( #608, #10733 ) ) ;
#6959 = CARTESIAN_POINT ( 'NONE',  ( -11.99999999999999822, 30.50999999999998735, -1.281249999999994893 ) ) ;
#6960 = AXIS2_PLACEMENT_3D ( 'NONE', #12325, #7415, #3693 ) ;
#6961 = LINE ( 'NONE', #2174, #8659 ) ;
#6962 = SURFACE_SIDE_STYLE ('',( #4880 ) ) ;
#6963 = ORIENTED_EDGE ( 'NONE', *, *, #1520, .F. ) ;
#6964 = DIRECTION ( 'NONE',  ( 1.000000000000000000, -0.000000000000000000, -0.000000000000000000 ) ) ;
#6965 = EDGE_CURVE ( 'NONE', #7298, #8008, #10572, .T. ) ;
#6966 = ORIENTED_EDGE ( 'NONE', *, *, #262, .T. ) ;
#6967 = DIRECTION ( 'NONE',  ( 1.000000000000000000, 0.000000000000000000, 0.000000000000000000 ) ) ;
#6968 = CARTESIAN_POINT ( 'NONE',  ( 12.75000000000000000, 28.49999999999998579, 3.479999999999999538 ) ) ;
#6969 = VECTOR ( 'NONE', #4534, 39.37007874015748143 ) ;
#6970 = PRESENTATION_STYLE_ASSIGNMENT (( #287 ) ) ;
#6971 = CARTESIAN_POINT ( 'NONE',  ( -3.220000000000002416, 57.99999999999999289, 0.000000000000000000 ) ) ;
#6972 = EDGE_LOOP ( 'NONE', ( #8583, #2992, #8721, #5453 ) ) ;
#6973 = ADVANCED_FACE ( 'NONE', ( #10459 ), #1701, .F. ) ;
#6974 = CARTESIAN_POINT ( 'NONE',  ( -22.06250000000002132, 48.71000000000000085, -0.7499999999999940048 ) ) ;
#6975 = FACE_BOUND ( 'NONE', #1934, .T. ) ;
#6976 = VERTEX_POINT ( 'NONE', #5673 ) ;
#6977 = DIRECTION ( 'NONE',  ( 0.000000000000000000, 1.000000000000000000, 0.000000000000000000 ) ) ;
#6978 = ADVANCED_FACE ( 'NONE', ( #1638 ), #1827, .F. ) ;
#6979 = DIRECTION ( 'NONE',  ( -0.000000000000000000, -0.000000000000000000, -1.000000000000000000 ) ) ;
#6980 = DIRECTION ( 'NONE',  ( 1.000000000000000000, 0.000000000000000000, 0.000000000000000000 ) ) ;
#6981 = CARTESIAN_POINT ( 'NONE',  ( -3.220000000000002416, 57.99999999999999289, 0.000000000000000000 ) ) ;
#6982 = LINE ( 'NONE', #7043, #8989 ) ;
#6983 = ORIENTED_EDGE ( 'NONE', *, *, #4965, .T. ) ;
#6984 = FACE_OUTER_BOUND ( 'NONE', #11583, .T. ) ;
#6985 = AXIS2_PLACEMENT_3D ( 'NONE', #5438, #4480, #5378 ) ;
#6986 = DIRECTION ( 'NONE',  ( 0.000000000000000000, 0.000000000000000000, -1.000000000000000000 ) ) ;
#6987 = PLANE ( 'NONE',  #11762 ) ;
#6988 = EDGE_CURVE ( 'NONE', #5819, #2949, #4530, .T. ) ;
#6989 = ORIENTED_EDGE ( 'NONE', *, *, #288, .F. ) ;
#6990 = CARTESIAN_POINT ( 'NONE',  ( 0.000000000000000000, 59.18999999999999773, 0.000000000000000000 ) ) ;
#6991 = DIRECTION ( 'NONE',  ( -0.000000000000000000, -0.000000000000000000, -1.000000000000000000 ) ) ;
#6992 = LINE ( 'NONE', #251, #2321 ) ;
#6993 = COLOUR_RGB ( '',1.000000000000000000, 1.000000000000000000, 1.000000000000000000 ) ;
#6994 = DIRECTION ( 'NONE',  ( 0.000000000000000000, 7.850137912828339862E-17, -1.000000000000000000 ) ) ;
#6995 = DIRECTION ( 'NONE',  ( 1.000000000000000000, -0.000000000000000000, -0.000000000000000000 ) ) ;
#6996 = DIRECTION ( 'NONE',  ( 1.000000000000000000, -0.000000000000000000, -0.000000000000000000 ) ) ;
#6997 = VERTEX_POINT ( 'NONE', #6678 ) ;
#6998 = ORIENTED_EDGE ( 'NONE', *, *, #5295, .T. ) ;
#6999 = ORIENTED_EDGE ( 'NONE', *, *, #8105, .T. ) ;
#7000 = LINE ( 'NONE', #2338, #6726 ) ;
#7001 = VECTOR ( 'NONE', #2830, 39.37007874015748143 ) ;
#7002 = EDGE_CURVE ( 'NONE', #1571, #9101, #10774, .T. ) ;
#7003 = VERTEX_POINT ( 'NONE', #5488 ) ;
#7004 = DIRECTION ( 'NONE',  ( 0.000000000000000000, 0.000000000000000000, -1.000000000000000000 ) ) ;
#7005 = CARTESIAN_POINT ( 'NONE',  ( -10.51999999999999957, 59.18999999999999773, 0.000000000000000000 ) ) ;
#7006 = CARTESIAN_POINT ( 'NONE',  ( -1.740000000000002656, 21.22999999999999687, -0.7500000000000001110 ) ) ;
#7007 = ORIENTED_EDGE ( 'NONE', *, *, #12028, .F. ) ;
#7008 = DIRECTION ( 'NONE',  ( 0.000000000000000000, 0.000000000000000000, -1.000000000000000000 ) ) ;
#7009 = PLANE ( 'NONE',  #11361 ) ;
#7010 = LINE ( 'NONE', #526, #9123 ) ;
#7011 = ORIENTED_EDGE ( 'NONE', *, *, #8188, .T. ) ;
#7012 = AXIS2_PLACEMENT_3D ( 'NONE', #2079, #2952, #6802 ) ;
#7013 = DIRECTION ( 'NONE',  ( 0.000000000000000000, -1.000000000000000000, -7.850137912828339862E-17 ) ) ;
#7014 = ORIENTED_EDGE ( 'NONE', *, *, #8955, .T. ) ;
#7015 = ADVANCED_FACE ( 'NONE', ( #6428 ), #944, .F. ) ;
#7016 = ADVANCED_FACE ( 'NONE', ( #10519 ), #5614, .F. ) ;
#7017 = ORIENTED_EDGE ( 'NONE', *, *, #150, .T. ) ;
#7018 = AXIS2_PLACEMENT_3D ( 'NONE', #2539, #6391, #470 ) ;
#7019 =( GEOMETRIC_REPRESENTATION_CONTEXT ( 3 ) GLOBAL_UNCERTAINTY_ASSIGNED_CONTEXT ( ( #8954 ) ) GLOBAL_UNIT_ASSIGNED_CONTEXT ( ( #4383, #8409, #8286 ) ) REPRESENTATION_CONTEXT ( 'NONE', 'WORKASPACE' ) );
#7020 = DIRECTION ( 'NONE',  ( -1.000000000000000000, 0.000000000000000000, 0.000000000000000000 ) ) ;
#7021 = CYLINDRICAL_SURFACE ( 'NONE', #12073, 0.1562499999999979461 ) ;
#7022 = VERTEX_POINT ( 'NONE', #7562 ) ;
#7023 = CARTESIAN_POINT ( 'NONE',  ( 12.75000000000000000, 30.50999999999998735, -0.9687499999999992228 ) ) ;
#7024 = ORIENTED_EDGE ( 'NONE', *, *, #11820, .F. ) ;
#7025 = CARTESIAN_POINT ( 'NONE',  ( 11.99999999999999822, 59.18999999999999773, -0.7500000000000001110 ) ) ;
#7026 = FACE_OUTER_BOUND ( 'NONE', #1759, .T. ) ;
#7027 = VECTOR ( 'NONE', #8476, 39.37007874015748143 ) ;
#7028 = DIRECTION ( 'NONE',  ( 0.000000000000000000, 1.000000000000000000, 0.000000000000000000 ) ) ;
#7029 = LINE ( 'NONE', #9048, #8835 ) ;
#7030 = ADVANCED_FACE ( 'NONE', ( #12399, #11213, #11404 ), #2825, .F. ) ;
#7031 = ORIENTED_EDGE ( 'NONE', *, *, #8269, .F. ) ;
#7032 = DIMENSIONAL_EXPONENTS ( 1.000000000000000000, 0.000000000000000000, 0.000000000000000000, 0.000000000000000000, 0.000000000000000000, 0.000000000000000000, 0.000000000000000000 ) ;
#7033 = AXIS2_PLACEMENT_3D ( 'NONE', #9240, #1428, #11010 ) ;
#7034 = DIRECTION ( 'NONE',  ( -1.000000000000000000, 0.000000000000000000, 0.000000000000000000 ) ) ;
#7035 = AXIS2_PLACEMENT_3D ( 'NONE', #2840, #12, #7819 ) ;
#7036 =( NAMED_UNIT ( * ) PLANE_ANGLE_UNIT ( ) SI_UNIT ( $, .RADIAN. ) );
#7037 = EDGE_LOOP ( 'NONE', ( #6026, #6934, #5701, #1509 ) ) ;
#7038 = PLANE ( 'NONE',  #1635 ) ;
#7039 = CARTESIAN_POINT ( 'NONE',  ( 11.00000000000000000, 48.50999999999999091, -1.124999999999997113 ) ) ;
#7040 = LINE ( 'NONE', #2193, #5702 ) ;
#7041 = DIRECTION ( 'NONE',  ( 0.000000000000000000, 0.000000000000000000, -1.000000000000000000 ) ) ;
#7042 = LINE ( 'NONE', #6109, #12184 ) ;
#7043 = CARTESIAN_POINT ( 'NONE',  ( 10.51999999999999957, 59.18999999999999773, -0.7500000000000001110 ) ) ;
#7044 = ORIENTED_EDGE ( 'NONE', *, *, #2427, .T. ) ;
#7045 = DIRECTION ( 'NONE',  ( -0.000000000000000000, -0.000000000000000000, 1.000000000000000000 ) ) ;
#7046 = ADVANCED_FACE ( 'NONE', ( #10397 ), #3770, .T. ) ;
#7047 = DIRECTION ( 'NONE',  ( -0.000000000000000000, -0.000000000000000000, 1.000000000000000000 ) ) ;
#7048 = CARTESIAN_POINT ( 'NONE',  ( 11.42512341413285171, 51.65231998063433139, -1.060166750500346700 ) ) ;
#7049 = EDGE_CURVE ( 'NONE', #2474, #5389, #690, .T. ) ;
#7050 = ORIENTED_EDGE ( 'NONE', *, *, #9494, .T. ) ;
#7051 = DIRECTION ( 'NONE',  ( 0.000000000000000000, -0.000000000000000000, 1.000000000000000000 ) ) ;
#7052 = CARTESIAN_POINT ( 'NONE',  ( -11.99999999999999822, 4.500000000000000000, 0.000000000000000000 ) ) ;
#7053 = DIRECTION ( 'NONE',  ( 0.000000000000000000, 0.000000000000000000, -1.000000000000000000 ) ) ;
#7054 = PLANE ( 'NONE',  #4470 ) ;
#7055 = CYLINDRICAL_SURFACE ( 'NONE', #6345, 0.1562499999999979461 ) ;
#7056 = CARTESIAN_POINT ( 'NONE',  ( 11.99999999999999822, 32.00999999999999091, -1.124999999999997113 ) ) ;
#7057 = ORIENTED_EDGE ( 'NONE', *, *, #3485, .F. ) ;
#7058 = ADVANCED_FACE ( 'NONE', ( #819, #12278, #3580, #7500, #1765 ), #7434, .F. ) ;
#7059 = ADVANCED_FACE ( 'NONE', ( #5089 ), #3071, .F. ) ;
#7060 = ORIENTED_EDGE ( 'NONE', *, *, #4995, .F. ) ;
#7061 = ORIENTED_EDGE ( 'NONE', *, *, #3807, .F. ) ;
#7062 = UNCERTAINTY_MEASURE_WITH_UNIT (LENGTH_MEASURE( 1.000000000000000082E-05 ), #10512, 'distance_accuracy_value', 'NONE');
#7063 = LINE ( 'NONE', #1458, #84 ) ;
#7064 = VECTOR ( 'NONE', #2390, 39.37007874015748143 ) ;
#7065 = EDGE_LOOP ( 'NONE', ( #11759, #2036, #8412, #11180 ) ) ;
#7066 = CARTESIAN_POINT ( 'NONE',  ( -1.740000000000002656, 69.23000000000000398, -0.7500000000000001110 ) ) ;
#7067 = CARTESIAN_POINT ( 'NONE',  ( -1.740000000000002656, 69.23000000000000398, -0.7500000000000001110 ) ) ;
#7068 =( NAMED_UNIT ( * ) SI_UNIT ( $, .STERADIAN. ) SOLID_ANGLE_UNIT ( ) );
#7069 =( GEOMETRIC_REPRESENTATION_CONTEXT ( 3 ) GLOBAL_UNCERTAINTY_ASSIGNED_CONTEXT ( ( #7827 ) ) GLOBAL_UNIT_ASSIGNED_CONTEXT ( ( #5070, #12000, #9166 ) ) REPRESENTATION_CONTEXT ( 'NONE', 'WORKASPACE' ) );
#7070 = DIRECTION ( 'NONE',  ( 0.000000000000000000, -0.000000000000000000, -1.000000000000000000 ) ) ;
#7071 = EDGE_LOOP ( 'NONE', ( #9971, #2767, #1904, #5417 ) ) ;
#7072 = CARTESIAN_POINT ( 'NONE',  ( -6.000000000000002665, 54.75000000000000000, 0.000000000000000000 ) ) ;
#7073 = DIRECTION ( 'NONE',  ( 0.000000000000000000, -0.000000000000000000, -1.000000000000000000 ) ) ;
#7074 = VECTOR ( 'NONE', #3304, 39.37007874015748143 ) ;
#7075 = CARTESIAN_POINT ( 'NONE',  ( 10.51999999999999957, 24.70999999999999730, -1.500000000000000222 ) ) ;
#7076 = ORIENTED_EDGE ( 'NONE', *, *, #2523, .T. ) ;
#7077 = ADVANCED_FACE ( 'NONE', ( #6916 ), #8746, .F. ) ;
#7078 = LINE ( 'NONE', #6015, #11601 ) ;
#7079 = ORIENTED_EDGE ( 'NONE', *, *, #8757, .T. ) ;
#7080 = CARTESIAN_POINT ( 'NONE',  ( 1.739999999999997327, 29.24999999999999289, -0.7500000000000001110 ) ) ;
#7081 = VECTOR ( 'NONE', #209, 39.37007874015748143 ) ;
#7082 = ORIENTED_EDGE ( 'NONE', *, *, #2974, .T. ) ;
#7083 = PLANE ( 'NONE',  #4221 ) ;
#7084 = FACE_OUTER_BOUND ( 'NONE', #9038, .T. ) ;
#7085 = CARTESIAN_POINT ( 'NONE',  ( -12.75000000000000355, 28.49999999999998579, -2.250000000000000444 ) ) ;
#7086 = VERTEX_POINT ( 'NONE', #8805 ) ;
#7087 = PLANE ( 'NONE',  #10899 ) ;
#7088 = VERTEX_POINT ( 'NONE', #11522 ) ;
#7089 = VECTOR ( 'NONE', #7246, 39.37007874015748143 ) ;
#7090 = EDGE_CURVE ( 'NONE', #6419, #5329, #3932, .T. ) ;
#7091 = DIRECTION ( 'NONE',  ( -1.000000000000000000, 0.000000000000000000, 0.000000000000000000 ) ) ;
#7092 = AXIS2_PLACEMENT_3D ( 'NONE', #6045, #7045, #7873 ) ;
#7093 = FACE_OUTER_BOUND ( 'NONE', #12283, .T. ) ;
#7094 = DIRECTION ( 'NONE',  ( 0.000000000000000000, 0.9396926207859105373, 0.3420201433256630508 ) ) ;
#7095 = ORIENTED_EDGE ( 'NONE', *, *, #9809, .F. ) ;
#7096 = AXIS2_PLACEMENT_3D ( 'NONE', #5980, #8050, #3198 ) ;
#7097 = CIRCLE ( 'NONE', #2879, 0.1562499999999979461 ) ;
#7098 = LINE ( 'NONE', #3494, #5439 ) ;
#7099 = ORIENTED_EDGE ( 'NONE', *, *, #6727, .T. ) ;
#7100 = DIRECTION ( 'NONE',  ( 0.000000000000000000, 0.000000000000000000, -1.000000000000000000 ) ) ;
#7101 = DIRECTION ( 'NONE',  ( 0.000000000000000000, 0.000000000000000000, -1.000000000000000000 ) ) ;
#7102 = CARTESIAN_POINT ( 'NONE',  ( -12.75000000000000000, 27.50999999999998735, -0.9687499999999994449 ) ) ;
#7103 = EDGE_CURVE ( 'NONE', #9715, #2458, #7766, .T. ) ;
#7104 = CARTESIAN_POINT ( 'NONE',  ( -11.00000000000000000, 56.00999999999999091, -0.9687499999999992228 ) ) ;
#7105 = ADVANCED_FACE ( 'NONE', ( #9645, #7805 ), #11640, .F. ) ;
#7106 = CARTESIAN_POINT ( 'NONE',  ( 11.26000000000000156, 51.69999999999999574, -1.499999999999993561 ) ) ;
#7107 = ORIENTED_EDGE ( 'NONE', *, *, #8504, .T. ) ;
#7108 = CIRCLE ( 'NONE', #10144, 0.1562499999999960587 ) ;
#7109 = CARTESIAN_POINT ( 'NONE',  ( -11.99999999999999822, 27.50999999999998735, -1.124999999999997113 ) ) ;
#7110 = CARTESIAN_POINT ( 'NONE',  ( 11.42110671532371136, 51.63980968079650324, -1.037045727150728958 ) ) ;
#7111 = EDGE_LOOP ( 'NONE', ( #1193, #6077 ) ) ;
#7112 = CARTESIAN_POINT ( 'NONE',  ( 12.75000000000000000, 26.00999999999999091, -1.124999999999997113 ) ) ;
#7113 = AXIS2_PLACEMENT_3D ( 'NONE', #2847, #9282, #1786 ) ;
#7114 = DIRECTION ( 'NONE',  ( 0.000000000000000000, -1.000000000000000000, 0.000000000000000000 ) ) ;
#7115 = CARTESIAN_POINT ( 'NONE',  ( -11.99999999999999822, 4.500000000000000000, 0.000000000000000000 ) ) ;
#7116 = PLANE ( 'NONE',  #1258 ) ;
#7117 = DIRECTION ( 'NONE',  ( 0.000000000000000000, 0.000000000000000000, 1.000000000000000000 ) ) ;
#7118 = ADVANCED_FACE ( 'NONE', ( #2886 ), #1948, .F. ) ;
#7119 = DIRECTION ( 'NONE',  ( -0.000000000000000000, -0.000000000000000000, 1.000000000000000000 ) ) ;
#7120 = ORIENTED_EDGE ( 'NONE', *, *, #734, .F. ) ;
#7121 = ORIENTED_EDGE ( 'NONE', *, *, #10539, .T. ) ;
#7122 = VECTOR ( 'NONE', #4982, 39.37007874015748143 ) ;
#7123 = EDGE_LOOP ( 'NONE', ( #6369, #1084, #2787, #6698 ) ) ;
#7124 = DIRECTION ( 'NONE',  ( 0.000000000000000000, 0.000000000000000000, -1.000000000000000000 ) ) ;
#7125 = VERTEX_POINT ( 'NONE', #10825 ) ;
#7126 = DIRECTION ( 'NONE',  ( -1.000000000000000000, -0.000000000000000000, -5.537529716887025421E-16 ) ) ;
#7127 = EDGE_CURVE ( 'NONE', #8438, #10429, #1004, .T. ) ;
#7128 = VECTOR ( 'NONE', #11859, 39.37007874015748143 ) ;
#7129 = EDGE_CURVE ( 'NONE', #4369, #3587, #2073, .T. ) ;
#7130 = FACE_OUTER_BOUND ( 'NONE', #4222, .T. ) ;
#7131 =( GEOMETRIC_REPRESENTATION_CONTEXT ( 3 ) GLOBAL_UNCERTAINTY_ASSIGNED_CONTEXT ( ( #8829 ) ) GLOBAL_UNIT_ASSIGNED_CONTEXT ( ( #9699, #5907, #995 ) ) REPRESENTATION_CONTEXT ( 'NONE', 'WORKASPACE' ) );
#7132 = CARTESIAN_POINT ( 'NONE',  ( 11.99999999999999822, 52.18999999999999773, -1.500000000000000222 ) ) ;
#7133 = EDGE_LOOP ( 'NONE', ( #6147, #9460 ) ) ;
#7134 = FACE_OUTER_BOUND ( 'NONE', #7334, .T. ) ;
#7135 = CARTESIAN_POINT ( 'NONE',  ( 10.51999999999999957, 3.750000000000000888, -9.410333024330023832 ) ) ;
#7136 = ADVANCED_FACE ( 'NONE', ( #4013 ), #9771, .F. ) ;
#7137 = LINE ( 'NONE', #462, #5906 ) ;
#7138 = ORIENTED_EDGE ( 'NONE', *, *, #11768, .T. ) ;
#7139 = DIRECTION ( 'NONE',  ( -0.000000000000000000, -1.177520686924250979E-16, 1.000000000000000000 ) ) ;
#7140 = EDGE_LOOP ( 'NONE', ( #2549, #8053 ) ) ;
#7141 = VECTOR ( 'NONE', #6057, 39.37007874015748143 ) ;
#7142 = VECTOR ( 'NONE', #12191, 39.37007874015748143 ) ;
#7143 = ORIENTED_EDGE ( 'NONE', *, *, #6668, .F. ) ;
#7144 = DIRECTION ( 'NONE',  ( 0.000000000000000000, 0.000000000000000000, -1.000000000000000000 ) ) ;
#7145 = EDGE_CURVE ( 'NONE', #1830, #5704, #1127, .T. ) ;
#7146 = CARTESIAN_POINT ( 'NONE',  ( -11.26000000000000156, 51.69999999999999574, -1.499999999999993561 ) ) ;
#7147 = DIRECTION ( 'NONE',  ( 0.000000000000000000, -0.000000000000000000, 1.000000000000000000 ) ) ;
#7148 = EDGE_LOOP ( 'NONE', ( #10410, #2637, #4035, #1301 ) ) ;
#7149 = AXIS2_PLACEMENT_3D ( 'NONE', #9718, #8817, #3843 ) ;
#7150 = CARTESIAN_POINT ( 'NONE',  ( -11.99999999999999822, 52.18999999999999773, -1.500000000000000222 ) ) ;
#7151 = ORIENTED_EDGE ( 'NONE', *, *, #2171, .F. ) ;
#7152 = DIRECTION ( 'NONE',  ( 0.000000000000000000, 0.000000000000000000, -1.000000000000000000 ) ) ;
#7153 = CARTESIAN_POINT ( 'NONE',  ( 11.09347701101164319, 51.65746597944884400, -1.177079136067901377 ) ) ;
#7154 = CARTESIAN_POINT ( 'NONE',  ( -11.99999999999999822, 3.749999999999999556, 0.000000000000000000 ) ) ;
#7155 = ORIENTED_EDGE ( 'NONE', *, *, #231, .T. ) ;
#7156 = DIRECTION ( 'NONE',  ( 0.000000000000000000, 0.000000000000000000, -1.000000000000000000 ) ) ;
#7157 = AXIS2_PLACEMENT_3D ( 'NONE', #10813, #348, #2426 ) ;
#7158 = AXIS2_PLACEMENT_3D ( 'NONE', #8744, #237, #4072 ) ;
#7159 = VERTEX_POINT ( 'NONE', #3833 ) ;
#7160 = EDGE_CURVE ( 'NONE', #4389, #2846, #5144, .T. ) ;
#7161 = DIRECTION ( 'NONE',  ( 0.000000000000000000, -0.3420201433256632173, 0.9396926207859104263 ) ) ;
#7162 =( CONVERSION_BASED_UNIT ( 'INCH', #2373 ) LENGTH_UNIT ( ) NAMED_UNIT ( #9476 ) );
#7163 = ORIENTED_EDGE ( 'NONE', *, *, #4587, .T. ) ;
#7164 = DIRECTION ( 'NONE',  ( 1.000000000000000000, -0.000000000000000000, -0.000000000000000000 ) ) ;
#7165 = LINE ( 'NONE', #11826, #8969 ) ;
#7166 = CIRCLE ( 'NONE', #11399, 0.1718500000000005301 ) ;
#7167 = FACE_OUTER_BOUND ( 'NONE', #4121, .T. ) ;
#7168 = DIRECTION ( 'NONE',  ( 1.000000000000000000, 0.000000000000000000, 0.000000000000000000 ) ) ;
#7169 = LINE ( 'NONE', #11702, #5172 ) ;
#7170 = EDGE_LOOP ( 'NONE', ( #6301, #7917 ) ) ;
#7171 = FILL_AREA_STYLE ('',( #614 ) ) ;
#7172 = CARTESIAN_POINT ( 'NONE',  ( 3.219999999999996643, 22.51999999999998181, 0.000000000000000000 ) ) ;
#7173 = CARTESIAN_POINT ( 'NONE',  ( 11.12772418573023714, 51.59013415338861108, -0.9907480576766738434 ) ) ;
#7174 = ORIENTED_EDGE ( 'NONE', *, *, #9158, .F. ) ;
#7175 = AXIS2_PLACEMENT_3D ( 'NONE', #7744, #8747, #1005 ) ;
#7176 = EDGE_CURVE ( 'NONE', #631, #4633, #5917, .T. ) ;
#7177 = ORIENTED_EDGE ( 'NONE', *, *, #12057, .F. ) ;
#7178 = EDGE_CURVE ( 'NONE', #9608, #8438, #1066, .T. ) ;
#7179 = DIRECTION ( 'NONE',  ( 1.000000000000000000, 0.000000000000000000, 0.000000000000000000 ) ) ;
#7180 = CARTESIAN_POINT ( 'NONE',  ( -12.00000000000000355, 4.500000000000000888, 8.589666975669972615 ) ) ;
#7181 = FACE_OUTER_BOUND ( 'NONE', #1012, .T. ) ;
#7182 = DIRECTION ( 'NONE',  ( 0.000000000000000000, 1.000000000000000000, 0.000000000000000000 ) ) ;
#7183 = DIRECTION ( 'NONE',  ( -0.000000000000000000, -0.000000000000000000, 1.000000000000000000 ) ) ;
#7184 = CARTESIAN_POINT ( 'NONE',  ( 12.75000000000000000, 27.50999999999998735, -1.124999999999997113 ) ) ;
#7185 = ORIENTED_EDGE ( 'NONE', *, *, #8599, .F. ) ;
#7186 = AXIS2_PLACEMENT_3D ( 'NONE', #11508, #6662, #932 ) ;
#7187 = ORIENTED_EDGE ( 'NONE', *, *, #6410, .F. ) ;
#7188 = ORIENTED_EDGE ( 'NONE', *, *, #2588, .F. ) ;
#7189 = FACE_OUTER_BOUND ( 'NONE', #66, .T. ) ;
#7190 = ORIENTED_EDGE ( 'NONE', *, *, #1353, .T. ) ;
#7191 = ADVANCED_FACE ( 'NONE', ( #2009 ), #7685, .F. ) ;
#7192 = CARTESIAN_POINT ( 'NONE',  ( -11.43185000000000251, 51.69999999999999574, -2.250000000000000444 ) ) ;
#7193 = AXIS2_PLACEMENT_3D ( 'NONE', #10168, #1530, #4420 ) ;
#7194 = DIRECTION ( 'NONE',  ( -0.000000000000000000, -0.000000000000000000, -1.000000000000000000 ) ) ;
#7195 = PRODUCT_DEFINITION_SHAPE ( 'NONE', 'NONE',  #9992 ) ;
#7196 = LINE ( 'NONE', #10981, #4259 ) ;
#7197 = ORIENTED_EDGE ( 'NONE', *, *, #2340, .F. ) ;
#7198 = CARTESIAN_POINT ( 'NONE',  ( -12.75000000000000000, 27.50999999999998735, -1.124999999999997113 ) ) ;
#7199 = DIRECTION ( 'NONE',  ( 0.000000000000000000, 0.000000000000000000, -1.000000000000000000 ) ) ;
#7200 = DIRECTION ( 'NONE',  ( 1.000000000000000000, 0.000000000000000000, 0.000000000000000000 ) ) ;
#7201 = VERTEX_POINT ( 'NONE', #8872 ) ;
#7202 = ORIENTED_EDGE ( 'NONE', *, *, #6292, .T. ) ;
#7203 = DIMENSIONAL_EXPONENTS ( 1.000000000000000000, 0.000000000000000000, 0.000000000000000000, 0.000000000000000000, 0.000000000000000000, 0.000000000000000000, 0.000000000000000000 ) ;
#7204 = AXIS2_PLACEMENT_3D ( 'NONE', #9212, #12104, #3467 ) ;
#7205 = ADVANCED_FACE ( 'NONE', ( #239 ), #6797, .T. ) ;
#7206 = ORIENTED_EDGE ( 'NONE', *, *, #2511, .F. ) ;
#7207 = EDGE_CURVE ( 'NONE', #1369, #7903, #1327, .T. ) ;
#7208 = DIRECTION ( 'NONE',  ( 0.000000000000000000, 0.000000000000000000, 1.000000000000000000 ) ) ;
#7209 = FACE_OUTER_BOUND ( 'NONE', #12271, .T. ) ;
#7210 = VECTOR ( 'NONE', #11527, 39.37007874015748143 ) ;
#7211 = CARTESIAN_POINT ( 'NONE',  ( -11.43185000000000251, 11.24000000000000199, -0.7499999999999986677 ) ) ;
#7212 = ORIENTED_EDGE ( 'NONE', *, *, #9865, .T. ) ;
#7213 = LINE ( 'NONE', #11936, #7074 ) ;
#7214 = ORIENTED_EDGE ( 'NONE', *, *, #8981, .F. ) ;
#7215 = DIRECTION ( 'NONE',  ( -0.000000000000000000, -0.000000000000000000, -1.000000000000000000 ) ) ;
#7216 = CARTESIAN_POINT ( 'NONE',  ( 11.10833445885782922, 51.61904667588184736, -1.237082906494824552 ) ) ;
#7217 = CARTESIAN_POINT ( 'NONE',  ( -11.99999999999999822, 59.18999999999999773, -1.500000000000000222 ) ) ;
#7218 = EDGE_CURVE ( 'NONE', #10666, #8558, #6230, .T. ) ;
#7219 = ORIENTED_EDGE ( 'NONE', *, *, #5654, .T. ) ;
#7220 = VECTOR ( 'NONE', #10913, 39.37007874015748143 ) ;
#7221 = CIRCLE ( 'NONE', #1793, 0.1718500000000005301 ) ;
#7222 = SURFACE_STYLE_FILL_AREA ( #7473 ) ;
#7223 = ORIENTED_EDGE ( 'NONE', *, *, #9493, .T. ) ;
#7224 = CARTESIAN_POINT ( 'NONE',  ( 11.00000000000000000, 36.50999999999999091, -1.124999999999997113 ) ) ;
#7225 = FACE_OUTER_BOUND ( 'NONE', #6322, .T. ) ;
#7226 = ORIENTED_EDGE ( 'NONE', *, *, #2353, .T. ) ;
#7227 = CARTESIAN_POINT ( 'NONE',  ( -11.09149687942468354, 51.66624913547210696, -1.124480226763119095 ) ) ;
#7228 = AXIS2_PLACEMENT_3D ( 'NONE', #5864, #1074, #11778 ) ;
#7229 = DIRECTION ( 'NONE',  ( 1.000000000000000000, -0.000000000000000000, -0.000000000000000000 ) ) ;
#7230 = AXIS2_PLACEMENT_3D ( 'NONE', #3881, #10507, #11452 ) ;
#7231 = CARTESIAN_POINT ( 'NONE',  ( -12.75000000000000355, 28.49999999999998579, 3.479999999999999538 ) ) ;
#7232 = DIRECTION ( 'NONE',  ( 1.000000000000000000, 0.000000000000000000, 0.000000000000000000 ) ) ;
#7233 = DIRECTION ( 'NONE',  ( 0.000000000000000000, -1.000000000000000000, 0.000000000000000000 ) ) ;
#7234 = VERTEX_POINT ( 'NONE', #9186 ) ;
#7235 =( CONVERSION_BASED_UNIT ( 'INCH', #6298 ) LENGTH_UNIT ( ) NAMED_UNIT ( #2126 ) );
#7236 = EDGE_CURVE ( 'NONE', #4613, #9076, #107, .T. ) ;
#7237 = CARTESIAN_POINT ( 'NONE',  ( 11.99999999999999822, 54.50999999999998380, -1.281249999999996669 ) ) ;
#7238 = CARTESIAN_POINT ( 'NONE',  ( 11.24698535869982408, 51.52812597532994232, -0.9698049223801714636 ) ) ;
#7239 = AXIS2_PLACEMENT_3D ( 'NONE', #9069, #9256, #12089 ) ;
#7240 = ORIENTED_EDGE ( 'NONE', *, *, #11952, .T. ) ;
#7241 = COLOUR_RGB ( '',1.000000000000000000, 1.000000000000000000, 1.000000000000000000 ) ;
#7242 = ORIENTED_EDGE ( 'NONE', *, *, #7145, .T. ) ;
#7243 = LINE ( 'NONE', #9317, #9869 ) ;
#7244 = CARTESIAN_POINT ( 'NONE',  ( 12.75000000000000000, 26.00999999999999091, -0.9687499999999992228 ) ) ;
#7245 = DIRECTION ( 'NONE',  ( 0.000000000000000000, 0.000000000000000000, -1.000000000000000000 ) ) ;
#7246 = DIRECTION ( 'NONE',  ( 0.000000000000000000, 0.000000000000000000, 1.000000000000000000 ) ) ;
#7247 = DIRECTION ( 'NONE',  ( 0.000000000000000000, 0.000000000000000000, -1.000000000000000000 ) ) ;
#7248 = VECTOR ( 'NONE', #5466, 39.37007874015748143 ) ;
#7249 = DIRECTION ( 'NONE',  ( 0.000000000000000000, 0.000000000000000000, -1.000000000000000000 ) ) ;
#7250 = ORIENTED_EDGE ( 'NONE', *, *, #11938, .F. ) ;
#7251 = EDGE_CURVE ( 'NONE', #10368, #4663, #4202, .T. ) ;
#7252 = VERTEX_POINT ( 'NONE', #1499 ) ;
#7253 = ADVANCED_FACE ( 'NONE', ( #9120 ), #1435, .F. ) ;
#7254 = ORIENTED_EDGE ( 'NONE', *, *, #1632, .F. ) ;
#7255 = DIRECTION ( 'NONE',  ( 0.000000000000000000, 0.000000000000000000, 1.000000000000000000 ) ) ;
#7256 = ORIENTED_EDGE ( 'NONE', *, *, #12057, .T. ) ;
#7257 = AXIS2_PLACEMENT_3D ( 'NONE', #6404, #12318, #6466 ) ;
#7258 = CYLINDRICAL_SURFACE ( 'NONE', #6235, 0.1562499999999979461 ) ;
#7259 = CARTESIAN_POINT ( 'NONE',  ( 11.99999999999999822, 44.00999999999999801, -1.281249999999992895 ) ) ;
#7260 = ORIENTED_EDGE ( 'NONE', *, *, #705, .F. ) ;
#7261 = CARTESIAN_POINT ( 'NONE',  ( 11.00000000000000000, 53.00999999999999091, -1.281249999999996447 ) ) ;
#7262 = DIRECTION ( 'NONE',  ( 0.000000000000000000, 0.000000000000000000, 1.000000000000000000 ) ) ;
#7263 = LINE ( 'NONE', #7963, #10933 ) ;
#7264 = EDGE_LOOP ( 'NONE', ( #1872, #4267, #1043, #10798 ) ) ;
#7265 = EDGE_CURVE ( 'NONE', #10666, #8136, #1562, .T. ) ;
#7266 = ORIENTED_EDGE ( 'NONE', *, *, #9963, .T. ) ;
#7267 = CIRCLE ( 'NONE', #1029, 0.1562499999999979461 ) ;
#7268 = ADVANCED_FACE ( 'NONE', ( #7295 ), #5283, .F. ) ;
#7269 =( LENGTH_UNIT ( ) NAMED_UNIT ( * ) SI_UNIT ( $, .METRE. ) );
#7270 = ORIENTED_EDGE ( 'NONE', *, *, #11490, .F. ) ;
#7271 =( GEOMETRIC_REPRESENTATION_CONTEXT ( 3 ) GLOBAL_UNCERTAINTY_ASSIGNED_CONTEXT ( ( #10725 ) ) GLOBAL_UNIT_ASSIGNED_CONTEXT ( ( #4497, #1543, #11367 ) ) REPRESENTATION_CONTEXT ( 'NONE', 'WORKASPACE' ) );
#7272 = VECTOR ( 'NONE', #8743, 39.37007874015748143 ) ;
#7273 = VERTEX_POINT ( 'NONE', #12079 ) ;
#7274 = DIRECTION ( 'NONE',  ( -0.000000000000000000, -0.000000000000000000, -1.000000000000000000 ) ) ;
#7275 = EDGE_LOOP ( 'NONE', ( #1820, #6421, #9189, #9143 ) ) ;
#7276 = CARTESIAN_POINT ( 'NONE',  ( -11.28658887452793991, 51.52969669323865531, -1.280034605245477408 ) ) ;
#7277 = EDGE_CURVE ( 'NONE', #11947, #5544, #11779, .T. ) ;
#7278 = CARTESIAN_POINT ( 'NONE',  ( 11.10185680251948881, 51.63205171221032685, -1.223367747983605147 ) ) ;
#7279 = CIRCLE ( 'NONE', #11706, 0.1718500000000005301 ) ;
#7280 = DIRECTION ( 'NONE',  ( 0.000000000000000000, 0.000000000000000000, 1.000000000000000000 ) ) ;
#7281 = ORIENTED_EDGE ( 'NONE', *, *, #2356, .T. ) ;
#7282 = CIRCLE ( 'NONE', #2450, 0.1562499999999990563 ) ;
#7283 = CARTESIAN_POINT ( 'NONE',  ( -11.99999999999999822, 27.50999999999998735, -1.281249999999994893 ) ) ;
#7284 = ORIENTED_EDGE ( 'NONE', *, *, #7251, .F. ) ;
#7285 = DIMENSIONAL_EXPONENTS ( 1.000000000000000000, 0.000000000000000000, 0.000000000000000000, 0.000000000000000000, 0.000000000000000000, 0.000000000000000000, 0.000000000000000000 ) ;
#7286 = LINE ( 'NONE', #355, #12463 ) ;
#7287 = ADVANCED_FACE ( 'NONE', ( #9060 ), #11142, .F. ) ;
#7288 = AXIS2_PLACEMENT_3D ( 'NONE', #1203, #6994, #7182 ) ;
#7289 = SURFACE_SIDE_STYLE ('',( #3192 ) ) ;
#7290 = ADVANCED_FACE ( 'NONE', ( #10889 ), #2256, .F. ) ;
#7291 = ORIENTED_EDGE ( 'NONE', *, *, #6386, .T. ) ;
#7292 = DIRECTION ( 'NONE',  ( 0.000000000000000000, 0.000000000000000000, -1.000000000000000000 ) ) ;
#7293 = VECTOR ( 'NONE', #2410, 39.37007874015748143 ) ;
#7294 = DIRECTION ( 'NONE',  ( -0.000000000000000000, -1.000000000000000000, -0.000000000000000000 ) ) ;
#7295 = FACE_OUTER_BOUND ( 'NONE', #9672, .T. ) ;
#7296 = ADVANCED_FACE ( 'NONE', ( #299 ), #5348, .T. ) ;
#7297 = FACE_BOUND ( 'NONE', #7133, .T. ) ;
#7298 = VERTEX_POINT ( 'NONE', #4142 ) ;
#7299 = CARTESIAN_POINT ( 'NONE',  ( -11.00000000000000000, 41.00999999999999801, -1.124999999999997113 ) ) ;
#7300 = AXIS2_PLACEMENT_3D ( 'NONE', #1125, #8804, #5023 ) ;
#7301 = CARTESIAN_POINT ( 'NONE',  ( 11.10878485728068732, 51.61820510742701629, -1.012104035061228702 ) ) ;
#7302 = AXIS2_PLACEMENT_3D ( 'NONE', #2638, #886, #9592 ) ;
#7303 = ORIENTED_EDGE ( 'NONE', *, *, #4443, .F. ) ;
#7304 = ORIENTED_EDGE ( 'NONE', *, *, #1945, .T. ) ;
#7305 = DIRECTION ( 'NONE',  ( 1.000000000000000000, 0.000000000000000000, 0.000000000000000000 ) ) ;
#7306 = EDGE_CURVE ( 'NONE', #5877, #8780, #7042, .T. ) ;
#7307 = DIRECTION ( 'NONE',  ( 1.000000000000000000, 0.000000000000000000, 0.000000000000000000 ) ) ;
#7308 = FACE_BOUND ( 'NONE', #8842, .T. ) ;
#7309 = CARTESIAN_POINT ( 'NONE',  ( -11.99999999999999822, 54.50999999999998380, -1.281249999999996669 ) ) ;
#7310 = CYLINDRICAL_SURFACE ( 'NONE', #10768, 0.1562499999999960587 ) ;
#7311 = FACE_OUTER_BOUND ( 'NONE', #6607, .T. ) ;
#7312 = ORIENTED_EDGE ( 'NONE', *, *, #3702, .F. ) ;
#7313 = ORIENTED_EDGE ( 'NONE', *, *, #2537, .F. ) ;
#7314 = LINE ( 'NONE', #11221, #6604 ) ;
#7315 = FACE_OUTER_BOUND ( 'NONE', #1495, .T. ) ;
#7316 = VERTEX_POINT ( 'NONE', #7104 ) ;
#7317 = FACE_OUTER_BOUND ( 'NONE', #94, .T. ) ;
#7318 = EDGE_CURVE ( 'NONE', #7234, #1209, #5762, .T. ) ;
#7319 = DIRECTION ( 'NONE',  ( 0.000000000000000000, 0.000000000000000000, -1.000000000000000000 ) ) ;
#7320 = SURFACE_STYLE_USAGE ( .BOTH. , #9981 ) ;
#7321 = CARTESIAN_POINT ( 'NONE',  ( -10.51999999999999957, 3.750000000000003553, -1.500000000000000222 ) ) ;
#7322 = ORIENTED_EDGE ( 'NONE', *, *, #12300, .T. ) ;
#7323 = DIRECTION ( 'NONE',  ( 0.000000000000000000, 0.000000000000000000, -1.000000000000000000 ) ) ;
#7324 = CARTESIAN_POINT ( 'NONE',  ( -11.08815000000000062, 13.74000000000000199, -0.7499999999999983347 ) ) ;
#7325 = ORIENTED_EDGE ( 'NONE', *, *, #7127, .T. ) ;
#7326 = VECTOR ( 'NONE', #9907, 39.37007874015748143 ) ;
#7327 = ORIENTED_EDGE ( 'NONE', *, *, #9127, .F. ) ;
#7328 = VERTEX_POINT ( 'NONE', #10951 ) ;
#7329 = FACE_OUTER_BOUND ( 'NONE', #1144, .T. ) ;
#7330 = VECTOR ( 'NONE', #5177, 39.37007874015748143 ) ;
#7331 = EDGE_CURVE ( 'NONE', #5655, #2871, #10017, .T. ) ;
#7332 = ADVANCED_FACE ( 'NONE', ( #427 ), #11953, .F. ) ;
#7333 = CARTESIAN_POINT ( 'NONE',  ( -22.06250000000002132, 24.70999999999999730, -0.7499999999999972244 ) ) ;
#7334 = EDGE_LOOP ( 'NONE', ( #7888, #3647, #11486, #11454 ) ) ;
#7335 = DIRECTION ( 'NONE',  ( -1.000000000000000000, 0.000000000000000000, 0.000000000000000000 ) ) ;
#7336 = ORIENTED_EDGE ( 'NONE', *, *, #6655, .F. ) ;
#7337 = CIRCLE ( 'NONE', #6740, 0.1718500000000005301 ) ;
#7338 = STYLED_ITEM ( 'NONE', ( #12315 ), #5293 ) ;
#7339 = DIRECTION ( 'NONE',  ( 1.000000000000000000, 0.000000000000000000, 0.000000000000000000 ) ) ;
#7340 = CARTESIAN_POINT ( 'NONE',  ( 11.99999999999999822, 45.50999999999999091, -0.9687500000000012212 ) ) ;
#7341 = CIRCLE ( 'NONE', #6135, 0.1562499999999979461 ) ;
#7342 = CARTESIAN_POINT ( 'NONE',  ( 12.75000000000000000, 36.50999999999999091, -0.9687499999999992228 ) ) ;
#7343 = ORIENTED_EDGE ( 'NONE', *, *, #7129, .F. ) ;
#7344 = LENGTH_MEASURE_WITH_UNIT ( LENGTH_MEASURE( 0.02539999999999999897 ), #602 );
#7345 = ORIENTED_EDGE ( 'NONE', *, *, #4472, .F. ) ;
#7346 = VECTOR ( 'NONE', #2760, 39.37007874015748143 ) ;
#7347 = VECTOR ( 'NONE', #9658, 39.37007874015748143 ) ;
#7348 = EDGE_CURVE ( 'NONE', #8789, #996, #9245, .T. ) ;
#7349 = CYLINDRICAL_SURFACE ( 'NONE', #3216, 0.1015624999999996114 ) ;
#7350 = LENGTH_MEASURE_WITH_UNIT ( LENGTH_MEASURE( 0.02539999999999999897 ), #3689 );
#7351 = ORIENTED_EDGE ( 'NONE', *, *, #12069, .F. ) ;
#7352 = DIRECTION ( 'NONE',  ( 1.000000000000000000, -0.000000000000000000, -0.000000000000000000 ) ) ;
#7353 = DIRECTION ( 'NONE',  ( -0.000000000000000000, -1.000000000000000000, -0.000000000000000000 ) ) ;
#7354 = ORIENTED_EDGE ( 'NONE', *, *, #592, .T. ) ;
#7355 = DIRECTION ( 'NONE',  ( 0.000000000000000000, 1.000000000000000000, -1.224646799147375640E-16 ) ) ;
#7356 = CARTESIAN_POINT ( 'NONE',  ( 0.000000000000000000, 0.000000000000000000, -9.410333024330023832 ) ) ;
#7357 = ORIENTED_EDGE ( 'NONE', *, *, #4034, .T. ) ;
#7358 = AXIS2_PLACEMENT_3D ( 'NONE', #4515, #12261, #611 ) ;
#7359 = LINE ( 'NONE', #4456, #9525 ) ;
#7360 = VECTOR ( 'NONE', #3768, 39.37007874015748143 ) ;
#7361 = DIRECTION ( 'NONE',  ( -1.000000000000000000, 0.000000000000000000, 0.000000000000000000 ) ) ;
#7362 = EDGE_CURVE ( 'NONE', #9194, #3220, #9373, .T. ) ;
#7363 = DIRECTION ( 'NONE',  ( 1.000000000000000000, 0.000000000000000000, 0.000000000000000000 ) ) ;
#7364 = VERTEX_POINT ( 'NONE', #10441 ) ;
#7365 = SURFACE_STYLE_FILL_AREA ( #155 ) ;
#7366 = ORIENTED_EDGE ( 'NONE', *, *, #2665, .F. ) ;
#7367 = EDGE_CURVE ( 'NONE', #6923, #11012, #4452, .T. ) ;
#7368 = CARTESIAN_POINT ( 'NONE',  ( 11.99999999999999467, 3.000000000000003109, -9.410333024330023832 ) ) ;
#7369 = AXIS2_PLACEMENT_3D ( 'NONE', #9818, #5008, #6156 ) ;
#7370 = DIRECTION ( 'NONE',  ( 1.000000000000000000, -0.000000000000000000, -0.000000000000000000 ) ) ;
#7371 = DIRECTION ( 'NONE',  ( 0.000000000000000000, 0.000000000000000000, -1.000000000000000000 ) ) ;
#7372 = DIRECTION ( 'NONE',  ( 1.000000000000000000, 0.000000000000000000, 0.000000000000000000 ) ) ;
#7373 = DIRECTION ( 'NONE',  ( 0.000000000000000000, 0.000000000000000000, -1.000000000000000000 ) ) ;
#7374 = CYLINDRICAL_SURFACE ( 'NONE', #5576, 0.1718500000000005301 ) ;
#7375 = EDGE_LOOP ( 'NONE', ( #2839, #10711, #4978, #34 ) ) ;
#7376 = CARTESIAN_POINT ( 'NONE',  ( 11.00000000000000000, 39.50999999999999801, -0.9687499999999977796 ) ) ;
#7377 = VERTEX_POINT ( 'NONE', #3566 ) ;
#7378 = AXIS2_PLACEMENT_3D ( 'NONE', #2575, #4468, #6430 ) ;
#7379 = EDGE_LOOP ( 'NONE', ( #3793, #2730, #186, #5716 ) ) ;
#7380 = EDGE_CURVE ( 'NONE', #8848, #4575, #5596, .T. ) ;
#7381 = CARTESIAN_POINT ( 'NONE',  ( -22.06250000000002132, 52.18999999999999773, -0.7499999999999936717 ) ) ;
#7382 = ORIENTED_EDGE ( 'NONE', *, *, #2416, .T. ) ;
#7383 = CARTESIAN_POINT ( 'NONE',  ( -11.00000000000000000, 38.00999999999999091, -1.124999999999997113 ) ) ;
#7384 = CYLINDRICAL_SURFACE ( 'NONE', #7193, 0.1562499999999993339 ) ;
#7385 = CARTESIAN_POINT ( 'NONE',  ( -11.99999999999999822, 59.18999999999999773, -1.500000000000000222 ) ) ;
#7386 = AXIS2_PLACEMENT_3D ( 'NONE', #1889, #5739, #3834 ) ;
#7387 = CARTESIAN_POINT ( 'NONE',  ( -11.99999999999999822, 59.18999999999999773, -0.7500000000000001110 ) ) ;
#7388 = ORIENTED_EDGE ( 'NONE', *, *, #9399, .T. ) ;
#7389 = DIRECTION ( 'NONE',  ( 1.000000000000000000, -0.000000000000000000, -0.000000000000000000 ) ) ;
#7390 = DIRECTION ( 'NONE',  ( 1.000000000000000000, 0.000000000000000000, 0.000000000000000000 ) ) ;
#7391 = ORIENTED_EDGE ( 'NONE', *, *, #5026, .T. ) ;
#7392 = EDGE_LOOP ( 'NONE', ( #5224, #10317 ) ) ;
#7393 = EDGE_CURVE ( 'NONE', #3073, #5783, #6354, .T. ) ;
#7394 = CARTESIAN_POINT ( 'NONE',  ( -10.51999999999999957, 59.18999999999999773, -2.249999999999999556 ) ) ;
#7395 = EDGE_LOOP ( 'NONE', ( #5951, #2743, #7412, #4149, #10540, #7185, #10782, #1756 ) ) ;
#7396 = PLANE ( 'NONE',  #8825 ) ;
#7397 =( NAMED_UNIT ( * ) PLANE_ANGLE_UNIT ( ) SI_UNIT ( $, .RADIAN. ) );
#7398 = ORIENTED_EDGE ( 'NONE', *, *, #6770, .T. ) ;
#7399 = DIRECTION ( 'NONE',  ( -1.000000000000000000, 0.000000000000000000, 0.000000000000000000 ) ) ;
#7400 = ORIENTED_EDGE ( 'NONE', *, *, #10036, .F. ) ;
#7401 = STYLED_ITEM ( 'NONE', ( #3753 ), #9327 ) ;
#7402 = CARTESIAN_POINT ( 'NONE',  ( 12.75000000000000000, 29.97999999999998977, 2.729999999999999982 ) ) ;
#7403 = FACE_OUTER_BOUND ( 'NONE', #11172, .T. ) ;
#7404 = CARTESIAN_POINT ( 'NONE',  ( 12.75000000000000000, 26.00999999999999091, -1.124999999999997113 ) ) ;
#7405 = EDGE_CURVE ( 'NONE', #4428, #1631, #5952, .T. ) ;
#7406 = EDGE_CURVE ( 'NONE', #1398, #797, #2525, .T. ) ;
#7407 = PLANE ( 'NONE',  #3604 ) ;
#7408 = ORIENTED_EDGE ( 'NONE', *, *, #3178, .F. ) ;
#7409 = CLOSED_SHELL ( 'NONE', ( #8308, #8924, #3897, #1432, #2104, #407, #3474, #2396, #12097, #11364, #8354, #11612, #8411, #7526, #9706, #2062, #4286, #3373 ) ) ;
#7410 = FACE_OUTER_BOUND ( 'NONE', #2265, .T. ) ;
#7411 = LINE ( 'NONE', #10378, #4984 ) ;
#7412 = ORIENTED_EDGE ( 'NONE', *, *, #8796, .F. ) ;
#7413 = PLANE ( 'NONE',  #2643 ) ;
#7414 = PLANE ( 'NONE',  #5362 ) ;
#7415 = DIRECTION ( 'NONE',  ( -1.000000000000000000, 0.000000000000000000, 0.000000000000000000 ) ) ;
#7416 = PRESENTATION_LAYER_ASSIGNMENT (  '', '', ( #1009 ) ) ;
#7417 = CARTESIAN_POINT ( 'NONE',  ( -1.740000000000002656, 22.51999999999998181, -0.7500000000000001110 ) ) ;
#7418 = EDGE_LOOP ( 'NONE', ( #11039, #8405, #2700, #11305 ) ) ;
#7419 = AXIS2_PLACEMENT_3D ( 'NONE', #2322, #9002, #6174 ) ;
#7420 = FACE_OUTER_BOUND ( 'NONE', #10119, .T. ) ;
#7421 = EDGE_CURVE ( 'NONE', #3760, #6251, #8486, .T. ) ;
#7422 = DIRECTION ( 'NONE',  ( 0.000000000000000000, 0.000000000000000000, 1.000000000000000000 ) ) ;
#7423 = CARTESIAN_POINT ( 'NONE',  ( 11.09581574715950048, 51.64912974780797583, -1.053581080607994602 ) ) ;
#7424 = ORIENTED_EDGE ( 'NONE', *, *, #3859, .F. ) ;
#7425 = SURFACE_SIDE_STYLE ('',( #6420 ) ) ;
#7426 = ORIENTED_EDGE ( 'NONE', *, *, #10527, .F. ) ;
#7427 = AXIS2_PLACEMENT_3D ( 'NONE', #2159, #3034, #7004 ) ;
#7428 = CARTESIAN_POINT ( 'NONE',  ( 11.00000000000000000, 51.50999999999999091, -0.9687499999999992228 ) ) ;
#7429 = VECTOR ( 'NONE', #8615, 39.37007874015748143 ) ;
#7430 = CARTESIAN_POINT ( 'NONE',  ( -11.99999999999999822, 59.18999999999999773, -1.500000000000000222 ) ) ;
#7431 = CARTESIAN_POINT ( 'NONE',  ( -12.75000000000000000, 56.00999999999999091, -0.9687499999999992228 ) ) ;
#7432 = PLANE ( 'NONE',  #4067 ) ;
#7433 = EDGE_CURVE ( 'NONE', #670, #5397, #11388, .T. ) ;
#7434 = PLANE ( 'NONE',  #9377 ) ;
#7435 = LINE ( 'NONE', #11281, #8584 ) ;
#7436 = ORIENTED_EDGE ( 'NONE', *, *, #11693, .F. ) ;
#7437 = CYLINDRICAL_SURFACE ( 'NONE', #7302, 0.1562499999999979461 ) ;
#7438 = ORIENTED_EDGE ( 'NONE', *, *, #6017, .F. ) ;
#7439 = CIRCLE ( 'NONE', #7228, 0.1562499999999990563 ) ;
#7440 = ADVANCED_FACE ( 'NONE', ( #3502 ), #4576, .T. ) ;
#7441 = ORIENTED_EDGE ( 'NONE', *, *, #10151, .F. ) ;
#7442 = CARTESIAN_POINT ( 'NONE',  ( 11.00000000000000000, 53.00999999999999091, -0.9687499999999976685 ) ) ;
#7443 = ORIENTED_EDGE ( 'NONE', *, *, #4824, .F. ) ;
#7444 = CARTESIAN_POINT ( 'NONE',  ( 10.51999999999999957, 59.18999999999999773, -1.500000000000000222 ) ) ;
#7445 = CARTESIAN_POINT ( 'NONE',  ( -6.000000000000001776, 54.01999999999999602, 2.729999999999999982 ) ) ;
#7446 = DIRECTION ( 'NONE',  ( 0.000000000000000000, 0.000000000000000000, -1.000000000000000000 ) ) ;
#7447 = CIRCLE ( 'NONE', #7649, 0.1562499999999957812 ) ;
#7448 =( GEOMETRIC_REPRESENTATION_CONTEXT ( 3 ) GLOBAL_UNCERTAINTY_ASSIGNED_CONTEXT ( ( #11849 ) ) GLOBAL_UNIT_ASSIGNED_CONTEXT ( ( #9722, #5756, #960 ) ) REPRESENTATION_CONTEXT ( 'NONE', 'WORKASPACE' ) );
#7449 = EDGE_CURVE ( 'NONE', #7003, #5908, #7609, .T. ) ;
#7450 = CARTESIAN_POINT ( 'NONE',  ( -10.51999999999999957, 21.22999999999999687, -2.249999999999997780 ) ) ;
#7451 = ORIENTED_EDGE ( 'NONE', *, *, #2579, .T. ) ;
#7452 = ADVANCED_FACE ( 'NONE', ( #8419 ), #9504, .F. ) ;
#7453 = FACE_OUTER_BOUND ( 'NONE', #10892, .T. ) ;
#7454 = CARTESIAN_POINT ( 'NONE',  ( -11.99999999999999822, 27.50999999999998735, -0.9687499999999994449 ) ) ;
#7455 = CARTESIAN_POINT ( 'NONE',  ( -12.75000000000000000, 35.00999999999999091, -1.124999999999997113 ) ) ;
#7456 = ORIENTED_EDGE ( 'NONE', *, *, #7367, .F. ) ;
#7457 = VERTEX_POINT ( 'NONE', #12199 ) ;
#7458 = ADVANCED_FACE ( 'NONE', ( #6411 ), #10261, .F. ) ;
#7459 = DIRECTION ( 'NONE',  ( -1.000000000000000000, 0.000000000000000000, 0.000000000000000000 ) ) ;
#7460 = CIRCLE ( 'NONE', #8856, 0.1562499999999979461 ) ;
#7461 = ORIENTED_EDGE ( 'NONE', *, *, #11998, .T. ) ;
#7462 = ORIENTED_EDGE ( 'NONE', *, *, #4884, .F. ) ;
#7463 = PLANE ( 'NONE',  #7018 ) ;
#7464 = PRESENTATION_STYLE_ASSIGNMENT (( #11244 ) ) ;
#7465 = ORIENTED_EDGE ( 'NONE', *, *, #2170, .T. ) ;
#7466 = EDGE_CURVE ( 'NONE', #10329, #4676, #7545, .T. ) ;
#7467 = DIRECTION ( 'NONE',  ( 1.000000000000000000, 0.000000000000000000, 0.000000000000000000 ) ) ;
#7468 = AXIS2_PLACEMENT_3D ( 'NONE', #8449, #955, #6 ) ;
#7469 = PLANE ( 'NONE',  #10522 ) ;
#7470 = ORIENTED_EDGE ( 'NONE', *, *, #8326, .F. ) ;
#7471 = CARTESIAN_POINT ( 'NONE',  ( -11.15927762557041980, 51.56015414571119493, -1.273257822640330161 ) ) ;
#7472 = LINE ( 'NONE', #3555, #9356 ) ;
#7473 = FILL_AREA_STYLE ('',( #5402 ) ) ;
#7474 = VECTOR ( 'NONE', #5150, 39.37007874015748143 ) ;
#7475 = VERTEX_POINT ( 'NONE', #7482 ) ;
#7476 = DIRECTION ( 'NONE',  ( 0.000000000000000000, 0.000000000000000000, -1.000000000000000000 ) ) ;
#7477 = ORIENTED_EDGE ( 'NONE', *, *, #6133, .F. ) ;
#7478 = EDGE_CURVE ( 'NONE', #3984, #4686, #2619, .T. ) ;
#7479 = CARTESIAN_POINT ( 'NONE',  ( 11.00000000000000000, 41.00999999999999801, -0.9687499999999992228 ) ) ;
#7480 = CARTESIAN_POINT ( 'NONE',  ( 11.99999999999999822, 59.18999999999999773, -1.500000000000000222 ) ) ;
#7481 = MECHANICAL_DESIGN_GEOMETRIC_PRESENTATION_REPRESENTATION (  '', ( #10492 ), #7069 ) ;
#7482 = CARTESIAN_POINT ( 'NONE',  ( 11.99999999999999822, 57.50999999999999091, -1.281249999999994893 ) ) ;
#7483 = AXIS2_PLACEMENT_3D ( 'NONE', #1992, #3121, #5899 ) ;
#7484 = DIRECTION ( 'NONE',  ( -1.000000000000000000, 0.000000000000000000, 0.000000000000000000 ) ) ;
#7485 = VERTEX_POINT ( 'NONE', #10321 ) ;
#7486 = DIRECTION ( 'NONE',  ( 0.000000000000000000, -0.000000000000000000, -1.000000000000000000 ) ) ;
#7487 = DIRECTION ( 'NONE',  ( 0.000000000000000000, 0.000000000000000000, -1.000000000000000000 ) ) ;
#7488 = LINE ( 'NONE', #1628, #10169 ) ;
#7489 = ORIENTED_EDGE ( 'NONE', *, *, #4800, .F. ) ;
#7490 = AXIS2_PLACEMENT_3D ( 'NONE', #4101, #2408, #9982 ) ;
#7491 = CARTESIAN_POINT ( 'NONE',  ( 1.739999999999997327, 29.24999999999999289, 0.000000000000000000 ) ) ;
#7492 = ORIENTED_EDGE ( 'NONE', *, *, #10271, .F. ) ;
#7493 = VECTOR ( 'NONE', #1221, 39.37007874015748143 ) ;
#7494 = LINE ( 'NONE', #3766, #4218 ) ;
#7495 = EDGE_CURVE ( 'NONE', #1333, #3853, #8551, .T. ) ;
#7496 = LINE ( 'NONE', #7740, #3241 ) ;
#7497 = EDGE_CURVE ( 'NONE', #9368, #2429, #11324, .T. ) ;
#7498 = CARTESIAN_POINT ( 'NONE',  ( -10.51999999999999957, 59.18999999999999773, -1.500000000000000222 ) ) ;
#7499 = DIRECTION ( 'NONE',  ( 0.000000000000000000, 0.000000000000000000, -1.000000000000000000 ) ) ;
#7500 = FACE_BOUND ( 'NONE', #5047, .T. ) ;
#7501 = LINE ( 'NONE', #4410, #4148 ) ;
#7502 = VERTEX_POINT ( 'NONE', #10383 ) ;
#7503 = CIRCLE ( 'NONE', #4271, 0.1562499999999979461 ) ;
#7504 = CARTESIAN_POINT ( 'NONE',  ( -0.3750000000000027200, 69.23000000000000398, -0.5000000000000001110 ) ) ;
#7505 = DIRECTION ( 'NONE',  ( 1.000000000000000000, 0.000000000000000000, 0.000000000000000000 ) ) ;
#7506 = LINE ( 'NONE', #6560, #3899 ) ;
#7507 = ORIENTED_EDGE ( 'NONE', *, *, #11512, .F. ) ;
#7508 = LINE ( 'NONE', #11413, #799 ) ;
#7509 = VECTOR ( 'NONE', #786, 39.37007874015748143 ) ;
#7510 = CARTESIAN_POINT ( 'NONE',  ( -12.75000000000000355, 29.97999999999998977, 2.729999999999999982 ) ) ;
#7511 = VECTOR ( 'NONE', #9635, 39.37007874015748143 ) ;
#7512 = CARTESIAN_POINT ( 'NONE',  ( -12.75000000000000000, 53.00999999999999091, -0.9687499999999976685 ) ) ;
#7513 = ADVANCED_FACE ( 'NONE', ( #3820 ), #2059, .F. ) ;
#7514 = FACE_OUTER_BOUND ( 'NONE', #9041, .T. ) ;
#7515 = EDGE_LOOP ( 'NONE', ( #3460, #5241, #4160, #6361 ) ) ;
#7516 = DIRECTION ( 'NONE',  ( -2.913971193241881161E-15, -1.000000000000000000, 0.000000000000000000 ) ) ;
#7517 = DIRECTION ( 'NONE',  ( 1.000000000000000000, 0.000000000000000000, 0.000000000000000000 ) ) ;
#7518 = ORIENTED_EDGE ( 'NONE', *, *, #9139, .F. ) ;
#7519 = EDGE_LOOP ( 'NONE', ( #9141, #7354, #4550, #8170 ) ) ;
#7520 = DIRECTION ( 'NONE',  ( 1.000000000000000000, 0.000000000000000000, 0.000000000000000000 ) ) ;
#7521 = ORIENTED_EDGE ( 'NONE', *, *, #10303, .F. ) ;
#7522 = EDGE_CURVE ( 'NONE', #3458, #8692, #5361, .T. ) ;
#7523 = EDGE_CURVE ( 'NONE', #1565, #5251, #11567, .T. ) ;
#7524 = ORIENTED_EDGE ( 'NONE', *, *, #2934, .T. ) ;
#7525 = DIRECTION ( 'NONE',  ( -1.000000000000000000, 0.000000000000000000, 0.000000000000000000 ) ) ;
#7526 = ADVANCED_FACE ( 'NONE', ( #4886 ), #8858, .F. ) ;
#7527 = ORIENTED_EDGE ( 'NONE', *, *, #2632, .F. ) ;
#7528 = CARTESIAN_POINT ( 'NONE',  ( -11.99999999999999822, 14.23000000000000220, -1.500000000000000222 ) ) ;
#7529 = DIRECTION ( 'NONE',  ( 1.000000000000000000, -0.000000000000000000, -0.000000000000000000 ) ) ;
#7530 = ORIENTED_EDGE ( 'NONE', *, *, #6761, .T. ) ;
#7531 = DIRECTION ( 'NONE',  ( 0.000000000000000000, -0.000000000000000000, 1.000000000000000000 ) ) ;
#7532 = FACE_OUTER_BOUND ( 'NONE', #804, .T. ) ;
#7533 = DIRECTION ( 'NONE',  ( -1.000000000000000000, 0.000000000000000000, 0.000000000000000000 ) ) ;
#7534 = VECTOR ( 'NONE', #8009, 39.37007874015748143 ) ;
#7535 = ADVANCED_FACE ( 'NONE', ( #7857 ), #931, .F. ) ;
#7536 = ORIENTED_EDGE ( 'NONE', *, *, #6513, .F. ) ;
#7537 = DIRECTION ( 'NONE',  ( 1.000000000000000000, 0.000000000000000000, 0.000000000000000000 ) ) ;
#7538 = VECTOR ( 'NONE', #7353, 39.37007874015748143 ) ;
#7539 = FACE_OUTER_BOUND ( 'NONE', #11626, .T. ) ;
#7540 = ORIENTED_EDGE ( 'NONE', *, *, #10721, .T. ) ;
#7541 = CIRCLE ( 'NONE', #3508, 0.1562499999999993339 ) ;
#7542 = PLANE ( 'NONE',  #4253 ) ;
#7543 = FACE_OUTER_BOUND ( 'NONE', #11492, .T. ) ;
#7544 = VECTOR ( 'NONE', #827, 39.37007874015748143 ) ;
#7545 = LINE ( 'NONE', #5473, #2336 ) ;
#7546 = FACE_OUTER_BOUND ( 'NONE', #6010, .T. ) ;
#7547 = EDGE_LOOP ( 'NONE', ( #3090, #3727, #5210, #2325 ) ) ;
#7548 = SURFACE_STYLE_USAGE ( .BOTH. , #3697 ) ;
#7549 = DIRECTION ( 'NONE',  ( -1.000000000000000000, 0.000000000000000000, 9.229216194811702461E-17 ) ) ;
#7550 = AXIS2_PLACEMENT_3D ( 'NONE', #4852, #10717, #10657 ) ;
#7551 = VECTOR ( 'NONE', #3782, 39.37007874015748143 ) ;
#7552 = ADVANCED_FACE ( 'NONE', ( #7668 ), #6785, .T. ) ;
#7553 = CARTESIAN_POINT ( 'NONE',  ( -1.740000000000002656, 69.23000000000000398, -0.7500000000000001110 ) ) ;
#7554 = ORIENTED_EDGE ( 'NONE', *, *, #12210, .T. ) ;
#7555 = DIRECTION ( 'NONE',  ( -1.000000000000000000, 0.000000000000000000, 9.229216194811702461E-17 ) ) ;
#7556 = DIRECTION ( 'NONE',  ( 1.000000000000000000, 0.000000000000000000, 0.000000000000000000 ) ) ;
#7557 = FACE_OUTER_BOUND ( 'NONE', #6830, .T. ) ;
#7558 = CARTESIAN_POINT ( 'NONE',  ( -11.26000000000000156, 13.74000000000000199, -1.500000000000000222 ) ) ;
#7559 = AXIS2_PLACEMENT_3D ( 'NONE', #6661, #3758, #674 ) ;
#7560 = DIRECTION ( 'NONE',  ( 0.000000000000000000, 0.000000000000000000, -1.000000000000000000 ) ) ;
#7561 = CIRCLE ( 'NONE', #9168, 0.1718500000000005301 ) ;
#7562 = CARTESIAN_POINT ( 'NONE',  ( -10.51999999999999957, 3.750000000000000888, 0.000000000000000000 ) ) ;
#7563 = DIRECTION ( 'NONE',  ( 0.000000000000000000, 0.000000000000000000, 1.000000000000000000 ) ) ;
#7564 = ORIENTED_EDGE ( 'NONE', *, *, #4811, .T. ) ;
#7565 = LINE ( 'NONE', #10523, #4874 ) ;
#7566 = LINE ( 'NONE', #1010, #3180 ) ;
#7567 = ADVANCED_FACE ( 'NONE', ( #8734 ), #103, .F. ) ;
#7568 = DIRECTION ( 'NONE',  ( -1.000000000000000000, 0.000000000000000000, 0.000000000000000000 ) ) ;
#7569 = EDGE_CURVE ( 'NONE', #7760, #339, #3941, .T. ) ;
#7570 = AXIS2_PLACEMENT_3D ( 'NONE', #2872, #7792, #226 ) ;
#7571 = CIRCLE ( 'NONE', #4912, 0.1562499999999995837 ) ;
#7572 = ORIENTED_EDGE ( 'NONE', *, *, #11164, .F. ) ;
#7573 = DIRECTION ( 'NONE',  ( 1.000000000000000000, -0.000000000000000000, -0.000000000000000000 ) ) ;
#7574 = LINE ( 'NONE', #832, #11226 ) ;
#7575 = DIRECTION ( 'NONE',  ( 0.000000000000000000, 0.3420201433256632173, -0.9396926207859104263 ) ) ;
#7576 =( CONVERSION_BASED_UNIT ( 'INCH', #2587 ) LENGTH_UNIT ( ) NAMED_UNIT ( #10516 ) );
#7577 = DIRECTION ( 'NONE',  ( 1.000000000000000000, -0.000000000000000000, -0.000000000000000000 ) ) ;
#7578 = VERTEX_POINT ( 'NONE', #8610 ) ;
#7579 = CARTESIAN_POINT ( 'NONE',  ( -11.99999999999999822, 28.49999999999998579, 3.479999999999999982 ) ) ;
#7580 = CARTESIAN_POINT ( 'NONE',  ( 11.08815000000000062, 13.74000000000000199, -1.499999999999998224 ) ) ;
#7581 = CARTESIAN_POINT ( 'NONE',  ( 11.26000000000000156, 24.21999999999999531, -1.500000000000000222 ) ) ;
#7582 = ORIENTED_EDGE ( 'NONE', *, *, #6824, .F. ) ;
#7583 = VECTOR ( 'NONE', #2010, 39.37007874015748143 ) ;
#7584 = ORIENTED_EDGE ( 'NONE', *, *, #7090, .T. ) ;
#7585 = ORIENTED_EDGE ( 'NONE', *, *, #8256, .T. ) ;
#7586 = LINE ( 'NONE', #11426, #11161 ) ;
#7587 = ADVANCED_FACE ( 'NONE', ( #5724 ), #3123, .F. ) ;
#7588 = ORIENTED_EDGE ( 'NONE', *, *, #9510, .T. ) ;
#7589 = EDGE_LOOP ( 'NONE', ( #7398, #12003 ) ) ;
#7590 = PLANE ( 'NONE',  #10250 ) ;
#7591 = AXIS2_PLACEMENT_3D ( 'NONE', #11264, #9188, #4517 ) ;
#7592 = VERTEX_POINT ( 'NONE', #4766 ) ;
#7593 = LINE ( 'NONE', #1858, #645 ) ;
#7594 = CARTESIAN_POINT ( 'NONE',  ( -11.43185000000000251, 49.19999999999999574, 0.000000000000000000 ) ) ;
#7595 = EDGE_LOOP ( 'NONE', ( #5164, #2011, #7327, #7890 ) ) ;
#7596 = ADVANCED_FACE ( 'NONE', ( #11688 ), #12443, .F. ) ;
#7597 = CARTESIAN_POINT ( 'NONE',  ( 11.00000000000000000, 35.00999999999999091, -1.124999999999997113 ) ) ;
#7598 = AXIS2_PLACEMENT_3D ( 'NONE', #5248, #3163, #2220 ) ;
#7599 = EDGE_CURVE ( 'NONE', #3371, #1783, #2993, .T. ) ;
#7600 = CARTESIAN_POINT ( 'NONE',  ( 11.99999999999999822, 35.00999999999999091, -1.124999999999997113 ) ) ;
#7601 = ORIENTED_EDGE ( 'NONE', *, *, #660, .T. ) ;
#7602 = DIRECTION ( 'NONE',  ( 0.000000000000000000, 0.000000000000000000, -1.000000000000000000 ) ) ;
#7603 = AXIS2_PLACEMENT_3D ( 'NONE', #5019, #7925, #1494 ) ;
#7604 = LENGTH_MEASURE_WITH_UNIT ( LENGTH_MEASURE( 0.02539999999999999897 ), #11254 );
#7605 = ORIENTED_EDGE ( 'NONE', *, *, #8665, .T. ) ;
#7606 = CARTESIAN_POINT ( 'NONE',  ( -11.26000000000000156, 13.74000000000000199, -1.499999999999998224 ) ) ;
#7607 = EDGE_LOOP ( 'NONE', ( #12317, #9754 ) ) ;
#7608 = ADVANCED_FACE ( 'NONE', ( #4825 ), #4947, .F. ) ;
#7609 = LINE ( 'NONE', #2560, #11191 ) ;
#7610 = CARTESIAN_POINT ( 'NONE',  ( -11.00000000000000000, 54.50999999999998380, -1.124999999999997113 ) ) ;
#7611 = ORIENTED_EDGE ( 'NONE', *, *, #8473, .T. ) ;
#7612 = SURFACE_STYLE_USAGE ( .BOTH. , #8491 ) ;
#7613 = CLOSED_SHELL ( 'NONE', ( #6376, #3718, #4925, #3572, #2326, #2127 ) ) ;
#7614 =( NAMED_UNIT ( * ) SI_UNIT ( $, .STERADIAN. ) SOLID_ANGLE_UNIT ( ) );
#7615 = EDGE_LOOP ( 'NONE', ( #1552, #6172, #2280, #952 ) ) ;
#7616 = DIRECTION ( 'NONE',  ( -0.000000000000000000, -0.000000000000000000, -1.000000000000000000 ) ) ;
#7617 = DIRECTION ( 'NONE',  ( -1.000000000000000000, 0.000000000000000000, -0.000000000000000000 ) ) ;
#7618 = FACE_OUTER_BOUND ( 'NONE', #9895, .T. ) ;
#7619 = DIRECTION ( 'NONE',  ( 1.000000000000000000, 0.000000000000000000, 0.000000000000000000 ) ) ;
#7620 = AXIS2_PLACEMENT_3D ( 'NONE', #2624, #7422, #12145 ) ;
#7621 = CARTESIAN_POINT ( 'NONE',  ( 11.00000000000000000, 56.00999999999999091, -1.124999999999997113 ) ) ;
#7622 = EDGE_CURVE ( 'NONE', #9939, #11711, #2121, .T. ) ;
#7623 = CARTESIAN_POINT ( 'NONE',  ( -11.99999999999999822, 3.750000000000000000, -8.612199694973096342 ) ) ;
#7624 = FACE_OUTER_BOUND ( 'NONE', #9647, .T. ) ;
#7625 = EDGE_LOOP ( 'NONE', ( #8074, #8085, #5955, #1619 ) ) ;
#7626 = DIRECTION ( 'NONE',  ( 0.000000000000000000, 0.000000000000000000, 1.000000000000000000 ) ) ;
#7627 = DIRECTION ( 'NONE',  ( 0.000000000000000000, -1.000000000000000000, 0.000000000000000000 ) ) ;
#7628 = DIRECTION ( 'NONE',  ( 0.000000000000000000, 0.000000000000000000, -1.000000000000000000 ) ) ;
#7629 = AXIS2_PLACEMENT_3D ( 'NONE', #9036, #3298, #406 ) ;
#7630 = AXIS2_PLACEMENT_3D ( 'NONE', #6032, #4254, #8107 ) ;
#7631 = ORIENTED_EDGE ( 'NONE', *, *, #809, .T. ) ;
#7632 = CARTESIAN_POINT ( 'NONE',  ( 11.00000000000000000, 57.50999999999999091, -1.124999999999997113 ) ) ;
#7633 =( NAMED_UNIT ( * ) PLANE_ANGLE_UNIT ( ) SI_UNIT ( $, .RADIAN. ) );
#7634 = LINE ( 'NONE', #11591, #10683 ) ;
#7635 = DIRECTION ( 'NONE',  ( 0.000000000000000000, 0.000000000000000000, -1.000000000000000000 ) ) ;
#7636 = ORIENTED_EDGE ( 'NONE', *, *, #11377, .F. ) ;
#7637 = ADVANCED_FACE ( 'NONE', ( #8669 ), #162, .F. ) ;
#7638 = DIRECTION ( 'NONE',  ( -0.000000000000000000, -0.000000000000000000, 1.000000000000000000 ) ) ;
#7639 = DIRECTION ( 'NONE',  ( 0.000000000000000000, -1.000000000000000000, 0.000000000000000000 ) ) ;
#7640 = AXIS2_PLACEMENT_3D ( 'NONE', #9964, #373, #9780 ) ;
#7641 = LINE ( 'NONE', #11657, #5915 ) ;
#7642 = ORIENTED_EDGE ( 'NONE', *, *, #3430, .T. ) ;
#7643 = PRESENTATION_LAYER_ASSIGNMENT (  '', '', ( #393 ) ) ;
#7644 = EDGE_LOOP ( 'NONE', ( #8322, #196, #5874, #8336 ) ) ;
#7645 = ORIENTED_EDGE ( 'NONE', *, *, #4443, .T. ) ;
#7646 = CARTESIAN_POINT ( 'NONE',  ( 12.75000000000000000, 29.25000000000000000, 0.000000000000000000 ) ) ;
#7647 = EDGE_LOOP ( 'NONE', ( #2490, #543, #5305, #5506 ) ) ;
#7648 = ORIENTED_EDGE ( 'NONE', *, *, #1891, .F. ) ;
#7649 = AXIS2_PLACEMENT_3D ( 'NONE', #1370, #11882, #6222 ) ;
#7650 = COLOUR_RGB ( '',1.000000000000000000, 1.000000000000000000, 1.000000000000000000 ) ;
#7651 = CARTESIAN_POINT ( 'NONE',  ( 11.99999999999999822, 48.71000000000000085, -1.499999999999993783 ) ) ;
#7652 = FILL_AREA_STYLE_COLOUR ( '', #10501 ) ;
#7653 = ORIENTED_EDGE ( 'NONE', *, *, #5696, .F. ) ;
#7654 = EDGE_CURVE ( 'NONE', #6084, #3977, #727, .T. ) ;
#7655 = DIRECTION ( 'NONE',  ( 1.000000000000000000, -0.000000000000000000, -0.000000000000000000 ) ) ;
#7656 = EDGE_CURVE ( 'NONE', #8776, #1830, #7972, .T. ) ;
#7657 = CARTESIAN_POINT ( 'NONE',  ( -11.00000000000000000, 27.50999999999998735, -1.124999999999997113 ) ) ;
#7658 = VERTEX_POINT ( 'NONE', #10004 ) ;
#7659 = CARTESIAN_POINT ( 'NONE',  ( -11.00000000000000000, 53.00999999999999091, -1.124999999999997113 ) ) ;
#7660 = VECTOR ( 'NONE', #3115, 39.37007874015748143 ) ;
#7661 = ORIENTED_EDGE ( 'NONE', *, *, #6089, .F. ) ;
#7662 = AXIS2_PLACEMENT_3D ( 'NONE', #1448, #9196, #9070 ) ;
#7663 = DIRECTION ( 'NONE',  ( 0.000000000000000000, 0.000000000000000000, 1.000000000000000000 ) ) ;
#7664 = ORIENTED_EDGE ( 'NONE', *, *, #2434, .T. ) ;
#7665 = CARTESIAN_POINT ( 'NONE',  ( -12.75000000000000000, 33.50999999999999091, -1.124999999999997113 ) ) ;
#7666 = EDGE_CURVE ( 'NONE', #11884, #10756, #3541, .T. ) ;
#7667 = VERTEX_POINT ( 'NONE', #284 ) ;
#7668 = FACE_OUTER_BOUND ( 'NONE', #7784, .T. ) ;
#7669 = DIRECTION ( 'NONE',  ( 0.000000000000000000, 0.000000000000000000, -1.000000000000000000 ) ) ;
#7670 = EDGE_LOOP ( 'NONE', ( #9234, #3805, #3134, #1136 ) ) ;
#7671 = CARTESIAN_POINT ( 'NONE',  ( 11.26000000000000156, 13.74000000000000199, -0.7499999999999983347 ) ) ;
#7672 = AXIS2_PLACEMENT_3D ( 'NONE', #11576, #53, #8500 ) ;
#7673 = LINE ( 'NONE', #1816, #8630 ) ;
#7674 = DIRECTION ( 'NONE',  ( 0.000000000000000000, 0.000000000000000000, 1.000000000000000000 ) ) ;
#7675 = EDGE_LOOP ( 'NONE', ( #11287, #5119, #7155, #4795 ) ) ;
#7676 = ADVANCED_FACE ( 'NONE', ( #1365 ), #3426, .F. ) ;
#7677 = EDGE_CURVE ( 'NONE', #1224, #11563, #5558, .T. ) ;
#7678 = DIRECTION ( 'NONE',  ( -1.000000000000000000, 0.000000000000000000, 0.000000000000000000 ) ) ;
#7679 = COLOUR_RGB ( '',1.000000000000000000, 1.000000000000000000, 1.000000000000000000 ) ;
#7680 = DIRECTION ( 'NONE',  ( 0.000000000000000000, 0.000000000000000000, -1.000000000000000000 ) ) ;
#7681 = AXIS2_PLACEMENT_3D ( 'NONE', #39, #10750, #11625 ) ;
#7682 = EDGE_CURVE ( 'NONE', #10429, #10720, #5204, .T. ) ;
#7683 = DIRECTION ( 'NONE',  ( 0.000000000000000000, 0.000000000000000000, -1.000000000000000000 ) ) ;
#7684 = PLANE ( 'NONE',  #4691 ) ;
#7685 = PLANE ( 'NONE',  #6953 ) ;
#7686 = DIRECTION ( 'NONE',  ( 0.000000000000000000, 0.000000000000000000, -1.000000000000000000 ) ) ;
#7687 = VERTEX_POINT ( 'NONE', #12004 ) ;
#7688 =( LENGTH_UNIT ( ) NAMED_UNIT ( * ) SI_UNIT ( $, .METRE. ) );
#7689 = DIRECTION ( 'NONE',  ( -0.000000000000000000, -1.000000000000000000, -0.000000000000000000 ) ) ;
#7690 = DIRECTION ( 'NONE',  ( 0.000000000000000000, -0.000000000000000000, -1.000000000000000000 ) ) ;
#7691 = VECTOR ( 'NONE', #7655, 39.37007874015748143 ) ;
#7692 = EDGE_CURVE ( 'NONE', #1421, #6616, #4940, .T. ) ;
#7693 = ORIENTED_EDGE ( 'NONE', *, *, #7421, .T. ) ;
#7694 = LINE ( 'NONE', #12287, #5833 ) ;
#7695 = DIRECTION ( 'NONE',  ( -0.000000000000000000, -1.000000000000000000, -0.000000000000000000 ) ) ;
#7696 = FACE_OUTER_BOUND ( 'NONE', #10391, .T. ) ;
#7697 = VECTOR ( 'NONE', #1577, 39.37007874015748143 ) ;
#7698 = FACE_OUTER_BOUND ( 'NONE', #4484, .T. ) ;
#7699 = ORIENTED_EDGE ( 'NONE', *, *, #12420, .T. ) ;
#7700 = FILL_AREA_STYLE ('',( #2025 ) ) ;
#7701 = FACE_OUTER_BOUND ( 'NONE', #4046, .T. ) ;
#7702 = AXIS2_PLACEMENT_3D ( 'NONE', #10705, #7994, #8687 ) ;
#7703 = DIRECTION ( 'NONE',  ( 0.000000000000000000, -1.000000000000000000, 0.000000000000000000 ) ) ;
#7704 = VERTEX_POINT ( 'NONE', #4249 ) ;
#7705 = ORIENTED_EDGE ( 'NONE', *, *, #2298, .F. ) ;
#7706 = ORIENTED_EDGE ( 'NONE', *, *, #40, .F. ) ;
#7707 = CARTESIAN_POINT ( 'NONE',  ( -11.99999999999999822, 59.18999999999999773, -0.7500000000000001110 ) ) ;
#7708 = ORIENTED_EDGE ( 'NONE', *, *, #8869, .F. ) ;
#7709 = CIRCLE ( 'NONE', #5501, 0.1562499999999957812 ) ;
#7710 = EDGE_CURVE ( 'NONE', #6822, #5359, #10939, .T. ) ;
#7711 = AXIS2_PLACEMENT_3D ( 'NONE', #3824, #9310, #7486 ) ;
#7712 = ORIENTED_EDGE ( 'NONE', *, *, #12126, .F. ) ;
#7713 = CARTESIAN_POINT ( 'NONE',  ( -11.99999999999999822, 39.50999999999999801, -1.281249999999996003 ) ) ;
#7714 = ORIENTED_EDGE ( 'NONE', *, *, #8348, .F. ) ;
#7715 = CARTESIAN_POINT ( 'NONE',  ( 12.75000000000000000, 50.00999999999999091, -1.124999999999997113 ) ) ;
#7716 = CARTESIAN_POINT ( 'NONE',  ( -11.09495888775661676, 51.65203399487381120, -1.059541043036256180 ) ) ;
#7717 = ORIENTED_EDGE ( 'NONE', *, *, #1119, .T. ) ;
#7718 = VECTOR ( 'NONE', #10428, 39.37007874015748143 ) ;
#7719 = DIRECTION ( 'NONE',  ( -0.000000000000000000, 1.000000000000000000, 0.000000000000000000 ) ) ;
#7720 = DIRECTION ( 'NONE',  ( 1.000000000000000000, -0.000000000000000000, 1.456985596620940580E-15 ) ) ;
#7721 = EDGE_CURVE ( 'NONE', #4433, #594, #5332, .T. ) ;
#7722 = EDGE_CURVE ( 'NONE', #6703, #2100, #7978, .T. ) ;
#7723 = EDGE_LOOP ( 'NONE', ( #10538, #7489, #736, #1318 ) ) ;
#7724 = AXIS2_PLACEMENT_3D ( 'NONE', #9411, #8587, #9480 ) ;
#7725 = ORIENTED_EDGE ( 'NONE', *, *, #10835, .F. ) ;
#7726 = CARTESIAN_POINT ( 'NONE',  ( -1.740000000000002656, 57.99999999999999289, -0.7500000000000001110 ) ) ;
#7727 = PLANE ( 'NONE',  #11896 ) ;
#7728 = EDGE_LOOP ( 'NONE', ( #10612, #9726, #11619, #8686 ) ) ;
#7729 = DIRECTION ( 'NONE',  ( -1.000000000000000000, 0.000000000000000000, 0.000000000000000000 ) ) ;
#7730 = ORIENTED_EDGE ( 'NONE', *, *, #10721, .F. ) ;
#7731 = DIRECTION ( 'NONE',  ( 0.000000000000000000, 0.000000000000000000, 1.000000000000000000 ) ) ;
#7732 = DIRECTION ( 'NONE',  ( 0.000000000000000000, 0.000000000000000000, -1.000000000000000000 ) ) ;
#7733 = VECTOR ( 'NONE', #9268, 39.37007874015748143 ) ;
#7734 = CARTESIAN_POINT ( 'NONE',  ( 11.26000000000000156, 49.19999999999999574, -1.499999999999993783 ) ) ;
#7735 = SURFACE_SIDE_STYLE ('',( #1880 ) ) ;
#7736 = EDGE_CURVE ( 'NONE', #9608, #10720, #540, .T. ) ;
#7737 = ORIENTED_EDGE ( 'NONE', *, *, #12183, .T. ) ;
#7738 = CARTESIAN_POINT ( 'NONE',  ( 11.99999999999999822, 14.23000000000000220, -1.499999999999998224 ) ) ;
#7739 = CIRCLE ( 'NONE', #11170, 0.1562499999999979461 ) ;
#7740 = CARTESIAN_POINT ( 'NONE',  ( -6.000000000000002665, 55.50000000000000000, 3.479999999999999982 ) ) ;
#7741 = CARTESIAN_POINT ( 'NONE',  ( 10.51999999999999957, 3.750000000000000888, 0.000000000000000000 ) ) ;
#7742 = CARTESIAN_POINT ( 'NONE',  ( -11.99999999999999822, 3.750000000000000888, -2.250000000000000444 ) ) ;
#7743 = DIRECTION ( 'NONE',  ( 1.000000000000000000, 0.000000000000000000, 0.000000000000000000 ) ) ;
#7744 = CARTESIAN_POINT ( 'NONE',  ( 12.75000000000000000, 26.00999999999999091, -1.124999999999997113 ) ) ;
#7745 = EDGE_LOOP ( 'NONE', ( #10115, #7461, #1158, #8536 ) ) ;
#7746 = EDGE_CURVE ( 'NONE', #6272, #6329, #11003, .T. ) ;
#7747 = CIRCLE ( 'NONE', #10177, 0.1562499999999979461 ) ;
#7748 = CARTESIAN_POINT ( 'NONE',  ( -11.99999999999999822, 35.00999999999999091, -0.9687499999999992228 ) ) ;
#7749 = EDGE_CURVE ( 'NONE', #5618, #11985, #10064, .T. ) ;
#7750 = CARTESIAN_POINT ( 'NONE',  ( -11.99999999999999822, 30.50999999999998735, -1.124999999999997113 ) ) ;
#7751 = CARTESIAN_POINT ( 'NONE',  ( 11.99999999999999822, 35.00999999999999091, -1.124999999999997113 ) ) ;
#7752 = EDGE_CURVE ( 'NONE', #10910, #4663, #10386, .T. ) ;
#7753 = ORIENTED_EDGE ( 'NONE', *, *, #4814, .T. ) ;
#7754 = PLANE ( 'NONE',  #10853 ) ;
#7755 = CIRCLE ( 'NONE', #7955, 0.1562499999999957812 ) ;
#7756 = CIRCLE ( 'NONE', #3927, 0.1562499999999976963 ) ;
#7757 = CARTESIAN_POINT ( 'NONE',  ( 11.00000000000000000, 48.50999999999999091, -1.124999999999997113 ) ) ;
#7758 = CARTESIAN_POINT ( 'NONE',  ( 11.26000000000000156, 51.69999999999999574, -1.500000000000000222 ) ) ;
#7759 = DIRECTION ( 'NONE',  ( 1.000000000000000000, 0.000000000000000000, 0.000000000000000000 ) ) ;
#7760 = VERTEX_POINT ( 'NONE', #4317 ) ;
#7761 = DIRECTION ( 'NONE',  ( 0.000000000000000000, 0.000000000000000000, 1.000000000000000000 ) ) ;
#7762 = CARTESIAN_POINT ( 'NONE',  ( -11.99999999999999822, 28.49999999999998579, 3.479999999999999982 ) ) ;
#7763 = ORIENTED_EDGE ( 'NONE', *, *, #6396, .F. ) ;
#7764 = EDGE_CURVE ( 'NONE', #3870, #8464, #7849, .T. ) ;
#7765 = VERTEX_POINT ( 'NONE', #2671 ) ;
#7766 = CIRCLE ( 'NONE', #1927, 0.1718500000000005301 ) ;
#7767 = ORIENTED_EDGE ( 'NONE', *, *, #1167, .F. ) ;
#7768 = CIRCLE ( 'NONE', #7158, 0.1562499999999979461 ) ;
#7769 = CARTESIAN_POINT ( 'NONE',  ( -11.26000000000000156, 11.24000000000000199, -2.250000000000000444 ) ) ;
#7770 = EDGE_LOOP ( 'NONE', ( #2335, #385, #11926, #6638 ) ) ;
#7771 = VERTEX_POINT ( 'NONE', #10189 ) ;
#7772 = CARTESIAN_POINT ( 'NONE',  ( 6.000000000000001776, 54.01999999999999602, 2.729999999999999982 ) ) ;
#7773 = AXIS2_PLACEMENT_3D ( 'NONE', #4124, #12064, #8163 ) ;
#7774 = SURFACE_STYLE_FILL_AREA ( #4040 ) ;
#7775 = ORIENTED_EDGE ( 'NONE', *, *, #11021, .F. ) ;
#7776 = LINE ( 'NONE', #4867, #246 ) ;
#7777 = DIRECTION ( 'NONE',  ( 0.000000000000000000, -1.000000000000000000, -2.491592112898606819E-16 ) ) ;
#7778 = CARTESIAN_POINT ( 'NONE',  ( -11.40001845065073205, 51.60018758388755344, -0.9972816906381242186 ) ) ;
#7779 = VERTEX_POINT ( 'NONE', #4440 ) ;
#7780 = EDGE_CURVE ( 'NONE', #7377, #4437, #11991, .T. ) ;
#7781 = DIRECTION ( 'NONE',  ( 1.000000000000000000, 0.000000000000000000, 0.000000000000000000 ) ) ;
#7782 = CIRCLE ( 'NONE', #5776, 0.1562499999999979461 ) ;
#7783 = ORIENTED_EDGE ( 'NONE', *, *, #11528, .T. ) ;
#7784 = EDGE_LOOP ( 'NONE', ( #3979, #12118, #933, #8593 ) ) ;
#7785 = DIRECTION ( 'NONE',  ( 1.000000000000000000, 0.000000000000000000, 0.000000000000000000 ) ) ;
#7786 = LINE ( 'NONE', #10560, #8273 ) ;
#7787 = ORIENTED_EDGE ( 'NONE', *, *, #4869, .F. ) ;
#7788 = DIRECTION ( 'NONE',  ( 1.000000000000000000, -0.000000000000000000, -0.000000000000000000 ) ) ;
#7789 = VERTEX_POINT ( 'NONE', #1548 ) ;
#7790 = AXIS2_PLACEMENT_3D ( 'NONE', #3822, #7794, #11628 ) ;
#7791 = ADVANCED_FACE ( 'NONE', ( #6397 ), #5524, .T. ) ;
#7792 = DIRECTION ( 'NONE',  ( -0.000000000000000000, -7.850137912828339862E-17, 1.000000000000000000 ) ) ;
#7793 = EDGE_CURVE ( 'NONE', #6201, #10263, #1537, .T. ) ;
#7794 = DIRECTION ( 'NONE',  ( 1.000000000000000000, 0.000000000000000000, 0.000000000000000000 ) ) ;
#7795 = FACE_OUTER_BOUND ( 'NONE', #7519, .T. ) ;
#7796 = DIRECTION ( 'NONE',  ( 0.000000000000000000, -6.845593068680305631E-16, 1.000000000000000000 ) ) ;
#7797 =( LENGTH_UNIT ( ) NAMED_UNIT ( * ) SI_UNIT ( $, .METRE. ) );
#7798 = VERTEX_POINT ( 'NONE', #8407 ) ;
#7799 = AXIS2_PLACEMENT_3D ( 'NONE', #9106, #9232, #10247 ) ;
#7800 = PLANE ( 'NONE',  #402 ) ;
#7801 = FACE_OUTER_BOUND ( 'NONE', #7148, .T. ) ;
#7802 = CARTESIAN_POINT ( 'NONE',  ( -10.51999999999999957, 59.18999999999999773, -0.7500000000000001110 ) ) ;
#7803 = LINE ( 'NONE', #2885, #8299 ) ;
#7804 = ADVANCED_FACE ( 'NONE', ( #12125 ), #12249, .F. ) ;
#7805 = FACE_OUTER_BOUND ( 'NONE', #75, .T. ) ;
#7806 = EDGE_CURVE ( 'NONE', #6329, #9410, #5583, .T. ) ;
#7807 = CARTESIAN_POINT ( 'NONE',  ( -12.00000000000000178, 3.750000000000000000, -9.410333024330023832 ) ) ;
#7808 = ORIENTED_EDGE ( 'NONE', *, *, #433, .T. ) ;
#7809 = CARTESIAN_POINT ( 'NONE',  ( 0.000000000000000000, 23.76999999999998536, 8.589666975669972615 ) ) ;
#7810 = CARTESIAN_POINT ( 'NONE',  ( 0.1015624999999994726, 23.76999999999998536, 0.7500000000000004441 ) ) ;
#7811 = CARTESIAN_POINT ( 'NONE',  ( 11.43185000000000251, 11.24000000000000199, 0.000000000000000000 ) ) ;
#7812 = VERTEX_POINT ( 'NONE', #4692 ) ;
#7813 = FACE_OUTER_BOUND ( 'NONE', #3811, .T. ) ;
#7814 = AXIS2_PLACEMENT_3D ( 'NONE', #4659, #5374, #7505 ) ;
#7815 = EDGE_CURVE ( 'NONE', #8704, #6720, #1609, .T. ) ;
#7816 = CYLINDRICAL_SURFACE ( 'NONE', #8873, 0.1718500000000005301 ) ;
#7817 = LINE ( 'NONE', #10778, #5342 ) ;
#7818 = FACE_OUTER_BOUND ( 'NONE', #3603, .T. ) ;
#7819 = DIRECTION ( 'NONE',  ( -1.000000000000000000, 0.000000000000000000, -0.000000000000000000 ) ) ;
#7820 = DIRECTION ( 'NONE',  ( 0.000000000000000000, 0.000000000000000000, -1.000000000000000000 ) ) ;
#7821 = ADVANCED_FACE ( 'NONE', ( #3618 ), #10372, .F. ) ;
#7822 = FACE_OUTER_BOUND ( 'NONE', #9263, .T. ) ;
#7823 = ORIENTED_EDGE ( 'NONE', *, *, #3262, .T. ) ;
#7824 = VERTEX_POINT ( 'NONE', #10676 ) ;
#7825 = VECTOR ( 'NONE', #6986, 39.37007874015748143 ) ;
#7826 = ORIENTED_EDGE ( 'NONE', *, *, #7876, .F. ) ;
#7827 = UNCERTAINTY_MEASURE_WITH_UNIT (LENGTH_MEASURE( 1.000000000000000082E-05 ), #5070, 'distance_accuracy_value', 'NONE');
#7828 = CARTESIAN_POINT ( 'NONE',  ( 12.75000000000000000, 29.00999999999999091, -1.281249999999994893 ) ) ;
#7829 = VERTEX_POINT ( 'NONE', #4996 ) ;
#7830 = VERTEX_POINT ( 'NONE', #6649 ) ;
#7831 = FACE_OUTER_BOUND ( 'NONE', #11301, .T. ) ;
#7832 = EDGE_CURVE ( 'NONE', #1571, #10756, #1861, .T. ) ;
#7833 = ADVANCED_FACE ( 'NONE', ( #9745 ), #8723, .F. ) ;
#7834 = VECTOR ( 'NONE', #8899, 39.37007874015748143 ) ;
#7835 = PRESENTATION_LAYER_ASSIGNMENT (  '', '', ( #185 ) ) ;
#7836 = DIRECTION ( 'NONE',  ( -0.000000000000000000, -1.000000000000000000, -0.000000000000000000 ) ) ;
#7837 = ORIENTED_EDGE ( 'NONE', *, *, #11724, .T. ) ;
#7838 = CARTESIAN_POINT ( 'NONE',  ( -3.220000000000002416, 22.51999999999998181, 0.7500000000000001110 ) ) ;
#7839 = CARTESIAN_POINT ( 'NONE',  ( -1.740000000000002656, 29.24999999999999289, 0.000000000000000000 ) ) ;
#7840 = ADVANCED_FACE ( 'NONE', ( #5954 ), #1983, .T. ) ;
#7841 = DIRECTION ( 'NONE',  ( 1.000000000000000000, 0.000000000000000000, 0.000000000000000000 ) ) ;
#7842 = ORIENTED_EDGE ( 'NONE', *, *, #12115, .F. ) ;
#7843 = DIRECTION ( 'NONE',  ( -0.000000000000000000, 0.000000000000000000, 1.000000000000000000 ) ) ;
#7844 = CIRCLE ( 'NONE', #9043, 0.1562499999999957812 ) ;
#7845 = COLOUR_RGB ( '',1.000000000000000000, 1.000000000000000000, 1.000000000000000000 ) ;
#7846 = DIRECTION ( 'NONE',  ( -1.000000000000000000, -0.000000000000000000, 1.845843238962340492E-16 ) ) ;
#7847 = ORIENTED_EDGE ( 'NONE', *, *, #4896, .T. ) ;
#7848 = PLANE ( 'NONE',  #7629 ) ;
#7849 = B_SPLINE_CURVE_WITH_KNOTS ( 'NONE', 3,
 ( #9878, #4379, #8222, #11877, #3185, #11064, #10875, #1237, #4186, #2241, #2303, #2180, #6093, #9940, #1302, #5138, #3246, #7471, #11127, #5399, #9291, #12375, #661, #11374, #7276, #8279, #1799, #8539, #5649, #2545, #9492, #2607, #2488, #2736, #8474, #788, #1673, #12189, #6587, #9231, #4501, #6460, #8342, #10308, #6337, #11313, #3552, #597 ),
 .UNSPECIFIED., .F., .F.,
 ( 4, 2, 2, 2, 2, 2, 2, 2, 2, 2, 2, 2, 2, 2, 2, 2, 2, 2, 2, 2, 2, 2, 2, 4 ),
 ( 0.01623087363220217932, 0.01724530323421478301, 0.01775251803522109179, 0.01825973283622740057, 0.01927416243823998690, 0.01978137723924605629, 0.02028859204025212221, 0.02079580684125818812, 0.02130302164226425404, 0.02231745124427679527, 0.02333188084628933651, 0.02434631044830187427, 0.02536074005031441203, 0.02637516965232695326, 0.02738959925433949102, 0.02789681405534596981, 0.02840402885635244512, 0.02891124365735892043, 0.02941845845836540269, 0.02992567325937187800, 0.03043288806037835678, 0.03094010286138483556, 0.03144731766239131088, 0.03246174726440443498 ),
 .UNSPECIFIED. ) ;
#7850 = EDGE_CURVE ( 'NONE', #3609, #3934, #4749, .T. ) ;
#7851 = DIRECTION ( 'NONE',  ( 0.000000000000000000, 0.000000000000000000, -1.000000000000000000 ) ) ;
#7852 = DIRECTION ( 'NONE',  ( 0.000000000000000000, 0.000000000000000000, -1.000000000000000000 ) ) ;
#7853 = ORIENTED_EDGE ( 'NONE', *, *, #10527, .T. ) ;
#7854 = CARTESIAN_POINT ( 'NONE',  ( 11.99999999999999822, 53.00999999999999091, -1.124999999999997113 ) ) ;
#7855 = CIRCLE ( 'NONE', #11865, 0.1015624999999994726 ) ;
#7856 = ORIENTED_EDGE ( 'NONE', *, *, #4198, .T. ) ;
#7857 = FACE_OUTER_BOUND ( 'NONE', #3383, .T. ) ;
#7858 = CARTESIAN_POINT ( 'NONE',  ( 10.51999999999999247, 3.750000000000003553, 8.589666975669972615 ) ) ;
#7859 = PLANE ( 'NONE',  #9858 ) ;
#7860 = CARTESIAN_POINT ( 'NONE',  ( 0.1015624999999994726, 23.76999999999998536, 8.589666975669972615 ) ) ;
#7861 = AXIS2_PLACEMENT_3D ( 'NONE', #8976, #2647, #9401 ) ;
#7862 = EDGE_LOOP ( 'NONE', ( #10098, #2249, #459, #530 ) ) ;
#7863 = ADVANCED_FACE ( 'NONE', ( #11554 ), #6889, .F. ) ;
#7864 = PLANE ( 'NONE',  #3818 ) ;
#7865 = FACE_OUTER_BOUND ( 'NONE', #4091, .T. ) ;
#7866 = FACE_OUTER_BOUND ( 'NONE', #5603, .T. ) ;
#7867 = CARTESIAN_POINT ( 'NONE',  ( 3.219999999999996643, 25.01999999999998181, 0.000000000000000000 ) ) ;
#7868 = LINE ( 'NONE', #7102, #5299 ) ;
#7869 = DIRECTION ( 'NONE',  ( 0.000000000000000000, 0.000000000000000000, 1.000000000000000000 ) ) ;
#7870 = VECTOR ( 'NONE', #3842, 39.37007874015748143 ) ;
#7871 = CARTESIAN_POINT ( 'NONE',  ( -12.75000000000000355, 29.25000000000000000, 2.730000000000003535 ) ) ;
#7872 = ORIENTED_EDGE ( 'NONE', *, *, #7497, .T. ) ;
#7873 = DIRECTION ( 'NONE',  ( 1.000000000000000000, 0.000000000000000000, 0.000000000000000000 ) ) ;
#7874 = DIRECTION ( 'NONE',  ( 1.000000000000000000, -0.000000000000000000, -0.000000000000000000 ) ) ;
#7875 = CARTESIAN_POINT ( 'NONE',  ( 12.75000000000000000, 39.50999999999999801, -0.9687499999999977796 ) ) ;
#7876 = EDGE_CURVE ( 'NONE', #4252, #10126, #1098, .T. ) ;
#7877 = EDGE_LOOP ( 'NONE', ( #3041, #6327, #6400, #8368 ) ) ;
#7878 = VECTOR ( 'NONE', #8561, 39.37007874015748143 ) ;
#7879 = EDGE_CURVE ( 'NONE', #8558, #1411, #2923, .T. ) ;
#7880 = DIRECTION ( 'NONE',  ( 0.000000000000000000, 0.000000000000000000, -1.000000000000000000 ) ) ;
#7881 = FACE_OUTER_BOUND ( 'NONE', #6449, .T. ) ;
#7882 = CARTESIAN_POINT ( 'NONE',  ( -12.00000000000000178, 3.750000000000000000, 8.589666975669972615 ) ) ;
#7883 = DIRECTION ( 'NONE',  ( 0.000000000000000000, -1.000000000000000000, 0.000000000000000000 ) ) ;
#7884 = CARTESIAN_POINT ( 'NONE',  ( -11.26000000000000156, 24.21999999999999531, 0.000000000000000000 ) ) ;
#7885 = DIRECTION ( 'NONE',  ( -0.000000000000000000, -0.000000000000000000, -1.000000000000000000 ) ) ;
#7886 = VERTEX_POINT ( 'NONE', #2982 ) ;
#7887 = AXIS2_PLACEMENT_3D ( 'NONE', #11491, #10732, #1092 ) ;
#7888 = ORIENTED_EDGE ( 'NONE', *, *, #1053, .F. ) ;
#7889 = VECTOR ( 'NONE', #7915, 39.37007874015748143 ) ;
#7890 = ORIENTED_EDGE ( 'NONE', *, *, #7815, .T. ) ;
#7891 = CARTESIAN_POINT ( 'NONE',  ( 6.000000000000001776, 54.01999999999999602, 2.729999999999999982 ) ) ;
#7892 = ORIENTED_EDGE ( 'NONE', *, *, #10997, .T. ) ;
#7893 = ORIENTED_EDGE ( 'NONE', *, *, #6930, .F. ) ;
#7894 = EDGE_CURVE ( 'NONE', #4645, #5178, #2107, .T. ) ;
#7895 = LINE ( 'NONE', #4986, #1187 ) ;
#7896 = CARTESIAN_POINT ( 'NONE',  ( 11.42699432932284154, 51.65939970255011104, -1.171246437911100502 ) ) ;
#7897 = AXIS2_PLACEMENT_3D ( 'NONE', #9678, #1035, #9739 ) ;
#7898 = DIRECTION ( 'NONE',  ( 0.000000000000000000, 0.000000000000000000, -1.000000000000000000 ) ) ;
#7899 = ORIENTED_EDGE ( 'NONE', *, *, #8897, .T. ) ;
#7900 = DIRECTION ( 'NONE',  ( -1.000000000000000000, 0.000000000000000000, 0.000000000000000000 ) ) ;
#7901 = CARTESIAN_POINT ( 'NONE',  ( 11.00000000000000000, 30.50999999999998735, -1.124999999999997113 ) ) ;
#7902 = CARTESIAN_POINT ( 'NONE',  ( -11.12772418573023714, 51.59013415338861108, -0.9907480576766738434 ) ) ;
#7903 = VERTEX_POINT ( 'NONE', #8658 ) ;
#7904 = DIRECTION ( 'NONE',  ( 1.000000000000000000, 0.000000000000000000, 0.000000000000000000 ) ) ;
#7905 = VERTEX_POINT ( 'NONE', #2047 ) ;
#7906 = EDGE_CURVE ( 'NONE', #9004, #835, #11437, .T. ) ;
#7907 =( CONVERSION_BASED_UNIT ( 'INCH', #6081 ) LENGTH_UNIT ( ) NAMED_UNIT ( #7203 ) );
#7908 = EDGE_LOOP ( 'NONE', ( #536, #539, #549, #3845 ) ) ;
#7909 = EDGE_CURVE ( 'NONE', #11356, #10720, #1163, .T. ) ;
#7910 = LINE ( 'NONE', #11744, #2399 ) ;
#7911 = CARTESIAN_POINT ( 'NONE',  ( 11.99999999999999822, 24.70999999999999730, -1.499999999999996891 ) ) ;
#7912 = AXIS2_PLACEMENT_3D ( 'NONE', #7621, #6553, #9644 ) ;
#7913 = CARTESIAN_POINT ( 'NONE',  ( -3.220000000000002416, 57.99999999999999289, -0.7499999999999998890 ) ) ;
#7914 = VERTEX_POINT ( 'NONE', #9805 ) ;
#7915 = DIRECTION ( 'NONE',  ( 0.000000000000000000, 0.000000000000000000, 1.000000000000000000 ) ) ;
#7916 = MECHANICAL_DESIGN_GEOMETRIC_PRESENTATION_REPRESENTATION (  '', ( #6900 ), #6713 ) ;
#7917 = ORIENTED_EDGE ( 'NONE', *, *, #10835, .T. ) ;
#7918 = CARTESIAN_POINT ( 'NONE',  ( 0.000000000000000000, 59.18999999999999773, 0.000000000000000000 ) ) ;
#7919 = DIRECTION ( 'NONE',  ( 0.000000000000000000, 0.000000000000000000, -1.000000000000000000 ) ) ;
#7920 = ADVANCED_FACE ( 'NONE', ( #3867 ), #6831, .F. ) ;
#7921 = CARTESIAN_POINT ( 'NONE',  ( -1.740000000000002656, 22.51999999999998181, 0.000000000000000000 ) ) ;
#7922 = AXIS2_PLACEMENT_3D ( 'NONE', #10859, #10174, #2412 ) ;
#7923 = ORIENTED_EDGE ( 'NONE', *, *, #3363, .T. ) ;
#7924 = DIRECTION ( 'NONE',  ( 1.000000000000000000, 0.000000000000000000, 0.000000000000000000 ) ) ;
#7925 = DIRECTION ( 'NONE',  ( 1.000000000000000000, -0.000000000000000000, -0.000000000000000000 ) ) ;
#7926 = EDGE_LOOP ( 'NONE', ( #3390, #6406, #8026, #6474 ) ) ;
#7927 = DIRECTION ( 'NONE',  ( 0.000000000000000000, -0.000000000000000000, 1.000000000000000000 ) ) ;
#7928 = PLANE ( 'NONE',  #1126 ) ;
#7929 = AXIS2_PLACEMENT_3D ( 'NONE', #10537, #8822, #962 ) ;
#7930 = CARTESIAN_POINT ( 'NONE',  ( -11.99999999999999822, 23.42285330012234468, -2.249999999999996891 ) ) ;
#7931 = CARTESIAN_POINT ( 'NONE',  ( -11.99999999999999822, 3.750000000000000000, -8.612199694973096342 ) ) ;
#7932 = DIRECTION ( 'NONE',  ( -0.000000000000000000, -0.000000000000000000, 1.000000000000000000 ) ) ;
#7933 = EDGE_LOOP ( 'NONE', ( #7163, #11446, #10663, #7753 ) ) ;
#7934 = SURFACE_STYLE_FILL_AREA ( #3203 ) ;
#7935 = ADVANCED_FACE ( 'NONE', ( #5889 ), #920, .T. ) ;
#7936 = PLANE ( 'NONE',  #8218 ) ;
#7937 = DIRECTION ( 'NONE',  ( 1.000000000000000000, -0.000000000000000000, -0.000000000000000000 ) ) ;
#7938 = AXIS2_PLACEMENT_3D ( 'NONE', #9610, #79, #2155 ) ;
#7939 = ORIENTED_EDGE ( 'NONE', *, *, #9311, .F. ) ;
#7940 = CARTESIAN_POINT ( 'NONE',  ( 11.26000000000000156, 11.24000000000000199, 0.000000000000000000 ) ) ;
#7941 = DIRECTION ( 'NONE',  ( 0.000000000000000000, 1.000000000000000000, 0.000000000000000000 ) ) ;
#7942 = DIRECTION ( 'NONE',  ( 0.000000000000000000, 0.000000000000000000, 1.000000000000000000 ) ) ;
#7943 = AXIS2_PLACEMENT_3D ( 'NONE', #6469, #672, #4574 ) ;
#7944 = DIRECTION ( 'NONE',  ( -1.000000000000000000, 0.000000000000000000, 0.000000000000000000 ) ) ;
#7945 = PLANE ( 'NONE',  #9576 ) ;
#7946 = FACE_OUTER_BOUND ( 'NONE', #5004, .T. ) ;
#7947 = ORIENTED_EDGE ( 'NONE', *, *, #6513, .T. ) ;
#7948 = AXIS2_PLACEMENT_3D ( 'NONE', #888, #3527, #2581 ) ;
#7949 = EDGE_CURVE ( 'NONE', #11909, #3080, #1040, .T. ) ;
#7950 = ORIENTED_EDGE ( 'NONE', *, *, #10482, .F. ) ;
#7951 = ADVANCED_FACE ( 'NONE', ( #11496 ), #2858, .F. ) ;
#7952 = VERTEX_POINT ( 'NONE', #9622 ) ;
#7953 = UNCERTAINTY_MEASURE_WITH_UNIT (LENGTH_MEASURE( 1.000000000000000082E-05 ), #2861, 'distance_accuracy_value', 'NONE');
#7954 = CARTESIAN_POINT ( 'NONE',  ( 11.99999999999999822, 23.42285330012234468, -2.249999999999996891 ) ) ;
#7955 = AXIS2_PLACEMENT_3D ( 'NONE', #10780, #6868, #7820 ) ;
#7956 = EDGE_LOOP ( 'NONE', ( #7725, #5616, #10165, #2346 ) ) ;
#7957 = DIRECTION ( 'NONE',  ( 0.000000000000000000, 0.000000000000000000, -1.000000000000000000 ) ) ;
#7958 = CARTESIAN_POINT ( 'NONE',  ( -11.99999999999999822, 10.75000000000000178, -1.499999999999998668 ) ) ;
#7959 = DIRECTION ( 'NONE',  ( 1.000000000000000000, 0.000000000000000000, 0.000000000000000000 ) ) ;
#7960 = VERTEX_POINT ( 'NONE', #4812 ) ;
#7961 = CARTESIAN_POINT ( 'NONE',  ( -22.06250000000002132, 10.75000000000000178, -0.7499999999999986677 ) ) ;
#7962 = DIRECTION ( 'NONE',  ( 0.000000000000000000, -2.491592112898606819E-16, 1.000000000000000000 ) ) ;
#7963 = CARTESIAN_POINT ( 'NONE',  ( -11.99999999999999822, 21.22999999999999687, -2.249999999999997780 ) ) ;
#7964 = ORIENTED_EDGE ( 'NONE', *, *, #3656, .T. ) ;
#7965 = AXIS2_PLACEMENT_3D ( 'NONE', #4330, #7232, #6170 ) ;
#7966 = FACE_OUTER_BOUND ( 'NONE', #12257, .T. ) ;
#7967 = ORIENTED_EDGE ( 'NONE', *, *, #8459, .T. ) ;
#7968 = EDGE_CURVE ( 'NONE', #3377, #1369, #4872, .T. ) ;
#7969 = APPLICATION_CONTEXT ( 'automotive_design' ) ;
#7970 = ORIENTED_EDGE ( 'NONE', *, *, #2974, .F. ) ;
#7971 = FACE_OUTER_BOUND ( 'NONE', #9309, .T. ) ;
#7972 = CIRCLE ( 'NONE', #7773, 0.1718500000000005301 ) ;
#7973 = DIRECTION ( 'NONE',  ( -1.000000000000000000, -0.000000000000000000, -0.000000000000000000 ) ) ;
#7974 = ADVANCED_FACE ( 'NONE', ( #10280 ), #4471, .F. ) ;
#7975 = ORIENTED_EDGE ( 'NONE', *, *, #10358, .T. ) ;
#7976 = LINE ( 'NONE', #10686, #7889 ) ;
#7977 = VERTEX_POINT ( 'NONE', #4236 ) ;
#7978 = LINE ( 'NONE', #7025, #4139 ) ;
#7979 = EDGE_CURVE ( 'NONE', #10132, #11978, #6373, .T. ) ;
#7980 = AXIS2_PLACEMENT_3D ( 'NONE', #10799, #11862, #11925 ) ;
#7981 = DIRECTION ( 'NONE',  ( 0.000000000000000000, 0.000000000000000000, -1.000000000000000000 ) ) ;
#7982 = VERTEX_POINT ( 'NONE', #2168 ) ;
#7983 = FACE_BOUND ( 'NONE', #10235, .T. ) ;
#7984 = AXIS2_PLACEMENT_3D ( 'NONE', #6843, #1751, #11389 ) ;
#7985 = FACE_OUTER_BOUND ( 'NONE', #9791, .T. ) ;
#7986 = EDGE_CURVE ( 'NONE', #8892, #11347, #5373, .T. ) ;
#7987 = ORIENTED_EDGE ( 'NONE', *, *, #5847, .T. ) ;
#7988 = DIRECTION ( 'NONE',  ( -1.000000000000000000, 0.000000000000000000, -0.000000000000000000 ) ) ;
#7989 = DIRECTION ( 'NONE',  ( 0.000000000000000000, -0.000000000000000000, 1.000000000000000000 ) ) ;
#7990 = CARTESIAN_POINT ( 'NONE',  ( -3.220000000000002416, 29.24999999999999289, 0.000000000000000000 ) ) ;
#7991 = CARTESIAN_POINT ( 'NONE',  ( 11.00000000000000000, 33.50999999999999091, -1.124999999999997113 ) ) ;
#7992 = DIRECTION ( 'NONE',  ( 0.000000000000000000, 0.000000000000000000, -1.000000000000000000 ) ) ;
#7993 = ORIENTED_EDGE ( 'NONE', *, *, #9599, .T. ) ;
#7994 = DIRECTION ( 'NONE',  ( 1.000000000000000000, -0.000000000000000000, -0.000000000000000000 ) ) ;
#7995 = AXIS2_PLACEMENT_3D ( 'NONE', #1238, #5969, #9819 ) ;
#7996 = DIRECTION ( 'NONE',  ( 1.000000000000000000, -0.000000000000000000, -0.000000000000000000 ) ) ;
#7997 = CARTESIAN_POINT ( 'NONE',  ( 11.31312545197055286, 51.53601671406578788, -0.9708986908746891631 ) ) ;
#7998 = ORIENTED_EDGE ( 'NONE', *, *, #10021, .T. ) ;
#7999 = CARTESIAN_POINT ( 'NONE',  ( 11.08815000000000062, 49.19999999999999574, 0.000000000000000000 ) ) ;
#8000 = ADVANCED_FACE ( 'NONE', ( #5492 ), #10051, .F. ) ;
#8001 = CARTESIAN_POINT ( 'NONE',  ( -10.51999999999999602, 3.000000000000000444, -9.410333024330023832 ) ) ;
#8002 = DIRECTION ( 'NONE',  ( -0.000000000000000000, -1.000000000000000000, -0.000000000000000000 ) ) ;
#8003 = DIRECTION ( 'NONE',  ( -1.000000000000000000, 0.000000000000000000, 0.000000000000000000 ) ) ;
#8004 = FACE_OUTER_BOUND ( 'NONE', #3913, .T. ) ;
#8005 = LINE ( 'NONE', #1207, #8726 ) ;
#8006 = ORIENTED_EDGE ( 'NONE', *, *, #5801, .T. ) ;
#8007 = ORIENTED_EDGE ( 'NONE', *, *, #6191, .F. ) ;
#8008 = VERTEX_POINT ( 'NONE', #6078 ) ;
#8009 = DIRECTION ( 'NONE',  ( -1.000000000000000000, 0.000000000000000000, 0.000000000000000000 ) ) ;
#8010 = CLOSED_SHELL ( 'NONE', ( #10299, #3629, #1660, #8213, #3645, #5588 ) ) ;
#8011 = ORIENTED_EDGE ( 'NONE', *, *, #5307, .F. ) ;
#8012 = DIRECTION ( 'NONE',  ( -1.000000000000000000, 0.000000000000000000, 0.000000000000000000 ) ) ;
#8013 = EDGE_CURVE ( 'NONE', #7798, #9032, #7782, .T. ) ;
#8014 = CARTESIAN_POINT ( 'NONE',  ( -11.00000000000000000, 33.50999999999999091, -1.124999999999997113 ) ) ;
#8015 = DIRECTION ( 'NONE',  ( -1.000000000000000000, -0.000000000000000000, -0.000000000000000000 ) ) ;
#8016 = ORIENTED_EDGE ( 'NONE', *, *, #10288, .F. ) ;
#8017 = DIRECTION ( 'NONE',  ( -0.000000000000000000, -1.000000000000000000, -0.000000000000000000 ) ) ;
#8018 = CARTESIAN_POINT ( 'NONE',  ( -11.26000000000000156, 21.71999999999999886, -1.500000000000000222 ) ) ;
#8019 = CIRCLE ( 'NONE', #600, 0.1718500000000005301 ) ;
#8020 = CARTESIAN_POINT ( 'NONE',  ( -11.99999999999999822, 53.00999999999999091, -1.124999999999997113 ) ) ;
#8021 = ORIENTED_EDGE ( 'NONE', *, *, #9510, .F. ) ;
#8022 = CIRCLE ( 'NONE', #5208, 0.1562499999999979461 ) ;
#8023 = CARTESIAN_POINT ( 'NONE',  ( 11.99999999999999822, 30.50999999999998735, -1.124999999999997113 ) ) ;
#8024 = EDGE_LOOP ( 'NONE', ( #346, #10424, #6603, #10850 ) ) ;
#8025 = PLANE ( 'NONE',  #801 ) ;
#8026 = ORIENTED_EDGE ( 'NONE', *, *, #1647, .T. ) ;
#8027 = AXIS2_PLACEMENT_3D ( 'NONE', #9019, #4098, #325 ) ;
#8028 = VECTOR ( 'NONE', #6401, 39.37007874015748143 ) ;
#8029 = CARTESIAN_POINT ( 'NONE',  ( 11.99999999999999822, 41.00999999999999801, -1.124999999999997113 ) ) ;
#8030 = ADVANCED_FACE ( 'NONE', ( #214 ), #9866, .T. ) ;
#8031 = ADVANCED_FACE ( 'NONE', ( #9264 ), #3106, .F. ) ;
#8032 = DIRECTION ( 'NONE',  ( 0.000000000000000000, 0.000000000000000000, 1.000000000000000000 ) ) ;
#8033 = ORIENTED_EDGE ( 'NONE', *, *, #953, .F. ) ;
#8034 = CARTESIAN_POINT ( 'NONE',  ( -10.51999999999999957, 59.18999999999999773, -2.249999999999999556 ) ) ;
#8035 = ORIENTED_EDGE ( 'NONE', *, *, #841, .T. ) ;
#8036 = DIRECTION ( 'NONE',  ( 1.000000000000000000, 0.000000000000000000, 0.000000000000000000 ) ) ;
#8037 = AXIS2_PLACEMENT_3D ( 'NONE', #1956, #6747, #3902 ) ;
#8038 = PLANE ( 'NONE',  #2363 ) ;
#8039 =( GEOMETRIC_REPRESENTATION_CONTEXT ( 3 ) GLOBAL_UNCERTAINTY_ASSIGNED_CONTEXT ( ( #6063 ) ) GLOBAL_UNIT_ASSIGNED_CONTEXT ( ( #12116, #4238, #8270 ) ) REPRESENTATION_CONTEXT ( 'NONE', 'WORKASPACE' ) );
#8040 =( CONVERSION_BASED_UNIT ( 'INCH', #4188 ) LENGTH_UNIT ( ) NAMED_UNIT ( #353 ) );
#8041 = DIRECTION ( 'NONE',  ( 0.000000000000000000, 0.000000000000000000, -1.000000000000000000 ) ) ;
#8042 = EDGE_LOOP ( 'NONE', ( #3797, #10834, #8195, #8980 ) ) ;
#8043 = EDGE_CURVE ( 'NONE', #8402, #8458, #6955, .T. ) ;
#8044 = DIRECTION ( 'NONE',  ( 0.000000000000000000, 0.000000000000000000, -1.000000000000000000 ) ) ;
#8045 = PRESENTATION_LAYER_ASSIGNMENT (  '', '', ( #6816 ) ) ;
#8046 = CARTESIAN_POINT ( 'NONE',  ( 11.00000000000000000, 53.00999999999999091, -1.124999999999997113 ) ) ;
#8047 = ORIENTED_EDGE ( 'NONE', *, *, #2383, .T. ) ;
#8048 = FACE_OUTER_BOUND ( 'NONE', #9908, .T. ) ;
#8049 = DIRECTION ( 'NONE',  ( -0.000000000000000000, -1.177520686924250979E-16, 1.000000000000000000 ) ) ;
#8050 = DIRECTION ( 'NONE',  ( 0.000000000000000000, 1.177520686924250979E-16, -1.000000000000000000 ) ) ;
#8051 = DIRECTION ( 'NONE',  ( 1.000000000000000000, -0.000000000000000000, -0.000000000000000000 ) ) ;
#8052 = LINE ( 'NONE', #5223, #1952 ) ;
#8053 = ORIENTED_EDGE ( 'NONE', *, *, #2523, .F. ) ;
#8054 = VECTOR ( 'NONE', #3179, 39.37007874015748143 ) ;
#8055 = EDGE_CURVE ( 'NONE', #6872, #9671, #7166, .T. ) ;
#8056 = CARTESIAN_POINT ( 'NONE',  ( 12.75000000000000355, 28.49999999999998579, -2.250000000000003109 ) ) ;
#8057 = EDGE_CURVE ( 'NONE', #6456, #72, #7078, .T. ) ;
#8058 = DIRECTION ( 'NONE',  ( 1.000000000000000000, -0.000000000000000000, -0.000000000000000000 ) ) ;
#8059 = VERTEX_POINT ( 'NONE', #3235 ) ;
#8060 = EDGE_CURVE ( 'NONE', #9316, #6663, #1351, .T. ) ;
#8061 = DIRECTION ( 'NONE',  ( 0.000000000000000000, 1.000000000000000000, 1.177520686924250979E-16 ) ) ;
#8062 = DIRECTION ( 'NONE',  ( -1.000000000000000000, 0.000000000000000000, 0.000000000000000000 ) ) ;
#8063 = AXIS2_PLACEMENT_3D ( 'NONE', #4151, #188, #312 ) ;
#8064 = PLANE ( 'NONE',  #8349 ) ;
#8065 = FACE_OUTER_BOUND ( 'NONE', #7647, .T. ) ;
#8066 = DIRECTION ( 'NONE',  ( -1.000000000000000000, 0.000000000000000000, 0.000000000000000000 ) ) ;
#8067 = FACE_OUTER_BOUND ( 'NONE', #11089, .T. ) ;
#8068 = VERTEX_POINT ( 'NONE', #7376 ) ;
#8069 = ORIENTED_EDGE ( 'NONE', *, *, #9509, .F. ) ;
#8070 = ORIENTED_EDGE ( 'NONE', *, *, #6643, .T. ) ;
#8071 = EDGE_CURVE ( 'NONE', #4743, #1659, #9798, .T. ) ;
#8072 = DIRECTION ( 'NONE',  ( 0.000000000000000000, 0.000000000000000000, -1.000000000000000000 ) ) ;
#8073 = VECTOR ( 'NONE', #12396, 39.37007874015748854 ) ;
#8074 = ORIENTED_EDGE ( 'NONE', *, *, #4516, .T. ) ;
#8075 = CARTESIAN_POINT ( 'NONE',  ( -12.75000000000000000, 39.50999999999999801, -0.9687499999999977796 ) ) ;
#8076 = CARTESIAN_POINT ( 'NONE',  ( 11.41759531916505388, 51.63134175074028320, -1.223656045637953271 ) ) ;
#8077 = SURFACE_STYLE_USAGE ( .BOTH. , #9150 ) ;
#8078 = VECTOR ( 'NONE', #9813, 39.37007874015748143 ) ;
#8079 = CYLINDRICAL_SURFACE ( 'NONE', #5882, 0.1718500000000005301 ) ;
#8080 = ORIENTED_EDGE ( 'NONE', *, *, #4907, .F. ) ;
#8081 = DIRECTION ( 'NONE',  ( -0.000000000000000000, -1.000000000000000000, -0.000000000000000000 ) ) ;
#8082 = CARTESIAN_POINT ( 'NONE',  ( -1.740000000000002656, 54.75000000000000000, 0.000000000000000000 ) ) ;
#8083 = AXIS2_PLACEMENT_3D ( 'NONE', #7665, #11321, #987 ) ;
#8084 = DIRECTION ( 'NONE',  ( 0.000000000000000000, 0.000000000000000000, -1.000000000000000000 ) ) ;
#8085 = ORIENTED_EDGE ( 'NONE', *, *, #9374, .F. ) ;
#8086 = DIRECTION ( 'NONE',  ( 0.000000000000000000, 0.000000000000000000, -1.000000000000000000 ) ) ;
#8087 = ORIENTED_EDGE ( 'NONE', *, *, #6542, .F. ) ;
#8088 = ADVANCED_FACE ( 'NONE', ( #5061, #8909, #272, #4107, #7966 ), #2292, .F. ) ;
#8089 = CARTESIAN_POINT ( 'NONE',  ( 12.75000000000000000, 41.00999999999999801, -1.124999999999997113 ) ) ;
#8090 = PRESENTATION_LAYER_ASSIGNMENT (  '', '', ( #4862 ) ) ;
#8091 = VECTOR ( 'NONE', #8081, 39.37007874015748143 ) ;
#8092 = EDGE_LOOP ( 'NONE', ( #9886, #7465 ) ) ;
#8093 = PLANE ( 'NONE',  #8651 ) ;
#8094 = DIRECTION ( 'NONE',  ( -1.000000000000000000, 0.000000000000000000, 0.000000000000000000 ) ) ;
#8095 = DIRECTION ( 'NONE',  ( 0.000000000000000000, 1.000000000000000000, 0.000000000000000000 ) ) ;
#8096 = EDGE_LOOP ( 'NONE', ( #9354, #5109 ) ) ;
#8097 = DIRECTION ( 'NONE',  ( -1.000000000000000000, 0.000000000000000000, 0.000000000000000000 ) ) ;
#8098 = ORIENTED_EDGE ( 'NONE', *, *, #4510, .F. ) ;
#8099 = VECTOR ( 'NONE', #2469, 39.37007874015748143 ) ;
#8100 = DIRECTION ( 'NONE',  ( -0.000000000000000000, -0.000000000000000000, 1.000000000000000000 ) ) ;
#8101 = CIRCLE ( 'NONE', #1060, 0.1718500000000005301 ) ;
#8102 = FILL_AREA_STYLE ('',( #9941 ) ) ;
#8103 = SURFACE_STYLE_FILL_AREA ( #1305 ) ;
#8104 = ORIENTED_EDGE ( 'NONE', *, *, #11911, .F. ) ;
#8105 = EDGE_CURVE ( 'NONE', #5436, #4780, #10861, .T. ) ;
#8106 = EDGE_CURVE ( 'NONE', #8399, #10399, #9990, .T. ) ;
#8107 = DIRECTION ( 'NONE',  ( 0.000000000000000000, 0.000000000000000000, -1.000000000000000000 ) ) ;
#8108 = ORIENTED_EDGE ( 'NONE', *, *, #11235, .T. ) ;
#8109 = AXIS2_PLACEMENT_3D ( 'NONE', #10701, #2071, #9770 ) ;
#8110 = AXIS2_PLACEMENT_3D ( 'NONE', #7217, #3247, #3370 ) ;
#8111 = PLANE ( 'NONE',  #2608 ) ;
#8112 = ORIENTED_EDGE ( 'NONE', *, *, #1427, .F. ) ;
#8113 = LINE ( 'NONE', #12015, #10101 ) ;
#8114 = DIRECTION ( 'NONE',  ( 1.000000000000000000, -0.000000000000000000, -0.000000000000000000 ) ) ;
#8115 = DIRECTION ( 'NONE',  ( 1.000000000000000000, 0.000000000000000000, 0.000000000000000000 ) ) ;
#8116 = DIRECTION ( 'NONE',  ( -1.000000000000000000, 0.000000000000000000, 0.000000000000000000 ) ) ;
#8117 = CARTESIAN_POINT ( 'NONE',  ( 11.26000000000000156, 51.69999999999999574, 0.000000000000000000 ) ) ;
#8118 = ORIENTED_EDGE ( 'NONE', *, *, #9211, .T. ) ;
#8119 = EDGE_CURVE ( 'NONE', #2652, #5618, #2636, .T. ) ;
#8120 = FACE_OUTER_BOUND ( 'NONE', #5771, .T. ) ;
#8121 = CARTESIAN_POINT ( 'NONE',  ( 11.14518477892729464, 51.57197035237013694, -0.9814957017509416959 ) ) ;
#8122 = VERTEX_POINT ( 'NONE', #755 ) ;
#8123 = ORIENTED_EDGE ( 'NONE', *, *, #8752, .T. ) ;
#8124 = CARTESIAN_POINT ( 'NONE',  ( -0.3750000000000027200, 69.23000000000000398, 0.000000000000000000 ) ) ;
#8125 = CARTESIAN_POINT ( 'NONE',  ( 11.26000000000000156, 49.19999999999999574, 0.000000000000000000 ) ) ;
#8126 = PLANE ( 'NONE',  #12374 ) ;
#8127 = ADVANCED_FACE ( 'NONE', ( #9322 ), #10336, .F. ) ;
#8128 = CARTESIAN_POINT ( 'NONE',  ( 11.26000000000000156, 11.24000000000000199, 0.000000000000000000 ) ) ;
#8129 = ADVANCED_FACE ( 'NONE', ( #7311 ), #9455, .F. ) ;
#8130 = DIRECTION ( 'NONE',  ( 1.000000000000000000, -0.000000000000000000, -0.000000000000000000 ) ) ;
#8131 = CARTESIAN_POINT ( 'NONE',  ( 10.51999999999999957, 10.75000000000000178, -1.500000000000000222 ) ) ;
#8132 = ORIENTED_EDGE ( 'NONE', *, *, #7656, .T. ) ;
#8133 = VERTEX_POINT ( 'NONE', #691 ) ;
#8134 = EDGE_CURVE ( 'NONE', #9957, #2552, #8376, .T. ) ;
#8135 = CIRCLE ( 'NONE', #2098, 0.1562499999999979461 ) ;
#8136 = VERTEX_POINT ( 'NONE', #6555 ) ;
#8137 = DIRECTION ( 'NONE',  ( 0.000000000000000000, 0.000000000000000000, -1.000000000000000000 ) ) ;
#8138 = ORIENTED_EDGE ( 'NONE', *, *, #5097, .F. ) ;
#8139 = DIRECTION ( 'NONE',  ( 0.000000000000000000, 0.000000000000000000, -1.000000000000000000 ) ) ;
#8140 = AXIS2_PLACEMENT_3D ( 'NONE', #10473, #10536, #1843 ) ;
#8141 = CARTESIAN_POINT ( 'NONE',  ( 11.40877420728874014, 51.61380657911082892, -1.241940972179741420 ) ) ;
#8142 = FILL_AREA_STYLE ('',( #11855 ) ) ;
#8143 = VECTOR ( 'NONE', #11587, 39.37007874015748143 ) ;
#8144 = CYLINDRICAL_SURFACE ( 'NONE', #7490, 0.1718500000000005301 ) ;
#8145 = ORIENTED_EDGE ( 'NONE', *, *, #11307, .T. ) ;
#8146 = EDGE_CURVE ( 'NONE', #11985, #3760, #3581, .T. ) ;
#8147 = CYLINDRICAL_SURFACE ( 'NONE', #2060, 0.1562499999999978073 ) ;
#8148 = LINE ( 'NONE', #11112, #12165 ) ;
#8149 = DIRECTION ( 'NONE',  ( -1.000000000000000000, -0.000000000000000000, -0.000000000000000000 ) ) ;
#8150 = ORIENTED_EDGE ( 'NONE', *, *, #2353, .F. ) ;
#8151 = VECTOR ( 'NONE', #8523, 39.37007874015748143 ) ;
#8152 = STYLED_ITEM ( 'NONE', ( #2244 ), #5183 ) ;
#8153 = SURFACE_STYLE_FILL_AREA ( #9093 ) ;
#8154 = ORIENTED_EDGE ( 'NONE', *, *, #123, .T. ) ;
#8155 = CARTESIAN_POINT ( 'NONE',  ( -10.51999999999999957, 9.940840045854137941, -6.358918193179024847 ) ) ;
#8156 = FACE_OUTER_BOUND ( 'NONE', #5641, .T. ) ;
#8157 = VECTOR ( 'NONE', #2748, 39.37007874015748143 ) ;
#8158 = ORIENTED_EDGE ( 'NONE', *, *, #7049, .T. ) ;
#8159 = VECTOR ( 'NONE', #4790, 39.37007874015748143 ) ;
#8160 = ADVANCED_FACE ( 'NONE', ( #8505 ), #8437, .F. ) ;
#8161 = DIRECTION ( 'NONE',  ( 0.000000000000000000, 0.000000000000000000, -1.000000000000000000 ) ) ;
#8162 = ORIENTED_EDGE ( 'NONE', *, *, #5372, .F. ) ;
#8163 = DIRECTION ( 'NONE',  ( -1.000000000000000000, 0.000000000000000000, 0.000000000000000000 ) ) ;
#8164 = CARTESIAN_POINT ( 'NONE',  ( 3.219999999999996643, 29.24999999999999289, 0.000000000000000000 ) ) ;
#8165 = FILL_AREA_STYLE_COLOUR ( '', #2506 ) ;
#8166 = EDGE_LOOP ( 'NONE', ( #3113, #10510 ) ) ;
#8167 = CARTESIAN_POINT ( 'NONE',  ( 12.75000000000000000, 44.00999999999999801, -0.9687500000000012212 ) ) ;
#8168 = VECTOR ( 'NONE', #5461, 39.37007874015748143 ) ;
#8169 = VECTOR ( 'NONE', #9585, 39.37007874015748143 ) ;
#8170 = ORIENTED_EDGE ( 'NONE', *, *, #4127, .T. ) ;
#8171 = FACE_OUTER_BOUND ( 'NONE', #8553, .T. ) ;
#8172 = ORIENTED_EDGE ( 'NONE', *, *, #5262, .T. ) ;
#8173 = ADVANCED_FACE ( 'NONE', ( #8250 ), #11158, .F. ) ;
#8174 = PLANE ( 'NONE',  #27 ) ;
#8175 = ADVANCED_FACE ( 'NONE', ( #627 ), #7374, .F. ) ;
#8176 = DIRECTION ( 'NONE',  ( 0.000000000000000000, 0.000000000000000000, -1.000000000000000000 ) ) ;
#8177 = VECTOR ( 'NONE', #2228, 39.37007874015748143 ) ;
#8178 = CARTESIAN_POINT ( 'NONE',  ( -12.75000000000000355, 29.97999999999998977, 2.729999999999999982 ) ) ;
#8179 = CARTESIAN_POINT ( 'NONE',  ( -11.08815000000000062, 21.71999999999999886, -2.250000000000000444 ) ) ;
#8180 = DIRECTION ( 'NONE',  ( -1.000000000000000000, 0.000000000000000000, 0.000000000000000000 ) ) ;
#8181 = VERTEX_POINT ( 'NONE', #11097 ) ;
#8182 = LINE ( 'NONE', #10146, #12243 ) ;
#8183 = CARTESIAN_POINT ( 'NONE',  ( 11.40330917607771255, 51.60500108446665735, -1.000801305325613955 ) ) ;
#8184 = ORIENTED_EDGE ( 'NONE', *, *, #5214, .T. ) ;
#8185 = AXIS2_PLACEMENT_3D ( 'NONE', #9894, #10826, #4266 ) ;
#8186 = VERTEX_POINT ( 'NONE', #12156 ) ;
#8187 = CYLINDRICAL_SURFACE ( 'NONE', #4017, 0.1562499999999979461 ) ;
#8188 = EDGE_CURVE ( 'NONE', #845, #7457, #7501, .T. ) ;
#8189 = DIRECTION ( 'NONE',  ( 0.000000000000000000, 0.000000000000000000, -1.000000000000000000 ) ) ;
#8190 = EDGE_CURVE ( 'NONE', #2846, #6725, #7435, .T. ) ;
#8191 = LINE ( 'NONE', #12032, #9161 ) ;
#8192 = LINE ( 'NONE', #6308, #9733 ) ;
#8193 = CARTESIAN_POINT ( 'NONE',  ( 11.99999999999999822, 48.50999999999999091, -0.9687499999999992228 ) ) ;
#8194 = CARTESIAN_POINT ( 'NONE',  ( 11.99999999999999822, 3.750000000000000888, -9.410333024330023832 ) ) ;
#8195 = ORIENTED_EDGE ( 'NONE', *, *, #4814, .F. ) ;
#8196 = AXIS2_PLACEMENT_3D ( 'NONE', #8900, #264, #6440 ) ;
#8197 = ORIENTED_EDGE ( 'NONE', *, *, #3789, .F. ) ;
#8198 = ORIENTED_EDGE ( 'NONE', *, *, #10706, .F. ) ;
#8199 = CARTESIAN_POINT ( 'NONE',  ( -10.51999999999999957, 59.18999999999999773, -1.500000000000000222 ) ) ;
#8200 = VERTEX_POINT ( 'NONE', #2457 ) ;
#8201 = CARTESIAN_POINT ( 'NONE',  ( 11.99999999999999822, 33.50999999999999091, -0.9687499999999992228 ) ) ;
#8202 = EDGE_CURVE ( 'NONE', #12298, #3677, #2519, .T. ) ;
#8203 = DIRECTION ( 'NONE',  ( 0.000000000000000000, 0.000000000000000000, 1.000000000000000000 ) ) ;
#8204 = ORIENTED_EDGE ( 'NONE', *, *, #1691, .T. ) ;
#8205 = CARTESIAN_POINT ( 'NONE',  ( 11.99999999999999822, 26.00999999999999091, -0.9687499999999992228 ) ) ;
#8206 = CARTESIAN_POINT ( 'NONE',  ( -10.51999999999999957, 3.750000000000003553, -1.500000000000000222 ) ) ;
#8207 = CARTESIAN_POINT ( 'NONE',  ( -10.51999999999999957, 48.71000000000000085, -0.7499999999999940048 ) ) ;
#8208 = ORIENTED_EDGE ( 'NONE', *, *, #10805, .F. ) ;
#8209 = ORIENTED_EDGE ( 'NONE', *, *, #6213, .F. ) ;
#8210 = CIRCLE ( 'NONE', #3985, 0.1562499999999979461 ) ;
#8211 = PRESENTATION_STYLE_ASSIGNMENT (( #10116 ) ) ;
#8212 = EDGE_CURVE ( 'NONE', #11215, #7952, #10202, .T. ) ;
#8213 = ADVANCED_FACE ( 'NONE', ( #9392 ), #6368, .F. ) ;
#8214 = VERTEX_POINT ( 'NONE', #5428 ) ;
#8215 = PLANE ( 'NONE',  #2388 ) ;
#8216 = ADVANCED_FACE ( 'NONE', ( #5615, #10158, #10520, #58, #8685, #6798, #3892 ), #884, .F. ) ;
#8217 = CARTESIAN_POINT ( 'NONE',  ( 0.3749999999999975020, 21.22999999999999687, 0.000000000000000000 ) ) ;
#8218 = AXIS2_PLACEMENT_3D ( 'NONE', #11775, #2261, #3263 ) ;
#8219 = ORIENTED_EDGE ( 'NONE', *, *, #10450, .T. ) ;
#8220 = DIRECTION ( 'NONE',  ( -0.000000000000000000, -0.000000000000000000, -1.000000000000000000 ) ) ;
#8221 = VERTEX_POINT ( 'NONE', #8623 ) ;
#8222 = CARTESIAN_POINT ( 'NONE',  ( -11.09179719954069654, 51.66461521061997786, -1.151213270681332501 ) ) ;
#8223 = CARTESIAN_POINT ( 'NONE',  ( 11.13962516857941942, 51.57719283647680442, -1.266157306720311793 ) ) ;
#8224 = DIRECTION ( 'NONE',  ( -0.000000000000000000, -0.000000000000000000, 1.000000000000000000 ) ) ;
#8225 = VERTEX_POINT ( 'NONE', #12460 ) ;
#8226 = CIRCLE ( 'NONE', #9034, 0.1718500000000005301 ) ;
#8227 = CARTESIAN_POINT ( 'NONE',  ( -11.99999999999999822, 25.01999999999998181, 3.479999999999999982 ) ) ;
#8228 = EDGE_CURVE ( 'NONE', #853, #4252, #1128, .T. ) ;
#8229 = EDGE_LOOP ( 'NONE', ( #12193, #12053 ) ) ;
#8230 = FACE_BOUND ( 'NONE', #5815, .T. ) ;
#8231 = ORIENTED_EDGE ( 'NONE', *, *, #420, .T. ) ;
#8232 = CARTESIAN_POINT ( 'NONE',  ( -1.740000000000002656, 22.51999999999998181, 0.000000000000000000 ) ) ;
#8233 = LINE ( 'NONE', #4391, #11382 ) ;
#8234 = DIRECTION ( 'NONE',  ( 1.000000000000000000, 0.000000000000000000, 0.000000000000000000 ) ) ;
#8235 = DIRECTION ( 'NONE',  ( 0.000000000000000000, 0.000000000000000000, 1.000000000000000000 ) ) ;
#8236 = ORIENTED_EDGE ( 'NONE', *, *, #720, .T. ) ;
#8237 = LINE ( 'NONE', #8297, #3683 ) ;
#8238 = CARTESIAN_POINT ( 'NONE',  ( 11.00000000000000000, 30.50999999999998735, -1.124999999999997113 ) ) ;
#8239 = EDGE_CURVE ( 'NONE', #6490, #1565, #9708, .T. ) ;
#8240 = CARTESIAN_POINT ( 'NONE',  ( 11.09357151284651799, 51.65709469680680854, -1.071880503410616248 ) ) ;
#8241 = AXIS2_PLACEMENT_3D ( 'NONE', #10635, #8742, #3947 ) ;
#8242 = VERTEX_POINT ( 'NONE', #945 ) ;
#8243 = ORIENTED_EDGE ( 'NONE', *, *, #2442, .F. ) ;
#8244 = DIRECTION ( 'NONE',  ( 0.000000000000000000, 1.000000000000000000, 0.000000000000000000 ) ) ;
#8245 = DIRECTION ( 'NONE',  ( 0.000000000000000000, -0.000000000000000000, -1.000000000000000000 ) ) ;
#8246 = CARTESIAN_POINT ( 'NONE',  ( 11.99999999999999822, 21.22999999999999687, -1.499999999999997113 ) ) ;
#8247 = LINE ( 'NONE', #12154, #7697 ) ;
#8248 = LINE ( 'NONE', #10967, #12373 ) ;
#8249 = CIRCLE ( 'NONE', #6650, 0.1718500000000005301 ) ;
#8250 = FACE_OUTER_BOUND ( 'NONE', #1359, .T. ) ;
#8251 = EDGE_LOOP ( 'NONE', ( #9483, #1640 ) ) ;
#8252 = ORIENTED_EDGE ( 'NONE', *, *, #11438, .T. ) ;
#8253 = EDGE_LOOP ( 'NONE', ( #8646, #10025, #11450, #9228 ) ) ;
#8254 = EDGE_CURVE ( 'NONE', #4780, #8991, #4779, .T. ) ;
#8255 = DIRECTION ( 'NONE',  ( -0.000000000000000000, -1.000000000000000000, -0.000000000000000000 ) ) ;
#8256 = EDGE_CURVE ( 'NONE', #10938, #359, #5162, .T. ) ;
#8257 = ORIENTED_EDGE ( 'NONE', *, *, #1876, .T. ) ;
#8258 = AXIS2_PLACEMENT_3D ( 'NONE', #2453, #1634, #11964 ) ;
#8259 = FACE_OUTER_BOUND ( 'NONE', #3155, .T. ) ;
#8260 = LINE ( 'NONE', #2586, #5391 ) ;
#8261 = CARTESIAN_POINT ( 'NONE',  ( 11.99999999999999822, 52.18999999999999773, -0.7499999999999936717 ) ) ;
#8262 = EDGE_LOOP ( 'NONE', ( #3636, #9013 ) ) ;
#8263 = DIRECTION ( 'NONE',  ( 1.000000000000000000, 0.000000000000000000, 0.000000000000000000 ) ) ;
#8264 = CARTESIAN_POINT ( 'NONE',  ( -11.99999999999999822, 3.750000000000000000, -8.612199694973096342 ) ) ;
#8265 = CARTESIAN_POINT ( 'NONE',  ( 12.75000000000000000, 53.00999999999999091, -1.124999999999997113 ) ) ;
#8266 = ORIENTED_EDGE ( 'NONE', *, *, #5991, .T. ) ;
#8267 = VERTEX_POINT ( 'NONE', #2827 ) ;
#8268 = AXIS2_PLACEMENT_3D ( 'NONE', #11400, #9583, #6610 ) ;
#8269 = EDGE_CURVE ( 'NONE', #6332, #4881, #2540, .T. ) ;
#8270 =( NAMED_UNIT ( * ) SI_UNIT ( $, .STERADIAN. ) SOLID_ANGLE_UNIT ( ) );
#8271 = ORIENTED_EDGE ( 'NONE', *, *, #8981, .T. ) ;
#8272 = FACE_OUTER_BOUND ( 'NONE', #4675, .T. ) ;
#8273 = VECTOR ( 'NONE', #927, 39.37007874015748143 ) ;
#8274 = VECTOR ( 'NONE', #11445, 39.37007874015748143 ) ;
#8275 = ORIENTED_EDGE ( 'NONE', *, *, #3720, .F. ) ;
#8276 = LINE ( 'NONE', #12062, #5271 ) ;
#8277 = ORIENTED_EDGE ( 'NONE', *, *, #4127, .F. ) ;
#8278 = EDGE_CURVE ( 'NONE', #780, #2813, #11582, .T. ) ;
#8279 = CARTESIAN_POINT ( 'NONE',  ( -11.31253808265536165, 51.53583564816501195, -1.279130489625036615 ) ) ;
#8280 = LINE ( 'NONE', #12127, #6389 ) ;
#8281 = CIRCLE ( 'NONE', #8495, 0.1562499999999978073 ) ;
#8282 = DIRECTION ( 'NONE',  ( 0.000000000000000000, 0.000000000000000000, -1.000000000000000000 ) ) ;
#8283 = ORIENTED_EDGE ( 'NONE', *, *, #4141, .T. ) ;
#8284 = AXIS2_PLACEMENT_3D ( 'NONE', #7715, #6709, #3981 ) ;
#8285 = EDGE_CURVE ( 'NONE', #7125, #6283, #9606, .T. ) ;
#8286 =( NAMED_UNIT ( * ) SI_UNIT ( $, .STERADIAN. ) SOLID_ANGLE_UNIT ( ) );
#8287 = VERTEX_POINT ( 'NONE', #6615 ) ;
#8288 = FACE_BOUND ( 'NONE', #7170, .T. ) ;
#8289 = AXIS2_PLACEMENT_3D ( 'NONE', #4153, #8003, #11841 ) ;
#8290 = ORIENTED_EDGE ( 'NONE', *, *, #5099, .F. ) ;
#8291 = FACE_BOUND ( 'NONE', #2154, .T. ) ;
#8292 = LINE ( 'NONE', #12137, #10167 ) ;
#8293 = EDGE_CURVE ( 'NONE', #2568, #8394, #4901, .T. ) ;
#8294 = DIRECTION ( 'NONE',  ( 0.000000000000000000, 0.000000000000000000, -1.000000000000000000 ) ) ;
#8295 = DIRECTION ( 'NONE',  ( 1.000000000000000000, 0.000000000000000000, 0.000000000000000000 ) ) ;
#8296 = ORIENTED_EDGE ( 'NONE', *, *, #9763, .T. ) ;
#8297 = CARTESIAN_POINT ( 'NONE',  ( 11.99999999999999822, 23.42285330012234468, -2.249999999999996891 ) ) ;
#8298 = CARTESIAN_POINT ( 'NONE',  ( -11.00000000000000000, 51.50999999999999091, -1.281249999999994893 ) ) ;
#8299 = VECTOR ( 'NONE', #10579, 39.37007874015748143 ) ;
#8300 = DIRECTION ( 'NONE',  ( 2.913971193241878794E-15, 1.000000000000000000, -0.000000000000000000 ) ) ;
#8301 = VECTOR ( 'NONE', #1256, 39.37007874015748143 ) ;
#8302 = VERTEX_POINT ( 'NONE', #3771 ) ;
#8303 = ORIENTED_EDGE ( 'NONE', *, *, #3872, .F. ) ;
#8304 = FACE_BOUND ( 'NONE', #4363, .T. ) ;
#8305 = FACE_BOUND ( 'NONE', #7392, .T. ) ;
#8306 = CARTESIAN_POINT ( 'NONE',  ( 11.43185000000000251, 51.69999999999999574, -1.499999999999993561 ) ) ;
#8307 = DIRECTION ( 'NONE',  ( -0.000000000000000000, 0.000000000000000000, -1.000000000000000000 ) ) ;
#8308 = ADVANCED_FACE ( 'NONE', ( #10703 ), #10642, .F. ) ;
#8309 = CARTESIAN_POINT ( 'NONE',  ( -3.220000000000002416, 29.24999999999999289, -0.7499999999999998890 ) ) ;
#8310 = CARTESIAN_POINT ( 'NONE',  ( -10.51999999999999957, 21.22999999999999687, -2.249999999999997780 ) ) ;
#8311 = ORIENTED_EDGE ( 'NONE', *, *, #11346, .F. ) ;
#8312 = DIRECTION ( 'NONE',  ( -1.000000000000000000, -0.000000000000000000, -0.000000000000000000 ) ) ;
#8313 = ORIENTED_EDGE ( 'NONE', *, *, #11821, .F. ) ;
#8314 = DIRECTION ( 'NONE',  ( 0.000000000000000000, 0.000000000000000000, -1.000000000000000000 ) ) ;
#8315 = CARTESIAN_POINT ( 'NONE',  ( -11.08815000000000062, 51.69999999999999574, -0.7499999999999936717 ) ) ;
#8316 = VECTOR ( 'NONE', #8949, 39.37007874015748143 ) ;
#8317 = VERTEX_POINT ( 'NONE', #11463 ) ;
#8318 = CARTESIAN_POINT ( 'NONE',  ( -11.26000000000000156, 11.24000000000000199, 0.000000000000000000 ) ) ;
#8319 = PLANE ( 'NONE',  #3375 ) ;
#8320 = DIRECTION ( 'NONE',  ( -1.000000000000000000, -0.000000000000000000, -0.000000000000000000 ) ) ;
#8321 = DIRECTION ( 'NONE',  ( 1.000000000000000000, -0.000000000000000000, -0.000000000000000000 ) ) ;
#8322 = ORIENTED_EDGE ( 'NONE', *, *, #11037, .F. ) ;
#8323 = ADVANCED_FACE ( 'NONE', ( #7624 ), #4962, .F. ) ;
#8324 = FILL_AREA_STYLE ('',( #9275 ) ) ;
#8325 = DIRECTION ( 'NONE',  ( 0.000000000000000000, 0.9396926207859105373, 0.3420201433256630508 ) ) ;
#8326 = EDGE_CURVE ( 'NONE', #10044, #6187, #3750, .T. ) ;
#8327 = DIRECTION ( 'NONE',  ( 0.000000000000000000, 1.000000000000000000, 0.000000000000000000 ) ) ;
#8328 = ORIENTED_EDGE ( 'NONE', *, *, #825, .T. ) ;
#8329 = AXIS2_PLACEMENT_3D ( 'NONE', #6765, #6876, #11791 ) ;
#8330 = ORIENTED_EDGE ( 'NONE', *, *, #11570, .F. ) ;
#8331 = DIMENSIONAL_EXPONENTS ( 1.000000000000000000, 0.000000000000000000, 0.000000000000000000, 0.000000000000000000, 0.000000000000000000, 0.000000000000000000, 0.000000000000000000 ) ;
#8332 = CARTESIAN_POINT ( 'NONE',  ( 11.99999999999999822, 24.70999999999999730, -0.7499999999999972244 ) ) ;
#8333 = ORIENTED_EDGE ( 'NONE', *, *, #12115, .T. ) ;
#8334 = CARTESIAN_POINT ( 'NONE',  ( 11.00000000000000000, 33.50999999999999091, -1.281249999999994893 ) ) ;
#8335 = AXIS2_PLACEMENT_3D ( 'NONE', #8812, #3015, #7628 ) ;
#8336 = ORIENTED_EDGE ( 'NONE', *, *, #6258, .T. ) ;
#8337 = LINE ( 'NONE', #1735, #7691 ) ;
#8338 = EDGE_CURVE ( 'NONE', #5490, #923, #11011, .T. ) ;
#8339 = ORIENTED_EDGE ( 'NONE', *, *, #3617, .T. ) ;
#8340 = AXIS2_PLACEMENT_3D ( 'NONE', #10233, #581, #6383 ) ;
#8341 = PRESENTATION_LAYER_ASSIGNMENT (  '', '', ( #9764 ) ) ;
#8342 = CARTESIAN_POINT ( 'NONE',  ( -11.42509345269387921, 51.65221520022143409, -1.190065756637638028 ) ) ;
#8343 = FACE_OUTER_BOUND ( 'NONE', #9554, .T. ) ;
#8344 = SURFACE_STYLE_USAGE ( .BOTH. , #4504 ) ;
#8345 = DIRECTION ( 'NONE',  ( 0.000000000000000000, -1.000000000000000000, 0.000000000000000000 ) ) ;
#8346 = EDGE_LOOP ( 'NONE', ( #6628, #11722, #7611, #10811 ) ) ;
#8347 = VECTOR ( 'NONE', #8764, 39.37007874015748143 ) ;
#8348 = EDGE_CURVE ( 'NONE', #12014, #10561, #338, .T. ) ;
#8349 = AXIS2_PLACEMENT_3D ( 'NONE', #7115, #7245, #11093 ) ;
#8350 = FACE_BOUND ( 'NONE', #12413, .T. ) ;
#8351 = CARTESIAN_POINT ( 'NONE',  ( 11.99999999999999822, 24.70999999999999730, -0.7499999999999972244 ) ) ;
#8352 = ORIENTED_EDGE ( 'NONE', *, *, #10746, .F. ) ;
#8353 = DIRECTION ( 'NONE',  ( 1.000000000000000000, 0.000000000000000000, 0.000000000000000000 ) ) ;
#8354 = ADVANCED_FACE ( 'NONE', ( #11523 ), #6738, .T. ) ;
#8355 = CARTESIAN_POINT ( 'NONE',  ( 11.99999999999999822, 27.50999999999998735, -1.281249999999994893 ) ) ;
#8356 = VERTEX_POINT ( 'NONE', #2379 ) ;
#8357 = CARTESIAN_POINT ( 'NONE',  ( 12.75000000000000000, 32.00999999999999091, -0.9687499999999992228 ) ) ;
#8358 = PLANE ( 'NONE',  #6186 ) ;
#8359 = ORIENTED_EDGE ( 'NONE', *, *, #8757, .F. ) ;
#8360 = AXIS2_PLACEMENT_3D ( 'NONE', #364, #8234, #1316 ) ;
#8361 = FILL_AREA_STYLE ('',( #2814 ) ) ;
#8362 = VECTOR ( 'NONE', #12260, 39.37007874015748143 ) ;
#8363 = PLANE ( 'NONE',  #10445 ) ;
#8364 = DIRECTION ( 'NONE',  ( -0.000000000000000000, -0.000000000000000000, 1.000000000000000000 ) ) ;
#8365 = ORIENTED_EDGE ( 'NONE', *, *, #1679, .F. ) ;
#8366 = EDGE_CURVE ( 'NONE', #136, #7829, #11955, .T. ) ;
#8367 = EDGE_CURVE ( 'NONE', #1908, #8225, #6171, .T. ) ;
#8368 = ORIENTED_EDGE ( 'NONE', *, *, #7832, .F. ) ;
#8369 = DIRECTION ( 'NONE',  ( 0.000000000000000000, 0.9396926207859105373, 0.3420201433256630508 ) ) ;
#8370 = VECTOR ( 'NONE', #11939, 39.37007874015748143 ) ;
#8371 = DIRECTION ( 'NONE',  ( 1.000000000000000000, -0.000000000000000000, -0.000000000000000000 ) ) ;
#8372 = EDGE_CURVE ( 'NONE', #6836, #10800, #6982, .T. ) ;
#8373 = DIRECTION ( 'NONE',  ( 1.000000000000000000, 0.000000000000000000, -1.845843238962340985E-16 ) ) ;
#8374 = PLANE ( 'NONE',  #49 ) ;
#8375 = DIRECTION ( 'NONE',  ( 1.000000000000000000, 0.000000000000000000, 0.000000000000000000 ) ) ;
#8376 = LINE ( 'NONE', #8310, #4757 ) ;
#8377 = ORIENTED_EDGE ( 'NONE', *, *, #1521, .F. ) ;
#8378 = CARTESIAN_POINT ( 'NONE',  ( 11.99999999999999645, 3.750000000000003553, 8.589666975669972615 ) ) ;
#8379 = ORIENTED_EDGE ( 'NONE', *, *, #11526, .F. ) ;
#8380 = AXIS2_PLACEMENT_3D ( 'NONE', #2948, #11405, #5918 ) ;
#8381 = DIRECTION ( 'NONE',  ( -1.000000000000000000, 0.000000000000000000, 0.000000000000000000 ) ) ;
#8382 = CARTESIAN_POINT ( 'NONE',  ( -12.75000000000000000, 26.00999999999999091, -1.281249999999994893 ) ) ;
#8383 = EDGE_CURVE ( 'NONE', #9393, #1913, #10608, .T. ) ;
#8384 = ORIENTED_EDGE ( 'NONE', *, *, #5068, .F. ) ;
#8385 = DIRECTION ( 'NONE',  ( -1.000000000000000000, 0.000000000000000000, 0.000000000000000000 ) ) ;
#8386 = DIRECTION ( 'NONE',  ( 1.000000000000000000, -0.000000000000000000, -0.000000000000000000 ) ) ;
#8387 = LINE ( 'NONE', #10408, #4934 ) ;
#8388 = CIRCLE ( 'NONE', #7591, 0.1562499999999979461 ) ;
#8389 = CARTESIAN_POINT ( 'NONE',  ( 11.99999999999999822, 21.22999999999999687, -1.500000000000000222 ) ) ;
#8390 = ORIENTED_EDGE ( 'NONE', *, *, #205, .T. ) ;
#8391 = DIRECTION ( 'NONE',  ( 0.000000000000000000, 0.000000000000000000, -1.000000000000000000 ) ) ;
#8392 = CARTESIAN_POINT ( 'NONE',  ( -10.51999999999999957, 3.750000000000000000, -8.612199694973096342 ) ) ;
#8393 = ORIENTED_EDGE ( 'NONE', *, *, #2257, .F. ) ;
#8394 = VERTEX_POINT ( 'NONE', #10891 ) ;
#8395 = CARTESIAN_POINT ( 'NONE',  ( 12.75000000000000000, 27.50999999999998735, -1.281249999999994893 ) ) ;
#8396 = ORIENTED_EDGE ( 'NONE', *, *, #11346, .T. ) ;
#8397 = AXIS2_PLACEMENT_3D ( 'NONE', #11291, #3533, #3407 ) ;
#8398 = EDGE_CURVE ( 'NONE', #339, #7760, #1748, .T. ) ;
#8399 = VERTEX_POINT ( 'NONE', #8934 ) ;
#8400 = CARTESIAN_POINT ( 'NONE',  ( 11.43185000000000251, 13.74000000000000199, -1.499999999999998224 ) ) ;
#8401 = SURFACE_SIDE_STYLE ('',( #11431 ) ) ;
#8402 = VERTEX_POINT ( 'NONE', #1254 ) ;
#8403 = FACE_OUTER_BOUND ( 'NONE', #3994, .T. ) ;
#8404 = LINE ( 'NONE', #8178, #10728 ) ;
#8405 = ORIENTED_EDGE ( 'NONE', *, *, #12069, .T. ) ;
#8406 = AXIS2_PLACEMENT_3D ( 'NONE', #10198, #607, #548 ) ;
#8407 = CARTESIAN_POINT ( 'NONE',  ( 11.99999999999999822, 30.50999999999998735, -0.9687499999999992228 ) ) ;
#8408 = DIRECTION ( 'NONE',  ( 0.000000000000000000, 0.9396926207859105373, 0.3420201433256630508 ) ) ;
#8409 =( NAMED_UNIT ( * ) PLANE_ANGLE_UNIT ( ) SI_UNIT ( $, .RADIAN. ) );
#8410 = ADVANCED_FACE ( 'NONE', ( #366 ), #5090, .F. ) ;
#8411 = ADVANCED_FACE ( 'NONE', ( #4075 ), #300, .F. ) ;
#8412 = ORIENTED_EDGE ( 'NONE', *, *, #514, .T. ) ;
#8413 = CLOSED_SHELL ( 'NONE', ( #3417, #6229, #10075, #3089, #1476, #7535 ) ) ;
#8414 = DIRECTION ( 'NONE',  ( 1.000000000000000000, 0.000000000000000000, 0.000000000000000000 ) ) ;
#8415 = SURFACE_STYLE_FILL_AREA ( #5467 ) ;
#8416 = ORIENTED_EDGE ( 'NONE', *, *, #7207, .F. ) ;
#8417 = CARTESIAN_POINT ( 'NONE',  ( 11.00000000000000000, 35.00999999999999091, -1.281249999999994893 ) ) ;
#8418 = CARTESIAN_POINT ( 'NONE',  ( -12.75000000000000000, 29.00999999999999091, -1.281249999999994893 ) ) ;
#8419 = FACE_OUTER_BOUND ( 'NONE', #10176, .T. ) ;
#8420 = CARTESIAN_POINT ( 'NONE',  ( 10.51999999999999957, 59.18999999999999773, -1.500000000000000222 ) ) ;
#8421 = ORIENTED_EDGE ( 'NONE', *, *, #4938, .F. ) ;
#8422 = AXIS2_PLACEMENT_3D ( 'NONE', #243, #7047, #8877 ) ;
#8423 =( NAMED_UNIT ( * ) SI_UNIT ( $, .STERADIAN. ) SOLID_ANGLE_UNIT ( ) );
#8424 = LINE ( 'NONE', #6357, #6415 ) ;
#8425 = LINE ( 'NONE', #1755, #12367 ) ;
#8426 = EDGE_CURVE ( 'NONE', #410, #1355, #1550, .T. ) ;
#8427 = ORIENTED_EDGE ( 'NONE', *, *, #11751, .T. ) ;
#8428 =( NAMED_UNIT ( * ) PLANE_ANGLE_UNIT ( ) SI_UNIT ( $, .RADIAN. ) );
#8429 = ORIENTED_EDGE ( 'NONE', *, *, #2794, .F. ) ;
#8430 = VECTOR ( 'NONE', #8591, 39.37007874015748143 ) ;
#8431 = DIRECTION ( 'NONE',  ( -0.000000000000000000, -0.000000000000000000, 1.000000000000000000 ) ) ;
#8432 = PRESENTATION_LAYER_ASSIGNMENT (  '', '', ( #1395 ) ) ;
#8433 = PLANE ( 'NONE',  #9079 ) ;
#8434 = CARTESIAN_POINT ( 'NONE',  ( -11.00000000000000000, 32.00999999999999091, -1.124999999999997113 ) ) ;
#8435 = FACE_OUTER_BOUND ( 'NONE', #4175, .T. ) ;
#8436 = DIRECTION ( 'NONE',  ( 1.000000000000000000, 0.000000000000000000, 0.000000000000000000 ) ) ;
#8437 = CYLINDRICAL_SURFACE ( 'NONE', #1344, 0.1718500000000005301 ) ;
#8438 = VERTEX_POINT ( 'NONE', #10766 ) ;
#8439 = EDGE_CURVE ( 'NONE', #4235, #5908, #1378, .T. ) ;
#8440 = CARTESIAN_POINT ( 'NONE',  ( -11.99999999999999822, 48.71000000000000085, -1.499999999999993783 ) ) ;
#8441 = EDGE_CURVE ( 'NONE', #11985, #10037, #8052, .T. ) ;
#8442 = AXIS2_PLACEMENT_3D ( 'NONE', #5, #10590, #5561 ) ;
#8443 = CARTESIAN_POINT ( 'NONE',  ( -11.08815000000000062, 11.24000000000000199, -1.500000000000000222 ) ) ;
#8444 = CARTESIAN_POINT ( 'NONE',  ( -11.99999999999999822, 29.00999999999999091, -1.124999999999997113 ) ) ;
#8445 = EDGE_CURVE ( 'NONE', #10742, #7914, #12207, .T. ) ;
#8446 = VERTEX_POINT ( 'NONE', #4203 ) ;
#8447 = DIRECTION ( 'NONE',  ( 0.000000000000000000, 0.000000000000000000, -1.000000000000000000 ) ) ;
#8448 = DIRECTION ( 'NONE',  ( 1.000000000000000000, -0.000000000000000000, -0.000000000000000000 ) ) ;
#8449 = CARTESIAN_POINT ( 'NONE',  ( 12.75000000000000000, 30.50999999999998735, -1.124999999999997113 ) ) ;
#8450 = VECTOR ( 'NONE', #5420, 39.37007874015748143 ) ;
#8451 = DIRECTION ( 'NONE',  ( 0.000000000000000000, 0.000000000000000000, -1.000000000000000000 ) ) ;
#8452 = VECTOR ( 'NONE', #7389, 39.37007874015748143 ) ;
#8453 = DIRECTION ( 'NONE',  ( 0.000000000000000000, 0.000000000000000000, -1.000000000000000000 ) ) ;
#8454 = ORIENTED_EDGE ( 'NONE', *, *, #10993, .T. ) ;
#8455 = SURFACE_SIDE_STYLE ('',( #12231 ) ) ;
#8456 = DIRECTION ( 'NONE',  ( -0.000000000000000000, -1.000000000000000000, -0.000000000000000000 ) ) ;
#8457 = DIRECTION ( 'NONE',  ( -0.000000000000000000, -0.000000000000000000, 1.000000000000000000 ) ) ;
#8458 = VERTEX_POINT ( 'NONE', #7871 ) ;
#8459 = EDGE_CURVE ( 'NONE', #10037, #6251, #7169, .T. ) ;
#8460 = ORIENTED_EDGE ( 'NONE', *, *, #8293, .T. ) ;
#8461 = UNCERTAINTY_MEASURE_WITH_UNIT (LENGTH_MEASURE( 1.000000000000000082E-05 ), #3584, 'distance_accuracy_value', 'NONE');
#8462 = DIRECTION ( 'NONE',  ( 0.000000000000000000, 0.000000000000000000, -1.000000000000000000 ) ) ;
#8463 = AXIS2_PLACEMENT_3D ( 'NONE', #11620, #3935, #4375 ) ;
#8464 = VERTEX_POINT ( 'NONE', #2137 ) ;
#8465 = ORIENTED_EDGE ( 'NONE', *, *, #7815, .F. ) ;
#8466 = DIRECTION ( 'NONE',  ( 1.000000000000000000, 0.000000000000000000, 0.000000000000000000 ) ) ;
#8467 = CARTESIAN_POINT ( 'NONE',  ( -3.220000000000002416, 25.01999999999998181, 0.000000000000000000 ) ) ;
#8468 = VERTEX_POINT ( 'NONE', #11890 ) ;
#8469 = LINE ( 'NONE', #1669, #8498 ) ;
#8470 = CIRCLE ( 'NONE', #3030, 0.1718500000000005301 ) ;
#8471 = CARTESIAN_POINT ( 'NONE',  ( 11.99999999999999822, 14.23000000000000220, -1.500000000000000222 ) ) ;
#8472 = ORIENTED_EDGE ( 'NONE', *, *, #729, .T. ) ;
#8473 = EDGE_CURVE ( 'NONE', #5135, #11051, #9831, .T. ) ;
#8474 = CARTESIAN_POINT ( 'NONE',  ( -11.40291813276367350, 51.60440984419767574, -1.249650624385159503 ) ) ;
#8475 = CARTESIAN_POINT ( 'NONE',  ( -11.99999999999999822, 54.50999999999998380, -1.124999999999997113 ) ) ;
#8476 = DIRECTION ( 'NONE',  ( -0.000000000000000000, -0.000000000000000000, -1.000000000000000000 ) ) ;
#8477 = AXIS2_PLACEMENT_3D ( 'NONE', #3316, #7164, #6290 ) ;
#8478 = ORIENTED_EDGE ( 'NONE', *, *, #109, .T. ) ;
#8479 = CARTESIAN_POINT ( 'NONE',  ( -11.99999999999999822, 26.00999999999999091, -1.124999999999997113 ) ) ;
#8480 = DIRECTION ( 'NONE',  ( 0.000000000000000000, 7.850137912828339862E-17, -1.000000000000000000 ) ) ;
#8481 = ORIENTED_EDGE ( 'NONE', *, *, #10427, .F. ) ;
#8482 = FACE_OUTER_BOUND ( 'NONE', #7395, .T. ) ;
#8483 = DIRECTION ( 'NONE',  ( 0.000000000000000000, 0.000000000000000000, 1.000000000000000000 ) ) ;
#8484 = VECTOR ( 'NONE', #8852, 39.37007874015748143 ) ;
#8485 = EDGE_CURVE ( 'NONE', #9715, #9470, #5982, .T. ) ;
#8486 = LINE ( 'NONE', #802, #10578 ) ;
#8487 = VECTOR ( 'NONE', #3937, 39.37007874015748143 ) ;
#8488 = ADVANCED_FACE ( 'NONE', ( #2195, #4143 ), #3260, .F. ) ;
#8489 = CARTESIAN_POINT ( 'NONE',  ( 11.99999999999999822, 44.00999999999999801, -1.124999999999997113 ) ) ;
#8490 = VERTEX_POINT ( 'NONE', #6110 ) ;
#8491 = SURFACE_SIDE_STYLE ('',( #4769 ) ) ;
#8492 = DIRECTION ( 'NONE',  ( -0.000000000000000000, 7.850137912828339862E-17, -1.000000000000000000 ) ) ;
#8493 = CYLINDRICAL_SURFACE ( 'NONE', #8550, 0.1562499999999957812 ) ;
#8494 = ORIENTED_EDGE ( 'NONE', *, *, #9835, .F. ) ;
#8495 = AXIS2_PLACEMENT_3D ( 'NONE', #834, #9469, #8203 ) ;
#8496 = LINE ( 'NONE', #3701, #10046 ) ;
#8497 = ORIENTED_EDGE ( 'NONE', *, *, #9010, .F. ) ;
#8498 = VECTOR ( 'NONE', #4560, 39.37007874015748143 ) ;
#8499 = CARTESIAN_POINT ( 'NONE',  ( 11.99999999999999822, 59.18999999999999773, -2.250000000000000444 ) ) ;
#8500 = DIRECTION ( 'NONE',  ( 1.000000000000000000, 0.000000000000000000, 0.000000000000000000 ) ) ;
#8501 = DIRECTION ( 'NONE',  ( -0.000000000000000000, -0.000000000000000000, -1.000000000000000000 ) ) ;
#8502 = DIRECTION ( 'NONE',  ( 0.000000000000000000, 0.000000000000000000, -1.000000000000000000 ) ) ;
#8503 = DIRECTION ( 'NONE',  ( 0.000000000000000000, 0.000000000000000000, -1.000000000000000000 ) ) ;
#8504 = EDGE_CURVE ( 'NONE', #5655, #9930, #4765, .T. ) ;
#8505 = FACE_OUTER_BOUND ( 'NONE', #6137, .T. ) ;
#8506 = ORIENTED_EDGE ( 'NONE', *, *, #2632, .T. ) ;
#8507 = VECTOR ( 'NONE', #2651, 39.37007874015748143 ) ;
#8508 = FACE_OUTER_BOUND ( 'NONE', #3608, .T. ) ;
#8509 = VECTOR ( 'NONE', #6138, 39.37007874015748143 ) ;
#8510 = DIRECTION ( 'NONE',  ( -0.000000000000000000, -1.000000000000000000, -0.000000000000000000 ) ) ;
#8511 = LINE ( 'NONE', #9396, #12150 ) ;
#8512 = EDGE_LOOP ( 'NONE', ( #6767, #8209, #7007, #6575 ) ) ;
#8513 = CARTESIAN_POINT ( 'NONE',  ( 5.999999999999998224, 55.50000000000000000, 0.000000000000000000 ) ) ;
#8514 = VECTOR ( 'NONE', #6980, 39.37007874015748143 ) ;
#8515 = EDGE_CURVE ( 'NONE', #17, #8616, #675, .T. ) ;
#8516 = FACE_BOUND ( 'NONE', #1539, .T. ) ;
#8517 = AXIS2_PLACEMENT_3D ( 'NONE', #2997, #6906, #9820 ) ;
#8518 = CYLINDRICAL_SURFACE ( 'NONE', #4023, 0.1718500000000005301 ) ;
#8519 = FILL_AREA_STYLE_COLOUR ( '', #2110 ) ;
#8520 = DIRECTION ( 'NONE',  ( 1.000000000000000000, -0.000000000000000000, -0.000000000000000000 ) ) ;
#8521 = ORIENTED_EDGE ( 'NONE', *, *, #7894, .F. ) ;
#8522 = DIRECTION ( 'NONE',  ( 1.000000000000000000, 0.000000000000000000, 0.000000000000000000 ) ) ;
#8523 = DIRECTION ( 'NONE',  ( -0.000000000000000000, -0.000000000000000000, -1.000000000000000000 ) ) ;
#8524 = EDGE_CURVE ( 'NONE', #9368, #2975, #1624, .T. ) ;
#8525 = DIRECTION ( 'NONE',  ( -0.000000000000000000, 1.000000000000000000, 7.850137912828339862E-17 ) ) ;
#8526 = ORIENTED_EDGE ( 'NONE', *, *, #1444, .F. ) ;
#8527 = ORIENTED_EDGE ( 'NONE', *, *, #1427, .T. ) ;
#8528 = CIRCLE ( 'NONE', #5512, 0.1562499999999990563 ) ;
#8529 = EDGE_LOOP ( 'NONE', ( #7588, #8162, #4839, #2276 ) ) ;
#8530 = CARTESIAN_POINT ( 'NONE',  ( 11.43185000000000251, 11.24000000000000199, -0.7499999999999986677 ) ) ;
#8531 = ORIENTED_EDGE ( 'NONE', *, *, #11179, .F. ) ;
#8532 = ORIENTED_EDGE ( 'NONE', *, *, #6072, .F. ) ;
#8533 = DIRECTION ( 'NONE',  ( -0.000000000000000000, -0.000000000000000000, 1.000000000000000000 ) ) ;
#8534 = ADVANCED_FACE ( 'NONE', ( #10142 ), #8358, .F. ) ;
#8535 = AXIS2_PLACEMENT_3D ( 'NONE', #3217, #1391, #3338 ) ;
#8536 = ORIENTED_EDGE ( 'NONE', *, *, #3585, .F. ) ;
#8537 = CARTESIAN_POINT ( 'NONE',  ( 12.75000000000000000, 44.00999999999999801, -1.124999999999997113 ) ) ;
#8538 = ORIENTED_EDGE ( 'NONE', *, *, #1137, .F. ) ;
#8539 = CARTESIAN_POINT ( 'NONE',  ( -11.34909932149040124, 51.55244122285917285, -1.275502831645828561 ) ) ;
#8540 = DIRECTION ( 'NONE',  ( 1.000000000000000000, -0.000000000000000000, -0.000000000000000000 ) ) ;
#8541 = AXIS2_PLACEMENT_3D ( 'NONE', #323, #7124, #1524 ) ;
#8542 = EDGE_LOOP ( 'NONE', ( #7585, #768, #6464, #8421 ) ) ;
#8543 = EDGE_CURVE ( 'NONE', #11098, #10328, #4393, .T. ) ;
#8544 = CARTESIAN_POINT ( 'NONE',  ( -11.99999999999999822, 59.18999999999999773, -1.500000000000000222 ) ) ;
#8545 = AXIS2_PLACEMENT_3D ( 'NONE', #3729, #2841, #8638 ) ;
#8546 = CARTESIAN_POINT ( 'NONE',  ( 10.51999999999999957, 3.750000000000003553, -1.500000000000000222 ) ) ;
#8547 = EDGE_LOOP ( 'NONE', ( #11607, #667, #8427, #9251 ) ) ;
#8548 = AXIS2_PLACEMENT_3D ( 'NONE', #6134, #9600, #6690 ) ;
#8549 = DIRECTION ( 'NONE',  ( 0.000000000000000000, -1.570027582565667972E-16, 1.000000000000000000 ) ) ;
#8550 = AXIS2_PLACEMENT_3D ( 'NONE', #743, #5416, #4522 ) ;
#8551 = LINE ( 'NONE', #1686, #9998 ) ;
#8552 = DIRECTION ( 'NONE',  ( 0.000000000000000000, 0.000000000000000000, -1.000000000000000000 ) ) ;
#8553 = EDGE_LOOP ( 'NONE', ( #9445, #11661 ) ) ;
#8554 = FILL_AREA_STYLE_COLOUR ( '', #12131 ) ;
#8555 = CIRCLE ( 'NONE', #10369, 0.1562499999999979461 ) ;
#8556 = VECTOR ( 'NONE', #9843, 39.37007874015748143 ) ;
#8557 = LENGTH_MEASURE_WITH_UNIT ( LENGTH_MEASURE( 0.02539999999999999897 ), #875 );
#8558 = VERTEX_POINT ( 'NONE', #10384 ) ;
#8559 = LINE ( 'NONE', #1758, #5813 ) ;
#8560 = DIRECTION ( 'NONE',  ( 0.000000000000000000, 0.000000000000000000, -1.000000000000000000 ) ) ;
#8561 = DIRECTION ( 'NONE',  ( 0.000000000000000000, 0.000000000000000000, 1.000000000000000000 ) ) ;
#8562 = DIRECTION ( 'NONE',  ( 0.000000000000000000, 0.000000000000000000, 1.000000000000000000 ) ) ;
#8563 = AXIS2_PLACEMENT_3D ( 'NONE', #6981, #7869, #3008 ) ;
#8564 = DIRECTION ( 'NONE',  ( -1.000000000000000000, -0.000000000000000000, -0.000000000000000000 ) ) ;
#8565 = DIRECTION ( 'NONE',  ( -0.000000000000000000, 0.000000000000000000, -1.000000000000000000 ) ) ;
#8566 = DIRECTION ( 'NONE',  ( 1.000000000000000000, 0.000000000000000000, 0.000000000000000000 ) ) ;
#8567 = ORIENTED_EDGE ( 'NONE', *, *, #9094, .T. ) ;
#8568 = DIRECTION ( 'NONE',  ( 1.000000000000000000, -0.000000000000000000, -0.000000000000000000 ) ) ;
#8569 = CARTESIAN_POINT ( 'NONE',  ( -11.26000000000000156, 24.21999999999999531, -1.499999999999996891 ) ) ;
#8570 = CARTESIAN_POINT ( 'NONE',  ( 11.99999999999999822, 53.00999999999999091, -1.124999999999997113 ) ) ;
#8571 = AXIS2_PLACEMENT_3D ( 'NONE', #6842, #6723, #6904 ) ;
#8572 = ADVANCED_FACE ( 'NONE', ( #4577 ), #3443, .F. ) ;
#8573 = VERTEX_POINT ( 'NONE', #5284 ) ;
#8574 = ADVANCED_FACE ( 'NONE', ( #7297, #1500, #554 ), #6352, .F. ) ;
#8575 = DIRECTION ( 'NONE',  ( 0.000000000000000000, 0.000000000000000000, -1.000000000000000000 ) ) ;
#8576 = FACE_BOUND ( 'NONE', #12072, .T. ) ;
#8577 = CARTESIAN_POINT ( 'NONE',  ( -11.43185000000000251, 13.74000000000000199, 0.000000000000000000 ) ) ;
#8578 = FILL_AREA_STYLE_COLOUR ( '', #2117 ) ;
#8579 = CARTESIAN_POINT ( 'NONE',  ( 11.99999999999999822, 27.50999999999998735, -0.9687499999999994449 ) ) ;
#8580 = ORIENTED_EDGE ( 'NONE', *, *, #10326, .T. ) ;
#8581 = CARTESIAN_POINT ( 'NONE',  ( -11.26000000000000156, 21.71999999999999886, -1.499999999999997113 ) ) ;
#8582 = LINE ( 'NONE', #6696, #1886 ) ;
#8583 = ORIENTED_EDGE ( 'NONE', *, *, #12458, .F. ) ;
#8584 = VECTOR ( 'NONE', #1517, 39.37007874015748143 ) ;
#8585 = VERTEX_POINT ( 'NONE', #493 ) ;
#8586 = ORIENTED_EDGE ( 'NONE', *, *, #1907, .T. ) ;
#8587 = DIRECTION ( 'NONE',  ( -0.000000000000000000, -0.000000000000000000, 1.000000000000000000 ) ) ;
#8588 = ORIENTED_EDGE ( 'NONE', *, *, #7495, .F. ) ;
#8589 = EDGE_LOOP ( 'NONE', ( #2639, #3875 ) ) ;
#8590 = EDGE_CURVE ( 'NONE', #7914, #10742, #10802, .T. ) ;
#8591 = DIRECTION ( 'NONE',  ( 1.000000000000000000, -0.000000000000000000, -0.000000000000000000 ) ) ;
#8592 = VECTOR ( 'NONE', #10262, 39.37007874015748143 ) ;
#8593 = ORIENTED_EDGE ( 'NONE', *, *, #4677, .T. ) ;
#8594 = DIRECTION ( 'NONE',  ( 0.000000000000000000, 0.000000000000000000, -1.000000000000000000 ) ) ;
#8595 = PLANE ( 'NONE',  #68 ) ;
#8596 = VERTEX_POINT ( 'NONE', #5411 ) ;
#8597 = DIRECTION ( 'NONE',  ( 0.000000000000000000, -0.000000000000000000, 1.000000000000000000 ) ) ;
#8598 = AXIS2_PLACEMENT_3D ( 'NONE', #6157, #8922, #2242 ) ;
#8599 = EDGE_CURVE ( 'NONE', #6014, #9607, #3382, .T. ) ;
#8600 = ADVANCED_FACE ( 'NONE', ( #2443 ), #2501, .F. ) ;
#8601 = FILL_AREA_STYLE ('',( #4756 ) ) ;
#8602 = VERTEX_POINT ( 'NONE', #5349 ) ;
#8603 = EDGE_CURVE ( 'NONE', #7475, #1845, #8388, .T. ) ;
#8604 = DIRECTION ( 'NONE',  ( 0.000000000000000000, -1.000000000000000000, 0.000000000000000000 ) ) ;
#8605 = MECHANICAL_DESIGN_GEOMETRIC_PRESENTATION_REPRESENTATION (  '', ( #9008 ), #6470 ) ;
#8606 = CARTESIAN_POINT ( 'NONE',  ( -11.26000000000000156, 11.24000000000000199, -0.7499999999999986677 ) ) ;
#8607 = ORIENTED_EDGE ( 'NONE', *, *, #12083, .F. ) ;
#8608 = CARTESIAN_POINT ( 'NONE',  ( 0.000000000000000000, 21.22999999999999687, 0.000000000000000000 ) ) ;
#8609 = ORIENTED_EDGE ( 'NONE', *, *, #3076, .T. ) ;
#8610 = CARTESIAN_POINT ( 'NONE',  ( 1.739999999999997327, 69.23000000000000398, -0.7500000000000001110 ) ) ;
#8611 = DIRECTION ( 'NONE',  ( 1.000000000000000000, -0.000000000000000000, -0.000000000000000000 ) ) ;
#8612 = ORIENTED_EDGE ( 'NONE', *, *, #3289, .T. ) ;
#8613 = DIRECTION ( 'NONE',  ( 1.000000000000000000, 0.000000000000000000, 0.000000000000000000 ) ) ;
#8614 = EDGE_CURVE ( 'NONE', #8631, #8287, #1564, .T. ) ;
#8615 = DIRECTION ( 'NONE',  ( -1.000000000000000000, 0.000000000000000000, 0.000000000000000000 ) ) ;
#8616 = VERTEX_POINT ( 'NONE', #11143 ) ;
#8617 = CARTESIAN_POINT ( 'NONE',  ( -12.75000000000000000, 47.00999999999999091, -0.9687499999999976685 ) ) ;
#8618 = DIRECTION ( 'NONE',  ( 1.000000000000000000, -0.000000000000000000, -0.000000000000000000 ) ) ;
#8619 = FACE_OUTER_BOUND ( 'NONE', #11390, .T. ) ;
#8620 = AXIS2_PLACEMENT_3D ( 'NONE', #2015, #12404, #5861 ) ;
#8621 = LINE ( 'NONE', #818, #60 ) ;
#8622 = DIRECTION ( 'NONE',  ( 0.000000000000000000, 0.000000000000000000, -1.000000000000000000 ) ) ;
#8623 = CARTESIAN_POINT ( 'NONE',  ( -0.1015624999999996114, 56.75000000000000000, 0.7500000000000004441 ) ) ;
#8624 = ORIENTED_EDGE ( 'NONE', *, *, #11911, .T. ) ;
#8625 = DIRECTION ( 'NONE',  ( 1.000000000000000000, 0.000000000000000000, 0.000000000000000000 ) ) ;
#8626 = EDGE_CURVE ( 'NONE', #3433, #6622, #1757, .T. ) ;
#8627 = DIRECTION ( 'NONE',  ( 1.000000000000000000, -0.000000000000000000, -0.000000000000000000 ) ) ;
#8628 = DIRECTION ( 'NONE',  ( 0.000000000000000000, -1.000000000000000000, 0.000000000000000000 ) ) ;
#8629 = VECTOR ( 'NONE', #5324, 39.37007874015748143 ) ;
#8630 = VECTOR ( 'NONE', #11511, 39.37007874015748143 ) ;
#8631 = VERTEX_POINT ( 'NONE', #6473 ) ;
#8632 = DIRECTION ( 'NONE',  ( 1.000000000000000000, 0.000000000000000000, 0.000000000000000000 ) ) ;
#8633 = CARTESIAN_POINT ( 'NONE',  ( -11.99999999999999822, 24.70999999999999730, -1.499999999999996891 ) ) ;
#8634 = DIRECTION ( 'NONE',  ( 0.000000000000000000, -0.000000000000000000, 1.000000000000000000 ) ) ;
#8635 = PLANE ( 'NONE',  #11319 ) ;
#8636 = ORIENTED_EDGE ( 'NONE', *, *, #9652, .T. ) ;
#8637 = FACE_OUTER_BOUND ( 'NONE', #9804, .T. ) ;
#8638 = DIRECTION ( 'NONE',  ( 0.000000000000000000, 1.000000000000000000, 0.000000000000000000 ) ) ;
#8639 = VECTOR ( 'NONE', #9147, 39.37007874015748143 ) ;
#8640 = CARTESIAN_POINT ( 'NONE',  ( 11.99999999999999822, 45.50999999999999091, -1.281249999999992895 ) ) ;
#8641 = ORIENTED_EDGE ( 'NONE', *, *, #6191, .T. ) ;
#8642 = STYLED_ITEM ( 'NONE', ( #2599 ), #981 ) ;
#8643 = EDGE_CURVE ( 'NONE', #2247, #2656, #11409, .T. ) ;
#8644 = ORIENTED_EDGE ( 'NONE', *, *, #7850, .T. ) ;
#8645 = EDGE_CURVE ( 'NONE', #7779, #4003, #3503, .T. ) ;
#8646 = ORIENTED_EDGE ( 'NONE', *, *, #10746, .T. ) ;
#8647 = DIRECTION ( 'NONE',  ( -1.000000000000000000, 0.000000000000000000, -0.000000000000000000 ) ) ;
#8648 = ORIENTED_EDGE ( 'NONE', *, *, #5232, .F. ) ;
#8649 = ORIENTED_EDGE ( 'NONE', *, *, #4374, .T. ) ;
#8650 = VECTOR ( 'NONE', #2310, 39.37007874015748143 ) ;
#8651 = AXIS2_PLACEMENT_3D ( 'NONE', #5958, #1229, #11870 ) ;
#8652 = CARTESIAN_POINT ( 'NONE',  ( -11.99999999999999822, 3.750000000000000888, -9.410333024330023832 ) ) ;
#8653 = CARTESIAN_POINT ( 'NONE',  ( 11.00000000000000000, 26.00999999999999091, -0.9687499999999992228 ) ) ;
#8654 = VERTEX_POINT ( 'NONE', #2561 ) ;
#8655 = CARTESIAN_POINT ( 'NONE',  ( -1.740000000000002656, 57.99999999999999289, 0.000000000000000000 ) ) ;
#8656 = CARTESIAN_POINT ( 'NONE',  ( -11.19497705687095745, 51.54036374551584032, -0.9716045757841306196 ) ) ;
#8657 = EDGE_LOOP ( 'NONE', ( #12130, #8987, #7357, #11100 ) ) ;
#8658 = CARTESIAN_POINT ( 'NONE',  ( 11.00000000000000000, 33.50999999999999091, -0.9687499999999992228 ) ) ;
#8659 = VECTOR ( 'NONE', #2927, 39.37007874015748143 ) ;
#8660 = EDGE_CURVE ( 'NONE', #4698, #9316, #739, .T. ) ;
#8661 =( LENGTH_UNIT ( ) NAMED_UNIT ( * ) SI_UNIT ( $, .METRE. ) );
#8662 = VERTEX_POINT ( 'NONE', #2995 ) ;
#8663 = CARTESIAN_POINT ( 'NONE',  ( -12.75000000000000355, 28.49999999999998579, 2.729999999999999982 ) ) ;
#8664 = DIRECTION ( 'NONE',  ( -1.000000000000000000, 0.000000000000000000, 0.000000000000000000 ) ) ;
#8665 = EDGE_CURVE ( 'NONE', #2247, #7201, #3694, .T. ) ;
#8666 = EDGE_LOOP ( 'NONE', ( #6699, #7456, #2984, #11764 ) ) ;
#8667 = DIRECTION ( 'NONE',  ( -0.000000000000000000, 0.000000000000000000, 1.000000000000000000 ) ) ;
#8668 = ORIENTED_EDGE ( 'NONE', *, *, #10243, .F. ) ;
#8669 = FACE_OUTER_BOUND ( 'NONE', #3849, .T. ) ;
#8670 = ADVANCED_FACE ( 'NONE', ( #6602 ), #4826, .F. ) ;
#8671 = CARTESIAN_POINT ( 'NONE',  ( -22.06250000000002132, 10.75000000000000178, -0.7499999999999986677 ) ) ;
#8672 = DIRECTION ( 'NONE',  ( 0.000000000000000000, 0.000000000000000000, -1.000000000000000000 ) ) ;
#8673 = VECTOR ( 'NONE', #11139, 39.37007874015748143 ) ;
#8674 = PLANE ( 'NONE',  #7230 ) ;
#8675 = FILL_AREA_STYLE ('',( #10508 ) ) ;
#8676 = ORIENTED_EDGE ( 'NONE', *, *, #2018, .T. ) ;
#8677 = FACE_BOUND ( 'NONE', #4999, .T. ) ;
#8678 = AXIS2_PLACEMENT_3D ( 'NONE', #98, #12438, #5964 ) ;
#8679 = EDGE_CURVE ( 'NONE', #8616, #9247, #2152, .T. ) ;
#8680 = DIRECTION ( 'NONE',  ( 1.000000000000000000, 0.000000000000000000, 0.000000000000000000 ) ) ;
#8681 = AXIS2_PLACEMENT_3D ( 'NONE', #11001, #9039, #8097 ) ;
#8682 = CYLINDRICAL_SURFACE ( 'NONE', #719, 0.1562499999999979461 ) ;
#8683 = CARTESIAN_POINT ( 'NONE',  ( 11.99999999999999822, 10.75000000000000178, -0.7499999999999986677 ) ) ;
#8684 = CARTESIAN_POINT ( 'NONE',  ( 11.99999999999999822, 10.75000000000000178, -0.7499999999999986677 ) ) ;
#8685 = FACE_BOUND ( 'NONE', #5323, .T. ) ;
#8686 = ORIENTED_EDGE ( 'NONE', *, *, #5260, .F. ) ;
#8687 = DIRECTION ( 'NONE',  ( 0.000000000000000000, 0.000000000000000000, -1.000000000000000000 ) ) ;
#8688 = CARTESIAN_POINT ( 'NONE',  ( 11.99999999999999822, 59.18999999999999773, 0.000000000000000000 ) ) ;
#8689 = CIRCLE ( 'NONE', #12314, 0.1562499999999979461 ) ;
#8690 = DIRECTION ( 'NONE',  ( 0.000000000000000000, 0.000000000000000000, -1.000000000000000000 ) ) ;
#8691 = AXIS2_PLACEMENT_3D ( 'NONE', #4232, #3352, #7008 ) ;
#8692 = VERTEX_POINT ( 'NONE', #5597 ) ;
#8693 = CARTESIAN_POINT ( 'NONE',  ( 12.75000000000000000, 29.00999999999999091, -1.124999999999997113 ) ) ;
#8694 = EDGE_CURVE ( 'NONE', #1308, #11054, #2354, .T. ) ;
#8695 = CARTESIAN_POINT ( 'NONE',  ( -11.43185000000000251, 49.19999999999999574, -2.250000000000000444 ) ) ;
#8696 = DIRECTION ( 'NONE',  ( -1.000000000000000000, 0.000000000000000000, 0.000000000000000000 ) ) ;
#8697 = AXIS2_PLACEMENT_3D ( 'NONE', #3661, #2530, #641 ) ;
#8698 = CARTESIAN_POINT ( 'NONE',  ( -10.51999999999999957, 59.18999999999999773, -0.7500000000000001110 ) ) ;
#8699 = ORIENTED_EDGE ( 'NONE', *, *, #2734, .T. ) ;
#8700 = CARTESIAN_POINT ( 'NONE',  ( -11.99999999999999822, 59.18999999999999773, -0.7500000000000001110 ) ) ;
#8701 = CARTESIAN_POINT ( 'NONE',  ( 11.00000000000000000, 51.50999999999999091, -1.124999999999997113 ) ) ;
#8702 = VECTOR ( 'NONE', #369, 39.37007874015748143 ) ;
#8703 = DIRECTION ( 'NONE',  ( 0.000000000000000000, 0.000000000000000000, 1.000000000000000000 ) ) ;
#8704 = VERTEX_POINT ( 'NONE', #4702 ) ;
#8705 = ORIENTED_EDGE ( 'NONE', *, *, #482, .T. ) ;
#8706 = ORIENTED_EDGE ( 'NONE', *, *, #11801, .F. ) ;
#8707 = UNCERTAINTY_MEASURE_WITH_UNIT (LENGTH_MEASURE( 1.000000000000000082E-05 ), #5012, 'distance_accuracy_value', 'NONE');
#8708 = CARTESIAN_POINT ( 'NONE',  ( 11.99999999999999822, 59.18999999999999773, -1.500000000000000222 ) ) ;
#8709 = ORIENTED_EDGE ( 'NONE', *, *, #3425, .F. ) ;
#8710 = AXIS2_PLACEMENT_3D ( 'NONE', #9453, #1003, #3832 ) ;
#8711 = CIRCLE ( 'NONE', #8517, 0.1562499999999979461 ) ;
#8712 = VERTEX_POINT ( 'NONE', #10504 ) ;
#8713 = CARTESIAN_POINT ( 'NONE',  ( -0.3750000000000027200, 69.23000000000000398, 0.000000000000000000 ) ) ;
#8714 = EDGE_CURVE ( 'NONE', #5254, #9816, #5380, .T. ) ;
#8715 = ADVANCED_FACE ( 'NONE', ( #104 ), #9438, .F. ) ;
#8716 = DIRECTION ( 'NONE',  ( -0.8571673007021125557, 1.049727191138618942E-16, 0.5150380749100539335 ) ) ;
#8717 = EDGE_LOOP ( 'NONE', ( #7226, #9854, #2312, #2493 ) ) ;
#8718 = PLANE ( 'NONE',  #6083 ) ;
#8719 = CARTESIAN_POINT ( 'NONE',  ( -11.99999999999999822, 23.42285330012234468, -2.249999999999996891 ) ) ;
#8720 = CARTESIAN_POINT ( 'NONE',  ( -11.42850329373635532, 51.66624999999999091, -1.124999999999997113 ) ) ;
#8721 = ORIENTED_EDGE ( 'NONE', *, *, #349, .T. ) ;
#8722 = AXIS2_PLACEMENT_3D ( 'NONE', #8020, #10113, #5253 ) ;
#8723 = PLANE ( 'NONE',  #11391 ) ;
#8724 = SURFACE_STYLE_USAGE ( .BOTH. , #980 ) ;
#8725 = EDGE_LOOP ( 'NONE', ( #3931, #11295 ) ) ;
#8726 = VECTOR ( 'NONE', #10032, 39.37007874015748143 ) ;
#8727 = ORIENTED_EDGE ( 'NONE', *, *, #1538, .T. ) ;
#8728 = EDGE_CURVE ( 'NONE', #8068, #1325, #9193, .T. ) ;
#8729 = EDGE_CURVE ( 'NONE', #10260, #11356, #11568, .T. ) ;
#8730 = CYLINDRICAL_SURFACE ( 'NONE', #8463, 0.1562499999999995837 ) ;
#8731 = ORIENTED_EDGE ( 'NONE', *, *, #8146, .T. ) ;
#8732 = DIRECTION ( 'NONE',  ( 0.000000000000000000, -1.000000000000000000, 0.000000000000000000 ) ) ;
#8733 = ORIENTED_EDGE ( 'NONE', *, *, #979, .F. ) ;
#8734 = FACE_OUTER_BOUND ( 'NONE', #2485, .T. ) ;
#8735 = DIRECTION ( 'NONE',  ( -1.000000000000000000, 0.000000000000000000, 0.000000000000000000 ) ) ;
#8736 = VECTOR ( 'NONE', #8830, 39.37007874015748143 ) ;
#8737 = CARTESIAN_POINT ( 'NONE',  ( -11.99999999999999822, 26.00999999999999091, -1.124999999999997113 ) ) ;
#8738 = EDGE_CURVE ( 'NONE', #1967, #11236, #143, .T. ) ;
#8739 = ORIENTED_EDGE ( 'NONE', *, *, #1743, .F. ) ;
#8740 = AXIS2_PLACEMENT_3D ( 'NONE', #397, #7262, #7390 ) ;
#8741 = ADVANCED_FACE ( 'NONE', ( #7546 ), #12385, .F. ) ;
#8742 = DIRECTION ( 'NONE',  ( 0.000000000000000000, 1.000000000000000000, 0.000000000000000000 ) ) ;
#8743 = DIRECTION ( 'NONE',  ( 1.000000000000000000, -0.000000000000000000, -0.000000000000000000 ) ) ;
#8744 = CARTESIAN_POINT ( 'NONE',  ( -11.00000000000000000, 56.00999999999999091, -1.124999999999997113 ) ) ;
#8745 = DIRECTION ( 'NONE',  ( 1.000000000000000000, 0.000000000000000000, 0.000000000000000000 ) ) ;
#8746 = CYLINDRICAL_SURFACE ( 'NONE', #5351, 0.1562499999999979461 ) ;
#8747 = DIRECTION ( 'NONE',  ( 1.000000000000000000, -0.000000000000000000, -0.000000000000000000 ) ) ;
#8748 = ORIENTED_EDGE ( 'NONE', *, *, #5593, .F. ) ;
#8749 = CIRCLE ( 'NONE', #4923, 0.1562499999999978073 ) ;
#8750 = DIRECTION ( 'NONE',  ( -1.000000000000000000, 0.000000000000000000, 0.000000000000000000 ) ) ;
#8751 = MECHANICAL_DESIGN_GEOMETRIC_PRESENTATION_REPRESENTATION (  '', ( #8152 ), #100 ) ;
#8752 = EDGE_CURVE ( 'NONE', #1507, #395, #10443, .T. ) ;
#8753 = CARTESIAN_POINT ( 'NONE',  ( -11.99999999999999822, 3.750000000000003553, -0.7500000000000001110 ) ) ;
#8754 = ADVANCED_FACE ( 'NONE', ( #9634 ), #2812, .F. ) ;
#8755 = LINE ( 'NONE', #4842, #8143 ) ;
#8756 = EDGE_LOOP ( 'NONE', ( #8365, #82 ) ) ;
#8757 = EDGE_CURVE ( 'NONE', #6091, #11505, #5662, .T. ) ;
#8758 = DIRECTION ( 'NONE',  ( -1.000000000000000000, 0.000000000000000000, 0.000000000000000000 ) ) ;
#8759 = AXIS2_PLACEMENT_3D ( 'NONE', #4778, #3520, #7373 ) ;
#8760 = AXIS2_PLACEMENT_3D ( 'NONE', #4465, #1825, #8373 ) ;
#8761 = CARTESIAN_POINT ( 'NONE',  ( 11.99999999999999822, 3.750000000000000888, -0.7500000000000001110 ) ) ;
#8762 = CARTESIAN_POINT ( 'NONE',  ( -11.99999999999999822, 36.50999999999999091, -1.281249999999994893 ) ) ;
#8763 = CARTESIAN_POINT ( 'NONE',  ( -12.75000000000000000, 32.00999999999999091, -1.281249999999994893 ) ) ;
#8764 = DIRECTION ( 'NONE',  ( 0.000000000000000000, -1.000000000000000000, 0.000000000000000000 ) ) ;
#8765 = CARTESIAN_POINT ( 'NONE',  ( -12.75000000000000000, 47.00999999999999091, -1.124999999999997113 ) ) ;
#8766 = VERTEX_POINT ( 'NONE', #9573 ) ;
#8767 = ORIENTED_EDGE ( 'NONE', *, *, #2131, .T. ) ;
#8768 = VECTOR ( 'NONE', #7215, 39.37007874015748143 ) ;
#8769 = ORIENTED_EDGE ( 'NONE', *, *, #978, .F. ) ;
#8770 = CONICAL_SURFACE ( 'NONE', #4741, 0.1718500000000005301, 1.029744258676654756 ) ;
#8771 = ADVANCED_FACE ( 'NONE', ( #6724 ), #5845, .F. ) ;
#8772 = DIRECTION ( 'NONE',  ( 1.000000000000000000, 0.000000000000000000, 0.000000000000000000 ) ) ;
#8773 = EDGE_LOOP ( 'NONE', ( #6402, #2522, #12235, #3622 ) ) ;
#8774 = EDGE_LOOP ( 'NONE', ( #4411, #8290, #10205, #10500 ) ) ;
#8775 = CARTESIAN_POINT ( 'NONE',  ( -11.99999999999999822, 26.00999999999999091, -1.281249999999994893 ) ) ;
#8776 = VERTEX_POINT ( 'NONE', #12445 ) ;
#8777 = CARTESIAN_POINT ( 'NONE',  ( -11.99999999999999822, 25.01999999999998181, -2.250000000000000444 ) ) ;
#8778 = DIRECTION ( 'NONE',  ( 1.000000000000000000, 0.000000000000000000, 0.000000000000000000 ) ) ;
#8779 = CARTESIAN_POINT ( 'NONE',  ( -11.11722201886773753, 51.60420083372092392, -1.000192237963910769 ) ) ;
#8780 = VERTEX_POINT ( 'NONE', #10569 ) ;
#8781 = DIRECTION ( 'NONE',  ( 0.000000000000000000, 0.000000000000000000, -1.000000000000000000 ) ) ;
#8782 = EDGE_CURVE ( 'NONE', #6203, #8221, #4773, .T. ) ;
#8783 = DIRECTION ( 'NONE',  ( 0.000000000000000000, -0.000000000000000000, -1.000000000000000000 ) ) ;
#8784 = VECTOR ( 'NONE', #6917, 39.37007874015748143 ) ;
#8785 = ORIENTED_EDGE ( 'NONE', *, *, #439, .F. ) ;
#8786 = DIRECTION ( 'NONE',  ( -1.000000000000000000, 0.000000000000000000, 0.000000000000000000 ) ) ;
#8787 = FACE_OUTER_BOUND ( 'NONE', #11595, .T. ) ;
#8788 = LENGTH_MEASURE_WITH_UNIT ( LENGTH_MEASURE( 0.02539999999999999897 ), #3814 );
#8789 = VERTEX_POINT ( 'NONE', #4250 ) ;
#8790 = PLANE ( 'NONE',  #9900 ) ;
#8791 = EDGE_LOOP ( 'NONE', ( #6901, #7554, #1424, #2360 ) ) ;
#8792 = AXIS2_PLACEMENT_3D ( 'NONE', #6679, #8566, #7686 ) ;
#8793 = CARTESIAN_POINT ( 'NONE',  ( -10.51999999999999957, 4.500000000000000888, 8.589666975669972615 ) ) ;
#8794 = PLANE ( 'NONE',  #8110 ) ;
#8795 = ADVANCED_FACE ( 'NONE', ( #9044 ), #414, .F. ) ;
#8796 = EDGE_CURVE ( 'NONE', #480, #8133, #11816, .T. ) ;
#8797 = DIRECTION ( 'NONE',  ( 0.000000000000000000, 0.000000000000000000, 1.000000000000000000 ) ) ;
#8798 = ORIENTED_EDGE ( 'NONE', *, *, #9057, .F. ) ;
#8799 = PRESENTATION_LAYER_ASSIGNMENT (  '', '', ( #1155 ) ) ;
#8800 = FACE_BOUND ( 'NONE', #10584, .T. ) ;
#8801 = CARTESIAN_POINT ( 'NONE',  ( -12.00000000000000355, 4.500000000000000888, 8.589666975669972615 ) ) ;
#8802 = DIRECTION ( 'NONE',  ( 0.000000000000000000, 0.000000000000000000, 1.000000000000000000 ) ) ;
#8803 = CARTESIAN_POINT ( 'NONE',  ( -11.26000000000000156, 21.71999999999999886, -2.250000000000000444 ) ) ;
#8804 = DIRECTION ( 'NONE',  ( 0.000000000000000000, 0.000000000000000000, -1.000000000000000000 ) ) ;
#8805 = CARTESIAN_POINT ( 'NONE',  ( -11.08815000000000062, 21.71999999999999886, -1.499999999999997113 ) ) ;
#8806 = DIRECTION ( 'NONE',  ( 0.000000000000000000, -0.000000000000000000, 1.000000000000000000 ) ) ;
#8807 = EDGE_LOOP ( 'NONE', ( #9477, #9279, #11119, #3598 ) ) ;
#8808 = STYLED_ITEM ( 'NONE', ( #357 ), #9286 ) ;
#8809 = DIRECTION ( 'NONE',  ( -1.000000000000000000, 0.000000000000000000, -0.000000000000000000 ) ) ;
#8810 = ADVANCED_FACE ( 'NONE', ( #7093 ), #8038, .F. ) ;
#8811 = FACE_OUTER_BOUND ( 'NONE', #7877, .T. ) ;
#8812 = CARTESIAN_POINT ( 'NONE',  ( 11.00000000000000000, 51.50999999999999091, -1.124999999999997113 ) ) ;
#8813 = VERTEX_POINT ( 'NONE', #11878 ) ;
#8814 = PLANE ( 'NONE',  #7640 ) ;
#8815 = CLOSED_SHELL ( 'NONE', ( #6412, #2819, #10343, #6497, #5159, #12167 ) ) ;
#8816 = DIRECTION ( 'NONE',  ( 0.000000000000000000, 0.000000000000000000, -1.000000000000000000 ) ) ;
#8817 = DIRECTION ( 'NONE',  ( 1.000000000000000000, -0.000000000000000000, -0.000000000000000000 ) ) ;
#8818 = EDGE_CURVE ( 'NONE', #8200, #10633, #9817, .T. ) ;
#8819 = CARTESIAN_POINT ( 'NONE',  ( -22.06250000000002132, 48.71000000000000085, -0.7499999999999940048 ) ) ;
#8820 = EDGE_CURVE ( 'NONE', #9032, #3490, #6905, .T. ) ;
#8821 = CARTESIAN_POINT ( 'NONE',  ( 3.219999999999996643, 54.75000000000000000, -0.7500000000000003331 ) ) ;
#8822 = DIRECTION ( 'NONE',  ( 0.000000000000000000, 0.000000000000000000, -1.000000000000000000 ) ) ;
#8823 = ORIENTED_EDGE ( 'NONE', *, *, #4510, .T. ) ;
#8824 = VERTEX_POINT ( 'NONE', #6968 ) ;
#8825 = AXIS2_PLACEMENT_3D ( 'NONE', #1541, #11120, #1666 ) ;
#8826 = EDGE_CURVE ( 'NONE', #2413, #6303, #1112, .T. ) ;
#8827 = AXIS2_PLACEMENT_3D ( 'NONE', #182, #3958, #9776 ) ;
#8828 = ORIENTED_EDGE ( 'NONE', *, *, #10440, .T. ) ;
#8829 = UNCERTAINTY_MEASURE_WITH_UNIT (LENGTH_MEASURE( 1.000000000000000082E-05 ), #9699, 'distance_accuracy_value', 'NONE');
#8830 = DIRECTION ( 'NONE',  ( -0.000000000000000000, -1.000000000000000000, -0.000000000000000000 ) ) ;
#8831 = EDGE_LOOP ( 'NONE', ( #10417, #5871, #6983, #6111 ) ) ;
#8832 = ORIENTED_EDGE ( 'NONE', *, *, #1891, .T. ) ;
#8833 = CARTESIAN_POINT ( 'NONE',  ( 11.99999999999999822, 3.750000000000000888, -0.7500000000000001110 ) ) ;
#8834 = AXIS2_PLACEMENT_3D ( 'NONE', #3840, #8447, #954 ) ;
#8835 = VECTOR ( 'NONE', #8797, 39.37007874015748143 ) ;
#8836 = DIRECTION ( 'NONE',  ( 1.000000000000000000, -0.000000000000000000, -0.000000000000000000 ) ) ;
#8837 = ORIENTED_EDGE ( 'NONE', *, *, #7523, .F. ) ;
#8838 = EDGE_CURVE ( 'NONE', #3536, #416, #1960, .T. ) ;
#8839 = CARTESIAN_POINT ( 'NONE',  ( 1.739999999999997327, 21.22999999999999687, -0.7500000000000001110 ) ) ;
#8840 = DIRECTION ( 'NONE',  ( -0.000000000000000000, 0.000000000000000000, 1.000000000000000000 ) ) ;
#8841 = DIRECTION ( 'NONE',  ( 1.000000000000000000, 0.000000000000000000, 0.000000000000000000 ) ) ;
#8842 = EDGE_LOOP ( 'NONE', ( #1841, #9864 ) ) ;
#8843 = DIRECTION ( 'NONE',  ( -0.000000000000000000, -0.000000000000000000, -1.000000000000000000 ) ) ;
#8844 = EDGE_LOOP ( 'NONE', ( #11616, #6006 ) ) ;
#8845 = VECTOR ( 'NONE', #9701, 39.37007874015748143 ) ;
#8846 = PRESENTATION_LAYER_ASSIGNMENT (  '', '', ( #1810 ) ) ;
#8847 = SURFACE_SIDE_STYLE ('',( #4998 ) ) ;
#8848 = VERTEX_POINT ( 'NONE', #8859 ) ;
#8849 = CARTESIAN_POINT ( 'NONE',  ( 11.08815000000000062, 21.71999999999999886, -1.500000000000000222 ) ) ;
#8850 = MANIFOLD_SOLID_BREP ( 'Cut-Extrude2[3]', #8010 ) ;
#8851 = CARTESIAN_POINT ( 'NONE',  ( 11.00000000000000000, 45.50999999999999091, -1.124999999999997113 ) ) ;
#8852 = DIRECTION ( 'NONE',  ( -1.000000000000000000, -0.000000000000000000, 1.845843238962340492E-16 ) ) ;
#8853 = VERTEX_POINT ( 'NONE', #3059 ) ;
#8854 = ADVANCED_FACE ( 'NONE', ( #4125 ), #2122, .F. ) ;
#8855 = FACE_OUTER_BOUND ( 'NONE', #9793, .T. ) ;
#8856 = AXIS2_PLACEMENT_3D ( 'NONE', #8479, #7537, #10436 ) ;
#8857 = ORIENTED_EDGE ( 'NONE', *, *, #5974, .F. ) ;
#8858 = CYLINDRICAL_SURFACE ( 'NONE', #5570, 0.1718500000000005301 ) ;
#8859 = CARTESIAN_POINT ( 'NONE',  ( -3.220000000000002416, 55.50000000000000000, 0.000000000000000000 ) ) ;
#8860 =( CONVERSION_BASED_UNIT ( 'INCH', #993 ) LENGTH_UNIT ( ) NAMED_UNIT ( #5103 ) );
#8861 = DIRECTION ( 'NONE',  ( 1.000000000000000000, -0.000000000000000000, -0.000000000000000000 ) ) ;
#8862 = CIRCLE ( 'NONE', #8063, 0.1562499999999979461 ) ;
#8863 = ORIENTED_EDGE ( 'NONE', *, *, #4568, .T. ) ;
#8864 = CARTESIAN_POINT ( 'NONE',  ( -11.43185000000000251, 21.71999999999999886, -0.7499999999999974465 ) ) ;
#8865 = DIRECTION ( 'NONE',  ( 0.000000000000000000, 0.000000000000000000, -1.000000000000000000 ) ) ;
#8866 = ORIENTED_EDGE ( 'NONE', *, *, #5622, .F. ) ;
#8867 = ADVANCED_FACE ( 'NONE', ( #7026 ), #227, .F. ) ;
#8868 = LINE ( 'NONE', #1248, #12299 ) ;
#8869 = EDGE_CURVE ( 'NONE', #7086, #2151, #11754, .T. ) ;
#8870 = CARTESIAN_POINT ( 'NONE',  ( 11.99999999999999822, 50.00999999999999091, -0.9687500000000012212 ) ) ;
#8871 = CARTESIAN_POINT ( 'NONE',  ( -11.99999999999999822, 21.22999999999999687, -0.7499999999999974465 ) ) ;
#8872 = CARTESIAN_POINT ( 'NONE',  ( 11.43185000000000251, 24.21999999999999531, -0.7499999999999972244 ) ) ;
#8873 = AXIS2_PLACEMENT_3D ( 'NONE', #11713, #11650, #5035 ) ;
#8874 = CARTESIAN_POINT ( 'NONE',  ( -11.43185000000000251, 11.24000000000000199, 0.000000000000000000 ) ) ;
#8875 = ORIENTED_EDGE ( 'NONE', *, *, #10974, .T. ) ;
#8876 = CARTESIAN_POINT ( 'NONE',  ( -10.51999999999999957, 59.18999999999999773, -0.7500000000000001110 ) ) ;
#8877 = DIRECTION ( 'NONE',  ( 1.000000000000000000, 0.000000000000000000, 0.000000000000000000 ) ) ;
#8878 = DIRECTION ( 'NONE',  ( 1.000000000000000000, 0.000000000000000000, 0.000000000000000000 ) ) ;
#8879 = MECHANICAL_DESIGN_GEOMETRIC_PRESENTATION_REPRESENTATION (  '', ( #10107 ), #1443 ) ;
#8880 = ORIENTED_EDGE ( 'NONE', *, *, #9932, .F. ) ;
#8881 = CIRCLE ( 'NONE', #1037, 0.1562499999999957812 ) ;
#8882 = CARTESIAN_POINT ( 'NONE',  ( 11.08815000000000062, 11.24000000000000199, -1.500000000000000222 ) ) ;
#8883 = DIRECTION ( 'NONE',  ( -0.000000000000000000, -0.000000000000000000, -1.000000000000000000 ) ) ;
#8884 = ADVANCED_FACE ( 'NONE', ( #8343 ), #1423, .F. ) ;
#8885 = DIMENSIONAL_EXPONENTS ( 1.000000000000000000, 0.000000000000000000, 0.000000000000000000, 0.000000000000000000, 0.000000000000000000, 0.000000000000000000, 0.000000000000000000 ) ;
#8886 = CARTESIAN_POINT ( 'NONE',  ( 10.51999999999999957, 14.23000000000000220, -1.500000000000000222 ) ) ;
#8887 = CARTESIAN_POINT ( 'NONE',  ( 11.00000000000000000, 29.00999999999999091, -1.124999999999997113 ) ) ;
#8888 = FACE_OUTER_BOUND ( 'NONE', #6952, .T. ) ;
#8889 = DIRECTION ( 'NONE',  ( 1.000000000000000000, -0.000000000000000000, -0.000000000000000000 ) ) ;
#8890 = ORIENTED_EDGE ( 'NONE', *, *, #11133, .T. ) ;
#8891 = AXIS2_PLACEMENT_3D ( 'NONE', #3100, #1345, #9085 ) ;
#8892 = VERTEX_POINT ( 'NONE', #11004 ) ;
#8893 = AXIS2_PLACEMENT_3D ( 'NONE', #4820, #5005, #10872 ) ;
#8894 = ORIENTED_EDGE ( 'NONE', *, *, #5943, .F. ) ;
#8895 = CARTESIAN_POINT ( 'NONE',  ( -12.75000000000000000, 27.50999999999998735, -1.281249999999994893 ) ) ;
#8896 = EDGE_CURVE ( 'NONE', #9033, #10844, #11066, .T. ) ;
#8897 = EDGE_CURVE ( 'NONE', #95, #1058, #12218, .T. ) ;
#8898 = ORIENTED_EDGE ( 'NONE', *, *, #4171, .T. ) ;
#8899 = DIRECTION ( 'NONE',  ( -0.000000000000000000, -0.000000000000000000, 1.000000000000000000 ) ) ;
#8900 = CARTESIAN_POINT ( 'NONE',  ( -11.99999999999999822, 44.00999999999999801, -1.124999999999997113 ) ) ;
#8901 = VECTOR ( 'NONE', #12048, 39.37007874015748143 ) ;
#8902 = EDGE_CURVE ( 'NONE', #11863, #1522, #8280, .T. ) ;
#8903 = DIRECTION ( 'NONE',  ( 0.000000000000000000, -1.000000000000000000, 0.000000000000000000 ) ) ;
#8904 = VERTEX_POINT ( 'NONE', #8164 ) ;
#8905 = PLANE ( 'NONE',  #11709 ) ;
#8906 = CARTESIAN_POINT ( 'NONE',  ( 12.75000000000000000, 29.25000000000000000, 2.730000000000003535 ) ) ;
#8907 = DIRECTION ( 'NONE',  ( -0.000000000000000000, -1.000000000000000000, -0.000000000000000000 ) ) ;
#8908 = ORIENTED_EDGE ( 'NONE', *, *, #8728, .T. ) ;
#8909 = FACE_BOUND ( 'NONE', #11270, .T. ) ;
#8910 = ORIENTED_EDGE ( 'NONE', *, *, #9682, .T. ) ;
#8911 = VECTOR ( 'NONE', #11700, 39.37007874015748143 ) ;
#8912 = AXIS2_PLACEMENT_3D ( 'NONE', #7809, #1194, #4145 ) ;
#8913 = EDGE_CURVE ( 'NONE', #6283, #7125, #9623, .T. ) ;
#8914 = ORIENTED_EDGE ( 'NONE', *, *, #2778, .F. ) ;
#8915 = DIRECTION ( 'NONE',  ( 0.000000000000000000, 0.000000000000000000, -1.000000000000000000 ) ) ;
#8916 = CARTESIAN_POINT ( 'NONE',  ( -11.99999999999999822, 48.71000000000000085, -1.500000000000000222 ) ) ;
#8917 = ORIENTED_EDGE ( 'NONE', *, *, #7318, .F. ) ;
#8918 = CARTESIAN_POINT ( 'NONE',  ( -11.08815000000000062, 11.24000000000000199, -0.7499999999999986677 ) ) ;
#8919 = VECTOR ( 'NONE', #5538, 39.37007874015748143 ) ;
#8920 = ORIENTED_EDGE ( 'NONE', *, *, #7433, .F. ) ;
#8921 = CARTESIAN_POINT ( 'NONE',  ( 12.75000000000000000, 27.50999999999998735, -1.124999999999997113 ) ) ;
#8922 = DIRECTION ( 'NONE',  ( 1.000000000000000000, -0.000000000000000000, -0.000000000000000000 ) ) ;
#8923 = DIRECTION ( 'NONE',  ( -0.000000000000000000, -0.000000000000000000, -1.000000000000000000 ) ) ;
#8924 = ADVANCED_FACE ( 'NONE', ( #7403 ), #12190, .F. ) ;
#8925 = EDGE_LOOP ( 'NONE', ( #8035, #11144, #3476, #10253 ) ) ;
#8926 = DIRECTION ( 'NONE',  ( -1.000000000000000000, 0.000000000000000000, 0.000000000000000000 ) ) ;
#8927 = CARTESIAN_POINT ( 'NONE',  ( -12.75000000000000000, 38.00999999999999091, -1.124999999999997113 ) ) ;
#8928 = ORIENTED_EDGE ( 'NONE', *, *, #1647, .F. ) ;
#8929 = CYLINDRICAL_SURFACE ( 'NONE', #6065, 0.1562499999999979461 ) ;
#8930 = CARTESIAN_POINT ( 'NONE',  ( -12.75000000000000000, 56.00999999999999091, -1.281249999999994893 ) ) ;
#8931 = VECTOR ( 'NONE', #11975, 39.37007874015748143 ) ;
#8932 = DIRECTION ( 'NONE',  ( 0.000000000000000000, 0.000000000000000000, -1.000000000000000000 ) ) ;
#8933 = DIRECTION ( 'NONE',  ( -1.000000000000000000, 0.000000000000000000, 0.000000000000000000 ) ) ;
#8934 = CARTESIAN_POINT ( 'NONE',  ( 11.99999999999999822, 48.71000000000000085, -0.7499999999999940048 ) ) ;
#8935 = EDGE_LOOP ( 'NONE', ( #3827, #10722, #11331, #4424 ) ) ;
#8936 = CARTESIAN_POINT ( 'NONE',  ( 12.75000000000000000, 28.49999999999999289, 2.730000000000003535 ) ) ;
#8937 = APPLICATION_CONTEXT ( 'automotive_design' ) ;
#8938 = DIRECTION ( 'NONE',  ( -0.000000000000000000, -0.000000000000000000, 1.000000000000000000 ) ) ;
#8939 = CARTESIAN_POINT ( 'NONE',  ( 11.38021356574773968, 51.57703531327747726, -0.9837683682622352377 ) ) ;
#8940 = VECTOR ( 'NONE', #8255, 39.37007874015748143 ) ;
#8941 = EDGE_LOOP ( 'NONE', ( #5266, #6141 ) ) ;
#8942 = CARTESIAN_POINT ( 'NONE',  ( 11.99999999999999822, 14.23000000000000220, -0.7499999999999983347 ) ) ;
#8943 = LINE ( 'NONE', #7052, #11288 ) ;
#8944 = DIRECTION ( 'NONE',  ( 0.000000000000000000, 0.000000000000000000, -1.000000000000000000 ) ) ;
#8945 = AXIS2_PLACEMENT_3D ( 'NONE', #12049, #5316, #1407 ) ;
#8946 = CARTESIAN_POINT ( 'NONE',  ( -11.26000000000000156, 49.19999999999999574, -1.499999999999993783 ) ) ;
#8947 = PRESENTATION_LAYER_ASSIGNMENT (  '', '', ( #8152 ) ) ;
#8948 = DIRECTION ( 'NONE',  ( -0.000000000000000000, -0.000000000000000000, -1.000000000000000000 ) ) ;
#8949 = DIRECTION ( 'NONE',  ( 0.000000000000000000, 0.000000000000000000, -1.000000000000000000 ) ) ;
#8950 = ORIENTED_EDGE ( 'NONE', *, *, #9612, .T. ) ;
#8951 = AXIS2_PLACEMENT_3D ( 'NONE', #371, #11776, #3143 ) ;
#8952 = ORIENTED_EDGE ( 'NONE', *, *, #12151, .T. ) ;
#8953 = VERTEX_POINT ( 'NONE', #7340 ) ;
#8954 = UNCERTAINTY_MEASURE_WITH_UNIT (LENGTH_MEASURE( 1.000000000000000082E-05 ), #4383, 'distance_accuracy_value', 'NONE');
#8955 = EDGE_CURVE ( 'NONE', #10260, #3436, #9173, .T. ) ;
#8956 = DIRECTION ( 'NONE',  ( 1.000000000000000000, 0.000000000000000000, 0.000000000000000000 ) ) ;
#8957 = ADVANCED_FACE ( 'NONE', ( #3553 ), #10220, .F. ) ;
#8958 = VECTOR ( 'NONE', #11030, 39.37007874015748143 ) ;
#8959 = ORIENTED_EDGE ( 'NONE', *, *, #9599, .F. ) ;
#8960 = LINE ( 'NONE', #263, #11047 ) ;
#8961 = CARTESIAN_POINT ( 'NONE',  ( 11.42818354948514425, 51.66451779462048677, -1.151797018709555864 ) ) ;
#8962 = DIRECTION ( 'NONE',  ( 1.000000000000000000, -0.000000000000000000, -0.000000000000000000 ) ) ;
#8963 = EDGE_LOOP ( 'NONE', ( #11116, #637, #4717, #10882 ) ) ;
#8964 = DIRECTION ( 'NONE',  ( 0.000000000000000000, 0.000000000000000000, -1.000000000000000000 ) ) ;
#8965 = DIRECTION ( 'NONE',  ( 1.000000000000000000, 0.000000000000000000, 0.000000000000000000 ) ) ;
#8966 = DIRECTION ( 'NONE',  ( 1.000000000000000000, -0.000000000000000000, -0.000000000000000000 ) ) ;
#8967 = ORIENTED_EDGE ( 'NONE', *, *, #1353, .F. ) ;
#8968 = VECTOR ( 'NONE', #9891, 39.37007874015748143 ) ;
#8969 = VECTOR ( 'NONE', #552, 39.37007874015748143 ) ;
#8970 = DIRECTION ( 'NONE',  ( 0.000000000000000000, 0.000000000000000000, -1.000000000000000000 ) ) ;
#8971 = EDGE_LOOP ( 'NONE', ( #6777, #8108, #7143, #9630 ) ) ;
#8972 = EDGE_CURVE ( 'NONE', #5457, #3921, #9340, .T. ) ;
#8973 = ORIENTED_EDGE ( 'NONE', *, *, #11710, .T. ) ;
#8974 = LINE ( 'NONE', #340, #11636 ) ;
#8975 = VECTOR ( 'NONE', #10752, 39.37007874015748143 ) ;
#8976 = CARTESIAN_POINT ( 'NONE',  ( -11.99999999999999822, 57.50999999999999091, -1.124999999999997113 ) ) ;
#8977 = LINE ( 'NONE', #4181, #10696 ) ;
#8978 = ORIENTED_EDGE ( 'NONE', *, *, #9096, .T. ) ;
#8979 = CARTESIAN_POINT ( 'NONE',  ( 11.99999999999999822, 47.00999999999999091, -1.124999999999997113 ) ) ;
#8980 = ORIENTED_EDGE ( 'NONE', *, *, #2119, .F. ) ;
#8981 = EDGE_CURVE ( 'NONE', #11230, #1213, #3358, .T. ) ;
#8982 = ADVANCED_FACE ( 'NONE', ( #390 ), #206, .F. ) ;
#8983 = DIRECTION ( 'NONE',  ( 0.000000000000000000, 0.000000000000000000, -1.000000000000000000 ) ) ;
#8984 = DIRECTION ( 'NONE',  ( 1.000000000000000000, -0.000000000000000000, -0.000000000000000000 ) ) ;
#8985 = SURFACE_STYLE_USAGE ( .BOTH. , #10877 ) ;
#8986 = CARTESIAN_POINT ( 'NONE',  ( 11.08815000000000062, 11.24000000000000199, 0.000000000000000000 ) ) ;
#8987 = ORIENTED_EDGE ( 'NONE', *, *, #10992, .F. ) ;
#8988 = DIRECTION ( 'NONE',  ( 0.000000000000000000, 0.000000000000000000, -1.000000000000000000 ) ) ;
#8989 = VECTOR ( 'NONE', #3139, 39.37007874015748143 ) ;
#8990 = SURFACE_STYLE_USAGE ( .BOTH. , #7289 ) ;
#8991 = VERTEX_POINT ( 'NONE', #4229 ) ;
#8992 = FACE_OUTER_BOUND ( 'NONE', #762, .T. ) ;
#8993 = CARTESIAN_POINT ( 'NONE',  ( 11.00000000000000000, 41.00999999999999801, -1.281249999999994893 ) ) ;
#8994 = DIRECTION ( 'NONE',  ( -0.000000000000000000, -1.000000000000000000, -0.000000000000000000 ) ) ;
#8995 = CARTESIAN_POINT ( 'NONE',  ( 11.26000000000000156, 49.19999999999999574, -2.250000000000000444 ) ) ;
#8996 = EDGE_CURVE ( 'NONE', #8490, #7022, #10791, .T. ) ;
#8997 = DIRECTION ( 'NONE',  ( 0.000000000000000000, 0.000000000000000000, -1.000000000000000000 ) ) ;
#8998 = DIRECTION ( 'NONE',  ( 0.000000000000000000, 1.000000000000000000, 0.000000000000000000 ) ) ;
#8999 = VERTEX_POINT ( 'NONE', #7958 ) ;
#9000 = CARTESIAN_POINT ( 'NONE',  ( 11.99999999999999822, 14.23000000000000220, -0.7499999999999983347 ) ) ;
#9001 = AXIS2_PLACEMENT_3D ( 'NONE', #6095, #8984, #7919 ) ;
#9002 = DIRECTION ( 'NONE',  ( -0.000000000000000000, -1.177520686924250979E-16, 1.000000000000000000 ) ) ;
#9003 = CARTESIAN_POINT ( 'NONE',  ( 11.99999999999999822, 59.18999999999999773, 0.000000000000000000 ) ) ;
#9004 = VERTEX_POINT ( 'NONE', #2161 ) ;
#9005 = PLANE ( 'NONE',  #2201 ) ;
#9006 = CARTESIAN_POINT ( 'NONE',  ( 11.08815000000000062, 24.21999999999999531, -0.7499999999999972244 ) ) ;
#9007 = CYLINDRICAL_SURFACE ( 'NONE', #9976, 0.1562499999999957812 ) ;
#9008 = STYLED_ITEM ( 'NONE', ( #5658 ), #9349 ) ;
#9009 = CARTESIAN_POINT ( 'NONE',  ( -11.99999999999999822, 38.00999999999999091, -1.281249999999993117 ) ) ;
#9010 = EDGE_CURVE ( 'NONE', #4801, #95, #1400, .T. ) ;
#9011 = CARTESIAN_POINT ( 'NONE',  ( -11.43185000000000251, 21.71999999999999886, -2.250000000000000444 ) ) ;
#9012 = CARTESIAN_POINT ( 'NONE',  ( -12.00000000000000355, 4.500000000000000888, 8.589666975669972615 ) ) ;
#9013 = ORIENTED_EDGE ( 'NONE', *, *, #11851, .F. ) ;
#9014 = ORIENTED_EDGE ( 'NONE', *, *, #10121, .T. ) ;
#9015 = ORIENTED_EDGE ( 'NONE', *, *, #11193, .T. ) ;
#9016 = DIRECTION ( 'NONE',  ( 0.000000000000000000, 0.000000000000000000, -1.000000000000000000 ) ) ;
#9017 = CLOSED_SHELL ( 'NONE', ( #2947, #3249, #6875, #431, #4582, #6973, #11408, #7951, #2101, #3627, #11063, #9293, #5903, #248, #11924, #10374, #4542, #3944 ) ) ;
#9018 = EDGE_LOOP ( 'NONE', ( #3480, #10282 ) ) ;
#9019 = CARTESIAN_POINT ( 'NONE',  ( -10.51999999999999957, 4.500000000000000888, 8.589666975669972615 ) ) ;
#9020 = DIRECTION ( 'NONE',  ( 0.000000000000000000, 0.000000000000000000, -1.000000000000000000 ) ) ;
#9021 = FACE_OUTER_BOUND ( 'NONE', #11845, .T. ) ;
#9022 = ORIENTED_EDGE ( 'NONE', *, *, #6343, .T. ) ;
#9023 = ADVANCED_FACE ( 'NONE', ( #7130 ), #9083, .F. ) ;
#9024 = DIRECTION ( 'NONE',  ( 0.000000000000000000, 0.000000000000000000, -1.000000000000000000 ) ) ;
#9025 = DIRECTION ( 'NONE',  ( 1.000000000000000000, -0.000000000000000000, -0.000000000000000000 ) ) ;
#9026 = EDGE_CURVE ( 'NONE', #6746, #2568, #5944, .T. ) ;
#9027 = AXIS2_PLACEMENT_3D ( 'NONE', #706, #10596, #7041 ) ;
#9028 = CARTESIAN_POINT ( 'NONE',  ( -11.00000000000000000, 27.50999999999998735, -1.124999999999997113 ) ) ;
#9029 = ORIENTED_EDGE ( 'NONE', *, *, #6727, .F. ) ;
#9030 = AXIS2_PLACEMENT_3D ( 'NONE', #3446, #5539, #679 ) ;
#9031 = DIRECTION ( 'NONE',  ( 1.000000000000000000, -0.000000000000000000, -0.000000000000000000 ) ) ;
#9032 = VERTEX_POINT ( 'NONE', #9797 ) ;
#9033 = VERTEX_POINT ( 'NONE', #3227 ) ;
#9034 = AXIS2_PLACEMENT_3D ( 'NONE', #6267, #591, #4307 ) ;
#9035 = VECTOR ( 'NONE', #10880, 39.37007874015748143 ) ;
#9036 = CARTESIAN_POINT ( 'NONE',  ( 11.99999999999999645, 3.750000000000003553, 8.589666975669972615 ) ) ;
#9037 = FACE_OUTER_BOUND ( 'NONE', #11224, .T. ) ;
#9038 = EDGE_LOOP ( 'NONE', ( #6999, #1457, #6956, #3356 ) ) ;
#9039 = DIRECTION ( 'NONE',  ( 0.000000000000000000, 0.000000000000000000, 1.000000000000000000 ) ) ;
#9040 = ADVANCED_FACE ( 'NONE', ( #6008 ), #1156, .F. ) ;
#9041 = EDGE_LOOP ( 'NONE', ( #784, #4860, #11574, #247 ) ) ;
#9042 = DIRECTION ( 'NONE',  ( -0.000000000000000000, 1.570027582565667972E-16, -1.000000000000000000 ) ) ;
#9043 = AXIS2_PLACEMENT_3D ( 'NONE', #6924, #2204, #9901 ) ;
#9044 = FACE_OUTER_BOUND ( 'NONE', #2980, .T. ) ;
#9045 = VECTOR ( 'NONE', #9495, 39.37007874015748143 ) ;
#9046 =( LENGTH_UNIT ( ) NAMED_UNIT ( * ) SI_UNIT ( $, .METRE. ) );
#9047 = ORIENTED_EDGE ( 'NONE', *, *, #65, .T. ) ;
#9048 = CARTESIAN_POINT ( 'NONE',  ( -3.220000000000002416, 57.99999999999999289, 0.000000000000000000 ) ) ;
#9049 = EDGE_LOOP ( 'NONE', ( #8384, #9621, #2418, #10281 ) ) ;
#9050 = EDGE_CURVE ( 'NONE', #7485, #7789, #5180, .T. ) ;
#9051 = AXIS2_PLACEMENT_3D ( 'NONE', #749, #8431, #7556 ) ;
#9052 = DIRECTION ( 'NONE',  ( -0.000000000000000000, 0.000000000000000000, 1.000000000000000000 ) ) ;
#9053 = CIRCLE ( 'NONE', #4189, 0.1562499999999995837 ) ;
#9054 =( NAMED_UNIT ( * ) SI_UNIT ( $, .STERADIAN. ) SOLID_ANGLE_UNIT ( ) );
#9055 = EDGE_LOOP ( 'NONE', ( #10421, #982, #5519, #8011 ) ) ;
#9056 = LINE ( 'NONE', #11197, #3039 ) ;
#9057 = EDGE_CURVE ( 'NONE', #6720, #4676, #1463, .T. ) ;
#9058 = CARTESIAN_POINT ( 'NONE',  ( -10.51999999999999957, 59.18999999999999773, -0.7500000000000001110 ) ) ;
#9059 = DIRECTION ( 'NONE',  ( 0.000000000000000000, -0.000000000000000000, 1.000000000000000000 ) ) ;
#9060 = FACE_OUTER_BOUND ( 'NONE', #9303, .T. ) ;
#9061 = DIRECTION ( 'NONE',  ( 1.000000000000000000, 0.000000000000000000, 0.000000000000000000 ) ) ;
#9062 = ORIENTED_EDGE ( 'NONE', *, *, #6213, .T. ) ;
#9063 = AXIS2_PLACEMENT_3D ( 'NONE', #8544, #9430, #7476 ) ;
#9064 = DIRECTION ( 'NONE',  ( -1.000000000000000000, 0.000000000000000000, 0.000000000000000000 ) ) ;
#9065 = CARTESIAN_POINT ( 'NONE',  ( -12.75000000000000000, 38.00999999999999091, -1.124999999999997113 ) ) ;
#9066 = EDGE_LOOP ( 'NONE', ( #12037, #8748, #9566, #1183 ) ) ;
#9067 = EDGE_CURVE ( 'NONE', #8122, #4639, #547, .T. ) ;
#9068 = ORIENTED_EDGE ( 'NONE', *, *, #10193, .T. ) ;
#9069 = CARTESIAN_POINT ( 'NONE',  ( -11.99999999999999822, 36.50999999999999091, -1.124999999999997113 ) ) ;
#9070 = DIRECTION ( 'NONE',  ( 0.000000000000000000, 1.000000000000000000, 0.000000000000000000 ) ) ;
#9071 = DIRECTION ( 'NONE',  ( -1.000000000000000000, 0.000000000000000000, 0.000000000000000000 ) ) ;
#9072 = DIRECTION ( 'NONE',  ( -1.000000000000000000, 0.000000000000000000, -0.000000000000000000 ) ) ;
#9073 = CARTESIAN_POINT ( 'NONE',  ( -11.26000000000000156, 13.74000000000000199, -2.250000000000000444 ) ) ;
#9074 = CARTESIAN_POINT ( 'NONE',  ( -11.00000000000000000, 42.50999999999999801, -0.9687499999999992228 ) ) ;
#9075 = ORIENTED_EDGE ( 'NONE', *, *, #3738, .T. ) ;
#9076 = VERTEX_POINT ( 'NONE', #2529 ) ;
#9077 = EDGE_LOOP ( 'NONE', ( #9323, #9543, #10209, #4831 ) ) ;
#9078 = FACE_OUTER_BOUND ( 'NONE', #198, .T. ) ;
#9079 = AXIS2_PLACEMENT_3D ( 'NONE', #1884, #941, #3706 ) ;
#9080 = EDGE_CURVE ( 'NONE', #5901, #871, #4359, .T. ) ;
#9081 = EDGE_LOOP ( 'NONE', ( #2380, #12001 ) ) ;
#9082 = CYLINDRICAL_SURFACE ( 'NONE', #997, 0.1562499999999993339 ) ;
#9083 = PLANE ( 'NONE',  #11416 ) ;
#9084 =( NAMED_UNIT ( * ) PLANE_ANGLE_UNIT ( ) SI_UNIT ( $, .RADIAN. ) );
#9085 = DIRECTION ( 'NONE',  ( 0.000000000000000000, -1.000000000000000000, 0.000000000000000000 ) ) ;
#9086 = VERTEX_POINT ( 'NONE', #1714 ) ;
#9087 = DIRECTION ( 'NONE',  ( 0.000000000000000000, -0.000000000000000000, 1.000000000000000000 ) ) ;
#9088 = LINE ( 'NONE', #7135, #6533 ) ;
#9089 = CIRCLE ( 'NONE', #11698, 0.1718500000000005301 ) ;
#9090 = DIRECTION ( 'NONE',  ( -0.000000000000000000, -1.000000000000000000, -0.000000000000000000 ) ) ;
#9091 = ORIENTED_EDGE ( 'NONE', *, *, #6671, .T. ) ;
#9092 = EDGE_LOOP ( 'NONE', ( #4614, #3302, #9899, #2913 ) ) ;
#9093 = FILL_AREA_STYLE ('',( #1414 ) ) ;
#9094 = EDGE_CURVE ( 'NONE', #9611, #8573, #6790, .T. ) ;
#9095 = AXIS2_PLACEMENT_3D ( 'NONE', #2605, #785, #12427 ) ;
#9096 = EDGE_CURVE ( 'NONE', #3080, #4289, #11106, .T. ) ;
#9097 = ORIENTED_EDGE ( 'NONE', *, *, #4729, .T. ) ;
#9098 = CARTESIAN_POINT ( 'NONE',  ( -11.00000000000000000, 33.50999999999999091, -1.124999999999997113 ) ) ;
#9099 = FACE_OUTER_BOUND ( 'NONE', #4302, .T. ) ;
#9100 =( CONVERSION_BASED_UNIT ( 'INCH', #4117 ) LENGTH_UNIT ( ) NAMED_UNIT ( #531 ) );
#9101 = VERTEX_POINT ( 'NONE', #2467 ) ;
#9102 = DIRECTION ( 'NONE',  ( 0.000000000000000000, 0.000000000000000000, -1.000000000000000000 ) ) ;
#9103 = EDGE_LOOP ( 'NONE', ( #8359, #10159, #5863, #11196 ) ) ;
#9104 = VECTOR ( 'NONE', #314, 39.37007874015748143 ) ;
#9105 = DIRECTION ( 'NONE',  ( -0.000000000000000000, -0.000000000000000000, 1.000000000000000000 ) ) ;
#9106 = CARTESIAN_POINT ( 'NONE',  ( 11.00000000000000000, 38.00999999999999091, -1.124999999999997113 ) ) ;
#9107 = DIRECTION ( 'NONE',  ( 0.000000000000000000, -0.000000000000000000, 1.000000000000000000 ) ) ;
#9108 = EDGE_LOOP ( 'NONE', ( #4066, #5482, #6033, #6559 ) ) ;
#9109 = ADVANCED_FACE ( 'NONE', ( #10287 ), #4543, .F. ) ;
#9110 = ADVANCED_FACE ( 'NONE', ( #9271 ), #7384, .F. ) ;
#9111 = EDGE_LOOP ( 'NONE', ( #11470, #1814, #8950, #10809 ) ) ;
#9112 = VECTOR ( 'NONE', #10367, 39.37007874015748143 ) ;
#9113 =( GEOMETRIC_REPRESENTATION_CONTEXT ( 3 ) GLOBAL_UNCERTAINTY_ASSIGNED_CONTEXT ( ( #3668 ) ) GLOBAL_UNIT_ASSIGNED_CONTEXT ( ( #6475, #2622, #8423 ) ) REPRESENTATION_CONTEXT ( 'NONE', 'WORKASPACE' ) );
#9114 = PLANE ( 'NONE',  #4821 ) ;
#9115 =( CONVERSION_BASED_UNIT ( 'INCH', #1557 ) LENGTH_UNIT ( ) NAMED_UNIT ( #12031 ) );
#9116 = VERTEX_POINT ( 'NONE', #11168 ) ;
#9117 = DIRECTION ( 'NONE',  ( 0.000000000000000000, 0.000000000000000000, -1.000000000000000000 ) ) ;
#9118 = DIRECTION ( 'NONE',  ( 1.000000000000000000, -0.000000000000000000, -0.000000000000000000 ) ) ;
#9119 = FACE_OUTER_BOUND ( 'NONE', #7615, .T. ) ;
#9120 = FACE_OUTER_BOUND ( 'NONE', #3719, .T. ) ;
#9121 = CARTESIAN_POINT ( 'NONE',  ( 12.75000000000000355, 28.49999999999998579, -2.250000000000003109 ) ) ;
#9122 = EDGE_LOOP ( 'NONE', ( #5761, #3946 ) ) ;
#9123 = VECTOR ( 'NONE', #9090, 39.37007874015748143 ) ;
#9124 = DIRECTION ( 'NONE',  ( 0.000000000000000000, 0.000000000000000000, -1.000000000000000000 ) ) ;
#9125 = DIRECTION ( 'NONE',  ( -0.000000000000000000, -0.000000000000000000, -1.000000000000000000 ) ) ;
#9126 = DIRECTION ( 'NONE',  ( 0.000000000000000000, 1.000000000000000000, 0.000000000000000000 ) ) ;
#9127 = EDGE_CURVE ( 'NONE', #8704, #10329, #765, .T. ) ;
#9128 = VERTEX_POINT ( 'NONE', #5502 ) ;
#9129 = ORIENTED_EDGE ( 'NONE', *, *, #5606, .F. ) ;
#9130 = FACE_OUTER_BOUND ( 'NONE', #2214, .T. ) ;
#9131 = AXIS2_PLACEMENT_3D ( 'NONE', #195, #3087, #3025 ) ;
#9132 = FACE_BOUND ( 'NONE', #4754, .T. ) ;
#9133 = DIMENSIONAL_EXPONENTS ( 1.000000000000000000, 0.000000000000000000, 0.000000000000000000, 0.000000000000000000, 0.000000000000000000, 0.000000000000000000, 0.000000000000000000 ) ;
#9134 = DIRECTION ( 'NONE',  ( 0.000000000000000000, -0.000000000000000000, -1.000000000000000000 ) ) ;
#9135 = FACE_OUTER_BOUND ( 'NONE', #12269, .T. ) ;
#9136 = CARTESIAN_POINT ( 'NONE',  ( 11.26000000000000156, 24.21999999999999531, 0.000000000000000000 ) ) ;
#9137 = FACE_BOUND ( 'NONE', #2611, .T. ) ;
#9138 = ORIENTED_EDGE ( 'NONE', *, *, #4374, .F. ) ;
#9139 = EDGE_CURVE ( 'NONE', #923, #8892, #8260, .T. ) ;
#9140 = ADVANCED_FACE ( 'NONE', ( #2405 ), #6254, .T. ) ;
#9141 = ORIENTED_EDGE ( 'NONE', *, *, #7348, .T. ) ;
#9142 = AXIS2_PLACEMENT_3D ( 'NONE', #3669, #7520, #6578 ) ;
#9143 = ORIENTED_EDGE ( 'NONE', *, *, #7306, .T. ) ;
#9144 = CARTESIAN_POINT ( 'NONE',  ( -12.00000000000000355, 3.750000000000000888, 8.589666975669972615 ) ) ;
#9145 = EDGE_CURVE ( 'NONE', #2906, #7667, #1556, .T. ) ;
#9146 = ORIENTED_EDGE ( 'NONE', *, *, #8955, .F. ) ;
#9147 = DIRECTION ( 'NONE',  ( 1.000000000000000000, 0.000000000000000000, 0.000000000000000000 ) ) ;
#9148 = VECTOR ( 'NONE', #10922, 39.37007874015748143 ) ;
#9149 = DIRECTION ( 'NONE',  ( -1.000000000000000000, -0.000000000000000000, -0.000000000000000000 ) ) ;
#9150 = SURFACE_SIDE_STYLE ('',( #11983 ) ) ;
#9151 = AXIS2_PLACEMENT_3D ( 'NONE', #12024, #9126, #245 ) ;
#9152 = PLANE ( 'NONE',  #3449 ) ;
#9153 = ORIENTED_EDGE ( 'NONE', *, *, #8188, .F. ) ;
#9154 = DIRECTION ( 'NONE',  ( -1.000000000000000000, 0.000000000000000000, -0.000000000000000000 ) ) ;
#9155 = DIRECTION ( 'NONE',  ( 1.000000000000000000, 0.000000000000000000, 0.000000000000000000 ) ) ;
#9156 = DIRECTION ( 'NONE',  ( 1.000000000000000000, 0.000000000000000000, 0.000000000000000000 ) ) ;
#9157 = ORIENTED_EDGE ( 'NONE', *, *, #8366, .F. ) ;
#9158 = EDGE_CURVE ( 'NONE', #3731, #6708, #1590, .T. ) ;
#9159 = ORIENTED_EDGE ( 'NONE', *, *, #3332, .T. ) ;
#9160 = CIRCLE ( 'NONE', #1712, 0.1718500000000005301 ) ;
#9161 = VECTOR ( 'NONE', #8002, 39.37007874015748143 ) ;
#9162 = DIRECTION ( 'NONE',  ( 0.000000000000000000, 0.000000000000000000, -1.000000000000000000 ) ) ;
#9163 = ORIENTED_EDGE ( 'NONE', *, *, #8996, .T. ) ;
#9164 = CARTESIAN_POINT ( 'NONE',  ( 11.26000000000000156, 13.74000000000000199, 0.000000000000000000 ) ) ;
#9165 = DIRECTION ( 'NONE',  ( 0.000000000000000000, 0.000000000000000000, -1.000000000000000000 ) ) ;
#9166 =( NAMED_UNIT ( * ) SI_UNIT ( $, .STERADIAN. ) SOLID_ANGLE_UNIT ( ) );
#9167 = EDGE_LOOP ( 'NONE', ( #1093, #2401, #12369, #10982 ) ) ;
#9168 = AXIS2_PLACEMENT_3D ( 'NONE', #6913, #5735, #5792 ) ;
#9169 = CARTESIAN_POINT ( 'NONE',  ( -11.99999999999999822, 59.18999999999999773, -0.7500000000000001110 ) ) ;
#9170 = ORIENTED_EDGE ( 'NONE', *, *, #11334, .T. ) ;
#9171 = ADVANCED_FACE ( 'NONE', ( #3594 ), #8319, .F. ) ;
#9172 = DIRECTION ( 'NONE',  ( -0.000000000000000000, -1.000000000000000000, -0.000000000000000000 ) ) ;
#9173 = LINE ( 'NONE', #11188, #4164 ) ;
#9174 =( NAMED_UNIT ( * ) SI_UNIT ( $, .STERADIAN. ) SOLID_ANGLE_UNIT ( ) );
#9175 = ORIENTED_EDGE ( 'NONE', *, *, #1090, .F. ) ;
#9176 = AXIS2_PLACEMENT_3D ( 'NONE', #1422, #9105, #477 ) ;
#9177 = AXIS2_PLACEMENT_3D ( 'NONE', #461, #7323, #2411 ) ;
#9178 = ORIENTED_EDGE ( 'NONE', *, *, #9753, .T. ) ;
#9179 = FACE_BOUND ( 'NONE', #2395, .T. ) ;
#9180 = SURFACE_SIDE_STYLE ('',( #10943 ) ) ;
#9181 = ORIENTED_EDGE ( 'NONE', *, *, #10524, .F. ) ;
#9182 = FACE_BOUND ( 'NONE', #3796, .T. ) ;
#9183 = CARTESIAN_POINT ( 'NONE',  ( -10.51999999999999957, 52.18999999999999773, -0.7499999999999936717 ) ) ;
#9184 = AXIS2_PLACEMENT_3D ( 'NONE', #10460, #2074, #2887 ) ;
#9185 = EDGE_CURVE ( 'NONE', #6938, #6773, #701, .T. ) ;
#9186 = CARTESIAN_POINT ( 'NONE',  ( 11.00000000000000000, 36.50999999999999091, -1.281249999999994893 ) ) ;
#9187 = EDGE_CURVE ( 'NONE', #6616, #1421, #764, .T. ) ;
#9188 = DIRECTION ( 'NONE',  ( 1.000000000000000000, -0.000000000000000000, -0.000000000000000000 ) ) ;
#9189 = ORIENTED_EDGE ( 'NONE', *, *, #11710, .F. ) ;
#9190 = DIRECTION ( 'NONE',  ( -0.000000000000000000, -0.000000000000000000, -1.000000000000000000 ) ) ;
#9191 = DIRECTION ( 'NONE',  ( -0.000000000000000000, -0.000000000000000000, 1.000000000000000000 ) ) ;
#9192 = EDGE_LOOP ( 'NONE', ( #6264, #4932 ) ) ;
#9193 = CIRCLE ( 'NONE', #3957, 0.1562499999999990563 ) ;
#9194 = VERTEX_POINT ( 'NONE', #5625 ) ;
#9195 = CARTESIAN_POINT ( 'NONE',  ( 11.43185000000000251, 24.21999999999999531, -1.499999999999996891 ) ) ;
#9196 = DIRECTION ( 'NONE',  ( 0.000000000000000000, 1.177520686924250979E-16, -1.000000000000000000 ) ) ;
#9197 = CYLINDRICAL_SURFACE ( 'NONE', #3722, 0.1562499999999957812 ) ;
#9198 = DIRECTION ( 'NONE',  ( 0.000000000000000000, 0.000000000000000000, -1.000000000000000000 ) ) ;
#9199 = CARTESIAN_POINT ( 'NONE',  ( 12.75000000000000000, 38.00999999999999091, -1.124999999999997113 ) ) ;
#9200 = ADVANCED_FACE ( 'NONE', ( #11473 ), #4007, .F. ) ;
#9201 = CARTESIAN_POINT ( 'NONE',  ( -11.26000000000000156, 21.71999999999999886, 0.000000000000000000 ) ) ;
#9202 = EDGE_LOOP ( 'NONE', ( #11631, #8112 ) ) ;
#9203 = VECTOR ( 'NONE', #3657, 39.37007874015748143 ) ;
#9204 = ORIENTED_EDGE ( 'NONE', *, *, #11332, .F. ) ;
#9205 = VERTEX_POINT ( 'NONE', #9885 ) ;
#9206 = PRODUCT_DEFINITION_CONTEXT ( 'detailed design', #8937, 'design' ) ;
#9207 = CARTESIAN_POINT ( 'NONE',  ( 11.99999999999999822, 57.50999999999999091, -1.124999999999997113 ) ) ;
#9208 = ORIENTED_EDGE ( 'NONE', *, *, #3348, .F. ) ;
#9209 = CYLINDRICAL_SURFACE ( 'NONE', #6832, 0.1718500000000005301 ) ;
#9210 = VECTOR ( 'NONE', #1245, 39.37007874015748143 ) ;
#9211 = EDGE_CURVE ( 'NONE', #2458, #9715, #12226, .T. ) ;
#9212 = CARTESIAN_POINT ( 'NONE',  ( 11.00000000000000000, 57.50999999999999091, -1.124999999999997113 ) ) ;
#9213 = DIRECTION ( 'NONE',  ( 0.000000000000000000, 0.000000000000000000, -1.000000000000000000 ) ) ;
#9214 = CARTESIAN_POINT ( 'NONE',  ( 11.08815000000000062, 51.69999999999999574, -1.499999999999993561 ) ) ;
#9215 = ORIENTED_EDGE ( 'NONE', *, *, #8212, .T. ) ;
#9216 = CARTESIAN_POINT ( 'NONE',  ( 0.000000000000000000, 25.01999999999998181, 0.000000000000000000 ) ) ;
#9217 = CARTESIAN_POINT ( 'NONE',  ( -11.00000000000000000, 47.00999999999999091, -1.281249999999996447 ) ) ;
#9218 = ADVANCED_FACE ( 'NONE', ( #5685, #8516, #8576, #6975, #12347, #6037, #7865 ), #2712, .F. ) ;
#9219 = CARTESIAN_POINT ( 'NONE',  ( -11.99999999999999822, 56.00999999999999091, -1.124999999999997113 ) ) ;
#9220 = VERTEX_POINT ( 'NONE', #10820 ) ;
#9221 = EDGE_LOOP ( 'NONE', ( #1346, #7322, #12099, #335 ) ) ;
#9222 = DIMENSIONAL_EXPONENTS ( 1.000000000000000000, 0.000000000000000000, 0.000000000000000000, 0.000000000000000000, 0.000000000000000000, 0.000000000000000000, 0.000000000000000000 ) ;
#9223 = CLOSED_SHELL ( 'NONE', ( #6342, #3895, #6792, #1506, #6455, #1046, #3901, #9218, #12202, #8216, #7791, #5175, #1849, #3675, #8175, #8160, #10076, #9947 ) ) ;
#9224 = ORIENTED_EDGE ( 'NONE', *, *, #6371, .T. ) ;
#9225 = EDGE_CURVE ( 'NONE', #11711, #11371, #12409, .T. ) ;
#9226 = AXIS2_PLACEMENT_3D ( 'NONE', #1692, #9379, #12023 ) ;
#9227 = CARTESIAN_POINT ( 'NONE',  ( 11.43185000000000251, 49.19999999999999574, 0.000000000000000000 ) ) ;
#9228 = ORIENTED_EDGE ( 'NONE', *, *, #9127, .T. ) ;
#9229 = DIRECTION ( 'NONE',  ( 0.000000000000000000, -1.000000000000000000, 0.000000000000000000 ) ) ;
#9230 = VERTEX_POINT ( 'NONE', #5084 ) ;
#9231 = CARTESIAN_POINT ( 'NONE',  ( -11.42077607019503205, 51.63916173024497880, -1.213170761898490380 ) ) ;
#9232 = DIRECTION ( 'NONE',  ( -1.000000000000000000, 0.000000000000000000, 0.000000000000000000 ) ) ;
#9233 =( NAMED_UNIT ( * ) SI_UNIT ( $, .STERADIAN. ) SOLID_ANGLE_UNIT ( ) );
#9234 = ORIENTED_EDGE ( 'NONE', *, *, #1363, .F. ) ;
#9235 = CIRCLE ( 'NONE', #383, 0.1562499999999979461 ) ;
#9236 = VECTOR ( 'NONE', #3250, 39.37007874015748143 ) ;
#9237 = SURFACE_SIDE_STYLE ('',( #7222 ) ) ;
#9238 = VERTEX_POINT ( 'NONE', #3723 ) ;
#9239 = EDGE_CURVE ( 'NONE', #2656, #3345, #294, .T. ) ;
#9240 = CARTESIAN_POINT ( 'NONE',  ( 0.000000000000000000, 29.24999999999999289, 0.000000000000000000 ) ) ;
#9241 = ORIENTED_EDGE ( 'NONE', *, *, #8645, .F. ) ;
#9242 = FACE_BOUND ( 'NONE', #12426, .T. ) ;
#9243 = AXIS2_PLACEMENT_3D ( 'NONE', #7632, #11349, #5748 ) ;
#9244 = DIRECTION ( 'NONE',  ( 1.000000000000000000, -0.000000000000000000, -0.000000000000000000 ) ) ;
#9245 = LINE ( 'NONE', #10502, #8157 ) ;
#9246 = DIRECTION ( 'NONE',  ( -1.000000000000000000, 0.000000000000000000, 9.229216194811702461E-17 ) ) ;
#9247 = VERTEX_POINT ( 'NONE', #5911 ) ;
#9248 = DIRECTION ( 'NONE',  ( 1.000000000000000000, -0.000000000000000000, -0.000000000000000000 ) ) ;
#9249 = CYLINDRICAL_SURFACE ( 'NONE', #2183, 0.1562499999999957812 ) ;
#9250 = FACE_OUTER_BOUND ( 'NONE', #9055, .T. ) ;
#9251 = ORIENTED_EDGE ( 'NONE', *, *, #8679, .F. ) ;
#9252 =( GEOMETRIC_REPRESENTATION_CONTEXT ( 3 ) GLOBAL_UNCERTAINTY_ASSIGNED_CONTEXT ( ( #776 ) ) GLOBAL_UNIT_ASSIGNED_CONTEXT ( ( #3765, #11272, #5605 ) ) REPRESENTATION_CONTEXT ( 'NONE', 'WORKASPACE' ) );
#9253 = EDGE_CURVE ( 'NONE', #3559, #10361, #4069, .T. ) ;
#9254 = ORIENTED_EDGE ( 'NONE', *, *, #4785, .T. ) ;
#9255 = EDGE_CURVE ( 'NONE', #8059, #1027, #7574, .T. ) ;
#9256 = DIRECTION ( 'NONE',  ( 1.000000000000000000, 0.000000000000000000, 0.000000000000000000 ) ) ;
#9257 = FACE_BOUND ( 'NONE', #12407, .T. ) ;
#9258 = DIRECTION ( 'NONE',  ( 0.000000000000000000, 0.000000000000000000, 1.000000000000000000 ) ) ;
#9259 = CARTESIAN_POINT ( 'NONE',  ( 11.99999999999999822, 32.00999999999999091, -1.281249999999994893 ) ) ;
#9260 = DIRECTION ( 'NONE',  ( -0.000000000000000000, -0.000000000000000000, 1.000000000000000000 ) ) ;
#9261 = VECTOR ( 'NONE', #12381, 39.37007874015748143 ) ;
#9262 = DIRECTION ( 'NONE',  ( 1.000000000000000000, 0.000000000000000000, 0.000000000000000000 ) ) ;
#9263 = EDGE_LOOP ( 'NONE', ( #6893, #7653, #4918, #11852 ) ) ;
#9264 = FACE_OUTER_BOUND ( 'NONE', #4768, .T. ) ;
#9265 = EDGE_LOOP ( 'NONE', ( #11206, #10143 ) ) ;
#9266 = CARTESIAN_POINT ( 'NONE',  ( -11.99999999999999822, 56.00999999999999091, -1.124999999999997113 ) ) ;
#9267 = MANIFOLD_SOLID_BREP ( 'Mirror1[2]', #1380 ) ;
#9268 = DIRECTION ( 'NONE',  ( -1.456985596620940580E-15, -0.000000000000000000, -1.000000000000000000 ) ) ;
#9269 = ORIENTED_EDGE ( 'NONE', *, *, #11424, .T. ) ;
#9270 = DIRECTION ( 'NONE',  ( 0.000000000000000000, 0.000000000000000000, -1.000000000000000000 ) ) ;
#9271 = FACE_OUTER_BOUND ( 'NONE', #1018, .T. ) ;
#9272 = FILL_AREA_STYLE_COLOUR ( '', #10758 ) ;
#9273 = DIRECTION ( 'NONE',  ( -1.000000000000000000, 0.000000000000000000, 0.000000000000000000 ) ) ;
#9274 = EDGE_LOOP ( 'NONE', ( #5285, #7312, #9747, #3122 ) ) ;
#9275 = FILL_AREA_STYLE_COLOUR ( '', #7241 ) ;
#9276 = DIRECTION ( 'NONE',  ( -0.000000000000000000, -0.000000000000000000, 1.000000000000000000 ) ) ;
#9277 = CARTESIAN_POINT ( 'NONE',  ( -10.51999999999999957, 10.75000000000000178, -0.7499999999999986677 ) ) ;
#9278 = ORIENTED_EDGE ( 'NONE', *, *, #3387, .T. ) ;
#9279 = ORIENTED_EDGE ( 'NONE', *, *, #7906, .F. ) ;
#9280 = AXIS2_PLACEMENT_3D ( 'NONE', #5279, #12077, #3256 ) ;
#9281 = ADVANCED_FACE ( 'NONE', ( #5977 ), #9826, .F. ) ;
#9282 = DIRECTION ( 'NONE',  ( 1.000000000000000000, 0.000000000000000000, 0.000000000000000000 ) ) ;
#9283 = ORIENTED_EDGE ( 'NONE', *, *, #11596, .T. ) ;
#9284 = ADVANCED_FACE ( 'NONE', ( #7985 ), #11946, .F. ) ;
#9285 = LINE ( 'NONE', #12119, #10845 ) ;
#9286 = MANIFOLD_SOLID_BREP ( 'Cut-Extrude5[1]', #6806 ) ;
#9287 = CIRCLE ( 'NONE', #849, 0.1718500000000005301 ) ;
#9288 = ORIENTED_EDGE ( 'NONE', *, *, #9399, .F. ) ;
#9289 = DIRECTION ( 'NONE',  ( 0.000000000000000000, 0.000000000000000000, -1.000000000000000000 ) ) ;
#9290 = ORIENTED_EDGE ( 'NONE', *, *, #4472, .T. ) ;
#9291 = CARTESIAN_POINT ( 'NONE',  ( -11.20678178903005318, 51.53604496236538779, -1.279096764675315967 ) ) ;
#9292 = CARTESIAN_POINT ( 'NONE',  ( 11.11081336543100484, 51.61452688211585382, -1.241296268621123966 ) ) ;
#9293 = ADVANCED_FACE ( 'NONE', ( #7225 ), #5277, .F. ) ;
#9294 = AXIS2_PLACEMENT_3D ( 'NONE', #4605, #11352, #8453 ) ;
#9295 =( CONVERSION_BASED_UNIT ( 'INCH', #857 ) LENGTH_UNIT ( ) NAMED_UNIT ( #2294 ) );
#9296 = ADVANCED_FACE ( 'NONE', ( #11075, #4260 ), #6288, .F. ) ;
#9297 = AXIS2_PLACEMENT_3D ( 'NONE', #2855, #7467, #9289 ) ;
#9298 = LINE ( 'NONE', #4505, #9654 ) ;
#9299 = ORIENTED_EDGE ( 'NONE', *, *, #11669, .F. ) ;
#9300 = CARTESIAN_POINT ( 'NONE',  ( -11.99999999999999822, 30.50999999999998735, -1.124999999999997113 ) ) ;
#9301 = AXIS2_PLACEMENT_3D ( 'NONE', #11716, #3150, #9072 ) ;
#9302 = SURFACE_STYLE_USAGE ( .BOTH. , #5719 ) ;
#9303 = EDGE_LOOP ( 'NONE', ( #2093, #10924, #5591, #3504 ) ) ;
#9304 = CARTESIAN_POINT ( 'NONE',  ( -11.00000000000000000, 32.00999999999999091, -1.124999999999997113 ) ) ;
#9305 = FACE_OUTER_BOUND ( 'NONE', #11423, .T. ) ;
#9306 = MANIFOLD_SOLID_BREP ( '5/16 Clearance Hole1[1]', #9223 ) ;
#9307 = DIRECTION ( 'NONE',  ( -0.000000000000000000, -1.000000000000000000, -0.000000000000000000 ) ) ;
#9308 = CARTESIAN_POINT ( 'NONE',  ( 1.739999999999997327, 69.23000000000000398, -0.7500000000000001110 ) ) ;
#9309 = EDGE_LOOP ( 'NONE', ( #4057, #9224, #12331, #6580 ) ) ;
#9310 = DIRECTION ( 'NONE',  ( 0.000000000000000000, -1.000000000000000000, 0.000000000000000000 ) ) ;
#9311 = EDGE_CURVE ( 'NONE', #9870, #11505, #11428, .T. ) ;
#9312 = DIRECTION ( 'NONE',  ( -1.000000000000000000, 0.000000000000000000, 0.000000000000000000 ) ) ;
#9313 = CIRCLE ( 'NONE', #7096, 0.1718500000000005301 ) ;
#9314 = CARTESIAN_POINT ( 'NONE',  ( -11.99999999999999822, 59.18999999999999773, -0.7500000000000001110 ) ) ;
#9315 = VERTEX_POINT ( 'NONE', #4632 ) ;
#9316 = VERTEX_POINT ( 'NONE', #8546 ) ;
#9317 = CARTESIAN_POINT ( 'NONE',  ( -11.99999999999999822, 28.49999999999998579, -2.250000000000000444 ) ) ;
#9318 = DIRECTION ( 'NONE',  ( -1.000000000000000000, 0.000000000000000000, 0.000000000000000000 ) ) ;
#9319 = CARTESIAN_POINT ( 'NONE',  ( -11.00000000000000000, 56.00999999999999091, -1.124999999999997113 ) ) ;
#9320 = LINE ( 'NONE', #2634, #3459 ) ;
#9321 = DIRECTION ( 'NONE',  ( 0.000000000000000000, 0.000000000000000000, 1.000000000000000000 ) ) ;
#9322 = FACE_OUTER_BOUND ( 'NONE', #2618, .T. ) ;
#9323 = ORIENTED_EDGE ( 'NONE', *, *, #11438, .F. ) ;
#9324 = EDGE_CURVE ( 'NONE', #8904, #10662, #9500, .T. ) ;
#9325 = ORIENTED_EDGE ( 'NONE', *, *, #10243, .T. ) ;
#9326 = DIRECTION ( 'NONE',  ( 0.000000000000000000, 0.000000000000000000, -1.000000000000000000 ) ) ;
#9327 = MANIFOLD_SOLID_BREP ( 'Boss-Extrude7[2]', #4180 ) ;
#9328 = DIRECTION ( 'NONE',  ( -0.000000000000000000, -1.000000000000000000, -0.000000000000000000 ) ) ;
#9329 = EDGE_LOOP ( 'NONE', ( #9159, #2232, #7336, #1272 ) ) ;
#9330 = CARTESIAN_POINT ( 'NONE',  ( -11.26000000000000156, 49.19999999999999574, 0.000000000000000000 ) ) ;
#9331 = DIRECTION ( 'NONE',  ( -1.000000000000000000, 0.000000000000000000, -0.000000000000000000 ) ) ;
#9332 = PRESENTATION_STYLE_ASSIGNMENT (( #5753 ) ) ;
#9333 = FACE_OUTER_BOUND ( 'NONE', #1279, .T. ) ;
#9334 = EDGE_LOOP ( 'NONE', ( #10505, #4462 ) ) ;
#9335 =( NAMED_UNIT ( * ) PLANE_ANGLE_UNIT ( ) SI_UNIT ( $, .RADIAN. ) );
#9336 = FACE_OUTER_BOUND ( 'NONE', #8963, .T. ) ;
#9337 = CARTESIAN_POINT ( 'NONE',  ( -1.740000000000002656, 22.51999999999998181, -0.7500000000000001110 ) ) ;
#9338 = ORIENTED_EDGE ( 'NONE', *, *, #11851, .T. ) ;
#9339 = VECTOR ( 'NONE', #3974, 39.37007874015748143 ) ;
#9340 = B_SPLINE_CURVE_WITH_KNOTS ( 'NONE', 3,
 ( #478, #4503, #3427, #11128, #7153, #3369, #4318, #2428, #7278, #7216, #9292, #10130, #6277, #5462, #1486, #8223, #6398, #2489, #1611, #6338, #326, #10915, #9856, #2284, #10978, #11732, #10042, #4165, #9980, #6132, #1342, #1217, #3098, #6068, #456, #8141, #1281, #5181, #8076, #6195, #11915, #9918, #6944, #4099, #7896, #8961, #11041, #3347 ),
 .UNSPECIFIED., .F., .F.,
 ( 4, 2, 2, 2, 2, 2, 2, 2, 2, 2, 2, 2, 2, 2, 2, 2, 2, 2, 2, 2, 2, 2, 2, 4 ),
 ( 0.01623087363220217932, 0.01724530323421478301, 0.01775251803522109179, 0.01825973283622740057, 0.01927416243823998690, 0.01978137723924605629, 0.02028859204025212221, 0.02079580684125818812, 0.02130302164226425404, 0.02231745124427679527, 0.02333188084628933651, 0.02434631044830187427, 0.02536074005031441203, 0.02637516965232695326, 0.02738959925433949102, 0.02789681405534596981, 0.02840402885635244512, 0.02891124365735892043, 0.02941845845836540269, 0.02992567325937187800, 0.03043288806037835678, 0.03094010286138483556, 0.03144731766239131088, 0.03246174726440443498 ),
 .UNSPECIFIED. ) ;
#9341 = ADVANCED_FACE ( 'NONE', ( #4448, #11442, #2804, #9431, #10437 ), #796, .F. ) ;
#9342 = EDGE_LOOP ( 'NONE', ( #208, #5659, #5406, #7121 ) ) ;
#9343 = EDGE_CURVE ( 'NONE', #1737, #7457, #7411, .T. ) ;
#9344 = DIRECTION ( 'NONE',  ( -1.000000000000000000, 0.000000000000000000, 0.000000000000000000 ) ) ;
#9345 = FACE_OUTER_BOUND ( 'NONE', #604, .T. ) ;
#9346 = ORIENTED_EDGE ( 'NONE', *, *, #3317, .T. ) ;
#9347 = CARTESIAN_POINT ( 'NONE',  ( -10.51999999999999957, 14.23000000000000220, -0.7499999999999983347 ) ) ;
#9348 = AXIS2_PLACEMENT_3D ( 'NONE', #11645, #4784, #4905 ) ;
#9349 = MANIFOLD_SOLID_BREP ( 'Cut-Extrude1[3]', #4385 ) ;
#9350 = LENGTH_MEASURE_WITH_UNIT ( LENGTH_MEASURE( 0.02539999999999999897 ), #1605 );
#9351 = ORIENTED_EDGE ( 'NONE', *, *, #9650, .F. ) ;
#9352 = CARTESIAN_POINT ( 'NONE',  ( 12.75000000000000000, 27.50999999999998735, -0.9687499999999994449 ) ) ;
#9353 = LINE ( 'NONE', #2668, #2866 ) ;
#9354 = ORIENTED_EDGE ( 'NONE', *, *, #5832, .T. ) ;
#9355 = VECTOR ( 'NONE', #5869, 39.37007874015748143 ) ;
#9356 = VECTOR ( 'NONE', #664, 39.37007874015748143 ) ;
#9357 = CARTESIAN_POINT ( 'NONE',  ( -11.99999999999999822, 54.50999999999998380, -1.124999999999997113 ) ) ;
#9358 = ADVANCED_FACE ( 'NONE', ( #7539 ), #2742, .F. ) ;
#9359 = LINE ( 'NONE', #7342, #4720 ) ;
#9360 = DIRECTION ( 'NONE',  ( 1.000000000000000000, -0.000000000000000000, -0.000000000000000000 ) ) ;
#9361 = EDGE_LOOP ( 'NONE', ( #2095, #8145, #5157, #5595 ) ) ;
#9362 = AXIS2_PLACEMENT_3D ( 'NONE', #10641, #5794, #6852 ) ;
#9363 = CIRCLE ( 'NONE', #6346, 0.1718500000000005301 ) ;
#9364 = CARTESIAN_POINT ( 'NONE',  ( -1.740000000000002656, 69.23000000000000398, 0.000000000000000000 ) ) ;
#9365 = EDGE_CURVE ( 'NONE', #628, #6303, #11502, .T. ) ;
#9366 =( NAMED_UNIT ( * ) SI_UNIT ( $, .STERADIAN. ) SOLID_ANGLE_UNIT ( ) );
#9367 = EDGE_CURVE ( 'NONE', #8662, #5397, #3439, .T. ) ;
#9368 = VERTEX_POINT ( 'NONE', #7913 ) ;
#9369 = DIRECTION ( 'NONE',  ( 1.000000000000000000, 0.000000000000000000, 0.000000000000000000 ) ) ;
#9370 = CARTESIAN_POINT ( 'NONE',  ( -12.75000000000000000, 44.00999999999999801, -1.124999999999997113 ) ) ;
#9371 = ORIENTED_EDGE ( 'NONE', *, *, #10740, .T. ) ;
#9372 = MANIFOLD_SOLID_BREP ( 'Cut-Extrude1[8]', #2381 ) ;
#9373 = LINE ( 'NONE', #4637, #4334 ) ;
#9374 = EDGE_CURVE ( 'NONE', #704, #5710, #7786, .T. ) ;
#9375 = CARTESIAN_POINT ( 'NONE',  ( 11.99999999999999822, 21.22999999999999687, -0.7499999999999974465 ) ) ;
#9376 = EDGE_LOOP ( 'NONE', ( #4384, #8333 ) ) ;
#9377 = AXIS2_PLACEMENT_3D ( 'NONE', #2635, #6488, #10581 ) ;
#9378 = DIRECTION ( 'NONE',  ( 1.000000000000000000, -0.000000000000000000, -0.000000000000000000 ) ) ;
#9379 = DIRECTION ( 'NONE',  ( 0.000000000000000000, 0.000000000000000000, 1.000000000000000000 ) ) ;
#9380 = PLANE ( 'NONE',  #12160 ) ;
#9381 = ORIENTED_EDGE ( 'NONE', *, *, #3583, .T. ) ;
#9382 = SURFACE_STYLE_USAGE ( .BOTH. , #9514 ) ;
#9383 = ORIENTED_EDGE ( 'NONE', *, *, #1604, .T. ) ;
#9384 = CARTESIAN_POINT ( 'NONE',  ( -11.08815000000000062, 11.24000000000000199, -1.499999999999998668 ) ) ;
#9385 = AXIS2_PLACEMENT_3D ( 'NONE', #2682, #11200, #7355 ) ;
#9386 = EDGE_CURVE ( 'NONE', #4562, #3202, #11622, .T. ) ;
#9387 = CARTESIAN_POINT ( 'NONE',  ( 11.08815000000000062, 13.74000000000000199, 0.000000000000000000 ) ) ;
#9388 = DIMENSIONAL_EXPONENTS ( 1.000000000000000000, 0.000000000000000000, 0.000000000000000000, 0.000000000000000000, 0.000000000000000000, 0.000000000000000000, 0.000000000000000000 ) ;
#9389 = CARTESIAN_POINT ( 'NONE',  ( 11.99999999999999822, 59.18999999999999773, -1.500000000000000222 ) ) ;
#9390 = CARTESIAN_POINT ( 'NONE',  ( 11.00000000000000000, 44.00999999999999801, -0.9687500000000012212 ) ) ;
#9391 = DIRECTION ( 'NONE',  ( -1.000000000000000000, 0.000000000000000000, -0.000000000000000000 ) ) ;
#9392 = FACE_OUTER_BOUND ( 'NONE', #6257, .T. ) ;
#9393 = VERTEX_POINT ( 'NONE', #4943 ) ;
#9394 = CARTESIAN_POINT ( 'NONE',  ( 3.219999999999996643, 57.99999999999999289, 0.000000000000000000 ) ) ;
#9395 = CARTESIAN_POINT ( 'NONE',  ( 11.00000000000000000, 42.50999999999999801, -1.124999999999997113 ) ) ;
#9396 = CARTESIAN_POINT ( 'NONE',  ( 11.99999999999999822, 28.49999999999998579, -2.250000000000003109 ) ) ;
#9397 = ORIENTED_EDGE ( 'NONE', *, *, #5496, .F. ) ;
#9398 = DIRECTION ( 'NONE',  ( 0.000000000000000000, 0.000000000000000000, 1.000000000000000000 ) ) ;
#9399 = EDGE_CURVE ( 'NONE', #4041, #9470, #10302, .T. ) ;
#9400 = CARTESIAN_POINT ( 'NONE',  ( -11.99999999999999822, 59.18999999999999773, -1.500000000000000222 ) ) ;
#9401 = DIRECTION ( 'NONE',  ( 0.000000000000000000, 0.000000000000000000, -1.000000000000000000 ) ) ;
#9402 = LINE ( 'NONE', #10532, #1923 ) ;
#9403 = VECTOR ( 'NONE', #5474, 39.37007874015748143 ) ;
#9404 = DIRECTION ( 'NONE',  ( 1.000000000000000000, 0.000000000000000000, 0.000000000000000000 ) ) ;
#9405 = VERTEX_POINT ( 'NONE', #5896 ) ;
#9406 =( NAMED_UNIT ( * ) SI_UNIT ( $, .STERADIAN. ) SOLID_ANGLE_UNIT ( ) );
#9407 = LINE ( 'NONE', #4607, #3117 ) ;
#9408 = CARTESIAN_POINT ( 'NONE',  ( 11.26000000000000156, 11.24000000000000199, -1.500000000000000222 ) ) ;
#9409 = ORIENTED_EDGE ( 'NONE', *, *, #979, .T. ) ;
#9410 = VERTEX_POINT ( 'NONE', #5780 ) ;
#9411 = CARTESIAN_POINT ( 'NONE',  ( -11.26000000000000156, 24.21999999999999531, 0.000000000000000000 ) ) ;
#9412 = ORIENTED_EDGE ( 'NONE', *, *, #1062, .F. ) ;
#9413 = MECHANICAL_DESIGN_GEOMETRIC_PRESENTATION_REPRESENTATION (  '', ( #1155 ), #4570 ) ;
#9414 = EDGE_LOOP ( 'NONE', ( #6044, #2536, #2721, #4376 ) ) ;
#9415 = CARTESIAN_POINT ( 'NONE',  ( 12.75000000000000000, 50.00999999999999091, -1.124999999999997113 ) ) ;
#9416 = ADVANCED_FACE ( 'NONE', ( #9629 ), #2989, .F. ) ;
#9417 = ADVANCED_FACE ( 'NONE', ( #3874 ), #7727, .F. ) ;
#9418 = FILL_AREA_STYLE ('',( #655 ) ) ;
#9419 = EDGE_LOOP ( 'NONE', ( #10622, #344, #6884, #839 ) ) ;
#9420 = DIRECTION ( 'NONE',  ( 0.000000000000000000, 0.000000000000000000, -1.000000000000000000 ) ) ;
#9421 = CARTESIAN_POINT ( 'NONE',  ( -11.00000000000000000, 39.50999999999999801, -1.281249999999996003 ) ) ;
#9422 = EDGE_LOOP ( 'NONE', ( #6524, #2403, #10856, #3171 ) ) ;
#9423 = PRESENTATION_LAYER_ASSIGNMENT (  '', '', ( #11621 ) ) ;
#9424 = DIRECTION ( 'NONE',  ( 0.000000000000000000, 1.000000000000000000, 0.000000000000000000 ) ) ;
#9425 = DIRECTION ( 'NONE',  ( 1.000000000000000000, 0.000000000000000000, 0.000000000000000000 ) ) ;
#9426 = PRESENTATION_STYLE_ASSIGNMENT (( #8724 ) ) ;
#9427 = ORIENTED_EDGE ( 'NONE', *, *, #9996, .F. ) ;
#9428 = CLOSED_SHELL ( 'NONE', ( #2660, #7935, #7440, #3956, #7191, #7296 ) ) ;
#9429 = EDGE_CURVE ( 'NONE', #11787, #11310, #6897, .T. ) ;
#9430 = DIRECTION ( 'NONE',  ( 1.000000000000000000, 0.000000000000000000, 0.000000000000000000 ) ) ;
#9431 = FACE_BOUND ( 'NONE', #2802, .T. ) ;
#9432 = VERTEX_POINT ( 'NONE', #3993 ) ;
#9433 = DIRECTION ( 'NONE',  ( 1.000000000000000000, 0.000000000000000000, 0.000000000000000000 ) ) ;
#9434 = CARTESIAN_POINT ( 'NONE',  ( 11.99999999999999822, 59.18999999999999773, 0.000000000000000000 ) ) ;
#9435 = ORIENTED_EDGE ( 'NONE', *, *, #5654, .F. ) ;
#9436 = CARTESIAN_POINT ( 'NONE',  ( 11.99999999999999822, 3.750000000000000888, -9.410333024330023832 ) ) ;
#9437 = VECTOR ( 'NONE', #12304, 39.37007874015748854 ) ;
#9438 = PLANE ( 'NONE',  #5784 ) ;
#9439 = ORIENTED_EDGE ( 'NONE', *, *, #1339, .F. ) ;
#9440 = VECTOR ( 'NONE', #10207, 39.37007874015748143 ) ;
#9441 = CARTESIAN_POINT ( 'NONE',  ( 11.08815000000000062, 21.71999999999999886, -2.250000000000000444 ) ) ;
#9442 = CARTESIAN_POINT ( 'NONE',  ( 3.219999999999996643, 22.51999999999998181, 0.7500000000000001110 ) ) ;
#9443 = EDGE_CURVE ( 'NONE', #1411, #5825, #6779, .T. ) ;
#9444 = CARTESIAN_POINT ( 'NONE',  ( 11.11135568701299547, 51.61358298563022373, -1.007861877998192046 ) ) ;
#9445 = ORIENTED_EDGE ( 'NONE', *, *, #7318, .T. ) ;
#9446 = ORIENTED_EDGE ( 'NONE', *, *, #305, .T. ) ;
#9447 = VECTOR ( 'NONE', #7020, 39.37007874015748143 ) ;
#9448 = ADVANCED_FACE ( 'NONE', ( #11684, #3052, #5838 ), #10747, .F. ) ;
#9449 = DIRECTION ( 'NONE',  ( -1.000000000000000000, 0.000000000000000000, -0.000000000000000000 ) ) ;
#9450 = CIRCLE ( 'NONE', #10648, 0.1562499999999979461 ) ;
#9451 = DIRECTION ( 'NONE',  ( 0.000000000000000000, 0.000000000000000000, -1.000000000000000000 ) ) ;
#9452 = DIRECTION ( 'NONE',  ( 1.000000000000000000, 0.000000000000000000, 0.000000000000000000 ) ) ;
#9453 = CARTESIAN_POINT ( 'NONE',  ( 11.99999999999999822, 33.50999999999999091, -1.124999999999997113 ) ) ;
#9454 = DIRECTION ( 'NONE',  ( -1.000000000000000000, 0.000000000000000000, 0.000000000000000000 ) ) ;
#9455 = CYLINDRICAL_SURFACE ( 'NONE', #4352, 0.1562499999999960587 ) ;
#9456 = ORIENTED_EDGE ( 'NONE', *, *, #537, .F. ) ;
#9457 = SURFACE_STYLE_USAGE ( .BOTH. , #6681 ) ;
#9458 = AXIS2_PLACEMENT_3D ( 'NONE', #6051, #5925, #1262 ) ;
#9459 = VECTOR ( 'NONE', #5195, 39.37007874015748143 ) ;
#9460 = ORIENTED_EDGE ( 'NONE', *, *, #6844, .F. ) ;
#9461 = MANIFOLD_SOLID_BREP ( 'Cut-Extrude6', #11237 ) ;
#9462 = ADVANCED_FACE ( 'NONE', ( #2484 ), #10999, .F. ) ;
#9463 = CARTESIAN_POINT ( 'NONE',  ( 11.99999999999999822, 56.00999999999999091, -1.124999999999997113 ) ) ;
#9464 = ORIENTED_EDGE ( 'NONE', *, *, #603, .F. ) ;
#9465 = LINE ( 'NONE', #831, #1801 ) ;
#9466 = PRESENTATION_STYLE_ASSIGNMENT (( #1775 ) ) ;
#9467 = DIRECTION ( 'NONE',  ( -0.000000000000000000, -1.000000000000000000, -0.000000000000000000 ) ) ;
#9468 = AXIS2_PLACEMENT_3D ( 'NONE', #5296, #7179, #621 ) ;
#9469 = DIRECTION ( 'NONE',  ( -1.000000000000000000, -0.000000000000000000, -0.000000000000000000 ) ) ;
#9470 = VERTEX_POINT ( 'NONE', #7211 ) ;
#9471 = CARTESIAN_POINT ( 'NONE',  ( -11.26000000000000156, 11.24000000000000199, 0.000000000000000000 ) ) ;
#9472 = LINE ( 'NONE', #11297, #2319 ) ;
#9473 = FACE_OUTER_BOUND ( 'NONE', #5006, .T. ) ;
#9474 = ORIENTED_EDGE ( 'NONE', *, *, #8441, .F. ) ;
#9475 = ORIENTED_EDGE ( 'NONE', *, *, #4034, .F. ) ;
#9476 = DIMENSIONAL_EXPONENTS ( 1.000000000000000000, 0.000000000000000000, 0.000000000000000000, 0.000000000000000000, 0.000000000000000000, 0.000000000000000000, 0.000000000000000000 ) ;
#9477 = ORIENTED_EDGE ( 'NONE', *, *, #5778, .T. ) ;
#9478 = UNCERTAINTY_MEASURE_WITH_UNIT (LENGTH_MEASURE( 1.000000000000000082E-05 ), #8040, 'distance_accuracy_value', 'NONE');
#9479 = EDGE_CURVE ( 'NONE', #8999, #8059, #11058, .T. ) ;
#9480 = DIRECTION ( 'NONE',  ( 1.000000000000000000, 0.000000000000000000, 0.000000000000000000 ) ) ;
#9481 = CIRCLE ( 'NONE', #1819, 0.1562499999999979461 ) ;
#9482 = ORIENTED_EDGE ( 'NONE', *, *, #6668, .T. ) ;
#9483 = ORIENTED_EDGE ( 'NONE', *, *, #7002, .T. ) ;
#9484 = CARTESIAN_POINT ( 'NONE',  ( 11.99999999999999822, 25.76999999999998181, 3.480000000000003091 ) ) ;
#9485 = MANIFOLD_SOLID_BREP ( 'Boss-Extrude4[1]', #10631 ) ;
#9486 = LENGTH_MEASURE_WITH_UNIT ( LENGTH_MEASURE( 0.02539999999999999897 ), #12368 );
#9487 = VERTEX_POINT ( 'NONE', #12060 ) ;
#9488 = DIRECTION ( 'NONE',  ( 0.000000000000000000, 1.177520686924250979E-16, -1.000000000000000000 ) ) ;
#9489 = VECTOR ( 'NONE', #5993, 39.37007874015748143 ) ;
#9490 = CARTESIAN_POINT ( 'NONE',  ( 10.51999999999999957, 59.18999999999999773, 0.000000000000000000 ) ) ;
#9491 = ORIENTED_EDGE ( 'NONE', *, *, #4269, .F. ) ;
#9492 = CARTESIAN_POINT ( 'NONE',  ( -11.37972365314723966, 51.57655578834113896, -1.266458702567672123 ) ) ;
#9493 = EDGE_CURVE ( 'NONE', #1467, #8766, #5052, .T. ) ;
#9494 = EDGE_CURVE ( 'NONE', #8267, #9194, #8977, .T. ) ;
#9495 = DIRECTION ( 'NONE',  ( -1.000000000000000000, -0.000000000000000000, -0.000000000000000000 ) ) ;
#9496 = COLOUR_RGB ( '',1.000000000000000000, 1.000000000000000000, 1.000000000000000000 ) ;
#9497 = CIRCLE ( 'NONE', #8268, 0.1015624999999994726 ) ;
#9498 = ORIENTED_EDGE ( 'NONE', *, *, #10936, .T. ) ;
#9499 = LINE ( 'NONE', #12195, #6252 ) ;
#9500 = LINE ( 'NONE', #6595, #10430 ) ;
#9501 = ORIENTED_EDGE ( 'NONE', *, *, #8190, .F. ) ;
#9502 = DIRECTION ( 'NONE',  ( 0.000000000000000000, 0.000000000000000000, -1.000000000000000000 ) ) ;
#9503 = MANIFOLD_SOLID_BREP ( '5/16 Clearance Hole1[4]', #6612 ) ;
#9504 = PLANE ( 'NONE',  #12192 ) ;
#9505 = VECTOR ( 'NONE', #5136, 39.37007874015748143 ) ;
#9506 = DIRECTION ( 'NONE',  ( 0.000000000000000000, 0.000000000000000000, 1.000000000000000000 ) ) ;
#9507 = EDGE_LOOP ( 'NONE', ( #794, #10071, #7808, #11285 ) ) ;
#9508 = LINE ( 'NONE', #1690, #1474 ) ;
#9509 = EDGE_CURVE ( 'NONE', #5544, #6697, #2602, .T. ) ;
#9510 = EDGE_CURVE ( 'NONE', #10361, #3700, #10934, .T. ) ;
#9511 = DIRECTION ( 'NONE',  ( 0.000000000000000000, -1.000000000000000000, 0.000000000000000000 ) ) ;
#9512 = ORIENTED_EDGE ( 'NONE', *, *, #2738, .T. ) ;
#9513 = AXIS2_PLACEMENT_3D ( 'NONE', #8946, #2148, #7883 ) ;
#9514 = SURFACE_SIDE_STYLE ('',( #7365 ) ) ;
#9515 = AXIS2_PLACEMENT_3D ( 'NONE', #5646, #9556, #8594 ) ;
#9516 = DIRECTION ( 'NONE',  ( -0.000000000000000000, -0.000000000000000000, -1.000000000000000000 ) ) ;
#9517 = DIRECTION ( 'NONE',  ( -1.000000000000000000, 0.000000000000000000, 0.000000000000000000 ) ) ;
#9518 = CARTESIAN_POINT ( 'NONE',  ( -11.99999999999999822, 50.00999999999999091, -0.9687500000000012212 ) ) ;
#9519 = DIRECTION ( 'NONE',  ( 1.000000000000000000, -0.000000000000000000, -0.000000000000000000 ) ) ;
#9520 = DIRECTION ( 'NONE',  ( 1.000000000000000000, 0.000000000000000000, -0.000000000000000000 ) ) ;
#9521 = CARTESIAN_POINT ( 'NONE',  ( 11.99999999999999822, 27.50999999999998735, -1.124999999999997113 ) ) ;
#9522 = VERTEX_POINT ( 'NONE', #10423 ) ;
#9523 = VECTOR ( 'NONE', #1947, 39.37007874015748143 ) ;
#9524 = PLANE ( 'NONE',  #1464 ) ;
#9525 = VECTOR ( 'NONE', #5225, 39.37007874015748143 ) ;
#9526 = ADVANCED_FACE ( 'NONE', ( #4558 ), #1667, .F. ) ;
#9527 = CARTESIAN_POINT ( 'NONE',  ( -10.51999999999999957, 59.18999999999999773, -1.500000000000000222 ) ) ;
#9528 = MANIFOLD_SOLID_BREP ( 'Mirror2[5]', #4591 ) ;
#9529 = CARTESIAN_POINT ( 'NONE',  ( -1.740000000000002656, 57.99999999999999289, -0.7500000000000001110 ) ) ;
#9530 = ORIENTED_EDGE ( 'NONE', *, *, #12321, .F. ) ;
#9531 = LINE ( 'NONE', #4664, #12452 ) ;
#9532 =( GEOMETRIC_REPRESENTATION_CONTEXT ( 3 ) GLOBAL_UNCERTAINTY_ASSIGNED_CONTEXT ( ( #8707 ) ) GLOBAL_UNIT_ASSIGNED_CONTEXT ( ( #5012, #3126, #2875 ) ) REPRESENTATION_CONTEXT ( 'NONE', 'WORKASPACE' ) );
#9533 = CARTESIAN_POINT ( 'NONE',  ( -11.43185000000000251, 51.69999999999999574, 0.000000000000000000 ) ) ;
#9534 =( LENGTH_UNIT ( ) NAMED_UNIT ( * ) SI_UNIT ( $, .METRE. ) );
#9535 = EDGE_CURVE ( 'NONE', #12392, #2813, #6392, .T. ) ;
#9536 = CARTESIAN_POINT ( 'NONE',  ( -12.75000000000000000, 29.00999999999999091, -1.124999999999997113 ) ) ;
#9537 = EDGE_LOOP ( 'NONE', ( #213, #9727 ) ) ;
#9538 = EDGE_CURVE ( 'NONE', #1785, #8267, #1732, .T. ) ;
#9539 =( LENGTH_UNIT ( ) NAMED_UNIT ( * ) SI_UNIT ( $, .METRE. ) );
#9540 = CARTESIAN_POINT ( 'NONE',  ( -12.75000000000000000, 38.00999999999999091, -1.281249999999993117 ) ) ;
#9541 = DIRECTION ( 'NONE',  ( -0.000000000000000000, -0.000000000000000000, -1.000000000000000000 ) ) ;
#9542 = ORIENTED_EDGE ( 'NONE', *, *, #10668, .F. ) ;
#9543 = ORIENTED_EDGE ( 'NONE', *, *, #4210, .F. ) ;
#9544 = EDGE_CURVE ( 'NONE', #10544, #545, #4617, .T. ) ;
#9545 = VECTOR ( 'NONE', #6076, 39.37007874015748143 ) ;
#9546 = ORIENTED_EDGE ( 'NONE', *, *, #12309, .T. ) ;
#9547 = CARTESIAN_POINT ( 'NONE',  ( -1.740000000000002656, 29.24999999999999289, -0.7500000000000001110 ) ) ;
#9548 = ORIENTED_EDGE ( 'NONE', *, *, #288, .T. ) ;
#9549 = EDGE_LOOP ( 'NONE', ( #8118, #5934 ) ) ;
#9550 = DIRECTION ( 'NONE',  ( 0.000000000000000000, 0.000000000000000000, 1.000000000000000000 ) ) ;
#9551 = MANIFOLD_SOLID_BREP ( 'Boss-Extrude10[1]', #8815 ) ;
#9552 = VECTOR ( 'NONE', #2902, 39.37007874015748143 ) ;
#9553 = CARTESIAN_POINT ( 'NONE',  ( 11.99999999999999822, 27.50999999999998735, -0.9687499999999994449 ) ) ;
#9554 = EDGE_LOOP ( 'NONE', ( #4311, #9371 ) ) ;
#9555 = EDGE_CURVE ( 'NONE', #11909, #133, #1856, .T. ) ;
#9556 = DIRECTION ( 'NONE',  ( 1.000000000000000000, 0.000000000000000000, 0.000000000000000000 ) ) ;
#9557 = DIRECTION ( 'NONE',  ( 0.000000000000000000, 0.000000000000000000, 1.000000000000000000 ) ) ;
#9558 = EDGE_LOOP ( 'NONE', ( #9047, #5255 ) ) ;
#9559 = DIRECTION ( 'NONE',  ( 0.000000000000000000, 0.000000000000000000, -1.000000000000000000 ) ) ;
#9560 = CARTESIAN_POINT ( 'NONE',  ( 11.99999999999999822, 51.50999999999999091, -1.281249999999994893 ) ) ;
#9561 = VECTOR ( 'NONE', #2909, 39.37007874015748143 ) ;
#9562 = VERTEX_POINT ( 'NONE', #144 ) ;
#9563 = DIMENSIONAL_EXPONENTS ( 1.000000000000000000, 0.000000000000000000, 0.000000000000000000, 0.000000000000000000, 0.000000000000000000, 0.000000000000000000, 0.000000000000000000 ) ;
#9564 = PLANE ( 'NONE',  #1828 ) ;
#9565 = AXIS2_PLACEMENT_3D ( 'NONE', #11736, #10735, #5121 ) ;
#9566 = ORIENTED_EDGE ( 'NONE', *, *, #6343, .F. ) ;
#9567 = VECTOR ( 'NONE', #10006, 39.37007874015748143 ) ;
#9568 = EDGE_CURVE ( 'NONE', #6414, #10844, #1976, .T. ) ;
#9569 = FACE_OUTER_BOUND ( 'NONE', #1199, .T. ) ;
#9570 = ORIENTED_EDGE ( 'NONE', *, *, #5778, .F. ) ;
#9571 = AXIS2_PLACEMENT_3D ( 'NONE', #1057, #2001, #6909 ) ;
#9572 = CARTESIAN_POINT ( 'NONE',  ( -1.740000000000002656, 29.24999999999999289, -0.7500000000000001110 ) ) ;
#9573 = CARTESIAN_POINT ( 'NONE',  ( 11.00000000000000000, 45.50999999999999091, -0.9687500000000012212 ) ) ;
#9574 = ORIENTED_EDGE ( 'NONE', *, *, #2367, .T. ) ;
#9575 = CARTESIAN_POINT ( 'NONE',  ( -10.51999999999999957, 4.500000000000000000, 0.000000000000000000 ) ) ;
#9576 = AXIS2_PLACEMENT_3D ( 'NONE', #10841, #11785, #2963 ) ;
#9577 = CIRCLE ( 'NONE', #10178, 0.1718500000000005301 ) ;
#9578 = DIRECTION ( 'NONE',  ( 0.000000000000000000, 0.000000000000000000, -1.000000000000000000 ) ) ;
#9579 = ORIENTED_EDGE ( 'NONE', *, *, #4081, .F. ) ;
#9580 = DIRECTION ( 'NONE',  ( 1.000000000000000000, -0.000000000000000000, -0.000000000000000000 ) ) ;
#9581 = CARTESIAN_POINT ( 'NONE',  ( -3.220000000000002416, 54.75000000000000000, -0.7499999999999998890 ) ) ;
#9582 = EDGE_CURVE ( 'NONE', #17, #1540, #8689, .T. ) ;
#9583 = DIRECTION ( 'NONE',  ( -0.000000000000000000, -0.000000000000000000, 1.000000000000000000 ) ) ;
#9584 = ADVANCED_FACE ( 'NONE', ( #11670 ), #5824, .F. ) ;
#9585 = DIRECTION ( 'NONE',  ( 1.000000000000000000, -0.000000000000000000, -0.000000000000000000 ) ) ;
#9586 = AXIS2_PLACEMENT_3D ( 'NONE', #177, #116, #9707 ) ;
#9587 = DIRECTION ( 'NONE',  ( 0.000000000000000000, 0.000000000000000000, -1.000000000000000000 ) ) ;
#9588 = VECTOR ( 'NONE', #11699, 39.37007874015748143 ) ;
#9589 = DIRECTION ( 'NONE',  ( 1.000000000000000000, 0.000000000000000000, 0.000000000000000000 ) ) ;
#9590 = DIRECTION ( 'NONE',  ( 0.000000000000000000, 0.000000000000000000, -1.000000000000000000 ) ) ;
#9591 = ORIENTED_EDGE ( 'NONE', *, *, #7449, .T. ) ;
#9592 = DIRECTION ( 'NONE',  ( 0.000000000000000000, 0.000000000000000000, -1.000000000000000000 ) ) ;
#9593 = DIRECTION ( 'NONE',  ( -1.000000000000000000, -0.000000000000000000, -0.000000000000000000 ) ) ;
#9594 = DIRECTION ( 'NONE',  ( -1.000000000000000000, 0.000000000000000000, 0.000000000000000000 ) ) ;
#9595 = AXIS2_PLACEMENT_3D ( 'NONE', #7597, #3928, #11617 ) ;
#9596 = ORIENTED_EDGE ( 'NONE', *, *, #6175, .T. ) ;
#9597 = PLANE ( 'NONE',  #8834 ) ;
#9598 = CARTESIAN_POINT ( 'NONE',  ( 0.1015624999999994726, 23.76999999999998536, 0.000000000000000000 ) ) ;
#9599 = EDGE_CURVE ( 'NONE', #6923, #7982, #6883, .T. ) ;
#9600 = DIRECTION ( 'NONE',  ( 1.000000000000000000, -0.000000000000000000, -0.000000000000000000 ) ) ;
#9601 = DIRECTION ( 'NONE',  ( 1.000000000000000000, -0.000000000000000000, -0.000000000000000000 ) ) ;
#9602 = EDGE_LOOP ( 'NONE', ( #158, #11995, #1068, #8197 ) ) ;
#9603 = LINE ( 'NONE', #5566, #2701 ) ;
#9604 = CARTESIAN_POINT ( 'NONE',  ( 11.99999999999999645, 3.750000000000003553, -9.410333024330023832 ) ) ;
#9605 = EDGE_LOOP ( 'NONE', ( #7011, #4546, #3970, #7507 ) ) ;
#9606 = CIRCLE ( 'NONE', #8380, 0.1562499999999979461 ) ;
#9607 = VERTEX_POINT ( 'NONE', #4864 ) ;
#9608 = VERTEX_POINT ( 'NONE', #2792 ) ;
#9609 = UNCERTAINTY_MEASURE_WITH_UNIT (LENGTH_MEASURE( 1.000000000000000082E-05 ), #6848, 'distance_accuracy_value', 'NONE');
#9610 = CARTESIAN_POINT ( 'NONE',  ( 11.26000000000000156, 11.24000000000000199, -1.500000000000000222 ) ) ;
#9611 = VERTEX_POINT ( 'NONE', #9553 ) ;
#9612 = EDGE_CURVE ( 'NONE', #9671, #6872, #6479, .T. ) ;
#9613 = ORIENTED_EDGE ( 'NONE', *, *, #5049, .F. ) ;
#9614 = CARTESIAN_POINT ( 'NONE',  ( -11.99999999999999822, 51.50999999999999091, -1.124999999999997113 ) ) ;
#9615 = AXIS2_PLACEMENT_3D ( 'NONE', #1317, #9956, #7992 ) ;
#9616 = EDGE_CURVE ( 'NONE', #11347, #8892, #1651, .T. ) ;
#9617 =( LENGTH_UNIT ( ) NAMED_UNIT ( * ) SI_UNIT ( $, .METRE. ) );
#9618 = ORIENTED_EDGE ( 'NONE', *, *, #5455, .F. ) ;
#9619 = DIRECTION ( 'NONE',  ( 0.000000000000000000, 1.000000000000000000, 0.000000000000000000 ) ) ;
#9620 = CARTESIAN_POINT ( 'NONE',  ( -11.24698535869982408, 51.52812597532994232, -0.9698049223801714636 ) ) ;
#9621 = ORIENTED_EDGE ( 'NONE', *, *, #1490, .F. ) ;
#9622 = CARTESIAN_POINT ( 'NONE',  ( 11.99999999999999822, 38.00999999999999091, -1.281249999999993117 ) ) ;
#9623 = CIRCLE ( 'NONE', #757, 0.1562499999999979461 ) ;
#9624 = SURFACE_STYLE_USAGE ( .BOTH. , #3810 ) ;
#9625 = EDGE_CURVE ( 'NONE', #3997, #5304, #7279, .T. ) ;
#9626 = ORIENTED_EDGE ( 'NONE', *, *, #3124, .F. ) ;
#9627 = CARTESIAN_POINT ( 'NONE',  ( -11.00000000000000000, 39.50999999999999801, -1.124999999999997113 ) ) ;
#9628 = VECTOR ( 'NONE', #6565, 39.37007874015748143 ) ;
#9629 = FACE_OUTER_BOUND ( 'NONE', #850, .T. ) ;
#9630 = ORIENTED_EDGE ( 'NONE', *, *, #892, .F. ) ;
#9631 = CARTESIAN_POINT ( 'NONE',  ( 11.99999999999999822, 3.750000000000000888, 0.000000000000000000 ) ) ;
#9632 = ORIENTED_EDGE ( 'NONE', *, *, #2648, .T. ) ;
#9633 = DIRECTION ( 'NONE',  ( -1.000000000000000000, 0.000000000000000000, 0.000000000000000000 ) ) ;
#9634 = FACE_OUTER_BOUND ( 'NONE', #6115, .T. ) ;
#9635 = DIRECTION ( 'NONE',  ( 0.000000000000000000, 0.000000000000000000, -1.000000000000000000 ) ) ;
#9636 = CLOSED_SHELL ( 'NONE', ( #1282, #1589, #828, #971, #1264, #5452 ) ) ;
#9637 = SURFACE_STYLE_USAGE ( .BOTH. , #5787 ) ;
#9638 = EDGE_CURVE ( 'NONE', #10368, #10910, #5946, .T. ) ;
#9639 = EDGE_LOOP ( 'NONE', ( #4891, #1236, #2793, #1034 ) ) ;
#9640 = LINE ( 'NONE', #6847, #8845 ) ;
#9641 = FACE_OUTER_BOUND ( 'NONE', #6766, .T. ) ;
#9642 = LINE ( 'NONE', #7802, #3331 ) ;
#9643 = AXIS2_PLACEMENT_3D ( 'NONE', #3078, #4270, #6920 ) ;
#9644 = DIRECTION ( 'NONE',  ( 0.000000000000000000, 0.000000000000000000, -1.000000000000000000 ) ) ;
#9645 = FACE_BOUND ( 'NONE', #10188, .T. ) ;
#9646 = DIRECTION ( 'NONE',  ( -5.537529716887026407E-16, 0.000000000000000000, 1.000000000000000000 ) ) ;
#9647 = EDGE_LOOP ( 'NONE', ( #8828, #333, #8416, #4993 ) ) ;
#9648 = DIRECTION ( 'NONE',  ( 1.000000000000000000, 0.000000000000000000, 0.000000000000000000 ) ) ;
#9649 = FACE_OUTER_BOUND ( 'NONE', #7065, .T. ) ;
#9650 = EDGE_CURVE ( 'NONE', #8242, #9194, #4988, .T. ) ;
#9651 = CARTESIAN_POINT ( 'NONE',  ( 6.000000000000002665, 54.01999999999999602, 3.479999999999999982 ) ) ;
#9652 = EDGE_CURVE ( 'NONE', #11236, #1967, #10908, .T. ) ;
#9653 = VECTOR ( 'NONE', #7208, 39.37007874015748143 ) ;
#9654 = VECTOR ( 'NONE', #8345, 39.37007874015748143 ) ;
#9655 = VERTEX_POINT ( 'NONE', #8653 ) ;
#9656 = CARTESIAN_POINT ( 'NONE',  ( -11.00000000000000000, 41.00999999999999801, -1.124999999999997113 ) ) ;
#9657 = DIRECTION ( 'NONE',  ( 1.000000000000000000, 0.000000000000000000, 0.000000000000000000 ) ) ;
#9658 = DIRECTION ( 'NONE',  ( 2.913971193241881161E-15, 1.000000000000000000, -0.000000000000000000 ) ) ;
#9659 = DIRECTION ( 'NONE',  ( -0.000000000000000000, -0.000000000000000000, 1.000000000000000000 ) ) ;
#9660 = ORIENTED_EDGE ( 'NONE', *, *, #11970, .T. ) ;
#9661 = CARTESIAN_POINT ( 'NONE',  ( -11.26000000000000156, 49.19999999999999574, -0.7499999999999940048 ) ) ;
#9662 = DIRECTION ( 'NONE',  ( 1.000000000000000000, 0.000000000000000000, 0.000000000000000000 ) ) ;
#9663 = AXIS2_PLACEMENT_3D ( 'NONE', #8693, #6498, #5684 ) ;
#9664 = LINE ( 'NONE', #4853, #3696 ) ;
#9665 = ORIENTED_EDGE ( 'NONE', *, *, #10382, .T. ) ;
#9666 = AXIS2_PLACEMENT_3D ( 'NONE', #10491, #1984, #1803 ) ;
#9667 = ORIENTED_EDGE ( 'NONE', *, *, #3738, .F. ) ;
#9668 = ORIENTED_EDGE ( 'NONE', *, *, #10651, .F. ) ;
#9669 = LINE ( 'NONE', #7828, #10354 ) ;
#9670 = EDGE_CURVE ( 'NONE', #523, #9238, #3862, .T. ) ;
#9671 = VERTEX_POINT ( 'NONE', #11733 ) ;
#9672 = EDGE_LOOP ( 'NONE', ( #12439, #1086, #5403, #4319 ) ) ;
#9673 = VECTOR ( 'NONE', #9516, 39.37007874015748143 ) ;
#9674 = VECTOR ( 'NONE', #2113, 39.37007874015748143 ) ;
#9675 = DIRECTION ( 'NONE',  ( 0.000000000000000000, 0.000000000000000000, -1.000000000000000000 ) ) ;
#9676 = DIRECTION ( 'NONE',  ( 0.000000000000000000, 0.000000000000000000, -1.000000000000000000 ) ) ;
#9677 = ORIENTED_EDGE ( 'NONE', *, *, #8055, .F. ) ;
#9678 = CARTESIAN_POINT ( 'NONE',  ( 11.99999999999999822, 38.00999999999999091, -1.124999999999997113 ) ) ;
#9679 = DIRECTION ( 'NONE',  ( 1.000000000000000000, -0.000000000000000000, -0.000000000000000000 ) ) ;
#9680 = CARTESIAN_POINT ( 'NONE',  ( -11.09149687942468354, 51.66624913547210696, -1.124480226763119095 ) ) ;
#9681 = EDGE_LOOP ( 'NONE', ( #1782, #10481, #787, #4113 ) ) ;
#9682 = EDGE_CURVE ( 'NONE', #7328, #6091, #6278, .T. ) ;
#9683 = CARTESIAN_POINT ( 'NONE',  ( -0.3750000000000027200, 69.23000000000000398, -0.5000000000000001110 ) ) ;
#9684 = EDGE_CURVE ( 'NONE', #4885, #6163, #458, .T. ) ;
#9685 = CARTESIAN_POINT ( 'NONE',  ( 12.75000000000000000, 50.00999999999999091, -1.281249999999992895 ) ) ;
#9686 = ORIENTED_EDGE ( 'NONE', *, *, #7090, .F. ) ;
#9687 = ORIENTED_EDGE ( 'NONE', *, *, #3344, .F. ) ;
#9688 = PLANE ( 'NONE',  #11279 ) ;
#9689 = EDGE_LOOP ( 'NONE', ( #12138, #7823 ) ) ;
#9690 = CARTESIAN_POINT ( 'NONE',  ( 11.26000000000000156, 11.24000000000000199, -1.499999999999998668 ) ) ;
#9691 = ORIENTED_EDGE ( 'NONE', *, *, #408, .F. ) ;
#9692 = ADVANCED_FACE ( 'NONE', ( #5118 ), #2285, .F. ) ;
#9693 = EDGE_CURVE ( 'NONE', #6976, #8214, #4297, .T. ) ;
#9694 = DIRECTION ( 'NONE',  ( 0.000000000000000000, 0.000000000000000000, 1.000000000000000000 ) ) ;
#9695 = DIRECTION ( 'NONE',  ( 0.000000000000000000, 0.000000000000000000, -1.000000000000000000 ) ) ;
#9696 = FILL_AREA_STYLE_COLOUR ( '', #3077 ) ;
#9697 = AXIS2_PLACEMENT_3D ( 'NONE', #5852, #9887, #6912 ) ;
#9698 = EDGE_CURVE ( 'NONE', #218, #8490, #7196, .T. ) ;
#9699 =( CONVERSION_BASED_UNIT ( 'INCH', #8557 ) LENGTH_UNIT ( ) NAMED_UNIT ( #5698 ) );
#9700 = ORIENTED_EDGE ( 'NONE', *, *, #6930, .T. ) ;
#9701 = DIRECTION ( 'NONE',  ( 0.000000000000000000, 0.000000000000000000, -1.000000000000000000 ) ) ;
#9702 = FACE_OUTER_BOUND ( 'NONE', #2521, .T. ) ;
#9703 = AXIS2_PLACEMENT_3D ( 'NONE', #7854, #9937, #2238 ) ;
#9704 = CARTESIAN_POINT ( 'NONE',  ( -10.51999999999999957, 3.750000000000000000, -8.612199694973096342 ) ) ;
#9705 = CARTESIAN_POINT ( 'NONE',  ( -11.26000000000000156, 21.71999999999999886, -2.353257897379886998 ) ) ;
#9706 = ADVANCED_FACE ( 'NONE', ( #328 ), #5053, .F. ) ;
#9707 = DIRECTION ( 'NONE',  ( 0.000000000000000000, 0.000000000000000000, -1.000000000000000000 ) ) ;
#9708 = LINE ( 'NONE', #3953, #7583 ) ;
#9709 = ORIENTED_EDGE ( 'NONE', *, *, #2427, .F. ) ;
#9710 = DIRECTION ( 'NONE',  ( 0.000000000000000000, 0.000000000000000000, 1.000000000000000000 ) ) ;
#9711 = CARTESIAN_POINT ( 'NONE',  ( 12.75000000000000000, 27.50999999999998735, -0.9687499999999994449 ) ) ;
#9712 = VECTOR ( 'NONE', #7836, 39.37007874015748143 ) ;
#9713 = FACE_OUTER_BOUND ( 'NONE', #2967, .T. ) ;
#9714 = AXIS2_PLACEMENT_3D ( 'NONE', #10613, #6011, #5826 ) ;
#9715 = VERTEX_POINT ( 'NONE', #4230 ) ;
#9716 = FACE_OUTER_BOUND ( 'NONE', #8831, .T. ) ;
#9717 = DIRECTION ( 'NONE',  ( -0.000000000000000000, -1.000000000000000000, -0.000000000000000000 ) ) ;
#9718 = CARTESIAN_POINT ( 'NONE',  ( -12.75000000000000000, 27.50999999999998735, -1.124999999999997113 ) ) ;
#9719 = CIRCLE ( 'NONE', #2065, 0.1562499999999957812 ) ;
#9720 = LINE ( 'NONE', #8698, #2661 ) ;
#9721 = EDGE_CURVE ( 'NONE', #10926, #6872, #522, .T. ) ;
#9722 =( CONVERSION_BASED_UNIT ( 'INCH', #1901 ) LENGTH_UNIT ( ) NAMED_UNIT ( #9133 ) );
#9723 = LINE ( 'NONE', #2208, #918 ) ;
#9724 = VECTOR ( 'NONE', #824, 39.37007874015748143 ) ;
#9725 = LINE ( 'NONE', #1080, #9944 ) ;
#9726 = ORIENTED_EDGE ( 'NONE', *, *, #779, .F. ) ;
#9727 = ORIENTED_EDGE ( 'NONE', *, *, #8590, .F. ) ;
#9728 = B_SPLINE_CURVE_WITH_KNOTS ( 'NONE', 3,
 ( #3265, #10833, #10024, #1259, #2200, #7048, #9898, #7110, #2446, #5095, #1441, #8183, #10087, #2263, #434, #8939, #307, #10896, #4338, #500, #7997, #11834, #3207, #7238, #10956, #6300, #2323, #6176, #1382, #8121, #11959, #3326, #7173, #12205, #10265, #9444, #7301, #2566, #5541, #4398, #12329, #7423, #5356, #8240, #5602, #12086, #4459, #6546 ),
 .UNSPECIFIED., .F., .F.,
 ( 4, 2, 2, 2, 2, 2, 2, 2, 2, 2, 2, 2, 2, 2, 2, 2, 2, 2, 2, 2, 2, 2, 2, 4 ),
 ( 0.000000000000000000, 0.001014429602011952510, 0.001521644403017928873, 0.002028859204023905020, 0.003043288806036179538, 0.003550503607042293595, 0.004057718408048406784, 0.004564933209054520408, 0.005072148010060633164, 0.006086577612073270672, 0.007101007214085909916, 0.008115436816098548292, 0.009129866418111188403, 0.01014429602012382678, 0.01115872562213646689, 0.01166594042314305323, 0.01217315522414963956, 0.01268037002515622763, 0.01318758482616281397, 0.01369479962716940204, 0.01420201442817599011, 0.01470922922918257644, 0.01521644403018916278, 0.01623087363220217932 ),
 .UNSPECIFIED. ) ;
#9729 = VERTEX_POINT ( 'NONE', #11796 ) ;
#9730 = UNCERTAINTY_MEASURE_WITH_UNIT (LENGTH_MEASURE( 1.000000000000000082E-05 ), #6405, 'distance_accuracy_value', 'NONE');
#9731 = DIRECTION ( 'NONE',  ( -1.000000000000000000, -0.000000000000000000, -0.000000000000000000 ) ) ;
#9732 = ORIENTED_EDGE ( 'NONE', *, *, #10761, .F. ) ;
#9733 = VECTOR ( 'NONE', #10156, 39.37007874015748143 ) ;
#9734 = VERTEX_POINT ( 'NONE', #9859 ) ;
#9735 = CARTESIAN_POINT ( 'NONE',  ( -11.00000000000000000, 30.50999999999998735, -1.124999999999997113 ) ) ;
#9736 = DIRECTION ( 'NONE',  ( 0.000000000000000000, 0.9396926207859105373, 0.3420201433256630508 ) ) ;
#9737 = ORIENTED_EDGE ( 'NONE', *, *, #6483, .F. ) ;
#9738 = ADVANCED_FACE ( 'NONE', ( #9021 ), #8079, .F. ) ;
#9739 = DIRECTION ( 'NONE',  ( 0.000000000000000000, 0.000000000000000000, -1.000000000000000000 ) ) ;
#9740 = PLANE ( 'NONE',  #6144 ) ;
#9741 = ADVANCED_FACE ( 'NONE', ( #5313 ), #9152, .F. ) ;
#9742 = CARTESIAN_POINT ( 'NONE',  ( -11.14043371102468427, 51.57640368136808462, -0.9834703562830326984 ) ) ;
#9743 = ORIENTED_EDGE ( 'NONE', *, *, #7906, .T. ) ;
#9744 = VECTOR ( 'NONE', #7529, 39.37007874015748143 ) ;
#9745 = FACE_OUTER_BOUND ( 'NONE', #9265, .T. ) ;
#9746 = LINE ( 'NONE', #7080, #6640 ) ;
#9747 = ORIENTED_EDGE ( 'NONE', *, *, #11248, .F. ) ;
#9748 = VECTOR ( 'NONE', #5303, 39.37007874015748854 ) ;
#9749 = DIRECTION ( 'NONE',  ( 0.000000000000000000, 0.000000000000000000, -1.000000000000000000 ) ) ;
#9750 = DIRECTION ( 'NONE',  ( -0.000000000000000000, -0.000000000000000000, -1.000000000000000000 ) ) ;
#9751 = ORIENTED_EDGE ( 'NONE', *, *, #4598, .T. ) ;
#9752 = CARTESIAN_POINT ( 'NONE',  ( -11.00000000000000000, 54.50999999999998380, -1.281249999999996669 ) ) ;
#9753 = EDGE_CURVE ( 'NONE', #3486, #10236, #5064, .T. ) ;
#9754 = ORIENTED_EDGE ( 'NONE', *, *, #673, .F. ) ;
#9755 = DIRECTION ( 'NONE',  ( 0.000000000000000000, 0.000000000000000000, -1.000000000000000000 ) ) ;
#9756 = CIRCLE ( 'NONE', #9142, 0.1562499999999979461 ) ;
#9757 = DIRECTION ( 'NONE',  ( 0.000000000000000000, 1.000000000000000000, 0.000000000000000000 ) ) ;
#9758 = DIRECTION ( 'NONE',  ( -0.000000000000000000, -1.000000000000000000, -0.000000000000000000 ) ) ;
#9759 = SURFACE_STYLE_USAGE ( .BOTH. , #7735 ) ;
#9760 = ORIENTED_EDGE ( 'NONE', *, *, #8372, .F. ) ;
#9761 = ADVANCED_FACE ( 'NONE', ( #11918 ), #8144, .F. ) ;
#9762 = VECTOR ( 'NONE', #10351, 39.37007874015748143 ) ;
#9763 = EDGE_CURVE ( 'NONE', #2727, #480, #6256, .T. ) ;
#9764 = STYLED_ITEM ( 'NONE', ( #5182 ), #5312 ) ;
#9765 = CARTESIAN_POINT ( 'NONE',  ( -11.99999999999999822, 21.22999999999999687, -2.249999999999997780 ) ) ;
#9766 = AXIS2_PLACEMENT_3D ( 'NONE', #2891, #3959, #6745 ) ;
#9767 = PLANE ( 'NONE',  #1847 ) ;
#9768 = EDGE_CURVE ( 'NONE', #7830, #2929, #10855, .T. ) ;
#9769 = CARTESIAN_POINT ( 'NONE',  ( -11.08815000000000062, 11.24000000000000199, -2.250000000000000444 ) ) ;
#9770 = DIRECTION ( 'NONE',  ( 0.000000000000000000, 0.000000000000000000, 1.000000000000000000 ) ) ;
#9771 = PLANE ( 'NONE',  #5548 ) ;
#9772 = CARTESIAN_POINT ( 'NONE',  ( 11.99999999999999822, 21.22999999999999687, -2.249999999999997780 ) ) ;
#9773 = ORIENTED_EDGE ( 'NONE', *, *, #10591, .T. ) ;
#9774 = AXIS2_PLACEMENT_3D ( 'NONE', #510, #11157, #2518 ) ;
#9775 = DIRECTION ( 'NONE',  ( -1.000000000000000000, 0.000000000000000000, 0.000000000000000000 ) ) ;
#9776 = DIRECTION ( 'NONE',  ( 0.000000000000000000, 0.000000000000000000, -1.000000000000000000 ) ) ;
#9777 = CYLINDRICAL_SURFACE ( 'NONE', #5744, 0.1562499999999979461 ) ;
#9778 = EDGE_CURVE ( 'NONE', #11787, #4235, #6070, .T. ) ;
#9779 = VERTEX_POINT ( 'NONE', #6136 ) ;
#9780 = DIRECTION ( 'NONE',  ( 0.000000000000000000, -0.000000000000000000, 1.000000000000000000 ) ) ;
#9781 = AXIS2_PLACEMENT_3D ( 'NONE', #3320, #2378, #8294 ) ;
#9782 = MECHANICAL_DESIGN_GEOMETRIC_PRESENTATION_REPRESENTATION (  '', ( #108 ), #4119 ) ;
#9783 = CARTESIAN_POINT ( 'NONE',  ( 12.75000000000000000, 33.50999999999999091, -0.9687499999999992228 ) ) ;
#9784 = PLANE ( 'NONE',  #1321 ) ;
#9785 = DIRECTION ( 'NONE',  ( 0.000000000000000000, 0.000000000000000000, -1.000000000000000000 ) ) ;
#9786 = CYLINDRICAL_SURFACE ( 'NONE', #11372, 0.1718500000000005301 ) ;
#9787 = DIRECTION ( 'NONE',  ( 1.000000000000000000, -0.000000000000000000, -0.000000000000000000 ) ) ;
#9788 = EDGE_LOOP ( 'NONE', ( #1940, #4378, #5675, #4928 ) ) ;
#9789 = ORIENTED_EDGE ( 'NONE', *, *, #9838, .F. ) ;
#9790 = AXIS2_PLACEMENT_3D ( 'NONE', #4622, #12313, #3682 ) ;
#9791 = EDGE_LOOP ( 'NONE', ( #4136, #10827, #11495, #6374 ) ) ;
#9792 = CARTESIAN_POINT ( 'NONE',  ( -11.99999999999999822, 41.00999999999999801, -1.124999999999997113 ) ) ;
#9793 = EDGE_LOOP ( 'NONE', ( #6192, #3278, #7254, #7530 ) ) ;
#9794 = EDGE_CURVE ( 'NONE', #7086, #5244, #10708, .T. ) ;
#9795 = ORIENTED_EDGE ( 'NONE', *, *, #5422, .T. ) ;
#9796 = DIRECTION ( 'NONE',  ( 0.000000000000000000, 0.000000000000000000, -1.000000000000000000 ) ) ;
#9797 = CARTESIAN_POINT ( 'NONE',  ( 11.99999999999999822, 30.50999999999998735, -1.281249999999994893 ) ) ;
#9798 = CIRCLE ( 'NONE', #6177, 0.1562499999999979461 ) ;
#9799 = CARTESIAN_POINT ( 'NONE',  ( 12.75000000000000000, 27.50999999999998735, -1.124999999999997113 ) ) ;
#9800 = ORIENTED_EDGE ( 'NONE', *, *, #6370, .F. ) ;
#9801 = DIRECTION ( 'NONE',  ( 0.000000000000000000, 0.000000000000000000, -1.000000000000000000 ) ) ;
#9802 = FACE_OUTER_BOUND ( 'NONE', #3193, .T. ) ;
#9803 = DIRECTION ( 'NONE',  ( -1.000000000000000000, 0.000000000000000000, 0.000000000000000000 ) ) ;
#9804 = EDGE_LOOP ( 'NONE', ( #11245, #6360 ) ) ;
#9805 = CARTESIAN_POINT ( 'NONE',  ( -11.00000000000000000, 45.50999999999999091, -0.9687500000000012212 ) ) ;
#9806 = VERTEX_POINT ( 'NONE', #2345 ) ;
#9807 = PLANE ( 'NONE',  #2005 ) ;
#9808 = EDGE_CURVE ( 'NONE', #3700, #4786, #10043, .T. ) ;
#9809 = EDGE_CURVE ( 'NONE', #7088, #7159, #8281, .T. ) ;
#9810 = ORIENTED_EDGE ( 'NONE', *, *, #9535, .T. ) ;
#9811 = CARTESIAN_POINT ( 'NONE',  ( -11.00000000000000000, 57.50999999999999091, -1.281249999999994893 ) ) ;
#9812 = PLANE ( 'NONE',  #5656 ) ;
#9813 = DIRECTION ( 'NONE',  ( -0.000000000000000000, -1.000000000000000000, -0.000000000000000000 ) ) ;
#9814 = EDGE_LOOP ( 'NONE', ( #4523, #5418, #2019, #1438 ) ) ;
#9815 = DIRECTION ( 'NONE',  ( -0.000000000000000000, 1.570027582565667972E-16, -1.000000000000000000 ) ) ;
#9816 = VERTEX_POINT ( 'NONE', #7259 ) ;
#9817 = CIRCLE ( 'NONE', #8598, 0.1562499999999979461 ) ;
#9818 = CARTESIAN_POINT ( 'NONE',  ( 11.00000000000000000, 41.00999999999999801, -1.124999999999997113 ) ) ;
#9819 = DIRECTION ( 'NONE',  ( 0.000000000000000000, 0.000000000000000000, -1.000000000000000000 ) ) ;
#9820 = DIRECTION ( 'NONE',  ( 0.000000000000000000, 0.000000000000000000, -1.000000000000000000 ) ) ;
#9821 = CARTESIAN_POINT ( 'NONE',  ( -11.99999999999999822, 28.49999999999998579, -2.250000000000000444 ) ) ;
#9822 = EDGE_CURVE ( 'NONE', #4939, #9238, #3470, .T. ) ;
#9823 = ORIENTED_EDGE ( 'NONE', *, *, #3091, .T. ) ;
#9824 = MECHANICAL_DESIGN_GEOMETRIC_PRESENTATION_REPRESENTATION (  '', ( #11621 ), #2371 ) ;
#9825 = CYLINDRICAL_SURFACE ( 'NONE', #2807, 0.1718500000000005301 ) ;
#9826 = CYLINDRICAL_SURFACE ( 'NONE', #7603, 0.1562499999999993339 ) ;
#9827 = DIRECTION ( 'NONE',  ( 1.000000000000000000, 0.000000000000000000, 0.000000000000000000 ) ) ;
#9828 = CARTESIAN_POINT ( 'NONE',  ( -10.51999999999999957, 14.23000000000000220, -1.499999999999998224 ) ) ;
#9829 = LINE ( 'NONE', #7990, #4280 ) ;
#9830 = DIRECTION ( 'NONE',  ( 0.000000000000000000, -1.000000000000000000, 0.000000000000000000 ) ) ;
#9831 = LINE ( 'NONE', #5027, #8784 ) ;
#9832 = ORIENTED_EDGE ( 'NONE', *, *, #10848, .F. ) ;
#9833 = CLOSED_SHELL ( 'NONE', ( #5205, #2832, #12377, #4954, #4527, #2057 ) ) ;
#9834 = CARTESIAN_POINT ( 'NONE',  ( -11.26000000000000156, 11.24000000000000199, -1.500000000000000222 ) ) ;
#9835 = EDGE_CURVE ( 'NONE', #7789, #7485, #4461, .T. ) ;
#9836 = LINE ( 'NONE', #1196, #5001 ) ;
#9837 = DIRECTION ( 'NONE',  ( 0.000000000000000000, 0.000000000000000000, -1.000000000000000000 ) ) ;
#9838 = EDGE_CURVE ( 'NONE', #2167, #3736, #11108, .T. ) ;
#9839 = ORIENTED_EDGE ( 'NONE', *, *, #12251, .F. ) ;
#9840 = FACE_OUTER_BOUND ( 'NONE', #3910, .T. ) ;
#9841 = CIRCLE ( 'NONE', #1385, 0.1718500000000005301 ) ;
#9842 = CARTESIAN_POINT ( 'NONE',  ( 11.99999999999999822, 4.500000000000000000, 0.000000000000000000 ) ) ;
#9843 = DIRECTION ( 'NONE',  ( -1.000000000000000000, -0.000000000000000000, -0.000000000000000000 ) ) ;
#9844 = CARTESIAN_POINT ( 'NONE',  ( 12.75000000000000000, 28.49999999999999289, 0.000000000000000000 ) ) ;
#9845 = CARTESIAN_POINT ( 'NONE',  ( -11.99999999999999822, 59.18999999999999773, -0.7500000000000001110 ) ) ;
#9846 = PLANE ( 'NONE',  #278 ) ;
#9847 = VERTEX_POINT ( 'NONE', #7387 ) ;
#9848 = VERTEX_POINT ( 'NONE', #11229 ) ;
#9849 = VECTOR ( 'NONE', #6706, 39.37007874015748143 ) ;
#9850 = AXIS2_PLACEMENT_3D ( 'NONE', #666, #3431, #6220 ) ;
#9851 = EDGE_LOOP ( 'NONE', ( #258, #4854 ) ) ;
#9852 = CARTESIAN_POINT ( 'NONE',  ( 0.000000000000000000, 3.750000000000000888, 0.000000000000000000 ) ) ;
#9853 = ORIENTED_EDGE ( 'NONE', *, *, #2240, .T. ) ;
#9854 = ORIENTED_EDGE ( 'NONE', *, *, #10456, .T. ) ;
#9855 = CARTESIAN_POINT ( 'NONE',  ( 11.99999999999999822, 48.50999999999999091, -1.124999999999997113 ) ) ;
#9856 = CARTESIAN_POINT ( 'NONE',  ( 11.24633103129379563, 51.52817498944900620, -1.280189345242303212 ) ) ;
#9857 = VECTOR ( 'NONE', #2528, 39.37007874015748143 ) ;
#9858 = AXIS2_PLACEMENT_3D ( 'NONE', #4064, #229, #9881 ) ;
#9859 = CARTESIAN_POINT ( 'NONE',  ( -11.00000000000000000, 27.50999999999998735, -1.281249999999994893 ) ) ;
#9860 = ORIENTED_EDGE ( 'NONE', *, *, #8459, .F. ) ;
#9861 = CARTESIAN_POINT ( 'NONE',  ( -11.00000000000000000, 53.00999999999999091, -1.281249999999996447 ) ) ;
#9862 = FACE_OUTER_BOUND ( 'NONE', #9814, .T. ) ;
#9863 = CARTESIAN_POINT ( 'NONE',  ( 1.739999999999997327, 54.75000000000000000, 0.000000000000000000 ) ) ;
#9864 = ORIENTED_EDGE ( 'NONE', *, *, #4096, .F. ) ;
#9865 = EDGE_CURVE ( 'NONE', #3010, #9729, #856, .T. ) ;
#9866 = PLANE ( 'NONE',  #11005 ) ;
#9867 = ORIENTED_EDGE ( 'NONE', *, *, #1563, .F. ) ;
#9868 = DIMENSIONAL_EXPONENTS ( 1.000000000000000000, 0.000000000000000000, 0.000000000000000000, 0.000000000000000000, 0.000000000000000000, 0.000000000000000000, 0.000000000000000000 ) ;
#9869 = VECTOR ( 'NONE', #4277, 39.37007874015748143 ) ;
#9870 = VERTEX_POINT ( 'NONE', #11294 ) ;
#9871 = CARTESIAN_POINT ( 'NONE',  ( 12.75000000000000000, 56.00999999999999091, -1.281249999999994893 ) ) ;
#9872 = DIRECTION ( 'NONE',  ( -1.000000000000000000, 0.000000000000000000, 0.000000000000000000 ) ) ;
#9873 = SURFACE_SIDE_STYLE ('',( #9935 ) ) ;
#9874 = PLANE ( 'NONE',  #7483 ) ;
#9875 = CIRCLE ( 'NONE', #7257, 0.1562499999999993339 ) ;
#9876 = ORIENTED_EDGE ( 'NONE', *, *, #9768, .T. ) ;
#9877 = EDGE_CURVE ( 'NONE', #5516, #7830, #1531, .T. ) ;
#9878 = CARTESIAN_POINT ( 'NONE',  ( -11.09149687942468354, 51.66624913547210696, -1.124480226763119095 ) ) ;
#9879 = CARTESIAN_POINT ( 'NONE',  ( -1.740000000000002656, 21.22999999999999687, -0.7500000000000001110 ) ) ;
#9880 = DIRECTION ( 'NONE',  ( 0.000000000000000000, -1.000000000000000000, 0.000000000000000000 ) ) ;
#9881 = DIRECTION ( 'NONE',  ( 0.000000000000000000, 0.000000000000000000, 1.000000000000000000 ) ) ;
#9882 = VECTOR ( 'NONE', #2267, 39.37007874015748143 ) ;
#9883 = ORIENTED_EDGE ( 'NONE', *, *, #3929, .F. ) ;
#9884 = FACE_BOUND ( 'NONE', #4595, .T. ) ;
#9885 = CARTESIAN_POINT ( 'NONE',  ( -3.220000000000002416, 22.51999999999998181, 0.000000000000000000 ) ) ;
#9886 = ORIENTED_EDGE ( 'NONE', *, *, #11179, .T. ) ;
#9887 = DIRECTION ( 'NONE',  ( -1.000000000000000000, 0.000000000000000000, 0.000000000000000000 ) ) ;
#9888 = DIRECTION ( 'NONE',  ( 1.000000000000000000, 0.000000000000000000, 0.000000000000000000 ) ) ;
#9889 = PLANE ( 'NONE',  #8109 ) ;
#9890 = ADVANCED_FACE ( 'NONE', ( #2589 ), #12046, .F. ) ;
#9891 = DIRECTION ( 'NONE',  ( -1.000000000000000000, -0.000000000000000000, -0.000000000000000000 ) ) ;
#9892 = AXIS2_PLACEMENT_3D ( 'NONE', #6734, #2695, #9451 ) ;
#9893 = ADVANCED_FACE ( 'NONE', ( #7514 ), #12292, .F. ) ;
#9894 = CARTESIAN_POINT ( 'NONE',  ( -11.00000000000000000, 45.50999999999999091, -1.124999999999997113 ) ) ;
#9895 = EDGE_LOOP ( 'NONE', ( #1741, #102, #3764, #2874 ) ) ;
#9896 = CARTESIAN_POINT ( 'NONE',  ( 11.26000000000000156, 21.71999999999999886, -2.250000000000000444 ) ) ;
#9897 = CARTESIAN_POINT ( 'NONE',  ( 11.43185000000000251, 21.71999999999999886, -0.7499999999999974465 ) ) ;
#9898 = CARTESIAN_POINT ( 'NONE',  ( 11.42428330265902758, 51.64945422466222169, -1.054220815672327172 ) ) ;
#9899 = ORIENTED_EDGE ( 'NONE', *, *, #11880, .T. ) ;
#9900 = AXIS2_PLACEMENT_3D ( 'NONE', #2930, #101, #4058 ) ;
#9901 = DIRECTION ( 'NONE',  ( 0.000000000000000000, 0.000000000000000000, -1.000000000000000000 ) ) ;
#9902 = CARTESIAN_POINT ( 'NONE',  ( 11.99999999999999822, 29.00999999999999091, -1.124999999999997113 ) ) ;
#9903 = DIRECTION ( 'NONE',  ( -0.000000000000000000, -0.000000000000000000, 1.000000000000000000 ) ) ;
#9904 = FACE_OUTER_BOUND ( 'NONE', #1102, .T. ) ;
#9905 = LINE ( 'NONE', #2026, #6748 ) ;
#9906 = ADVANCED_FACE ( 'NONE', ( #9333 ), #1862, .F. ) ;
#9907 = DIRECTION ( 'NONE',  ( -0.000000000000000000, -0.000000000000000000, -1.000000000000000000 ) ) ;
#9908 = EDGE_LOOP ( 'NONE', ( #11509, #9068, #714, #5740 ) ) ;
#9909 = VECTOR ( 'NONE', #2715, 39.37007874015748143 ) ;
#9910 = ORIENTED_EDGE ( 'NONE', *, *, #9616, .F. ) ;
#9911 = VECTOR ( 'NONE', #26, 39.37007874015748143 ) ;
#9912 = ORIENTED_EDGE ( 'NONE', *, *, #6594, .F. ) ;
#9913 = CARTESIAN_POINT ( 'NONE',  ( -11.00000000000000000, 35.00999999999999091, -1.281249999999994893 ) ) ;
#9914 = VERTEX_POINT ( 'NONE', #4483 ) ;
#9915 = CARTESIAN_POINT ( 'NONE',  ( -12.75000000000000000, 27.50999999999998735, -1.281249999999994893 ) ) ;
#9916 = EDGE_CURVE ( 'NONE', #1540, #17, #2465, .T. ) ;
#9917 = EDGE_CURVE ( 'NONE', #72, #3027, #1591, .T. ) ;
#9918 = CARTESIAN_POINT ( 'NONE',  ( 11.42424333895348099, 51.64932159414921387, -1.196045046597610462 ) ) ;
#9919 = AXIS2_PLACEMENT_3D ( 'NONE', #460, #4299, #8263 ) ;
#9920 = CARTESIAN_POINT ( 'NONE',  ( -10.51999999999999957, 4.500000000000000000, -2.250000000000000444 ) ) ;
#9921 = ORIENTED_EDGE ( 'NONE', *, *, #10414, .F. ) ;
#9922 = CARTESIAN_POINT ( 'NONE',  ( -6.000000000000001776, 55.50000000000000000, 2.729999999999999982 ) ) ;
#9923 = DIRECTION ( 'NONE',  ( 0.000000000000000000, 0.000000000000000000, -1.000000000000000000 ) ) ;
#9924 = ADVANCED_FACE ( 'NONE', ( #10289 ), #10230, .F. ) ;
#9925 = CARTESIAN_POINT ( 'NONE',  ( -11.43185000000000251, 21.71999999999999886, -2.250000000000000444 ) ) ;
#9926 = VERTEX_POINT ( 'NONE', #10349 ) ;
#9927 = CARTESIAN_POINT ( 'NONE',  ( 11.99999999999999822, 24.70999999999999730, -1.499999999999996891 ) ) ;
#9928 = ORIENTED_EDGE ( 'NONE', *, *, #4965, .F. ) ;
#9929 = CIRCLE ( 'NONE', #10134, 0.1562499999999979461 ) ;
#9930 = VERTEX_POINT ( 'NONE', #9214 ) ;
#9931 = DIRECTION ( 'NONE',  ( 0.000000000000000000, 1.000000000000000000, 0.000000000000000000 ) ) ;
#9932 = EDGE_CURVE ( 'NONE', #7829, #6377, #5505, .T. ) ;
#9933 = FACE_BOUND ( 'NONE', #1721, .T. ) ;
#9934 = VECTOR ( 'NONE', #4367, 39.37007874015748143 ) ;
#9935 = SURFACE_STYLE_FILL_AREA ( #3301 ) ;
#9936 = VERTEX_POINT ( 'NONE', #11171 ) ;
#9937 = DIRECTION ( 'NONE',  ( 1.000000000000000000, -0.000000000000000000, -0.000000000000000000 ) ) ;
#9938 = CIRCLE ( 'NONE', #2477, 0.1562499999999979461 ) ;
#9939 = VERTEX_POINT ( 'NONE', #1652 ) ;
#9940 = CARTESIAN_POINT ( 'NONE',  ( -11.12704947377935838, 51.59094995533693151, -1.258764976385261303 ) ) ;
#9941 = FILL_AREA_STYLE_COLOUR ( '', #2753 ) ;
#9942 = LENGTH_MEASURE_WITH_UNIT ( LENGTH_MEASURE( 0.02539999999999999897 ), #9046 );
#9943 = LINE ( 'NONE', #11942, #9035 ) ;
#9944 = VECTOR ( 'NONE', #10474, 39.37007874015748143 ) ;
#9945 = ORIENTED_EDGE ( 'NONE', *, *, #3747, .F. ) ;
#9946 = DIMENSIONAL_EXPONENTS ( 1.000000000000000000, 0.000000000000000000, 0.000000000000000000, 0.000000000000000000, 0.000000000000000000, 0.000000000000000000, 0.000000000000000000 ) ;
#9947 = ADVANCED_FACE ( 'NONE', ( #1778 ), #6568, .F. ) ;
#9948 = FACE_OUTER_BOUND ( 'NONE', #4856, .T. ) ;
#9949 = ORIENTED_EDGE ( 'NONE', *, *, #2309, .T. ) ;
#9950 = PLANE ( 'NONE',  #5046 ) ;
#9951 = CARTESIAN_POINT ( 'NONE',  ( 12.75000000000000000, 53.00999999999999091, -0.9687499999999976685 ) ) ;
#9952 = CIRCLE ( 'NONE', #685, 0.1562499999999978073 ) ;
#9953 = DIRECTION ( 'NONE',  ( -0.000000000000000000, -0.000000000000000000, -1.000000000000000000 ) ) ;
#9954 = CARTESIAN_POINT ( 'NONE',  ( 1.739999999999997327, 29.24999999999999289, 0.000000000000000000 ) ) ;
#9955 = CARTESIAN_POINT ( 'NONE',  ( 11.00000000000000000, 36.50999999999999091, -1.124999999999997113 ) ) ;
#9956 = DIRECTION ( 'NONE',  ( 1.000000000000000000, -0.000000000000000000, -0.000000000000000000 ) ) ;
#9957 = VERTEX_POINT ( 'NONE', #7450 ) ;
#9958 = CARTESIAN_POINT ( 'NONE',  ( -11.99999999999999822, 59.18999999999999773, -1.500000000000000222 ) ) ;
#9959 = CARTESIAN_POINT ( 'NONE',  ( 12.75000000000000000, 27.50999999999998735, -1.124999999999997113 ) ) ;
#9960 = FACE_OUTER_BOUND ( 'NONE', #3101, .T. ) ;
#9961 = CIRCLE ( 'NONE', #695, 0.1562499999999979461 ) ;
#9962 = ORIENTED_EDGE ( 'NONE', *, *, #3440, .T. ) ;
#9963 = EDGE_CURVE ( 'NONE', #4843, #11623, #6505, .T. ) ;
#9964 = CARTESIAN_POINT ( 'NONE',  ( 0.000000000000000000, 57.99999999999999289, 0.000000000000000000 ) ) ;
#9965 = DIRECTION ( 'NONE',  ( 1.000000000000000000, -0.000000000000000000, -0.000000000000000000 ) ) ;
#9966 = FACE_OUTER_BOUND ( 'NONE', #1646, .T. ) ;
#9967 = CARTESIAN_POINT ( 'NONE',  ( 11.99999999999999822, 48.71000000000000085, -0.7499999999999940048 ) ) ;
#9968 =( GEOMETRIC_REPRESENTATION_CONTEXT ( 3 ) GLOBAL_UNCERTAINTY_ASSIGNED_CONTEXT ( ( #6936 ) ) GLOBAL_UNIT_ASSIGNED_CONTEXT ( ( #6255, #2343, #5249 ) ) REPRESENTATION_CONTEXT ( 'NONE', 'WORKASPACE' ) );
#9969 = LINE ( 'NONE', #8309, #4726 ) ;
#9970 = FACE_OUTER_BOUND ( 'NONE', #9167, .T. ) ;
#9971 = ORIENTED_EDGE ( 'NONE', *, *, #4358, .F. ) ;
#9972 = ORIENTED_EDGE ( 'NONE', *, *, #10806, .F. ) ;
#9973 = VERTEX_POINT ( 'NONE', #6627 ) ;
#9974 = CARTESIAN_POINT ( 'NONE',  ( -11.00000000000000000, 39.50999999999999801, -0.9687499999999977796 ) ) ;
#9975 = AXIS2_PLACEMENT_3D ( 'NONE', #12339, #4654, #2698 ) ;
#9976 = AXIS2_PLACEMENT_3D ( 'NONE', #12092, #9071, #8944 ) ;
#9977 = EDGE_LOOP ( 'NONE', ( #1453, #8303 ) ) ;
#9978 = EDGE_CURVE ( 'NONE', #1659, #4743, #651, .T. ) ;
#9979 = DIRECTION ( 'NONE',  ( 0.000000000000000000, 0.000000000000000000, -1.000000000000000000 ) ) ;
#9980 = CARTESIAN_POINT ( 'NONE',  ( 11.36006150656977454, 51.55968795553619799, -1.273407148752459861 ) ) ;
#9981 = SURFACE_SIDE_STYLE ('',( #10917 ) ) ;
#9982 = DIRECTION ( 'NONE',  ( 1.000000000000000000, 0.000000000000000000, 0.000000000000000000 ) ) ;
#9983 = ORIENTED_EDGE ( 'NONE', *, *, #3664, .T. ) ;
#9984 = CARTESIAN_POINT ( 'NONE',  ( -11.43185000000000251, 51.69999999999999574, -1.499999999999993561 ) ) ;
#9985 = DIRECTION ( 'NONE',  ( 1.000000000000000000, -0.000000000000000000, -0.000000000000000000 ) ) ;
#9986 = LINE ( 'NONE', #10047, #10333 ) ;
#9987 = EDGE_LOOP ( 'NONE', ( #692, #7351 ) ) ;
#9988 = AXIS2_PLACEMENT_3D ( 'NONE', #883, #754, #3709 ) ;
#9989 = CIRCLE ( 'NONE', #5953, 0.1562499999999979461 ) ;
#9990 = LINE ( 'NONE', #12095, #327 ) ;
#9991 = ORIENTED_EDGE ( 'NONE', *, *, #4598, .F. ) ;
#9992 = PRODUCT_DEFINITION ( 'UNKNOWN', '', #4731, #9206 ) ;
#9993 = ADVANCED_FACE ( 'NONE', ( #3844 ), #5806, .F. ) ;
#9994 = SURFACE_STYLE_USAGE ( .BOTH. , #2231 ) ;
#9995 = ORIENTED_EDGE ( 'NONE', *, *, #3440, .F. ) ;
#9996 = EDGE_CURVE ( 'NONE', #8766, #1467, #9719, .T. ) ;
#9997 = CARTESIAN_POINT ( 'NONE',  ( 10.51999999999999957, 48.71000000000000085, -1.500000000000000222 ) ) ;
#9998 = VECTOR ( 'NONE', #5535, 39.37007874015748143 ) ;
#9999 = CARTESIAN_POINT ( 'NONE',  ( 1.739999999999997327, 57.99999999999999289, -0.7500000000000001110 ) ) ;
#10000 =( LENGTH_UNIT ( ) NAMED_UNIT ( * ) SI_UNIT ( $, .METRE. ) );
#10001 = ORIENTED_EDGE ( 'NONE', *, *, #7176, .F. ) ;
#10002 = CARTESIAN_POINT ( 'NONE',  ( 11.99999999999999822, 29.00999999999999091, -0.9687499999999992228 ) ) ;
#10003 = ORIENTED_EDGE ( 'NONE', *, *, #11981, .T. ) ;
#10004 = CARTESIAN_POINT ( 'NONE',  ( 11.08815000000000062, 13.74000000000000199, -1.500000000000000222 ) ) ;
#10005 = CARTESIAN_POINT ( 'NONE',  ( 1.739999999999997327, 29.24999999999999289, -0.7500000000000001110 ) ) ;
#10006 = DIRECTION ( 'NONE',  ( 0.000000000000000000, -1.000000000000000000, 0.000000000000000000 ) ) ;
#10007 = EDGE_CURVE ( 'NONE', #8490, #4946, #9720, .T. ) ;
#10008 = CARTESIAN_POINT ( 'NONE',  ( 3.219999999999996643, 22.51999999999998181, -0.7500000000000003331 ) ) ;
#10009 = ORIENTED_EDGE ( 'NONE', *, *, #4771, .F. ) ;
#10010 = FACE_OUTER_BOUND ( 'NONE', #35, .T. ) ;
#10011 = VECTOR ( 'NONE', #3567, 39.37007874015748143 ) ;
#10012 = DIRECTION ( 'NONE',  ( -0.000000000000000000, -1.177520686924250979E-16, 1.000000000000000000 ) ) ;
#10013 = VERTEX_POINT ( 'NONE', #2086 ) ;
#10014 = DIRECTION ( 'NONE',  ( 0.000000000000000000, 1.000000000000000000, 0.000000000000000000 ) ) ;
#10015 = CARTESIAN_POINT ( 'NONE',  ( 11.43185000000000251, 11.24000000000000199, -1.499999999999998668 ) ) ;
#10016 = CARTESIAN_POINT ( 'NONE',  ( 10.51999999999999247, 3.750000000000003553, 8.589666975669972615 ) ) ;
#10017 = LINE ( 'NONE', #2316, #4739 ) ;
#10018 = CARTESIAN_POINT ( 'NONE',  ( -11.00000000000000000, 51.50999999999999091, -1.124999999999997113 ) ) ;
#10019 = ORIENTED_EDGE ( 'NONE', *, *, #11263, .T. ) ;
#10020 = PRESENTATION_STYLE_ASSIGNMENT (( #10084 ) ) ;
#10021 = EDGE_CURVE ( 'NONE', #5397, #8662, #7503, .T. ) ;
#10022 = VECTOR ( 'NONE', #10852, 39.37007874015748143 ) ;
#10023 = FACE_OUTER_BOUND ( 'NONE', #3670, .T. ) ;
#10024 = CARTESIAN_POINT ( 'NONE',  ( 11.42818543164434608, 51.66452939035219316, -1.098297412555952812 ) ) ;
#10025 = ORIENTED_EDGE ( 'NONE', *, *, #10081, .T. ) ;
#10026 = FACE_OUTER_BOUND ( 'NONE', #8756, .T. ) ;
#10027 = LINE ( 'NONE', #6305, #2834 ) ;
#10028 = CARTESIAN_POINT ( 'NONE',  ( 11.99999999999999822, 48.50999999999999091, -1.281249999999994893 ) ) ;
#10029 =( GEOMETRIC_REPRESENTATION_CONTEXT ( 3 ) GLOBAL_UNCERTAINTY_ASSIGNED_CONTEXT ( ( #2031 ) ) GLOBAL_UNIT_ASSIGNED_CONTEXT ( ( #7162, #7036, #12013 ) ) REPRESENTATION_CONTEXT ( 'NONE', 'WORKASPACE' ) );
#10030 = CARTESIAN_POINT ( 'NONE',  ( 11.99999999999999822, 59.18999999999999773, -1.500000000000000222 ) ) ;
#10031 = DIRECTION ( 'NONE',  ( 1.000000000000000000, 0.000000000000000000, 0.000000000000000000 ) ) ;
#10032 = DIRECTION ( 'NONE',  ( 1.000000000000000000, 0.000000000000000000, 0.000000000000000000 ) ) ;
#10033 = ORIENTED_EDGE ( 'NONE', *, *, #12054, .T. ) ;
#10034 = ADVANCED_FACE ( 'NONE', ( #4791 ), #3905, .F. ) ;
#10035 = ORIENTED_EDGE ( 'NONE', *, *, #12361, .F. ) ;
#10036 = EDGE_CURVE ( 'NONE', #4743, #3218, #10655, .T. ) ;
#10037 = VERTEX_POINT ( 'NONE', #11417 ) ;
#10038 = FACE_OUTER_BOUND ( 'NONE', #11566, .T. ) ;
#10039 = CLOSED_SHELL ( 'NONE', ( #8670, #4274, #10879, #2822, #2128, #8410 ) ) ;
#10040 = ORIENTED_EDGE ( 'NONE', *, *, #3279, .T. ) ;
#10041 = DIRECTION ( 'NONE',  ( 1.000000000000000000, -0.000000000000000000, -0.000000000000000000 ) ) ;
#10042 = CARTESIAN_POINT ( 'NONE',  ( 11.32512907918671630, 51.54040524806362100, -1.278388006771666419 ) ) ;
#10043 = LINE ( 'NONE', #5250, #1244 ) ;
#10044 = VERTEX_POINT ( 'NONE', #8579 ) ;
#10045 = PLANE ( 'NONE',  #8340 ) ;
#10046 = VECTOR ( 'NONE', #7555, 39.37007874015748143 ) ;
#10047 = CARTESIAN_POINT ( 'NONE',  ( 10.51999999999999247, 3.000000000000003109, -9.410333024330023832 ) ) ;
#10048 = ORIENTED_EDGE ( 'NONE', *, *, #8190, .T. ) ;
#10049 = CIRCLE ( 'NONE', #8422, 0.1718500000000005301 ) ;
#10050 = ADVANCED_FACE ( 'NONE', ( #129 ), #8635, .F. ) ;
#10051 = PLANE ( 'NONE',  #940 ) ;
#10052 = ORIENTED_EDGE ( 'NONE', *, *, #11235, .F. ) ;
#10053 = ADVANCED_FACE ( 'NONE', ( #7818 ), #2898, .F. ) ;
#10054 = FILL_AREA_STYLE ('',( #10238 ) ) ;
#10055 = ORIENTED_EDGE ( 'NONE', *, *, #5395, .F. ) ;
#10056 = AXIS2_PLACEMENT_3D ( 'NONE', #3978, #142, #9979 ) ;
#10057 = DIRECTION ( 'NONE',  ( 1.456985596620940580E-15, 0.000000000000000000, 1.000000000000000000 ) ) ;
#10058 = DIRECTION ( 'NONE',  ( 0.000000000000000000, 0.000000000000000000, 1.000000000000000000 ) ) ;
#10059 = FILL_AREA_STYLE_COLOUR ( '', #11101 ) ;
#10060 = ADVANCED_FACE ( 'NONE', ( #895 ), #5689, .F. ) ;
#10061 = EDGE_LOOP ( 'NONE', ( #6248, #917, #11487, #10033 ) ) ;
#10062 = CARTESIAN_POINT ( 'NONE',  ( 11.26000000000000156, 24.21999999999999531, -1.499999999999996891 ) ) ;
#10063 = VERTEX_POINT ( 'NONE', #1017 ) ;
#10064 = LINE ( 'NONE', #6027, #3330 ) ;
#10065 = AXIS2_PLACEMENT_3D ( 'NONE', #7444, #4356, #10286 ) ;
#10066 = ADVANCED_FACE ( 'NONE', ( #4669, #3726 ), #10470, .F. ) ;
#10067 = CARTESIAN_POINT ( 'NONE',  ( 11.26000000000000156, 24.21999999999999531, 0.000000000000000000 ) ) ;
#10068 = COLOUR_RGB ( '',1.000000000000000000, 1.000000000000000000, 1.000000000000000000 ) ;
#10069 = ORIENTED_EDGE ( 'NONE', *, *, #7367, .T. ) ;
#10070 = SURFACE_STYLE_USAGE ( .BOTH. , #9237 ) ;
#10071 = ORIENTED_EDGE ( 'NONE', *, *, #2735, .T. ) ;
#10072 = CIRCLE ( 'NONE', #4421, 0.1718500000000005301 ) ;
#10073 = DIRECTION ( 'NONE',  ( 1.000000000000000000, -0.000000000000000000, -0.000000000000000000 ) ) ;
#10074 = PRESENTATION_LAYER_ASSIGNMENT (  '', '', ( #2014 ) ) ;
#10075 = ADVANCED_FACE ( 'NONE', ( #11475 ), #6692, .F. ) ;
#10076 = ADVANCED_FACE ( 'NONE', ( #7698 ), #6753, .F. ) ;
#10077 = ORIENTED_EDGE ( 'NONE', *, *, #9768, .F. ) ;
#10078 = FACE_OUTER_BOUND ( 'NONE', #9639, .T. ) ;
#10079 = DIRECTION ( 'NONE',  ( 1.000000000000000000, -0.000000000000000000, -0.000000000000000000 ) ) ;
#10080 = CARTESIAN_POINT ( 'NONE',  ( 11.99999999999999822, 59.18999999999999773, -0.7500000000000001110 ) ) ;
#10081 = EDGE_CURVE ( 'NONE', #8186, #7502, #11594, .T. ) ;
#10082 = DIRECTION ( 'NONE',  ( 1.000000000000000000, 0.000000000000000000, 0.000000000000000000 ) ) ;
#10083 = ORIENTED_EDGE ( 'NONE', *, *, #11217, .T. ) ;
#10084 = SURFACE_STYLE_USAGE ( .BOTH. , #5414 ) ;
#10085 = VECTOR ( 'NONE', #4309, 39.37007874015748143 ) ;
#10086 = CARTESIAN_POINT ( 'NONE',  ( -12.75000000000000000, 50.00999999999999091, -1.281249999999992895 ) ) ;
#10087 = CARTESIAN_POINT ( 'NONE',  ( 11.40001845065073205, 51.60018758388755344, -0.9972816906381242186 ) ) ;
#10088 = ORIENTED_EDGE ( 'NONE', *, *, #10649, .F. ) ;
#10089 = ORIENTED_EDGE ( 'NONE', *, *, #6292, .F. ) ;
#10090 = FACE_OUTER_BOUND ( 'NONE', #9419, .T. ) ;
#10091 = EDGE_CURVE ( 'NONE', #2576, #10742, #253, .T. ) ;
#10092 = DIRECTION ( 'NONE',  ( 0.000000000000000000, -1.000000000000000000, 0.000000000000000000 ) ) ;
#10093 = FACE_OUTER_BOUND ( 'NONE', #7675, .T. ) ;
#10094 = CARTESIAN_POINT ( 'NONE',  ( 11.99999999999999822, 0.000000000000000000, 0.000000000000000000 ) ) ;
#10095 = CARTESIAN_POINT ( 'NONE',  ( -11.08815000000000062, 49.19999999999999574, -0.7499999999999940048 ) ) ;
#10096 = FACE_OUTER_BOUND ( 'NONE', #11099, .T. ) ;
#10097 = ORIENTED_EDGE ( 'NONE', *, *, #81, .T. ) ;
#10098 = ORIENTED_EDGE ( 'NONE', *, *, #9050, .F. ) ;
#10099 = VERTEX_POINT ( 'NONE', #9844 ) ;
#10100 = CARTESIAN_POINT ( 'NONE',  ( 12.75000000000000000, 27.50999999999998735, -1.281249999999994893 ) ) ;
#10101 = VECTOR ( 'NONE', #3437, 39.37007874015748143 ) ;
#10102 = ORIENTED_EDGE ( 'NONE', *, *, #6892, .F. ) ;
#10103 = CARTESIAN_POINT ( 'NONE',  ( 11.99999999999999822, 3.750000000000000888, -1.500000000000000222 ) ) ;
#10104 = EDGE_CURVE ( 'NONE', #1350, #10063, #11029, .T. ) ;
#10105 = DIRECTION ( 'NONE',  ( -1.000000000000000000, -0.000000000000000000, -0.000000000000000000 ) ) ;
#10106 = CARTESIAN_POINT ( 'NONE',  ( 11.08815000000000062, 11.24000000000000199, -2.250000000000000444 ) ) ;
#10107 = STYLED_ITEM ( 'NONE', ( #10870 ), #9461 ) ;
#10108 = DIRECTION ( 'NONE',  ( 0.000000000000000000, -1.000000000000000000, 0.000000000000000000 ) ) ;
#10109 = ORIENTED_EDGE ( 'NONE', *, *, #7949, .F. ) ;
#10110 = DIRECTION ( 'NONE',  ( 1.000000000000000000, -0.000000000000000000, -0.000000000000000000 ) ) ;
#10111 = PLANE ( 'NONE',  #8945 ) ;
#10112 = CIRCLE ( 'NONE', #5875, 0.1718500000000005301 ) ;
#10113 = DIRECTION ( 'NONE',  ( 1.000000000000000000, 0.000000000000000000, 0.000000000000000000 ) ) ;
#10114 = ORIENTED_EDGE ( 'NONE', *, *, #6781, .F. ) ;
#10115 = ORIENTED_EDGE ( 'NONE', *, *, #1750, .T. ) ;
#10116 = SURFACE_STYLE_USAGE ( .BOTH. , #11994 ) ;
#10117 = VECTOR ( 'NONE', #8962, 39.37007874015748143 ) ;
#10118 = VECTOR ( 'NONE', #4619, 39.37007874015748143 ) ;
#10119 = EDGE_LOOP ( 'NONE', ( #1030, #9464, #5239, #10542 ) ) ;
#10120 = ADVANCED_FACE ( 'NONE', ( #2331 ), #4975, .F. ) ;
#10121 = EDGE_CURVE ( 'NONE', #3436, #7905, #3272, .T. ) ;
#10122 = FACE_OUTER_BOUND ( 'NONE', #1430, .T. ) ;
#10123 =( LENGTH_UNIT ( ) NAMED_UNIT ( * ) SI_UNIT ( $, .METRE. ) );
#10124 = ORIENTED_EDGE ( 'NONE', *, *, #11593, .T. ) ;
#10125 = DIRECTION ( 'NONE',  ( -0.000000000000000000, 7.850137912828339862E-17, -1.000000000000000000 ) ) ;
#10126 = VERTEX_POINT ( 'NONE', #5996 ) ;
#10127 = VECTOR ( 'NONE', #10965, 39.37007874015748143 ) ;
#10128 = CARTESIAN_POINT ( 'NONE',  ( 11.26000000000000156, 13.74000000000000199, -1.499999999999998224 ) ) ;
#10129 = MECHANICAL_DESIGN_GEOMETRIC_PRESENTATION_REPRESENTATION (  '', ( #3066 ), #5082 ) ;
#10130 = CARTESIAN_POINT ( 'NONE',  ( 11.11654729632336824, 51.60521799947922261, -1.249033155870661105 ) ) ;
#10131 = FACE_OUTER_BOUND ( 'NONE', #6521, .T. ) ;
#10132 = VERTEX_POINT ( 'NONE', #9009 ) ;
#10133 = ORIENTED_EDGE ( 'NONE', *, *, #2849, .T. ) ;
#10134 = AXIS2_PLACEMENT_3D ( 'NONE', #3258, #4140, #6851 ) ;
#10135 = EDGE_CURVE ( 'NONE', #2652, #137, #1330, .T. ) ;
#10136 = CARTESIAN_POINT ( 'NONE',  ( -12.75000000000000000, 44.00999999999999801, -1.124999999999997113 ) ) ;
#10137 = CARTESIAN_POINT ( 'NONE',  ( 11.26000000000000156, 11.24000000000000199, -0.7499999999999986677 ) ) ;
#10138 = ORIENTED_EDGE ( 'NONE', *, *, #1596, .F. ) ;
#10139 = CYLINDRICAL_SURFACE ( 'NONE', #8083, 0.1562499999999979461 ) ;
#10140 = CARTESIAN_POINT ( 'NONE',  ( -11.99999999999999822, 26.00999999999999091, -1.124999999999997113 ) ) ;
#10141 = DIRECTION ( 'NONE',  ( 0.000000000000000000, 0.000000000000000000, -1.000000000000000000 ) ) ;
#10142 = FACE_OUTER_BOUND ( 'NONE', #5171, .T. ) ;
#10143 = ORIENTED_EDGE ( 'NONE', *, *, #11880, .F. ) ;
#10144 = AXIS2_PLACEMENT_3D ( 'NONE', #4992, #7841, #1096 ) ;
#10145 = CARTESIAN_POINT ( 'NONE',  ( -11.99999999999999822, 26.00999999999999091, -1.124999999999997113 ) ) ;
#10146 = CARTESIAN_POINT ( 'NONE',  ( 11.99999999999999822, 25.01999999999998536, 3.480000000000003091 ) ) ;
#10147 = ADVANCED_FACE ( 'NONE', ( #9904 ), #3336, .F. ) ;
#10148 = CARTESIAN_POINT ( 'NONE',  ( -1.740000000000002656, 21.22999999999999687, 0.000000000000000000 ) ) ;
#10149 = EDGE_LOOP ( 'NONE', ( #2370, #10114, #372, #10485 ) ) ;
#10150 = ORIENTED_EDGE ( 'NONE', *, *, #514, .F. ) ;
#10151 = EDGE_CURVE ( 'NONE', #9315, #11300, #443, .T. ) ;
#10152 = CARTESIAN_POINT ( 'NONE',  ( -22.06250000000002132, 48.71000000000000085, -0.7499999999999940048 ) ) ;
#10153 = VECTOR ( 'NONE', #11484, 39.37007874015748143 ) ;
#10154 = FACE_BOUND ( 'NONE', #5695, .T. ) ;
#10155 = DIRECTION ( 'NONE',  ( 1.000000000000000000, -0.000000000000000000, -0.000000000000000000 ) ) ;
#10156 = DIRECTION ( 'NONE',  ( 1.000000000000000000, -0.000000000000000000, -0.000000000000000000 ) ) ;
#10157 = CARTESIAN_POINT ( 'NONE',  ( 11.99999999999999822, 3.750000000000000888, -9.410333024330023832 ) ) ;
#10158 = FACE_BOUND ( 'NONE', #9334, .T. ) ;
#10159 = ORIENTED_EDGE ( 'NONE', *, *, #4096, .T. ) ;
#10160 = ORIENTED_EDGE ( 'NONE', *, *, #2016, .F. ) ;
#10161 = CIRCLE ( 'NONE', #6922, 0.1562499999999993339 ) ;
#10162 = VERTEX_POINT ( 'NONE', #6182 ) ;
#10163 = ADVANCED_FACE ( 'NONE', ( #4281 ), #191, .F. ) ;
#10164 = CARTESIAN_POINT ( 'NONE',  ( -12.75000000000000000, 53.00999999999999091, -1.281249999999996447 ) ) ;
#10165 = ORIENTED_EDGE ( 'NONE', *, *, #6133, .T. ) ;
#10166 = CARTESIAN_POINT ( 'NONE',  ( 11.99999999999999822, 57.50999999999999091, -0.9687499999999992228 ) ) ;
#10167 = VECTOR ( 'NONE', #2745, 39.37007874015748143 ) ;
#10168 = CARTESIAN_POINT ( 'NONE',  ( -12.75000000000000000, 47.00999999999999091, -1.124999999999997113 ) ) ;
#10169 = VECTOR ( 'NONE', #8364, 39.37007874015748143 ) ;
#10170 = CARTESIAN_POINT ( 'NONE',  ( 12.75000000000000000, 27.50999999999998735, -1.124999999999997113 ) ) ;
#10171 = ORIENTED_EDGE ( 'NONE', *, *, #4457, .F. ) ;
#10172 = CARTESIAN_POINT ( 'NONE',  ( 11.99999999999999822, 59.18999999999999773, -0.7500000000000001110 ) ) ;
#10173 = CARTESIAN_POINT ( 'NONE',  ( 11.00000000000000000, 54.50999999999998380, -1.124999999999997113 ) ) ;
#10174 = DIRECTION ( 'NONE',  ( -0.000000000000000000, -7.850137912828339862E-17, 1.000000000000000000 ) ) ;
#10175 = ORIENTED_EDGE ( 'NONE', *, *, #7406, .F. ) ;
#10176 = EDGE_LOOP ( 'NONE', ( #5836, #2888, #9983, #12047 ) ) ;
#10177 = AXIS2_PLACEMENT_3D ( 'NONE', #8701, #2088, #6931 ) ;
#10178 = AXIS2_PLACEMENT_3D ( 'NONE', #10214, #817, #687 ) ;
#10179 = ADVANCED_FACE ( 'NONE', ( #8065 ), #1141, .F. ) ;
#10180 = DIRECTION ( 'NONE',  ( -1.000000000000000000, 0.000000000000000000, -0.000000000000000000 ) ) ;
#10181 = VERTEX_POINT ( 'NONE', #11967 ) ;
#10182 = DIRECTION ( 'NONE',  ( 0.000000000000000000, -0.9396926207859105373, -0.3420201433256625512 ) ) ;
#10183 = AXIS2_PLACEMENT_3D ( 'NONE', #3441, #7168, #6295 ) ;
#10184 = FILL_AREA_STYLE ('',( #11182 ) ) ;
#10185 = VERTEX_POINT ( 'NONE', #10030 ) ;
#10186 = VECTOR ( 'NONE', #11258, 39.37007874015748143 ) ;
#10187 = DIRECTION ( 'NONE',  ( 0.000000000000000000, -1.000000000000000000, 0.000000000000000000 ) ) ;
#10188 = EDGE_LOOP ( 'NONE', ( #7947, #9446 ) ) ;
#10189 = CARTESIAN_POINT ( 'NONE',  ( -12.00000000000000355, 4.500000000000000888, 2.185478394931410575E-15 ) ) ;
#10190 = DIRECTION ( 'NONE',  ( -0.000000000000000000, -0.000000000000000000, 1.000000000000000000 ) ) ;
#10191 = EDGE_LOOP ( 'NONE', ( #7521, #7847, #5788, #6206 ) ) ;
#10192 = EDGE_CURVE ( 'NONE', #8302, #9806, #5074, .T. ) ;
#10193 = EDGE_CURVE ( 'NONE', #4645, #9939, #2207, .T. ) ;
#10194 = DIRECTION ( 'NONE',  ( 1.000000000000000000, -0.000000000000000000, -0.000000000000000000 ) ) ;
#10195 = VECTOR ( 'NONE', #11249, 39.37007874015748143 ) ;
#10196 = ORIENTED_EDGE ( 'NONE', *, *, #1103, .T. ) ;
#10197 = FACE_BOUND ( 'NONE', #11543, .T. ) ;
#10198 = CARTESIAN_POINT ( 'NONE',  ( 11.26000000000000156, 21.71999999999999886, 0.000000000000000000 ) ) ;
#10199 = EDGE_LOOP ( 'NONE', ( #1284, #4477 ) ) ;
#10200 = CARTESIAN_POINT ( 'NONE',  ( 11.00000000000000000, 54.50999999999998380, -0.9687499999999974465 ) ) ;
#10201 = CARTESIAN_POINT ( 'NONE',  ( -12.75000000000000000, 36.50999999999999091, -1.124999999999997113 ) ) ;
#10202 = CIRCLE ( 'NONE', #4555, 0.1562499999999960587 ) ;
#10203 = DIRECTION ( 'NONE',  ( 0.8571673007021125557, 0.000000000000000000, 0.5150380749100539335 ) ) ;
#10204 = DIRECTION ( 'NONE',  ( 0.000000000000000000, 0.000000000000000000, -1.000000000000000000 ) ) ;
#10205 = ORIENTED_EDGE ( 'NONE', *, *, #11981, .F. ) ;
#10206 = EDGE_CURVE ( 'NONE', #4633, #5460, #4060, .T. ) ;
#10207 = DIRECTION ( 'NONE',  ( 1.000000000000000000, -0.000000000000000000, -0.000000000000000000 ) ) ;
#10208 = CARTESIAN_POINT ( 'NONE',  ( 11.26000000000000156, 49.19999999999999574, -1.500000000000000222 ) ) ;
#10209 = ORIENTED_EDGE ( 'NONE', *, *, #11348, .T. ) ;
#10210 = AXIS2_PLACEMENT_3D ( 'NONE', #8117, #11770, #179 ) ;
#10211 = ORIENTED_EDGE ( 'NONE', *, *, #5478, .T. ) ;
#10212 = DIRECTION ( 'NONE',  ( 1.000000000000000000, 0.000000000000000000, 0.000000000000000000 ) ) ;
#10213 = PLANE ( 'NONE',  #10881 ) ;
#10214 = CARTESIAN_POINT ( 'NONE',  ( 11.26000000000000156, 51.69999999999999574, -1.500000000000000222 ) ) ;
#10215 = CARTESIAN_POINT ( 'NONE',  ( -12.00000000000000355, 4.500000000000000888, 8.589666975669972615 ) ) ;
#10216 = ADVANCED_FACE ( 'NONE', ( #5038 ), #7116, .F. ) ;
#10217 = DIRECTION ( 'NONE',  ( -1.000000000000000000, 0.000000000000000000, 0.000000000000000000 ) ) ;
#10218 = CARTESIAN_POINT ( 'NONE',  ( -12.00000000000000355, 4.500000000000000888, 8.589666975669972615 ) ) ;
#10219 = EDGE_LOOP ( 'NONE', ( #503, #6510, #3414, #8607 ) ) ;
#10220 = CONICAL_SURFACE ( 'NONE', #1362, 0.1718500000000005301, 1.029744258676654756 ) ;
#10221 = ORIENTED_EDGE ( 'NONE', *, *, #2035, .T. ) ;
#10222 = ADVANCED_FACE ( 'NONE', ( #6055 ), #5105, .F. ) ;
#10223 = CARTESIAN_POINT ( 'NONE',  ( -11.99999999999999822, 48.71000000000000085, -0.7499999999999940048 ) ) ;
#10224 = DIRECTION ( 'NONE',  ( 0.000000000000000000, 0.000000000000000000, -1.000000000000000000 ) ) ;
#10225 = ORIENTED_EDGE ( 'NONE', *, *, #1337, .T. ) ;
#10226 = DIRECTION ( 'NONE',  ( 0.000000000000000000, 0.000000000000000000, -1.000000000000000000 ) ) ;
#10227 = STYLED_ITEM ( 'NONE', ( #9466 ), #9267 ) ;
#10228 = CARTESIAN_POINT ( 'NONE',  ( 11.99999999999999822, 26.00999999999999091, -1.124999999999997113 ) ) ;
#10229 = DIRECTION ( 'NONE',  ( -1.000000000000000000, 0.000000000000000000, 0.000000000000000000 ) ) ;
#10230 = CYLINDRICAL_SURFACE ( 'NONE', #8697, 0.1562499999999979461 ) ;
#10231 = ORIENTED_EDGE ( 'NONE', *, *, #4712, .T. ) ;
#10232 = ADVANCED_FACE ( 'NONE', ( #3214 ), #7054, .T. ) ;
#10233 = CARTESIAN_POINT ( 'NONE',  ( -1.740000000000002656, 57.99999999999999289, -0.7500000000000001110 ) ) ;
#10234 = DIRECTION ( 'NONE',  ( -0.000000000000000000, -1.000000000000000000, -0.000000000000000000 ) ) ;
#10235 = EDGE_LOOP ( 'NONE', ( #2970, #1598 ) ) ;
#10236 = VERTEX_POINT ( 'NONE', #1514 ) ;
#10237 = CLOSED_SHELL ( 'NONE', ( #7015, #10621, #7567, #5567, #11052, #6728 ) ) ;
#10238 = FILL_AREA_STYLE_COLOUR ( '', #10068 ) ;
#10239 = ORIENTED_EDGE ( 'NONE', *, *, #5514, .F. ) ;
#10240 = CYLINDRICAL_SURFACE ( 'NONE', #11646, 0.1718500000000005301 ) ;
#10241 = VECTOR ( 'NONE', #9593, 39.37007874015748143 ) ;
#10242 = EDGE_LOOP ( 'NONE', ( #7950, #5731, #2805, #10245 ) ) ;
#10243 = EDGE_CURVE ( 'NONE', #3184, #1629, #9320, .T. ) ;
#10244 = DIRECTION ( 'NONE',  ( 0.000000000000000000, 0.000000000000000000, -1.000000000000000000 ) ) ;
#10245 = ORIENTED_EDGE ( 'NONE', *, *, #12113, .T. ) ;
#10246 = CARTESIAN_POINT ( 'NONE',  ( -1.740000000000002656, 29.24999999999999289, -0.7500000000000001110 ) ) ;
#10247 = DIRECTION ( 'NONE',  ( 0.000000000000000000, 0.000000000000000000, -1.000000000000000000 ) ) ;
#10248 =( LENGTH_UNIT ( ) NAMED_UNIT ( * ) SI_UNIT ( $, .METRE. ) );
#10249 = VERTEX_POINT ( 'NONE', #9390 ) ;
#10250 = AXIS2_PLACEMENT_3D ( 'NONE', #3674, #910, #11608 ) ;
#10251 = VECTOR ( 'NONE', #7094, 39.37007874015748854 ) ;
#10252 = CARTESIAN_POINT ( 'NONE',  ( 11.00000000000000000, 47.00999999999999091, -1.124999999999997113 ) ) ;
#10253 = ORIENTED_EDGE ( 'NONE', *, *, #4642, .F. ) ;
#10254 = DIRECTION ( 'NONE',  ( 1.000000000000000000, 0.000000000000000000, -0.000000000000000000 ) ) ;
#10255 = ORIENTED_EDGE ( 'NONE', *, *, #10679, .T. ) ;
#10256 = EDGE_CURVE ( 'NONE', #2302, #10307, #753, .T. ) ;
#10257 = CARTESIAN_POINT ( 'NONE',  ( 3.219999999999996643, 29.24999999999999289, 0.000000000000000000 ) ) ;
#10258 = VECTOR ( 'NONE', #11979, 39.37007874015748143 ) ;
#10259 = DIRECTION ( 'NONE',  ( 0.000000000000000000, 0.000000000000000000, -1.000000000000000000 ) ) ;
#10260 = VERTEX_POINT ( 'NONE', #3455 ) ;
#10261 = PLANE ( 'NONE',  #6960 ) ;
#10262 = DIRECTION ( 'NONE',  ( 0.000000000000000000, 0.000000000000000000, 1.000000000000000000 ) ) ;
#10263 = VERTEX_POINT ( 'NONE', #7309 ) ;
#10264 = CARTESIAN_POINT ( 'NONE',  ( -0.3750000000000027200, 21.22999999999999687, 0.000000000000000000 ) ) ;
#10265 = CARTESIAN_POINT ( 'NONE',  ( 11.11722201886773753, 51.60420083372092392, -1.000192237963910769 ) ) ;
#10266 = VECTOR ( 'NONE', #8369, 39.37007874015748854 ) ;
#10267 = VERTEX_POINT ( 'NONE', #508 ) ;
#10268 = MECHANICAL_DESIGN_GEOMETRIC_PRESENTATION_REPRESENTATION (  '', ( #6816 ), #9252 ) ;
#10269 = ORIENTED_EDGE ( 'NONE', *, *, #6755, .F. ) ;
#10270 = FACE_OUTER_BOUND ( 'NONE', #8024, .T. ) ;
#10271 = EDGE_CURVE ( 'NONE', #9562, #7704, #8247, .T. ) ;
#10272 = CARTESIAN_POINT ( 'NONE',  ( -11.00000000000000000, 50.00999999999999091, -1.281249999999992895 ) ) ;
#10273 = ADVANCED_FACE ( 'NONE', ( #5366 ), #11156, .T. ) ;
#10274 = DIRECTION ( 'NONE',  ( 1.000000000000000000, 0.000000000000000000, -0.000000000000000000 ) ) ;
#10275 = PLANE ( 'NONE',  #10914 ) ;
#10276 = DIRECTION ( 'NONE',  ( -1.000000000000000000, 0.000000000000000000, 0.000000000000000000 ) ) ;
#10277 = AXIS2_PLACEMENT_3D ( 'NONE', #9999, #11871, #3242 ) ;
#10278 = DIRECTION ( 'NONE',  ( 0.000000000000000000, -0.9396926207859103153, -0.3420201433256631618 ) ) ;
#10279 = ORIENTED_EDGE ( 'NONE', *, *, #11570, .T. ) ;
#10280 = FACE_OUTER_BOUND ( 'NONE', #7926, .T. ) ;
#10281 = ORIENTED_EDGE ( 'NONE', *, *, #8426, .T. ) ;
#10282 = ORIENTED_EDGE ( 'NONE', *, *, #4094, .F. ) ;
#10283 = CARTESIAN_POINT ( 'NONE',  ( 11.26000000000000156, 11.24000000000000199, -2.250000000000000444 ) ) ;
#10284 = ORIENTED_EDGE ( 'NONE', *, *, #10135, .F. ) ;
#10285 = VECTOR ( 'NONE', #10468, 39.37007874015748143 ) ;
#10286 = DIRECTION ( 'NONE',  ( 0.000000000000000000, 0.000000000000000000, -1.000000000000000000 ) ) ;
#10287 = FACE_OUTER_BOUND ( 'NONE', #3026, .T. ) ;
#10288 = EDGE_CURVE ( 'NONE', #9238, #9405, #4346, .T. ) ;
#10289 = FACE_OUTER_BOUND ( 'NONE', #1536, .T. ) ;
#10290 = ORIENTED_EDGE ( 'NONE', *, *, #8543, .F. ) ;
#10291 = PLANE ( 'NONE',  #1413 ) ;
#10292 = DIRECTION ( 'NONE',  ( 1.000000000000000000, -0.000000000000000000, -0.000000000000000000 ) ) ;
#10293 = FACE_OUTER_BOUND ( 'NONE', #4759, .T. ) ;
#10294 = VERTEX_POINT ( 'NONE', #9259 ) ;
#10295 = VECTOR ( 'NONE', #8802, 39.37007874015748143 ) ;
#10296 = DIRECTION ( 'NONE',  ( -0.000000000000000000, -1.000000000000000000, -0.000000000000000000 ) ) ;
#10297 = CYLINDRICAL_SURFACE ( 'NONE', #5229, 0.1562499999999979461 ) ;
#10298 = ADVANCED_FACE ( 'NONE', ( #6366 ), #10275, .T. ) ;
#10299 = ADVANCED_FACE ( 'NONE', ( #3395 ), #8374, .F. ) ;
#10300 = ORIENTED_EDGE ( 'NONE', *, *, #2383, .F. ) ;
#10301 = FACE_OUTER_BOUND ( 'NONE', #5258, .T. ) ;
#10302 = CIRCLE ( 'NONE', #2438, 0.1718500000000005301 ) ;
#10303 = EDGE_CURVE ( 'NONE', #2337, #11054, #625, .T. ) ;
#10304 = ORIENTED_EDGE ( 'NONE', *, *, #792, .T. ) ;
#10305 = LINE ( 'NONE', #9352, #10118 ) ;
#10306 = DIRECTION ( 'NONE',  ( 0.000000000000000000, 1.000000000000000000, 0.000000000000000000 ) ) ;
#10307 = VERTEX_POINT ( 'NONE', #12093 ) ;
#10308 = CARTESIAN_POINT ( 'NONE',  ( -11.42646851019876131, 51.65725107809001315, -1.177686201819643230 ) ) ;
#10309 = VECTOR ( 'NONE', #9736, 39.37007874015748854 ) ;
#10310 = CARTESIAN_POINT ( 'NONE',  ( -11.99999999999999822, 25.01999999999998181, -2.250000000000000444 ) ) ;
#10311 = VECTOR ( 'NONE', #7399, 39.37007874015748143 ) ;
#10312 = ADVANCED_FACE ( 'NONE', ( #1700 ), #11094, .F. ) ;
#10313 = ORIENTED_EDGE ( 'NONE', *, *, #7380, .F. ) ;
#10314 = DIRECTION ( 'NONE',  ( 1.000000000000000000, 0.000000000000000000, 0.000000000000000000 ) ) ;
#10315 = CIRCLE ( 'NONE', #4873, 0.1562499999999979461 ) ;
#10316 = SURFACE_STYLE_FILL_AREA ( #1682 ) ;
#10317 = ORIENTED_EDGE ( 'NONE', *, *, #11528, .F. ) ;
#10318 = FACE_OUTER_BOUND ( 'NONE', #11941, .T. ) ;
#10319 = STYLED_ITEM ( 'NONE', ( #10020 ), #4987 ) ;
#10320 = DIRECTION ( 'NONE',  ( 0.000000000000000000, 0.000000000000000000, -1.000000000000000000 ) ) ;
#10321 = CARTESIAN_POINT ( 'NONE',  ( -11.99999999999999822, 44.00999999999999801, -0.9687500000000012212 ) ) ;
#10322 = CARTESIAN_POINT ( 'NONE',  ( 11.26000000000000156, 24.21999999999999531, -1.499999999999996891 ) ) ;
#10323 = VERTEX_POINT ( 'NONE', #2455 ) ;
#10324 = CARTESIAN_POINT ( 'NONE',  ( -3.220000000000002416, 57.99999999999999289, 0.000000000000000000 ) ) ;
#10325 = LINE ( 'NONE', #10264, #2583 ) ;
#10326 = EDGE_CURVE ( 'NONE', #1355, #410, #10315, .T. ) ;
#10327 = CARTESIAN_POINT ( 'NONE',  ( -11.26000000000000156, 49.19999999999999574, -1.500000000000000222 ) ) ;
#10328 = VERTEX_POINT ( 'NONE', #12034 ) ;
#10329 = VERTEX_POINT ( 'NONE', #11339 ) ;
#10330 = PLANE ( 'NONE',  #5016 ) ;
#10331 = LINE ( 'NONE', #9387, #7878 ) ;
#10332 = DIRECTION ( 'NONE',  ( 1.000000000000000000, -0.000000000000000000, -0.000000000000000000 ) ) ;
#10333 = VECTOR ( 'NONE', #11922, 39.37007874015748143 ) ;
#10334 = DIRECTION ( 'NONE',  ( -0.000000000000000000, -0.000000000000000000, 1.000000000000000000 ) ) ;
#10335 = DIRECTION ( 'NONE',  ( 0.000000000000000000, 0.000000000000000000, -1.000000000000000000 ) ) ;
#10336 = CYLINDRICAL_SURFACE ( 'NONE', #7378, 0.1562499999999979461 ) ;
#10337 = ORIENTED_EDGE ( 'NONE', *, *, #5026, .F. ) ;
#10338 = CARTESIAN_POINT ( 'NONE',  ( -12.75000000000000000, 57.50999999999999091, -1.281249999999994893 ) ) ;
#10339 = ORIENTED_EDGE ( 'NONE', *, *, #9794, .T. ) ;
#10340 = LINE ( 'NONE', #5745, #10241 ) ;
#10341 = ADVANCED_FACE ( 'NONE', ( #8435 ), #5487, .F. ) ;
#10342 = LINE ( 'NONE', #12344, #7544 ) ;
#10343 = ADVANCED_FACE ( 'NONE', ( #9135 ), #7432, .F. ) ;
#10344 = VECTOR ( 'NONE', #3735, 39.37007874015748143 ) ;
#10345 = VERTEX_POINT ( 'NONE', #2697 ) ;
#10346 = FACE_OUTER_BOUND ( 'NONE', #6776, .T. ) ;
#10347 = DIRECTION ( 'NONE',  ( -0.000000000000000000, 1.570027582565667972E-16, -1.000000000000000000 ) ) ;
#10348 = CARTESIAN_POINT ( 'NONE',  ( 1.739999999999997327, 69.23000000000000398, -0.7500000000000001110 ) ) ;
#10349 = CARTESIAN_POINT ( 'NONE',  ( 3.219999999999996643, 29.24999999999999289, -0.7500000000000003331 ) ) ;
#10350 = ORIENTED_EDGE ( 'NONE', *, *, #11752, .T. ) ;
#10351 = DIRECTION ( 'NONE',  ( 1.000000000000000000, 0.000000000000000000, 0.000000000000000000 ) ) ;
#10352 = CARTESIAN_POINT ( 'NONE',  ( -12.00000000000000355, 3.000000000000000444, 8.589666975669972615 ) ) ;
#10353 = ORIENTED_EDGE ( 'NONE', *, *, #7979, .F. ) ;
#10354 = VECTOR ( 'NONE', #11662, 39.37007874015748143 ) ;
#10355 = EDGE_LOOP ( 'NONE', ( #308, #12185 ) ) ;
#10356 = UNCERTAINTY_MEASURE_WITH_UNIT (LENGTH_MEASURE( 1.000000000000000082E-05 ), #11084, 'distance_accuracy_value', 'NONE');
#10357 = CARTESIAN_POINT ( 'NONE',  ( 10.51999999999999957, 59.18999999999999773, -0.7500000000000001110 ) ) ;
#10358 = EDGE_CURVE ( 'NONE', #6201, #1528, #8192, .T. ) ;
#10359 = ORIENTED_EDGE ( 'NONE', *, *, #9693, .T. ) ;
#10360 = CIRCLE ( 'NONE', #11958, 0.1562499999999979461 ) ;
#10361 = VERTEX_POINT ( 'NONE', #7742 ) ;
#10362 = DIRECTION ( 'NONE',  ( 1.000000000000000000, -0.000000000000000000, -0.000000000000000000 ) ) ;
#10363 = CIRCLE ( 'NONE', #10760, 0.1718500000000005301 ) ;
#10364 = DIRECTION ( 'NONE',  ( 0.000000000000000000, -1.000000000000000000, -2.491592112898606819E-16 ) ) ;
#10365 = ORIENTED_EDGE ( 'NONE', *, *, #7793, .F. ) ;
#10366 = FACE_OUTER_BOUND ( 'NONE', #11396, .T. ) ;
#10367 = DIRECTION ( 'NONE',  ( 0.000000000000000000, -1.000000000000000000, -7.850137912828339862E-17 ) ) ;
#10368 = VERTEX_POINT ( 'NONE', #9705 ) ;
#10369 = AXIS2_PLACEMENT_3D ( 'NONE', #5809, #9662, #3086 ) ;
#10370 = EDGE_CURVE ( 'NONE', #4204, #10907, #8621, .T. ) ;
#10371 = STYLED_ITEM ( 'NONE', ( #11917 ), #5335 ) ;
#10372 = PLANE ( 'NONE',  #9790 ) ;
#10373 = FACE_OUTER_BOUND ( 'NONE', #4902, .T. ) ;
#10374 = ADVANCED_FACE ( 'NONE', ( #11403 ), #4835, .F. ) ;
#10375 = CARTESIAN_POINT ( 'NONE',  ( 11.99999999999999822, 10.75000000000000178, -1.500000000000000222 ) ) ;
#10376 = EDGE_LOOP ( 'NONE', ( #7826, #8098, #2666, #10083 ) ) ;
#10377 = LINE ( 'NONE', #12437, #7248 ) ;
#10378 = CARTESIAN_POINT ( 'NONE',  ( 10.51999999999999957, 52.18999999999999773, -1.500000000000000222 ) ) ;
#10379 = ORIENTED_EDGE ( 'NONE', *, *, #1119, .F. ) ;
#10380 = DIRECTION ( 'NONE',  ( -1.000000000000000000, 0.000000000000000000, 0.000000000000000000 ) ) ;
#10381 = PLANE ( 'NONE',  #2504 ) ;
#10382 = EDGE_CURVE ( 'NONE', #4980, #6773, #6796, .T. ) ;
#10383 = CARTESIAN_POINT ( 'NONE',  ( 12.75000000000000000, 29.97999999999998977, 3.479999999999999538 ) ) ;
#10384 = CARTESIAN_POINT ( 'NONE',  ( -11.99999999999999822, 14.23000000000000220, -0.7499999999999983347 ) ) ;
#10385 = ORIENTED_EDGE ( 'NONE', *, *, #11062, .T. ) ;
#10386 = CIRCLE ( 'NONE', #9176, 0.1718500000000005301 ) ;
#10387 = VECTOR ( 'NONE', #1685, 39.37007874015748143 ) ;
#10388 = FACE_OUTER_BOUND ( 'NONE', #9361, .T. ) ;
#10389 = CARTESIAN_POINT ( 'NONE',  ( -11.99999999999999822, 26.00999999999999091, -0.9687499999999992228 ) ) ;
#10390 = EDGE_LOOP ( 'NONE', ( #11923, #3322, #7717, #3159 ) ) ;
#10391 = EDGE_LOOP ( 'NONE', ( #11919, #5839, #4353, #10175 ) ) ;
#10392 = FACE_OUTER_BOUND ( 'NONE', #11044, .T. ) ;
#10393 = CARTESIAN_POINT ( 'NONE',  ( 11.99999999999999822, 59.18999999999999773, -0.7500000000000001110 ) ) ;
#10394 = PLANE ( 'NONE',  #1726 ) ;
#10395 = CARTESIAN_POINT ( 'NONE',  ( -11.99999999999999822, 59.18999999999999773, -2.250000000000000444 ) ) ;
#10396 = ADVANCED_FACE ( 'NONE', ( #4777 ), #1764, .F. ) ;
#10397 = FACE_OUTER_BOUND ( 'NONE', #11284, .T. ) ;
#10398 = DIRECTION ( 'NONE',  ( -1.000000000000000000, -0.000000000000000000, -0.000000000000000000 ) ) ;
#10399 = VERTEX_POINT ( 'NONE', #1065 ) ;
#10400 = DIRECTION ( 'NONE',  ( 1.000000000000000000, 0.000000000000000000, -0.000000000000000000 ) ) ;
#10401 = AXIS2_PLACEMENT_3D ( 'NONE', #3630, #12080, #10204 ) ;
#10402 = EDGE_LOOP ( 'NONE', ( #6815, #6393, #12087 ) ) ;
#10403 = DIRECTION ( 'NONE',  ( 1.000000000000000000, -0.000000000000000000, -0.000000000000000000 ) ) ;
#10404 = ORIENTED_EDGE ( 'NONE', *, *, #6146, .F. ) ;
#10405 = DIRECTION ( 'NONE',  ( 0.000000000000000000, 0.000000000000000000, 1.000000000000000000 ) ) ;
#10406 = SURFACE_SIDE_STYLE ('',( #11696 ) ) ;
#10407 = LINE ( 'NONE', #8633, #3423 ) ;
#10408 = CARTESIAN_POINT ( 'NONE',  ( 10.51999999999999957, 3.749999999999999556, -2.249999999999999556 ) ) ;
#10409 = DIRECTION ( 'NONE',  ( 1.000000000000000000, 0.000000000000000000, 0.000000000000000000 ) ) ;
#10410 = ORIENTED_EDGE ( 'NONE', *, *, #8043, .T. ) ;
#10411 = ADVANCED_FACE ( 'NONE', ( #11521 ), #6736, .F. ) ;
#10412 = FACE_OUTER_BOUND ( 'NONE', #10953, .T. ) ;
#10413 = PLANE ( 'NONE',  #8140 ) ;
#10414 = EDGE_CURVE ( 'NONE', #8631, #5607, #7803, .T. ) ;
#10415 = DIRECTION ( 'NONE',  ( 0.000000000000000000, 0.000000000000000000, -1.000000000000000000 ) ) ;
#10416 = ORIENTED_EDGE ( 'NONE', *, *, #3789, .T. ) ;
#10417 = ORIENTED_EDGE ( 'NONE', *, *, #650, .T. ) ;
#10418 = CARTESIAN_POINT ( 'NONE',  ( 11.00000000000000000, 51.50999999999999091, -1.281249999999994893 ) ) ;
#10419 = VERTEX_POINT ( 'NONE', #11639 ) ;
#10420 = VECTOR ( 'NONE', #1366, 39.37007874015748143 ) ;
#10421 = ORIENTED_EDGE ( 'NONE', *, *, #11801, .T. ) ;
#10422 = DIRECTION ( 'NONE',  ( 1.000000000000000000, 0.000000000000000000, 0.000000000000000000 ) ) ;
#10423 = CARTESIAN_POINT ( 'NONE',  ( -11.08815000000000062, 49.19999999999999574, -1.500000000000000222 ) ) ;
#10424 = ORIENTED_EDGE ( 'NONE', *, *, #5986, .F. ) ;
#10425 = EDGE_CURVE ( 'NONE', #3559, #2090, #12457, .T. ) ;
#10426 = DIRECTION ( 'NONE',  ( 1.000000000000000000, -0.000000000000000000, -0.000000000000000000 ) ) ;
#10427 = EDGE_CURVE ( 'NONE', #2576, #3165, #2269, .T. ) ;
#10428 = DIRECTION ( 'NONE',  ( 0.000000000000000000, -1.000000000000000000, 0.000000000000000000 ) ) ;
#10429 = VERTEX_POINT ( 'NONE', #1826 ) ;
#10430 = VECTOR ( 'NONE', #3562, 39.37007874015748143 ) ;
#10431 = DIRECTION ( 'NONE',  ( 0.000000000000000000, 0.000000000000000000, -1.000000000000000000 ) ) ;
#10432 = SURFACE_STYLE_FILL_AREA ( #11556 ) ;
#10433 = ORIENTED_EDGE ( 'NONE', *, *, #12238, .T. ) ;
#10434 = DIMENSIONAL_EXPONENTS ( 1.000000000000000000, 0.000000000000000000, 0.000000000000000000, 0.000000000000000000, 0.000000000000000000, 0.000000000000000000, 0.000000000000000000 ) ;
#10435 = VECTOR ( 'NONE', #7689, 39.37007874015748143 ) ;
#10436 = DIRECTION ( 'NONE',  ( 0.000000000000000000, 0.000000000000000000, -1.000000000000000000 ) ) ;
#10437 = FACE_OUTER_BOUND ( 'NONE', #4029, .T. ) ;
#10438 = VERTEX_POINT ( 'NONE', #2945 ) ;
#10439 = DIRECTION ( 'NONE',  ( -0.000000000000000000, 0.000000000000000000, 1.000000000000000000 ) ) ;
#10440 = EDGE_CURVE ( 'NONE', #3377, #1807, #1069, .T. ) ;
#10441 = CARTESIAN_POINT ( 'NONE',  ( 11.99999999999999822, 53.00999999999999091, -0.9687499999999976685 ) ) ;
#10442 = AXIS2_PLACEMENT_3D ( 'NONE', #10743, #277, #5002 ) ;
#10443 = LINE ( 'NONE', #1813, #6194 ) ;
#10444 = ORIENTED_EDGE ( 'NONE', *, *, #1985, .F. ) ;
#10445 = AXIS2_PLACEMENT_3D ( 'NONE', #12085, #3506, #1502 ) ;
#10446 = PLANE ( 'NONE',  #3479 ) ;
#10447 = CARTESIAN_POINT ( 'NONE',  ( 11.99999999999999822, 3.750000000000000000, -8.612199694973096342 ) ) ;
#10448 = DIRECTION ( 'NONE',  ( -1.000000000000000000, 0.000000000000000000, -0.000000000000000000 ) ) ;
#10449 = ORIENTED_EDGE ( 'NONE', *, *, #6103, .F. ) ;
#10450 = EDGE_CURVE ( 'NONE', #8468, #6084, #1887, .T. ) ;
#10451 = PLANE ( 'NONE',  #4600 ) ;
#10452 = ADVANCED_FACE ( 'NONE', ( #12398 ), #7684, .F. ) ;
#10453 = DIRECTION ( 'NONE',  ( -1.000000000000000000, 0.000000000000000000, 0.000000000000000000 ) ) ;
#10454 = CIRCLE ( 'NONE', #7630, 0.1562499999999957812 ) ;
#10455 = CARTESIAN_POINT ( 'NONE',  ( 12.75000000000000000, 48.50999999999999091, -1.281249999999994893 ) ) ;
#10456 = EDGE_CURVE ( 'NONE', #4369, #11738, #3708, .T. ) ;
#10457 = DIRECTION ( 'NONE',  ( 1.000000000000000000, 0.000000000000000000, 0.000000000000000000 ) ) ;
#10458 = CARTESIAN_POINT ( 'NONE',  ( -12.75000000000000000, 32.00999999999999091, -0.9687499999999992228 ) ) ;
#10459 = FACE_OUTER_BOUND ( 'NONE', #9605, .T. ) ;
#10460 = CARTESIAN_POINT ( 'NONE',  ( 11.26000000000000156, 49.19999999999999574, 0.000000000000000000 ) ) ;
#10461 = EDGE_LOOP ( 'NONE', ( #3477, #9945 ) ) ;
#10462 = VECTOR ( 'NONE', #939, 39.37007874015748143 ) ;
#10463 = DIRECTION ( 'NONE',  ( 1.000000000000000000, -0.000000000000000000, -0.000000000000000000 ) ) ;
#10464 = CARTESIAN_POINT ( 'NONE',  ( -11.99999999999999822, 27.50999999999998735, -1.124999999999997113 ) ) ;
#10465 = EDGE_CURVE ( 'NONE', #11978, #5044, #56, .T. ) ;
#10466 = ORIENTED_EDGE ( 'NONE', *, *, #8902, .F. ) ;
#10467 = CYLINDRICAL_SURFACE ( 'NONE', #9663, 0.1562499999999979461 ) ;
#10468 = DIRECTION ( 'NONE',  ( 0.000000000000000000, 0.000000000000000000, 1.000000000000000000 ) ) ;
#10469 = CIRCLE ( 'NONE', #7861, 0.1562499999999979461 ) ;
#10470 = CYLINDRICAL_SURFACE ( 'NONE', #3671, 0.1718500000000005301 ) ;
#10471 = ORIENTED_EDGE ( 'NONE', *, *, #7746, .F. ) ;
#10472 = LINE ( 'NONE', #7579, #5842 ) ;
#10473 = CARTESIAN_POINT ( 'NONE',  ( -10.51999999999999424, 3.750000000000000000, 8.589666975669972615 ) ) ;
#10474 = DIRECTION ( 'NONE',  ( -0.000000000000000000, -0.000000000000000000, 1.000000000000000000 ) ) ;
#10475 = EDGE_LOOP ( 'NONE', ( #1968, #7636, #11190, #5893 ) ) ;
#10476 = ORIENTED_EDGE ( 'NONE', *, *, #8439, .T. ) ;
#10477 = VERTEX_POINT ( 'NONE', #10640 ) ;
#10478 = UNCERTAINTY_MEASURE_WITH_UNIT (LENGTH_MEASURE( 1.000000000000000082E-05 ), #285, 'distance_accuracy_value', 'NONE');
#10479 = CARTESIAN_POINT ( 'NONE',  ( 11.00000000000000000, 44.00999999999999801, -1.281249999999992895 ) ) ;
#10480 = AXIS2_PLACEMENT_3D ( 'NONE', #9902, #9965, #2205 ) ;
#10481 = ORIENTED_EDGE ( 'NONE', *, *, #1538, .F. ) ;
#10482 = EDGE_CURVE ( 'NONE', #1659, #9220, #115, .T. ) ;
#10483 = ORIENTED_EDGE ( 'NONE', *, *, #3943, .F. ) ;
#10484 = LINE ( 'NONE', #1974, #2994 ) ;
#10485 = ORIENTED_EDGE ( 'NONE', *, *, #4348, .T. ) ;
#10486 = DIRECTION ( 'NONE',  ( -0.000000000000000000, -0.000000000000000000, -1.000000000000000000 ) ) ;
#10487 = AXIS2_PLACEMENT_3D ( 'NONE', #1762, #8680, #1824 ) ;
#10488 = DIRECTION ( 'NONE',  ( -0.000000000000000000, 1.000000000000000000, -0.000000000000000000 ) ) ;
#10489 = ORIENTED_EDGE ( 'NONE', *, *, #10904, .T. ) ;
#10490 = DIRECTION ( 'NONE',  ( -0.000000000000000000, -1.000000000000000000, -0.000000000000000000 ) ) ;
#10491 = CARTESIAN_POINT ( 'NONE',  ( -11.00000000000000000, 50.00999999999999091, -1.124999999999997113 ) ) ;
#10492 = STYLED_ITEM ( 'NONE', ( #1232 ), #9485 ) ;
#10493 = EDGE_CURVE ( 'NONE', #9608, #10260, #5736, .T. ) ;
#10494 = EDGE_CURVE ( 'NONE', #4003, #11012, #11461, .T. ) ;
#10495 = ORIENTED_EDGE ( 'NONE', *, *, #11140, .T. ) ;
#10496 = FACE_BOUND ( 'NONE', #8251, .T. ) ;
#10497 = FILL_AREA_STYLE_COLOUR ( '', #6993 ) ;
#10498 = ORIENTED_EDGE ( 'NONE', *, *, #734, .T. ) ;
#10499 = DIRECTION ( 'NONE',  ( 0.000000000000000000, -0.000000000000000000, -1.000000000000000000 ) ) ;
#10500 = ORIENTED_EDGE ( 'NONE', *, *, #5478, .F. ) ;
#10501 = COLOUR_RGB ( '',1.000000000000000000, 1.000000000000000000, 1.000000000000000000 ) ;
#10502 = CARTESIAN_POINT ( 'NONE',  ( -1.740000000000002656, 57.99999999999999289, -0.7500000000000001110 ) ) ;
#10503 = AXIS2_PLACEMENT_3D ( 'NONE', #4882, #8667, #2178 ) ;
#10504 = CARTESIAN_POINT ( 'NONE',  ( 3.219999999999996643, 57.99999999999999289, 0.000000000000000000 ) ) ;
#10505 = ORIENTED_EDGE ( 'NONE', *, *, #4824, .T. ) ;
#10506 = PRESENTATION_STYLE_ASSIGNMENT (( #7612 ) ) ;
#10507 = DIRECTION ( 'NONE',  ( -1.000000000000000000, 0.000000000000000000, 0.000000000000000000 ) ) ;
#10508 = FILL_AREA_STYLE_COLOUR ( '', #1101 ) ;
#10509 = EDGE_CURVE ( 'NONE', #12081, #7252, #10518, .T. ) ;
#10510 = ORIENTED_EDGE ( 'NONE', *, *, #5664, .T. ) ;
#10511 = AXIS2_PLACEMENT_3D ( 'NONE', #10716, #5929, #9785 ) ;
#10512 =( CONVERSION_BASED_UNIT ( 'INCH', #12270 ) LENGTH_UNIT ( ) NAMED_UNIT ( #5015 ) );
#10513 = CIRCLE ( 'NONE', #3461, 0.1562499999999993339 ) ;
#10514 = CARTESIAN_POINT ( 'NONE',  ( 11.43185000000000251, 21.71999999999999886, -2.250000000000000444 ) ) ;
#10515 = PLANE ( 'NONE',  #7672 ) ;
#10516 = DIMENSIONAL_EXPONENTS ( 1.000000000000000000, 0.000000000000000000, 0.000000000000000000, 0.000000000000000000, 0.000000000000000000, 0.000000000000000000, 0.000000000000000000 ) ;
#10517 = CYLINDRICAL_SURFACE ( 'NONE', #311, 0.1718500000000005301 ) ;
#10518 = LINE ( 'NONE', #7930, #8514 ) ;
#10519 = FACE_OUTER_BOUND ( 'NONE', #7379, .T. ) ;
#10520 = FACE_BOUND ( 'NONE', #1729, .T. ) ;
#10521 = ORIENTED_EDGE ( 'NONE', *, *, #3289, .F. ) ;
#10522 = AXIS2_PLACEMENT_3D ( 'NONE', #5282, #10306, #1434 ) ;
#10523 = CARTESIAN_POINT ( 'NONE',  ( 0.000000000000000000, 21.22999999999999687, -0.5000000000000001110 ) ) ;
#10524 = EDGE_CURVE ( 'NONE', #6272, #9205, #9829, .T. ) ;
#10525 = DIRECTION ( 'NONE',  ( 0.000000000000000000, 0.000000000000000000, -1.000000000000000000 ) ) ;
#10526 = FACE_BOUND ( 'NONE', #7607, .T. ) ;
#10527 = EDGE_CURVE ( 'NONE', #8654, #10345, #7709, .T. ) ;
#10528 = EDGE_LOOP ( 'NONE', ( #2153, #1881, #10971, #230 ) ) ;
#10529 = FACE_OUTER_BOUND ( 'NONE', #9077, .T. ) ;
#10530 = AXIS2_PLACEMENT_3D ( 'NONE', #7455, #11299, #2779 ) ;
#10531 = CARTESIAN_POINT ( 'NONE',  ( -11.99999999999999822, 3.750000000000003553, -1.500000000000000222 ) ) ;
#10532 = CARTESIAN_POINT ( 'NONE',  ( -6.000000000000002665, 54.75000000000000000, 2.730000000000007088 ) ) ;
#10533 = DIRECTION ( 'NONE',  ( -0.000000000000000000, -0.000000000000000000, -1.000000000000000000 ) ) ;
#10534 = ORIENTED_EDGE ( 'NONE', *, *, #11820, .T. ) ;
#10535 = DIRECTION ( 'NONE',  ( 0.000000000000000000, 1.000000000000000000, 0.000000000000000000 ) ) ;
#10536 = DIRECTION ( 'NONE',  ( -1.000000000000000000, 2.913971193241881950E-15, 0.000000000000000000 ) ) ;
#10537 = CARTESIAN_POINT ( 'NONE',  ( 0.000000000000000000, 56.75000000000000000, 8.589666975669972615 ) ) ;
#10538 = ORIENTED_EDGE ( 'NONE', *, *, #3206, .T. ) ;
#10539 = EDGE_CURVE ( 'NONE', #8225, #513, #175, .T. ) ;
#10540 = ORIENTED_EDGE ( 'NONE', *, *, #4587, .F. ) ;
#10541 = CIRCLE ( 'NONE', #3481, 0.1562499999999979461 ) ;
#10542 = ORIENTED_EDGE ( 'NONE', *, *, #2016, .T. ) ;
#10543 = CARTESIAN_POINT ( 'NONE',  ( -11.00000000000000000, 35.00999999999999091, -0.9687499999999992228 ) ) ;
#10544 = VERTEX_POINT ( 'NONE', #362 ) ;
#10545 = EDGE_LOOP ( 'NONE', ( #11440, #6275 ) ) ;
#10546 = CARTESIAN_POINT ( 'NONE',  ( 11.99999999999999822, 21.22999999999999687, -2.249999999999997780 ) ) ;
#10547 = AXIS2_PLACEMENT_3D ( 'NONE', #11286, #4476, #3463 ) ;
#10548 = CARTESIAN_POINT ( 'NONE',  ( 10.51999999999999957, 59.18999999999999773, -2.249999999999999556 ) ) ;
#10549 = ORIENTED_EDGE ( 'NONE', *, *, #7599, .F. ) ;
#10550 = CARTESIAN_POINT ( 'NONE',  ( -22.06250000000002132, 14.23000000000000220, -0.7499999999999983347 ) ) ;
#10551 = CARTESIAN_POINT ( 'NONE',  ( -11.41804469305477276, 51.63182218577809124, -1.026352057521190186 ) ) ;
#10552 = ORIENTED_EDGE ( 'NONE', *, *, #1104, .F. ) ;
#10553 = EDGE_CURVE ( 'NONE', #4428, #1398, #7868, .T. ) ;
#10554 = DIRECTION ( 'NONE',  ( 0.000000000000000000, 0.000000000000000000, 1.000000000000000000 ) ) ;
#10555 = DIRECTION ( 'NONE',  ( 1.456985596620940580E-15, 0.000000000000000000, -1.000000000000000000 ) ) ;
#10556 = VECTOR ( 'NONE', #6418, 39.37007874015748143 ) ;
#10557 = ORIENTED_EDGE ( 'NONE', *, *, #12431, .T. ) ;
#10558 = CARTESIAN_POINT ( 'NONE',  ( 11.00000000000000000, 57.50999999999999091, -1.281249999999994893 ) ) ;
#10559 = AXIS2_PLACEMENT_3D ( 'NONE', #11198, #9679, #3565 ) ;
#10560 = CARTESIAN_POINT ( 'NONE',  ( -11.99999999999999822, 28.49999999999998579, -2.250000000000000444 ) ) ;
#10561 = VERTEX_POINT ( 'NONE', #3007 ) ;
#10562 = VECTOR ( 'NONE', #1800, 39.37007874015748143 ) ;
#10563 = FACE_OUTER_BOUND ( 'NONE', #3230, .T. ) ;
#10564 = ORIENTED_EDGE ( 'NONE', *, *, #9211, .F. ) ;
#10565 = VECTOR ( 'NONE', #122, 39.37007874015748143 ) ;
#10566 = EDGE_CURVE ( 'NONE', #11973, #11122, #9313, .T. ) ;
#10567 = CARTESIAN_POINT ( 'NONE',  ( -12.75000000000000000, 26.00999999999999091, -0.9687499999999992228 ) ) ;
#10568 = ADVANCED_FACE ( 'NONE', ( #4264 ), #3137, .F. ) ;
#10569 = CARTESIAN_POINT ( 'NONE',  ( 3.219999999999996643, 22.51999999999998181, 0.000000000000000000 ) ) ;
#10570 = ORIENTED_EDGE ( 'NONE', *, *, #11906, .T. ) ;
#10571 = DIRECTION ( 'NONE',  ( -1.000000000000000000, 0.000000000000000000, 0.000000000000000000 ) ) ;
#10572 = CIRCLE ( 'NONE', #5134, 0.1562499999999979461 ) ;
#10573 = AXIS2_PLACEMENT_3D ( 'NONE', #442, #564, #2454 ) ;
#10574 = ORIENTED_EDGE ( 'NONE', *, *, #524, .F. ) ;
#10575 = CARTESIAN_POINT ( 'NONE',  ( 11.99999999999999822, 14.23000000000000220, -0.7499999999999983347 ) ) ;
#10576 = DIRECTION ( 'NONE',  ( 1.000000000000000000, 0.000000000000000000, 0.000000000000000000 ) ) ;
#10577 = DIRECTION ( 'NONE',  ( 1.000000000000000000, 0.000000000000000000, 0.000000000000000000 ) ) ;
#10578 = VECTOR ( 'NONE', #12139, 39.37007874015748143 ) ;
#10579 = DIRECTION ( 'NONE',  ( 0.000000000000000000, 0.000000000000000000, -1.000000000000000000 ) ) ;
#10580 = AXIS2_PLACEMENT_3D ( 'NONE', #1497, #7229, #7101 ) ;
#10581 = DIRECTION ( 'NONE',  ( 0.000000000000000000, -1.000000000000000000, -7.850137912828339862E-17 ) ) ;
#10582 = EDGE_CURVE ( 'NONE', #8186, #10419, #6107, .T. ) ;
#10583 = CARTESIAN_POINT ( 'NONE',  ( 0.000000000000000000, 59.18999999999999773, 0.000000000000000000 ) ) ;
#10584 = EDGE_LOOP ( 'NONE', ( #12248, #2578 ) ) ;
#10585 = CARTESIAN_POINT ( 'NONE',  ( -11.00000000000000000, 33.50999999999999091, -1.124999999999997113 ) ) ;
#10586 = CARTESIAN_POINT ( 'NONE',  ( -10.51999999999999957, 52.18999999999999773, -1.499999999999993561 ) ) ;
#10587 = CARTESIAN_POINT ( 'NONE',  ( 12.75000000000000000, 57.50999999999999091, -0.9687499999999992228 ) ) ;
#10588 = AXIS2_PLACEMENT_3D ( 'NONE', #3487, #11187, #855 ) ;
#10589 = ORIENTED_EDGE ( 'NONE', *, *, #5847, .F. ) ;
#10590 = DIRECTION ( 'NONE',  ( 1.000000000000000000, 0.000000000000000000, 0.000000000000000000 ) ) ;
#10591 = EDGE_CURVE ( 'NONE', #2362, #9487, #9929, .T. ) ;
#10592 = DIRECTION ( 'NONE',  ( 0.000000000000000000, 0.000000000000000000, 1.000000000000000000 ) ) ;
#10593 = CARTESIAN_POINT ( 'NONE',  ( -11.99999999999999822, 59.18999999999999773, -1.500000000000000222 ) ) ;
#10594 = CARTESIAN_POINT ( 'NONE',  ( 12.75000000000000000, 39.50999999999999801, -1.124999999999997113 ) ) ;
#10595 = ORIENTED_EDGE ( 'NONE', *, *, #2725, .F. ) ;
#10596 = DIRECTION ( 'NONE',  ( -1.000000000000000000, 0.000000000000000000, 0.000000000000000000 ) ) ;
#10597 = CARTESIAN_POINT ( 'NONE',  ( 11.43185000000000251, 49.19999999999999574, -1.500000000000000222 ) ) ;
#10598 = EDGE_CURVE ( 'NONE', #1908, #936, #7040, .T. ) ;
#10599 = DIRECTION ( 'NONE',  ( 0.000000000000000000, 0.000000000000000000, -1.000000000000000000 ) ) ;
#10600 = ORIENTED_EDGE ( 'NONE', *, *, #1420, .F. ) ;
#10601 = VECTOR ( 'NONE', #3009, 39.37007874015748143 ) ;
#10602 = ORIENTED_EDGE ( 'NONE', *, *, #7746, .T. ) ;
#10603 = VERTEX_POINT ( 'NONE', #2134 ) ;
#10604 = CARTESIAN_POINT ( 'NONE',  ( 11.99999999999999822, 10.75000000000000178, -1.499999999999998668 ) ) ;
#10605 = ORIENTED_EDGE ( 'NONE', *, *, #7522, .T. ) ;
#10606 = ORIENTED_EDGE ( 'NONE', *, *, #1630, .T. ) ;
#10607 = CARTESIAN_POINT ( 'NONE',  ( 11.99999999999999822, 48.71000000000000085, -1.499999999999993783 ) ) ;
#10608 = CIRCLE ( 'NONE', #9615, 0.1562499999999960587 ) ;
#10609 = EDGE_CURVE ( 'NONE', #11671, #7812, #3271, .T. ) ;
#10610 = EDGE_CURVE ( 'NONE', #2306, #11034, #10950, .T. ) ;
#10611 = CARTESIAN_POINT ( 'NONE',  ( -10.51999999999999957, 59.18999999999999773, -1.500000000000000222 ) ) ;
#10612 = ORIENTED_EDGE ( 'NONE', *, *, #4516, .F. ) ;
#10613 = CARTESIAN_POINT ( 'NONE',  ( 12.75000000000000000, 33.50999999999999091, -1.124999999999997113 ) ) ;
#10614 = LINE ( 'NONE', #6408, #11561 ) ;
#10615 = EDGE_CURVE ( 'NONE', #8122, #4511, #6041, .T. ) ;
#10616 = CARTESIAN_POINT ( 'NONE',  ( -11.09150587875388716, 51.66620420580657225, -1.110973911127479230 ) ) ;
#10617 = EDGE_LOOP ( 'NONE', ( #2542, #4746, #11558, #9613 ) ) ;
#10618 = DIRECTION ( 'NONE',  ( 1.000000000000000000, -0.000000000000000000, -0.000000000000000000 ) ) ;
#10619 = AXIS2_PLACEMENT_3D ( 'NONE', #7610, #4767, #9695 ) ;
#10620 = EDGE_LOOP ( 'NONE', ( #6409, #4076, #1678, #5392 ) ) ;
#10621 = ADVANCED_FACE ( 'NONE', ( #6169 ), #10824, .F. ) ;
#10622 = ORIENTED_EDGE ( 'NONE', *, *, #12026, .F. ) ;
#10623 = DIRECTION ( 'NONE',  ( 0.000000000000000000, 0.000000000000000000, 1.000000000000000000 ) ) ;
#10624 = CARTESIAN_POINT ( 'NONE',  ( 1.739999999999997327, 22.51999999999998181, -0.7500000000000001110 ) ) ;
#10625 = ORIENTED_EDGE ( 'NONE', *, *, #3238, .F. ) ;
#10626 = CARTESIAN_POINT ( 'NONE',  ( -11.99999999999999822, 21.22999999999999687, -2.249999999999997780 ) ) ;
#10627 = EDGE_LOOP ( 'NONE', ( #846, #4535, #7304, #10602 ) ) ;
#10628 = DIRECTION ( 'NONE',  ( 0.000000000000000000, 0.000000000000000000, -1.000000000000000000 ) ) ;
#10629 = DIRECTION ( 'NONE',  ( -0.000000000000000000, -1.000000000000000000, -0.000000000000000000 ) ) ;
#10630 = LINE ( 'NONE', #1998, #6502 ) ;
#10631 = CLOSED_SHELL ( 'NONE', ( #8867, #8854, #6219, #7253, #7552, #747 ) ) ;
#10632 = FACE_OUTER_BOUND ( 'NONE', #3189, .T. ) ;
#10633 = VERTEX_POINT ( 'NONE', #426 ) ;
#10634 = ADVANCED_FACE ( 'NONE', ( #4073 ), #9889, .F. ) ;
#10635 = CARTESIAN_POINT ( 'NONE',  ( -22.06250000000002132, 52.18999999999999773, -0.7499999999999936717 ) ) ;
#10636 = DIRECTION ( 'NONE',  ( 0.000000000000000000, 0.000000000000000000, -1.000000000000000000 ) ) ;
#10637 = CIRCLE ( 'NONE', #3620, 0.1015624999999996114 ) ;
#10638 = CARTESIAN_POINT ( 'NONE',  ( -12.75000000000000000, 48.50999999999999091, -1.281249999999994893 ) ) ;
#10639 = VECTOR ( 'NONE', #5415, 39.37007874015748143 ) ;
#10640 = CARTESIAN_POINT ( 'NONE',  ( 11.99999999999999822, 52.18999999999999773, -1.499999999999993561 ) ) ;
#10641 = CARTESIAN_POINT ( 'NONE',  ( 11.26000000000000156, 49.19999999999999574, 0.000000000000000000 ) ) ;
#10642 = CYLINDRICAL_SURFACE ( 'NONE', #9184, 0.1718500000000005301 ) ;
#10643 = EDGE_LOOP ( 'NONE', ( #11869, #1518 ) ) ;
#10644 = LINE ( 'NONE', #1007, #4474 ) ;
#10645 = FACE_OUTER_BOUND ( 'NONE', #1544, .T. ) ;
#10646 = CARTESIAN_POINT ( 'NONE',  ( 12.75000000000000000, 27.50999999999998735, -0.9687499999999994449 ) ) ;
#10647 = AXIS2_PLACEMENT_3D ( 'NONE', #5454, #6330, #10182 ) ;
#10648 = AXIS2_PLACEMENT_3D ( 'NONE', #7600, #8540, #4875 ) ;
#10649 = EDGE_CURVE ( 'NONE', #8692, #3458, #11927, .T. ) ;
#10650 = EDGE_LOOP ( 'NONE', ( #8204, #4031, #7527, #8454 ) ) ;
#10651 = EDGE_CURVE ( 'NONE', #1522, #6938, #298, .T. ) ;
#10652 = LINE ( 'NONE', #3961, #2800 ) ;
#10653 = FACE_OUTER_BOUND ( 'NONE', #3513, .T. ) ;
#10654 = CARTESIAN_POINT ( 'NONE',  ( 12.75000000000000355, 25.01999999999998181, -2.250000000000003109 ) ) ;
#10655 = LINE ( 'NONE', #8763, #4682 ) ;
#10656 = SURFACE_STYLE_USAGE ( .BOTH. , #4851 ) ;
#10657 = DIRECTION ( 'NONE',  ( 0.000000000000000000, 0.000000000000000000, -1.000000000000000000 ) ) ;
#10658 = AXIS2_PLACEMENT_3D ( 'NONE', #6564, #4603, #6623 ) ;
#10659 = DIRECTION ( 'NONE',  ( 1.000000000000000000, -0.000000000000000000, -0.000000000000000000 ) ) ;
#10660 = ORIENTED_EDGE ( 'NONE', *, *, #9225, .F. ) ;
#10661 = VECTOR ( 'NONE', #7533, 39.37007874015748143 ) ;
#10662 = VERTEX_POINT ( 'NONE', #3070 ) ;
#10663 = ORIENTED_EDGE ( 'NONE', *, *, #2978, .F. ) ;
#10664 = DIRECTION ( 'NONE',  ( -1.000000000000000000, 0.000000000000000000, 0.000000000000000000 ) ) ;
#10665 = ORIENTED_EDGE ( 'NONE', *, *, #1247, .T. ) ;
#10666 = VERTEX_POINT ( 'NONE', #8871 ) ;
#10667 = AXIS2_PLACEMENT_3D ( 'NONE', #2755, #10453, #3828 ) ;
#10668 = EDGE_CURVE ( 'NONE', #261, #4102, #5895, .T. ) ;
#10669 = DIRECTION ( 'NONE',  ( 0.000000000000000000, 0.000000000000000000, 1.000000000000000000 ) ) ;
#10670 = DIRECTION ( 'NONE',  ( 1.000000000000000000, -0.000000000000000000, -0.000000000000000000 ) ) ;
#10671 = ORIENTED_EDGE ( 'NONE', *, *, #4225, .T. ) ;
#10672 = LINE ( 'NONE', #8655, #6482 ) ;
#10673 = DIRECTION ( 'NONE',  ( -1.000000000000000000, 0.000000000000000000, 0.000000000000000000 ) ) ;
#10674 = CARTESIAN_POINT ( 'NONE',  ( -11.14518477892729464, 51.57197035237013694, -0.9814957017509416959 ) ) ;
#10675 = ORIENTED_EDGE ( 'NONE', *, *, #5897, .T. ) ;
#10676 = CARTESIAN_POINT ( 'NONE',  ( -11.00000000000000000, 29.00999999999999091, -0.9687499999999992228 ) ) ;
#10677 = VECTOR ( 'NONE', #10623, 39.37007874015748143 ) ;
#10678 = EDGE_CURVE ( 'NONE', #594, #5359, #659, .T. ) ;
#10679 = EDGE_CURVE ( 'NONE', #11194, #8953, #3466, .T. ) ;
#10680 = CARTESIAN_POINT ( 'NONE',  ( 11.99999999999999822, 3.749999999999999556, 0.000000000000000000 ) ) ;
#10681 = ORIENTED_EDGE ( 'NONE', *, *, #9978, .T. ) ;
#10682 = ADVANCED_FACE ( 'NONE', ( #9119 ), #7469, .F. ) ;
#10683 = VECTOR ( 'NONE', #9717, 39.37007874015748143 ) ;
#10684 = FACE_OUTER_BOUND ( 'NONE', #7275, .T. ) ;
#10685 = ORIENTED_EDGE ( 'NONE', *, *, #6242, .F. ) ;
#10686 = CARTESIAN_POINT ( 'NONE',  ( -12.75000000000000355, 25.01999999999998181, -2.250000000000000444 ) ) ;
#10687 = ORIENTED_EDGE ( 'NONE', *, *, #2398, .T. ) ;
#10688 = CARTESIAN_POINT ( 'NONE',  ( 12.75000000000000000, 39.50999999999999801, -1.124999999999997113 ) ) ;
#10689 =( LENGTH_UNIT ( ) NAMED_UNIT ( * ) SI_UNIT ( $, .METRE. ) );
#10690 = EDGE_CURVE ( 'NONE', #3283, #2568, #11370, .T. ) ;
#10691 = AXIS2_PLACEMENT_3D ( 'NONE', #4895, #2943, #6793 ) ;
#10692 = LINE ( 'NONE', #2998, #7429 ) ;
#10693 = CARTESIAN_POINT ( 'NONE',  ( 0.000000000000000000, 0.000000000000000000, 0.000000000000000000 ) ) ;
#10694 = ORIENTED_EDGE ( 'NONE', *, *, #8383, .F. ) ;
#10695 = FACE_BOUND ( 'NONE', #4368, .T. ) ;
#10696 = VECTOR ( 'NONE', #11872, 39.37007874015748143 ) ;
#10697 = DIRECTION ( 'NONE',  ( 0.000000000000000000, -1.000000000000000000, 0.000000000000000000 ) ) ;
#10698 = DIRECTION ( 'NONE',  ( 0.000000000000000000, -0.000000000000000000, 1.000000000000000000 ) ) ;
#10699 = VECTOR ( 'NONE', #7729, 39.37007874015748143 ) ;
#10700 = DIRECTION ( 'NONE',  ( 0.000000000000000000, 0.000000000000000000, -1.000000000000000000 ) ) ;
#10701 = CARTESIAN_POINT ( 'NONE',  ( -10.51999999999999957, 59.18999999999999773, -1.500000000000000222 ) ) ;
#10702 = DIRECTION ( 'NONE',  ( -0.000000000000000000, -0.000000000000000000, -1.000000000000000000 ) ) ;
#10703 = FACE_OUTER_BOUND ( 'NONE', #11541, .T. ) ;
#10704 = ORIENTED_EDGE ( 'NONE', *, *, #5945, .T. ) ;
#10705 = CARTESIAN_POINT ( 'NONE',  ( 11.00000000000000000, 56.00999999999999091, -1.124999999999997113 ) ) ;
#10706 = EDGE_CURVE ( 'NONE', #10477, #2167, #5581, .T. ) ;
#10707 = FACE_OUTER_BOUND ( 'NONE', #7375, .T. ) ;
#10708 = CIRCLE ( 'NONE', #6683, 0.1718500000000005301 ) ;
#10709 = LINE ( 'NONE', #10646, #10565 ) ;
#10710 = VECTOR ( 'NONE', #2223, 39.37007874015748143 ) ;
#10711 = ORIENTED_EDGE ( 'NONE', *, *, #7692, .T. ) ;
#10712 = CYLINDRICAL_SURFACE ( 'NONE', #9458, 0.1562499999999979461 ) ;
#10713 = CARTESIAN_POINT ( 'NONE',  ( -11.00000000000000000, 32.00999999999999091, -1.281249999999994893 ) ) ;
#10714 = LINE ( 'NONE', #11782, #7347 ) ;
#10715 = VECTOR ( 'NONE', #2392, 39.37007874015748143 ) ;
#10716 = CARTESIAN_POINT ( 'NONE',  ( 12.75000000000000000, 41.00999999999999801, -1.124999999999997113 ) ) ;
#10717 = DIRECTION ( 'NONE',  ( 1.000000000000000000, 0.000000000000000000, 0.000000000000000000 ) ) ;
#10718 = CIRCLE ( 'NONE', #652, 0.1562499999999979461 ) ;
#10719 = DIRECTION ( 'NONE',  ( 0.000000000000000000, 1.177520686924250979E-16, -1.000000000000000000 ) ) ;
#10720 = VERTEX_POINT ( 'NONE', #12311 ) ;
#10721 = EDGE_CURVE ( 'NONE', #10419, #8824, #4753, .T. ) ;
#10722 = ORIENTED_EDGE ( 'NONE', *, *, #11443, .T. ) ;
#10723 = EDGE_CURVE ( 'NONE', #273, #8631, #12017, .T. ) ;
#10724 = EDGE_LOOP ( 'NONE', ( #12441, #9338, #5634, #3296 ) ) ;
#10725 = UNCERTAINTY_MEASURE_WITH_UNIT (LENGTH_MEASURE( 1.000000000000000082E-05 ), #4497, 'distance_accuracy_value', 'NONE');
#10726 = CARTESIAN_POINT ( 'NONE',  ( 10.51999999999999957, 59.18999999999999773, 0.000000000000000000 ) ) ;
#10727 = VERTEX_POINT ( 'NONE', #4689 ) ;
#10728 = VECTOR ( 'NONE', #9557, 39.37007874015748143 ) ;
#10729 =( GEOMETRIC_REPRESENTATION_CONTEXT ( 3 ) GLOBAL_UNCERTAINTY_ASSIGNED_CONTEXT ( ( #6700 ) ) GLOBAL_UNIT_ASSIGNED_CONTEXT ( ( #7235, #4268, #2382 ) ) REPRESENTATION_CONTEXT ( 'NONE', 'WORKASPACE' ) );
#10730 = ORIENTED_EDGE ( 'NONE', *, *, #6370, .T. ) ;
#10731 = LINE ( 'NONE', #388, #3989 ) ;
#10732 = DIRECTION ( 'NONE',  ( -0.000000000000000000, -1.177520686924250979E-16, 1.000000000000000000 ) ) ;
#10733 = ORIENTED_EDGE ( 'NONE', *, *, #9582, .F. ) ;
#10734 = DIRECTION ( 'NONE',  ( 1.000000000000000000, -0.000000000000000000, -0.000000000000000000 ) ) ;
#10735 = DIRECTION ( 'NONE',  ( -0.000000000000000000, -0.000000000000000000, 1.000000000000000000 ) ) ;
#10736 = CARTESIAN_POINT ( 'NONE',  ( -11.42512341413285171, 51.65231998063433139, -1.060166750500346700 ) ) ;
#10737 = ORIENTED_EDGE ( 'NONE', *, *, #11261, .T. ) ;
#10738 = AXIS2_PLACEMENT_3D ( 'NONE', #5387, #4608, #3602 ) ;
#10739 = CARTESIAN_POINT ( 'NONE',  ( 11.99999999999999822, 59.18999999999999773, -0.7500000000000001110 ) ) ;
#10740 = EDGE_CURVE ( 'NONE', #1913, #9393, #6704, .T. ) ;
#10741 = CARTESIAN_POINT ( 'NONE',  ( -1.740000000000002656, 54.75000000000000000, -0.7500000000000001110 ) ) ;
#10742 = VERTEX_POINT ( 'NONE', #12371 ) ;
#10743 = CARTESIAN_POINT ( 'NONE',  ( -11.00000000000000000, 39.50999999999999801, -1.124999999999997113 ) ) ;
#10744 = VECTOR ( 'NONE', #7119, 39.37007874015748143 ) ;
#10745 = LINE ( 'NONE', #8916, #11085 ) ;
#10746 = EDGE_CURVE ( 'NONE', #10329, #8186, #8404, .T. ) ;
#10747 = PLANE ( 'NONE',  #3046 ) ;
#10748 = EDGE_CURVE ( 'NONE', #8458, #6976, #12247, .T. ) ;
#10749 = ORIENTED_EDGE ( 'NONE', *, *, #792, .F. ) ;
#10750 = DIRECTION ( 'NONE',  ( 1.000000000000000000, 0.000000000000000000, 0.000000000000000000 ) ) ;
#10751 = EDGE_LOOP ( 'NONE', ( #12446, #2659, #10862, #1153 ) ) ;
#10752 = DIRECTION ( 'NONE',  ( 1.000000000000000000, -0.000000000000000000, -0.000000000000000000 ) ) ;
#10753 = EDGE_CURVE ( 'NONE', #9432, #2144, #9353, .T. ) ;
#10754 = AXIS2_PLACEMENT_3D ( 'NONE', #9547, #844, #713 ) ;
#10755 = CARTESIAN_POINT ( 'NONE',  ( 11.99999999999999822, 32.00999999999999091, -0.9687499999999992228 ) ) ;
#10756 = VERTEX_POINT ( 'NONE', #9421 ) ;
#10757 = AXIS2_PLACEMENT_3D ( 'NONE', #7901, #4170, #9923 ) ;
#10758 = COLOUR_RGB ( '',1.000000000000000000, 1.000000000000000000, 1.000000000000000000 ) ;
#10759 = LINE ( 'NONE', #5017, #2013 ) ;
#10760 = AXIS2_PLACEMENT_3D ( 'NONE', #11894, #4207, #6049 ) ;
#10761 = EDGE_CURVE ( 'NONE', #8302, #2675, #4620, .T. ) ;
#10762 = DIRECTION ( 'NONE',  ( -0.000000000000000000, -1.000000000000000000, -0.000000000000000000 ) ) ;
#10763 = DIRECTION ( 'NONE',  ( -1.000000000000000000, 0.000000000000000000, 0.000000000000000000 ) ) ;
#10764 = DIRECTION ( 'NONE',  ( -0.000000000000000000, 7.850137912828339862E-17, -1.000000000000000000 ) ) ;
#10765 = DIRECTION ( 'NONE',  ( -0.000000000000000000, 1.000000000000000000, 0.000000000000000000 ) ) ;
#10766 = CARTESIAN_POINT ( 'NONE',  ( 11.99999999999999822, 3.749999999999999556, -2.249999999999999556 ) ) ;
#10767 = ORIENTED_EDGE ( 'NONE', *, *, #10992, .T. ) ;
#10768 = AXIS2_PLACEMENT_3D ( 'NONE', #9199, #1390, #5236 ) ;
#10769 = LINE ( 'NONE', #10829, #11916 ) ;
#10770 = DIRECTION ( 'NONE',  ( -1.000000000000000000, 0.000000000000000000, 0.000000000000000000 ) ) ;
#10771 = DIRECTION ( 'NONE',  ( 0.000000000000000000, 0.000000000000000000, -1.000000000000000000 ) ) ;
#10772 = ORIENTED_EDGE ( 'NONE', *, *, #1945, .F. ) ;
#10773 = CARTESIAN_POINT ( 'NONE',  ( -12.75000000000000000, 27.50999999999998735, -1.281249999999994893 ) ) ;
#10774 = CIRCLE ( 'NONE', #1725, 0.1562499999999990563 ) ;
#10775 = AXIS2_PLACEMENT_3D ( 'NONE', #12275, #12213, #10457 ) ;
#10776 = EDGE_CURVE ( 'NONE', #9405, #2474, #6294, .T. ) ;
#10777 = DIRECTION ( 'NONE',  ( 0.000000000000000000, -0.000000000000000000, 1.000000000000000000 ) ) ;
#10778 = CARTESIAN_POINT ( 'NONE',  ( 10.51999999999999957, 24.70999999999999730, -1.500000000000000222 ) ) ;
#10779 = CARTESIAN_POINT ( 'NONE',  ( -0.1015624999999994726, 23.76999999999998536, 8.589666975669972615 ) ) ;
#10780 = CARTESIAN_POINT ( 'NONE',  ( 11.00000000000000000, 50.00999999999999091, -1.124999999999997113 ) ) ;
#10781 = CARTESIAN_POINT ( 'NONE',  ( 10.51999999999999247, 4.500000000000000888, -8.339222019273449860 ) ) ;
#10782 = ORIENTED_EDGE ( 'NONE', *, *, #3000, .F. ) ;
#10783 = EDGE_LOOP ( 'NONE', ( #3415, #5879, #12107, #1710 ) ) ;
#10784 = AXIS2_PLACEMENT_3D ( 'NONE', #4563, #7339, #1738 ) ;
#10785 = VERTEX_POINT ( 'NONE', #3679 ) ;
#10786 = DIRECTION ( 'NONE',  ( -1.000000000000000000, 0.000000000000000000, 0.000000000000000000 ) ) ;
#10787 = ORIENTED_EDGE ( 'NONE', *, *, #3980, .F. ) ;
#10788 = ORIENTED_EDGE ( 'NONE', *, *, #3359, .F. ) ;
#10789 = CARTESIAN_POINT ( 'NONE',  ( -11.99999999999999822, 24.70999999999999730, -0.7499999999999972244 ) ) ;
#10790 = EDGE_CURVE ( 'NONE', #89, #1507, #2377, .T. ) ;
#10791 = LINE ( 'NONE', #7005, #4371 ) ;
#10792 = VECTOR ( 'NONE', #8843, 39.37007874015748143 ) ;
#10793 = DIRECTION ( 'NONE',  ( -1.000000000000000000, 0.000000000000000000, -0.000000000000000000 ) ) ;
#10794 = ORIENTED_EDGE ( 'NONE', *, *, #11798, .T. ) ;
#10795 = CARTESIAN_POINT ( 'NONE',  ( 12.75000000000000000, 54.50999999999998380, -1.124999999999997113 ) ) ;
#10796 = LINE ( 'NONE', #11800, #9148 ) ;
#10797 = DIRECTION ( 'NONE',  ( -0.000000000000000000, 1.000000000000000000, 7.850137912828339862E-17 ) ) ;
#10798 = ORIENTED_EDGE ( 'NONE', *, *, #5750, .F. ) ;
#10799 = CARTESIAN_POINT ( 'NONE',  ( 11.00000000000000000, 44.00999999999999801, -1.124999999999997113 ) ) ;
#10800 = VERTEX_POINT ( 'NONE', #5521 ) ;
#10801 = FILL_AREA_STYLE ('',( #1168 ) ) ;
#10802 = CIRCLE ( 'NONE', #4361, 0.1562499999999957812 ) ;
#10803 = ORIENTED_EDGE ( 'NONE', *, *, #7348, .F. ) ;
#10804 = CARTESIAN_POINT ( 'NONE',  ( 11.08815000000000062, 51.69999999999999574, -1.500000000000000222 ) ) ;
#10805 = EDGE_CURVE ( 'NONE', #7125, #11230, #3319, .T. ) ;
#10806 = EDGE_CURVE ( 'NONE', #5054, #12421, #916, .T. ) ;
#10807 = DIRECTION ( 'NONE',  ( 0.000000000000000000, 0.000000000000000000, 1.000000000000000000 ) ) ;
#10808 = FILL_AREA_STYLE_COLOUR ( '', #4251 ) ;
#10809 = ORIENTED_EDGE ( 'NONE', *, *, #9721, .F. ) ;
#10810 = FACE_OUTER_BOUND ( 'NONE', #5781, .T. ) ;
#10811 = ORIENTED_EDGE ( 'NONE', *, *, #6755, .T. ) ;
#10812 = AXIS2_PLACEMENT_3D ( 'NONE', #6319, #8448, #12288 ) ;
#10813 = CARTESIAN_POINT ( 'NONE',  ( -11.00000000000000000, 57.50999999999999091, -1.124999999999997113 ) ) ;
#10814 = SURFACE_STYLE_FILL_AREA ( #8102 ) ;
#10815 = CARTESIAN_POINT ( 'NONE',  ( 11.26000000000000156, 24.21999999999999531, -2.250000000000000444 ) ) ;
#10816 = ORIENTED_EDGE ( 'NONE', *, *, #10465, .F. ) ;
#10817 = AXIS2_PLACEMENT_3D ( 'NONE', #8351, #8480, #6657 ) ;
#10818 = EDGE_CURVE ( 'NONE', #11694, #5834, #1797, .T. ) ;
#10819 = DIRECTION ( 'NONE',  ( -0.000000000000000000, -0.000000000000000000, 1.000000000000000000 ) ) ;
#10820 = CARTESIAN_POINT ( 'NONE',  ( -11.00000000000000000, 32.00999999999999091, -0.9687499999999992228 ) ) ;
#10821 = ORIENTED_EDGE ( 'NONE', *, *, #11489, .F. ) ;
#10822 = LINE ( 'NONE', #3135, #12091 ) ;
#10823 = CARTESIAN_POINT ( 'NONE',  ( 0.3749999999999975020, 21.22999999999999332, 0.000000000000000000 ) ) ;
#10824 = PLANE ( 'NONE',  #252 ) ;
#10825 = CARTESIAN_POINT ( 'NONE',  ( -11.99999999999999822, 33.50999999999999091, -0.9687499999999992228 ) ) ;
#10826 = DIRECTION ( 'NONE',  ( 1.000000000000000000, 0.000000000000000000, 0.000000000000000000 ) ) ;
#10827 = ORIENTED_EDGE ( 'NONE', *, *, #10668, .T. ) ;
#10828 = AXIS2_PLACEMENT_3D ( 'NONE', #9266, #759, #4597 ) ;
#10829 = CARTESIAN_POINT ( 'NONE',  ( 11.08815000000000062, 51.69999999999999574, 0.000000000000000000 ) ) ;
#10830 = ADVANCED_FACE ( 'NONE', ( #7167 ), #8595, .F. ) ;
#10831 = CARTESIAN_POINT ( 'NONE',  ( 10.51999999999999957, 59.18999999999999773, -1.500000000000000222 ) ) ;
#10832 = EDGE_CURVE ( 'NONE', #901, #11606, #5828, .T. ) ;
#10833 = CARTESIAN_POINT ( 'NONE',  ( 11.42850329373635709, 51.66624999999999801, -1.111502585954583067 ) ) ;
#10834 = ORIENTED_EDGE ( 'NONE', *, *, #8599, .T. ) ;
#10835 = EDGE_CURVE ( 'NONE', #11978, #10132, #7108, .T. ) ;
#10836 = DIRECTION ( 'NONE',  ( 0.000000000000000000, -0.000000000000000000, 1.000000000000000000 ) ) ;
#10837 = AXIS2_PLACEMENT_3D ( 'NONE', #11020, #5287, #2384 ) ;
#10838 = CARTESIAN_POINT ( 'NONE',  ( 10.51999999999999957, 21.22999999999999687, -1.499999999999997113 ) ) ;
#10839 = LINE ( 'NONE', #3084, #2517 ) ;
#10840 = CARTESIAN_POINT ( 'NONE',  ( 10.51999999999999247, 3.750000000000003553, 8.589666975669972615 ) ) ;
#10841 = CARTESIAN_POINT ( 'NONE',  ( 10.51999999999999957, 4.500000000000000000, 0.000000000000000000 ) ) ;
#10842 = LINE ( 'NONE', #6058, #7326 ) ;
#10843 = EDGE_LOOP ( 'NONE', ( #8296, #2603, #5880, #2864 ) ) ;
#10844 = VERTEX_POINT ( 'NONE', #9863 ) ;
#10845 = VECTOR ( 'NONE', #4554, 39.37007874015748143 ) ;
#10846 = ORIENTED_EDGE ( 'NONE', *, *, #4291, .F. ) ;
#10847 = UNCERTAINTY_MEASURE_WITH_UNIT (LENGTH_MEASURE( 1.000000000000000082E-05 ), #5257, 'distance_accuracy_value', 'NONE');
#10848 = EDGE_CURVE ( 'NONE', #1472, #2339, #4870, .T. ) ;
#10849 = DIRECTION ( 'NONE',  ( 1.000000000000000000, -0.000000000000000000, -0.000000000000000000 ) ) ;
#10850 = ORIENTED_EDGE ( 'NONE', *, *, #4491, .F. ) ;
#10851 = DIRECTION ( 'NONE',  ( 1.000000000000000000, 0.000000000000000000, 0.000000000000000000 ) ) ;
#10852 = DIRECTION ( 'NONE',  ( -0.000000000000000000, -0.000000000000000000, 1.000000000000000000 ) ) ;
#10853 = AXIS2_PLACEMENT_3D ( 'NONE', #6116, #1326, #5100 ) ;
#10854 = PRESENTATION_LAYER_ASSIGNMENT (  '', '', ( #12454 ) ) ;
#10855 = LINE ( 'NONE', #7132, #2058 ) ;
#10856 = ORIENTED_EDGE ( 'NONE', *, *, #6655, .T. ) ;
#10857 = CARTESIAN_POINT ( 'NONE',  ( -12.75000000000000355, 28.49999999999998579, -2.250000000000000444 ) ) ;
#10858 = CARTESIAN_POINT ( 'NONE',  ( -12.00000000000000355, 9.940840045854137941, -6.358918193179024847 ) ) ;
#10859 = CARTESIAN_POINT ( 'NONE',  ( 11.26000000000000156, 24.21999999999999531, -0.7499999999999972244 ) ) ;
#10860 = ORIENTED_EDGE ( 'NONE', *, *, #10591, .F. ) ;
#10861 = LINE ( 'NONE', #6142, #8177 ) ;
#10862 = ORIENTED_EDGE ( 'NONE', *, *, #6480, .F. ) ;
#10863 = EDGE_CURVE ( 'NONE', #8464, #3870, #6652, .T. ) ;
#10864 = VECTOR ( 'NONE', #2693, 39.37007874015748143 ) ;
#10865 = CIRCLE ( 'NONE', #11271, 0.1562499999999979461 ) ;
#10866 = DIRECTION ( 'NONE',  ( 0.000000000000000000, 0.000000000000000000, -1.000000000000000000 ) ) ;
#10867 = VERTEX_POINT ( 'NONE', #1038 ) ;
#10868 = CARTESIAN_POINT ( 'NONE',  ( -11.00000000000000000, 51.50999999999999091, -0.9687499999999992228 ) ) ;
#10869 = DIRECTION ( 'NONE',  ( 1.000000000000000000, -0.000000000000000000, -0.000000000000000000 ) ) ;
#10870 = PRESENTATION_STYLE_ASSIGNMENT (( #3420 ) ) ;
#10871 = VERTEX_POINT ( 'NONE', #1349 ) ;
#10872 = DIRECTION ( 'NONE',  ( 0.000000000000000000, 0.000000000000000000, -1.000000000000000000 ) ) ;
#10873 = CIRCLE ( 'NONE', #5849, 0.1562499999999990563 ) ;
#10874 = ORIENTED_EDGE ( 'NONE', *, *, #5991, .F. ) ;
#10875 = CARTESIAN_POINT ( 'NONE',  ( -11.09565874913699446, 51.64964376820896064, -1.195405394779768482 ) ) ;
#10876 = DIRECTION ( 'NONE',  ( 0.000000000000000000, -0.000000000000000000, 1.000000000000000000 ) ) ;
#10877 = SURFACE_SIDE_STYLE ('',( #8103 ) ) ;
#10878 = EDGE_CURVE ( 'NONE', #9734, #3906, #12337, .T. ) ;
#10879 = ADVANCED_FACE ( 'NONE', ( #3354 ), #3233, .F. ) ;
#10880 = DIRECTION ( 'NONE',  ( -0.000000000000000000, -1.000000000000000000, -0.000000000000000000 ) ) ;
#10881 = AXIS2_PLACEMENT_3D ( 'NONE', #7180, #4528, #8245 ) ;
#10882 = ORIENTED_EDGE ( 'NONE', *, *, #11954, .T. ) ;
#10883 = CARTESIAN_POINT ( 'NONE',  ( 11.26000000000000156, 49.19999999999999574, 0.000000000000000000 ) ) ;
#10884 = ORIENTED_EDGE ( 'NONE', *, *, #5058, .T. ) ;
#10885 = CARTESIAN_POINT ( 'NONE',  ( -12.00000000000000355, 3.000000000000000444, -9.410333024330023832 ) ) ;
#10886 = FACE_OUTER_BOUND ( 'NONE', #446, .T. ) ;
#10887 = DIRECTION ( 'NONE',  ( 1.000000000000000000, -0.000000000000000000, -0.000000000000000000 ) ) ;
#10888 = FACE_OUTER_BOUND ( 'NONE', #3492, .T. ) ;
#10889 = FACE_OUTER_BOUND ( 'NONE', #1911, .T. ) ;
#10890 = CIRCLE ( 'NONE', #428, 0.1562499999999979461 ) ;
#10891 = CARTESIAN_POINT ( 'NONE',  ( -12.00000000000000178, 3.750000000000000000, -9.410333024330023832 ) ) ;
#10892 = EDGE_LOOP ( 'NONE', ( #3401, #6334, #7177, #12341 ) ) ;
#10893 = CARTESIAN_POINT ( 'NONE',  ( 12.75000000000000000, 29.00999999999999091, -1.124999999999997113 ) ) ;
#10894 = EDGE_CURVE ( 'NONE', #5071, #1308, #1287, .T. ) ;
#10895 = CARTESIAN_POINT ( 'NONE',  ( 11.26000000000000156, 11.24000000000000199, -2.250000000000000444 ) ) ;
#10896 = CARTESIAN_POINT ( 'NONE',  ( 11.36057006396904789, 51.56004655140658599, -0.9767077141718103483 ) ) ;
#10897 = PRESENTATION_LAYER_ASSIGNMENT (  '', '', ( #3850 ) ) ;
#10898 = EDGE_LOOP ( 'NONE', ( #9029, #487, #718, #10290 ) ) ;
#10899 = AXIS2_PLACEMENT_3D ( 'NONE', #411, #6154, #6273 ) ;
#10900 = FACE_OUTER_BOUND ( 'NONE', #2435, .T. ) ;
#10901 = DIRECTION ( 'NONE',  ( -0.000000000000000000, -0.000000000000000000, 1.000000000000000000 ) ) ;
#10902 = FACE_BOUND ( 'NONE', #4177, .T. ) ;
#10903 = CARTESIAN_POINT ( 'NONE',  ( 11.99999999999999822, 0.000000000000000000, 0.000000000000000000 ) ) ;
#10904 = EDGE_CURVE ( 'NONE', #3345, #7201, #2676, .T. ) ;
#10905 = DIRECTION ( 'NONE',  ( -0.000000000000000000, -1.000000000000000000, -0.000000000000000000 ) ) ;
#10906 = DIRECTION ( 'NONE',  ( 0.000000000000000000, 0.000000000000000000, -1.000000000000000000 ) ) ;
#10907 = VERTEX_POINT ( 'NONE', #7075 ) ;
#10908 = CIRCLE ( 'NONE', #2650, 0.1562499999999978073 ) ;
#10909 = EDGE_LOOP ( 'NONE', ( #653, #7631 ) ) ;
#10910 = VERTEX_POINT ( 'NONE', #9925 ) ;
#10911 = LINE ( 'NONE', #9144, #5923 ) ;
#10912 = ORIENTED_EDGE ( 'NONE', *, *, #12043, .T. ) ;
#10913 = DIRECTION ( 'NONE',  ( 0.000000000000000000, 0.000000000000000000, 1.000000000000000000 ) ) ;
#10914 = AXIS2_PLACEMENT_3D ( 'NONE', #565, #1637, #6487 ) ;
#10915 = CARTESIAN_POINT ( 'NONE',  ( 11.23294559527652403, 51.52976048775424545, -1.280027984801866303 ) ) ;
#10916 = CIRCLE ( 'NONE', #11516, 0.1718500000000005301 ) ;
#10917 = SURFACE_STYLE_FILL_AREA ( #8142 ) ;
#10918 = DIRECTION ( 'NONE',  ( 0.000000000000000000, 0.000000000000000000, -1.000000000000000000 ) ) ;
#10919 = VERTEX_POINT ( 'NONE', #269 ) ;
#10920 = EDGE_CURVE ( 'NONE', #4437, #7377, #3882, .T. ) ;
#10921 = DIRECTION ( 'NONE',  ( 1.000000000000000000, -0.000000000000000000, -0.000000000000000000 ) ) ;
#10922 = DIRECTION ( 'NONE',  ( -0.8571673007021125557, 0.000000000000000000, 0.5150380749100539335 ) ) ;
#10923 = DIRECTION ( 'NONE',  ( 0.000000000000000000, 0.000000000000000000, 1.000000000000000000 ) ) ;
#10924 = ORIENTED_EDGE ( 'NONE', *, *, #6770, .F. ) ;
#10925 = CARTESIAN_POINT ( 'NONE',  ( 10.51999999999999957, 3.750000000000003553, -1.500000000000000222 ) ) ;
#10926 = VERTEX_POINT ( 'NONE', #5122 ) ;
#10927 = VECTOR ( 'NONE', #6677, 39.37007874015748143 ) ;
#10928 = CIRCLE ( 'NONE', #5900, 0.1718500000000005301 ) ;
#10929 = CARTESIAN_POINT ( 'NONE',  ( -11.43185000000000251, 21.71999999999999886, 0.000000000000000000 ) ) ;
#10930 = ORIENTED_EDGE ( 'NONE', *, *, #11585, .F. ) ;
#10931 = DIRECTION ( 'NONE',  ( 0.000000000000000000, -1.000000000000000000, -1.177520686924250979E-16 ) ) ;
#10932 = PLANE ( 'NONE',  #2424 ) ;
#10933 = VECTOR ( 'NONE', #9156, 39.37007874015748143 ) ;
#10934 = LINE ( 'NONE', #593, #840 ) ;
#10935 = VERTEX_POINT ( 'NONE', #3168 ) ;
#10936 = EDGE_CURVE ( 'NONE', #10267, #10727, #8528, .T. ) ;
#10937 = DIRECTION ( 'NONE',  ( 1.000000000000000000, -0.000000000000000000, -0.000000000000000000 ) ) ;
#10938 = VERTEX_POINT ( 'NONE', #5188 ) ;
#10939 = LINE ( 'NONE', #1485, #8370 ) ;
#10940 = CARTESIAN_POINT ( 'NONE',  ( -11.43185000000000251, 24.21999999999999531, -1.499999999999996891 ) ) ;
#10941 = EDGE_LOOP ( 'NONE', ( #5431, #2843, #3031, #4372 ) ) ;
#10942 = LINE ( 'NONE', #4387, #8650 ) ;
#10943 = SURFACE_STYLE_FILL_AREA ( #1429 ) ;
#10944 = ORIENTED_EDGE ( 'NONE', *, *, #305, .F. ) ;
#10945 = EDGE_CURVE ( 'NONE', #6155, #7886, #1481, .T. ) ;
#10946 = CARTESIAN_POINT ( 'NONE',  ( -11.00000000000000000, 54.50999999999998380, -1.124999999999997113 ) ) ;
#10947 = EDGE_CURVE ( 'NONE', #3048, #4980, #5317, .T. ) ;
#10948 = DIRECTION ( 'NONE',  ( 0.000000000000000000, 0.000000000000000000, 1.000000000000000000 ) ) ;
#10949 = VECTOR ( 'NONE', #5619, 39.37007874015748143 ) ;
#10950 = LINE ( 'NONE', #5916, #6099 ) ;
#10951 = CARTESIAN_POINT ( 'NONE',  ( 11.08815000000000062, 11.24000000000000199, -1.499999999999998668 ) ) ;
#10952 = DIRECTION ( 'NONE',  ( -0.000000000000000000, 1.000000000000000000, -0.000000000000000000 ) ) ;
#10953 = EDGE_LOOP ( 'NONE', ( #5242, #11788, #2028, #813 ) ) ;
#10954 = LINE ( 'NONE', #2260, #6094 ) ;
#10955 = CARTESIAN_POINT ( 'NONE',  ( -11.26000000000000156, 49.19999999999999574, 0.000000000000000000 ) ) ;
#10956 = CARTESIAN_POINT ( 'NONE',  ( 11.23345311689304538, 51.52969192994624592, -0.9699649954353221082 ) ) ;
#10957 = VECTOR ( 'NONE', #7568, 39.37007874015748143 ) ;
#10958 = ORIENTED_EDGE ( 'NONE', *, *, #8398, .F. ) ;
#10959 = DIRECTION ( 'NONE',  ( -1.000000000000000000, 0.000000000000000000, 0.000000000000000000 ) ) ;
#10960 = EDGE_CURVE ( 'NONE', #7687, #3490, #11338, .T. ) ;
#10961 = LINE ( 'NONE', #1076, #5856 ) ;
#10962 = EDGE_CURVE ( 'NONE', #9806, #8302, #2877, .T. ) ;
#10963 = FACE_OUTER_BOUND ( 'NONE', #10149, .T. ) ;
#10964 = AXIS2_PLACEMENT_3D ( 'NONE', #12035, #2332, #7247 ) ;
#10965 = DIRECTION ( 'NONE',  ( 1.000000000000000000, 0.000000000000000000, 0.000000000000000000 ) ) ;
#10966 = AXIS2_PLACEMENT_3D ( 'NONE', #5379, #10229, #9213 ) ;
#10967 = CARTESIAN_POINT ( 'NONE',  ( 11.99999999999999822, 59.18999999999999773, -1.500000000000000222 ) ) ;
#10968 = CARTESIAN_POINT ( 'NONE',  ( 10.51999999999999957, 59.18999999999999773, -2.249999999999999556 ) ) ;
#10969 = ORIENTED_EDGE ( 'NONE', *, *, #8285, .T. ) ;
#10970 = ORIENTED_EDGE ( 'NONE', *, *, #8897, .F. ) ;
#10971 = ORIENTED_EDGE ( 'NONE', *, *, #8146, .F. ) ;
#10972 = LINE ( 'NONE', #571, #7330 ) ;
#10973 = VECTOR ( 'NONE', #5221, 39.37007874015748143 ) ;
#10974 = EDGE_CURVE ( 'NONE', #7704, #2211, #9986, .T. ) ;
#10975 = AXIS2_PLACEMENT_3D ( 'NONE', #8434, #2696, #7371 ) ;
#10976 = ORIENTED_EDGE ( 'NONE', *, *, #10848, .T. ) ;
#10977 = LINE ( 'NONE', #3097, #3601 ) ;
#10978 = CARTESIAN_POINT ( 'NONE',  ( 11.28658887452793991, 51.52969669323865531, -1.280034605245477408 ) ) ;
#10979 = EDGE_CURVE ( 'NONE', #5345, #8458, #3292, .T. ) ;
#10980 =( LENGTH_UNIT ( ) NAMED_UNIT ( * ) SI_UNIT ( $, .METRE. ) );
#10981 = CARTESIAN_POINT ( 'NONE',  ( -11.99999999999999822, 59.18999999999999773, 0.000000000000000000 ) ) ;
#10982 = ORIENTED_EDGE ( 'NONE', *, *, #9650, .T. ) ;
#10983 = CARTESIAN_POINT ( 'NONE',  ( -11.43185000000000251, 24.21999999999999531, -0.7499999999999972244 ) ) ;
#10984 = FACE_OUTER_BOUND ( 'NONE', #2999, .T. ) ;
#10985 = LINE ( 'NONE', #2473, #472 ) ;
#10986 = VERTEX_POINT ( 'NONE', #8207 ) ;
#10987 = VECTOR ( 'NONE', #5785, 39.37007874015748143 ) ;
#10988 = AXIS2_PLACEMENT_3D ( 'NONE', #6168, #8049, #5151 ) ;
#10989 = CARTESIAN_POINT ( 'NONE',  ( 0.000000000000000000, 22.51999999999998181, 0.000000000000000000 ) ) ;
#10990 = ORIENTED_EDGE ( 'NONE', *, *, #5068, .T. ) ;
#10991 = CARTESIAN_POINT ( 'NONE',  ( -1.740000000000002656, 57.99999999999999289, -0.7500000000000001110 ) ) ;
#10992 = EDGE_CURVE ( 'NONE', #2496, #9957, #7263, .T. ) ;
#10993 = EDGE_CURVE ( 'NONE', #928, #3220, #7010, .T. ) ;
#10994 = ORIENTED_EDGE ( 'NONE', *, *, #11633, .T. ) ;
#10995 = DIRECTION ( 'NONE',  ( 0.000000000000000000, 0.000000000000000000, -1.000000000000000000 ) ) ;
#10996 = VECTOR ( 'NONE', #6471, 39.37007874015748143 ) ;
#10997 = EDGE_CURVE ( 'NONE', #5125, #4306, #7137, .T. ) ;
#10998 = DIRECTION ( 'NONE',  ( 0.000000000000000000, 0.000000000000000000, 1.000000000000000000 ) ) ;
#10999 = PLANE ( 'NONE',  #5872 ) ;
#11000 = VERTEX_POINT ( 'NONE', #11115 ) ;
#11001 = CARTESIAN_POINT ( 'NONE',  ( 11.26000000000000156, 24.21999999999999531, 0.000000000000000000 ) ) ;
#11002 = ORIENTED_EDGE ( 'NONE', *, *, #7622, .F. ) ;
#11003 = LINE ( 'NONE', #6214, #12387 ) ;
#11004 = CARTESIAN_POINT ( 'NONE',  ( -11.00000000000000000, 42.50999999999999801, -1.281249999999994893 ) ) ;
#11005 = AXIS2_PLACEMENT_3D ( 'NONE', #10989, #1289, #11739 ) ;
#11006 = EDGE_LOOP ( 'NONE', ( #453, #10521, #6263, #7787 ) ) ;
#11007 = LINE ( 'NONE', #289, #12447 ) ;
#11008 = EDGE_CURVE ( 'NONE', #3293, #6663, #10985, .T. ) ;
#11009 = EDGE_LOOP ( 'NONE', ( #15, #1383, #10284, #5582 ) ) ;
#11010 = DIRECTION ( 'NONE',  ( 0.000000000000000000, -0.000000000000000000, -1.000000000000000000 ) ) ;
#11011 = CIRCLE ( 'NONE', #8792, 0.1562499999999979461 ) ;
#11012 = VERTEX_POINT ( 'NONE', #4301 ) ;
#11013 = CARTESIAN_POINT ( 'NONE',  ( -11.08815000000000062, 49.19999999999999574, 0.000000000000000000 ) ) ;
#11014 = DIRECTION ( 'NONE',  ( 0.000000000000000000, -1.000000000000000000, 0.000000000000000000 ) ) ;
#11015 = CARTESIAN_POINT ( 'NONE',  ( -12.75000000000000355, 29.25000000000000000, 2.730000000000003535 ) ) ;
#11016 = DIRECTION ( 'NONE',  ( -0.000000000000000000, -1.000000000000000000, -0.000000000000000000 ) ) ;
#11017 = DIRECTION ( 'NONE',  ( -0.000000000000000000, -7.850137912828339862E-17, 1.000000000000000000 ) ) ;
#11018 = ORIENTED_EDGE ( 'NONE', *, *, #5407, .F. ) ;
#11019 = VECTOR ( 'NONE', #11227, 39.37007874015748143 ) ;
#11020 = CARTESIAN_POINT ( 'NONE',  ( 11.00000000000000000, 57.50999999999999091, -1.124999999999997113 ) ) ;
#11021 = EDGE_CURVE ( 'NONE', #10099, #8214, #332, .T. ) ;
#11022 = CARTESIAN_POINT ( 'NONE',  ( -11.99999999999999822, 35.00999999999999091, -1.281249999999994893 ) ) ;
#11023 = VERTEX_POINT ( 'NONE', #4172 ) ;
#11024 = VERTEX_POINT ( 'NONE', #4427 ) ;
#11025 = CARTESIAN_POINT ( 'NONE',  ( 3.219999999999996643, 22.51999999999998181, 0.000000000000000000 ) ) ;
#11026 = CARTESIAN_POINT ( 'NONE',  ( -10.51999999999999957, 10.75000000000000178, -1.500000000000000222 ) ) ;
#11027 = DIRECTION ( 'NONE',  ( 1.000000000000000000, 0.000000000000000000, 0.000000000000000000 ) ) ;
#11028 =( GEOMETRIC_REPRESENTATION_CONTEXT ( 3 ) GLOBAL_UNCERTAINTY_ASSIGNED_CONTEXT ( ( #9609 ) ) GLOBAL_UNIT_ASSIGNED_CONTEXT ( ( #6848, #7633, #171 ) ) REPRESENTATION_CONTEXT ( 'NONE', 'WORKASPACE' ) );
#11029 = LINE ( 'NONE', #1267, #11118 ) ;
#11030 = DIRECTION ( 'NONE',  ( 1.000000000000000000, 0.000000000000000000, 0.000000000000000000 ) ) ;
#11031 = DIRECTION ( 'NONE',  ( 0.000000000000000000, 0.000000000000000000, -1.000000000000000000 ) ) ;
#11032 = ORIENTED_EDGE ( 'NONE', *, *, #3248, .F. ) ;
#11033 = EDGE_LOOP ( 'NONE', ( #2595, #10976, #5468, #1228 ) ) ;
#11034 = VERTEX_POINT ( 'NONE', #9277 ) ;
#11035 = EDGE_CURVE ( 'NONE', #1554, #10477, #1720, .T. ) ;
#11036 = CARTESIAN_POINT ( 'NONE',  ( 10.51999999999999247, 4.500000000000002665, 8.589666975669972615 ) ) ;
#11037 = EDGE_CURVE ( 'NONE', #7960, #7824, #6632, .T. ) ;
#11038 = AXIS2_PLACEMENT_3D ( 'NONE', #9395, #12221, #8314 ) ;
#11039 = ORIENTED_EDGE ( 'NONE', *, *, #12182, .F. ) ;
#11040 = DIRECTION ( 'NONE',  ( -0.000000000000000000, -0.000000000000000000, -1.000000000000000000 ) ) ;
#11041 = CARTESIAN_POINT ( 'NONE',  ( 11.42850329373635709, 51.66624999999999091, -1.138497414045411160 ) ) ;
#11042 = DIRECTION ( 'NONE',  ( 0.000000000000000000, 0.000000000000000000, 1.000000000000000000 ) ) ;
#11043 = DIRECTION ( 'NONE',  ( 1.000000000000000000, 0.000000000000000000, 0.000000000000000000 ) ) ;
#11044 = EDGE_LOOP ( 'NONE', ( #6016, #1273, #7017, #5795 ) ) ;
#11045 = LINE ( 'NONE', #10857, #8091 ) ;
#11046 = CARTESIAN_POINT ( 'NONE',  ( 12.75000000000000000, 47.00999999999999091, -1.124999999999997113 ) ) ;
#11047 = VECTOR ( 'NONE', #10851, 39.37007874015748143 ) ;
#11048 = DIRECTION ( 'NONE',  ( -0.000000000000000000, -0.000000000000000000, -1.000000000000000000 ) ) ;
#11049 = EDGE_LOOP ( 'NONE', ( #12039, #11721 ) ) ;
#11050 = AXIS2_PLACEMENT_3D ( 'NONE', #10955, #8938, #2199 ) ;
#11051 = VERTEX_POINT ( 'NONE', #646 ) ;
#11052 = ADVANCED_FACE ( 'NONE', ( #2719 ), #771, .T. ) ;
#11053 = DIRECTION ( 'NONE',  ( 0.000000000000000000, 0.000000000000000000, -1.000000000000000000 ) ) ;
#11054 = VERTEX_POINT ( 'NONE', #11420 ) ;
#11055 = AXIS2_PLACEMENT_3D ( 'NONE', #8737, #11394, #4770 ) ;
#11056 = CARTESIAN_POINT ( 'NONE',  ( -22.06250000000002132, 10.75000000000000178, -0.7499999999999986677 ) ) ;
#11057 = DIRECTION ( 'NONE',  ( 0.000000000000000000, 0.000000000000000000, -1.000000000000000000 ) ) ;
#11058 = LINE ( 'NONE', #11934, #11498 ) ;
#11059 = ORIENTED_EDGE ( 'NONE', *, *, #7433, .T. ) ;
#11060 = DIRECTION ( 'NONE',  ( 0.000000000000000000, 0.000000000000000000, -1.000000000000000000 ) ) ;
#11061 = ORIENTED_EDGE ( 'NONE', *, *, #4065, .F. ) ;
#11062 = EDGE_CURVE ( 'NONE', #359, #10938, #4292, .T. ) ;
#11063 = ADVANCED_FACE ( 'NONE', ( #9473 ), #11233, .F. ) ;
#11064 = CARTESIAN_POINT ( 'NONE',  ( -11.09482567505869710, 51.65249746168836964, -1.189443191422802082 ) ) ;
#11065 = AXIS2_PLACEMENT_3D ( 'NONE', #11837, #3211, #7880 ) ;
#11066 = LINE ( 'NONE', #599, #2959 ) ;
#11067 = MECHANICAL_DESIGN_GEOMETRIC_PRESENTATION_REPRESENTATION (  '', ( #8642 ), #8039 ) ;
#11068 =( LENGTH_UNIT ( ) NAMED_UNIT ( * ) SI_UNIT ( $, .METRE. ) );
#11069 = ORIENTED_EDGE ( 'NONE', *, *, #3206, .F. ) ;
#11070 = ADVANCED_FACE ( 'NONE', ( #12233 ), #3539, .F. ) ;
#11071 = PRESENTATION_STYLE_ASSIGNMENT (( #10070 ) ) ;
#11072 = ORIENTED_EDGE ( 'NONE', *, *, #9026, .T. ) ;
#11073 = AXIS2_PLACEMENT_3D ( 'NONE', #2451, #2512, #5484 ) ;
#11074 = DIRECTION ( 'NONE',  ( -1.000000000000000000, 0.000000000000000000, 0.000000000000000000 ) ) ;
#11075 = FACE_BOUND ( 'NONE', #11790, .T. ) ;
#11076 = ORIENTED_EDGE ( 'NONE', *, *, #9932, .T. ) ;
#11077 = FACE_OUTER_BOUND ( 'NONE', #3444, .T. ) ;
#11078 = LINE ( 'NONE', #297, #12186 ) ;
#11079 = CARTESIAN_POINT ( 'NONE',  ( 11.99999999999999822, 24.70999999999999730, -0.7499999999999972244 ) ) ;
#11080 = EDGE_CURVE ( 'NONE', #8813, #9973, #3686, .T. ) ;
#11081 = DIRECTION ( 'NONE',  ( 0.000000000000000000, 6.845593068680305631E-16, -1.000000000000000000 ) ) ;
#11082 = CARTESIAN_POINT ( 'NONE',  ( -11.00000000000000000, 45.50999999999999091, -1.124999999999997113 ) ) ;
#11083 = VERTEX_POINT ( 'NONE', #6571 ) ;
#11084 =( CONVERSION_BASED_UNIT ( 'INCH', #4335 ) LENGTH_UNIT ( ) NAMED_UNIT ( #6865 ) );
#11085 = VECTOR ( 'NONE', #1929, 39.37007874015748143 ) ;
#11086 = CARTESIAN_POINT ( 'NONE',  ( 11.99999999999999822, 4.500000000000000000, 0.000000000000000000 ) ) ;
#11087 = CARTESIAN_POINT ( 'NONE',  ( -11.99999999999999822, 36.50999999999999091, -0.9687499999999992228 ) ) ;
#11088 = ORIENTED_EDGE ( 'NONE', *, *, #8055, .T. ) ;
#11089 = EDGE_LOOP ( 'NONE', ( #5645, #2217, #8959, #10069 ) ) ;
#11090 = DIRECTION ( 'NONE',  ( 0.000000000000000000, 0.000000000000000000, -1.000000000000000000 ) ) ;
#11091 = CARTESIAN_POINT ( 'NONE',  ( 11.99999999999999822, 51.50999999999999091, -0.9687499999999992228 ) ) ;
#11092 = CIRCLE ( 'NONE', #11485, 0.1562499999999995837 ) ;
#11093 = DIRECTION ( 'NONE',  ( -1.000000000000000000, 0.000000000000000000, -0.000000000000000000 ) ) ;
#11094 = PLANE ( 'NONE',  #1662 ) ;
#11095 = EDGE_CURVE ( 'NONE', #3107, #4983, #5309, .T. ) ;
#11096 = CARTESIAN_POINT ( 'NONE',  ( 10.51999999999999957, 48.71000000000000085, -0.7499999999999940048 ) ) ;
#11097 = CARTESIAN_POINT ( 'NONE',  ( -11.99999999999999822, 25.01999999999998181, 3.479999999999999982 ) ) ;
#11098 = VERTEX_POINT ( 'NONE', #9337 ) ;
#11099 = EDGE_LOOP ( 'NONE', ( #6431, #8567, #11730, #5278 ) ) ;
#11100 = ORIENTED_EDGE ( 'NONE', *, *, #6947, .T. ) ;
#11101 = COLOUR_RGB ( '',1.000000000000000000, 1.000000000000000000, 1.000000000000000000 ) ;
#11102 = LINE ( 'NONE', #10164, #1498 ) ;
#11103 = AXIS2_PLACEMENT_3D ( 'NONE', #7430, #7307, #5423 ) ;
#11104 = EDGE_LOOP ( 'NONE', ( #2708, #12161 ) ) ;
#11105 = DIRECTION ( 'NONE',  ( -1.000000000000000000, 0.000000000000000000, 0.000000000000000000 ) ) ;
#11106 = LINE ( 'NONE', #9400, #9203 ) ;
#11107 = PLANE ( 'NONE',  #10966 ) ;
#11108 = LINE ( 'NONE', #8261, #1454 ) ;
#11109 = ORIENTED_EDGE ( 'NONE', *, *, #1724, .T. ) ;
#11110 = EDGE_CURVE ( 'NONE', #3464, #5704, #1879, .T. ) ;
#11111 = LINE ( 'NONE', #9922, #8901 ) ;
#11112 = CARTESIAN_POINT ( 'NONE',  ( -12.75000000000000000, 36.50999999999999091, -1.281249999999994893 ) ) ;
#11113 = AXIS2_PLACEMENT_3D ( 'NONE', #7606, #8549, #3564 ) ;
#11114 = ADVANCED_FACE ( 'NONE', ( #10293 ), #1657, .F. ) ;
#11115 = CARTESIAN_POINT ( 'NONE',  ( -10.51999999999999957, 10.75000000000000178, -1.500000000000000222 ) ) ;
#11116 = ORIENTED_EDGE ( 'NONE', *, *, #8254, .T. ) ;
#11117 = ORIENTED_EDGE ( 'NONE', *, *, #5974, .T. ) ;
#11118 = VECTOR ( 'NONE', #6121, 39.37007874015748143 ) ;
#11119 = ORIENTED_EDGE ( 'NONE', *, *, #5384, .F. ) ;
#11120 = DIRECTION ( 'NONE',  ( 0.000000000000000000, 0.000000000000000000, -1.000000000000000000 ) ) ;
#11121 = SURFACE_STYLE_FILL_AREA ( #6087 ) ;
#11122 = VERTEX_POINT ( 'NONE', #7324 ) ;
#11123 = DIRECTION ( 'NONE',  ( -0.000000000000000000, -1.000000000000000000, -0.000000000000000000 ) ) ;
#11124 = EDGE_CURVE ( 'NONE', #7765, #6814, #1535, .T. ) ;
#11125 = ORIENTED_EDGE ( 'NONE', *, *, #6495, .T. ) ;
#11126 = VECTOR ( 'NONE', #238, 39.37007874015748143 ) ;
#11127 = CARTESIAN_POINT ( 'NONE',  ( -11.17035169145764328, 51.55277517891062189, -1.275410081412999830 ) ) ;
#11128 = CARTESIAN_POINT ( 'NONE',  ( 11.09296079807751134, 51.65958603896482515, -1.170637852168249671 ) ) ;
#11129 = DIRECTION ( 'NONE',  ( 1.000000000000000000, 0.000000000000000000, -0.000000000000000000 ) ) ;
#11130 = ORIENTED_EDGE ( 'NONE', *, *, #9010, .T. ) ;
#11131 = LINE ( 'NONE', #8167, #992 ) ;
#11132 = EDGE_LOOP ( 'NONE', ( #10570, #9591, #4320, #6838 ) ) ;
#11133 = EDGE_CURVE ( 'NONE', #11194, #1467, #1597, .T. ) ;
#11134 = AXIS2_PLACEMENT_3D ( 'NONE', #3730, #11355, #12111 ) ;
#11135 = ADVANCED_FACE ( 'NONE', ( #5445 ), #4487, .F. ) ;
#11136 = COLOUR_RGB ( '',1.000000000000000000, 1.000000000000000000, 1.000000000000000000 ) ;
#11137 = CARTESIAN_POINT ( 'NONE',  ( -12.00000000000000355, 25.76999999999998181, 3.480000000000003091 ) ) ;
#11138 = ORIENTED_EDGE ( 'NONE', *, *, #7599, .T. ) ;
#11139 = DIRECTION ( 'NONE',  ( 0.000000000000000000, 0.000000000000000000, -1.000000000000000000 ) ) ;
#11140 = EDGE_CURVE ( 'NONE', #2075, #2064, #11532, .T. ) ;
#11141 = CARTESIAN_POINT ( 'NONE',  ( 10.51999999999999247, 3.750000000000003553, 8.589666975669972615 ) ) ;
#11142 = CYLINDRICAL_SURFACE ( 'NONE', #2722, 0.1562499999999979461 ) ;
#11143 = CARTESIAN_POINT ( 'NONE',  ( 11.00000000000000000, 42.50999999999999801, -0.9687499999999992228 ) ) ;
#11144 = ORIENTED_EDGE ( 'NONE', *, *, #524, .T. ) ;
#11145 = AXIS2_PLACEMENT_3D ( 'NONE', #11174, #2655, #3475 ) ;
#11146 = PRESENTATION_STYLE_ASSIGNMENT (( #6355 ) ) ;
#11147 = LINE ( 'NONE', #2503, #10639 ) ;
#11148 = CARTESIAN_POINT ( 'NONE',  ( 11.99999999999999645, 3.750000000000003553, 8.589666975669972615 ) ) ;
#11149 = ORIENTED_EDGE ( 'NONE', *, *, #3883, .F. ) ;
#11150 = ADVANCED_FACE ( 'NONE', ( #7822 ), #2027, .F. ) ;
#11151 = EDGE_LOOP ( 'NONE', ( #3900, #8172, #8917, #7661 ) ) ;
#11152 = CARTESIAN_POINT ( 'NONE',  ( 0.000000000000000000, 22.51999999999998181, 0.000000000000000000 ) ) ;
#11153 = CIRCLE ( 'NONE', #5319, 0.1562499999999979461 ) ;
#11154 = DIRECTION ( 'NONE',  ( -0.000000000000000000, -1.000000000000000000, -0.000000000000000000 ) ) ;
#11155 = FACE_BOUND ( 'NONE', #8941, .T. ) ;
#11156 = PLANE ( 'NONE',  #2262 ) ;
#11157 = DIRECTION ( 'NONE',  ( 0.000000000000000000, 0.000000000000000000, -1.000000000000000000 ) ) ;
#11158 = PLANE ( 'NONE',  #3548 ) ;
#11159 = ORIENTED_EDGE ( 'NONE', *, *, #10598, .T. ) ;
#11160 = ORIENTED_EDGE ( 'NONE', *, *, #1363, .T. ) ;
#11161 = VECTOR ( 'NONE', #6514, 39.37007874015748143 ) ;
#11162 = LINE ( 'NONE', #10223, #775 ) ;
#11163 = LINE ( 'NONE', #7381, #2111 ) ;
#11164 = EDGE_CURVE ( 'NONE', #4306, #7704, #4028, .T. ) ;
#11165 = ORIENTED_EDGE ( 'NONE', *, *, #5725, .F. ) ;
#11166 = CARTESIAN_POINT ( 'NONE',  ( -12.75000000000000000, 30.50999999999998735, -0.9687499999999992228 ) ) ;
#11167 = CIRCLE ( 'NONE', #5741, 0.1562499999999979461 ) ;
#11168 = CARTESIAN_POINT ( 'NONE',  ( -0.1015624999999996114, 56.75000000000000000, 0.000000000000000000 ) ) ;
#11169 =( CONVERSION_BASED_UNIT ( 'INCH', #4482 ) LENGTH_UNIT ( ) NAMED_UNIT ( #5193 ) );
#11170 = AXIS2_PLACEMENT_3D ( 'NONE', #6859, #5798, #8690 ) ;
#11171 = CARTESIAN_POINT ( 'NONE',  ( -11.43185000000000251, 13.74000000000000199, -1.499999999999998224 ) ) ;
#11172 = EDGE_LOOP ( 'NONE', ( #8132, #7242, #8527, #1788 ) ) ;
#11173 = DIRECTION ( 'NONE',  ( -1.000000000000000000, 0.000000000000000000, 0.000000000000000000 ) ) ;
#11174 = CARTESIAN_POINT ( 'NONE',  ( 11.26000000000000156, 51.69999999999999574, -2.250000000000000444 ) ) ;
#11175 = EDGE_LOOP ( 'NONE', ( #773, #7451, #4678, #2444 ) ) ;
#11176 = ORIENTED_EDGE ( 'NONE', *, *, #8524, .F. ) ;
#11177 = AXIS2_PLACEMENT_3D ( 'NONE', #2393, #6243, #1516 ) ;
#11178 = AXIS2_PLACEMENT_3D ( 'NONE', #4087, #11592, #8634 ) ;
#11179 = EDGE_CURVE ( 'NONE', #5475, #12230, #3294, .T. ) ;
#11180 = ORIENTED_EDGE ( 'NONE', *, *, #6386, .F. ) ;
#11181 = AXIS2_PLACEMENT_3D ( 'NONE', #5981, #10702, #4900 ) ;
#11182 = FILL_AREA_STYLE_COLOUR ( '', #12305 ) ;
#11183 = EDGE_LOOP ( 'NONE', ( #5812, #2919, #12429, #5350 ) ) ;
#11184 = VECTOR ( 'NONE', #2437, 39.37007874015748143 ) ;
#11185 = CARTESIAN_POINT ( 'NONE',  ( 11.99999999999999822, 10.75000000000000178, -0.7499999999999986677 ) ) ;
#11186 = ORIENTED_EDGE ( 'NONE', *, *, #10007, .F. ) ;
#11187 = DIRECTION ( 'NONE',  ( 0.000000000000000000, 0.000000000000000000, -1.000000000000000000 ) ) ;
#11188 = CARTESIAN_POINT ( 'NONE',  ( 10.51999999999999957, 4.500000000000000000, -2.249999999999999556 ) ) ;
#11189 = CYLINDRICAL_SURFACE ( 'NONE', #2308, 0.1562499999999979461 ) ;
#11190 = ORIENTED_EDGE ( 'NONE', *, *, #5081, .F. ) ;
#11191 = VECTOR ( 'NONE', #11447, 39.37007874015748143 ) ;
#11192 = EDGE_CURVE ( 'NONE', #7502, #8704, #1021, .T. ) ;
#11193 = EDGE_CURVE ( 'NONE', #4389, #7658, #7641, .T. ) ;
#11194 = VERTEX_POINT ( 'NONE', #8640 ) ;
#11195 = FACE_OUTER_BOUND ( 'NONE', #7862, .T. ) ;
#11196 = ORIENTED_EDGE ( 'NONE', *, *, #9311, .T. ) ;
#11197 = CARTESIAN_POINT ( 'NONE',  ( 1.739999999999997327, 57.99999999999999289, -0.7500000000000001110 ) ) ;
#11198 = CARTESIAN_POINT ( 'NONE',  ( 11.00000000000000000, 44.00999999999999801, -1.124999999999997113 ) ) ;
#11199 = VECTOR ( 'NONE', #5190, 39.37007874015748143 ) ;
#11200 = DIRECTION ( 'NONE',  ( 0.000000000000000000, -1.224646799147375640E-16, -1.000000000000000000 ) ) ;
#11201 = CARTESIAN_POINT ( 'NONE',  ( 11.99999999999999822, 3.750000000000000000, -8.612199694973096342 ) ) ;
#11202 = ORIENTED_EDGE ( 'NONE', *, *, #11724, .F. ) ;
#11203 = LENGTH_MEASURE_WITH_UNIT ( LENGTH_MEASURE( 0.02539999999999999897 ), #6541 );
#11204 = CARTESIAN_POINT ( 'NONE',  ( -10.51999999999999957, 24.70999999999999730, -0.7499999999999972244 ) ) ;
#11205 = CARTESIAN_POINT ( 'NONE',  ( 10.51999999999999957, 23.42285330012234468, -2.249999999999996891 ) ) ;
#11206 = ORIENTED_EDGE ( 'NONE', *, *, #5286, .F. ) ;
#11207 = AXIS2_PLACEMENT_3D ( 'NONE', #8489, #5726, #3940 ) ;
#11208 = ORIENTED_EDGE ( 'NONE', *, *, #8228, .T. ) ;
#11209 = DIRECTION ( 'NONE',  ( 1.000000000000000000, -0.000000000000000000, -0.000000000000000000 ) ) ;
#11210 = CARTESIAN_POINT ( 'NONE',  ( 11.99999999999999822, 33.50999999999999091, -1.281249999999994893 ) ) ;
#11211 = PLANE ( 'NONE',  #10975 ) ;
#11212 = DIRECTION ( 'NONE',  ( 0.000000000000000000, 0.000000000000000000, -1.000000000000000000 ) ) ;
#11213 = FACE_BOUND ( 'NONE', #322, .T. ) ;
#11214 = DIRECTION ( 'NONE',  ( 0.000000000000000000, 0.000000000000000000, -1.000000000000000000 ) ) ;
#11215 = VERTEX_POINT ( 'NONE', #2089 ) ;
#11216 = AXIS2_PLACEMENT_3D ( 'NONE', #1178, #10876, #4063 ) ;
#11217 = EDGE_CURVE ( 'NONE', #6663, #10126, #3969, .T. ) ;
#11218 = CARTESIAN_POINT ( 'NONE',  ( -1.740000000000002656, 69.23000000000000398, -0.7500000000000001110 ) ) ;
#11219 = EDGE_CURVE ( 'NONE', #6879, #2675, #5518, .T. ) ;
#11220 = ORIENTED_EDGE ( 'NONE', *, *, #2185, .T. ) ;
#11221 = CARTESIAN_POINT ( 'NONE',  ( 11.08815000000000062, 24.21999999999999531, 0.000000000000000000 ) ) ;
#11222 = DIRECTION ( 'NONE',  ( 0.000000000000000000, 0.000000000000000000, -1.000000000000000000 ) ) ;
#11223 = EDGE_CURVE ( 'NONE', #12055, #583, #11539, .T. ) ;
#11224 = EDGE_LOOP ( 'NONE', ( #1290, #4439, #1372, #11421 ) ) ;
#11225 = CARTESIAN_POINT ( 'NONE',  ( 11.43185000000000251, 24.21999999999999531, -2.250000000000000444 ) ) ;
#11226 = VECTOR ( 'NONE', #11350, 39.37007874015748143 ) ;
#11227 = DIRECTION ( 'NONE',  ( 0.000000000000000000, -1.000000000000000000, 0.000000000000000000 ) ) ;
#11228 = FILL_AREA_STYLE ('',( #8578 ) ) ;
#11229 = CARTESIAN_POINT ( 'NONE',  ( 10.51999999999999957, 14.23000000000000220, -0.7499999999999983347 ) ) ;
#11230 = VERTEX_POINT ( 'NONE', #1844 ) ;
#11231 = FACE_OUTER_BOUND ( 'NONE', #6658, .T. ) ;
#11232 = DIRECTION ( 'NONE',  ( 1.000000000000000000, -0.000000000000000000, -0.000000000000000000 ) ) ;
#11233 = CYLINDRICAL_SURFACE ( 'NONE', #2083, 0.1562499999999993339 ) ;
#11234 = EDGE_LOOP ( 'NONE', ( #6453, #4033, #11540, #10589 ) ) ;
#11235 = EDGE_CURVE ( 'NONE', #5819, #8654, #11599, .T. ) ;
#11236 = VERTEX_POINT ( 'NONE', #1903 ) ;
#11237 = CLOSED_SHELL ( 'NONE', ( #9171, #7920, #3964, #3966, #9040, #8600, #8000, #6359, #11664, #7840 ) ) ;
#11238 = CYLINDRICAL_SURFACE ( 'NONE', #7724, 0.1718500000000005301 ) ;
#11239 = DIRECTION ( 'NONE',  ( 0.000000000000000000, 0.000000000000000000, -1.000000000000000000 ) ) ;
#11240 = ORIENTED_EDGE ( 'NONE', *, *, #1024, .F. ) ;
#11241 = CARTESIAN_POINT ( 'NONE',  ( -11.99999999999999822, 27.50999999999998735, -0.9687499999999994449 ) ) ;
#11242 = MECHANICAL_DESIGN_GEOMETRIC_PRESENTATION_REPRESENTATION (  '', ( #2014 ), #3219 ) ;
#11243 = VECTOR ( 'NONE', #3142, 39.37007874015748143 ) ;
#11244 = SURFACE_STYLE_USAGE ( .BOTH. , #11309 ) ;
#11245 = ORIENTED_EDGE ( 'NONE', *, *, #2131, .F. ) ;
#11246 = DIRECTION ( 'NONE',  ( 1.000000000000000000, -0.000000000000000000, -0.000000000000000000 ) ) ;
#11247 = ORIENTED_EDGE ( 'NONE', *, *, #5289, .T. ) ;
#11248 = EDGE_CURVE ( 'NONE', #3856, #8317, #74, .T. ) ;
#11249 = DIRECTION ( 'NONE',  ( -0.000000000000000000, -1.000000000000000000, -0.000000000000000000 ) ) ;
#11250 = AXIS2_PLACEMENT_3D ( 'NONE', #9415, #7525, #9675 ) ;
#11251 = VECTOR ( 'NONE', #9360, 39.37007874015748143 ) ;
#11252 = EDGE_LOOP ( 'NONE', ( #1745, #225, #2029, #3613 ) ) ;
#11253 = DIRECTION ( 'NONE',  ( -1.000000000000000000, -0.000000000000000000, -0.000000000000000000 ) ) ;
#11254 =( LENGTH_UNIT ( ) NAMED_UNIT ( * ) SI_UNIT ( $, .METRE. ) );
#11255 = EDGE_LOOP ( 'NONE', ( #7138, #7212 ) ) ;
#11256 = CARTESIAN_POINT ( 'NONE',  ( 0.000000000000000000, 69.23000000000000398, 0.000000000000000000 ) ) ;
#11257 = CIRCLE ( 'NONE', #10658, 0.1562499999999979461 ) ;
#11258 = DIRECTION ( 'NONE',  ( 1.000000000000000000, -0.000000000000000000, -0.000000000000000000 ) ) ;
#11259 = STYLED_ITEM ( 'NONE', ( #8211 ), #1000 ) ;
#11260 = ORIENTED_EDGE ( 'NONE', *, *, #5664, .F. ) ;
#11261 = EDGE_CURVE ( 'NONE', #2211, #4916, #5931, .T. ) ;
#11262 = DIRECTION ( 'NONE',  ( 0.000000000000000000, 0.000000000000000000, 1.000000000000000000 ) ) ;
#11263 = EDGE_CURVE ( 'NONE', #8008, #7298, #11153, .T. ) ;
#11264 = CARTESIAN_POINT ( 'NONE',  ( 11.99999999999999822, 57.50999999999999091, -1.124999999999997113 ) ) ;
#11265 = ORIENTED_EDGE ( 'NONE', *, *, #2416, .F. ) ;
#11266 = LINE ( 'NONE', #3632, #12330 ) ;
#11267 = CARTESIAN_POINT ( 'NONE',  ( -11.00000000000000000, 36.50999999999999091, -1.124999999999997113 ) ) ;
#11268 = DIRECTION ( 'NONE',  ( 0.000000000000000000, 0.000000000000000000, -1.000000000000000000 ) ) ;
#11269 = AXIS2_PLACEMENT_3D ( 'NONE', #4068, #7924, #11761 ) ;
#11270 = EDGE_LOOP ( 'NONE', ( #12312, #3606 ) ) ;
#11271 = AXIS2_PLACEMENT_3D ( 'NONE', #4734, #12294, #8391 ) ;
#11272 =( NAMED_UNIT ( * ) PLANE_ANGLE_UNIT ( ) SI_UNIT ( $, .RADIAN. ) );
#11273 = ORIENTED_EDGE ( 'NONE', *, *, #12361, .T. ) ;
#11274 = LINE ( 'NONE', #11398, #10462 ) ;
#11275 = CARTESIAN_POINT ( 'NONE',  ( -11.08815000000000062, 24.21999999999999531, -1.500000000000000222 ) ) ;
#11276 = CARTESIAN_POINT ( 'NONE',  ( 10.51999999999999957, 59.18999999999999773, -1.500000000000000222 ) ) ;
#11277 = CARTESIAN_POINT ( 'NONE',  ( -3.220000000000002416, 57.99999999999999289, -0.7499999999999998890 ) ) ;
#11278 = CARTESIAN_POINT ( 'NONE',  ( 10.51999999999999957, 59.18999999999999773, -1.500000000000000222 ) ) ;
#11279 = AXIS2_PLACEMENT_3D ( 'NONE', #5779, #2988, #1231 ) ;
#11280 = EDGE_CURVE ( 'NONE', #1981, #5460, #9725, .T. ) ;
#11281 = CARTESIAN_POINT ( 'NONE',  ( 11.43185000000000251, 13.74000000000000199, 0.000000000000000000 ) ) ;
#11282 = VERTEX_POINT ( 'NONE', #3787 ) ;
#11283 = SURFACE_STYLE_FILL_AREA ( #2764 ) ;
#11284 = EDGE_LOOP ( 'NONE', ( #474, #1921, #3421, #9795 ) ) ;
#11285 = ORIENTED_EDGE ( 'NONE', *, *, #3995, .F. ) ;
#11286 = CARTESIAN_POINT ( 'NONE',  ( 12.75000000000000000, 56.00999999999999091, -1.124999999999997113 ) ) ;
#11287 = ORIENTED_EDGE ( 'NONE', *, *, #1918, .F. ) ;
#11288 = VECTOR ( 'NONE', #7114, 39.37007874015748143 ) ;
#11289 = DIRECTION ( 'NONE',  ( 1.000000000000000000, -0.000000000000000000, -0.000000000000000000 ) ) ;
#11290 = EDGE_CURVE ( 'NONE', #10328, #9205, #8582, .T. ) ;
#11291 = CARTESIAN_POINT ( 'NONE',  ( 11.99999999999999822, 27.50999999999998735, -1.124999999999997113 ) ) ;
#11292 = LINE ( 'NONE', #341, #5030 ) ;
#11293 = LENGTH_MEASURE_WITH_UNIT ( LENGTH_MEASURE( 0.02539999999999999897 ), #9534 );
#11294 = CARTESIAN_POINT ( 'NONE',  ( 11.08815000000000062, 11.24000000000000199, -0.7499999999999986677 ) ) ;
#11295 = ORIENTED_EDGE ( 'NONE', *, *, #11651, .T. ) ;
#11296 =( CONVERSION_BASED_UNIT ( 'INCH', #1593 ) LENGTH_UNIT ( ) NAMED_UNIT ( #3172 ) );
#11297 = CARTESIAN_POINT ( 'NONE',  ( -10.51999999999999957, 59.18999999999999773, -0.7500000000000001110 ) ) ;
#11298 = ADVANCED_FACE ( 'NONE', ( #5810 ), #5694, .F. ) ;
#11299 = DIRECTION ( 'NONE',  ( 1.000000000000000000, -0.000000000000000000, -0.000000000000000000 ) ) ;
#11300 = VERTEX_POINT ( 'NONE', #3848 ) ;
#11301 = EDGE_LOOP ( 'NONE', ( #9972, #8894, #11002, #7082 ) ) ;
#11302 = AXIS2_PLACEMENT_3D ( 'NONE', #2375, #4512, #10014 ) ;
#11303 = LINE ( 'NONE', #906, #5325 ) ;
#11304 = EDGE_LOOP ( 'NONE', ( #6584, #3342, #2030, #7893 ) ) ;
#11305 = ORIENTED_EDGE ( 'NONE', *, *, #11693, .T. ) ;
#11306 = LINE ( 'NONE', #5575, #2593 ) ;
#11307 = EDGE_CURVE ( 'NONE', #1421, #9973, #9664, .T. ) ;
#11308 = AXIS2_PLACEMENT_3D ( 'NONE', #475, #5396, #1545 ) ;
#11309 = SURFACE_SIDE_STYLE ('',( #12244 ) ) ;
#11310 = VERTEX_POINT ( 'NONE', #6813 ) ;
#11311 = CARTESIAN_POINT ( 'NONE',  ( -11.08815000000000062, 21.71999999999999886, -2.250000000000000444 ) ) ;
#11312 = ORIENTED_EDGE ( 'NONE', *, *, #10370, .F. ) ;
#11313 = CARTESIAN_POINT ( 'NONE',  ( -11.42818354948514425, 51.66451779462048677, -1.151797018709555864 ) ) ;
#11314 = LINE ( 'NONE', #10310, #291 ) ;
#11315 = CIRCLE ( 'NONE', #2251, 0.1562499999999957812 ) ;
#11316 = EDGE_LOOP ( 'NONE', ( #6515, #6437, #2584, #986 ) ) ;
#11317 = ADVANCED_FACE ( 'NONE', ( #3909 ), #4915, .F. ) ;
#11318 = FACE_BOUND ( 'NONE', #8844, .T. ) ;
#11319 = AXIS2_PLACEMENT_3D ( 'NONE', #4732, #12412, #11535 ) ;
#11320 = ORIENTED_EDGE ( 'NONE', *, *, #5247, .F. ) ;
#11321 = DIRECTION ( 'NONE',  ( 1.000000000000000000, -0.000000000000000000, -0.000000000000000000 ) ) ;
#11322 = CIRCLE ( 'NONE', #255, 0.1718500000000005301 ) ;
#11323 = DIRECTION ( 'NONE',  ( -1.000000000000000000, 0.000000000000000000, -0.000000000000000000 ) ) ;
#11324 = LINE ( 'NONE', #738, #321 ) ;
#11325 = DIRECTION ( 'NONE',  ( -0.000000000000000000, 0.000000000000000000, 1.000000000000000000 ) ) ;
#11326 = CARTESIAN_POINT ( 'NONE',  ( 10.51999999999999957, 59.18999999999999773, -1.500000000000000222 ) ) ;
#11327 = CARTESIAN_POINT ( 'NONE',  ( -6.000000000000002665, 55.50000000000000000, 2.730000000000007088 ) ) ;
#11328 = AXIS2_PLACEMENT_3D ( 'NONE', #6914, #10764, #5709 ) ;
#11329 = DIRECTION ( 'NONE',  ( -1.000000000000000000, 0.000000000000000000, 0.000000000000000000 ) ) ;
#11330 = STYLED_ITEM ( 'NONE', ( #678 ), #5011 ) ;
#11331 = ORIENTED_EDGE ( 'NONE', *, *, #8660, .T. ) ;
#11332 = EDGE_CURVE ( 'NONE', #10294, #670, #10541, .T. ) ;
#11333 = EDGE_LOOP ( 'NONE', ( #5947, #6143, #2828, #10300 ) ) ;
#11334 = EDGE_CURVE ( 'NONE', #7824, #3525, #11345, .T. ) ;
#11335 = DIRECTION ( 'NONE',  ( 1.000000000000000000, 0.000000000000000000, 0.000000000000000000 ) ) ;
#11336 = DIRECTION ( 'NONE',  ( -1.000000000000000000, 0.000000000000000000, 0.000000000000000000 ) ) ;
#11337 = LINE ( 'NONE', #9389, #4532 ) ;
#11338 = CIRCLE ( 'NONE', #3282, 0.1562499999999979461 ) ;
#11339 = CARTESIAN_POINT ( 'NONE',  ( -12.75000000000000355, 29.97999999999998977, 2.729999999999999982 ) ) ;
#11340 = DIRECTION ( 'NONE',  ( 1.000000000000000000, 0.000000000000000000, -0.000000000000000000 ) ) ;
#11341 = DIRECTION ( 'NONE',  ( 0.000000000000000000, -1.000000000000000000, 0.000000000000000000 ) ) ;
#11342 = ORIENTED_EDGE ( 'NONE', *, *, #563, .F. ) ;
#11343 = ORIENTED_EDGE ( 'NONE', *, *, #10723, .T. ) ;
#11344 = CARTESIAN_POINT ( 'NONE',  ( 6.000000000000001776, 55.50000000000000000, 2.729999999999999982 ) ) ;
#11345 = CIRCLE ( 'NONE', #5101, 0.1562499999999979461 ) ;
#11346 = EDGE_CURVE ( 'NONE', #11356, #7905, #5998, .T. ) ;
#11347 = VERTEX_POINT ( 'NONE', #9074 ) ;
#11348 = EDGE_CURVE ( 'NONE', #11083, #11122, #380, .T. ) ;
#11349 = DIRECTION ( 'NONE',  ( 1.000000000000000000, -0.000000000000000000, -0.000000000000000000 ) ) ;
#11350 = DIRECTION ( 'NONE',  ( -0.000000000000000000, -0.000000000000000000, 1.000000000000000000 ) ) ;
#11351 = CARTESIAN_POINT ( 'NONE',  ( -11.99999999999999822, 59.18999999999999773, -1.500000000000000222 ) ) ;
#11352 = DIRECTION ( 'NONE',  ( -1.000000000000000000, 0.000000000000000000, 0.000000000000000000 ) ) ;
#11353 = ORIENTED_EDGE ( 'NONE', *, *, #10256, .F. ) ;
#11354 = LINE ( 'NONE', #4673, #8151 ) ;
#11355 = DIRECTION ( 'NONE',  ( -1.000000000000000000, 0.000000000000000000, 0.000000000000000000 ) ) ;
#11356 = VERTEX_POINT ( 'NONE', #10781 ) ;
#11357 = AXIS2_PLACEMENT_3D ( 'NONE', #8444, #4599, #2642 ) ;
#11358 = EDGE_LOOP ( 'NONE', ( #4333, #6592 ) ) ;
#11359 = LINE ( 'NONE', #5513, #2499 ) ;
#11360 = VERTEX_POINT ( 'NONE', #3276 ) ;
#11361 = AXIS2_PLACEMENT_3D ( 'NONE', #2103, #4991, #6949 ) ;
#11362 = STYLED_ITEM ( 'NONE', ( #9332 ), #5358 ) ;
#11363 = ORIENTED_EDGE ( 'NONE', *, *, #9877, .T. ) ;
#11364 = ADVANCED_FACE ( 'NONE', ( #9970 ), #6932, .F. ) ;
#11365 = CARTESIAN_POINT ( 'NONE',  ( -3.220000000000002416, 54.75000000000000000, -0.7499999999999998890 ) ) ;
#11366 = CIRCLE ( 'NONE', #8335, 0.1562499999999979461 ) ;
#11367 =( NAMED_UNIT ( * ) SI_UNIT ( $, .STERADIAN. ) SOLID_ANGLE_UNIT ( ) );
#11368 = ORIENTED_EDGE ( 'NONE', *, *, #6596, .T. ) ;
#11369 = DIRECTION ( 'NONE',  ( 0.000000000000000000, -1.000000000000000000, 0.000000000000000000 ) ) ;
#11370 = LINE ( 'NONE', #1736, #7509 ) ;
#11371 = VERTEX_POINT ( 'NONE', #9012 ) ;
#11372 = AXIS2_PLACEMENT_3D ( 'NONE', #315, #1142, #4976 ) ;
#11373 = VECTOR ( 'NONE', #11840, 39.37007874015748143 ) ;
#11374 = CARTESIAN_POINT ( 'NONE',  ( -11.27303322944093544, 51.52812559851250995, -1.280195121691273474 ) ) ;
#11375 = EDGE_CURVE ( 'NONE', #1798, #1908, #8005, .T. ) ;
#11376 = CARTESIAN_POINT ( 'NONE',  ( -11.00000000000000000, 53.00999999999999091, -1.124999999999997113 ) ) ;
#11377 = EDGE_CURVE ( 'NONE', #2189, #9316, #6245, .T. ) ;
#11378 = LINE ( 'NONE', #5652, #9045 ) ;
#11379 = ORIENTED_EDGE ( 'NONE', *, *, #5551, .T. ) ;
#11380 = ADVANCED_FACE ( 'NONE', ( #8067 ), #9846, .F. ) ;
#11381 = VECTOR ( 'NONE', #4961, 39.37007874015748143 ) ;
#11382 = VECTOR ( 'NONE', #3136, 39.37007874015748143 ) ;
#11383 = FACE_BOUND ( 'NONE', #11255, .T. ) ;
#11384 = FILL_AREA_STYLE_COLOUR ( '', #11819 ) ;
#11385 = ORIENTED_EDGE ( 'NONE', *, *, #10960, .T. ) ;
#11386 = CARTESIAN_POINT ( 'NONE',  ( -11.00000000000000000, 27.50999999999998735, -0.9687499999999994449 ) ) ;
#11387 = LINE ( 'NONE', #610, #8362 ) ;
#11388 = LINE ( 'NONE', #8357, #6762 ) ;
#11389 = DIRECTION ( 'NONE',  ( 0.000000000000000000, 0.000000000000000000, -1.000000000000000000 ) ) ;
#11390 = EDGE_LOOP ( 'NONE', ( #2931, #6059, #1846, #4182 ) ) ;
#11391 = AXIS2_PLACEMENT_3D ( 'NONE', #7659, #90, #8781 ) ;
#11392 = VECTOR ( 'NONE', #5486, 39.37007874015748143 ) ;
#11393 = EDGE_CURVE ( 'NONE', #12320, #2961, #5728, .T. ) ;
#11394 = DIRECTION ( 'NONE',  ( -1.000000000000000000, 0.000000000000000000, 0.000000000000000000 ) ) ;
#11395 = DIRECTION ( 'NONE',  ( -0.000000000000000000, -1.000000000000000000, -0.000000000000000000 ) ) ;
#11396 = EDGE_LOOP ( 'NONE', ( #8208, #5755, #4548, #9254 ) ) ;
#11397 = CARTESIAN_POINT ( 'NONE',  ( 11.00000000000000000, 36.50999999999999091, -0.9687499999999992228 ) ) ;
#11398 = CARTESIAN_POINT ( 'NONE',  ( -11.99999999999999822, 23.42285330012234468, -2.249999999999996891 ) ) ;
#11399 = AXIS2_PLACEMENT_3D ( 'NONE', #3295, #7139, #6202 ) ;
#11400 = CARTESIAN_POINT ( 'NONE',  ( 0.000000000000000000, 23.76999999999998536, 0.7500000000000004441 ) ) ;
#11401 = DIMENSIONAL_EXPONENTS ( 1.000000000000000000, 0.000000000000000000, 0.000000000000000000, 0.000000000000000000, 0.000000000000000000, 0.000000000000000000, 0.000000000000000000 ) ;
#11402 = FACE_OUTER_BOUND ( 'NONE', #9977, .T. ) ;
#11403 = FACE_OUTER_BOUND ( 'NONE', #12009, .T. ) ;
#11404 = FACE_OUTER_BOUND ( 'NONE', #7625, .T. ) ;
#11405 = DIRECTION ( 'NONE',  ( 1.000000000000000000, 0.000000000000000000, 0.000000000000000000 ) ) ;
#11406 = ORIENTED_EDGE ( 'NONE', *, *, #11892, .T. ) ;
#11407 = FACE_OUTER_BOUND ( 'NONE', #7037, .T. ) ;
#11408 = ADVANCED_FACE ( 'NONE', ( #9137, #6184, #4090, #1332, #7946 ), #11786, .F. ) ;
#11409 = CIRCLE ( 'NONE', #1354, 0.1718500000000005301 ) ;
#11410 = DIRECTION ( 'NONE',  ( -0.000000000000000000, -1.000000000000000000, -0.000000000000000000 ) ) ;
#11411 = CARTESIAN_POINT ( 'NONE',  ( -12.75000000000000355, 28.49999999999998579, 3.479999999999999982 ) ) ;
#11412 = VERTEX_POINT ( 'NONE', #5107 ) ;
#11413 = CARTESIAN_POINT ( 'NONE',  ( -10.51999999999999957, 59.18999999999999773, -1.500000000000000222 ) ) ;
#11414 = FILL_AREA_STYLE_COLOUR ( '', #5194 ) ;
#11415 = LINE ( 'NONE', #2771, #2623 ) ;
#11416 = AXIS2_PLACEMENT_3D ( 'NONE', #11854, #11794, #4295 ) ;
#11417 = CARTESIAN_POINT ( 'NONE',  ( 11.99999999999999822, 25.01999999999998536, 0.000000000000000000 ) ) ;
#11418 = VERTEX_POINT ( 'NONE', #3152 ) ;
#11419 = LINE ( 'NONE', #3215, #7141 ) ;
#11420 = CARTESIAN_POINT ( 'NONE',  ( 11.43185000000000251, 21.71999999999999886, -1.500000000000000222 ) ) ;
#11421 = ORIENTED_EDGE ( 'NONE', *, *, #10706, .T. ) ;
#11422 = EDGE_CURVE ( 'NONE', #3649, #11909, #10842, .T. ) ;
#11423 = EDGE_LOOP ( 'NONE', ( #10449, #8531, #7291, #10557 ) ) ;
#11424 = EDGE_CURVE ( 'NONE', #9848, #9405, #11971, .T. ) ;
#11425 = ORIENTED_EDGE ( 'NONE', *, *, #5897, .F. ) ;
#11426 = CARTESIAN_POINT ( 'NONE',  ( 11.99999999999999822, 3.750000000000000000, -8.612199694973096342 ) ) ;
#11427 = ORIENTED_EDGE ( 'NONE', *, *, #10832, .F. ) ;
#11428 = CIRCLE ( 'NONE', #157, 0.1718500000000005301 ) ;
#11429 = ORIENTED_EDGE ( 'NONE', *, *, #40, .T. ) ;
#11430 = LINE ( 'NONE', #11488, #8430 ) ;
#11431 = SURFACE_STYLE_FILL_AREA ( #10184 ) ;
#11432 = EDGE_LOOP ( 'NONE', ( #6780, #11160, #10846, #2926 ) ) ;
#11433 = LINE ( 'NONE', #2731, #3860 ) ;
#11434 = CARTESIAN_POINT ( 'NONE',  ( -6.000000000000002665, 55.50000000000000000, 0.000000000000000000 ) ) ;
#11435 = EDGE_LOOP ( 'NONE', ( #6178, #5884 ) ) ;
#11436 = CLOSED_SHELL ( 'NONE', ( #7821, #3016, #1210, #11895, #6274, #1364 ) ) ;
#11437 = LINE ( 'NONE', #5713, #2942 ) ;
#11438 = EDGE_CURVE ( 'NONE', #9936, #11973, #445, .T. ) ;
#11439 =( NAMED_UNIT ( * ) SI_UNIT ( $, .STERADIAN. ) SOLID_ANGLE_UNIT ( ) );
#11440 = ORIENTED_EDGE ( 'NONE', *, *, #8256, .F. ) ;
#11441 = CARTESIAN_POINT ( 'NONE',  ( 10.51999999999999957, 21.22999999999999687, -2.249999999999997780 ) ) ;
#11442 = FACE_BOUND ( 'NONE', #4618, .T. ) ;
#11443 = EDGE_CURVE ( 'NONE', #3293, #4698, #1270, .T. ) ;
#11444 = ORIENTED_EDGE ( 'NONE', *, *, #9808, .T. ) ;
#11445 = DIRECTION ( 'NONE',  ( -1.000000000000000000, -0.000000000000000000, -0.000000000000000000 ) ) ;
#11446 = ORIENTED_EDGE ( 'NONE', *, *, #12349, .F. ) ;
#11447 = DIRECTION ( 'NONE',  ( 1.000000000000000000, -0.000000000000000000, -0.000000000000000000 ) ) ;
#11448 = CIRCLE ( 'NONE', #6019, 0.1562499999999979461 ) ;
#11449 = ADVANCED_FACE ( 'NONE', ( #10096 ), #316, .F. ) ;
#11450 = ORIENTED_EDGE ( 'NONE', *, *, #11192, .T. ) ;
#11451 = MECHANICAL_DESIGN_GEOMETRIC_PRESENTATION_REPRESENTATION (  '', ( #6634 ), #7019 ) ;
#11452 = DIRECTION ( 'NONE',  ( 0.000000000000000000, 0.000000000000000000, -1.000000000000000000 ) ) ;
#11453 = LINE ( 'NONE', #7860, #1915 ) ;
#11454 = ORIENTED_EDGE ( 'NONE', *, *, #10878, .T. ) ;
#11455 = CIRCLE ( 'NONE', #391, 0.1562499999999960587 ) ;
#11456 = CARTESIAN_POINT ( 'NONE',  ( -11.08815000000000062, 51.69999999999999574, 0.000000000000000000 ) ) ;
#11457 = MECHANICAL_DESIGN_GEOMETRIC_PRESENTATION_REPRESENTATION (  '', ( #12454 ), #1603 ) ;
#11458 = ADVANCED_FACE ( 'NONE', ( #6450 ), #1727, .F. ) ;
#11459 = CARTESIAN_POINT ( 'NONE',  ( -12.75000000000000000, 54.50999999999998380, -1.124999999999997113 ) ) ;
#11460 = LINE ( 'NONE', #1575, #11392 ) ;
#11461 = LINE ( 'NONE', #2824, #10927 ) ;
#11462 = DIRECTION ( 'NONE',  ( 0.000000000000000000, 0.000000000000000000, -1.000000000000000000 ) ) ;
#11463 = CARTESIAN_POINT ( 'NONE',  ( -12.00000000000000355, 4.500000000000000888, -8.339222019273449860 ) ) ;
#11464 = EDGE_LOOP ( 'NONE', ( #4540, #2868 ) ) ;
#11465 = DIRECTION ( 'NONE',  ( 1.000000000000000000, 0.000000000000000000, 0.000000000000000000 ) ) ;
#11466 = AXIS2_PLACEMENT_3D ( 'NONE', #5667, #8560, #7617 ) ;
#11467 =( GEOMETRIC_REPRESENTATION_CONTEXT ( 3 ) GLOBAL_UNCERTAINTY_ASSIGNED_CONTEXT ( ( #11483 ) ) GLOBAL_UNIT_ASSIGNED_CONTEXT ( ( #7907, #153, #3174 ) ) REPRESENTATION_CONTEXT ( 'NONE', 'WORKASPACE' ) );
#11468 = DIRECTION ( 'NONE',  ( 0.000000000000000000, 0.000000000000000000, -1.000000000000000000 ) ) ;
#11469 = CARTESIAN_POINT ( 'NONE',  ( 12.75000000000000000, 38.00999999999999091, -1.281249999999993117 ) ) ;
#11470 = ORIENTED_EDGE ( 'NONE', *, *, #563, .T. ) ;
#11471 = DIRECTION ( 'NONE',  ( -1.000000000000000000, 0.000000000000000000, 0.000000000000000000 ) ) ;
#11472 = EDGE_CURVE ( 'NONE', #10099, #10785, #5572, .T. ) ;
#11473 = FACE_OUTER_BOUND ( 'NONE', #399, .T. ) ;
#11474 = DIRECTION ( 'NONE',  ( 0.000000000000000000, 0.9396926207859103153, 0.3420201433256631618 ) ) ;
#11475 = FACE_OUTER_BOUND ( 'NONE', #11132, .T. ) ;
#11476 = EDGE_LOOP ( 'NONE', ( #4518, #4876 ) ) ;
#11477 = PLANE ( 'NONE',  #5207 ) ;
#11478 = DIRECTION ( 'NONE',  ( 0.000000000000000000, 0.000000000000000000, -1.000000000000000000 ) ) ;
#11479 = CARTESIAN_POINT ( 'NONE',  ( 10.51999999999999247, 3.750000000000003553, -9.410333024330023832 ) ) ;
#11480 = ORIENTED_EDGE ( 'NONE', *, *, #1630, .F. ) ;
#11481 = ORIENTED_EDGE ( 'NONE', *, *, #2892, .T. ) ;
#11482 = ORIENTED_EDGE ( 'NONE', *, *, #2892, .F. ) ;
#11483 = UNCERTAINTY_MEASURE_WITH_UNIT (LENGTH_MEASURE( 1.000000000000000082E-05 ), #7907, 'distance_accuracy_value', 'NONE');
#11484 = DIRECTION ( 'NONE',  ( -0.000000000000000000, -1.000000000000000000, -0.000000000000000000 ) ) ;
#11485 = AXIS2_PLACEMENT_3D ( 'NONE', #4846, #6566, #6689 ) ;
#11486 = ORIENTED_EDGE ( 'NONE', *, *, #11741, .T. ) ;
#11487 = ORIENTED_EDGE ( 'NONE', *, *, #592, .F. ) ;
#11488 = CARTESIAN_POINT ( 'NONE',  ( -12.75000000000000000, 45.50999999999999091, -0.9687500000000012212 ) ) ;
#11489 = EDGE_CURVE ( 'NONE', #1031, #8394, #649, .T. ) ;
#11490 = EDGE_CURVE ( 'NONE', #2975, #12461, #3795, .T. ) ;
#11491 = CARTESIAN_POINT ( 'NONE',  ( 11.26000000000000156, 49.19999999999999574, -0.7499999999999940048 ) ) ;
#11492 = EDGE_LOOP ( 'NONE', ( #9691, #8494, #3028, #8767 ) ) ;
#11493 = CARTESIAN_POINT ( 'NONE',  ( -12.75000000000000000, 33.50999999999999091, -1.124999999999997113 ) ) ;
#11494 = DIRECTION ( 'NONE',  ( 0.000000000000000000, 0.000000000000000000, -1.000000000000000000 ) ) ;
#11495 = ORIENTED_EDGE ( 'NONE', *, *, #6714, .T. ) ;
#11496 = FACE_OUTER_BOUND ( 'NONE', #10617, .T. ) ;
#11497 = FILL_AREA_STYLE_COLOUR ( '', #6825 ) ;
#11498 = VECTOR ( 'NONE', #6271, 39.37007874015748143 ) ;
#11499 = ORIENTED_EDGE ( 'NONE', *, *, #3720, .T. ) ;
#11500 = ADVANCED_FACE ( 'NONE', ( #4493 ), #11238, .F. ) ;
#11501 = DIRECTION ( 'NONE',  ( 0.000000000000000000, 0.000000000000000000, 1.000000000000000000 ) ) ;
#11502 = LINE ( 'NONE', #10624, #8484 ) ;
#11503 = ORIENTED_EDGE ( 'NONE', *, *, #11544, .F. ) ;
#11504 = CARTESIAN_POINT ( 'NONE',  ( -11.26000000000000156, 49.19999999999999574, 0.000000000000000000 ) ) ;
#11505 = VERTEX_POINT ( 'NONE', #8530 ) ;
#11506 = MECHANICAL_DESIGN_GEOMETRIC_PRESENTATION_REPRESENTATION (  '', ( #4862 ), #3858 ) ;
#11507 = DIRECTION ( 'NONE',  ( -1.000000000000000000, 0.000000000000000000, 0.000000000000000000 ) ) ;
#11508 = CARTESIAN_POINT ( 'NONE',  ( -22.06250000000002132, 21.22999999999999687, -0.7499999999999974465 ) ) ;
#11509 = ORIENTED_EDGE ( 'NONE', *, *, #5200, .T. ) ;
#11510 = DIRECTION ( 'NONE',  ( -0.000000000000000000, -1.177520686924250979E-16, 1.000000000000000000 ) ) ;
#11511 = DIRECTION ( 'NONE',  ( -0.000000000000000000, -1.000000000000000000, -0.000000000000000000 ) ) ;
#11512 = EDGE_CURVE ( 'NONE', #845, #5516, #3543, .T. ) ;
#11513 =( CONVERSION_BASED_UNIT ( 'INCH', #11573 ) LENGTH_UNIT ( ) NAMED_UNIT ( #9222 ) );
#11514 = ORIENTED_EDGE ( 'NONE', *, *, #10753, .F. ) ;
#11515 = VECTOR ( 'NONE', #2516, 39.37007874015748143 ) ;
#11516 = AXIS2_PLACEMENT_3D ( 'NONE', #181, #3075, #6801 ) ;
#11517 = EDGE_CURVE ( 'NONE', #9779, #1608, #77, .T. ) ;
#11518 = DIRECTION ( 'NONE',  ( -1.000000000000000000, -0.000000000000000000, -0.000000000000000000 ) ) ;
#11519 = LINE ( 'NONE', #2250, #10295 ) ;
#11520 = FACE_OUTER_BOUND ( 'NONE', #1233, .T. ) ;
#11521 = FACE_OUTER_BOUND ( 'NONE', #9507, .T. ) ;
#11522 = CARTESIAN_POINT ( 'NONE',  ( 11.99999999999999822, 26.00999999999999091, -1.281249999999994893 ) ) ;
#11523 = FACE_OUTER_BOUND ( 'NONE', #12171, .T. ) ;
#11524 = ORIENTED_EDGE ( 'NONE', *, *, #10192, .F. ) ;
#11525 = VECTOR ( 'NONE', #2732, 39.37007874015748143 ) ;
#11526 = EDGE_CURVE ( 'NONE', #273, #4772, #3607, .T. ) ;
#11527 = DIRECTION ( 'NONE',  ( -1.000000000000000000, -0.000000000000000000, -0.000000000000000000 ) ) ;
#11528 = EDGE_CURVE ( 'NONE', #6697, #2720, #4898, .T. ) ;
#11529 = PLANE ( 'NONE',  #9348 ) ;
#11530 = EDGE_LOOP ( 'NONE', ( #4325, #2475, #7767, #12121 ) ) ;
#11531 = CARTESIAN_POINT ( 'NONE',  ( 12.75000000000000355, 28.49999999999998579, 3.479999999999999982 ) ) ;
#11532 = CIRCLE ( 'NONE', #6112, 0.1718500000000005301 ) ;
#11533 = DIRECTION ( 'NONE',  ( -0.000000000000000000, 0.000000000000000000, -1.000000000000000000 ) ) ;
#11534 = DIRECTION ( 'NONE',  ( -0.000000000000000000, -1.000000000000000000, -0.000000000000000000 ) ) ;
#11535 = DIRECTION ( 'NONE',  ( 0.000000000000000000, 0.000000000000000000, -1.000000000000000000 ) ) ;
#11536 = ORIENTED_EDGE ( 'NONE', *, *, #11192, .F. ) ;
#11537 = CARTESIAN_POINT ( 'NONE',  ( -11.00000000000000000, 44.00999999999999801, -1.124999999999997113 ) ) ;
#11538 = DIRECTION ( 'NONE',  ( 0.000000000000000000, -1.000000000000000000, 0.000000000000000000 ) ) ;
#11539 = LINE ( 'NONE', #7762, #4496 ) ;
#11540 = ORIENTED_EDGE ( 'NONE', *, *, #11517, .T. ) ;
#11541 = EDGE_LOOP ( 'NONE', ( #3245, #4162, #7783, #904 ) ) ;
#11542 = VECTOR ( 'NONE', #12239, 39.37007874015748143 ) ;
#11543 = EDGE_LOOP ( 'NONE', ( #5999, #10969 ) ) ;
#11544 = EDGE_CURVE ( 'NONE', #6060, #4738, #4612, .T. ) ;
#11545 = LINE ( 'NONE', #1212, #4506 ) ;
#11546 = ORIENTED_EDGE ( 'NONE', *, *, #6129, .F. ) ;
#11547 = EDGE_LOOP ( 'NONE', ( #10097, #10359, #7775, #3916 ) ) ;
#11548 = FACE_OUTER_BOUND ( 'NONE', #8971, .T. ) ;
#11549 = VECTOR ( 'NONE', #5817, 39.37007874015748143 ) ;
#11550 = VERTEX_POINT ( 'NONE', #10479 ) ;
#11551 = FACE_OUTER_BOUND ( 'NONE', #1148, .T. ) ;
#11552 = CARTESIAN_POINT ( 'NONE',  ( -11.09357151284651799, 51.65709469680680854, -1.071880503410616248 ) ) ;
#11553 = EDGE_LOOP ( 'NONE', ( #5337, #12188, #10138, #8033 ) ) ;
#11554 = FACE_OUTER_BOUND ( 'NONE', #12114, .T. ) ;
#11555 = EDGE_CURVE ( 'NONE', #6332, #7088, #12301, .T. ) ;
#11556 = FILL_AREA_STYLE ('',( #11497 ) ) ;
#11557 = AXIS2_PLACEMENT_3D ( 'NONE', #10283, #1644, #5497 ) ;
#11558 = ORIENTED_EDGE ( 'NONE', *, *, #3147, .F. ) ;
#11559 = ORIENTED_EDGE ( 'NONE', *, *, #11988, .T. ) ;
#11560 = CARTESIAN_POINT ( 'NONE',  ( 11.99999999999999822, 52.18999999999999773, -1.499999999999993561 ) ) ;
#11561 = VECTOR ( 'NONE', #10259, 39.37007874015748143 ) ;
#11562 = CARTESIAN_POINT ( 'NONE',  ( 10.51999999999999957, 0.000000000000000000, 0.000000000000000000 ) ) ;
#11563 = VERTEX_POINT ( 'NONE', #5638 ) ;
#11564 = PRESENTATION_LAYER_ASSIGNMENT (  '', '', ( #10371 ) ) ;
#11565 = DIRECTION ( 'NONE',  ( 0.000000000000000000, 0.000000000000000000, -1.000000000000000000 ) ) ;
#11566 = EDGE_LOOP ( 'NONE', ( #10365, #7975, #4351, #10552 ) ) ;
#11567 = LINE ( 'NONE', #3878, #4549 ) ;
#11568 = LINE ( 'NONE', #12326, #3757 ) ;
#11569 = ADVANCED_FACE ( 'NONE', ( #5700 ), #4551, .F. ) ;
#11570 = EDGE_CURVE ( 'NONE', #1625, #5877, #11359, .T. ) ;
#11571 =( NAMED_UNIT ( * ) PLANE_ANGLE_UNIT ( ) SI_UNIT ( $, .RADIAN. ) );
#11572 = CIRCLE ( 'NONE', #6153, 0.1562499999999979461 ) ;
#11573 = LENGTH_MEASURE_WITH_UNIT ( LENGTH_MEASURE( 0.02539999999999999897 ), #7797 );
#11574 = ORIENTED_EDGE ( 'NONE', *, *, #9652, .F. ) ;
#11575 = LINE ( 'NONE', #6974, #808 ) ;
#11576 = CARTESIAN_POINT ( 'NONE',  ( 12.75000000000000000, 29.25000000000000000, 0.000000000000000000 ) ) ;
#11577 = CARTESIAN_POINT ( 'NONE',  ( -11.00000000000000000, 53.00999999999999091, -0.9687499999999976685 ) ) ;
#11578 = VECTOR ( 'NONE', #3381, 39.37007874015748143 ) ;
#11579 = CARTESIAN_POINT ( 'NONE',  ( -11.99999999999999822, 45.50999999999999091, -1.124999999999997113 ) ) ;
#11580 = VECTOR ( 'NONE', #6979, 39.37007874015748143 ) ;
#11581 = CARTESIAN_POINT ( 'NONE',  ( -12.75000000000000000, 30.50999999999998735, -1.124999999999997113 ) ) ;
#11582 = LINE ( 'NONE', #9772, #124 ) ;
#11583 = EDGE_LOOP ( 'NONE', ( #1558, #7076, #1606, #1361 ) ) ;
#11584 = LINE ( 'NONE', #3011, #8301 ) ;
#11585 = EDGE_CURVE ( 'NONE', #11897, #6187, #2724, .T. ) ;
#11586 = LINE ( 'NONE', #2765, #2986 ) ;
#11587 = DIRECTION ( 'NONE',  ( -0.000000000000000000, -0.000000000000000000, 1.000000000000000000 ) ) ;
#11588 = AXIS2_PLACEMENT_3D ( 'NONE', #9572, #11627, #5968 ) ;
#11589 = ORIENTED_EDGE ( 'NONE', *, *, #3748, .F. ) ;
#11590 = DIRECTION ( 'NONE',  ( 0.000000000000000000, 0.000000000000000000, 1.000000000000000000 ) ) ;
#11591 = CARTESIAN_POINT ( 'NONE',  ( -10.51999999999999957, 59.18999999999999773, -1.500000000000000222 ) ) ;
#11592 = DIRECTION ( 'NONE',  ( 0.000000000000000000, 1.000000000000000000, 0.000000000000000000 ) ) ;
#11593 = EDGE_CURVE ( 'NONE', #7779, #6923, #7586, .T. ) ;
#11594 = LINE ( 'NONE', #2960, #10127 ) ;
#11595 = EDGE_LOOP ( 'NONE', ( #5401, #9181, #10772, #234 ) ) ;
#11596 = EDGE_CURVE ( 'NONE', #8136, #9432, #11303, .T. ) ;
#11597 =( LENGTH_UNIT ( ) NAMED_UNIT ( * ) SI_UNIT ( $, .METRE. ) );
#11598 = CARTESIAN_POINT ( 'NONE',  ( 12.75000000000000000, 28.49999999999998579, 2.729999999999999982 ) ) ;
#11599 = LINE ( 'NONE', #1143, #4704 ) ;
#11600 = ORIENTED_EDGE ( 'NONE', *, *, #8013, .F. ) ;
#11601 = VECTOR ( 'NONE', #629, 39.37007874015748143 ) ;
#11602 = EDGE_LOOP ( 'NONE', ( #5699, #10860, #7987, #5807 ) ) ;
#11603 = EDGE_CURVE ( 'NONE', #11563, #1224, #9756, .T. ) ;
#11604 = ORIENTED_EDGE ( 'NONE', *, *, #9753, .F. ) ;
#11605 = DIRECTION ( 'NONE',  ( 0.000000000000000000, 0.000000000000000000, -1.000000000000000000 ) ) ;
#11606 = VERTEX_POINT ( 'NONE', #10418 ) ;
#11607 = ORIENTED_EDGE ( 'NONE', *, *, #8515, .F. ) ;
#11608 = DIRECTION ( 'NONE',  ( 0.000000000000000000, 0.000000000000000000, -1.000000000000000000 ) ) ;
#11609 = AXIS2_PLACEMENT_3D ( 'NONE', #2317, #11829, #3201 ) ;
#11610 = PRESENTATION_STYLE_ASSIGNMENT (( #6707 ) ) ;
#11611 = ORIENTED_EDGE ( 'NONE', *, *, #12431, .F. ) ;
#11612 = ADVANCED_FACE ( 'NONE', ( #4680 ), #2785, .F. ) ;
#11613 = LINE ( 'NONE', #7838, #5483 ) ;
#11614 = DIRECTION ( 'NONE',  ( -0.000000000000000000, 7.850137912828339862E-17, -1.000000000000000000 ) ) ;
#11615 = CARTESIAN_POINT ( 'NONE',  ( -11.38021356574773968, 51.57703531327747726, -0.9837683682622352377 ) ) ;
#11616 = ORIENTED_EDGE ( 'NONE', *, *, #10427, .T. ) ;
#11617 = DIRECTION ( 'NONE',  ( 0.000000000000000000, 0.000000000000000000, -1.000000000000000000 ) ) ;
#11618 = ORIENTED_EDGE ( 'NONE', *, *, #11825, .F. ) ;
#11619 = ORIENTED_EDGE ( 'NONE', *, *, #4123, .F. ) ;
#11620 = CARTESIAN_POINT ( 'NONE',  ( 12.75000000000000000, 54.50999999999998380, -1.124999999999997113 ) ) ;
#11621 = STYLED_ITEM ( 'NONE', ( #3435 ), #9306 ) ;
#11622 = LINE ( 'NONE', #4761, #8078 ) ;
#11623 = VERTEX_POINT ( 'NONE', #10543 ) ;
#11624 = EDGE_CURVE ( 'NONE', #835, #2295, #2033, .T. ) ;
#11625 = DIRECTION ( 'NONE',  ( 0.000000000000000000, 0.000000000000000000, -1.000000000000000000 ) ) ;
#11626 = EDGE_LOOP ( 'NONE', ( #2780, #988, #8379, #9208 ) ) ;
#11627 = DIRECTION ( 'NONE',  ( 9.229216194811704926E-17, -0.000000000000000000, 1.000000000000000000 ) ) ;
#11628 = DIRECTION ( 'NONE',  ( 0.000000000000000000, 0.000000000000000000, -1.000000000000000000 ) ) ;
#11629 = PLANE ( 'NONE',  #4079 ) ;
#11630 = VECTOR ( 'NONE', #8510, 39.37007874015748143 ) ;
#11631 = ORIENTED_EDGE ( 'NONE', *, *, #11110, .F. ) ;
#11632 = CARTESIAN_POINT ( 'NONE',  ( -6.000000000000002665, 54.75000000000000000, 0.000000000000000000 ) ) ;
#11633 = EDGE_CURVE ( 'NONE', #4698, #853, #11725, .T. ) ;
#11634 = CARTESIAN_POINT ( 'NONE',  ( -12.75000000000000000, 26.00999999999999091, -1.124999999999997113 ) ) ;
#11635 = EDGE_CURVE ( 'NONE', #5760, #5932, #12355, .T. ) ;
#11636 = VECTOR ( 'NONE', #10931, 39.37007874015748143 ) ;
#11637 = CARTESIAN_POINT ( 'NONE',  ( 11.00000000000000000, 44.00999999999999801, -1.124999999999997113 ) ) ;
#11638 = AXIS2_PLACEMENT_3D ( 'NONE', #9959, #7996, #370 ) ;
#11639 = CARTESIAN_POINT ( 'NONE',  ( -12.75000000000000355, 28.49999999999998579, 3.479999999999999538 ) ) ;
#11640 = PLANE ( 'NONE',  #8563 ) ;
#11641 = DIRECTION ( 'NONE',  ( -1.000000000000000000, -0.000000000000000000, -0.000000000000000000 ) ) ;
#11642 = EDGE_LOOP ( 'NONE', ( #11149, #5843 ) ) ;
#11643 = PLANE ( 'NONE',  #2468 ) ;
#11644 = DIRECTION ( 'NONE',  ( 0.000000000000000000, 1.000000000000000000, 0.000000000000000000 ) ) ;
#11645 = CARTESIAN_POINT ( 'NONE',  ( 11.99999999999999822, 59.18999999999999773, -2.250000000000000444 ) ) ;
#11646 = AXIS2_PLACEMENT_3D ( 'NONE', #9164, #11996, #12242 ) ;
#11647 = VECTOR ( 'NONE', #2123, 39.37007874015748143 ) ;
#11648 = EDGE_LOOP ( 'NONE', ( #8377, #8481, #3542, #3673 ) ) ;
#11649 = LINE ( 'NONE', #10773, #3610 ) ;
#11650 = DIRECTION ( 'NONE',  ( 0.000000000000000000, 0.000000000000000000, 1.000000000000000000 ) ) ;
#11651 = EDGE_CURVE ( 'NONE', #12061, #5091, #11755, .T. ) ;
#11652 = LINE ( 'NONE', #5994, #8556 ) ;
#11653 = DIRECTION ( 'NONE',  ( -1.000000000000000000, 0.000000000000000000, 0.000000000000000000 ) ) ;
#11654 = PRESENTATION_STYLE_ASSIGNMENT (( #10656 ) ) ;
#11655 = DIRECTION ( 'NONE',  ( -0.000000000000000000, -0.000000000000000000, -1.000000000000000000 ) ) ;
#11656 = CIRCLE ( 'NONE', #7239, 0.1562499999999979461 ) ;
#11657 = CARTESIAN_POINT ( 'NONE',  ( 11.08815000000000062, 13.74000000000000199, 0.000000000000000000 ) ) ;
#11658 = EDGE_LOOP ( 'NONE', ( #2857, #1097, #2196, #257 ) ) ;
#11659 = COLOUR_RGB ( '',1.000000000000000000, 1.000000000000000000, 1.000000000000000000 ) ;
#11660 = ORIENTED_EDGE ( 'NONE', *, *, #6624, .F. ) ;
#11661 = ORIENTED_EDGE ( 'NONE', *, *, #5127, .T. ) ;
#11662 = DIRECTION ( 'NONE',  ( -1.000000000000000000, 0.000000000000000000, 0.000000000000000000 ) ) ;
#11663 = ORIENTED_EDGE ( 'NONE', *, *, #2298, .T. ) ;
#11664 = ADVANCED_FACE ( 'NONE', ( #2969 ), #4858, .T. ) ;
#11665 = ORIENTED_EDGE ( 'NONE', *, *, #3118, .F. ) ;
#11666 = AXIS2_PLACEMENT_3D ( 'NONE', #4005, #2067, #1243 ) ;
#11667 = AXIS2_PLACEMENT_3D ( 'NONE', #11537, #130, #3967 ) ;
#11668 = PLANE ( 'NONE',  #8027 ) ;
#11669 = EDGE_CURVE ( 'NONE', #12175, #1522, #3854, .T. ) ;
#11670 = FACE_OUTER_BOUND ( 'NONE', #4656, .T. ) ;
#11671 = VERTEX_POINT ( 'NONE', #1969 ) ;
#11672 = FACE_OUTER_BOUND ( 'NONE', #5663, .T. ) ;
#11673 = FACE_OUTER_BOUND ( 'NONE', #5292, .T. ) ;
#11674 = CARTESIAN_POINT ( 'NONE',  ( -11.42648486196361723, 51.65731608173379641, -1.072499531515983984 ) ) ;
#11675 = ORIENTED_EDGE ( 'NONE', *, *, #11585, .T. ) ;
#11676 = DIRECTION ( 'NONE',  ( 1.000000000000000000, -0.000000000000000000, -0.000000000000000000 ) ) ;
#11677 = CONICAL_SURFACE ( 'NONE', #820, 0.1718500000000005301, 1.029744258676654756 ) ;
#11678 = LINE ( 'NONE', #10929, #9459 ) ;
#11679 = EDGE_CURVE ( 'NONE', #4237, #3351, #5878, .T. ) ;
#11680 = ORIENTED_EDGE ( 'NONE', *, *, #7749, .T. ) ;
#11681 = DIRECTION ( 'NONE',  ( 0.000000000000000000, -1.000000000000000000, 0.000000000000000000 ) ) ;
#11682 = VECTOR ( 'NONE', #69, 39.37007874015748143 ) ;
#11683 = LINE ( 'NONE', #1105, #1616 ) ;
#11684 = FACE_BOUND ( 'NONE', #4355, .T. ) ;
#11685 = ORIENTED_EDGE ( 'NONE', *, *, #1774, .F. ) ;
#11686 = DIRECTION ( 'NONE',  ( 0.000000000000000000, 0.000000000000000000, 1.000000000000000000 ) ) ;
#11687 = EDGE_LOOP ( 'NONE', ( #7664, #3540, #10803, #9290 ) ) ;
#11688 = FACE_OUTER_BOUND ( 'NONE', #527, .T. ) ;
#11689 = DIRECTION ( 'NONE',  ( -1.000000000000000000, 0.000000000000000000, 0.000000000000000000 ) ) ;
#11690 = VECTOR ( 'NONE', #12120, 39.37007874015748143 ) ;
#11691 = VECTOR ( 'NONE', #9318, 39.37007874015748143 ) ;
#11692 = LINE ( 'NONE', #6971, #9236 ) ;
#11693 = EDGE_CURVE ( 'NONE', #2064, #2075, #5733, .T. ) ;
#11694 = VERTEX_POINT ( 'NONE', #10726 ) ;
#11695 = CARTESIAN_POINT ( 'NONE',  ( 11.99999999999999822, 59.18999999999999773, -1.500000000000000222 ) ) ;
#11696 = SURFACE_STYLE_FILL_AREA ( #3004 ) ;
#11697 = FACE_OUTER_BOUND ( 'NONE', #843, .T. ) ;
#11698 = AXIS2_PLACEMENT_3D ( 'NONE', #1300, #345, #9229 ) ;
#11699 = DIRECTION ( 'NONE',  ( 0.000000000000000000, 0.000000000000000000, 1.000000000000000000 ) ) ;
#11700 = DIRECTION ( 'NONE',  ( -1.000000000000000000, -0.000000000000000000, -0.000000000000000000 ) ) ;
#11701 = DIRECTION ( 'NONE',  ( 1.000000000000000000, -0.000000000000000000, -0.000000000000000000 ) ) ;
#11702 = CARTESIAN_POINT ( 'NONE',  ( 11.99999999999999822, 25.76999999999998181, -9.184850993605266767E-17 ) ) ;
#11703 = VERTEX_POINT ( 'NONE', #967 ) ;
#11704 = DIRECTION ( 'NONE',  ( 0.000000000000000000, -0.000000000000000000, 1.000000000000000000 ) ) ;
#11705 = CARTESIAN_POINT ( 'NONE',  ( 11.43185000000000251, 21.71999999999999886, -1.499999999999997113 ) ) ;
#11706 = AXIS2_PLACEMENT_3D ( 'NONE', #973, #2853, #1033 ) ;
#11707 = ADVANCED_FACE ( 'NONE', ( #5937 ), #4032, .F. ) ;
#11708 = CARTESIAN_POINT ( 'NONE',  ( -10.51999999999999957, 59.18999999999999773, -2.249999999999999556 ) ) ;
#11709 = AXIS2_PLACEMENT_3D ( 'NONE', #267, #9024, #9154 ) ;
#11710 = EDGE_CURVE ( 'NONE', #5877, #10544, #1151, .T. ) ;
#11711 = VERTEX_POINT ( 'NONE', #6003 ) ;
#11712 = CYLINDRICAL_SURFACE ( 'NONE', #4413, 0.1718500000000005301 ) ;
#11713 = CARTESIAN_POINT ( 'NONE',  ( 11.26000000000000156, 24.21999999999999531, 0.000000000000000000 ) ) ;
#11714 = CARTESIAN_POINT ( 'NONE',  ( 11.00000000000000000, 41.00999999999999801, -1.124999999999997113 ) ) ;
#11715 = AXIS2_PLACEMENT_3D ( 'NONE', #12350, #1898, #1078 ) ;
#11716 = CARTESIAN_POINT ( 'NONE',  ( -11.99999999999999822, 59.18999999999999773, -0.7500000000000001110 ) ) ;
#11717 = FACE_OUTER_BOUND ( 'NONE', #9788, .T. ) ;
#11718 = PRESENTATION_LAYER_ASSIGNMENT (  '', '', ( #6492 ) ) ;
#11719 = CARTESIAN_POINT ( 'NONE',  ( -11.00000000000000000, 26.00999999999999091, -1.124999999999997113 ) ) ;
#11720 = ORIENTED_EDGE ( 'NONE', *, *, #10303, .T. ) ;
#11721 = ORIENTED_EDGE ( 'NONE', *, *, #1137, .T. ) ;
#11722 = ORIENTED_EDGE ( 'NONE', *, *, #4430, .F. ) ;
#11723 = UNCERTAINTY_MEASURE_WITH_UNIT (LENGTH_MEASURE( 1.000000000000000082E-05 ), #11513, 'distance_accuracy_value', 'NONE');
#11724 = EDGE_CURVE ( 'NONE', #6773, #12175, #11545, .T. ) ;
#11725 = LINE ( 'NONE', #2094, #490 ) ;
#11726 = ADVANCED_FACE ( 'NONE', ( #1085 ), #3094, .F. ) ;
#11727 = ORIENTED_EDGE ( 'NONE', *, *, #3472, .F. ) ;
#11728 = AXIS2_PLACEMENT_3D ( 'NONE', #12214, #5300, #3579 ) ;
#11729 = PRESENTATION_LAYER_ASSIGNMENT (  '', '', ( #2078 ) ) ;
#11730 = ORIENTED_EDGE ( 'NONE', *, *, #6860, .T. ) ;
#11731 = DIRECTION ( 'NONE',  ( 1.000000000000000000, 0.000000000000000000, 0.000000000000000000 ) ) ;
#11732 = CARTESIAN_POINT ( 'NONE',  ( 11.31253808265536165, 51.53583564816501195, -1.279130489625036615 ) ) ;
#11733 = CARTESIAN_POINT ( 'NONE',  ( 11.43185000000000251, 49.19999999999999574, -0.7499999999999940048 ) ) ;
#11734 = ORIENTED_EDGE ( 'NONE', *, *, #8338, .F. ) ;
#11735 = FACE_OUTER_BOUND ( 'NONE', #6537, .T. ) ;
#11736 = CARTESIAN_POINT ( 'NONE',  ( -11.26000000000000156, 51.69999999999999574, 0.000000000000000000 ) ) ;
#11737 = CARTESIAN_POINT ( 'NONE',  ( -11.12048453919845770, 51.59948715758819304, -0.9967926866997059987 ) ) ;
#11738 = VERTEX_POINT ( 'NONE', #10604 ) ;
#11739 = DIRECTION ( 'NONE',  ( 0.000000000000000000, -0.000000000000000000, -1.000000000000000000 ) ) ;
#11740 = EDGE_LOOP ( 'NONE', ( #7693, #9860, #9474, #8731 ) ) ;
#11741 = EDGE_CURVE ( 'NONE', #3433, #9734, #4921, .T. ) ;
#11742 = SURFACE_STYLE_FILL_AREA ( #4176 ) ;
#11743 = ORIENTED_EDGE ( 'NONE', *, *, #6302, .T. ) ;
#11744 = CARTESIAN_POINT ( 'NONE',  ( -12.00000000000000355, 25.76999999999998181, 3.480000000000003091 ) ) ;
#11745 = AXIS2_PLACEMENT_3D ( 'NONE', #14, #10719, #4794 ) ;
#11746 = LINE ( 'NONE', #8663, #10677 ) ;
#11747 = DIRECTION ( 'NONE',  ( 0.000000000000000000, 1.000000000000000000, 0.000000000000000000 ) ) ;
#11748 = ORIENTED_EDGE ( 'NONE', *, *, #6988, .T. ) ;
#11749 = CARTESIAN_POINT ( 'NONE',  ( 5.999999999999998224, 55.50000000000000000, 2.730000000000007088 ) ) ;
#11750 = ORIENTED_EDGE ( 'NONE', *, *, #4979, .T. ) ;
#11751 = EDGE_CURVE ( 'NONE', #1540, #9247, #139, .T. ) ;
#11752 = EDGE_CURVE ( 'NONE', #7982, #780, #4095, .T. ) ;
#11753 = DIRECTION ( 'NONE',  ( -1.000000000000000000, 0.000000000000000000, 0.000000000000000000 ) ) ;
#11754 = LINE ( 'NONE', #3125, #2554 ) ;
#11755 = CIRCLE ( 'NONE', #4906, 0.1562499999999979461 ) ;
#11756 = SURFACE_STYLE_FILL_AREA ( #3880 ) ;
#11757 = EDGE_CURVE ( 'NONE', #5264, #10633, #9669, .T. ) ;
#11758 = LINE ( 'NONE', #6097, #10251 ) ;
#11759 = ORIENTED_EDGE ( 'NONE', *, *, #2170, .F. ) ;
#11760 = CIRCLE ( 'NONE', #10757, 0.1562499999999979461 ) ;
#11761 = DIRECTION ( 'NONE',  ( 0.000000000000000000, 0.000000000000000000, -1.000000000000000000 ) ) ;
#11762 = AXIS2_PLACEMENT_3D ( 'NONE', #5161, #5227, #5290 ) ;
#11763 = CARTESIAN_POINT ( 'NONE',  ( -11.26000000000000156, 11.24000000000000199, -1.499999999999998668 ) ) ;
#11764 = ORIENTED_EDGE ( 'NONE', *, *, #8645, .T. ) ;
#11765 = DIRECTION ( 'NONE',  ( 1.000000000000000000, -0.000000000000000000, -0.000000000000000000 ) ) ;
#11766 = CARTESIAN_POINT ( 'NONE',  ( 0.000000000000000000, 3.750000000000003553, 0.000000000000000000 ) ) ;
#11767 = CARTESIAN_POINT ( 'NONE',  ( 11.00000000000000000, 50.00999999999999091, -1.124999999999997113 ) ) ;
#11768 = EDGE_CURVE ( 'NONE', #9729, #3010, #10161, .T. ) ;
#11769 = CARTESIAN_POINT ( 'NONE',  ( 12.75000000000000000, 36.50999999999999091, -1.124999999999997113 ) ) ;
#11770 = DIRECTION ( 'NONE',  ( 0.000000000000000000, 0.000000000000000000, 1.000000000000000000 ) ) ;
#11771 = ORIENTED_EDGE ( 'NONE', *, *, #10805, .T. ) ;
#11772 = CIRCLE ( 'NONE', #11177, 0.1562499999999979461 ) ;
#11773 = CYLINDRICAL_SURFACE ( 'NONE', #3869, 0.1718500000000005301 ) ;
#11774 = AXIS2_PLACEMENT_3D ( 'NONE', #11965, #5298, #9134 ) ;
#11775 = CARTESIAN_POINT ( 'NONE',  ( 11.99999999999999822, 21.22999999999999687, -0.7499999999999974465 ) ) ;
#11776 = DIRECTION ( 'NONE',  ( 1.000000000000000000, -0.000000000000000000, 0.000000000000000000 ) ) ;
#11777 = EDGE_LOOP ( 'NONE', ( #4507, #6152, #5811, #10489 ) ) ;
#11778 = DIRECTION ( 'NONE',  ( 0.000000000000000000, 0.000000000000000000, -1.000000000000000000 ) ) ;
#11779 = CIRCLE ( 'NONE', #2925, 0.1718500000000005301 ) ;
#11780 = AXIS2_PLACEMENT_3D ( 'NONE', #113, #10763, #2132 ) ;
#11781 = LINE ( 'NONE', #3148, #5256 ) ;
#11782 = CARTESIAN_POINT ( 'NONE',  ( -10.51999999999999424, 3.750000000000000000, 8.589666975669972615 ) ) ;
#11783 = DIRECTION ( 'NONE',  ( 0.000000000000000000, 0.000000000000000000, -1.000000000000000000 ) ) ;
#11784 = EDGE_CURVE ( 'NONE', #8991, #3526, #10972, .T. ) ;
#11785 = DIRECTION ( 'NONE',  ( 0.000000000000000000, 0.000000000000000000, -1.000000000000000000 ) ) ;
#11786 = PLANE ( 'NONE',  #8535 ) ;
#11787 = VERTEX_POINT ( 'NONE', #386 ) ;
#11788 = ORIENTED_EDGE ( 'NONE', *, *, #5097, .T. ) ;
#11789 = AXIS2_PLACEMENT_3D ( 'NONE', #4935, #7781, #31 ) ;
#11790 = EDGE_LOOP ( 'NONE', ( #5665, #4248 ) ) ;
#11791 = DIRECTION ( 'NONE',  ( 0.000000000000000000, -0.000000000000000000, -1.000000000000000000 ) ) ;
#11792 = ORIENTED_EDGE ( 'NONE', *, *, #10609, .T. ) ;
#11793 = CARTESIAN_POINT ( 'NONE',  ( -11.99999999999999822, 26.00999999999999091, -1.281249999999994893 ) ) ;
#11794 = DIRECTION ( 'NONE',  ( 0.000000000000000000, 1.000000000000000000, 0.000000000000000000 ) ) ;
#11795 = VECTOR ( 'NONE', #7563, 39.37007874015748143 ) ;
#11796 = CARTESIAN_POINT ( 'NONE',  ( -11.99999999999999822, 47.00999999999999091, -1.281249999999996447 ) ) ;
#11797 = ORIENTED_EDGE ( 'NONE', *, *, #11669, .T. ) ;
#11798 = EDGE_CURVE ( 'NONE', #9816, #11550, #3403, .T. ) ;
#11799 = LINE ( 'NONE', #8777, #4062 ) ;
#11800 = CARTESIAN_POINT ( 'NONE',  ( 11.08815000000000062, 21.71999999999999886, -2.250000000000000444 ) ) ;
#11801 = EDGE_CURVE ( 'NONE', #6997, #8059, #6314, .T. ) ;
#11802 = CARTESIAN_POINT ( 'NONE',  ( 12.75000000000000000, 28.49999999999999289, 0.000000000000000000 ) ) ;
#11803 = EDGE_LOOP ( 'NONE', ( #1931, #6572, #1977, #5941 ) ) ;
#11804 = DIRECTION ( 'NONE',  ( 0.000000000000000000, -7.850137912828339862E-17, 1.000000000000000000 ) ) ;
#11805 = ORIENTED_EDGE ( 'NONE', *, *, #1491, .T. ) ;
#11806 = AXIS2_PLACEMENT_3D ( 'NONE', #3710, #5674, #9590 ) ;
#11807 = EDGE_LOOP ( 'NONE', ( #4703, #6297 ) ) ;
#11808 = CARTESIAN_POINT ( 'NONE',  ( -11.26000000000000156, 21.71999999999999886, -0.7499999999999974465 ) ) ;
#11809 = FACE_OUTER_BOUND ( 'NONE', #9049, .T. ) ;
#11810 = EDGE_LOOP ( 'NONE', ( #1991, #2169 ) ) ;
#11811 = FACE_OUTER_BOUND ( 'NONE', #7264, .T. ) ;
#11812 = ADVANCED_FACE ( 'NONE', ( #9078 ), #2278, .F. ) ;
#11813 = ORIENTED_EDGE ( 'NONE', *, *, #11110, .T. ) ;
#11814 = AXIS2_PLACEMENT_3D ( 'NONE', #1054, #4887, #8735 ) ;
#11815 = DIRECTION ( 'NONE',  ( 1.000000000000000000, -0.000000000000000000, -0.000000000000000000 ) ) ;
#11816 = LINE ( 'NONE', #9879, #6589 ) ;
#11817 = FACE_OUTER_BOUND ( 'NONE', #11006, .T. ) ;
#11818 = VERTEX_POINT ( 'NONE', #9913 ) ;
#11819 = COLOUR_RGB ( '',1.000000000000000000, 1.000000000000000000, 1.000000000000000000 ) ;
#11820 = EDGE_CURVE ( 'NONE', #4275, #8200, #5112, .T. ) ;
#11821 = EDGE_CURVE ( 'NONE', #1311, #11694, #7000, .T. ) ;
#11822 = DIRECTION ( 'NONE',  ( -1.000000000000000000, 0.000000000000000000, 0.000000000000000000 ) ) ;
#11823 = EDGE_LOOP ( 'NONE', ( #2684, #11720, #11429, #3666 ) ) ;
#11824 = CARTESIAN_POINT ( 'NONE',  ( 3.219999999999996643, 54.75000000000000000, 0.000000000000000000 ) ) ;
#11825 = EDGE_CURVE ( 'NONE', #2740, #8133, #3223, .T. ) ;
#11826 = CARTESIAN_POINT ( 'NONE',  ( 12.75000000000000000, 29.97999999999998977, 3.479999999999999538 ) ) ;
#11827 = DIRECTION ( 'NONE',  ( 0.000000000000000000, 0.000000000000000000, -1.000000000000000000 ) ) ;
#11828 = CARTESIAN_POINT ( 'NONE',  ( -11.99999999999999822, 59.18999999999999773, -0.7500000000000001110 ) ) ;
#11829 = DIRECTION ( 'NONE',  ( 0.000000000000000000, 0.000000000000000000, -1.000000000000000000 ) ) ;
#11830 = ORIENTED_EDGE ( 'NONE', *, *, #2922, .F. ) ;
#11831 = CLOSED_SHELL ( 'NONE', ( #2432, #5712, #12252, #11812, #9741, #8030 ) ) ;
#11832 = CARTESIAN_POINT ( 'NONE',  ( 11.99999999999999822, 21.22999999999999687, -1.500000000000000222 ) ) ;
#11833 = LINE ( 'NONE', #10086, #1189 ) ;
#11834 = CARTESIAN_POINT ( 'NONE',  ( 11.28700237490141234, 51.52975399134621881, -0.9699714132464313243 ) ) ;
#11835 = EDGE_CURVE ( 'NONE', #7377, #4578, #11102, .T. ) ;
#11836 = ORIENTED_EDGE ( 'NONE', *, *, #6047, .F. ) ;
#11837 = CARTESIAN_POINT ( 'NONE',  ( -22.06250000000002132, 21.22999999999999687, -0.7499999999999974465 ) ) ;
#11838 = AXIS2_PLACEMENT_3D ( 'NONE', #6233, #5987, #6048 ) ;
#11839 = DIRECTION ( 'NONE',  ( 1.000000000000000000, 0.000000000000000000, 0.000000000000000000 ) ) ;
#11840 = DIRECTION ( 'NONE',  ( 1.000000000000000000, -0.000000000000000000, -0.000000000000000000 ) ) ;
#11841 = DIRECTION ( 'NONE',  ( 0.000000000000000000, 0.000000000000000000, -1.000000000000000000 ) ) ;
#11842 = CARTESIAN_POINT ( 'NONE',  ( 11.99999999999999822, 59.18999999999999773, -0.7500000000000001110 ) ) ;
#11843 = DIRECTION ( 'NONE',  ( 0.000000000000000000, 0.000000000000000000, -1.000000000000000000 ) ) ;
#11844 = ORIENTED_EDGE ( 'NONE', *, *, #3703, .F. ) ;
#11845 = EDGE_LOOP ( 'NONE', ( #5371, #4567, #3500, #11904 ) ) ;
#11846 = VECTOR ( 'NONE', #4616, 39.37007874015748143 ) ;
#11847 = AXIS2_PLACEMENT_3D ( 'NONE', #2610, #6282, #1553 ) ;
#11848 = EDGE_LOOP ( 'NONE', ( #6448, #9278 ) ) ;
#11849 = UNCERTAINTY_MEASURE_WITH_UNIT (LENGTH_MEASURE( 1.000000000000000082E-05 ), #9722, 'distance_accuracy_value', 'NONE');
#11850 = CARTESIAN_POINT ( 'NONE',  ( 11.99999999999999822, 14.23000000000000220, -1.499999999999998224 ) ) ;
#11851 = EDGE_CURVE ( 'NONE', #1845, #7475, #11950, .T. ) ;
#11852 = ORIENTED_EDGE ( 'NONE', *, *, #1900, .T. ) ;
#11853 = LINE ( 'NONE', #10789, #7834 ) ;
#11854 = CARTESIAN_POINT ( 'NONE',  ( 0.000000000000000000, 55.50000000000000000, 0.000000000000000000 ) ) ;
#11855 = FILL_AREA_STYLE_COLOUR ( '', #5128 ) ;
#11856 = DIRECTION ( 'NONE',  ( 0.000000000000000000, 0.000000000000000000, -1.000000000000000000 ) ) ;
#11857 = ORIENTED_EDGE ( 'NONE', *, *, #4509, .T. ) ;
#11858 = LINE ( 'NONE', #7072, #8509 ) ;
#11859 = DIRECTION ( 'NONE',  ( -1.000000000000000000, -0.000000000000000000, -0.000000000000000000 ) ) ;
#11860 = DIRECTION ( 'NONE',  ( -1.000000000000000000, 0.000000000000000000, 0.000000000000000000 ) ) ;
#11861 = ORIENTED_EDGE ( 'NONE', *, *, #11798, .F. ) ;
#11862 = DIRECTION ( 'NONE',  ( -1.000000000000000000, 0.000000000000000000, 0.000000000000000000 ) ) ;
#11863 = VERTEX_POINT ( 'NONE', #6064 ) ;
#11864 = DIMENSIONAL_EXPONENTS ( 1.000000000000000000, 0.000000000000000000, 0.000000000000000000, 0.000000000000000000, 0.000000000000000000, 0.000000000000000000, 0.000000000000000000 ) ;
#11865 = AXIS2_PLACEMENT_3D ( 'NONE', #998, #10819, #3067 ) ;
#11866 = CARTESIAN_POINT ( 'NONE',  ( 10.51999999999999957, 21.22999999999999687, -1.500000000000000222 ) ) ;
#11867 = EDGE_CURVE ( 'NONE', #218, #11024, #6128, .T. ) ;
#11868 = ADVANCED_FACE ( 'NONE', ( #10038 ), #1338, .F. ) ;
#11869 = ORIENTED_EDGE ( 'NONE', *, *, #561, .T. ) ;
#11870 = DIRECTION ( 'NONE',  ( 0.000000000000000000, -0.000000000000000000, 1.000000000000000000 ) ) ;
#11871 = DIRECTION ( 'NONE',  ( 1.845843238962340492E-16, -0.000000000000000000, 1.000000000000000000 ) ) ;
#11872 = DIRECTION ( 'NONE',  ( -1.000000000000000000, 0.000000000000000000, 5.537529716887025421E-16 ) ) ;
#11873 = EDGE_LOOP ( 'NONE', ( #4963, #1392, #5767, #8967 ) ) ;
#11874 = LINE ( 'NONE', #6394, #9505 ) ;
#11875 = CIRCLE ( 'NONE', #4630, 0.1562499999999979461 ) ;
#11876 = EDGE_LOOP ( 'NONE', ( #7187, #11600 ) ) ;
#11877 = CARTESIAN_POINT ( 'NONE',  ( -11.09296079807751134, 51.65958603896482515, -1.170637852168249671 ) ) ;
#11878 = CARTESIAN_POINT ( 'NONE',  ( 11.08815000000000062, 13.74000000000000199, -0.7499999999999983347 ) ) ;
#11879 = CARTESIAN_POINT ( 'NONE',  ( -12.75000000000000000, 47.00999999999999091, -1.281249999999996447 ) ) ;
#11880 = EDGE_CURVE ( 'NONE', #5858, #4578, #6529, .T. ) ;
#11881 = ORIENTED_EDGE ( 'NONE', *, *, #1632, .T. ) ;
#11882 = DIRECTION ( 'NONE',  ( 1.000000000000000000, -0.000000000000000000, -0.000000000000000000 ) ) ;
#11883 = FILL_AREA_STYLE ('',( #12075 ) ) ;
#11884 = VERTEX_POINT ( 'NONE', #9974 ) ;
#11885 = DIRECTION ( 'NONE',  ( 0.000000000000000000, 0.000000000000000000, -1.000000000000000000 ) ) ;
#11886 = CARTESIAN_POINT ( 'NONE',  ( 12.75000000000000000, 36.50999999999999091, -1.281249999999994893 ) ) ;
#11887 = CARTESIAN_POINT ( 'NONE',  ( -12.75000000000000000, 35.00999999999999091, -1.124999999999997113 ) ) ;
#11888 = CARTESIAN_POINT ( 'NONE',  ( -12.75000000000000000, 42.50999999999999801, -1.124999999999997113 ) ) ;
#11889 = CIRCLE ( 'NONE', #4651, 0.1562499999999979461 ) ;
#11890 = CARTESIAN_POINT ( 'NONE',  ( 11.99999999999999822, 41.00999999999999801, -1.281249999999994893 ) ) ;
#11891 = ORIENTED_EDGE ( 'NONE', *, *, #8838, .F. ) ;
#11892 = EDGE_CURVE ( 'NONE', #89, #5919, #3343, .T. ) ;
#11893 = CYLINDRICAL_SURFACE ( 'NONE', #11050, 0.1718500000000005301 ) ;
#11894 = CARTESIAN_POINT ( 'NONE',  ( 11.26000000000000156, 21.71999999999999886, -2.250000000000000444 ) ) ;
#11895 = ADVANCED_FACE ( 'NONE', ( #7189 ), #4161, .F. ) ;
#11896 = AXIS2_PLACEMENT_3D ( 'NONE', #11562, #2115, #2053 ) ;
#11897 = VERTEX_POINT ( 'NONE', #10100 ) ;
#11898 = LINE ( 'NONE', #440, #8450 ) ;
#11899 = CYLINDRICAL_SURFACE ( 'NONE', #3432, 0.1562499999999979461 ) ;
#11900 = CARTESIAN_POINT ( 'NONE',  ( 11.99999999999999822, 14.23000000000000220, -1.499999999999998224 ) ) ;
#11901 = DIRECTION ( 'NONE',  ( 1.000000000000000000, 0.000000000000000000, 0.000000000000000000 ) ) ;
#11902 = CARTESIAN_POINT ( 'NONE',  ( -11.99999999999999822, 24.70999999999999730, -0.7499999999999972244 ) ) ;
#11903 = DIRECTION ( 'NONE',  ( 0.000000000000000000, 0.000000000000000000, -1.000000000000000000 ) ) ;
#11904 = ORIENTED_EDGE ( 'NONE', *, *, #3387, .F. ) ;
#11905 = EDGE_CURVE ( 'NONE', #2306, #136, #7063, .T. ) ;
#11906 = EDGE_CURVE ( 'NONE', #6818, #7003, #10911, .T. ) ;
#11907 = VERTEX_POINT ( 'NONE', #4354 ) ;
#11908 = AXIS2_PLACEMENT_3D ( 'NONE', #11493, #10426, #6522 ) ;
#11909 = VERTEX_POINT ( 'NONE', #8199 ) ;
#11910 = DIRECTION ( 'NONE',  ( 0.000000000000000000, 0.000000000000000000, -1.000000000000000000 ) ) ;
#11911 = EDGE_CURVE ( 'NONE', #12241, #11818, #12040, .T. ) ;
#11912 = ORIENTED_EDGE ( 'NONE', *, *, #205, .F. ) ;
#11913 = DIRECTION ( 'NONE',  ( 1.000000000000000000, 0.000000000000000000, 0.000000000000000000 ) ) ;
#11914 = VECTOR ( 'NONE', #5168, 39.37007874015748143 ) ;
#11915 = CARTESIAN_POINT ( 'NONE',  ( 11.42209151153950586, 51.64281156500651093, -1.207577196869671798 ) ) ;
#11916 = VECTOR ( 'NONE', #5029, 39.37007874015748143 ) ;
#11917 = PRESENTATION_STYLE_ASSIGNMENT (( #8077 ) ) ;
#11918 = FACE_OUTER_BOUND ( 'NONE', #2990, .T. ) ;
#11919 = ORIENTED_EDGE ( 'NONE', *, *, #10553, .F. ) ;
#11920 = LINE ( 'NONE', #10172, #10710 ) ;
#11921 = DIRECTION ( 'NONE',  ( 0.000000000000000000, -1.000000000000000000, 0.000000000000000000 ) ) ;
#11922 = DIRECTION ( 'NONE',  ( 1.000000000000000000, 0.000000000000000000, 0.000000000000000000 ) ) ;
#11923 = ORIENTED_EDGE ( 'NONE', *, *, #3861, .T. ) ;
#11924 = ADVANCED_FACE ( 'NONE', ( #7315 ), #12162, .F. ) ;
#11925 = DIRECTION ( 'NONE',  ( 0.000000000000000000, 0.000000000000000000, -1.000000000000000000 ) ) ;
#11926 = ORIENTED_EDGE ( 'NONE', *, *, #6761, .F. ) ;
#11927 = CIRCLE ( 'NONE', #7300, 0.1718500000000005301 ) ;
#11928 = PRESENTATION_LAYER_ASSIGNMENT (  '', '', ( #5714 ) ) ;
#11929 = DIRECTION ( 'NONE',  ( -1.000000000000000000, 0.000000000000000000, 0.000000000000000000 ) ) ;
#11930 = EDGE_LOOP ( 'NONE', ( #4621, #6211, #9789, #8198 ) ) ;
#11931 = FACE_OUTER_BOUND ( 'NONE', #9122, .T. ) ;
#11932 = DIRECTION ( 'NONE',  ( -1.000000000000000000, 0.000000000000000000, 0.000000000000000000 ) ) ;
#11933 = VECTOR ( 'NONE', #9803, 39.37007874015748143 ) ;
#11934 = CARTESIAN_POINT ( 'NONE',  ( -11.99999999999999822, 14.23000000000000220, -1.499999999999998224 ) ) ;
#11935 = ORIENTED_EDGE ( 'NONE', *, *, #537, .T. ) ;
#11936 = CARTESIAN_POINT ( 'NONE',  ( -11.99999999999999822, 59.18999999999999773, -1.500000000000000222 ) ) ;
#11937 = ORIENTED_EDGE ( 'NONE', *, *, #7207, .T. ) ;
#11938 = EDGE_CURVE ( 'NONE', #7960, #41, #5110, .T. ) ;
#11939 = DIRECTION ( 'NONE',  ( -0.000000000000000000, -0.000000000000000000, 1.000000000000000000 ) ) ;
#11940 = CARTESIAN_POINT ( 'NONE',  ( 12.75000000000000000, 30.50999999999998735, -1.281249999999994893 ) ) ;
#11941 = EDGE_LOOP ( 'NONE', ( #3695, #9325, #5639, #7061 ) ) ;
#11942 = CARTESIAN_POINT ( 'NONE',  ( 11.99999999999999822, 59.18999999999999773, -1.500000000000000222 ) ) ;
#11943 = AXIS2_PLACEMENT_3D ( 'NONE', #12178, #6637, #2598 ) ;
#11944 = ORIENTED_EDGE ( 'NONE', *, *, #4836, .T. ) ;
#11945 = CARTESIAN_POINT ( 'NONE',  ( -11.99999999999999822, 21.22999999999999687, -2.249999999999997780 ) ) ;
#11946 = CYLINDRICAL_SURFACE ( 'NONE', #8406, 0.1718500000000005301 ) ;
#11947 = VERTEX_POINT ( 'NONE', #5557 ) ;
#11948 = LINE ( 'NONE', #11013, #3839 ) ;
#11949 = CYLINDRICAL_SURFACE ( 'NONE', #5145, 0.1562499999999979461 ) ;
#11950 = CIRCLE ( 'NONE', #5527, 0.1562499999999979461 ) ;
#11951 = DIRECTION ( 'NONE',  ( 1.000000000000000000, -0.000000000000000000, -0.000000000000000000 ) ) ;
#11952 = EDGE_CURVE ( 'NONE', #6622, #3433, #9952, .T. ) ;
#11953 = CYLINDRICAL_SURFACE ( 'NONE', #9781, 0.1562499999999979461 ) ;
#11954 = EDGE_CURVE ( 'NONE', #72, #4780, #8511, .T. ) ;
#11955 = LINE ( 'NONE', #1192, #4957 ) ;
#11956 = ORIENTED_EDGE ( 'NONE', *, *, #9096, .F. ) ;
#11957 = CARTESIAN_POINT ( 'NONE',  ( 0.000000000000000000, 56.75000000000000000, 0.000000000000000000 ) ) ;
#11958 = AXIS2_PLACEMENT_3D ( 'NONE', #4300, #11232, #7199 ) ;
#11959 = CARTESIAN_POINT ( 'NONE',  ( 11.14043371102468427, 51.57640368136808462, -0.9834703562830326984 ) ) ;
#11960 = ORIENTED_EDGE ( 'NONE', *, *, #869, .F. ) ;
#11961 = VECTOR ( 'NONE', #1709, 39.37007874015748143 ) ;
#11962 = VERTEX_POINT ( 'NONE', #7442 ) ;
#11963 = CARTESIAN_POINT ( 'NONE',  ( -11.99999999999999822, 10.75000000000000178, -0.7499999999999986677 ) ) ;
#11964 = DIRECTION ( 'NONE',  ( 0.000000000000000000, 0.000000000000000000, -1.000000000000000000 ) ) ;
#11965 = CARTESIAN_POINT ( 'NONE',  ( 10.51999999999999247, 4.500000000000002665, 8.589666975669972615 ) ) ;
#11966 = CIRCLE ( 'NONE', #1319, 0.1718500000000005301 ) ;
#11967 = CARTESIAN_POINT ( 'NONE',  ( 1.739999999999997327, 69.23000000000000398, 0.000000000000000000 ) ) ;
#11968 = AXIS2_PLACEMENT_3D ( 'NONE', #5141, #7028, #9107 ) ;
#11969 = CARTESIAN_POINT ( 'NONE',  ( 12.75000000000000000, 27.50999999999998735, -1.281249999999994893 ) ) ;
#11970 = EDGE_CURVE ( 'NONE', #7364, #3984, #1296, .T. ) ;
#11971 = LINE ( 'NONE', #4219, #12143 ) ;
#11972 = EDGE_LOOP ( 'NONE', ( #11734, #930, #4417, #7518 ) ) ;
#11973 = VERTEX_POINT ( 'NONE', #2524 ) ;
#11974 = ORIENTED_EDGE ( 'NONE', *, *, #231, .F. ) ;
#11975 = DIRECTION ( 'NONE',  ( 1.000000000000000000, 0.000000000000000000, 0.000000000000000000 ) ) ;
#11976 = AXIS2_PLACEMENT_3D ( 'NONE', #7991, #8051, #10141 ) ;
#11977 =( GEOMETRIC_REPRESENTATION_CONTEXT ( 3 ) GLOBAL_UNCERTAINTY_ASSIGNED_CONTEXT ( ( #12358 ) ) GLOBAL_UNIT_ASSIGNED_CONTEXT ( ( #7576, #2714, #6567 ) ) REPRESENTATION_CONTEXT ( 'NONE', 'WORKASPACE' ) );
#11978 = VERTEX_POINT ( 'NONE', #6375 ) ;
#11979 = DIRECTION ( 'NONE',  ( -1.000000000000000000, 0.000000000000000000, 0.000000000000000000 ) ) ;
#11980 = EDGE_CURVE ( 'NONE', #8602, #11863, #12284, .T. ) ;
#11981 = EDGE_CURVE ( 'NONE', #10800, #1894, #634, .T. ) ;
#11982 = CARTESIAN_POINT ( 'NONE',  ( -10.51999999999999424, 3.750000000000000000, 8.589666975669972615 ) ) ;
#11983 = SURFACE_STYLE_FILL_AREA ( #1343 ) ;
#11984 = DIRECTION ( 'NONE',  ( 0.000000000000000000, 0.000000000000000000, 1.000000000000000000 ) ) ;
#11985 = VERTEX_POINT ( 'NONE', #3651 ) ;
#11986 = CARTESIAN_POINT ( 'NONE',  ( -12.75000000000000000, 32.00999999999999091, -1.124999999999997113 ) ) ;
#11987 = FACE_OUTER_BOUND ( 'NONE', #7670, .T. ) ;
#11988 = EDGE_CURVE ( 'NONE', #871, #936, #7506, .T. ) ;
#11989 = DIRECTION ( 'NONE',  ( 0.000000000000000000, 0.000000000000000000, -1.000000000000000000 ) ) ;
#11990 = ORIENTED_EDGE ( 'NONE', *, *, #8293, .F. ) ;
#11991 = CIRCLE ( 'NONE', #10784, 0.1562499999999993339 ) ;
#11992 = CIRCLE ( 'NONE', #10988, 0.1718500000000005301 ) ;
#11993 = ORIENTED_EDGE ( 'NONE', *, *, #1739, .T. ) ;
#11994 = SURFACE_SIDE_STYLE ('',( #8153 ) ) ;
#11995 = ORIENTED_EDGE ( 'NONE', *, *, #9794, .F. ) ;
#11996 = DIRECTION ( 'NONE',  ( 0.000000000000000000, 0.000000000000000000, 1.000000000000000000 ) ) ;
#11997 = VECTOR ( 'NONE', #10618, 39.37007874015748143 ) ;
#11998 = EDGE_CURVE ( 'NONE', #6910, #3355, #1585, .T. ) ;
#11999 = DIRECTION ( 'NONE',  ( 1.000000000000000000, 0.000000000000000000, 0.000000000000000000 ) ) ;
#12000 =( NAMED_UNIT ( * ) PLANE_ANGLE_UNIT ( ) SI_UNIT ( $, .RADIAN. ) );
#12001 = ORIENTED_EDGE ( 'NONE', *, *, #8782, .F. ) ;
#12002 = CARTESIAN_POINT ( 'NONE',  ( 0.000000000000000000, 57.99999999999999289, 0.000000000000000000 ) ) ;
#12003 = ORIENTED_EDGE ( 'NONE', *, *, #8338, .T. ) ;
#12004 = CARTESIAN_POINT ( 'NONE',  ( 11.00000000000000000, 30.50999999999998735, -0.9687499999999992228 ) ) ;
#12005 = DIRECTION ( 'NONE',  ( -1.000000000000000000, 0.000000000000000000, 0.000000000000000000 ) ) ;
#12006 = AXIS2_PLACEMENT_3D ( 'NONE', #9121, #12200, #8235 ) ;
#12007 = ORIENTED_EDGE ( 'NONE', *, *, #4836, .F. ) ;
#12008 = PLANE ( 'NONE',  #9850 ) ;
#12009 = EDGE_LOOP ( 'NONE', ( #1211, #5690 ) ) ;
#12010 = EDGE_CURVE ( 'NONE', #11418, #10867, #8135, .T. ) ;
#12011 = PLANE ( 'NONE',  #4830 ) ;
#12012 = VECTOR ( 'NONE', #9506, 39.37007874015748143 ) ;
#12013 =( NAMED_UNIT ( * ) SI_UNIT ( $, .STERADIAN. ) SOLID_ANGLE_UNIT ( ) );
#12014 = VERTEX_POINT ( 'NONE', #8315 ) ;
#12015 = CARTESIAN_POINT ( 'NONE',  ( 3.219999999999996643, 29.24999999999999289, -0.7500000000000003331 ) ) ;
#12016 = CYLINDRICAL_SURFACE ( 'NONE', #10580, 0.1562499999999979461 ) ;
#12017 = LINE ( 'NONE', #11079, #9112 ) ;
#12018 = CARTESIAN_POINT ( 'NONE',  ( 11.26000000000000156, 49.19999999999999574, -2.250000000000000444 ) ) ;
#12019 = CARTESIAN_POINT ( 'NONE',  ( 11.26000000000000156, 11.24000000000000199, 0.000000000000000000 ) ) ;
#12020 = ORIENTED_EDGE ( 'NONE', *, *, #5551, .F. ) ;
#12021 = DIRECTION ( 'NONE',  ( 0.000000000000000000, 0.000000000000000000, -1.000000000000000000 ) ) ;
#12022 = MECHANICAL_DESIGN_GEOMETRIC_PRESENTATION_REPRESENTATION (  '', ( #8808 ), #10029 ) ;
#12023 = DIRECTION ( 'NONE',  ( -1.000000000000000000, 0.000000000000000000, 0.000000000000000000 ) ) ;
#12024 = CARTESIAN_POINT ( 'NONE',  ( -6.000000000000002665, 55.50000000000000000, 0.000000000000000000 ) ) ;
#12025 = EDGE_LOOP ( 'NONE', ( #4048, #12378, #7964, #6534 ) ) ;
#12026 = EDGE_CURVE ( 'NONE', #10986, #437, #10342, .T. ) ;
#12027 = ORIENTED_EDGE ( 'NONE', *, *, #28, .T. ) ;
#12028 = EDGE_CURVE ( 'NONE', #3351, #5990, #11163, .T. ) ;
#12029 = DIRECTION ( 'NONE',  ( 1.000000000000000000, -0.000000000000000000, -0.000000000000000000 ) ) ;
#12030 = DIRECTION ( 'NONE',  ( 0.000000000000000000, 0.000000000000000000, 1.000000000000000000 ) ) ;
#12031 = DIMENSIONAL_EXPONENTS ( 1.000000000000000000, 0.000000000000000000, 0.000000000000000000, 0.000000000000000000, 0.000000000000000000, 0.000000000000000000, 0.000000000000000000 ) ;
#12032 = CARTESIAN_POINT ( 'NONE',  ( -12.75000000000000355, 28.49999999999998579, 3.479999999999999982 ) ) ;
#12033 = AXIS2_PLACEMENT_3D ( 'NONE', #1121, #8865, #2188 ) ;
#12034 = CARTESIAN_POINT ( 'NONE',  ( -3.220000000000002416, 22.51999999999998181, -0.7499999999999998890 ) ) ;
#12035 = CARTESIAN_POINT ( 'NONE',  ( 11.00000000000000000, 47.00999999999999091, -1.124999999999997113 ) ) ;
#12036 = DIRECTION ( 'NONE',  ( 0.000000000000000000, 0.000000000000000000, -1.000000000000000000 ) ) ;
#12037 = ORIENTED_EDGE ( 'NONE', *, *, #4123, .T. ) ;
#12038 = ORIENTED_EDGE ( 'NONE', *, *, #481, .F. ) ;
#12039 = ORIENTED_EDGE ( 'NONE', *, *, #11219, .T. ) ;
#12040 = LINE ( 'NONE', #5435, #1091 ) ;
#12041 = CLOSED_SHELL ( 'NONE', ( #9281, #11868, #3404, #8127, #3456, #4611, #10634, #2747, #3315, #2563, #4038, #10312, #9109, #5653, #3605, #8771, #10034, #7833 ) ) ;
#12042 = ORIENTED_EDGE ( 'NONE', *, *, #7710, .T. ) ;
#12043 = EDGE_CURVE ( 'NONE', #10294, #8662, #12223, .T. ) ;
#12044 = FACE_OUTER_BOUND ( 'NONE', #2606, .T. ) ;
#12045 = DIRECTION ( 'NONE',  ( 1.000000000000000000, -0.000000000000000000, -0.000000000000000000 ) ) ;
#12046 = CYLINDRICAL_SURFACE ( 'NONE', #9294, 0.1562499999999979461 ) ;
#12047 = ORIENTED_EDGE ( 'NONE', *, *, #1817, .T. ) ;
#12048 = DIRECTION ( 'NONE',  ( -0.000000000000000000, -1.000000000000000000, -0.000000000000000000 ) ) ;
#12049 = CARTESIAN_POINT ( 'NONE',  ( -10.51999999999999957, 59.18999999999999773, -1.500000000000000222 ) ) ;
#12050 = VECTOR ( 'NONE', #9550, 39.37007874015748143 ) ;
#12051 = DIRECTION ( 'NONE',  ( 1.000000000000000000, -0.000000000000000000, -0.000000000000000000 ) ) ;
#12052 = ORIENTED_EDGE ( 'NONE', *, *, #10790, .T. ) ;
#12053 = ORIENTED_EDGE ( 'NONE', *, *, #11603, .F. ) ;
#12054 = EDGE_CURVE ( 'NONE', #996, #5028, #6619, .T. ) ;
#12055 = VERTEX_POINT ( 'NONE', #11411 ) ;
#12056 = AXIS2_PLACEMENT_3D ( 'NONE', #1399, #8385, #4541 ) ;
#12057 = EDGE_CURVE ( 'NONE', #16, #12357, #3911, .T. ) ;
#12058 = CIRCLE ( 'NONE', #4405, 0.1562499999999993339 ) ;
#12059 = CARTESIAN_POINT ( 'NONE',  ( -11.99999999999999822, 4.500000000000000000, -2.250000000000000444 ) ) ;
#12060 = CARTESIAN_POINT ( 'NONE',  ( -11.99999999999999822, 48.50999999999999091, -0.9687499999999992228 ) ) ;
#12061 = VERTEX_POINT ( 'NONE', #6436 ) ;
#12062 = CARTESIAN_POINT ( 'NONE',  ( -22.06250000000002132, 24.70999999999999730, -0.7499999999999972244 ) ) ;
#12063 = EDGE_LOOP ( 'NONE', ( #8699, #8832, #10279, #8973 ) ) ;
#12064 = DIRECTION ( 'NONE',  ( -0.000000000000000000, -0.000000000000000000, -1.000000000000000000 ) ) ;
#12065 = VECTOR ( 'NONE', #6608, 39.37007874015748143 ) ;
#12066 = DIRECTION ( 'NONE',  ( -1.000000000000000000, 0.000000000000000000, 0.000000000000000000 ) ) ;
#12067 = MECHANICAL_DESIGN_GEOMETRIC_PRESENTATION_REPRESENTATION (  '', ( #6036 ), #2407 ) ;
#12068 = PLANE ( 'NONE',  #6545 ) ;
#12069 = EDGE_CURVE ( 'NONE', #2037, #5314, #4112, .T. ) ;
#12070 = EDGE_LOOP ( 'NONE', ( #6759, #6390, #11130, #5829 ) ) ;
#12071 = LINE ( 'NONE', #8227, #11251 ) ;
#12072 = EDGE_LOOP ( 'NONE', ( #10605, #710 ) ) ;
#12073 = AXIS2_PLACEMENT_3D ( 'NONE', #5198, #10869, #7446 ) ;
#12074 = DIRECTION ( 'NONE',  ( 0.000000000000000000, -0.000000000000000000, -1.000000000000000000 ) ) ;
#12075 = FILL_AREA_STYLE_COLOUR ( '', #5600 ) ;
#12076 = EDGE_LOOP ( 'NONE', ( #11312, #8472, #6680, #8257 ) ) ;
#12077 = DIRECTION ( 'NONE',  ( 1.000000000000000000, -0.000000000000000000, -0.000000000000000000 ) ) ;
#12078 = DIRECTION ( 'NONE',  ( 0.000000000000000000, 0.000000000000000000, -1.000000000000000000 ) ) ;
#12079 = CARTESIAN_POINT ( 'NONE',  ( 11.99999999999999822, 41.00999999999999801, -0.9687499999999992228 ) ) ;
#12080 = DIRECTION ( 'NONE',  ( 1.000000000000000000, 0.000000000000000000, 0.000000000000000000 ) ) ;
#12081 = VERTEX_POINT ( 'NONE', #697 ) ;
#12082 = SURFACE_STYLE_FILL_AREA ( #7171 ) ;
#12083 = EDGE_CURVE ( 'NONE', #1717, #8008, #4537, .T. ) ;
#12084 = VECTOR ( 'NONE', #12289, 39.37007874015748143 ) ;
#12085 = CARTESIAN_POINT ( 'NONE',  ( 10.51999999999999247, 3.000000000000003109, 8.589666975669972615 ) ) ;
#12086 = CARTESIAN_POINT ( 'NONE',  ( 11.09183411936955999, 51.66443044117936267, -1.097711802702124873 ) ) ;
#12087 = ORIENTED_EDGE ( 'NONE', *, *, #5758, .T. ) ;
#12088 = EDGE_LOOP ( 'NONE', ( #6705, #4922 ) ) ;
#12089 = DIRECTION ( 'NONE',  ( 0.000000000000000000, 0.000000000000000000, -1.000000000000000000 ) ) ;
#12090 = FACE_OUTER_BOUND ( 'NONE', #3733, .T. ) ;
#12091 = VECTOR ( 'NONE', #10762, 39.37007874015748143 ) ;
#12092 = CARTESIAN_POINT ( 'NONE',  ( 12.75000000000000000, 45.50999999999999091, -1.124999999999997113 ) ) ;
#12093 = CARTESIAN_POINT ( 'NONE',  ( -0.3750000000000027200, 21.22999999999999332, 0.000000000000000000 ) ) ;
#12094 = FACE_OUTER_BOUND ( 'NONE', #10909, .T. ) ;
#12095 = CARTESIAN_POINT ( 'NONE',  ( 11.99999999999999822, 48.71000000000000085, -0.7499999999999940048 ) ) ;
#12096 = ORIENTED_EDGE ( 'NONE', *, *, #9239, .F. ) ;
#12097 = ADVANCED_FACE ( 'NONE', ( #4968, #10526, #1893, #64, #5746, #1197, #9713 ), #11529, .F. ) ;
#12098 = ORIENTED_EDGE ( 'NONE', *, *, #9670, .F. ) ;
#12099 = ORIENTED_EDGE ( 'NONE', *, *, #12134, .T. ) ;
#12100 = DIRECTION ( 'NONE',  ( -1.000000000000000000, -0.000000000000000000, -0.000000000000000000 ) ) ;
#12101 = AXIS2_PLACEMENT_3D ( 'NONE', #11256, #6721, #3625 ) ;
#12102 = ORIENTED_EDGE ( 'NONE', *, *, #6105, .T. ) ;
#12103 = CARTESIAN_POINT ( 'NONE',  ( -12.75000000000000000, 29.00999999999999091, -1.124999999999997113 ) ) ;
#12104 = DIRECTION ( 'NONE',  ( 1.000000000000000000, -0.000000000000000000, -0.000000000000000000 ) ) ;
#12105 =( NAMED_UNIT ( * ) SI_UNIT ( $, .STERADIAN. ) SOLID_ANGLE_UNIT ( ) );
#12106 = CARTESIAN_POINT ( 'NONE',  ( 11.99999999999999822, 59.18999999999999773, -0.7500000000000001110 ) ) ;
#12107 = ORIENTED_EDGE ( 'NONE', *, *, #6089, .T. ) ;
#12108 =( CONVERSION_BASED_UNIT ( 'INCH', #897 ) LENGTH_UNIT ( ) NAMED_UNIT ( #4214 ) );
#12109 = DIRECTION ( 'NONE',  ( 0.000000000000000000, 0.000000000000000000, -1.000000000000000000 ) ) ;
#12110 = VECTOR ( 'NONE', #6782, 39.37007874015748854 ) ;
#12111 = DIRECTION ( 'NONE',  ( 0.000000000000000000, 0.000000000000000000, -1.000000000000000000 ) ) ;
#12112 = ORIENTED_EDGE ( 'NONE', *, *, #7722, .F. ) ;
#12113 = EDGE_CURVE ( 'NONE', #3218, #9220, #7739, .T. ) ;
#12114 = EDGE_LOOP ( 'NONE', ( #9475, #9709, #7197, #1208 ) ) ;
#12115 = EDGE_CURVE ( 'NONE', #2387, #11606, #11366, .T. ) ;
#12116 =( CONVERSION_BASED_UNIT ( 'INCH', #6205 ) LENGTH_UNIT ( ) NAMED_UNIT ( #1165 ) );
#12117 = CIRCLE ( 'NONE', #9297, 0.1562499999999979461 ) ;
#12118 = ORIENTED_EDGE ( 'NONE', *, *, #11821, .T. ) ;
#12119 = CARTESIAN_POINT ( 'NONE',  ( -11.99999999999999822, 14.23000000000000220, -0.7499999999999983347 ) ) ;
#12120 = DIRECTION ( 'NONE',  ( 0.000000000000000000, 0.000000000000000000, 1.000000000000000000 ) ) ;
#12121 = ORIENTED_EDGE ( 'NONE', *, *, #586, .F. ) ;
#12122 = CARTESIAN_POINT ( 'NONE',  ( 10.51999999999999957, 48.71000000000000085, -1.499999999999993783 ) ) ;
#12123 = ORIENTED_EDGE ( 'NONE', *, *, #3344, .T. ) ;
#12124 = VECTOR ( 'NONE', #7560, 39.37007874015748143 ) ;
#12125 = FACE_OUTER_BOUND ( 'NONE', #10376, .T. ) ;
#12126 = EDGE_CURVE ( 'NONE', #7952, #9393, #3898, .T. ) ;
#12127 = CARTESIAN_POINT ( 'NONE',  ( 6.000000000000001776, 55.50000000000000000, 2.729999999999999982 ) ) ;
#12128 = PLANE ( 'NONE',  #12166 ) ;
#12129 = ORIENTED_EDGE ( 'NONE', *, *, #6061, .T. ) ;
#12130 = ORIENTED_EDGE ( 'NONE', *, *, #8134, .F. ) ;
#12131 = COLOUR_RGB ( '',1.000000000000000000, 1.000000000000000000, 1.000000000000000000 ) ;
#12132 = DIRECTION ( 'NONE',  ( 0.000000000000000000, 0.000000000000000000, -1.000000000000000000 ) ) ;
#12133 = EDGE_CURVE ( 'NONE', #5125, #9562, #5989, .T. ) ;
#12134 = EDGE_CURVE ( 'NONE', #3305, #6414, #8755, .T. ) ;
#12135 = ORIENTED_EDGE ( 'NONE', *, *, #5876, .F. ) ;
#12136 = CARTESIAN_POINT ( 'NONE',  ( 11.99999999999999822, 52.18999999999999773, -0.7499999999999936717 ) ) ;
#12137 = CARTESIAN_POINT ( 'NONE',  ( -10.51999999999999602, 3.000000000000000444, 8.589666975669972615 ) ) ;
#12138 = ORIENTED_EDGE ( 'NONE', *, *, #7654, .T. ) ;
#12139 = DIRECTION ( 'NONE',  ( 1.000000000000000000, 0.000000000000000000, 0.000000000000000000 ) ) ;
#12140 = EDGE_CURVE ( 'NONE', #10267, #8068, #2141, .T. ) ;
#12141 = DIRECTION ( 'NONE',  ( -0.000000000000000000, 7.850137912828339862E-17, -1.000000000000000000 ) ) ;
#12142 = ORIENTED_EDGE ( 'NONE', *, *, #6965, .F. ) ;
#12143 = VECTOR ( 'NONE', #5238, 39.37007874015748143 ) ;
#12144 = DIRECTION ( 'NONE',  ( -1.000000000000000000, -0.000000000000000000, -0.000000000000000000 ) ) ;
#12145 = DIRECTION ( 'NONE',  ( -1.000000000000000000, 0.000000000000000000, 0.000000000000000000 ) ) ;
#12146 = CARTESIAN_POINT ( 'NONE',  ( 11.99999999999999822, 47.00999999999999091, -1.281249999999996447 ) ) ;
#12147 = ORIENTED_EDGE ( 'NONE', *, *, #8694, .F. ) ;
#12148 = ORIENTED_EDGE ( 'NONE', *, *, #10960, .F. ) ;
#12149 = FACE_BOUND ( 'NONE', #1110, .T. ) ;
#12150 = VECTOR ( 'NONE', #1771, 39.37007874015748143 ) ;
#12151 = EDGE_CURVE ( 'NONE', #3631, #914, #9961, .T. ) ;
#12152 = FACE_BOUND ( 'NONE', #9202, .T. ) ;
#12153 = PLANE ( 'NONE',  #8760 ) ;
#12154 = CARTESIAN_POINT ( 'NONE',  ( 10.51999999999999247, 3.000000000000003109, 8.589666975669972615 ) ) ;
#12155 = DIRECTION ( 'NONE',  ( 1.000000000000000000, 0.000000000000000000, 0.000000000000000000 ) ) ;
#12156 = CARTESIAN_POINT ( 'NONE',  ( -12.75000000000000355, 29.97999999999998977, 3.479999999999999538 ) ) ;
#12157 = EDGE_LOOP ( 'NONE', ( #8910, #7079, #6898, #2186 ) ) ;
#12158 = DIRECTION ( 'NONE',  ( 1.000000000000000000, 0.000000000000000000, 0.000000000000000000 ) ) ;
#12159 = ORIENTED_EDGE ( 'NONE', *, *, #3829, .T. ) ;
#12160 = AXIS2_PLACEMENT_3D ( 'NONE', #9314, #11268, #10448 ) ;
#12161 = ORIENTED_EDGE ( 'NONE', *, *, #4400, .T. ) ;
#12162 = CYLINDRICAL_SURFACE ( 'NONE', #10547, 0.1562499999999979461 ) ;
#12163 = ORIENTED_EDGE ( 'NONE', *, *, #2087, .T. ) ;
#12164 = DIRECTION ( 'NONE',  ( -0.000000000000000000, -0.000000000000000000, 1.000000000000000000 ) ) ;
#12165 = VECTOR ( 'NONE', #3291, 39.37007874015748143 ) ;
#12166 = AXIS2_PLACEMENT_3D ( 'NONE', #3489, #726, #8408 ) ;
#12167 = ADVANCED_FACE ( 'NONE', ( #3 ), #1011, .T. ) ;
#12168 = CARTESIAN_POINT ( 'NONE',  ( -1.740000000000002656, 69.23000000000000398, 0.000000000000000000 ) ) ;
#12169 = CARTESIAN_POINT ( 'NONE',  ( -12.75000000000000355, 29.25000000000000000, 0.000000000000000000 ) ) ;
#12170 = DIRECTION ( 'NONE',  ( -0.000000000000000000, -0.000000000000000000, 1.000000000000000000 ) ) ;
#12171 = EDGE_LOOP ( 'NONE', ( #8506, #2750, #169, #6998 ) ) ;
#12172 = CYLINDRICAL_SURFACE ( 'NONE', #6442, 0.1718500000000005301 ) ;
#12173 = DIRECTION ( 'NONE',  ( 0.000000000000000000, 0.000000000000000000, -1.000000000000000000 ) ) ;
#12174 = ORIENTED_EDGE ( 'NONE', *, *, #586, .T. ) ;
#12175 = VERTEX_POINT ( 'NONE', #9651 ) ;
#12176 = AXIS2_PLACEMENT_3D ( 'NONE', #4715, #10335, #9391 ) ;
#12177 = VECTOR ( 'NONE', #3335, 39.37007874015748143 ) ;
#12178 = CARTESIAN_POINT ( 'NONE',  ( 11.26000000000000156, 49.19999999999999574, -1.500000000000000222 ) ) ;
#12179 = CARTESIAN_POINT ( 'NONE',  ( -6.000000000000002665, 55.50000000000000000, 3.479999999999999982 ) ) ;
#12180 =( GEOMETRIC_REPRESENTATION_CONTEXT ( 3 ) GLOBAL_UNCERTAINTY_ASSIGNED_CONTEXT ( ( #11723 ) ) GLOBAL_UNIT_ASSIGNED_CONTEXT ( ( #11513, #6788, #1117 ) ) REPRESENTATION_CONTEXT ( 'NONE', 'WORKASPACE' ) );
#12181 = ORIENTED_EDGE ( 'NONE', *, *, #8896, .F. ) ;
#12182 = EDGE_CURVE ( 'NONE', #2037, #2075, #1134, .T. ) ;
#12183 = EDGE_CURVE ( 'NONE', #78, #10044, #10709, .T. ) ;
#12184 = VECTOR ( 'NONE', #11016, 39.37007874015748143 ) ;
#12185 = ORIENTED_EDGE ( 'NONE', *, *, #1150, .F. ) ;
#12186 = VECTOR ( 'NONE', #11014, 39.37007874015748143 ) ;
#12187 = FACE_OUTER_BOUND ( 'NONE', #11972, .T. ) ;
#12188 = ORIENTED_EDGE ( 'NONE', *, *, #5961, .F. ) ;
#12189 = CARTESIAN_POINT ( 'NONE',  ( -11.41573461383527643, 51.62717745236783884, -1.228554184012478290 ) ) ;
#12190 = CYLINDRICAL_SURFACE ( 'NONE', #3161, 0.1718500000000005301 ) ;
#12191 = DIRECTION ( 'NONE',  ( 1.000000000000000000, 0.000000000000000000, 0.000000000000000000 ) ) ;
#12192 = AXIS2_PLACEMENT_3D ( 'NONE', #4701, #868, #11262 ) ;
#12193 = ORIENTED_EDGE ( 'NONE', *, *, #7677, .F. ) ;
#12194 = ADVANCED_FACE ( 'NONE', ( #4019 ), #2080, .F. ) ;
#12195 = CARTESIAN_POINT ( 'NONE',  ( -12.75000000000000000, 41.00999999999999801, -0.9687499999999992228 ) ) ;
#12196 = ORIENTED_EDGE ( 'NONE', *, *, #11, .T. ) ;
#12197 = DIRECTION ( 'NONE',  ( 1.000000000000000000, -0.000000000000000000, -0.000000000000000000 ) ) ;
#12198 = DIRECTION ( 'NONE',  ( -1.000000000000000000, 0.000000000000000000, 0.000000000000000000 ) ) ;
#12199 = CARTESIAN_POINT ( 'NONE',  ( 10.51999999999999957, 52.18999999999999773, -0.7499999999999936717 ) ) ;
#12200 = DIRECTION ( 'NONE',  ( -1.000000000000000000, 0.000000000000000000, 0.000000000000000000 ) ) ;
#12201 = ORIENTED_EDGE ( 'NONE', *, *, #3656, .F. ) ;
#12202 = ADVANCED_FACE ( 'NONE', ( #2953 ), #5862, .F. ) ;
#12203 = DIRECTION ( 'NONE',  ( 0.000000000000000000, 0.000000000000000000, -1.000000000000000000 ) ) ;
#12204 = ADVANCED_FACE ( 'NONE', ( #5922 ), #9777, .F. ) ;
#12205 = CARTESIAN_POINT ( 'NONE',  ( 11.12048453919845770, 51.59948715758819304, -0.9967926866997059987 ) ) ;
#12206 = ORIENTED_EDGE ( 'NONE', *, *, #2808, .F. ) ;
#12207 = CIRCLE ( 'NONE', #8185, 0.1562499999999957812 ) ;
#12208 = LENGTH_MEASURE_WITH_UNIT ( LENGTH_MEASURE( 0.02539999999999999897 ), #4524 );
#12209 = ORIENTED_EDGE ( 'NONE', *, *, #10615, .F. ) ;
#12210 = EDGE_CURVE ( 'NONE', #1845, #7667, #5032, .T. ) ;
#12211 = LINE ( 'NONE', #12272, #3619 ) ;
#12212 = PLANE ( 'NONE',  #11103 ) ;
#12213 = DIRECTION ( 'NONE',  ( -0.000000000000000000, -0.000000000000000000, 1.000000000000000000 ) ) ;
#12214 = CARTESIAN_POINT ( 'NONE',  ( 3.219999999999996643, 57.99999999999999289, 0.000000000000000000 ) ) ;
#12215 = CARTESIAN_POINT ( 'NONE',  ( -11.99999999999999822, 28.49999999999998579, -2.250000000000000444 ) ) ;
#12216 = DIRECTION ( 'NONE',  ( -0.000000000000000000, -1.000000000000000000, -0.000000000000000000 ) ) ;
#12217 = ORIENTED_EDGE ( 'NONE', *, *, #7780, .F. ) ;
#12218 = CIRCLE ( 'NONE', #347, 0.1718500000000005301 ) ;
#12219 = DIRECTION ( 'NONE',  ( 0.000000000000000000, 0.000000000000000000, -1.000000000000000000 ) ) ;
#12220 = VERTEX_POINT ( 'NONE', #6685 ) ;
#12221 = DIRECTION ( 'NONE',  ( -1.000000000000000000, 0.000000000000000000, 0.000000000000000000 ) ) ;
#12222 = ADVANCED_FACE ( 'NONE', ( #3776 ), #6987, .F. ) ;
#12223 = LINE ( 'NONE', #2766, #10957 ) ;
#12224 = ORIENTED_EDGE ( 'NONE', *, *, #8782, .T. ) ;
#12225 = PLANE ( 'NONE',  #10065 ) ;
#12226 = CIRCLE ( 'NONE', #5398, 0.1718500000000005301 ) ;
#12227 = CARTESIAN_POINT ( 'NONE',  ( 10.51999999999999957, 4.500000000000000000, 0.000000000000000000 ) ) ;
#12228 = DIRECTION ( 'NONE',  ( -0.000000000000000000, -0.000000000000000000, -1.000000000000000000 ) ) ;
#12229 = DIRECTION ( 'NONE',  ( 0.000000000000000000, 0.000000000000000000, -1.000000000000000000 ) ) ;
#12230 = VERTEX_POINT ( 'NONE', #11087 ) ;
#12231 = SURFACE_STYLE_FILL_AREA ( #8324 ) ;
#12232 = CARTESIAN_POINT ( 'NONE',  ( 11.99999999999999822, 28.49999999999998579, -2.250000000000003109 ) ) ;
#12233 = FACE_OUTER_BOUND ( 'NONE', #8925, .T. ) ;
#12234 = EDGE_LOOP ( 'NONE', ( #1723, #10048, #7391, #1214 ) ) ;
#12235 = ORIENTED_EDGE ( 'NONE', *, *, #2356, .F. ) ;
#12236 = CLOSED_SHELL ( 'NONE', ( #3655, #1897, #7974, #4744, #4671, #3885, #10568, #135, #12282, #194, #10411, #4402, #2615, #12335, #11317, #274, #5173, #6446, #2324, #2688, #10682, #12222, #7332, #2283, #9110, #2604, #1665, #1477, #6145, #1089, #7287, #3493, #11150, #751, #4502, #1323, #9200, #178, #6162, #10452, #11114, #7596, #4329, #1234, #5498, #5738, #7059, #1722, #4641, #10830, #9993, #4386, #6002, #3049 ) ) ;
#12237 = UNCERTAINTY_MEASURE_WITH_UNIT (LENGTH_MEASURE( 1.000000000000000082E-05 ), #12108, 'distance_accuracy_value', 'NONE');
#12238 = EDGE_CURVE ( 'NONE', #8133, #10307, #1505, .T. ) ;
#12239 = DIRECTION ( 'NONE',  ( -0.000000000000000000, 1.000000000000000000, -0.000000000000000000 ) ) ;
#12240 = VERTEX_POINT ( 'NONE', #9003 ) ;
#12241 = VERTEX_POINT ( 'NONE', #11022 ) ;
#12242 = DIRECTION ( 'NONE',  ( -1.000000000000000000, 0.000000000000000000, 0.000000000000000000 ) ) ;
#12243 = VECTOR ( 'NONE', #7487, 39.37007874015748143 ) ;
#12244 = SURFACE_STYLE_FILL_AREA ( #9418 ) ;
#12245 = ORIENTED_EDGE ( 'NONE', *, *, #899, .F. ) ;
#12246 = CYLINDRICAL_SURFACE ( 'NONE', #1864, 0.1562499999999957812 ) ;
#12247 = LINE ( 'NONE', #11015, #1266 ) ;
#12248 = ORIENTED_EDGE ( 'NONE', *, *, #4557, .F. ) ;
#12249 = PLANE ( 'NONE',  #10588 ) ;
#12250 = CARTESIAN_POINT ( 'NONE',  ( -10.51999999999999957, 3.750000000000000888, -9.410333024330023832 ) ) ;
#12251 = EDGE_CURVE ( 'NONE', #10666, #2144, #2385, .T. ) ;
#12252 = ADVANCED_FACE ( 'NONE', ( #4147 ), #4272, .F. ) ;
#12253 = VECTOR ( 'NONE', #8915, 39.37007874015748143 ) ;
#12254 = VECTOR ( 'NONE', #3930, 39.37007874015748143 ) ;
#12255 = EDGE_LOOP ( 'NONE', ( #8978, #3361, #2290, #2259 ) ) ;
#12256 = DIRECTION ( 'NONE',  ( 0.000000000000000000, 0.000000000000000000, 1.000000000000000000 ) ) ;
#12257 = EDGE_LOOP ( 'NONE', ( #5560, #4490, #3510, #11830 ) ) ;
#12258 = CYLINDRICAL_SURFACE ( 'NONE', #6686, 0.1718500000000005301 ) ;
#12259 = CIRCLE ( 'NONE', #4813, 0.1562499999999979461 ) ;
#12260 = DIRECTION ( 'NONE',  ( -0.000000000000000000, -0.000000000000000000, -1.000000000000000000 ) ) ;
#12261 = DIRECTION ( 'NONE',  ( -1.000000000000000000, 0.000000000000000000, 0.000000000000000000 ) ) ;
#12262 = DIRECTION ( 'NONE',  ( 0.000000000000000000, 0.000000000000000000, 1.000000000000000000 ) ) ;
#12263 = ORIENTED_EDGE ( 'NONE', *, *, #11752, .F. ) ;
#12264 = DIRECTION ( 'NONE',  ( -1.000000000000000000, -0.000000000000000000, -0.000000000000000000 ) ) ;
#12265 = ADVANCED_FACE ( 'NONE', ( #9960 ), #6234, .T. ) ;
#12266 = CARTESIAN_POINT ( 'NONE',  ( 11.26000000000000156, 13.74000000000000199, -2.250000000000000444 ) ) ;
#12267 = CARTESIAN_POINT ( 'NONE',  ( 11.99999999999999822, 14.23000000000000220, -0.7499999999999983347 ) ) ;
#12268 = AXIS2_PLACEMENT_3D ( 'NONE', #1572, #2569, #3514 ) ;
#12269 = EDGE_LOOP ( 'NONE', ( #5146, #7270, #11176, #7872 ) ) ;
#12270 = LENGTH_MEASURE_WITH_UNIT ( LENGTH_MEASURE( 0.02539999999999999897 ), #2818 );
#12271 = EDGE_LOOP ( 'NONE', ( #11320, #10730, #1271 ) ) ;
#12272 = CARTESIAN_POINT ( 'NONE',  ( -11.08815000000000062, 13.74000000000000199, 0.000000000000000000 ) ) ;
#12273 = CYLINDRICAL_SURFACE ( 'NONE', #9892, 0.1562499999999957812 ) ;
#12274 = DIMENSIONAL_EXPONENTS ( 1.000000000000000000, 0.000000000000000000, 0.000000000000000000, 0.000000000000000000, 0.000000000000000000, 0.000000000000000000, 0.000000000000000000 ) ;
#12275 = CARTESIAN_POINT ( 'NONE',  ( -11.26000000000000156, 21.71999999999999886, -2.250000000000000444 ) ) ;
#12276 = DIRECTION ( 'NONE',  ( 0.000000000000000000, 0.000000000000000000, -1.000000000000000000 ) ) ;
#12277 = EDGE_CURVE ( 'NONE', #5071, #2337, #10363, .T. ) ;
#12278 = FACE_BOUND ( 'NONE', #11464, .T. ) ;
#12279 = AXIS2_PLACEMENT_3D ( 'NONE', #1357, #1480, #9165 ) ;
#12280 = ORIENTED_EDGE ( 'NONE', *, *, #8367, .F. ) ;
#12281 = LINE ( 'NONE', #7504, #51 ) ;
#12282 = ADVANCED_FACE ( 'NONE', ( #4082 ), #1324, .F. ) ;
#12283 = EDGE_LOOP ( 'NONE', ( #7892, #3140, #7492, #4737 ) ) ;
#12284 = LINE ( 'NONE', #11344, #7733 ) ;
#12285 = EDGE_LOOP ( 'NONE', ( #9299, #11202, #1176, #9668 ) ) ;
#12286 = AXIS2_PLACEMENT_3D ( 'NONE', #3724, #7575, #11474 ) ;
#12287 = CARTESIAN_POINT ( 'NONE',  ( -12.00000000000000178, 3.750000000000000000, 8.589666975669972615 ) ) ;
#12288 = DIRECTION ( 'NONE',  ( 0.000000000000000000, 0.000000000000000000, -1.000000000000000000 ) ) ;
#12289 = DIRECTION ( 'NONE',  ( 1.000000000000000000, -0.000000000000000000, -0.000000000000000000 ) ) ;
#12290 =( LENGTH_UNIT ( ) NAMED_UNIT ( * ) SI_UNIT ( $, .METRE. ) );
#12291 = EDGE_CURVE ( 'NONE', #3921, #5457, #9728, .T. ) ;
#12292 = CYLINDRICAL_SURFACE ( 'NONE', #3253, 0.1562499999999978073 ) ;
#12293 = EDGE_LOOP ( 'NONE', ( #2644, #9542 ) ) ;
#12294 = DIRECTION ( 'NONE',  ( 1.000000000000000000, -0.000000000000000000, -0.000000000000000000 ) ) ;
#12295 = LINE ( 'NONE', #3663, #5749 ) ;
#12296 = DIRECTION ( 'NONE',  ( 1.000000000000000000, 0.000000000000000000, 0.000000000000000000 ) ) ;
#12297 = VERTEX_POINT ( 'NONE', #10389 ) ;
#12298 = VERTEX_POINT ( 'NONE', #618 ) ;
#12299 = VECTOR ( 'NONE', #5086, 39.37007874015748143 ) ;
#12300 = EDGE_CURVE ( 'NONE', #3838, #3305, #2751, .T. ) ;
#12301 = LINE ( 'NONE', #4742, #1083 ) ;
#12302 = ORIENTED_EDGE ( 'NONE', *, *, #2932, .F. ) ;
#12303 = ORIENTED_EDGE ( 'NONE', *, *, #5750, .T. ) ;
#12304 = DIRECTION ( 'NONE',  ( 0.000000000000000000, -0.9396926207859103153, -0.3420201433256631618 ) ) ;
#12305 = COLOUR_RGB ( '',1.000000000000000000, 1.000000000000000000, 1.000000000000000000 ) ;
#12306 = AXIS2_PLACEMENT_3D ( 'NONE', #1870, #5721, #4573 ) ;
#12307 = DIRECTION ( 'NONE',  ( -0.000000000000000000, -1.000000000000000000, -0.000000000000000000 ) ) ;
#12308 = ORIENTED_EDGE ( 'NONE', *, *, #7178, .F. ) ;
#12309 = EDGE_CURVE ( 'NONE', #573, #480, #4583, .T. ) ;
#12310 = DIRECTION ( 'NONE',  ( 0.000000000000000000, 0.000000000000000000, -1.000000000000000000 ) ) ;
#12311 = CARTESIAN_POINT ( 'NONE',  ( 11.99999999999999467, 4.500000000000000888, -8.339222019273449860 ) ) ;
#12312 = ORIENTED_EDGE ( 'NONE', *, *, #4171, .F. ) ;
#12313 = DIRECTION ( 'NONE',  ( 0.000000000000000000, -1.000000000000000000, 0.000000000000000000 ) ) ;
#12314 = AXIS2_PLACEMENT_3D ( 'NONE', #2039, #10670, #7898 ) ;
#12315 = PRESENTATION_STYLE_ASSIGNMENT (( #8344 ) ) ;
#12316 = VECTOR ( 'NONE', #1533, 39.37007874015748143 ) ;
#12317 = ORIENTED_EDGE ( 'NONE', *, *, #7656, .F. ) ;
#12318 = DIRECTION ( 'NONE',  ( 1.000000000000000000, -0.000000000000000000, -0.000000000000000000 ) ) ;
#12319 =( CONVERSION_BASED_UNIT ( 'INCH', #7350 ) LENGTH_UNIT ( ) NAMED_UNIT ( #10434 ) );
#12320 = VERTEX_POINT ( 'NONE', #3571 ) ;
#12321 = EDGE_CURVE ( 'NONE', #8446, #8356, #807, .T. ) ;
#12322 = PLANE ( 'NONE',  #3652 ) ;
#12323 = COLOUR_RGB ( '',1.000000000000000000, 1.000000000000000000, 1.000000000000000000 ) ;
#12324 = DIRECTION ( 'NONE',  ( 0.000000000000000000, 0.000000000000000000, -1.000000000000000000 ) ) ;
#12325 = CARTESIAN_POINT ( 'NONE',  ( 11.99999999999999822, 59.18999999999999773, -1.500000000000000222 ) ) ;
#12326 = CARTESIAN_POINT ( 'NONE',  ( 10.51999999999999247, 4.500000000000002665, 8.589666975669972615 ) ) ;
#12327 = EDGE_LOOP ( 'NONE', ( #1875, #4602, #9737, #3790 ) ) ;
#12328 = AXIS2_PLACEMENT_3D ( 'NONE', #11579, #8745, #8502 ) ;
#12329 = CARTESIAN_POINT ( 'NONE',  ( 11.09798258926719683, 51.64260130612712629, -1.042086536765030047 ) ) ;
#12330 = VECTOR ( 'NONE', #5599, 39.37007874015748143 ) ;
#12331 = ORIENTED_EDGE ( 'NONE', *, *, #10947, .T. ) ;
#12332 = LINE ( 'NONE', #6732, #2417 ) ;
#12333 = EDGE_CURVE ( 'NONE', #10785, #8402, #8425, .T. ) ;
#12334 = CARTESIAN_POINT ( 'NONE',  ( -11.00000000000000000, 50.00999999999999091, -0.9687500000000012212 ) ) ;
#12335 = ADVANCED_FACE ( 'NONE', ( #1569 ), #8493, .F. ) ;
#12336 = LINE ( 'NONE', #6426, #7360 ) ;
#12337 = CIRCLE ( 'NONE', #4696, 0.1562499999999978073 ) ;
#12338 = DIRECTION ( 'NONE',  ( 1.000000000000000000, 0.000000000000000000, 0.000000000000000000 ) ) ;
#12339 = CARTESIAN_POINT ( 'NONE',  ( 11.00000000000000000, 39.50999999999999801, -1.124999999999997113 ) ) ;
#12340 = CARTESIAN_POINT ( 'NONE',  ( -11.99999999999999822, 59.18999999999999773, -2.250000000000000444 ) ) ;
#12341 = ORIENTED_EDGE ( 'NONE', *, *, #4969, .F. ) ;
#12342 = CYLINDRICAL_SURFACE ( 'NONE', #5291, 0.1562499999999979461 ) ;
#12343 = VERTEX_POINT ( 'NONE', #12146 ) ;
#12344 = CARTESIAN_POINT ( 'NONE',  ( -10.51999999999999957, 59.18999999999999773, -0.7500000000000001110 ) ) ;
#12345 = ORIENTED_EDGE ( 'NONE', *, *, #4024, .F. ) ;
#12346 = FACE_OUTER_BOUND ( 'NONE', #732, .T. ) ;
#12347 = FACE_BOUND ( 'NONE', #8166, .T. ) ;
#12348 = CARTESIAN_POINT ( 'NONE',  ( -11.99999999999999822, 56.00999999999999091, -0.9687499999999992228 ) ) ;
#12349 = EDGE_CURVE ( 'NONE', #7578, #2727, #1693, .T. ) ;
#12350 = CARTESIAN_POINT ( 'NONE',  ( -12.75000000000000000, 53.00999999999999091, -1.124999999999997113 ) ) ;
#12351 = EDGE_LOOP ( 'NONE', ( #3209, #3662, #2690, #1866 ) ) ;
#12352 = CARTESIAN_POINT ( 'NONE',  ( 10.51999999999999957, 3.750000000000003553, -0.7500000000000001110 ) ) ;
#12353 = DIRECTION ( 'NONE',  ( 1.000000000000000000, -0.000000000000000000, -0.000000000000000000 ) ) ;
#12354 = ORIENTED_EDGE ( 'NONE', *, *, #7721, .F. ) ;
#12355 = CIRCLE ( 'NONE', #1697, 0.1718500000000005301 ) ;
#12356 = ORIENTED_EDGE ( 'NONE', *, *, #4008, .F. ) ;
#12357 = VERTEX_POINT ( 'NONE', #3699 ) ;
#12358 = UNCERTAINTY_MEASURE_WITH_UNIT (LENGTH_MEASURE( 1.000000000000000082E-05 ), #7576, 'distance_accuracy_value', 'NONE');
#12359 = DIRECTION ( 'NONE',  ( -0.000000000000000000, -0.000000000000000000, -1.000000000000000000 ) ) ;
#12360 = ORIENTED_EDGE ( 'NONE', *, *, #7449, .F. ) ;
#12361 = EDGE_CURVE ( 'NONE', #9806, #6879, #7488, .T. ) ;
#12362 = AXIS2_PLACEMENT_3D ( 'NONE', #3538, #9276, #9155 ) ;
#12363 = ADVANCED_FACE ( 'NONE', ( #9250 ), #6606, .F. ) ;
#12364 = MECHANICAL_DESIGN_GEOMETRIC_PRESENTATION_REPRESENTATION (  '', ( #7338 ), #6742 ) ;
#12365 = ORIENTED_EDGE ( 'NONE', *, *, #6624, .T. ) ;
#12366 = DIRECTION ( 'NONE',  ( 1.000000000000000000, -0.000000000000000000, -0.000000000000000000 ) ) ;
#12367 = VECTOR ( 'NONE', #4644, 39.37007874015748143 ) ;
#12368 =( LENGTH_UNIT ( ) NAMED_UNIT ( * ) SI_UNIT ( $, .METRE. ) );
#12369 = ORIENTED_EDGE ( 'NONE', *, *, #5295, .F. ) ;
#12370 = DIRECTION ( 'NONE',  ( 0.000000000000000000, 0.000000000000000000, 1.000000000000000000 ) ) ;
#12371 = CARTESIAN_POINT ( 'NONE',  ( -11.00000000000000000, 45.50999999999999091, -1.281249999999992895 ) ) ;
#12372 = EDGE_LOOP ( 'NONE', ( #5014, #9574 ) ) ;
#12373 = VECTOR ( 'NONE', #10905, 39.37007874015748143 ) ;
#12374 = AXIS2_PLACEMENT_3D ( 'NONE', #2514, #5104, #6240 ) ;
#12375 = CARTESIAN_POINT ( 'NONE',  ( -11.23294559527652403, 51.52976048775424545, -1.280027984801866303 ) ) ;
#12376 = CARTESIAN_POINT ( 'NONE',  ( 10.51999999999999957, 59.18999999999999773, -0.7500000000000001110 ) ) ;
#12377 = ADVANCED_FACE ( 'NONE', ( #2507 ), #9380, .F. ) ;
#12378 = ORIENTED_EDGE ( 'NONE', *, *, #7265, .T. ) ;
#12379 = VECTOR ( 'NONE', #1253, 39.37007874015748143 ) ;
#12380 = AXIS2_PLACEMENT_3D ( 'NONE', #489, #10079, #2314 ) ;
#12381 = DIRECTION ( 'NONE',  ( 0.000000000000000000, 0.000000000000000000, 1.000000000000000000 ) ) ;
#12382 = ORIENTED_EDGE ( 'NONE', *, *, #5365, .F. ) ;
#12383 = CARTESIAN_POINT ( 'NONE',  ( 11.42850329373635532, 51.66624999999999091, -1.124999999999997113 ) ) ;
#12384 = CARTESIAN_POINT ( 'NONE',  ( 12.75000000000000000, 53.00999999999999091, -1.281249999999996447 ) ) ;
#12385 = PLANE ( 'NONE',  #7186 ) ;
#12386 = ORIENTED_EDGE ( 'NONE', *, *, #4400, .F. ) ;
#12387 = VECTOR ( 'NONE', #11815, 39.37007874015748143 ) ;
#12388 = SURFACE_STYLE_FILL_AREA ( #8361 ) ;
#12389 = CIRCLE ( 'NONE', #2135, 0.1562499999999979461 ) ;
#12390 =( CONVERSION_BASED_UNIT ( 'INCH', #3945 ) LENGTH_UNIT ( ) NAMED_UNIT ( #189 ) );
#12391 = EDGE_CURVE ( 'NONE', #2720, #6697, #5933, .T. ) ;
#12392 = VERTEX_POINT ( 'NONE', #11205 ) ;
#12393 = DIRECTION ( 'NONE',  ( -0.000000000000000000, -1.000000000000000000, -0.000000000000000000 ) ) ;
#12394 = DIRECTION ( 'NONE',  ( 0.000000000000000000, 0.000000000000000000, 1.000000000000000000 ) ) ;
#12395 = AXIS2_PLACEMENT_3D ( 'NONE', #334, #12158, #3170 ) ;
#12396 = DIRECTION ( 'NONE',  ( 0.000000000000000000, -0.9396926207859103153, -0.3420201433256631618 ) ) ;
#12397 = DIRECTION ( 'NONE',  ( -0.000000000000000000, -0.000000000000000000, 1.000000000000000000 ) ) ;
#12398 = FACE_OUTER_BOUND ( 'NONE', #4059, .T. ) ;
#12399 = FACE_BOUND ( 'NONE', #2229, .T. ) ;
#12400 = DIRECTION ( 'NONE',  ( 1.000000000000000000, 0.000000000000000000, 5.537529716887026407E-16 ) ) ;
#12401 = ORIENTED_EDGE ( 'NONE', *, *, #7362, .F. ) ;
#12402 = CARTESIAN_POINT ( 'NONE',  ( -12.00000000000000355, 3.000000000000000444, 8.589666975669972615 ) ) ;
#12403 = AXIS2_PLACEMENT_3D ( 'NONE', #803, #45, #8552 ) ;
#12404 = DIRECTION ( 'NONE',  ( 1.000000000000000000, -0.000000000000000000, -0.000000000000000000 ) ) ;
#12405 = EDGE_CURVE ( 'NONE', #4235, #6818, #557, .T. ) ;
#12406 = DIRECTION ( 'NONE',  ( -1.000000000000000000, 0.000000000000000000, 0.000000000000000000 ) ) ;
#12407 = EDGE_LOOP ( 'NONE', ( #6289, #1708 ) ) ;
#12408 = CARTESIAN_POINT ( 'NONE',  ( -12.75000000000000000, 50.00999999999999091, -0.9687500000000012212 ) ) ;
#12409 = LINE ( 'NONE', #8801, #9210 ) ;
#12410 = DIRECTION ( 'NONE',  ( 0.000000000000000000, 0.000000000000000000, -1.000000000000000000 ) ) ;
#12411 = AXIS2_PLACEMENT_3D ( 'NONE', #8014, #2342, #9020 ) ;
#12412 = DIRECTION ( 'NONE',  ( 1.000000000000000000, 0.000000000000000000, 0.000000000000000000 ) ) ;
#12413 = EDGE_LOOP ( 'NONE', ( #9773, #8609 ) ) ;
#12414 = CARTESIAN_POINT ( 'NONE',  ( 11.26000000000000156, 51.69999999999999574, -1.499999999999993561 ) ) ;
#12415 = DIRECTION ( 'NONE',  ( 0.000000000000000000, 0.000000000000000000, 1.000000000000000000 ) ) ;
#12416 = EDGE_LOOP ( 'NONE', ( #9949, #5722, #8330, #3448 ) ) ;
#12417 = ORIENTED_EDGE ( 'NONE', *, *, #1408, .T. ) ;
#12418 = ORIENTED_EDGE ( 'NONE', *, *, #9365, .F. ) ;
#12419 = DIRECTION ( 'NONE',  ( -0.000000000000000000, -0.000000000000000000, -1.000000000000000000 ) ) ;
#12420 = EDGE_CURVE ( 'NONE', #9522, #1629, #4917, .T. ) ;
#12421 = VERTEX_POINT ( 'NONE', #2689 ) ;
#12422 = PRESENTATION_LAYER_ASSIGNMENT (  '', '', ( #7401 ) ) ;
#12423 = EDGE_LOOP ( 'NONE', ( #1006, #5113, #3175, #7400 ) ) ;
#12424 = LINE ( 'NONE', #8713, #9849 ) ;
#12425 = CARTESIAN_POINT ( 'NONE',  ( 11.99999999999999822, 3.750000000000000888, -9.410333024330023832 ) ) ;
#12426 = EDGE_LOOP ( 'NONE', ( #3816, #1752 ) ) ;
#12427 = DIRECTION ( 'NONE',  ( 0.000000000000000000, 0.000000000000000000, -1.000000000000000000 ) ) ;
#12428 = CARTESIAN_POINT ( 'NONE',  ( -11.23345311689304538, 51.52969192994624592, -0.9699649954353221082 ) ) ;
#12429 = ORIENTED_EDGE ( 'NONE', *, *, #5682, .T. ) ;
#12430 = AXIS2_PLACEMENT_3D ( 'NONE', #1953, #2890, #11644 ) ;
#12431 = EDGE_CURVE ( 'NONE', #1039, #6579, #7341, .T. ) ;
#12432 = CARTESIAN_POINT ( 'NONE',  ( -11.99999999999999822, 59.18999999999999773, -1.500000000000000222 ) ) ;
#12433 = EDGE_CURVE ( 'NONE', #200, #3088, #11453, .T. ) ;
#12434 = CARTESIAN_POINT ( 'NONE',  ( 12.75000000000000000, 28.49999999999998579, 2.729999999999999982 ) ) ;
#12435 = ORIENTED_EDGE ( 'NONE', *, *, #343, .F. ) ;
#12436 = AXIS2_PLACEMENT_3D ( 'NONE', #6857, #8627, #4841 ) ;
#12437 = CARTESIAN_POINT ( 'NONE',  ( -11.99999999999999822, 24.70999999999999730, -0.7499999999999972244 ) ) ;
#12438 = DIRECTION ( 'NONE',  ( 1.000000000000000000, -0.000000000000000000, -0.000000000000000000 ) ) ;
#12439 = ORIENTED_EDGE ( 'NONE', *, *, #2775, .F. ) ;
#12440 = DIRECTION ( 'NONE',  ( 0.000000000000000000, -0.000000000000000000, 1.000000000000000000 ) ) ;
#12441 = ORIENTED_EDGE ( 'NONE', *, *, #12210, .F. ) ;
#12442 = EDGE_CURVE ( 'NONE', #4881, #6332, #502, .T. ) ;
#12443 = PLANE ( 'NONE',  #8571 ) ;
#12444 = VECTOR ( 'NONE', #5705, 39.37007874015748143 ) ;
#12445 = CARTESIAN_POINT ( 'NONE',  ( 11.08815000000000062, 24.21999999999999531, -2.250000000000000444 ) ) ;
#12446 = ORIENTED_EDGE ( 'NONE', *, *, #9080, .T. ) ;
#12447 = VECTOR ( 'NONE', #5905, 39.37007874015748143 ) ;
#12448 = CARTESIAN_POINT ( 'NONE',  ( -11.00000000000000000, 38.00999999999999091, -0.9687500000000009992 ) ) ;
#12449 = DIRECTION ( 'NONE',  ( -0.000000000000000000, 1.000000000000000000, 6.845593068680305631E-16 ) ) ;
#12450 = APPLICATION_PROTOCOL_DEFINITION ( 'draft international standard', 'automotive_design', 1998, #7969 ) ;
#12451 = VERTEX_POINT ( 'NONE', #3763 ) ;
#12452 = VECTOR ( 'NONE', #1711, 39.37007874015748143 ) ;
#12453 = PLANE ( 'NONE',  #10667 ) ;
#12454 = STYLED_ITEM ( 'NONE', ( #4050 ), #964 ) ;
#12455 = CARTESIAN_POINT ( 'NONE',  ( -11.99999999999999822, 10.75000000000000178, -0.7499999999999986677 ) ) ;
#12456 = LINE ( 'NONE', #3950, #5559 ) ;
#12457 = LINE ( 'NONE', #10395, #1868 ) ;
#12458 = EDGE_CURVE ( 'NONE', #523, #9848, #6730, .T. ) ;
#12459 = DIRECTION ( 'NONE',  ( 0.000000000000000000, 0.000000000000000000, -1.000000000000000000 ) ) ;
#12460 = CARTESIAN_POINT ( 'NONE',  ( 11.99999999999999467, 4.500000000000002665, 8.589666975669972615 ) ) ;
#12461 = VERTEX_POINT ( 'NONE', #4706 ) ;
#12462 = PRESENTATION_STYLE_ASSIGNMENT (( #9457 ) ) ;
#12463 = VECTOR ( 'NONE', #6286, 39.37007874015748143 ) ;
ENDSEC;
END-ISO-10303-21;
