ISO-10303-21;
HEADER;
FILE_DESCRIPTION (( 'STEP AP214' ),
    '1' );
FILE_NAME ('NightStand.STEP',
    '2024-08-27T23:00:58',
    ( '' ),
    ( '' ),
    'SwSTEP 2.0',
    'SolidWorks 2022',
    '' );
FILE_SCHEMA (( 'AUTOMOTIVE_DESIGN' ));
ENDSEC;

DATA;
#1 = SURFACE_STYLE_FILL_AREA ( #5648 ) ;
#2 = AXIS2_PLACEMENT_3D ( 'NONE', #852, #6505, #3512 ) ;
#3 = SURFACE_STYLE_FILL_AREA ( #4409 ) ;
#4 = ADVANCED_FACE ( 'NONE', ( #1217 ), #5576, .T. ) ;
#5 = EDGE_LOOP ( 'NONE', ( #3675, #2737, #6745, #7441 ) ) ;
#6 = DIRECTION ( 'NONE',  ( -8.741913579725607589E-15, -0.000000000000000000, 1.000000000000000000 ) ) ;
#7 = VECTOR ( 'NONE', #4129, 39.37007874015748143 ) ;
#8 = ORIENTED_EDGE ( 'NONE', *, *, #5126, .T. ) ;
#9 = VECTOR ( 'NONE', #1978, 39.37007874015748143 ) ;
#10 = ORIENTED_EDGE ( 'NONE', *, *, #4280, .F. ) ;
#11 = DIRECTION ( 'NONE',  ( -1.500757696090239076E-16, 0.000000000000000000, -1.000000000000000000 ) ) ;
#12 = VECTOR ( 'NONE', #4411, 39.37007874015748143 ) ;
#13 = CARTESIAN_POINT ( 'NONE',  ( 9.437500000000001776, 2.311520833390629471E-15, -1.500000000000000222 ) ) ;
#14 = UNCERTAINTY_MEASURE_WITH_UNIT (LENGTH_MEASURE( 1.000000000000000082E-05 ), #8004, 'distance_accuracy_value', 'NONE');
#15 = CARTESIAN_POINT ( 'NONE',  ( 8.187500000000003553, -17.48437499999999645, -14.78125000000000355 ) ) ;
#16 = ORIENTED_EDGE ( 'NONE', *, *, #1538, .T. ) ;
#17 = DIRECTION ( 'NONE',  ( 0.000000000000000000, -1.000000000000000000, 0.000000000000000000 ) ) ;
#18 = ADVANCED_FACE ( 'NONE', ( #4419 ), #705, .T. ) ;
#19 = FILL_AREA_STYLE ('',( #8097 ) ) ;
#20 = VECTOR ( 'NONE', #1512, 39.37007874015748143 ) ;
#21 = VERTEX_POINT ( 'NONE', #4502 ) ;
#22 = CARTESIAN_POINT ( 'NONE',  ( -8.468750000000005329, -5.781250000000000000, -14.78125000000000178 ) ) ;
#23 = EDGE_LOOP ( 'NONE', ( #4093, #3378, #3544, #1759 ) ) ;
#24 = EDGE_CURVE ( 'NONE', #8145, #442, #7583, .T. ) ;
#25 = DIRECTION ( 'NONE',  ( 0.000000000000000000, 1.000000000000000000, -0.000000000000000000 ) ) ;
#26 = DIRECTION ( 'NONE',  ( -1.000000000000000000, -3.265724797726251389E-16, 0.000000000000000000 ) ) ;
#27 = ORIENTED_EDGE ( 'NONE', *, *, #7742, .T. ) ;
#28 = EDGE_CURVE ( 'NONE', #32, #749, #2454, .T. ) ;
#29 = ORIENTED_EDGE ( 'NONE', *, *, #5796, .T. ) ;
#30 = EDGE_LOOP ( 'NONE', ( #3600, #836, #3708, #4312 ) ) ;
#31 = PLANE ( 'NONE',  #5909 ) ;
#32 = VERTEX_POINT ( 'NONE', #579 ) ;
#33 = AXIS2_PLACEMENT_3D ( 'NONE', #6587, #7750, #3433 ) ;
#34 = DIRECTION ( 'NONE',  ( -1.000000000000000000, 0.000000000000000000, 5.463695987328507701E-16 ) ) ;
#35 = CARTESIAN_POINT ( 'NONE',  ( 8.187500000000007105, -17.48437499999999645, -1.228745363673883940E-15 ) ) ;
#36 = DIRECTION ( 'NONE',  ( 7.471721008312513932E-17, 0.000000000000000000, 1.000000000000000000 ) ) ;
#37 = CARTESIAN_POINT ( 'NONE',  ( -9.437500000000001776, -1.500000000000000222, -14.49999999999999822 ) ) ;
#38 = PLANE ( 'NONE',  #7229 ) ;
#39 = STYLED_ITEM ( 'NONE', ( #789 ), #6367 ) ;
#40 = ORIENTED_EDGE ( 'NONE', *, *, #1736, .F. ) ;
#41 = CARTESIAN_POINT ( 'NONE',  ( -9.437500000000001776, -6.505936120470312141E-17, -16.00000000000000000 ) ) ;
#42 = ORIENTED_EDGE ( 'NONE', *, *, #5610, .F. ) ;
#43 = DIRECTION ( 'NONE',  ( 0.000000000000000000, 1.000000000000000000, 0.000000000000000000 ) ) ;
#44 =( LENGTH_UNIT ( ) NAMED_UNIT ( * ) SI_UNIT ( $, .METRE. ) );
#45 = ADVANCED_FACE ( 'NONE', ( #6197 ), #8137, .F. ) ;
#46 = FILL_AREA_STYLE_COLOUR ( '', #2606 ) ;
#47 = ORIENTED_EDGE ( 'NONE', *, *, #7170, .F. ) ;
#48 = CARTESIAN_POINT ( 'NONE',  ( -8.968750000000000000, -6.500000000000000000, -16.00000000000000000 ) ) ;
#49 = ORIENTED_EDGE ( 'NONE', *, *, #6395, .F. ) ;
#50 = ORIENTED_EDGE ( 'NONE', *, *, #1628, .T. ) ;
#51 = DIRECTION ( 'NONE',  ( -1.000000000000000000, 0.000000000000000000, 0.000000000000000000 ) ) ;
#52 = ADVANCED_FACE ( 'NONE', ( #1256 ), #8095, .T. ) ;
#53 = EDGE_CURVE ( 'NONE', #5034, #7331, #5040, .T. ) ;
#54 = DIRECTION ( 'NONE',  ( 0.000000000000000000, 0.000000000000000000, 1.000000000000000000 ) ) ;
#55 = CARTESIAN_POINT ( 'NONE',  ( -8.968750000000000000, -6.031250000000000888, -3.000000000000000444 ) ) ;
#56 = ORIENTED_EDGE ( 'NONE', *, *, #3777, .F. ) ;
#57 = DIRECTION ( 'NONE',  ( 0.000000000000000000, 1.000000000000000000, 0.000000000000000000 ) ) ;
#58 = DIRECTION ( 'NONE',  ( -0.000000000000000000, 1.000000000000000000, -0.000000000000000000 ) ) ;
#59 = VERTEX_POINT ( 'NONE', #7563 ) ;
#60 =( LENGTH_UNIT ( ) NAMED_UNIT ( * ) SI_UNIT ( $, .METRE. ) );
#61 = VERTEX_POINT ( 'NONE', #668 ) ;
#62 = EDGE_CURVE ( 'NONE', #6221, #589, #2581, .T. ) ;
#63 = DIRECTION ( 'NONE',  ( 0.000000000000000000, 1.000000000000000000, 0.000000000000000000 ) ) ;
#64 = DIRECTION ( 'NONE',  ( 1.000000000000000000, 0.000000000000000000, -0.000000000000000000 ) ) ;
#65 = ORIENTED_EDGE ( 'NONE', *, *, #7559, .F. ) ;
#66 = ADVANCED_FACE ( 'NONE', ( #1957 ), #4463, .F. ) ;
#67 = ORIENTED_EDGE ( 'NONE', *, *, #2706, .F. ) ;
#68 = VERTEX_POINT ( 'NONE', #5250 ) ;
#69 = FACE_OUTER_BOUND ( 'NONE', #7714, .T. ) ;
#70 = ORIENTED_EDGE ( 'NONE', *, *, #800, .F. ) ;
#71 = CARTESIAN_POINT ( 'NONE',  ( -8.468750000000005329, -0.2499999999999997224, -14.78125000000000178 ) ) ;
#72 = ADVANCED_FACE ( 'NONE', ( #7854 ), #6565, .T. ) ;
#73 = FILL_AREA_STYLE ('',( #5716 ) ) ;
#74 = LINE ( 'NONE', #7622, #2808 ) ;
#75 = CARTESIAN_POINT ( 'NONE',  ( -11.00000000000000000, -14.48437499999999822, 1.156250000000002220 ) ) ;
#76 = DIRECTION ( 'NONE',  ( 1.000000000000000000, 0.000000000000000000, 0.000000000000000000 ) ) ;
#77 = AXIS2_PLACEMENT_3D ( 'NONE', #5861, #6486, #4066 ) ;
#78 = CARTESIAN_POINT ( 'NONE',  ( 9.312500000000003553, 0.000000000000000000, -11.31249999999999822 ) ) ;
#79 = ORIENTED_EDGE ( 'NONE', *, *, #7518, .T. ) ;
#80 = DIRECTION ( 'NONE',  ( 0.000000000000000000, 1.000000000000000000, 0.000000000000000000 ) ) ;
#81 = VERTEX_POINT ( 'NONE', #3331 ) ;
#82 = DIRECTION ( 'NONE',  ( -1.000000000000000000, 0.000000000000000000, 0.000000000000000000 ) ) ;
#83 = ADVANCED_FACE ( 'NONE', ( #4668 ), #2711, .F. ) ;
#84 = VECTOR ( 'NONE', #4613, 39.37007874015748143 ) ;
#85 = FILL_AREA_STYLE_COLOUR ( '', #4829 ) ;
#86 = PRESENTATION_LAYER_ASSIGNMENT (  '', '', ( #1681 ) ) ;
#87 = ORIENTED_EDGE ( 'NONE', *, *, #1138, .F. ) ;
#88 = LINE ( 'NONE', #173, #3054 ) ;
#89 = ORIENTED_EDGE ( 'NONE', *, *, #1268, .F. ) ;
#90 = ORIENTED_EDGE ( 'NONE', *, *, #3368, .T. ) ;
#91 = CARTESIAN_POINT ( 'NONE',  ( 11.00000000000000000, -14.01562499999999822, -16.00000000000000000 ) ) ;
#92 = COLOUR_RGB ( '',0.5294117647058823595, 0.2627450980392156965, 0.06274509803921568540 ) ;
#93 = CARTESIAN_POINT ( 'NONE',  ( 8.125000000000003553, -6.500000000000000000, 0.7187499999999992228 ) ) ;
#94 = DIRECTION ( 'NONE',  ( 1.000000000000000000, 0.000000000000000000, -0.000000000000000000 ) ) ;
#95 = CARTESIAN_POINT ( 'NONE',  ( 8.968750000000000000, 0.000000000000000000, 0.000000000000000000 ) ) ;
#96 = DIRECTION ( 'NONE',  ( 0.000000000000000000, 1.000000000000000000, 0.000000000000000000 ) ) ;
#97 = MECHANICAL_DESIGN_GEOMETRIC_PRESENTATION_REPRESENTATION (  '', ( #6554 ), #8130 ) ;
#98 = ADVANCED_FACE ( 'NONE', ( #922 ), #7693, .F. ) ;
#99 = VECTOR ( 'NONE', #4397, 39.37007874015748143 ) ;
#100 = ORIENTED_EDGE ( 'NONE', *, *, #431, .F. ) ;
#101 = EDGE_LOOP ( 'NONE', ( #3358, #1426, #7200, #1493 ) ) ;
#102 = CARTESIAN_POINT ( 'NONE',  ( -9.437500000000003553, -6.500000000000000000, -11.18750000000000000 ) ) ;
#103 = VECTOR ( 'NONE', #1707, 39.37007874015748143 ) ;
#104 = DIRECTION ( 'NONE',  ( -1.000000000000000000, -0.000000000000000000, -0.000000000000000000 ) ) ;
#105 = CARTESIAN_POINT ( 'NONE',  ( 11.00000000000000000, -14.01562499999999822, 1.156250000000002220 ) ) ;
#106 = EDGE_LOOP ( 'NONE', ( #7745, #8110, #7949, #7541 ) ) ;
#107 = ADVANCED_FACE ( 'NONE', ( #7195 ), #5167, .F. ) ;
#108 = ORIENTED_EDGE ( 'NONE', *, *, #2812, .F. ) ;
#109 = VECTOR ( 'NONE', #1699, 39.37007874015748143 ) ;
#110 = VECTOR ( 'NONE', #2020, 39.37007874015748143 ) ;
#111 = ORIENTED_EDGE ( 'NONE', *, *, #2069, .T. ) ;
#112 = LINE ( 'NONE', #4476, #1713 ) ;
#113 = VERTEX_POINT ( 'NONE', #5828 ) ;
#114 = DIRECTION ( 'NONE',  ( -8.741913579725688053E-15, 0.000000000000000000, -1.000000000000000000 ) ) ;
#115 = CARTESIAN_POINT ( 'NONE',  ( -4.812500000000004441, 0.000000000000000000, 0.4062500000000005551 ) ) ;
#116 = AXIS2_PLACEMENT_3D ( 'NONE', #6875, #1234, #6250 ) ;
#117 = LINE ( 'NONE', #4560, #233 ) ;
#118 = CARTESIAN_POINT ( 'NONE',  ( 9.625000000000003553, -6.500000000000000000, 0.7187499999999992228 ) ) ;
#119 = EDGE_CURVE ( 'NONE', #1876, #3607, #7729, .T. ) ;
#120 = VERTEX_POINT ( 'NONE', #745 ) ;
#121 = ORIENTED_EDGE ( 'NONE', *, *, #2691, .F. ) ;
#122 = CARTESIAN_POINT ( 'NONE',  ( 0.000000000000000000, -0.2499999999999997224, -0.1562500000000008327 ) ) ;
#123 = AXIS2_PLACEMENT_3D ( 'NONE', #7590, #4445, #3724 ) ;
#124 =( LENGTH_UNIT ( ) NAMED_UNIT ( * ) SI_UNIT ( $, .METRE. ) );
#125 = EDGE_CURVE ( 'NONE', #3439, #3075, #5784, .T. ) ;
#126 = VECTOR ( 'NONE', #2881, 39.37007874015748143 ) ;
#127 = AXIS2_PLACEMENT_3D ( 'NONE', #3923, #1535, #203 ) ;
#128 = EDGE_CURVE ( 'NONE', #208, #4296, #7061, .T. ) ;
#129 = EDGE_LOOP ( 'NONE', ( #6937, #7125, #733, #6641 ) ) ;
#130 = CARTESIAN_POINT ( 'NONE',  ( -9.437500000000003553, 0.000000000000000000, -4.687500000000000000 ) ) ;
#131 = EDGE_LOOP ( 'NONE', ( #6864, #6332 ) ) ;
#132 = ORIENTED_EDGE ( 'NONE', *, *, #7496, .T. ) ;
#133 = LINE ( 'NONE', #4458, #6058 ) ;
#134 = VECTOR ( 'NONE', #54, 39.37007874015748143 ) ;
#135 = DIRECTION ( 'NONE',  ( 0.000000000000000000, 1.000000000000000000, 0.000000000000000000 ) ) ;
#136 = CARTESIAN_POINT ( 'NONE',  ( -4.937500000000005329, -6.500000000000000000, 0.4062500000000006106 ) ) ;
#137 = CARTESIAN_POINT ( 'NONE',  ( 8.000000000000003553, -5.781250000000004441, -0.1562500000000008327 ) ) ;
#138 = VECTOR ( 'NONE', #5495, 39.37007874015748143 ) ;
#139 = LINE ( 'NONE', #5786, #5131 ) ;
#140 = ORIENTED_EDGE ( 'NONE', *, *, #4024, .T. ) ;
#141 = DIRECTION ( 'NONE',  ( 0.000000000000000000, 0.000000000000000000, 1.000000000000000000 ) ) ;
#142 = ORIENTED_EDGE ( 'NONE', *, *, #2826, .T. ) ;
#143 = VECTOR ( 'NONE', #5412, 39.37007874015748143 ) ;
#144 = DIRECTION ( 'NONE',  ( 0.000000000000000000, 0.000000000000000000, -1.000000000000000000 ) ) ;
#145 = DIRECTION ( 'NONE',  ( -1.494344201662503279E-16, 0.000000000000000000, -1.000000000000000000 ) ) ;
#146 = CARTESIAN_POINT ( 'NONE',  ( -11.00000000000000000, 0.000000000000000000, 0.000000000000000000 ) ) ;
#147 = EDGE_CURVE ( 'NONE', #1250, #4965, #2081, .T. ) ;
#148 = ORIENTED_EDGE ( 'NONE', *, *, #3713, .F. ) ;
#149 = CARTESIAN_POINT ( 'NONE',  ( -9.625000000000001776, -14.48437499999999822, -0.4687500000000009992 ) ) ;
#150 = AXIS2_PLACEMENT_3D ( 'NONE', #6170, #6873, #519 ) ;
#151 = ORIENTED_EDGE ( 'NONE', *, *, #988, .F. ) ;
#152 = ORIENTED_EDGE ( 'NONE', *, *, #6927, .T. ) ;
#153 = CARTESIAN_POINT ( 'NONE',  ( -10.06250000000000355, 0.2500000000000000000, -0.7500000000000033307 ) ) ;
#154 = ORIENTED_EDGE ( 'NONE', *, *, #1774, .T. ) ;
#155 = CARTESIAN_POINT ( 'NONE',  ( -9.437500000000000000, -6.500000000000000000, -16.00000000000000000 ) ) ;
#156 = AXIS2_PLACEMENT_3D ( 'NONE', #2389, #4242, #2889 ) ;
#157 = EDGE_CURVE ( 'NONE', #7104, #3468, #2753, .T. ) ;
#158 = PLANE ( 'NONE',  #3320 ) ;
#159 = LINE ( 'NONE', #2601, #7085 ) ;
#160 = CARTESIAN_POINT ( 'NONE',  ( 11.00000000000000000, -14.48437499999999822, -16.00000000000000000 ) ) ;
#161 = VERTEX_POINT ( 'NONE', #7113 ) ;
#162 = CARTESIAN_POINT ( 'NONE',  ( -9.625000000000001776, -6.500000000000000000, -1.500000000000000222 ) ) ;
#163 = VECTOR ( 'NONE', #4730, 39.37007874015748143 ) ;
#164 = ORIENTED_EDGE ( 'NONE', *, *, #2982, .F. ) ;
#165 = CARTESIAN_POINT ( 'NONE',  ( -9.437500000000001776, -5.000000000000000000, -14.49999999999999822 ) ) ;
#166 = CARTESIAN_POINT ( 'NONE',  ( 9.625000000000000000, -14.48437499999999822, -15.99999999999999822 ) ) ;
#167 = LINE ( 'NONE', #5894, #2732 ) ;
#168 = EDGE_CURVE ( 'NONE', #3655, #346, #1552, .T. ) ;
#169 = AXIS2_PLACEMENT_3D ( 'NONE', #4514, #3869, #4427 ) ;
#170 = LINE ( 'NONE', #2702, #2216 ) ;
#171 = LINE ( 'NONE', #1371, #3025 ) ;
#172 = ORIENTED_EDGE ( 'NONE', *, *, #7473, .T. ) ;
#173 = CARTESIAN_POINT ( 'NONE',  ( 9.437500000000003553, -6.500000000000000000, -11.18750000000000000 ) ) ;
#174 = EDGE_LOOP ( 'NONE', ( #6777, #6344, #8149, #6976 ) ) ;
#175 = EDGE_CURVE ( 'NONE', #4719, #5079, #6442, .T. ) ;
#176 = VECTOR ( 'NONE', #4116, 39.37007874015748143 ) ;
#177 = CARTESIAN_POINT ( 'NONE',  ( 8.656250000000007105, -17.48437499999999645, -0.2187500000000011102 ) ) ;
#178 = LINE ( 'NONE', #8146, #2465 ) ;
#179 = ADVANCED_FACE ( 'NONE', ( #2171 ), #3280, .T. ) ;
#180 = FACE_OUTER_BOUND ( 'NONE', #7684, .T. ) ;
#181 = PRESENTATION_STYLE_ASSIGNMENT (( #1422 ) ) ;
#182 = CARTESIAN_POINT ( 'NONE',  ( -8.968750000000000000, -3.500000000000000000, -16.00000000000000000 ) ) ;
#183 = DIRECTION ( 'NONE',  ( 1.000000000000000000, -0.000000000000000000, 0.000000000000000000 ) ) ;
#184 = VERTEX_POINT ( 'NONE', #2214 ) ;
#185 = ORIENTED_EDGE ( 'NONE', *, *, #6064, .T. ) ;
#186 = EDGE_CURVE ( 'NONE', #8080, #59, #1509, .T. ) ;
#187 = CARTESIAN_POINT ( 'NONE',  ( -9.625000000000003553, -6.123233995736796851E-17, -1.500000000000000222 ) ) ;
#188 = CARTESIAN_POINT ( 'NONE',  ( -8.656250000000005329, -17.48437499999999645, -14.53125000000000000 ) ) ;
#189 = DIRECTION ( 'NONE',  ( 0.000000000000000000, 0.000000000000000000, -1.000000000000000000 ) ) ;
#190 = VERTEX_POINT ( 'NONE', #137 ) ;
#191 =( CONVERSION_BASED_UNIT ( 'INCH', #7827 ) LENGTH_UNIT ( ) NAMED_UNIT ( #4153 ) );
#192 = VERTEX_POINT ( 'NONE', #6523 ) ;
#193 = ORIENTED_EDGE ( 'NONE', *, *, #7390, .T. ) ;
#194 = LINE ( 'NONE', #682, #1049 ) ;
#195 = PLANE ( 'NONE',  #2888 ) ;
#196 = CARTESIAN_POINT ( 'NONE',  ( -9.437500000000001776, -6.500000000000000000, -1.500000000000000222 ) ) ;
#197 = CARTESIAN_POINT ( 'NONE',  ( -9.437500000000001776, 0.000000000000000000, -1.500000000000000222 ) ) ;
#198 = DIRECTION ( 'NONE',  ( 1.000000000000000000, 0.000000000000000000, 0.000000000000000000 ) ) ;
#199 = EDGE_LOOP ( 'NONE', ( #1020, #7388, #6231, #903 ) ) ;
#200 = DIRECTION ( 'NONE',  ( 1.000000000000000000, 0.000000000000000000, 0.000000000000000000 ) ) ;
#201 = DIRECTION ( 'NONE',  ( 1.000000000000000000, 0.000000000000000000, 0.000000000000000000 ) ) ;
#202 = EDGE_CURVE ( 'NONE', #2955, #7723, #2341, .T. ) ;
#203 = DIRECTION ( 'NONE',  ( 0.000000000000000000, 0.000000000000000000, -1.000000000000000000 ) ) ;
#204 = CARTESIAN_POINT ( 'NONE',  ( -8.656250000000001776, -17.48437499999999645, -0.2187500000000011102 ) ) ;
#205 = LINE ( 'NONE', #4219, #5368 ) ;
#206 = CLOSED_SHELL ( 'NONE', ( #5543, #6387, #72, #3109, #66, #4 ) ) ;
#207 = DIRECTION ( 'NONE',  ( 1.000000000000000000, -0.000000000000000000, -0.000000000000000000 ) ) ;
#208 = VERTEX_POINT ( 'NONE', #4542 ) ;
#209 = DIRECTION ( 'NONE',  ( -8.741913579725688053E-15, -0.000000000000000000, 1.000000000000000000 ) ) ;
#210 = ORIENTED_EDGE ( 'NONE', *, *, #7943, .T. ) ;
#211 = ADVANCED_FACE ( 'NONE', ( #6112 ), #7287, .T. ) ;
#212 = AXIS2_PLACEMENT_3D ( 'NONE', #5323, #2065, #820 ) ;
#213 = FILL_AREA_STYLE_COLOUR ( '', #6017 ) ;
#214 = DIRECTION ( 'NONE',  ( 1.000000000000000000, 0.000000000000000000, 0.000000000000000000 ) ) ;
#215 =( NAMED_UNIT ( * ) PLANE_ANGLE_UNIT ( ) SI_UNIT ( $, .RADIAN. ) );
#216 = DIRECTION ( 'NONE',  ( -0.000000000000000000, -4.370956789862822136E-16, -1.000000000000000000 ) ) ;
#217 = CARTESIAN_POINT ( 'NONE',  ( -9.437500000000003553, -6.500000000000000000, -11.18750000000000000 ) ) ;
#218 = CARTESIAN_POINT ( 'NONE',  ( -9.437500000000001776, 0.000000000000000000, -1.500000000000000222 ) ) ;
#219 = EDGE_CURVE ( 'NONE', #6785, #1159, #2922, .T. ) ;
#220 = ORIENTED_EDGE ( 'NONE', *, *, #7277, .T. ) ;
#221 = DIRECTION ( 'NONE',  ( 0.000000000000000000, 0.000000000000000000, 1.000000000000000000 ) ) ;
#222 = EDGE_LOOP ( 'NONE', ( #7620, #4284, #5548, #7270 ) ) ;
#223 = DIRECTION ( 'NONE',  ( -1.000000000000000000, 0.000000000000000000, -5.827942386483816753E-15 ) ) ;
#224 = DIRECTION ( 'NONE',  ( 0.000000000000000000, -1.000000000000000000, 0.000000000000000000 ) ) ;
#225 = ORIENTED_EDGE ( 'NONE', *, *, #478, .F. ) ;
#226 =( GEOMETRIC_REPRESENTATION_CONTEXT ( 3 ) GLOBAL_UNCERTAINTY_ASSIGNED_CONTEXT ( ( #7228 ) ) GLOBAL_UNIT_ASSIGNED_CONTEXT ( ( #5689, #6147, #7554 ) ) REPRESENTATION_CONTEXT ( 'NONE', 'WORKASPACE' ) );
#227 = VECTOR ( 'NONE', #5438, 39.37007874015748143 ) ;
#228 = PLANE ( 'NONE',  #4335 ) ;
#229 = EDGE_CURVE ( 'NONE', #3867, #5643, #6738, .T. ) ;
#230 = EDGE_LOOP ( 'NONE', ( #3214, #1335, #784, #2331 ) ) ;
#231 = ORIENTED_EDGE ( 'NONE', *, *, #5714, .F. ) ;
#232 = DIRECTION ( 'NONE',  ( 0.000000000000000000, 0.000000000000000000, -1.000000000000000000 ) ) ;
#233 = VECTOR ( 'NONE', #3878, 39.37007874015748143 ) ;
#234 = DIRECTION ( 'NONE',  ( 1.000000000000000000, 0.000000000000000000, 0.000000000000000000 ) ) ;
#235 = LINE ( 'NONE', #2773, #2542 ) ;
#236 = CARTESIAN_POINT ( 'NONE',  ( -8.656250000000005329, -14.73437499999999645, -14.78125000000000178 ) ) ;
#237 = AXIS2_PLACEMENT_3D ( 'NONE', #1034, #4215, #4179 ) ;
#238 = VECTOR ( 'NONE', #3755, 39.37007874015748143 ) ;
#239 = FACE_OUTER_BOUND ( 'NONE', #5306, .T. ) ;
#240 = ORIENTED_EDGE ( 'NONE', *, *, #3565, .T. ) ;
#241 = CARTESIAN_POINT ( 'NONE',  ( 11.00000000000000000, -14.48437499999999822, 1.156250000000002220 ) ) ;
#242 = ORIENTED_EDGE ( 'NONE', *, *, #4224, .F. ) ;
#243 = DIRECTION ( 'NONE',  ( 0.000000000000000000, 0.000000000000000000, 1.000000000000000000 ) ) ;
#244 =( CONVERSION_BASED_UNIT ( 'INCH', #1496 ) LENGTH_UNIT ( ) NAMED_UNIT ( #7306 ) );
#245 = CARTESIAN_POINT ( 'NONE',  ( 9.625000000000001776, -17.48437500000000000, -7.054648118203949797E-15 ) ) ;
#246 = AXIS2_PLACEMENT_3D ( 'NONE', #5434, #274, #5964 ) ;
#247 = CARTESIAN_POINT ( 'NONE',  ( 9.625000000000003553, -1.499999999999997558, -14.49999999999999822 ) ) ;
#248 = LINE ( 'NONE', #7635, #4057 ) ;
#249 = ADVANCED_FACE ( 'NONE', ( #6651 ), #4117, .T. ) ;
#250 = ORIENTED_EDGE ( 'NONE', *, *, #3309, .T. ) ;
#251 = LINE ( 'NONE', #2747, #272 ) ;
#252 = ORIENTED_EDGE ( 'NONE', *, *, #5393, .T. ) ;
#253 = DIRECTION ( 'NONE',  ( 0.000000000000000000, 1.000000000000000000, 0.000000000000000000 ) ) ;
#254 = VECTOR ( 'NONE', #6116, 39.37007874015748143 ) ;
#255 = VECTOR ( 'NONE', #328, 39.37007874015748143 ) ;
#256 = DIRECTION ( 'NONE',  ( -1.494344201662503279E-16, 0.000000000000000000, -1.000000000000000000 ) ) ;
#257 = FILL_AREA_STYLE ('',( #2039 ) ) ;
#258 = EDGE_CURVE ( 'NONE', #3156, #346, #3532, .T. ) ;
#259 = DIRECTION ( 'NONE',  ( 0.000000000000000000, 1.000000000000000000, -4.683167989138737932E-16 ) ) ;
#260 = LINE ( 'NONE', #2798, #3336 ) ;
#261 = DIRECTION ( 'NONE',  ( -1.000000000000000000, 0.000000000000000000, -8.741913579725612322E-15 ) ) ;
#262 = VECTOR ( 'NONE', #4198, 39.37007874015748143 ) ;
#263 = ORIENTED_EDGE ( 'NONE', *, *, #3935, .T. ) ;
#264 = ORIENTED_EDGE ( 'NONE', *, *, #6511, .F. ) ;
#265 = CARTESIAN_POINT ( 'NONE',  ( 0.000000000000000000, -17.48437499999999645, -14.78125000000000178 ) ) ;
#266 = LINE ( 'NONE', #5341, #4473 ) ;
#267 = LINE ( 'NONE', #5303, #3347 ) ;
#268 = ADVANCED_FACE ( 'NONE', ( #7941 ), #5990, .T. ) ;
#269 = ORIENTED_EDGE ( 'NONE', *, *, #3368, .F. ) ;
#270 = LINE ( 'NONE', #149, #5527 ) ;
#271 = VERTEX_POINT ( 'NONE', #3614 ) ;
#272 = VECTOR ( 'NONE', #5774, 39.37007874015748143 ) ;
#273 = ORIENTED_EDGE ( 'NONE', *, *, #3038, .T. ) ;
#274 = DIRECTION ( 'NONE',  ( -0.000000000000000000, 0.000000000000000000, 1.000000000000000000 ) ) ;
#275 = VECTOR ( 'NONE', #5331, 39.37007874015748143 ) ;
#276 = DIRECTION ( 'NONE',  ( -1.000000000000000000, 0.000000000000000000, 0.000000000000000000 ) ) ;
#277 = PLANE ( 'NONE',  #33 ) ;
#278 = EDGE_CURVE ( 'NONE', #6411, #7542, #1639, .T. ) ;
#279 = CARTESIAN_POINT ( 'NONE',  ( -10.06250000000000355, 0.2500000000000000000, -15.25000000000000000 ) ) ;
#280 = VECTOR ( 'NONE', #5555, 39.37007874015748143 ) ;
#281 = DIMENSIONAL_EXPONENTS ( 1.000000000000000000, 0.000000000000000000, 0.000000000000000000, 0.000000000000000000, 0.000000000000000000, 0.000000000000000000, 0.000000000000000000 ) ;
#282 = CARTESIAN_POINT ( 'NONE',  ( -9.437500000000001776, -6.505936120470312141E-17, -4.687499999999998224 ) ) ;
#283 = EDGE_LOOP ( 'NONE', ( #8069, #4151, #4995, #2182 ) ) ;
#284 = ORIENTED_EDGE ( 'NONE', *, *, #4329, .F. ) ;
#285 = CARTESIAN_POINT ( 'NONE',  ( -9.625000000000001776, -17.48437500000000000, 0.000000000000000000 ) ) ;
#286 = ORIENTED_EDGE ( 'NONE', *, *, #4899, .T. ) ;
#287 = FACE_OUTER_BOUND ( 'NONE', #4080, .T. ) ;
#288 = CARTESIAN_POINT ( 'NONE',  ( 10.06250000000000355, -14.48437499999999822, -15.25000000000000000 ) ) ;
#289 = UNCERTAINTY_MEASURE_WITH_UNIT (LENGTH_MEASURE( 1.000000000000000082E-05 ), #4449, 'distance_accuracy_value', 'NONE');
#290 =( NAMED_UNIT ( * ) SI_UNIT ( $, .STERADIAN. ) SOLID_ANGLE_UNIT ( ) );
#291 = CIRCLE ( 'NONE', #6479, 0.4374999999999998890 ) ;
#292 = ORIENTED_EDGE ( 'NONE', *, *, #4213, .F. ) ;
#293 = LINE ( 'NONE', #2249, #1334 ) ;
#294 = VERTEX_POINT ( 'NONE', #5457 ) ;
#295 = CARTESIAN_POINT ( 'NONE',  ( 9.312500000000003553, -6.499999999999998224, -8.062499999999998224 ) ) ;
#296 = EDGE_CURVE ( 'NONE', #3120, #5867, #4157, .T. ) ;
#297 =( NAMED_UNIT ( * ) PLANE_ANGLE_UNIT ( ) SI_UNIT ( $, .RADIAN. ) );
#298 = SURFACE_STYLE_FILL_AREA ( #7769 ) ;
#299 = CARTESIAN_POINT ( 'NONE',  ( -8.656250000000005329, -17.48437499999999645, -14.78125000000000178 ) ) ;
#300 =( LENGTH_UNIT ( ) NAMED_UNIT ( * ) SI_UNIT ( $, .METRE. ) );
#301 = CARTESIAN_POINT ( 'NONE',  ( 8.125000000000003553, -6.500000000000000000, 0.7187499999999992228 ) ) ;
#302 = CARTESIAN_POINT ( 'NONE',  ( 8.968750000000000000, -6.500000000000000000, -3.000000000000000444 ) ) ;
#303 = AXIS2_PLACEMENT_3D ( 'NONE', #1132, #2422, #3654 ) ;
#304 = CARTESIAN_POINT ( 'NONE',  ( 0.000000000000000000, -17.48437500000000000, 0.000000000000000000 ) ) ;
#305 = EDGE_CURVE ( 'NONE', #752, #4296, #5376, .T. ) ;
#306 = EDGE_LOOP ( 'NONE', ( #42, #7787, #6100, #1436 ) ) ;
#307 = SURFACE_SIDE_STYLE ('',( #7858 ) ) ;
#308 = EDGE_CURVE ( 'NONE', #7799, #4517, #7321, .T. ) ;
#309 = FACE_OUTER_BOUND ( 'NONE', #4456, .T. ) ;
#310 = DIRECTION ( 'NONE',  ( 1.000000000000000000, 1.346415657017119838E-16, 0.000000000000000000 ) ) ;
#311 = DIRECTION ( 'NONE',  ( -5.827942386483817542E-15, 0.000000000000000000, 1.000000000000000000 ) ) ;
#312 = VERTEX_POINT ( 'NONE', #2993 ) ;
#313 = LINE ( 'NONE', #5305, #4595 ) ;
#314 = VERTEX_POINT ( 'NONE', #426 ) ;
#315 = ORIENTED_EDGE ( 'NONE', *, *, #4580, .F. ) ;
#316 = DIRECTION ( 'NONE',  ( -0.000000000000000000, 0.000000000000000000, 1.000000000000000000 ) ) ;
#317 = EDGE_CURVE ( 'NONE', #3757, #4022, #4830, .T. ) ;
#318 =( NAMED_UNIT ( * ) PLANE_ANGLE_UNIT ( ) SI_UNIT ( $, .RADIAN. ) );
#319 = DIRECTION ( 'NONE',  ( 0.000000000000000000, -1.000000000000000000, 0.000000000000000000 ) ) ;
#320 = DIRECTION ( 'NONE',  ( 1.000000000000000000, 0.000000000000000000, -0.000000000000000000 ) ) ;
#321 = DIRECTION ( 'NONE',  ( 1.000000000000000000, 0.000000000000000000, -5.827942386483816753E-15 ) ) ;
#322 = ORIENTED_EDGE ( 'NONE', *, *, #6052, .T. ) ;
#323 = PLANE ( 'NONE',  #4357 ) ;
#324 = VERTEX_POINT ( 'NONE', #2379 ) ;
#325 = DIRECTION ( 'NONE',  ( -1.000000000000000000, 0.000000000000000000, -8.741913579725688053E-15 ) ) ;
#326 = EDGE_CURVE ( 'NONE', #629, #1668, #4871, .T. ) ;
#327 = ORIENTED_EDGE ( 'NONE', *, *, #3810, .F. ) ;
#328 = DIRECTION ( 'NONE',  ( 0.000000000000000000, 0.000000000000000000, -1.000000000000000000 ) ) ;
#329 = LINE ( 'NONE', #2159, #84 ) ;
#330 = SURFACE_STYLE_USAGE ( .BOTH. , #958 ) ;
#331 = DIRECTION ( 'NONE',  ( -1.000000000000000000, 0.000000000000000000, -9.106159978880883558E-17 ) ) ;
#332 = ORIENTED_EDGE ( 'NONE', *, *, #6114, .F. ) ;
#333 = CARTESIAN_POINT ( 'NONE',  ( -9.437500000000003553, -6.500000000000000000, -8.062500000000000000 ) ) ;
#334 = ORIENTED_EDGE ( 'NONE', *, *, #7948, .T. ) ;
#335 = CARTESIAN_POINT ( 'NONE',  ( -10.06250000000000355, 0.2500000000000000000, -15.68750000000000000 ) ) ;
#336 = ADVANCED_FACE ( 'NONE', ( #7242 ), #1598, .T. ) ;
#337 = CARTESIAN_POINT ( 'NONE',  ( 10.06250000000000355, -25.00000000000000000, -0.7500000000000033307 ) ) ;
#338 = DIRECTION ( 'NONE',  ( 0.000000000000000000, 0.000000000000000000, -1.000000000000000000 ) ) ;
#339 = DIRECTION ( 'NONE',  ( -8.741913579725607589E-15, 0.000000000000000000, -1.000000000000000000 ) ) ;
#340 = VECTOR ( 'NONE', #7602, 39.37007874015748143 ) ;
#341 = PLANE ( 'NONE',  #2655 ) ;
#342 = EDGE_LOOP ( 'NONE', ( #887, #515, #3262, #3095 ) ) ;
#343 = VECTOR ( 'NONE', #4245, 39.37007874015748143 ) ;
#344 = LINE ( 'NONE', #3502, #2263 ) ;
#345 = DIRECTION ( 'NONE',  ( 0.000000000000000000, 1.000000000000000000, 0.000000000000000000 ) ) ;
#346 = VERTEX_POINT ( 'NONE', #2114 ) ;
#347 = DIRECTION ( 'NONE',  ( 0.000000000000000000, -0.000000000000000000, -1.000000000000000000 ) ) ;
#348 = ADVANCED_FACE ( 'NONE', ( #3974 ), #7803, .F. ) ;
#349 =( GEOMETRIC_REPRESENTATION_CONTEXT ( 3 ) GLOBAL_UNCERTAINTY_ASSIGNED_CONTEXT ( ( #6968 ) ) GLOBAL_UNIT_ASSIGNED_CONTEXT ( ( #4623, #7239, #2835 ) ) REPRESENTATION_CONTEXT ( 'NONE', 'WORKASPACE' ) );
#350 = ORIENTED_EDGE ( 'NONE', *, *, #2755, .F. ) ;
#351 = ORIENTED_EDGE ( 'NONE', *, *, #4946, .T. ) ;
#352 = DIRECTION ( 'NONE',  ( 0.000000000000000000, 0.000000000000000000, -1.000000000000000000 ) ) ;
#353 = LINE ( 'NONE', #2939, #6262 ) ;
#354 =( GEOMETRIC_REPRESENTATION_CONTEXT ( 3 ) GLOBAL_UNCERTAINTY_ASSIGNED_CONTEXT ( ( #5616 ) ) GLOBAL_UNIT_ASSIGNED_CONTEXT ( ( #7102, #2658, #7681 ) ) REPRESENTATION_CONTEXT ( 'NONE', 'WORKASPACE' ) );
#355 = CARTESIAN_POINT ( 'NONE',  ( -4.812500000000003553, -6.500000000000000000, 0.5312500000000011102 ) ) ;
#356 = LINE ( 'NONE', #6007, #3472 ) ;
#357 = PRESENTATION_LAYER_ASSIGNMENT (  '', '', ( #6408 ) ) ;
#358 = FACE_OUTER_BOUND ( 'NONE', #3215, .T. ) ;
#359 = ADVANCED_FACE ( 'NONE', ( #4101 ), #5236, .T. ) ;
#360 = DIRECTION ( 'NONE',  ( 0.000000000000000000, 0.000000000000000000, -1.000000000000000000 ) ) ;
#361 = VERTEX_POINT ( 'NONE', #5852 ) ;
#362 = DIRECTION ( 'NONE',  ( 1.000000000000000000, 1.681137226870316528E-16, -0.000000000000000000 ) ) ;
#363 = VECTOR ( 'NONE', #6778, 39.37007874015748143 ) ;
#364 = CARTESIAN_POINT ( 'NONE',  ( 8.656250000000007105, -17.48437499999999645, -0.2187500000000011102 ) ) ;
#365 = VECTOR ( 'NONE', #2148, 39.37007874015748143 ) ;
#366 = ORIENTED_EDGE ( 'NONE', *, *, #1743, .F. ) ;
#367 = DIRECTION ( 'NONE',  ( 0.000000000000000000, 1.000000000000000000, 4.553079989440439314E-17 ) ) ;
#368 = CARTESIAN_POINT ( 'NONE',  ( 9.625000000000003553, -6.500000000000000000, 0.5312499999999992228 ) ) ;
#369 = VECTOR ( 'NONE', #3481, 39.37007874015748143 ) ;
#370 = AXIS2_PLACEMENT_3D ( 'NONE', #217, #5951, #2838 ) ;
#371 = ADVANCED_FACE ( 'NONE', ( #6475 ), #7272, .T. ) ;
#372 = DIRECTION ( 'NONE',  ( -8.741913579725688053E-15, 0.000000000000000000, -1.000000000000000000 ) ) ;
#373 = ORIENTED_EDGE ( 'NONE', *, *, #4812, .F. ) ;
#374 = DIRECTION ( 'NONE',  ( -8.741913579725688053E-15, 0.000000000000000000, 1.000000000000000000 ) ) ;
#375 = ORIENTED_EDGE ( 'NONE', *, *, #2659, .T. ) ;
#376 = DIRECTION ( 'NONE',  ( 0.000000000000000000, -0.000000000000000000, 1.000000000000000000 ) ) ;
#377 = VECTOR ( 'NONE', #3908, 39.37007874015748143 ) ;
#378 = EDGE_CURVE ( 'NONE', #1981, #7980, #5938, .T. ) ;
#379 = CARTESIAN_POINT ( 'NONE',  ( 8.125000000000003553, 0.000000000000000000, 0.5312500000000000000 ) ) ;
#380 = DIRECTION ( 'NONE',  ( -1.000000000000000000, 0.000000000000000000, -0.000000000000000000 ) ) ;
#381 = LINE ( 'NONE', #3577, #6227 ) ;
#382 = EDGE_CURVE ( 'NONE', #2746, #5591, #7100, .T. ) ;
#383 = CARTESIAN_POINT ( 'NONE',  ( 0.000000000000000000, -3.096480982173897445, 1.031249999999999334 ) ) ;
#384 =( GEOMETRIC_REPRESENTATION_CONTEXT ( 3 ) GLOBAL_UNCERTAINTY_ASSIGNED_CONTEXT ( ( #3239 ) ) GLOBAL_UNIT_ASSIGNED_CONTEXT ( ( #4885, #7991, #7375 ) ) REPRESENTATION_CONTEXT ( 'NONE', 'WORKASPACE' ) );
#385 = DIRECTION ( 'NONE',  ( 0.000000000000000000, -1.000000000000000000, 0.000000000000000000 ) ) ;
#386 = CIRCLE ( 'NONE', #2910, 0.4375000000000009992 ) ;
#387 = ORIENTED_EDGE ( 'NONE', *, *, #6064, .F. ) ;
#388 = MECHANICAL_DESIGN_GEOMETRIC_PRESENTATION_REPRESENTATION (  '', ( #3953 ), #3562 ) ;
#389 = CARTESIAN_POINT ( 'NONE',  ( 9.437500000000003553, -6.500000000000000000, -11.31249999999999822 ) ) ;
#390 = DIMENSIONAL_EXPONENTS ( 1.000000000000000000, 0.000000000000000000, 0.000000000000000000, 0.000000000000000000, 0.000000000000000000, 0.000000000000000000, 0.000000000000000000 ) ;
#391 = FACE_OUTER_BOUND ( 'NONE', #7073, .T. ) ;
#392 = PLANE ( 'NONE',  #1635 ) ;
#393 = ORIENTED_EDGE ( 'NONE', *, *, #2344, .F. ) ;
#394 = CARTESIAN_POINT ( 'NONE',  ( -9.625000000000001776, -17.48437500000000000, -0.4687500000000009992 ) ) ;
#395 = AXIS2_PLACEMENT_3D ( 'NONE', #4538, #3857, #3158 ) ;
#396 = ORIENTED_EDGE ( 'NONE', *, *, #2208, .T. ) ;
#397 = ORIENTED_EDGE ( 'NONE', *, *, #3902, .T. ) ;
#398 = CARTESIAN_POINT ( 'NONE',  ( -8.187500000000001776, -14.73437499999999645, -0.2187500000000011102 ) ) ;
#399 = CARTESIAN_POINT ( 'NONE',  ( 9.312500000000003553, -6.500000000000000000, -4.812499999999999112 ) ) ;
#400 = EDGE_CURVE ( 'NONE', #454, #2653, #4689, .T. ) ;
#401 = VECTOR ( 'NONE', #3770, 39.37007874015748143 ) ;
#402 = SURFACE_STYLE_FILL_AREA ( #7379 ) ;
#403 = LINE ( 'NONE', #2940, #5031 ) ;
#404 = ORIENTED_EDGE ( 'NONE', *, *, #6919, .F. ) ;
#405 = CARTESIAN_POINT ( 'NONE',  ( -8.125000000000003553, -6.500000000000000000, 0.7187499999999992228 ) ) ;
#406 = CIRCLE ( 'NONE', #1468, 0.7499999999999998890 ) ;
#407 = ORIENTED_EDGE ( 'NONE', *, *, #1286, .F. ) ;
#408 = LINE ( 'NONE', #5400, #8054 ) ;
#409 = CARTESIAN_POINT ( 'NONE',  ( 10.06250000000000355, -14.01562499999999822, -0.7500000000000033307 ) ) ;
#410 = ORIENTED_EDGE ( 'NONE', *, *, #7614, .F. ) ;
#411 = DIRECTION ( 'NONE',  ( -1.000000000000000000, 4.686315084737202911E-15, 0.000000000000000000 ) ) ;
#412 = EDGE_CURVE ( 'NONE', #1035, #1631, #329, .T. ) ;
#413 = VECTOR ( 'NONE', #1753, 39.37007874015748143 ) ;
#414 =( NAMED_UNIT ( * ) PLANE_ANGLE_UNIT ( ) SI_UNIT ( $, .RADIAN. ) );
#415 = LINE ( 'NONE', #2329, #740 ) ;
#416 = CARTESIAN_POINT ( 'NONE',  ( -9.437500000000001776, -1.500000000000000222, -1.500000000000000222 ) ) ;
#417 = ORIENTED_EDGE ( 'NONE', *, *, #3648, .T. ) ;
#418 = DIRECTION ( 'NONE',  ( 0.000000000000000000, -1.000000000000000000, 0.000000000000000000 ) ) ;
#419 = AXIS2_PLACEMENT_3D ( 'NONE', #304, #2174, #5337 ) ;
#420 = ORIENTED_EDGE ( 'NONE', *, *, #3009, .T. ) ;
#421 = CARTESIAN_POINT ( 'NONE',  ( -8.968750000000000000, -6.500000000000000000, 0.000000000000000000 ) ) ;
#422 = ADVANCED_FACE ( 'NONE', ( #3396 ), #7148, .T. ) ;
#423 = DIRECTION ( 'NONE',  ( 0.000000000000000000, 0.000000000000000000, 1.000000000000000000 ) ) ;
#424 = VECTOR ( 'NONE', #6339, 39.37007874015748143 ) ;
#425 = CARTESIAN_POINT ( 'NONE',  ( -8.968750000000000000, -6.500000000000000000, -15.53125000000000000 ) ) ;
#426 = CARTESIAN_POINT ( 'NONE',  ( -9.312500000000003553, -6.500000000000000000, -4.812499999999999112 ) ) ;
#427 = EDGE_CURVE ( 'NONE', #361, #8127, #2740, .T. ) ;
#428 = LINE ( 'NONE', #7407, #138 ) ;
#429 = VECTOR ( 'NONE', #3511, 39.37007874015748143 ) ;
#430 = EDGE_LOOP ( 'NONE', ( #2679, #4074, #3197, #1202 ) ) ;
#431 = EDGE_CURVE ( 'NONE', #21, #1805, #167, .T. ) ;
#432 = CARTESIAN_POINT ( 'NONE',  ( -8.656250000000005329, -17.48437499999999645, -15.00000000000000000 ) ) ;
#433 = DIRECTION ( 'NONE',  ( -1.500757696090239076E-16, 0.000000000000000000, -1.000000000000000000 ) ) ;
#434 = PLANE ( 'NONE',  #1760 ) ;
#435 = ORIENTED_EDGE ( 'NONE', *, *, #3157, .T. ) ;
#436 = PRESENTATION_LAYER_ASSIGNMENT (  '', '', ( #4003 ) ) ;
#437 = CARTESIAN_POINT ( 'NONE',  ( 8.187500000000007105, -17.48437499999999645, -0.2187500000000011102 ) ) ;
#438 = FILL_AREA_STYLE_COLOUR ( '', #7511 ) ;
#439 = ORIENTED_EDGE ( 'NONE', *, *, #6137, .T. ) ;
#440 = DIRECTION ( 'NONE',  ( -1.000000000000000000, 0.000000000000000000, -0.000000000000000000 ) ) ;
#441 = EDGE_CURVE ( 'NONE', #2248, #6922, #2863, .T. ) ;
#442 = VERTEX_POINT ( 'NONE', #6510 ) ;
#443 = FACE_OUTER_BOUND ( 'NONE', #7902, .T. ) ;
#444 = DIRECTION ( 'NONE',  ( -8.741913579725650188E-15, 0.000000000000000000, -1.000000000000000000 ) ) ;
#445 = ORIENTED_EDGE ( 'NONE', *, *, #3518, .T. ) ;
#446 = EDGE_LOOP ( 'NONE', ( #6666, #5564, #3173, #4842 ) ) ;
#447 = LINE ( 'NONE', #5631, #5147 ) ;
#448 = CARTESIAN_POINT ( 'NONE',  ( 8.187500000000003553, -25.00000000000000000, -14.78125000000000355 ) ) ;
#449 = VERTEX_POINT ( 'NONE', #245 ) ;
#450 = DIRECTION ( 'NONE',  ( -8.741913579725612322E-15, -0.000000000000000000, -1.000000000000000000 ) ) ;
#451 = PLANE ( 'NONE',  #4832 ) ;
#452 = CARTESIAN_POINT ( 'NONE',  ( 9.625000000000003553, -6.500000000000000000, 0.5312500000000012212 ) ) ;
#453 = ADVANCED_FACE ( 'NONE', ( #4743 ), #5194, .F. ) ;
#454 = VERTEX_POINT ( 'NONE', #908 ) ;
#455 = FACE_OUTER_BOUND ( 'NONE', #2179, .T. ) ;
#456 = ORIENTED_EDGE ( 'NONE', *, *, #1344, .T. ) ;
#457 = CARTESIAN_POINT ( 'NONE',  ( 10.06250000000000355, 0.2500000000000000000, -15.25000000000000000 ) ) ;
#458 = FACE_OUTER_BOUND ( 'NONE', #3225, .T. ) ;
#459 = DIRECTION ( 'NONE',  ( 0.000000000000000000, 1.000000000000000000, 4.553079989440439314E-17 ) ) ;
#460 = EDGE_CURVE ( 'NONE', #442, #8145, #6531, .T. ) ;
#461 = CARTESIAN_POINT ( 'NONE',  ( 9.437500000000003553, -6.499999999999998224, -14.49999999999999822 ) ) ;
#462 = ORIENTED_EDGE ( 'NONE', *, *, #3203, .T. ) ;
#463 = DIRECTION ( 'NONE',  ( 0.000000000000000000, 0.000000000000000000, -1.000000000000000000 ) ) ;
#464 = CARTESIAN_POINT ( 'NONE',  ( 0.000000000000000000, -14.48437499999999822, 0.000000000000000000 ) ) ;
#465 = DIRECTION ( 'NONE',  ( -0.000000000000000000, 1.000000000000000000, -0.000000000000000000 ) ) ;
#466 = AXIS2_PLACEMENT_3D ( 'NONE', #7026, #3733, #6982 ) ;
#467 = ORIENTED_EDGE ( 'NONE', *, *, #427, .T. ) ;
#468 = DIRECTION ( 'NONE',  ( 0.000000000000000000, 1.000000000000000000, 0.000000000000000000 ) ) ;
#469 = EDGE_CURVE ( 'NONE', #4507, #7674, #1269, .T. ) ;
#470 = CARTESIAN_POINT ( 'NONE',  ( 9.437500000000001776, 0.000000000000000000, 0.000000000000000000 ) ) ;
#471 = VERTEX_POINT ( 'NONE', #2197 ) ;
#472 = CARTESIAN_POINT ( 'NONE',  ( 8.000000000000003553, -0.2499999999999997224, -14.53125000000000000 ) ) ;
#473 = VECTOR ( 'NONE', #2796, 39.37007874015748143 ) ;
#474 = ADVANCED_FACE ( 'NONE', ( #4698 ), #7225, .F. ) ;
#475 = DIRECTION ( 'NONE',  ( -8.741913579725607589E-15, 0.000000000000000000, -1.000000000000000000 ) ) ;
#476 = PLANE ( 'NONE',  #6877 ) ;
#477 = VERTEX_POINT ( 'NONE', #4396 ) ;
#478 = EDGE_CURVE ( 'NONE', #1905, #3356, #7621, .T. ) ;
#479 =( GEOMETRIC_REPRESENTATION_CONTEXT ( 3 ) GLOBAL_UNCERTAINTY_ASSIGNED_CONTEXT ( ( #5816 ) ) GLOBAL_UNIT_ASSIGNED_CONTEXT ( ( #5859, #8052, #572 ) ) REPRESENTATION_CONTEXT ( 'NONE', 'WORKASPACE' ) );
#480 = ORIENTED_EDGE ( 'NONE', *, *, #3009, .F. ) ;
#481 = CARTESIAN_POINT ( 'NONE',  ( 8.468750000000005329, -5.781250000000000000, -14.78125000000000355 ) ) ;
#482 = CARTESIAN_POINT ( 'NONE',  ( -9.437500000000001776, 0.000000000000000000, -16.00000000000000000 ) ) ;
#483 = ORIENTED_EDGE ( 'NONE', *, *, #6307, .T. ) ;
#484 =( GEOMETRIC_REPRESENTATION_CONTEXT ( 3 ) GLOBAL_UNCERTAINTY_ASSIGNED_CONTEXT ( ( #6856 ) ) GLOBAL_UNIT_ASSIGNED_CONTEXT ( ( #7230, #7275, #3564 ) ) REPRESENTATION_CONTEXT ( 'NONE', 'WORKASPACE' ) );
#485 = DIRECTION ( 'NONE',  ( -7.284927983104701916E-16, 0.000000000000000000, 1.000000000000000000 ) ) ;
#486 = CARTESIAN_POINT ( 'NONE',  ( -8.968750000000000000, -6.500000000000000000, -12.53125000000000000 ) ) ;
#487 = VECTOR ( 'NONE', #57, 39.37007874015748143 ) ;
#488 = DIRECTION ( 'NONE',  ( 0.000000000000000000, 0.000000000000000000, -1.000000000000000000 ) ) ;
#489 = EDGE_LOOP ( 'NONE', ( #6115, #5130, #1991, #3897 ) ) ;
#490 = CARTESIAN_POINT ( 'NONE',  ( 8.656250000000005329, -17.48437499999999645, -15.00000000000000000 ) ) ;
#491 = VERTEX_POINT ( 'NONE', #1857 ) ;
#492 = FACE_OUTER_BOUND ( 'NONE', #689, .T. ) ;
#493 = CARTESIAN_POINT ( 'NONE',  ( 9.437500000000003553, 0.000000000000000000, -11.18750000000000000 ) ) ;
#494 = AXIS2_PLACEMENT_3D ( 'NONE', #1380, #17, #4464 ) ;
#495 = LINE ( 'NONE', #3726, #600 ) ;
#496 = ADVANCED_FACE ( 'NONE', ( #3096 ), #6252, .F. ) ;
#497 = DIRECTION ( 'NONE',  ( 1.000000000000000000, 0.000000000000000000, -0.000000000000000000 ) ) ;
#498 = VECTOR ( 'NONE', #5146, 39.37007874015748143 ) ;
#499 = AXIS2_PLACEMENT_3D ( 'NONE', #452, #1587, #331 ) ;
#500 = ORIENTED_EDGE ( 'NONE', *, *, #1581, .F. ) ;
#501 = EDGE_CURVE ( 'NONE', #4363, #6071, #685, .T. ) ;
#502 = AXIS2_PLACEMENT_3D ( 'NONE', #560, #4279, #7455 ) ;
#503 = CARTESIAN_POINT ( 'NONE',  ( 0.000000000000000000, -17.48437500000000000, -0.2187500000000011102 ) ) ;
#504 = DIRECTION ( 'NONE',  ( -0.000000000000000000, 1.000000000000000000, 0.000000000000000000 ) ) ;
#505 = VERTEX_POINT ( 'NONE', #895 ) ;
#506 = DIRECTION ( 'NONE',  ( 0.000000000000000000, -0.000000000000000000, 1.000000000000000000 ) ) ;
#507 =( LENGTH_UNIT ( ) NAMED_UNIT ( * ) SI_UNIT ( $, .METRE. ) );
#508 = EDGE_LOOP ( 'NONE', ( #1236, #901 ) ) ;
#509 = CARTESIAN_POINT ( 'NONE',  ( 9.312500000000003553, -6.499999999999998224, -11.31249999999999822 ) ) ;
#510 = LINE ( 'NONE', #5349, #590 ) ;
#511 = EDGE_CURVE ( 'NONE', #1229, #4159, #5966, .T. ) ;
#512 = VECTOR ( 'NONE', #2089, 39.37007874015748143 ) ;
#513 = FACE_OUTER_BOUND ( 'NONE', #3744, .T. ) ;
#514 = DIRECTION ( 'NONE',  ( 1.000000000000000000, 0.000000000000000000, -8.741913579725650188E-15 ) ) ;
#515 = ORIENTED_EDGE ( 'NONE', *, *, #6758, .T. ) ;
#516 = AXIS2_PLACEMENT_3D ( 'NONE', #1406, #5280, #777 ) ;
#517 = EDGE_CURVE ( 'NONE', #603, #1877, #5268, .T. ) ;
#518 = EDGE_LOOP ( 'NONE', ( #7314, #3477, #2778, #3162 ) ) ;
#519 = DIRECTION ( 'NONE',  ( 0.000000000000000000, 0.000000000000000000, 1.000000000000000000 ) ) ;
#520 = FACE_OUTER_BOUND ( 'NONE', #3143, .T. ) ;
#521 = AXIS2_PLACEMENT_3D ( 'NONE', #5836, #2092, #7075 ) ;
#522 = EDGE_LOOP ( 'NONE', ( #6292, #2409, #2137, #4395 ) ) ;
#523 = EDGE_CURVE ( 'NONE', #59, #3738, #4521, .T. ) ;
#524 = DIRECTION ( 'NONE',  ( -0.000000000000000000, 1.000000000000000000, 2.823785185758733378E-16 ) ) ;
#525 = DIRECTION ( 'NONE',  ( 0.000000000000000000, 0.000000000000000000, 1.000000000000000000 ) ) ;
#526 = STYLED_ITEM ( 'NONE', ( #2969 ), #4118 ) ;
#527 = DIRECTION ( 'NONE',  ( 0.000000000000000000, 0.000000000000000000, 1.000000000000000000 ) ) ;
#528 = AXIS2_PLACEMENT_3D ( 'NONE', #7505, #5374, #380 ) ;
#529 = CARTESIAN_POINT ( 'NONE',  ( 9.625000000000003553, -1.499999999999997558, -14.49999999999999822 ) ) ;
#530 = ORIENTED_EDGE ( 'NONE', *, *, #7604, .T. ) ;
#531 = CARTESIAN_POINT ( 'NONE',  ( -9.625000000000003553, -6.500000000000000000, 0.06249999999999920203 ) ) ;
#532 = ORIENTED_EDGE ( 'NONE', *, *, #1783, .F. ) ;
#533 = DIRECTION ( 'NONE',  ( -4.370956789862806161E-15, 0.000000000000000000, -1.000000000000000000 ) ) ;
#534 = AXIS2_PLACEMENT_3D ( 'NONE', #4109, #2332, #7280 ) ;
#535 = VECTOR ( 'NONE', #3017, 39.37007874015748143 ) ;
#536 = CARTESIAN_POINT ( 'NONE',  ( -9.625000000000003553, -6.500000000000000000, -14.49999999999999822 ) ) ;
#537 = ORIENTED_EDGE ( 'NONE', *, *, #4543, .T. ) ;
#538 = ORIENTED_EDGE ( 'NONE', *, *, #3892, .F. ) ;
#539 = VECTOR ( 'NONE', #3413, 39.37007874015748143 ) ;
#540 = CARTESIAN_POINT ( 'NONE',  ( 0.000000000000000000, -6.500000000000000000, 0.000000000000000000 ) ) ;
#541 =( NAMED_UNIT ( * ) PLANE_ANGLE_UNIT ( ) SI_UNIT ( $, .RADIAN. ) );
#542 = DIRECTION ( 'NONE',  ( -0.000000000000000000, 1.000000000000000000, -0.000000000000000000 ) ) ;
#543 = FACE_OUTER_BOUND ( 'NONE', #4528, .T. ) ;
#544 = FACE_OUTER_BOUND ( 'NONE', #675, .T. ) ;
#545 = EDGE_CURVE ( 'NONE', #963, #3467, #6675, .T. ) ;
#546 = EDGE_CURVE ( 'NONE', #5867, #6819, #4556, .T. ) ;
#547 = ORIENTED_EDGE ( 'NONE', *, *, #412, .T. ) ;
#548 = CARTESIAN_POINT ( 'NONE',  ( 9.437500000000003553, -6.500000000000000000, -4.812500000000000000 ) ) ;
#549 = VERTEX_POINT ( 'NONE', #6462 ) ;
#550 = CARTESIAN_POINT ( 'NONE',  ( -9.625000000000001776, -17.48437500000000000, -0.4687500000000009992 ) ) ;
#551 = AXIS2_PLACEMENT_3D ( 'NONE', #55, #2580, #7444 ) ;
#552 = CARTESIAN_POINT ( 'NONE',  ( 9.625000000000003553, 0.000000000000000000, 0.5312500000000000000 ) ) ;
#553 = CARTESIAN_POINT ( 'NONE',  ( -10.06250000000000355, 0.000000000000000000, -0.7500000000000033307 ) ) ;
#554 = ORIENTED_EDGE ( 'NONE', *, *, #8132, .T. ) ;
#555 = ADVANCED_FACE ( 'NONE', ( #3348 ), #2727, .T. ) ;
#556 = EDGE_LOOP ( 'NONE', ( #547, #1474, #5552, #5050 ) ) ;
#557 = LINE ( 'NONE', #4853, #6474 ) ;
#558 = PRESENTATION_LAYER_ASSIGNMENT (  '', '', ( #5567 ) ) ;
#559 = ORIENTED_EDGE ( 'NONE', *, *, #2596, .F. ) ;
#560 = CARTESIAN_POINT ( 'NONE',  ( 0.000000000000000000, -3.687500000000000000, 0.5312499999999996669 ) ) ;
#561 = VERTEX_POINT ( 'NONE', #4004 ) ;
#562 = CARTESIAN_POINT ( 'NONE',  ( 9.156249999999994671, -17.48437500000000000, -15.99999999999999822 ) ) ;
#563 = SURFACE_SIDE_STYLE ('',( #7427 ) ) ;
#564 = CARTESIAN_POINT ( 'NONE',  ( -10.06250000000000355, 0.2500000000000000000, -14.81249999999999822 ) ) ;
#565 = DIRECTION ( 'NONE',  ( -1.000000000000000000, 0.000000000000000000, 7.471721008312515165E-17 ) ) ;
#566 = LINE ( 'NONE', #4977, #7093 ) ;
#567 = EDGE_CURVE ( 'NONE', #5764, #4706, #848, .T. ) ;
#568 = ORIENTED_EDGE ( 'NONE', *, *, #125, .T. ) ;
#569 = PLANE ( 'NONE',  #6081 ) ;
#570 = ORIENTED_EDGE ( 'NONE', *, *, #1944, .F. ) ;
#571 = CARTESIAN_POINT ( 'NONE',  ( -8.656250000000001776, -17.48437499999999645, -0.2187500000000011102 ) ) ;
#572 =( NAMED_UNIT ( * ) SI_UNIT ( $, .STERADIAN. ) SOLID_ANGLE_UNIT ( ) );
#573 = EDGE_CURVE ( 'NONE', #7104, #4653, #2229, .T. ) ;
#574 = LINE ( 'NONE', #3195, #1078 ) ;
#575 = VERTEX_POINT ( 'NONE', #7914 ) ;
#576 = FACE_OUTER_BOUND ( 'NONE', #6190, .T. ) ;
#577 = LINE ( 'NONE', #1173, #7644 ) ;
#578 = UNCERTAINTY_MEASURE_WITH_UNIT (LENGTH_MEASURE( 1.000000000000000082E-05 ), #1540, 'distance_accuracy_value', 'NONE');
#579 = CARTESIAN_POINT ( 'NONE',  ( -8.468750000000001776, -5.781250000000004441, -0.1562500000000008327 ) ) ;
#580 = DIRECTION ( 'NONE',  ( 0.000000000000000000, 0.000000000000000000, -1.000000000000000000 ) ) ;
#581 = CARTESIAN_POINT ( 'NONE',  ( 8.125000000000003553, -5.000000000000000000, 0.7187499999999992228 ) ) ;
#582 = EDGE_LOOP ( 'NONE', ( #683, #7017, #2937, #5084 ) ) ;
#583 = LINE ( 'NONE', #2972, #3685 ) ;
#584 = ORIENTED_EDGE ( 'NONE', *, *, #5718, .F. ) ;
#585 = DIRECTION ( 'NONE',  ( 0.000000000000000000, 0.000000000000000000, 1.000000000000000000 ) ) ;
#586 = PLANE ( 'NONE',  #1156 ) ;
#587 = LINE ( 'NONE', #7493, #3071 ) ;
#588 = EDGE_CURVE ( 'NONE', #5297, #1877, #2895, .T. ) ;
#589 = VERTEX_POINT ( 'NONE', #7417 ) ;
#590 = VECTOR ( 'NONE', #7869, 39.37007874015748143 ) ;
#591 = ORIENTED_EDGE ( 'NONE', *, *, #7559, .T. ) ;
#592 = PLANE ( 'NONE',  #6337 ) ;
#593 = VERTEX_POINT ( 'NONE', #2280 ) ;
#594 = DIRECTION ( 'NONE',  ( 0.000000000000000000, 0.000000000000000000, -1.000000000000000000 ) ) ;
#595 = ORIENTED_EDGE ( 'NONE', *, *, #7614, .T. ) ;
#596 = DIRECTION ( 'NONE',  ( -5.463695987328507701E-16, 0.000000000000000000, -1.000000000000000000 ) ) ;
#597 = SURFACE_SIDE_STYLE ('',( #2645 ) ) ;
#598 = CARTESIAN_POINT ( 'NONE',  ( 10.06250000000000355, 2.834292293426673064E-15, -0.7500000000000033307 ) ) ;
#599 = EDGE_CURVE ( 'NONE', #752, #2013, #3528, .T. ) ;
#600 = VECTOR ( 'NONE', #5531, 39.37007874015748143 ) ;
#601 = LINE ( 'NONE', #1360, #2124 ) ;
#602 = PLANE ( 'NONE',  #4314 ) ;
#603 = VERTEX_POINT ( 'NONE', #7334 ) ;
#604 = PLANE ( 'NONE',  #5537 ) ;
#605 = ORIENTED_EDGE ( 'NONE', *, *, #3884, .F. ) ;
#606 = CARTESIAN_POINT ( 'NONE',  ( 0.000000000000000000, 0.000000000000000000, 0.000000000000000000 ) ) ;
#607 = COLOUR_RGB ( '',0.5294117647058823595, 0.2627450980392156965, 0.06274509803921568540 ) ;
#608 = DIRECTION ( 'NONE',  ( 0.000000000000000000, -1.000000000000000000, 0.000000000000000000 ) ) ;
#609 = LINE ( 'NONE', #5364, #741 ) ;
#610 = EDGE_CURVE ( 'NONE', #2759, #1194, #5509, .T. ) ;
#611 = COLOUR_RGB ( '',0.5294117647058823595, 0.2627450980392156965, 0.06274509803921568540 ) ;
#612 = DIRECTION ( 'NONE',  ( -1.000000000000000000, 0.000000000000000000, -0.000000000000000000 ) ) ;
#613 = VECTOR ( 'NONE', #5854, 39.37007874015748143 ) ;
#614 = EDGE_LOOP ( 'NONE', ( #4691, #4839 ) ) ;
#615 = FACE_OUTER_BOUND ( 'NONE', #7544, .T. ) ;
#616 = ORIENTED_EDGE ( 'NONE', *, *, #7084, .F. ) ;
#617 = ADVANCED_FACE ( 'NONE', ( #1765 ), #4886, .T. ) ;
#618 = AXIS2_PLACEMENT_3D ( 'NONE', #2693, #6379, #723 ) ;
#619 = EDGE_LOOP ( 'NONE', ( #661, #4672, #5356, #417 ) ) ;
#620 = AXIS2_PLACEMENT_3D ( 'NONE', #2813, #7709, #3304 ) ;
#621 = CARTESIAN_POINT ( 'NONE',  ( 4.937500000000005329, -6.500000000000000000, 0.4062500000000006106 ) ) ;
#622 = EDGE_CURVE ( 'NONE', #5839, #655, #2060, .T. ) ;
#623 = CARTESIAN_POINT ( 'NONE',  ( 8.468750000000007105, -25.00000000000000000, -0.1562500000000008327 ) ) ;
#624 = ORIENTED_EDGE ( 'NONE', *, *, #5063, .T. ) ;
#625 = VECTOR ( 'NONE', #3393, 39.37007874015748143 ) ;
#626 = VECTOR ( 'NONE', #3718, 39.37007874015748143 ) ;
#627 = DIRECTION ( 'NONE',  ( -1.000000000000000000, 0.000000000000000000, -4.370956789862806161E-15 ) ) ;
#628 = SURFACE_SIDE_STYLE ('',( #8062 ) ) ;
#629 = VERTEX_POINT ( 'NONE', #2394 ) ;
#630 =( CONVERSION_BASED_UNIT ( 'INCH', #1385 ) LENGTH_UNIT ( ) NAMED_UNIT ( #4592 ) );
#631 = ORIENTED_EDGE ( 'NONE', *, *, #7699, .F. ) ;
#632 = CARTESIAN_POINT ( 'NONE',  ( 0.000000000000000000, -3.096480982173897445, 1.031249999999999334 ) ) ;
#633 = DIRECTION ( 'NONE',  ( 1.500757696090238830E-16, 0.000000000000000000, 1.000000000000000000 ) ) ;
#634 = LINE ( 'NONE', #6244, #4901 ) ;
#635 = ORIENTED_EDGE ( 'NONE', *, *, #2500, .T. ) ;
#636 = ORIENTED_EDGE ( 'NONE', *, *, #7019, .T. ) ;
#637 = ORIENTED_EDGE ( 'NONE', *, *, #5733, .F. ) ;
#638 = LINE ( 'NONE', #4927, #7365 ) ;
#639 = ADVANCED_FACE ( 'NONE', ( #443 ), #1655, .F. ) ;
#640 = ORIENTED_EDGE ( 'NONE', *, *, #6445, .T. ) ;
#641 = VECTOR ( 'NONE', #2927, 39.37007874015748143 ) ;
#642 = LINE ( 'NONE', #7402, #424 ) ;
#643 = CARTESIAN_POINT ( 'NONE',  ( 11.00000000000000000, 0.000000000000000000, 0.000000000000000000 ) ) ;
#644 = LINE ( 'NONE', #1861, #6414 ) ;
#645 = CARTESIAN_POINT ( 'NONE',  ( 8.968750000000001776, -6.499999999999998224, -16.00000000000000000 ) ) ;
#646 = ORIENTED_EDGE ( 'NONE', *, *, #905, .T. ) ;
#647 = CARTESIAN_POINT ( 'NONE',  ( 0.000000000000000000, -5.781250000000000000, -0.1562500000000008327 ) ) ;
#648 = VECTOR ( 'NONE', #6152, 39.37007874015748143 ) ;
#649 = EDGE_CURVE ( 'NONE', #3597, #7540, #6048, .T. ) ;
#650 = ORIENTED_EDGE ( 'NONE', *, *, #4394, .T. ) ;
#651 = PLANE ( 'NONE',  #3281 ) ;
#652 = EDGE_CURVE ( 'NONE', #2724, #3722, #3665, .T. ) ;
#653 = VECTOR ( 'NONE', #3530, 39.37007874015748143 ) ;
#654 = LENGTH_MEASURE_WITH_UNIT ( LENGTH_MEASURE( 0.02539999999999999897 ), #2534 );
#655 = VERTEX_POINT ( 'NONE', #6631 ) ;
#656 = FACE_OUTER_BOUND ( 'NONE', #3230, .T. ) ;
#657 = VECTOR ( 'NONE', #747, 39.37007874015748143 ) ;
#658 = ORIENTED_EDGE ( 'NONE', *, *, #1525, .T. ) ;
#659 = EDGE_CURVE ( 'NONE', #7552, #5643, #510, .T. ) ;
#660 = VECTOR ( 'NONE', #4497, 39.37007874015748143 ) ;
#661 = ORIENTED_EDGE ( 'NONE', *, *, #501, .F. ) ;
#662 = PLANE ( 'NONE',  #3689 ) ;
#663 = AXIS2_PLACEMENT_3D ( 'NONE', #4060, #6730, #374 ) ;
#664 = DIRECTION ( 'NONE',  ( 1.000000000000000000, 0.000000000000000000, 0.000000000000000000 ) ) ;
#665 = UNCERTAINTY_MEASURE_WITH_UNIT (LENGTH_MEASURE( 1.000000000000000082E-05 ), #2115, 'distance_accuracy_value', 'NONE');
#666 = CARTESIAN_POINT ( 'NONE',  ( -9.625000000000003553, -6.500000000000000000, 0.7187499999999992228 ) ) ;
#667 = EDGE_CURVE ( 'NONE', #8145, #5504, #4728, .T. ) ;
#668 = CARTESIAN_POINT ( 'NONE',  ( -9.156250000000003553, -14.48437499999999822, -15.99999999999999822 ) ) ;
#669 = DIRECTION ( 'NONE',  ( 1.000000000000000000, 1.681137226870316528E-16, -0.000000000000000000 ) ) ;
#670 = PLANE ( 'NONE',  #2928 ) ;
#671 = EDGE_CURVE ( 'NONE', #1182, #2850, #1614, .T. ) ;
#672 = VECTOR ( 'NONE', #3647, 39.37007874015748143 ) ;
#673 = EDGE_LOOP ( 'NONE', ( #1015, #6996, #6182, #263 ) ) ;
#674 =( NAMED_UNIT ( * ) PLANE_ANGLE_UNIT ( ) SI_UNIT ( $, .RADIAN. ) );
#675 = EDGE_LOOP ( 'NONE', ( #6997, #4099, #4649, #140 ) ) ;
#676 = DIRECTION ( 'NONE',  ( 0.000000000000000000, 1.000000000000000000, 1.260852920152736718E-16 ) ) ;
#677 = DIRECTION ( 'NONE',  ( 0.000000000000000000, -1.000000000000000000, 0.000000000000000000 ) ) ;
#678 = EDGE_LOOP ( 'NONE', ( #1294, #6453, #7566, #3629 ) ) ;
#679 = EDGE_CURVE ( 'NONE', #2554, #7298, #353, .T. ) ;
#680 = ORIENTED_EDGE ( 'NONE', *, *, #4768, .T. ) ;
#681 = ORIENTED_EDGE ( 'NONE', *, *, #3983, .F. ) ;
#682 = CARTESIAN_POINT ( 'NONE',  ( 9.437500000000001776, 2.311520833390629471E-15, -1.500000000000000222 ) ) ;
#683 = ORIENTED_EDGE ( 'NONE', *, *, #7871, .F. ) ;
#684 = VECTOR ( 'NONE', #4558, 39.37007874015748143 ) ;
#685 = LINE ( 'NONE', #71, #3252 ) ;
#686 = CARTESIAN_POINT ( 'NONE',  ( -8.000000000000003553, -5.781250000000000000, -0.4062499999999973910 ) ) ;
#687 = LINE ( 'NONE', #437, #2756 ) ;
#688 = CARTESIAN_POINT ( 'NONE',  ( -8.468750000000005329, -25.00000000000000000, -14.78125000000000178 ) ) ;
#689 = EDGE_LOOP ( 'NONE', ( #7328, #5385, #6681, #467 ) ) ;
#690 = DIRECTION ( 'NONE',  ( 0.000000000000000000, 0.000000000000000000, 1.000000000000000000 ) ) ;
#691 = ORIENTED_EDGE ( 'NONE', *, *, #5915, .T. ) ;
#692 = LINE ( 'NONE', #4531, #625 ) ;
#693 = LENGTH_MEASURE_WITH_UNIT ( LENGTH_MEASURE( 0.02539999999999999897 ), #2265 );
#694 =( NAMED_UNIT ( * ) PLANE_ANGLE_UNIT ( ) SI_UNIT ( $, .RADIAN. ) );
#695 = SURFACE_STYLE_USAGE ( .BOTH. , #7719 ) ;
#696 = EDGE_CURVE ( 'NONE', #8127, #5867, #2317, .T. ) ;
#697 = VERTEX_POINT ( 'NONE', #6092 ) ;
#698 = LINE ( 'NONE', #3853, #7273 ) ;
#699 = ORIENTED_EDGE ( 'NONE', *, *, #378, .F. ) ;
#700 = ORIENTED_EDGE ( 'NONE', *, *, #6927, .F. ) ;
#701 = LINE ( 'NONE', #2036, #4736 ) ;
#702 = DIRECTION ( 'NONE',  ( 0.000000000000000000, -0.000000000000000000, 1.000000000000000000 ) ) ;
#703 = CARTESIAN_POINT ( 'NONE',  ( -9.437500000000001776, -6.505936120470312141E-17, 0.000000000000000000 ) ) ;
#704 = ADVANCED_FACE ( 'NONE', ( #6711 ), #2974, .F. ) ;
#705 = PLANE ( 'NONE',  #2335 ) ;
#706 = CARTESIAN_POINT ( 'NONE',  ( -8.000000000000003553, -5.781250000000000000, -0.4062499999999973910 ) ) ;
#707 = LINE ( 'NONE', #2004, #3721 ) ;
#708 = ORIENTED_EDGE ( 'NONE', *, *, #5967, .T. ) ;
#709 = CARTESIAN_POINT ( 'NONE',  ( 0.000000000000000000, -5.781250000000000000, -0.1562500000000008327 ) ) ;
#710 = ORIENTED_EDGE ( 'NONE', *, *, #4202, .F. ) ;
#711 = PLANE ( 'NONE',  #2751 ) ;
#712 = DIRECTION ( 'NONE',  ( -1.000000000000000000, -0.000000000000000000, -5.463695987328507701E-16 ) ) ;
#713 = ADVANCED_FACE ( 'NONE', ( #3328 ), #3701, .T. ) ;
#714 = ORIENTED_EDGE ( 'NONE', *, *, #2500, .F. ) ;
#715 = VERTEX_POINT ( 'NONE', #3781 ) ;
#716 = EDGE_LOOP ( 'NONE', ( #7867, #4243, #1384, #5655 ) ) ;
#717 = LINE ( 'NONE', #6953, #2492 ) ;
#718 = EDGE_CURVE ( 'NONE', #575, #192, #178, .T. ) ;
#719 = VERTEX_POINT ( 'NONE', #6283 ) ;
#720 = LINE ( 'NONE', #4522, #888 ) ;
#721 = EDGE_CURVE ( 'NONE', #2616, #4423, #6204, .T. ) ;
#722 = CARTESIAN_POINT ( 'NONE',  ( -8.656250000000001776, -17.48437499999999645, -0.2187500000000011102 ) ) ;
#723 = DIRECTION ( 'NONE',  ( 0.000000000000000000, -0.000000000000000000, 1.000000000000000000 ) ) ;
#724 = AXIS2_PLACEMENT_3D ( 'NONE', #95, #6319, #6360 ) ;
#725 = FACE_OUTER_BOUND ( 'NONE', #6241, .T. ) ;
#726 = ORIENTED_EDGE ( 'NONE', *, *, #7953, .F. ) ;
#727 = PLANE ( 'NONE',  #3329 ) ;
#728 = ORIENTED_EDGE ( 'NONE', *, *, #6878, .T. ) ;
#729 = LINE ( 'NONE', #3266, #1041 ) ;
#730 =( NAMED_UNIT ( * ) SI_UNIT ( $, .STERADIAN. ) SOLID_ANGLE_UNIT ( ) );
#731 = VECTOR ( 'NONE', #806, 39.37007874015748143 ) ;
#732 = CARTESIAN_POINT ( 'NONE',  ( -9.156250000000003553, -17.48437500000000000, -15.99999999999999822 ) ) ;
#733 = ORIENTED_EDGE ( 'NONE', *, *, #7713, .T. ) ;
#734 = DIRECTION ( 'NONE',  ( 0.000000000000000000, 0.000000000000000000, 1.000000000000000000 ) ) ;
#735 = ORIENTED_EDGE ( 'NONE', *, *, #6577, .F. ) ;
#736 = DIRECTION ( 'NONE',  ( -1.000000000000000000, -0.000000000000000000, 4.370956789862806161E-15 ) ) ;
#737 = ORIENTED_EDGE ( 'NONE', *, *, #53, .F. ) ;
#738 = EDGE_CURVE ( 'NONE', #719, #1444, #7690, .T. ) ;
#739 = DIRECTION ( 'NONE',  ( 1.000000000000000000, 0.000000000000000000, -8.741913579725688053E-15 ) ) ;
#740 = VECTOR ( 'NONE', #4790, 39.37007874015748143 ) ;
#741 = VECTOR ( 'NONE', #2784, 39.37007874015748143 ) ;
#742 = APPLICATION_CONTEXT ( 'automotive_design' ) ;
#743 = LINE ( 'NONE', #136, #3586 ) ;
#744 =( CONVERSION_BASED_UNIT ( 'INCH', #7193 ) LENGTH_UNIT ( ) NAMED_UNIT ( #3463 ) );
#745 = CARTESIAN_POINT ( 'NONE',  ( 8.187500000000003553, -14.73437499999999645, -14.78125000000000355 ) ) ;
#746 = DIRECTION ( 'NONE',  ( 1.000000000000000000, 0.000000000000000000, 0.000000000000000000 ) ) ;
#747 = DIRECTION ( 'NONE',  ( -0.000000000000000000, 1.000000000000000000, -0.000000000000000000 ) ) ;
#748 = AXIS2_PLACEMENT_3D ( 'NONE', #3218, #5757, #7669 ) ;
#749 = VERTEX_POINT ( 'NONE', #5007 ) ;
#750 =( CONVERSION_BASED_UNIT ( 'INCH', #7567 ) LENGTH_UNIT ( ) NAMED_UNIT ( #2882 ) );
#751 = EDGE_CURVE ( 'NONE', #3059, #7962, #2509, .T. ) ;
#752 = VERTEX_POINT ( 'NONE', #632 ) ;
#753 = CARTESIAN_POINT ( 'NONE',  ( 10.06250000000000355, -25.00000000000000000, -1.187500000000003553 ) ) ;
#754 = AXIS2_PLACEMENT_3D ( 'NONE', #688, #7141, #813 ) ;
#755 = DIRECTION ( 'NONE',  ( 7.284927983104696985E-16, 0.000000000000000000, -1.000000000000000000 ) ) ;
#756 = LINE ( 'NONE', #3340, #3611 ) ;
#757 = VERTEX_POINT ( 'NONE', #7725 ) ;
#758 =( NAMED_UNIT ( * ) PLANE_ANGLE_UNIT ( ) SI_UNIT ( $, .RADIAN. ) );
#759 = ORIENTED_EDGE ( 'NONE', *, *, #5585, .T. ) ;
#760 = VERTEX_POINT ( 'NONE', #5201 ) ;
#761 = FACE_OUTER_BOUND ( 'NONE', #430, .T. ) ;
#762 = ADVANCED_FACE ( 'NONE', ( #7536 ), #2461, .F. ) ;
#763 = ORIENTED_EDGE ( 'NONE', *, *, #2734, .F. ) ;
#764 = DIRECTION ( 'NONE',  ( 1.000000000000000000, 0.000000000000000000, 0.000000000000000000 ) ) ;
#765 = DIRECTION ( 'NONE',  ( -1.000000000000000000, -0.000000000000000000, -0.000000000000000000 ) ) ;
#766 = PLANE ( 'NONE',  #4233 ) ;
#767 = VECTOR ( 'NONE', #2938, 39.37007874015748143 ) ;
#768 = CARTESIAN_POINT ( 'NONE',  ( -9.156250000000003553, -14.48437499999999822, -15.99999999999999822 ) ) ;
#769 = EDGE_CURVE ( 'NONE', #4130, #3852, #3050, .T. ) ;
#770 = CARTESIAN_POINT ( 'NONE',  ( -8.125000000000003553, -1.499999999999999778, 0.5312499999999997780 ) ) ;
#771 = ORIENTED_EDGE ( 'NONE', *, *, #5393, .F. ) ;
#772 = DIRECTION ( 'NONE',  ( -1.000000000000000000, -0.000000000000000000, -0.000000000000000000 ) ) ;
#773 = EDGE_LOOP ( 'NONE', ( #2821, #7311, #3946, #1623 ) ) ;
#774 = CARTESIAN_POINT ( 'NONE',  ( -9.625000000000003553, -6.500000000000000000, 0.7187499999999992228 ) ) ;
#775 = EDGE_CURVE ( 'NONE', #1105, #1120, #4960, .T. ) ;
#776 =( GEOMETRIC_REPRESENTATION_CONTEXT ( 3 ) GLOBAL_UNCERTAINTY_ASSIGNED_CONTEXT ( ( #5782 ) ) GLOBAL_UNIT_ASSIGNED_CONTEXT ( ( #3849, #6924, #5062 ) ) REPRESENTATION_CONTEXT ( 'NONE', 'WORKASPACE' ) );
#777 = DIRECTION ( 'NONE',  ( 0.000000000000000000, 0.000000000000000000, -1.000000000000000000 ) ) ;
#778 = DIRECTION ( 'NONE',  ( -1.000000000000000000, 0.000000000000000000, 0.000000000000000000 ) ) ;
#779 = VECTOR ( 'NONE', #4415, 39.37007874015748143 ) ;
#780 = FILL_AREA_STYLE_COLOUR ( '', #7211 ) ;
#781 = CIRCLE ( 'NONE', #8158, 0.4375000000000009992 ) ;
#782 = ORIENTED_EDGE ( 'NONE', *, *, #412, .F. ) ;
#783 = CARTESIAN_POINT ( 'NONE',  ( -8.656250000000001776, -17.48437499999999645, -0.2187500000000011102 ) ) ;
#784 = ORIENTED_EDGE ( 'NONE', *, *, #1186, .T. ) ;
#785 = ADVANCED_FACE ( 'NONE', ( #2037 ), #4579, .T. ) ;
#786 = VECTOR ( 'NONE', #7123, 39.37007874015748143 ) ;
#787 = DIRECTION ( 'NONE',  ( -0.000000000000000000, 1.000000000000000000, -0.000000000000000000 ) ) ;
#788 = LINE ( 'NONE', #2709, #3451 ) ;
#789 = PRESENTATION_STYLE_ASSIGNMENT (( #7646 ) ) ;
#790 = DIRECTION ( 'NONE',  ( 0.000000000000000000, -1.000000000000000000, 0.000000000000000000 ) ) ;
#791 = CARTESIAN_POINT ( 'NONE',  ( 9.625000000000005329, -6.499999999999998224, -14.49999999999999822 ) ) ;
#792 = VECTOR ( 'NONE', #2877, 39.37007874015748143 ) ;
#793 = VECTOR ( 'NONE', #3753, 39.37007874015748143 ) ;
#794 = EDGE_LOOP ( 'NONE', ( #5706, #5330, #4249, #5515 ) ) ;
#795 = ORIENTED_EDGE ( 'NONE', *, *, #7442, .F. ) ;
#796 = VECTOR ( 'NONE', #6353, 39.37007874015748143 ) ;
#797 = CARTESIAN_POINT ( 'NONE',  ( 0.000000000000000000, 0.000000000000000000, 0.000000000000000000 ) ) ;
#798 = DIRECTION ( 'NONE',  ( -0.000000000000000000, -0.000000000000000000, -1.000000000000000000 ) ) ;
#799 = ORIENTED_EDGE ( 'NONE', *, *, #3658, .F. ) ;
#800 = EDGE_CURVE ( 'NONE', #5504, #940, #7734, .T. ) ;
#801 = FILL_AREA_STYLE ('',( #5216 ) ) ;
#802 = VECTOR ( 'NONE', #7007, 39.37007874015748143 ) ;
#803 = ORIENTED_EDGE ( 'NONE', *, *, #4069, .T. ) ;
#804 = ORIENTED_EDGE ( 'NONE', *, *, #5519, .T. ) ;
#805 = LINE ( 'NONE', #5052, #3809 ) ;
#806 = DIRECTION ( 'NONE',  ( -1.000000000000000000, -1.387933039033665703E-16, 0.000000000000000000 ) ) ;
#807 = VECTOR ( 'NONE', #1318, 39.37007874015748143 ) ;
#808 = VECTOR ( 'NONE', #5578, 39.37007874015748143 ) ;
#809 = CARTESIAN_POINT ( 'NONE',  ( -8.468750000000001776, -0.2499999999999997224, -0.1562500000000008327 ) ) ;
#810 = DIRECTION ( 'NONE',  ( -1.681137226870315789E-16, 1.000000000000000000, -0.000000000000000000 ) ) ;
#811 = DIRECTION ( 'NONE',  ( -0.000000000000000000, 0.000000000000000000, 1.000000000000000000 ) ) ;
#812 = EDGE_CURVE ( 'NONE', #5048, #294, #3779, .T. ) ;
#813 = DIRECTION ( 'NONE',  ( -1.000000000000000000, 0.000000000000000000, -0.000000000000000000 ) ) ;
#814 = ORIENTED_EDGE ( 'NONE', *, *, #3023, .T. ) ;
#815 = CARTESIAN_POINT ( 'NONE',  ( -11.00000000000000000, 0.000000000000000000, 1.156250000000002442 ) ) ;
#816 = AXIS2_PLACEMENT_3D ( 'NONE', #2358, #1109, #4811 ) ;
#817 = ORIENTED_EDGE ( 'NONE', *, *, #6146, .F. ) ;
#818 = CARTESIAN_POINT ( 'NONE',  ( 9.625000000000003553, -6.500000000000000000, 0.5312500000000012212 ) ) ;
#819 = LINE ( 'NONE', #2028, #6054 ) ;
#820 = DIRECTION ( 'NONE',  ( 1.000000000000000000, 0.000000000000000000, 0.000000000000000000 ) ) ;
#821 = VECTOR ( 'NONE', #6776, 39.37007874015748143 ) ;
#822 = CARTESIAN_POINT ( 'NONE',  ( -8.968750000000000000, 0.000000000000000000, 0.000000000000000000 ) ) ;
#823 = EDGE_CURVE ( 'NONE', #5711, #4576, #3258, .T. ) ;
#824 = PLANE ( 'NONE',  #4207 ) ;
#825 = ORIENTED_EDGE ( 'NONE', *, *, #1163, .T. ) ;
#826 = LINE ( 'NONE', #3366, #2138 ) ;
#827 = ORIENTED_EDGE ( 'NONE', *, *, #573, .F. ) ;
#828 = DIRECTION ( 'NONE',  ( 0.000000000000000000, 0.000000000000000000, -1.000000000000000000 ) ) ;
#829 = LINE ( 'NONE', #3330, #5801 ) ;
#830 = PLANE ( 'NONE',  #2017 ) ;
#831 = EDGE_CURVE ( 'NONE', #5032, #1393, #1844, .T. ) ;
#832 = DIRECTION ( 'NONE',  ( 0.000000000000000000, 0.000000000000000000, -1.000000000000000000 ) ) ;
#833 = LINE ( 'NONE', #3374, #6951 ) ;
#834 = CARTESIAN_POINT ( 'NONE',  ( -9.156250000000003553, -17.48437500000000000, -15.53124999999999467 ) ) ;
#835 = DIRECTION ( 'NONE',  ( 0.000000000000000000, 1.000000000000000000, 0.000000000000000000 ) ) ;
#836 = ORIENTED_EDGE ( 'NONE', *, *, #2244, .T. ) ;
#837 = CARTESIAN_POINT ( 'NONE',  ( 0.000000000000000000, -17.48437500000000000, 0.000000000000000000 ) ) ;
#838 = ORIENTED_EDGE ( 'NONE', *, *, #2957, .T. ) ;
#839 = CARTESIAN_POINT ( 'NONE',  ( -8.125000000000003553, -6.500000000000000000, 0.7187499999999992228 ) ) ;
#840 = CARTESIAN_POINT ( 'NONE',  ( -11.00000000000000000, 0.000000000000000000, 1.156250000000002442 ) ) ;
#841 = CARTESIAN_POINT ( 'NONE',  ( 4.937500000000005329, 0.000000000000000000, 0.4062500000000006106 ) ) ;
#842 = VERTEX_POINT ( 'NONE', #6865 ) ;
#843 = EDGE_CURVE ( 'NONE', #491, #7144, #5549, .T. ) ;
#844 = PLANE ( 'NONE',  #3570 ) ;
#845 = ORIENTED_EDGE ( 'NONE', *, *, #7847, .F. ) ;
#846 = ORIENTED_EDGE ( 'NONE', *, *, #2899, .T. ) ;
#847 = DIRECTION ( 'NONE',  ( 4.370956789862806161E-15, 0.000000000000000000, -1.000000000000000000 ) ) ;
#848 = LINE ( 'NONE', #3387, #6397 ) ;
#849 = EDGE_CURVE ( 'NONE', #6851, #3289, #6143, .T. ) ;
#850 = CARTESIAN_POINT ( 'NONE',  ( 8.468750000000007105, -5.781250000000000000, -0.1562500000000008327 ) ) ;
#851 = CARTESIAN_POINT ( 'NONE',  ( -10.06250000000000355, 0.2500000000000000000, -15.68750000000000000 ) ) ;
#852 = CARTESIAN_POINT ( 'NONE',  ( -9.437500000000001776, -6.505936120470312141E-17, -16.00000000000000000 ) ) ;
#853 = LINE ( 'NONE', #5760, #7474 ) ;
#854 = DIMENSIONAL_EXPONENTS ( 1.000000000000000000, 0.000000000000000000, 0.000000000000000000, 0.000000000000000000, 0.000000000000000000, 0.000000000000000000, 0.000000000000000000 ) ;
#855 = CARTESIAN_POINT ( 'NONE',  ( -9.437500000000003553, -6.500000000000000000, -7.937499999999999112 ) ) ;
#856 = ORIENTED_EDGE ( 'NONE', *, *, #5002, .T. ) ;
#857 = DIRECTION ( 'NONE',  ( -1.000000000000000000, -0.000000000000000000, -0.000000000000000000 ) ) ;
#858 = DIRECTION ( 'NONE',  ( -0.000000000000000000, 1.000000000000000000, -0.000000000000000000 ) ) ;
#859 = CARTESIAN_POINT ( 'NONE',  ( 8.468750000000003553, -5.781250000000000000, -0.4062499999999995004 ) ) ;
#860 = DIRECTION ( 'NONE',  ( -1.000000000000000000, 0.000000000000000000, 0.000000000000000000 ) ) ;
#861 = EDGE_CURVE ( 'NONE', #4037, #4589, #1418, .T. ) ;
#862 =( LENGTH_UNIT ( ) NAMED_UNIT ( * ) SI_UNIT ( $, .METRE. ) );
#863 = CLOSED_SHELL ( 'NONE', ( #6261, #5299, #1999, #1347, #3228, #2856 ) ) ;
#864 = LINE ( 'NONE', #5727, #4702 ) ;
#865 = ORIENTED_EDGE ( 'NONE', *, *, #1888, .T. ) ;
#866 = CARTESIAN_POINT ( 'NONE',  ( -8.656250000000001776, -17.48437500000000000, -0.4687500000000009992 ) ) ;
#867 = VERTEX_POINT ( 'NONE', #6438 ) ;
#868 = CARTESIAN_POINT ( 'NONE',  ( -9.156250000000003553, -17.48437500000000000, -15.53124999999999467 ) ) ;
#869 = AXIS2_PLACEMENT_3D ( 'NONE', #1536, #860, #5979 ) ;
#870 = EDGE_CURVE ( 'NONE', #32, #7368, #7448, .T. ) ;
#871 =( LENGTH_UNIT ( ) NAMED_UNIT ( * ) SI_UNIT ( $, .METRE. ) );
#872 = DIRECTION ( 'NONE',  ( -0.000000000000000000, -0.000000000000000000, -1.000000000000000000 ) ) ;
#873 = LINE ( 'NONE', #5734, #7923 ) ;
#874 = PLANE ( 'NONE',  #7686 ) ;
#875 = CARTESIAN_POINT ( 'NONE',  ( 10.06250000000000355, -14.48437499999999822, -0.7500000000000033307 ) ) ;
#876 = LINE ( 'NONE', #5829, #8139 ) ;
#877 = EDGE_CURVE ( 'NONE', #3628, #1795, #1002, .T. ) ;
#878 = CARTESIAN_POINT ( 'NONE',  ( 9.156249999999994671, -14.48437499999999822, -16.00000000000000355 ) ) ;
#879 = VERTEX_POINT ( 'NONE', #379 ) ;
#880 = PLANE ( 'NONE',  #2914 ) ;
#881 = EDGE_CURVE ( 'NONE', #3356, #1898, #2918, .T. ) ;
#882 = PRESENTATION_LAYER_ASSIGNMENT (  '', '', ( #2218 ) ) ;
#883 = ORIENTED_EDGE ( 'NONE', *, *, #622, .T. ) ;
#884 = LINE ( 'NONE', #2177, #5787 ) ;
#885 = LINE ( 'NONE', #1477, #5409 ) ;
#886 = LINE ( 'NONE', #7739, #5965 ) ;
#887 = ORIENTED_EDGE ( 'NONE', *, *, #6908, .F. ) ;
#888 = VECTOR ( 'NONE', #4480, 39.37007874015748143 ) ;
#889 = CARTESIAN_POINT ( 'NONE',  ( -8.968750000000000000, -6.031250000000000888, -12.53125000000000000 ) ) ;
#890 = VERTEX_POINT ( 'NONE', #2750 ) ;
#891 = ORIENTED_EDGE ( 'NONE', *, *, #219, .F. ) ;
#892 = DIRECTION ( 'NONE',  ( 1.000000000000000000, -0.000000000000000000, 0.000000000000000000 ) ) ;
#893 = MANIFOLD_SOLID_BREP ( 'Cut-Extrude2[2]', #4816 ) ;
#894 = STYLED_ITEM ( 'NONE', ( #1152 ), #6702 ) ;
#895 = CARTESIAN_POINT ( 'NONE',  ( -8.656250000000005329, -14.73437499999999645, -14.78125000000000178 ) ) ;
#896 = DIRECTION ( 'NONE',  ( -0.000000000000000000, 0.000000000000000000, -1.000000000000000000 ) ) ;
#897 = VECTOR ( 'NONE', #3057, 39.37007874015748143 ) ;
#898 = VECTOR ( 'NONE', #627, 39.37007874015748143 ) ;
#899 = CARTESIAN_POINT ( 'NONE',  ( -4.937500000000005329, -6.500000000000000000, 0.4062500000000006106 ) ) ;
#900 = EDGE_CURVE ( 'NONE', #4945, #4912, #3452, .T. ) ;
#901 = ORIENTED_EDGE ( 'NONE', *, *, #460, .F. ) ;
#902 = CARTESIAN_POINT ( 'NONE',  ( 8.187500000000001776, -14.48437499999999822, -0.4687500000000009992 ) ) ;
#903 = ORIENTED_EDGE ( 'NONE', *, *, #5519, .F. ) ;
#904 = DIRECTION ( 'NONE',  ( -1.681137226870316528E-16, 1.000000000000000000, 0.000000000000000000 ) ) ;
#905 = EDGE_CURVE ( 'NONE', #1009, #879, #6519, .T. ) ;
#906 = VERTEX_POINT ( 'NONE', #7938 ) ;
#907 =( NAMED_UNIT ( * ) PLANE_ANGLE_UNIT ( ) SI_UNIT ( $, .RADIAN. ) );
#908 = CARTESIAN_POINT ( 'NONE',  ( 0.000000000000000000, -3.249999999999999556, 1.781249999999999556 ) ) ;
#909 = AXIS2_PLACEMENT_3D ( 'NONE', #2688, #847, #2100 ) ;
#910 =( NAMED_UNIT ( * ) PLANE_ANGLE_UNIT ( ) SI_UNIT ( $, .RADIAN. ) );
#911 = EDGE_CURVE ( 'NONE', #3430, #4474, #4063, .T. ) ;
#912 = EDGE_CURVE ( 'NONE', #655, #5839, #6537, .T. ) ;
#913 = VERTEX_POINT ( 'NONE', #919 ) ;
#914 = DIRECTION ( 'NONE',  ( 1.000000000000000000, 0.000000000000000000, 0.000000000000000000 ) ) ;
#915 = VECTOR ( 'NONE', #2484, 39.37007874015748143 ) ;
#916 = ORIENTED_EDGE ( 'NONE', *, *, #6295, .T. ) ;
#917 = DIRECTION ( 'NONE',  ( 0.000000000000000000, 1.000000000000000000, 0.000000000000000000 ) ) ;
#918 = DIMENSIONAL_EXPONENTS ( 1.000000000000000000, 0.000000000000000000, 0.000000000000000000, 0.000000000000000000, 0.000000000000000000, 0.000000000000000000, 0.000000000000000000 ) ;
#919 = CARTESIAN_POINT ( 'NONE',  ( -8.187500000000003553, -14.73437500000000178, -14.78125000000000178 ) ) ;
#920 = VECTOR ( 'NONE', #5876, 39.37007874015748143 ) ;
#921 = DIRECTION ( 'NONE',  ( -1.000000000000000000, 0.000000000000000000, 0.000000000000000000 ) ) ;
#922 = FACE_OUTER_BOUND ( 'NONE', #7268, .T. ) ;
#923 = EDGE_CURVE ( 'NONE', #1035, #5114, #2303, .T. ) ;
#924 = PLANE ( 'NONE',  #3317 ) ;
#925 = MANIFOLD_SOLID_BREP ( 'Boss-Extrude3[4]', #6525 ) ;
#926 = FACE_OUTER_BOUND ( 'NONE', #5318, .T. ) ;
#927 = AXIS2_PLACEMENT_3D ( 'NONE', #540, #6895, #702 ) ;
#928 = ORIENTED_EDGE ( 'NONE', *, *, #4657, .T. ) ;
#929 = PLANE ( 'NONE',  #123 ) ;
#930 = ADVANCED_FACE ( 'NONE', ( #2487 ), #5247, .T. ) ;
#931 = CARTESIAN_POINT ( 'NONE',  ( 9.625000000000003553, 0.000000000000000000, 0.5312500000000012212 ) ) ;
#932 = CARTESIAN_POINT ( 'NONE',  ( 9.625000000000003553, -6.500000000000000000, -14.49999999999999822 ) ) ;
#933 = DIRECTION ( 'NONE',  ( 0.000000000000000000, -1.000000000000000000, 0.000000000000000000 ) ) ;
#934 = VERTEX_POINT ( 'NONE', #6110 ) ;
#935 = VECTOR ( 'NONE', #4931, 39.37007874015748143 ) ;
#936 = EDGE_CURVE ( 'NONE', #4679, #4286, #6185, .T. ) ;
#937 = CARTESIAN_POINT ( 'NONE',  ( 8.125000000000003553, 0.000000000000000000, 0.7187499999999992228 ) ) ;
#938 = VERTEX_POINT ( 'NONE', #8013 ) ;
#939 = VECTOR ( 'NONE', #4980, 39.37007874015748854 ) ;
#940 = VERTEX_POINT ( 'NONE', #6768 ) ;
#941 = CARTESIAN_POINT ( 'NONE',  ( -10.06250000000000355, 1.365923996832131363E-16, -14.81249999999999822 ) ) ;
#942 = VECTOR ( 'NONE', #3932, 39.37007874015748143 ) ;
#943 = LINE ( 'NONE', #5182, #5893 ) ;
#944 = CARTESIAN_POINT ( 'NONE',  ( 10.06250000000000355, 2.834292293426673064E-15, -1.187500000000003553 ) ) ;
#945 = FACE_OUTER_BOUND ( 'NONE', #2721, .T. ) ;
#946 = VECTOR ( 'NONE', #772, 39.37007874015748143 ) ;
#947 = EDGE_CURVE ( 'NONE', #1679, #324, #5568, .T. ) ;
#948 = CARTESIAN_POINT ( 'NONE',  ( -10.06250000000000355, -14.48437499999999822, -15.25000000000000000 ) ) ;
#949 = ORIENTED_EDGE ( 'NONE', *, *, #6511, .T. ) ;
#950 = DIRECTION ( 'NONE',  ( -0.000000000000000000, -0.000000000000000000, -1.000000000000000000 ) ) ;
#951 = ORIENTED_EDGE ( 'NONE', *, *, #2208, .F. ) ;
#952 = DIRECTION ( 'NONE',  ( -1.500757696090239076E-16, -0.000000000000000000, -1.000000000000000000 ) ) ;
#953 = ORIENTED_EDGE ( 'NONE', *, *, #7885, .F. ) ;
#954 = FACE_OUTER_BOUND ( 'NONE', #1139, .T. ) ;
#955 = DIRECTION ( 'NONE',  ( 1.000000000000000000, 0.000000000000000000, -0.000000000000000000 ) ) ;
#956 =( CONVERSION_BASED_UNIT ( 'INCH', #7149 ) LENGTH_UNIT ( ) NAMED_UNIT ( #5397 ) );
#957 = UNCERTAINTY_MEASURE_WITH_UNIT (LENGTH_MEASURE( 1.000000000000000082E-05 ), #4533, 'distance_accuracy_value', 'NONE');
#958 = SURFACE_SIDE_STYLE ('',( #2200 ) ) ;
#959 = FACE_OUTER_BOUND ( 'NONE', #1072, .T. ) ;
#960 = VECTOR ( 'NONE', #3171, 39.37007874015748143 ) ;
#961 = ORIENTED_EDGE ( 'NONE', *, *, #5164, .T. ) ;
#962 = CARTESIAN_POINT ( 'NONE',  ( 9.437500000000001776, -1.499999999999998002, -1.500000000000000222 ) ) ;
#963 = VERTEX_POINT ( 'NONE', #4940 ) ;
#964 = LINE ( 'NONE', #335, #3840 ) ;
#965 = SURFACE_SIDE_STYLE ('',( #4190 ) ) ;
#966 = ADVANCED_FACE ( 'NONE', ( #7515, #1125, #4828, #1784, #458 ), #2337, .F. ) ;
#967 = DIRECTION ( 'NONE',  ( 0.000000000000000000, 1.000000000000000000, 0.000000000000000000 ) ) ;
#968 = LINE ( 'NONE', #425, #1232 ) ;
#969 = DIRECTION ( 'NONE',  ( 0.000000000000000000, 0.000000000000000000, 1.000000000000000000 ) ) ;
#970 = DIRECTION ( 'NONE',  ( 1.500757696090238830E-16, 0.000000000000000000, 1.000000000000000000 ) ) ;
#971 = ORIENTED_EDGE ( 'NONE', *, *, #5491, .T. ) ;
#972 = DIRECTION ( 'NONE',  ( 0.000000000000000000, 1.000000000000000000, -0.000000000000000000 ) ) ;
#973 = EDGE_CURVE ( 'NONE', #6663, #6251, #1870, .T. ) ;
#974 = DIRECTION ( 'NONE',  ( -1.000000000000000000, 0.000000000000000000, -0.000000000000000000 ) ) ;
#975 = DIRECTION ( 'NONE',  ( 0.000000000000000000, -0.000000000000000000, 1.000000000000000000 ) ) ;
#976 = FACE_OUTER_BOUND ( 'NONE', #7223, .T. ) ;
#977 = ORIENTED_EDGE ( 'NONE', *, *, #6707, .F. ) ;
#978 =( NAMED_UNIT ( * ) SI_UNIT ( $, .STERADIAN. ) SOLID_ANGLE_UNIT ( ) );
#979 = EDGE_LOOP ( 'NONE', ( #6942, #2403, #2766, #4311, #1937, #5068, #5379, #7640, #5219, #5467, #7354, #700, #1738, #6384, #4494, #4234 ) ) ;
#980 = ORIENTED_EDGE ( 'NONE', *, *, #6146, .T. ) ;
#981 = LINE ( 'NONE', #6003, #3032 ) ;
#982 = DIRECTION ( 'NONE',  ( -0.000000000000000000, 1.000000000000000000, -0.000000000000000000 ) ) ;
#983 = EDGE_CURVE ( 'NONE', #655, #1994, #3646, .T. ) ;
#984 = DIRECTION ( 'NONE',  ( 1.000000000000000000, 0.000000000000000000, -3.664752269196856301E-16 ) ) ;
#985 = DIRECTION ( 'NONE',  ( 0.000000000000000000, 1.000000000000000000, 0.000000000000000000 ) ) ;
#986 = DIRECTION ( 'NONE',  ( 1.000000000000000000, 0.000000000000000000, -0.000000000000000000 ) ) ;
#987 = CARTESIAN_POINT ( 'NONE',  ( -8.656250000000005329, -17.48437499999999645, -14.78125000000000178 ) ) ;
#988 = EDGE_CURVE ( 'NONE', #449, #3110, #4290, .T. ) ;
#989 = ORIENTED_EDGE ( 'NONE', *, *, #6979, .F. ) ;
#990 = CARTESIAN_POINT ( 'NONE',  ( -9.625000000000003553, 0.000000000000000000, 0.5312500000000000000 ) ) ;
#991 = LINE ( 'NONE', #3599, #5245 ) ;
#992 = ORIENTED_EDGE ( 'NONE', *, *, #6871, .F. ) ;
#993 = CARTESIAN_POINT ( 'NONE',  ( -10.06250000000000355, 0.2500000000000000000, -15.25000000000000000 ) ) ;
#994 = EDGE_CURVE ( 'NONE', #1250, #4130, #5490, .T. ) ;
#995 = DIRECTION ( 'NONE',  ( 0.000000000000000000, 0.000000000000000000, 1.000000000000000000 ) ) ;
#996 = CARTESIAN_POINT ( 'NONE',  ( -9.156250000000003553, -14.48437499999999822, -15.53124999999999467 ) ) ;
#997 = ORIENTED_EDGE ( 'NONE', *, *, #1871, .T. ) ;
#998 = CARTESIAN_POINT ( 'NONE',  ( 8.968750000000000000, -6.031250000000000888, -3.000000000000000444 ) ) ;
#999 = EDGE_LOOP ( 'NONE', ( #2723, #5974, #4339, #5127 ) ) ;
#1000 = DIRECTION ( 'NONE',  ( 0.000000000000000000, 0.000000000000000000, -1.000000000000000000 ) ) ;
#1001 = AXIS2_PLACEMENT_3D ( 'NONE', #6398, #216, #259 ) ;
#1002 = LINE ( 'NONE', #5291, #1147 ) ;
#1003 = CARTESIAN_POINT ( 'NONE',  ( -9.156250000000001776, -14.48437499999999822, -0.4687500000000010547 ) ) ;
#1004 = CARTESIAN_POINT ( 'NONE',  ( 9.437500000000003553, -6.499999999999998224, -14.49999999999999822 ) ) ;
#1005 = CARTESIAN_POINT ( 'NONE',  ( 8.656250000000007105, -17.48437499999999645, -0.2187500000000011102 ) ) ;
#1006 = CLOSED_SHELL ( 'NONE', ( #8111, #5654, #6990, #1527, #7861, #7720, #3082, #1278, #2671, #8087 ) ) ;
#1007 = DIRECTION ( 'NONE',  ( 0.000000000000000000, 0.000000000000000000, -1.000000000000000000 ) ) ;
#1008 = ADVANCED_FACE ( 'NONE', ( #7357 ), #6144, .T. ) ;
#1009 = VERTEX_POINT ( 'NONE', #1714 ) ;
#1010 = SURFACE_STYLE_USAGE ( .BOTH. , #3500 ) ;
#1011 = AXIS2_PLACEMENT_3D ( 'NONE', #2876, #969, #3496 ) ;
#1012 = CARTESIAN_POINT ( 'NONE',  ( 9.625000000000003553, -6.500000000000000000, 0.000000000000000000 ) ) ;
#1013 = CARTESIAN_POINT ( 'NONE',  ( -8.468750000000003553, -5.781250000000000000, -14.53125000000000000 ) ) ;
#1014 = LINE ( 'NONE', #5384, #6097 ) ;
#1015 = ORIENTED_EDGE ( 'NONE', *, *, #4170, .T. ) ;
#1016 = CARTESIAN_POINT ( 'NONE',  ( 9.437500000000001776, 0.000000000000000000, -16.00000000000000000 ) ) ;
#1017 = CARTESIAN_POINT ( 'NONE',  ( 10.06250000000000355, 0.2500000000000000000, -0.7500000000000033307 ) ) ;
#1018 = EDGE_CURVE ( 'NONE', #1831, #6294, #2958, .T. ) ;
#1019 = COLOUR_RGB ( '',0.5294117647058823595, 0.2627450980392156965, 0.06274509803921568540 ) ;
#1020 = ORIENTED_EDGE ( 'NONE', *, *, #911, .T. ) ;
#1021 = ORIENTED_EDGE ( 'NONE', *, *, #4043, .T. ) ;
#1022 = FACE_OUTER_BOUND ( 'NONE', #5060, .T. ) ;
#1023 = CARTESIAN_POINT ( 'NONE',  ( 0.000000000000000000, -6.500000000000000000, 0.000000000000000000 ) ) ;
#1024 = PRESENTATION_LAYER_ASSIGNMENT (  '', '', ( #4565 ) ) ;
#1025 = CARTESIAN_POINT ( 'NONE',  ( -9.156250000000001776, -17.48437500000000000, -0.4687500000000010547 ) ) ;
#1026 = CARTESIAN_POINT ( 'NONE',  ( 9.625000000000005329, 0.000000000000000000, -16.00000000000000000 ) ) ;
#1027 = MECHANICAL_DESIGN_GEOMETRIC_PRESENTATION_REPRESENTATION (  '', ( #4568 ), #2880 ) ;
#1028 = ORIENTED_EDGE ( 'NONE', *, *, #1310, .T. ) ;
#1029 = PLANE ( 'NONE',  #7237 ) ;
#1030 = EDGE_CURVE ( 'NONE', #1818, #2399, #1750, .T. ) ;
#1031 = ORIENTED_EDGE ( 'NONE', *, *, #696, .F. ) ;
#1032 = PLANE ( 'NONE',  #2536 ) ;
#1033 = VECTOR ( 'NONE', #1061, 39.37007874015748143 ) ;
#1034 = CARTESIAN_POINT ( 'NONE',  ( -8.968750000000000000, -6.500000000000000000, -15.53125000000000000 ) ) ;
#1035 = VERTEX_POINT ( 'NONE', #1208 ) ;
#1036 = CARTESIAN_POINT ( 'NONE',  ( 9.625000000000003553, -1.499999999999997558, -14.49999999999999822 ) ) ;
#1037 =( NAMED_UNIT ( * ) PLANE_ANGLE_UNIT ( ) SI_UNIT ( $, .RADIAN. ) );
#1038 = EDGE_CURVE ( 'NONE', #4474, #719, #495, .T. ) ;
#1039 = MANIFOLD_SOLID_BREP ( 'Boss-Extrude17[1]', #1400 ) ;
#1040 = UNCERTAINTY_MEASURE_WITH_UNIT (LENGTH_MEASURE( 1.000000000000000082E-05 ), #1265, 'distance_accuracy_value', 'NONE');
#1041 = VECTOR ( 'NONE', #5767, 39.37007874015748143 ) ;
#1042 = AXIS2_PLACEMENT_3D ( 'NONE', #7649, #2003, #5577 ) ;
#1043 = CARTESIAN_POINT ( 'NONE',  ( -9.625000000000003553, 0.000000000000000000, -14.49999999999999822 ) ) ;
#1044 = EDGE_CURVE ( 'NONE', #3822, #603, #4408, .T. ) ;
#1045 = EDGE_LOOP ( 'NONE', ( #6373, #3154, #4800, #7577 ) ) ;
#1046 = DIRECTION ( 'NONE',  ( 0.000000000000000000, -0.000000000000000000, 1.000000000000000000 ) ) ;
#1047 = VERTEX_POINT ( 'NONE', #2414 ) ;
#1048 = DIRECTION ( 'NONE',  ( -0.000000000000000000, -0.000000000000000000, 1.000000000000000000 ) ) ;
#1049 = VECTOR ( 'NONE', #3830, 39.37007874015748143 ) ;
#1050 = CARTESIAN_POINT ( 'NONE',  ( -8.125000000000003553, -5.000000000000000000, 0.7187499999999992228 ) ) ;
#1051 = LINE ( 'NONE', #6736, #3660 ) ;
#1052 = CARTESIAN_POINT ( 'NONE',  ( -9.437500000000003553, -6.500000000000000000, -7.937499999999999112 ) ) ;
#1053 = AXIS2_PLACEMENT_3D ( 'NONE', #7247, #4764, #7291 ) ;
#1054 = EDGE_CURVE ( 'NONE', #4549, #7071, #1329, .T. ) ;
#1055 = DIRECTION ( 'NONE',  ( -1.000000000000000000, -0.000000000000000000, -5.463695987328507701E-16 ) ) ;
#1056 = MANIFOLD_SOLID_BREP ( 'Boss-Extrude4[2]', #3248 ) ;
#1057 = ORIENTED_EDGE ( 'NONE', *, *, #2180, .T. ) ;
#1058 = PLANE ( 'NONE',  #6454 ) ;
#1059 = FACE_OUTER_BOUND ( 'NONE', #7838, .T. ) ;
#1060 = ORIENTED_EDGE ( 'NONE', *, *, #3884, .T. ) ;
#1061 = DIRECTION ( 'NONE',  ( -0.000000000000000000, -0.000000000000000000, -1.000000000000000000 ) ) ;
#1062 = CIRCLE ( 'NONE', #2382, 0.7499999999999998890 ) ;
#1063 = VECTOR ( 'NONE', #7292, 39.37007874015748143 ) ;
#1064 = ORIENTED_EDGE ( 'NONE', *, *, #5217, .T. ) ;
#1065 = SURFACE_STYLE_USAGE ( .BOTH. , #7416 ) ;
#1066 = CARTESIAN_POINT ( 'NONE',  ( -9.625000000000003553, -6.500000000000000000, 0.000000000000000000 ) ) ;
#1067 = AXIS2_PLACEMENT_3D ( 'NONE', #2187, #7215, #4046 ) ;
#1068 = CARTESIAN_POINT ( 'NONE',  ( -8.968750000000000000, -6.031250000000000888, -3.000000000000000444 ) ) ;
#1069 = ADVANCED_FACE ( 'NONE', ( #3318 ), #6386, .T. ) ;
#1070 = EDGE_LOOP ( 'NONE', ( #3112, #7921, #108, #1110 ) ) ;
#1071 = VECTOR ( 'NONE', #4422, 39.37007874015748143 ) ;
#1072 = EDGE_LOOP ( 'NONE', ( #4392, #980, #7394, #2574 ) ) ;
#1073 = DIRECTION ( 'NONE',  ( 0.000000000000000000, 0.000000000000000000, 1.000000000000000000 ) ) ;
#1074 = VECTOR ( 'NONE', #4827, 39.37007874015748143 ) ;
#1075 = DIRECTION ( 'NONE',  ( -0.000000000000000000, 0.000000000000000000, -1.000000000000000000 ) ) ;
#1076 = VERTEX_POINT ( 'NONE', #3227 ) ;
#1077 = DIRECTION ( 'NONE',  ( 0.000000000000000000, 0.000000000000000000, 1.000000000000000000 ) ) ;
#1078 = VECTOR ( 'NONE', #6, 39.37007874015748143 ) ;
#1079 = DIRECTION ( 'NONE',  ( -0.000000000000000000, 1.000000000000000000, 0.000000000000000000 ) ) ;
#1080 = EDGE_CURVE ( 'NONE', #2703, #1619, #3536, .T. ) ;
#1081 = MANIFOLD_SOLID_BREP ( 'Boss-Extrude19[1]', #1673 ) ;
#1082 = FILL_AREA_STYLE_COLOUR ( '', #6940 ) ;
#1083 = LINE ( 'NONE', #4703, #5633 ) ;
#1084 = ORIENTED_EDGE ( 'NONE', *, *, #3063, .T. ) ;
#1085 = LINE ( 'NONE', #5329, #7796 ) ;
#1086 = CIRCLE ( 'NONE', #2000, 0.4375000000000003331 ) ;
#1087 = VERTEX_POINT ( 'NONE', #368 ) ;
#1088 = CARTESIAN_POINT ( 'NONE',  ( 8.125000000000003553, -1.499999999999999778, 0.5312499999999997780 ) ) ;
#1089 = PRODUCT_DEFINITION_SHAPE ( 'NONE', 'NONE',  #3861 ) ;
#1090 = EDGE_CURVE ( 'NONE', #1842, #5701, #609, .T. ) ;
#1091 = VECTOR ( 'NONE', #765, 39.37007874015748143 ) ;
#1092 = FACE_OUTER_BOUND ( 'NONE', #3789, .T. ) ;
#1093 = DIRECTION ( 'NONE',  ( 0.000000000000000000, 4.553079989440439314E-17, -1.000000000000000000 ) ) ;
#1094 = DIRECTION ( 'NONE',  ( 0.000000000000000000, -0.000000000000000000, -1.000000000000000000 ) ) ;
#1095 = MANIFOLD_SOLID_BREP ( 'Boss-Extrude12[2]', #1921 ) ;
#1096 = EDGE_CURVE ( 'NONE', #7509, #4383, #3362, .T. ) ;
#1097 = EDGE_LOOP ( 'NONE', ( #1233, #40, #6303, #79 ) ) ;
#1098 = EDGE_CURVE ( 'NONE', #5623, #505, #2160, .T. ) ;
#1099 = CARTESIAN_POINT ( 'NONE',  ( 9.437500000000001776, 0.000000000000000000, -14.49999999999999822 ) ) ;
#1100 = DIRECTION ( 'NONE',  ( 0.000000000000000000, -1.000000000000000000, 0.000000000000000000 ) ) ;
#1101 = ORIENTED_EDGE ( 'NONE', *, *, #5036, .T. ) ;
#1102 = AXIS2_PLACEMENT_3D ( 'NONE', #6813, #4379, #7478 ) ;
#1103 = DIRECTION ( 'NONE',  ( -1.000000000000000000, 0.000000000000000000, 0.000000000000000000 ) ) ;
#1104 = DIRECTION ( 'NONE',  ( -8.741913579725612322E-15, 0.000000000000000000, 1.000000000000000000 ) ) ;
#1105 = VERTEX_POINT ( 'NONE', #5940 ) ;
#1106 = MANIFOLD_SOLID_BREP ( 'Cut-Extrude5[2]', #7327 ) ;
#1107 = CARTESIAN_POINT ( 'NONE',  ( -9.625000000000001776, -14.48437499999999822, -0.4687500000000009992 ) ) ;
#1108 = CARTESIAN_POINT ( 'NONE',  ( -8.968750000000000000, -6.500000000000000000, -16.00000000000000000 ) ) ;
#1109 = DIRECTION ( 'NONE',  ( -1.000000000000000000, 0.000000000000000000, 0.000000000000000000 ) ) ;
#1110 = ORIENTED_EDGE ( 'NONE', *, *, #1646, .F. ) ;
#1111 = ORIENTED_EDGE ( 'NONE', *, *, #738, .F. ) ;
#1112 = LINE ( 'NONE', #481, #535 ) ;
#1113 = PLANE ( 'NONE',  #4447 ) ;
#1114 = EDGE_CURVE ( 'NONE', #5171, #1876, #205, .T. ) ;
#1115 = EDGE_LOOP ( 'NONE', ( #210, #67, #5793, #7721 ) ) ;
#1116 = DIRECTION ( 'NONE',  ( -1.000000000000000000, -1.346415657017119838E-16, 0.000000000000000000 ) ) ;
#1117 = MANIFOLD_SOLID_BREP ( 'Boss-Extrude19[2]', #3521 ) ;
#1118 = SURFACE_STYLE_USAGE ( .BOTH. , #7460 ) ;
#1119 = CARTESIAN_POINT ( 'NONE',  ( 0.000000000000000000, -6.500000000000000000, 0.000000000000000000 ) ) ;
#1120 = VERTEX_POINT ( 'NONE', #4789 ) ;
#1121 = CARTESIAN_POINT ( 'NONE',  ( -9.437500000000001776, -6.500000000000000000, -1.500000000000000222 ) ) ;
#1122 = VERTEX_POINT ( 'NONE', #3715 ) ;
#1123 = FACE_OUTER_BOUND ( 'NONE', #2651, .T. ) ;
#1124 = EDGE_CURVE ( 'NONE', #3065, #477, #5480, .T. ) ;
#1125 = FACE_BOUND ( 'NONE', #2539, .T. ) ;
#1126 = LINE ( 'NONE', #1359, #3858 ) ;
#1127 = LINE ( 'NONE', #1004, #176 ) ;
#1128 = CYLINDRICAL_SURFACE ( 'NONE', #6600, 0.4375000000000009992 ) ;
#1129 = EDGE_CURVE ( 'NONE', #4824, #4489, #5225, .T. ) ;
#1130 = ORIENTED_EDGE ( 'NONE', *, *, #2261, .F. ) ;
#1131 = DIRECTION ( 'NONE',  ( 0.000000000000000000, 1.000000000000000000, 0.000000000000000000 ) ) ;
#1132 = CARTESIAN_POINT ( 'NONE',  ( -8.187500000000003553, -17.48437499999999645, -14.78125000000000178 ) ) ;
#1133 = ADVANCED_FACE ( 'NONE', ( #6760 ), #3634, .T. ) ;
#1134 = AXIS2_PLACEMENT_3D ( 'NONE', #5203, #7159, #1423 ) ;
#1135 = EDGE_LOOP ( 'NONE', ( #3967, #7789, #3633, #3287 ) ) ;
#1136 = PLANE ( 'NONE',  #4961 ) ;
#1137 =( LENGTH_UNIT ( ) NAMED_UNIT ( * ) SI_UNIT ( $, .METRE. ) );
#1138 = EDGE_CURVE ( 'NONE', #4951, #5536, #2405, .T. ) ;
#1139 = EDGE_LOOP ( 'NONE', ( #7204, #5477, #397, #1853 ) ) ;
#1140 = CARTESIAN_POINT ( 'NONE',  ( 10.06250000000000355, 0.2500000000000000000, -15.25000000000000000 ) ) ;
#1141 = VECTOR ( 'NONE', #339, 39.37007874015748143 ) ;
#1142 = MANIFOLD_SOLID_BREP ( 'Boss-Extrude3[1]', #7986 ) ;
#1143 = CARTESIAN_POINT ( 'NONE',  ( 9.312500000000003553, -6.500000000000000000, -11.31249999999999822 ) ) ;
#1144 = DIRECTION ( 'NONE',  ( -0.000000000000000000, -4.370956789862822136E-16, -1.000000000000000000 ) ) ;
#1145 = DIRECTION ( 'NONE',  ( -3.265724797726251389E-16, 1.000000000000000000, 0.000000000000000000 ) ) ;
#1146 = ORIENTED_EDGE ( 'NONE', *, *, #599, .T. ) ;
#1147 = VECTOR ( 'NONE', #2168, 39.37007874015748143 ) ;
#1148 = ORIENTED_EDGE ( 'NONE', *, *, #7456, .T. ) ;
#1149 = ORIENTED_EDGE ( 'NONE', *, *, #6759, .T. ) ;
#1150 = VECTOR ( 'NONE', #4658, 39.37007874015748143 ) ;
#1151 = DIRECTION ( 'NONE',  ( 0.000000000000000000, 0.000000000000000000, 1.000000000000000000 ) ) ;
#1152 = PRESENTATION_STYLE_ASSIGNMENT (( #1118 ) ) ;
#1153 = EDGE_CURVE ( 'NONE', #2025, #4912, #6683, .T. ) ;
#1154 = AXIS2_PLACEMENT_3D ( 'NONE', #6837, #4257, #6136 ) ;
#1155 = FACE_OUTER_BOUND ( 'NONE', #6269, .T. ) ;
#1156 = AXIS2_PLACEMENT_3D ( 'NONE', #6330, #25, #8147 ) ;
#1157 = ORIENTED_EDGE ( 'NONE', *, *, #6530, .F. ) ;
#1158 = CARTESIAN_POINT ( 'NONE',  ( 0.000000000000000000, -17.48437500000000000, 0.000000000000000000 ) ) ;
#1159 = VERTEX_POINT ( 'NONE', #4358 ) ;
#1160 = DIRECTION ( 'NONE',  ( 1.000000000000000000, 0.000000000000000000, 0.000000000000000000 ) ) ;
#1161 = AXIS2_PLACEMENT_3D ( 'NONE', #2694, #1362, #1529 ) ;
#1162 = DIRECTION ( 'NONE',  ( 1.000000000000000000, 0.000000000000000000, 0.000000000000000000 ) ) ;
#1163 = EDGE_CURVE ( 'NONE', #715, #719, #4436, .T. ) ;
#1164 = PRESENTATION_STYLE_ASSIGNMENT (( #4291 ) ) ;
#1165 = ADVANCED_FACE ( 'NONE', ( #6914 ), #2598, .T. ) ;
#1166 = CARTESIAN_POINT ( 'NONE',  ( -8.125000000000003553, -5.000000000000000000, 0.5312499999999993339 ) ) ;
#1167 = MANIFOLD_SOLID_BREP ( 'Cut-Extrude1[3]', #6004 ) ;
#1168 = VECTOR ( 'NONE', #1160, 39.37007874015748143 ) ;
#1169 = VECTOR ( 'NONE', #7176, 39.37007874015748143 ) ;
#1170 = VERTEX_POINT ( 'NONE', #5679 ) ;
#1171 = ORIENTED_EDGE ( 'NONE', *, *, #1492, .T. ) ;
#1172 = VECTOR ( 'NONE', #7707, 39.37007874015748143 ) ;
#1173 = CARTESIAN_POINT ( 'NONE',  ( -8.468750000000003553, -5.781250000000000000, -15.00000000000000000 ) ) ;
#1174 = FILL_AREA_STYLE_COLOUR ( '', #7295 ) ;
#1175 = EDGE_CURVE ( 'NONE', #1898, #3460, #7578, .T. ) ;
#1176 = ORIENTED_EDGE ( 'NONE', *, *, #7297, .F. ) ;
#1177 = DIRECTION ( 'NONE',  ( 0.000000000000000000, 0.000000000000000000, -1.000000000000000000 ) ) ;
#1178 = FACE_OUTER_BOUND ( 'NONE', #4913, .T. ) ;
#1179 = VECTOR ( 'NONE', #6306, 39.37007874015748143 ) ;
#1180 = VERTEX_POINT ( 'NONE', #1930 ) ;
#1181 = SURFACE_SIDE_STYLE ('',( #6820 ) ) ;
#1182 = VERTEX_POINT ( 'NONE', #6417 ) ;
#1183 = DIRECTION ( 'NONE',  ( 0.000000000000000000, 0.000000000000000000, 1.000000000000000000 ) ) ;
#1184 = VECTOR ( 'NONE', #7656, 39.37007874015748143 ) ;
#1185 = DIRECTION ( 'NONE',  ( 1.000000000000000000, 0.000000000000000000, 0.000000000000000000 ) ) ;
#1186 = EDGE_CURVE ( 'NONE', #7164, #1973, #720, .T. ) ;
#1187 = EDGE_LOOP ( 'NONE', ( #5230, #532, #1541, #7165 ) ) ;
#1188 = MECHANICAL_DESIGN_GEOMETRIC_PRESENTATION_REPRESENTATION (  '', ( #3295 ), #1595 ) ;
#1189 = ORIENTED_EDGE ( 'NONE', *, *, #2992, .F. ) ;
#1190 = CARTESIAN_POINT ( 'NONE',  ( 9.437500000000001776, 0.000000000000000000, -14.49999999999999822 ) ) ;
#1191 = ORIENTED_EDGE ( 'NONE', *, *, #1783, .T. ) ;
#1192 = FACE_OUTER_BOUND ( 'NONE', #30, .T. ) ;
#1193 = VECTOR ( 'NONE', #6992, 39.37007874015748143 ) ;
#1194 = VERTEX_POINT ( 'NONE', #6955 ) ;
#1195 =( LENGTH_UNIT ( ) NAMED_UNIT ( * ) SI_UNIT ( $, .METRE. ) );
#1196 = ADVANCED_FACE ( 'NONE', ( #1358 ), #5592, .F. ) ;
#1197 = MANIFOLD_SOLID_BREP ( 'Cut-Extrude2[1]', #4682 ) ;
#1198 = LINE ( 'NONE', #1003, #653 ) ;
#1199 = CIRCLE ( 'NONE', #5798, 0.4375000000000003331 ) ;
#1200 = FACE_OUTER_BOUND ( 'NONE', #6169, .T. ) ;
#1201 = CARTESIAN_POINT ( 'NONE',  ( -9.437500000000001776, -6.500000000000000000, -1.500000000000000222 ) ) ;
#1202 = ORIENTED_EDGE ( 'NONE', *, *, #5152, .T. ) ;
#1203 = LINE ( 'NONE', #3066, #2275 ) ;
#1204 = ORIENTED_EDGE ( 'NONE', *, *, #1186, .F. ) ;
#1205 = CARTESIAN_POINT ( 'NONE',  ( 10.06250000000000355, 0.2500000000000000000, -0.7500000000000033307 ) ) ;
#1206 = AXIS2_PLACEMENT_3D ( 'NONE', #1211, #4943, #2417 ) ;
#1207 =( NAMED_UNIT ( * ) SI_UNIT ( $, .STERADIAN. ) SOLID_ANGLE_UNIT ( ) );
#1208 = CARTESIAN_POINT ( 'NONE',  ( -11.00000000000000000, 0.4687500000000002776, 1.156250000000002442 ) ) ;
#1209 = DIRECTION ( 'NONE',  ( 1.000000000000000000, 0.000000000000000000, -0.000000000000000000 ) ) ;
#1210 = AXIS2_PLACEMENT_3D ( 'NONE', #2442, #6222, #7463 ) ;
#1211 = CARTESIAN_POINT ( 'NONE',  ( 10.06250000000000355, 0.2500000000000000000, -15.25000000000000000 ) ) ;
#1212 = ORIENTED_EDGE ( 'NONE', *, *, #5465, .T. ) ;
#1213 = ORIENTED_EDGE ( 'NONE', *, *, #2812, .T. ) ;
#1214 = EDGE_CURVE ( 'NONE', #4159, #6210, #6338, .T. ) ;
#1215 = DIRECTION ( 'NONE',  ( -1.494344201662503033E-16, -0.000000000000000000, -1.000000000000000000 ) ) ;
#1216 = DIRECTION ( 'NONE',  ( 0.000000000000000000, -1.000000000000000000, 0.000000000000000000 ) ) ;
#1217 = FACE_OUTER_BOUND ( 'NONE', #6986, .T. ) ;
#1218 = CARTESIAN_POINT ( 'NONE',  ( -4.812500000000003553, -6.500000000000000000, 0.5312500000000011102 ) ) ;
#1219 = LINE ( 'NONE', #3204, #4771 ) ;
#1220 = VECTOR ( 'NONE', #7337, 39.37007874015748143 ) ;
#1221 = ORIENTED_EDGE ( 'NONE', *, *, #7132, .T. ) ;
#1222 = CARTESIAN_POINT ( 'NONE',  ( 9.625000000000001776, -6.500000000000000000, -1.500000000000000222 ) ) ;
#1223 = ADVANCED_FACE ( 'NONE', ( #6463 ), #5882, .T. ) ;
#1224 = ORIENTED_EDGE ( 'NONE', *, *, #308, .F. ) ;
#1225 = CARTESIAN_POINT ( 'NONE',  ( 9.625000000000000000, -17.48437500000000000, -15.99999999999999822 ) ) ;
#1226 = AXIS2_PLACEMENT_3D ( 'NONE', #8103, #2463, #2634 ) ;
#1227 = FILL_AREA_STYLE_COLOUR ( '', #2223 ) ;
#1228 = CARTESIAN_POINT ( 'NONE',  ( 10.06250000000000355, 0.2500000000000000000, -1.187500000000003553 ) ) ;
#1229 = VERTEX_POINT ( 'NONE', #155 ) ;
#1230 = ORIENTED_EDGE ( 'NONE', *, *, #2344, .T. ) ;
#1231 = DIRECTION ( 'NONE',  ( 1.500757696090239076E-16, 0.000000000000000000, 1.000000000000000000 ) ) ;
#1232 = VECTOR ( 'NONE', #1675, 39.37007874015748143 ) ;
#1233 = ORIENTED_EDGE ( 'NONE', *, *, #2716, .T. ) ;
#1234 = DIRECTION ( 'NONE',  ( 0.000000000000000000, 1.000000000000000000, 0.000000000000000000 ) ) ;
#1235 = ADVANCED_FACE ( 'NONE', ( #2852 ), #195, .F. ) ;
#1236 = ORIENTED_EDGE ( 'NONE', *, *, #24, .F. ) ;
#1237 = SURFACE_SIDE_STYLE ('',( #1976 ) ) ;
#1238 = DIRECTION ( 'NONE',  ( -1.000000000000000000, -1.387933039033665703E-16, 0.000000000000000000 ) ) ;
#1239 = EDGE_CURVE ( 'NONE', #6597, #6709, #7794, .T. ) ;
#1240 = DIRECTION ( 'NONE',  ( 0.000000000000000000, -1.000000000000000000, 0.000000000000000000 ) ) ;
#1241 = ORIENTED_EDGE ( 'NONE', *, *, #7948, .F. ) ;
#1242 = CARTESIAN_POINT ( 'NONE',  ( -9.156250000000001776, -17.48437500000000000, -0.4687500000000010547 ) ) ;
#1243 = ORIENTED_EDGE ( 'NONE', *, *, #1665, .T. ) ;
#1244 = FACE_OUTER_BOUND ( 'NONE', #1349, .T. ) ;
#1245 = EDGE_CURVE ( 'NONE', #4033, #2426, #6632, .T. ) ;
#1246 = PRESENTATION_STYLE_ASSIGNMENT (( #6802 ) ) ;
#1247 = SURFACE_SIDE_STYLE ('',( #5065 ) ) ;
#1248 = ORIENTED_EDGE ( 'NONE', *, *, #3058, .T. ) ;
#1249 = CARTESIAN_POINT ( 'NONE',  ( -9.625000000000005329, -14.48437499999999822, -15.99999999999999822 ) ) ;
#1250 = VERTEX_POINT ( 'NONE', #1524 ) ;
#1251 = EDGE_LOOP ( 'NONE', ( #6501, #6155, #5024, #2941, #7457, #5766, #1579, #483 ) ) ;
#1252 = PLANE ( 'NONE',  #7116 ) ;
#1253 = CARTESIAN_POINT ( 'NONE',  ( 8.000000000000003553, -5.781250000000000000, -5.977376806650015090E-16 ) ) ;
#1254 = UNCERTAINTY_MEASURE_WITH_UNIT (LENGTH_MEASURE( 1.000000000000000082E-05 ), #1872, 'distance_accuracy_value', 'NONE');
#1255 = SURFACE_STYLE_FILL_AREA ( #6896 ) ;
#1256 = FACE_OUTER_BOUND ( 'NONE', #3447, .T. ) ;
#1257 = DIRECTION ( 'NONE',  ( 0.000000000000000000, 0.000000000000000000, -1.000000000000000000 ) ) ;
#1258 = EDGE_CURVE ( 'NONE', #5242, #6922, #3349, .T. ) ;
#1259 = CARTESIAN_POINT ( 'NONE',  ( -9.437500000000003553, -6.500000000000000000, -11.18750000000000000 ) ) ;
#1260 = EDGE_LOOP ( 'NONE', ( #3767, #6618, #6827, #4344 ) ) ;
#1261 = FILL_AREA_STYLE ('',( #1304 ) ) ;
#1262 = EDGE_LOOP ( 'NONE', ( #7439, #1781, #2181, #1779 ) ) ;
#1263 = DIRECTION ( 'NONE',  ( 1.000000000000000000, 0.000000000000000000, -0.000000000000000000 ) ) ;
#1264 = CLOSED_SHELL ( 'NONE', ( #2848, #4921, #2437, #4685 ) ) ;
#1265 =( CONVERSION_BASED_UNIT ( 'INCH', #2009 ) LENGTH_UNIT ( ) NAMED_UNIT ( #7189 ) );
#1266 = CARTESIAN_POINT ( 'NONE',  ( -10.06250000000000355, 0.2500000000000000000, -1.187500000000003553 ) ) ;
#1267 = ORIENTED_EDGE ( 'NONE', *, *, #1560, .F. ) ;
#1268 = EDGE_CURVE ( 'NONE', #7980, #3172, #943, .T. ) ;
#1269 = CIRCLE ( 'NONE', #2592, 0.4375000000000009992 ) ;
#1270 = EDGE_LOOP ( 'NONE', ( #6752, #7682, #5618, #3872 ) ) ;
#1271 = ORIENTED_EDGE ( 'NONE', *, *, #1752, .F. ) ;
#1272 = PLANE ( 'NONE',  #8144 ) ;
#1273 = ORIENTED_EDGE ( 'NONE', *, *, #219, .T. ) ;
#1274 = LINE ( 'NONE', #6418, #1091 ) ;
#1275 = AXIS2_PLACEMENT_3D ( 'NONE', #4306, #2427, #3741 ) ;
#1276 = FACE_OUTER_BOUND ( 'NONE', #7945, .T. ) ;
#1277 = DIRECTION ( 'NONE',  ( 0.000000000000000000, -1.000000000000000000, 0.000000000000000000 ) ) ;
#1278 = ADVANCED_FACE ( 'NONE', ( #5270 ), #2056, .F. ) ;
#1279 = LINE ( 'NONE', #5057, #2618 ) ;
#1280 = ORIENTED_EDGE ( 'NONE', *, *, #8014, .F. ) ;
#1281 = LINE ( 'NONE', #490, #4119 ) ;
#1282 = EDGE_LOOP ( 'NONE', ( #5739, #334, #3265, #4819 ) ) ;
#1283 = DIRECTION ( 'NONE',  ( 0.000000000000000000, 1.000000000000000000, -4.683167989138737932E-16 ) ) ;
#1284 =( GEOMETRIC_REPRESENTATION_CONTEXT ( 3 ) GLOBAL_UNCERTAINTY_ASSIGNED_CONTEXT ( ( #665 ) ) GLOBAL_UNIT_ASSIGNED_CONTEXT ( ( #2115, #414, #7967 ) ) REPRESENTATION_CONTEXT ( 'NONE', 'WORKASPACE' ) );
#1285 = FILL_AREA_STYLE ('',( #1822 ) ) ;
#1286 = EDGE_CURVE ( 'NONE', #2859, #5528, #5223, .T. ) ;
#1287 = FACE_OUTER_BOUND ( 'NONE', #4144, .T. ) ;
#1288 = ADVANCED_FACE ( 'NONE', ( #1572 ), #4005, .T. ) ;
#1289 = VECTOR ( 'NONE', #5843, 39.37007874015748143 ) ;
#1290 = ORIENTED_EDGE ( 'NONE', *, *, #5842, .T. ) ;
#1291 = LINE ( 'NONE', #6230, #5939 ) ;
#1292 = ORIENTED_EDGE ( 'NONE', *, *, #3756, .T. ) ;
#1293 = VECTOR ( 'NONE', #1277, 39.37007874015748143 ) ;
#1294 = ORIENTED_EDGE ( 'NONE', *, *, #1924, .T. ) ;
#1295 = FACE_OUTER_BOUND ( 'NONE', #6731, .T. ) ;
#1296 = DIRECTION ( 'NONE',  ( -1.000000000000000000, -0.000000000000000000, 8.741913579725612322E-15 ) ) ;
#1297 = EDGE_CURVE ( 'NONE', #5993, #7962, #2728, .T. ) ;
#1298 = EDGE_LOOP ( 'NONE', ( #7630, #6578, #5016, #2007 ) ) ;
#1299 = AXIS2_PLACEMENT_3D ( 'NONE', #409, #2288, #4818 ) ;
#1300 = AXIS2_PLACEMENT_3D ( 'NONE', #4258, #6762, #4749 ) ;
#1301 = LINE ( 'NONE', #6278, #898 ) ;
#1302 = LINE ( 'NONE', #4917, #6590 ) ;
#1303 = ORIENTED_EDGE ( 'NONE', *, *, #1924, .F. ) ;
#1304 = FILL_AREA_STYLE_COLOUR ( '', #4089 ) ;
#1305 = AXIS2_PLACEMENT_3D ( 'NONE', #7083, #1437, #7131 ) ;
#1306 = VERTEX_POINT ( 'NONE', #850 ) ;
#1307 =( NAMED_UNIT ( * ) PLANE_ANGLE_UNIT ( ) SI_UNIT ( $, .RADIAN. ) );
#1308 = CARTESIAN_POINT ( 'NONE',  ( 4.937500000000006217, 0.000000000000000000, 0.5312500000000011102 ) ) ;
#1309 = ORIENTED_EDGE ( 'NONE', *, *, #6265, .T. ) ;
#1310 = EDGE_CURVE ( 'NONE', #7512, #1831, #2102, .T. ) ;
#1311 = STYLED_ITEM ( 'NONE', ( #2715 ), #3656 ) ;
#1312 = ORIENTED_EDGE ( 'NONE', *, *, #4978, .T. ) ;
#1313 = ORIENTED_EDGE ( 'NONE', *, *, #6366, .T. ) ;
#1314 = CARTESIAN_POINT ( 'NONE',  ( -8.968750000000000000, -6.500000000000000000, 0.000000000000000000 ) ) ;
#1315 = ORIENTED_EDGE ( 'NONE', *, *, #4910, .T. ) ;
#1316 = VECTOR ( 'NONE', #1516, 39.37007874015748143 ) ;
#1317 = EDGE_CURVE ( 'NONE', #3241, #5751, #3432, .T. ) ;
#1318 = DIRECTION ( 'NONE',  ( 1.000000000000000000, -0.000000000000000000, -0.000000000000000000 ) ) ;
#1319 = DIRECTION ( 'NONE',  ( 1.000000000000000000, 0.000000000000000000, 0.000000000000000000 ) ) ;
#1320 = FACE_OUTER_BOUND ( 'NONE', #4520, .T. ) ;
#1321 = DIRECTION ( 'NONE',  ( -1.000000000000000000, 0.000000000000000000, 0.000000000000000000 ) ) ;
#1322 = ORIENTED_EDGE ( 'NONE', *, *, #7347, .F. ) ;
#1323 = PLANE ( 'NONE',  #5019 ) ;
#1324 = VECTOR ( 'NONE', #6085, 39.37007874015748143 ) ;
#1325 = ORIENTED_EDGE ( 'NONE', *, *, #5544, .T. ) ;
#1326 = CARTESIAN_POINT ( 'NONE',  ( 8.468750000000005329, -5.781250000000000000, -14.78125000000000355 ) ) ;
#1327 = SURFACE_STYLE_USAGE ( .BOTH. , #2445 ) ;
#1328 = ADVANCED_FACE ( 'NONE', ( #2357 ), #6783, .T. ) ;
#1329 = LINE ( 'NONE', #1987, #5493 ) ;
#1330 = AXIS2_PLACEMENT_3D ( 'NONE', #2836, #4360, #525 ) ;
#1331 =( LENGTH_UNIT ( ) NAMED_UNIT ( * ) SI_UNIT ( $, .METRE. ) );
#1332 = ORIENTED_EDGE ( 'NONE', *, *, #4137, .F. ) ;
#1333 = CARTESIAN_POINT ( 'NONE',  ( 9.156249999999994671, -17.48437500000000000, -15.99999999999999822 ) ) ;
#1334 = VECTOR ( 'NONE', #2913, 39.37007874015748143 ) ;
#1335 = ORIENTED_EDGE ( 'NONE', *, *, #5424, .F. ) ;
#1336 = VECTOR ( 'NONE', #2664, 39.37007874015748143 ) ;
#1337 = ORIENTED_EDGE ( 'NONE', *, *, #3471, .T. ) ;
#1338 = EDGE_CURVE ( 'NONE', #7071, #184, #1692, .T. ) ;
#1339 = LINE ( 'NONE', #1416, #3036 ) ;
#1340 = LINE ( 'NONE', #5658, #5003 ) ;
#1341 = DIRECTION ( 'NONE',  ( 1.681137226870315789E-16, -1.000000000000000000, 0.000000000000000000 ) ) ;
#1342 = CARTESIAN_POINT ( 'NONE',  ( 4.937500000000005329, -6.500000000000000000, 0.4062500000000006106 ) ) ;
#1343 = FACE_OUTER_BOUND ( 'NONE', #5411, .T. ) ;
#1344 = EDGE_CURVE ( 'NONE', #5777, #715, #4171, .T. ) ;
#1345 = ORIENTED_EDGE ( 'NONE', *, *, #4590, .T. ) ;
#1346 = DIRECTION ( 'NONE',  ( 1.500757696090239076E-16, 0.000000000000000000, 1.000000000000000000 ) ) ;
#1347 = ADVANCED_FACE ( 'NONE', ( #4887 ), #7748, .T. ) ;
#1348 = MANIFOLD_SOLID_BREP ( 'Boss-Extrude4[3]', #4042 ) ;
#1349 = EDGE_LOOP ( 'NONE', ( #4281, #4566, #6814, #7345 ) ) ;
#1350 = LINE ( 'NONE', #6368, #4104 ) ;
#1351 = CARTESIAN_POINT ( 'NONE',  ( -9.312500000000001776, 0.000000000000000000, -4.687500000000000000 ) ) ;
#1352 = ORIENTED_EDGE ( 'NONE', *, *, #2535, .F. ) ;
#1353 = VECTOR ( 'NONE', #6051, 39.37007874015748143 ) ;
#1354 = ORIENTED_EDGE ( 'NONE', *, *, #5613, .T. ) ;
#1355 = ORIENTED_EDGE ( 'NONE', *, *, #1871, .F. ) ;
#1356 = CARTESIAN_POINT ( 'NONE',  ( -9.312500000000003553, -6.500000000000000000, -4.812499999999999112 ) ) ;
#1357 = VERTEX_POINT ( 'NONE', #1108 ) ;
#1358 = FACE_OUTER_BOUND ( 'NONE', #6282, .T. ) ;
#1359 = CARTESIAN_POINT ( 'NONE',  ( 8.968750000000000000, -6.031250000000000888, 0.000000000000000000 ) ) ;
#1360 = CARTESIAN_POINT ( 'NONE',  ( 9.625000000000005329, -6.499999999999998224, -1.500000000000000222 ) ) ;
#1361 = PLANE ( 'NONE',  #6809 ) ;
#1362 = DIRECTION ( 'NONE',  ( 0.000000000000000000, 0.000000000000000000, -1.000000000000000000 ) ) ;
#1363 = VECTOR ( 'NONE', #7528, 39.37007874015748143 ) ;
#1364 = EDGE_CURVE ( 'NONE', #3595, #1842, #7916, .T. ) ;
#1365 = ORIENTED_EDGE ( 'NONE', *, *, #588, .T. ) ;
#1366 = DIRECTION ( 'NONE',  ( 0.000000000000000000, -1.000000000000000000, 0.000000000000000000 ) ) ;
#1367 = CARTESIAN_POINT ( 'NONE',  ( -10.06250000000000355, 0.000000000000000000, -0.7500000000000033307 ) ) ;
#1368 = FACE_OUTER_BOUND ( 'NONE', #5321, .T. ) ;
#1369 =( NAMED_UNIT ( * ) PLANE_ANGLE_UNIT ( ) SI_UNIT ( $, .RADIAN. ) );
#1370 = DIRECTION ( 'NONE',  ( 1.346415657017119838E-16, -1.000000000000000000, -0.000000000000000000 ) ) ;
#1371 = CARTESIAN_POINT ( 'NONE',  ( -9.625000000000001776, 0.000000000000000000, -1.500000000000000222 ) ) ;
#1372 = ADVANCED_FACE ( 'NONE', ( #513 ), #2281, .F. ) ;
#1373 = ORIENTED_EDGE ( 'NONE', *, *, #6699, .T. ) ;
#1374 = DIRECTION ( 'NONE',  ( 0.000000000000000000, 1.000000000000000000, 0.000000000000000000 ) ) ;
#1375 = VERTEX_POINT ( 'NONE', #7994 ) ;
#1376 = ORIENTED_EDGE ( 'NONE', *, *, #2552, .T. ) ;
#1377 = FACE_OUTER_BOUND ( 'NONE', #4793, .T. ) ;
#1378 = CARTESIAN_POINT ( 'NONE',  ( 9.625000000000003553, -6.500000000000000000, 0.06249999999999920203 ) ) ;
#1379 = DIRECTION ( 'NONE',  ( -1.000000000000000000, 0.000000000000000000, 0.000000000000000000 ) ) ;
#1380 = CARTESIAN_POINT ( 'NONE',  ( 10.06250000000000355, 0.2500000000000000000, -0.7500000000000033307 ) ) ;
#1381 = ADVANCED_FACE ( 'NONE', ( #5511 ), #3667, .F. ) ;
#1382 = DIRECTION ( 'NONE',  ( -1.000000000000000000, 0.000000000000000000, 0.000000000000000000 ) ) ;
#1383 = DIRECTION ( 'NONE',  ( -0.000000000000000000, 1.000000000000000000, 1.224646799147352961E-16 ) ) ;
#1384 = ORIENTED_EDGE ( 'NONE', *, *, #5570, .T. ) ;
#1385 = LENGTH_MEASURE_WITH_UNIT ( LENGTH_MEASURE( 0.02539999999999999897 ), #60 );
#1386 = ORIENTED_EDGE ( 'NONE', *, *, #4400, .F. ) ;
#1387 = EDGE_CURVE ( 'NONE', #5751, #4431, #2428, .T. ) ;
#1388 = LINE ( 'NONE', #753, #3574 ) ;
#1389 = CARTESIAN_POINT ( 'NONE',  ( 9.156249999999994671, -17.48437500000000000, -15.99999999999999822 ) ) ;
#1390 = VERTEX_POINT ( 'NONE', #4922 ) ;
#1391 = EDGE_CURVE ( 'NONE', #6167, #1170, #6280, .T. ) ;
#1392 = ORIENTED_EDGE ( 'NONE', *, *, #3501, .F. ) ;
#1393 = VERTEX_POINT ( 'NONE', #3551 ) ;
#1394 = CARTESIAN_POINT ( 'NONE',  ( 9.625000000000000000, -17.48437500000000000, -15.99999999999999822 ) ) ;
#1395 = ORIENTED_EDGE ( 'NONE', *, *, #168, .T. ) ;
#1396 = CARTESIAN_POINT ( 'NONE',  ( 9.156249999999998224, -14.48437499999999822, -0.4687500000000068279 ) ) ;
#1397 = CARTESIAN_POINT ( 'NONE',  ( -9.625000000000003553, -1.500000000000000222, -14.49999999999999822 ) ) ;
#1398 = CARTESIAN_POINT ( 'NONE',  ( 0.000000000000000000, -14.48437499999999822, -0.2187500000000011102 ) ) ;
#1399 = SURFACE_STYLE_FILL_AREA ( #7046 ) ;
#1400 = CLOSED_SHELL ( 'NONE', ( #3573, #4509, #7184, #1288, #6824, #1766 ) ) ;
#1401 = CARTESIAN_POINT ( 'NONE',  ( -8.125000000000003553, -2.296212748401277249E-17, 0.7187499999999992228 ) ) ;
#1402 = ORIENTED_EDGE ( 'NONE', *, *, #1129, .T. ) ;
#1403 = DIRECTION ( 'NONE',  ( 0.000000000000000000, -0.000000000000000000, 1.000000000000000000 ) ) ;
#1404 = ORIENTED_EDGE ( 'NONE', *, *, #6429, .F. ) ;
#1405 = CARTESIAN_POINT ( 'NONE',  ( 0.000000000000000000, -3.250000000000000000, 1.031249999999999334 ) ) ;
#1406 = CARTESIAN_POINT ( 'NONE',  ( 10.06250000000000355, 0.2500000000000000000, -0.7500000000000033307 ) ) ;
#1407 = VECTOR ( 'NONE', #4683, 39.37007874015748143 ) ;
#1408 = CARTESIAN_POINT ( 'NONE',  ( -9.156250000000003553, -17.48437500000000000, -15.99999999999999822 ) ) ;
#1409 = LINE ( 'NONE', #3270, #5748 ) ;
#1410 = FACE_OUTER_BOUND ( 'NONE', #6988, .T. ) ;
#1411 = VECTOR ( 'NONE', #5582, 39.37007874015748143 ) ;
#1412 = ORIENTED_EDGE ( 'NONE', *, *, #5450, .F. ) ;
#1413 = CARTESIAN_POINT ( 'NONE',  ( 9.437500000000003553, -6.500000000000000000, -11.31249999999999822 ) ) ;
#1414 = ORIENTED_EDGE ( 'NONE', *, *, #3707, .T. ) ;
#1415 = CARTESIAN_POINT ( 'NONE',  ( 9.312500000000003553, 0.000000000000000000, -8.062499999999998224 ) ) ;
#1416 = CARTESIAN_POINT ( 'NONE',  ( -8.468750000000001776, -5.781250000000000000, -0.1562500000000008327 ) ) ;
#1417 = PRESENTATION_LAYER_ASSIGNMENT (  '', '', ( #6145 ) ) ;
#1418 = LINE ( 'NONE', #1225, #7728 ) ;
#1419 = EDGE_CURVE ( 'NONE', #471, #3110, #7449, .T. ) ;
#1420 = EDGE_CURVE ( 'NONE', #3920, #3272, #3782, .T. ) ;
#1421 = FACE_OUTER_BOUND ( 'NONE', #1559, .T. ) ;
#1422 = SURFACE_STYLE_USAGE ( .BOTH. , #7065 ) ;
#1423 = DIRECTION ( 'NONE',  ( 0.000000000000000000, -0.000000000000000000, 1.000000000000000000 ) ) ;
#1424 = LINE ( 'NONE', #7115, #1603 ) ;
#1425 = ORIENTED_EDGE ( 'NONE', *, *, #8005, .F. ) ;
#1426 = ORIENTED_EDGE ( 'NONE', *, *, #718, .F. ) ;
#1427 = ADVANCED_FACE ( 'NONE', ( #7570 ), #711, .T. ) ;
#1428 = CARTESIAN_POINT ( 'NONE',  ( -8.968750000000000000, -6.500000000000000000, -16.00000000000000000 ) ) ;
#1429 = CIRCLE ( 'NONE', #1299, 0.4375000000000003331 ) ;
#1430 = VECTOR ( 'NONE', #2030, 39.37007874015748143 ) ;
#1431 = DIRECTION ( 'NONE',  ( 1.000000000000000000, -0.000000000000000000, 7.284927983104696985E-16 ) ) ;
#1432 = ORIENTED_EDGE ( 'NONE', *, *, #5267, .F. ) ;
#1433 = DIRECTION ( 'NONE',  ( 0.000000000000000000, 0.000000000000000000, 1.000000000000000000 ) ) ;
#1434 = ORIENTED_EDGE ( 'NONE', *, *, #1774, .F. ) ;
#1435 = AXIS2_PLACEMENT_3D ( 'NONE', #5347, #4041, #3508 ) ;
#1436 = ORIENTED_EDGE ( 'NONE', *, *, #3309, .F. ) ;
#1437 = DIRECTION ( 'NONE',  ( 0.000000000000000000, 0.000000000000000000, 1.000000000000000000 ) ) ;
#1438 = ADVANCED_FACE ( 'NONE', ( #1890 ), #586, .T. ) ;
#1439 = MANIFOLD_SOLID_BREP ( 'Boss-Extrude10[1]', #4289 ) ;
#1440 = CARTESIAN_POINT ( 'NONE',  ( -8.968750000000000000, 0.000000000000000000, -16.00000000000000000 ) ) ;
#1441 = VECTOR ( 'NONE', #7698, 39.37007874015748143 ) ;
#1442 = CARTESIAN_POINT ( 'NONE',  ( 8.468750000000005329, -5.781250000000004441, -14.78125000000000355 ) ) ;
#1443 = DIRECTION ( 'NONE',  ( 0.000000000000000000, 0.000000000000000000, 1.000000000000000000 ) ) ;
#1444 = VERTEX_POINT ( 'NONE', #3128 ) ;
#1445 = CARTESIAN_POINT ( 'NONE',  ( -8.656250000000001776, -14.73437499999999645, -0.2187500000000011102 ) ) ;
#1446 = VECTOR ( 'NONE', #6010, 39.37007874015748143 ) ;
#1447 = ORIENTED_EDGE ( 'NONE', *, *, #4462, .F. ) ;
#1448 = PLANE ( 'NONE',  #5382 ) ;
#1449 = COLOUR_RGB ( '',0.5294117647058823595, 0.2627450980392156965, 0.06274509803921568540 ) ;
#1450 = SURFACE_STYLE_USAGE ( .BOTH. , #5235 ) ;
#1451 = DIRECTION ( 'NONE',  ( 0.000000000000000000, 0.000000000000000000, 1.000000000000000000 ) ) ;
#1452 =( NAMED_UNIT ( * ) SI_UNIT ( $, .STERADIAN. ) SOLID_ANGLE_UNIT ( ) );
#1453 = VECTOR ( 'NONE', #463, 39.37007874015748143 ) ;
#1454 =( NAMED_UNIT ( * ) PLANE_ANGLE_UNIT ( ) SI_UNIT ( $, .RADIAN. ) );
#1455 = MECHANICAL_DESIGN_GEOMETRIC_PRESENTATION_REPRESENTATION (  '', ( #4740 ), #2257 ) ;
#1456 = CARTESIAN_POINT ( 'NONE',  ( 9.312500000000001776, -6.500000000000000000, -4.687500000000000000 ) ) ;
#1457 = ORIENTED_EDGE ( 'NONE', *, *, #4295, .T. ) ;
#1458 = CARTESIAN_POINT ( 'NONE',  ( -9.625000000000003553, -6.500000000000000000, -14.49999999999999822 ) ) ;
#1459 = ORIENTED_EDGE ( 'NONE', *, *, #2392, .F. ) ;
#1460 = PLANE ( 'NONE',  #6734 ) ;
#1461 = APPLICATION_PROTOCOL_DEFINITION ( 'draft international standard', 'automotive_design', 1998, #742 ) ;
#1462 = VECTOR ( 'NONE', #1215, 39.37007874015748143 ) ;
#1463 = DIRECTION ( 'NONE',  ( -1.000000000000000000, -1.346415657017119838E-16, 0.000000000000000000 ) ) ;
#1464 = DIRECTION ( 'NONE',  ( 1.000000000000000000, 0.000000000000000000, -1.494344201662503279E-16 ) ) ;
#1465 =( CONVERSION_BASED_UNIT ( 'INCH', #7112 ) LENGTH_UNIT ( ) NAMED_UNIT ( #4090 ) );
#1466 = DIRECTION ( 'NONE',  ( -1.000000000000000000, 0.000000000000000000, -0.000000000000000000 ) ) ;
#1467 = DIRECTION ( 'NONE',  ( -8.741913579725607589E-15, -0.000000000000000000, 1.000000000000000000 ) ) ;
#1468 = AXIS2_PLACEMENT_3D ( 'NONE', #3776, #6279, #7484 ) ;
#1469 = CARTESIAN_POINT ( 'NONE',  ( 0.000000000000000000, -0.2499999999999997224, -0.1562500000000008327 ) ) ;
#1470 = VECTOR ( 'NONE', #2018, 39.37007874015748143 ) ;
#1471 = ADVANCED_FACE ( 'NONE', ( #5009 ), #5626, .T. ) ;
#1472 = ORIENTED_EDGE ( 'NONE', *, *, #5006, .F. ) ;
#1473 = PRESENTATION_STYLE_ASSIGNMENT (( #5380 ) ) ;
#1474 = ORIENTED_EDGE ( 'NONE', *, *, #4213, .T. ) ;
#1475 = VECTOR ( 'NONE', #7058, 39.37007874015748143 ) ;
#1476 = LINE ( 'NONE', #3995, #3301 ) ;
#1477 = CARTESIAN_POINT ( 'NONE',  ( 9.312500000000003553, -6.500000000000000000, -4.812499999999999112 ) ) ;
#1478 = FACE_OUTER_BOUND ( 'NONE', #4635, .T. ) ;
#1479 = ORIENTED_EDGE ( 'NONE', *, *, #3427, .T. ) ;
#1480 = DIRECTION ( 'NONE',  ( -1.681137226870316775E-16, 1.000000000000000000, -0.000000000000000000 ) ) ;
#1481 = VECTOR ( 'NONE', #2566, 39.37007874015748143 ) ;
#1482 = ADVANCED_FACE ( 'NONE', ( #6867 ), #7537, .F. ) ;
#1483 = VERTEX_POINT ( 'NONE', #6285 ) ;
#1484 = ORIENTED_EDGE ( 'NONE', *, *, #7372, .T. ) ;
#1485 = DIRECTION ( 'NONE',  ( -1.407149067159057885E-16, 0.000000000000000000, -1.000000000000000000 ) ) ;
#1486 = DIRECTION ( 'NONE',  ( -1.407149067159057392E-16, 0.000000000000000000, -1.000000000000000000 ) ) ;
#1487 = CARTESIAN_POINT ( 'NONE',  ( 9.156249999999994671, -17.48437500000000000, -16.00000000000000355 ) ) ;
#1488 = CARTESIAN_POINT ( 'NONE',  ( -8.656250000000005329, -17.48437499999999645, -15.00000000000000000 ) ) ;
#1489 = PLANE ( 'NONE',  #3177 ) ;
#1490 = FACE_OUTER_BOUND ( 'NONE', #3786, .T. ) ;
#1491 = FACE_OUTER_BOUND ( 'NONE', #1262, .T. ) ;
#1492 = EDGE_CURVE ( 'NONE', #294, #5048, #4748, .T. ) ;
#1493 = ORIENTED_EDGE ( 'NONE', *, *, #5510, .T. ) ;
#1494 = DIRECTION ( 'NONE',  ( 0.000000000000000000, -0.000000000000000000, -1.000000000000000000 ) ) ;
#1495 = LINE ( 'NONE', #3359, #4844 ) ;
#1496 = LENGTH_MEASURE_WITH_UNIT ( LENGTH_MEASURE( 0.02539999999999999897 ), #2113 );
#1497 = CARTESIAN_POINT ( 'NONE',  ( -8.968750000000000000, -6.500000000000000000, 0.000000000000000000 ) ) ;
#1498 = EDGE_CURVE ( 'NONE', #4200, #7077, #2589, .T. ) ;
#1499 =( GEOMETRIC_REPRESENTATION_CONTEXT ( 3 ) GLOBAL_UNCERTAINTY_ASSIGNED_CONTEXT ( ( #4378 ) ) GLOBAL_UNIT_ASSIGNED_CONTEXT ( ( #3694, #541, #3411 ) ) REPRESENTATION_CONTEXT ( 'NONE', 'WORKASPACE' ) );
#1500 = DIRECTION ( 'NONE',  ( 0.000000000000000000, 0.000000000000000000, -1.000000000000000000 ) ) ;
#1501 = CARTESIAN_POINT ( 'NONE',  ( 9.437500000000001776, 0.000000000000000000, 0.000000000000000000 ) ) ;
#1502 = EDGE_CURVE ( 'NONE', #5297, #6709, #1350, .T. ) ;
#1503 = VERTEX_POINT ( 'NONE', #8102 ) ;
#1504 = CARTESIAN_POINT ( 'NONE',  ( 10.06250000000000355, 0.2500000000000000000, -15.25000000000000000 ) ) ;
#1505 = ORIENTED_EDGE ( 'NONE', *, *, #6019, .F. ) ;
#1506 = LINE ( 'NONE', #5823, #1720 ) ;
#1507 = DIRECTION ( 'NONE',  ( -1.387933039033665703E-16, 1.000000000000000000, 0.000000000000000000 ) ) ;
#1508 = CARTESIAN_POINT ( 'NONE',  ( -9.625000000000001776, -6.500000000000000000, -1.500000000000000222 ) ) ;
#1509 = LINE ( 'NONE', #4029, #3390 ) ;
#1510 = DIRECTION ( 'NONE',  ( 0.000000000000000000, -1.000000000000000000, 0.000000000000000000 ) ) ;
#1511 = CARTESIAN_POINT ( 'NONE',  ( 9.625000000000003553, -6.500000000000000000, -14.49999999999999822 ) ) ;
#1512 = DIRECTION ( 'NONE',  ( 0.000000000000000000, 0.000000000000000000, -1.000000000000000000 ) ) ;
#1513 = VERTEX_POINT ( 'NONE', #2462 ) ;
#1514 = SURFACE_STYLE_FILL_AREA ( #4123 ) ;
#1515 = ORIENTED_EDGE ( 'NONE', *, *, #7953, .T. ) ;
#1516 = DIRECTION ( 'NONE',  ( 0.000000000000000000, 1.000000000000000000, 0.000000000000000000 ) ) ;
#1517 = DIRECTION ( 'NONE',  ( 0.000000000000000000, 1.000000000000000000, 0.000000000000000000 ) ) ;
#1518 = EDGE_CURVE ( 'NONE', #2031, #1180, #7492, .T. ) ;
#1519 = ORIENTED_EDGE ( 'NONE', *, *, #202, .T. ) ;
#1520 = DIRECTION ( 'NONE',  ( -0.000000000000000000, 0.000000000000000000, -1.000000000000000000 ) ) ;
#1521 = EDGE_LOOP ( 'NONE', ( #350, #6027, #4013, #3870 ) ) ;
#1522 = ORIENTED_EDGE ( 'NONE', *, *, #3810, .T. ) ;
#1523 = CARTESIAN_POINT ( 'NONE',  ( 8.000000000000003553, -25.00000000000000000, -0.1562500000000008327 ) ) ;
#1524 = CARTESIAN_POINT ( 'NONE',  ( -8.125000000000003553, -5.000000000000000000, 0.7187499999999992228 ) ) ;
#1525 = EDGE_CURVE ( 'NONE', #4475, #1250, #4593, .T. ) ;
#1526 = CARTESIAN_POINT ( 'NONE',  ( -9.312500000000003553, 0.000000000000000000, -8.062499999999998224 ) ) ;
#1527 = ADVANCED_FACE ( 'NONE', ( #3948 ), #6451, .T. ) ;
#1528 = LINE ( 'NONE', #1440, #5283 ) ;
#1529 = DIRECTION ( 'NONE',  ( -1.000000000000000000, 0.000000000000000000, -0.000000000000000000 ) ) ;
#1530 = EDGE_LOOP ( 'NONE', ( #3449, #5518, #4177, #6539 ) ) ;
#1531 = CARTESIAN_POINT ( 'NONE',  ( 8.125000000000003553, -1.499999999999999778, 0.7187499999999992228 ) ) ;
#1532 = ORIENTED_EDGE ( 'NONE', *, *, #4019, .F. ) ;
#1533 = FACE_OUTER_BOUND ( 'NONE', #7171, .T. ) ;
#1534 = ORIENTED_EDGE ( 'NONE', *, *, #775, .F. ) ;
#1535 = DIRECTION ( 'NONE',  ( 0.000000000000000000, -1.000000000000000000, 0.000000000000000000 ) ) ;
#1536 = CARTESIAN_POINT ( 'NONE',  ( 0.000000000000000000, -3.250000000000000000, 1.031249999999999334 ) ) ;
#1537 = PRESENTATION_STYLE_ASSIGNMENT (( #7805 ) ) ;
#1538 = EDGE_CURVE ( 'NONE', #5171, #7104, #6576, .T. ) ;
#1539 = AXIS2_PLACEMENT_3D ( 'NONE', #1835, #3773, #2546 ) ;
#1540 =( CONVERSION_BASED_UNIT ( 'INCH', #6684 ) LENGTH_UNIT ( ) NAMED_UNIT ( #5971 ) );
#1541 = ORIENTED_EDGE ( 'NONE', *, *, #5036, .F. ) ;
#1542 = CARTESIAN_POINT ( 'NONE',  ( -9.625000000000003553, -6.123233995736796851E-17, -14.49999999999999822 ) ) ;
#1543 = ORIENTED_EDGE ( 'NONE', *, *, #5714, .T. ) ;
#1544 = EDGE_CURVE ( 'NONE', #4350, #7217, #7783, .T. ) ;
#1545 = VECTOR ( 'NONE', #4016, 39.37007874015748143 ) ;
#1546 = LINE ( 'NONE', #4756, #5401 ) ;
#1547 = CARTESIAN_POINT ( 'NONE',  ( 8.656250000000005329, -14.73437499999999645, -15.00000000000000000 ) ) ;
#1548 = ADVANCED_FACE ( 'NONE', ( #2720 ), #6533, .F. ) ;
#1549 = DIRECTION ( 'NONE',  ( 0.000000000000000000, 4.370956789862821643E-16, 1.000000000000000000 ) ) ;
#1550 = DIRECTION ( 'NONE',  ( 0.000000000000000000, 0.000000000000000000, 1.000000000000000000 ) ) ;
#1551 = VECTOR ( 'NONE', #8124, 39.37007874015748143 ) ;
#1552 = LINE ( 'NONE', #5950, #473 ) ;
#1553 = PLANE ( 'NONE',  #5378 ) ;
#1554 = DIRECTION ( 'NONE',  ( -1.000000000000000000, 0.000000000000000000, 8.741913579725612322E-15 ) ) ;
#1555 = AXIS2_PLACEMENT_3D ( 'NONE', #5605, #4941, #3192 ) ;
#1556 = EDGE_LOOP ( 'NONE', ( #3690, #4434, #6729, #7778 ) ) ;
#1557 = CARTESIAN_POINT ( 'NONE',  ( 11.00000000000000000, 0.4687500000000002776, -16.00000000000000000 ) ) ;
#1558 =( GEOMETRIC_REPRESENTATION_CONTEXT ( 3 ) GLOBAL_UNCERTAINTY_ASSIGNED_CONTEXT ( ( #957 ) ) GLOBAL_UNIT_ASSIGNED_CONTEXT ( ( #4533, #694, #5195 ) ) REPRESENTATION_CONTEXT ( 'NONE', 'WORKASPACE' ) );
#1559 = EDGE_LOOP ( 'NONE', ( #4332, #273, #1303, #7487 ) ) ;
#1560 = EDGE_CURVE ( 'NONE', #4517, #3722, #3900, .T. ) ;
#1561 = FACE_OUTER_BOUND ( 'NONE', #5832, .T. ) ;
#1562 = DIRECTION ( 'NONE',  ( 1.000000000000000000, 0.000000000000000000, -0.000000000000000000 ) ) ;
#1563 = LINE ( 'NONE', #3292, #6625 ) ;
#1564 = ORIENTED_EDGE ( 'NONE', *, *, #905, .F. ) ;
#1565 = CIRCLE ( 'NONE', #3666, 0.4375000000000009992 ) ;
#1566 = MECHANICAL_DESIGN_GEOMETRIC_PRESENTATION_REPRESENTATION (  '', ( #1694 ), #4835 ) ;
#1567 = CARTESIAN_POINT ( 'NONE',  ( -9.437500000000001776, -6.505936120470312141E-17, -16.00000000000000000 ) ) ;
#1568 = ORIENTED_EDGE ( 'NONE', *, *, #2034, .T. ) ;
#1569 = ORIENTED_EDGE ( 'NONE', *, *, #7864, .T. ) ;
#1570 = CARTESIAN_POINT ( 'NONE',  ( 9.625000000000001776, -14.48437499999999822, -0.4687500000000068279 ) ) ;
#1571 = VECTOR ( 'NONE', #2477, 39.37007874015748143 ) ;
#1572 = FACE_OUTER_BOUND ( 'NONE', #7638, .T. ) ;
#1573 = DIRECTION ( 'NONE',  ( 0.000000000000000000, -0.000000000000000000, 1.000000000000000000 ) ) ;
#1574 = VECTOR ( 'NONE', #7588, 39.37007874015748143 ) ;
#1575 = AXIS2_PLACEMENT_3D ( 'NONE', #5367, #5597, #8079 ) ;
#1576 = PLANE ( 'NONE',  #3566 ) ;
#1577 = ORIENTED_EDGE ( 'NONE', *, *, #4843, .T. ) ;
#1578 = DIRECTION ( 'NONE',  ( 0.000000000000000000, 1.000000000000000000, 0.000000000000000000 ) ) ;
#1579 = ORIENTED_EDGE ( 'NONE', *, *, #5207, .F. ) ;
#1580 = CARTESIAN_POINT ( 'NONE',  ( -11.00000000000000000, 0.4687500000000002776, 1.156250000000002442 ) ) ;
#1581 = EDGE_CURVE ( 'NONE', #890, #4040, #7738, .T. ) ;
#1582 = VERTEX_POINT ( 'NONE', #4674 ) ;
#1583 = FACE_OUTER_BOUND ( 'NONE', #5089, .T. ) ;
#1584 = CARTESIAN_POINT ( 'NONE',  ( -9.156250000000001776, -17.48437500000000000, -0.4687500000000010547 ) ) ;
#1585 = VECTOR ( 'NONE', #7386, 39.37007874015748143 ) ;
#1586 = DIRECTION ( 'NONE',  ( -8.741913579725688053E-15, 0.000000000000000000, -1.000000000000000000 ) ) ;
#1587 = DIRECTION ( 'NONE',  ( 9.106159978880883558E-17, 0.000000000000000000, -1.000000000000000000 ) ) ;
#1588 = VERTEX_POINT ( 'NONE', #5175 ) ;
#1589 = PLANE ( 'NONE',  #8049 ) ;
#1590 = ORIENTED_EDGE ( 'NONE', *, *, #2314, .T. ) ;
#1591 = CARTESIAN_POINT ( 'NONE',  ( 8.968750000000001776, -6.499999999999998224, -16.00000000000000000 ) ) ;
#1592 = EDGE_CURVE ( 'NONE', #6251, #4956, #2178, .T. ) ;
#1593 =( CONVERSION_BASED_UNIT ( 'INCH', #2123 ) LENGTH_UNIT ( ) NAMED_UNIT ( #2140 ) );
#1594 = PRODUCT_DEFINITION_FORMATION_WITH_SPECIFIED_SOURCE ( 'ANY', '', #4695, .NOT_KNOWN. ) ;
#1595 =( GEOMETRIC_REPRESENTATION_CONTEXT ( 3 ) GLOBAL_UNCERTAINTY_ASSIGNED_CONTEXT ( ( #5325 ) ) GLOBAL_UNIT_ASSIGNED_CONTEXT ( ( #4407, #7716, #730 ) ) REPRESENTATION_CONTEXT ( 'NONE', 'WORKASPACE' ) );
#1596 = DIRECTION ( 'NONE',  ( 0.000000000000000000, 0.000000000000000000, 1.000000000000000000 ) ) ;
#1597 = CARTESIAN_POINT ( 'NONE',  ( -8.968750000000000000, -3.500000000000000000, -15.53125000000000000 ) ) ;
#1598 = PLANE ( 'NONE',  #1011 ) ;
#1599 = CARTESIAN_POINT ( 'NONE',  ( 10.06250000000000355, 0.000000000000000000, -15.25000000000000000 ) ) ;
#1600 = EDGE_CURVE ( 'NONE', #6457, #1375, #3339, .T. ) ;
#1601 = AXIS2_PLACEMENT_3D ( 'NONE', #552, #1966, #676 ) ;
#1602 = DIRECTION ( 'NONE',  ( 0.000000000000000000, -0.000000000000000000, 1.000000000000000000 ) ) ;
#1603 = VECTOR ( 'NONE', #6443, 39.37007874015748143 ) ;
#1604 = PLANE ( 'NONE',  #4342 ) ;
#1605 = DIRECTION ( 'NONE',  ( -1.000000000000000000, 0.000000000000000000, 0.000000000000000000 ) ) ;
#1606 = EDGE_CURVE ( 'NONE', #2155, #2653, #7915, .T. ) ;
#1607 = ORIENTED_EDGE ( 'NONE', *, *, #6351, .F. ) ;
#1608 = AXIS2_PLACEMENT_3D ( 'NONE', #5928, #7751, #4007 ) ;
#1609 = ADVANCED_FACE ( 'NONE', ( #7203 ), #2764, .T. ) ;
#1610 = ORIENTED_EDGE ( 'NONE', *, *, #7820, .F. ) ;
#1611 = VECTOR ( 'NONE', #2480, 39.37007874015748143 ) ;
#1612 = ORIENTED_EDGE ( 'NONE', *, *, #7813, .F. ) ;
#1613 = DIRECTION ( 'NONE',  ( -0.000000000000000000, -0.000000000000000000, 1.000000000000000000 ) ) ;
#1614 = LINE ( 'NONE', #399, #1677 ) ;
#1615 = DIRECTION ( 'NONE',  ( 0.000000000000000000, 0.000000000000000000, 1.000000000000000000 ) ) ;
#1616 = CARTESIAN_POINT ( 'NONE',  ( -9.625000000000001776, -17.48437500000000000, -0.4687500000000009992 ) ) ;
#1617 = CARTESIAN_POINT ( 'NONE',  ( 9.625000000000001776, -6.500000000000000000, -1.500000000000000222 ) ) ;
#1618 = DIRECTION ( 'NONE',  ( -5.827942386483816753E-15, 0.000000000000000000, -1.000000000000000000 ) ) ;
#1619 = VERTEX_POINT ( 'NONE', #2141 ) ;
#1620 = CARTESIAN_POINT ( 'NONE',  ( -9.625000000000003553, -1.500000000000000222, -14.49999999999999822 ) ) ;
#1621 = ORIENTED_EDGE ( 'NONE', *, *, #1936, .T. ) ;
#1622 = DIRECTION ( 'NONE',  ( 1.000000000000000000, 0.000000000000000000, 0.000000000000000000 ) ) ;
#1623 = ORIENTED_EDGE ( 'NONE', *, *, #4231, .T. ) ;
#1624 = LINE ( 'NONE', #7883, #3039 ) ;
#1625 = VECTOR ( 'NONE', #2713, 39.37007874015748143 ) ;
#1626 = CARTESIAN_POINT ( 'NONE',  ( 8.468750000000005329, -25.00000000000000000, -14.78125000000000355 ) ) ;
#1627 = DIRECTION ( 'NONE',  ( -1.000000000000000000, 0.000000000000000000, 1.407149067159057885E-16 ) ) ;
#1628 = EDGE_CURVE ( 'NONE', #1375, #1182, #885, .T. ) ;
#1629 = LINE ( 'NONE', #4105, #4968 ) ;
#1630 = VECTOR ( 'NONE', #5224, 39.37007874015748143 ) ;
#1631 = VERTEX_POINT ( 'NONE', #3464 ) ;
#1632 = PLANE ( 'NONE',  #5672 ) ;
#1633 = ORIENTED_EDGE ( 'NONE', *, *, #1297, .F. ) ;
#1634 = CARTESIAN_POINT ( 'NONE',  ( 0.000000000000000000, -14.48437499999999822, 0.000000000000000000 ) ) ;
#1635 = AXIS2_PLACEMENT_3D ( 'NONE', #4199, #6705, #2930 ) ;
#1636 = CARTESIAN_POINT ( 'NONE',  ( -11.00000000000000000, 0.4687500000000002776, 1.156250000000002442 ) ) ;
#1637 = CARTESIAN_POINT ( 'NONE',  ( 9.184850993605148438E-17, -4.000000000000000000, 1.031249999999999556 ) ) ;
#1638 = EDGE_CURVE ( 'NONE', #5114, #7799, #5957, .T. ) ;
#1639 = LINE ( 'NONE', #1052, #4047 ) ;
#1640 = LINE ( 'NONE', #6036, #3838 ) ;
#1641 = STYLED_ITEM ( 'NONE', ( #181 ), #6380 ) ;
#1642 = ORIENTED_EDGE ( 'NONE', *, *, #2897, .F. ) ;
#1643 = LINE ( 'NONE', #4801, #641 ) ;
#1644 = LINE ( 'NONE', #1682, #3045 ) ;
#1645 = LINE ( 'NONE', #3539, #6220 ) ;
#1646 = EDGE_CURVE ( 'NONE', #6529, #3683, #5874, .T. ) ;
#1647 = ORIENTED_EDGE ( 'NONE', *, *, #5920, .F. ) ;
#1648 = LINE ( 'NONE', #2582, #6944 ) ;
#1649 = SURFACE_STYLE_FILL_AREA ( #2273 ) ;
#1650 = VERTEX_POINT ( 'NONE', #5258 ) ;
#1651 = EDGE_LOOP ( 'NONE', ( #5579, #3002, #4278, #7960 ) ) ;
#1652 = DIRECTION ( 'NONE',  ( 1.000000000000000000, 0.000000000000000000, 0.000000000000000000 ) ) ;
#1653 = ADVANCED_FACE ( 'NONE', ( #3291 ), #4634, .T. ) ;
#1654 = ORIENTED_EDGE ( 'NONE', *, *, #3268, .F. ) ;
#1655 = PLANE ( 'NONE',  #3119 ) ;
#1656 = DIRECTION ( 'NONE',  ( 1.000000000000000000, 0.000000000000000000, 0.000000000000000000 ) ) ;
#1657 = EDGE_CURVE ( 'NONE', #2153, #192, #266, .T. ) ;
#1658 = ORIENTED_EDGE ( 'NONE', *, *, #1286, .T. ) ;
#1659 = LINE ( 'NONE', #1428, #7501 ) ;
#1660 = VERTEX_POINT ( 'NONE', #4513 ) ;
#1661 = DIRECTION ( 'NONE',  ( 1.000000000000000000, 0.000000000000000000, -1.500757696090239076E-16 ) ) ;
#1662 = CARTESIAN_POINT ( 'NONE',  ( 9.312500000000003553, 0.000000000000000000, -8.062499999999998224 ) ) ;
#1663 = ORIENTED_EDGE ( 'NONE', *, *, #4971, .F. ) ;
#1664 = CARTESIAN_POINT ( 'NONE',  ( 9.437500000000001776, -6.500000000000000000, -14.49999999999999822 ) ) ;
#1665 = EDGE_CURVE ( 'NONE', #1905, #8153, #7034, .T. ) ;
#1666 = SURFACE_SIDE_STYLE ('',( #5326 ) ) ;
#1667 = DIRECTION ( 'NONE',  ( -0.000000000000000000, 1.000000000000000000, -0.000000000000000000 ) ) ;
#1668 = VERTEX_POINT ( 'NONE', #2268 ) ;
#1669 = DIRECTION ( 'NONE',  ( 1.000000000000000000, 0.000000000000000000, 0.000000000000000000 ) ) ;
#1670 = ORIENTED_EDGE ( 'NONE', *, *, #2992, .T. ) ;
#1671 = DIRECTION ( 'NONE',  ( 0.000000000000000000, 0.000000000000000000, -1.000000000000000000 ) ) ;
#1672 = DIMENSIONAL_EXPONENTS ( 1.000000000000000000, 0.000000000000000000, 0.000000000000000000, 0.000000000000000000, 0.000000000000000000, 0.000000000000000000, 0.000000000000000000 ) ;
#1673 = CLOSED_SHELL ( 'NONE', ( #1653, #5320, #7589, #2230 ) ) ;
#1674 = FILL_AREA_STYLE ('',( #5333 ) ) ;
#1675 = DIRECTION ( 'NONE',  ( 1.000000000000000000, 0.000000000000000000, 0.000000000000000000 ) ) ;
#1676 = CARTESIAN_POINT ( 'NONE',  ( 11.00000000000000000, 0.4687500000000002776, 1.156250000000002442 ) ) ;
#1677 = VECTOR ( 'NONE', #982, 39.37007874015748143 ) ;
#1678 = FACE_BOUND ( 'NONE', #131, .T. ) ;
#1679 = VERTEX_POINT ( 'NONE', #2929 ) ;
#1680 = ADVANCED_FACE ( 'NONE', ( #391 ), #4162, .F. ) ;
#1681 = STYLED_ITEM ( 'NONE', ( #2029 ), #1039 ) ;
#1682 = CARTESIAN_POINT ( 'NONE',  ( 9.156249999999994671, -17.48437500000000000, -16.00000000000000355 ) ) ;
#1683 = DIRECTION ( 'NONE',  ( 0.000000000000000000, 0.000000000000000000, -1.000000000000000000 ) ) ;
#1684 = ORIENTED_EDGE ( 'NONE', *, *, #5910, .F. ) ;
#1685 = PRESENTATION_STYLE_ASSIGNMENT (( #3307 ) ) ;
#1686 = CARTESIAN_POINT ( 'NONE',  ( -9.437500000000001776, -6.500000000000000000, -14.49999999999999822 ) ) ;
#1687 = STYLED_ITEM ( 'NONE', ( #4896 ), #1142 ) ;
#1688 = EDGE_LOOP ( 'NONE', ( #2890, #231, #1028, #6718 ) ) ;
#1689 = DIRECTION ( 'NONE',  ( -0.000000000000000000, 1.000000000000000000, -0.000000000000000000 ) ) ;
#1690 = EDGE_CURVE ( 'NONE', #6071, #5730, #7251, .T. ) ;
#1691 = DIRECTION ( 'NONE',  ( 0.000000000000000000, -0.000000000000000000, 1.000000000000000000 ) ) ;
#1692 = LINE ( 'NONE', #355, #6694 ) ;
#1693 = FACE_OUTER_BOUND ( 'NONE', #522, .T. ) ;
#1694 = STYLED_ITEM ( 'NONE', ( #8159 ), #1167 ) ;
#1695 = VERTEX_POINT ( 'NONE', #1724 ) ;
#1696 = ORIENTED_EDGE ( 'NONE', *, *, #1919, .F. ) ;
#1697 = LINE ( 'NONE', #6678, #4883 ) ;
#1698 = PRESENTATION_LAYER_ASSIGNMENT (  '', '', ( #894 ) ) ;
#1699 = DIRECTION ( 'NONE',  ( 1.000000000000000000, 0.000000000000000000, -3.664752269196856301E-16 ) ) ;
#1700 = ADVANCED_FACE ( 'NONE', ( #7411 ), #2310, .F. ) ;
#1701 = STYLED_ITEM ( 'NONE', ( #3138 ), #1197 ) ;
#1702 = ORIENTED_EDGE ( 'NONE', *, *, #7248, .T. ) ;
#1703 = DIRECTION ( 'NONE',  ( 0.000000000000000000, 0.000000000000000000, 1.000000000000000000 ) ) ;
#1704 = LENGTH_MEASURE_WITH_UNIT ( LENGTH_MEASURE( 0.02539999999999999897 ), #1195 );
#1705 = VECTOR ( 'NONE', #7052, 39.37007874015748143 ) ;
#1706 = AXIS2_PLACEMENT_3D ( 'NONE', #5737, #6236, #96 ) ;
#1707 = DIRECTION ( 'NONE',  ( 0.000000000000000000, 0.000000000000000000, -1.000000000000000000 ) ) ;
#1708 = ORIENTED_EDGE ( 'NONE', *, *, #1138, .T. ) ;
#1709 = LINE ( 'NONE', #2204, #143 ) ;
#1710 = ORIENTED_EDGE ( 'NONE', *, *, #8061, .F. ) ;
#1711 = CARTESIAN_POINT ( 'NONE',  ( 9.625000000000003553, 0.000000000000000000, -14.49999999999999822 ) ) ;
#1712 = ADVANCED_FACE ( 'NONE', ( #5426 ), #1604, .T. ) ;
#1713 = VECTOR ( 'NONE', #5713, 39.37007874015748143 ) ;
#1714 = CARTESIAN_POINT ( 'NONE',  ( -8.125000000000003553, 0.000000000000000000, 0.5312500000000000000 ) ) ;
#1715 = CARTESIAN_POINT ( 'NONE',  ( 10.06250000000000355, 0.2500000000000000000, -0.7500000000000033307 ) ) ;
#1716 = CARTESIAN_POINT ( 'NONE',  ( 9.437500000000001776, -6.500000000000000000, -1.500000000000000222 ) ) ;
#1717 = COLOUR_RGB ( '',0.5294117647058823595, 0.2627450980392156965, 0.06274509803921568540 ) ;
#1718 = FACE_OUTER_BOUND ( 'NONE', #8117, .T. ) ;
#1719 = EDGE_CURVE ( 'NONE', #5171, #2925, #6040, .T. ) ;
#1720 = VECTOR ( 'NONE', #2254, 39.37007874015748143 ) ;
#1721 = ORIENTED_EDGE ( 'NONE', *, *, #6581, .F. ) ;
#1722 = AXIS2_PLACEMENT_3D ( 'NONE', #2242, #2949, #1077 ) ;
#1723 = CARTESIAN_POINT ( 'NONE',  ( -8.000000000000003553, -5.781250000000000000, -14.78125000000000178 ) ) ;
#1724 = CARTESIAN_POINT ( 'NONE',  ( 10.06250000000000355, 0.2500000000000000000, -14.81249999999999822 ) ) ;
#1725 = CARTESIAN_POINT ( 'NONE',  ( 8.000000000000003553, -5.781250000000000000, -0.1562500000000008327 ) ) ;
#1726 = EDGE_LOOP ( 'NONE', ( #5589, #4180, #2121, #6910 ) ) ;
#1727 = LINE ( 'NONE', #2272, #1033 ) ;
#1728 = EDGE_CURVE ( 'NONE', #4945, #4474, #4802, .T. ) ;
#1729 = SURFACE_SIDE_STYLE ('',( #5503 ) ) ;
#1730 = VERTEX_POINT ( 'NONE', #2999 ) ;
#1731 = ORIENTED_EDGE ( 'NONE', *, *, #831, .F. ) ;
#1732 = CARTESIAN_POINT ( 'NONE',  ( 0.000000000000000000, -3.250000000000000000, 1.031249999999999334 ) ) ;
#1733 = AXIS2_PLACEMENT_3D ( 'NONE', #5226, #5970, #986 ) ;
#1734 = PLANE ( 'NONE',  #2684 ) ;
#1735 = ORIENTED_EDGE ( 'NONE', *, *, #3286, .T. ) ;
#1736 = EDGE_CURVE ( 'NONE', #7464, #5304, #7946, .T. ) ;
#1737 = VECTOR ( 'NONE', #3325, 39.37007874015748143 ) ;
#1738 = ORIENTED_EDGE ( 'NONE', *, *, #6520, .F. ) ;
#1739 = VECTOR ( 'NONE', #1000, 39.37007874015748143 ) ;
#1740 = CARTESIAN_POINT ( 'NONE',  ( -9.437500000000001776, -1.500000000000000222, -14.49999999999999822 ) ) ;
#1741 = ORIENTED_EDGE ( 'NONE', *, *, #923, .T. ) ;
#1742 = CARTESIAN_POINT ( 'NONE',  ( -10.06250000000000355, 0.2500000000000000000, -0.3125000000000031086 ) ) ;
#1743 = EDGE_CURVE ( 'NONE', #5051, #2903, #1644, .T. ) ;
#1744 = DIRECTION ( 'NONE',  ( 0.000000000000000000, 1.000000000000000000, 0.000000000000000000 ) ) ;
#1745 = ORIENTED_EDGE ( 'NONE', *, *, #2355, .F. ) ;
#1746 = PLANE ( 'NONE',  #1210 ) ;
#1747 = VECTOR ( 'NONE', #5094, 39.37007874015748143 ) ;
#1748 = EDGE_LOOP ( 'NONE', ( #3829, #4813, #2191, #439 ) ) ;
#1749 = CARTESIAN_POINT ( 'NONE',  ( 9.312500000000001776, -6.500000000000000000, -7.937499999999999112 ) ) ;
#1750 = LINE ( 'NONE', #4262, #7467 ) ;
#1751 = CARTESIAN_POINT ( 'NONE',  ( -10.06250000000000355, -14.48437499999999822, -0.7500000000000033307 ) ) ;
#1752 = EDGE_CURVE ( 'NONE', #3597, #8080, #7983, .T. ) ;
#1753 = DIRECTION ( 'NONE',  ( -1.494344201662503279E-16, 0.000000000000000000, -1.000000000000000000 ) ) ;
#1754 = AXIS2_PLACEMENT_3D ( 'NONE', #2319, #4247, #4888 ) ;
#1755 = ORIENTED_EDGE ( 'NONE', *, *, #5365, .T. ) ;
#1756 = DIRECTION ( 'NONE',  ( -8.741913579725607589E-15, 0.000000000000000000, -1.000000000000000000 ) ) ;
#1757 = CARTESIAN_POINT ( 'NONE',  ( 11.00000000000000000, -14.01562499999999822, 1.156250000000002220 ) ) ;
#1758 = EDGE_CURVE ( 'NONE', #3065, #5297, #6704, .T. ) ;
#1759 = ORIENTED_EDGE ( 'NONE', *, *, #7820, .T. ) ;
#1760 = AXIS2_PLACEMENT_3D ( 'NONE', #5463, #6622, #7984 ) ;
#1761 = DIRECTION ( 'NONE',  ( 0.000000000000000000, -0.000000000000000000, -1.000000000000000000 ) ) ;
#1762 = LENGTH_MEASURE_WITH_UNIT ( LENGTH_MEASURE( 0.02539999999999999897 ), #7952 );
#1763 = ORIENTED_EDGE ( 'NONE', *, *, #3554, .F. ) ;
#1764 = FILL_AREA_STYLE ('',( #5005 ) ) ;
#1765 = FACE_OUTER_BOUND ( 'NONE', #7965, .T. ) ;
#1766 = ADVANCED_FACE ( 'NONE', ( #5383 ), #1058, .T. ) ;
#1767 = DIRECTION ( 'NONE',  ( 1.000000000000000000, -0.000000000000000000, -1.456985596620939397E-16 ) ) ;
#1768 = LINE ( 'NONE', #7450, #5162 ) ;
#1769 = ORIENTED_EDGE ( 'NONE', *, *, #870, .F. ) ;
#1770 = EDGE_LOOP ( 'NONE', ( #2948, #6232, #1271, #2044 ) ) ;
#1771 = DIRECTION ( 'NONE',  ( 0.000000000000000000, -1.000000000000000000, 0.000000000000000000 ) ) ;
#1772 = DIRECTION ( 'NONE',  ( -1.000000000000000000, 0.000000000000000000, 1.494344201662503033E-16 ) ) ;
#1773 = ORIENTED_EDGE ( 'NONE', *, *, #1297, .T. ) ;
#1774 = EDGE_CURVE ( 'NONE', #5423, #4478, #2390, .T. ) ;
#1775 = EDGE_CURVE ( 'NONE', #6407, #2591, #344, .T. ) ;
#1776 = PLANE ( 'NONE',  #8042 ) ;
#1777 = LINE ( 'NONE', #1742, #2886 ) ;
#1778 = LINE ( 'NONE', #645, #626 ) ;
#1779 = ORIENTED_EDGE ( 'NONE', *, *, #5955, .T. ) ;
#1780 = DIRECTION ( 'NONE',  ( 7.471721008312513932E-17, 0.000000000000000000, 1.000000000000000000 ) ) ;
#1781 = ORIENTED_EDGE ( 'NONE', *, *, #1090, .T. ) ;
#1782 = CARTESIAN_POINT ( 'NONE',  ( 0.000000000000000000, -3.250000000000000000, 0.5312499999999993339 ) ) ;
#1783 = EDGE_CURVE ( 'NONE', #6457, #6893, #5996, .T. ) ;
#1784 = FACE_BOUND ( 'NONE', #7857, .T. ) ;
#1785 = DIRECTION ( 'NONE',  ( 0.000000000000000000, 1.000000000000000000, 0.000000000000000000 ) ) ;
#1786 = DIRECTION ( 'NONE',  ( 0.000000000000000000, 0.000000000000000000, 1.000000000000000000 ) ) ;
#1787 = VERTEX_POINT ( 'NONE', #1099 ) ;
#1788 = ORIENTED_EDGE ( 'NONE', *, *, #1502, .T. ) ;
#1789 = EDGE_CURVE ( 'NONE', #6597, #5993, #4876, .T. ) ;
#1790 = PLANE ( 'NONE',  #3696 ) ;
#1791 = LINE ( 'NONE', #5617, #1363 ) ;
#1792 = CLOSED_SHELL ( 'NONE', ( #7485, #5869, #7288, #6504, #4929, #7529 ) ) ;
#1793 = ORIENTED_EDGE ( 'NONE', *, *, #4676, .T. ) ;
#1794 = CARTESIAN_POINT ( 'NONE',  ( 8.468750000000007105, -5.781250000000000000, 0.06249999999999869549 ) ) ;
#1795 = VERTEX_POINT ( 'NONE', #3040 ) ;
#1796 = FILL_AREA_STYLE ('',( #5547 ) ) ;
#1797 = EDGE_CURVE ( 'NONE', #1170, #6167, #3446, .T. ) ;
#1798 = AXIS2_PLACEMENT_3D ( 'NONE', #5222, #7134, #1486 ) ;
#1799 = ORIENTED_EDGE ( 'NONE', *, *, #1525, .F. ) ;
#1800 = DIRECTION ( 'NONE',  ( -1.000000000000000000, -0.000000000000000000, -0.000000000000000000 ) ) ;
#1801 = CARTESIAN_POINT ( 'NONE',  ( -9.625000000000001776, -14.48437499999999822, 0.000000000000000000 ) ) ;
#1802 = CARTESIAN_POINT ( 'NONE',  ( 9.437500000000003553, -6.500000000000000000, -4.687500000000000000 ) ) ;
#1803 = VERTEX_POINT ( 'NONE', #4721 ) ;
#1804 = VECTOR ( 'NONE', #2076, 39.37007874015748143 ) ;
#1805 = VERTEX_POINT ( 'NONE', #4416 ) ;
#1806 = PLANE ( 'NONE',  #6861 ) ;
#1807 = CARTESIAN_POINT ( 'NONE',  ( -9.437500000000001776, -5.000000000000000000, -1.500000000000000222 ) ) ;
#1808 = ORIENTED_EDGE ( 'NONE', *, *, #3063, .F. ) ;
#1809 = MECHANICAL_DESIGN_GEOMETRIC_PRESENTATION_REPRESENTATION (  '', ( #6145 ), #5890 ) ;
#1810 = COLOUR_RGB ( '',0.8392156862745098200, 0.4666666666666666741, 0.3686274509803921795 ) ;
#1811 = FILL_AREA_STYLE_COLOUR ( '', #1810 ) ;
#1812 = CARTESIAN_POINT ( 'NONE',  ( 9.437500000000001776, -6.500000000000000000, -16.00000000000000000 ) ) ;
#1813 =( NAMED_UNIT ( * ) PLANE_ANGLE_UNIT ( ) SI_UNIT ( $, .RADIAN. ) );
#1814 = COLOUR_RGB ( '',0.5294117647058823595, 0.2627450980392156965, 0.06274509803921568540 ) ;
#1815 = DIRECTION ( 'NONE',  ( 1.000000000000000000, 1.681137226870316528E-16, -0.000000000000000000 ) ) ;
#1816 = EDGE_CURVE ( 'NONE', #3994, #4363, #3859, .T. ) ;
#1817 = VECTOR ( 'NONE', #6541, 39.37007874015748143 ) ;
#1818 = VERTEX_POINT ( 'NONE', #1833 ) ;
#1819 = FACE_OUTER_BOUND ( 'NONE', #6459, .T. ) ;
#1820 = ORIENTED_EDGE ( 'NONE', *, *, #3909, .T. ) ;
#1821 = LINE ( 'NONE', #6923, #5770 ) ;
#1822 = FILL_AREA_STYLE_COLOUR ( '', #1717 ) ;
#1823 = VECTOR ( 'NONE', #7056, 39.37007874015748143 ) ;
#1824 = DIRECTION ( 'NONE',  ( 0.000000000000000000, 1.000000000000000000, 0.000000000000000000 ) ) ;
#1825 = FACE_OUTER_BOUND ( 'NONE', #3888, .T. ) ;
#1826 = DIRECTION ( 'NONE',  ( -1.000000000000000000, 0.000000000000000000, 0.000000000000000000 ) ) ;
#1827 = EDGE_CURVE ( 'NONE', #1122, #4489, #6273, .T. ) ;
#1828 = CYLINDRICAL_SURFACE ( 'NONE', #4620, 0.4375000000000009992 ) ;
#1829 = VECTOR ( 'NONE', #3068, 39.37007874015748143 ) ;
#1830 = ORIENTED_EDGE ( 'NONE', *, *, #4375, .F. ) ;
#1831 = VERTEX_POINT ( 'NONE', #6935 ) ;
#1832 = MECHANICAL_DESIGN_GEOMETRIC_PRESENTATION_REPRESENTATION (  '', ( #6829 ), #384 ) ;
#1833 = CARTESIAN_POINT ( 'NONE',  ( -9.625000000000005329, 0.000000000000000000, -16.00000000000000000 ) ) ;
#1834 = CARTESIAN_POINT ( 'NONE',  ( -9.625000000000001776, 0.000000000000000000, -1.500000000000000222 ) ) ;
#1835 = CARTESIAN_POINT ( 'NONE',  ( -9.625000000000005329, -17.48437500000000000, -15.99999999999999822 ) ) ;
#1836 = CYLINDRICAL_SURFACE ( 'NONE', #5092, 0.4375000000000009992 ) ;
#1837 = ADVANCED_FACE ( 'NONE', ( #3693 ), #6855, .T. ) ;
#1838 = DIRECTION ( 'NONE',  ( 1.224795318192648873E-16, -0.000000000000000000, 1.000000000000000000 ) ) ;
#1839 = VECTOR ( 'NONE', #141, 39.37007874015748143 ) ;
#1840 = ORIENTED_EDGE ( 'NONE', *, *, #599, .F. ) ;
#1841 = CARTESIAN_POINT ( 'NONE',  ( -9.625000000000003553, -1.500000000000000222, -1.500000000000000222 ) ) ;
#1842 = VERTEX_POINT ( 'NONE', #2453 ) ;
#1843 = ADVANCED_FACE ( 'NONE', ( #6980 ), #7561, .F. ) ;
#1844 = LINE ( 'NONE', #4387, #2741 ) ;
#1845 = VECTOR ( 'NONE', #4836, 39.37007874015748143 ) ;
#1846 = CARTESIAN_POINT ( 'NONE',  ( -10.06250000000000355, -25.00000000000000000, -14.81249999999999822 ) ) ;
#1847 = CARTESIAN_POINT ( 'NONE',  ( -11.00000000000000000, 0.4687500000000002776, 1.156250000000002442 ) ) ;
#1848 = ORIENTED_EDGE ( 'NONE', *, *, #4055, .F. ) ;
#1849 = COLOUR_RGB ( '',0.5294117647058823595, 0.2627450980392156965, 0.06274509803921568540 ) ;
#1850 = EDGE_CURVE ( 'NONE', #7892, #1981, #1955, .T. ) ;
#1851 = VERTEX_POINT ( 'NONE', #3731 ) ;
#1852 = CARTESIAN_POINT ( 'NONE',  ( 9.625000000000005329, -4.999999999999998224, -14.49999999999999822 ) ) ;
#1853 = ORIENTED_EDGE ( 'NONE', *, *, #567, .T. ) ;
#1854 = CARTESIAN_POINT ( 'NONE',  ( -8.000000000000001776, -5.781250000000004441, -0.1562500000000008327 ) ) ;
#1855 = AXIS2_PLACEMENT_3D ( 'NONE', #7167, #1517, #4035 ) ;
#1856 = ORIENTED_EDGE ( 'NONE', *, *, #6119, .F. ) ;
#1857 = CARTESIAN_POINT ( 'NONE',  ( -4.937500000000005329, -6.500000000000000000, 0.4062500000000006106 ) ) ;
#1858 = FILL_AREA_STYLE ('',( #2474 ) ) ;
#1859 = LINE ( 'NONE', #4897, #3703 ) ;
#1860 = AXIS2_PLACEMENT_3D ( 'NONE', #2839, #5459, #5952 ) ;
#1861 = CARTESIAN_POINT ( 'NONE',  ( 8.468750000000007105, -0.2499999999999997224, -0.1562500000000008327 ) ) ;
#1862 = VECTOR ( 'NONE', #5638, 39.37007874015748143 ) ;
#1863 = LINE ( 'NONE', #4362, #4718 ) ;
#1864 = ORIENTED_EDGE ( 'NONE', *, *, #2094, .F. ) ;
#1865 = LINE ( 'NONE', #3758, #939 ) ;
#1866 = ORIENTED_EDGE ( 'NONE', *, *, #1789, .F. ) ;
#1867 = DIRECTION ( 'NONE',  ( 0.000000000000000000, 0.000000000000000000, -1.000000000000000000 ) ) ;
#1868 = VECTOR ( 'NONE', #4862, 39.37007874015748143 ) ;
#1869 = CARTESIAN_POINT ( 'NONE',  ( -8.656250000000005329, -17.48437499999999645, -15.00000000000000000 ) ) ;
#1870 = LINE ( 'NONE', #7401, #7206 ) ;
#1871 = EDGE_CURVE ( 'NONE', #7071, #629, #5574, .T. ) ;
#1872 =( CONVERSION_BASED_UNIT ( 'INCH', #7517 ) LENGTH_UNIT ( ) NAMED_UNIT ( #5228 ) );
#1873 = VECTOR ( 'NONE', #7424, 39.37007874015748143 ) ;
#1874 = ORIENTED_EDGE ( 'NONE', *, *, #2970, .T. ) ;
#1875 = CARTESIAN_POINT ( 'NONE',  ( 9.625000000000000000, -17.48437500000000000, -15.99999999999999822 ) ) ;
#1876 = VERTEX_POINT ( 'NONE', #3238 ) ;
#1877 = VERTEX_POINT ( 'NONE', #6233 ) ;
#1878 = FACE_OUTER_BOUND ( 'NONE', #6909, .T. ) ;
#1879 = EDGE_CURVE ( 'NONE', #6949, #5986, #4460, .T. ) ;
#1880 = CARTESIAN_POINT ( 'NONE',  ( 8.468750000000007105, -0.2499999999999997224, 0.06249999999999869549 ) ) ;
#1881 = DIRECTION ( 'NONE',  ( 1.000000000000000000, 0.000000000000000000, 0.000000000000000000 ) ) ;
#1882 = ORIENTED_EDGE ( 'NONE', *, *, #3371, .T. ) ;
#1883 = LINE ( 'NONE', #3818, #3803 ) ;
#1884 = CARTESIAN_POINT ( 'NONE',  ( -8.125000000000003553, -5.000000000000000000, 0.5312499999999993339 ) ) ;
#1885 = ORIENTED_EDGE ( 'NONE', *, *, #881, .F. ) ;
#1886 = SURFACE_STYLE_FILL_AREA ( #1764 ) ;
#1887 = CARTESIAN_POINT ( 'NONE',  ( 10.06250000000000355, 0.000000000000000000, -15.25000000000000000 ) ) ;
#1888 = EDGE_CURVE ( 'NONE', #7095, #6822, #577, .T. ) ;
#1889 = VECTOR ( 'NONE', #2311, 39.37007874015748143 ) ;
#1890 = FACE_OUTER_BOUND ( 'NONE', #6090, .T. ) ;
#1891 = CARTESIAN_POINT ( 'NONE',  ( -8.125000000000005329, 0.000000000000000000, 0.5312500000000011102 ) ) ;
#1892 = ORIENTED_EDGE ( 'NONE', *, *, #900, .T. ) ;
#1893 = ADVANCED_FACE ( 'NONE', ( #7477 ), #1790, .T. ) ;
#1894 = ORIENTED_EDGE ( 'NONE', *, *, #7390, .F. ) ;
#1895 = CARTESIAN_POINT ( 'NONE',  ( 8.125000000000003553, -6.500000000000000000, 0.7187499999999992228 ) ) ;
#1896 = VERTEX_POINT ( 'NONE', #3116 ) ;
#1897 = PLANE ( 'NONE',  #5506 ) ;
#1898 = VERTEX_POINT ( 'NONE', #2498 ) ;
#1899 = EDGE_CURVE ( 'NONE', #6365, #6376, #2543, .T. ) ;
#1900 =( NAMED_UNIT ( * ) PLANE_ANGLE_UNIT ( ) SI_UNIT ( $, .RADIAN. ) );
#1901 = DIRECTION ( 'NONE',  ( -0.000000000000000000, 1.000000000000000000, -0.000000000000000000 ) ) ;
#1902 = DIRECTION ( 'NONE',  ( 0.000000000000000000, 0.000000000000000000, 1.000000000000000000 ) ) ;
#1903 = ORIENTED_EDGE ( 'NONE', *, *, #6726, .T. ) ;
#1904 = DIRECTION ( 'NONE',  ( 0.000000000000000000, -1.000000000000000000, 0.000000000000000000 ) ) ;
#1905 = VERTEX_POINT ( 'NONE', #4998 ) ;
#1906 = LINE ( 'NONE', #2482, #6430 ) ;
#1907 = LENGTH_MEASURE_WITH_UNIT ( LENGTH_MEASURE( 0.02539999999999999897 ), #5028 );
#1908 = EDGE_CURVE ( 'NONE', #6922, #5986, #4298, .T. ) ;
#1909 = EDGE_LOOP ( 'NONE', ( #2006, #4515 ) ) ;
#1910 = LINE ( 'NONE', #3650, #6989 ) ;
#1911 = ORIENTED_EDGE ( 'NONE', *, *, #6771, .F. ) ;
#1912 = ORIENTED_EDGE ( 'NONE', *, *, #7486, .T. ) ;
#1913 = CARTESIAN_POINT ( 'NONE',  ( 8.968750000000000000, -3.500000000000000000, -15.53125000000000000 ) ) ;
#1914 = CARTESIAN_POINT ( 'NONE',  ( 9.312500000000003553, -6.500000000000000000, -8.062499999999998224 ) ) ;
#1915 = UNCERTAINTY_MEASURE_WITH_UNIT (LENGTH_MEASURE( 1.000000000000000082E-05 ), #2209, 'distance_accuracy_value', 'NONE');
#1916 = ORIENTED_EDGE ( 'NONE', *, *, #1054, .F. ) ;
#1917 = DIRECTION ( 'NONE',  ( -1.000000000000000000, 0.000000000000000000, 7.284927983104696985E-16 ) ) ;
#1918 = PLANE ( 'NONE',  #7650 ) ;
#1919 = EDGE_CURVE ( 'NONE', #3697, #190, #4377, .T. ) ;
#1920 = ORIENTED_EDGE ( 'NONE', *, *, #5690, .F. ) ;
#1921 = CLOSED_SHELL ( 'NONE', ( #1712, #422, #6733, #2122, #8112, #7678 ) ) ;
#1922 = DIRECTION ( 'NONE',  ( 7.284927983104696985E-16, 0.000000000000000000, -1.000000000000000000 ) ) ;
#1923 = ORIENTED_EDGE ( 'NONE', *, *, #5249, .T. ) ;
#1924 = EDGE_CURVE ( 'NONE', #3548, #6410, #1340, .T. ) ;
#1925 = AXIS2_PLACEMENT_3D ( 'NONE', #6599, #7717, #7760 ) ;
#1926 = ORIENTED_EDGE ( 'NONE', *, *, #6852, .F. ) ;
#1927 = VERTEX_POINT ( 'NONE', #13 ) ;
#1928 = CARTESIAN_POINT ( 'NONE',  ( 11.00000000000000000, -14.48437499999999822, 1.156250000000002220 ) ) ;
#1929 = ORIENTED_EDGE ( 'NONE', *, *, #7371, .T. ) ;
#1930 = CARTESIAN_POINT ( 'NONE',  ( -10.06250000000000355, 0.000000000000000000, -14.81249999999999822 ) ) ;
#1931 = CARTESIAN_POINT ( 'NONE',  ( -8.968750000000000000, -3.500000000000000000, -16.00000000000000000 ) ) ;
#1932 = VECTOR ( 'NONE', #7814, 39.37007874015748143 ) ;
#1933 = LINE ( 'NONE', #1398, #5277 ) ;
#1934 = CARTESIAN_POINT ( 'NONE',  ( 4.812500000000003553, -6.500000000000000000, 0.5312500000000011102 ) ) ;
#1935 = FACE_OUTER_BOUND ( 'NONE', #222, .T. ) ;
#1936 = EDGE_CURVE ( 'NONE', #1483, #2663, #5037, .T. ) ;
#1937 = ORIENTED_EDGE ( 'NONE', *, *, #3602, .T. ) ;
#1938 = CARTESIAN_POINT ( 'NONE',  ( 8.468750000000005329, -5.781250000000000000, -14.78125000000000355 ) ) ;
#1939 = ORIENTED_EDGE ( 'NONE', *, *, #1030, .T. ) ;
#1940 = CYLINDRICAL_SURFACE ( 'NONE', #7236, 0.4375000000000003331 ) ;
#1941 = VECTOR ( 'NONE', #4017, 39.37007874015748143 ) ;
#1942 =( LENGTH_UNIT ( ) NAMED_UNIT ( * ) SI_UNIT ( $, .METRE. ) );
#1943 = DIRECTION ( 'NONE',  ( 0.000000000000000000, 0.000000000000000000, -1.000000000000000000 ) ) ;
#1944 = EDGE_CURVE ( 'NONE', #6833, #6024, #3815, .T. ) ;
#1945 = STYLED_ITEM ( 'NONE', ( #3398 ), #6575 ) ;
#1946 = LINE ( 'NONE', #7470, #3005 ) ;
#1947 =( GEOMETRIC_REPRESENTATION_CONTEXT ( 3 ) GLOBAL_UNCERTAINTY_ASSIGNED_CONTEXT ( ( #2294 ) ) GLOBAL_UNIT_ASSIGNED_CONTEXT ( ( #4643, #318, #5927 ) ) REPRESENTATION_CONTEXT ( 'NONE', 'WORKASPACE' ) );
#1948 = EDGE_CURVE ( 'NONE', #5300, #1306, #2578, .T. ) ;
#1949 = ORIENTED_EDGE ( 'NONE', *, *, #1239, .F. ) ;
#1950 = DIRECTION ( 'NONE',  ( 0.000000000000000000, -0.000000000000000000, 1.000000000000000000 ) ) ;
#1951 = ORIENTED_EDGE ( 'NONE', *, *, #7896, .T. ) ;
#1952 = AXIS2_PLACEMENT_3D ( 'NONE', #8060, #7446, #5386 ) ;
#1953 = ORIENTED_EDGE ( 'NONE', *, *, #5006, .T. ) ;
#1954 = CARTESIAN_POINT ( 'NONE',  ( 9.312500000000001776, -6.500000000000000000, -11.18750000000000000 ) ) ;
#1955 = LINE ( 'NONE', #4948, #5532 ) ;
#1956 = CARTESIAN_POINT ( 'NONE',  ( 8.468750000000003553, -0.2499999999999997224, -0.4062499999999995004 ) ) ;
#1957 = FACE_OUTER_BOUND ( 'NONE', #5472, .T. ) ;
#1958 = AXIS2_PLACEMENT_3D ( 'NONE', #5635, #8074, #6132 ) ;
#1959 = VECTOR ( 'NONE', #2172, 39.37007874015748143 ) ;
#1960 = CARTESIAN_POINT ( 'NONE',  ( -8.656250000000005329, -14.73437499999999645, -15.00000000000000000 ) ) ;
#1961 = ADVANCED_FACE ( 'NONE', ( #180 ), #2038, .T. ) ;
#1962 = ORIENTED_EDGE ( 'NONE', *, *, #305, .F. ) ;
#1963 = LINE ( 'NONE', #4468, #1839 ) ;
#1964 = AXIS2_PLACEMENT_3D ( 'NONE', #6584, #7790, #7868 ) ;
#1965 = ORIENTED_EDGE ( 'NONE', *, *, #5309, .F. ) ;
#1966 = DIRECTION ( 'NONE',  ( 0.000000000000000000, 1.260852920152736718E-16, -1.000000000000000000 ) ) ;
#1967 = CYLINDRICAL_SURFACE ( 'NONE', #1226, 0.4375000000000009992 ) ;
#1968 = EDGE_CURVE ( 'NONE', #6628, #4951, #2001, .T. ) ;
#1969 = ORIENTED_EDGE ( 'NONE', *, *, #6866, .F. ) ;
#1970 = ORIENTED_EDGE ( 'NONE', *, *, #2306, .T. ) ;
#1971 = EDGE_LOOP ( 'NONE', ( #6392, #7323, #6223, #3297 ) ) ;
#1972 = PLANE ( 'NONE',  #5775 ) ;
#1973 = VERTEX_POINT ( 'NONE', #93 ) ;
#1974 = PRESENTATION_LAYER_ASSIGNMENT (  '', '', ( #3438 ) ) ;
#1975 = PRESENTATION_LAYER_ASSIGNMENT (  '', '', ( #3960 ) ) ;
#1976 = SURFACE_STYLE_FILL_AREA ( #73 ) ;
#1977 = ADVANCED_FACE ( 'NONE', ( #1421 ), #7772, .F. ) ;
#1978 = DIRECTION ( 'NONE',  ( 1.000000000000000000, 1.346415657017119838E-16, 0.000000000000000000 ) ) ;
#1979 = FACE_OUTER_BOUND ( 'NONE', #1726, .T. ) ;
#1980 = CARTESIAN_POINT ( 'NONE',  ( 0.000000000000000000, 0.000000000000000000, -14.49999999999999822 ) ) ;
#1981 = VERTEX_POINT ( 'NONE', #4501 ) ;
#1982 = CARTESIAN_POINT ( 'NONE',  ( 8.187500000000003553, -17.48437499999999645, -14.78125000000000355 ) ) ;
#1983 = VECTOR ( 'NONE', #2844, 39.37007874015748143 ) ;
#1984 = ORIENTED_EDGE ( 'NONE', *, *, #2683, .F. ) ;
#1985 = DIRECTION ( 'NONE',  ( 0.000000000000000000, 1.000000000000000000, 0.000000000000000000 ) ) ;
#1986 = COLOUR_RGB ( '',0.5294117647058823595, 0.2627450980392156965, 0.06274509803921568540 ) ;
#1987 = CARTESIAN_POINT ( 'NONE',  ( 9.625000000000003553, -6.500000000000000000, 0.5312499999999992228 ) ) ;
#1988 = EDGE_CURVE ( 'NONE', #4431, #113, #5116, .T. ) ;
#1989 = AXIS2_PLACEMENT_3D ( 'NONE', #8040, #967, #7459 ) ;
#1990 = DIRECTION ( 'NONE',  ( 0.000000000000000000, 1.000000000000000000, 0.000000000000000000 ) ) ;
#1991 = ORIENTED_EDGE ( 'NONE', *, *, #7437, .T. ) ;
#1992 = DIRECTION ( 'NONE',  ( 0.000000000000000000, -1.000000000000000000, 0.000000000000000000 ) ) ;
#1993 = AXIS2_PLACEMENT_3D ( 'NONE', #536, #1786, #497 ) ;
#1994 = VERTEX_POINT ( 'NONE', #2752 ) ;
#1995 = EDGE_CURVE ( 'NONE', #6221, #2515, #2169, .T. ) ;
#1996 = CARTESIAN_POINT ( 'NONE',  ( 8.000000000000003553, -0.2499999999999997224, -5.977376806650015090E-16 ) ) ;
#1997 = ORIENTED_EDGE ( 'NONE', *, *, #1391, .F. ) ;
#1998 = LINE ( 'NONE', #5161, #779 ) ;
#1999 = ADVANCED_FACE ( 'NONE', ( #5906, #6396 ), #7192, .F. ) ;
#2000 = AXIS2_PLACEMENT_3D ( 'NONE', #5101, #80, #4608 ) ;
#2001 = LINE ( 'NONE', #1378, #4346 ) ;
#2002 = EDGE_LOOP ( 'NONE', ( #3042, #951, #2748, #7653 ) ) ;
#2003 = DIRECTION ( 'NONE',  ( 1.000000000000000000, 0.000000000000000000, 0.000000000000000000 ) ) ;
#2004 = CARTESIAN_POINT ( 'NONE',  ( -10.06250000000000355, 0.2500000000000000000, -0.3125000000000031086 ) ) ;
#2005 = VECTOR ( 'NONE', #7579, 39.37007874015748143 ) ;
#2006 = ORIENTED_EDGE ( 'NONE', *, *, #3909, .F. ) ;
#2007 = ORIENTED_EDGE ( 'NONE', *, *, #5450, .T. ) ;
#2008 = DIRECTION ( 'NONE',  ( 0.000000000000000000, 0.000000000000000000, 1.000000000000000000 ) ) ;
#2009 = LENGTH_MEASURE_WITH_UNIT ( LENGTH_MEASURE( 0.02539999999999999897 ), #3210 );
#2010 = DIRECTION ( 'NONE',  ( -1.000000000000000000, -0.000000000000000000, -0.000000000000000000 ) ) ;
#2011 = ORIENTED_EDGE ( 'NONE', *, *, #5910, .T. ) ;
#2012 = VECTOR ( 'NONE', #4603, 39.37007874015748143 ) ;
#2013 = VERTEX_POINT ( 'NONE', #2126 ) ;
#2014 = ORIENTED_EDGE ( 'NONE', *, *, #1665, .F. ) ;
#2015 = CARTESIAN_POINT ( 'NONE',  ( -10.06250000000000355, 1.365923996832131609E-16, -0.7500000000000033307 ) ) ;
#2016 = EDGE_LOOP ( 'NONE', ( #4928, #2014, #6654, #2144 ) ) ;
#2017 = AXIS2_PLACEMENT_3D ( 'NONE', #5166, #7692, #2079 ) ;
#2018 = DIRECTION ( 'NONE',  ( 0.000000000000000000, -1.000000000000000000, 0.000000000000000000 ) ) ;
#2019 = FILL_AREA_STYLE_COLOUR ( '', #7747 ) ;
#2020 = DIRECTION ( 'NONE',  ( 1.000000000000000000, 0.000000000000000000, 0.000000000000000000 ) ) ;
#2021 =( GEOMETRIC_REPRESENTATION_CONTEXT ( 3 ) GLOBAL_UNCERTAINTY_ASSIGNED_CONTEXT ( ( #8093 ) ) GLOBAL_UNIT_ASSIGNED_CONTEXT ( ( #1465, #215, #4027 ) ) REPRESENTATION_CONTEXT ( 'NONE', 'WORKASPACE' ) );
#2022 = ORIENTED_EDGE ( 'NONE', *, *, #652, .T. ) ;
#2023 = DIRECTION ( 'NONE',  ( -1.494344201662502786E-16, 0.000000000000000000, -1.000000000000000000 ) ) ;
#2024 = EDGE_CURVE ( 'NONE', #491, #3867, #743, .T. ) ;
#2025 = VERTEX_POINT ( 'NONE', #4064 ) ;
#2026 = DIRECTION ( 'NONE',  ( 0.000000000000000000, 1.000000000000000000, 0.000000000000000000 ) ) ;
#2027 = ADVANCED_FACE ( 'NONE', ( #6440 ), #2621, .F. ) ;
#2028 = CARTESIAN_POINT ( 'NONE',  ( -8.656250000000005329, -14.73437499999999645, -15.00000000000000000 ) ) ;
#2029 = PRESENTATION_STYLE_ASSIGNMENT (( #2656 ) ) ;
#2030 = DIRECTION ( 'NONE',  ( 0.000000000000000000, 0.000000000000000000, 1.000000000000000000 ) ) ;
#2031 = VERTEX_POINT ( 'NONE', #5860 ) ;
#2032 = LINE ( 'NONE', #6482, #1475 ) ;
#2033 = CARTESIAN_POINT ( 'NONE',  ( -11.00000000000000000, -14.01562499999999822, -16.00000000000000000 ) ) ;
#2034 = EDGE_CURVE ( 'NONE', #5840, #1229, #5165, .T. ) ;
#2035 = ORIENTED_EDGE ( 'NONE', *, *, #3147, .T. ) ;
#2036 = CARTESIAN_POINT ( 'NONE',  ( -8.187500000000001776, -14.73437499999999645, 1.228745363673883546E-15 ) ) ;
#2037 = FACE_OUTER_BOUND ( 'NONE', #8044, .T. ) ;
#2038 = PLANE ( 'NONE',  #6323 ) ;
#2039 = FILL_AREA_STYLE_COLOUR ( '', #5835 ) ;
#2040 = DIRECTION ( 'NONE',  ( 0.000000000000000000, 0.000000000000000000, 1.000000000000000000 ) ) ;
#2041 = DIRECTION ( 'NONE',  ( -1.000000000000000000, 0.000000000000000000, 0.000000000000000000 ) ) ;
#2042 = ADVANCED_FACE ( 'NONE', ( #7064 ), #3938, .T. ) ;
#2043 = ORIENTED_EDGE ( 'NONE', *, *, #7248, .F. ) ;
#2044 = ORIENTED_EDGE ( 'NONE', *, *, #649, .T. ) ;
#2045 = DIRECTION ( 'NONE',  ( 0.000000000000000000, 1.000000000000000000, 0.000000000000000000 ) ) ;
#2046 = DIRECTION ( 'NONE',  ( 0.000000000000000000, 0.000000000000000000, 1.000000000000000000 ) ) ;
#2047 = DIRECTION ( 'NONE',  ( 0.000000000000000000, 0.000000000000000000, -1.000000000000000000 ) ) ;
#2048 = ORIENTED_EDGE ( 'NONE', *, *, #3865, .T. ) ;
#2049 =( NAMED_UNIT ( * ) SI_UNIT ( $, .STERADIAN. ) SOLID_ANGLE_UNIT ( ) );
#2050 = EDGE_CURVE ( 'NONE', #3403, #6833, #788, .T. ) ;
#2051 = ORIENTED_EDGE ( 'NONE', *, *, #649, .F. ) ;
#2052 = EDGE_LOOP ( 'NONE', ( #1273, #4457, #6571, #6490 ) ) ;
#2053 = CYLINDRICAL_SURFACE ( 'NONE', #5389, 0.4375000000000003331 ) ;
#2054 = CLOSED_SHELL ( 'NONE', ( #5375, #7770, #6237, #4648, #6957, #2278 ) ) ;
#2055 = DIRECTION ( 'NONE',  ( -1.500757696090239076E-16, 0.000000000000000000, -1.000000000000000000 ) ) ;
#2056 = PLANE ( 'NONE',  #620 ) ;
#2057 = PLANE ( 'NONE',  #2296 ) ;
#2058 = CARTESIAN_POINT ( 'NONE',  ( 0.000000000000000000, 0.000000000000000000, -1.500000000000000222 ) ) ;
#2059 = DIRECTION ( 'NONE',  ( -0.000000000000000000, 1.000000000000000000, -0.000000000000000000 ) ) ;
#2060 = CIRCLE ( 'NONE', #6670, 0.4375000000000003331 ) ;
#2061 = CARTESIAN_POINT ( 'NONE',  ( -8.968750000000000000, -6.031250000000000888, 0.000000000000000000 ) ) ;
#2062 = ORIENTED_EDGE ( 'NONE', *, *, #258, .T. ) ;
#2063 = DIRECTION ( 'NONE',  ( 1.000000000000000000, 0.000000000000000000, -1.494344201662502786E-16 ) ) ;
#2064 = CARTESIAN_POINT ( 'NONE',  ( 10.06250000000000355, 0.000000000000000000, -0.7500000000000033307 ) ) ;
#2065 = DIRECTION ( 'NONE',  ( -0.000000000000000000, 0.000000000000000000, 1.000000000000000000 ) ) ;
#2066 = VECTOR ( 'NONE', #4847, 39.37007874015748143 ) ;
#2067 = FILL_AREA_STYLE_COLOUR ( '', #92 ) ;
#2068 = LINE ( 'NONE', #7150, #3264 ) ;
#2069 = EDGE_CURVE ( 'NONE', #120, #3655, #829, .T. ) ;
#2070 = LINE ( 'NONE', #7103, #1823 ) ;
#2071 = VECTOR ( 'NONE', #3986, 39.37007874015748143 ) ;
#2072 = ORIENTED_EDGE ( 'NONE', *, *, #5604, .T. ) ;
#2073 = CARTESIAN_POINT ( 'NONE',  ( 9.312500000000001776, 0.000000000000000000, -11.18750000000000000 ) ) ;
#2074 = EDGE_LOOP ( 'NONE', ( #4979, #6527 ) ) ;
#2075 = MECHANICAL_DESIGN_GEOMETRIC_PRESENTATION_REPRESENTATION (  '', ( #7350 ), #226 ) ;
#2076 = DIRECTION ( 'NONE',  ( 1.000000000000000000, 0.000000000000000000, 0.000000000000000000 ) ) ;
#2077 = PRESENTATION_LAYER_ASSIGNMENT (  '', '', ( #6934 ) ) ;
#2078 = CARTESIAN_POINT ( 'NONE',  ( -9.312500000000001776, -6.500000000000000000, -4.687500000000000000 ) ) ;
#2079 = DIRECTION ( 'NONE',  ( 1.000000000000000000, 0.000000000000000000, 0.000000000000000000 ) ) ;
#2080 = EDGE_CURVE ( 'NONE', #7596, #7464, #5202, .T. ) ;
#2081 = LINE ( 'NONE', #4582, #5596 ) ;
#2082 = CARTESIAN_POINT ( 'NONE',  ( -4.937500000000005329, 0.000000000000000000, 0.4062500000000006106 ) ) ;
#2083 = CARTESIAN_POINT ( 'NONE',  ( 4.812500000000003553, -6.500000000000000000, 0.5312500000000011102 ) ) ;
#2084 = VECTOR ( 'NONE', #1103, 39.37007874015748143 ) ;
#2085 = MECHANICAL_DESIGN_GEOMETRIC_PRESENTATION_REPRESENTATION (  '', ( #1701 ), #1947 ) ;
#2086 = ORIENTED_EDGE ( 'NONE', *, *, #4328, .F. ) ;
#2087 = CARTESIAN_POINT ( 'NONE',  ( -10.06250000000000355, -25.00000000000000000, -15.25000000000000000 ) ) ;
#2088 = VERTEX_POINT ( 'NONE', #2078 ) ;
#2089 = DIRECTION ( 'NONE',  ( -1.000000000000000000, 0.000000000000000000, -9.106159978880884790E-17 ) ) ;
#2090 = VECTOR ( 'NONE', #82, 39.37007874015748143 ) ;
#2091 = AXIS2_PLACEMENT_3D ( 'NONE', #8162, #1321, #3183 ) ;
#2092 = DIRECTION ( 'NONE',  ( -0.000000000000000000, -4.370956789862822136E-16, -1.000000000000000000 ) ) ;
#2093 = DIRECTION ( 'NONE',  ( 0.000000000000000000, 1.000000000000000000, 0.000000000000000000 ) ) ;
#2094 = EDGE_CURVE ( 'NONE', #842, #361, #4625, .T. ) ;
#2095 = ORIENTED_EDGE ( 'NONE', *, *, #8123, .F. ) ;
#2096 = PRESENTATION_STYLE_ASSIGNMENT (( #6499 ) ) ;
#2097 = ORIENTED_EDGE ( 'NONE', *, *, #1502, .F. ) ;
#2098 = AXIS2_PLACEMENT_3D ( 'NONE', #6710, #316, #1652 ) ;
#2099 = ORIENTED_EDGE ( 'NONE', *, *, #8037, .T. ) ;
#2100 = DIRECTION ( 'NONE',  ( -1.000000000000000000, 0.000000000000000000, -4.370956789862806161E-15 ) ) ;
#2101 = EDGE_CURVE ( 'NONE', #4200, #4904, #873, .T. ) ;
#2102 = LINE ( 'NONE', #4602, #365 ) ;
#2103 = CARTESIAN_POINT ( 'NONE',  ( -9.625000000000003553, -6.500000000000000000, 0.5312499999999992228 ) ) ;
#2104 = ADVANCED_FACE ( 'NONE', ( #4974 ), #1776, .T. ) ;
#2105 = FACE_OUTER_BOUND ( 'NONE', #2549, .T. ) ;
#2106 = CIRCLE ( 'NONE', #5255, 0.4375000000000009992 ) ;
#2107 = LINE ( 'NONE', #6960, #3925 ) ;
#2108 = DIRECTION ( 'NONE',  ( 0.000000000000000000, 1.365923996832132102E-16, -1.000000000000000000 ) ) ;
#2109 = ORIENTED_EDGE ( 'NONE', *, *, #3237, .F. ) ;
#2110 = CARTESIAN_POINT ( 'NONE',  ( 9.156249999999994671, -17.48437500000000000, -16.00000000000000355 ) ) ;
#2111 = CARTESIAN_POINT ( 'NONE',  ( 10.06250000000000355, -14.48437499999999822, -1.187500000000003553 ) ) ;
#2112 = VECTOR ( 'NONE', #6598, 39.37007874015748143 ) ;
#2113 =( LENGTH_UNIT ( ) NAMED_UNIT ( * ) SI_UNIT ( $, .METRE. ) );
#2114 = CARTESIAN_POINT ( 'NONE',  ( 8.656250000000007105, -14.73437499999999645, -0.2187500000000011102 ) ) ;
#2115 =( CONVERSION_BASED_UNIT ( 'INCH', #5237 ) LENGTH_UNIT ( ) NAMED_UNIT ( #1672 ) );
#2116 = CARTESIAN_POINT ( 'NONE',  ( 8.187500000000007105, -17.48437500000000355, -0.2187500000000011102 ) ) ;
#2117 = VECTOR ( 'NONE', #224, 39.37007874015748143 ) ;
#2118 = DIRECTION ( 'NONE',  ( 0.000000000000000000, -0.000000000000000000, 1.000000000000000000 ) ) ;
#2119 = ORIENTED_EDGE ( 'NONE', *, *, #3351, .T. ) ;
#2120 = DIRECTION ( 'NONE',  ( -0.000000000000000000, 0.000000000000000000, -1.000000000000000000 ) ) ;
#2121 = ORIENTED_EDGE ( 'NONE', *, *, #4550, .F. ) ;
#2122 = ADVANCED_FACE ( 'NONE', ( #2258 ), #6880, .T. ) ;
#2123 = LENGTH_MEASURE_WITH_UNIT ( LENGTH_MEASURE( 0.02539999999999999897 ), #6561 );
#2124 = VECTOR ( 'NONE', #3179, 39.37007874015748143 ) ;
#2125 = PRESENTATION_STYLE_ASSIGNMENT (( #7157 ) ) ;
#2126 = CARTESIAN_POINT ( 'NONE',  ( 3.618947742079750010E-17, -3.403519017826102555, 1.031249999999999334 ) ) ;
#2127 = CARTESIAN_POINT ( 'NONE',  ( 9.437500000000001776, -1.499999999999998002, -14.49999999999999822 ) ) ;
#2128 = CARTESIAN_POINT ( 'NONE',  ( -8.468750000000003553, -0.2499999999999997224, -14.53125000000000000 ) ) ;
#2129 = FACE_OUTER_BOUND ( 'NONE', #3436, .T. ) ;
#2130 = VECTOR ( 'NONE', #4465, 39.37007874015748143 ) ;
#2131 = PLANE ( 'NONE',  #5282 ) ;
#2132 = AXIS2_PLACEMENT_3D ( 'NONE', #4088, #6465, #7090 ) ;
#2133 = ADVANCED_FACE ( 'NONE', ( #4758 ), #7284, .T. ) ;
#2134 = ORIENTED_EDGE ( 'NONE', *, *, #7985, .F. ) ;
#2135 = CARTESIAN_POINT ( 'NONE',  ( -8.968750000000000000, -6.031250000000000888, -15.53125000000000000 ) ) ;
#2136 = EDGE_CURVE ( 'NONE', #4261, #7253, #1859, .T. ) ;
#2137 = ORIENTED_EDGE ( 'NONE', *, *, #994, .F. ) ;
#2138 = VECTOR ( 'NONE', #7016, 39.37007874015748143 ) ;
#2139 = CARTESIAN_POINT ( 'NONE',  ( 8.125000000000005329, -6.500000000000000000, 0.5312500000000011102 ) ) ;
#2140 = DIMENSIONAL_EXPONENTS ( 1.000000000000000000, 0.000000000000000000, 0.000000000000000000, 0.000000000000000000, 0.000000000000000000, 0.000000000000000000, 0.000000000000000000 ) ;
#2141 = CARTESIAN_POINT ( 'NONE',  ( 10.06250000000000355, -14.01562499999999822, -15.68750000000000000 ) ) ;
#2142 = ORIENTED_EDGE ( 'NONE', *, *, #3023, .F. ) ;
#2143 = AXIS2_PLACEMENT_3D ( 'NONE', #4692, #4178, #7800 ) ;
#2144 = ORIENTED_EDGE ( 'NONE', *, *, #881, .T. ) ;
#2145 = ORIENTED_EDGE ( 'NONE', *, *, #1054, .T. ) ;
#2146 = CARTESIAN_POINT ( 'NONE',  ( 9.625000000000003553, -6.500000000000000000, 0.5312500000000012212 ) ) ;
#2147 = ADVANCED_FACE ( 'NONE', ( #3061 ), #4282, .T. ) ;
#2148 = DIRECTION ( 'NONE',  ( -1.000000000000000000, 0.000000000000000000, 0.000000000000000000 ) ) ;
#2149 = DIRECTION ( 'NONE',  ( -1.000000000000000000, 0.000000000000000000, -0.000000000000000000 ) ) ;
#2150 = PLANE ( 'NONE',  #1733 ) ;
#2151 = ADVANCED_FACE ( 'NONE', ( #3453 ), #6836, .T. ) ;
#2152 = LINE ( 'NONE', #2061, #6162 ) ;
#2153 = VERTEX_POINT ( 'NONE', #3098 ) ;
#2154 = CARTESIAN_POINT ( 'NONE',  ( 0.000000000000000000, -3.250000000000000000, 1.031249999999999334 ) ) ;
#2155 = VERTEX_POINT ( 'NONE', #1637 ) ;
#2156 = PLANE ( 'NONE',  #5903 ) ;
#2157 = EDGE_CURVE ( 'NONE', #1851, #4343, #7897, .T. ) ;
#2158 = DIRECTION ( 'NONE',  ( 0.000000000000000000, 1.000000000000000000, 0.000000000000000000 ) ) ;
#2159 = CARTESIAN_POINT ( 'NONE',  ( -11.00000000000000000, 0.4687500000000002776, 1.156250000000002442 ) ) ;
#2160 = LINE ( 'NONE', #4056, #1941 ) ;
#2161 = VECTOR ( 'NONE', #4950, 39.37007874015748143 ) ;
#2162 = DIRECTION ( 'NONE',  ( 1.000000000000000000, 0.000000000000000000, 0.000000000000000000 ) ) ;
#2163 = ORIENTED_EDGE ( 'NONE', *, *, #3454, .F. ) ;
#2164 = CARTESIAN_POINT ( 'NONE',  ( 9.437500000000001776, -6.500000000000000000, -16.00000000000000000 ) ) ;
#2165 = EDGE_LOOP ( 'NONE', ( #5475, #6787, #4367, #1696 ) ) ;
#2166 = EDGE_CURVE ( 'NONE', #5934, #1105, #6649, .T. ) ;
#2167 = DIRECTION ( 'NONE',  ( -0.000000000000000000, 1.000000000000000000, -0.000000000000000000 ) ) ;
#2168 = DIRECTION ( 'NONE',  ( 1.000000000000000000, 0.000000000000000000, 0.000000000000000000 ) ) ;
#2169 = LINE ( 'NONE', #4666, #2791 ) ;
#2170 = SURFACE_STYLE_FILL_AREA ( #6522 ) ;
#2171 = FACE_OUTER_BOUND ( 'NONE', #23, .T. ) ;
#2172 = DIRECTION ( 'NONE',  ( 0.000000000000000000, 1.000000000000000000, 0.000000000000000000 ) ) ;
#2173 = CARTESIAN_POINT ( 'NONE',  ( 11.00000000000000000, 2.962114445437663496E-15, 1.156250000000002442 ) ) ;
#2174 = DIRECTION ( 'NONE',  ( -0.000000000000000000, 1.000000000000000000, 0.000000000000000000 ) ) ;
#2175 = ORIENTED_EDGE ( 'NONE', *, *, #5240, .T. ) ;
#2176 = ORIENTED_EDGE ( 'NONE', *, *, #1544, .F. ) ;
#2177 = CARTESIAN_POINT ( 'NONE',  ( -9.312500000000001776, -6.500000000000000000, -7.937499999999999112 ) ) ;
#2178 = LINE ( 'NONE', #6405, #7777 ) ;
#2179 = EDGE_LOOP ( 'NONE', ( #4061, #2604, #3823, #3253 ) ) ;
#2180 = EDGE_CURVE ( 'NONE', #1120, #7169, #5949, .T. ) ;
#2181 = ORIENTED_EDGE ( 'NONE', *, *, #3777, .T. ) ;
#2182 = ORIENTED_EDGE ( 'NONE', *, *, #1310, .F. ) ;
#2183 = DIRECTION ( 'NONE',  ( 0.000000000000000000, 1.000000000000000000, 0.000000000000000000 ) ) ;
#2184 = CARTESIAN_POINT ( 'NONE',  ( 9.437500000000003553, 0.000000000000000000, -11.18750000000000000 ) ) ;
#2185 = CARTESIAN_POINT ( 'NONE',  ( -9.437500000000003553, -6.500000000000000000, -11.31249999999999822 ) ) ;
#2186 = PLANE ( 'NONE',  #3727 ) ;
#2187 = CARTESIAN_POINT ( 'NONE',  ( 10.06250000000000355, -25.00000000000000000, -0.7500000000000033307 ) ) ;
#2188 = EDGE_CURVE ( 'NONE', #3896, #3403, #1198, .T. ) ;
#2189 = DIMENSIONAL_EXPONENTS ( 1.000000000000000000, 0.000000000000000000, 0.000000000000000000, 0.000000000000000000, 0.000000000000000000, 0.000000000000000000, 0.000000000000000000 ) ;
#2190 = FACE_OUTER_BOUND ( 'NONE', #5160, .T. ) ;
#2191 = ORIENTED_EDGE ( 'NONE', *, *, #6806, .T. ) ;
#2192 = CARTESIAN_POINT ( 'NONE',  ( -8.187500000000003553, -25.00000000000000000, -14.78125000000000178 ) ) ;
#2193 = ORIENTED_EDGE ( 'NONE', *, *, #186, .T. ) ;
#2194 = CARTESIAN_POINT ( 'NONE',  ( -9.437500000000001776, -5.000000000000000000, -14.49999999999999822 ) ) ;
#2195 = EDGE_LOOP ( 'NONE', ( #7664, #7426, #1290, #2264 ) ) ;
#2196 = CARTESIAN_POINT ( 'NONE',  ( 8.468750000000003553, -0.2499999999999997224, -15.00000000000000000 ) ) ;
#2197 = CARTESIAN_POINT ( 'NONE',  ( -9.625000000000001776, -14.48437499999999822, 0.000000000000000000 ) ) ;
#2198 = VECTOR ( 'NONE', #7816, 39.37007874015748143 ) ;
#2199 = UNCERTAINTY_MEASURE_WITH_UNIT (LENGTH_MEASURE( 1.000000000000000082E-05 ), #7330, 'distance_accuracy_value', 'NONE');
#2200 = SURFACE_STYLE_FILL_AREA ( #5982 ) ;
#2201 = ADVANCED_FACE ( 'NONE', ( #2210 ), #2920, .T. ) ;
#2202 = CARTESIAN_POINT ( 'NONE',  ( -9.312500000000001776, 0.000000000000000000, -11.18750000000000000 ) ) ;
#2203 = VERTEX_POINT ( 'NONE', #7429 ) ;
#2204 = CARTESIAN_POINT ( 'NONE',  ( 9.156249999999994671, -17.48437500000000000, -16.00000000000000355 ) ) ;
#2205 = VERTEX_POINT ( 'NONE', #2475 ) ;
#2206 = DIRECTION ( 'NONE',  ( 0.000000000000000000, 1.000000000000000000, 0.000000000000000000 ) ) ;
#2207 = VECTOR ( 'NONE', #2340, 39.37007874015748143 ) ;
#2208 = EDGE_CURVE ( 'NONE', #1588, #5623, #5521, .T. ) ;
#2209 =( CONVERSION_BASED_UNIT ( 'INCH', #2707 ) LENGTH_UNIT ( ) NAMED_UNIT ( #7250 ) );
#2210 = FACE_OUTER_BOUND ( 'NONE', #2351, .T. ) ;
#2211 = LINE ( 'NONE', #6650, #8073 ) ;
#2212 = EDGE_CURVE ( 'NONE', #4783, #7445, #8076, .T. ) ;
#2213 = MECHANICAL_DESIGN_GEOMETRIC_PRESENTATION_REPRESENTATION (  '', ( #7865 ), #349 ) ;
#2214 = CARTESIAN_POINT ( 'NONE',  ( -4.812500000000004441, -6.500000000000000000, 0.4062500000000005551 ) ) ;
#2215 = DIRECTION ( 'NONE',  ( 0.000000000000000000, -0.000000000000000000, -1.000000000000000000 ) ) ;
#2216 = VECTOR ( 'NONE', #5196, 39.37007874015748143 ) ;
#2217 = ORIENTED_EDGE ( 'NONE', *, *, #2602, .T. ) ;
#2218 = STYLED_ITEM ( 'NONE', ( #1537 ), #1081 ) ;
#2219 = LINE ( 'NONE', #389, #7768 ) ;
#2220 = DIRECTION ( 'NONE',  ( 0.000000000000000000, 1.000000000000000000, 0.000000000000000000 ) ) ;
#2221 = ORIENTED_EDGE ( 'NONE', *, *, #659, .T. ) ;
#2222 = AXIS2_PLACEMENT_3D ( 'NONE', #6217, #565, #3099 ) ;
#2223 = COLOUR_RGB ( '',0.5294117647058823595, 0.2627450980392156965, 0.06274509803921568540 ) ;
#2224 = PLANE ( 'NONE',  #2267 ) ;
#2225 = EDGE_LOOP ( 'NONE', ( #4662, #6583, #3206, #1984 ) ) ;
#2226 = VERTEX_POINT ( 'NONE', #4317 ) ;
#2227 = DIRECTION ( 'NONE',  ( 0.000000000000000000, 0.000000000000000000, 1.000000000000000000 ) ) ;
#2228 = CIRCLE ( 'NONE', #1706, 0.1535190178261026106 ) ;
#2229 = LINE ( 'NONE', #4809, #343 ) ;
#2230 = ADVANCED_FACE ( 'NONE', ( #4714 ), #7240, .T. ) ;
#2231 = DIRECTION ( 'NONE',  ( -0.000000000000000000, 1.000000000000000000, -0.000000000000000000 ) ) ;
#2232 = CARTESIAN_POINT ( 'NONE',  ( -9.437500000000001776, -6.500000000000000000, 0.000000000000000000 ) ) ;
#2233 = CARTESIAN_POINT ( 'NONE',  ( -9.625000000000003553, 0.000000000000000000, -14.49999999999999822 ) ) ;
#2234 = AXIS2_PLACEMENT_3D ( 'NONE', #1782, #7435, #1283 ) ;
#2235 = AXIS2_PLACEMENT_3D ( 'NONE', #5274, #3222, #5229 ) ;
#2236 = PLANE ( 'NONE',  #8155 ) ;
#2237 = ORIENTED_EDGE ( 'NONE', *, *, #1995, .F. ) ;
#2238 = DIRECTION ( 'NONE',  ( 1.000000000000000000, 0.000000000000000000, 0.000000000000000000 ) ) ;
#2239 = EDGE_LOOP ( 'NONE', ( #1911, #6327, #2423, #2682 ) ) ;
#2240 = CARTESIAN_POINT ( 'NONE',  ( 9.437500000000001776, 0.000000000000000000, -16.00000000000000000 ) ) ;
#2241 = VERTEX_POINT ( 'NONE', #6216 ) ;
#2242 = CARTESIAN_POINT ( 'NONE',  ( 10.06250000000000355, -25.00000000000000000, -15.25000000000000000 ) ) ;
#2243 = CARTESIAN_POINT ( 'NONE',  ( -8.000000000000003553, -5.781250000000000000, -14.78125000000000178 ) ) ;
#2244 = EDGE_CURVE ( 'NONE', #3917, #3535, #5988, .T. ) ;
#2245 = COLOUR_RGB ( '',0.5294117647058823595, 0.2627450980392156965, 0.06274509803921568540 ) ;
#2246 =( LENGTH_UNIT ( ) NAMED_UNIT ( * ) SI_UNIT ( $, .METRE. ) );
#2247 = CARTESIAN_POINT ( 'NONE',  ( 9.437500000000003553, -6.500000000000000000, -11.31249999999999822 ) ) ;
#2248 = VERTEX_POINT ( 'NONE', #4482 ) ;
#2249 = CARTESIAN_POINT ( 'NONE',  ( 9.625000000000003553, 2.296212748401287578E-15, -14.49999999999999822 ) ) ;
#2250 = PRESENTATION_LAYER_ASSIGNMENT (  '', '', ( #1311 ) ) ;
#2251 = ORIENTED_EDGE ( 'NONE', *, *, #1936, .F. ) ;
#2252 = LINE ( 'NONE', #7397, #3459 ) ;
#2253 = EDGE_CURVE ( 'NONE', #7169, #6407, #601, .T. ) ;
#2254 = DIRECTION ( 'NONE',  ( -1.000000000000000000, -3.265724797726251389E-16, 0.000000000000000000 ) ) ;
#2255 = AXIS2_PLACEMENT_3D ( 'NONE', #797, #2680, #2804 ) ;
#2256 =( LENGTH_UNIT ( ) NAMED_UNIT ( * ) SI_UNIT ( $, .METRE. ) );
#2257 =( GEOMETRIC_REPRESENTATION_CONTEXT ( 3 ) GLOBAL_UNCERTAINTY_ASSIGNED_CONTEXT ( ( #4102 ) ) GLOBAL_UNIT_ASSIGNED_CONTEXT ( ( #244, #907, #2611 ) ) REPRESENTATION_CONTEXT ( 'NONE', 'WORKASPACE' ) );
#2258 = FACE_OUTER_BOUND ( 'NONE', #3523, .T. ) ;
#2259 = CARTESIAN_POINT ( 'NONE',  ( 9.437500000000003553, -6.500000000000000000, -7.937499999999999112 ) ) ;
#2260 = DIRECTION ( 'NONE',  ( 1.000000000000000000, 1.456985596620922437E-15, 0.000000000000000000 ) ) ;
#2261 = EDGE_CURVE ( 'NONE', #2241, #1803, #6298, .T. ) ;
#2262 = DIRECTION ( 'NONE',  ( 0.000000000000000000, -1.000000000000000000, 0.000000000000000000 ) ) ;
#2263 = VECTOR ( 'NONE', #8023, 39.37007874015748143 ) ;
#2264 = ORIENTED_EDGE ( 'NONE', *, *, #7012, .T. ) ;
#2265 =( LENGTH_UNIT ( ) NAMED_UNIT ( * ) SI_UNIT ( $, .METRE. ) );
#2266 = EDGE_CURVE ( 'NONE', #1668, #7144, #3914, .T. ) ;
#2267 = AXIS2_PLACEMENT_3D ( 'NONE', #1017, #3505, #4882 ) ;
#2268 = CARTESIAN_POINT ( 'NONE',  ( -4.812500000000004441, 0.000000000000000000, 0.4062500000000005551 ) ) ;
#2269 = CARTESIAN_POINT ( 'NONE',  ( 10.06250000000000355, -25.00000000000000000, -14.81249999999999822 ) ) ;
#2270 = ORIENTED_EDGE ( 'NONE', *, *, #7793, .F. ) ;
#2271 = AXIS2_PLACEMENT_3D ( 'NONE', #5558, #3494, #3716 ) ;
#2272 = CARTESIAN_POINT ( 'NONE',  ( 8.468750000000003553, -0.2499999999999997224, -15.00000000000000000 ) ) ;
#2273 = FILL_AREA_STYLE ('',( #7909 ) ) ;
#2274 = ORIENTED_EDGE ( 'NONE', *, *, #1098, .F. ) ;
#2275 = VECTOR ( 'NONE', #5642, 39.37007874015748143 ) ;
#2276 = EDGE_LOOP ( 'NONE', ( #2567, #6891 ) ) ;
#2277 = DIRECTION ( 'NONE',  ( 0.000000000000000000, 0.000000000000000000, 1.000000000000000000 ) ) ;
#2278 = ADVANCED_FACE ( 'NONE', ( #6419 ), #766, .T. ) ;
#2279 = ORIENTED_EDGE ( 'NONE', *, *, #2244, .F. ) ;
#2280 = CARTESIAN_POINT ( 'NONE',  ( 8.125000000000005329, 0.000000000000000000, 0.5312500000000011102 ) ) ;
#2281 = PLANE ( 'NONE',  #3142 ) ;
#2282 = DIRECTION ( 'NONE',  ( -1.000000000000000000, -3.265724797726251389E-16, 0.000000000000000000 ) ) ;
#2283 = FACE_OUTER_BOUND ( 'NONE', #2165, .T. ) ;
#2284 = VECTOR ( 'NONE', #5684, 39.37007874015748143 ) ;
#2285 = CARTESIAN_POINT ( 'NONE',  ( -8.187500000000003553, -17.48437499999999645, -14.78125000000000178 ) ) ;
#2286 = ORIENTED_EDGE ( 'NONE', *, *, #7647, .F. ) ;
#2287 = DIRECTION ( 'NONE',  ( -0.000000000000000000, 1.000000000000000000, 0.000000000000000000 ) ) ;
#2288 = DIRECTION ( 'NONE',  ( -0.000000000000000000, 1.000000000000000000, -0.000000000000000000 ) ) ;
#2289 = ORIENTED_EDGE ( 'NONE', *, *, #5753, .F. ) ;
#2290 = VECTOR ( 'NONE', #2646, 39.37007874015748143 ) ;
#2291 = CYLINDRICAL_SURFACE ( 'NONE', #5650, 0.4375000000000009992 ) ;
#2292 = VECTOR ( 'NONE', #1104, 39.37007874015748143 ) ;
#2293 =( CONVERSION_BASED_UNIT ( 'INCH', #6835 ) LENGTH_UNIT ( ) NAMED_UNIT ( #2189 ) );
#2294 = UNCERTAINTY_MEASURE_WITH_UNIT (LENGTH_MEASURE( 1.000000000000000082E-05 ), #4643, 'distance_accuracy_value', 'NONE');
#2295 = DIRECTION ( 'NONE',  ( -0.000000000000000000, 1.000000000000000000, 0.000000000000000000 ) ) ;
#2296 = AXIS2_PLACEMENT_3D ( 'NONE', #1488, #7710, #2149 ) ;
#2297 = ADVANCED_FACE ( 'NONE', ( #1276 ), #158, .T. ) ;
#2298 = VERTEX_POINT ( 'NONE', #75 ) ;
#2299 = DIRECTION ( 'NONE',  ( 0.000000000000000000, 0.000000000000000000, 1.000000000000000000 ) ) ;
#2300 = ORIENTED_EDGE ( 'NONE', *, *, #229, .F. ) ;
#2301 = FACE_OUTER_BOUND ( 'NONE', #1556, .T. ) ;
#2302 = AXIS2_PLACEMENT_3D ( 'NONE', #146, #2845, #189 ) ;
#2303 = LINE ( 'NONE', #1636, #4947 ) ;
#2304 = DIRECTION ( 'NONE',  ( 0.000000000000000000, -1.000000000000000000, 0.000000000000000000 ) ) ;
#2305 = DIRECTION ( 'NONE',  ( 0.000000000000000000, 0.000000000000000000, 1.000000000000000000 ) ) ;
#2306 = EDGE_CURVE ( 'NONE', #6667, #5109, #2523, .T. ) ;
#2307 = DIRECTION ( 'NONE',  ( 0.000000000000000000, 1.000000000000000000, 0.000000000000000000 ) ) ;
#2308 = EDGE_LOOP ( 'NONE', ( #2841, #5581, #1568, #4594 ) ) ;
#2309 = DIMENSIONAL_EXPONENTS ( 1.000000000000000000, 0.000000000000000000, 0.000000000000000000, 0.000000000000000000, 0.000000000000000000, 0.000000000000000000, 0.000000000000000000 ) ;
#2310 = PLANE ( 'NONE',  #5128 ) ;
#2311 = DIRECTION ( 'NONE',  ( -0.000000000000000000, -0.000000000000000000, 1.000000000000000000 ) ) ;
#2312 = ORIENTED_EDGE ( 'NONE', *, *, #1638, .F. ) ;
#2313 =( NAMED_UNIT ( * ) PLANE_ANGLE_UNIT ( ) SI_UNIT ( $, .RADIAN. ) );
#2314 = EDGE_CURVE ( 'NONE', #3120, #5840, #5759, .T. ) ;
#2315 = VERTEX_POINT ( 'NONE', #2562 ) ;
#2316 = DIRECTION ( 'NONE',  ( -1.000000000000000000, -0.000000000000000000, -0.000000000000000000 ) ) ;
#2317 = LINE ( 'NONE', #7957, #3772 ) ;
#2318 =( LENGTH_UNIT ( ) NAMED_UNIT ( * ) SI_UNIT ( $, .METRE. ) );
#2319 = CARTESIAN_POINT ( 'NONE',  ( -8.125000000000003553, -5.000000000000000000, 0.7187499999999992228 ) ) ;
#2320 = ORIENTED_EDGE ( 'NONE', *, *, #2919, .F. ) ;
#2321 = EDGE_CURVE ( 'NONE', #6709, #4410, #1933, .T. ) ;
#2322 = DIRECTION ( 'NONE',  ( 0.000000000000000000, -1.000000000000000000, -0.000000000000000000 ) ) ;
#2323 = ORIENTED_EDGE ( 'NONE', *, *, #610, .T. ) ;
#2324 = LINE ( 'NONE', #241, #7802 ) ;
#2325 = CARTESIAN_POINT ( 'NONE',  ( 8.968750000000000000, -6.500000000000000000, 0.000000000000000000 ) ) ;
#2326 = ORIENTED_EDGE ( 'NONE', *, *, #2392, .T. ) ;
#2327 = CARTESIAN_POINT ( 'NONE',  ( -9.625000000000001776, -17.48437500000000000, 0.000000000000000000 ) ) ;
#2328 = SURFACE_STYLE_FILL_AREA ( #4255 ) ;
#2329 = CARTESIAN_POINT ( 'NONE',  ( -8.125000000000003553, -6.500000000000000000, 0.7187499999999992228 ) ) ;
#2330 = LINE ( 'NONE', #7351, #103 ) ;
#2331 = ORIENTED_EDGE ( 'NONE', *, *, #6558, .T. ) ;
#2332 = DIRECTION ( 'NONE',  ( 0.000000000000000000, -1.000000000000000000, -0.000000000000000000 ) ) ;
#2333 = ORIENTED_EDGE ( 'NONE', *, *, #4638, .F. ) ;
#2334 = DIRECTION ( 'NONE',  ( 0.000000000000000000, -0.000000000000000000, 1.000000000000000000 ) ) ;
#2335 = AXIS2_PLACEMENT_3D ( 'NONE', #5117, #7530, #7648 ) ;
#2336 = APPLICATION_PROTOCOL_DEFINITION ( 'draft international standard', 'automotive_design', 1998, #7080 ) ;
#2337 = PLANE ( 'NONE',  #5742 ) ;
#2338 = EDGE_CURVE ( 'NONE', #5123, #4956, #5022, .T. ) ;
#2339 = SURFACE_STYLE_USAGE ( .BOTH. , #6770 ) ;
#2340 = DIRECTION ( 'NONE',  ( 0.000000000000000000, 1.000000000000000000, 0.000000000000000000 ) ) ;
#2341 = CIRCLE ( 'NONE', #5872, 0.4375000000000003331 ) ;
#2342 = LINE ( 'NONE', #3808, #3981 ) ;
#2343 = ORIENTED_EDGE ( 'NONE', *, *, #7977, .T. ) ;
#2344 = EDGE_CURVE ( 'NONE', #5942, #4412, #8160, .T. ) ;
#2345 = AXIS2_PLACEMENT_3D ( 'NONE', #3575, #4867, #423 ) ;
#2346 = DIRECTION ( 'NONE',  ( 0.000000000000000000, 0.000000000000000000, -1.000000000000000000 ) ) ;
#2347 = CARTESIAN_POINT ( 'NONE',  ( 9.312500000000001776, -6.500000000000000000, -11.18750000000000000 ) ) ;
#2348 = CARTESIAN_POINT ( 'NONE',  ( -8.125000000000003553, -6.500000000000000000, 0.5312499999999992228 ) ) ;
#2349 = EDGE_LOOP ( 'NONE', ( #2810, #5440, #2944, #916 ) ) ;
#2350 = CARTESIAN_POINT ( 'NONE',  ( 0.000000000000000000, -5.781250000000000000, -14.78125000000000355 ) ) ;
#2351 = EDGE_LOOP ( 'NONE', ( #2320, #1392, #6239, #5026 ) ) ;
#2352 = PLANE ( 'NONE',  #5111 ) ;
#2353 = ORIENTED_EDGE ( 'NONE', *, *, #5929, .T. ) ;
#2354 = DIRECTION ( 'NONE',  ( 0.000000000000000000, -1.000000000000000000, 0.000000000000000000 ) ) ;
#2355 = EDGE_CURVE ( 'NONE', #1730, #7552, #3837, .T. ) ;
#2356 = AXIS2_PLACEMENT_3D ( 'NONE', #6926, #2571, #612 ) ;
#2357 = FACE_OUTER_BOUND ( 'NONE', #7036, .T. ) ;
#2358 = CARTESIAN_POINT ( 'NONE',  ( 9.437500000000003553, -4.999999999999998224, -14.49999999999999822 ) ) ;
#2359 = ORIENTED_EDGE ( 'NONE', *, *, #4073, .T. ) ;
#2360 = ADVANCED_FACE ( 'NONE', ( #6340 ), #6378, .T. ) ;
#2361 = ORIENTED_EDGE ( 'NONE', *, *, #5561, .T. ) ;
#2362 = CARTESIAN_POINT ( 'NONE',  ( -8.968750000000000000, -6.500000000000000000, 0.000000000000000000 ) ) ;
#2363 = AXIS2_PLACEMENT_3D ( 'NONE', #1934, #4484, #2648 ) ;
#2364 = CARTESIAN_POINT ( 'NONE',  ( -8.125000000000003553, -2.296212748401277249E-17, 0.7187499999999992228 ) ) ;
#2365 = ORIENTED_EDGE ( 'NONE', *, *, #6908, .T. ) ;
#2366 = ADVANCED_FACE ( 'NONE', ( #6916 ), #2647, .T. ) ;
#2367 = DIRECTION ( 'NONE',  ( -1.000000000000000000, -0.000000000000000000, -0.000000000000000000 ) ) ;
#2368 = AXIS2_PLACEMENT_3D ( 'NONE', #606, #6843, #8169 ) ;
#2369 = AXIS2_PLACEMENT_3D ( 'NONE', #5682, #1815, #5023 ) ;
#2370 = CARTESIAN_POINT ( 'NONE',  ( 9.312500000000001776, -6.500000000000000000, -7.937499999999999112 ) ) ;
#2371 = ORIENTED_EDGE ( 'NONE', *, *, #3618, .T. ) ;
#2372 = CARTESIAN_POINT ( 'NONE',  ( -9.312500000000003553, 0.000000000000000000, -4.812499999999999112 ) ) ;
#2373 = ORIENTED_EDGE ( 'NONE', *, *, #7647, .T. ) ;
#2374 = LINE ( 'NONE', #1749, #4318 ) ;
#2375 = CIRCLE ( 'NONE', #4851, 0.4375000000000009992 ) ;
#2376 = CARTESIAN_POINT ( 'NONE',  ( 9.625000000000001776, -17.48437500000000000, -7.054648118203949797E-15 ) ) ;
#2377 = DIRECTION ( 'NONE',  ( 0.000000000000000000, 1.000000000000000000, 1.365923996832131856E-16 ) ) ;
#2378 = FACE_OUTER_BOUND ( 'NONE', #3880, .T. ) ;
#2379 = CARTESIAN_POINT ( 'NONE',  ( 8.968750000000000000, -6.500000000000000000, -15.53125000000000000 ) ) ;
#2380 = DIRECTION ( 'NONE',  ( 0.000000000000000000, -1.000000000000000000, 0.000000000000000000 ) ) ;
#2381 = EDGE_CURVE ( 'NONE', #68, #7030, #6958, .T. ) ;
#2382 = AXIS2_PLACEMENT_3D ( 'NONE', #7191, #2749, #3406 ) ;
#2383 = VERTEX_POINT ( 'NONE', #3220 ) ;
#2384 = CARTESIAN_POINT ( 'NONE',  ( -8.000000000000003553, -5.781250000000000000, -14.78125000000000178 ) ) ;
#2385 = CARTESIAN_POINT ( 'NONE',  ( 8.187500000000007105, -17.48437500000000000, -0.4687500000000009992 ) ) ;
#2386 = FACE_OUTER_BOUND ( 'NONE', #6573, .T. ) ;
#2387 = ORIENTED_EDGE ( 'NONE', *, *, #6497, .F. ) ;
#2388 =( LENGTH_UNIT ( ) NAMED_UNIT ( * ) SI_UNIT ( $, .METRE. ) );
#2389 = CARTESIAN_POINT ( 'NONE',  ( 0.000000000000000000, -0.2499999999999997224, 0.000000000000000000 ) ) ;
#2390 = CIRCLE ( 'NONE', #8167, 0.4375000000000002776 ) ;
#2391 = EDGE_CURVE ( 'NONE', #2528, #2572, #5719, .T. ) ;
#2392 = EDGE_CURVE ( 'NONE', #5554, #2724, #5095, .T. ) ;
#2393 = ORIENTED_EDGE ( 'NONE', *, *, #7341, .F. ) ;
#2394 = CARTESIAN_POINT ( 'NONE',  ( -4.812500000000003553, 0.000000000000000000, 0.5312500000000011102 ) ) ;
#2395 = DIRECTION ( 'NONE',  ( 0.000000000000000000, 0.000000000000000000, -1.000000000000000000 ) ) ;
#2396 = PLANE ( 'NONE',  #1754 ) ;
#2397 = ORIENTED_EDGE ( 'NONE', *, *, #5534, .F. ) ;
#2398 = EDGE_CURVE ( 'NONE', #2746, #5157, #3877, .T. ) ;
#2399 = VERTEX_POINT ( 'NONE', #2233 ) ;
#2400 = CARTESIAN_POINT ( 'NONE',  ( -10.06250000000000355, 0.2500000000000000000, -0.3125000000000031086 ) ) ;
#2401 = VECTOR ( 'NONE', #2854, 39.37007874015748143 ) ;
#2402 = CARTESIAN_POINT ( 'NONE',  ( -8.187500000000003553, -25.00000000000000000, -14.78125000000000178 ) ) ;
#2403 = ORIENTED_EDGE ( 'NONE', *, *, #4687, .F. ) ;
#2404 = AXIS2_PLACEMENT_3D ( 'NONE', #5443, #2287, #6547 ) ;
#2405 = LINE ( 'NONE', #6174, #7600 ) ;
#2406 = CARTESIAN_POINT ( 'NONE',  ( -9.437500000000001776, -6.500000000000000000, 0.000000000000000000 ) ) ;
#2407 = FACE_OUTER_BOUND ( 'NONE', #4173, .T. ) ;
#2408 = ADVANCED_FACE ( 'NONE', ( #358 ), #5313, .T. ) ;
#2409 = ORIENTED_EDGE ( 'NONE', *, *, #769, .F. ) ;
#2410 = DIRECTION ( 'NONE',  ( -1.000000000000000000, 0.000000000000000000, 0.000000000000000000 ) ) ;
#2411 = ORIENTED_EDGE ( 'NONE', *, *, #4798, .T. ) ;
#2412 = DIRECTION ( 'NONE',  ( -0.000000000000000000, 1.000000000000000000, -0.000000000000000000 ) ) ;
#2413 = FILL_AREA_STYLE_COLOUR ( '', #5396 ) ;
#2414 = CARTESIAN_POINT ( 'NONE',  ( 9.625000000000003553, 0.000000000000000000, 0.5312500000000012212 ) ) ;
#2415 = SURFACE_SIDE_STYLE ('',( #3 ) ) ;
#2416 = EDGE_CURVE ( 'NONE', #505, #5157, #5273, .T. ) ;
#2417 = DIRECTION ( 'NONE',  ( 0.000000000000000000, 0.000000000000000000, -1.000000000000000000 ) ) ;
#2418 = ORIENTED_EDGE ( 'NONE', *, *, #5192, .T. ) ;
#2419 = MECHANICAL_DESIGN_GEOMETRIC_PRESENTATION_REPRESENTATION (  '', ( #4003 ), #1499 ) ;
#2420 = ORIENTED_EDGE ( 'NONE', *, *, #3137, .T. ) ;
#2421 = DIRECTION ( 'NONE',  ( 0.000000000000000000, -1.000000000000000000, 0.000000000000000000 ) ) ;
#2422 = DIRECTION ( 'NONE',  ( 1.000000000000000000, 0.000000000000000000, -1.500757696090239076E-16 ) ) ;
#2423 = ORIENTED_EDGE ( 'NONE', *, *, #1153, .T. ) ;
#2424 = AXIS2_PLACEMENT_3D ( 'NONE', #5039, #7562, #1881 ) ;
#2425 = DIRECTION ( 'NONE',  ( 0.000000000000000000, 0.000000000000000000, 1.000000000000000000 ) ) ;
#2426 = VERTEX_POINT ( 'NONE', #5352 ) ;
#2427 = DIRECTION ( 'NONE',  ( 0.000000000000000000, 1.000000000000000000, 0.000000000000000000 ) ) ;
#2428 = LINE ( 'NONE', #1025, #2613 ) ;
#2429 = FACE_OUTER_BOUND ( 'NONE', #5018, .T. ) ;
#2430 = ADVANCED_FACE ( 'NONE', ( #4688 ), #4136, .T. ) ;
#2431 = ORIENTED_EDGE ( 'NONE', *, *, #6497, .T. ) ;
#2432 = ORIENTED_EDGE ( 'NONE', *, *, #4580, .T. ) ;
#2433 = CYLINDRICAL_SURFACE ( 'NONE', #150, 0.4375000000000002776 ) ;
#2434 = DIRECTION ( 'NONE',  ( -0.000000000000000000, 1.000000000000000000, -0.000000000000000000 ) ) ;
#2435 = ORIENTED_EDGE ( 'NONE', *, *, #5980, .T. ) ;
#2436 =( LENGTH_UNIT ( ) NAMED_UNIT ( * ) SI_UNIT ( $, .METRE. ) );
#2437 = ADVANCED_FACE ( 'NONE', ( #5395 ), #7136, .F. ) ;
#2438 = CARTESIAN_POINT ( 'NONE',  ( 8.656250000000005329, -17.48437499999999645, -14.78125000000000355 ) ) ;
#2439 = LINE ( 'NONE', #6881, #3794 ) ;
#2440 = LINE ( 'NONE', #7548, #238 ) ;
#2441 = ORIENTED_EDGE ( 'NONE', *, *, #1968, .F. ) ;
#2442 = CARTESIAN_POINT ( 'NONE',  ( -9.312500000000003553, -6.500000000000000000, -8.062499999999998224 ) ) ;
#2443 = ORIENTED_EDGE ( 'NONE', *, *, #823, .F. ) ;
#2444 = DIRECTION ( 'NONE',  ( 0.000000000000000000, -2.823785185758733378E-16, 1.000000000000000000 ) ) ;
#2445 = SURFACE_SIDE_STYLE ('',( #4326 ) ) ;
#2446 = DIRECTION ( 'NONE',  ( 0.000000000000000000, -1.000000000000000000, 0.000000000000000000 ) ) ;
#2447 = EDGE_CURVE ( 'NONE', #913, #4607, #2900, .T. ) ;
#2448 = DIRECTION ( 'NONE',  ( 0.000000000000000000, 0.000000000000000000, -1.000000000000000000 ) ) ;
#2449 = ORIENTED_EDGE ( 'NONE', *, *, #3038, .F. ) ;
#2450 = ADVANCED_FACE ( 'NONE', ( #7174 ), #5844, .T. ) ;
#2451 = ORIENTED_EDGE ( 'NONE', *, *, #1797, .T. ) ;
#2452 = ADVANCED_FACE ( 'NONE', ( #3388 ), #2150, .F. ) ;
#2453 = CARTESIAN_POINT ( 'NONE',  ( -9.625000000000003553, 0.000000000000000000, 0.7187499999999992228 ) ) ;
#2454 = LINE ( 'NONE', #3695, #5602 ) ;
#2455 = CARTESIAN_POINT ( 'NONE',  ( -8.656250000000005329, -17.48437499999999645, -14.53125000000000000 ) ) ;
#2456 = DIRECTION ( 'NONE',  ( 1.000000000000000000, 0.000000000000000000, -1.224795318192648873E-16 ) ) ;
#2457 = VERTEX_POINT ( 'NONE', #2815 ) ;
#2458 = CARTESIAN_POINT ( 'NONE',  ( -8.000000000000001776, -0.2499999999999997224, 1.195475361330003018E-15 ) ) ;
#2459 = VECTOR ( 'NONE', #3484, 39.37007874015748143 ) ;
#2460 = ORIENTED_EDGE ( 'NONE', *, *, #812, .F. ) ;
#2461 = PLANE ( 'NONE',  #1275 ) ;
#2462 = CARTESIAN_POINT ( 'NONE',  ( -9.437500000000001776, 0.000000000000000000, -1.500000000000000222 ) ) ;
#2463 = DIRECTION ( 'NONE',  ( 0.000000000000000000, 1.000000000000000000, 0.000000000000000000 ) ) ;
#2464 = ORIENTED_EDGE ( 'NONE', *, *, #2034, .F. ) ;
#2465 = VECTOR ( 'NONE', #787, 39.37007874015748143 ) ;
#2466 = EDGE_LOOP ( 'NONE', ( #570, #6356, #1313, #3425 ) ) ;
#2467 = LINE ( 'NONE', #6209, #6995 ) ;
#2468 = EDGE_LOOP ( 'NONE', ( #6207, #6723, #3365, #1793 ) ) ;
#2469 = DIRECTION ( 'NONE',  ( 0.000000000000000000, 0.000000000000000000, 1.000000000000000000 ) ) ;
#2470 = ADVANCED_FACE ( 'NONE', ( #2105 ), #1489, .T. ) ;
#2471 = ORIENTED_EDGE ( 'NONE', *, *, #983, .F. ) ;
#2472 = VECTOR ( 'NONE', #995, 39.37007874015748143 ) ;
#2473 = DIRECTION ( 'NONE',  ( 1.407149067159057885E-16, 0.000000000000000000, 1.000000000000000000 ) ) ;
#2474 = FILL_AREA_STYLE_COLOUR ( '', #7086 ) ;
#2475 = CARTESIAN_POINT ( 'NONE',  ( 8.000000000000003553, -5.781250000000000000, -14.78125000000000355 ) ) ;
#2476 = DIRECTION ( 'NONE',  ( 0.000000000000000000, -1.000000000000000000, 0.000000000000000000 ) ) ;
#2477 = DIRECTION ( 'NONE',  ( -1.500757696090239076E-16, -0.000000000000000000, -1.000000000000000000 ) ) ;
#2478 = VECTOR ( 'NONE', #4134, 39.37007874015748143 ) ;
#2479 = ORIENTED_EDGE ( 'NONE', *, *, #4062, .T. ) ;
#2480 = DIRECTION ( 'NONE',  ( -1.000000000000000000, 0.000000000000000000, -4.370956789862806161E-15 ) ) ;
#2481 = ORIENTED_EDGE ( 'NONE', *, *, #4804, .F. ) ;
#2482 = CARTESIAN_POINT ( 'NONE',  ( -9.625000000000001776, -5.000000000000000000, -1.500000000000000222 ) ) ;
#2483 = ADVANCED_FACE ( 'NONE', ( #945 ), #5884, .F. ) ;
#2484 = DIRECTION ( 'NONE',  ( -5.827942386483817542E-15, 0.000000000000000000, -1.000000000000000000 ) ) ;
#2485 = VECTOR ( 'NONE', #3608, 39.37007874015748143 ) ;
#2486 = VECTOR ( 'NONE', #4148, 39.37007874015748143 ) ;
#2487 = FACE_OUTER_BOUND ( 'NONE', #3489, .T. ) ;
#2488 = CARTESIAN_POINT ( 'NONE',  ( -8.968750000000000000, -6.031250000000000888, -3.000000000000000444 ) ) ;
#2489 = PLANE ( 'NONE',  #2894 ) ;
#2490 = VERTEX_POINT ( 'NONE', #4604 ) ;
#2491 = LINE ( 'NONE', #4992, #413 ) ;
#2492 = VECTOR ( 'NONE', #5752, 39.37007874015748143 ) ;
#2493 = EDGE_LOOP ( 'NONE', ( #2629, #5736, #636, #7299 ) ) ;
#2494 = EDGE_CURVE ( 'NONE', #3585, #3757, #2774, .T. ) ;
#2495 = VERTEX_POINT ( 'NONE', #4645 ) ;
#2496 = DIRECTION ( 'NONE',  ( -1.000000000000000000, 0.000000000000000000, 0.000000000000000000 ) ) ;
#2497 = AXIS2_PLACEMENT_3D ( 'NONE', #1140, #6863, #6160 ) ;
#2498 = CARTESIAN_POINT ( 'NONE',  ( 9.156249999999998224, -14.48437499999999822, -0.4687500000000068279 ) ) ;
#2499 = FACE_OUTER_BOUND ( 'NONE', #1070, .T. ) ;
#2500 = EDGE_CURVE ( 'NONE', #842, #2088, #6008, .T. ) ;
#2501 = ORIENTED_EDGE ( 'NONE', *, *, #6774, .F. ) ;
#2502 = CARTESIAN_POINT ( 'NONE',  ( -8.000000000000003553, -5.781250000000004441, -14.78125000000000178 ) ) ;
#2503 = CARTESIAN_POINT ( 'NONE',  ( 0.000000000000000000, 0.000000000000000000, -14.49999999999999822 ) ) ;
#2504 = VECTOR ( 'NONE', #5441, 39.37007874015748143 ) ;
#2505 = ADVANCED_FACE ( 'NONE', ( #2283 ), #4731, .F. ) ;
#2506 = PRESENTATION_LAYER_ASSIGNMENT (  '', '', ( #4740 ) ) ;
#2507 = ORIENTED_EDGE ( 'NONE', *, *, #2338, .T. ) ;
#2508 = DIRECTION ( 'NONE',  ( -0.000000000000000000, 1.000000000000000000, -0.000000000000000000 ) ) ;
#2509 = LINE ( 'NONE', #550, #6801 ) ;
#2510 = AXIS2_PLACEMENT_3D ( 'NONE', #91, #2620, #3235 ) ;
#2511 =( NAMED_UNIT ( * ) SI_UNIT ( $, .STERADIAN. ) SOLID_ANGLE_UNIT ( ) );
#2512 = CARTESIAN_POINT ( 'NONE',  ( 9.437500000000003553, -4.999999999999998224, -14.49999999999999822 ) ) ;
#2513 = ORIENTED_EDGE ( 'NONE', *, *, #5530, .F. ) ;
#2514 = EDGE_CURVE ( 'NONE', #1357, #3120, #1528, .T. ) ;
#2515 = VERTEX_POINT ( 'NONE', #6543 ) ;
#2516 = DIRECTION ( 'NONE',  ( 0.000000000000000000, 1.000000000000000000, 0.000000000000000000 ) ) ;
#2517 = EDGE_LOOP ( 'NONE', ( #2119, #2237, #8090, #6883 ) ) ;
#2518 = CARTESIAN_POINT ( 'NONE',  ( 9.437500000000003553, -6.500000000000000000, -11.18750000000000000 ) ) ;
#2519 = AXIS2_PLACEMENT_3D ( 'NONE', #3076, #6812, #7443 ) ;
#2520 = ORIENTED_EDGE ( 'NONE', *, *, #6623, .T. ) ;
#2521 =( NAMED_UNIT ( * ) SI_UNIT ( $, .STERADIAN. ) SOLID_ANGLE_UNIT ( ) );
#2522 = DIRECTION ( 'NONE',  ( -1.000000000000000000, -1.346415657017119838E-16, 0.000000000000000000 ) ) ;
#2523 = LINE ( 'NONE', #3139, #7652 ) ;
#2524 =( GEOMETRIC_REPRESENTATION_CONTEXT ( 3 ) GLOBAL_UNCERTAINTY_ASSIGNED_CONTEXT ( ( #5981 ) ) GLOBAL_UNIT_ASSIGNED_CONTEXT ( ( #5620, #6818, #3164 ) ) REPRESENTATION_CONTEXT ( 'NONE', 'WORKASPACE' ) );
#2525 = FILL_AREA_STYLE_COLOUR ( '', #1814 ) ;
#2526 = VECTOR ( 'NONE', #6521, 39.37007874015748143 ) ;
#2527 = FACE_OUTER_BOUND ( 'NONE', #5653, .T. ) ;
#2528 = VERTEX_POINT ( 'NONE', #3352 ) ;
#2529 = FACE_OUTER_BOUND ( 'NONE', #773, .T. ) ;
#2530 = VERTEX_POINT ( 'NONE', #197 ) ;
#2531 = LINE ( 'NONE', #5529, #4577 ) ;
#2532 = VECTOR ( 'NONE', #7849, 39.37007874015748143 ) ;
#2533 = SURFACE_SIDE_STYLE ('',( #1 ) ) ;
#2534 =( LENGTH_UNIT ( ) NAMED_UNIT ( * ) SI_UNIT ( $, .METRE. ) );
#2535 = EDGE_CURVE ( 'NONE', #7523, #3607, #3434, .T. ) ;
#2536 = AXIS2_PLACEMENT_3D ( 'NONE', #5317, #362, #6592 ) ;
#2537 = ORIENTED_EDGE ( 'NONE', *, *, #3501, .T. ) ;
#2538 = DIRECTION ( 'NONE',  ( 1.407149067159057392E-16, 0.000000000000000000, 1.000000000000000000 ) ) ;
#2539 = EDGE_LOOP ( 'NONE', ( #8056, #1157 ) ) ;
#2540 = VERTEX_POINT ( 'NONE', #7767 ) ;
#2541 = FACE_OUTER_BOUND ( 'NONE', #1270, .T. ) ;
#2542 = VECTOR ( 'NONE', #4087, 39.37007874015748143 ) ;
#2543 = LINE ( 'NONE', #5615, #134 ) ;
#2544 = LINE ( 'NONE', #1956, #2689 ) ;
#2545 = ADVANCED_FACE ( 'NONE', ( #6391 ), #1460, .T. ) ;
#2546 = DIRECTION ( 'NONE',  ( 1.407149067159057392E-16, 0.000000000000000000, 1.000000000000000000 ) ) ;
#2547 = CARTESIAN_POINT ( 'NONE',  ( -9.625000000000003553, -6.500000000000000000, 0.000000000000000000 ) ) ;
#2548 = AXIS2_PLACEMENT_3D ( 'NONE', #4210, #4276, #3668 ) ;
#2549 = EDGE_LOOP ( 'NONE', ( #4787, #5586, #3145, #2373 ) ) ;
#2550 = ORIENTED_EDGE ( 'NONE', *, *, #7699, .T. ) ;
#2551 = CARTESIAN_POINT ( 'NONE',  ( 4.937500000000006217, -6.500000000000000000, 0.5312500000000011102 ) ) ;
#2552 = EDGE_CURVE ( 'NONE', #5528, #4033, #7060, .T. ) ;
#2553 = ORIENTED_EDGE ( 'NONE', *, *, #6366, .F. ) ;
#2554 = VERTEX_POINT ( 'NONE', #7018 ) ;
#2555 = ORIENTED_EDGE ( 'NONE', *, *, #2700, .T. ) ;
#2556 = PLANE ( 'NONE',  #909 ) ;
#2557 = EDGE_CURVE ( 'NONE', #4660, #2850, #7685, .T. ) ;
#2558 = ORIENTED_EDGE ( 'NONE', *, *, #7925, .T. ) ;
#2559 = SURFACE_STYLE_USAGE ( .BOTH. , #1237 ) ;
#2560 = FACE_OUTER_BOUND ( 'NONE', #2607, .T. ) ;
#2561 = EDGE_CURVE ( 'NONE', #3862, #3430, #4663, .T. ) ;
#2562 = CARTESIAN_POINT ( 'NONE',  ( -8.968750000000000000, -6.500000000000000000, -16.00000000000000000 ) ) ;
#2563 = CARTESIAN_POINT ( 'NONE',  ( 9.625000000000003553, -6.500000000000000000, 0.000000000000000000 ) ) ;
#2564 = DIRECTION ( 'NONE',  ( 0.000000000000000000, -0.000000000000000000, 1.000000000000000000 ) ) ;
#2565 = ORIENTED_EDGE ( 'NONE', *, *, #6999, .T. ) ;
#2566 = DIRECTION ( 'NONE',  ( 0.000000000000000000, 0.000000000000000000, 1.000000000000000000 ) ) ;
#2567 = ORIENTED_EDGE ( 'NONE', *, *, #3527, .F. ) ;
#2568 = DIRECTION ( 'NONE',  ( 0.000000000000000000, -1.000000000000000000, -2.823785185758733378E-16 ) ) ;
#2569 = SURFACE_SIDE_STYLE ('',( #7633 ) ) ;
#2570 = EDGE_CURVE ( 'NONE', #5732, #7304, #6517, .T. ) ;
#2571 = DIRECTION ( 'NONE',  ( 0.000000000000000000, 0.000000000000000000, -1.000000000000000000 ) ) ;
#2572 = VERTEX_POINT ( 'NONE', #2033 ) ;
#2573 = CARTESIAN_POINT ( 'NONE',  ( 9.437500000000001776, -6.500000000000000000, -16.00000000000000000 ) ) ;
#2574 = ORIENTED_EDGE ( 'NONE', *, *, #501, .T. ) ;
#2575 = ORIENTED_EDGE ( 'NONE', *, *, #2416, .F. ) ;
#2576 = EDGE_CURVE ( 'NONE', #4139, #3091, #5902, .T. ) ;
#2577 = CARTESIAN_POINT ( 'NONE',  ( -9.312500000000001776, -6.500000000000000000, -11.18750000000000000 ) ) ;
#2578 = LINE ( 'NONE', #5072, #3576 ) ;
#2579 = PRODUCT_DEFINITION_CONTEXT ( 'detailed design', #7080, 'design' ) ;
#2580 = DIRECTION ( 'NONE',  ( -0.000000000000000000, 0.000000000000000000, 1.000000000000000000 ) ) ;
#2581 = LINE ( 'NONE', #5075, #340 ) ;
#2582 = CARTESIAN_POINT ( 'NONE',  ( -9.625000000000001776, -17.48437500000000000, -0.4687500000000009992 ) ) ;
#2583 = DIRECTION ( 'NONE',  ( 0.000000000000000000, 0.000000000000000000, 1.000000000000000000 ) ) ;
#2584 = ORIENTED_EDGE ( 'NONE', *, *, #5217, .F. ) ;
#2585 = SURFACE_SIDE_STYLE ('',( #2630 ) ) ;
#2586 = EDGE_CURVE ( 'NONE', #3439, #3683, #2987, .T. ) ;
#2587 = EDGE_LOOP ( 'NONE', ( #1191, #152, #4781, #6281 ) ) ;
#2588 = CLOSED_SHELL ( 'NONE', ( #6969, #3764, #1837, #6817, #6551, #3193 ) ) ;
#2589 = LINE ( 'NONE', #6905, #1193 ) ;
#2590 = DIRECTION ( 'NONE',  ( 0.000000000000000000, 1.000000000000000000, 0.000000000000000000 ) ) ;
#2591 = VERTEX_POINT ( 'NONE', #7974 ) ;
#2592 = AXIS2_PLACEMENT_3D ( 'NONE', #288, #2825, #7842 ) ;
#2593 = ORIENTED_EDGE ( 'NONE', *, *, #1728, .F. ) ;
#2594 = EDGE_LOOP ( 'NONE', ( #7408, #7384, #3910, #856 ) ) ;
#2595 = CARTESIAN_POINT ( 'NONE',  ( -9.625000000000003553, 0.000000000000000000, 0.000000000000000000 ) ) ;
#2596 = EDGE_CURVE ( 'NONE', #2495, #879, #4152, .T. ) ;
#2597 = ORIENTED_EDGE ( 'NONE', *, *, #175, .T. ) ;
#2598 = PLANE ( 'NONE',  #748 ) ;
#2599 = VECTOR ( 'NONE', #2446, 39.37007874015748143 ) ;
#2600 = DIRECTION ( 'NONE',  ( -0.000000000000000000, 1.000000000000000000, -0.000000000000000000 ) ) ;
#2601 = CARTESIAN_POINT ( 'NONE',  ( 9.625000000000003553, 0.000000000000000000, 0.06250000000000104083 ) ) ;
#2602 = EDGE_CURVE ( 'NONE', #3548, #3822, #2252, .T. ) ;
#2603 = FACE_OUTER_BOUND ( 'NONE', #4471, .T. ) ;
#2604 = ORIENTED_EDGE ( 'NONE', *, *, #8021, .T. ) ;
#2605 = DIRECTION ( 'NONE',  ( 0.000000000000000000, -1.000000000000000000, 0.000000000000000000 ) ) ;
#2606 = COLOUR_RGB ( '',0.5294117647058823595, 0.2627450980392156965, 0.06274509803921568540 ) ;
#2607 = EDGE_LOOP ( 'NONE', ( #3376, #7220, #1894, #7558 ) ) ;
#2608 = CARTESIAN_POINT ( 'NONE',  ( -10.06250000000000355, -25.00000000000000000, -1.187500000000003553 ) ) ;
#2609 = ADVANCED_FACE ( 'NONE', ( #7893 ), #6028, .T. ) ;
#2610 =( GEOMETRIC_REPRESENTATION_CONTEXT ( 3 ) GLOBAL_UNCERTAINTY_ASSIGNED_CONTEXT ( ( #289 ) ) GLOBAL_UNIT_ASSIGNED_CONTEXT ( ( #4449, #1369, #5105 ) ) REPRESENTATION_CONTEXT ( 'NONE', 'WORKASPACE' ) );
#2611 =( NAMED_UNIT ( * ) SI_UNIT ( $, .STERADIAN. ) SOLID_ANGLE_UNIT ( ) );
#2612 =( GEOMETRIC_REPRESENTATION_CONTEXT ( 3 ) GLOBAL_UNCERTAINTY_ASSIGNED_CONTEXT ( ( #578 ) ) GLOBAL_UNIT_ASSIGNED_CONTEXT ( ( #1540, #910, #290 ) ) REPRESENTATION_CONTEXT ( 'NONE', 'WORKASPACE' ) );
#2613 = VECTOR ( 'NONE', #1767, 39.37007874015748143 ) ;
#2614 = VERTEX_POINT ( 'NONE', #4707 ) ;
#2615 = CARTESIAN_POINT ( 'NONE',  ( 9.437500000000003553, 0.000000000000000000, -4.812500000000000000 ) ) ;
#2616 = VERTEX_POINT ( 'NONE', #3490 ) ;
#2617 = ADVANCED_FACE ( 'NONE', ( #5987 ), #3526, .F. ) ;
#2618 = VECTOR ( 'NONE', #8116, 39.37007874015748143 ) ;
#2619 = VERTEX_POINT ( 'NONE', #4796 ) ;
#2620 = DIRECTION ( 'NONE',  ( -0.000000000000000000, 0.000000000000000000, 1.000000000000000000 ) ) ;
#2621 = PLANE ( 'NONE',  #6594 ) ;
#2622 = DIRECTION ( 'NONE',  ( 0.000000000000000000, 0.000000000000000000, 1.000000000000000000 ) ) ;
#2623 = ORIENTED_EDGE ( 'NONE', *, *, #6403, .F. ) ;
#2624 = VECTOR ( 'NONE', #6072, 39.37007874015748143 ) ;
#2625 = VECTOR ( 'NONE', #5809, 39.37007874015748143 ) ;
#2626 = DIRECTION ( 'NONE',  ( 0.000000000000000000, 0.000000000000000000, 1.000000000000000000 ) ) ;
#2627 = EDGE_CURVE ( 'NONE', #7304, #21, #7282, .T. ) ;
#2628 = DIRECTION ( 'NONE',  ( -0.000000000000000000, 1.000000000000000000, -0.000000000000000000 ) ) ;
#2629 = ORIENTED_EDGE ( 'NONE', *, *, #53, .T. ) ;
#2630 = SURFACE_STYLE_FILL_AREA ( #1261 ) ;
#2631 = VECTOR ( 'NONE', #3124, 39.37007874015748143 ) ;
#2632 = ORIENTED_EDGE ( 'NONE', *, *, #4202, .T. ) ;
#2633 = DIRECTION ( 'NONE',  ( 0.000000000000000000, 1.000000000000000000, 0.000000000000000000 ) ) ;
#2634 = DIRECTION ( 'NONE',  ( 0.000000000000000000, 0.000000000000000000, 1.000000000000000000 ) ) ;
#2635 = VERTEX_POINT ( 'NONE', #1711 ) ;
#2636 = ADVANCED_FACE ( 'NONE', ( #7355 ), #2870, .T. ) ;
#2637 = EDGE_CURVE ( 'NONE', #5388, #2226, #7235, .T. ) ;
#2638 = PRESENTATION_LAYER_ASSIGNMENT (  '', '', ( #6173 ) ) ;
#2639 = ORIENTED_EDGE ( 'NONE', *, *, #1239, .T. ) ;
#2640 = ORIENTED_EDGE ( 'NONE', *, *, #6137, .F. ) ;
#2641 = CARTESIAN_POINT ( 'NONE',  ( -8.000000000000001776, -5.781250000000000000, 1.195475361330003018E-15 ) ) ;
#2642 = ORIENTED_EDGE ( 'NONE', *, *, #229, .T. ) ;
#2643 = VECTOR ( 'NONE', #3419, 39.37007874015748143 ) ;
#2644 =( GEOMETRIC_REPRESENTATION_CONTEXT ( 3 ) GLOBAL_UNCERTAINTY_ASSIGNED_CONTEXT ( ( #6065 ) ) GLOBAL_UNIT_ASSIGNED_CONTEXT ( ( #191, #758, #2049 ) ) REPRESENTATION_CONTEXT ( 'NONE', 'WORKASPACE' ) );
#2645 = SURFACE_STYLE_FILL_AREA ( #1858 ) ;
#2646 = DIRECTION ( 'NONE',  ( 1.000000000000000000, 0.000000000000000000, 0.000000000000000000 ) ) ;
#2647 = PLANE ( 'NONE',  #6461 ) ;
#2648 = DIRECTION ( 'NONE',  ( -8.741913579725607589E-15, 0.000000000000000000, 1.000000000000000000 ) ) ;
#2649 = EDGE_CURVE ( 'NONE', #4640, #3662, #964, .T. ) ;
#2650 = PLANE ( 'NONE',  #754 ) ;
#2651 = EDGE_LOOP ( 'NONE', ( #5976, #1708, #6974, #5275 ) ) ;
#2652 = VECTOR ( 'NONE', #6775, 39.37007874015748143 ) ;
#2653 = VERTEX_POINT ( 'NONE', #2916 ) ;
#2654 = DIRECTION ( 'NONE',  ( 1.000000000000000000, 0.000000000000000000, 0.000000000000000000 ) ) ;
#2655 = AXIS2_PLACEMENT_3D ( 'NONE', #7942, #2380, #8017 ) ;
#2656 = SURFACE_STYLE_USAGE ( .BOTH. , #2701 ) ;
#2657 = VECTOR ( 'NONE', #7263, 39.37007874015748143 ) ;
#2658 =( NAMED_UNIT ( * ) PLANE_ANGLE_UNIT ( ) SI_UNIT ( $, .RADIAN. ) );
#2659 = EDGE_CURVE ( 'NONE', #2800, #7253, #5414, .T. ) ;
#2660 = ORIENTED_EDGE ( 'NONE', *, *, #5416, .F. ) ;
#2661 = CARTESIAN_POINT ( 'NONE',  ( -10.06250000000000355, -14.01562499999999822, -15.68750000000000000 ) ) ;
#2662 = AXIS2_PLACEMENT_3D ( 'NONE', #1413, #2120, #4536 ) ;
#2663 = VERTEX_POINT ( 'NONE', #295 ) ;
#2664 = DIRECTION ( 'NONE',  ( -1.000000000000000000, 0.000000000000000000, 0.000000000000000000 ) ) ;
#2665 = ORIENTED_EDGE ( 'NONE', *, *, #6796, .T. ) ;
#2666 = CARTESIAN_POINT ( 'NONE',  ( -9.625000000000003553, -6.500000000000000000, 0.7187499999999992228 ) ) ;
#2667 = CARTESIAN_POINT ( 'NONE',  ( 9.437500000000003553, -6.499999999999998224, -14.49999999999999822 ) ) ;
#2668 = AXIS2_PLACEMENT_3D ( 'NONE', #2154, #4650, #1578 ) ;
#2669 = DIRECTION ( 'NONE',  ( 1.000000000000000000, -0.000000000000000000, -0.000000000000000000 ) ) ;
#2670 = FACE_OUTER_BOUND ( 'NONE', #1260, .T. ) ;
#2671 = ADVANCED_FACE ( 'NONE', ( #2301 ), #7317, .F. ) ;
#2672 = DIRECTION ( 'NONE',  ( 0.000000000000000000, -1.000000000000000000, -0.000000000000000000 ) ) ;
#2673 = DIRECTION ( 'NONE',  ( 0.000000000000000000, -0.000000000000000000, -1.000000000000000000 ) ) ;
#2674 = CARTESIAN_POINT ( 'NONE',  ( -9.437500000000001776, -5.000000000000000000, -14.49999999999999822 ) ) ;
#2675 = DIRECTION ( 'NONE',  ( 0.000000000000000000, -1.224646799147352961E-16, 1.000000000000000000 ) ) ;
#2676 = ORIENTED_EDGE ( 'NONE', *, *, #5673, .F. ) ;
#2677 = PRESENTATION_LAYER_ASSIGNMENT (  '', '', ( #526 ) ) ;
#2678 = CARTESIAN_POINT ( 'NONE',  ( -8.968750000000000000, -6.500000000000000000, -15.53125000000000000 ) ) ;
#2679 = ORIENTED_EDGE ( 'NONE', *, *, #7319, .T. ) ;
#2680 = DIRECTION ( 'NONE',  ( -0.000000000000000000, 0.000000000000000000, 1.000000000000000000 ) ) ;
#2681 = CARTESIAN_POINT ( 'NONE',  ( 11.00000000000000000, -14.01562499999999822, -16.00000000000000000 ) ) ;
#2682 = ORIENTED_EDGE ( 'NONE', *, *, #900, .F. ) ;
#2683 = EDGE_CURVE ( 'NONE', #749, #5242, #4229, .T. ) ;
#2684 = AXIS2_PLACEMENT_3D ( 'NONE', #8032, #1145, #2282 ) ;
#2685 = CARTESIAN_POINT ( 'NONE',  ( 0.000000000000000000, 0.000000000000000000, -16.00000000000000000 ) ) ;
#2686 = ORIENTED_EDGE ( 'NONE', *, *, #6759, .F. ) ;
#2687 = VERTEX_POINT ( 'NONE', #1591 ) ;
#2688 = CARTESIAN_POINT ( 'NONE',  ( -9.312500000000003553, -6.500000000000000000, -4.812499999999999112 ) ) ;
#2689 = VECTOR ( 'NONE', #4417, 39.37007874015748143 ) ;
#2690 = CARTESIAN_POINT ( 'NONE',  ( 10.06250000000000355, -14.01562499999999822, -0.7500000000000033307 ) ) ;
#2691 = EDGE_CURVE ( 'NONE', #879, #7464, #3572, .T. ) ;
#2692 = CARTESIAN_POINT ( 'NONE',  ( -8.968750000000000000, 0.000000000000000000, -16.00000000000000000 ) ) ;
#2693 = CARTESIAN_POINT ( 'NONE',  ( 0.000000000000000000, -17.48437500000000000, 0.000000000000000000 ) ) ;
#2694 = CARTESIAN_POINT ( 'NONE',  ( -9.625000000000001776, -17.48437500000000000, -0.4687500000000009992 ) ) ;
#2695 = ORIENTED_EDGE ( 'NONE', *, *, #4055, .T. ) ;
#2696 = CARTESIAN_POINT ( 'NONE',  ( -9.437500000000001776, 0.000000000000000000, -14.49999999999999822 ) ) ;
#2697 = DIRECTION ( 'NONE',  ( 0.000000000000000000, 0.000000000000000000, 1.000000000000000000 ) ) ;
#2698 = DIRECTION ( 'NONE',  ( 0.000000000000000000, 0.000000000000000000, 1.000000000000000000 ) ) ;
#2699 = DIRECTION ( 'NONE',  ( 0.000000000000000000, 1.000000000000000000, 0.000000000000000000 ) ) ;
#2700 = EDGE_CURVE ( 'NONE', #842, #7766, #5454, .T. ) ;
#2701 = SURFACE_SIDE_STYLE ('',( #5687 ) ) ;
#2702 = CARTESIAN_POINT ( 'NONE',  ( 9.312500000000001776, 0.000000000000000000, -4.687500000000000000 ) ) ;
#2703 = VERTEX_POINT ( 'NONE', #8012 ) ;
#2704 = CARTESIAN_POINT ( 'NONE',  ( 8.656250000000005329, -17.48437499999999645, -14.78125000000000355 ) ) ;
#2705 = EDGE_LOOP ( 'NONE', ( #5691, #435, #1939, #5855 ) ) ;
#2706 = EDGE_CURVE ( 'NONE', #5847, #5622, #2374, .T. ) ;
#2707 = LENGTH_MEASURE_WITH_UNIT ( LENGTH_MEASURE( 0.02539999999999999897 ), #871 );
#2708 = DIRECTION ( 'NONE',  ( 1.000000000000000000, 0.000000000000000000, -0.000000000000000000 ) ) ;
#2709 = CARTESIAN_POINT ( 'NONE',  ( -9.156250000000003553, -14.48437499999999822, -15.99999999999999822 ) ) ;
#2710 = CARTESIAN_POINT ( 'NONE',  ( -9.156250000000003553, -17.48437500000000000, -15.99999999999999822 ) ) ;
#2711 = CYLINDRICAL_SURFACE ( 'NONE', #5731, 0.4375000000000009992 ) ;
#2712 = ADVANCED_FACE ( 'NONE', ( #492 ), #5565, .F. ) ;
#2713 = DIRECTION ( 'NONE',  ( -1.000000000000000000, -0.000000000000000000, -0.000000000000000000 ) ) ;
#2714 = ORIENTED_EDGE ( 'NONE', *, *, #6202, .F. ) ;
#2715 = PRESENTATION_STYLE_ASSIGNMENT (( #7609 ) ) ;
#2716 = EDGE_CURVE ( 'NONE', #2614, #5304, #1821, .T. ) ;
#2717 = ORIENTED_EDGE ( 'NONE', *, *, #5613, .F. ) ;
#2718 = CARTESIAN_POINT ( 'NONE',  ( 8.125000000000003553, -6.500000000000000000, 0.7187499999999992228 ) ) ;
#2719 = DIMENSIONAL_EXPONENTS ( 1.000000000000000000, 0.000000000000000000, 0.000000000000000000, 0.000000000000000000, 0.000000000000000000, 0.000000000000000000, 0.000000000000000000 ) ;
#2720 = FACE_OUTER_BOUND ( 'NONE', #5901, .T. ) ;
#2721 = EDGE_LOOP ( 'NONE', ( #5433, #2857 ) ) ;
#2722 = CARTESIAN_POINT ( 'NONE',  ( -8.968750000000000000, -3.500000000000000000, -15.53125000000000000 ) ) ;
#2723 = ORIENTED_EDGE ( 'NONE', *, *, #2990, .T. ) ;
#2724 = VERTEX_POINT ( 'NONE', #6224 ) ;
#2725 = DIRECTION ( 'NONE',  ( 0.000000000000000000, 0.000000000000000000, -1.000000000000000000 ) ) ;
#2726 = CLOSED_SHELL ( 'NONE', ( #5150, #1427, #2366, #2201, #8041, #7146 ) ) ;
#2727 = PLANE ( 'NONE',  #1798 ) ;
#2728 = LINE ( 'NONE', #7749, #1817 ) ;
#2729 = CARTESIAN_POINT ( 'NONE',  ( 8.656250000000007105, -17.48437500000000000, -0.4687500000000009992 ) ) ;
#2730 = DIRECTION ( 'NONE',  ( 1.000000000000000000, 0.000000000000000000, 0.000000000000000000 ) ) ;
#2731 = LINE ( 'NONE', #4605, #5755 ) ;
#2732 = VECTOR ( 'NONE', #4570, 39.37007874015748143 ) ;
#2733 = PLANE ( 'NONE',  #6823 ) ;
#2734 = EDGE_CURVE ( 'NONE', #4296, #208, #4076, .T. ) ;
#2735 = ORIENTED_EDGE ( 'NONE', *, *, #2050, .T. ) ;
#2736 = FACE_OUTER_BOUND ( 'NONE', #7890, .T. ) ;
#2737 = ORIENTED_EDGE ( 'NONE', *, *, #5897, .F. ) ;
#2738 = CARTESIAN_POINT ( 'NONE',  ( -9.625000000000003553, -6.500000000000000000, 0.5312499999999992228 ) ) ;
#2739 = CYLINDRICAL_SURFACE ( 'NONE', #516, 0.4375000000000003331 ) ;
#2740 = LINE ( 'NONE', #1497, #2459 ) ;
#2741 = VECTOR ( 'NONE', #4345, 39.37007874015748143 ) ;
#2742 = FILL_AREA_STYLE_COLOUR ( '', #6805 ) ;
#2743 = CARTESIAN_POINT ( 'NONE',  ( 9.625000000000005329, -4.999999999999998224, -14.49999999999999822 ) ) ;
#2744 = EDGE_CURVE ( 'NONE', #6365, #6388, #3146, .T. ) ;
#2745 = AXIS2_PLACEMENT_3D ( 'NONE', #4857, #7389, #1116 ) ;
#2746 = VERTEX_POINT ( 'NONE', #571 ) ;
#2747 = CARTESIAN_POINT ( 'NONE',  ( 9.312500000000001776, -6.500000000000000000, -4.687500000000000000 ) ) ;
#2748 = ORIENTED_EDGE ( 'NONE', *, *, #3137, .F. ) ;
#2749 = DIRECTION ( 'NONE',  ( 1.000000000000000000, 1.224646799147353207E-16, -5.352878241916895074E-32 ) ) ;
#2750 = CARTESIAN_POINT ( 'NONE',  ( 9.625000000000003553, 0.000000000000000000, 0.000000000000000000 ) ) ;
#2751 = AXIS2_PLACEMENT_3D ( 'NONE', #6243, #6826, #5082 ) ;
#2752 = CARTESIAN_POINT ( 'NONE',  ( 10.06250000000000355, 0.000000000000000000, -0.3125000000000029976 ) ) ;
#2753 = LINE ( 'NONE', #5335, #3113 ) ;
#2754 = CARTESIAN_POINT ( 'NONE',  ( 8.125000000000003553, 0.000000000000000000, 0.7187499999999992228 ) ) ;
#2755 = EDGE_CURVE ( 'NONE', #7039, #6376, #1906, .T. ) ;
#2756 = VECTOR ( 'NONE', #5541, 39.37007874015748143 ) ;
#2757 = PLANE ( 'NONE',  #4250 ) ;
#2758 = ORIENTED_EDGE ( 'NONE', *, *, #1690, .F. ) ;
#2759 = VERTEX_POINT ( 'NONE', #4937 ) ;
#2760 = EDGE_CURVE ( 'NONE', #7095, #3920, #3684, .T. ) ;
#2761 = CARTESIAN_POINT ( 'NONE',  ( -9.437500000000001776, -1.500000000000000222, -1.500000000000000222 ) ) ;
#2762 = VECTOR ( 'NONE', #1622, 39.37007874015748143 ) ;
#2763 = AXIS2_PLACEMENT_3D ( 'NONE', #1119, #2295, #6644 ) ;
#2764 = PLANE ( 'NONE',  #3827 ) ;
#2765 = CARTESIAN_POINT ( 'NONE',  ( 8.968750000000000000, -6.031250000000000888, 0.000000000000000000 ) ) ;
#2766 = ORIENTED_EDGE ( 'NONE', *, *, #3013, .F. ) ;
#2767 = EDGE_CURVE ( 'NONE', #7615, #5701, #6142, .T. ) ;
#2768 = LINE ( 'NONE', #937, #6971 ) ;
#2769 = ORIENTED_EDGE ( 'NONE', *, *, #4400, .T. ) ;
#2770 = VECTOR ( 'NONE', #2277, 39.37007874015748143 ) ;
#2771 = ORIENTED_EDGE ( 'NONE', *, *, #7440, .F. ) ;
#2772 = PLANE ( 'NONE',  #1435 ) ;
#2773 = CARTESIAN_POINT ( 'NONE',  ( -9.625000000000003553, -6.500000000000000000, 0.5312500000000012212 ) ) ;
#2774 = LINE ( 'NONE', #1617, #2401 ) ;
#2775 = COLOUR_RGB ( '',0.5294117647058823595, 0.2627450980392156965, 0.06274509803921568540 ) ;
#2776 = ADVANCED_FACE ( 'NONE', ( #1244 ), #3759, .F. ) ;
#2777 = PLANE ( 'NONE',  #7894 ) ;
#2778 = ORIENTED_EDGE ( 'NONE', *, *, #7170, .T. ) ;
#2779 = PLANE ( 'NONE',  #5425 ) ;
#2780 = AXIS2_PLACEMENT_3D ( 'NONE', #5301, #4034, #144 ) ;
#2781 = DIRECTION ( 'NONE',  ( 0.000000000000000000, 1.000000000000000000, 0.000000000000000000 ) ) ;
#2782 = VECTOR ( 'NONE', #7181, 39.37007874015748143 ) ;
#2783 = CARTESIAN_POINT ( 'NONE',  ( 8.468750000000007105, -25.00000000000000000, -0.1562500000000008327 ) ) ;
#2784 = DIRECTION ( 'NONE',  ( 1.000000000000000000, 0.000000000000000000, 0.000000000000000000 ) ) ;
#2785 = DIRECTION ( 'NONE',  ( -1.000000000000000000, -1.346415657017117373E-16, 0.000000000000000000 ) ) ;
#2786 = AXIS2_PLACEMENT_3D ( 'NONE', #7657, #3824, #5583 ) ;
#2787 = ORIENTED_EDGE ( 'NONE', *, *, #4978, .F. ) ;
#2788 = LINE ( 'NONE', #130, #3588 ) ;
#2789 = ORIENTED_EDGE ( 'NONE', *, *, #1030, .F. ) ;
#2790 = DIRECTION ( 'NONE',  ( 1.000000000000000000, -0.000000000000000000, -0.000000000000000000 ) ) ;
#2791 = VECTOR ( 'NONE', #7023, 39.37007874015748143 ) ;
#2792 = SURFACE_SIDE_STYLE ('',( #298 ) ) ;
#2793 = ADVANCED_FACE ( 'NONE', ( #6304 ), #651, .T. ) ;
#2794 = DIRECTION ( 'NONE',  ( 0.000000000000000000, 0.000000000000000000, 1.000000000000000000 ) ) ;
#2795 = FACE_OUTER_BOUND ( 'NONE', #3392, .T. ) ;
#2796 = DIRECTION ( 'NONE',  ( 1.000000000000000000, -0.000000000000000000, -0.000000000000000000 ) ) ;
#2797 = AXIS2_PLACEMENT_3D ( 'NONE', #783, #734, #5856 ) ;
#2798 = CARTESIAN_POINT ( 'NONE',  ( 8.468750000000007105, -5.781250000000000000, 0.06249999999999869549 ) ) ;
#2799 = AXIS2_PLACEMENT_3D ( 'NONE', #1634, #5946, #376 ) ;
#2800 = VERTEX_POINT ( 'NONE', #5686 ) ;
#2801 = ORIENTED_EDGE ( 'NONE', *, *, #5353, .F. ) ;
#2802 = AXIS2_PLACEMENT_3D ( 'NONE', #3791, #4398, #3257 ) ;
#2803 = EDGE_CURVE ( 'NONE', #3059, #312, #5644, .T. ) ;
#2804 = DIRECTION ( 'NONE',  ( 1.000000000000000000, 0.000000000000000000, 0.000000000000000000 ) ) ;
#2805 = CARTESIAN_POINT ( 'NONE',  ( -8.000000000000001776, -5.781250000000000000, 1.195475361330003018E-15 ) ) ;
#2806 = EDGE_LOOP ( 'NONE', ( #1176, #1610, #591, #1484 ) ) ;
#2807 = DIRECTION ( 'NONE',  ( -1.000000000000000000, 0.000000000000000000, 0.000000000000000000 ) ) ;
#2808 = VECTOR ( 'NONE', #6956, 39.37007874015748143 ) ;
#2809 = ORIENTED_EDGE ( 'NONE', *, *, #8084, .T. ) ;
#2810 = ORIENTED_EDGE ( 'NONE', *, *, #6175, .T. ) ;
#2811 = LINE ( 'NONE', #7831, #3429 ) ;
#2812 = EDGE_CURVE ( 'NONE', #3683, #4441, #2531, .T. ) ;
#2813 = CARTESIAN_POINT ( 'NONE',  ( 8.656250000000005329, -25.00000000000000000, -14.78125000000000355 ) ) ;
#2814 = CARTESIAN_POINT ( 'NONE',  ( -8.125000000000003553, 0.000000000000000000, 0.7187499999999992228 ) ) ;
#2815 = CARTESIAN_POINT ( 'NONE',  ( 9.437500000000001776, 0.000000000000000000, -16.00000000000000000 ) ) ;
#2816 = DIRECTION ( 'NONE',  ( -1.000000000000000000, 0.000000000000000000, -8.741913579725612322E-15 ) ) ;
#2817 = ADVANCED_FACE ( 'NONE', ( #1123 ), #8047, .F. ) ;
#2818 = ORIENTED_EDGE ( 'NONE', *, *, #936, .T. ) ;
#2819 = DIRECTION ( 'NONE',  ( -0.000000000000000000, -0.000000000000000000, 1.000000000000000000 ) ) ;
#2820 = VECTOR ( 'NONE', #5708, 39.37007874015748143 ) ;
#2821 = ORIENTED_EDGE ( 'NONE', *, *, #5673, .T. ) ;
#2822 = DIRECTION ( 'NONE',  ( -1.000000000000000000, 4.686315084737202911E-15, -0.000000000000000000 ) ) ;
#2823 = ORIENTED_EDGE ( 'NONE', *, *, #6975, .T. ) ;
#2824 = DIRECTION ( 'NONE',  ( 1.000000000000000000, 0.000000000000000000, -0.000000000000000000 ) ) ;
#2825 = DIRECTION ( 'NONE',  ( 0.000000000000000000, -1.000000000000000000, -0.000000000000000000 ) ) ;
#2826 = EDGE_CURVE ( 'NONE', #1851, #4783, #5061, .T. ) ;
#2827 = FILL_AREA_STYLE ('',( #2742 ) ) ;
#2828 = COLOUR_RGB ( '',0.5294117647058823595, 0.2627450980392156965, 0.06274509803921568540 ) ;
#2829 = LENGTH_MEASURE_WITH_UNIT ( LENGTH_MEASURE( 0.02539999999999999897 ), #6602 );
#2830 = ORIENTED_EDGE ( 'NONE', *, *, #4256, .T. ) ;
#2831 = CARTESIAN_POINT ( 'NONE',  ( 9.625000000000003553, 0.000000000000000000, 0.7187499999999992228 ) ) ;
#2832 = ORIENTED_EDGE ( 'NONE', *, *, #6603, .T. ) ;
#2833 = DIRECTION ( 'NONE',  ( 0.000000000000000000, 1.000000000000000000, 1.365923996832131856E-16 ) ) ;
#2834 = DIMENSIONAL_EXPONENTS ( 1.000000000000000000, 0.000000000000000000, 0.000000000000000000, 0.000000000000000000, 0.000000000000000000, 0.000000000000000000, 0.000000000000000000 ) ;
#2835 =( NAMED_UNIT ( * ) SI_UNIT ( $, .STERADIAN. ) SOLID_ANGLE_UNIT ( ) );
#2836 = CARTESIAN_POINT ( 'NONE',  ( 10.06250000000000355, -25.00000000000000000, -15.25000000000000000 ) ) ;
#2837 = CARTESIAN_POINT ( 'NONE',  ( -10.06250000000000355, 0.2500000000000000000, -15.25000000000000000 ) ) ;
#2838 = DIRECTION ( 'NONE',  ( 1.000000000000000000, 0.000000000000000000, 0.000000000000000000 ) ) ;
#2839 = CARTESIAN_POINT ( 'NONE',  ( -8.468750000000003553, -5.781250000000000000, 0.06250000000000076328 ) ) ;
#2840 = ADVANCED_FACE ( 'NONE', ( #3105 ), #1940, .F. ) ;
#2841 = ORIENTED_EDGE ( 'NONE', *, *, #1214, .T. ) ;
#2842 = CARTESIAN_POINT ( 'NONE',  ( 0.000000000000000000, -6.500000000000000000, 0.000000000000000000 ) ) ;
#2843 = DIRECTION ( 'NONE',  ( 0.000000000000000000, 0.000000000000000000, -1.000000000000000000 ) ) ;
#2844 = DIRECTION ( 'NONE',  ( -0.000000000000000000, 1.000000000000000000, -0.000000000000000000 ) ) ;
#2845 = DIRECTION ( 'NONE',  ( 1.000000000000000000, 0.000000000000000000, 0.000000000000000000 ) ) ;
#2846 = EDGE_LOOP ( 'NONE', ( #1031, #3787, #3670, #3345 ) ) ;
#2847 = DIRECTION ( 'NONE',  ( 0.000000000000000000, 0.000000000000000000, 1.000000000000000000 ) ) ;
#2848 = ADVANCED_FACE ( 'NONE', ( #5601 ), #6766, .T. ) ;
#2849 = ORIENTED_EDGE ( 'NONE', *, *, #1420, .T. ) ;
#2850 = VERTEX_POINT ( 'NONE', #8120 ) ;
#2851 = CARTESIAN_POINT ( 'NONE',  ( 9.437500000000001776, 0.000000000000000000, -1.500000000000000222 ) ) ;
#2852 = FACE_OUTER_BOUND ( 'NONE', #5918, .T. ) ;
#2853 = DIRECTION ( 'NONE',  ( -1.000000000000000000, 0.000000000000000000, -8.741913579725612322E-15 ) ) ;
#2854 = DIRECTION ( 'NONE',  ( -1.000000000000000000, 0.000000000000000000, 0.000000000000000000 ) ) ;
#2855 = CARTESIAN_POINT ( 'NONE',  ( 10.06250000000000355, 0.2500000000000000000, -1.187500000000003553 ) ) ;
#2856 = ADVANCED_FACE ( 'NONE', ( #4982 ), #3882, .T. ) ;
#2857 = ORIENTED_EDGE ( 'NONE', *, *, #6749, .F. ) ;
#2858 = CARTESIAN_POINT ( 'NONE',  ( 0.000000000000000000, 0.000000000000000000, -16.00000000000000000 ) ) ;
#2859 = VERTEX_POINT ( 'NONE', #3314 ) ;
#2860 = LINE ( 'NONE', #6640, #3420 ) ;
#2861 = ORIENTED_EDGE ( 'NONE', *, *, #2767, .F. ) ;
#2862 = DIRECTION ( 'NONE',  ( 1.000000000000000000, 0.000000000000000000, 0.000000000000000000 ) ) ;
#2863 = LINE ( 'NONE', #5362, #4821 ) ;
#2864 = CLOSED_SHELL ( 'NONE', ( #6315, #5372, #6343, #5458, #4834, #1223 ) ) ;
#2865 = PLANE ( 'NONE',  #1300 ) ;
#2866 = ADVANCED_FACE ( 'NONE', ( #5103 ), #1448, .F. ) ;
#2867 = ORIENTED_EDGE ( 'NONE', *, *, #4267, .T. ) ;
#2868 = CARTESIAN_POINT ( 'NONE',  ( 8.656250000000005329, -14.73437499999999645, -15.00000000000000000 ) ) ;
#2869 = ORIENTED_EDGE ( 'NONE', *, *, #3509, .T. ) ;
#2870 = PLANE ( 'NONE',  #2799 ) ;
#2871 = VECTOR ( 'NONE', #8016, 39.37007874015748143 ) ;
#2872 = CARTESIAN_POINT ( 'NONE',  ( -10.06250000000000355, -14.01562499999999822, -1.187500000000003553 ) ) ;
#2873 = PRESENTATION_STYLE_ASSIGNMENT (( #7851 ) ) ;
#2874 = DIRECTION ( 'NONE',  ( -1.000000000000000000, 0.000000000000000000, -0.000000000000000000 ) ) ;
#2875 = VECTOR ( 'NONE', #1162, 39.37007874015748143 ) ;
#2876 = CARTESIAN_POINT ( 'NONE',  ( -9.625000000000003553, -6.500000000000000000, 0.000000000000000000 ) ) ;
#2877 = DIRECTION ( 'NONE',  ( 0.000000000000000000, 0.000000000000000000, 1.000000000000000000 ) ) ;
#2878 = AXIS2_PLACEMENT_3D ( 'NONE', #5239, #1370, #2785 ) ;
#2879 = ORIENTED_EDGE ( 'NONE', *, *, #5898, .F. ) ;
#2880 =( GEOMETRIC_REPRESENTATION_CONTEXT ( 3 ) GLOBAL_UNCERTAINTY_ASSIGNED_CONTEXT ( ( #7527 ) ) GLOBAL_UNIT_ASSIGNED_CONTEXT ( ( #3976, #7274, #6476 ) ) REPRESENTATION_CONTEXT ( 'NONE', 'WORKASPACE' ) );
#2881 = DIRECTION ( 'NONE',  ( 0.000000000000000000, 1.000000000000000000, 0.000000000000000000 ) ) ;
#2882 = DIMENSIONAL_EXPONENTS ( 1.000000000000000000, 0.000000000000000000, 0.000000000000000000, 0.000000000000000000, 0.000000000000000000, 0.000000000000000000, 0.000000000000000000 ) ;
#2883 = DIRECTION ( 'NONE',  ( 1.000000000000000000, 0.000000000000000000, -0.000000000000000000 ) ) ;
#2884 = CARTESIAN_POINT ( 'NONE',  ( 9.312500000000003553, -6.500000000000000000, -8.062499999999998224 ) ) ;
#2885 = ORIENTED_EDGE ( 'NONE', *, *, #546, .F. ) ;
#2886 = VECTOR ( 'NONE', #8077, 39.37007874015748143 ) ;
#2887 = CARTESIAN_POINT ( 'NONE',  ( 8.468750000000007105, -0.2499999999999997224, 0.06249999999999869549 ) ) ;
#2888 = AXIS2_PLACEMENT_3D ( 'NONE', #5803, #276, #1615 ) ;
#2889 = DIRECTION ( 'NONE',  ( 0.000000000000000000, -0.000000000000000000, 1.000000000000000000 ) ) ;
#2890 = ORIENTED_EDGE ( 'NONE', *, *, #4220, .F. ) ;
#2891 = ORIENTED_EDGE ( 'NONE', *, *, #7613, .T. ) ;
#2892 = CARTESIAN_POINT ( 'NONE',  ( -9.437500000000003553, -6.500000000000000000, -11.31249999999999822 ) ) ;
#2893 = VECTOR ( 'NONE', #2654, 39.37007874015748143 ) ;
#2894 = AXIS2_PLACEMENT_3D ( 'NONE', #3229, #4989, #6350 ) ;
#2895 = LINE ( 'NONE', #1107, #7067 ) ;
#2896 = DIRECTION ( 'NONE',  ( 0.000000000000000000, 1.000000000000000000, 0.000000000000000000 ) ) ;
#2897 = EDGE_CURVE ( 'NONE', #2426, #7338, #5892, .T. ) ;
#2898 = CARTESIAN_POINT ( 'NONE',  ( 9.312500000000001776, -6.500000000000000000, -7.937499999999999112 ) ) ;
#2899 = EDGE_CURVE ( 'NONE', #757, #4607, #1495, .T. ) ;
#2900 = LINE ( 'NONE', #7795, #2657 ) ;
#2901 = VECTOR ( 'NONE', #5850, 39.37007874015748143 ) ;
#2902 = PLANE ( 'NONE',  #7108 ) ;
#2903 = VERTEX_POINT ( 'NONE', #5812 ) ;
#2904 = DIRECTION ( 'NONE',  ( 7.471721008312515165E-17, -0.000000000000000000, 1.000000000000000000 ) ) ;
#2905 = LINE ( 'NONE', #482, #8018 ) ;
#2906 = EDGE_LOOP ( 'NONE', ( #4050, #4300, #6471, #4391 ) ) ;
#2907 = DIRECTION ( 'NONE',  ( 0.000000000000000000, 1.000000000000000000, 0.000000000000000000 ) ) ;
#2908 = EDGE_CURVE ( 'NONE', #7423, #1503, #8138, .T. ) ;
#2909 = CARTESIAN_POINT ( 'NONE',  ( 9.625000000000003553, -6.500000000000000000, 0.06249999999999920203 ) ) ;
#2910 = AXIS2_PLACEMENT_3D ( 'NONE', #948, #2322, #7216 ) ;
#2911 = LINE ( 'NONE', #6728, #2486 ) ;
#2912 = ORIENTED_EDGE ( 'NONE', *, *, #2755, .T. ) ;
#2913 = DIRECTION ( 'NONE',  ( -1.000000000000000000, 8.164311994315433722E-17, 0.000000000000000000 ) ) ;
#2914 = AXIS2_PLACEMENT_3D ( 'NONE', #2842, #972, #221 ) ;
#2915 = ORIENTED_EDGE ( 'NONE', *, *, #3671, .T. ) ;
#2916 = CARTESIAN_POINT ( 'NONE',  ( 0.000000000000000000, -2.500000000000000000, 1.031249999999999112 ) ) ;
#2917 = VECTOR ( 'NONE', #3380, 39.37007874015748143 ) ;
#2918 = LINE ( 'NONE', #3408, #4189 ) ;
#2919 = EDGE_CURVE ( 'NONE', #906, #934, #692, .T. ) ;
#2920 = PLANE ( 'NONE',  #2271 ) ;
#2921 = DIRECTION ( 'NONE',  ( 0.000000000000000000, -1.000000000000000000, 0.000000000000000000 ) ) ;
#2922 = LINE ( 'NONE', #7978, #5354 ) ;
#2923 = CARTESIAN_POINT ( 'NONE',  ( -8.000000000000003553, -0.2499999999999997224, -14.78125000000000178 ) ) ;
#2924 = VECTOR ( 'NONE', #4237, 39.37007874015748143 ) ;
#2925 = VERTEX_POINT ( 'NONE', #3226 ) ;
#2926 = EDGE_CURVE ( 'NONE', #2614, #2383, #6965, .T. ) ;
#2927 = DIRECTION ( 'NONE',  ( -8.741913579725688053E-15, -0.000000000000000000, 1.000000000000000000 ) ) ;
#2928 = AXIS2_PLACEMENT_3D ( 'NONE', #1794, #1838, #2456 ) ;
#2929 = CARTESIAN_POINT ( 'NONE',  ( 8.968750000000000000, -3.500000000000000000, -15.53125000000000000 ) ) ;
#2930 = DIRECTION ( 'NONE',  ( -1.000000000000000000, 0.000000000000000000, -0.000000000000000000 ) ) ;
#2931 = ORIENTED_EDGE ( 'NONE', *, *, #4899, .F. ) ;
#2932 = VECTOR ( 'NONE', #1596, 39.37007874015748143 ) ;
#2933 = LINE ( 'NONE', #4301, #7356 ) ;
#2934 =( NAMED_UNIT ( * ) PLANE_ANGLE_UNIT ( ) SI_UNIT ( $, .RADIAN. ) );
#2935 = EDGE_LOOP ( 'NONE', ( #1882, #6069, #351, #4356 ) ) ;
#2936 = AXIS2_PLACEMENT_3D ( 'NONE', #1158, #6841, #6302 ) ;
#2937 = ORIENTED_EDGE ( 'NONE', *, *, #3554, .T. ) ;
#2938 = DIRECTION ( 'NONE',  ( -1.000000000000000000, 0.000000000000000000, -9.106159978880884790E-17 ) ) ;
#2939 = CARTESIAN_POINT ( 'NONE',  ( 9.437500000000001776, -6.499999999999998224, -16.00000000000000000 ) ) ;
#2940 = CARTESIAN_POINT ( 'NONE',  ( 8.968750000000000000, -6.031250000000000888, -12.53125000000000000 ) ) ;
#2941 = ORIENTED_EDGE ( 'NONE', *, *, #1258, .T. ) ;
#2942 = CIRCLE ( 'NONE', #7533, 0.4375000000000009992 ) ;
#2943 = FACE_OUTER_BOUND ( 'NONE', #7830, .T. ) ;
#2944 = ORIENTED_EDGE ( 'NONE', *, *, #3176, .T. ) ;
#2945 = CARTESIAN_POINT ( 'NONE',  ( 10.06250000000000355, 0.2500000000000000000, -15.68750000000000000 ) ) ;
#2946 = FACE_OUTER_BOUND ( 'NONE', #6324, .T. ) ;
#2947 = EDGE_CURVE ( 'NONE', #7587, #2205, #7011, .T. ) ;
#2948 = ORIENTED_EDGE ( 'NONE', *, *, #4687, .T. ) ;
#2949 = DIRECTION ( 'NONE',  ( 0.000000000000000000, 1.000000000000000000, 0.000000000000000000 ) ) ;
#2950 = CARTESIAN_POINT ( 'NONE',  ( 0.000000000000000000, 0.000000000000000000, 0.000000000000000000 ) ) ;
#2951 = LINE ( 'NONE', #416, #3549 ) ;
#2952 = VECTOR ( 'NONE', #2010, 39.37007874015748143 ) ;
#2953 = ORIENTED_EDGE ( 'NONE', *, *, #4700, .T. ) ;
#2954 = DIRECTION ( 'NONE',  ( 1.000000000000000000, 0.000000000000000000, 0.000000000000000000 ) ) ;
#2955 = VERTEX_POINT ( 'NONE', #2111 ) ;
#2956 = CARTESIAN_POINT ( 'NONE',  ( -8.656250000000005329, -25.00000000000000000, -14.78125000000000178 ) ) ;
#2957 = EDGE_CURVE ( 'NONE', #1994, #4545, #7616, .T. ) ;
#2958 = LINE ( 'NONE', #5455, #5614 ) ;
#2959 = DIRECTION ( 'NONE',  ( -1.000000000000000000, -0.000000000000000000, -0.000000000000000000 ) ) ;
#2960 = DIRECTION ( 'NONE',  ( 1.681137226870315542E-16, -1.000000000000000000, 0.000000000000000000 ) ) ;
#2961 = EDGE_CURVE ( 'NONE', #4679, #1896, #729, .T. ) ;
#2962 = ORIENTED_EDGE ( 'NONE', *, *, #1789, .T. ) ;
#2963 = LINE ( 'NONE', #7981, #4994 ) ;
#2964 = CARTESIAN_POINT ( 'NONE',  ( 0.000000000000000000, -14.73437499999999645, -14.78125000000000355 ) ) ;
#2965 = DIRECTION ( 'NONE',  ( 0.000000000000000000, -0.000000000000000000, 1.000000000000000000 ) ) ;
#2966 = EDGE_CURVE ( 'NONE', #7829, #3246, #4014, .T. ) ;
#2967 = EDGE_LOOP ( 'NONE', ( #6842, #5000, #7955, #5155 ) ) ;
#2968 = CARTESIAN_POINT ( 'NONE',  ( 8.656250000000005329, -25.00000000000000000, -14.78125000000000355 ) ) ;
#2969 = PRESENTATION_STYLE_ASSIGNMENT (( #3543 ) ) ;
#2970 = EDGE_CURVE ( 'NONE', #4131, #5986, #5191, .T. ) ;
#2971 = ORIENTED_EDGE ( 'NONE', *, *, #6871, .T. ) ;
#2972 = CARTESIAN_POINT ( 'NONE',  ( 9.625000000000003553, 2.296212748401287578E-15, -1.500000000000000222 ) ) ;
#2973 = EDGE_LOOP ( 'NONE', ( #3300, #3970, #3826, #2471 ) ) ;
#2974 = CYLINDRICAL_SURFACE ( 'NONE', #8121, 0.4375000000000009992 ) ;
#2975 = DIRECTION ( 'NONE',  ( 0.000000000000000000, 0.000000000000000000, 1.000000000000000000 ) ) ;
#2976 = EDGE_LOOP ( 'NONE', ( #1337, #1874, #4618, #5797 ) ) ;
#2977 = VERTEX_POINT ( 'NONE', #818 ) ;
#2978 = FACE_OUTER_BOUND ( 'NONE', #5776, .T. ) ;
#2979 = LINE ( 'NONE', #7839, #2762 ) ;
#2980 = ORIENTED_EDGE ( 'NONE', *, *, #4630, .F. ) ;
#2981 = PRESENTATION_STYLE_ASSIGNMENT (( #330 ) ) ;
#2982 = EDGE_CURVE ( 'NONE', #5777, #3866, #6473, .T. ) ;
#2983 = CARTESIAN_POINT ( 'NONE',  ( -9.437500000000003553, 0.000000000000000000, -11.31249999999999822 ) ) ;
#2984 = ORIENTED_EDGE ( 'NONE', *, *, #5240, .F. ) ;
#2985 = CARTESIAN_POINT ( 'NONE',  ( 9.437500000000003553, -6.500000000000000000, -7.937499999999999112 ) ) ;
#2986 = ORIENTED_EDGE ( 'NONE', *, *, #7442, .T. ) ;
#2987 = LINE ( 'NONE', #421, #1739 ) ;
#2988 = CLOSED_SHELL ( 'NONE', ( #4028, #179, #7798, #7335, #1843, #4154 ) ) ;
#2989 = DIRECTION ( 'NONE',  ( -1.000000000000000000, -1.346415657017119838E-16, 0.000000000000000000 ) ) ;
#2990 = EDGE_CURVE ( 'NONE', #7331, #5936, #7677, .T. ) ;
#2991 = DIRECTION ( 'NONE',  ( 1.000000000000000000, 0.000000000000000000, 0.000000000000000000 ) ) ;
#2992 = EDGE_CURVE ( 'NONE', #6056, #7615, #6426, .T. ) ;
#2993 = CARTESIAN_POINT ( 'NONE',  ( 9.625000000000001776, -14.48437499999999822, -0.4687500000000009992 ) ) ;
#2994 = VECTOR ( 'NONE', #2305, 39.37007874015748143 ) ;
#2995 = CARTESIAN_POINT ( 'NONE',  ( 9.437500000000001776, -6.499999999999998224, -16.00000000000000000 ) ) ;
#2996 = ORIENTED_EDGE ( 'NONE', *, *, #1850, .T. ) ;
#2997 = STYLED_ITEM ( 'NONE', ( #2873 ), #925 ) ;
#2998 = DIRECTION ( 'NONE',  ( 0.000000000000000000, 0.000000000000000000, -1.000000000000000000 ) ) ;
#2999 = CARTESIAN_POINT ( 'NONE',  ( -4.937500000000006217, 0.000000000000000000, 0.5312500000000011102 ) ) ;
#3000 = PLANE ( 'NONE',  #303 ) ;
#3001 = EDGE_CURVE ( 'NONE', #113, #6833, #7098, .T. ) ;
#3002 = ORIENTED_EDGE ( 'NONE', *, *, #517, .T. ) ;
#3003 = FACE_OUTER_BOUND ( 'NONE', #4586, .T. ) ;
#3004 = LENGTH_MEASURE_WITH_UNIT ( LENGTH_MEASURE( 0.02539999999999999897 ), #1137 );
#3005 = VECTOR ( 'NONE', #6310, 39.37007874015748143 ) ;
#3006 = VECTOR ( 'NONE', #2367, 39.37007874015748143 ) ;
#3007 = ORIENTED_EDGE ( 'NONE', *, *, #8070, .F. ) ;
#3008 = FACE_OUTER_BOUND ( 'NONE', #999, .T. ) ;
#3009 = EDGE_CURVE ( 'NONE', #5643, #4951, #4567, .T. ) ;
#3010 = EDGE_LOOP ( 'NONE', ( #4164, #1171 ) ) ;
#3011 = DIRECTION ( 'NONE',  ( -1.000000000000000000, -0.000000000000000000, -0.000000000000000000 ) ) ;
#3012 = FACE_OUTER_BOUND ( 'NONE', #6139, .T. ) ;
#3013 = EDGE_CURVE ( 'NONE', #4972, #7540, #7801, .T. ) ;
#3014 = COLOUR_RGB ( '',0.5294117647058823595, 0.2627450980392156965, 0.06274509803921568540 ) ;
#3015 = ORIENTED_EDGE ( 'NONE', *, *, #202, .F. ) ;
#3016 = VERTEX_POINT ( 'NONE', #2608 ) ;
#3017 = DIRECTION ( 'NONE',  ( -1.494344201662502786E-16, -0.000000000000000000, -1.000000000000000000 ) ) ;
#3018 = AXIS2_PLACEMENT_3D ( 'NONE', #7483, #8096, #1257 ) ;
#3019 = LINE ( 'NONE', #3632, #6299 ) ;
#3020 = PRESENTATION_LAYER_ASSIGNMENT (  '', '', ( #6287 ) ) ;
#3021 = ORIENTED_EDGE ( 'NONE', *, *, #751, .F. ) ;
#3022 = CARTESIAN_POINT ( 'NONE',  ( -9.625000000000001776, -17.48437500000000000, -0.4687500000000009992 ) ) ;
#3023 = EDGE_CURVE ( 'NONE', #184, #491, #6098, .T. ) ;
#3024 = VECTOR ( 'NONE', #2434, 39.37007874015748143 ) ;
#3025 = VECTOR ( 'NONE', #5772, 39.37007874015748143 ) ;
#3026 =( LENGTH_UNIT ( ) NAMED_UNIT ( * ) SI_UNIT ( $, .METRE. ) );
#3027 = LINE ( 'NONE', #4401, #1571 ) ;
#3028 = ORIENTED_EDGE ( 'NONE', *, *, #6581, .T. ) ;
#3029 = CARTESIAN_POINT ( 'NONE',  ( 10.06250000000000355, 0.000000000000000000, -14.81249999999999822 ) ) ;
#3030 = ORIENTED_EDGE ( 'NONE', *, *, #2570, .T. ) ;
#3031 = DIRECTION ( 'NONE',  ( 1.000000000000000000, 0.000000000000000000, 0.000000000000000000 ) ) ;
#3032 = VECTOR ( 'NONE', #2316, 39.37007874015748143 ) ;
#3033 =( NAMED_UNIT ( * ) PLANE_ANGLE_UNIT ( ) SI_UNIT ( $, .RADIAN. ) );
#3034 = DIRECTION ( 'NONE',  ( 0.000000000000000000, 1.000000000000000000, 0.000000000000000000 ) ) ;
#3035 = DIRECTION ( 'NONE',  ( 0.000000000000000000, -1.000000000000000000, 0.000000000000000000 ) ) ;
#3036 = VECTOR ( 'NONE', #3115, 39.37007874015748143 ) ;
#3037 = ORIENTED_EDGE ( 'NONE', *, *, #3213, .F. ) ;
#3038 = EDGE_CURVE ( 'NONE', #1896, #6410, #991, .T. ) ;
#3039 = VECTOR ( 'NONE', #367, 39.37007874015748143 ) ;
#3040 = CARTESIAN_POINT ( 'NONE',  ( 8.968750000000000000, -6.031250000000000888, -12.53125000000000000 ) ) ;
#3041 = FACE_OUTER_BOUND ( 'NONE', #6208, .T. ) ;
#3042 = ORIENTED_EDGE ( 'NONE', *, *, #3664, .F. ) ;
#3043 = FACE_OUTER_BOUND ( 'NONE', #3123, .T. ) ;
#3044 = DIRECTION ( 'NONE',  ( 0.000000000000000000, 1.000000000000000000, 0.000000000000000000 ) ) ;
#3045 = VECTOR ( 'NONE', #5462, 39.37007874015748143 ) ;
#3046 = ORIENTED_EDGE ( 'NONE', *, *, #5267, .T. ) ;
#3047 = LINE ( 'NONE', #7535, #6168 ) ;
#3048 = ADVANCED_FACE ( 'NONE', ( #7310 ), #4143, .F. ) ;
#3049 = VECTOR ( 'NONE', #6984, 39.37007874015748143 ) ;
#3050 = LINE ( 'NONE', #5624, #3531 ) ;
#3051 = VECTOR ( 'NONE', #3306, 39.37007874015748143 ) ;
#3052 = DIRECTION ( 'NONE',  ( -0.000000000000000000, 1.000000000000000000, -0.000000000000000000 ) ) ;
#3053 = ORIENTED_EDGE ( 'NONE', *, *, #3792, .T. ) ;
#3054 = VECTOR ( 'NONE', #4495, 39.37007874015748143 ) ;
#3055 = ORIENTED_EDGE ( 'NONE', *, *, #8164, .F. ) ;
#3056 = CARTESIAN_POINT ( 'NONE',  ( -9.312500000000001776, -6.500000000000000000, -4.687500000000000000 ) ) ;
#3057 = DIRECTION ( 'NONE',  ( -1.407149067159057885E-16, -0.000000000000000000, -1.000000000000000000 ) ) ;
#3058 = EDGE_CURVE ( 'NONE', #3467, #963, #1429, .T. ) ;
#3059 = VERTEX_POINT ( 'NONE', #7269 ) ;
#3060 = VECTOR ( 'NONE', #7096, 39.37007874015748143 ) ;
#3061 = FACE_OUTER_BOUND ( 'NONE', #3234, .T. ) ;
#3062 = FACE_OUTER_BOUND ( 'NONE', #7257, .T. ) ;
#3063 = EDGE_CURVE ( 'NONE', #6799, #449, #6550, .T. ) ;
#3064 = CARTESIAN_POINT ( 'NONE',  ( 8.000000000000003553, -0.2500000000000074385, -14.78125000000000355 ) ) ;
#3065 = VERTEX_POINT ( 'NONE', #4738 ) ;
#3066 = CARTESIAN_POINT ( 'NONE',  ( 9.437500000000003553, -6.500000000000000000, -8.062500000000000000 ) ) ;
#3067 = EDGE_LOOP ( 'NONE', ( #7010, #2565, #1111, #8168 ) ) ;
#3068 = DIRECTION ( 'NONE',  ( 0.000000000000000000, 1.000000000000000000, 0.000000000000000000 ) ) ;
#3069 = EDGE_CURVE ( 'NONE', #7253, #5032, #7964, .T. ) ;
#3070 = DIRECTION ( 'NONE',  ( 1.681137226870315542E-16, -1.000000000000000000, 0.000000000000000000 ) ) ;
#3071 = VECTOR ( 'NONE', #3825, 39.37007874015748143 ) ;
#3072 = CARTESIAN_POINT ( 'NONE',  ( 9.437500000000001776, -6.500000000000000000, -14.49999999999999822 ) ) ;
#3073 = ORIENTED_EDGE ( 'NONE', *, *, #5887, .T. ) ;
#3074 = AXIS2_PLACEMENT_3D ( 'NONE', #3078, #3816, #6981 ) ;
#3075 = VERTEX_POINT ( 'NONE', #2325 ) ;
#3076 = CARTESIAN_POINT ( 'NONE',  ( -8.968750000000000000, -6.031250000000000888, -12.53125000000000000 ) ) ;
#3077 = UNCERTAINTY_MEASURE_WITH_UNIT (LENGTH_MEASURE( 1.000000000000000082E-05 ), #744, 'distance_accuracy_value', 'NONE');
#3078 = CARTESIAN_POINT ( 'NONE',  ( 10.06250000000000355, 2.834292293426673064E-15, -15.25000000000000000 ) ) ;
#3079 = ORIENTED_EDGE ( 'NONE', *, *, #849, .F. ) ;
#3080 = CIRCLE ( 'NONE', #6630, 0.4375000000000002776 ) ;
#3081 = LINE ( 'NONE', #5661, #5508 ) ;
#3082 = ADVANCED_FACE ( 'NONE', ( #6059 ), #6679, .F. ) ;
#3083 = CARTESIAN_POINT ( 'NONE',  ( 0.000000000000000000, -0.2499999999999997224, -14.78125000000000178 ) ) ;
#3084 = ORIENTED_EDGE ( 'NONE', *, *, #6699, .F. ) ;
#3085 = DIRECTION ( 'NONE',  ( 1.000000000000000000, 0.000000000000000000, 0.000000000000000000 ) ) ;
#3086 = ORIENTED_EDGE ( 'NONE', *, *, #5718, .T. ) ;
#3087 = CARTESIAN_POINT ( 'NONE',  ( 8.187500000000003553, -17.48437499999999645, -14.53125000000000000 ) ) ;
#3088 = DIRECTION ( 'NONE',  ( 0.000000000000000000, 1.000000000000000000, 0.000000000000000000 ) ) ;
#3089 = EDGE_LOOP ( 'NONE', ( #47, #1130, #4352, #1189 ) ) ;
#3090 = EDGE_CURVE ( 'NONE', #2203, #7906, #2979, .T. ) ;
#3091 = VERTEX_POINT ( 'NONE', #1662 ) ;
#3092 = FACE_OUTER_BOUND ( 'NONE', #283, .T. ) ;
#3093 = ORIENTED_EDGE ( 'NONE', *, *, #5863, .F. ) ;
#3094 = DIRECTION ( 'NONE',  ( 0.000000000000000000, 1.000000000000000000, 0.000000000000000000 ) ) ;
#3095 = ORIENTED_EDGE ( 'NONE', *, *, #2908, .F. ) ;
#3096 = FACE_OUTER_BOUND ( 'NONE', #4001, .T. ) ;
#3097 = DIRECTION ( 'NONE',  ( -1.000000000000000000, 0.000000000000000000, -7.284927983104701916E-16 ) ) ;
#3098 = CARTESIAN_POINT ( 'NONE',  ( -8.968750000000000000, -3.500000000000000000, -16.00000000000000000 ) ) ;
#3099 = DIRECTION ( 'NONE',  ( 7.471721008312515165E-17, 0.000000000000000000, 1.000000000000000000 ) ) ;
#3100 = ADVANCED_FACE ( 'NONE', ( #4652 ), #5478, .T. ) ;
#3101 = CARTESIAN_POINT ( 'NONE',  ( -9.625000000000001776, -5.000000000000000000, -14.49999999999999822 ) ) ;
#3102 = ORIENTED_EDGE ( 'NONE', *, *, #831, .T. ) ;
#3103 = LINE ( 'NONE', #7510, #3326 ) ;
#3104 = ORIENTED_EDGE ( 'NONE', *, *, #5585, .F. ) ;
#3105 = FACE_OUTER_BOUND ( 'NONE', #5011, .T. ) ;
#3106 = ADVANCED_FACE ( 'NONE', ( #1533 ), #7344, .T. ) ;
#3107 = FILL_AREA_STYLE_COLOUR ( '', #5218 ) ;
#3108 = LINE ( 'NONE', #4987, #7606 ) ;
#3109 = ADVANCED_FACE ( 'NONE', ( #2946 ), #4694, .T. ) ;
#3110 = VERTEX_POINT ( 'NONE', #3559 ) ;
#3111 = DIRECTION ( 'NONE',  ( 0.000000000000000000, 0.000000000000000000, 1.000000000000000000 ) ) ;
#3112 = ORIENTED_EDGE ( 'NONE', *, *, #5863, .T. ) ;
#3113 = VECTOR ( 'NONE', #1379, 39.37007874015748143 ) ;
#3114 = ORIENTED_EDGE ( 'NONE', *, *, #5593, .T. ) ;
#3115 = DIRECTION ( 'NONE',  ( 0.000000000000000000, 1.000000000000000000, 0.000000000000000000 ) ) ;
#3116 = CARTESIAN_POINT ( 'NONE',  ( -8.656250000000001776, -14.48437499999999822, -0.4687500000000009992 ) ) ;
#3117 = FACE_OUTER_BOUND ( 'NONE', #5728, .T. ) ;
#3118 = ADVANCED_FACE ( 'NONE', ( #3440 ), #2156, .F. ) ;
#3119 = AXIS2_PLACEMENT_3D ( 'NONE', #1023, #4169, #6005 ) ;
#3120 = VERTEX_POINT ( 'NONE', #4097 ) ;
#3121 = CARTESIAN_POINT ( 'NONE',  ( 8.468750000000003553, -5.781250000000000000, -15.00000000000000000 ) ) ;
#3122 = LINE ( 'NONE', #3083, #808 ) ;
#3123 = EDGE_LOOP ( 'NONE', ( #3469, #2507, #5500, #1404 ) ) ;
#3124 = DIRECTION ( 'NONE',  ( -1.494344201662503279E-16, 0.000000000000000000, -1.000000000000000000 ) ) ;
#3125 = AXIS2_PLACEMENT_3D ( 'NONE', #4539, #4920, #7063 ) ;
#3126 = ORIENTED_EDGE ( 'NONE', *, *, #2716, .F. ) ;
#3127 = CARTESIAN_POINT ( 'NONE',  ( -9.312500000000001776, -6.500000000000000000, -7.937499999999999112 ) ) ;
#3128 = CARTESIAN_POINT ( 'NONE',  ( 8.187500000000003553, -17.48437499999999645, -14.53125000000000000 ) ) ;
#3129 = LINE ( 'NONE', #1266, #5688 ) ;
#3130 = ORIENTED_EDGE ( 'NONE', *, *, #1657, .F. ) ;
#3131 = AXIS2_PLACEMENT_3D ( 'NONE', #5779, #5824, #2708 ) ;
#3132 = ORIENTED_EDGE ( 'NONE', *, *, #8005, .T. ) ;
#3133 = FACE_OUTER_BOUND ( 'NONE', #7597, .T. ) ;
#3134 = EDGE_LOOP ( 'NONE', ( #846, #5179, #2879, #3053 ) ) ;
#3135 = FACE_OUTER_BOUND ( 'NONE', #4059, .T. ) ;
#3136 = EDGE_LOOP ( 'NONE', ( #4031, #6555, #5328, #4554 ) ) ;
#3137 = EDGE_CURVE ( 'NONE', #5591, #1588, #6596, .T. ) ;
#3138 = PRESENTATION_STYLE_ASSIGNMENT (( #5136 ) ) ;
#3139 = CARTESIAN_POINT ( 'NONE',  ( -9.437500000000001776, -1.500000000000000222, -14.49999999999999822 ) ) ;
#3140 = VECTOR ( 'NONE', #3839, 39.37007874015748143 ) ;
#3141 = DIRECTION ( 'NONE',  ( -0.000000000000000000, 0.000000000000000000, 1.000000000000000000 ) ) ;
#3142 = AXIS2_PLACEMENT_3D ( 'NONE', #7302, #5470, #6126 ) ;
#3143 = EDGE_LOOP ( 'NONE', ( #2758, #5190, #6247, #7659 ) ) ;
#3144 = CARTESIAN_POINT ( 'NONE',  ( -8.125000000000003553, -6.500000000000000000, 0.7187499999999992228 ) ) ;
#3145 = ORIENTED_EDGE ( 'NONE', *, *, #1736, .T. ) ;
#3146 = LINE ( 'NONE', #6800, #1168 ) ;
#3147 = EDGE_CURVE ( 'NONE', #61, #7304, #2860, .T. ) ;
#3148 = AXIS2_PLACEMENT_3D ( 'NONE', #1367, #2026, #2697 ) ;
#3149 = VECTOR ( 'NONE', #3841, 39.37007874015748143 ) ;
#3150 = PLANE ( 'NONE',  #5366 ) ;
#3151 = DIRECTION ( 'NONE',  ( 0.000000000000000000, 0.000000000000000000, 1.000000000000000000 ) ) ;
#3152 = ORIENTED_EDGE ( 'NONE', *, *, #400, .F. ) ;
#3153 = CARTESIAN_POINT ( 'NONE',  ( 10.06250000000000355, -14.48437499999999822, -14.81249999999999822 ) ) ;
#3154 = ORIENTED_EDGE ( 'NONE', *, *, #6975, .F. ) ;
#3155 = ADVANCED_BREP_SHAPE_REPRESENTATION ( 'NightStand', ( #1142, #3631, #3645, #925, #3748, #1056, #1348, #6494, #6658, #6518, #3656, #6468, #6853, #3850, #6620, #1167, #1197, #893, #1439, #6702, #4203, #4118, #6380, #1095, #1039, #3990, #6355, #1081, #1117, #3761, #3801, #6367, #1106, #6575, #3774, #4067, #4095 ), #7775 ) ;
#3156 = VERTEX_POINT ( 'NONE', #364 ) ;
#3157 = EDGE_CURVE ( 'NONE', #3201, #1818, #2905, .T. ) ;
#3158 = DIRECTION ( 'NONE',  ( -1.500757696090239076E-16, 0.000000000000000000, -1.000000000000000000 ) ) ;
#3159 = MECHANICAL_DESIGN_GEOMETRIC_PRESENTATION_REPRESENTATION (  '', ( #5115 ), #7765 ) ;
#3160 = DIRECTION ( 'NONE',  ( -0.000000000000000000, 0.000000000000000000, 1.000000000000000000 ) ) ;
#3161 = UNCERTAINTY_MEASURE_WITH_UNIT (LENGTH_MEASURE( 1.000000000000000082E-05 ), #3754, 'distance_accuracy_value', 'NONE');
#3162 = ORIENTED_EDGE ( 'NONE', *, *, #8070, .T. ) ;
#3163 = LINE ( 'NONE', #2547, #487 ) ;
#3164 =( NAMED_UNIT ( * ) SI_UNIT ( $, .STERADIAN. ) SOLID_ANGLE_UNIT ( ) );
#3165 = AXIS2_PLACEMENT_3D ( 'NONE', #1664, #1703, #2824 ) ;
#3166 = EDGE_LOOP ( 'NONE', ( #8151, #315, #5070, #1352, #5790, #2971, #2849, #4724 ) ) ;
#3167 = PRESENTATION_STYLE_ASSIGNMENT (( #3698 ) ) ;
#3168 = ADVANCED_FACE ( 'NONE', ( #520 ), #1113, .T. ) ;
#3169 = ORIENTED_EDGE ( 'NONE', *, *, #5795, .T. ) ;
#3170 = VECTOR ( 'NONE', #5035, 39.37007874015748143 ) ;
#3171 = DIRECTION ( 'NONE',  ( -0.000000000000000000, 1.000000000000000000, -0.000000000000000000 ) ) ;
#3172 = VERTEX_POINT ( 'NONE', #7543 ) ;
#3173 = ORIENTED_EDGE ( 'NONE', *, *, #378, .T. ) ;
#3174 = ORIENTED_EDGE ( 'NONE', *, *, #7421, .F. ) ;
#3175 = LINE ( 'NONE', #2518, #3024 ) ;
#3176 = EDGE_CURVE ( 'NONE', #3460, #3845, #3711, .T. ) ;
#3177 = AXIS2_PLACEMENT_3D ( 'NONE', #6635, #320, #896 ) ;
#3178 = VERTEX_POINT ( 'NONE', #5517 ) ;
#3179 = DIRECTION ( 'NONE',  ( 0.000000000000000000, 1.000000000000000000, 0.000000000000000000 ) ) ;
#3180 = VECTOR ( 'NONE', #4544, 39.37007874015748143 ) ;
#3181 = LENGTH_MEASURE_WITH_UNIT ( LENGTH_MEASURE( 0.02539999999999999897 ), #3026 );
#3182 = VECTOR ( 'NONE', #736, 39.37007874015748143 ) ;
#3183 = DIRECTION ( 'NONE',  ( 0.000000000000000000, 0.000000000000000000, 1.000000000000000000 ) ) ;
#3184 = ADVANCED_FACE ( 'NONE', ( #3135 ), #1897, .T. ) ;
#3185 = ORIENTED_EDGE ( 'NONE', *, *, #7363, .F. ) ;
#3186 = DIRECTION ( 'NONE',  ( -1.000000000000000000, 0.000000000000000000, -5.463695987328507701E-16 ) ) ;
#3187 = ORIENTED_EDGE ( 'NONE', *, *, #7440, .T. ) ;
#3188 = DIRECTION ( 'NONE',  ( 0.000000000000000000, 0.000000000000000000, -1.000000000000000000 ) ) ;
#3189 = VECTOR ( 'NONE', #914, 39.37007874015748143 ) ;
#3190 = CARTESIAN_POINT ( 'NONE',  ( 4.937500000000005329, 0.000000000000000000, 0.4062500000000006106 ) ) ;
#3191 = SURFACE_STYLE_USAGE ( .BOTH. , #2569 ) ;
#3192 = DIRECTION ( 'NONE',  ( 0.000000000000000000, -0.000000000000000000, -1.000000000000000000 ) ) ;
#3193 = ADVANCED_FACE ( 'NONE', ( #6832 ), #6293, .T. ) ;
#3194 = ORIENTED_EDGE ( 'NONE', *, *, #147, .F. ) ;
#3195 = CARTESIAN_POINT ( 'NONE',  ( 4.812500000000003553, -6.500000000000000000, 0.5312500000000011102 ) ) ;
#3196 = ORIENTED_EDGE ( 'NONE', *, *, #3637, .T. ) ;
#3197 = ORIENTED_EDGE ( 'NONE', *, *, #5561, .F. ) ;
#3198 = DIRECTION ( 'NONE',  ( 0.000000000000000000, 1.000000000000000000, 0.000000000000000000 ) ) ;
#3199 = DIRECTION ( 'NONE',  ( -0.000000000000000000, 1.000000000000000000, -0.000000000000000000 ) ) ;
#3200 = FACE_OUTER_BOUND ( 'NONE', #4902, .T. ) ;
#3201 = VERTEX_POINT ( 'NONE', #4393 ) ;
#3202 = LINE ( 'NONE', #5702, #3275 ) ;
#3203 = EDGE_CURVE ( 'NONE', #3487, #3738, #3175, .T. ) ;
#3204 = CARTESIAN_POINT ( 'NONE',  ( -4.812500000000004441, -6.500000000000000000, 0.4062500000000005551 ) ) ;
#3205 = VECTOR ( 'NONE', #6542, 39.37007874015748143 ) ;
#3206 = ORIENTED_EDGE ( 'NONE', *, *, #7793, .T. ) ;
#3207 = DIRECTION ( 'NONE',  ( 0.000000000000000000, 1.000000000000000000, 0.000000000000000000 ) ) ;
#3208 = ADVANCED_FACE ( 'NONE', ( #1192 ), #4854, .F. ) ;
#3209 = AXIS2_PLACEMENT_3D ( 'NONE', #7252, #1605, #3503 ) ;
#3210 =( LENGTH_UNIT ( ) NAMED_UNIT ( * ) SI_UNIT ( $, .METRE. ) );
#3211 = PLANE ( 'NONE',  #169 ) ;
#3212 = ORIENTED_EDGE ( 'NONE', *, *, #679, .T. ) ;
#3213 = EDGE_CURVE ( 'NONE', #324, #575, #638, .T. ) ;
#3214 = ORIENTED_EDGE ( 'NONE', *, *, #6075, .F. ) ;
#3215 = EDGE_LOOP ( 'NONE', ( #5066, #6876, #5871, #4737 ) ) ;
#3216 = CARTESIAN_POINT ( 'NONE',  ( -9.156250000000001776, -14.48437499999999822, -0.4687500000000010547 ) ) ;
#3217 = EDGE_LOOP ( 'NONE', ( #3833, #5693, #286, #3903 ) ) ;
#3218 = CARTESIAN_POINT ( 'NONE',  ( 9.625000000000003553, 2.296212748401287578E-15, -14.49999999999999822 ) ) ;
#3219 = LINE ( 'NONE', #35, #5292 ) ;
#3220 = CARTESIAN_POINT ( 'NONE',  ( -8.125000000000003553, -1.499999999999999778, 0.5312499999999997780 ) ) ;
#3221 = DIRECTION ( 'NONE',  ( 0.000000000000000000, -1.000000000000000000, 0.000000000000000000 ) ) ;
#3222 = DIRECTION ( 'NONE',  ( 0.000000000000000000, 1.000000000000000000, 0.000000000000000000 ) ) ;
#3223 = EDGE_LOOP ( 'NONE', ( #5307, #2051, #726, #5962 ) ) ;
#3224 = DIRECTION ( 'NONE',  ( 1.000000000000000000, 0.000000000000000000, -0.000000000000000000 ) ) ;
#3225 = EDGE_LOOP ( 'NONE', ( #1923, #2326, #242, #2312 ) ) ;
#3226 = CARTESIAN_POINT ( 'NONE',  ( 8.000000000000003553, -5.781250000000000000, -14.53125000000000000 ) ) ;
#3227 = CARTESIAN_POINT ( 'NONE',  ( -8.468750000000005329, -0.2500000000000074385, -14.78125000000000178 ) ) ;
#3228 = ADVANCED_FACE ( 'NONE', ( #5590 ), #6911, .F. ) ;
#3229 = CARTESIAN_POINT ( 'NONE',  ( -11.00000000000000000, 0.4687500000000002776, 1.156250000000002442 ) ) ;
#3230 = EDGE_LOOP ( 'NONE', ( #2099, #8082, #1402, #5358 ) ) ;
#3231 = DIRECTION ( 'NONE',  ( -1.000000000000000000, -0.000000000000000000, -0.000000000000000000 ) ) ;
#3232 = EDGE_LOOP ( 'NONE', ( #2632, #6943 ) ) ;
#3233 = CARTESIAN_POINT ( 'NONE',  ( -9.437500000000001776, -6.500000000000000000, -14.49999999999999822 ) ) ;
#3234 = EDGE_LOOP ( 'NONE', ( #4211, #6964, #2460, #1280 ) ) ;
#3235 = DIRECTION ( 'NONE',  ( 1.000000000000000000, 0.000000000000000000, 0.000000000000000000 ) ) ;
#3236 = ADVANCED_FACE ( 'NONE', ( #7425 ), #1272, .T. ) ;
#3237 = EDGE_CURVE ( 'NONE', #3241, #6024, #3019, .T. ) ;
#3238 = CARTESIAN_POINT ( 'NONE',  ( -8.000000000000003553, -0.2499999999999997224, -14.53125000000000000 ) ) ;
#3239 = UNCERTAINTY_MEASURE_WITH_UNIT (LENGTH_MEASURE( 1.000000000000000082E-05 ), #4885, 'distance_accuracy_value', 'NONE');
#3240 = FACE_OUTER_BOUND ( 'NONE', #7081, .T. ) ;
#3241 = VERTEX_POINT ( 'NONE', #8036 ) ;
#3242 = LINE ( 'NONE', #1960, #4578 ) ;
#3243 = LINE ( 'NONE', #5119, #4112 ) ;
#3244 = ORIENTED_EDGE ( 'NONE', *, *, #2101, .F. ) ;
#3245 = DIRECTION ( 'NONE',  ( 1.000000000000000000, -0.000000000000000000, 0.000000000000000000 ) ) ;
#3246 = VERTEX_POINT ( 'NONE', #1807 ) ;
#3247 = EDGE_CURVE ( 'NONE', #1393, #2800, #6211, .T. ) ;
#3248 = CLOSED_SHELL ( 'NONE', ( #2104, #336, #1133, #2133, #5332, #6634 ) ) ;
#3249 = FILL_AREA_STYLE ('',( #1227 ) ) ;
#3250 = CARTESIAN_POINT ( 'NONE',  ( 9.625000000000003553, -6.500000000000000000, -14.49999999999999822 ) ) ;
#3251 = ORIENTED_EDGE ( 'NONE', *, *, #2266, .F. ) ;
#3252 = VECTOR ( 'NONE', #5093, 39.37007874015748143 ) ;
#3253 = ORIENTED_EDGE ( 'NONE', *, *, #2586, .F. ) ;
#3254 = ORIENTED_EDGE ( 'NONE', *, *, #4866, .F. ) ;
#3255 = DIRECTION ( 'NONE',  ( 1.346415657017119838E-16, -1.000000000000000000, -0.000000000000000000 ) ) ;
#3256 = EDGE_CURVE ( 'NONE', #3866, #913, #4315, .T. ) ;
#3257 = DIRECTION ( 'NONE',  ( 1.000000000000000000, 0.000000000000000000, 0.000000000000000000 ) ) ;
#3258 = CIRCLE ( 'NONE', #6266, 0.4374999999999998890 ) ;
#3259 = DIRECTION ( 'NONE',  ( 0.000000000000000000, 1.000000000000000000, 0.000000000000000000 ) ) ;
#3260 = CARTESIAN_POINT ( 'NONE',  ( 10.06250000000000355, 0.2500000000000000000, -0.3125000000000029976 ) ) ;
#3261 = LINE ( 'NONE', #6381, #1169 ) ;
#3262 = ORIENTED_EDGE ( 'NONE', *, *, #6114, .T. ) ;
#3263 = FACE_OUTER_BOUND ( 'NONE', #4563, .T. ) ;
#3264 = VECTOR ( 'NONE', #1586, 39.37007874015748143 ) ;
#3265 = ORIENTED_EDGE ( 'NONE', *, *, #6669, .F. ) ;
#3266 = CARTESIAN_POINT ( 'NONE',  ( -8.656250000000001776, -17.48437500000000000, -0.4687500000000009992 ) ) ;
#3267 = LINE ( 'NONE', #3315, #3303 ) ;
#3268 = EDGE_CURVE ( 'NONE', #6667, #7910, #8109, .T. ) ;
#3269 = AXIS2_PLACEMENT_3D ( 'NONE', #7625, #2059, #7091 ) ;
#3270 = CARTESIAN_POINT ( 'NONE',  ( 8.968750000000000000, -6.031250000000000888, 0.000000000000000000 ) ) ;
#3271 = VECTOR ( 'NONE', #764, 39.37007874015748143 ) ;
#3272 = VERTEX_POINT ( 'NONE', #7500 ) ;
#3273 = DIRECTION ( 'NONE',  ( 0.000000000000000000, 1.000000000000000000, 0.000000000000000000 ) ) ;
#3274 = ORIENTED_EDGE ( 'NONE', *, *, #751, .T. ) ;
#3275 = VECTOR ( 'NONE', #3863, 39.37007874015748143 ) ;
#3276 = VERTEX_POINT ( 'NONE', #1854 ) ;
#3277 = CARTESIAN_POINT ( 'NONE',  ( 10.06250000000000355, -25.00000000000000000, -14.81249999999999822 ) ) ;
#3278 = DIRECTION ( 'NONE',  ( 0.000000000000000000, -1.000000000000000000, 0.000000000000000000 ) ) ;
#3279 = DIRECTION ( 'NONE',  ( 1.500757696090239076E-16, 0.000000000000000000, 1.000000000000000000 ) ) ;
#3280 = PLANE ( 'NONE',  #6925 ) ;
#3281 = AXIS2_PLACEMENT_3D ( 'NONE', #8083, #3641, #3188 ) ;
#3282 = VECTOR ( 'NONE', #7673, 39.37007874015748143 ) ;
#3283 = PLANE ( 'NONE',  #8019 ) ;
#3284 = CARTESIAN_POINT ( 'NONE',  ( -8.656250000000005329, -17.48437499999999645, -15.00000000000000000 ) ) ;
#3285 = CARTESIAN_POINT ( 'NONE',  ( -10.06250000000000355, 0.2500000000000000000, -15.25000000000000000 ) ) ;
#3286 = EDGE_CURVE ( 'NONE', #2226, #1180, #7900, .T. ) ;
#3287 = ORIENTED_EDGE ( 'NONE', *, *, #2561, .F. ) ;
#3288 = PRESENTATION_LAYER_ASSIGNMENT (  '', '', ( #6829 ) ) ;
#3289 = VERTEX_POINT ( 'NONE', #5180 ) ;
#3290 = LINE ( 'NONE', #5791, #6444 ) ;
#3291 = FACE_OUTER_BOUND ( 'NONE', #5600, .T. ) ;
#3292 = CARTESIAN_POINT ( 'NONE',  ( -9.437500000000001776, 0.000000000000000000, 0.000000000000000000 ) ) ;
#3293 = ORIENTED_EDGE ( 'NONE', *, *, #2961, .F. ) ;
#3294 = LINE ( 'NONE', #5921, #3441 ) ;
#3295 = STYLED_ITEM ( 'NONE', ( #1246 ), #3801 ) ;
#3296 = EDGE_CURVE ( 'NONE', #1927, #4981, #194, .T. ) ;
#3297 = ORIENTED_EDGE ( 'NONE', *, *, #3542, .T. ) ;
#3298 = ORIENTED_EDGE ( 'NONE', *, *, #7363, .T. ) ;
#3299 = DIRECTION ( 'NONE',  ( -1.000000000000000000, 0.000000000000000000, -0.000000000000000000 ) ) ;
#3300 = ORIENTED_EDGE ( 'NONE', *, *, #912, .T. ) ;
#3301 = VECTOR ( 'NONE', #4511, 39.37007874015748143 ) ;
#3302 = DIRECTION ( 'NONE',  ( 0.000000000000000000, 0.000000000000000000, 1.000000000000000000 ) ) ;
#3303 = VECTOR ( 'NONE', #2158, 39.37007874015748143 ) ;
#3304 = DIRECTION ( 'NONE',  ( -1.000000000000000000, 0.000000000000000000, 0.000000000000000000 ) ) ;
#3305 = LINE ( 'NONE', #6297, #807 ) ;
#3306 = DIRECTION ( 'NONE',  ( -1.000000000000000000, 0.000000000000000000, 5.463695987328507701E-16 ) ) ;
#3307 = SURFACE_STYLE_USAGE ( .BOTH. , #6420 ) ;
#3308 = DIRECTION ( 'NONE',  ( 0.000000000000000000, 1.000000000000000000, 1.365923996832132102E-16 ) ) ;
#3309 = EDGE_CURVE ( 'NONE', #1009, #7596, #805, .T. ) ;
#3310 = ORIENTED_EDGE ( 'NONE', *, *, #1317, .T. ) ;
#3311 = FACE_OUTER_BOUND ( 'NONE', #6903, .T. ) ;
#3312 = VECTOR ( 'NONE', #3199, 39.37007874015748143 ) ;
#3313 = ORIENTED_EDGE ( 'NONE', *, *, #3865, .F. ) ;
#3314 = CARTESIAN_POINT ( 'NONE',  ( -9.437500000000001776, -6.500000000000000000, -16.00000000000000000 ) ) ;
#3315 = CARTESIAN_POINT ( 'NONE',  ( 8.000000000000003553, -5.781250000000000000, -14.78125000000000355 ) ) ;
#3316 = DIRECTION ( 'NONE',  ( 1.456985596620939397E-16, -0.000000000000000000, 1.000000000000000000 ) ) ;
#3317 = AXIS2_PLACEMENT_3D ( 'NONE', #6740, #5377, #2960 ) ;
#3318 = FACE_OUTER_BOUND ( 'NONE', #2466, .T. ) ;
#3319 = ADVANCED_FACE ( 'NONE', ( #5676 ), #2053, .F. ) ;
#3320 = AXIS2_PLACEMENT_3D ( 'NONE', #643, #1319, #5184 ) ;
#3321 = CARTESIAN_POINT ( 'NONE',  ( 8.187500000000003553, -17.48437499999999645, -14.78125000000000355 ) ) ;
#3322 = CARTESIAN_POINT ( 'NONE',  ( -10.06250000000000355, -14.48437499999999822, -15.25000000000000000 ) ) ;
#3323 = ADVANCED_FACE ( 'NONE', ( #5090 ), #31, .F. ) ;
#3324 = ORIENTED_EDGE ( 'NONE', *, *, #1419, .T. ) ;
#3325 = DIRECTION ( 'NONE',  ( 1.000000000000000000, 0.000000000000000000, 0.000000000000000000 ) ) ;
#3326 = VECTOR ( 'NONE', #1780, 39.37007874015748143 ) ;
#3327 = ORIENTED_EDGE ( 'NONE', *, *, #7341, .T. ) ;
#3328 = FACE_OUTER_BOUND ( 'NONE', #3651, .T. ) ;
#3329 = AXIS2_PLACEMENT_3D ( 'NONE', #4012, #1366, #5188 ) ;
#3330 = CARTESIAN_POINT ( 'NONE',  ( 8.187500000000003553, -14.73437499999999645, -14.78125000000000355 ) ) ;
#3331 = CARTESIAN_POINT ( 'NONE',  ( -11.00000000000000000, -14.01562499999999822, 1.156250000000002220 ) ) ;
#3332 = CARTESIAN_POINT ( 'NONE',  ( -8.125000000000003553, -6.500000000000000000, 0.7187499999999992228 ) ) ;
#3333 = CARTESIAN_POINT ( 'NONE',  ( 9.625000000000005329, 0.000000000000000000, -16.00000000000000000 ) ) ;
#3334 = CARTESIAN_POINT ( 'NONE',  ( -8.125000000000003553, 0.000000000000000000, 0.5312500000000000000 ) ) ;
#3335 = ORIENTED_EDGE ( 'NONE', *, *, #1114, .F. ) ;
#3336 = VECTOR ( 'NONE', #5738, 39.37007874015748143 ) ;
#3337 = ORIENTED_EDGE ( 'NONE', *, *, #4175, .T. ) ;
#3338 = CARTESIAN_POINT ( 'NONE',  ( 11.00000000000000000, 2.962114445437663496E-15, 1.156250000000002442 ) ) ;
#3339 = LINE ( 'NONE', #6496, #786 ) ;
#3340 = CARTESIAN_POINT ( 'NONE',  ( 9.437500000000001776, -6.500000000000000000, -1.500000000000000222 ) ) ;
#3341 = EDGE_CURVE ( 'NONE', #314, #1390, #6412, .T. ) ;
#3342 = ORIENTED_EDGE ( 'NONE', *, *, #7604, .F. ) ;
#3343 = VECTOR ( 'NONE', #3052, 39.37007874015748143 ) ;
#3344 = ORIENTED_EDGE ( 'NONE', *, *, #7730, .F. ) ;
#3345 = ORIENTED_EDGE ( 'NONE', *, *, #296, .T. ) ;
#3346 = LINE ( 'NONE', #2595, #5639 ) ;
#3347 = VECTOR ( 'NONE', #311, 39.37007874015748143 ) ;
#3348 = FACE_OUTER_BOUND ( 'NONE', #7434, .T. ) ;
#3349 = LINE ( 'NONE', #6503, #2478 ) ;
#3350 = LINE ( 'NONE', #196, #684 ) ;
#3351 = EDGE_CURVE ( 'NONE', #7077, #2515, #6502, .T. ) ;
#3352 = CARTESIAN_POINT ( 'NONE',  ( -11.00000000000000000, -14.48437499999999822, -16.00000000000000000 ) ) ;
#3353 = CARTESIAN_POINT ( 'NONE',  ( -8.968750000000000000, -6.031250000000000888, -12.53125000000000000 ) ) ;
#3354 = DIMENSIONAL_EXPONENTS ( 1.000000000000000000, 0.000000000000000000, 0.000000000000000000, 0.000000000000000000, 0.000000000000000000, 0.000000000000000000, 0.000000000000000000 ) ;
#3355 = LINE ( 'NONE', #5846, #2625 ) ;
#3356 = VERTEX_POINT ( 'NONE', #6375 ) ;
#3357 = CARTESIAN_POINT ( 'NONE',  ( 8.125000000000003553, -5.000000000000000000, 0.5312499999999993339 ) ) ;
#3358 = ORIENTED_EDGE ( 'NONE', *, *, #1657, .T. ) ;
#3359 = CARTESIAN_POINT ( 'NONE',  ( -8.656250000000005329, -25.00000000000000000, -14.78125000000000178 ) ) ;
#3360 = FACE_OUTER_BOUND ( 'NONE', #6105, .T. ) ;
#3361 = DIRECTION ( 'NONE',  ( 0.000000000000000000, -0.000000000000000000, 1.000000000000000000 ) ) ;
#3362 = LINE ( 'NONE', #247, #613 ) ;
#3363 = ADVANCED_FACE ( 'NONE', ( #69 ), #1972, .T. ) ;
#3364 = CARTESIAN_POINT ( 'NONE',  ( 0.000000000000000000, -0.2499999999999997224, 0.000000000000000000 ) ) ;
#3365 = ORIENTED_EDGE ( 'NONE', *, *, #973, .F. ) ;
#3366 = CARTESIAN_POINT ( 'NONE',  ( -8.968750000000000000, -6.500000000000000000, -12.53125000000000000 ) ) ;
#3367 = ORIENTED_EDGE ( 'NONE', *, *, #317, .F. ) ;
#3368 = EDGE_CURVE ( 'NONE', #449, #3059, #717, .T. ) ;
#3369 =( NAMED_UNIT ( * ) SI_UNIT ( $, .STERADIAN. ) SOLID_ANGLE_UNIT ( ) );
#3370 = LENGTH_MEASURE_WITH_UNIT ( LENGTH_MEASURE( 0.02539999999999999897 ), #2256 );
#3371 = EDGE_CURVE ( 'NONE', #7048, #906, #6335, .T. ) ;
#3372 = CARTESIAN_POINT ( 'NONE',  ( -8.968750000000000000, 0.000000000000000000, -16.00000000000000000 ) ) ;
#3373 = CARTESIAN_POINT ( 'NONE',  ( 8.187500000000003553, -25.00000000000000000, -14.78125000000000355 ) ) ;
#3374 = CARTESIAN_POINT ( 'NONE',  ( -9.625000000000003553, -6.500000000000000000, 0.5312500000000012212 ) ) ;
#3375 = DIRECTION ( 'NONE',  ( -0.000000000000000000, -0.000000000000000000, 1.000000000000000000 ) ) ;
#3376 = ORIENTED_EDGE ( 'NONE', *, *, #3686, .T. ) ;
#3377 = DIRECTION ( 'NONE',  ( -1.000000000000000000, -1.346415657017117373E-16, 0.000000000000000000 ) ) ;
#3378 = ORIENTED_EDGE ( 'NONE', *, *, #6558, .F. ) ;
#3379 = EDGE_CURVE ( 'NONE', #7763, #2619, #3346, .T. ) ;
#3380 = DIRECTION ( 'NONE',  ( 1.000000000000000000, 0.000000000000000000, 0.000000000000000000 ) ) ;
#3381 = CARTESIAN_POINT ( 'NONE',  ( -8.125000000000003553, -5.000000000000000000, 0.5312499999999993339 ) ) ;
#3382 = EDGE_LOOP ( 'NONE', ( #5058, #3540 ) ) ;
#3383 = VERTEX_POINT ( 'NONE', #1928 ) ;
#3384 = ORIENTED_EDGE ( 'NONE', *, *, #441, .F. ) ;
#3385 = CARTESIAN_POINT ( 'NONE',  ( 10.06250000000000355, -14.01562499999999822, -0.3125000000000029976 ) ) ;
#3386 = CLOSED_SHELL ( 'NONE', ( #249, #7120, #5808, #6109, #7089, #7539 ) ) ;
#3387 = CARTESIAN_POINT ( 'NONE',  ( 9.625000000000003553, 2.296212748401287578E-15, -14.49999999999999822 ) ) ;
#3388 = FACE_OUTER_BOUND ( 'NONE', #6674, .T. ) ;
#3389 = PLANE ( 'NONE',  #6030 ) ;
#3390 = VECTOR ( 'NONE', #3893, 39.37007874015748143 ) ;
#3391 = CARTESIAN_POINT ( 'NONE',  ( 8.125000000000003553, -1.499999999999999778, 0.7187499999999992228 ) ) ;
#3392 = EDGE_LOOP ( 'NONE', ( #2371, #4964, #4864, #132 ) ) ;
#3393 = DIRECTION ( 'NONE',  ( -1.000000000000000000, 0.000000000000000000, 0.000000000000000000 ) ) ;
#3394 = ADVANCED_FACE ( 'NONE', ( #5841 ), #2556, .F. ) ;
#3395 = FACE_OUTER_BOUND ( 'NONE', #129, .T. ) ;
#3396 = FACE_OUTER_BOUND ( 'NONE', #5677, .T. ) ;
#3397 = AXIS2_PLACEMENT_3D ( 'NONE', #8101, #585, #1263 ) ;
#3398 = PRESENTATION_STYLE_ASSIGNMENT (( #695 ) ) ;
#3399 = PLANE ( 'NONE',  #6815 ) ;
#3400 = AXIS2_PLACEMENT_3D ( 'NONE', #6967, #6890, #6263 ) ;
#3401 = ORIENTED_EDGE ( 'NONE', *, *, #7936, .T. ) ;
#3402 = FACE_OUTER_BOUND ( 'NONE', #3954, .T. ) ;
#3403 = VERTEX_POINT ( 'NONE', #3216 ) ;
#3404 = EDGE_CURVE ( 'NONE', #4412, #4261, #112, .T. ) ;
#3405 = DIMENSIONAL_EXPONENTS ( 1.000000000000000000, 0.000000000000000000, 0.000000000000000000, 0.000000000000000000, 0.000000000000000000, 0.000000000000000000, 0.000000000000000000 ) ;
#3406 = DIRECTION ( 'NONE',  ( -1.224646799147353207E-16, 1.000000000000000000, 0.000000000000000000 ) ) ;
#3407 = PRESENTATION_LAYER_ASSIGNMENT (  '', '', ( #7350 ) ) ;
#3408 = CARTESIAN_POINT ( 'NONE',  ( 9.156249999999998224, -17.48437500000000000, -0.4687500000000068279 ) ) ;
#3409 = STYLED_ITEM ( 'NONE', ( #7958 ), #1348 ) ;
#3410 = DIRECTION ( 'NONE',  ( 0.000000000000000000, 0.000000000000000000, 1.000000000000000000 ) ) ;
#3411 =( NAMED_UNIT ( * ) SI_UNIT ( $, .STERADIAN. ) SOLID_ANGLE_UNIT ( ) );
#3412 = DIRECTION ( 'NONE',  ( 0.000000000000000000, 0.000000000000000000, -1.000000000000000000 ) ) ;
#3413 = DIRECTION ( 'NONE',  ( -1.000000000000000000, 0.000000000000000000, 2.386870601972871863E-16 ) ) ;
#3414 = CIRCLE ( 'NONE', #5238, 0.4375000000000002776 ) ;
#3415 = ADVANCED_FACE ( 'NONE', ( #7665 ), #4598, .T. ) ;
#3416 = ORIENTED_EDGE ( 'NONE', *, *, #6767, .T. ) ;
#3417 = CARTESIAN_POINT ( 'NONE',  ( -10.06250000000000355, 1.365923996832131609E-16, -15.25000000000000000 ) ) ;
#3418 = ORIENTED_EDGE ( 'NONE', *, *, #6429, .T. ) ;
#3419 = DIRECTION ( 'NONE',  ( 1.000000000000000000, 0.000000000000000000, 0.000000000000000000 ) ) ;
#3420 = VECTOR ( 'NONE', #5402, 39.37007874015748143 ) ;
#3421 = VECTOR ( 'NONE', #6882, 39.37007874015748143 ) ;
#3422 = CARTESIAN_POINT ( 'NONE',  ( 9.625000000000003553, 0.000000000000000000, 0.000000000000000000 ) ) ;
#3423 = DIRECTION ( 'NONE',  ( -8.741913579725612322E-15, -0.000000000000000000, -1.000000000000000000 ) ) ;
#3424 = EDGE_CURVE ( 'NONE', #760, #549, #2375, .T. ) ;
#3425 = ORIENTED_EDGE ( 'NONE', *, *, #3237, .T. ) ;
#3426 = CARTESIAN_POINT ( 'NONE',  ( -9.625000000000003553, -6.123233995736796851E-17, -14.49999999999999822 ) ) ;
#3427 = EDGE_CURVE ( 'NONE', #3276, #7030, #4433, .T. ) ;
#3428 = EDGE_LOOP ( 'NONE', ( #1148, #445, #2584, #7850 ) ) ;
#3429 = VECTOR ( 'NONE', #2183, 39.37007874015748143 ) ;
#3430 = VERTEX_POINT ( 'NONE', #4519 ) ;
#3431 = DIRECTION ( 'NONE',  ( 0.000000000000000000, 0.000000000000000000, -1.000000000000000000 ) ) ;
#3432 = LINE ( 'NONE', #5311, #4963 ) ;
#3433 = DIRECTION ( 'NONE',  ( 1.000000000000000000, 0.000000000000000000, -0.000000000000000000 ) ) ;
#3434 = LINE ( 'NONE', #1996, #7791 ) ;
#3435 = DIRECTION ( 'NONE',  ( -8.741913579725612322E-15, 0.000000000000000000, 1.000000000000000000 ) ) ;
#3436 = EDGE_LOOP ( 'NONE', ( #7703, #1721, #4535, #3030 ) ) ;
#3437 = FACE_OUTER_BOUND ( 'NONE', #4370, .T. ) ;
#3438 = STYLED_ITEM ( 'NONE', ( #5905 ), #3155 ) ;
#3439 = VERTEX_POINT ( 'NONE', #1314 ) ;
#3440 = FACE_OUTER_BOUND ( 'NONE', #556, .T. ) ;
#3441 = VECTOR ( 'NONE', #1480, 39.37007874015748143 ) ;
#3442 = VERTEX_POINT ( 'NONE', #7041 ) ;
#3443 = DIRECTION ( 'NONE',  ( 0.000000000000000000, 0.000000000000000000, -1.000000000000000000 ) ) ;
#3444 = UNCERTAINTY_MEASURE_WITH_UNIT (LENGTH_MEASURE( 1.000000000000000082E-05 ), #2293, 'distance_accuracy_value', 'NONE');
#3445 = ADVANCED_FACE ( 'NONE', ( #761 ), #5800, .F. ) ;
#3446 = CIRCLE ( 'NONE', #8038, 0.4375000000000009992 ) ;
#3447 = EDGE_LOOP ( 'NONE', ( #4274, #2109, #3310, #2891 ) ) ;
#3448 = FACE_OUTER_BOUND ( 'NONE', #6481, .T. ) ;
#3449 = ORIENTED_EDGE ( 'NONE', *, *, #7688, .F. ) ;
#3450 = CARTESIAN_POINT ( 'NONE',  ( -8.000000000000003553, -5.781250000000000000, -14.78125000000000178 ) ) ;
#3451 = VECTOR ( 'NONE', #6485, 39.37007874015748143 ) ;
#3452 = LINE ( 'NONE', #1547, #4425 ) ;
#3453 = FACE_OUTER_BOUND ( 'NONE', #5637, .T. ) ;
#3454 = EDGE_CURVE ( 'NONE', #4022, #4110, #4205, .T. ) ;
#3455 = DIRECTION ( 'NONE',  ( 1.000000000000000000, 0.000000000000000000, 0.000000000000000000 ) ) ;
#3456 = PLANE ( 'NONE',  #370 ) ;
#3457 = VECTOR ( 'NONE', #3231, 39.37007874015748143 ) ;
#3458 = PLANE ( 'NONE',  #7920 ) ;
#3459 = VECTOR ( 'NONE', #6732, 39.37007874015748143 ) ;
#3460 = VERTEX_POINT ( 'NONE', #1570 ) ;
#3461 = AXIS2_PLACEMENT_3D ( 'NONE', #1938, #2063, #2023 ) ;
#3462 = CARTESIAN_POINT ( 'NONE',  ( 8.968750000000000000, -6.500000000000000000, 0.000000000000000000 ) ) ;
#3463 = DIMENSIONAL_EXPONENTS ( 1.000000000000000000, 0.000000000000000000, 0.000000000000000000, 0.000000000000000000, 0.000000000000000000, 0.000000000000000000, 0.000000000000000000 ) ;
#3464 = CARTESIAN_POINT ( 'NONE',  ( -11.00000000000000000, 0.4687500000000002776, -16.00000000000000000 ) ) ;
#3465 = LINE ( 'NONE', #7168, #4642 ) ;
#3466 = EDGE_CURVE ( 'NONE', #7542, #6336, #5391, .T. ) ;
#3467 = VERTEX_POINT ( 'NONE', #3385 ) ;
#3468 = VERTEX_POINT ( 'NONE', #4775 ) ;
#3469 = ORIENTED_EDGE ( 'NONE', *, *, #3737, .T. ) ;
#3470 = DIRECTION ( 'NONE',  ( -0.000000000000000000, 1.000000000000000000, -0.000000000000000000 ) ) ;
#3471 = EDGE_CURVE ( 'NONE', #190, #4131, #3546, .T. ) ;
#3472 = VECTOR ( 'NONE', #1185, 39.37007874015748143 ) ;
#3473 = LINE ( 'NONE', #6464, #7944 ) ;
#3474 = ADVANCED_FACE ( 'NONE', ( #4681 ), #2772, .T. ) ;
#3475 = DIRECTION ( 'NONE',  ( 1.500757696090239076E-16, 0.000000000000000000, 1.000000000000000000 ) ) ;
#3476 = DIRECTION ( 'NONE',  ( -1.000000000000000000, 0.000000000000000000, 0.000000000000000000 ) ) ;
#3477 = ORIENTED_EDGE ( 'NONE', *, *, #5645, .F. ) ;
#3478 = DIRECTION ( 'NONE',  ( 0.000000000000000000, 0.000000000000000000, 1.000000000000000000 ) ) ;
#3479 = AXIS2_PLACEMENT_3D ( 'NONE', #4299, #1216, #6196 ) ;
#3480 = ORIENTED_EDGE ( 'NONE', *, *, #4881, .F. ) ;
#3481 = DIRECTION ( 'NONE',  ( -1.000000000000000000, 0.000000000000000000, 5.463695987328507701E-16 ) ) ;
#3482 = EDGE_LOOP ( 'NONE', ( #2043, #3344 ) ) ;
#3483 = CARTESIAN_POINT ( 'NONE',  ( -10.06250000000000355, 1.365923996832131609E-16, -0.7500000000000033307 ) ) ;
#3484 = DIRECTION ( 'NONE',  ( 1.000000000000000000, -0.000000000000000000, -0.000000000000000000 ) ) ;
#3485 = SURFACE_STYLE_USAGE ( .BOTH. , #5324 ) ;
#3486 = PLANE ( 'NONE',  #1575 ) ;
#3487 = VERTEX_POINT ( 'NONE', #7209 ) ;
#3488 = CARTESIAN_POINT ( 'NONE',  ( 10.06250000000000355, 2.834292293426673064E-15, -14.81249999999999822 ) ) ;
#3489 = EDGE_LOOP ( 'NONE', ( #220, #6932, #7866, #3955 ) ) ;
#3490 = CARTESIAN_POINT ( 'NONE',  ( -9.312500000000001776, -6.500000000000000000, -7.937499999999999112 ) ) ;
#3491 = EDGE_CURVE ( 'NONE', #6780, #4640, #4583, .T. ) ;
#3492 =( NAMED_UNIT ( * ) PLANE_ANGLE_UNIT ( ) SI_UNIT ( $, .RADIAN. ) );
#3493 = ADVANCED_FACE ( 'NONE', ( #7300 ), #5266, .F. ) ;
#3494 = DIRECTION ( 'NONE',  ( 0.000000000000000000, 0.000000000000000000, -1.000000000000000000 ) ) ;
#3495 = SURFACE_STYLE_FILL_AREA ( #4191 ) ;
#3496 = DIRECTION ( 'NONE',  ( 1.000000000000000000, 0.000000000000000000, -0.000000000000000000 ) ) ;
#3497 = CARTESIAN_POINT ( 'NONE',  ( -9.156250000000001776, -17.48437500000000000, -0.4687500000000010547 ) ) ;
#3498 = ADVANCED_FACE ( 'NONE', ( #1022 ), #7912, .F. ) ;
#3499 = ORIENTED_EDGE ( 'NONE', *, *, #7383, .T. ) ;
#3500 = SURFACE_SIDE_STYLE ('',( #1514 ) ) ;
#3501 = EDGE_CURVE ( 'NONE', #7587, #906, #2811, .T. ) ;
#3502 = CARTESIAN_POINT ( 'NONE',  ( 9.625000000000005329, -4.999999999999998224, -1.500000000000000222 ) ) ;
#3503 = DIRECTION ( 'NONE',  ( 0.000000000000000000, 0.000000000000000000, 1.000000000000000000 ) ) ;
#3504 = ORIENTED_EDGE ( 'NONE', *, *, #5012, .T. ) ;
#3505 = DIRECTION ( 'NONE',  ( 0.000000000000000000, 1.000000000000000000, 0.000000000000000000 ) ) ;
#3506 = VERTEX_POINT ( 'NONE', #5308 ) ;
#3507 = EDGE_LOOP ( 'NONE', ( #953, #1434 ) ) ;
#3508 = DIRECTION ( 'NONE',  ( -1.681137226870315542E-16, 1.000000000000000000, 0.000000000000000000 ) ) ;
#3509 = EDGE_CURVE ( 'NONE', #3276, #1660, #4168, .T. ) ;
#3510 = DIRECTION ( 'NONE',  ( -0.000000000000000000, 1.000000000000000000, 0.000000000000000000 ) ) ;
#3511 = DIRECTION ( 'NONE',  ( 0.000000000000000000, 1.000000000000000000, 0.000000000000000000 ) ) ;
#3512 = DIRECTION ( 'NONE',  ( 1.681137226870315542E-16, -1.000000000000000000, 0.000000000000000000 ) ) ;
#3513 = DIMENSIONAL_EXPONENTS ( 1.000000000000000000, 0.000000000000000000, 0.000000000000000000, 0.000000000000000000, 0.000000000000000000, 0.000000000000000000, 0.000000000000000000 ) ;
#3514 = LINE ( 'NONE', #4815, #4986 ) ;
#3515 = EDGE_LOOP ( 'NONE', ( #5172, #6830, #2801, #8011 ) ) ;
#3516 = FACE_OUTER_BOUND ( 'NONE', #342, .T. ) ;
#3517 = DIRECTION ( 'NONE',  ( 1.000000000000000000, 1.681137226870316528E-16, -0.000000000000000000 ) ) ;
#3518 = EDGE_CURVE ( 'NONE', #2572, #81, #4085, .T. ) ;
#3519 = ORIENTED_EDGE ( 'NONE', *, *, #6570, .T. ) ;
#3520 = CARTESIAN_POINT ( 'NONE',  ( -9.625000000000001776, -14.48437499999999822, -0.4687500000000009992 ) ) ;
#3521 = CLOSED_SHELL ( 'NONE', ( #6022, #7009, #2866, #6477 ) ) ;
#3522 = DIRECTION ( 'NONE',  ( 1.000000000000000000, 0.000000000000000000, -0.000000000000000000 ) ) ;
#3523 = EDGE_LOOP ( 'NONE', ( #5403, #327, #8020, #1309 ) ) ;
#3524 = LINE ( 'NONE', #6606, #3189 ) ;
#3525 = ORIENTED_EDGE ( 'NONE', *, *, #305, .T. ) ;
#3526 = PLANE ( 'NONE',  #4485 ) ;
#3527 = EDGE_CURVE ( 'NONE', #4254, #3016, #6703, .T. ) ;
#3528 = CIRCLE ( 'NONE', #8114, 0.1535190178261026106 ) ;
#3529 = DIRECTION ( 'NONE',  ( 1.000000000000000000, 0.000000000000000000, 0.000000000000000000 ) ) ;
#3530 = DIRECTION ( 'NONE',  ( 1.000000000000000000, -0.000000000000000000, -1.456985596620939397E-16 ) ) ;
#3531 = VECTOR ( 'NONE', #3278, 39.37007874015748143 ) ;
#3532 = LINE ( 'NONE', #1005, #2207 ) ;
#3533 = FACE_OUTER_BOUND ( 'NONE', #3010, .T. ) ;
#3534 = VECTOR ( 'NONE', #4701, 39.37007874015748143 ) ;
#3535 = VERTEX_POINT ( 'NONE', #941 ) ;
#3536 = CIRCLE ( 'NONE', #3400, 0.4375000000000009992 ) ;
#3537 = LINE ( 'NONE', #3462, #1453 ) ;
#3538 = DIRECTION ( 'NONE',  ( 0.000000000000000000, 0.000000000000000000, 1.000000000000000000 ) ) ;
#3539 = CARTESIAN_POINT ( 'NONE',  ( -8.468750000000001776, -0.2499999999999997224, -0.1562500000000008327 ) ) ;
#3540 = ORIENTED_EDGE ( 'NONE', *, *, #1129, .F. ) ;
#3541 = PLANE ( 'NONE',  #1952 ) ;
#3542 = EDGE_CURVE ( 'NONE', #4805, #1927, #7258, .T. ) ;
#3543 = SURFACE_STYLE_USAGE ( .BOTH. , #6122 ) ;
#3544 = ORIENTED_EDGE ( 'NONE', *, *, #7847, .T. ) ;
#3545 = VERTEX_POINT ( 'NONE', #398 ) ;
#3546 = LINE ( 'NONE', #1523, #7101 ) ;
#3547 = VECTOR ( 'NONE', #43, 39.37007874015748143 ) ;
#3548 = VERTEX_POINT ( 'NONE', #7173 ) ;
#3549 = VECTOR ( 'NONE', #7276, 39.37007874015748143 ) ;
#3550 = DIRECTION ( 'NONE',  ( -0.000000000000000000, 1.000000000000000000, -0.000000000000000000 ) ) ;
#3551 = CARTESIAN_POINT ( 'NONE',  ( 8.968750000000001776, -6.499999999999998224, 0.000000000000000000 ) ) ;
#3552 = DIRECTION ( 'NONE',  ( 1.000000000000000000, 0.000000000000000000, 0.000000000000000000 ) ) ;
#3553 = ORIENTED_EDGE ( 'NONE', *, *, #5152, .F. ) ;
#3554 = EDGE_CURVE ( 'NONE', #2977, #7164, #6629, .T. ) ;
#3555 = VECTOR ( 'NONE', #2469, 39.37007874015748143 ) ;
#3556 = CARTESIAN_POINT ( 'NONE',  ( 0.000000000000000000, -14.73437499999999645, 0.000000000000000000 ) ) ;
#3557 = ORIENTED_EDGE ( 'NONE', *, *, #4182, .T. ) ;
#3558 = CARTESIAN_POINT ( 'NONE',  ( 11.00000000000000000, -14.01562499999999822, 1.156250000000002220 ) ) ;
#3559 = CARTESIAN_POINT ( 'NONE',  ( 9.625000000000001776, -14.48437499999999822, -7.054648118203949797E-15 ) ) ;
#3560 = ORIENTED_EDGE ( 'NONE', *, *, #317, .T. ) ;
#3561 = PLANE ( 'NONE',  #7771 ) ;
#3562 =( GEOMETRIC_REPRESENTATION_CONTEXT ( 3 ) GLOBAL_UNCERTAINTY_ASSIGNED_CONTEXT ( ( #6274 ) ) GLOBAL_UNIT_ASSIGNED_CONTEXT ( ( #630, #674, #6325 ) ) REPRESENTATION_CONTEXT ( 'NONE', 'WORKASPACE' ) );
#3563 = SURFACE_SIDE_STYLE ('',( #2328 ) ) ;
#3564 =( NAMED_UNIT ( * ) SI_UNIT ( $, .STERADIAN. ) SOLID_ANGLE_UNIT ( ) );
#3565 = EDGE_CURVE ( 'NONE', #697, #629, #981, .T. ) ;
#3566 = AXIS2_PLACEMENT_3D ( 'NONE', #899, #2816, #3435 ) ;
#3567 = LINE ( 'NONE', #7231, #7617 ) ;
#3568 = EDGE_LOOP ( 'NONE', ( #5607, #5197, #6515, #1633 ) ) ;
#3569 = LINE ( 'NONE', #7972, #6739 ) ;
#3570 = AXIS2_PLACEMENT_3D ( 'NONE', #1567, #7037, #4081 ) ;
#3571 = ORIENTED_EDGE ( 'NONE', *, *, #469, .T. ) ;
#3572 = LINE ( 'NONE', #5488, #2624 ) ;
#3573 = ADVANCED_FACE ( 'NONE', ( #6540 ), #5880, .T. ) ;
#3574 = VECTOR ( 'NONE', #7033, 39.37007874015748143 ) ;
#3575 = CARTESIAN_POINT ( 'NONE',  ( -8.468750000000003553, -5.781250000000000000, -15.00000000000000000 ) ) ;
#3576 = VECTOR ( 'NONE', #2669, 39.37007874015748143 ) ;
#3577 = CARTESIAN_POINT ( 'NONE',  ( 8.000000000000003553, -25.00000000000000000, -14.78125000000000355 ) ) ;
#3578 = ADVANCED_FACE ( 'NONE', ( #4244 ), #8099, .T. ) ;
#3579 = CARTESIAN_POINT ( 'NONE',  ( -8.125000000000003553, -6.500000000000000000, 0.5312499999999992228 ) ) ;
#3580 = FACE_OUTER_BOUND ( 'NONE', #3428, .T. ) ;
#3581 = VECTOR ( 'NONE', #1296, 39.37007874015748143 ) ;
#3582 = ORIENTED_EDGE ( 'NONE', *, *, #1080, .F. ) ;
#3583 = DIRECTION ( 'NONE',  ( 1.000000000000000000, 0.000000000000000000, 0.000000000000000000 ) ) ;
#3584 = CARTESIAN_POINT ( 'NONE',  ( 9.437500000000003553, -6.499999999999998224, -1.500000000000000222 ) ) ;
#3585 = VERTEX_POINT ( 'NONE', #1222 ) ;
#3586 = VECTOR ( 'NONE', #3988, 39.37007874015748143 ) ;
#3587 =( NAMED_UNIT ( * ) PLANE_ANGLE_UNIT ( ) SI_UNIT ( $, .RADIAN. ) );
#3588 = VECTOR ( 'NONE', #2954, 39.37007874015748143 ) ;
#3589 = ORIENTED_EDGE ( 'NONE', *, *, #1317, .F. ) ;
#3590 = CARTESIAN_POINT ( 'NONE',  ( 8.187500000000007105, -14.73437499999999645, -0.2187500000000011102 ) ) ;
#3591 = CARTESIAN_POINT ( 'NONE',  ( -10.06250000000000355, 0.2500000000000000000, -1.187500000000003553 ) ) ;
#3592 = ADVANCED_FACE ( 'NONE', ( #3008 ), #2352, .F. ) ;
#3593 = DIRECTION ( 'NONE',  ( 0.000000000000000000, 0.000000000000000000, -1.000000000000000000 ) ) ;
#3594 = DIRECTION ( 'NONE',  ( -7.284927983104702902E-16, 0.000000000000000000, 1.000000000000000000 ) ) ;
#3595 = VERTEX_POINT ( 'NONE', #8142 ) ;
#3596 = VECTOR ( 'NONE', #5231, 39.37007874015748143 ) ;
#3597 = VERTEX_POINT ( 'NONE', #509 ) ;
#3598 = CARTESIAN_POINT ( 'NONE',  ( -8.968750000000000000, -6.031250000000000888, 0.000000000000000000 ) ) ;
#3599 = CARTESIAN_POINT ( 'NONE',  ( -8.656250000000001776, -14.48437499999999822, 1.299093380678113666E-15 ) ) ;
#3600 = ORIENTED_EDGE ( 'NONE', *, *, #5468, .T. ) ;
#3601 = DIRECTION ( 'NONE',  ( 4.686315084737202911E-15, 1.000000000000000000, -0.000000000000000000 ) ) ;
#3602 = EDGE_CURVE ( 'NONE', #2457, #5837, #3047, .T. ) ;
#3603 = PRESENTATION_STYLE_ASSIGNMENT (( #6102 ) ) ;
#3604 = FACE_OUTER_BOUND ( 'NONE', #582, .T. ) ;
#3605 = ORIENTED_EDGE ( 'NONE', *, *, #4263, .T. ) ;
#3606 = DIRECTION ( 'NONE',  ( 1.000000000000000000, 1.456985596620922437E-15, 0.000000000000000000 ) ) ;
#3607 = VERTEX_POINT ( 'NONE', #472 ) ;
#3608 = DIRECTION ( 'NONE',  ( -0.000000000000000000, 1.000000000000000000, -0.000000000000000000 ) ) ;
#3609 = EDGE_CURVE ( 'NONE', #1660, #68, #6240, .T. ) ;
#3610 = CARTESIAN_POINT ( 'NONE',  ( 0.000000000000000000, 0.000000000000000000, 0.000000000000000000 ) ) ;
#3611 = VECTOR ( 'NONE', #3949, 39.37007874015748143 ) ;
#3612 = CARTESIAN_POINT ( 'NONE',  ( -11.00000000000000000, 0.000000000000000000, 1.156250000000002442 ) ) ;
#3613 = DIRECTION ( 'NONE',  ( 0.000000000000000000, 0.000000000000000000, -1.000000000000000000 ) ) ;
#3614 = CARTESIAN_POINT ( 'NONE',  ( 8.000000000000003553, -0.2499999999999997224, -0.1562500000000008327 ) ) ;
#3615 = EDGE_CURVE ( 'NONE', #1375, #4660, #5505, .T. ) ;
#3616 = FACE_BOUND ( 'NONE', #508, .T. ) ;
#3617 = ORIENTED_EDGE ( 'NONE', *, *, #4630, .T. ) ;
#3618 = EDGE_CURVE ( 'NONE', #4706, #1927, #583, .T. ) ;
#3619 = CARTESIAN_POINT ( 'NONE',  ( 8.968750000000000000, -6.031250000000000888, -12.53125000000000000 ) ) ;
#3620 = DIRECTION ( 'NONE',  ( 0.000000000000000000, 1.000000000000000000, 0.000000000000000000 ) ) ;
#3621 = DIRECTION ( 'NONE',  ( 1.000000000000000000, 0.000000000000000000, 0.000000000000000000 ) ) ;
#3622 = ORIENTED_EDGE ( 'NONE', *, *, #3491, .T. ) ;
#3623 = FACE_OUTER_BOUND ( 'NONE', #3751, .T. ) ;
#3624 = ORIENTED_EDGE ( 'NONE', *, *, #326, .F. ) ;
#3625 = EDGE_CURVE ( 'NONE', #938, #7910, #4957, .T. ) ;
#3626 = CARTESIAN_POINT ( 'NONE',  ( 10.06250000000000355, -25.00000000000000000, -0.7500000000000033307 ) ) ;
#3627 = FACE_OUTER_BOUND ( 'NONE', #5888, .T. ) ;
#3628 = VERTEX_POINT ( 'NONE', #8028 ) ;
#3629 = ORIENTED_EDGE ( 'NONE', *, *, #2602, .F. ) ;
#3630 = CARTESIAN_POINT ( 'NONE',  ( -9.625000000000001776, -5.000000000000000000, -14.49999999999999822 ) ) ;
#3631 = MANIFOLD_SOLID_BREP ( 'Boss-Extrude3[2]', #1792 ) ;
#3632 = CARTESIAN_POINT ( 'NONE',  ( -9.625000000000005329, -17.48437500000000000, -15.99999999999999822 ) ) ;
#3633 = ORIENTED_EDGE ( 'NONE', *, *, #911, .F. ) ;
#3634 = PLANE ( 'NONE',  #4197 ) ;
#3635 = DIRECTION ( 'NONE',  ( -7.284927983104701916E-16, 0.000000000000000000, -1.000000000000000000 ) ) ;
#3636 = PLANE ( 'NONE',  #2763 ) ;
#3637 = EDGE_CURVE ( 'NONE', #1695, #1122, #3941, .T. ) ;
#3638 = ORIENTED_EDGE ( 'NONE', *, *, #431, .T. ) ;
#3639 = LINE ( 'NONE', #5486, #1868 ) ;
#3640 = ORIENTED_EDGE ( 'NONE', *, *, #3805, .T. ) ;
#3641 = DIRECTION ( 'NONE',  ( 1.000000000000000000, 0.000000000000000000, 0.000000000000000000 ) ) ;
#3642 =( LENGTH_UNIT ( ) NAMED_UNIT ( * ) SI_UNIT ( $, .METRE. ) );
#3643 = CLOSED_SHELL ( 'NONE', ( #6011, #3592, #5138, #1482, #5260, #2817, #3323, #1893, #5054, #45, #6845, #7753, #496, #1680 ) ) ;
#3644 = DIRECTION ( 'NONE',  ( 1.000000000000000000, 0.000000000000000000, 0.000000000000000000 ) ) ;
#3645 = MANIFOLD_SOLID_BREP ( 'Boss-Extrude3[3]', #5474 ) ;
#3646 = LINE ( 'NONE', #7469, #4297 ) ;
#3647 = DIRECTION ( 'NONE',  ( -0.000000000000000000, 1.000000000000000000, -0.000000000000000000 ) ) ;
#3648 = EDGE_CURVE ( 'NONE', #3172, #6071, #6448, .T. ) ;
#3649 = AXIS2_PLACEMENT_3D ( 'NONE', #6913, #596, #34 ) ;
#3650 = CARTESIAN_POINT ( 'NONE',  ( 9.437500000000001776, -6.500000000000000000, -14.49999999999999822 ) ) ;
#3651 = EDGE_LOOP ( 'NONE', ( #4891, #1885, #5773, #554 ) ) ;
#3652 = PRESENTATION_LAYER_ASSIGNMENT (  '', '', ( #2997 ) ) ;
#3653 = CARTESIAN_POINT ( 'NONE',  ( -10.06250000000000355, 0.2500000000000000000, -0.7500000000000033307 ) ) ;
#3654 = DIRECTION ( 'NONE',  ( -1.500757696090239076E-16, 0.000000000000000000, -1.000000000000000000 ) ) ;
#3655 = VERTEX_POINT ( 'NONE', #3590 ) ;
#3656 = MANIFOLD_SOLID_BREP ( 'Boss-Extrude7[1]', #3386 ) ;
#3657 = FACE_OUTER_BOUND ( 'NONE', #2002, .T. ) ;
#3658 = EDGE_CURVE ( 'NONE', #5079, #4130, #1963, .T. ) ;
#3659 =( CONVERSION_BASED_UNIT ( 'INCH', #3004 ) LENGTH_UNIT ( ) NAMED_UNIT ( #6084 ) );
#3660 = VECTOR ( 'NONE', #1785, 39.37007874015748143 ) ;
#3661 = COLOUR_RGB ( '',0.8392156862745098200, 0.4666666666666666741, 0.3686274509803921795 ) ;
#3662 = VERTEX_POINT ( 'NONE', #5209 ) ;
#3663 = CARTESIAN_POINT ( 'NONE',  ( -9.437500000000001776, -6.500000000000000000, -16.00000000000000000 ) ) ;
#3664 = EDGE_CURVE ( 'NONE', #5623, #2746, #6987, .T. ) ;
#3665 = LINE ( 'NONE', #6671, #4184 ) ;
#3666 = AXIS2_PLACEMENT_3D ( 'NONE', #5595, #4361, #5185 ) ;
#3667 = CYLINDRICAL_SURFACE ( 'NONE', #5241, 0.4375000000000009992 ) ;
#3668 = DIRECTION ( 'NONE',  ( 0.000000000000000000, 0.000000000000000000, -1.000000000000000000 ) ) ;
#3669 = VECTOR ( 'NONE', #984, 39.37007874015748143 ) ;
#3670 = ORIENTED_EDGE ( 'NONE', *, *, #2514, .T. ) ;
#3671 = EDGE_CURVE ( 'NONE', #32, #3276, #5122, .T. ) ;
#3672 = ORIENTED_EDGE ( 'NONE', *, *, #1638, .T. ) ;
#3673 = VECTOR ( 'NONE', #6342, 39.37007874015748143 ) ;
#3674 = CARTESIAN_POINT ( 'NONE',  ( -8.468750000000005329, -5.781250000000000000, -14.78125000000000178 ) ) ;
#3675 = ORIENTED_EDGE ( 'NONE', *, *, #973, .T. ) ;
#3676 = CARTESIAN_POINT ( 'NONE',  ( -9.625000000000001776, -17.48437500000000000, -0.4687500000000009992 ) ) ;
#3677 = AXIS2_PLACEMENT_3D ( 'NONE', #3723, #6886, #7465 ) ;
#3678 = VECTOR ( 'NONE', #5763, 39.37007874015748143 ) ;
#3679 = DIRECTION ( 'NONE',  ( 1.000000000000000000, -0.000000000000000000, -0.000000000000000000 ) ) ;
#3680 = DIRECTION ( 'NONE',  ( 0.000000000000000000, 1.000000000000000000, 0.000000000000000000 ) ) ;
#3681 = ORIENTED_EDGE ( 'NONE', *, *, #2050, .F. ) ;
#3682 = LINE ( 'NONE', #2372, #1611 ) ;
#3683 = VERTEX_POINT ( 'NONE', #5740 ) ;
#3684 = LINE ( 'NONE', #4405, #4206 ) ;
#3685 = VECTOR ( 'NONE', #4919, 39.37007874015748143 ) ;
#3686 = EDGE_CURVE ( 'NONE', #867, #324, #7654, .T. ) ;
#3687 = CARTESIAN_POINT ( 'NONE',  ( 4.812500000000003553, -6.500000000000000000, 0.5312499999999992228 ) ) ;
#3688 = ORIENTED_EDGE ( 'NONE', *, *, #5078, .T. ) ;
#3689 = AXIS2_PLACEMENT_3D ( 'NONE', #8134, #51, #5656 ) ;
#3690 = ORIENTED_EDGE ( 'NONE', *, *, #3256, .T. ) ;
#3691 = VECTOR ( 'NONE', #5148, 39.37007874015748143 ) ;
#3692 = EDGE_CURVE ( 'NONE', #5591, #3545, #4508, .T. ) ;
#3693 = FACE_OUTER_BOUND ( 'NONE', #5, .T. ) ;
#3694 =( CONVERSION_BASED_UNIT ( 'INCH', #6936 ) LENGTH_UNIT ( ) NAMED_UNIT ( #2834 ) );
#3695 = CARTESIAN_POINT ( 'NONE',  ( -8.468750000000001776, -25.00000000000000000, -0.1562500000000008327 ) ) ;
#3696 = AXIS2_PLACEMENT_3D ( 'NONE', #8092, #7526, #3160 ) ;
#3697 = VERTEX_POINT ( 'NONE', #3944 ) ;
#3698 = SURFACE_STYLE_USAGE ( .BOTH. , #1181 ) ;
#3699 = ORIENTED_EDGE ( 'NONE', *, *, #3427, .F. ) ;
#3700 = VECTOR ( 'NONE', #1007, 39.37007874015748143 ) ;
#3701 = PLANE ( 'NONE',  #3397 ) ;
#3702 = EDGE_CURVE ( 'NONE', #5388, #2031, #7632, .T. ) ;
#3703 = VECTOR ( 'NONE', #1151, 39.37007874015748143 ) ;
#3704 = CARTESIAN_POINT ( 'NONE',  ( -9.437500000000001776, 0.000000000000000000, -1.500000000000000222 ) ) ;
#3705 = VERTEX_POINT ( 'NONE', #6491 ) ;
#3706 = CIRCLE ( 'NONE', #534, 0.4375000000000003331 ) ;
#3707 = EDGE_CURVE ( 'NONE', #5629, #3535, #2106, .T. ) ;
#3708 = ORIENTED_EDGE ( 'NONE', *, *, #6530, .T. ) ;
#3709 = DIRECTION ( 'NONE',  ( 0.000000000000000000, -1.000000000000000000, 0.000000000000000000 ) ) ;
#3710 = EDGE_LOOP ( 'NONE', ( #2300, #1292, #4167, #2221 ) ) ;
#3711 = LINE ( 'NONE', #6171, #897 ) ;
#3712 = ORIENTED_EDGE ( 'NONE', *, *, #2157, .T. ) ;
#3713 = EDGE_CURVE ( 'NONE', #2031, #5388, #6439, .T. ) ;
#3714 = VECTOR ( 'NONE', #3478, 39.37007874015748143 ) ;
#3715 = CARTESIAN_POINT ( 'NONE',  ( 10.06250000000000355, 0.2500000000000000000, -15.68750000000000000 ) ) ;
#3716 = DIRECTION ( 'NONE',  ( -1.000000000000000000, 0.000000000000000000, -0.000000000000000000 ) ) ;
#3717 = PLANE ( 'NONE',  #2222 ) ;
#3718 = DIRECTION ( 'NONE',  ( 0.000000000000000000, 0.000000000000000000, 1.000000000000000000 ) ) ;
#3719 = ORIENTED_EDGE ( 'NONE', *, *, #5664, .T. ) ;
#3720 = DIRECTION ( 'NONE',  ( -0.000000000000000000, 0.000000000000000000, 1.000000000000000000 ) ) ;
#3721 = VECTOR ( 'NONE', #4505, 39.37007874015748143 ) ;
#3722 = VERTEX_POINT ( 'NONE', #1557 ) ;
#3723 = CARTESIAN_POINT ( 'NONE',  ( 10.06250000000000355, -25.00000000000000000, -0.7500000000000033307 ) ) ;
#3724 = DIRECTION ( 'NONE',  ( 0.000000000000000000, -0.000000000000000000, -1.000000000000000000 ) ) ;
#3725 = ADVANCED_FACE ( 'NONE', ( #5913 ), #880, .F. ) ;
#3726 = CARTESIAN_POINT ( 'NONE',  ( 8.187500000000007105, -14.73437499999999645, -1.228745363673883940E-15 ) ) ;
#3727 = AXIS2_PLACEMENT_3D ( 'NONE', #4686, #3962, #5183 ) ;
#3728 = DIRECTION ( 'NONE',  ( 0.000000000000000000, 0.000000000000000000, 1.000000000000000000 ) ) ;
#3729 = ORIENTED_EDGE ( 'NONE', *, *, #947, .T. ) ;
#3730 = ORIENTED_EDGE ( 'NONE', *, *, #4328, .T. ) ;
#3731 = CARTESIAN_POINT ( 'NONE',  ( 9.625000000000005329, -6.500000000000000000, -16.00000000000000000 ) ) ;
#3732 = CARTESIAN_POINT ( 'NONE',  ( -8.656250000000001776, -17.48437500000000000, 1.299093380678113666E-15 ) ) ;
#3733 = DIRECTION ( 'NONE',  ( -0.000000000000000000, 1.000000000000000000, -0.000000000000000000 ) ) ;
#3734 = MECHANICAL_DESIGN_GEOMETRIC_PRESENTATION_REPRESENTATION (  '', ( #1641 ), #2021 ) ;
#3735 = PLANE ( 'NONE',  #3018 ) ;
#3736 = PRESENTATION_STYLE_ASSIGNMENT (( #5662 ) ) ;
#3737 = EDGE_CURVE ( 'NONE', #4773, #5123, #5254, .T. ) ;
#3738 = VERTEX_POINT ( 'NONE', #493 ) ;
#3739 = DIRECTION ( 'NONE',  ( 0.000000000000000000, 1.260852920152736718E-16, -1.000000000000000000 ) ) ;
#3740 = ORIENTED_EDGE ( 'NONE', *, *, #2024, .F. ) ;
#3741 = DIRECTION ( 'NONE',  ( 0.000000000000000000, -0.000000000000000000, 1.000000000000000000 ) ) ;
#3742 = SURFACE_SIDE_STYLE ('',( #5745 ) ) ;
#3743 = DIRECTION ( 'NONE',  ( 0.000000000000000000, 1.000000000000000000, 0.000000000000000000 ) ) ;
#3744 = EDGE_LOOP ( 'NONE', ( #2735, #5715, #1345, #3798 ) ) ;
#3745 = ADVANCED_FACE ( 'NONE', ( #5994 ), #4160, .F. ) ;
#3746 = ORIENTED_EDGE ( 'NONE', *, *, #4676, .F. ) ;
#3747 = DIRECTION ( 'NONE',  ( 0.000000000000000000, -1.000000000000000000, -0.000000000000000000 ) ) ;
#3748 = MANIFOLD_SOLID_BREP ( 'Boss-Extrude4[1]', #7452 ) ;
#3749 = ORIENTED_EDGE ( 'NONE', *, *, #5920, .T. ) ;
#3750 = DIRECTION ( 'NONE',  ( 1.494344201662503033E-16, 0.000000000000000000, 1.000000000000000000 ) ) ;
#3751 = EDGE_LOOP ( 'NONE', ( #6370, #3079 ) ) ;
#3752 =( CONVERSION_BASED_UNIT ( 'INCH', #7504 ) LENGTH_UNIT ( ) NAMED_UNIT ( #7140 ) );
#3753 = DIRECTION ( 'NONE',  ( -1.000000000000000000, -0.000000000000000000, -0.000000000000000000 ) ) ;
#3754 =( CONVERSION_BASED_UNIT ( 'INCH', #3181 ) LENGTH_UNIT ( ) NAMED_UNIT ( #854 ) );
#3755 = DIRECTION ( 'NONE',  ( 1.494344201662503033E-16, 0.000000000000000000, 1.000000000000000000 ) ) ;
#3756 = EDGE_CURVE ( 'NONE', #3867, #1730, #4072, .T. ) ;
#3757 = VERTEX_POINT ( 'NONE', #6572 ) ;
#3758 = CARTESIAN_POINT ( 'NONE',  ( 1.880065737889820032E-17, -3.403519017826102555, 1.031249999999999334 ) ) ;
#3759 = PLANE ( 'NONE',  #6821 ) ;
#3760 = FACE_OUTER_BOUND ( 'NONE', #2468, .T. ) ;
#3761 = MANIFOLD_SOLID_BREP ( 'Boss-Extrude19[3]', #6662 ) ;
#3762 = DIRECTION ( 'NONE',  ( -0.000000000000000000, 1.000000000000000000, -0.000000000000000000 ) ) ;
#3763 = SURFACE_STYLE_USAGE ( .BOTH. , #1247 ) ;
#3764 = ADVANCED_FACE ( 'NONE', ( #3760 ), #929, .T. ) ;
#3765 = VERTEX_POINT ( 'NONE', #7468 ) ;
#3766 = DIRECTION ( 'NONE',  ( 1.193435300986435685E-16, -0.000000000000000000, 1.000000000000000000 ) ) ;
#3767 = ORIENTED_EDGE ( 'NONE', *, *, #28, .T. ) ;
#3768 = ORIENTED_EDGE ( 'NONE', *, *, #4527, .F. ) ;
#3769 = DIRECTION ( 'NONE',  ( 0.000000000000000000, -0.000000000000000000, -1.000000000000000000 ) ) ;
#3770 = DIRECTION ( 'NONE',  ( 7.471721008312515165E-17, -0.000000000000000000, 1.000000000000000000 ) ) ;
#3771 = CYLINDRICAL_SURFACE ( 'NONE', #3479, 0.4375000000000003331 ) ;
#3772 = VECTOR ( 'NONE', #4208, 39.37007874015748143 ) ;
#3773 = DIRECTION ( 'NONE',  ( -1.000000000000000000, 0.000000000000000000, 1.407149067159057392E-16 ) ) ;
#3774 = MANIFOLD_SOLID_BREP ( 'Boss-Extrude20[2]', #2588 ) ;
#3775 = CYLINDRICAL_SURFACE ( 'NONE', #494, 0.4375000000000003331 ) ;
#3776 = CARTESIAN_POINT ( 'NONE',  ( 0.000000000000000000, -3.250000000000000000, 1.031249999999999334 ) ) ;
#3777 = EDGE_CURVE ( 'NONE', #5701, #6546, #3800, .T. ) ;
#3778 = ORIENTED_EDGE ( 'NONE', *, *, #1258, .F. ) ;
#3779 = CIRCLE ( 'NONE', #7339, 0.4375000000000009992 ) ;
#3780 = VERTEX_POINT ( 'NONE', #3190 ) ;
#3781 = CARTESIAN_POINT ( 'NONE',  ( -8.187500000000003553, -14.73437499999999645, -14.53125000000000000 ) ) ;
#3782 = LINE ( 'NONE', #5046, #5756 ) ;
#3783 = LINE ( 'NONE', #2551, #960 ) ;
#3784 = EDGE_CURVE ( 'NONE', #3607, #2925, #4984, .T. ) ;
#3785 = ORIENTED_EDGE ( 'NONE', *, *, #1038, .F. ) ;
#3786 = EDGE_LOOP ( 'NONE', ( #7973, #7376, #7676, #366 ) ) ;
#3787 = ORIENTED_EDGE ( 'NONE', *, *, #4543, .F. ) ;
#3788 = DIRECTION ( 'NONE',  ( -1.000000000000000000, 0.000000000000000000, -0.000000000000000000 ) ) ;
#3789 = EDGE_LOOP ( 'NONE', ( #4734, #1735 ) ) ;
#3790 = VECTOR ( 'NONE', #7212, 39.37007874015748143 ) ;
#3791 = CARTESIAN_POINT ( 'NONE',  ( -8.968750000000000000, -3.500000000000000000, -15.53125000000000000 ) ) ;
#3792 = EDGE_CURVE ( 'NONE', #7971, #757, #5726, .T. ) ;
#3793 = DIRECTION ( 'NONE',  ( 0.000000000000000000, 1.000000000000000000, 0.000000000000000000 ) ) ;
#3794 = VECTOR ( 'NONE', #6177, 39.37007874015748143 ) ;
#3795 = CARTESIAN_POINT ( 'NONE',  ( 10.06250000000000355, -25.00000000000000000, -15.25000000000000000 ) ) ;
#3796 = ORIENTED_EDGE ( 'NONE', *, *, #1560, .T. ) ;
#3797 = DIRECTION ( 'NONE',  ( 0.000000000000000000, 1.000000000000000000, 0.000000000000000000 ) ) ;
#3798 = ORIENTED_EDGE ( 'NONE', *, *, #2188, .T. ) ;
#3799 = DIRECTION ( 'NONE',  ( -1.000000000000000000, 0.000000000000000000, 4.370956789862806161E-15 ) ) ;
#3800 = LINE ( 'NONE', #8122, #915 ) ;
#3801 = MANIFOLD_SOLID_BREP ( 'Boss-Extrude19[4]', #1264 ) ;
#3802 = AXIS2_PLACEMENT_3D ( 'NONE', #2240, #3517, #904 ) ;
#3803 = VECTOR ( 'NONE', #580, 39.37007874015748143 ) ;
#3804 = CARTESIAN_POINT ( 'NONE',  ( -8.187500000000001776, -25.00000000000000000, -0.2187500000000011102 ) ) ;
#3805 = EDGE_CURVE ( 'NONE', #1650, #4607, #819, .T. ) ;
#3806 = DIRECTION ( 'NONE',  ( 0.000000000000000000, 0.000000000000000000, 1.000000000000000000 ) ) ;
#3807 = ORIENTED_EDGE ( 'NONE', *, *, #1988, .F. ) ;
#3808 = CARTESIAN_POINT ( 'NONE',  ( 9.625000000000003553, 0.000000000000000000, 0.06250000000000104083 ) ) ;
#3809 = VECTOR ( 'NONE', #7575, 39.37007874015748143 ) ;
#3810 = EDGE_CURVE ( 'NONE', #5278, #2490, #4369, .T. ) ;
#3811 = ORIENTED_EDGE ( 'NONE', *, *, #278, .T. ) ;
#3812 = DIRECTION ( 'NONE',  ( 0.000000000000000000, 1.000000000000000000, 0.000000000000000000 ) ) ;
#3813 = EDGE_CURVE ( 'NONE', #2205, #934, #3267, .T. ) ;
#3814 = MECHANICAL_DESIGN_GEOMETRIC_PRESENTATION_REPRESENTATION (  '', ( #6173 ), #4459 ) ;
#3815 = LINE ( 'NONE', #6358, #7117 ) ;
#3816 = DIRECTION ( 'NONE',  ( 1.346415657017119838E-16, -1.000000000000000000, -0.000000000000000000 ) ) ;
#3817 = CARTESIAN_POINT ( 'NONE',  ( 9.625000000000003553, 0.000000000000000000, 0.5312500000000000000 ) ) ;
#3818 = CARTESIAN_POINT ( 'NONE',  ( 9.625000000000003553, -6.500000000000000000, 0.5312499999999992228 ) ) ;
#3819 = CARTESIAN_POINT ( 'NONE',  ( -9.437500000000003553, -6.500000000000000000, -11.31249999999999822 ) ) ;
#3820 = AXIS2_PLACEMENT_3D ( 'NONE', #7122, #2633, #2008 ) ;
#3821 = MECHANICAL_DESIGN_GEOMETRIC_PRESENTATION_REPRESENTATION (  '', ( #4098 ), #2644 ) ;
#3822 = VERTEX_POINT ( 'NONE', #5769 ) ;
#3823 = ORIENTED_EDGE ( 'NONE', *, *, #1646, .T. ) ;
#3824 = DIRECTION ( 'NONE',  ( 0.000000000000000000, 0.000000000000000000, -1.000000000000000000 ) ) ;
#3825 = DIRECTION ( 'NONE',  ( 0.000000000000000000, 0.000000000000000000, 1.000000000000000000 ) ) ;
#3826 = ORIENTED_EDGE ( 'NONE', *, *, #2957, .F. ) ;
#3827 = AXIS2_PLACEMENT_3D ( 'NONE', #932, #1431, #755 ) ;
#3828 = ORIENTED_EDGE ( 'NONE', *, *, #4754, .T. ) ;
#3829 = ORIENTED_EDGE ( 'NONE', *, *, #4946, .F. ) ;
#3830 = DIRECTION ( 'NONE',  ( 0.000000000000000000, -1.000000000000000000, 0.000000000000000000 ) ) ;
#3831 = ADVANCED_FACE ( 'NONE', ( #6427 ), #4532, .T. ) ;
#3832 = AXIS2_PLACEMENT_3D ( 'NONE', #5781, #1549, #4026 ) ;
#3833 = ORIENTED_EDGE ( 'NONE', *, *, #4808, .F. ) ;
#3834 = ADVANCED_FACE ( 'NONE', ( #3395 ), #2739, .F. ) ;
#3835 = CARTESIAN_POINT ( 'NONE',  ( -9.312500000000001776, -6.500000000000000000, -7.937499999999999112 ) ) ;
#3836 = LINE ( 'NONE', #5804, #6346 ) ;
#3837 = LINE ( 'NONE', #7671, #793 ) ;
#3838 = VECTOR ( 'NONE', #385, 39.37007874015748143 ) ;
#3839 = DIRECTION ( 'NONE',  ( 0.000000000000000000, 0.000000000000000000, 1.000000000000000000 ) ) ;
#3840 = VECTOR ( 'NONE', #6648, 39.37007874015748143 ) ;
#3841 = DIRECTION ( 'NONE',  ( -1.500757696090238830E-16, -0.000000000000000000, -1.000000000000000000 ) ) ;
#3842 = EDGE_LOOP ( 'NONE', ( #284, #5208, #6449, #3560 ) ) ;
#3843 = CARTESIAN_POINT ( 'NONE',  ( 8.968750000000000000, -6.031250000000000888, -15.53125000000000000 ) ) ;
#3844 = EDGE_CURVE ( 'NONE', #1981, #3994, #5851, .T. ) ;
#3845 = VERTEX_POINT ( 'NONE', #166 ) ;
#3846 = CARTESIAN_POINT ( 'NONE',  ( -8.187500000000001776, -17.48437499999999645, 1.228745363673883546E-15 ) ) ;
#3847 = ADVANCED_FACE ( 'NONE', ( #3360 ), #7053, .F. ) ;
#3848 = VECTOR ( 'NONE', #5765, 39.37007874015748143 ) ;
#3849 =( CONVERSION_BASED_UNIT ( 'INCH', #693 ) LENGTH_UNIT ( ) NAMED_UNIT ( #4646 ) );
#3850 = MANIFOLD_SOLID_BREP ( 'Cut-Extrude1[1]', #7196 ) ;
#3851 = FILL_AREA_STYLE ('',( #780 ) ) ;
#3852 = VERTEX_POINT ( 'NONE', #7013 ) ;
#3853 = CARTESIAN_POINT ( 'NONE',  ( 9.625000000000003553, -6.500000000000000000, 0.000000000000000000 ) ) ;
#3854 = ORIENTED_EDGE ( 'NONE', *, *, #7194, .T. ) ;
#3855 = ADVANCED_FACE ( 'NONE', ( #1368 ), #4053, .T. ) ;
#3856 = ORIENTED_EDGE ( 'NONE', *, *, #6828, .T. ) ;
#3857 = DIRECTION ( 'NONE',  ( 1.000000000000000000, 0.000000000000000000, -1.500757696090239076E-16 ) ) ;
#3858 = VECTOR ( 'NONE', #3876, 39.37007874015748143 ) ;
#3859 = LINE ( 'NONE', #4914, #1462 ) ;
#3860 = SURFACE_STYLE_USAGE ( .BOTH. , #6275 ) ;
#3861 = PRODUCT_DEFINITION ( 'UNKNOWN', '', #1594, #2579 ) ;
#3862 = VERTEX_POINT ( 'NONE', #5361 ) ;
#3863 = DIRECTION ( 'NONE',  ( 0.000000000000000000, 0.000000000000000000, 1.000000000000000000 ) ) ;
#3864 = VECTOR ( 'NONE', #6906, 39.37007874015748143 ) ;
#3865 = EDGE_CURVE ( 'NONE', #2426, #2859, #4217, .T. ) ;
#3866 = VERTEX_POINT ( 'NONE', #7224 ) ;
#3867 = VERTEX_POINT ( 'NONE', #5978 ) ;
#3868 = VECTOR ( 'NONE', #3423, 39.37007874015748143 ) ;
#3869 = DIRECTION ( 'NONE',  ( 0.000000000000000000, 1.260852920152736718E-16, -1.000000000000000000 ) ) ;
#3870 = ORIENTED_EDGE ( 'NONE', *, *, #1899, .T. ) ;
#3871 = ADVANCED_FACE ( 'NONE', ( #1583 ), #2291, .F. ) ;
#3872 = ORIENTED_EDGE ( 'NONE', *, *, #4659, .F. ) ;
#3873 = EDGE_LOOP ( 'NONE', ( #2912, #4874, #3519, #4049 ) ) ;
#3874 = DIRECTION ( 'NONE',  ( -0.000000000000000000, 1.000000000000000000, -0.000000000000000000 ) ) ;
#3875 = ORIENTED_EDGE ( 'NONE', *, *, #3664, .T. ) ;
#3876 = DIRECTION ( 'NONE',  ( 0.000000000000000000, 0.000000000000000000, -1.000000000000000000 ) ) ;
#3877 = LINE ( 'NONE', #722, #7133 ) ;
#3878 = DIRECTION ( 'NONE',  ( 0.000000000000000000, 0.000000000000000000, -1.000000000000000000 ) ) ;
#3879 = CARTESIAN_POINT ( 'NONE',  ( 8.468750000000005329, -5.781250000000000000, -14.78125000000000355 ) ) ;
#3880 = EDGE_LOOP ( 'NONE', ( #193, #1425, #3130, #2986 ) ) ;
#3881 = PLANE ( 'NONE',  #3461 ) ;
#3882 = SPHERICAL_SURFACE ( 'NONE', #6697, 0.7499999999999998890 ) ;
#3883 = LINE ( 'NONE', #732, #1150 ) ;
#3884 = EDGE_CURVE ( 'NONE', #3705, #3765, #4100, .T. ) ;
#3885 = ORIENTED_EDGE ( 'NONE', *, *, #4930, .T. ) ;
#3886 = DIRECTION ( 'NONE',  ( 0.000000000000000000, 1.000000000000000000, 0.000000000000000000 ) ) ;
#3887 = ORIENTED_EDGE ( 'NONE', *, *, #5158, .F. ) ;
#3888 = EDGE_LOOP ( 'NONE', ( #1064, #6508, #1432, #6249 ) ) ;
#3889 = DIRECTION ( 'NONE',  ( 0.000000000000000000, 0.000000000000000000, 1.000000000000000000 ) ) ;
#3890 = DIRECTION ( 'NONE',  ( -1.407149067159057392E-16, -0.000000000000000000, -1.000000000000000000 ) ) ;
#3891 = SURFACE_SIDE_STYLE ('',( #2170 ) ) ;
#3892 = EDGE_CURVE ( 'NONE', #1180, #2226, #781, .T. ) ;
#3893 = DIRECTION ( 'NONE',  ( -0.000000000000000000, 1.000000000000000000, -0.000000000000000000 ) ) ;
#3894 = PLANE ( 'NONE',  #4448 ) ;
#3895 = LINE ( 'NONE', #1469, #4366 ) ;
#3896 = VERTEX_POINT ( 'NONE', #3520 ) ;
#3897 = ORIENTED_EDGE ( 'NONE', *, *, #5733, .T. ) ;
#3898 = CLOSED_SHELL ( 'NONE', ( #2151, #1328, #2042, #7546, #2793, #3965, #5473, #617, #6888, #5948, #98, #1977, #5289, #6394 ) ) ;
#3899 = LINE ( 'NONE', #5212, #1184 ) ;
#3900 = LINE ( 'NONE', #5302, #6067 ) ;
#3901 = PLANE ( 'NONE',  #8067 ) ;
#3902 = EDGE_CURVE ( 'NONE', #7509, #5764, #5447, .T. ) ;
#3903 = ORIENTED_EDGE ( 'NONE', *, *, #1096, .T. ) ;
#3904 = DIRECTION ( 'NONE',  ( 0.000000000000000000, 0.000000000000000000, -1.000000000000000000 ) ) ;
#3905 = VECTOR ( 'NONE', #6615, 39.37007874015748854 ) ;
#3906 = ORIENTED_EDGE ( 'NONE', *, *, #128, .F. ) ;
#3907 = ORIENTED_EDGE ( 'NONE', *, *, #3713, .T. ) ;
#3908 = DIRECTION ( 'NONE',  ( -1.494344201662503279E-16, 0.000000000000000000, -1.000000000000000000 ) ) ;
#3909 = EDGE_CURVE ( 'NONE', #549, #760, #6715, .T. ) ;
#3910 = ORIENTED_EDGE ( 'NONE', *, *, #1387, .T. ) ;
#3911 = DIRECTION ( 'NONE',  ( 1.000000000000000000, 0.000000000000000000, 0.000000000000000000 ) ) ;
#3912 = ADVANCED_FACE ( 'NONE', ( #954 ), #3561, .T. ) ;
#3913 = AXIS2_PLACEMENT_3D ( 'NONE', #7109, #6242, #1183 ) ;
#3914 = LINE ( 'NONE', #115, #3051 ) ;
#3915 = DIRECTION ( 'NONE',  ( -0.000000000000000000, 1.000000000000000000, -0.000000000000000000 ) ) ;
#3916 = PLANE ( 'NONE',  #2235 ) ;
#3917 = VERTEX_POINT ( 'NONE', #6724 ) ;
#3918 = LINE ( 'NONE', #647, #3596 ) ;
#3919 = VECTOR ( 'NONE', #7054, 39.37007874015748143 ) ;
#3920 = VERTEX_POINT ( 'NONE', #2196 ) ;
#3921 = DIRECTION ( 'NONE',  ( 1.000000000000000000, -0.000000000000000000, 0.000000000000000000 ) ) ;
#3922 = PRESENTATION_LAYER_ASSIGNMENT (  '', '', ( #4568 ) ) ;
#3923 = CARTESIAN_POINT ( 'NONE',  ( -10.06250000000000355, 0.2500000000000000000, -0.7500000000000033307 ) ) ;
#3924 = LENGTH_MEASURE_WITH_UNIT ( LENGTH_MEASURE( 0.02539999999999999897 ), #44 );
#3925 = VECTOR ( 'NONE', #3915, 39.37007874015748143 ) ;
#3926 =( LENGTH_UNIT ( ) NAMED_UNIT ( * ) SI_UNIT ( $, .METRE. ) );
#3927 = AXIS2_PLACEMENT_3D ( 'NONE', #4684, #234, #4044 ) ;
#3928 = DIRECTION ( 'NONE',  ( -1.000000000000000000, 0.000000000000000000, -8.741913579725650188E-15 ) ) ;
#3929 = ORIENTED_EDGE ( 'NONE', *, *, #1797, .F. ) ;
#3930 = CARTESIAN_POINT ( 'NONE',  ( 9.156249999999994671, -17.48437500000000000, -15.53124999999999645 ) ) ;
#3931 = VERTEX_POINT ( 'NONE', #5404 ) ;
#3932 = DIRECTION ( 'NONE',  ( 0.000000000000000000, 1.000000000000000000, 0.000000000000000000 ) ) ;
#3933 = AXIS2_PLACEMENT_3D ( 'NONE', #4905, #2444, #2568 ) ;
#3934 = AXIS2_PLACEMENT_3D ( 'NONE', #7564, #1917, #6938 ) ;
#3935 = EDGE_CURVE ( 'NONE', #6172, #4475, #1624, .T. ) ;
#3936 = LINE ( 'NONE', #3277, #4860 ) ;
#3937 = DIRECTION ( 'NONE',  ( -1.407149067159057885E-16, -0.000000000000000000, -1.000000000000000000 ) ) ;
#3938 = PLANE ( 'NONE',  #5535 ) ;
#3939 = CARTESIAN_POINT ( 'NONE',  ( 0.000000000000000000, 0.000000000000000000, -1.500000000000000222 ) ) ;
#3940 = DIRECTION ( 'NONE',  ( 0.000000000000000000, 0.000000000000000000, 1.000000000000000000 ) ) ;
#3941 = CIRCLE ( 'NONE', #2497, 0.4375000000000009992 ) ;
#3942 = DIRECTION ( 'NONE',  ( -6.993530863780540661E-15, 0.000000000000000000, -1.000000000000000000 ) ) ;
#3943 = ORIENTED_EDGE ( 'NONE', *, *, #7742, .F. ) ;
#3944 = CARTESIAN_POINT ( 'NONE',  ( 8.000000000000003553, -5.781250000000000000, -0.4062499999999994449 ) ) ;
#3945 = ADVANCED_FACE ( 'NONE', ( #4788 ), #4697, .T. ) ;
#3946 = ORIENTED_EDGE ( 'NONE', *, *, #5497, .F. ) ;
#3947 = DIRECTION ( 'NONE',  ( -5.827942386483816753E-15, 0.000000000000000000, 1.000000000000000000 ) ) ;
#3948 = FACE_OUTER_BOUND ( 'NONE', #3067, .T. ) ;
#3949 = DIRECTION ( 'NONE',  ( 0.000000000000000000, 0.000000000000000000, 1.000000000000000000 ) ) ;
#3950 = ORIENTED_EDGE ( 'NONE', *, *, #4958, .F. ) ;
#3951 = AXIS2_PLACEMENT_3D ( 'NONE', #405, #321, #1618 ) ;
#3952 = SURFACE_STYLE_FILL_AREA ( #801 ) ;
#3953 = STYLED_ITEM ( 'NONE', ( #3167 ), #3645 ) ;
#3954 = EDGE_LOOP ( 'NONE', ( #838, #3688 ) ) ;
#3955 = ORIENTED_EDGE ( 'NONE', *, *, #2101, .T. ) ;
#3956 = CARTESIAN_POINT ( 'NONE',  ( 9.625000000000003553, 0.000000000000000000, 0.000000000000000000 ) ) ;
#3957 = ADVANCED_FACE ( 'NONE', ( #4181 ), #6682, .T. ) ;
#3958 = VECTOR ( 'NONE', #2167, 39.37007874015748143 ) ;
#3959 = CARTESIAN_POINT ( 'NONE',  ( -8.968750000000000000, 0.000000000000000000, 0.000000000000000000 ) ) ;
#3960 = STYLED_ITEM ( 'NONE', ( #5430 ), #4067 ) ;
#3961 = LENGTH_MEASURE_WITH_UNIT ( LENGTH_MEASURE( 0.02539999999999999897 ), #5968 );
#3962 = DIRECTION ( 'NONE',  ( 0.000000000000000000, 1.000000000000000000, 0.000000000000000000 ) ) ;
#3963 = DIRECTION ( 'NONE',  ( 0.000000000000000000, -1.000000000000000000, 0.000000000000000000 ) ) ;
#3964 = CARTESIAN_POINT ( 'NONE',  ( 9.437500000000003553, -4.999999999999998224, -14.49999999999999822 ) ) ;
#3965 = ADVANCED_FACE ( 'NONE', ( #7966 ), #6101, .T. ) ;
#3966 = DIRECTION ( 'NONE',  ( 0.000000000000000000, 0.000000000000000000, -1.000000000000000000 ) ) ;
#3967 = ORIENTED_EDGE ( 'NONE', *, *, #6771, .T. ) ;
#3968 = LINE ( 'NONE', #6963, #2284 ) ;
#3969 = VECTOR ( 'NONE', #7824, 39.37007874015748143 ) ;
#3970 = ORIENTED_EDGE ( 'NONE', *, *, #7804, .T. ) ;
#3971 = DIRECTION ( 'NONE',  ( 0.000000000000000000, 0.000000000000000000, 1.000000000000000000 ) ) ;
#3972 = ADVANCED_FACE ( 'NONE', ( #287 ), #6536, .T. ) ;
#3973 = PRESENTATION_STYLE_ASSIGNMENT (( #1450 ) ) ;
#3974 = FACE_OUTER_BOUND ( 'NONE', #5810, .T. ) ;
#3975 = AXIS2_PLACEMENT_3D ( 'NONE', #7605, #3044, #5042 ) ;
#3976 =( CONVERSION_BASED_UNIT ( 'INCH', #4571 ) LENGTH_UNIT ( ) NAMED_UNIT ( #3513 ) );
#3977 = AXIS2_PLACEMENT_3D ( 'NONE', #2438, #6032, #2874 ) ;
#3978 = DIRECTION ( 'NONE',  ( 0.000000000000000000, 0.000000000000000000, 1.000000000000000000 ) ) ;
#3979 = ORIENTED_EDGE ( 'NONE', *, *, #3692, .F. ) ;
#3980 = FACE_OUTER_BOUND ( 'NONE', #3223, .T. ) ;
#3981 = VECTOR ( 'NONE', #6149, 39.37007874015748143 ) ;
#3982 = ORIENTED_EDGE ( 'NONE', *, *, #4700, .F. ) ;
#3983 = EDGE_CURVE ( 'NONE', #4410, #6549, #313, .T. ) ;
#3984 = DIMENSIONAL_EXPONENTS ( 1.000000000000000000, 0.000000000000000000, 0.000000000000000000, 0.000000000000000000, 0.000000000000000000, 0.000000000000000000, 0.000000000000000000 ) ;
#3985 = SURFACE_STYLE_FILL_AREA ( #7812 ) ;
#3986 = DIRECTION ( 'NONE',  ( -0.000000000000000000, 1.000000000000000000, -0.000000000000000000 ) ) ;
#3987 = VECTOR ( 'NONE', #7837, 39.37007874015748143 ) ;
#3988 = DIRECTION ( 'NONE',  ( -8.741913579725612322E-15, 0.000000000000000000, 1.000000000000000000 ) ) ;
#3989 = CARTESIAN_POINT ( 'NONE',  ( -8.968750000000000000, -6.500000000000000000, 0.000000000000000000 ) ) ;
#3990 = MANIFOLD_SOLID_BREP ( 'Boss-Extrude18[1]', #4413 ) ;
#3991 = CARTESIAN_POINT ( 'NONE',  ( 9.625000000000005329, -6.499999999999998224, -1.500000000000000222 ) ) ;
#3992 = FACE_OUTER_BOUND ( 'NONE', #8075, .T. ) ;
#3993 = EDGE_LOOP ( 'NONE', ( #2639, #4426, #6714, #1866 ) ) ;
#3994 = VERTEX_POINT ( 'NONE', #7743 ) ;
#3995 = CARTESIAN_POINT ( 'NONE',  ( 8.656250000000005329, -14.73437499999999645, -14.78125000000000355 ) ) ;
#3996 = DIRECTION ( 'NONE',  ( -1.000000000000000000, -0.000000000000000000, 4.370956789862806161E-15 ) ) ;
#3997 = CARTESIAN_POINT ( 'NONE',  ( -8.125000000000003553, -5.000000000000000000, 0.5312499999999993339 ) ) ;
#3998 = ORIENTED_EDGE ( 'NONE', *, *, #6470, .F. ) ;
#3999 = ADVANCED_FACE ( 'NONE', ( #4678 ), #844, .T. ) ;
#4000 = ORIENTED_EDGE ( 'NONE', *, *, #8014, .T. ) ;
#4001 = EDGE_LOOP ( 'NONE', ( #4726, #4774, #2142, #3557 ) ) ;
#4002 = DIRECTION ( 'NONE',  ( 1.000000000000000000, 0.000000000000000000, -1.407149067159057885E-16 ) ) ;
#4003 = STYLED_ITEM ( 'NONE', ( #6359 ), #6355 ) ;
#4004 = CARTESIAN_POINT ( 'NONE',  ( -9.437500000000003553, -6.500000000000000000, -4.812500000000000000 ) ) ;
#4005 = PLANE ( 'NONE',  #4573 ) ;
#4006 = LINE ( 'NONE', #1526, #4778 ) ;
#4007 = DIRECTION ( 'NONE',  ( -1.000000000000000000, 0.000000000000000000, 9.106159978880883558E-17 ) ) ;
#4008 = PLANE ( 'NONE',  #618 ) ;
#4009 = EDGE_CURVE ( 'NONE', #7331, #1087, #6455, .T. ) ;
#4010 = DIRECTION ( 'NONE',  ( 0.000000000000000000, -0.000000000000000000, 1.000000000000000000 ) ) ;
#4011 = ORIENTED_EDGE ( 'NONE', *, *, #3268, .T. ) ;
#4012 = CARTESIAN_POINT ( 'NONE',  ( 9.625000000000003553, 0.000000000000000000, 0.5312500000000000000 ) ) ;
#4013 = ORIENTED_EDGE ( 'NONE', *, *, #5343, .T. ) ;
#4014 = LINE ( 'NONE', #165, #7489 ) ;
#4015 = CARTESIAN_POINT ( 'NONE',  ( 8.656250000000005329, -17.48437499999999645, -14.78125000000000355 ) ) ;
#4016 = DIRECTION ( 'NONE',  ( 1.000000000000000000, 0.000000000000000000, 0.000000000000000000 ) ) ;
#4017 = DIRECTION ( 'NONE',  ( 0.000000000000000000, 1.000000000000000000, 0.000000000000000000 ) ) ;
#4018 = CARTESIAN_POINT ( 'NONE',  ( 8.656250000000007105, -14.48437499999999822, -0.4687500000000009992 ) ) ;
#4019 = EDGE_CURVE ( 'NONE', #2635, #4343, #7661, .T. ) ;
#4020 = ORIENTED_EDGE ( 'NONE', *, *, #2586, .T. ) ;
#4021 = LINE ( 'NONE', #2704, #6078 ) ;
#4022 = VERTEX_POINT ( 'NONE', #7786 ) ;
#4023 = CARTESIAN_POINT ( 'NONE',  ( 0.000000000000000000, -17.48437499999999645, -14.78125000000000355 ) ) ;
#4024 = EDGE_CURVE ( 'NONE', #7177, #4884, #2768, .T. ) ;
#4025 =( NAMED_UNIT ( * ) SI_UNIT ( $, .STERADIAN. ) SOLID_ANGLE_UNIT ( ) );
#4026 = DIRECTION ( 'NONE',  ( 0.000000000000000000, -1.000000000000000000, 4.370956789862821643E-16 ) ) ;
#4027 =( NAMED_UNIT ( * ) SI_UNIT ( $, .STERADIAN. ) SOLID_ANGLE_UNIT ( ) );
#4028 = ADVANCED_FACE ( 'NONE', ( #4516 ), #228, .T. ) ;
#4029 = CARTESIAN_POINT ( 'NONE',  ( 9.312500000000001776, -6.500000000000000000, -11.18750000000000000 ) ) ;
#4030 = LINE ( 'NONE', #2083, #7129 ) ;
#4031 = ORIENTED_EDGE ( 'NONE', *, *, #5465, .F. ) ;
#4032 = LENGTH_MEASURE_WITH_UNIT ( LENGTH_MEASURE( 0.02539999999999999897 ), #3642 );
#4033 = VERTEX_POINT ( 'NONE', #5838 ) ;
#4034 = DIRECTION ( 'NONE',  ( 1.000000000000000000, 0.000000000000000000, 0.000000000000000000 ) ) ;
#4035 = DIRECTION ( 'NONE',  ( 0.000000000000000000, 0.000000000000000000, 1.000000000000000000 ) ) ;
#4036 = PLANE ( 'NONE',  #2302 ) ;
#4037 = VERTEX_POINT ( 'NONE', #7704 ) ;
#4038 = DIRECTION ( 'NONE',  ( -1.500757696090238830E-16, 0.000000000000000000, -1.000000000000000000 ) ) ;
#4039 = EDGE_LOOP ( 'NONE', ( #500, #4414, #3401, #3719 ) ) ;
#4040 = VERTEX_POINT ( 'NONE', #5177 ) ;
#4041 = DIRECTION ( 'NONE',  ( 1.000000000000000000, 1.681137226870315542E-16, -0.000000000000000000 ) ) ;
#4042 = CLOSED_SHELL ( 'NONE', ( #6148, #1609, #3945, #4561, #3725, #8029 ) ) ;
#4043 = EDGE_CURVE ( 'NONE', #3628, #4773, #4551, .T. ) ;
#4044 = DIRECTION ( 'NONE',  ( 0.000000000000000000, 0.000000000000000000, -1.000000000000000000 ) ) ;
#4045 = CARTESIAN_POINT ( 'NONE',  ( 9.625000000000000000, -17.48437500000000000, -15.99999999999999822 ) ) ;
#4046 = DIRECTION ( 'NONE',  ( 0.000000000000000000, -0.000000000000000000, 1.000000000000000000 ) ) ;
#4047 = VECTOR ( 'NONE', #7359, 39.37007874015748143 ) ;
#4048 = FACE_OUTER_BOUND ( 'NONE', #2276, .T. ) ;
#4049 = ORIENTED_EDGE ( 'NONE', *, *, #8061, .T. ) ;
#4050 = ORIENTED_EDGE ( 'NONE', *, *, #5063, .F. ) ;
#4051 = CARTESIAN_POINT ( 'NONE',  ( 8.968750000000000000, 2.196710195970565270E-15, 0.000000000000000000 ) ) ;
#4052 = VERTEX_POINT ( 'NONE', #3426 ) ;
#4053 = CYLINDRICAL_SURFACE ( 'NONE', #1722, 0.4375000000000009992 ) ;
#4054 = CARTESIAN_POINT ( 'NONE',  ( 8.656250000000007105, -17.48437499999999645, -0.2187500000000011102 ) ) ;
#4055 = EDGE_CURVE ( 'NONE', #2554, #2457, #3294, .T. ) ;
#4056 = CARTESIAN_POINT ( 'NONE',  ( -8.656250000000005329, -17.48437499999999645, -14.78125000000000178 ) ) ;
#4057 = VECTOR ( 'NONE', #207, 39.37007874015748143 ) ;
#4058 = CARTESIAN_POINT ( 'NONE',  ( 11.00000000000000000, -14.01562499999999822, -16.00000000000000000 ) ) ;
#4059 = EDGE_LOOP ( 'NONE', ( #4944, #8098, #865, #2953 ) ) ;
#4060 = CARTESIAN_POINT ( 'NONE',  ( 9.312500000000001776, -6.500000000000000000, -11.18750000000000000 ) ) ;
#4061 = ORIENTED_EDGE ( 'NONE', *, *, #4394, .F. ) ;
#4062 = EDGE_CURVE ( 'NONE', #5466, #471, #270, .T. ) ;
#4063 = LINE ( 'NONE', #4711, #7072 ) ;
#4064 = CARTESIAN_POINT ( 'NONE',  ( 8.656250000000005329, -17.48437499999999645, -15.00000000000000000 ) ) ;
#4065 = SURFACE_STYLE_FILL_AREA ( #257 ) ;
#4066 = DIRECTION ( 'NONE',  ( 0.000000000000000000, 0.000000000000000000, -1.000000000000000000 ) ) ;
#4067 = MANIFOLD_SOLID_BREP ( 'Boss-Extrude21', #206 ) ;
#4068 = DIRECTION ( 'NONE',  ( 0.000000000000000000, -1.000000000000000000, 0.000000000000000000 ) ) ;
#4069 = EDGE_CURVE ( 'NONE', #7144, #1730, #4841, .T. ) ;
#4070 = PLANE ( 'NONE',  #1860 ) ;
#4071 = VERTEX_POINT ( 'NONE', #2722 ) ;
#4072 = LINE ( 'NONE', #4587, #4218 ) ;
#4073 = EDGE_CURVE ( 'NONE', #6388, #4969, #7863, .T. ) ;
#4074 = ORIENTED_EDGE ( 'NONE', *, *, #1214, .F. ) ;
#4075 = LINE ( 'NONE', #2718, #2643 ) ;
#4076 = CIRCLE ( 'NONE', #2234, 0.4374999999999998890 ) ;
#4077 = VECTOR ( 'NONE', #746, 39.37007874015748143 ) ;
#4078 = CARTESIAN_POINT ( 'NONE',  ( 0.000000000000000000, -5.781250000000000000, 0.000000000000000000 ) ) ;
#4079 = CARTESIAN_POINT ( 'NONE',  ( -8.468750000000005329, -0.2499999999999997224, -14.78125000000000178 ) ) ;
#4080 = EDGE_LOOP ( 'NONE', ( #7934, #4852, #2464, #7279 ) ) ;
#4081 = DIRECTION ( 'NONE',  ( 1.681137226870315542E-16, -1.000000000000000000, 0.000000000000000000 ) ) ;
#4082 = VERTEX_POINT ( 'NONE', #5344 ) ;
#4083 = AXIS2_PLACEMENT_3D ( 'NONE', #3663, #6125, #440 ) ;
#4084 = EDGE_LOOP ( 'NONE', ( #2915, #1479, #410, #6053, #5121, #10, #7628, #1769 ) ) ;
#4085 = LINE ( 'NONE', #7956, #5514 ) ;
#4086 = DIRECTION ( 'NONE',  ( -2.386870601972871370E-16, 0.000000000000000000, -1.000000000000000000 ) ) ;
#4087 = DIRECTION ( 'NONE',  ( 0.000000000000000000, 1.000000000000000000, 0.000000000000000000 ) ) ;
#4088 = CARTESIAN_POINT ( 'NONE',  ( 8.000000000000003553, -25.00000000000000000, -14.78125000000000355 ) ) ;
#4089 = COLOUR_RGB ( '',0.5294117647058823595, 0.2627450980392156965, 0.06274509803921568540 ) ;
#4090 = DIMENSIONAL_EXPONENTS ( 1.000000000000000000, 0.000000000000000000, 0.000000000000000000, 0.000000000000000000, 0.000000000000000000, 0.000000000000000000, 0.000000000000000000 ) ;
#4091 = LINE ( 'NONE', #2285, #6049 ) ;
#4092 = ADVANCED_FACE ( 'NONE', ( #6665 ), #7370, .T. ) ;
#4093 = ORIENTED_EDGE ( 'NONE', *, *, #4024, .F. ) ;
#4094 = CARTESIAN_POINT ( 'NONE',  ( 9.437500000000001776, -6.499999999999998224, -16.00000000000000000 ) ) ;
#4095 = AXIS2_PLACEMENT_3D ( 'NONE', #3610, #6074, #3644 ) ;
#4096 = ORIENTED_EDGE ( 'NONE', *, *, #5078, .F. ) ;
#4097 = CARTESIAN_POINT ( 'NONE',  ( -8.968750000000000000, 0.000000000000000000, -16.00000000000000000 ) ) ;
#4098 = STYLED_ITEM ( 'NONE', ( #2096 ), #3990 ) ;
#4099 = ORIENTED_EDGE ( 'NONE', *, *, #7871, .T. ) ;
#4100 = LINE ( 'NONE', #4145, #4997 ) ;
#4101 = FACE_OUTER_BOUND ( 'NONE', #2594, .T. ) ;
#4102 = UNCERTAINTY_MEASURE_WITH_UNIT (LENGTH_MEASURE( 1.000000000000000082E-05 ), #244, 'distance_accuracy_value', 'NONE');
#4103 = FILL_AREA_STYLE_COLOUR ( '', #611 ) ;
#4104 = VECTOR ( 'NONE', #633, 39.37007874015748143 ) ;
#4105 = CARTESIAN_POINT ( 'NONE',  ( 9.625000000000003553, -6.500000000000000000, 0.5312500000000012212 ) ) ;
#4106 = EDGE_CURVE ( 'NONE', #7766, #6819, #6779, .T. ) ;
#4107 = ADVANCED_FACE ( 'NONE', ( #3623 ), #2224, .F. ) ;
#4108 = ORIENTED_EDGE ( 'NONE', *, *, #7936, .F. ) ;
#4109 = CARTESIAN_POINT ( 'NONE',  ( 10.06250000000000355, -14.48437499999999822, -0.7500000000000033307 ) ) ;
#4110 = VERTEX_POINT ( 'NONE', #470 ) ;
#4111 = CARTESIAN_POINT ( 'NONE',  ( -10.06250000000000355, -25.00000000000000000, -15.68750000000000000 ) ) ;
#4112 = VECTOR ( 'NONE', #5169, 39.37007874015748143 ) ;
#4113 = VECTOR ( 'NONE', #1901, 39.37007874015748143 ) ;
#4114 = DIRECTION ( 'NONE',  ( 0.000000000000000000, 1.000000000000000000, 0.000000000000000000 ) ) ;
#4115 = DIRECTION ( 'NONE',  ( 1.000000000000000000, -0.000000000000000000, 0.000000000000000000 ) ) ;
#4116 = DIRECTION ( 'NONE',  ( 0.000000000000000000, 0.000000000000000000, 1.000000000000000000 ) ) ;
#4117 = PLANE ( 'NONE',  #5735 ) ;
#4118 = MANIFOLD_SOLID_BREP ( 'Cut-Extrude3[2]', #1006 ) ;
#4119 = VECTOR ( 'NONE', #6258, 39.37007874015748143 ) ;
#4120 = EDGE_CURVE ( 'NONE', #5993, #4410, #4953, .T. ) ;
#4121 = LINE ( 'NONE', #2995, #792 ) ;
#4122 = ORIENTED_EDGE ( 'NONE', *, *, #2080, .T. ) ;
#4123 = FILL_AREA_STYLE ('',( #6528 ) ) ;
#4124 = CONICAL_SURFACE ( 'NONE', #2668, 0.1535190178261026106, 0.5165289235275595248 ) ;
#4125 = CARTESIAN_POINT ( 'NONE',  ( 8.125000000000003553, -2.296212748401277249E-17, 0.7187499999999992228 ) ) ;
#4126 = CARTESIAN_POINT ( 'NONE',  ( 11.00000000000000000, -14.48437499999999822, 1.156250000000002220 ) ) ;
#4127 = VERTEX_POINT ( 'NONE', #5387 ) ;
#4128 = ADVANCED_FACE ( 'NONE', ( #1178 ), #670, .T. ) ;
#4129 = DIRECTION ( 'NONE',  ( 0.000000000000000000, 0.000000000000000000, 1.000000000000000000 ) ) ;
#4130 = VERTEX_POINT ( 'NONE', #581 ) ;
#4131 = VERTEX_POINT ( 'NONE', #6939 ) ;
#4132 = CARTESIAN_POINT ( 'NONE',  ( 9.437500000000001776, 2.311520833390629471E-15, -14.49999999999999822 ) ) ;
#4133 = VECTOR ( 'NONE', #26, 39.37007874015748143 ) ;
#4134 = DIRECTION ( 'NONE',  ( 1.000000000000000000, -0.000000000000000000, -1.224795318192648873E-16 ) ) ;
#4135 = LINE ( 'NONE', #851, #6089 ) ;
#4136 = PLANE ( 'NONE',  #2 ) ;
#4137 = EDGE_CURVE ( 'NONE', #7338, #3201, #4341, .T. ) ;
#4138 = PLANE ( 'NONE',  #6437 ) ;
#4139 = VERTEX_POINT ( 'NONE', #5077 ) ;
#4140 = LINE ( 'NONE', #3558, #7662 ) ;
#4141 = AXIS2_PLACEMENT_3D ( 'NONE', #666, #6318, #94 ) ;
#4142 = ORIENTED_EDGE ( 'NONE', *, *, #157, .T. ) ;
#4143 = PLANE ( 'NONE',  #5632 ) ;
#4144 = EDGE_LOOP ( 'NONE', ( #4632, #7757, #759, #4011 ) ) ;
#4145 = CARTESIAN_POINT ( 'NONE',  ( 4.937500000000005329, -6.500000000000000000, 0.4062500000000006106 ) ) ;
#4146 = COLOUR_RGB ( '',0.5294117647058823595, 0.2627450980392156965, 0.06274509803921568540 ) ;
#4147 = PLANE ( 'NONE',  #4954 ) ;
#4148 = DIRECTION ( 'NONE',  ( -0.000000000000000000, 1.000000000000000000, -0.000000000000000000 ) ) ;
#4149 = ORIENTED_EDGE ( 'NONE', *, *, #2561, .T. ) ;
#4150 = LINE ( 'NONE', #7187, #5806 ) ;
#4151 = ORIENTED_EDGE ( 'NONE', *, *, #610, .F. ) ;
#4152 = LINE ( 'NONE', #1088, #6991 ) ;
#4153 = DIMENSIONAL_EXPONENTS ( 1.000000000000000000, 0.000000000000000000, 0.000000000000000000, 0.000000000000000000, 0.000000000000000000, 0.000000000000000000, 0.000000000000000000 ) ;
#4154 = ADVANCED_FACE ( 'NONE', ( #544 ), #6860, .T. ) ;
#4155 = CARTESIAN_POINT ( 'NONE',  ( 9.625000000000005329, -6.500000000000000000, -16.00000000000000000 ) ) ;
#4156 = DIRECTION ( 'NONE',  ( -0.000000000000000000, 1.000000000000000000, 0.000000000000000000 ) ) ;
#4157 = LINE ( 'NONE', #4759, #2994 ) ;
#4158 = CARTESIAN_POINT ( 'NONE',  ( -8.125000000000003553, -1.499999999999999778, 0.7187499999999992228 ) ) ;
#4159 = VERTEX_POINT ( 'NONE', #3819 ) ;
#4160 = PLANE ( 'NONE',  #6708 ) ;
#4161 = EDGE_CURVE ( 'NONE', #4487, #1787, #1302, .T. ) ;
#4162 = PLANE ( 'NONE',  #5269 ) ;
#4163 = FACE_BOUND ( 'NONE', #3482, .T. ) ;
#4164 = ORIENTED_EDGE ( 'NONE', *, *, #812, .T. ) ;
#4165 = LINE ( 'NONE', #7907, #4201 ) ;
#4166 = ORIENTED_EDGE ( 'NONE', *, *, #5915, .F. ) ;
#4167 = ORIENTED_EDGE ( 'NONE', *, *, #2355, .T. ) ;
#4168 = LINE ( 'NONE', #7332, #8022 ) ;
#4169 = DIRECTION ( 'NONE',  ( 0.000000000000000000, 1.000000000000000000, 0.000000000000000000 ) ) ;
#4170 = EDGE_CURVE ( 'NONE', #4475, #5079, #5542, .T. ) ;
#4171 = LINE ( 'NONE', #6093, #227 ) ;
#4172 = LINE ( 'NONE', #1026, #1353 ) ;
#4173 = EDGE_LOOP ( 'NONE', ( #2597, #7232, #7290, #971 ) ) ;
#4174 = CARTESIAN_POINT ( 'NONE',  ( -9.625000000000003553, -6.500000000000000000, 0.5312500000000012212 ) ) ;
#4175 = EDGE_CURVE ( 'NONE', #4653, #1076, #3122, .T. ) ;
#4176 = CLOSED_SHELL ( 'NONE', ( #6276, #3208, #4534, #6456, #3118, #966, #1235, #7190, #6781, #348, #3834, #4107, #4600, #2617, #1381, #2483, #6082, #5709 ) ) ;
#4177 = ORIENTED_EDGE ( 'NONE', *, *, #2391, .F. ) ;
#4178 = DIRECTION ( 'NONE',  ( -1.000000000000000000, 0.000000000000000000, 0.000000000000000000 ) ) ;
#4179 = DIRECTION ( 'NONE',  ( 0.000000000000000000, -0.000000000000000000, -1.000000000000000000 ) ) ;
#4180 = ORIENTED_EDGE ( 'NONE', *, *, #4256, .F. ) ;
#4181 = FACE_OUTER_BOUND ( 'NONE', #979, .T. ) ;
#4182 = EDGE_CURVE ( 'NONE', #184, #1668, #1219, .T. ) ;
#4183 = SURFACE_STYLE_USAGE ( .BOTH. , #563 ) ;
#4184 = VECTOR ( 'NONE', #6163, 39.37007874015748143 ) ;
#4185 = VERTEX_POINT ( 'NONE', #5703 ) ;
#4186 = DIRECTION ( 'NONE',  ( 0.000000000000000000, 0.000000000000000000, -1.000000000000000000 ) ) ;
#4187 = ORIENTED_EDGE ( 'NONE', *, *, #6614, .T. ) ;
#4188 = DIRECTION ( 'NONE',  ( -1.000000000000000000, 0.000000000000000000, -0.000000000000000000 ) ) ;
#4189 = VECTOR ( 'NONE', #5418, 39.37007874015748143 ) ;
#4190 = SURFACE_STYLE_FILL_AREA ( #1674 ) ;
#4191 = FILL_AREA_STYLE ('',( #4870 ) ) ;
#4192 = CARTESIAN_POINT ( 'NONE',  ( 9.625000000000003553, -6.500000000000000000, 0.5312499999999992228 ) ) ;
#4193 = CARTESIAN_POINT ( 'NONE',  ( 8.656250000000007105, -14.48437500000000178, -0.2187500000000011102 ) ) ;
#4194 = ADVANCED_FACE ( 'NONE', ( #6899 ), #1918, .F. ) ;
#4195 = VECTOR ( 'NONE', #5107, 39.37007874015748143 ) ;
#4196 = ORIENTED_EDGE ( 'NONE', *, *, #861, .F. ) ;
#4197 = AXIS2_PLACEMENT_3D ( 'NONE', #6134, #3097, #485 ) ;
#4198 = DIRECTION ( 'NONE',  ( -8.741913579725688053E-15, -0.000000000000000000, 1.000000000000000000 ) ) ;
#4199 = CARTESIAN_POINT ( 'NONE',  ( 9.625000000000005329, -6.500000000000000000, -16.00000000000000000 ) ) ;
#4200 = VERTEX_POINT ( 'NONE', #1259 ) ;
#4201 = VECTOR ( 'NONE', #1177, 39.37007874015748143 ) ;
#4202 = EDGE_CURVE ( 'NONE', #2653, #2155, #406, .T. ) ;
#4203 = MANIFOLD_SOLID_BREP ( 'Cut-Extrude3[1]', #3898 ) ;
#4204 = ORIENTED_EDGE ( 'NONE', *, *, #1338, .T. ) ;
#4205 = LINE ( 'NONE', #2851, #2770 ) ;
#4206 = VECTOR ( 'NONE', #4287, 39.37007874015748143 ) ;
#4207 = AXIS2_PLACEMENT_3D ( 'NONE', #3364, #7762, #2118 ) ;
#4208 = DIRECTION ( 'NONE',  ( -1.681137226870315789E-16, 1.000000000000000000, -0.000000000000000000 ) ) ;
#4209 =( CONVERSION_BASED_UNIT ( 'INCH', #7336 ) LENGTH_UNIT ( ) NAMED_UNIT ( #2719 ) );
#4210 = CARTESIAN_POINT ( 'NONE',  ( -9.437500000000001776, -6.500000000000000000, -14.49999999999999822 ) ) ;
#4211 = ORIENTED_EDGE ( 'NONE', *, *, #1391, .T. ) ;
#4212 = VECTOR ( 'NONE', #6789, 39.37007874015748143 ) ;
#4213 = EDGE_CURVE ( 'NONE', #1631, #5554, #6238, .T. ) ;
#4214 = ORIENTED_EDGE ( 'NONE', *, *, #6878, .F. ) ;
#4215 = DIRECTION ( 'NONE',  ( 0.000000000000000000, -1.000000000000000000, 0.000000000000000000 ) ) ;
#4216 = ORIENTED_EDGE ( 'NONE', *, *, #3379, .T. ) ;
#4217 = LINE ( 'NONE', #7312, #255 ) ;
#4218 = VECTOR ( 'NONE', #5868, 39.37007874015748143 ) ;
#4219 = CARTESIAN_POINT ( 'NONE',  ( -8.000000000000003553, -5.781250000000000000, -14.53125000000000000 ) ) ;
#4220 = EDGE_CURVE ( 'NONE', #1513, #6294, #4629, .T. ) ;
#4221 = CARTESIAN_POINT ( 'NONE',  ( 8.968750000000000000, 2.196710195970565270E-15, -16.00000000000000000 ) ) ;
#4222 = DIRECTION ( 'NONE',  ( -0.000000000000000000, 0.000000000000000000, -1.000000000000000000 ) ) ;
#4223 = VECTOR ( 'NONE', #7737, 39.37007874015748143 ) ;
#4224 = EDGE_CURVE ( 'NONE', #7799, #2724, #7070, .T. ) ;
#4225 = EDGE_LOOP ( 'NONE', ( #5338, #3196, #4518, #7573 ) ) ;
#4226 = CARTESIAN_POINT ( 'NONE',  ( -9.437500000000001776, 0.000000000000000000, -14.49999999999999822 ) ) ;
#4227 = AXIS2_PLACEMENT_3D ( 'NONE', #859, #4612, #4654 ) ;
#4228 = VERTEX_POINT ( 'NONE', #1511 ) ;
#4229 = LINE ( 'NONE', #6690, #5941 ) ;
#4230 = DIRECTION ( 'NONE',  ( 0.000000000000000000, -0.000000000000000000, 1.000000000000000000 ) ) ;
#4231 = EDGE_CURVE ( 'NONE', #4082, #4294, #5251, .T. ) ;
#4232 = CARTESIAN_POINT ( 'NONE',  ( 9.312500000000001776, 0.000000000000000000, -4.687500000000000000 ) ) ;
#4233 = AXIS2_PLACEMENT_3D ( 'NONE', #6254, #3793, #5805 ) ;
#4234 = ORIENTED_EDGE ( 'NONE', *, *, #7668, .F. ) ;
#4235 = LINE ( 'NONE', #5956, #126 ) ;
#4236 = STYLED_ITEM ( 'NONE', ( #3736 ), #4203 ) ;
#4237 = DIRECTION ( 'NONE',  ( -0.000000000000000000, 1.000000000000000000, -0.000000000000000000 ) ) ;
#4238 = CARTESIAN_POINT ( 'NONE',  ( -9.312500000000001776, -6.500000000000000000, -4.687500000000000000 ) ) ;
#4239 = ORIENTED_EDGE ( 'NONE', *, *, #4267, .F. ) ;
#4240 = VECTOR ( 'NONE', #6436, 39.37007874015748143 ) ;
#4241 = PLANE ( 'NONE',  #6692 ) ;
#4242 = DIRECTION ( 'NONE',  ( 0.000000000000000000, 1.000000000000000000, 0.000000000000000000 ) ) ;
#4243 = ORIENTED_EDGE ( 'NONE', *, *, #5761, .T. ) ;
#4244 = FACE_OUTER_BOUND ( 'NONE', #6312, .T. ) ;
#4245 = DIRECTION ( 'NONE',  ( -0.000000000000000000, 1.000000000000000000, -0.000000000000000000 ) ) ;
#4246 = SURFACE_SIDE_STYLE ('',( #402 ) ) ;
#4247 = DIRECTION ( 'NONE',  ( -0.000000000000000000, 0.000000000000000000, 1.000000000000000000 ) ) ;
#4248 = ADVANCED_FACE ( 'NONE', ( #3992 ), #2131, .T. ) ;
#4249 = ORIENTED_EDGE ( 'NONE', *, *, #4881, .T. ) ;
#4250 = AXIS2_PLACEMENT_3D ( 'NONE', #3334, #1383, #2675 ) ;
#4251 = EDGE_LOOP ( 'NONE', ( #5288, #5044 ) ) ;
#4252 = CARTESIAN_POINT ( 'NONE',  ( 10.06250000000000355, -14.48437499999999822, -15.25000000000000000 ) ) ;
#4253 = DIRECTION ( 'NONE',  ( 0.000000000000000000, -1.000000000000000000, 0.000000000000000000 ) ) ;
#4254 = VERTEX_POINT ( 'NONE', #7161 ) ;
#4255 = FILL_AREA_STYLE ('',( #1811 ) ) ;
#4256 = EDGE_CURVE ( 'NONE', #4549, #697, #4030, .T. ) ;
#4257 = DIRECTION ( 'NONE',  ( -1.000000000000000000, 0.000000000000000000, 1.500757696090239076E-16 ) ) ;
#4258 = CARTESIAN_POINT ( 'NONE',  ( -9.437500000000001776, -1.500000000000000222, -14.49999999999999822 ) ) ;
#4259 = ORIENTED_EDGE ( 'NONE', *, *, #1908, .F. ) ;
#4260 = CARTESIAN_POINT ( 'NONE',  ( 9.437500000000001776, -1.499999999999998002, -1.500000000000000222 ) ) ;
#4261 = VERTEX_POINT ( 'NONE', #4670 ) ;
#4262 = CARTESIAN_POINT ( 'NONE',  ( -9.625000000000005329, 0.000000000000000000, -16.00000000000000000 ) ) ;
#4263 = EDGE_CURVE ( 'NONE', #1805, #61, #6526, .T. ) ;
#4264 = LINE ( 'NONE', #1931, #672 ) ;
#4265 = PRESENTATION_STYLE_ASSIGNMENT (( #2339 ) ) ;
#4266 = CARTESIAN_POINT ( 'NONE',  ( 11.00000000000000000, 0.4687500000000002776, 1.156250000000002442 ) ) ;
#4267 = EDGE_CURVE ( 'NONE', #3468, #1076, #3243, .T. ) ;
#4268 = EDGE_LOOP ( 'NONE', ( #3907, #5261, #538, #6538 ) ) ;
#4269 = EDGE_CURVE ( 'NONE', #7829, #7040, #5911, .T. ) ;
#4270 = DIRECTION ( 'NONE',  ( 0.000000000000000000, 1.000000000000000000, 0.000000000000000000 ) ) ;
#4271 = PLANE ( 'NONE',  #5694 ) ;
#4272 = ORIENTED_EDGE ( 'NONE', *, *, #983, .T. ) ;
#4273 = ORIENTED_EDGE ( 'NONE', *, *, #4768, .F. ) ;
#4274 = ORIENTED_EDGE ( 'NONE', *, *, #4590, .F. ) ;
#4275 = DIRECTION ( 'NONE',  ( 0.000000000000000000, 0.000000000000000000, 1.000000000000000000 ) ) ;
#4276 = DIRECTION ( 'NONE',  ( 1.000000000000000000, -0.000000000000000000, 0.000000000000000000 ) ) ;
#4277 = ORIENTED_EDGE ( 'NONE', *, *, #6052, .F. ) ;
#4278 = ORIENTED_EDGE ( 'NONE', *, *, #5405, .T. ) ;
#4279 = DIRECTION ( 'NONE',  ( 0.000000000000000000, 4.370956789862821643E-16, 1.000000000000000000 ) ) ;
#4280 = EDGE_CURVE ( 'NONE', #2248, #6949, #260, .T. ) ;
#4281 = ORIENTED_EDGE ( 'NONE', *, *, #2557, .T. ) ;
#4282 = CYLINDRICAL_SURFACE ( 'NONE', #1330, 0.4375000000000009992 ) ;
#4283 = CARTESIAN_POINT ( 'NONE',  ( -10.06250000000000355, 0.000000000000000000, -1.187500000000003553 ) ) ;
#4284 = ORIENTED_EDGE ( 'NONE', *, *, #5796, .F. ) ;
#4285 = FACE_OUTER_BOUND ( 'NONE', #5611, .T. ) ;
#4286 = VERTEX_POINT ( 'NONE', #7197 ) ;
#4287 = DIRECTION ( 'NONE',  ( 0.000000000000000000, 1.000000000000000000, 0.000000000000000000 ) ) ;
#4288 = ADVANCED_FACE ( 'NONE', ( #5295 ), #6488, .F. ) ;
#4289 = CLOSED_SHELL ( 'NONE', ( #3168, #18, #2609, #3415, #4858, #7393 ) ) ;
#4290 = LINE ( 'NONE', #2376, #5877 ) ;
#4291 = SURFACE_STYLE_USAGE ( .BOTH. , #2415 ) ;
#4292 = VECTOR ( 'NONE', #2055, 39.37007874015748143 ) ;
#4293 = FACE_OUTER_BOUND ( 'NONE', #489, .T. ) ;
#4294 = VERTEX_POINT ( 'NONE', #6363 ) ;
#4295 = EDGE_CURVE ( 'NONE', #5423, #760, #707, .T. ) ;
#4296 = VERTEX_POINT ( 'NONE', #7028 ) ;
#4297 = VECTOR ( 'NONE', #6693, 39.37007874015748143 ) ;
#4298 = LINE ( 'NONE', #1880, #7516 ) ;
#4299 = CARTESIAN_POINT ( 'NONE',  ( -10.06250000000000355, 0.2500000000000000000, -0.7500000000000033307 ) ) ;
#4300 = ORIENTED_EDGE ( 'NONE', *, *, #2398, .F. ) ;
#4301 = CARTESIAN_POINT ( 'NONE',  ( -10.06250000000000355, -25.00000000000000000, -1.187500000000003553 ) ) ;
#4302 = EDGE_CURVE ( 'NONE', #749, #1660, #3895, .T. ) ;
#4303 = AXIS2_PLACEMENT_3D ( 'NONE', #1408, #1943, #7718 ) ;
#4304 = ORIENTED_EDGE ( 'NONE', *, *, #4479, .F. ) ;
#4305 = EDGE_LOOP ( 'NONE', ( #3254, #7502, #2931, #3887 ) ) ;
#4306 = CARTESIAN_POINT ( 'NONE',  ( 0.000000000000000000, -5.781250000000000000, 0.000000000000000000 ) ) ;
#4307 = VECTOR ( 'NONE', #5807, 39.37007874015748143 ) ;
#4308 = CARTESIAN_POINT ( 'NONE',  ( -9.625000000000003553, 0.000000000000000000, 0.5312500000000012212 ) ) ;
#4309 = LINE ( 'NONE', #5512, #7008 ) ;
#4310 =( GEOMETRIC_REPRESENTATION_CONTEXT ( 3 ) GLOBAL_UNCERTAINTY_ASSIGNED_CONTEXT ( ( #3444 ) ) GLOBAL_UNIT_ASSIGNED_CONTEXT ( ( #2293, #1900, #2521 ) ) REPRESENTATION_CONTEXT ( 'NONE', 'WORKASPACE' ) );
#4311 = ORIENTED_EDGE ( 'NONE', *, *, #5992, .F. ) ;
#4312 = ORIENTED_EDGE ( 'NONE', *, *, #5636, .F. ) ;
#4313 = DIRECTION ( 'NONE',  ( 0.000000000000000000, -1.000000000000000000, 0.000000000000000000 ) ) ;
#4314 = AXIS2_PLACEMENT_3D ( 'NONE', #5559, #3141, #5640 ) ;
#4315 = LINE ( 'NONE', #2402, #4212 ) ;
#4316 = ORIENTED_EDGE ( 'NONE', *, *, #6774, .T. ) ;
#4317 = CARTESIAN_POINT ( 'NONE',  ( -10.06250000000000355, 0.000000000000000000, -15.68750000000000000 ) ) ;
#4318 = VECTOR ( 'NONE', #2412, 39.37007874015748143 ) ;
#4319 = PLANE ( 'NONE',  #1154 ) ;
#4320 = CARTESIAN_POINT ( 'NONE',  ( 4.812500000000004441, -6.500000000000000000, 0.4062500000000005551 ) ) ;
#4321 = EDGE_LOOP ( 'NONE', ( #3335, #7780, #5630, #4496 ) ) ;
#4322 = CARTESIAN_POINT ( 'NONE',  ( 8.968750000000000000, -6.500000000000000000, -15.53125000000000000 ) ) ;
#4323 = ORIENTED_EDGE ( 'NONE', *, *, #775, .T. ) ;
#4324 = CARTESIAN_POINT ( 'NONE',  ( 9.625000000000001776, -17.48437500000000000, -0.4687500000000009992 ) ) ;
#4325 = VECTOR ( 'NONE', #3874, 39.37007874015748143 ) ;
#4326 = SURFACE_STYLE_FILL_AREA ( #1285 ) ;
#4327 = DIRECTION ( 'NONE',  ( 7.284927983104696985E-16, 0.000000000000000000, 1.000000000000000000 ) ) ;
#4328 = EDGE_CURVE ( 'NONE', #2025, #7971, #6399, .T. ) ;
#4329 = EDGE_CURVE ( 'NONE', #4040, #4022, #139, .T. ) ;
#4330 = MECHANICAL_DESIGN_GEOMETRIC_PRESENTATION_REPRESENTATION (  '', ( #6966 ), #776 ) ;
#4331 = LINE ( 'NONE', #48, #12 ) ;
#4332 = ORIENTED_EDGE ( 'NONE', *, *, #2961, .T. ) ;
#4333 = VECTOR ( 'NONE', #4591, 39.37007874015748143 ) ;
#4334 = ORIENTED_EDGE ( 'NONE', *, *, #573, .T. ) ;
#4335 = AXIS2_PLACEMENT_3D ( 'NONE', #5262, #7127, #3904 ) ;
#4336 = CARTESIAN_POINT ( 'NONE',  ( 10.06250000000000355, 0.2500000000000000000, -15.68750000000000000 ) ) ;
#4337 = PLANE ( 'NONE',  #2424 ) ;
#4338 = EDGE_CURVE ( 'NONE', #6799, #471, #1424, .T. ) ;
#4339 = ORIENTED_EDGE ( 'NONE', *, *, #5108, .F. ) ;
#4340 = CARTESIAN_POINT ( 'NONE',  ( -9.625000000000001776, -5.000000000000000000, -14.49999999999999822 ) ) ;
#4341 = LINE ( 'NONE', #4382, #2130 ) ;
#4342 = AXIS2_PLACEMENT_3D ( 'NONE', #6621, #6660, #433 ) ;
#4343 = VERTEX_POINT ( 'NONE', #3333 ) ;
#4344 = ORIENTED_EDGE ( 'NONE', *, *, #3671, .F. ) ;
#4345 = DIRECTION ( 'NONE',  ( 1.681137226870315789E-16, -1.000000000000000000, 0.000000000000000000 ) ) ;
#4346 = VECTOR ( 'NONE', #5293, 39.37007874015748143 ) ;
#4347 = SURFACE_STYLE_USAGE ( .BOTH. , #3742 ) ;
#4348 = CARTESIAN_POINT ( 'NONE',  ( -8.187500000000001776, -17.48437500000000000, 1.228745363673883546E-15 ) ) ;
#4349 = EDGE_CURVE ( 'NONE', #2903, #5732, #7731, .T. ) ;
#4350 = VERTEX_POINT ( 'NONE', #7901 ) ;
#4351 = VECTOR ( 'NONE', #6798, 39.37007874015748143 ) ;
#4352 = ORIENTED_EDGE ( 'NONE', *, *, #6623, .F. ) ;
#4353 = DIRECTION ( 'NONE',  ( -1.000000000000000000, 0.000000000000000000, 1.500757696090239076E-16 ) ) ;
#4354 = ORIENTED_EDGE ( 'NONE', *, *, #3844, .T. ) ;
#4355 = DIRECTION ( 'NONE',  ( -0.000000000000000000, 0.000000000000000000, 1.000000000000000000 ) ) ;
#4356 = ORIENTED_EDGE ( 'NONE', *, *, #6707, .T. ) ;
#4357 = AXIS2_PLACEMENT_3D ( 'NONE', #2858, #5357, #2238 ) ;
#4358 = CARTESIAN_POINT ( 'NONE',  ( 8.468750000000003553, -0.2499999999999997224, -14.78125000000000355 ) ) ;
#4359 = ADVANCED_FACE ( 'NONE', ( #3616, #1678, #4717, #7360, #3580 ), #341, .F. ) ;
#4360 = DIRECTION ( 'NONE',  ( 0.000000000000000000, 1.000000000000000000, 0.000000000000000000 ) ) ;
#4361 = DIRECTION ( 'NONE',  ( 0.000000000000000000, 1.000000000000000000, 0.000000000000000000 ) ) ;
#4362 = CARTESIAN_POINT ( 'NONE',  ( -8.125000000000003553, -2.296212748401277249E-17, 0.7187499999999992228 ) ) ;
#4363 = VERTEX_POINT ( 'NONE', #2923 ) ;
#4364 = CARTESIAN_POINT ( 'NONE',  ( 9.437500000000003553, 0.000000000000000000, -11.31249999999999822 ) ) ;
#4365 = VECTOR ( 'NONE', #3911, 39.37007874015748143 ) ;
#4366 = VECTOR ( 'NONE', #183, 39.37007874015748143 ) ;
#4367 = ORIENTED_EDGE ( 'NONE', *, *, #3471, .F. ) ;
#4368 = CARTESIAN_POINT ( 'NONE',  ( 9.625000000000005329, -6.500000000000000000, -16.00000000000000000 ) ) ;
#4369 = LINE ( 'NONE', #4015, #3691 ) ;
#4370 = EDGE_LOOP ( 'NONE', ( #1146, #3885, #763, #1962 ) ) ;
#4371 = LINE ( 'NONE', #1249, #6328 ) ;
#4372 = ORIENTED_EDGE ( 'NONE', *, *, #3247, .F. ) ;
#4373 = CIRCLE ( 'NONE', #5170, 0.4375000000000002776 ) ;
#4374 = ORIENTED_EDGE ( 'NONE', *, *, #7050, .T. ) ;
#4375 = EDGE_CURVE ( 'NONE', #867, #2315, #4799, .T. ) ;
#4376 = CARTESIAN_POINT ( 'NONE',  ( 10.06250000000000355, 0.2500000000000000000, -15.25000000000000000 ) ) ;
#4377 = LINE ( 'NONE', #1253, #401 ) ;
#4378 = UNCERTAINTY_MEASURE_WITH_UNIT (LENGTH_MEASURE( 1.000000000000000082E-05 ), #3694, 'distance_accuracy_value', 'NONE');
#4379 = DIRECTION ( 'NONE',  ( 1.000000000000000000, -0.000000000000000000, 0.000000000000000000 ) ) ;
#4380 = DIRECTION ( 'NONE',  ( 1.000000000000000000, 0.000000000000000000, -8.741913579725612322E-15 ) ) ;
#4381 = DIRECTION ( 'NONE',  ( 0.000000000000000000, 1.000000000000000000, 0.000000000000000000 ) ) ;
#4382 = CARTESIAN_POINT ( 'NONE',  ( -9.437500000000001776, 0.000000000000000000, -14.49999999999999822 ) ) ;
#4383 = VERTEX_POINT ( 'NONE', #6079 ) ;
#4384 = DIRECTION ( 'NONE',  ( -1.000000000000000000, 4.686315084737202911E-15, -0.000000000000000000 ) ) ;
#4385 = EDGE_CURVE ( 'NONE', #3178, #2800, #4121, .T. ) ;
#4386 = ORIENTED_EDGE ( 'NONE', *, *, #5272, .F. ) ;
#4387 = CARTESIAN_POINT ( 'NONE',  ( 8.968750000000000000, 2.196710195970565270E-15, 0.000000000000000000 ) ) ;
#4388 = DIRECTION ( 'NONE',  ( 0.000000000000000000, 0.000000000000000000, 1.000000000000000000 ) ) ;
#4389 = DIRECTION ( 'NONE',  ( 0.000000000000000000, -1.000000000000000000, 0.000000000000000000 ) ) ;
#4390 = ORIENTED_EDGE ( 'NONE', *, *, #7985, .T. ) ;
#4391 = ORIENTED_EDGE ( 'NONE', *, *, #3692, .T. ) ;
#4392 = ORIENTED_EDGE ( 'NONE', *, *, #1690, .T. ) ;
#4393 = CARTESIAN_POINT ( 'NONE',  ( -9.437500000000001776, 0.000000000000000000, -16.00000000000000000 ) ) ;
#4394 = EDGE_CURVE ( 'NONE', #5446, #3439, #428, .T. ) ;
#4395 = ORIENTED_EDGE ( 'NONE', *, *, #147, .T. ) ;
#4396 = CARTESIAN_POINT ( 'NONE',  ( -8.187500000000001776, -17.48437500000000000, -0.4687500000000009992 ) ) ;
#4397 = DIRECTION ( 'NONE',  ( 1.000000000000000000, 0.000000000000000000, 0.000000000000000000 ) ) ;
#4398 = DIRECTION ( 'NONE',  ( -0.000000000000000000, 0.000000000000000000, 1.000000000000000000 ) ) ;
#4399 = CARTESIAN_POINT ( 'NONE',  ( 8.968750000000000000, -6.031250000000000888, -15.53125000000000000 ) ) ;
#4400 = EDGE_CURVE ( 'NONE', #3065, #6597, #7245, .T. ) ;
#4401 = CARTESIAN_POINT ( 'NONE',  ( -8.187500000000003553, -14.73437499999999645, -14.78125000000000178 ) ) ;
#4402 = ORIENTED_EDGE ( 'NONE', *, *, #4712, .T. ) ;
#4403 = DIRECTION ( 'NONE',  ( 0.000000000000000000, 0.000000000000000000, 1.000000000000000000 ) ) ;
#4404 = ORIENTED_EDGE ( 'NONE', *, *, #6852, .T. ) ;
#4405 = CARTESIAN_POINT ( 'NONE',  ( 8.468750000000003553, -5.781250000000000000, -15.00000000000000000 ) ) ;
#4406 = EDGE_CURVE ( 'NONE', #3289, #6851, #1199, .T. ) ;
#4407 =( CONVERSION_BASED_UNIT ( 'INCH', #1907 ) LENGTH_UNIT ( ) NAMED_UNIT ( #6610 ) );
#4408 = LINE ( 'NONE', #3804, #6023 ) ;
#4409 = FILL_AREA_STYLE ('',( #46 ) ) ;
#4410 = VERTEX_POINT ( 'NONE', #4193 ) ;
#4411 = DIRECTION ( 'NONE',  ( 0.000000000000000000, 0.000000000000000000, 1.000000000000000000 ) ) ;
#4412 = VERTEX_POINT ( 'NONE', #4232 ) ;
#4413 = CLOSED_SHELL ( 'NONE', ( #555, #359, #52, #1069, #5030, #1372 ) ) ;
#4414 = ORIENTED_EDGE ( 'NONE', *, *, #4754, .F. ) ;
#4415 = DIRECTION ( 'NONE',  ( 0.000000000000000000, 0.000000000000000000, -1.000000000000000000 ) ) ;
#4416 = CARTESIAN_POINT ( 'NONE',  ( 9.156249999999994671, -14.48437499999999822, -16.00000000000000355 ) ) ;
#4417 = DIRECTION ( 'NONE',  ( -1.000000000000000000, 0.000000000000000000, 1.290319347560979836E-16 ) ) ;
#4418 = VECTOR ( 'NONE', #6695, 39.37007874015748143 ) ;
#4419 = FACE_OUTER_BOUND ( 'NONE', #619, .T. ) ;
#4420 = PLANE ( 'NONE',  #3934 ) ;
#4421 = ADVANCED_FACE ( 'NONE', ( #7856 ), #924, .T. ) ;
#4422 = DIRECTION ( 'NONE',  ( -0.000000000000000000, 1.000000000000000000, -0.000000000000000000 ) ) ;
#4423 = VERTEX_POINT ( 'NONE', #6113 ) ;
#4424 =( NAMED_UNIT ( * ) SI_UNIT ( $, .STERADIAN. ) SOLID_ANGLE_UNIT ( ) );
#4425 = VECTOR ( 'NONE', #872, 39.37007874015748143 ) ;
#4426 = ORIENTED_EDGE ( 'NONE', *, *, #2321, .T. ) ;
#4427 = DIRECTION ( 'NONE',  ( 0.000000000000000000, 1.000000000000000000, 1.260852920152736718E-16 ) ) ;
#4428 = EDGE_LOOP ( 'NONE', ( #5399, #7462, #1084, #4553 ) ) ;
#4429 = ADVANCED_FACE ( 'NONE', ( #1718 ), #3458, .T. ) ;
#4430 = ADVANCED_FACE ( 'NONE', ( #6568 ), #6652, .T. ) ;
#4431 = VERTEX_POINT ( 'NONE', #3497 ) ;
#4432 = ORIENTED_EDGE ( 'NONE', *, *, #3565, .F. ) ;
#4433 = LINE ( 'NONE', #2641, #377 ) ;
#4434 = ORIENTED_EDGE ( 'NONE', *, *, #2447, .T. ) ;
#4435 = COLOUR_RGB ( '',0.5294117647058823595, 0.2627450980392156965, 0.06274509803921568540 ) ;
#4436 = LINE ( 'NONE', #4973, #99 ) ;
#4437 = DIRECTION ( 'NONE',  ( 1.000000000000000000, 0.000000000000000000, 0.000000000000000000 ) ) ;
#4438 = LINE ( 'NONE', #3964, #3140 ) ;
#4439 = ADVANCED_FACE ( 'NONE', ( #5991 ), #4070, .T. ) ;
#4440 = CARTESIAN_POINT ( 'NONE',  ( 8.656250000000005329, -17.48437499999999645, -14.78125000000000355 ) ) ;
#4441 = VERTEX_POINT ( 'NONE', #302 ) ;
#4442 = CARTESIAN_POINT ( 'NONE',  ( -8.656250000000001776, -14.73437499999999645, -0.2187500000000011102 ) ) ;
#4443 = EDGE_LOOP ( 'NONE', ( #2984, #87, #480, #5878 ) ) ;
#4444 = CARTESIAN_POINT ( 'NONE',  ( -8.125000000000003553, -1.499999999999999778, 0.7187499999999992228 ) ) ;
#4445 = DIRECTION ( 'NONE',  ( 0.000000000000000000, -1.000000000000000000, 0.000000000000000000 ) ) ;
#4446 = ADVANCED_FACE ( 'NONE', ( #3533 ), #5336, .T. ) ;
#4447 = AXIS2_PLACEMENT_3D ( 'NONE', #3674, #1772, #3750 ) ;
#4448 = AXIS2_PLACEMENT_3D ( 'NONE', #6983, #669, #5619 ) ;
#4449 =( CONVERSION_BASED_UNIT ( 'INCH', #3924 ) LENGTH_UNIT ( ) NAMED_UNIT ( #6495 ) );
#4450 = CARTESIAN_POINT ( 'NONE',  ( -8.468750000000003553, -5.781250000000000000, -14.53125000000000000 ) ) ;
#4451 = EDGE_CURVE ( 'NONE', #1695, #4824, #1640, .T. ) ;
#4452 = FACE_OUTER_BOUND ( 'NONE', #4537, .T. ) ;
#4453 = ORIENTED_EDGE ( 'NONE', *, *, #7084, .T. ) ;
#4454 = LINE ( 'NONE', #6434, #796 ) ;
#4455 = AXIS2_PLACEMENT_3D ( 'NONE', #4893, #4253, #5017 ) ;
#4456 = EDGE_LOOP ( 'NONE', ( #4769, #1920, #3617, #1243 ) ) ;
#4457 = ORIENTED_EDGE ( 'NONE', *, *, #4990, .T. ) ;
#4458 = CARTESIAN_POINT ( 'NONE',  ( -9.437500000000001776, -5.000000000000000000, -1.500000000000000222 ) ) ;
#4459 =( GEOMETRIC_REPRESENTATION_CONTEXT ( 3 ) GLOBAL_UNCERTAINTY_ASSIGNED_CONTEXT ( ( #5698 ) ) GLOBAL_UNIT_ASSIGNED_CONTEXT ( ( #6184, #6226, #1207 ) ) REPRESENTATION_CONTEXT ( 'NONE', 'WORKASPACE' ) );
#4460 = LINE ( 'NONE', #623, #7260 ) ;
#4461 = PLANE ( 'NONE',  #7014 ) ;
#4462 = EDGE_CURVE ( 'NONE', #3780, #2540, #7979, .T. ) ;
#4463 = PLANE ( 'NONE',  #77 ) ;
#4464 = DIRECTION ( 'NONE',  ( 0.000000000000000000, 0.000000000000000000, -1.000000000000000000 ) ) ;
#4465 = DIRECTION ( 'NONE',  ( 0.000000000000000000, 0.000000000000000000, -1.000000000000000000 ) ) ;
#4466 = AXIS2_PLACEMENT_3D ( 'NONE', #3483, #7927, #7271 ) ;
#4467 = ORIENTED_EDGE ( 'NONE', *, *, #2897, .T. ) ;
#4468 = CARTESIAN_POINT ( 'NONE',  ( 8.125000000000003553, -5.000000000000000000, 0.5312499999999993339 ) ) ;
#4469 = ORIENTED_EDGE ( 'NONE', *, *, #5553, .T. ) ;
#4470 = CARTESIAN_POINT ( 'NONE',  ( -9.625000000000005329, -14.48437499999999822, -15.99999999999999822 ) ) ;
#4471 = EDGE_LOOP ( 'NONE', ( #1534, #6753, #735, #5081 ) ) ;
#4472 = EDGE_CURVE ( 'NONE', #6628, #5034, #2342, .T. ) ;
#4473 = VECTOR ( 'NONE', #7860, 39.37007874015748143 ) ;
#4474 = VERTEX_POINT ( 'NONE', #6268 ) ;
#4475 = VERTEX_POINT ( 'NONE', #1166 ) ;
#4476 = CARTESIAN_POINT ( 'NONE',  ( 9.437500000000003553, 0.000000000000000000, -4.687500000000000000 ) ) ;
#4477 = VECTOR ( 'NONE', #6793, 39.37007874015748143 ) ;
#4478 = VERTEX_POINT ( 'NONE', #6847 ) ;
#4479 = EDGE_CURVE ( 'NONE', #4110, #890, #1291, .T. ) ;
#4480 = DIRECTION ( 'NONE',  ( -5.827942386483817542E-15, 0.000000000000000000, 1.000000000000000000 ) ) ;
#4481 = LINE ( 'NONE', #7545, #1747 ) ;
#4482 = CARTESIAN_POINT ( 'NONE',  ( 8.468750000000007105, -5.781250000000000000, 0.06249999999999869549 ) ) ;
#4483 = AXIS2_PLACEMENT_3D ( 'NONE', #6106, #5286, #7809 ) ;
#4484 = DIRECTION ( 'NONE',  ( -1.000000000000000000, 0.000000000000000000, -8.741913579725607589E-15 ) ) ;
#4485 = AXIS2_PLACEMENT_3D ( 'NONE', #457, #917, #2334 ) ;
#4486 = CARTESIAN_POINT ( 'NONE',  ( 0.000000000000000000, 0.000000000000000000, 0.000000000000000000 ) ) ;
#4487 = VERTEX_POINT ( 'NONE', #3072 ) ;
#4488 = CARTESIAN_POINT ( 'NONE',  ( 9.625000000000003553, -6.500000000000000000, 0.5312499999999992228 ) ) ;
#4489 = VERTEX_POINT ( 'NONE', #7556 ) ;
#4490 = CARTESIAN_POINT ( 'NONE',  ( -9.437500000000001776, -6.500000000000000000, -14.49999999999999822 ) ) ;
#4491 = AXIS2_PLACEMENT_3D ( 'NONE', #7999, #2516, #6096 ) ;
#4492 = EDGE_CURVE ( 'NONE', #2687, #2554, #7521, .T. ) ;
#4493 =( NAMED_UNIT ( * ) SI_UNIT ( $, .STERADIAN. ) SOLID_ANGLE_UNIT ( ) );
#4494 = ORIENTED_EDGE ( 'NONE', *, *, #2576, .F. ) ;
#4495 = DIRECTION ( 'NONE',  ( 1.000000000000000000, -0.000000000000000000, -0.000000000000000000 ) ) ;
#4496 = ORIENTED_EDGE ( 'NONE', *, *, #119, .F. ) ;
#4497 = DIRECTION ( 'NONE',  ( 7.284927983104696985E-16, 0.000000000000000000, 1.000000000000000000 ) ) ;
#4498 = ORIENTED_EDGE ( 'NONE', *, *, #517, .F. ) ;
#4499 = ADVANCED_FACE ( 'NONE', ( #5571 ), #7471, .F. ) ;
#4500 = CARTESIAN_POINT ( 'NONE',  ( 0.000000000000000000, 0.000000000000000000, 0.000000000000000000 ) ) ;
#4501 = CARTESIAN_POINT ( 'NONE',  ( -8.000000000000001776, -5.781250000000000000, -0.1562500000000008327 ) ) ;
#4502 = CARTESIAN_POINT ( 'NONE',  ( 9.156249999999994671, -14.48437499999999822, -15.53124999999999645 ) ) ;
#4503 = FACE_OUTER_BOUND ( 'NONE', #2239, .T. ) ;
#4504 = ADVANCED_FACE ( 'NONE', ( #615 ), #7438, .T. ) ;
#4505 = DIRECTION ( 'NONE',  ( 0.000000000000000000, -1.000000000000000000, 0.000000000000000000 ) ) ;
#4506 = PRESENTATION_LAYER_ASSIGNMENT (  '', '', ( #39 ) ) ;
#4507 = VERTEX_POINT ( 'NONE', #3153 ) ;
#4508 = LINE ( 'NONE', #4546, #4588 ) ;
#4509 = ADVANCED_FACE ( 'NONE', ( #4293 ), #5652, .T. ) ;
#4510 = ORIENTED_EDGE ( 'NONE', *, *, #5497, .T. ) ;
#4511 = DIRECTION ( 'NONE',  ( -1.000000000000000000, 0.000000000000000000, 0.000000000000000000 ) ) ;
#4512 = AXIS2_PLACEMENT_3D ( 'NONE', #1715, #2304, #3613 ) ;
#4513 = CARTESIAN_POINT ( 'NONE',  ( -8.000000000000001776, -0.2500000000000074385, -0.1562500000000008327 ) ) ;
#4514 = CARTESIAN_POINT ( 'NONE',  ( 9.625000000000003553, 0.000000000000000000, 0.5312500000000000000 ) ) ;
#4515 = ORIENTED_EDGE ( 'NONE', *, *, #3424, .F. ) ;
#4516 = FACE_OUTER_BOUND ( 'NONE', #2806, .T. ) ;
#4517 = VERTEX_POINT ( 'NONE', #4266 ) ;
#4518 = ORIENTED_EDGE ( 'NONE', *, *, #1827, .T. ) ;
#4519 = CARTESIAN_POINT ( 'NONE',  ( 8.187500000000003553, -17.48437500000000000, -14.78125000000000355 ) ) ;
#4520 = EDGE_LOOP ( 'NONE', ( #1741, #3672, #5799, #691 ) ) ;
#4521 = LINE ( 'NONE', #2184, #1407 ) ;
#4522 = CARTESIAN_POINT ( 'NONE',  ( 8.125000000000005329, -6.500000000000000000, 0.5312500000000011102 ) ) ;
#4523 = CARTESIAN_POINT ( 'NONE',  ( -11.00000000000000000, 0.000000000000000000, -16.00000000000000000 ) ) ;
#4524 = CARTESIAN_POINT ( 'NONE',  ( -11.00000000000000000, -14.01562499999999822, -16.00000000000000000 ) ) ;
#4525 = CARTESIAN_POINT ( 'NONE',  ( 0.000000000000000000, 0.000000000000000000, 1.156250000000002442 ) ) ;
#4526 = DIRECTION ( 'NONE',  ( 1.000000000000000000, 0.000000000000000000, 0.000000000000000000 ) ) ;
#4527 = EDGE_CURVE ( 'NONE', #4487, #4228, #1910, .T. ) ;
#4528 = EDGE_LOOP ( 'NONE', ( #7208, #6582, #5369, #6130 ) ) ;
#4529 = LINE ( 'NONE', #2945, #7405 ) ;
#4530 = ORIENTED_EDGE ( 'NONE', *, *, #3176, .F. ) ;
#4531 = CARTESIAN_POINT ( 'NONE',  ( 8.468750000000005329, -0.2499999999999997224, -14.78125000000000355 ) ) ;
#4532 = PLANE ( 'NONE',  #4227 ) ;
#4533 =( CONVERSION_BASED_UNIT ( 'INCH', #5149 ) LENGTH_UNIT ( ) NAMED_UNIT ( #3405 ) );
#4534 = ADVANCED_FACE ( 'NONE', ( #656 ), #1828, .F. ) ;
#4535 = ORIENTED_EDGE ( 'NONE', *, *, #4349, .T. ) ;
#4536 = DIRECTION ( 'NONE',  ( -1.000000000000000000, 0.000000000000000000, 0.000000000000000000 ) ) ;
#4537 = EDGE_LOOP ( 'NONE', ( #3796, #3114, #782, #4166 ) ) ;
#4538 = CARTESIAN_POINT ( 'NONE',  ( -8.187500000000003553, -25.00000000000000000, -14.78125000000000178 ) ) ;
#4539 = CARTESIAN_POINT ( 'NONE',  ( 10.06250000000000355, 0.2500000000000000000, -0.7500000000000033307 ) ) ;
#4540 = DIRECTION ( 'NONE',  ( 1.681137226870315789E-16, -1.000000000000000000, 0.000000000000000000 ) ) ;
#4541 = LINE ( 'NONE', #2127, #7680 ) ;
#4542 = CARTESIAN_POINT ( 'NONE',  ( 5.357829746269668895E-17, -3.687500000000000000, 0.5312499999999995559 ) ) ;
#4543 = EDGE_CURVE ( 'NONE', #1357, #8127, #4331, .T. ) ;
#4544 = DIRECTION ( 'NONE',  ( -0.000000000000000000, -0.000000000000000000, -1.000000000000000000 ) ) ;
#4545 = VERTEX_POINT ( 'NONE', #6930 ) ;
#4546 = CARTESIAN_POINT ( 'NONE',  ( -8.187500000000001776, -17.48437499999999645, -0.2187500000000011102 ) ) ;
#4547 = LINE ( 'NONE', #931, #512 ) ;
#4548 = DIRECTION ( 'NONE',  ( 0.000000000000000000, -0.000000000000000000, 1.000000000000000000 ) ) ;
#4549 = VERTEX_POINT ( 'NONE', #3687 ) ;
#4550 = EDGE_CURVE ( 'NONE', #7494, #4549, #574, .T. ) ;
#4551 = LINE ( 'NONE', #889, #6446 ) ;
#4552 = AXIS2_PLACEMENT_3D ( 'NONE', #5392, #3510, #1691 ) ;
#4553 = ORIENTED_EDGE ( 'NONE', *, *, #988, .T. ) ;
#4554 = ORIENTED_EDGE ( 'NONE', *, *, #7139, .T. ) ;
#4555 = DIRECTION ( 'NONE',  ( 1.000000000000000000, 0.000000000000000000, 0.000000000000000000 ) ) ;
#4556 = LINE ( 'NONE', #3959, #731 ) ;
#4557 = CARTESIAN_POINT ( 'NONE',  ( -9.437500000000001776, -6.500000000000000000, -16.00000000000000000 ) ) ;
#4558 = DIRECTION ( 'NONE',  ( 0.000000000000000000, 1.000000000000000000, 0.000000000000000000 ) ) ;
#4559 = CARTESIAN_POINT ( 'NONE',  ( 9.312500000000001776, -6.500000000000000000, -4.687500000000000000 ) ) ;
#4560 = CARTESIAN_POINT ( 'NONE',  ( -8.125000000000003553, -6.500000000000000000, 0.7187499999999992228 ) ) ;
#4561 = ADVANCED_FACE ( 'NONE', ( #6188 ), #5608, .T. ) ;
#4562 = LINE ( 'NONE', #7094, #4720 ) ;
#4563 = EDGE_LOOP ( 'NONE', ( #6015, #584, #5187, #2537 ) ) ;
#4564 = CARTESIAN_POINT ( 'NONE',  ( -9.312500000000003553, -6.500000000000000000, -11.31249999999999822 ) ) ;
#4565 = STYLED_ITEM ( 'NONE', ( #6103 ), #6658 ) ;
#4566 = ORIENTED_EDGE ( 'NONE', *, *, #671, .F. ) ;
#4567 = LINE ( 'NONE', #2738, #7481 ) ;
#4568 = STYLED_ITEM ( 'NONE', ( #5406 ), #1095 ) ;
#4569 = FILL_AREA_STYLE ('',( #5193 ) ) ;
#4570 = DIRECTION ( 'NONE',  ( 0.000000000000000000, 0.000000000000000000, -1.000000000000000000 ) ) ;
#4571 = LENGTH_MEASURE_WITH_UNIT ( LENGTH_MEASURE( 0.02539999999999999897 ), #862 );
#4572 = MECHANICAL_DESIGN_GEOMETRIC_PRESENTATION_REPRESENTATION (  '', ( #894 ), #5625 ) ;
#4573 = AXIS2_PLACEMENT_3D ( 'NONE', #1487, #4086, #6586 ) ;
#4574 = ORIENTED_EDGE ( 'NONE', *, *, #2447, .F. ) ;
#4575 = LINE ( 'NONE', #6389, #1737 ) ;
#4576 = VERTEX_POINT ( 'NONE', #8128 ) ;
#4577 = VECTOR ( 'NONE', #5027, 39.37007874015748143 ) ;
#4578 = VECTOR ( 'NONE', #7603, 39.37007874015748143 ) ;
#4579 = PLANE ( 'NONE',  #3131 ) ;
#4580 = EDGE_CURVE ( 'NONE', #1876, #4653, #2491, .T. ) ;
#4581 = CARTESIAN_POINT ( 'NONE',  ( -9.625000000000001776, -17.48437500000000000, -0.4687500000000009992 ) ) ;
#4582 = CARTESIAN_POINT ( 'NONE',  ( -8.125000000000003553, -5.000000000000000000, 0.7187499999999992228 ) ) ;
#4583 = CIRCLE ( 'NONE', #4975, 0.4375000000000009992 ) ;
#4584 = FACE_OUTER_BOUND ( 'NONE', #2935, .T. ) ;
#4585 = DIRECTION ( 'NONE',  ( 1.000000000000000000, 0.000000000000000000, -6.993530863780540661E-15 ) ) ;
#4586 = EDGE_LOOP ( 'NONE', ( #5879, #6288, #7735, #2359 ) ) ;
#4587 = CARTESIAN_POINT ( 'NONE',  ( -4.937500000000006217, -6.500000000000000000, 0.5312500000000011102 ) ) ;
#4588 = VECTOR ( 'NONE', #7031, 39.37007874015748143 ) ;
#4589 = VERTEX_POINT ( 'NONE', #1875 ) ;
#4590 = EDGE_CURVE ( 'NONE', #6024, #3896, #4371, .T. ) ;
#4591 = DIRECTION ( 'NONE',  ( 1.000000000000000000, 0.000000000000000000, 0.000000000000000000 ) ) ;
#4592 = DIMENSIONAL_EXPONENTS ( 1.000000000000000000, 0.000000000000000000, 0.000000000000000000, 0.000000000000000000, 0.000000000000000000, 0.000000000000000000, 0.000000000000000000 ) ;
#4593 = LINE ( 'NONE', #3381, #7126 ) ;
#4594 = ORIENTED_EDGE ( 'NONE', *, *, #511, .T. ) ;
#4595 = VECTOR ( 'NONE', #4038, 39.37007874015748143 ) ;
#4596 = ORIENTED_EDGE ( 'NONE', *, *, #6119, .T. ) ;
#4597 = ORIENTED_EDGE ( 'NONE', *, *, #6614, .F. ) ;
#4598 = PLANE ( 'NONE',  #1305 ) ;
#4599 = VECTOR ( 'NONE', #2790, 39.37007874015748143 ) ;
#4600 = ADVANCED_FACE ( 'NONE', ( #6772 ), #1128, .F. ) ;
#4601 = VECTOR ( 'NONE', #310, 39.37007874015748143 ) ;
#4602 = CARTESIAN_POINT ( 'NONE',  ( -9.437500000000001776, -6.500000000000000000, -1.500000000000000222 ) ) ;
#4603 = DIRECTION ( 'NONE',  ( 0.000000000000000000, -1.000000000000000000, 0.000000000000000000 ) ) ;
#4604 = CARTESIAN_POINT ( 'NONE',  ( 8.656250000000005329, -14.73437499999999645, -14.78125000000000355 ) ) ;
#4605 = CARTESIAN_POINT ( 'NONE',  ( 9.437500000000003553, -4.999999999999998224, -1.500000000000000222 ) ) ;
#4606 = DIRECTION ( 'NONE',  ( 1.000000000000000000, 0.000000000000000000, -0.000000000000000000 ) ) ;
#4607 = VERTEX_POINT ( 'NONE', #7153 ) ;
#4608 = DIRECTION ( 'NONE',  ( 0.000000000000000000, 0.000000000000000000, 1.000000000000000000 ) ) ;
#4609 = VECTOR ( 'NONE', #1238, 39.37007874015748143 ) ;
#4610 = ORIENTED_EDGE ( 'NONE', *, *, #5858, .F. ) ;
#4611 = DIRECTION ( 'NONE',  ( 0.000000000000000000, 1.000000000000000000, 0.000000000000000000 ) ) ;
#4612 = DIRECTION ( 'NONE',  ( -1.290319347560979836E-16, 0.000000000000000000, -1.000000000000000000 ) ) ;
#4613 = DIRECTION ( 'NONE',  ( -0.000000000000000000, -0.000000000000000000, -1.000000000000000000 ) ) ;
#4614 = ADVANCED_FACE ( 'NONE', ( #3980 ), #5821, .F. ) ;
#4615 =( NAMED_UNIT ( * ) PLANE_ANGLE_UNIT ( ) SI_UNIT ( $, .RADIAN. ) );
#4616 = VECTOR ( 'NONE', #3475, 39.37007874015748143 ) ;
#4617 = LINE ( 'NONE', #2743, #4195 ) ;
#4618 = ORIENTED_EDGE ( 'NONE', *, *, #1879, .F. ) ;
#4619 = CARTESIAN_POINT ( 'NONE',  ( -8.000000000000003553, -0.2500000000000074385, -14.78125000000000178 ) ) ;
#4620 = AXIS2_PLACEMENT_3D ( 'NONE', #6807, #3035, #2448 ) ;
#4621 = ORIENTED_EDGE ( 'NONE', *, *, #6680, .F. ) ;
#4622 = CARTESIAN_POINT ( 'NONE',  ( 9.437500000000003553, -6.500000000000000000, -11.31249999999999822 ) ) ;
#4623 =( CONVERSION_BASED_UNIT ( 'INCH', #4665 ) LENGTH_UNIT ( ) NAMED_UNIT ( #4814 ) );
#4624 = AXIS2_PLACEMENT_3D ( 'NONE', #2362, #1771, #4926 ) ;
#4625 = LINE ( 'NONE', #7111, #2526 ) ;
#4626 = CARTESIAN_POINT ( 'NONE',  ( -9.625000000000001776, -6.500000000000000000, -14.49999999999999822 ) ) ;
#4627 = DIRECTION ( 'NONE',  ( 1.000000000000000000, 0.000000000000000000, -0.000000000000000000 ) ) ;
#4628 = PLANE ( 'NONE',  #5097 ) ;
#4629 = LINE ( 'NONE', #218, #6870 ) ;
#4630 = EDGE_CURVE ( 'NONE', #4589, #1905, #5243, .T. ) ;
#4631 = ORIENTED_EDGE ( 'NONE', *, *, #2966, .F. ) ;
#4632 = ORIENTED_EDGE ( 'NONE', *, *, #3625, .F. ) ;
#4633 = FACE_OUTER_BOUND ( 'NONE', #230, .T. ) ;
#4634 = CYLINDRICAL_SURFACE ( 'NONE', #1855, 0.4375000000000002776 ) ;
#4635 = EDGE_LOOP ( 'NONE', ( #7374, #799, #6952, #658 ) ) ;
#4636 = VECTOR ( 'NONE', #1656, 39.37007874015748143 ) ;
#4637 = DIRECTION ( 'NONE',  ( 1.000000000000000000, 0.000000000000000000, 0.000000000000000000 ) ) ;
#4638 = EDGE_CURVE ( 'NONE', #1896, #5466, #2032, .T. ) ;
#4639 = ORIENTED_EDGE ( 'NONE', *, *, #667, .T. ) ;
#4640 = VERTEX_POINT ( 'NONE', #2661 ) ;
#4641 = CARTESIAN_POINT ( 'NONE',  ( 9.156249999999994671, -17.48437500000000000, -15.53124999999999645 ) ) ;
#4642 = VECTOR ( 'NONE', #5958, 39.37007874015748143 ) ;
#4643 =( CONVERSION_BASED_UNIT ( 'INCH', #3961 ) LENGTH_UNIT ( ) NAMED_UNIT ( #3984 ) );
#4644 = CARTESIAN_POINT ( 'NONE',  ( 9.625000000000001776, -6.500000000000000000, -1.500000000000000222 ) ) ;
#4645 = CARTESIAN_POINT ( 'NONE',  ( 8.125000000000003553, -1.499999999999999778, 0.5312499999999997780 ) ) ;
#4646 = DIMENSIONAL_EXPONENTS ( 1.000000000000000000, 0.000000000000000000, 0.000000000000000000, 0.000000000000000000, 0.000000000000000000, 0.000000000000000000, 0.000000000000000000 ) ;
#4647 = CARTESIAN_POINT ( 'NONE',  ( -10.06250000000000355, -14.48437499999999822, -14.81249999999999822 ) ) ;
#4648 = ADVANCED_FACE ( 'NONE', ( #5729 ), #7105, .T. ) ;
#4649 = ORIENTED_EDGE ( 'NONE', *, *, #6075, .T. ) ;
#4650 = DIRECTION ( 'NONE',  ( -0.000000000000000000, -4.370956789862822136E-16, -1.000000000000000000 ) ) ;
#4651 = ORIENTED_EDGE ( 'NONE', *, *, #6193, .T. ) ;
#4652 = FACE_OUTER_BOUND ( 'NONE', #5912, .T. ) ;
#4653 = VERTEX_POINT ( 'NONE', #4619 ) ;
#4654 = DIRECTION ( 'NONE',  ( -1.000000000000000000, 0.000000000000000000, 1.290319347560979836E-16 ) ) ;
#4655 = CARTESIAN_POINT ( 'NONE',  ( -10.06250000000000355, -14.01562499999999822, -0.7500000000000033307 ) ) ;
#4656 = FILL_AREA_STYLE ('',( #2067 ) ) ;
#4657 = EDGE_CURVE ( 'NONE', #8080, #3487, #88, .T. ) ;
#4658 = DIRECTION ( 'NONE',  ( 0.000000000000000000, 1.000000000000000000, 0.000000000000000000 ) ) ;
#4659 = EDGE_CURVE ( 'NONE', #5278, #6595, #4021, .T. ) ;
#4660 = VERTEX_POINT ( 'NONE', #2615 ) ;
#4661 = LINE ( 'NONE', #962, #2532 ) ;
#4662 = ORIENTED_EDGE ( 'NONE', *, *, #28, .F. ) ;
#4663 = LINE ( 'NONE', #4023, #1336 ) ;
#4664 = LINE ( 'NONE', #177, #4599 ) ;
#4665 = LENGTH_MEASURE_WITH_UNIT ( LENGTH_MEASURE( 0.02539999999999999897 ), #4757 );
#4666 = CARTESIAN_POINT ( 'NONE',  ( -9.312500000000001776, -6.500000000000000000, -11.18750000000000000 ) ) ;
#4667 = DIRECTION ( 'NONE',  ( -1.000000000000000000, 0.000000000000000000, 0.000000000000000000 ) ) ;
#4668 = FACE_OUTER_BOUND ( 'NONE', #6364, .T. ) ;
#4669 = FACE_OUTER_BOUND ( 'NONE', #7594, .T. ) ;
#4670 = CARTESIAN_POINT ( 'NONE',  ( 9.437500000000003553, 0.000000000000000000, -4.687500000000000000 ) ) ;
#4671 = ORIENTED_EDGE ( 'NONE', *, *, #7019, .F. ) ;
#4672 = ORIENTED_EDGE ( 'NONE', *, *, #7969, .F. ) ;
#4673 = PLANE ( 'NONE',  #5524 ) ;
#4674 = CARTESIAN_POINT ( 'NONE',  ( -9.437500000000003553, 0.000000000000000000, -8.062500000000000000 ) ) ;
#4675 = FACE_OUTER_BOUND ( 'NONE', #1530, .T. ) ;
#4676 = EDGE_CURVE ( 'NONE', #6663, #3506, #826, .T. ) ;
#4677 = VERTEX_POINT ( 'NONE', #3930 ) ;
#4678 = FACE_OUTER_BOUND ( 'NONE', #5442, .T. ) ;
#4679 = VERTEX_POINT ( 'NONE', #866 ) ;
#4680 = ORIENTED_EDGE ( 'NONE', *, *, #545, .F. ) ;
#4681 = FACE_OUTER_BOUND ( 'NONE', #2846, .T. ) ;
#4682 = CLOSED_SHELL ( 'NONE', ( #4248, #4128, #4439, #3831, #762, #7249, #453, #2505, #4791, #6371 ) ) ;
#4683 = DIRECTION ( 'NONE',  ( 1.000000000000000000, -0.000000000000000000, -0.000000000000000000 ) ) ;
#4684 = CARTESIAN_POINT ( 'NONE',  ( 8.968750000000000000, 0.000000000000000000, 0.000000000000000000 ) ) ;
#4685 = ADVANCED_FACE ( 'NONE', ( #3402 ), #5156, .T. ) ;
#4686 = CARTESIAN_POINT ( 'NONE',  ( -10.06250000000000355, 0.2500000000000000000, -0.7500000000000033307 ) ) ;
#4687 = EDGE_CURVE ( 'NONE', #7540, #59, #5110, .T. ) ;
#4688 = FACE_OUTER_BOUND ( 'NONE', #5822, .T. ) ;
#4689 = CIRCLE ( 'NONE', #869, 0.7500000000000001110 ) ;
#4690 = LINE ( 'NONE', #2855, #1446 ) ;
#4691 = ORIENTED_EDGE ( 'NONE', *, *, #8037, .F. ) ;
#4692 = CARTESIAN_POINT ( 'NONE',  ( -9.625000000000001776, -5.000000000000000000, -14.49999999999999822 ) ) ;
#4693 = ORIENTED_EDGE ( 'NONE', *, *, #2069, .F. ) ;
#4694 = PLANE ( 'NONE',  #237 ) ;
#4695 = PRODUCT ( 'NightStand', 'NightStand', '', ( #7399 ) ) ;
#4696 = ORIENTED_EDGE ( 'NONE', *, *, #24, .T. ) ;
#4697 = PLANE ( 'NONE',  #3165 ) ;
#4698 = FACE_OUTER_BOUND ( 'NONE', #2052, .T. ) ;
#4699 = MECHANICAL_DESIGN_GEOMETRIC_PRESENTATION_REPRESENTATION (  '', ( #1681 ), #2610 ) ;
#4700 = EDGE_CURVE ( 'NONE', #6822, #3272, #6973, .T. ) ;
#4701 = DIRECTION ( 'NONE',  ( 1.000000000000000000, 0.000000000000000000, 0.000000000000000000 ) ) ;
#4702 = VECTOR ( 'NONE', #1990, 39.37007874015748143 ) ;
#4703 = CARTESIAN_POINT ( 'NONE',  ( -8.968750000000000000, -3.500000000000000000, -15.53125000000000000 ) ) ;
#4704 = ORIENTED_EDGE ( 'NONE', *, *, #1888, .F. ) ;
#4705 = LINE ( 'NONE', #4226, #6854 ) ;
#4706 = VERTEX_POINT ( 'NONE', #7595 ) ;
#4707 = CARTESIAN_POINT ( 'NONE',  ( -8.125000000000003553, -1.499999999999999778, 0.7187499999999992228 ) ) ;
#4708 = DIMENSIONAL_EXPONENTS ( 1.000000000000000000, 0.000000000000000000, 0.000000000000000000, 0.000000000000000000, 0.000000000000000000, 0.000000000000000000, 0.000000000000000000 ) ;
#4709 = FILL_AREA_STYLE_COLOUR ( '', #6309 ) ;
#4710 = VECTOR ( 'NONE', #7027, 39.37007874015748143 ) ;
#4711 = CARTESIAN_POINT ( 'NONE',  ( 8.187500000000003553, -25.00000000000000000, -14.78125000000000355 ) ) ;
#4712 = EDGE_CURVE ( 'NONE', #7368, #2248, #4454, .T. ) ;
#4713 = VECTOR ( 'NONE', #6672, 39.37007874015748143 ) ;
#4714 = FACE_OUTER_BOUND ( 'NONE', #4251, .T. ) ;
#4715 = DIRECTION ( 'NONE',  ( 1.500757696090238830E-16, 0.000000000000000000, 1.000000000000000000 ) ) ;
#4716 = DIRECTION ( 'NONE',  ( 0.000000000000000000, 1.000000000000000000, 0.000000000000000000 ) ) ;
#4717 = FACE_BOUND ( 'NONE', #6374, .T. ) ;
#4718 = VECTOR ( 'NONE', #1240, 39.37007874015748143 ) ;
#4719 = VERTEX_POINT ( 'NONE', #7764 ) ;
#4720 = VECTOR ( 'NONE', #1443, 39.37007874015748143 ) ;
#4721 = CARTESIAN_POINT ( 'NONE',  ( -9.625000000000003553, -6.500000000000000000, 0.5312500000000012212 ) ) ;
#4722 = CARTESIAN_POINT ( 'NONE',  ( -10.06250000000000355, 0.2500000000000000000, -0.7500000000000033307 ) ) ;
#4723 = ORIENTED_EDGE ( 'NONE', *, *, #4762, .T. ) ;
#4724 = ORIENTED_EDGE ( 'NONE', *, *, #7076, .T. ) ;
#4725 = VECTOR ( 'NONE', #3085, 39.37007874015748143 ) ;
#4726 = ORIENTED_EDGE ( 'NONE', *, *, #2266, .T. ) ;
#4727 = CARTESIAN_POINT ( 'NONE',  ( -10.06250000000000355, -14.01562499999999822, -15.25000000000000000 ) ) ;
#4728 = LINE ( 'NONE', #3591, #5211 ) ;
#4729 = DIRECTION ( 'NONE',  ( -0.000000000000000000, 1.000000000000000000, -0.000000000000000000 ) ) ;
#4730 = DIRECTION ( 'NONE',  ( 0.000000000000000000, 0.000000000000000000, -1.000000000000000000 ) ) ;
#4731 = PLANE ( 'NONE',  #2132 ) ;
#4732 = VECTOR ( 'NONE', #608, 39.37007874015748143 ) ;
#4733 = FACE_OUTER_BOUND ( 'NONE', #5587, .T. ) ;
#4734 = ORIENTED_EDGE ( 'NONE', *, *, #3892, .T. ) ;
#4735 = CARTESIAN_POINT ( 'NONE',  ( -8.468750000000003553, -0.2499999999999997224, 0.06250000000000076328 ) ) ;
#4736 = VECTOR ( 'NONE', #11, 39.37007874015748143 ) ;
#4737 = ORIENTED_EDGE ( 'NONE', *, *, #5645, .T. ) ;
#4738 = CARTESIAN_POINT ( 'NONE',  ( 8.187500000000007105, -17.48437500000000000, -0.4687500000000009992 ) ) ;
#4739 = EDGE_CURVE ( 'NONE', #3356, #4037, #4575, .T. ) ;
#4740 = STYLED_ITEM ( 'NONE', ( #3973 ), #3850 ) ;
#4741 = EDGE_LOOP ( 'NONE', ( #6257, #5685, #3730, #7877 ) ) ;
#4742 = DIRECTION ( 'NONE',  ( 0.000000000000000000, 0.000000000000000000, -1.000000000000000000 ) ) ;
#4743 = FACE_OUTER_BOUND ( 'NONE', #2976, .T. ) ;
#4744 = SURFACE_STYLE_FILL_AREA ( #4656 ) ;
#4745 = UNCERTAINTY_MEASURE_WITH_UNIT (LENGTH_MEASURE( 1.000000000000000082E-05 ), #956, 'distance_accuracy_value', 'NONE');
#4746 = UNCERTAINTY_MEASURE_WITH_UNIT (LENGTH_MEASURE( 1.000000000000000082E-05 ), #5298, 'distance_accuracy_value', 'NONE');
#4747 = DIRECTION ( 'NONE',  ( 0.000000000000000000, 1.000000000000000000, 0.000000000000000000 ) ) ;
#4748 = CIRCLE ( 'NONE', #7387, 0.4375000000000009992 ) ;
#4749 = DIRECTION ( 'NONE',  ( 0.000000000000000000, 0.000000000000000000, -1.000000000000000000 ) ) ;
#4750 = ORIENTED_EDGE ( 'NONE', *, *, #5593, .F. ) ;
#4751 = CARTESIAN_POINT ( 'NONE',  ( 9.437500000000001776, 2.311520833390629471E-15, -14.49999999999999822 ) ) ;
#4752 = ORIENTED_EDGE ( 'NONE', *, *, #3213, .T. ) ;
#4753 = DIRECTION ( 'NONE',  ( 1.000000000000000000, 0.000000000000000000, -1.494344201662503033E-16 ) ) ;
#4754 = EDGE_CURVE ( 'NONE', #7906, #890, #698, .T. ) ;
#4755 = VECTOR ( 'NONE', #970, 39.37007874015748143 ) ;
#4756 = CARTESIAN_POINT ( 'NONE',  ( 9.625000000000001776, -17.48437500000000000, -0.4687500000000068279 ) ) ;
#4757 =( LENGTH_UNIT ( ) NAMED_UNIT ( * ) SI_UNIT ( $, .METRE. ) );
#4758 = FACE_OUTER_BOUND ( 'NONE', #1688, .T. ) ;
#4759 = CARTESIAN_POINT ( 'NONE',  ( -8.968750000000000000, 0.000000000000000000, -16.00000000000000000 ) ) ;
#4760 = AXIS2_PLACEMENT_3D ( 'NONE', #5198, #1374, #1950 ) ;
#4761 = DIRECTION ( 'NONE',  ( 0.000000000000000000, 0.000000000000000000, 1.000000000000000000 ) ) ;
#4762 = EDGE_CURVE ( 'NONE', #4033, #2399, #5900, .T. ) ;
#4763 = EDGE_LOOP ( 'NONE', ( #4122, #121, #1564, #250 ) ) ;
#4764 = DIRECTION ( 'NONE',  ( 0.000000000000000000, 1.000000000000000000, 0.000000000000000000 ) ) ;
#4765 = VECTOR ( 'NONE', #3709, 39.37007874015748143 ) ;
#4766 = DIRECTION ( 'NONE',  ( -0.000000000000000000, 0.000000000000000000, 1.000000000000000000 ) ) ;
#4767 = FACE_BOUND ( 'NONE', #7705, .T. ) ;
#4768 = EDGE_CURVE ( 'NONE', #1182, #5942, #251, .T. ) ;
#4769 = ORIENTED_EDGE ( 'NONE', *, *, #6295, .F. ) ;
#4770 = DIRECTION ( 'NONE',  ( 0.000000000000000000, 1.000000000000000000, 0.000000000000000000 ) ) ;
#4771 = VECTOR ( 'NONE', #58, 39.37007874015748143 ) ;
#4772 = EDGE_CURVE ( 'NONE', #7766, #5977, #2788, .T. ) ;
#4773 = VERTEX_POINT ( 'NONE', #7233 ) ;
#4774 = ORIENTED_EDGE ( 'NONE', *, *, #843, .F. ) ;
#4775 = CARTESIAN_POINT ( 'NONE',  ( -8.468750000000005329, -5.781250000000004441, -14.78125000000000178 ) ) ;
#4776 = ORIENTED_EDGE ( 'NONE', *, *, #7903, .F. ) ;
#4777 = DIRECTION ( 'NONE',  ( -0.000000000000000000, -4.370956789862822136E-16, -1.000000000000000000 ) ) ;
#4778 = VECTOR ( 'NONE', #2853, 39.37007874015748143 ) ;
#4779 = CARTESIAN_POINT ( 'NONE',  ( -10.06250000000000355, 0.2500000000000000000, -15.25000000000000000 ) ) ;
#4780 = LINE ( 'NONE', #7303, #4636 ) ;
#4781 = ORIENTED_EDGE ( 'NONE', *, *, #3615, .F. ) ;
#4782 = LINE ( 'NONE', #6589, #2504 ) ;
#4783 = VERTEX_POINT ( 'NONE', #2164 ) ;
#4784 = LINE ( 'NONE', #5889, #3987 ) ;
#4785 = VECTOR ( 'NONE', #712, 39.37007874015748143 ) ;
#4786 = DIRECTION ( 'NONE',  ( 0.000000000000000000, 0.000000000000000000, 1.000000000000000000 ) ) ;
#4787 = ORIENTED_EDGE ( 'NONE', *, *, #2596, .T. ) ;
#4788 = FACE_OUTER_BOUND ( 'NONE', #3136, .T. ) ;
#4789 = CARTESIAN_POINT ( 'NONE',  ( 9.625000000000005329, -6.499999999999998224, -14.49999999999999822 ) ) ;
#4790 = DIRECTION ( 'NONE',  ( -5.827942386483817542E-15, 0.000000000000000000, -1.000000000000000000 ) ) ;
#4791 = ADVANCED_FACE ( 'NONE', ( #5370 ), #1589, .F. ) ;
#4792 = LINE ( 'NONE', #6138, #6698 ) ;
#4793 = EDGE_LOOP ( 'NONE', ( #530, #6151, #6797, #2176 ) ) ;
#4794 = PLANE ( 'NONE',  #663 ) ;
#4795 = ORIENTED_EDGE ( 'NONE', *, *, #7029, .F. ) ;
#4796 = CARTESIAN_POINT ( 'NONE',  ( -9.437500000000001776, 0.000000000000000000, 0.000000000000000000 ) ) ;
#4797 = DIRECTION ( 'NONE',  ( -0.000000000000000000, 1.000000000000000000, -0.000000000000000000 ) ) ;
#4798 = EDGE_CURVE ( 'NONE', #7723, #2955, #3706, .T. ) ;
#4799 = LINE ( 'NONE', #4872, #3700 ) ;
#4800 = ORIENTED_EDGE ( 'NONE', *, *, #6979, .T. ) ;
#4801 = CARTESIAN_POINT ( 'NONE',  ( 9.312500000000001776, 0.000000000000000000, -7.937499999999999112 ) ) ;
#4802 = LINE ( 'NONE', #2964, #1063 ) ;
#4803 = LINE ( 'NONE', #2884, #821 ) ;
#4804 = EDGE_CURVE ( 'NONE', #6410, #603, #3524, .T. ) ;
#4805 = VERTEX_POINT ( 'NONE', #4751 ) ;
#4806 = ORIENTED_EDGE ( 'NONE', *, *, #7139, .F. ) ;
#4807 = DIRECTION ( 'NONE',  ( -1.000000000000000000, 0.000000000000000000, -0.000000000000000000 ) ) ;
#4808 = EDGE_CURVE ( 'NONE', #4981, #4383, #4661, .T. ) ;
#4809 = CARTESIAN_POINT ( 'NONE',  ( -8.000000000000003553, -25.00000000000000000, -14.78125000000000178 ) ) ;
#4810 = SURFACE_STYLE_USAGE ( .BOTH. , #4246 ) ;
#4811 = DIRECTION ( 'NONE',  ( 0.000000000000000000, 0.000000000000000000, 1.000000000000000000 ) ) ;
#4812 = EDGE_CURVE ( 'NONE', #4052, #5316, #6070, .T. ) ;
#4813 = ORIENTED_EDGE ( 'NONE', *, *, #3813, .F. ) ;
#4814 = DIMENSIONAL_EXPONENTS ( 1.000000000000000000, 0.000000000000000000, 0.000000000000000000, 0.000000000000000000, 0.000000000000000000, 0.000000000000000000, 0.000000000000000000 ) ;
#4815 = CARTESIAN_POINT ( 'NONE',  ( -9.437500000000001776, -6.500000000000000000, -16.00000000000000000 ) ) ;
#4816 = CLOSED_SHELL ( 'NONE', ( #1008, #3184, #6212, #6480, #1548, #4092, #6737, #474, #7568, #2027 ) ) ;
#4817 = ORIENTED_EDGE ( 'NONE', *, *, #6372, .T. ) ;
#4818 = DIRECTION ( 'NONE',  ( 0.000000000000000000, 0.000000000000000000, -1.000000000000000000 ) ) ;
#4819 = ORIENTED_EDGE ( 'NONE', *, *, #5553, .F. ) ;
#4820 = DIRECTION ( 'NONE',  ( 3.664752269196856301E-16, -0.000000000000000000, 1.000000000000000000 ) ) ;
#4821 = VECTOR ( 'NONE', #2699, 39.37007874015748143 ) ;
#4822 = UNCERTAINTY_MEASURE_WITH_UNIT (LENGTH_MEASURE( 1.000000000000000082E-05 ), #750, 'distance_accuracy_value', 'NONE');
#4823 = LINE ( 'NONE', #2202, #7362 ) ;
#4824 = VERTEX_POINT ( 'NONE', #3488 ) ;
#4825 = DIRECTION ( 'NONE',  ( 0.000000000000000000, 0.000000000000000000, 1.000000000000000000 ) ) ;
#4826 = ORIENTED_EDGE ( 'NONE', *, *, #6749, .T. ) ;
#4827 = DIRECTION ( 'NONE',  ( 1.000000000000000000, -0.000000000000000000, -1.193435300986435932E-16 ) ) ;
#4828 = FACE_BOUND ( 'NONE', #3382, .T. ) ;
#4829 = COLOUR_RGB ( '',0.5294117647058823595, 0.2627450980392156965, 0.06274509803921568540 ) ;
#4830 = LINE ( 'NONE', #1716, #2871 ) ;
#4831 = DIRECTION ( 'NONE',  ( 0.000000000000000000, -0.000000000000000000, 1.000000000000000000 ) ) ;
#4832 = AXIS2_PLACEMENT_3D ( 'NONE', #5482, #1627, #6643 ) ;
#4833 = ORIENTED_EDGE ( 'NONE', *, *, #6202, .T. ) ;
#4834 = ADVANCED_FACE ( 'NONE', ( #455 ), #1632, .F. ) ;
#4835 =( GEOMETRIC_REPRESENTATION_CONTEXT ( 3 ) GLOBAL_UNCERTAINTY_ASSIGNED_CONTEXT ( ( #5407 ) ) GLOBAL_UNIT_ASSIGNED_CONTEXT ( ( #3752, #5020, #7043 ) ) REPRESENTATION_CONTEXT ( 'NONE', 'WORKASPACE' ) );
#4836 = DIRECTION ( 'NONE',  ( 0.000000000000000000, 1.000000000000000000, 0.000000000000000000 ) ) ;
#4837 = DIRECTION ( 'NONE',  ( 0.000000000000000000, 0.000000000000000000, 1.000000000000000000 ) ) ;
#4838 = CARTESIAN_POINT ( 'NONE',  ( -9.437500000000003553, 0.000000000000000000, -11.31249999999999822 ) ) ;
#4839 = ORIENTED_EDGE ( 'NONE', *, *, #3637, .F. ) ;
#4840 =( NAMED_UNIT ( * ) SI_UNIT ( $, .STERADIAN. ) SOLID_ANGLE_UNIT ( ) );
#4841 = LINE ( 'NONE', #7255, #2292 ) ;
#4842 = ORIENTED_EDGE ( 'NONE', *, *, #7969, .T. ) ;
#4843 = EDGE_CURVE ( 'NONE', #5485, #2925, #4150, .T. ) ;
#4844 = VECTOR ( 'NONE', #858, 39.37007874015748143 ) ;
#4845 = VERTEX_POINT ( 'NONE', #998 ) ;
#4846 = VECTOR ( 'NONE', #1902, 39.37007874015748143 ) ;
#4847 = DIRECTION ( 'NONE',  ( 1.000000000000000000, 0.000000000000000000, 0.000000000000000000 ) ) ;
#4848 = CARTESIAN_POINT ( 'NONE',  ( 0.000000000000000000, -3.250000000000000000, 1.031249999999999334 ) ) ;
#4849 = LINE ( 'NONE', #1802, #3343 ) ;
#4850 = ORIENTED_EDGE ( 'NONE', *, *, #125, .F. ) ;
#4851 = AXIS2_PLACEMENT_3D ( 'NONE', #2015, #3255, #6460 ) ;
#4852 = ORIENTED_EDGE ( 'NONE', *, *, #7781, .F. ) ;
#4853 = CARTESIAN_POINT ( 'NONE',  ( -8.187500000000001776, -17.48437500000000000, -0.4687500000000009992 ) ) ;
#4854 = CYLINDRICAL_SURFACE ( 'NONE', #4455, 0.4375000000000009992 ) ;
#4855 = ADVANCED_FACE ( 'NONE', ( #6025 ), #4794, .F. ) ;
#4856 = ORIENTED_EDGE ( 'NONE', *, *, #877, .T. ) ;
#4857 = CARTESIAN_POINT ( 'NONE',  ( 10.06250000000000355, 2.834292293426673064E-15, -15.25000000000000000 ) ) ;
#4858 = ADVANCED_FACE ( 'NONE', ( #3448 ), #5943, .F. ) ;
#4859 = CARTESIAN_POINT ( 'NONE',  ( -9.437500000000001776, 0.000000000000000000, -14.49999999999999822 ) ) ;
#4860 = VECTOR ( 'NONE', #3198, 39.37007874015748143 ) ;
#4861 = ORIENTED_EDGE ( 'NONE', *, *, #2649, .F. ) ;
#4862 = DIRECTION ( 'NONE',  ( 0.000000000000000000, 1.000000000000000000, 0.000000000000000000 ) ) ;
#4863 = PRESENTATION_LAYER_ASSIGNMENT (  '', '', ( #4098 ) ) ;
#4864 = ORIENTED_EDGE ( 'NONE', *, *, #4808, .T. ) ;
#4865 = DIRECTION ( 'NONE',  ( -1.494344201662503033E-16, 0.000000000000000000, -1.000000000000000000 ) ) ;
#4866 = EDGE_CURVE ( 'NONE', #5764, #4805, #293, .T. ) ;
#4867 = DIRECTION ( 'NONE',  ( -1.000000000000000000, 0.000000000000000000, 0.000000000000000000 ) ) ;
#4868 = CARTESIAN_POINT ( 'NONE',  ( 9.312500000000001776, 0.000000000000000000, -7.937499999999999112 ) ) ;
#4869 = VECTOR ( 'NONE', #4270, 39.37007874015748143 ) ;
#4870 = FILL_AREA_STYLE_COLOUR ( '', #4146 ) ;
#4871 = LINE ( 'NONE', #7404, #1141 ) ;
#4872 = CARTESIAN_POINT ( 'NONE',  ( -8.968750000000000000, -6.500000000000000000, -15.53125000000000000 ) ) ;
#4873 = VECTOR ( 'NONE', #3890, 39.37007874015748143 ) ;
#4874 = ORIENTED_EDGE ( 'NONE', *, *, #5087, .T. ) ;
#4875 = AXIS2_PLACEMENT_3D ( 'NONE', #2573, #5692, #3111 ) ;
#4876 = LINE ( 'NONE', #503, #6978 ) ;
#4877 = CARTESIAN_POINT ( 'NONE',  ( 8.968750000000000000, 2.196710195970565270E-15, -16.00000000000000000 ) ) ;
#4878 = ORIENTED_EDGE ( 'NONE', *, *, #1879, .T. ) ;
#4879 = AXIS2_PLACEMENT_3D ( 'NONE', #2956, #1671, #4188 ) ;
#4880 = LENGTH_MEASURE_WITH_UNIT ( LENGTH_MEASURE( 0.02539999999999999897 ), #2388 );
#4881 = EDGE_CURVE ( 'NONE', #4783, #4487, #3569, .T. ) ;
#4882 = DIRECTION ( 'NONE',  ( 0.000000000000000000, -0.000000000000000000, 1.000000000000000000 ) ) ;
#4883 = VECTOR ( 'NONE', #2904, 39.37007874015748143 ) ;
#4884 = VERTEX_POINT ( 'NONE', #2831 ) ;
#4885 =( CONVERSION_BASED_UNIT ( 'INCH', #5580 ) LENGTH_UNIT ( ) NAMED_UNIT ( #281 ) );
#4886 = PLANE ( 'NONE',  #4552 ) ;
#4887 = FACE_OUTER_BOUND ( 'NONE', #6094, .T. ) ;
#4888 = DIRECTION ( 'NONE',  ( 1.000000000000000000, 0.000000000000000000, 0.000000000000000000 ) ) ;
#4889 = ORIENTED_EDGE ( 'NONE', *, *, #1080, .T. ) ;
#4890 = EDGE_CURVE ( 'NONE', #5051, #1805, #1709, .T. ) ;
#4891 = ORIENTED_EDGE ( 'NONE', *, *, #1175, .F. ) ;
#4892 = CARTESIAN_POINT ( 'NONE',  ( -8.968750000000000000, -6.031250000000000888, 0.000000000000000000 ) ) ;
#4893 = CARTESIAN_POINT ( 'NONE',  ( -10.06250000000000355, 0.2500000000000000000, -15.25000000000000000 ) ) ;
#4894 = EDGE_LOOP ( 'NONE', ( #4596, #7021, #605, #5634 ) ) ;
#4895 = VECTOR ( 'NONE', #677, 39.37007874015748143 ) ;
#4896 = PRESENTATION_STYLE_ASSIGNMENT (( #4183 ) ) ;
#4897 = CARTESIAN_POINT ( 'NONE',  ( 9.437500000000001776, 0.000000000000000000, -16.00000000000000000 ) ) ;
#4898 = PLANE ( 'NONE',  #7219 ) ;
#4899 = EDGE_CURVE ( 'NONE', #4127, #7509, #1085, .T. ) ;
#4900 = PLANE ( 'NONE',  #5246 ) ;
#4901 = VECTOR ( 'NONE', #3743, 39.37007874015748143 ) ;
#4902 = EDGE_LOOP ( 'NONE', ( #3152, #5390, #710 ) ) ;
#4903 = DIRECTION ( 'NONE',  ( 1.000000000000000000, 0.000000000000000000, 0.000000000000000000 ) ) ;
#4904 = VERTEX_POINT ( 'NONE', #333 ) ;
#4905 = CARTESIAN_POINT ( 'NONE',  ( 9.625000000000003553, 0.000000000000000000, 0.06250000000000104083 ) ) ;
#4906 = FILL_AREA_STYLE ('',( #2413 ) ) ;
#4907 = PRODUCT_RELATED_PRODUCT_CATEGORY ( 'part', '', ( #4695 ) ) ;
#4908 = AXIS2_PLACEMENT_3D ( 'NONE', #4126, #504, #2965 ) ;
#4909 = PLANE ( 'NONE',  #6548 ) ;
#4910 = EDGE_CURVE ( 'NONE', #5109, #2530, #4705, .T. ) ;
#4911 = DIRECTION ( 'NONE',  ( 1.000000000000000000, 0.000000000000000000, 0.000000000000000000 ) ) ;
#4912 = VERTEX_POINT ( 'NONE', #2868 ) ;
#4913 = EDGE_LOOP ( 'NONE', ( #3778, #2270, #4402, #5102 ) ) ;
#4914 = CARTESIAN_POINT ( 'NONE',  ( -8.000000000000003553, -0.2499999999999997224, -14.78125000000000178 ) ) ;
#4915 = SPHERICAL_SURFACE ( 'NONE', #1102, 0.7499999999999998890 ) ;
#4916 = EDGE_LOOP ( 'NONE', ( #3102, #7121, #375, #4993 ) ) ;
#4917 = CARTESIAN_POINT ( 'NONE',  ( 9.437500000000001776, -6.500000000000000000, -14.49999999999999822 ) ) ;
#4918 = EDGE_LOOP ( 'NONE', ( #1745, #5135, #3251, #3624, #4432, #5464, #1447, #1856, #5432, #737, #2665, #2175 ) ) ;
#4919 = DIRECTION ( 'NONE',  ( -1.000000000000000000, 8.164311994315433722E-17, 0.000000000000000000 ) ) ;
#4920 = DIRECTION ( 'NONE',  ( 0.000000000000000000, 1.000000000000000000, 0.000000000000000000 ) ) ;
#4921 = ADVANCED_FACE ( 'NONE', ( #7932 ), #7891, .T. ) ;
#4922 = CARTESIAN_POINT ( 'NONE',  ( -9.312500000000003553, 0.000000000000000000, -4.812499999999999112 ) ) ;
#4923 = FACE_OUTER_BOUND ( 'NONE', #3515, .T. ) ;
#4924 = EDGE_LOOP ( 'NONE', ( #8039, #4277, #7550, #4108 ) ) ;
#4925 = ORIENTED_EDGE ( 'NONE', *, *, #62, .F. ) ;
#4926 = DIRECTION ( 'NONE',  ( 0.000000000000000000, -0.000000000000000000, -1.000000000000000000 ) ) ;
#4927 = CARTESIAN_POINT ( 'NONE',  ( 8.968750000000000000, -6.500000000000000000, -15.53125000000000000 ) ) ;
#4928 = ORIENTED_EDGE ( 'NONE', *, *, #6175, .F. ) ;
#4929 = ADVANCED_FACE ( 'NONE', ( #6140 ), #8045, .F. ) ;
#4930 = EDGE_CURVE ( 'NONE', #2013, #208, #1865, .T. ) ;
#4931 = DIRECTION ( 'NONE',  ( 0.000000000000000000, 1.000000000000000000, 0.000000000000000000 ) ) ;
#4932 = CARTESIAN_POINT ( 'NONE',  ( -9.625000000000003553, -6.123233995736796851E-17, -1.500000000000000222 ) ) ;
#4933 = CARTESIAN_POINT ( 'NONE',  ( 9.437500000000001776, 0.000000000000000000, -16.00000000000000000 ) ) ;
#4934 = EDGE_LOOP ( 'NONE', ( #8165, #8027, #4795, #8157 ) ) ;
#4935 = DIRECTION ( 'NONE',  ( 1.000000000000000000, -0.000000000000000000, -0.000000000000000000 ) ) ;
#4936 = EDGE_LOOP ( 'NONE', ( #5712, #2623, #4323, #1057 ) ) ;
#4937 = CARTESIAN_POINT ( 'NONE',  ( -9.625000000000003553, -6.500000000000000000, 0.000000000000000000 ) ) ;
#4938 = ADVANCED_FACE ( 'NONE', ( #5025 ), #604, .T. ) ;
#4939 = VECTOR ( 'NONE', #3455, 39.37007874015748143 ) ;
#4940 = CARTESIAN_POINT ( 'NONE',  ( 10.06250000000000355, -14.01562499999999822, -1.187500000000003553 ) ) ;
#4941 = DIRECTION ( 'NONE',  ( 0.000000000000000000, -1.000000000000000000, 0.000000000000000000 ) ) ;
#4942 = AXIS2_PLACEMENT_3D ( 'NONE', #2690, #5181, #7708 ) ;
#4943 = DIRECTION ( 'NONE',  ( 0.000000000000000000, -1.000000000000000000, 0.000000000000000000 ) ) ;
#4944 = ORIENTED_EDGE ( 'NONE', *, *, #1420, .F. ) ;
#4945 = VERTEX_POINT ( 'NONE', #6921 ) ;
#4946 = EDGE_CURVE ( 'NONE', #934, #271, #3103, .T. ) ;
#4947 = VECTOR ( 'NONE', #7318, 39.37007874015748143 ) ;
#4948 = CARTESIAN_POINT ( 'NONE',  ( -8.468750000000001776, -5.781250000000000000, -0.1562500000000008327 ) ) ;
#4949 = UNCERTAINTY_MEASURE_WITH_UNIT (LENGTH_MEASURE( 1.000000000000000082E-05 ), #5989, 'distance_accuracy_value', 'NONE');
#4950 = DIRECTION ( 'NONE',  ( 0.000000000000000000, 1.000000000000000000, 0.000000000000000000 ) ) ;
#4951 = VERTEX_POINT ( 'NONE', #531 ) ;
#4952 = CARTESIAN_POINT ( 'NONE',  ( -10.06250000000000355, -25.00000000000000000, -15.25000000000000000 ) ) ;
#4953 = LINE ( 'NONE', #6198, #1071 ) ;
#4954 = AXIS2_PLACEMENT_3D ( 'NONE', #2950, #4747, #7313 ) ;
#4955 =( GEOMETRIC_REPRESENTATION_CONTEXT ( 3 ) GLOBAL_UNCERTAINTY_ASSIGNED_CONTEXT ( ( #14 ) ) GLOBAL_UNIT_ASSIGNED_CONTEXT ( ( #8004, #1037, #6791 ) ) REPRESENTATION_CONTEXT ( 'NONE', 'WORKASPACE' ) );
#4956 = VERTEX_POINT ( 'NONE', #4322 ) ;
#4957 = LINE ( 'NONE', #1841, #4725 ) ;
#4958 = EDGE_CURVE ( 'NONE', #1483, #4139, #1203, .T. ) ;
#4959 = ORIENTED_EDGE ( 'NONE', *, *, #3792, .F. ) ;
#4960 = LINE ( 'NONE', #2667, #1804 ) ;
#4961 = AXIS2_PLACEMENT_3D ( 'NONE', #7369, #6157, #1761 ) ;
#4962 = FACE_OUTER_BOUND ( 'NONE', #3993, .T. ) ;
#4963 = VECTOR ( 'NONE', #6050, 39.37007874015748143 ) ;
#4964 = ORIENTED_EDGE ( 'NONE', *, *, #3296, .T. ) ;
#4965 = VERTEX_POINT ( 'NONE', #3144 ) ;
#4966 = LINE ( 'NONE', #1852, #1873 ) ;
#4967 = VECTOR ( 'NONE', #5279, 39.37007874015748143 ) ;
#4968 = VECTOR ( 'NONE', #1744, 39.37007874015748143 ) ;
#4969 = VERTEX_POINT ( 'NONE', #1121 ) ;
#4970 = DIRECTION ( 'NONE',  ( -1.000000000000000000, 0.000000000000000000, 0.000000000000000000 ) ) ;
#4971 = EDGE_CURVE ( 'NONE', #3862, #2025, #1281, .T. ) ;
#4972 = VERTEX_POINT ( 'NONE', #4364 ) ;
#4973 = CARTESIAN_POINT ( 'NONE',  ( -8.656250000000005329, -14.73437499999999645, -14.53125000000000000 ) ) ;
#4974 = FACE_OUTER_BOUND ( 'NONE', #6435, .T. ) ;
#4975 = AXIS2_PLACEMENT_3D ( 'NONE', #4727, #6047, #352 ) ;
#4976 = SURFACE_STYLE_FILL_AREA ( #6761 ) ;
#4977 = CARTESIAN_POINT ( 'NONE',  ( 11.00000000000000000, -14.01562499999999822, -16.00000000000000000 ) ) ;
#4978 = EDGE_CURVE ( 'NONE', #3467, #7723, #8166, .T. ) ;
#4979 = ORIENTED_EDGE ( 'NONE', *, *, #912, .F. ) ;
#4980 = DIRECTION ( 'NONE',  ( 6.048100492308023417E-17, -0.4938648838603058033, -0.8695386572715710916 ) ) ;
#4981 = VERTEX_POINT ( 'NONE', #4260 ) ;
#4982 = FACE_OUTER_BOUND ( 'NONE', #5724, .T. ) ;
#4983 = VECTOR ( 'NONE', #1346, 39.37007874015748143 ) ;
#4984 = LINE ( 'NONE', #7514, #4732 ) ;
#4985 = CARTESIAN_POINT ( 'NONE',  ( -9.625000000000001776, -17.48437500000000000, -0.4687500000000009992 ) ) ;
#4986 = VECTOR ( 'NONE', #7264, 39.37007874015748143 ) ;
#4987 = CARTESIAN_POINT ( 'NONE',  ( -9.437500000000000000, -6.500000000000000000, -16.00000000000000000 ) ) ;
#4988 =( GEOMETRIC_REPRESENTATION_CONTEXT ( 3 ) GLOBAL_UNCERTAINTY_ASSIGNED_CONTEXT ( ( #4822 ) ) GLOBAL_UNIT_ASSIGNED_CONTEXT ( ( #750, #5705, #4424 ) ) REPRESENTATION_CONTEXT ( 'NONE', 'WORKASPACE' ) );
#4989 = DIRECTION ( 'NONE',  ( 0.000000000000000000, -1.000000000000000000, 0.000000000000000000 ) ) ;
#4990 = EDGE_CURVE ( 'NONE', #1159, #7523, #6764, .T. ) ;
#4991 = ORIENTED_EDGE ( 'NONE', *, *, #4231, .F. ) ;
#4992 = CARTESIAN_POINT ( 'NONE',  ( -8.000000000000001776, -0.2499999999999997224, 1.195475361330003018E-15 ) ) ;
#4993 = ORIENTED_EDGE ( 'NONE', *, *, #3069, .T. ) ;
#4994 = VECTOR ( 'NONE', #2346, 39.37007874015748143 ) ;
#4995 = ORIENTED_EDGE ( 'NONE', *, *, #5842, .F. ) ;
#4996 = PLANE ( 'NONE',  #6720 ) ;
#4997 = VECTOR ( 'NONE', #450, 39.37007874015748143 ) ;
#4998 = CARTESIAN_POINT ( 'NONE',  ( 9.156249999999994671, -17.48437500000000000, -15.99999999999999822 ) ) ;
#4999 = PLANE ( 'NONE',  #551 ) ;
#5000 = ORIENTED_EDGE ( 'NONE', *, *, #588, .F. ) ;
#5001 = FACE_OUTER_BOUND ( 'NONE', #6624, .T. ) ;
#5002 = EDGE_CURVE ( 'NONE', #4431, #3403, #5526, .T. ) ;
#5003 = VECTOR ( 'NONE', #5697, 39.37007874015748143 ) ;
#5004 = EDGE_LOOP ( 'NONE', ( #7172, #6920, #2251, #5695 ) ) ;
#5005 = FILL_AREA_STYLE_COLOUR ( '', #2245 ) ;
#5006 = EDGE_CURVE ( 'NONE', #1390, #6336, #3682, .T. ) ;
#5007 = CARTESIAN_POINT ( 'NONE',  ( -8.468750000000003553, -0.2499999999999997224, -0.1562500000000008327 ) ) ;
#5008 = VECTOR ( 'NONE', #7547, 39.37007874015748143 ) ;
#5009 = FACE_OUTER_BOUND ( 'NONE', #3842, .T. ) ;
#5010 = PLANE ( 'NONE',  #7418 ) ;
#5011 = EDGE_LOOP ( 'NONE', ( #7352, #1312, #2411, #7990 ) ) ;
#5012 = EDGE_CURVE ( 'NONE', #2241, #6546, #3639, .T. ) ;
#5013 = VECTOR ( 'NONE', #4911, 39.37007874015748143 ) ;
#5014 = ORIENTED_EDGE ( 'NONE', *, *, #4329, .T. ) ;
#5015 = CARTESIAN_POINT ( 'NONE',  ( 11.00000000000000000, -14.01562499999999822, 1.156250000000002220 ) ) ;
#5016 = ORIENTED_EDGE ( 'NONE', *, *, #7107, .T. ) ;
#5017 = DIRECTION ( 'NONE',  ( 0.000000000000000000, 0.000000000000000000, -1.000000000000000000 ) ) ;
#5018 = EDGE_LOOP ( 'NONE', ( #2501, #1926, #6677, #7997 ) ) ;
#5019 = AXIS2_PLACEMENT_3D ( 'NONE', #6345, #690, #3224 ) ;
#5020 =( NAMED_UNIT ( * ) PLANE_ANGLE_UNIT ( ) SI_UNIT ( $, .RADIAN. ) );
#5021 = LINE ( 'NONE', #1397, #4365 ) ;
#5022 = LINE ( 'NONE', #4399, #5008 ) ;
#5023 = DIRECTION ( 'NONE',  ( -1.681137226870316528E-16, 1.000000000000000000, 0.000000000000000000 ) ) ;
#5024 = ORIENTED_EDGE ( 'NONE', *, *, #2683, .T. ) ;
#5025 = FACE_OUTER_BOUND ( 'NONE', #5557, .T. ) ;
#5026 = ORIENTED_EDGE ( 'NONE', *, *, #3813, .T. ) ;
#5027 = DIRECTION ( 'NONE',  ( 1.000000000000000000, 0.000000000000000000, 0.000000000000000000 ) ) ;
#5028 =( LENGTH_UNIT ( ) NAMED_UNIT ( * ) SI_UNIT ( $, .METRE. ) );
#5029 = FILL_AREA_STYLE_COLOUR ( '', #3661 ) ;
#5030 = ADVANCED_FACE ( 'NONE', ( #4285 ), #7395, .T. ) ;
#5031 = VECTOR ( 'NONE', #4389, 39.37007874015748143 ) ;
#5032 = VERTEX_POINT ( 'NONE', #5563 ) ;
#5033 = ORIENTED_EDGE ( 'NONE', *, *, #6866, .T. ) ;
#5034 = VERTEX_POINT ( 'NONE', #6181 ) ;
#5035 = DIRECTION ( 'NONE',  ( -0.000000000000000000, 1.000000000000000000, -0.000000000000000000 ) ) ;
#5036 = EDGE_CURVE ( 'NONE', #5847, #6457, #8081, .T. ) ;
#5037 = LINE ( 'NONE', #1914, #3581 ) ;
#5038 = UNCERTAINTY_MEASURE_WITH_UNIT (LENGTH_MEASURE( 1.000000000000000082E-05 ), #7329, 'distance_accuracy_value', 'NONE');
#5039 = CARTESIAN_POINT ( 'NONE',  ( -8.968750000000000000, -6.031250000000000888, 0.000000000000000000 ) ) ;
#5040 = LINE ( 'NONE', #3817, #6129 ) ;
#5041 = CARTESIAN_POINT ( 'NONE',  ( -9.625000000000001776, -5.000000000000000000, -1.500000000000000222 ) ) ;
#5042 = DIRECTION ( 'NONE',  ( 0.000000000000000000, -0.000000000000000000, 1.000000000000000000 ) ) ;
#5043 = ORIENTED_EDGE ( 'NONE', *, *, #3702, .F. ) ;
#5044 = ORIENTED_EDGE ( 'NONE', *, *, #2908, .T. ) ;
#5045 = ADVANCED_FACE ( 'NONE', ( #2529 ), #1746, .F. ) ;
#5046 = CARTESIAN_POINT ( 'NONE',  ( -8.468750000000003553, -0.2499999999999997224, -15.00000000000000000 ) ) ;
#5047 = CARTESIAN_POINT ( 'NONE',  ( 9.625000000000005329, -4.999999999999998224, -14.49999999999999822 ) ) ;
#5048 = VERTEX_POINT ( 'NONE', #3029 ) ;
#5049 = ADVANCED_FACE ( 'NONE', ( #1819 ), #569, .T. ) ;
#5050 = ORIENTED_EDGE ( 'NONE', *, *, #923, .F. ) ;
#5051 = VERTEX_POINT ( 'NONE', #2110 ) ;
#5052 = CARTESIAN_POINT ( 'NONE',  ( -8.125000000000003553, 0.000000000000000000, 0.5312500000000000000 ) ) ;
#5053 = ORIENTED_EDGE ( 'NONE', *, *, #6395, .T. ) ;
#5054 = ADVANCED_FACE ( 'NONE', ( #2736 ), #6383, .F. ) ;
#5055 = CARTESIAN_POINT ( 'NONE',  ( -9.437500000000003553, -6.500000000000000000, -11.31249999999999822 ) ) ;
#5056 = DIRECTION ( 'NONE',  ( 0.000000000000000000, 1.000000000000000000, 0.000000000000000000 ) ) ;
#5057 = CARTESIAN_POINT ( 'NONE',  ( -9.625000000000001776, -14.48437499999999822, -0.4687500000000009992 ) ) ;
#5058 = ORIENTED_EDGE ( 'NONE', *, *, #6326, .F. ) ;
#5059 = LINE ( 'NONE', #4442, #7147 ) ;
#5060 = EDGE_LOOP ( 'NONE', ( #6773, #5747, #714, #2555 ) ) ;
#5061 = LINE ( 'NONE', #4368, #1574 ) ;
#5062 =( NAMED_UNIT ( * ) SI_UNIT ( $, .STERADIAN. ) SOLID_ANGLE_UNIT ( ) );
#5063 = EDGE_CURVE ( 'NONE', #5157, #3545, #5059, .T. ) ;
#5064 = PRESENTATION_STYLE_ASSIGNMENT (( #3191 ) ) ;
#5065 = SURFACE_STYLE_FILL_AREA ( #8086 ) ;
#5066 = ORIENTED_EDGE ( 'NONE', *, *, #5955, .F. ) ;
#5067 = CARTESIAN_POINT ( 'NONE',  ( 8.968750000000001776, -6.499999999999998224, -16.00000000000000000 ) ) ;
#5068 = ORIENTED_EDGE ( 'NONE', *, *, #6653, .T. ) ;
#5069 = AXIS2_PLACEMENT_3D ( 'NONE', #1342, #4380, #6897 ) ;
#5070 = ORIENTED_EDGE ( 'NONE', *, *, #119, .T. ) ;
#5071 = LINE ( 'NONE', #2666, #5120 ) ;
#5072 = CARTESIAN_POINT ( 'NONE',  ( 8.468750000000007105, -5.781250000000000000, -0.1562500000000008327 ) ) ;
#5073 = LINE ( 'NONE', #703, #6755 ) ;
#5074 = VECTOR ( 'NONE', #7884, 39.37007874015748143 ) ;
#5075 = CARTESIAN_POINT ( 'NONE',  ( -9.312500000000001776, -6.500000000000000000, -11.18750000000000000 ) ) ;
#5076 = DIRECTION ( 'NONE',  ( 0.000000000000000000, 0.000000000000000000, 1.000000000000000000 ) ) ;
#5077 = CARTESIAN_POINT ( 'NONE',  ( 9.437500000000003553, 0.000000000000000000, -8.062500000000000000 ) ) ;
#5078 = EDGE_CURVE ( 'NONE', #4545, #1994, #1086, .T. ) ;
#5079 = VERTEX_POINT ( 'NONE', #3357 ) ;
#5080 = AXIS2_PLACEMENT_3D ( 'NONE', #8085, #6735, #3070 ) ;
#5081 = ORIENTED_EDGE ( 'NONE', *, *, #7107, .F. ) ;
#5082 = DIRECTION ( 'NONE',  ( 1.000000000000000000, 0.000000000000000000, -0.000000000000000000 ) ) ;
#5083 = FACE_OUTER_BOUND ( 'NONE', #4268, .T. ) ;
#5084 = ORIENTED_EDGE ( 'NONE', *, *, #5424, .T. ) ;
#5085 = PRESENTATION_LAYER_ASSIGNMENT (  '', '', ( #1945 ) ) ;
#5086 = PRESENTATION_LAYER_ASSIGNMENT (  '', '', ( #1687 ) ) ;
#5087 = EDGE_CURVE ( 'NONE', #6376, #4969, #7143, .T. ) ;
#5088 = ORIENTED_EDGE ( 'NONE', *, *, #5353, .T. ) ;
#5089 = EDGE_LOOP ( 'NONE', ( #5100, #3622, #7784, #1702 ) ) ;
#5090 = FACE_OUTER_BOUND ( 'NONE', #2493, .T. ) ;
#5091 = ORIENTED_EDGE ( 'NONE', *, *, #3756, .F. ) ;
#5092 = AXIS2_PLACEMENT_3D ( 'NONE', #4952, #4381, #2626 ) ;
#5093 = DIRECTION ( 'NONE',  ( -1.000000000000000000, -0.000000000000000000, -0.000000000000000000 ) ) ;
#5094 = DIRECTION ( 'NONE',  ( 0.000000000000000000, -1.000000000000000000, 0.000000000000000000 ) ) ;
#5095 = LINE ( 'NONE', #7623, #9 ) ;
#5096 = CARTESIAN_POINT ( 'NONE',  ( -8.468750000000003553, -5.781250000000000000, -15.00000000000000000 ) ) ;
#5097 = AXIS2_PLACEMENT_3D ( 'NONE', #6311, #1826, #3151 ) ;
#5098 = CARTESIAN_POINT ( 'NONE',  ( -9.625000000000003553, 0.000000000000000000, 0.5312500000000000000 ) ) ;
#5099 = ADVANCED_FACE ( 'NONE', ( #3311 ), #6472, .T. ) ;
#5100 = ORIENTED_EDGE ( 'NONE', *, *, #6123, .F. ) ;
#5101 = CARTESIAN_POINT ( 'NONE',  ( 10.06250000000000355, 0.000000000000000000, -0.7500000000000033307 ) ) ;
#5102 = ORIENTED_EDGE ( 'NONE', *, *, #441, .T. ) ;
#5103 = FACE_OUTER_BOUND ( 'NONE', #6858, .T. ) ;
#5104 = VECTOR ( 'NONE', #7846, 39.37007874015748143 ) ;
#5105 =( NAMED_UNIT ( * ) SI_UNIT ( $, .STERADIAN. ) SOLID_ANGLE_UNIT ( ) );
#5106 = EDGE_CURVE ( 'NONE', #190, #6949, #3918, .T. ) ;
#5107 = DIRECTION ( 'NONE',  ( -1.000000000000000000, 0.000000000000000000, 0.000000000000000000 ) ) ;
#5108 = EDGE_CURVE ( 'NONE', #1087, #3705, #6424, .T. ) ;
#5109 = VERTEX_POINT ( 'NONE', #2696 ) ;
#5110 = LINE ( 'NONE', #2073, #5421 ) ;
#5111 = AXIS2_PLACEMENT_3D ( 'NONE', #8065, #3739, #6201 ) ;
#5112 = EDGE_LOOP ( 'NONE', ( #3638, #3605, #2035, #5546 ) ) ;
#5113 = DIRECTION ( 'NONE',  ( 7.471721008312515165E-17, -0.000000000000000000, 1.000000000000000000 ) ) ;
#5114 = VERTEX_POINT ( 'NONE', #815 ) ;
#5115 = STYLED_ITEM ( 'NONE', ( #6619 ), #3748 ) ;
#5116 = LINE ( 'NONE', #7645, #4873 ) ;
#5117 = CARTESIAN_POINT ( 'NONE',  ( -8.468750000000005329, -5.781250000000000000, -14.78125000000000178 ) ) ;
#5118 = FACE_OUTER_BOUND ( 'NONE', #6352, .T. ) ;
#5119 = CARTESIAN_POINT ( 'NONE',  ( -8.468750000000005329, -25.00000000000000000, -14.78125000000000178 ) ) ;
#5120 = VECTOR ( 'NONE', #7689, 39.37007874015748143 ) ;
#5121 = ORIENTED_EDGE ( 'NONE', *, *, #5106, .T. ) ;
#5122 = LINE ( 'NONE', #709, #7503 ) ;
#5123 = VERTEX_POINT ( 'NONE', #3843 ) ;
#5124 = CARTESIAN_POINT ( 'NONE',  ( -8.468750000000001776, -5.781250000000000000, -0.1562500000000008327 ) ) ;
#5125 = CARTESIAN_POINT ( 'NONE',  ( 4.812500000000004441, -6.500000000000000000, 0.4062500000000005551 ) ) ;
#5126 = EDGE_CURVE ( 'NONE', #6595, #6039, #5848, .T. ) ;
#5127 = ORIENTED_EDGE ( 'NONE', *, *, #4009, .F. ) ;
#5128 = AXIS2_PLACEMENT_3D ( 'NONE', #7904, #4766, #3583 ) ;
#5129 = CARTESIAN_POINT ( 'NONE',  ( 9.625000000000003553, 0.000000000000000000, -14.49999999999999822 ) ) ;
#5130 = ORIENTED_EDGE ( 'NONE', *, *, #2570, .F. ) ;
#5131 = VECTOR ( 'NONE', #2041, 39.37007874015748143 ) ;
#5132 = ORIENTED_EDGE ( 'NONE', *, *, #6123, .T. ) ;
#5133 = CARTESIAN_POINT ( 'NONE',  ( -9.437500000000003553, 0.000000000000000000, -11.18750000000000000 ) ) ;
#5134 = AXIS2_PLACEMENT_3D ( 'NONE', #2058, #7045, #4437 ) ;
#5135 = ORIENTED_EDGE ( 'NONE', *, *, #4069, .F. ) ;
#5136 = SURFACE_STYLE_USAGE ( .BOTH. , #597 ) ;
#5137 = DIRECTION ( 'NONE',  ( 1.500757696090238830E-16, -0.000000000000000000, 1.000000000000000000 ) ) ;
#5138 = ADVANCED_FACE ( 'NONE', ( #5811 ), #727, .F. ) ;
#5139 = CARTESIAN_POINT ( 'NONE',  ( 8.000000000000003553, -5.781250000000000000, -14.78125000000000355 ) ) ;
#5140 = VECTOR ( 'NONE', #3797, 39.37007874015748143 ) ;
#5141 = LINE ( 'NONE', #7138, #4307 ) ;
#5142 = CARTESIAN_POINT ( 'NONE',  ( -9.437500000000003553, 0.000000000000000000, -7.937499999999999112 ) ) ;
#5143 = ORIENTED_EDGE ( 'NONE', *, *, #6653, .F. ) ;
#5144 = LINE ( 'NONE', #4564, #3060 ) ;
#5145 = EDGE_LOOP ( 'NONE', ( #2869, #5573, #6513, #3699 ) ) ;
#5146 = DIRECTION ( 'NONE',  ( -1.500757696090239076E-16, 0.000000000000000000, -1.000000000000000000 ) ) ;
#5147 = VECTOR ( 'NONE', #6788, 39.37007874015748143 ) ;
#5148 = DIRECTION ( 'NONE',  ( 0.000000000000000000, 1.000000000000000000, 0.000000000000000000 ) ) ;
#5149 = LENGTH_MEASURE_WITH_UNIT ( LENGTH_MEASURE( 0.02539999999999999897 ), #124 );
#5150 = ADVANCED_FACE ( 'NONE', ( #3263 ), #3881, .T. ) ;
#5151 = SURFACE_STYLE_FILL_AREA ( #3851 ) ;
#5152 = EDGE_CURVE ( 'NONE', #589, #161, #5144, .T. ) ;
#5153 = DIRECTION ( 'NONE',  ( 0.000000000000000000, 0.000000000000000000, -1.000000000000000000 ) ) ;
#5154 = AXIS2_PLACEMENT_3D ( 'NONE', #7817, #5865, #1554 ) ;
#5155 = ORIENTED_EDGE ( 'NONE', *, *, #1124, .T. ) ;
#5156 = PLANE ( 'NONE',  #4760 ) ;
#5157 = VERTEX_POINT ( 'NONE', #1445 ) ;
#5158 = EDGE_CURVE ( 'NONE', #4805, #4127, #3968, .T. ) ;
#5159 = CARTESIAN_POINT ( 'NONE',  ( -9.625000000000005329, -6.500000000000000000, -16.00000000000000000 ) ) ;
#5160 = EDGE_LOOP ( 'NONE', ( #56, #2861, #2520, #3504 ) ) ;
#5161 = CARTESIAN_POINT ( 'NONE',  ( -8.968750000000000000, -6.031250000000000888, 0.000000000000000000 ) ) ;
#5162 = VECTOR ( 'NONE', #3594, 39.37007874015748143 ) ;
#5163 = CARTESIAN_POINT ( 'NONE',  ( -4.937500000000005329, -6.500000000000000000, 0.4062500000000006106 ) ) ;
#5164 = EDGE_CURVE ( 'NONE', #5840, #6210, #7758, .T. ) ;
#5165 = LINE ( 'NONE', #7691, #6985 ) ;
#5166 = CARTESIAN_POINT ( 'NONE',  ( -8.468750000000001776, -25.00000000000000000, -0.1562500000000008327 ) ) ;
#5167 = PLANE ( 'NONE',  #1134 ) ;
#5168 = DIRECTION ( 'NONE',  ( 0.000000000000000000, 0.000000000000000000, 1.000000000000000000 ) ) ;
#5169 = DIRECTION ( 'NONE',  ( -0.000000000000000000, 1.000000000000000000, -0.000000000000000000 ) ) ;
#5170 = AXIS2_PLACEMENT_3D ( 'NONE', #553, #2590, #5584 ) ;
#5171 = VERTEX_POINT ( 'NONE', #7586 ) ;
#5172 = ORIENTED_EDGE ( 'NONE', *, *, #5858, .T. ) ;
#5173 = FACE_OUTER_BOUND ( 'NONE', #4916, .T. ) ;
#5174 = MECHANICAL_DESIGN_GEOMETRIC_PRESENTATION_REPRESENTATION (  '', ( #5567 ), #7078 ) ;
#5175 = CARTESIAN_POINT ( 'NONE',  ( -8.187500000000003553, -17.48437499999999645, -14.78125000000000178 ) ) ;
#5176 = ORIENTED_EDGE ( 'NONE', *, *, #1988, .T. ) ;
#5177 = CARTESIAN_POINT ( 'NONE',  ( 9.625000000000001776, 0.000000000000000000, -1.500000000000000222 ) ) ;
#5178 = EDGE_LOOP ( 'NONE', ( #65, #845, #1204, #1763 ) ) ;
#5179 = ORIENTED_EDGE ( 'NONE', *, *, #3805, .F. ) ;
#5180 = CARTESIAN_POINT ( 'NONE',  ( 10.06250000000000355, 0.2500000000000000000, -1.187500000000003553 ) ) ;
#5181 = DIRECTION ( 'NONE',  ( -0.000000000000000000, 1.000000000000000000, -0.000000000000000000 ) ) ;
#5182 = CARTESIAN_POINT ( 'NONE',  ( -8.468750000000005329, -5.781250000000000000, -14.78125000000000178 ) ) ;
#5183 = DIRECTION ( 'NONE',  ( 0.000000000000000000, -0.000000000000000000, 1.000000000000000000 ) ) ;
#5184 = DIRECTION ( 'NONE',  ( 0.000000000000000000, 0.000000000000000000, -1.000000000000000000 ) ) ;
#5185 = DIRECTION ( 'NONE',  ( 0.000000000000000000, 0.000000000000000000, 1.000000000000000000 ) ) ;
#5186 = CARTESIAN_POINT ( 'NONE',  ( -8.125000000000003553, -6.500000000000000000, 0.7187499999999992228 ) ) ;
#5187 = ORIENTED_EDGE ( 'NONE', *, *, #5416, .T. ) ;
#5188 = DIRECTION ( 'NONE',  ( 0.000000000000000000, -0.000000000000000000, -1.000000000000000000 ) ) ;
#5189 = ADVANCED_FACE ( 'NONE', ( #7675 ), #1323, .F. ) ;
#5190 = ORIENTED_EDGE ( 'NONE', *, *, #3648, .F. ) ;
#5191 = LINE ( 'NONE', #122, #2893 ) ;
#5192 = EDGE_CURVE ( 'NONE', #1619, #7674, #4529, .T. ) ;
#5193 = FILL_AREA_STYLE_COLOUR ( '', #6580 ) ;
#5194 = PLANE ( 'NONE',  #6135 ) ;
#5195 =( NAMED_UNIT ( * ) SI_UNIT ( $, .STERADIAN. ) SOLID_ANGLE_UNIT ( ) );
#5196 = DIRECTION ( 'NONE',  ( -8.741913579725650188E-15, -0.000000000000000000, 1.000000000000000000 ) ) ;
#5197 = ORIENTED_EDGE ( 'NONE', *, *, #3983, .T. ) ;
#5198 = CARTESIAN_POINT ( 'NONE',  ( 10.06250000000000355, 0.000000000000000000, -0.7500000000000033307 ) ) ;
#5199 = ADVANCED_FACE ( 'NONE', ( #7343 ), #1032, .T. ) ;
#5200 = SURFACE_SIDE_STYLE ('',( #3985 ) ) ;
#5201 = CARTESIAN_POINT ( 'NONE',  ( -10.06250000000000355, 1.365923996832131363E-16, -0.3125000000000031086 ) ) ;
#5202 = LINE ( 'NONE', #7726, #7267 ) ;
#5203 = CARTESIAN_POINT ( 'NONE',  ( 0.000000000000000000, -6.500000000000000000, 0.000000000000000000 ) ) ;
#5204 = LINE ( 'NONE', #791, #1959 ) ;
#5205 = AXIS2_PLACEMENT_3D ( 'NONE', #3373, #7773, #4715 ) ;
#5206 = CARTESIAN_POINT ( 'NONE',  ( -11.00000000000000000, 0.4687500000000002776, -16.00000000000000000 ) ) ;
#5207 = EDGE_CURVE ( 'NONE', #7342, #4131, #1697, .T. ) ;
#5208 = ORIENTED_EDGE ( 'NONE', *, *, #5664, .F. ) ;
#5209 = CARTESIAN_POINT ( 'NONE',  ( -10.06250000000000355, -14.48437499999999822, -15.68750000000000000 ) ) ;
#5210 = ORIENTED_EDGE ( 'NONE', *, *, #671, .T. ) ;
#5211 = VECTOR ( 'NONE', #7259, 39.37007874015748143 ) ;
#5212 = CARTESIAN_POINT ( 'NONE',  ( -8.968750000000000000, -6.031250000000000888, -12.53125000000000000 ) ) ;
#5213 = DIRECTION ( 'NONE',  ( 0.000000000000000000, 0.000000000000000000, 1.000000000000000000 ) ) ;
#5214 = DIRECTION ( 'NONE',  ( 0.000000000000000000, -0.000000000000000000, 1.000000000000000000 ) ) ;
#5215 = ORIENTED_EDGE ( 'NONE', *, *, #6000, .F. ) ;
#5216 = FILL_AREA_STYLE_COLOUR ( '', #1849 ) ;
#5217 = EDGE_CURVE ( 'NONE', #5959, #81, #4140, .T. ) ;
#5218 = COLOUR_RGB ( '',0.5294117647058823595, 0.2627450980392156965, 0.06274509803921568540 ) ;
#5219 = ORIENTED_EDGE ( 'NONE', *, *, #3404, .F. ) ;
#5220 = EDGE_LOOP ( 'NONE', ( #6605, #7497, #5820, #1230 ) ) ;
#5221 = DIRECTION ( 'NONE',  ( -0.000000000000000000, 0.000000000000000000, 1.000000000000000000 ) ) ;
#5222 = CARTESIAN_POINT ( 'NONE',  ( -9.156250000000003553, -17.48437500000000000, -15.99999999999999822 ) ) ;
#5223 = LINE ( 'NONE', #4557, #1289 ) ;
#5224 = DIRECTION ( 'NONE',  ( 0.000000000000000000, 1.000000000000000000, 0.000000000000000000 ) ) ;
#5225 = CIRCLE ( 'NONE', #2745, 0.4374999999999998890 ) ;
#5226 = CARTESIAN_POINT ( 'NONE',  ( 9.437500000000003553, -6.500000000000000000, -11.18750000000000000 ) ) ;
#5227 = DIRECTION ( 'NONE',  ( -0.000000000000000000, -0.000000000000000000, -1.000000000000000000 ) ) ;
#5228 = DIMENSIONAL_EXPONENTS ( 1.000000000000000000, 0.000000000000000000, 0.000000000000000000, 0.000000000000000000, 0.000000000000000000, 0.000000000000000000, 0.000000000000000000 ) ;
#5229 = DIRECTION ( 'NONE',  ( 0.000000000000000000, -0.000000000000000000, 1.000000000000000000 ) ) ;
#5230 = ORIENTED_EDGE ( 'NONE', *, *, #6520, .T. ) ;
#5231 = DIRECTION ( 'NONE',  ( 1.000000000000000000, 0.000000000000000000, 0.000000000000000000 ) ) ;
#5232 = MECHANICAL_DESIGN_GEOMETRIC_PRESENTATION_REPRESENTATION (  '', ( #6804 ), #484 ) ;
#5233 = DIRECTION ( 'NONE',  ( 0.000000000000000000, 0.000000000000000000, -1.000000000000000000 ) ) ;
#5234 = VECTOR ( 'NONE', #4729, 39.37007874015748143 ) ;
#5235 = SURFACE_SIDE_STYLE ('',( #7099 ) ) ;
#5236 = PLANE ( 'NONE',  #7591 ) ;
#5237 = LENGTH_MEASURE_WITH_UNIT ( LENGTH_MEASURE( 0.02539999999999999897 ), #6601 );
#5238 = AXIS2_PLACEMENT_3D ( 'NONE', #5845, #5720, #7752 ) ;
#5239 = CARTESIAN_POINT ( 'NONE',  ( -10.06250000000000355, 1.365923996832131609E-16, -15.25000000000000000 ) ) ;
#5240 = EDGE_CURVE ( 'NONE', #5536, #7552, #6639, .T. ) ;
#5241 = AXIS2_PLACEMENT_3D ( 'NONE', #4779, #5550, #2395 ) ;
#5242 = VERTEX_POINT ( 'NONE', #4735 ) ;
#5243 = LINE ( 'NONE', #1333, #3457 ) ;
#5244 = ORIENTED_EDGE ( 'NONE', *, *, #3466, .T. ) ;
#5245 = VECTOR ( 'NONE', #7221, 39.37007874015748143 ) ;
#5246 = AXIS2_PLACEMENT_3D ( 'NONE', #7627, #198, #5721 ) ;
#5247 = PLANE ( 'NONE',  #5080 ) ;
#5248 = DIRECTION ( 'NONE',  ( -1.000000000000000000, -1.387933039033665703E-16, 0.000000000000000000 ) ) ;
#5249 = EDGE_CURVE ( 'NONE', #5114, #5554, #408, .T. ) ;
#5250 = CARTESIAN_POINT ( 'NONE',  ( -8.000000000000001776, -0.2499999999999997224, -0.4062499999999995004 ) ) ;
#5251 = LINE ( 'NONE', #7774, #657 ) ;
#5252 = CARTESIAN_POINT ( 'NONE',  ( -9.312500000000003553, -6.500000000000000000, -8.062499999999998224 ) ) ;
#5253 = ORIENTED_EDGE ( 'NONE', *, *, #4657, .F. ) ;
#5254 = LINE ( 'NONE', #2135, #5646 ) ;
#5255 = AXIS2_PLACEMENT_3D ( 'NONE', #3417, #7779, #3377 ) ;
#5256 = ORIENTED_EDGE ( 'NONE', *, *, #3256, .F. ) ;
#5257 = PLANE ( 'NONE',  #6970 ) ;
#5258 = CARTESIAN_POINT ( 'NONE',  ( -8.656250000000005329, -14.73437499999999645, -15.00000000000000000 ) ) ;
#5259 = DIRECTION ( 'NONE',  ( 0.000000000000000000, 1.000000000000000000, 0.000000000000000000 ) ) ;
#5260 = ADVANCED_FACE ( 'NONE', ( #6057 ), #7922, .F. ) ;
#5261 = ORIENTED_EDGE ( 'NONE', *, *, #2637, .T. ) ;
#5262 = CARTESIAN_POINT ( 'NONE',  ( 9.625000000000003553, -6.500000000000000000, 0.7187499999999992228 ) ) ;
#5263 = VECTOR ( 'NONE', #5961, 39.37007874015748143 ) ;
#5264 = ORIENTED_EDGE ( 'NONE', *, *, #5610, .T. ) ;
#5265 = ORIENTED_EDGE ( 'NONE', *, *, #721, .F. ) ;
#5266 = PLANE ( 'NONE',  #246 ) ;
#5267 = EDGE_CURVE ( 'NONE', #3383, #2298, #2324, .T. ) ;
#5268 = LINE ( 'NONE', #7792, #4292 ) ;
#5269 = AXIS2_PLACEMENT_3D ( 'NONE', #6117, #6743, #1756 ) ;
#5270 = FACE_OUTER_BOUND ( 'NONE', #1135, .T. ) ;
#5271 = LINE ( 'NONE', #4644, #1630 ) ;
#5272 = EDGE_CURVE ( 'NONE', #5528, #1818, #4784, .T. ) ;
#5273 = LINE ( 'NONE', #236, #4616 ) ;
#5274 = CARTESIAN_POINT ( 'NONE',  ( -10.06250000000000355, -25.00000000000000000, -0.7500000000000033307 ) ) ;
#5275 = ORIENTED_EDGE ( 'NONE', *, *, #4472, .F. ) ;
#5276 = FACE_OUTER_BOUND ( 'NONE', #1521, .T. ) ;
#5277 = VECTOR ( 'NONE', #7711, 39.37007874015748143 ) ;
#5278 = VERTEX_POINT ( 'NONE', #7963 ) ;
#5279 = DIRECTION ( 'NONE',  ( 0.000000000000000000, 0.000000000000000000, -1.000000000000000000 ) ) ;
#5280 = DIRECTION ( 'NONE',  ( 0.000000000000000000, -1.000000000000000000, 0.000000000000000000 ) ) ;
#5281 = DIRECTION ( 'NONE',  ( 1.000000000000000000, 0.000000000000000000, -0.000000000000000000 ) ) ;
#5282 = AXIS2_PLACEMENT_3D ( 'NONE', #7651, #4585, #3942 ) ;
#5283 = VECTOR ( 'NONE', #810, 39.37007874015748143 ) ;
#5284 = LINE ( 'NONE', #7183, #3919 ) ;
#5285 = ORIENTED_EDGE ( 'NONE', *, *, #4043, .F. ) ;
#5286 = DIRECTION ( 'NONE',  ( 0.000000000000000000, 1.000000000000000000, 0.000000000000000000 ) ) ;
#5287 = AXIS2_PLACEMENT_3D ( 'NONE', #7551, #3720, #4903 ) ;
#5288 = ORIENTED_EDGE ( 'NONE', *, *, #6019, .T. ) ;
#5289 = ADVANCED_FACE ( 'NONE', ( #7309 ), #2779, .F. ) ;
#5290 = CARTESIAN_POINT ( 'NONE',  ( 9.156249999999994671, -14.48437499999999822, -15.99999999999999822 ) ) ;
#5291 = CARTESIAN_POINT ( 'NONE',  ( -8.968750000000000000, -6.031250000000000888, -12.53125000000000000 ) ) ;
#5292 = VECTOR ( 'NONE', #5137, 39.37007874015748143 ) ;
#5293 = DIRECTION ( 'NONE',  ( -1.000000000000000000, -0.000000000000000000, -0.000000000000000000 ) ) ;
#5294 = CARTESIAN_POINT ( 'NONE',  ( 8.125000000000003553, -6.500000000000000000, 0.5312499999999992228 ) ) ;
#5295 = FACE_OUTER_BOUND ( 'NONE', #5004, .T. ) ;
#5296 = ADVANCED_FACE ( 'NONE', ( #5276 ), #7218, .T. ) ;
#5297 = VERTEX_POINT ( 'NONE', #902 ) ;
#5298 =( CONVERSION_BASED_UNIT ( 'INCH', #4032 ) LENGTH_UNIT ( ) NAMED_UNIT ( #5340 ) );
#5299 = ADVANCED_FACE ( 'NONE', ( #3437 ), #4124, .T. ) ;
#5300 = VERTEX_POINT ( 'NONE', #7178 ) ;
#5301 = CARTESIAN_POINT ( 'NONE',  ( 9.625000000000005329, -6.499999999999998224, -14.49999999999999822 ) ) ;
#5302 = CARTESIAN_POINT ( 'NONE',  ( 11.00000000000000000, 0.4687500000000002776, 1.156250000000002442 ) ) ;
#5303 = CARTESIAN_POINT ( 'NONE',  ( 8.125000000000005329, 0.000000000000000000, 0.5312500000000011102 ) ) ;
#5304 = VERTEX_POINT ( 'NONE', #1531 ) ;
#5305 = CARTESIAN_POINT ( 'NONE',  ( 8.656250000000007105, -14.48437499999999822, -1.299093380678113863E-15 ) ) ;
#5306 = EDGE_LOOP ( 'NONE', ( #646, #559, #7642, #5264 ) ) ;
#5307 = ORIENTED_EDGE ( 'NONE', *, *, #3013, .T. ) ;
#5308 = CARTESIAN_POINT ( 'NONE',  ( -8.968750000000000000, -6.500000000000000000, -15.53125000000000000 ) ) ;
#5309 = EDGE_CURVE ( 'NONE', #3487, #1483, #5932, .T. ) ;
#5310 = VECTOR ( 'NONE', #465, 39.37007874015748143 ) ;
#5311 = CARTESIAN_POINT ( 'NONE',  ( -9.625000000000005329, -17.48437500000000000, -15.99999999999999822 ) ) ;
#5312 = FACE_OUTER_BOUND ( 'NONE', #3507, .T. ) ;
#5313 = PLANE ( 'NONE',  #1608 ) ;
#5314 = ADVANCED_FACE ( 'NONE', ( #5975 ), #323, .F. ) ;
#5315 = FACE_OUTER_BOUND ( 'NONE', #6044, .T. ) ;
#5316 = VERTEX_POINT ( 'NONE', #1620 ) ;
#5317 = CARTESIAN_POINT ( 'NONE',  ( 9.437500000000001776, 0.000000000000000000, -16.00000000000000000 ) ) ;
#5318 = EDGE_LOOP ( 'NONE', ( #7316, #6552, #2217, #2353, #6647, #2769, #2962, #1773, #3021, #269, #1808, #989 ) ) ;
#5319 = DIRECTION ( 'NONE',  ( 1.500757696090238830E-16, 0.000000000000000000, 1.000000000000000000 ) ) ;
#5320 = ADVANCED_FACE ( 'NONE', ( #3516 ), #2433, .T. ) ;
#5321 = EDGE_LOOP ( 'NONE', ( #4621, #2451, #4000, #7585 ) ) ;
#5322 = DIRECTION ( 'NONE',  ( 0.000000000000000000, 0.000000000000000000, 1.000000000000000000 ) ) ;
#5323 = CARTESIAN_POINT ( 'NONE',  ( 0.000000000000000000, 0.000000000000000000, -16.00000000000000000 ) ) ;
#5324 = SURFACE_SIDE_STYLE ('',( #7182 ) ) ;
#5325 = UNCERTAINTY_MEASURE_WITH_UNIT (LENGTH_MEASURE( 1.000000000000000082E-05 ), #4407, 'distance_accuracy_value', 'NONE');
#5326 = SURFACE_STYLE_FILL_AREA ( #5448 ) ;
#5327 = LINE ( 'NONE', #2370, #7887 ) ;
#5328 = ORIENTED_EDGE ( 'NONE', *, *, #4527, .T. ) ;
#5329 = CARTESIAN_POINT ( 'NONE',  ( 9.437500000000001776, -1.499999999999998002, -14.49999999999999822 ) ) ;
#5330 = ORIENTED_EDGE ( 'NONE', *, *, #2212, .F. ) ;
#5331 = DIRECTION ( 'NONE',  ( -1.681137226870316775E-16, 1.000000000000000000, -0.000000000000000000 ) ) ;
#5332 = ADVANCED_FACE ( 'NONE', ( #3092 ), #7454, .F. ) ;
#5333 = FILL_AREA_STYLE_COLOUR ( '', #1019 ) ;
#5334 = DIRECTION ( 'NONE',  ( 0.000000000000000000, 0.000000000000000000, -1.000000000000000000 ) ) ;
#5335 = CARTESIAN_POINT ( 'NONE',  ( 0.000000000000000000, -5.781250000000000000, -14.78125000000000178 ) ) ;
#5336 = PLANE ( 'NONE',  #6458 ) ;
#5337 = DIRECTION ( 'NONE',  ( 0.000000000000000000, -0.000000000000000000, 1.000000000000000000 ) ) ;
#5338 = ORIENTED_EDGE ( 'NONE', *, *, #4451, .F. ) ;
#5339 = DIRECTION ( 'NONE',  ( 1.000000000000000000, 0.000000000000000000, 0.000000000000000000 ) ) ;
#5340 = DIMENSIONAL_EXPONENTS ( 1.000000000000000000, 0.000000000000000000, 0.000000000000000000, 0.000000000000000000, 0.000000000000000000, 0.000000000000000000, 0.000000000000000000 ) ;
#5341 = CARTESIAN_POINT ( 'NONE',  ( -8.968750000000000000, -3.500000000000000000, -16.00000000000000000 ) ) ;
#5342 = ORIENTED_EDGE ( 'NONE', *, *, #2803, .T. ) ;
#5343 = EDGE_CURVE ( 'NONE', #7040, #6365, #6719, .T. ) ;
#5344 = CARTESIAN_POINT ( 'NONE',  ( -9.312500000000003553, -6.500000000000000000, -8.062499999999998224 ) ) ;
#5345 = EDGE_LOOP ( 'NONE', ( #1731, #5143, #4833, #3187 ) ) ;
#5346 = ORIENTED_EDGE ( 'NONE', *, *, #5570, .F. ) ;
#5347 = CARTESIAN_POINT ( 'NONE',  ( -8.968750000000000000, 0.000000000000000000, -16.00000000000000000 ) ) ;
#5348 = AXIS2_PLACEMENT_3D ( 'NONE', #182, #3412, #1466 ) ;
#5349 = CARTESIAN_POINT ( 'NONE',  ( -9.625000000000003553, 0.000000000000000000, 0.5312500000000000000 ) ) ;
#5350 = CARTESIAN_POINT ( 'NONE',  ( 8.187500000000007105, -25.00000000000000000, -0.2187500000000011102 ) ) ;
#5351 = CARTESIAN_POINT ( 'NONE',  ( 9.156249999999994671, -17.48437500000000000, -15.53124999999999645 ) ) ;
#5352 = CARTESIAN_POINT ( 'NONE',  ( -9.437500000000001776, -6.500000000000000000, -14.49999999999999822 ) ) ;
#5353 = EDGE_CURVE ( 'NONE', #2088, #314, #5516, .T. ) ;
#5354 = VECTOR ( 'NONE', #5420, 39.37007874015748143 ) ;
#5355 = CARTESIAN_POINT ( 'NONE',  ( 0.000000000000000000, -14.73437499999999645, 0.000000000000000000 ) ) ;
#5356 = ORIENTED_EDGE ( 'NONE', *, *, #1268, .T. ) ;
#5357 = DIRECTION ( 'NONE',  ( -0.000000000000000000, 0.000000000000000000, 1.000000000000000000 ) ) ;
#5358 = ORIENTED_EDGE ( 'NONE', *, *, #1827, .F. ) ;
#5359 = DIRECTION ( 'NONE',  ( -1.000000000000000000, 0.000000000000000000, 1.500757696090238830E-16 ) ) ;
#5360 = EDGE_LOOP ( 'NONE', ( #3015, #7499 ) ) ;
#5361 = CARTESIAN_POINT ( 'NONE',  ( 8.656250000000005329, -17.48437500000000000, -14.78125000000000355 ) ) ;
#5362 = CARTESIAN_POINT ( 'NONE',  ( 8.468750000000007105, -5.781250000000000000, 0.06249999999999869549 ) ) ;
#5363 = PRESENTATION_LAYER_ASSIGNMENT (  '', '', ( #7865 ) ) ;
#5364 = CARTESIAN_POINT ( 'NONE',  ( -9.625000000000003553, 0.000000000000000000, 0.7187499999999992228 ) ) ;
#5365 = EDGE_CURVE ( 'NONE', #2703, #4507, #2467, .T. ) ;
#5366 = AXIS2_PLACEMENT_3D ( 'NONE', #4450, #3806, #1209 ) ;
#5367 = CARTESIAN_POINT ( 'NONE',  ( 0.000000000000000000, -0.2499999999999997224, 0.000000000000000000 ) ) ;
#5368 = VECTOR ( 'NONE', #1079, 39.37007874015748143 ) ;
#5369 = ORIENTED_EDGE ( 'NONE', *, *, #1518, .T. ) ;
#5370 = FACE_OUTER_BOUND ( 'NONE', #5145, .T. ) ;
#5371 = ORIENTED_EDGE ( 'NONE', *, *, #3454, .T. ) ;
#5372 = ADVANCED_FACE ( 'NONE', ( #6131 ), #1806, .F. ) ;
#5373 = AXIS2_PLACEMENT_3D ( 'NONE', #2968, #6816, #6088 ) ;
#5374 = DIRECTION ( 'NONE',  ( 0.000000000000000000, 0.000000000000000000, -1.000000000000000000 ) ) ;
#5375 = ADVANCED_FACE ( 'NONE', ( #3133 ), #592, .T. ) ;
#5376 = LINE ( 'NONE', #383, #3905 ) ;
#5377 = DIRECTION ( 'NONE',  ( -1.000000000000000000, -1.681137226870315542E-16, 0.000000000000000000 ) ) ;
#5378 = AXIS2_PLACEMENT_3D ( 'NONE', #3332, #1510, #6524 ) ;
#5379 = ORIENTED_EDGE ( 'NONE', *, *, #3069, .F. ) ;
#5380 = SURFACE_STYLE_USAGE ( .BOTH. , #307 ) ;
#5381 = CARTESIAN_POINT ( 'NONE',  ( 9.156249999999994671, -17.48437500000000000, -15.99999999999999822 ) ) ;
#5382 = AXIS2_PLACEMENT_3D ( 'NONE', #7631, #1985, #7145 ) ;
#5383 = FACE_OUTER_BOUND ( 'NONE', #5112, .T. ) ;
#5384 = CARTESIAN_POINT ( 'NONE',  ( -10.06250000000000355, 0.2500000000000000000, -14.81249999999999822 ) ) ;
#5385 = ORIENTED_EDGE ( 'NONE', *, *, #546, .T. ) ;
#5386 = DIRECTION ( 'NONE',  ( 1.000000000000000000, 0.000000000000000000, 0.000000000000000000 ) ) ;
#5387 = CARTESIAN_POINT ( 'NONE',  ( 9.437500000000001776, -1.499999999999998002, -14.49999999999999822 ) ) ;
#5388 = VERTEX_POINT ( 'NONE', #8035 ) ;
#5389 = AXIS2_PLACEMENT_3D ( 'NONE', #153, #6998, #2725 ) ;
#5390 = ORIENTED_EDGE ( 'NONE', *, *, #8164, .T. ) ;
#5391 = LINE ( 'NONE', #5925, #6959 ) ;
#5392 = CARTESIAN_POINT ( 'NONE',  ( 0.000000000000000000, -14.48437499999999822, 0.000000000000000000 ) ) ;
#5393 = EDGE_CURVE ( 'NONE', #7674, #4507, #5944, .T. ) ;
#5394 = CARTESIAN_POINT ( 'NONE',  ( -9.437500000000001776, -6.505936120470312141E-17, -16.00000000000000000 ) ) ;
#5395 = FACE_OUTER_BOUND ( 'NONE', #2074, .T. ) ;
#5396 = COLOUR_RGB ( '',0.8392156862745098200, 0.4666666666666666741, 0.3686274509803921795 ) ;
#5397 = DIMENSIONAL_EXPONENTS ( 1.000000000000000000, 0.000000000000000000, 0.000000000000000000, 0.000000000000000000, 0.000000000000000000, 0.000000000000000000, 0.000000000000000000 ) ;
#5398 = DIRECTION ( 'NONE',  ( -1.000000000000000000, 0.000000000000000000, -0.000000000000000000 ) ) ;
#5399 = ORIENTED_EDGE ( 'NONE', *, *, #1419, .F. ) ;
#5400 = CARTESIAN_POINT ( 'NONE',  ( -11.00000000000000000, 0.000000000000000000, 1.156250000000002442 ) ) ;
#5401 = VECTOR ( 'NONE', #253, 39.37007874015748143 ) ;
#5402 = DIRECTION ( 'NONE',  ( -0.000000000000000000, -0.000000000000000000, 1.000000000000000000 ) ) ;
#5403 = ORIENTED_EDGE ( 'NONE', *, *, #7896, .F. ) ;
#5404 = CARTESIAN_POINT ( 'NONE',  ( -8.187500000000003553, -14.73437499999999645, -14.78125000000000178 ) ) ;
#5405 = EDGE_CURVE ( 'NONE', #1877, #477, #557, .T. ) ;
#5406 = PRESENTATION_STYLE_ASSIGNMENT (( #7843 ) ) ;
#5407 = UNCERTAINTY_MEASURE_WITH_UNIT (LENGTH_MEASURE( 1.000000000000000082E-05 ), #3752, 'distance_accuracy_value', 'NONE');
#5408 = FACE_OUTER_BOUND ( 'NONE', #2016, .T. ) ;
#5409 = VECTOR ( 'NONE', #3996, 39.37007874015748143 ) ;
#5410 = DIRECTION ( 'NONE',  ( 1.000000000000000000, 0.000000000000000000, 0.000000000000000000 ) ) ;
#5411 = EDGE_LOOP ( 'NONE', ( #2789, #4386, #1376, #4723 ) ) ;
#5412 = DIRECTION ( 'NONE',  ( 0.000000000000000000, 1.000000000000000000, 0.000000000000000000 ) ) ;
#5413 = ORIENTED_EDGE ( 'NONE', *, *, #1581, .T. ) ;
#5414 = LINE ( 'NONE', #7935, #275 ) ;
#5415 = AXIS2_PLACEMENT_3D ( 'NONE', #461, #6696, #2215 ) ;
#5416 = EDGE_CURVE ( 'NONE', #1306, #7587, #1112, .T. ) ;
#5417 = VECTOR ( 'NONE', #7852, 39.37007874015748143 ) ;
#5418 = DIRECTION ( 'NONE',  ( 0.000000000000000000, 1.000000000000000000, 0.000000000000000000 ) ) ;
#5419 = CARTESIAN_POINT ( 'NONE',  ( -9.437500000000001776, -6.500000000000000000, -14.49999999999999822 ) ) ;
#5420 = DIRECTION ( 'NONE',  ( -0.000000000000000000, 1.000000000000000000, -0.000000000000000000 ) ) ;
#5421 = VECTOR ( 'NONE', #209, 39.37007874015748143 ) ;
#5422 = CARTESIAN_POINT ( 'NONE',  ( 4.812500000000004441, 0.000000000000000000, 0.4062500000000005551 ) ) ;
#5423 = VERTEX_POINT ( 'NONE', #2400 ) ;
#5424 = EDGE_CURVE ( 'NONE', #7164, #593, #447, .T. ) ;
#5425 = AXIS2_PLACEMENT_3D ( 'NONE', #2192, #1661, #7878 ) ;
#5426 = FACE_OUTER_BOUND ( 'NONE', #5660, .T. ) ;
#5427 = FACE_BOUND ( 'NONE', #6972, .T. ) ;
#5428 = ORIENTED_EDGE ( 'NONE', *, *, #7428, .F. ) ;
#5429 = PLANE ( 'NONE',  #5373 ) ;
#5430 = PRESENTATION_STYLE_ASSIGNMENT (( #5999 ) ) ;
#5431 =( GEOMETRIC_REPRESENTATION_CONTEXT ( 3 ) GLOBAL_UNCERTAINTY_ASSIGNED_CONTEXT ( ( #7968 ) ) GLOBAL_UNIT_ASSIGNED_CONTEXT ( ( #3659, #2934, #978 ) ) REPRESENTATION_CONTEXT ( 'NONE', 'WORKASPACE' ) );
#5432 = ORIENTED_EDGE ( 'NONE', *, *, #2990, .F. ) ;
#5433 = ORIENTED_EDGE ( 'NONE', *, *, #5468, .F. ) ;
#5434 = CARTESIAN_POINT ( 'NONE',  ( -9.437500000000003553, -6.500000000000000000, -7.937499999999999112 ) ) ;
#5435 = EDGE_CURVE ( 'NONE', #5959, #3383, #8152, .T. ) ;
#5436 = DIRECTION ( 'NONE',  ( 0.000000000000000000, 0.000000000000000000, 1.000000000000000000 ) ) ;
#5437 = VECTOR ( 'NONE', #3088, 39.37007874015748143 ) ;
#5438 = DIRECTION ( 'NONE',  ( -0.000000000000000000, 1.000000000000000000, 0.000000000000000000 ) ) ;
#5439 = CARTESIAN_POINT ( 'NONE',  ( 10.06250000000000355, -25.00000000000000000, -1.187500000000003553 ) ) ;
#5440 = ORIENTED_EDGE ( 'NONE', *, *, #1175, .T. ) ;
#5441 = DIRECTION ( 'NONE',  ( 0.000000000000000000, -1.000000000000000000, 0.000000000000000000 ) ) ;
#5442 = EDGE_LOOP ( 'NONE', ( #3499, #8141, #6535, #2431 ) ) ;
#5443 = CARTESIAN_POINT ( 'NONE',  ( 9.625000000000003553, -6.500000000000000000, 0.5312499999999992228 ) ) ;
#5444 = VECTOR ( 'NONE', #7412, 39.37007874015748143 ) ;
#5445 = DIRECTION ( 'NONE',  ( 0.000000000000000000, 1.000000000000000000, -0.000000000000000000 ) ) ;
#5446 = VERTEX_POINT ( 'NONE', #4892 ) ;
#5447 = LINE ( 'NONE', #1036, #2112 ) ;
#5448 = FILL_AREA_STYLE ('',( #1082 ) ) ;
#5449 = CARTESIAN_POINT ( 'NONE',  ( 9.625000000000003553, 0.000000000000000000, 0.5312500000000000000 ) ) ;
#5450 = EDGE_CURVE ( 'NONE', #5953, #6407, #4966, .T. ) ;
#5451 = ORIENTED_EDGE ( 'NONE', *, *, #3737, .F. ) ;
#5452 = CARTESIAN_POINT ( 'NONE',  ( -8.968750000000000000, 0.000000000000000000, 0.000000000000000000 ) ) ;
#5453 = EDGE_LOOP ( 'NONE', ( #2787, #1248, #2435, #1519 ) ) ;
#5454 = LINE ( 'NONE', #6108, #2485 ) ;
#5455 = CARTESIAN_POINT ( 'NONE',  ( -9.625000000000001776, -6.500000000000000000, -1.500000000000000222 ) ) ;
#5456 =( NAMED_UNIT ( * ) PLANE_ANGLE_UNIT ( ) SI_UNIT ( $, .RADIAN. ) );
#5457 = CARTESIAN_POINT ( 'NONE',  ( 10.06250000000000355, 0.000000000000000000, -15.68750000000000000 ) ) ;
#5458 = ADVANCED_FACE ( 'NONE', ( #2978 ), #5476, .T. ) ;
#5459 = DIRECTION ( 'NONE',  ( -1.000000000000000000, 0.000000000000000000, 0.000000000000000000 ) ) ;
#5460 = EDGE_LOOP ( 'NONE', ( #185, #8091, #5609, #4216 ) ) ;
#5461 = LINE ( 'NONE', #2384, #1845 ) ;
#5462 = DIRECTION ( 'NONE',  ( -1.000000000000000000, 0.000000000000000000, 2.386870601972871863E-16 ) ) ;
#5463 = CARTESIAN_POINT ( 'NONE',  ( 9.437500000000003553, -6.500000000000000000, -4.687500000000000000 ) ) ;
#5464 = ORIENTED_EDGE ( 'NONE', *, *, #7155, .F. ) ;
#5465 = EDGE_CURVE ( 'NONE', #1787, #2635, #7498, .T. ) ;
#5466 = VERTEX_POINT ( 'NONE', #8107 ) ;
#5467 = ORIENTED_EDGE ( 'NONE', *, *, #6603, .F. ) ;
#5468 = EDGE_CURVE ( 'NONE', #3442, #3917, #2942, .T. ) ;
#5469 = CARTESIAN_POINT ( 'NONE',  ( 10.06250000000000355, 0.2500000000000000000, -15.25000000000000000 ) ) ;
#5470 = DIRECTION ( 'NONE',  ( 0.000000000000000000, -1.000000000000000000, 0.000000000000000000 ) ) ;
#5471 = CARTESIAN_POINT ( 'NONE',  ( -8.968750000000000000, 0.000000000000000000, 0.000000000000000000 ) ) ;
#5472 = EDGE_LOOP ( 'NONE', ( #2513, #795, #6907, #1830 ) ) ;
#5473 = ADVANCED_FACE ( 'NONE', ( #926 ), #5866, .F. ) ;
#5474 = CLOSED_SHELL ( 'NONE', ( #1165, #3912, #268, #6246, #4194, #6362 ) ) ;
#5475 = ORIENTED_EDGE ( 'NONE', *, *, #6470, .T. ) ;
#5476 = PLANE ( 'NONE',  #4624 ) ;
#5477 = ORIENTED_EDGE ( 'NONE', *, *, #1096, .F. ) ;
#5478 = PLANE ( 'NONE',  #7361 ) ;
#5479 = ORIENTED_EDGE ( 'NONE', *, *, #6035, .T. ) ;
#5480 = LINE ( 'NONE', #3022, #3006 ) ;
#5481 = AXIS2_PLACEMENT_3D ( 'NONE', #6034, #6077, #2260 ) ;
#5482 = CARTESIAN_POINT ( 'NONE',  ( 9.156249999999994671, -17.48437500000000000, -15.99999999999999822 ) ) ;
#5483 = ADVANCED_FACE ( 'NONE', ( #5788 ), #2757, .T. ) ;
#5484 = FACE_OUTER_BOUND ( 'NONE', #6235, .T. ) ;
#5485 = VERTEX_POINT ( 'NONE', #7163 ) ;
#5486 = CARTESIAN_POINT ( 'NONE',  ( -8.125000000000005329, -6.500000000000000000, 0.5312500000000011102 ) ) ;
#5487 = EDGE_LOOP ( 'NONE', ( #4574, #6301, #825, #3785, #2593, #1892, #7106, #3640 ) ) ;
#5488 = CARTESIAN_POINT ( 'NONE',  ( 8.125000000000003553, 0.000000000000000000, 0.5312500000000000000 ) ) ;
#5489 = VECTOR ( 'NONE', #8066, 39.37007874015748143 ) ;
#5490 = LINE ( 'NONE', #1050, #2875 ) ;
#5491 = EDGE_CURVE ( 'NONE', #3852, #4719, #7776, .T. ) ;
#5492 = CARTESIAN_POINT ( 'NONE',  ( 9.625000000000005329, -4.999999999999998224, -1.500000000000000222 ) ) ;
#5493 = VECTOR ( 'NONE', #7679, 39.37007874015748143 ) ;
#5494 = CARTESIAN_POINT ( 'NONE',  ( 0.000000000000000000, 0.000000000000000000, 0.000000000000000000 ) ) ;
#5495 = DIRECTION ( 'NONE',  ( 0.000000000000000000, -1.000000000000000000, 0.000000000000000000 ) ) ;
#5496 = EDGE_LOOP ( 'NONE', ( #225, #2980, #4196, #6200 ) ) ;
#5497 = EDGE_CURVE ( 'NONE', #4082, #4904, #7696, .T. ) ;
#5498 = DIRECTION ( 'NONE',  ( 0.000000000000000000, 1.000000000000000000, 0.000000000000000000 ) ) ;
#5499 = LINE ( 'NONE', #4877, #6489 ) ;
#5500 = ORIENTED_EDGE ( 'NONE', *, *, #6415, .F. ) ;
#5501 = VECTOR ( 'NONE', #527, 39.37007874015748143 ) ;
#5502 = CARTESIAN_POINT ( 'NONE',  ( 0.000000000000000000, -17.48437499999999645, 0.000000000000000000 ) ) ;
#5503 = SURFACE_STYLE_FILL_AREA ( #6158 ) ;
#5504 = VERTEX_POINT ( 'NONE', #7819 ) ;
#5505 = LINE ( 'NONE', #548, #7243 ) ;
#5506 = AXIS2_PLACEMENT_3D ( 'NONE', #5556, #594, #3788 ) ;
#5507 = ORIENTED_EDGE ( 'NONE', *, *, #5192, .F. ) ;
#5508 = VECTOR ( 'NONE', #6320, 39.37007874015748143 ) ;
#5509 = LINE ( 'NONE', #1066, #2066 ) ;
#5510 = EDGE_CURVE ( 'NONE', #2315, #2153, #4264, .T. ) ;
#5511 = FACE_OUTER_BOUND ( 'NONE', #7000, .T. ) ;
#5512 = CARTESIAN_POINT ( 'NONE',  ( -9.625000000000003553, -6.123233995736796851E-17, -14.49999999999999822 ) ) ;
#5513 = ORIENTED_EDGE ( 'NONE', *, *, #679, .F. ) ;
#5514 = VECTOR ( 'NONE', #1613, 39.37007874015748143 ) ;
#5515 = ORIENTED_EDGE ( 'NONE', *, *, #4161, .T. ) ;
#5516 = LINE ( 'NONE', #3056, #280 ) ;
#5517 = CARTESIAN_POINT ( 'NONE',  ( 9.437500000000003553, -6.500000000000000000, -4.687500000000000000 ) ) ;
#5518 = ORIENTED_EDGE ( 'NONE', *, *, #3518, .F. ) ;
#5519 = EDGE_CURVE ( 'NONE', #3430, #1444, #3219, .T. ) ;
#5520 = VECTOR ( 'NONE', #3207, 39.37007874015748143 ) ;
#5521 = LINE ( 'NONE', #299, #4477 ) ;
#5522 = LINE ( 'NONE', #4932, #1293 ) ;
#5523 = DIRECTION ( 'NONE',  ( 1.000000000000000000, -0.000000000000000000, -1.193435300986435932E-16 ) ) ;
#5524 = AXIS2_PLACEMENT_3D ( 'NONE', #5916, #2045, #7202 ) ;
#5525 = EDGE_LOOP ( 'NONE', ( #4680, #7475 ) ) ;
#5526 = LINE ( 'NONE', #1242, #5140 ) ;
#5527 = VECTOR ( 'NONE', #1433, 39.37007874015748143 ) ;
#5528 = VERTEX_POINT ( 'NONE', #5717 ) ;
#5529 = CARTESIAN_POINT ( 'NONE',  ( -8.968750000000000000, -6.500000000000000000, -3.000000000000000444 ) ) ;
#5530 = EDGE_CURVE ( 'NONE', #4071, #867, #4481, .T. ) ;
#5531 = DIRECTION ( 'NONE',  ( 1.500757696090238830E-16, -0.000000000000000000, 1.000000000000000000 ) ) ;
#5532 = VECTOR ( 'NONE', #664, 39.37007874015748143 ) ;
#5533 = DIRECTION ( 'NONE',  ( 1.000000000000000000, 0.000000000000000000, -1.193435300986435685E-16 ) ) ;
#5534 = EDGE_CURVE ( 'NONE', #346, #2490, #74, .T. ) ;
#5535 = AXIS2_PLACEMENT_3D ( 'NONE', #4581, #921, #2794 ) ;
#5536 = VERTEX_POINT ( 'NONE', #7002 ) ;
#5537 = AXIS2_PLACEMENT_3D ( 'NONE', #7433, #2410, #4403 ) ;
#5538 = CARTESIAN_POINT ( 'NONE',  ( 10.06250000000000355, -25.00000000000000000, -15.25000000000000000 ) ) ;
#5539 = CARTESIAN_POINT ( 'NONE',  ( 9.156249999999994671, -14.48437499999999822, -15.99999999999999822 ) ) ;
#5540 = ORIENTED_EDGE ( 'NONE', *, *, #2760, .T. ) ;
#5541 = DIRECTION ( 'NONE',  ( 0.000000000000000000, 1.000000000000000000, 0.000000000000000000 ) ) ;
#5542 = LINE ( 'NONE', #1884, #3049 ) ;
#5543 = ADVANCED_FACE ( 'NONE', ( #2560 ), #6253, .T. ) ;
#5544 = EDGE_CURVE ( 'NONE', #7542, #4423, #5758, .T. ) ;
#5545 = AXIS2_PLACEMENT_3D ( 'NONE', #4252, #3747, #1073 ) ;
#5546 = ORIENTED_EDGE ( 'NONE', *, *, #2627, .T. ) ;
#5547 = FILL_AREA_STYLE_COLOUR ( '', #1449 ) ;
#5548 = ORIENTED_EDGE ( 'NONE', *, *, #4812, .T. ) ;
#5549 = LINE ( 'NONE', #5163, #5489 ) ;
#5550 = DIRECTION ( 'NONE',  ( 0.000000000000000000, -1.000000000000000000, 0.000000000000000000 ) ) ;
#5551 = CARTESIAN_POINT ( 'NONE',  ( 9.625000000000003553, 2.296212748401287578E-15, -14.49999999999999822 ) ) ;
#5552 = ORIENTED_EDGE ( 'NONE', *, *, #5249, .F. ) ;
#5553 = EDGE_CURVE ( 'NONE', #6042, #4845, #1126, .T. ) ;
#5554 = VERTEX_POINT ( 'NONE', #4523 ) ;
#5555 = DIRECTION ( 'NONE',  ( -8.741913579725650188E-15, 0.000000000000000000, -1.000000000000000000 ) ) ;
#5556 = CARTESIAN_POINT ( 'NONE',  ( -8.468750000000003553, -5.781250000000000000, -15.00000000000000000 ) ) ;
#5557 = EDGE_LOOP ( 'NONE', ( #2163, #3367, #322, #4390 ) ) ;
#5558 = CARTESIAN_POINT ( 'NONE',  ( 8.468750000000005329, -5.781250000000000000, -14.78125000000000355 ) ) ;
#5559 = CARTESIAN_POINT ( 'NONE',  ( 0.000000000000000000, 0.000000000000000000, -1.500000000000000222 ) ) ;
#5560 =( GEOMETRIC_REPRESENTATION_CONTEXT ( 3 ) GLOBAL_UNCERTAINTY_ASSIGNED_CONTEXT ( ( #3077 ) ) GLOBAL_UNIT_ASSIGNED_CONTEXT ( ( #744, #7727, #5826 ) ) REPRESENTATION_CONTEXT ( 'NONE', 'WORKASPACE' ) );
#5561 = EDGE_CURVE ( 'NONE', #589, #4159, #7670, .T. ) ;
#5562 = ORIENTED_EDGE ( 'NONE', *, *, #5870, .T. ) ;
#5563 = CARTESIAN_POINT ( 'NONE',  ( 8.968750000000000000, 2.196710195970565270E-15, 0.000000000000000000 ) ) ;
#5564 = ORIENTED_EDGE ( 'NONE', *, *, #3844, .F. ) ;
#5565 = PLANE ( 'NONE',  #2368 ) ;
#5566 = LENGTH_MEASURE_WITH_UNIT ( LENGTH_MEASURE( 0.02539999999999999897 ), #1942 );
#5567 = STYLED_ITEM ( 'NONE', ( #4265 ), #6468 ) ;
#5568 = LINE ( 'NONE', #7975, #2599 ) ;
#5569 = FILL_AREA_STYLE_COLOUR ( '', #7599 ) ;
#5570 = EDGE_CURVE ( 'NONE', #4576, #5711, #291, .T. ) ;
#5571 = FACE_OUTER_BOUND ( 'NONE', #8108, .T. ) ;
#5572 = ORIENTED_EDGE ( 'NONE', *, *, #5690, .T. ) ;
#5573 = ORIENTED_EDGE ( 'NONE', *, *, #3609, .T. ) ;
#5574 = LINE ( 'NONE', #6195, #3312 ) ;
#5575 = LINE ( 'NONE', #3732, #5960 ) ;
#5576 = PLANE ( 'NONE',  #724 ) ;
#5577 = DIRECTION ( 'NONE',  ( 0.000000000000000000, 0.000000000000000000, -1.000000000000000000 ) ) ;
#5578 = DIRECTION ( 'NONE',  ( -1.000000000000000000, 0.000000000000000000, 0.000000000000000000 ) ) ;
#5579 = ORIENTED_EDGE ( 'NONE', *, *, #1044, .T. ) ;
#5580 = LENGTH_MEASURE_WITH_UNIT ( LENGTH_MEASURE( 0.02539999999999999897 ), #6091 );
#5581 = ORIENTED_EDGE ( 'NONE', *, *, #5164, .F. ) ;
#5582 = DIRECTION ( 'NONE',  ( 0.000000000000000000, -1.000000000000000000, 0.000000000000000000 ) ) ;
#5583 = DIRECTION ( 'NONE',  ( -1.000000000000000000, 0.000000000000000000, -0.000000000000000000 ) ) ;
#5584 = DIRECTION ( 'NONE',  ( 0.000000000000000000, 0.000000000000000000, 1.000000000000000000 ) ) ;
#5585 = EDGE_CURVE ( 'NONE', #5316, #6667, #5021, .T. ) ;
#5586 = ORIENTED_EDGE ( 'NONE', *, *, #2691, .T. ) ;
#5587 = EDGE_LOOP ( 'NONE', ( #2717, #3943, #396, #7256 ) ) ;
#5588 = DIRECTION ( 'NONE',  ( 1.000000000000000000, 0.000000000000000000, 0.000000000000000000 ) ) ;
#5589 = ORIENTED_EDGE ( 'NONE', *, *, #7155, .T. ) ;
#5590 = FACE_OUTER_BOUND ( 'NONE', #7381, .T. ) ;
#5591 = VERTEX_POINT ( 'NONE', #6915 ) ;
#5592 = PLANE ( 'NONE',  #7881 ) ;
#5593 = EDGE_CURVE ( 'NONE', #3722, #1631, #1274, .T. ) ;
#5594 = DIRECTION ( 'NONE',  ( -1.000000000000000000, 0.000000000000000000, -0.000000000000000000 ) ) ;
#5595 = CARTESIAN_POINT ( 'NONE',  ( -10.06250000000000355, 0.2500000000000000000, -15.25000000000000000 ) ) ;
#5596 = VECTOR ( 'NONE', #5908, 39.37007874015748143 ) ;
#5597 = DIRECTION ( 'NONE',  ( 0.000000000000000000, 1.000000000000000000, 0.000000000000000000 ) ) ;
#5598 = ORIENTED_EDGE ( 'NONE', *, *, #2659, .F. ) ;
#5599 = CARTESIAN_POINT ( 'NONE',  ( 0.000000000000000000, 0.000000000000000000, 0.000000000000000000 ) ) ;
#5600 = EDGE_LOOP ( 'NONE', ( #6095, #2365, #1505, #332 ) ) ;
#5601 = FACE_OUTER_BOUND ( 'NONE', #2973, .T. ) ;
#5602 = VECTOR ( 'NONE', #542, 39.37007874015748143 ) ;
#5603 = FILL_AREA_STYLE ('',( #3107 ) ) ;
#5604 = EDGE_CURVE ( 'NONE', #5942, #3178, #3305, .T. ) ;
#5605 = CARTESIAN_POINT ( 'NONE',  ( -9.625000000000003553, -1.500000000000000222, -14.49999999999999822 ) ) ;
#5606 = VECTOR ( 'NONE', #2959, 39.37007874015748143 ) ;
#5607 = ORIENTED_EDGE ( 'NONE', *, *, #4120, .T. ) ;
#5608 = PLANE ( 'NONE',  #4875 ) ;
#5609 = ORIENTED_EDGE ( 'NONE', *, *, #7238, .T. ) ;
#5610 = EDGE_CURVE ( 'NONE', #2383, #1009, #3836, .T. ) ;
#5611 = EDGE_LOOP ( 'NONE', ( #3807, #5743, #3589, #2553 ) ) ;
#5612 = FACE_OUTER_BOUND ( 'NONE', #3134, .T. ) ;
#5613 = EDGE_CURVE ( 'NONE', #3931, #505, #642, .T. ) ;
#5614 = VECTOR ( 'NONE', #1824, 39.37007874015748143 ) ;
#5615 = CARTESIAN_POINT ( 'NONE',  ( -9.625000000000001776, -6.500000000000000000, -14.49999999999999822 ) ) ;
#5616 = UNCERTAINTY_MEASURE_WITH_UNIT (LENGTH_MEASURE( 1.000000000000000082E-05 ), #7102, 'distance_accuracy_value', 'NONE');
#5617 = CARTESIAN_POINT ( 'NONE',  ( 9.156249999999994671, -14.48437499999999822, -15.99999999999999822 ) ) ;
#5618 = ORIENTED_EDGE ( 'NONE', *, *, #5126, .F. ) ;
#5619 = DIRECTION ( 'NONE',  ( -1.681137226870316528E-16, 1.000000000000000000, 0.000000000000000000 ) ) ;
#5620 =( CONVERSION_BASED_UNIT ( 'INCH', #7532 ) LENGTH_UNIT ( ) NAMED_UNIT ( #6659 ) );
#5621 = MECHANICAL_DESIGN_GEOMETRIC_PRESENTATION_REPRESENTATION (  '', ( #4565 ), #2612 ) ;
#5622 = VERTEX_POINT ( 'NONE', #4868 ) ;
#5623 = VERTEX_POINT ( 'NONE', #5883 ) ;
#5624 = CARTESIAN_POINT ( 'NONE',  ( 8.125000000000003553, -5.000000000000000000, 0.7187499999999992228 ) ) ;
#5625 =( GEOMETRIC_REPRESENTATION_CONTEXT ( 3 ) GLOBAL_UNCERTAINTY_ASSIGNED_CONTEXT ( ( #3161 ) ) GLOBAL_UNIT_ASSIGNED_CONTEXT ( ( #3754, #1813, #6794 ) ) REPRESENTATION_CONTEXT ( 'NONE', 'WORKASPACE' ) );
#5626 = PLANE ( 'NONE',  #2786 ) ;
#5627 = LINE ( 'NONE', #4348, #2820 ) ;
#5628 = MECHANICAL_DESIGN_GEOMETRIC_PRESENTATION_REPRESENTATION (  '', ( #3409 ), #6941 ) ;
#5629 = VERTEX_POINT ( 'NONE', #7832 ) ;
#5630 = ORIENTED_EDGE ( 'NONE', *, *, #3784, .F. ) ;
#5631 = CARTESIAN_POINT ( 'NONE',  ( 8.125000000000005329, -6.500000000000000000, 0.5312500000000011102 ) ) ;
#5632 = AXIS2_PLACEMENT_3D ( 'NONE', #5935, #325, #7924 ) ;
#5633 = VECTOR ( 'NONE', #5410, 39.37007874015748143 ) ;
#5634 = ORIENTED_EDGE ( 'NONE', *, *, #5973, .T. ) ;
#5635 = CARTESIAN_POINT ( 'NONE',  ( 8.968750000000000000, 0.000000000000000000, 0.000000000000000000 ) ) ;
#5636 = EDGE_CURVE ( 'NONE', #3442, #5629, #4135, .T. ) ;
#5637 = EDGE_LOOP ( 'NONE', ( #3293, #2818, #2823, #2333 ) ) ;
#5638 = DIRECTION ( 'NONE',  ( -1.000000000000000000, 0.000000000000000000, 9.106159978880884790E-17 ) ) ;
#5639 = VECTOR ( 'NONE', #7619, 39.37007874015748143 ) ;
#5640 = DIRECTION ( 'NONE',  ( 1.000000000000000000, 0.000000000000000000, 0.000000000000000000 ) ) ;
#5641 = ORIENTED_EDGE ( 'NONE', *, *, #2982, .T. ) ;
#5642 = DIRECTION ( 'NONE',  ( -0.000000000000000000, 1.000000000000000000, -0.000000000000000000 ) ) ;
#5643 = VERTEX_POINT ( 'NONE', #2103 ) ;
#5644 = LINE ( 'NONE', #4324, #3547 ) ;
#5645 = EDGE_CURVE ( 'NONE', #1803, #3595, #235, .T. ) ;
#5646 = VECTOR ( 'NONE', #5339, 39.37007874015748143 ) ;
#5647 = PRESENTATION_STYLE_ASSIGNMENT (( #1327 ) ) ;
#5648 = FILL_AREA_STYLE ('',( #5029 ) ) ;
#5649 = CARTESIAN_POINT ( 'NONE',  ( -10.06250000000000355, 0.000000000000000000, -15.25000000000000000 ) ) ;
#5650 = AXIS2_PLACEMENT_3D ( 'NONE', #993, #5937, #4742 ) ;
#5651 = ORIENTED_EDGE ( 'NONE', *, *, #1948, .F. ) ;
#5652 = PLANE ( 'NONE',  #7137 ) ;
#5653 = EDGE_LOOP ( 'NONE', ( #7612, #6747, #3327, #7836 ) ) ;
#5654 = ADVANCED_FACE ( 'NONE', ( #6633 ), #2057, .T. ) ;
#5655 = ORIENTED_EDGE ( 'NONE', *, *, #7713, .F. ) ;
#5656 = DIRECTION ( 'NONE',  ( 0.000000000000000000, 0.000000000000000000, 1.000000000000000000 ) ) ;
#5657 = VECTOR ( 'NONE', #145, 39.37007874015748143 ) ;
#5658 = CARTESIAN_POINT ( 'NONE',  ( -8.656250000000001776, -25.00000000000000000, -0.2187500000000011102 ) ) ;
#5659 =( LENGTH_UNIT ( ) NAMED_UNIT ( * ) SI_UNIT ( $, .METRE. ) );
#5660 = EDGE_LOOP ( 'NONE', ( #2397, #6333, #1912, #1522 ) ) ;
#5661 = CARTESIAN_POINT ( 'NONE',  ( -9.437500000000001776, -6.500000000000000000, -14.49999999999999822 ) ) ;
#5662 = SURFACE_STYLE_USAGE ( .BOTH. , #628 ) ;
#5663 = AXIS2_PLACEMENT_3D ( 'NONE', #3676, #5334, #5594 ) ;
#5664 = EDGE_CURVE ( 'NONE', #3585, #4040, #5271, .T. ) ;
#5665 =( LENGTH_UNIT ( ) NAMED_UNIT ( * ) SI_UNIT ( $, .METRE. ) );
#5666 = ORIENTED_EDGE ( 'NONE', *, *, #4638, .T. ) ;
#5667 = VECTOR ( 'NONE', #2847, 39.37007874015748143 ) ;
#5668 = VECTOR ( 'NONE', #2730, 39.37007874015748143 ) ;
#5669 = DIRECTION ( 'NONE',  ( 0.000000000000000000, 1.000000000000000000, 0.000000000000000000 ) ) ;
#5670 = LINE ( 'NONE', #1228, #4895 ) ;
#5671 = ORIENTED_EDGE ( 'NONE', *, *, #5887, .F. ) ;
#5672 = AXIS2_PLACEMENT_3D ( 'NONE', #5452, #1669, #4186 ) ;
#5673 = EDGE_CURVE ( 'NONE', #4294, #1582, #4006, .T. ) ;
#5674 = ORIENTED_EDGE ( 'NONE', *, *, #4295, .F. ) ;
#5675 = ORIENTED_EDGE ( 'NONE', *, *, #8156, .T. ) ;
#5676 = FACE_OUTER_BOUND ( 'NONE', #6645, .T. ) ;
#5677 = EDGE_LOOP ( 'NONE', ( #6840, #1969, #6492, #2062 ) ) ;
#5678 = VECTOR ( 'NONE', #2819, 39.37007874015748143 ) ;
#5679 = CARTESIAN_POINT ( 'NONE',  ( 10.06250000000000355, -25.00000000000000000, -15.68750000000000000 ) ) ;
#5680 = DIRECTION ( 'NONE',  ( -1.000000000000000000, 0.000000000000000000, 7.471721008312513932E-17 ) ) ;
#5681 = FACE_OUTER_BOUND ( 'NONE', #4039, .T. ) ;
#5682 = CARTESIAN_POINT ( 'NONE',  ( 9.437500000000001776, 0.000000000000000000, -16.00000000000000000 ) ) ;
#5683 = EDGE_LOOP ( 'NONE', ( #2714, #7732, #1848, #6245 ) ) ;
#5684 = DIRECTION ( 'NONE',  ( 0.000000000000000000, -1.000000000000000000, 0.000000000000000000 ) ) ;
#5685 = ORIENTED_EDGE ( 'NONE', *, *, #1153, .F. ) ;
#5686 = CARTESIAN_POINT ( 'NONE',  ( 9.437500000000001776, -6.499999999999998224, 0.000000000000000000 ) ) ;
#5687 = SURFACE_STYLE_FILL_AREA ( #5603 ) ;
#5688 = VECTOR ( 'NONE', #6369, 39.37007874015748143 ) ;
#5689 =( CONVERSION_BASED_UNIT ( 'INCH', #654 ) LENGTH_UNIT ( ) NAMED_UNIT ( #390 ) );
#5690 = EDGE_CURVE ( 'NONE', #4589, #3845, #7135, .T. ) ;
#5691 = ORIENTED_EDGE ( 'NONE', *, *, #4137, .T. ) ;
#5692 = DIRECTION ( 'NONE',  ( -1.000000000000000000, 0.000000000000000000, 0.000000000000000000 ) ) ;
#5693 = ORIENTED_EDGE ( 'NONE', *, *, #6372, .F. ) ;
#5694 = AXIS2_PLACEMENT_3D ( 'NONE', #7326, #3621, #1683 ) ;
#5695 = ORIENTED_EDGE ( 'NONE', *, *, #4958, .T. ) ;
#5696 = PLANE ( 'NONE',  #6179 ) ;
#5697 = DIRECTION ( 'NONE',  ( -0.000000000000000000, 1.000000000000000000, -0.000000000000000000 ) ) ;
#5698 = UNCERTAINTY_MEASURE_WITH_UNIT (LENGTH_MEASURE( 1.000000000000000082E-05 ), #6184, 'distance_accuracy_value', 'NONE');
#5699 = FACE_OUTER_BOUND ( 'NONE', #6002, .T. ) ;
#5700 = ADVANCED_FACE ( 'NONE', ( #7213 ), #277, .T. ) ;
#5701 = VERTEX_POINT ( 'NONE', #2814 ) ;
#5702 = CARTESIAN_POINT ( 'NONE',  ( -8.468750000000003553, -0.2499999999999997224, -15.00000000000000000 ) ) ;
#5703 = CARTESIAN_POINT ( 'NONE',  ( 9.625000000000003553, -6.500000000000000000, 0.7187499999999992228 ) ) ;
#5704 = EDGE_LOOP ( 'NONE', ( #1953, #6180, #7042, #6423 ) ) ;
#5705 =( NAMED_UNIT ( * ) PLANE_ANGLE_UNIT ( ) SI_UNIT ( $, .RADIAN. ) );
#5706 = ORIENTED_EDGE ( 'NONE', *, *, #6726, .F. ) ;
#5707 = CARTESIAN_POINT ( 'NONE',  ( 10.06250000000000355, 0.000000000000000000, -15.25000000000000000 ) ) ;
#5708 = DIRECTION ( 'NONE',  ( -1.500757696090239076E-16, 0.000000000000000000, -1.000000000000000000 ) ) ;
#5709 = ADVANCED_FACE ( 'NONE', ( #5312 ), #2186, .F. ) ;
#5710 = ORIENTED_EDGE ( 'NONE', *, *, #5491, .F. ) ;
#5711 = VERTEX_POINT ( 'NONE', #944 ) ;
#5712 = ORIENTED_EDGE ( 'NONE', *, *, #7132, .F. ) ;
#5713 = DIRECTION ( 'NONE',  ( 1.000000000000000000, -0.000000000000000000, -0.000000000000000000 ) ) ;
#5714 = EDGE_CURVE ( 'NONE', #7512, #1513, #3350, .T. ) ;
#5715 = ORIENTED_EDGE ( 'NONE', *, *, #1944, .T. ) ;
#5716 = FILL_AREA_STYLE_COLOUR ( '', #4435 ) ;
#5717 = CARTESIAN_POINT ( 'NONE',  ( -9.625000000000005329, -6.500000000000000000, -16.00000000000000000 ) ) ;
#5718 = EDGE_CURVE ( 'NONE', #1306, #7048, #3473, .T. ) ;
#5719 = LINE ( 'NONE', #4524, #6191 ) ;
#5720 = DIRECTION ( 'NONE',  ( 0.000000000000000000, 1.000000000000000000, 0.000000000000000000 ) ) ;
#5721 = DIRECTION ( 'NONE',  ( 0.000000000000000000, 0.000000000000000000, -1.000000000000000000 ) ) ;
#5722 = ORIENTED_EDGE ( 'NONE', *, *, #3379, .F. ) ;
#5723 = DIRECTION ( 'NONE',  ( 5.463695987328507701E-16, 0.000000000000000000, -1.000000000000000000 ) ) ;
#5724 = EDGE_LOOP ( 'NONE', ( #3055, #7154, #7574 ) ) ;
#5725 = CARTESIAN_POINT ( 'NONE',  ( 9.437500000000003553, 0.000000000000000000, -11.31249999999999822 ) ) ;
#5726 = LINE ( 'NONE', #1869, #1179 ) ;
#5727 = CARTESIAN_POINT ( 'NONE',  ( 8.125000000000003553, -6.500000000000000000, 0.7187499999999992228 ) ) ;
#5728 = EDGE_LOOP ( 'NONE', ( #7142, #3007, #1670, #7882 ) ) ;
#5729 = FACE_OUTER_BOUND ( 'NONE', #2906, .T. ) ;
#5730 = VERTEX_POINT ( 'NONE', #809 ) ;
#5731 = AXIS2_PLACEMENT_3D ( 'NONE', #2837, #790, #832 ) ;
#5732 = VERTEX_POINT ( 'NONE', #7262 ) ;
#5733 = EDGE_CURVE ( 'NONE', #4677, #21, #5969, .T. ) ;
#5734 = CARTESIAN_POINT ( 'NONE',  ( -9.437500000000000000, -6.500000000000000000, -16.00000000000000000 ) ) ;
#5735 = AXIS2_PLACEMENT_3D ( 'NONE', #3579, #1093, #459 ) ;
#5736 = ORIENTED_EDGE ( 'NONE', *, *, #4009, .T. ) ;
#5737 = CARTESIAN_POINT ( 'NONE',  ( 0.000000000000000000, -3.250000000000000000, 1.031249999999999334 ) ) ;
#5738 = DIRECTION ( 'NONE',  ( -6.993530863780540661E-15, 0.000000000000000000, -1.000000000000000000 ) ) ;
#5739 = ORIENTED_EDGE ( 'NONE', *, *, #6593, .T. ) ;
#5740 = CARTESIAN_POINT ( 'NONE',  ( -8.968750000000000000, -6.500000000000000000, -3.000000000000000444 ) ) ;
#5741 = EDGE_CURVE ( 'NONE', #1194, #7512, #7872, .T. ) ;
#5742 = AXIS2_PLACEMENT_3D ( 'NONE', #3612, #6228, #2989 ) ;
#5743 = ORIENTED_EDGE ( 'NONE', *, *, #1387, .F. ) ;
#5744 = LINE ( 'NONE', #102, #4333 ) ;
#5745 = SURFACE_STYLE_FILL_AREA ( #3249 ) ;
#5746 = CARTESIAN_POINT ( 'NONE',  ( -8.656250000000005329, -17.48437499999999645, -15.00000000000000000 ) ) ;
#5747 = ORIENTED_EDGE ( 'NONE', *, *, #6225, .F. ) ;
#5748 = VECTOR ( 'NONE', #6431, 39.37007874015748143 ) ;
#5749 = MECHANICAL_DESIGN_GEOMETRIC_PRESENTATION_REPRESENTATION (  '', ( #2218 ), #7214 ) ;
#5750 = ORIENTED_EDGE ( 'NONE', *, *, #2734, .T. ) ;
#5751 = VERTEX_POINT ( 'NONE', #1616 ) ;
#5752 = DIRECTION ( 'NONE',  ( -0.000000000000000000, -0.000000000000000000, -1.000000000000000000 ) ) ;
#5753 = EDGE_CURVE ( 'NONE', #6549, #7962, #7088, .T. ) ;
#5754 = ORIENTED_EDGE ( 'NONE', *, *, #2535, .T. ) ;
#5755 = VECTOR ( 'NONE', #3221, 39.37007874015748143 ) ;
#5756 = VECTOR ( 'NONE', #104, 39.37007874015748143 ) ;
#5757 = DIRECTION ( 'NONE',  ( 8.164311994315433722E-17, 1.000000000000000000, -0.000000000000000000 ) ) ;
#5758 = LINE ( 'NONE', #6769, #2290 ) ;
#5759 = LINE ( 'NONE', #2692, #4609 ) ;
#5760 = CARTESIAN_POINT ( 'NONE',  ( 9.625000000000001776, -14.48437499999999822, -0.4687500000000009992 ) ) ;
#5761 = EDGE_CURVE ( 'NONE', #6851, #4576, #7995, .T. ) ;
#5762 = VECTOR ( 'NONE', #3966, 39.37007874015748143 ) ;
#5763 = DIRECTION ( 'NONE',  ( -1.000000000000000000, -0.000000000000000000, -0.000000000000000000 ) ) ;
#5764 = VERTEX_POINT ( 'NONE', #5551 ) ;
#5765 = DIRECTION ( 'NONE',  ( 1.000000000000000000, 0.000000000000000000, 0.000000000000000000 ) ) ;
#5766 = ORIENTED_EDGE ( 'NONE', *, *, #2970, .F. ) ;
#5767 = DIRECTION ( 'NONE',  ( 0.000000000000000000, 1.000000000000000000, 0.000000000000000000 ) ) ;
#5768 = ADVANCED_FACE ( 'NONE', ( #4923 ), #476, .F. ) ;
#5769 = CARTESIAN_POINT ( 'NONE',  ( -8.187500000000001776, -17.48437500000000355, -0.2187500000000011102 ) ) ;
#5770 = VECTOR ( 'NONE', #3031, 39.37007874015748143 ) ;
#5771 = AXIS2_PLACEMENT_3D ( 'NONE', #4486, #7712, #4010 ) ;
#5772 = DIRECTION ( 'NONE',  ( -7.284927983104702902E-16, 0.000000000000000000, 1.000000000000000000 ) ) ;
#5773 = ORIENTED_EDGE ( 'NONE', *, *, #4739, .T. ) ;
#5774 = DIRECTION ( 'NONE',  ( -8.741913579725650188E-15, -0.000000000000000000, 1.000000000000000000 ) ) ;
#5775 = AXIS2_PLACEMENT_3D ( 'NONE', #1394, #4002, #1485 ) ;
#5776 = EDGE_LOOP ( 'NONE', ( #1213, #1241, #4850, #4020 ) ) ;
#5777 = VERTEX_POINT ( 'NONE', #6751 ) ;
#5778 = FACE_OUTER_BOUND ( 'NONE', #6267, .T. ) ;
#5779 = CARTESIAN_POINT ( 'NONE',  ( 0.000000000000000000, 0.000000000000000000, -1.500000000000000222 ) ) ;
#5780 = PRESENTATION_LAYER_ASSIGNMENT (  '', '', ( #6966 ) ) ;
#5781 = CARTESIAN_POINT ( 'NONE',  ( 0.000000000000000000, -3.403519017826102555, 1.031249999999999334 ) ) ;
#5782 = UNCERTAINTY_MEASURE_WITH_UNIT (LENGTH_MEASURE( 1.000000000000000082E-05 ), #3849, 'distance_accuracy_value', 'NONE');
#5783 = FILL_AREA_STYLE_COLOUR ( '', #2828 ) ;
#5784 = LINE ( 'NONE', #3989, #4939 ) ;
#5785 = CARTESIAN_POINT ( 'NONE',  ( 0.000000000000000000, -0.2499999999999997224, 0.000000000000000000 ) ) ;
#5786 = CARTESIAN_POINT ( 'NONE',  ( 9.625000000000001776, 0.000000000000000000, -1.500000000000000222 ) ) ;
#5787 = VECTOR ( 'NONE', #5834, 39.37007874015748143 ) ;
#5788 = FACE_OUTER_BOUND ( 'NONE', #4763, .T. ) ;
#5789 = ORIENTED_EDGE ( 'NONE', *, *, #6806, .F. ) ;
#5790 = ORIENTED_EDGE ( 'NONE', *, *, #4990, .F. ) ;
#5791 = CARTESIAN_POINT ( 'NONE',  ( 9.625000000000003553, -6.500000000000000000, 0.7187499999999992228 ) ) ;
#5792 = CARTESIAN_POINT ( 'NONE',  ( -8.968750000000000000, -6.031250000000000888, -3.000000000000000444 ) ) ;
#5793 = ORIENTED_EDGE ( 'NONE', *, *, #7324, .F. ) ;
#5794 = VECTOR ( 'NONE', #5669, 39.37007874015748143 ) ;
#5795 = EDGE_CURVE ( 'NONE', #3178, #4261, #4849, .T. ) ;
#5796 = EDGE_CURVE ( 'NONE', #4052, #7821, #4309, .T. ) ;
#5797 = ORIENTED_EDGE ( 'NONE', *, *, #5106, .F. ) ;
#5798 = AXIS2_PLACEMENT_3D ( 'NONE', #6616, #2307, #4761 ) ;
#5799 = ORIENTED_EDGE ( 'NONE', *, *, #308, .T. ) ;
#5800 = PLANE ( 'NONE',  #7495 ) ;
#5801 = VECTOR ( 'NONE', #5825, 39.37007874015748143 ) ;
#5802 = ORIENTED_EDGE ( 'NONE', *, *, #7844, .F. ) ;
#5803 = CARTESIAN_POINT ( 'NONE',  ( 11.00000000000000000, 0.4687500000000002776, 1.156250000000002442 ) ) ;
#5804 = CARTESIAN_POINT ( 'NONE',  ( -8.125000000000003553, -1.499999999999999778, 0.5312499999999997780 ) ) ;
#5805 = DIRECTION ( 'NONE',  ( 0.000000000000000000, -0.000000000000000000, 1.000000000000000000 ) ) ;
#5806 = VECTOR ( 'NONE', #5985, 39.37007874015748143 ) ;
#5807 = DIRECTION ( 'NONE',  ( 7.471721008312513932E-17, 0.000000000000000000, 1.000000000000000000 ) ) ;
#5808 = ADVANCED_FACE ( 'NONE', ( #1693 ), #2396, .T. ) ;
#5809 = DIRECTION ( 'NONE',  ( 0.000000000000000000, 1.000000000000000000, 0.000000000000000000 ) ) ;
#5810 = EDGE_LOOP ( 'NONE', ( #292, #4750, #7188, #1459 ) ) ;
#5811 = FACE_OUTER_BOUND ( 'NONE', #4918, .T. ) ;
#5812 = CARTESIAN_POINT ( 'NONE',  ( -9.156250000000003553, -17.48437500000000000, -15.99999999999999822 ) ) ;
#5813 = AXIS2_PLACEMENT_3D ( 'NONE', #7049, #5723, #3186 ) ;
#5814 = CARTESIAN_POINT ( 'NONE',  ( -8.000000000000001776, -5.781250000000000000, -0.1562500000000008327 ) ) ;
#5815 = DIRECTION ( 'NONE',  ( 1.000000000000000000, 0.000000000000000000, -1.456985596620939397E-16 ) ) ;
#5816 = UNCERTAINTY_MEASURE_WITH_UNIT (LENGTH_MEASURE( 1.000000000000000082E-05 ), #5859, 'distance_accuracy_value', 'NONE');
#5817 = ADVANCED_FACE ( 'NONE', ( #3627 ), #7380, .T. ) ;
#5818 = DIRECTION ( 'NONE',  ( 0.000000000000000000, -1.000000000000000000, -0.000000000000000000 ) ) ;
#5819 = MECHANICAL_DESIGN_GEOMETRIC_PRESENTATION_REPRESENTATION (  '', ( #4236 ), #2524 ) ;
#5820 = ORIENTED_EDGE ( 'NONE', *, *, #5604, .F. ) ;
#5821 = PLANE ( 'NONE',  #2662 ) ;
#5822 = EDGE_LOOP ( 'NONE', ( #8009, #7608, #1607, #7015 ) ) ;
#5823 = CARTESIAN_POINT ( 'NONE',  ( -9.437500000000001776, 0.000000000000000000, -14.49999999999999822 ) ) ;
#5824 = DIRECTION ( 'NONE',  ( 0.000000000000000000, 0.000000000000000000, 1.000000000000000000 ) ) ;
#5825 = DIRECTION ( 'NONE',  ( 1.500757696090238830E-16, 0.000000000000000000, 1.000000000000000000 ) ) ;
#5826 =( NAMED_UNIT ( * ) SI_UNIT ( $, .STERADIAN. ) SOLID_ANGLE_UNIT ( ) );
#5827 = EDGE_CURVE ( 'NONE', #6172, #4719, #356, .T. ) ;
#5828 = CARTESIAN_POINT ( 'NONE',  ( -9.156250000000003553, -17.48437500000000000, -15.99999999999999822 ) ) ;
#5829 = CARTESIAN_POINT ( 'NONE',  ( 9.625000000000003553, -6.500000000000000000, -14.49999999999999822 ) ) ;
#5830 = DIRECTION ( 'NONE',  ( 0.000000000000000000, -1.000000000000000000, 0.000000000000000000 ) ) ;
#5831 = AXIS2_PLACEMENT_3D ( 'NONE', #4722, #933, #7124 ) ;
#5832 = EDGE_LOOP ( 'NONE', ( #5641, #1569, #4959, #2086, #1663, #4149, #804, #8106 ) ) ;
#5833 = EDGE_LOOP ( 'NONE', ( #6706, #624, #5945, #1354 ) ) ;
#5834 = DIRECTION ( 'NONE',  ( -8.741913579725688053E-15, 0.000000000000000000, -1.000000000000000000 ) ) ;
#5835 = COLOUR_RGB ( '',0.5294117647058823595, 0.2627450980392156965, 0.06274509803921568540 ) ;
#5836 = CARTESIAN_POINT ( 'NONE',  ( 0.000000000000000000, -3.250000000000000000, 1.031249999999999334 ) ) ;
#5837 = VERTEX_POINT ( 'NONE', #7420 ) ;
#5838 = CARTESIAN_POINT ( 'NONE',  ( -9.625000000000003553, -6.500000000000000000, -14.49999999999999822 ) ) ;
#5839 = VERTEX_POINT ( 'NONE', #5439 ) ;
#5840 = VERTEX_POINT ( 'NONE', #5394 ) ;
#5841 = FACE_OUTER_BOUND ( 'NONE', #5704, .T. ) ;
#5842 = EDGE_CURVE ( 'NONE', #1831, #2759, #1768, .T. ) ;
#5843 = DIRECTION ( 'NONE',  ( -1.000000000000000000, 0.000000000000000000, 0.000000000000000000 ) ) ;
#5844 = PLANE ( 'NONE',  #6727 ) ;
#5845 = CARTESIAN_POINT ( 'NONE',  ( -10.06250000000000355, -25.00000000000000000, -0.7500000000000033307 ) ) ;
#5846 = CARTESIAN_POINT ( 'NONE',  ( -9.625000000000001776, -17.48437500000000000, -0.4687500000000009992 ) ) ;
#5847 = VERTEX_POINT ( 'NONE', #2898 ) ;
#5848 = LINE ( 'NONE', #1982, #802 ) ;
#5849 = ORIENTED_EDGE ( 'NONE', *, *, #3935, .F. ) ;
#5850 = DIRECTION ( 'NONE',  ( -1.000000000000000000, 0.000000000000000000, 0.000000000000000000 ) ) ;
#5851 = LINE ( 'NONE', #5814, #2782 ) ;
#5852 = CARTESIAN_POINT ( 'NONE',  ( -9.437500000000000000, -6.500000000000000000, 0.000000000000000000 ) ) ;
#5853 = ADVANCED_FACE ( 'NONE', ( #2429 ), #6713, .T. ) ;
#5854 = DIRECTION ( 'NONE',  ( 0.000000000000000000, 0.000000000000000000, 1.000000000000000000 ) ) ;
#5855 = ORIENTED_EDGE ( 'NONE', *, *, #7347, .T. ) ;
#5856 = DIRECTION ( 'NONE',  ( 1.000000000000000000, 0.000000000000000000, -0.000000000000000000 ) ) ;
#5857 = ORIENTED_EDGE ( 'NONE', *, *, #4269, .T. ) ;
#5858 = EDGE_CURVE ( 'NONE', #5977, #1390, #6127, .T. ) ;
#5859 =( CONVERSION_BASED_UNIT ( 'INCH', #3370 ) LENGTH_UNIT ( ) NAMED_UNIT ( #6544 ) );
#5860 = CARTESIAN_POINT ( 'NONE',  ( -10.06250000000000355, -25.00000000000000000, -14.81249999999999822 ) ) ;
#5861 = CARTESIAN_POINT ( 'NONE',  ( -8.968750000000000000, 0.000000000000000000, 0.000000000000000000 ) ) ;
#5862 = CARTESIAN_POINT ( 'NONE',  ( 8.125000000000005329, -6.500000000000000000, 0.5312500000000011102 ) ) ;
#5863 = EDGE_CURVE ( 'NONE', #6529, #4845, #7959, .T. ) ;
#5864 = CLOSED_SHELL ( 'NONE', ( #7576, #4429, #3236, #5483, #7305, #2470 ) ) ;
#5865 = DIRECTION ( 'NONE',  ( -8.741913579725612322E-15, 0.000000000000000000, -1.000000000000000000 ) ) ;
#5866 = PLANE ( 'NONE',  #419 ) ;
#5867 = VERTEX_POINT ( 'NONE', #5471 ) ;
#5868 = DIRECTION ( 'NONE',  ( -0.000000000000000000, 1.000000000000000000, -0.000000000000000000 ) ) ;
#5869 = ADVANCED_FACE ( 'NONE', ( #3012 ), #1734, .T. ) ;
#5870 = EDGE_CURVE ( 'NONE', #2383, #2495, #4780, .T. ) ;
#5871 = ORIENTED_EDGE ( 'NONE', *, *, #2261, .T. ) ;
#5872 = AXIS2_PLACEMENT_3D ( 'NONE', #875, #2672, #2040 ) ;
#5873 = CARTESIAN_POINT ( 'NONE',  ( 9.625000000000003553, -6.500000000000000000, 0.000000000000000000 ) ) ;
#5874 = LINE ( 'NONE', #5792, #2117 ) ;
#5875 = ORIENTED_EDGE ( 'NONE', *, *, #7012, .F. ) ;
#5876 = DIRECTION ( 'NONE',  ( 0.000000000000000000, -1.000000000000000000, -1.260852920152736718E-16 ) ) ;
#5877 = VECTOR ( 'NONE', #6803, 39.37007874015748143 ) ;
#5878 = ORIENTED_EDGE ( 'NONE', *, *, #659, .F. ) ;
#5879 = ORIENTED_EDGE ( 'NONE', *, *, #5087, .F. ) ;
#5880 = PLANE ( 'NONE',  #7624 ) ;
#5881 = DIRECTION ( 'NONE',  ( 0.000000000000000000, 0.000000000000000000, 1.000000000000000000 ) ) ;
#5882 = PLANE ( 'NONE',  #3927 ) ;
#5883 = CARTESIAN_POINT ( 'NONE',  ( -8.656250000000005329, -17.48437499999999645, -14.78125000000000178 ) ) ;
#5884 = PLANE ( 'NONE',  #8051 ) ;
#5885 = DIRECTION ( 'NONE',  ( -1.000000000000000000, -0.000000000000000000, -0.000000000000000000 ) ) ;
#5886 = PLANE ( 'NONE',  #1161 ) ;
#5887 = EDGE_CURVE ( 'NONE', #4343, #7445, #4172, .T. ) ;
#5888 = EDGE_LOOP ( 'NONE', ( #1332, #1642, #2048, #2550 ) ) ;
#5889 = CARTESIAN_POINT ( 'NONE',  ( -9.625000000000005329, -6.500000000000000000, -16.00000000000000000 ) ) ;
#5890 =( GEOMETRIC_REPRESENTATION_CONTEXT ( 3 ) GLOBAL_UNCERTAINTY_ASSIGNED_CONTEXT ( ( #1254 ) ) GLOBAL_UNIT_ASSIGNED_CONTEXT ( ( #1872, #1454, #4493 ) ) REPRESENTATION_CONTEXT ( 'NONE', 'WORKASPACE' ) );
#5891 = ORIENTED_EDGE ( 'NONE', *, *, #5309, .T. ) ;
#5892 = LINE ( 'NONE', #4490, #6037 ) ;
#5893 = VECTOR ( 'NONE', #7087, 39.37007874015748143 ) ;
#5894 = CARTESIAN_POINT ( 'NONE',  ( 9.156249999999994671, -14.48437499999999822, -15.53124999999999645 ) ) ;
#5895 = VECTOR ( 'NONE', #2425, 39.37007874015748143 ) ;
#5896 = LINE ( 'NONE', #7807, #1430 ) ;
#5897 = EDGE_CURVE ( 'NONE', #1795, #6251, #403, .T. ) ;
#5898 = EDGE_CURVE ( 'NONE', #7971, #1650, #6286, .T. ) ;
#5899 = ORIENTED_EDGE ( 'NONE', *, *, #3686, .F. ) ;
#5900 = LINE ( 'NONE', #1458, #7525 ) ;
#5901 = EDGE_LOOP ( 'NONE', ( #16, #4142, #7808, #4704, #264, #7130, #1577, #6608 ) ) ;
#5902 = LINE ( 'NONE', #1415, #4240 ) ;
#5903 = AXIS2_PLACEMENT_3D ( 'NONE', #1580, #6721, #1075 ) ;
#5904 = CIRCLE ( 'NONE', #6560, 0.4375000000000009992 ) ;
#5905 = PRESENTATION_STYLE_ASSIGNMENT (( #7895 ) ) ;
#5906 = FACE_BOUND ( 'NONE', #7128, .T. ) ;
#5907 =( LENGTH_UNIT ( ) NAMED_UNIT ( * ) SI_UNIT ( $, .METRE. ) );
#5908 = DIRECTION ( 'NONE',  ( 0.000000000000000000, -1.000000000000000000, 0.000000000000000000 ) ) ;
#5909 = AXIS2_PLACEMENT_3D ( 'NONE', #3956, #3299, #5221 ) ;
#5910 = EDGE_CURVE ( 'NONE', #4228, #1851, #7611, .T. ) ;
#5911 = LINE ( 'NONE', #2674, #6848 ) ;
#5912 = EDGE_LOOP ( 'NONE', ( #1710, #4631, #5857, #7097 ) ) ;
#5913 = FACE_OUTER_BOUND ( 'NONE', #6120, .T. ) ;
#5914 = ORIENTED_EDGE ( 'NONE', *, *, #8078, .T. ) ;
#5915 = EDGE_CURVE ( 'NONE', #4517, #1035, #6945, .T. ) ;
#5916 = CARTESIAN_POINT ( 'NONE',  ( 0.000000000000000000, -17.48437499999999645, 0.000000000000000000 ) ) ;
#5917 = DIRECTION ( 'NONE',  ( 0.000000000000000000, 1.000000000000000000, 0.000000000000000000 ) ) ;
#5918 = EDGE_LOOP ( 'NONE', ( #7453, #2022, #1267, #1224 ) ) ;
#5919 = AXIS2_PLACEMENT_3D ( 'NONE', #4376, #3812, #6357 ) ;
#5920 = EDGE_CURVE ( 'NONE', #4478, #549, #3129, .T. ) ;
#5921 = CARTESIAN_POINT ( 'NONE',  ( 9.437500000000001776, 0.000000000000000000, -16.00000000000000000 ) ) ;
#5922 = AXIS2_PLACEMENT_3D ( 'NONE', #6062, #3601, #411 ) ;
#5923 = ORIENTED_EDGE ( 'NONE', *, *, #2552, .F. ) ;
#5924 = ORIENTED_EDGE ( 'NONE', *, *, #5365, .F. ) ;
#5925 = CARTESIAN_POINT ( 'NONE',  ( -9.437500000000001776, -6.505936120470312141E-17, -16.00000000000000000 ) ) ;
#5926 = VECTOR ( 'NONE', #1131, 39.37007874015748143 ) ;
#5927 =( NAMED_UNIT ( * ) SI_UNIT ( $, .STERADIAN. ) SOLID_ANGLE_UNIT ( ) );
#5928 = CARTESIAN_POINT ( 'NONE',  ( -8.125000000000005329, -6.500000000000000000, 0.5312500000000011102 ) ) ;
#5929 = EDGE_CURVE ( 'NONE', #3822, #477, #5627, .T. ) ;
#5930 = CARTESIAN_POINT ( 'NONE',  ( -9.625000000000003553, 0.000000000000000000, 0.000000000000000000 ) ) ;
#5931 = ORIENTED_EDGE ( 'NONE', *, *, #7873, .T. ) ;
#5932 = LINE ( 'NONE', #4094, #3714 ) ;
#5933 = VECTOR ( 'NONE', #6612, 39.37007874015748143 ) ;
#5934 = VERTEX_POINT ( 'NONE', #2512 ) ;
#5935 = CARTESIAN_POINT ( 'NONE',  ( 9.312500000000001776, -6.500000000000000000, -7.937499999999999112 ) ) ;
#5936 = VERTEX_POINT ( 'NONE', #1308 ) ;
#5937 = DIRECTION ( 'NONE',  ( 0.000000000000000000, -1.000000000000000000, 0.000000000000000000 ) ) ;
#5938 = LINE ( 'NONE', #2243, #5074 ) ;
#5939 = VECTOR ( 'NONE', #8089, 39.37007874015748143 ) ;
#5940 = CARTESIAN_POINT ( 'NONE',  ( 9.437500000000003553, -6.499999999999998224, -14.49999999999999822 ) ) ;
#5941 = VECTOR ( 'NONE', #1048, 39.37007874015748143 ) ;
#5942 = VERTEX_POINT ( 'NONE', #6868 ) ;
#5943 = PLANE ( 'NONE',  #6194 ) ;
#5944 = CIRCLE ( 'NONE', #5545, 0.4375000000000009992 ) ;
#5945 = ORIENTED_EDGE ( 'NONE', *, *, #7428, .T. ) ;
#5946 = DIRECTION ( 'NONE',  ( 0.000000000000000000, 1.000000000000000000, 0.000000000000000000 ) ) ;
#5947 = DIRECTION ( 'NONE',  ( 0.000000000000000000, -0.000000000000000000, -1.000000000000000000 ) ) ;
#5948 = ADVANCED_FACE ( 'NONE', ( #4962 ), #5010, .F. ) ;
#5949 = LINE ( 'NONE', #6176, #2932 ) ;
#5950 = CARTESIAN_POINT ( 'NONE',  ( 8.656250000000007105, -14.73437499999999645, -0.2187500000000011102 ) ) ;
#5951 = DIRECTION ( 'NONE',  ( -0.000000000000000000, 0.000000000000000000, 1.000000000000000000 ) ) ;
#5952 = DIRECTION ( 'NONE',  ( 0.000000000000000000, 0.000000000000000000, 1.000000000000000000 ) ) ;
#5953 = VERTEX_POINT ( 'NONE', #5047 ) ;
#5954 = FILL_AREA_STYLE_COLOUR ( '', #6834 ) ;
#5955 = EDGE_CURVE ( 'NONE', #6546, #3595, #7538, .T. ) ;
#5956 = CARTESIAN_POINT ( 'NONE',  ( 9.437500000000001776, -6.500000000000000000, 0.000000000000000000 ) ) ;
#5957 = LINE ( 'NONE', #840, #4601 ) ;
#5958 = DIRECTION ( 'NONE',  ( 0.000000000000000000, 0.000000000000000000, 1.000000000000000000 ) ) ;
#5959 = VERTEX_POINT ( 'NONE', #105 ) ;
#5960 = VECTOR ( 'NONE', #8094, 39.37007874015748143 ) ;
#5961 = DIRECTION ( 'NONE',  ( 7.284927983104696985E-16, 0.000000000000000000, -1.000000000000000000 ) ) ;
#5962 = ORIENTED_EDGE ( 'NONE', *, *, #8123, .T. ) ;
#5963 = ORIENTED_EDGE ( 'NONE', *, *, #3090, .T. ) ;
#5964 = DIRECTION ( 'NONE',  ( 1.000000000000000000, 0.000000000000000000, 0.000000000000000000 ) ) ;
#5965 = VECTOR ( 'NONE', #2093, 39.37007874015748143 ) ;
#5966 = LINE ( 'NONE', #7667, #7859 ) ;
#5967 = EDGE_CURVE ( 'NONE', #1194, #2619, #634, .T. ) ;
#5968 =( LENGTH_UNIT ( ) NAMED_UNIT ( * ) SI_UNIT ( $, .METRE. ) );
#5969 = LINE ( 'NONE', #5351, #429 ) ;
#5970 = DIRECTION ( 'NONE',  ( 0.000000000000000000, 0.000000000000000000, 1.000000000000000000 ) ) ;
#5971 = DIMENSIONAL_EXPONENTS ( 1.000000000000000000, 0.000000000000000000, 0.000000000000000000, 0.000000000000000000, 0.000000000000000000, 0.000000000000000000, 0.000000000000000000 ) ;
#5972 = PLANE ( 'NONE',  #3951 ) ;
#5973 = EDGE_CURVE ( 'NONE', #3705, #5936, #3783, .T. ) ;
#5974 = ORIENTED_EDGE ( 'NONE', *, *, #5973, .F. ) ;
#5975 = FACE_OUTER_BOUND ( 'NONE', #5683, .T. ) ;
#5976 = ORIENTED_EDGE ( 'NONE', *, *, #1968, .T. ) ;
#5977 = VERTEX_POINT ( 'NONE', #1351 ) ;
#5978 = CARTESIAN_POINT ( 'NONE',  ( -4.937500000000006217, -6.500000000000000000, 0.5312500000000011102 ) ) ;
#5979 = DIRECTION ( 'NONE',  ( 0.000000000000000000, 0.000000000000000000, 1.000000000000000000 ) ) ;
#5980 = EDGE_CURVE ( 'NONE', #963, #2955, #5670, .T. ) ;
#5981 = UNCERTAINTY_MEASURE_WITH_UNIT (LENGTH_MEASURE( 1.000000000000000082E-05 ), #5620, 'distance_accuracy_value', 'NONE');
#5982 = FILL_AREA_STYLE ('',( #4103 ) ) ;
#5983 = DIRECTION ( 'NONE',  ( -1.000000000000000000, -0.000000000000000000, -0.000000000000000000 ) ) ;
#5984 = EDGE_LOOP ( 'NONE', ( #814, #8046, #2642, #420, #2441, #4671, #7555, #1060, #6872, #6289, #2145, #4204 ) ) ;
#5985 = DIRECTION ( 'NONE',  ( 7.471721008312515165E-17, -0.000000000000000000, 1.000000000000000000 ) ) ;
#5986 = VERTEX_POINT ( 'NONE', #6206 ) ;
#5987 = FACE_OUTER_BOUND ( 'NONE', #614, .T. ) ;
#5988 = LINE ( 'NONE', #564, #6850 ) ;
#5989 =( CONVERSION_BASED_UNIT ( 'INCH', #7320 ) LENGTH_UNIT ( ) NAMED_UNIT ( #2309 ) );
#5990 = PLANE ( 'NONE',  #5481 ) ;
#5991 = FACE_OUTER_BOUND ( 'NONE', #2225, .T. ) ;
#5992 = EDGE_CURVE ( 'NONE', #2457, #4972, #587, .T. ) ;
#5993 = VERTEX_POINT ( 'NONE', #8148 ) ;
#5994 = FACE_OUTER_BOUND ( 'NONE', #5496, .T. ) ;
#5995 = PLANE ( 'NONE',  #7508 ) ;
#5996 = LINE ( 'NONE', #7366, #2924 ) ;
#5997 = CARTESIAN_POINT ( 'NONE',  ( 8.968750000000000000, -6.500000000000000000, -12.53125000000000000 ) ) ;
#5998 = ORIENTED_EDGE ( 'NONE', *, *, #4375, .T. ) ;
#5999 = SURFACE_STYLE_USAGE ( .BOTH. , #1729 ) ;
#6000 = EDGE_CURVE ( 'NONE', #2530, #7821, #6331, .T. ) ;
#6001 = ORIENTED_EDGE ( 'NONE', *, *, #7885, .T. ) ;
#6002 = EDGE_LOOP ( 'NONE', ( #6001, #1457, #7234, #1647 ) ) ;
#6003 = CARTESIAN_POINT ( 'NONE',  ( 9.625000000000003553, 0.000000000000000000, 0.5312500000000000000 ) ) ;
#6004 = CLOSED_SHELL ( 'NONE', ( #3106, #5199, #7466, #371, #3957, #7066, #2450, #5314, #7835, #2776, #6218, #7244, #5189, #3048, #4288, #2452, #4855, #4614 ) ) ;
#6005 = DIRECTION ( 'NONE',  ( 0.000000000000000000, -0.000000000000000000, 1.000000000000000000 ) ) ;
#6006 = CARTESIAN_POINT ( 'NONE',  ( -9.625000000000001776, -17.48437500000000000, -0.4687500000000009992 ) ) ;
#6007 = CARTESIAN_POINT ( 'NONE',  ( -8.125000000000003553, -6.500000000000000000, 0.5312499999999992228 ) ) ;
#6008 = LINE ( 'NONE', #7875, #5668 ) ;
#6009 = AXIS2_PLACEMENT_3D ( 'NONE', #4655, #6553, #3443 ) ;
#6010 = DIRECTION ( 'NONE',  ( 0.000000000000000000, -1.000000000000000000, 0.000000000000000000 ) ) ;
#6011 = ADVANCED_FACE ( 'NONE', ( #7571 ), #3211, .F. ) ;
#6012 = ORIENTED_EDGE ( 'NONE', *, *, #1948, .T. ) ;
#6013 = DIRECTION ( 'NONE',  ( -1.000000000000000000, -0.000000000000000000, -0.000000000000000000 ) ) ;
#6014 = CARTESIAN_POINT ( 'NONE',  ( -8.187500000000003553, -17.48437499999999645, -14.78125000000000178 ) ) ;
#6015 = ORIENTED_EDGE ( 'NONE', *, *, #3371, .F. ) ;
#6016 = CARTESIAN_POINT ( 'NONE',  ( 9.625000000000003553, -1.499999999999997558, -14.49999999999999822 ) ) ;
#6017 = COLOUR_RGB ( '',0.5294117647058823595, 0.2627450980392156965, 0.06274509803921568540 ) ;
#6018 = SURFACE_SIDE_STYLE ('',( #4744 ) ) ;
#6019 = EDGE_CURVE ( 'NONE', #1503, #7423, #4373, .T. ) ;
#6020 = LINE ( 'NONE', #8161, #6150 ) ;
#6021 = LINE ( 'NONE', #1043, #5104 ) ;
#6022 = ADVANCED_FACE ( 'NONE', ( #5083 ), #1967, .T. ) ;
#6023 = VECTOR ( 'NONE', #3762, 39.37007874015748143 ) ;
#6024 = VERTEX_POINT ( 'NONE', #4470 ) ;
#6025 = FACE_OUTER_BOUND ( 'NONE', #1770, .T. ) ;
#6026 = EDGE_CURVE ( 'NONE', #3765, #7494, #6993, .T. ) ;
#6027 = ORIENTED_EDGE ( 'NONE', *, *, #7406, .F. ) ;
#6028 = PLANE ( 'NONE',  #6329 ) ;
#6029 = SHAPE_DEFINITION_REPRESENTATION ( #1089, #3155 ) ;
#6030 = AXIS2_PLACEMENT_3D ( 'NONE', #4525, #811, #76 ) ;
#6031 = AXIS2_PLACEMENT_3D ( 'NONE', #6006, #3593, #8031 ) ;
#6032 = DIRECTION ( 'NONE',  ( 0.000000000000000000, 0.000000000000000000, -1.000000000000000000 ) ) ;
#6033 = DIRECTION ( 'NONE',  ( -0.000000000000000000, 0.000000000000000000, 1.000000000000000000 ) ) ;
#6034 = CARTESIAN_POINT ( 'NONE',  ( 9.437500000000001776, -1.499999999999998002, -14.49999999999999822 ) ) ;
#6035 = EDGE_CURVE ( 'NONE', #7077, #1582, #3465, .T. ) ;
#6036 = CARTESIAN_POINT ( 'NONE',  ( 10.06250000000000355, 0.2500000000000000000, -14.81249999999999822 ) ) ;
#6037 = VECTOR ( 'NONE', #7759, 39.37007874015748143 ) ;
#6038 = AXIS2_PLACEMENT_3D ( 'NONE', #6604, #3522, #4222 ) ;
#6039 = VERTEX_POINT ( 'NONE', #7702 ) ;
#6040 = LINE ( 'NONE', #1013, #2652 ) ;
#6041 = DIRECTION ( 'NONE',  ( 1.000000000000000000, 0.000000000000000000, 0.000000000000000000 ) ) ;
#6042 = VERTEX_POINT ( 'NONE', #2765 ) ;
#6043 = LINE ( 'NONE', #394, #7610 ) ;
#6044 = EDGE_LOOP ( 'NONE', ( #6390, #1951, #111, #1395 ) ) ;
#6045 = AXIS2_PLACEMENT_3D ( 'NONE', #2087, #6902, #8050 ) ;
#6046 = EDGE_LOOP ( 'NONE', ( #100, #637, #1929, #6874 ) ) ;
#6047 = DIRECTION ( 'NONE',  ( -0.000000000000000000, 1.000000000000000000, -0.000000000000000000 ) ) ;
#6048 = LINE ( 'NONE', #1143, #7724 ) ;
#6049 = VECTOR ( 'NONE', #7919, 39.37007874015748143 ) ;
#6050 = DIRECTION ( 'NONE',  ( 1.407149067159057392E-16, 0.000000000000000000, 1.000000000000000000 ) ) ;
#6051 = DIRECTION ( 'NONE',  ( -1.000000000000000000, 0.000000000000000000, 0.000000000000000000 ) ) ;
#6052 = EDGE_CURVE ( 'NONE', #3757, #2203, #756, .T. ) ;
#6053 = ORIENTED_EDGE ( 'NONE', *, *, #1919, .T. ) ;
#6054 = VECTOR ( 'NONE', #2698, 39.37007874015748143 ) ;
#6055 = FACE_OUTER_BOUND ( 'NONE', #5487, .T. ) ;
#6056 = VERTEX_POINT ( 'NONE', #6452 ) ;
#6057 = FACE_OUTER_BOUND ( 'NONE', #5984, .T. ) ;
#6058 = VECTOR ( 'NONE', #2496, 39.37007874015748143 ) ;
#6059 = FACE_OUTER_BOUND ( 'NONE', #199, .T. ) ;
#6060 = PRESENTATION_LAYER_ASSIGNMENT (  '', '', ( #3295 ) ) ;
#6061 = ORIENTED_EDGE ( 'NONE', *, *, #2826, .F. ) ;
#6062 = CARTESIAN_POINT ( 'NONE',  ( 8.968750000000000000, 2.196710195970565270E-15, -16.00000000000000000 ) ) ;
#6063 = FILL_AREA_STYLE_COLOUR ( '', #607 ) ;
#6064 = EDGE_CURVE ( 'NONE', #2619, #1513, #1563, .T. ) ;
#6065 = UNCERTAINTY_MEASURE_WITH_UNIT (LENGTH_MEASURE( 1.000000000000000082E-05 ), #191, 'distance_accuracy_value', 'NONE');
#6066 = SURFACE_STYLE_USAGE ( .BOTH. , #1666 ) ;
#6067 = VECTOR ( 'NONE', #798, 39.37007874015748143 ) ;
#6068 = CARTESIAN_POINT ( 'NONE',  ( 8.000000000000003553, -0.2499999999999997224, -0.4062499999999994449 ) ) ;
#6069 = ORIENTED_EDGE ( 'NONE', *, *, #2919, .T. ) ;
#6070 = LINE ( 'NONE', #1542, #7655 ) ;
#6071 = VERTEX_POINT ( 'NONE', #4079 ) ;
#6072 = DIRECTION ( 'NONE',  ( 0.000000000000000000, -1.224646799147352961E-16, 1.000000000000000000 ) ) ;
#6073 = PRESENTATION_LAYER_ASSIGNMENT (  '', '', ( #4236 ) ) ;
#6074 = DIRECTION ( 'NONE',  ( 0.000000000000000000, 0.000000000000000000, 1.000000000000000000 ) ) ;
#6075 = EDGE_CURVE ( 'NONE', #593, #7177, #267, .T. ) ;
#6076 = DIRECTION ( 'NONE',  ( 0.000000000000000000, -1.000000000000000000, -0.000000000000000000 ) ) ;
#6077 = DIRECTION ( 'NONE',  ( 1.456985596620922437E-15, -1.000000000000000000, 0.000000000000000000 ) ) ;
#6078 = VECTOR ( 'NONE', #6514, 39.37007874015748143 ) ;
#6079 = CARTESIAN_POINT ( 'NONE',  ( 9.625000000000003553, -1.499999999999997558, -1.500000000000000222 ) ) ;
#6080 = ORIENTED_EDGE ( 'NONE', *, *, #4462, .T. ) ;
#6081 = AXIS2_PLACEMENT_3D ( 'NONE', #5599, #8118, #1403 ) ;
#6082 = ADVANCED_FACE ( 'NONE', ( #7825 ), #6534, .F. ) ;
#6083 = LINE ( 'NONE', #1012, #254 ) ;
#6084 = DIMENSIONAL_EXPONENTS ( 1.000000000000000000, 0.000000000000000000, 0.000000000000000000, 0.000000000000000000, 0.000000000000000000, 0.000000000000000000, 0.000000000000000000 ) ;
#6085 = DIRECTION ( 'NONE',  ( 1.494344201662503033E-16, 0.000000000000000000, 1.000000000000000000 ) ) ;
#6086 = LINE ( 'NONE', #5539, #5444 ) ;
#6087 = ORIENTED_EDGE ( 'NONE', *, *, #2157, .F. ) ;
#6088 = DIRECTION ( 'NONE',  ( -1.500757696090238830E-16, 0.000000000000000000, -1.000000000000000000 ) ) ;
#6089 = VECTOR ( 'NONE', #319, 39.37007874015748143 ) ;
#6090 = EDGE_LOOP ( 'NONE', ( #7534, #1412, #7006, #4404 ) ) ;
#6091 =( LENGTH_UNIT ( ) NAMED_UNIT ( * ) SI_UNIT ( $, .METRE. ) );
#6092 = CARTESIAN_POINT ( 'NONE',  ( 4.812500000000003553, 0.000000000000000000, 0.5312500000000011102 ) ) ;
#6093 = CARTESIAN_POINT ( 'NONE',  ( -8.187500000000003553, -17.48437499999999645, -14.53125000000000000 ) ) ;
#6094 = EDGE_LOOP ( 'NONE', ( #8034, #4453, #3525, #3906 ) ) ;
#6095 = ORIENTED_EDGE ( 'NONE', *, *, #3527, .T. ) ;
#6096 = DIRECTION ( 'NONE',  ( 0.000000000000000000, -0.000000000000000000, 1.000000000000000000 ) ) ;
#6097 = VECTOR ( 'NONE', #1100, 39.37007874015748143 ) ;
#6098 = LINE ( 'NONE', #7179, #369 ) ;
#6099 = ADVANCED_FACE ( 'NONE', ( #4675 ), #4036, .F. ) ;
#6100 = ORIENTED_EDGE ( 'NONE', *, *, #7518, .F. ) ;
#6101 = PLANE ( 'NONE',  #7110 ) ;
#6102 = SURFACE_STYLE_USAGE ( .BOTH. , #3563 ) ;
#6103 = PRESENTATION_STYLE_ASSIGNMENT (( #6066 ) ) ;
#6104 = PLANE ( 'NONE',  #499 ) ;
#6105 = EDGE_LOOP ( 'NONE', ( #4696, #1373, #5053, #7472 ) ) ;
#6106 = CARTESIAN_POINT ( 'NONE',  ( 10.06250000000000355, -25.00000000000000000, -0.7500000000000033307 ) ) ;
#6107 = EDGE_LOOP ( 'NONE', ( #977, #2640, #6012, #3086 ) ) ;
#6108 = CARTESIAN_POINT ( 'NONE',  ( -9.437500000000003553, -6.500000000000000000, -4.687500000000000000 ) ) ;
#6109 = ADVANCED_FACE ( 'NONE', ( #1478 ), #3901, .T. ) ;
#6110 = CARTESIAN_POINT ( 'NONE',  ( 8.000000000000003553, -0.2499999999999997224, -14.78125000000000355 ) ) ;
#6111 = FACE_OUTER_BOUND ( 'NONE', #678, .T. ) ;
#6112 = FACE_OUTER_BOUND ( 'NONE', #2705, .T. ) ;
#6113 = CARTESIAN_POINT ( 'NONE',  ( -9.312500000000001776, -4.771019821678239257E-17, -7.937499999999999112 ) ) ;
#6114 = EDGE_CURVE ( 'NONE', #4254, #1503, #886, .T. ) ;
#6115 = ORIENTED_EDGE ( 'NONE', *, *, #2627, .F. ) ;
#6116 = DIRECTION ( 'NONE',  ( -7.284927983104702902E-16, 0.000000000000000000, -1.000000000000000000 ) ) ;
#6117 = CARTESIAN_POINT ( 'NONE',  ( -4.812500000000003553, -6.500000000000000000, 0.5312500000000011102 ) ) ;
#6118 = LINE ( 'NONE', #4238, #5310 ) ;
#6119 = EDGE_CURVE ( 'NONE', #5936, #3780, #6406, .T. ) ;
#6120 = EDGE_LOOP ( 'NONE', ( #6061, #1684, #3768, #3480 ) ) ;
#6121 = FACE_OUTER_BOUND ( 'NONE', #3568, .T. ) ;
#6122 = SURFACE_SIDE_STYLE ('',( #1649 ) ) ;
#6123 = EDGE_CURVE ( 'NONE', #6780, #7572, #1014, .T. ) ;
#6124 = ORIENTED_EDGE ( 'NONE', *, *, #7730, .T. ) ;
#6125 = DIRECTION ( 'NONE',  ( 0.000000000000000000, 0.000000000000000000, -1.000000000000000000 ) ) ;
#6126 = DIRECTION ( 'NONE',  ( 0.000000000000000000, -0.000000000000000000, -1.000000000000000000 ) ) ;
#6127 = LINE ( 'NONE', #6784, #6214 ) ;
#6128 = ORIENTED_EDGE ( 'NONE', *, *, #1775, .T. ) ;
#6129 = VECTOR ( 'NONE', #6277, 39.37007874015748143 ) ;
#6130 = ORIENTED_EDGE ( 'NONE', *, *, #3286, .F. ) ;
#6131 = FACE_OUTER_BOUND ( 'NONE', #7364, .T. ) ;
#6132 = DIRECTION ( 'NONE',  ( 0.000000000000000000, 0.000000000000000000, -1.000000000000000000 ) ) ;
#6133 = ORIENTED_EDGE ( 'NONE', *, *, #4106, .T. ) ;
#6134 = CARTESIAN_POINT ( 'NONE',  ( -9.625000000000001776, -6.500000000000000000, -1.500000000000000222 ) ) ;
#6135 = AXIS2_PLACEMENT_3D ( 'NONE', #2783, #1451, #5281 ) ;
#6136 = DIRECTION ( 'NONE',  ( 1.500757696090239076E-16, 0.000000000000000000, 1.000000000000000000 ) ) ;
#6137 = EDGE_CURVE ( 'NONE', #5300, #271, #7905, .T. ) ;
#6138 = CARTESIAN_POINT ( 'NONE',  ( 9.625000000000003553, 0.000000000000000000, 0.7187499999999992228 ) ) ;
#6139 = EDGE_LOOP ( 'NONE', ( #5215, #6929, #5675, #29 ) ) ;
#6140 = FACE_OUTER_BOUND ( 'NONE', #6402, .T. ) ;
#6141 = EDGE_LOOP ( 'NONE', ( #1532, #4806, #2011, #3712 ) ) ;
#6142 = LINE ( 'NONE', #7553, #1829 ) ;
#6143 = CIRCLE ( 'NONE', #3125, 0.4375000000000003331 ) ;
#6144 = PLANE ( 'NONE',  #2345 ) ;
#6145 = STYLED_ITEM ( 'NONE', ( #6264 ), #6518 ) ;
#6146 = EDGE_CURVE ( 'NONE', #5730, #3994, #1645, .T. ) ;
#6147 =( NAMED_UNIT ( * ) PLANE_ANGLE_UNIT ( ) SI_UNIT ( $, .RADIAN. ) );
#6148 = ADVANCED_FACE ( 'NONE', ( #6153 ), #392, .T. ) ;
#6149 = DIRECTION ( 'NONE',  ( -0.000000000000000000, 1.000000000000000000, 2.823785185758733378E-16 ) ) ;
#6150 = VECTOR ( 'NONE', #2476, 39.37007874015748143 ) ;
#6151 = ORIENTED_EDGE ( 'NONE', *, *, #2391, .T. ) ;
#6152 = DIRECTION ( 'NONE',  ( 0.000000000000000000, -1.000000000000000000, 0.000000000000000000 ) ) ;
#6153 = FACE_OUTER_BOUND ( 'NONE', #7266, .T. ) ;
#6154 = EDGE_CURVE ( 'NONE', #2663, #3091, #4803, .T. ) ;
#6155 = ORIENTED_EDGE ( 'NONE', *, *, #4302, .F. ) ;
#6156 = VECTOR ( 'NONE', #5523, 39.37007874015748143 ) ;
#6157 = DIRECTION ( 'NONE',  ( 0.000000000000000000, -1.000000000000000000, 0.000000000000000000 ) ) ;
#6158 = FILL_AREA_STYLE ('',( #438 ) ) ;
#6159 = ORIENTED_EDGE ( 'NONE', *, *, #6307, .F. ) ;
#6160 = DIRECTION ( 'NONE',  ( 0.000000000000000000, 0.000000000000000000, 1.000000000000000000 ) ) ;
#6161 = VECTOR ( 'NONE', #201, 39.37007874015748143 ) ;
#6162 = VECTOR ( 'NONE', #4526, 39.37007874015748143 ) ;
#6163 = DIRECTION ( 'NONE',  ( -0.000000000000000000, 1.000000000000000000, -0.000000000000000000 ) ) ;
#6164 = CARTESIAN_POINT ( 'NONE',  ( 10.06250000000000355, -25.00000000000000000, -15.25000000000000000 ) ) ;
#6165 = CARTESIAN_POINT ( 'NONE',  ( -9.312500000000001776, -6.500000000000000000, -4.687500000000000000 ) ) ;
#6166 = ADVANCED_FACE ( 'NONE', ( #5427, #4163, #4767, #7947, #3041 ), #6744, .F. ) ;
#6167 = VERTEX_POINT ( 'NONE', #2269 ) ;
#6168 = VECTOR ( 'NONE', #4384, 39.37007874015748143 ) ;
#6169 = EDGE_LOOP ( 'NONE', ( #640, #5754, #7618, #6765 ) ) ;
#6170 = CARTESIAN_POINT ( 'NONE',  ( -10.06250000000000355, -25.00000000000000000, -0.7500000000000033307 ) ) ;
#6171 = CARTESIAN_POINT ( 'NONE',  ( 9.625000000000000000, -14.48437499999999822, -15.99999999999999822 ) ) ;
#6172 = VERTEX_POINT ( 'NONE', #2348 ) ;
#6173 = STYLED_ITEM ( 'NONE', ( #5647 ), #3774 ) ;
#6174 = CARTESIAN_POINT ( 'NONE',  ( -9.625000000000003553, 0.000000000000000000, 0.06250000000000104083 ) ) ;
#6175 = EDGE_CURVE ( 'NONE', #8153, #1898, #6086, .T. ) ;
#6176 = CARTESIAN_POINT ( 'NONE',  ( 9.625000000000005329, -6.499999999999998224, -14.49999999999999822 ) ) ;
#6177 = DIRECTION ( 'NONE',  ( 0.000000000000000000, 1.000000000000000000, 0.000000000000000000 ) ) ;
#6178 = LINE ( 'NONE', #7507, #3673 ) ;
#6179 = AXIS2_PLACEMENT_3D ( 'NONE', #2577, #739, #6271 ) ;
#6180 = ORIENTED_EDGE ( 'NONE', *, *, #7383, .F. ) ;
#6181 = CARTESIAN_POINT ( 'NONE',  ( 9.625000000000003553, 0.000000000000000000, 0.06250000000000104083 ) ) ;
#6182 = ORIENTED_EDGE ( 'NONE', *, *, #5827, .F. ) ;
#6183 = CARTESIAN_POINT ( 'NONE',  ( 9.312500000000003553, -6.500000000000000000, -4.812499999999999112 ) ) ;
#6184 =( CONVERSION_BASED_UNIT ( 'INCH', #5566 ) LENGTH_UNIT ( ) NAMED_UNIT ( #7937 ) );
#6185 = LINE ( 'NONE', #4985, #1551 ) ;
#6186 = AXIS2_PLACEMENT_3D ( 'NONE', #188, #2046, #1562 ) ;
#6187 = PLANE ( 'NONE',  #2356 ) ;
#6188 = FACE_OUTER_BOUND ( 'NONE', #794, .T. ) ;
#6189 = VECTOR ( 'NONE', #3375, 39.37007874015748143 ) ;
#6190 = EDGE_LOOP ( 'NONE', ( #2660, #5651, #5789, #6413 ) ) ;
#6191 = VECTOR ( 'NONE', #2600, 39.37007874015748143 ) ;
#6192 = ORIENTED_EDGE ( 'NONE', *, *, #1544, .T. ) ;
#6193 = EDGE_CURVE ( 'NONE', #7217, #5959, #7293, .T. ) ;
#6194 = AXIS2_PLACEMENT_3D ( 'NONE', #6688, #7353, #1046 ) ;
#6195 = CARTESIAN_POINT ( 'NONE',  ( -4.812500000000003553, -6.500000000000000000, 0.5312500000000011102 ) ) ;
#6196 = DIRECTION ( 'NONE',  ( 0.000000000000000000, 0.000000000000000000, -1.000000000000000000 ) ) ;
#6197 = FACE_OUTER_BOUND ( 'NONE', #4894, .T. ) ;
#6198 = CARTESIAN_POINT ( 'NONE',  ( 8.656250000000007105, -25.00000000000000000, -0.2187500000000011102 ) ) ;
#6199 = VECTOR ( 'NONE', #4935, 39.37007874015748143 ) ;
#6200 = ORIENTED_EDGE ( 'NONE', *, *, #4739, .F. ) ;
#6201 = DIRECTION ( 'NONE',  ( 0.000000000000000000, 1.000000000000000000, 1.260852920152736718E-16 ) ) ;
#6202 = EDGE_CURVE ( 'NONE', #5837, #2687, #5499, .T. ) ;
#6203 = ORIENTED_EDGE ( 'NONE', *, *, #7781, .T. ) ;
#6204 = LINE ( 'NONE', #3127, #2071 ) ;
#6205 = PRESENTATION_STYLE_ASSIGNMENT (( #4347 ) ) ;
#6206 = CARTESIAN_POINT ( 'NONE',  ( 8.468750000000007105, -0.2500000000000074385, -0.1562500000000008327 ) ) ;
#6207 = ORIENTED_EDGE ( 'NONE', *, *, #6415, .T. ) ;
#6208 = EDGE_LOOP ( 'NONE', ( #3046, #2343, #3342, #4214 ) ) ;
#6209 = CARTESIAN_POINT ( 'NONE',  ( 10.06250000000000355, 0.2500000000000000000, -14.81249999999999822 ) ) ;
#6210 = VERTEX_POINT ( 'NONE', #4838 ) ;
#6211 = LINE ( 'NONE', #6756, #1585 ) ;
#6212 = ADVANCED_FACE ( 'NONE', ( #1059 ), #4271, .T. ) ;
#6213 = VERTEX_POINT ( 'NONE', #3584 ) ;
#6214 = VECTOR ( 'NONE', #7917, 39.37007874015748143 ) ;
#6215 = FILL_AREA_STYLE ('',( #6063 ) ) ;
#6216 = CARTESIAN_POINT ( 'NONE',  ( -8.125000000000005329, -6.500000000000000000, 0.5312500000000011102 ) ) ;
#6217 = CARTESIAN_POINT ( 'NONE',  ( 8.000000000000003553, -25.00000000000000000, -14.78125000000000355 ) ) ;
#6218 = ADVANCED_FACE ( 'NONE', ( #8024 ), #434, .F. ) ;
#6219 = PLANE ( 'NONE',  #2369 ) ;
#6220 = VECTOR ( 'NONE', #6041, 39.37007874015748143 ) ;
#6221 = VERTEX_POINT ( 'NONE', #7367 ) ;
#6222 = DIRECTION ( 'NONE',  ( 8.741913579725612322E-15, 0.000000000000000000, -1.000000000000000000 ) ) ;
#6223 = ORIENTED_EDGE ( 'NONE', *, *, #4866, .T. ) ;
#6224 = CARTESIAN_POINT ( 'NONE',  ( 11.00000000000000000, 2.962114445437663496E-15, -16.00000000000000000 ) ) ;
#6225 = EDGE_CURVE ( 'NONE', #2088, #5977, #6118, .T. ) ;
#6226 =( NAMED_UNIT ( * ) PLANE_ANGLE_UNIT ( ) SI_UNIT ( $, .RADIAN. ) );
#6227 = VECTOR ( 'NONE', #7940, 39.37007874015748143 ) ;
#6228 = DIRECTION ( 'NONE',  ( -1.346415657017119838E-16, 1.000000000000000000, 0.000000000000000000 ) ) ;
#6229 = FACE_OUTER_BOUND ( 'NONE', #4321, .T. ) ;
#6230 = CARTESIAN_POINT ( 'NONE',  ( 9.437500000000001776, 0.000000000000000000, 0.000000000000000000 ) ) ;
#6231 = ORIENTED_EDGE ( 'NONE', *, *, #738, .T. ) ;
#6232 = ORIENTED_EDGE ( 'NONE', *, *, #186, .F. ) ;
#6233 = CARTESIAN_POINT ( 'NONE',  ( -8.187500000000001776, -14.48437499999999822, -0.4687500000000009992 ) ) ;
#6234 = LINE ( 'NONE', #15, #2161 ) ;
#6235 = EDGE_LOOP ( 'NONE', ( #2393, #1654, #1970, #1315 ) ) ;
#6236 = DIRECTION ( 'NONE',  ( -0.000000000000000000, -4.370956789862822136E-16, -1.000000000000000000 ) ) ;
#6237 = ADVANCED_FACE ( 'NONE', ( #2386 ), #3000, .T. ) ;
#6238 = LINE ( 'NONE', #5206, #7285 ) ;
#6239 = ORIENTED_EDGE ( 'NONE', *, *, #2947, .T. ) ;
#6240 = LINE ( 'NONE', #2458, #2631 ) ;
#6241 = EDGE_LOOP ( 'NONE', ( #4334, #3337, #4239, #6849 ) ) ;
#6242 = DIRECTION ( 'NONE',  ( 0.000000000000000000, -1.000000000000000000, -0.000000000000000000 ) ) ;
#6243 = CARTESIAN_POINT ( 'NONE',  ( 8.468750000000007105, -5.781250000000000000, -0.1562500000000008327 ) ) ;
#6244 = CARTESIAN_POINT ( 'NONE',  ( -9.437500000000001776, -6.500000000000000000, 0.000000000000000000 ) ) ;
#6245 = ORIENTED_EDGE ( 'NONE', *, *, #4492, .F. ) ;
#6246 = ADVANCED_FACE ( 'NONE', ( #976 ), #8058, .T. ) ;
#6247 = ORIENTED_EDGE ( 'NONE', *, *, #7421, .T. ) ;
#6248 = DIRECTION ( 'NONE',  ( 0.000000000000000000, -1.000000000000000000, 0.000000000000000000 ) ) ;
#6249 = ORIENTED_EDGE ( 'NONE', *, *, #5435, .F. ) ;
#6250 = DIRECTION ( 'NONE',  ( 0.000000000000000000, 0.000000000000000000, 1.000000000000000000 ) ) ;
#6251 = VERTEX_POINT ( 'NONE', #5997 ) ;
#6252 = PLANE ( 'NONE',  #3649 ) ;
#6253 = PLANE ( 'NONE',  #2802 ) ;
#6254 = CARTESIAN_POINT ( 'NONE',  ( 0.000000000000000000, -14.73437499999999645, 0.000000000000000000 ) ) ;
#6255 = ADVANCED_FACE ( 'NONE', ( #3117 ), #6857, .T. ) ;
#6256 = CARTESIAN_POINT ( 'NONE',  ( 8.125000000000003553, -2.296212748401277249E-17, 0.7187499999999992228 ) ) ;
#6257 = ORIENTED_EDGE ( 'NONE', *, *, #7038, .F. ) ;
#6258 = DIRECTION ( 'NONE',  ( -0.000000000000000000, -0.000000000000000000, -1.000000000000000000 ) ) ;
#6259 = EDGE_LOOP ( 'NONE', ( #1325, #5265, #7810, #3811 ) ) ;
#6260 = DIRECTION ( 'NONE',  ( 0.000000000000000000, -1.000000000000000000, 0.000000000000000000 ) ) ;
#6261 = ADVANCED_FACE ( 'NONE', ( #3200 ), #4915, .T. ) ;
#6262 = VECTOR ( 'NONE', #5436, 39.37007874015748143 ) ;
#6263 = DIRECTION ( 'NONE',  ( 0.000000000000000000, 0.000000000000000000, -1.000000000000000000 ) ) ;
#6264 = PRESENTATION_STYLE_ASSIGNMENT (( #3763 ) ) ;
#6265 = EDGE_CURVE ( 'NONE', #6595, #120, #6234, .T. ) ;
#6266 = AXIS2_PLACEMENT_3D ( 'NONE', #7491, #6904, #1463 ) ;
#6267 = EDGE_LOOP ( 'NONE', ( #3298, #3553, #4925, #7451 ) ) ;
#6268 = CARTESIAN_POINT ( 'NONE',  ( 8.187500000000003553, -14.73437500000000178, -14.78125000000000355 ) ) ;
#6269 = EDGE_LOOP ( 'NONE', ( #1997, #3929 ) ) ;
#6270 = ORIENTED_EDGE ( 'NONE', *, *, #7660, .F. ) ;
#6271 = DIRECTION ( 'NONE',  ( -8.741913579725688053E-15, 0.000000000000000000, -1.000000000000000000 ) ) ;
#6272 = MECHANICAL_DESIGN_GEOMETRIC_PRESENTATION_REPRESENTATION (  '', ( #1687 ), #4310 ) ;
#6273 = LINE ( 'NONE', #4336, #6846 ) ;
#6274 = UNCERTAINTY_MEASURE_WITH_UNIT (LENGTH_MEASURE( 1.000000000000000082E-05 ), #630, 'distance_accuracy_value', 'NONE');
#6275 = SURFACE_SIDE_STYLE ('',( #1255 ) ) ;
#6276 = ADVANCED_FACE ( 'NONE', ( #5699 ), #3771, .F. ) ;
#6277 = DIRECTION ( 'NONE',  ( -0.000000000000000000, -0.000000000000000000, 1.000000000000000000 ) ) ;
#6278 = CARTESIAN_POINT ( 'NONE',  ( -9.312500000000003553, -6.500000000000000000, -4.812499999999999112 ) ) ;
#6279 = DIRECTION ( 'NONE',  ( -0.000000000000000000, -4.370956789862822136E-16, -1.000000000000000000 ) ) ;
#6280 = CIRCLE ( 'NONE', #7222, 0.4375000000000009992 ) ;
#6281 = ORIENTED_EDGE ( 'NONE', *, *, #1600, .F. ) ;
#6282 = EDGE_LOOP ( 'NONE', ( #4187, #4991, #5802, #6400 ) ) ;
#6283 = CARTESIAN_POINT ( 'NONE',  ( 8.187500000000003553, -14.73437499999999645, -14.53125000000000000 ) ) ;
#6284 = CIRCLE ( 'NONE', #3269, 0.4375000000000009992 ) ;
#6285 = CARTESIAN_POINT ( 'NONE',  ( 9.437500000000003553, -6.500000000000000000, -8.062500000000000000 ) ) ;
#6286 = LINE ( 'NONE', #5746, #5437 ) ;
#6287 = STYLED_ITEM ( 'NONE', ( #6205 ), #1439 ) ;
#6288 = ORIENTED_EDGE ( 'NONE', *, *, #1899, .F. ) ;
#6289 = ORIENTED_EDGE ( 'NONE', *, *, #4550, .T. ) ;
#6290 = VECTOR ( 'NONE', #2822, 39.37007874015748143 ) ;
#6291 = CIRCLE ( 'NONE', #7755, 0.4375000000000009992 ) ;
#6292 = ORIENTED_EDGE ( 'NONE', *, *, #7903, .T. ) ;
#6293 = PLANE ( 'NONE',  #1958 ) ;
#6294 = VERTEX_POINT ( 'NONE', #1834 ) ;
#6295 = EDGE_CURVE ( 'NONE', #3845, #8153, #1791, .T. ) ;
#6296 = CARTESIAN_POINT ( 'NONE',  ( 8.656250000000005329, -17.48437499999999645, -15.00000000000000000 ) ) ;
#6297 = CARTESIAN_POINT ( 'NONE',  ( 9.437500000000003553, -6.500000000000000000, -4.687500000000000000 ) ) ;
#6298 = LINE ( 'NONE', #7580, #1862 ) ;
#6299 = VECTOR ( 'NONE', #3094, 39.37007874015748143 ) ;
#6300 = LINE ( 'NONE', #3101, #4846 ) ;
#6301 = ORIENTED_EDGE ( 'NONE', *, *, #8078, .F. ) ;
#6302 = DIRECTION ( 'NONE',  ( 0.000000000000000000, -0.000000000000000000, -1.000000000000000000 ) ) ;
#6303 = ORIENTED_EDGE ( 'NONE', *, *, #2080, .F. ) ;
#6304 = FACE_OUTER_BOUND ( 'NONE', #7697, .T. ) ;
#6305 = PRESENTATION_LAYER_ASSIGNMENT (  '', '', ( #3953 ) ) ;
#6306 = DIRECTION ( 'NONE',  ( 0.000000000000000000, 0.000000000000000000, 1.000000000000000000 ) ) ;
#6307 = EDGE_CURVE ( 'NONE', #7342, #68, #2544, .T. ) ;
#6308 = FILL_AREA_STYLE ('',( #85 ) ) ;
#6309 = COLOUR_RGB ( '',0.5294117647058823595, 0.2627450980392156965, 0.06274509803921568540 ) ;
#6310 = DIRECTION ( 'NONE',  ( -0.000000000000000000, -0.000000000000000000, -1.000000000000000000 ) ) ;
#6311 = CARTESIAN_POINT ( 'NONE',  ( -9.156250000000003553, -17.48437500000000000, -15.53124999999999467 ) ) ;
#6312 = EDGE_LOOP ( 'NONE', ( #6334, #631, #1658, #6741 ) ) ;
#6313 = CARTESIAN_POINT ( 'NONE',  ( 9.156249999999994671, -17.48437500000000000, -15.53124999999999645 ) ) ;
#6314 = ORIENTED_EDGE ( 'NONE', *, *, #7844, .T. ) ;
#6315 = ADVANCED_FACE ( 'NONE', ( #3240 ), #4337, .T. ) ;
#6316 = DIRECTION ( 'NONE',  ( 0.000000000000000000, -1.000000000000000000, 0.000000000000000000 ) ) ;
#6317 = DIRECTION ( 'NONE',  ( -1.000000000000000000, 0.000000000000000000, 0.000000000000000000 ) ) ;
#6318 = DIRECTION ( 'NONE',  ( 0.000000000000000000, 0.000000000000000000, 1.000000000000000000 ) ) ;
#6319 = DIRECTION ( 'NONE',  ( 1.000000000000000000, 0.000000000000000000, 0.000000000000000000 ) ) ;
#6320 = DIRECTION ( 'NONE',  ( 0.000000000000000000, 1.000000000000000000, 0.000000000000000000 ) ) ;
#6321 = EDGE_CURVE ( 'NONE', #4679, #3548, #5575, .T. ) ;
#6322 = DIRECTION ( 'NONE',  ( 0.000000000000000000, 1.000000000000000000, 0.000000000000000000 ) ) ;
#6323 = AXIS2_PLACEMENT_3D ( 'NONE', #3372, #1507, #5248 ) ;
#6324 = EDGE_LOOP ( 'NONE', ( #6954, #3037, #5899, #5998 ) ) ;
#6325 =( NAMED_UNIT ( * ) SI_UNIT ( $, .STERADIAN. ) SOLID_ANGLE_UNIT ( ) );
#6326 = EDGE_CURVE ( 'NONE', #4489, #4824, #7549, .T. ) ;
#6327 = ORIENTED_EDGE ( 'NONE', *, *, #4971, .T. ) ;
#6328 = VECTOR ( 'NONE', #2538, 39.37007874015748143 ) ;
#6329 = AXIS2_PLACEMENT_3D ( 'NONE', #3450, #4753, #4865 ) ;
#6330 = CARTESIAN_POINT ( 'NONE',  ( 9.625000000000005329, -4.999999999999998224, -14.49999999999999822 ) ) ;
#6331 = LINE ( 'NONE', #3704, #4133 ) ;
#6332 = ORIENTED_EDGE ( 'NONE', *, *, #3491, .F. ) ;
#6333 = ORIENTED_EDGE ( 'NONE', *, *, #258, .F. ) ;
#6334 = ORIENTED_EDGE ( 'NONE', *, *, #3157, .F. ) ;
#6335 = LINE ( 'NONE', #7746, #1172 ) ;
#6336 = VERTEX_POINT ( 'NONE', #8136 ) ;
#6337 = AXIS2_PLACEMENT_3D ( 'NONE', #6831, #4353, #1231 ) ;
#6338 = LINE ( 'NONE', #2185, #8008 ) ;
#6339 = DIRECTION ( 'NONE',  ( -1.000000000000000000, -0.000000000000000000, -0.000000000000000000 ) ) ;
#6340 = FACE_OUTER_BOUND ( 'NONE', #3873, .T. ) ;
#6341 = CARTESIAN_POINT ( 'NONE',  ( -9.625000000000001776, -17.48437500000000000, 0.000000000000000000 ) ) ;
#6342 = DIRECTION ( 'NONE',  ( 0.000000000000000000, 1.000000000000000000, 0.000000000000000000 ) ) ;
#6343 = ADVANCED_FACE ( 'NONE', ( #2499 ), #4999, .F. ) ;
#6344 = ORIENTED_EDGE ( 'NONE', *, *, #7925, .F. ) ;
#6345 = CARTESIAN_POINT ( 'NONE',  ( 9.437500000000003553, -6.500000000000000000, -7.937499999999999112 ) ) ;
#6346 = VECTOR ( 'NONE', #2377, 39.37007874015748143 ) ;
#6347 = ORIENTED_EDGE ( 'NONE', *, *, #2212, .T. ) ;
#6348 = CARTESIAN_POINT ( 'NONE',  ( 9.625000000000003553, 0.000000000000000000, 0.5312500000000000000 ) ) ;
#6349 = PLANE ( 'NONE',  #8125 ) ;
#6350 = DIRECTION ( 'NONE',  ( 0.000000000000000000, -0.000000000000000000, -1.000000000000000000 ) ) ;
#6351 = EDGE_CURVE ( 'NONE', #6819, #361, #5073, .T. ) ;
#6352 = EDGE_LOOP ( 'NONE', ( #5849, #7840, #3194, #1799 ) ) ;
#6353 = DIRECTION ( 'NONE',  ( 1.000000000000000000, -0.000000000000000000, -1.224795318192648873E-16 ) ) ;
#6354 = ORIENTED_EDGE ( 'NONE', *, *, #5992, .T. ) ;
#6355 = MANIFOLD_SOLID_BREP ( 'Boss-Extrude18[2]', #8105 ) ;
#6356 = ORIENTED_EDGE ( 'NONE', *, *, #3001, .F. ) ;
#6357 = DIRECTION ( 'NONE',  ( 0.000000000000000000, 0.000000000000000000, 1.000000000000000000 ) ) ;
#6358 = CARTESIAN_POINT ( 'NONE',  ( -9.156250000000003553, -14.48437499999999822, -15.99999999999999822 ) ) ;
#6359 = PRESENTATION_STYLE_ASSIGNMENT (( #3860 ) ) ;
#6360 = DIRECTION ( 'NONE',  ( 0.000000000000000000, 0.000000000000000000, -1.000000000000000000 ) ) ;
#6361 = CARTESIAN_POINT ( 'NONE',  ( -9.437500000000001776, -6.505936120470312141E-17, -11.18750000000000000 ) ) ;
#6362 = ADVANCED_FACE ( 'NONE', ( #2795 ), #4461, .T. ) ;
#6363 = CARTESIAN_POINT ( 'NONE',  ( -9.312500000000003553, 0.000000000000000000, -8.062499999999998224 ) ) ;
#6364 = EDGE_LOOP ( 'NONE', ( #3856, #5132, #6124, #4861 ) ) ;
#6365 = VERTEX_POINT ( 'NONE', #4626 ) ;
#6366 = EDGE_CURVE ( 'NONE', #113, #3241, #7025, .T. ) ;
#6367 = MANIFOLD_SOLID_BREP ( 'Cut-Extrude5[1]', #4176 ) ;
#6368 = CARTESIAN_POINT ( 'NONE',  ( 8.187500000000007105, -14.48437499999999822, -1.228745363673883940E-15 ) ) ;
#6369 = DIRECTION ( 'NONE',  ( 0.000000000000000000, -1.000000000000000000, 0.000000000000000000 ) ) ;
#6370 = ORIENTED_EDGE ( 'NONE', *, *, #4406, .F. ) ;
#6371 = ADVANCED_FACE ( 'NONE', ( #2670 ), #830, .F. ) ;
#6372 = EDGE_CURVE ( 'NONE', #4127, #4981, #4541, .T. ) ;
#6373 = ORIENTED_EDGE ( 'NONE', *, *, #4062, .F. ) ;
#6374 = EDGE_LOOP ( 'NONE', ( #6425, #3582 ) ) ;
#6375 = CARTESIAN_POINT ( 'NONE',  ( 9.156249999999998224, -17.48437500000000000, -0.4687500000000068279 ) ) ;
#6376 = VERTEX_POINT ( 'NONE', #1508 ) ;
#6377 =( LENGTH_UNIT ( ) NAMED_UNIT ( * ) SI_UNIT ( $, .METRE. ) );
#6378 = PLANE ( 'NONE',  #5134 ) ;
#6379 = DIRECTION ( 'NONE',  ( 0.000000000000000000, 1.000000000000000000, 0.000000000000000000 ) ) ;
#6380 = MANIFOLD_SOLID_BREP ( 'Boss-Extrude12[1]', #2054 ) ;
#6381 = CARTESIAN_POINT ( 'NONE',  ( 8.468750000000003553, -5.781250000000000000, -0.4062499999999995004 ) ) ;
#6382 = ORIENTED_EDGE ( 'NONE', *, *, #4762, .F. ) ;
#6383 = PLANE ( 'NONE',  #5813 ) ;
#6384 = ORIENTED_EDGE ( 'NONE', *, *, #7943, .F. ) ;
#6385 = DIRECTION ( 'NONE',  ( 0.000000000000000000, 1.000000000000000000, -3.642463991552351451E-16 ) ) ;
#6386 = PLANE ( 'NONE',  #4303 ) ;
#6387 = ADVANCED_FACE ( 'NONE', ( #2378 ), #874, .T. ) ;
#6388 = VERTEX_POINT ( 'NONE', #5419 ) ;
#6389 = CARTESIAN_POINT ( 'NONE',  ( 9.156249999999998224, -17.48437500000000000, -0.4687500000000068279 ) ) ;
#6390 = ORIENTED_EDGE ( 'NONE', *, *, #5534, .T. ) ;
#6391 = FACE_OUTER_BOUND ( 'NONE', #106, .T. ) ;
#6392 = ORIENTED_EDGE ( 'NONE', *, *, #3618, .F. ) ;
#6393 = PLANE ( 'NONE',  #8163 ) ;
#6394 = ADVANCED_FACE ( 'NONE', ( #6111 ), #7403, .F. ) ;
#6395 = EDGE_CURVE ( 'NONE', #940, #5504, #3080, .T. ) ;
#6396 = FACE_OUTER_BOUND ( 'NONE', #3232, .T. ) ;
#6397 = VECTOR ( 'NONE', #5881, 39.37007874015748143 ) ;
#6398 = CARTESIAN_POINT ( 'NONE',  ( 0.000000000000000000, -3.250000000000000000, 0.5312499999999993339 ) ) ;
#6399 = LINE ( 'NONE', #3284, #1625 ) ;
#6400 = ORIENTED_EDGE ( 'NONE', *, *, #721, .T. ) ;
#6401 = VECTOR ( 'NONE', #3529, 39.37007874015748143 ) ;
#6402 = EDGE_LOOP ( 'NONE', ( #373, #7118, #7415, #3104 ) ) ;
#6403 = EDGE_CURVE ( 'NONE', #1105, #6213, #1127, .T. ) ;
#6404 = DIRECTION ( 'NONE',  ( 1.000000000000000000, -0.000000000000000000, -0.000000000000000000 ) ) ;
#6405 = CARTESIAN_POINT ( 'NONE',  ( 8.968750000000000000, -6.500000000000000000, -12.53125000000000000 ) ) ;
#6406 = LINE ( 'NONE', #841, #3868 ) ;
#6407 = VERTEX_POINT ( 'NONE', #5492 ) ;
#6408 = STYLED_ITEM ( 'NONE', ( #3603 ), #1117 ) ;
#6409 = DIRECTION ( 'NONE',  ( 0.000000000000000000, 0.000000000000000000, -1.000000000000000000 ) ) ;
#6410 = VERTEX_POINT ( 'NONE', #7853 ) ;
#6411 = VERTEX_POINT ( 'NONE', #6613 ) ;
#6412 = LINE ( 'NONE', #1356, #4325 ) ;
#6413 = ORIENTED_EDGE ( 'NONE', *, *, #2947, .F. ) ;
#6414 = VECTOR ( 'NONE', #3679, 39.37007874015748143 ) ;
#6415 = EDGE_CURVE ( 'NONE', #3506, #4956, #968, .T. ) ;
#6416 = PRESENTATION_LAYER_ASSIGNMENT (  '', '', ( #3409 ) ) ;
#6417 = CARTESIAN_POINT ( 'NONE',  ( 9.312500000000003553, -6.500000000000000000, -4.812499999999999112 ) ) ;
#6418 = CARTESIAN_POINT ( 'NONE',  ( -11.00000000000000000, 0.4687500000000002776, -16.00000000000000000 ) ) ;
#6419 = FACE_OUTER_BOUND ( 'NONE', #5833, .T. ) ;
#6420 = SURFACE_SIDE_STYLE ('',( #1399 ) ) ;
#6421 = VECTOR ( 'NONE', #1467, 39.37007874015748143 ) ;
#6422 = LINE ( 'NONE', #160, #3678 ) ;
#6423 = ORIENTED_EDGE ( 'NONE', *, *, #3341, .T. ) ;
#6424 = LINE ( 'NONE', #4488, #946 ) ;
#6425 = ORIENTED_EDGE ( 'NONE', *, *, #7194, .F. ) ;
#6426 = LINE ( 'NONE', #774, #6161 ) ;
#6427 = FACE_OUTER_BOUND ( 'NONE', #8059, .T. ) ;
#6428 = DIRECTION ( 'NONE',  ( -0.000000000000000000, 0.000000000000000000, -1.000000000000000000 ) ) ;
#6429 = EDGE_CURVE ( 'NONE', #4773, #3506, #2211, .T. ) ;
#6430 = VECTOR ( 'NONE', #6260, 39.37007874015748143 ) ;
#6431 = DIRECTION ( 'NONE',  ( 0.000000000000000000, -1.000000000000000000, 0.000000000000000000 ) ) ;
#6432 = DIRECTION ( 'NONE',  ( -8.741913579725650188E-15, 0.000000000000000000, 1.000000000000000000 ) ) ;
#6433 = ORIENTED_EDGE ( 'NONE', *, *, #326, .T. ) ;
#6434 = CARTESIAN_POINT ( 'NONE',  ( 8.468750000000007105, -5.781250000000000000, 0.06249999999999869549 ) ) ;
#6435 = EDGE_LOOP ( 'NONE', ( #387, #7557, #8119, #1543 ) ) ;
#6436 = DIRECTION ( 'NONE',  ( -1.000000000000000000, -0.000000000000000000, 8.741913579725612322E-15 ) ) ;
#6437 = AXIS2_PLACEMENT_3D ( 'NONE', #987, #360, #5398 ) ;
#6438 = CARTESIAN_POINT ( 'NONE',  ( -8.968750000000000000, -6.500000000000000000, -15.53125000000000000 ) ) ;
#6439 = CIRCLE ( 'NONE', #1053, 0.4375000000000009992 ) ;
#6440 = FACE_OUTER_BOUND ( 'NONE', #6790, .T. ) ;
#6441 =( LENGTH_UNIT ( ) NAMED_UNIT ( * ) SI_UNIT ( $, .METRE. ) );
#6442 = LINE ( 'NONE', #5294, #7201 ) ;
#6443 = DIRECTION ( 'NONE',  ( 0.000000000000000000, 1.000000000000000000, 0.000000000000000000 ) ) ;
#6444 = VECTOR ( 'NONE', #6532, 39.37007874015748143 ) ;
#6445 = EDGE_CURVE ( 'NONE', #5485, #7523, #381, .T. ) ;
#6446 = VECTOR ( 'NONE', #6409, 39.37007874015748143 ) ;
#6447 = ORIENTED_EDGE ( 'NONE', *, *, #4019, .T. ) ;
#6448 = LINE ( 'NONE', #22, #5520 ) ;
#6449 = ORIENTED_EDGE ( 'NONE', *, *, #2494, .T. ) ;
#6450 = FACE_OUTER_BOUND ( 'NONE', #1298, .T. ) ;
#6451 = PLANE ( 'NONE',  #6186 ) ;
#6452 = CARTESIAN_POINT ( 'NONE',  ( -9.625000000000003553, -6.500000000000000000, 0.7187499999999992228 ) ) ;
#6453 = ORIENTED_EDGE ( 'NONE', *, *, #4804, .T. ) ;
#6454 = AXIS2_PLACEMENT_3D ( 'NONE', #464, #5498, #975 ) ;
#6455 = LINE ( 'NONE', #6579, #920 ) ;
#6456 = ADVANCED_FACE ( 'NONE', ( #8015 ), #7976, .F. ) ;
#6457 = VERTEX_POINT ( 'NONE', #2259 ) ;
#6458 = AXIS2_PLACEMENT_3D ( 'NONE', #1599, #7289, #4831 ) ;
#6459 = EDGE_LOOP ( 'NONE', ( #7413, #5413, #5014, #5371 ) ) ;
#6460 = DIRECTION ( 'NONE',  ( -1.000000000000000000, -1.346415657017117373E-16, 0.000000000000000000 ) ) ;
#6461 = AXIS2_PLACEMENT_3D ( 'NONE', #5139, #5680, #36 ) ;
#6462 = CARTESIAN_POINT ( 'NONE',  ( -10.06250000000000355, 1.365923996832131363E-16, -1.187500000000003553 ) ) ;
#6463 = FACE_OUTER_BOUND ( 'NONE', #1282, .T. ) ;
#6464 = CARTESIAN_POINT ( 'NONE',  ( 8.468750000000007105, -5.781250000000000000, -0.1562500000000008327 ) ) ;
#6465 = DIRECTION ( 'NONE',  ( -1.000000000000000000, 0.000000000000000000, 7.471721008312515165E-17 ) ) ;
#6466 = VECTOR ( 'NONE', #1055, 39.37007874015748143 ) ;
#6467 = DIRECTION ( 'NONE',  ( 0.000000000000000000, -1.000000000000000000, 0.000000000000000000 ) ) ;
#6468 = MANIFOLD_SOLID_BREP ( 'Boss-Extrude7[2]', #5864 ) ;
#6469 = FACE_OUTER_BOUND ( 'NONE', #2967, .T. ) ;
#6470 = EDGE_CURVE ( 'NONE', #3697, #7342, #1051, .T. ) ;
#6471 = ORIENTED_EDGE ( 'NONE', *, *, #382, .T. ) ;
#6472 = PLANE ( 'NONE',  #6607 ) ;
#6473 = LINE ( 'NONE', #3846, #498 ) ;
#6474 = VECTOR ( 'NONE', #4313, 39.37007874015748143 ) ;
#6475 = FACE_OUTER_BOUND ( 'NONE', #5345, .T. ) ;
#6476 =( NAMED_UNIT ( * ) SI_UNIT ( $, .STERADIAN. ) SOLID_ANGLE_UNIT ( ) );
#6477 = ADVANCED_FACE ( 'NONE', ( #1092 ), #4909, .T. ) ;
#6478 = LENGTH_MEASURE_WITH_UNIT ( LENGTH_MEASURE( 0.02539999999999999897 ), #3926 );
#6479 = AXIS2_PLACEMENT_3D ( 'NONE', #598, #7044, #2522 ) ;
#6480 = ADVANCED_FACE ( 'NONE', ( #6229 ), #3150, .T. ) ;
#6481 = EDGE_LOOP ( 'NONE', ( #3174, #89, #699, #6689 ) ) ;
#6482 = CARTESIAN_POINT ( 'NONE',  ( -9.625000000000001776, -14.48437499999999822, -0.4687500000000009992 ) ) ;
#6483 = ORIENTED_EDGE ( 'NONE', *, *, #7319, .F. ) ;
#6484 = DIRECTION ( 'NONE',  ( 0.000000000000000000, 0.000000000000000000, 1.000000000000000000 ) ) ;
#6485 = DIRECTION ( 'NONE',  ( -1.407149067159057392E-16, -0.000000000000000000, -1.000000000000000000 ) ) ;
#6486 = DIRECTION ( 'NONE',  ( 1.000000000000000000, 0.000000000000000000, 0.000000000000000000 ) ) ;
#6487 = CARTESIAN_POINT ( 'NONE',  ( 9.437500000000003553, -6.499999999999998224, -1.500000000000000222 ) ) ;
#6488 = PLANE ( 'NONE',  #5154 ) ;
#6489 = VECTOR ( 'NONE', #6661, 39.37007874015748143 ) ;
#6490 = ORIENTED_EDGE ( 'NONE', *, *, #6900, .F. ) ;
#6491 = CARTESIAN_POINT ( 'NONE',  ( 4.937500000000006217, -6.500000000000000000, 0.5312500000000011102 ) ) ;
#6492 = ORIENTED_EDGE ( 'NONE', *, *, #8143, .T. ) ;
#6493 = LINE ( 'NONE', #839, #2917 ) ;
#6494 = MANIFOLD_SOLID_BREP ( 'Boss-Extrude4[4]', #6786 ) ;
#6495 = DIMENSIONAL_EXPONENTS ( 1.000000000000000000, 0.000000000000000000, 0.000000000000000000, 0.000000000000000000, 0.000000000000000000, 0.000000000000000000, 0.000000000000000000 ) ;
#6496 = CARTESIAN_POINT ( 'NONE',  ( 9.437500000000001776, -6.499999999999998224, -16.00000000000000000 ) ) ;
#6497 = EDGE_CURVE ( 'NONE', #6411, #561, #3108, .T. ) ;
#6498 = EDGE_LOOP ( 'NONE', ( #6627, #883, #4272, #4096 ) ) ;
#6499 = SURFACE_STYLE_USAGE ( .BOTH. , #7205 ) ;
#6500 = ORIENTED_EDGE ( 'NONE', *, *, #2253, .T. ) ;
#6501 = ORIENTED_EDGE ( 'NONE', *, *, #3609, .F. ) ;
#6502 = LINE ( 'NONE', #5133, #7761 ) ;
#6503 = CARTESIAN_POINT ( 'NONE',  ( 8.468750000000007105, -0.2499999999999997224, 0.06249999999999869549 ) ) ;
#6504 = ADVANCED_FACE ( 'NONE', ( #1287 ), #8053, .T. ) ;
#6505 = DIRECTION ( 'NONE',  ( -1.000000000000000000, -1.681137226870315542E-16, 0.000000000000000000 ) ) ;
#6506 = PLANE ( 'NONE',  #2363 ) ;
#6507 = LINE ( 'NONE', #3391, #3282 ) ;
#6508 = ORIENTED_EDGE ( 'NONE', *, *, #7688, .T. ) ;
#6509 = DIRECTION ( 'NONE',  ( 0.000000000000000000, -1.000000000000000000, 0.000000000000000000 ) ) ;
#6510 = CARTESIAN_POINT ( 'NONE',  ( -10.06250000000000355, -14.01562499999999822, -0.3125000000000031086 ) ) ;
#6511 = EDGE_CURVE ( 'NONE', #6785, #7095, #1946, .T. ) ;
#6512 = FACE_OUTER_BOUND ( 'NONE', #7447, .T. ) ;
#6513 = ORIENTED_EDGE ( 'NONE', *, *, #2381, .T. ) ;
#6514 = DIRECTION ( 'NONE',  ( -1.000000000000000000, 0.000000000000000000, 0.000000000000000000 ) ) ;
#6515 = ORIENTED_EDGE ( 'NONE', *, *, #5753, .T. ) ;
#6516 = ADVANCED_FACE ( 'NONE', ( #1825 ), #6187, .F. ) ;
#6517 = LINE ( 'NONE', #868, #942 ) ;
#6518 = MANIFOLD_SOLID_BREP ( 'Boss-Extrude6[2]', #7855 ) ;
#6519 = LINE ( 'NONE', #7283, #6401 ) ;
#6520 = EDGE_CURVE ( 'NONE', #5622, #6893, #248, .T. ) ;
#6521 = DIRECTION ( 'NONE',  ( 0.000000000000000000, 0.000000000000000000, 1.000000000000000000 ) ) ;
#6522 = FILL_AREA_STYLE ('',( #5783 ) ) ;
#6523 = CARTESIAN_POINT ( 'NONE',  ( 8.968750000000000000, -3.500000000000000000, -16.00000000000000000 ) ) ;
#6524 = DIRECTION ( 'NONE',  ( 0.000000000000000000, -0.000000000000000000, -1.000000000000000000 ) ) ;
#6525 = CLOSED_SHELL ( 'NONE', ( #4430, #5853, #1438, #7828, #7626, #785 ) ) ;
#6526 = LINE ( 'NONE', #878, #539 ) ;
#6527 = ORIENTED_EDGE ( 'NONE', *, *, #622, .F. ) ;
#6528 = FILL_AREA_STYLE_COLOUR ( '', #2775 ) ;
#6529 = VERTEX_POINT ( 'NONE', #2488 ) ;
#6530 = EDGE_CURVE ( 'NONE', #3535, #5629, #8006, .T. ) ;
#6531 = CIRCLE ( 'NONE', #6009, 0.4375000000000003331 ) ;
#6532 = DIRECTION ( 'NONE',  ( 0.000000000000000000, 1.000000000000000000, 0.000000000000000000 ) ) ;
#6533 = PLANE ( 'NONE',  #6722 ) ;
#6534 = CYLINDRICAL_SURFACE ( 'NONE', #5831, 0.4375000000000003331 ) ;
#6535 = ORIENTED_EDGE ( 'NONE', *, *, #278, .F. ) ;
#6536 = PLANE ( 'NONE',  #7382 ) ;
#6537 = CIRCLE ( 'NONE', #6928, 0.4375000000000003331 ) ;
#6538 = ORIENTED_EDGE ( 'NONE', *, *, #1518, .F. ) ;
#6539 = ORIENTED_EDGE ( 'NONE', *, *, #7977, .F. ) ;
#6540 = FACE_OUTER_BOUND ( 'NONE', #6046, .T. ) ;
#6541 = DIRECTION ( 'NONE',  ( -1.500757696090238830E-16, 0.000000000000000000, -1.000000000000000000 ) ) ;
#6542 = DIRECTION ( 'NONE',  ( 0.000000000000000000, 1.000000000000000000, 0.000000000000000000 ) ) ;
#6543 = CARTESIAN_POINT ( 'NONE',  ( -9.312500000000001776, 0.000000000000000000, -11.18750000000000000 ) ) ;
#6544 = DIMENSIONAL_EXPONENTS ( 1.000000000000000000, 0.000000000000000000, 0.000000000000000000, 0.000000000000000000, 0.000000000000000000, 0.000000000000000000, 0.000000000000000000 ) ;
#6545 = CARTESIAN_POINT ( 'NONE',  ( 10.06250000000000355, -14.48437499999999822, -0.3125000000000029976 ) ) ;
#6546 = VERTEX_POINT ( 'NONE', #7806 ) ;
#6547 = DIRECTION ( 'NONE',  ( 0.000000000000000000, -0.000000000000000000, 1.000000000000000000 ) ) ;
#6548 = AXIS2_PLACEMENT_3D ( 'NONE', #5649, #3034, #7592 ) ;
#6549 = VERTEX_POINT ( 'NONE', #4018 ) ;
#6550 = LINE ( 'NONE', #285, #109 ) ;
#6551 = ADVANCED_FACE ( 'NONE', ( #6512 ), #6349, .F. ) ;
#6552 = ORIENTED_EDGE ( 'NONE', *, *, #6321, .T. ) ;
#6553 = DIRECTION ( 'NONE',  ( -0.000000000000000000, 1.000000000000000000, -0.000000000000000000 ) ) ;
#6554 = STYLED_ITEM ( 'NONE', ( #1685 ), #6853 ) ;
#6555 = ORIENTED_EDGE ( 'NONE', *, *, #4161, .F. ) ;
#6556 = CARTESIAN_POINT ( 'NONE',  ( -8.000000000000003553, -25.00000000000000000, -14.78125000000000178 ) ) ;
#6557 = ORIENTED_EDGE ( 'NONE', *, *, #2321, .F. ) ;
#6558 = EDGE_CURVE ( 'NONE', #1973, #7177, #864, .T. ) ;
#6559 = AXIS2_PLACEMENT_3D ( 'NONE', #2064, #4611, #243 ) ;
#6560 = AXIS2_PLACEMENT_3D ( 'NONE', #7519, #7185, #5153 ) ;
#6561 =( LENGTH_UNIT ( ) NAMED_UNIT ( * ) SI_UNIT ( $, .METRE. ) );
#6562 = DIRECTION ( 'NONE',  ( 0.000000000000000000, 0.000000000000000000, 1.000000000000000000 ) ) ;
#6563 = CARTESIAN_POINT ( 'NONE',  ( -8.000000000000003553, -25.00000000000000000, -14.78125000000000178 ) ) ;
#6564 = DIRECTION ( 'NONE',  ( 1.000000000000000000, 0.000000000000000000, -0.000000000000000000 ) ) ;
#6565 = PLANE ( 'NONE',  #5348 ) ;
#6566 = VECTOR ( 'NONE', #6668, 39.37007874015748143 ) ;
#6567 = FACE_OUTER_BOUND ( 'NONE', #2517, .T. ) ;
#6568 = FACE_OUTER_BOUND ( 'NONE', #4936, .T. ) ;
#6569 = DIRECTION ( 'NONE',  ( 0.000000000000000000, 0.000000000000000000, 1.000000000000000000 ) ) ;
#6570 = EDGE_CURVE ( 'NONE', #4969, #3246, #5284, .T. ) ;
#6571 = ORIENTED_EDGE ( 'NONE', *, *, #6445, .F. ) ;
#6572 = CARTESIAN_POINT ( 'NONE',  ( 9.437500000000001776, -6.500000000000000000, -1.500000000000000222 ) ) ;
#6573 = EDGE_LOOP ( 'NONE', ( #5428, #3979, #2420, #27 ) ) ;
#6574 = LINE ( 'NONE', #265, #4223 ) ;
#6575 = MANIFOLD_SOLID_BREP ( 'Boss-Extrude20[1]', #2864 ) ;
#6576 = LINE ( 'NONE', #2805, #5657 ) ;
#6577 = EDGE_CURVE ( 'NONE', #5953, #5934, #4617, .T. ) ;
#6578 = ORIENTED_EDGE ( 'NONE', *, *, #2180, .F. ) ;
#6579 = CARTESIAN_POINT ( 'NONE',  ( 9.625000000000003553, 0.000000000000000000, 0.5312500000000000000 ) ) ;
#6580 = COLOUR_RGB ( '',0.5294117647058823595, 0.2627450980392156965, 0.06274509803921568540 ) ;
#6581 = EDGE_CURVE ( 'NONE', #2903, #61, #3883, .T. ) ;
#6582 = ORIENTED_EDGE ( 'NONE', *, *, #3702, .T. ) ;
#6583 = ORIENTED_EDGE ( 'NONE', *, *, #870, .T. ) ;
#6584 = CARTESIAN_POINT ( 'NONE',  ( -10.06250000000000355, -25.00000000000000000, -0.7500000000000033307 ) ) ;
#6585 =( GEOMETRIC_REPRESENTATION_CONTEXT ( 3 ) GLOBAL_UNCERTAINTY_ASSIGNED_CONTEXT ( ( #1040 ) ) GLOBAL_UNIT_ASSIGNED_CONTEXT ( ( #1265, #1307, #2511 ) ) REPRESENTATION_CONTEXT ( 'NONE', 'WORKASPACE' ) );
#6586 = DIRECTION ( 'NONE',  ( -1.000000000000000000, 0.000000000000000000, 2.386870601972871370E-16 ) ) ;
#6587 = CARTESIAN_POINT ( 'NONE',  ( 9.437500000000001776, -6.500000000000000000, 0.000000000000000000 ) ) ;
#6588 = CARTESIAN_POINT ( 'NONE',  ( 8.968750000000001776, -6.499999999999998224, -16.00000000000000000 ) ) ;
#6589 = CARTESIAN_POINT ( 'NONE',  ( -11.00000000000000000, -14.01562499999999822, 1.156250000000002220 ) ) ;
#6590 = VECTOR ( 'NONE', #6322, 39.37007874015748143 ) ;
#6591 = ORIENTED_EDGE ( 'NONE', *, *, #523, .T. ) ;
#6592 = DIRECTION ( 'NONE',  ( -1.681137226870316528E-16, 1.000000000000000000, 0.000000000000000000 ) ) ;
#6593 = EDGE_CURVE ( 'NONE', #6042, #3075, #1409, .T. ) ;
#6594 = AXIS2_PLACEMENT_3D ( 'NONE', #6563, #1464, #256 ) ;
#6595 = VERTEX_POINT ( 'NONE', #3321 ) ;
#6596 = LINE ( 'NONE', #6014, #6950 ) ;
#6597 = VERTEX_POINT ( 'NONE', #2116 ) ;
#6598 = DIRECTION ( 'NONE',  ( 0.000000000000000000, 1.000000000000000000, 0.000000000000000000 ) ) ;
#6599 = CARTESIAN_POINT ( 'NONE',  ( 8.968750000000000000, 2.196710195970565270E-15, -16.00000000000000000 ) ) ;
#6600 = AXIS2_PLACEMENT_3D ( 'NONE', #1504, #1992, #7683 ) ;
#6601 =( LENGTH_UNIT ( ) NAMED_UNIT ( * ) SI_UNIT ( $, .METRE. ) );
#6602 =( LENGTH_UNIT ( ) NAMED_UNIT ( * ) SI_UNIT ( $, .METRE. ) );
#6603 = EDGE_CURVE ( 'NONE', #2850, #4412, #170, .T. ) ;
#6604 = CARTESIAN_POINT ( 'NONE',  ( -8.125000000000003553, 0.000000000000000000, 0.000000000000000000 ) ) ;
#6605 = ORIENTED_EDGE ( 'NONE', *, *, #3404, .T. ) ;
#6606 = CARTESIAN_POINT ( 'NONE',  ( 0.000000000000000000, -14.48437499999999822, -0.2187500000000011102 ) ) ;
#6607 = AXIS2_PLACEMENT_3D ( 'NONE', #7629, #2605, #1494 ) ;
#6608 = ORIENTED_EDGE ( 'NONE', *, *, #1719, .F. ) ;
#6609 = CARTESIAN_POINT ( 'NONE',  ( 9.156249999999994671, -14.48437499999999822, -15.53124999999999645 ) ) ;
#6610 = DIMENSIONAL_EXPONENTS ( 1.000000000000000000, 0.000000000000000000, 0.000000000000000000, 0.000000000000000000, 0.000000000000000000, 0.000000000000000000, 0.000000000000000000 ) ;
#6611 = LINE ( 'NONE', #4622, #3958 ) ;
#6612 = DIRECTION ( 'NONE',  ( 0.000000000000000000, -1.000000000000000000, 0.000000000000000000 ) ) ;
#6613 = CARTESIAN_POINT ( 'NONE',  ( -9.437500000000003553, -6.500000000000000000, -7.937499999999999112 ) ) ;
#6614 = EDGE_CURVE ( 'NONE', #4423, #4294, #2068, .T. ) ;
#6615 = DIRECTION ( 'NONE',  ( 0.000000000000000000, 0.4938648838603050817, -0.8695386572715714246 ) ) ;
#6616 = CARTESIAN_POINT ( 'NONE',  ( 10.06250000000000355, 0.2500000000000000000, -0.7500000000000033307 ) ) ;
#6617 = VECTOR ( 'NONE', #3552, 39.37007874015748143 ) ;
#6618 = ORIENTED_EDGE ( 'NONE', *, *, #4302, .T. ) ;
#6619 = PRESENTATION_STYLE_ASSIGNMENT (( #1010 ) ) ;
#6620 = MANIFOLD_SOLID_BREP ( 'Cut-Extrude1[2]', #3643 ) ;
#6621 = CARTESIAN_POINT ( 'NONE',  ( 8.656250000000005329, -17.48437499999999645, -14.78125000000000355 ) ) ;
#6622 = DIRECTION ( 'NONE',  ( 0.000000000000000000, 0.000000000000000000, 1.000000000000000000 ) ) ;
#6623 = EDGE_CURVE ( 'NONE', #7615, #2241, #415, .T. ) ;
#6624 = EDGE_LOOP ( 'NONE', ( #3169, #6892, #5598, #7082 ) ) ;
#6625 = VECTOR ( 'NONE', #2047, 39.37007874015748143 ) ;
#6626 = CARTESIAN_POINT ( 'NONE',  ( -9.437500000000001776, -6.505936120470312141E-17, -16.00000000000000000 ) ) ;
#6627 = ORIENTED_EDGE ( 'NONE', *, *, #7804, .F. ) ;
#6628 = VERTEX_POINT ( 'NONE', #2909 ) ;
#6629 = LINE ( 'NONE', #2146, #767 ) ;
#6630 = AXIS2_PLACEMENT_3D ( 'NONE', #1751, #6076, #7241 ) ;
#6631 = CARTESIAN_POINT ( 'NONE',  ( 10.06250000000000355, -25.00000000000000000, -0.3125000000000029976 ) ) ;
#6632 = LINE ( 'NONE', #7261, #3790 ) ;
#6633 = FACE_OUTER_BOUND ( 'NONE', #4741, .T. ) ;
#6634 = ADVANCED_FACE ( 'NONE', ( #7888 ), #4147, .T. ) ;
#6635 = CARTESIAN_POINT ( 'NONE',  ( 8.125000000000003553, 0.000000000000000000, 0.000000000000000000 ) ) ;
#6636 = ADVANCED_FACE ( 'NONE', ( #5408 ), #451, .T. ) ;
#6637 = DIRECTION ( 'NONE',  ( 0.000000000000000000, -1.000000000000000000, 0.000000000000000000 ) ) ;
#6638 = ORIENTED_EDGE ( 'NONE', *, *, #4280, .T. ) ;
#6639 = LINE ( 'NONE', #990, #5678 ) ;
#6640 = CARTESIAN_POINT ( 'NONE',  ( -9.156250000000003553, -14.48437499999999822, -15.53124999999999467 ) ) ;
#6641 = ORIENTED_EDGE ( 'NONE', *, *, #823, .T. ) ;
#6642 = CARTESIAN_POINT ( 'NONE',  ( -10.06250000000000355, 0.000000000000000000, -15.25000000000000000 ) ) ;
#6643 = DIRECTION ( 'NONE',  ( 1.407149067159057885E-16, 0.000000000000000000, 1.000000000000000000 ) ) ;
#6644 = DIRECTION ( 'NONE',  ( 0.000000000000000000, -0.000000000000000000, 1.000000000000000000 ) ) ;
#6645 = EDGE_LOOP ( 'NONE', ( #3084, #7706, #4639, #6700 ) ) ;
#6646 = DIRECTION ( 'NONE',  ( -1.494344201662503279E-16, 0.000000000000000000, -1.000000000000000000 ) ) ;
#6647 = ORIENTED_EDGE ( 'NONE', *, *, #1124, .F. ) ;
#6648 = DIRECTION ( 'NONE',  ( 0.000000000000000000, -1.000000000000000000, 0.000000000000000000 ) ) ;
#6649 = LINE ( 'NONE', #8115, #5933 ) ;
#6650 = CARTESIAN_POINT ( 'NONE',  ( -8.968750000000000000, -6.031250000000000888, -15.53125000000000000 ) ) ;
#6651 = FACE_OUTER_BOUND ( 'NONE', #673, .T. ) ;
#6652 = PLANE ( 'NONE',  #5415 ) ;
#6653 = EDGE_CURVE ( 'NONE', #5837, #5032, #7845, .T. ) ;
#6654 = ORIENTED_EDGE ( 'NONE', *, *, #478, .T. ) ;
#6655 = DIRECTION ( 'NONE',  ( 0.000000000000000000, 1.000000000000000000, 0.000000000000000000 ) ) ;
#6656 = EDGE_CURVE ( 'NONE', #2315, #575, #7349, .T. ) ;
#6657 = LINE ( 'NONE', #3619, #7378 ) ;
#6658 = MANIFOLD_SOLID_BREP ( 'Boss-Extrude6[1]', #2988 ) ;
#6659 = DIMENSIONAL_EXPONENTS ( 1.000000000000000000, 0.000000000000000000, 0.000000000000000000, 0.000000000000000000, 0.000000000000000000, 0.000000000000000000, 0.000000000000000000 ) ;
#6660 = DIRECTION ( 'NONE',  ( 1.000000000000000000, 0.000000000000000000, -1.500757696090239076E-16 ) ) ;
#6661 = DIRECTION ( 'NONE',  ( 1.681137226870315789E-16, -1.000000000000000000, 0.000000000000000000 ) ) ;
#6662 = CLOSED_SHELL ( 'NONE', ( #2147, #3855, #7479, #4446 ) ) ;
#6663 = VERTEX_POINT ( 'NONE', #486 ) ;
#6664 = CARTESIAN_POINT ( 'NONE',  ( 4.812500000000004441, -6.500000000000000000, 0.4062500000000005551 ) ) ;
#6665 = FACE_OUTER_BOUND ( 'NONE', #3166, .T. ) ;
#6666 = ORIENTED_EDGE ( 'NONE', *, *, #1816, .F. ) ;
#6667 = VERTEX_POINT ( 'NONE', #37 ) ;
#6668 = DIRECTION ( 'NONE',  ( 0.000000000000000000, 0.000000000000000000, 1.000000000000000000 ) ) ;
#6669 = EDGE_CURVE ( 'NONE', #4845, #4441, #6020, .T. ) ;
#6670 = AXIS2_PLACEMENT_3D ( 'NONE', #3626, #6748, #6782 ) ;
#6671 = CARTESIAN_POINT ( 'NONE',  ( 11.00000000000000000, 0.4687500000000002776, -16.00000000000000000 ) ) ;
#6672 = DIRECTION ( 'NONE',  ( 0.000000000000000000, 0.000000000000000000, 1.000000000000000000 ) ) ;
#6673 = CARTESIAN_POINT ( 'NONE',  ( 10.06250000000000355, 0.2500000000000000000, -0.3125000000000029976 ) ) ;
#6674 = EDGE_LOOP ( 'NONE', ( #6591, #6808, #5253, #2193 ) ) ;
#6675 = CIRCLE ( 'NONE', #4942, 0.4375000000000003331 ) ;
#6676 = DIRECTION ( 'NONE',  ( 0.000000000000000000, -0.000000000000000000, -1.000000000000000000 ) ) ;
#6677 = ORIENTED_EDGE ( 'NONE', *, *, #2166, .T. ) ;
#6678 = CARTESIAN_POINT ( 'NONE',  ( 8.000000000000003553, -0.2499999999999997224, -5.977376806650015090E-16 ) ) ;
#6679 = PLANE ( 'NONE',  #7092 ) ;
#6680 = EDGE_CURVE ( 'NONE', #1170, #294, #2439, .T. ) ;
#6681 = ORIENTED_EDGE ( 'NONE', *, *, #6351, .T. ) ;
#6682 = PLANE ( 'NONE',  #5922 ) ;
#6683 = LINE ( 'NONE', #6296, #7476 ) ;
#6684 = LENGTH_MEASURE_WITH_UNIT ( LENGTH_MEASURE( 0.02539999999999999897 ), #7929 );
#6685 = FACE_OUTER_BOUND ( 'NONE', #4924, .T. ) ;
#6686 = MECHANICAL_DESIGN_GEOMETRIC_PRESENTATION_REPRESENTATION (  '', ( #6408 ), #4955 ) ;
#6687 = ORIENTED_EDGE ( 'NONE', *, *, #469, .F. ) ;
#6688 = CARTESIAN_POINT ( 'NONE',  ( 0.000000000000000000, -5.781250000000000000, 0.000000000000000000 ) ) ;
#6689 = ORIENTED_EDGE ( 'NONE', *, *, #1850, .F. ) ;
#6690 = CARTESIAN_POINT ( 'NONE',  ( -8.468750000000003553, -0.2499999999999997224, 0.06250000000000076328 ) ) ;
#6691 = EDGE_CURVE ( 'NONE', #7821, #938, #5522, .T. ) ;
#6692 = AXIS2_PLACEMENT_3D ( 'NONE', #5502, #8026, #506 ) ;
#6693 = DIRECTION ( 'NONE',  ( 0.000000000000000000, 1.000000000000000000, 0.000000000000000000 ) ) ;
#6694 = VECTOR ( 'NONE', #475, 39.37007874015748143 ) ;
#6695 = DIRECTION ( 'NONE',  ( -0.000000000000000000, 1.000000000000000000, -0.000000000000000000 ) ) ;
#6696 = DIRECTION ( 'NONE',  ( 0.000000000000000000, -1.000000000000000000, 0.000000000000000000 ) ) ;
#6697 = AXIS2_PLACEMENT_3D ( 'NONE', #1405, #3921, #6385 ) ;
#6698 = VECTOR ( 'NONE', #488, 39.37007874015748143 ) ;
#6699 = EDGE_CURVE ( 'NONE', #442, #940, #1777, .T. ) ;
#6700 = ORIENTED_EDGE ( 'NONE', *, *, #800, .T. ) ;
#6701 = DIRECTION ( 'NONE',  ( -1.000000000000000000, 0.000000000000000000, 0.000000000000000000 ) ) ;
#6702 = MANIFOLD_SOLID_BREP ( 'Boss-Extrude10[2]', #2726 ) ;
#6703 = CIRCLE ( 'NONE', #1964, 0.4375000000000002776 ) ;
#6704 = LINE ( 'NONE', #2385, #5926 ) ;
#6705 = DIRECTION ( 'NONE',  ( 0.000000000000000000, 0.000000000000000000, -1.000000000000000000 ) ) ;
#6706 = ORIENTED_EDGE ( 'NONE', *, *, #2416, .T. ) ;
#6707 = EDGE_CURVE ( 'NONE', #271, #7048, #644, .T. ) ;
#6708 = AXIS2_PLACEMENT_3D ( 'NONE', #837, #6655, #1602 ) ;
#6709 = VERTEX_POINT ( 'NONE', #6917 ) ;
#6710 = CARTESIAN_POINT ( 'NONE',  ( -9.437500000000003553, -6.500000000000000000, -4.687500000000000000 ) ) ;
#6711 = FACE_OUTER_BOUND ( 'NONE', #7666, .T. ) ;
#6712 =( NAMED_UNIT ( * ) PLANE_ANGLE_UNIT ( ) SI_UNIT ( $, .RADIAN. ) );
#6713 = PLANE ( 'NONE',  #816 ) ;
#6714 = ORIENTED_EDGE ( 'NONE', *, *, #4120, .F. ) ;
#6715 = CIRCLE ( 'NONE', #4466, 0.4375000000000009992 ) ;
#6716 = ADVANCED_FACE ( 'NONE', ( #5681 ), #4898, .T. ) ;
#6717 = DIMENSIONAL_EXPONENTS ( 1.000000000000000000, 0.000000000000000000, 0.000000000000000000, 0.000000000000000000, 0.000000000000000000, 0.000000000000000000, 0.000000000000000000 ) ;
#6718 = ORIENTED_EDGE ( 'NONE', *, *, #1018, .T. ) ;
#6719 = LINE ( 'NONE', #3630, #4765 ) ;
#6720 = AXIS2_PLACEMENT_3D ( 'NONE', #7524, #7560, #5947 ) ;
#6721 = DIRECTION ( 'NONE',  ( 1.000000000000000000, 0.000000000000000000, -0.000000000000000000 ) ) ;
#6722 = AXIS2_PLACEMENT_3D ( 'NONE', #4078, #5917, #4548 ) ;
#6723 = ORIENTED_EDGE ( 'NONE', *, *, #1592, .F. ) ;
#6724 = CARTESIAN_POINT ( 'NONE',  ( -10.06250000000000355, 0.2500000000000000000, -14.81249999999999822 ) ) ;
#6725 = CARTESIAN_POINT ( 'NONE',  ( -8.968750000000000000, -6.500000000000000000, -16.00000000000000000 ) ) ;
#6726 = EDGE_CURVE ( 'NONE', #7445, #1787, #7391, .T. ) ;
#6727 = AXIS2_PLACEMENT_3D ( 'NONE', #6588, #3963, #7918 ) ;
#6728 = CARTESIAN_POINT ( 'NONE',  ( -9.437500000000003553, -6.500000000000000000, -4.812500000000000000 ) ) ;
#6729 = ORIENTED_EDGE ( 'NONE', *, *, #2899, .F. ) ;
#6730 = DIRECTION ( 'NONE',  ( -1.000000000000000000, 0.000000000000000000, -8.741913579725688053E-15 ) ) ;
#6731 = EDGE_LOOP ( 'NONE', ( #3073, #1903, #1212, #6447 ) ) ;
#6732 = DIRECTION ( 'NONE',  ( 1.000000000000000000, 0.000000000000000000, 0.000000000000000000 ) ) ;
#6733 = ADVANCED_FACE ( 'NONE', ( #3062 ), #4319, .T. ) ;
#6734 = AXIS2_PLACEMENT_3D ( 'NONE', #3233, #7641, #828 ) ;
#6735 = DIRECTION ( 'NONE',  ( -1.000000000000000000, -1.681137226870315542E-16, 0.000000000000000000 ) ) ;
#6736 = CARTESIAN_POINT ( 'NONE',  ( 8.000000000000003553, -5.781250000000000000, -0.4062499999999994449 ) ) ;
#6737 = ADVANCED_FACE ( 'NONE', ( #1200 ), #3717, .F. ) ;
#6738 = LINE ( 'NONE', #4192, #5606 ) ;
#6739 = VECTOR ( 'NONE', #4825, 39.37007874015748143 ) ;
#6740 = CARTESIAN_POINT ( 'NONE',  ( -9.437500000000001776, -6.505936120470312141E-17, -16.00000000000000000 ) ) ;
#6741 = ORIENTED_EDGE ( 'NONE', *, *, #5272, .T. ) ;
#6742 = VECTOR ( 'NONE', #261, 39.37007874015748143 ) ;
#6743 = DIRECTION ( 'NONE',  ( 1.000000000000000000, 0.000000000000000000, -8.741913579725607589E-15 ) ) ;
#6744 = PLANE ( 'NONE',  #4908 ) ;
#6745 = ORIENTED_EDGE ( 'NONE', *, *, #877, .F. ) ;
#6746 = CARTESIAN_POINT ( 'NONE',  ( 8.468750000000007105, -5.781250000000004441, -0.1562500000000008327 ) ) ;
#6747 = ORIENTED_EDGE ( 'NONE', *, *, #3625, .T. ) ;
#6748 = DIRECTION ( 'NONE',  ( 0.000000000000000000, 1.000000000000000000, 0.000000000000000000 ) ) ;
#6749 = EDGE_CURVE ( 'NONE', #3917, #3442, #1565, .T. ) ;
#6750 =( NAMED_UNIT ( * ) SI_UNIT ( $, .STERADIAN. ) SOLID_ANGLE_UNIT ( ) );
#6751 = CARTESIAN_POINT ( 'NONE',  ( -8.187500000000003553, -17.48437499999999645, -14.53125000000000000 ) ) ;
#6752 = ORIENTED_EDGE ( 'NONE', *, *, #7486, .F. ) ;
#6753 = ORIENTED_EDGE ( 'NONE', *, *, #2166, .F. ) ;
#6754 = DIRECTION ( 'NONE',  ( 0.000000000000000000, -0.000000000000000000, -1.000000000000000000 ) ) ;
#6755 = VECTOR ( 'NONE', #1341, 39.37007874015748143 ) ;
#6756 = CARTESIAN_POINT ( 'NONE',  ( 8.968750000000001776, -6.499999999999998224, 0.000000000000000000 ) ) ;
#6757 = ORIENTED_EDGE ( 'NONE', *, *, #2381, .F. ) ;
#6758 = EDGE_CURVE ( 'NONE', #3016, #4254, #3414, .T. ) ;
#6759 = EDGE_CURVE ( 'NONE', #3110, #312, #853, .T. ) ;
#6760 = FACE_OUTER_BOUND ( 'NONE', #2195, .T. ) ;
#6761 = FILL_AREA_STYLE ('',( #2525 ) ) ;
#6762 = DIRECTION ( 'NONE',  ( 1.000000000000000000, 0.000000000000000000, 0.000000000000000000 ) ) ;
#6763 = ORIENTED_EDGE ( 'NONE', *, *, #5158, .T. ) ;
#6764 = LINE ( 'NONE', #8010, #4351 ) ;
#6765 = ORIENTED_EDGE ( 'NONE', *, *, #4843, .F. ) ;
#6766 = CYLINDRICAL_SURFACE ( 'NONE', #3677, 0.4375000000000003331 ) ;
#6767 = EDGE_CURVE ( 'NONE', #4965, #6172, #117, .T. ) ;
#6768 = CARTESIAN_POINT ( 'NONE',  ( -10.06250000000000355, -14.48437499999999822, -0.3125000000000031086 ) ) ;
#6769 = CARTESIAN_POINT ( 'NONE',  ( -9.437500000000003553, 0.000000000000000000, -7.937499999999999112 ) ) ;
#6770 = SURFACE_SIDE_STYLE ('',( #3495 ) ) ;
#6771 = EDGE_CURVE ( 'NONE', #3862, #4945, #2107, .T. ) ;
#6772 = FACE_OUTER_BOUND ( 'NONE', #4225, .T. ) ;
#6773 = ORIENTED_EDGE ( 'NONE', *, *, #4772, .T. ) ;
#6774 = EDGE_CURVE ( 'NONE', #2591, #6213, #2731, .T. ) ;
#6775 = DIRECTION ( 'NONE',  ( 1.000000000000000000, 0.000000000000000000, 0.000000000000000000 ) ) ;
#6776 = DIRECTION ( 'NONE',  ( -0.000000000000000000, 1.000000000000000000, -0.000000000000000000 ) ) ;
#6777 = ORIENTED_EDGE ( 'NONE', *, *, #2338, .F. ) ;
#6778 = DIRECTION ( 'NONE',  ( -0.000000000000000000, 1.000000000000000000, -0.000000000000000000 ) ) ;
#6779 = LINE ( 'NONE', #6626, #5667 ) ;
#6780 = VERTEX_POINT ( 'NONE', #7581 ) ;
#6781 = ADVANCED_FACE ( 'NONE', ( #1320 ), #3389, .T. ) ;
#6782 = DIRECTION ( 'NONE',  ( 0.000000000000000000, 0.000000000000000000, 1.000000000000000000 ) ) ;
#6783 = PLANE ( 'NONE',  #6031 ) ;
#6784 = CARTESIAN_POINT ( 'NONE',  ( -9.312500000000001776, 0.000000000000000000, -4.687500000000000000 ) ) ;
#6785 = VERTEX_POINT ( 'NONE', #1442 ) ;
#6786 = CLOSED_SHELL ( 'NONE', ( #5700, #4938, #1471, #6716, #7278, #5049 ) ) ;
#6787 = ORIENTED_EDGE ( 'NONE', *, *, #5207, .T. ) ;
#6788 = DIRECTION ( 'NONE',  ( 0.000000000000000000, 1.000000000000000000, 0.000000000000000000 ) ) ;
#6789 = DIRECTION ( 'NONE',  ( -0.000000000000000000, 1.000000000000000000, -0.000000000000000000 ) ) ;
#6790 = EDGE_LOOP ( 'NONE', ( #7987, #2432, #827, #6994 ) ) ;
#6791 =( NAMED_UNIT ( * ) SI_UNIT ( $, .STERADIAN. ) SOLID_ANGLE_UNIT ( ) );
#6792 = AXIS2_PLACEMENT_3D ( 'NONE', #4054, #3361, #955 ) ;
#6793 = DIRECTION ( 'NONE',  ( -1.000000000000000000, -0.000000000000000000, -0.000000000000000000 ) ) ;
#6794 =( NAMED_UNIT ( * ) SI_UNIT ( $, .STERADIAN. ) SOLID_ANGLE_UNIT ( ) );
#6795 = FACE_OUTER_BOUND ( 'NONE', #7281, .T. ) ;
#6796 = EDGE_CURVE ( 'NONE', #5034, #5536, #159, .T. ) ;
#6797 = ORIENTED_EDGE ( 'NONE', *, *, #7456, .F. ) ;
#6798 = DIRECTION ( 'NONE',  ( -1.000000000000000000, 0.000000000000000000, 0.000000000000000000 ) ) ;
#6799 = VERTEX_POINT ( 'NONE', #6341 ) ;
#6800 = CARTESIAN_POINT ( 'NONE',  ( -9.625000000000001776, -6.500000000000000000, -14.49999999999999822 ) ) ;
#6801 = VECTOR ( 'NONE', #1800, 39.37007874015748143 ) ;
#6802 = SURFACE_STYLE_USAGE ( .BOTH. , #7436 ) ;
#6803 = DIRECTION ( 'NONE',  ( 0.000000000000000000, 1.000000000000000000, 0.000000000000000000 ) ) ;
#6804 = STYLED_ITEM ( 'NONE', ( #2981 ), #6620 ) ;
#6805 = COLOUR_RGB ( '',0.5294117647058823595, 0.2627450980392156965, 0.06274509803921568540 ) ;
#6806 = EDGE_CURVE ( 'NONE', #2205, #5300, #5141, .T. ) ;
#6807 = CARTESIAN_POINT ( 'NONE',  ( 10.06250000000000355, 0.2500000000000000000, -15.25000000000000000 ) ) ;
#6808 = ORIENTED_EDGE ( 'NONE', *, *, #3203, .F. ) ;
#6809 = AXIS2_PLACEMENT_3D ( 'NONE', #3353, #6467, #347 ) ;
#6810 = ORIENTED_EDGE ( 'NONE', *, *, #1600, .T. ) ;
#6811 = PRESENTATION_LAYER_ASSIGNMENT (  '', '', ( #1694 ) ) ;
#6812 = DIRECTION ( 'NONE',  ( -0.000000000000000000, 0.000000000000000000, 1.000000000000000000 ) ) ;
#6813 = CARTESIAN_POINT ( 'NONE',  ( 0.000000000000000000, -3.250000000000000000, 1.031249999999999334 ) ) ;
#6814 = ORIENTED_EDGE ( 'NONE', *, *, #1628, .F. ) ;
#6815 = AXIS2_PLACEMENT_3D ( 'NONE', #1456, #3928, #6432 ) ;
#6816 = DIRECTION ( 'NONE',  ( 1.000000000000000000, 0.000000000000000000, -1.500757696090238830E-16 ) ) ;
#6817 = ADVANCED_FACE ( 'NONE', ( #7004 ), #1361, .F. ) ;
#6818 =( NAMED_UNIT ( * ) PLANE_ANGLE_UNIT ( ) SI_UNIT ( $, .RADIAN. ) );
#6819 = VERTEX_POINT ( 'NONE', #7672 ) ;
#6820 = SURFACE_STYLE_FILL_AREA ( #1796 ) ;
#6821 = AXIS2_PLACEMENT_3D ( 'NONE', #6183, #533, #3799 ) ;
#6822 = VERTEX_POINT ( 'NONE', #5096 ) ;
#6823 = AXIS2_PLACEMENT_3D ( 'NONE', #770, #2108, #3308 ) ;
#6824 = ADVANCED_FACE ( 'NONE', ( #1490 ), #4008, .F. ) ;
#6825 = CARTESIAN_POINT ( 'NONE',  ( -8.468750000000003553, -5.781250000000000000, 0.06250000000000076328 ) ) ;
#6826 = DIRECTION ( 'NONE',  ( 0.000000000000000000, -0.000000000000000000, 1.000000000000000000 ) ) ;
#6827 = ORIENTED_EDGE ( 'NONE', *, *, #3509, .F. ) ;
#6828 = EDGE_CURVE ( 'NONE', #4640, #6780, #6284, .T. ) ;
#6829 = STYLED_ITEM ( 'NONE', ( #7488 ), #3631 ) ;
#6830 = ORIENTED_EDGE ( 'NONE', *, *, #3341, .F. ) ;
#6831 = CARTESIAN_POINT ( 'NONE',  ( -8.656250000000005329, -17.48437499999999645, -14.78125000000000178 ) ) ;
#6832 = FACE_OUTER_BOUND ( 'NONE', #174, .T. ) ;
#6833 = VERTEX_POINT ( 'NONE', #768 ) ;
#6834 = COLOUR_RGB ( '',0.8392156862745098200, 0.4666666666666666741, 0.3686274509803921795 ) ;
#6835 = LENGTH_MEASURE_WITH_UNIT ( LENGTH_MEASURE( 0.02539999999999999897 ), #2436 );
#6836 = PLANE ( 'NONE',  #5663 ) ;
#6837 = CARTESIAN_POINT ( 'NONE',  ( 8.187500000000003553, -17.48437499999999645, -14.78125000000000355 ) ) ;
#6838 = LINE ( 'NONE', #4440, #3149 ) ;
#6839 = CIRCLE ( 'NONE', #3820, 0.4375000000000002776 ) ;
#6840 = ORIENTED_EDGE ( 'NONE', *, *, #168, .F. ) ;
#6841 = DIRECTION ( 'NONE',  ( 0.000000000000000000, -1.000000000000000000, 0.000000000000000000 ) ) ;
#6842 = ORIENTED_EDGE ( 'NONE', *, *, #5405, .F. ) ;
#6843 = DIRECTION ( 'NONE',  ( -0.000000000000000000, 0.000000000000000000, -1.000000000000000000 ) ) ;
#6844 = DIRECTION ( 'NONE',  ( 1.000000000000000000, 0.000000000000000000, 0.000000000000000000 ) ) ;
#6845 = ADVANCED_FACE ( 'NONE', ( #1979 ), #6506, .F. ) ;
#6846 = VECTOR ( 'NONE', #2421, 39.37007874015748143 ) ;
#6847 = CARTESIAN_POINT ( 'NONE',  ( -10.06250000000000355, 0.2500000000000000000, -1.187500000000003553 ) ) ;
#6848 = VECTOR ( 'NONE', #7695, 39.37007874015748143 ) ;
#6849 = ORIENTED_EDGE ( 'NONE', *, *, #157, .F. ) ;
#6850 = VECTOR ( 'NONE', #7003, 39.37007874015748143 ) ;
#6851 = VERTEX_POINT ( 'NONE', #3260 ) ;
#6852 = EDGE_CURVE ( 'NONE', #5934, #2591, #4438, .T. ) ;
#6853 = MANIFOLD_SOLID_BREP ( 'Revolve1', #863 ) ;
#6854 = VECTOR ( 'NONE', #2299, 39.37007874015748143 ) ;
#6855 = PLANE ( 'NONE',  #2519 ) ;
#6856 = UNCERTAINTY_MEASURE_WITH_UNIT (LENGTH_MEASURE( 1.000000000000000082E-05 ), #7230, 'distance_accuracy_value', 'NONE');
#6857 = PLANE ( 'NONE',  #4141 ) ;
#6858 = EDGE_LOOP ( 'NONE', ( #148, #5043 ) ) ;
#6859 = CARTESIAN_POINT ( 'NONE',  ( 8.468750000000007105, -0.2499999999999997224, -0.1562500000000008327 ) ) ;
#6860 = PLANE ( 'NONE',  #3975 ) ;
#6861 = AXIS2_PLACEMENT_3D ( 'NONE', #3598, #6248, #6754 ) ;
#6862 = ORIENTED_EDGE ( 'NONE', *, *, #6593, .F. ) ;
#6863 = DIRECTION ( 'NONE',  ( 0.000000000000000000, 1.000000000000000000, 0.000000000000000000 ) ) ;
#6864 = ORIENTED_EDGE ( 'NONE', *, *, #6828, .F. ) ;
#6865 = CARTESIAN_POINT ( 'NONE',  ( -9.437500000000003553, -6.500000000000000000, -4.687500000000000000 ) ) ;
#6866 = EDGE_CURVE ( 'NONE', #6039, #3655, #687, .T. ) ;
#6867 = FACE_OUTER_BOUND ( 'NONE', #7740, .T. ) ;
#6868 = CARTESIAN_POINT ( 'NONE',  ( 9.312500000000001776, -6.499999999999998224, -4.687499999999998224 ) ) ;
#6869 = ORIENTED_EDGE ( 'NONE', *, *, #8088, .F. ) ;
#6870 = VECTOR ( 'NONE', #1382, 39.37007874015748143 ) ;
#6871 = EDGE_CURVE ( 'NONE', #1159, #3920, #1727, .T. ) ;
#6872 = ORIENTED_EDGE ( 'NONE', *, *, #6026, .T. ) ;
#6873 = DIRECTION ( 'NONE',  ( 0.000000000000000000, 1.000000000000000000, 0.000000000000000000 ) ) ;
#6874 = ORIENTED_EDGE ( 'NONE', *, *, #4890, .T. ) ;
#6875 = CARTESIAN_POINT ( 'NONE',  ( -10.06250000000000355, 0.000000000000000000, -15.25000000000000000 ) ) ;
#6876 = ORIENTED_EDGE ( 'NONE', *, *, #5012, .F. ) ;
#6877 = AXIS2_PLACEMENT_3D ( 'NONE', #6165, #514, #444 ) ;
#6878 = EDGE_CURVE ( 'NONE', #3383, #4350, #4165, .T. ) ;
#6879 = DIRECTION ( 'NONE',  ( 0.000000000000000000, 1.000000000000000000, 0.000000000000000000 ) ) ;
#6880 = PLANE ( 'NONE',  #3977 ) ;
#6881 = CARTESIAN_POINT ( 'NONE',  ( 10.06250000000000355, -25.00000000000000000, -15.68750000000000000 ) ) ;
#6882 = DIRECTION ( 'NONE',  ( -0.000000000000000000, -0.000000000000000000, 1.000000000000000000 ) ) ;
#6883 = ORIENTED_EDGE ( 'NONE', *, *, #1498, .T. ) ;
#6884 = CARTESIAN_POINT ( 'NONE',  ( 10.06250000000000355, 0.2500000000000000000, -0.3125000000000029976 ) ) ;
#6885 = EDGE_LOOP ( 'NONE', ( #4856, #2558, #5451, #5285 ) ) ;
#6886 = DIRECTION ( 'NONE',  ( 0.000000000000000000, 1.000000000000000000, 0.000000000000000000 ) ) ;
#6887 = SURFACE_STYLE_FILL_AREA ( #4906 ) ;
#6888 = ADVANCED_FACE ( 'NONE', ( #6121 ), #5429, .F. ) ;
#6889 = PRESENTATION_LAYER_ASSIGNMENT (  '', '', ( #1641 ) ) ;
#6890 = DIRECTION ( 'NONE',  ( -0.000000000000000000, 1.000000000000000000, -0.000000000000000000 ) ) ;
#6891 = ORIENTED_EDGE ( 'NONE', *, *, #6758, .F. ) ;
#6892 = ORIENTED_EDGE ( 'NONE', *, *, #2136, .T. ) ;
#6893 = VERTEX_POINT ( 'NONE', #7951 ) ;
#6894 = PLANE ( 'NONE',  #2510 ) ;
#6895 = DIRECTION ( 'NONE',  ( 0.000000000000000000, 1.000000000000000000, 0.000000000000000000 ) ) ;
#6896 = FILL_AREA_STYLE ('',( #1174 ) ) ;
#6897 = DIRECTION ( 'NONE',  ( -8.741913579725612322E-15, 0.000000000000000000, -1.000000000000000000 ) ) ;
#6898 = LINE ( 'NONE', #2455, #4710 ) ;
#6899 = FACE_OUTER_BOUND ( 'NONE', #4305, .T. ) ;
#6900 = EDGE_CURVE ( 'NONE', #6785, #5485, #7988, .T. ) ;
#6901 = ORIENTED_EDGE ( 'NONE', *, *, #843, .T. ) ;
#6902 = DIRECTION ( 'NONE',  ( 0.000000000000000000, 1.000000000000000000, 0.000000000000000000 ) ) ;
#6903 = EDGE_LOOP ( 'NONE', ( #4374, #2387, #7848, #6314, #4510, #3244, #5931, #8002, #2361, #7954, #6203, #537, #7422, #1864, #635, #5088 ) ) ;
#6904 = DIRECTION ( 'NONE',  ( 1.346415657017119838E-16, -1.000000000000000000, -0.000000000000000000 ) ) ;
#6905 = CARTESIAN_POINT ( 'NONE',  ( -9.437500000000003553, -6.500000000000000000, -11.18750000000000000 ) ) ;
#6906 = DIRECTION ( 'NONE',  ( -1.000000000000000000, 0.000000000000000000, 9.106159978880884790E-17 ) ) ;
#6907 = ORIENTED_EDGE ( 'NONE', *, *, #5510, .F. ) ;
#6908 = EDGE_CURVE ( 'NONE', #3016, #7423, #2933, .T. ) ;
#6909 = EDGE_LOOP ( 'NONE', ( #456, #5914, #5256, #164 ) ) ;
#6910 = ORIENTED_EDGE ( 'NONE', *, *, #6919, .T. ) ;
#6911 = PLANE ( 'NONE',  #502 ) ;
#6912 = ORIENTED_EDGE ( 'NONE', *, *, #7324, .T. ) ;
#6913 = CARTESIAN_POINT ( 'NONE',  ( -4.812500000000004441, -6.500000000000000000, 0.4062500000000005551 ) ) ;
#6914 = FACE_OUTER_BOUND ( 'NONE', #1971, .T. ) ;
#6915 = CARTESIAN_POINT ( 'NONE',  ( -8.187500000000001776, -17.48437499999999645, -0.2187500000000011102 ) ) ;
#6916 = FACE_OUTER_BOUND ( 'NONE', #1748, .T. ) ;
#6917 = CARTESIAN_POINT ( 'NONE',  ( 8.187500000000007105, -14.48437500000000178, -0.2187500000000011102 ) ) ;
#6918 = LINE ( 'NONE', #7584, #6156 ) ;
#6919 = EDGE_CURVE ( 'NONE', #7494, #2540, #7414, .T. ) ;
#6920 = ORIENTED_EDGE ( 'NONE', *, *, #6154, .F. ) ;
#6921 = CARTESIAN_POINT ( 'NONE',  ( 8.656250000000005329, -14.73437499999999645, -14.78125000000000355 ) ) ;
#6922 = VERTEX_POINT ( 'NONE', #2887 ) ;
#6923 = CARTESIAN_POINT ( 'NONE',  ( -8.125000000000003553, -1.499999999999999778, 0.7187499999999992228 ) ) ;
#6924 =( NAMED_UNIT ( * ) PLANE_ANGLE_UNIT ( ) SI_UNIT ( $, .RADIAN. ) );
#6925 = AXIS2_PLACEMENT_3D ( 'NONE', #301, #3940, #4627 ) ;
#6926 = CARTESIAN_POINT ( 'NONE',  ( 11.00000000000000000, -14.01562499999999822, 1.156250000000002220 ) ) ;
#6927 = EDGE_CURVE ( 'NONE', #6893, #4660, #7296, .T. ) ;
#6928 = AXIS2_PLACEMENT_3D ( 'NONE', #337, #4114, #6562 ) ;
#6929 = ORIENTED_EDGE ( 'NONE', *, *, #4910, .F. ) ;
#6930 = CARTESIAN_POINT ( 'NONE',  ( 10.06250000000000355, 0.000000000000000000, -1.187500000000003553 ) ) ;
#6931 = ORIENTED_EDGE ( 'NONE', *, *, #2926, .T. ) ;
#6932 = ORIENTED_EDGE ( 'NONE', *, *, #6035, .F. ) ;
#6933 = LINE ( 'NONE', #1913, #7908 ) ;
#6934 = STYLED_ITEM ( 'NONE', ( #7227 ), #1106 ) ;
#6935 = CARTESIAN_POINT ( 'NONE',  ( -9.625000000000001776, -6.500000000000000000, -1.500000000000000222 ) ) ;
#6936 = LENGTH_MEASURE_WITH_UNIT ( LENGTH_MEASURE( 0.02539999999999999897 ), #5659 );
#6937 = ORIENTED_EDGE ( 'NONE', *, *, #5761, .F. ) ;
#6938 = DIRECTION ( 'NONE',  ( 7.284927983104696985E-16, 0.000000000000000000, 1.000000000000000000 ) ) ;
#6939 = CARTESIAN_POINT ( 'NONE',  ( 8.000000000000003553, -0.2500000000000074385, -0.1562500000000008327 ) ) ;
#6940 = COLOUR_RGB ( '',0.5294117647058823595, 0.2627450980392156965, 0.06274509803921568540 ) ;
#6941 =( GEOMETRIC_REPRESENTATION_CONTEXT ( 3 ) GLOBAL_UNCERTAINTY_ASSIGNED_CONTEXT ( ( #7886 ) ) GLOBAL_UNIT_ASSIGNED_CONTEXT ( ( #4209, #6712, #6750 ) ) REPRESENTATION_CONTEXT ( 'NONE', 'WORKASPACE' ) );
#6942 = ORIENTED_EDGE ( 'NONE', *, *, #523, .F. ) ;
#6943 = ORIENTED_EDGE ( 'NONE', *, *, #1606, .T. ) ;
#6944 = VECTOR ( 'NONE', #5076, 39.37007874015748143 ) ;
#6945 = LINE ( 'NONE', #1847, #2952 ) ;
#6946 = ADVANCED_FACE ( 'NONE', ( #3003 ), #1136, .T. ) ;
#6947 = MECHANICAL_DESIGN_GEOMETRIC_PRESENTATION_REPRESENTATION (  '', ( #6287 ), #6585 ) ;
#6948 = ORIENTED_EDGE ( 'NONE', *, *, #5636, .T. ) ;
#6949 = VERTEX_POINT ( 'NONE', #6746 ) ;
#6950 = VECTOR ( 'NONE', #952, 39.37007874015748143 ) ;
#6951 = VECTOR ( 'NONE', #5168, 39.37007874015748143 ) ;
#6952 = ORIENTED_EDGE ( 'NONE', *, *, #4170, .F. ) ;
#6953 = CARTESIAN_POINT ( 'NONE',  ( 9.625000000000001776, -17.48437500000000000, -0.4687500000000009992 ) ) ;
#6954 = ORIENTED_EDGE ( 'NONE', *, *, #6656, .T. ) ;
#6955 = CARTESIAN_POINT ( 'NONE',  ( -9.437500000000001776, -6.500000000000000000, 0.000000000000000000 ) ) ;
#6956 = DIRECTION ( 'NONE',  ( -1.500757696090238830E-16, -0.000000000000000000, -1.000000000000000000 ) ) ;
#6957 = ADVANCED_FACE ( 'NONE', ( #3657 ), #4241, .F. ) ;
#6958 = LINE ( 'NONE', #686, #1470 ) ;
#6959 = VECTOR ( 'NONE', #2227, 39.37007874015748143 ) ;
#6960 = CARTESIAN_POINT ( 'NONE',  ( 8.656250000000005329, -25.00000000000000000, -14.78125000000000355 ) ) ;
#6961 = CARTESIAN_POINT ( 'NONE',  ( -8.968750000000000000, -3.500000000000000000, -15.53125000000000000 ) ) ;
#6962 = ORIENTED_EDGE ( 'NONE', *, *, #861, .T. ) ;
#6963 = CARTESIAN_POINT ( 'NONE',  ( 9.437500000000001776, 2.311520833390629471E-15, -14.49999999999999822 ) ) ;
#6964 = ORIENTED_EDGE ( 'NONE', *, *, #6680, .T. ) ;
#6965 = LINE ( 'NONE', #4444, #4967 ) ;
#6966 = STYLED_ITEM ( 'NONE', ( #1473 ), #3761 ) ;
#6967 = CARTESIAN_POINT ( 'NONE',  ( 10.06250000000000355, -14.01562499999999822, -15.25000000000000000 ) ) ;
#6968 = UNCERTAINTY_MEASURE_WITH_UNIT (LENGTH_MEASURE( 1.000000000000000082E-05 ), #4623, 'distance_accuracy_value', 'NONE');
#6969 = ADVANCED_FACE ( 'NONE', ( #3043 ), #3541, .F. ) ;
#6970 = AXIS2_PLACEMENT_3D ( 'NONE', #2139, #223, #3947 ) ;
#6971 = VECTOR ( 'NONE', #4637, 39.37007874015748143 ) ;
#6972 = EDGE_LOOP ( 'NONE', ( #70, #49 ) ) ;
#6973 = LINE ( 'NONE', #7722, #7398 ) ;
#6974 = ORIENTED_EDGE ( 'NONE', *, *, #6796, .F. ) ;
#6975 = EDGE_CURVE ( 'NONE', #4286, #5466, #6043, .T. ) ;
#6976 = ORIENTED_EDGE ( 'NONE', *, *, #1592, .T. ) ;
#6977 = PLANE ( 'NONE',  #395 ) ;
#6978 = VECTOR ( 'NONE', #2883, 39.37007874015748143 ) ;
#6979 = EDGE_CURVE ( 'NONE', #4286, #6799, #1648, .T. ) ;
#6980 = FACE_OUTER_BOUND ( 'NONE', #5178, .T. ) ;
#6981 = DIRECTION ( 'NONE',  ( -1.000000000000000000, -1.346415657017119838E-16, 0.000000000000000000 ) ) ;
#6982 = DIRECTION ( 'NONE',  ( 0.000000000000000000, 0.000000000000000000, -1.000000000000000000 ) ) ;
#6983 = CARTESIAN_POINT ( 'NONE',  ( 9.437500000000001776, 0.000000000000000000, -16.00000000000000000 ) ) ;
#6984 = DIRECTION ( 'NONE',  ( 1.000000000000000000, 0.000000000000000000, 0.000000000000000000 ) ) ;
#6985 = VECTOR ( 'NONE', #4540, 39.37007874015748143 ) ;
#6986 = EDGE_LOOP ( 'NONE', ( #3729, #4752, #7396, #3132 ) ) ;
#6987 = LINE ( 'NONE', #7733, #4983 ) ;
#6988 = EDGE_LOOP ( 'NONE', ( #2832, #393, #4273, #5210 ) ) ;
#6989 = VECTOR ( 'NONE', #8055, 39.37007874015748143 ) ;
#6990 = ADVANCED_FACE ( 'NONE', ( #4503 ), #3735, .T. ) ;
#6991 = VECTOR ( 'NONE', #2833, 39.37007874015748143 ) ;
#6992 = DIRECTION ( 'NONE',  ( -0.000000000000000000, 1.000000000000000000, -0.000000000000000000 ) ) ;
#6993 = LINE ( 'NONE', #5125, #4785 ) ;
#6994 = ORIENTED_EDGE ( 'NONE', *, *, #1538, .F. ) ;
#6995 = VECTOR ( 'NONE', #7385, 39.37007874015748143 ) ;
#6996 = ORIENTED_EDGE ( 'NONE', *, *, #175, .F. ) ;
#6997 = ORIENTED_EDGE ( 'NONE', *, *, #7297, .T. ) ;
#6998 = DIRECTION ( 'NONE',  ( 0.000000000000000000, -1.000000000000000000, 0.000000000000000000 ) ) ;
#6999 = EDGE_CURVE ( 'NONE', #5777, #1444, #6898, .T. ) ;
#7000 = EDGE_LOOP ( 'NONE', ( #2279, #4826, #6948, #1414 ) ) ;
#7001 = ADVANCED_FACE ( 'NONE', ( #8140 ), #3775, .F. ) ;
#7002 = CARTESIAN_POINT ( 'NONE',  ( -9.625000000000003553, 0.000000000000000000, 0.06250000000000104083 ) ) ;
#7003 = DIRECTION ( 'NONE',  ( 0.000000000000000000, -1.000000000000000000, 0.000000000000000000 ) ) ;
#7004 = FACE_OUTER_BOUND ( 'NONE', #6885, .T. ) ;
#7005 = LINE ( 'NONE', #855, #110 ) ;
#7006 = ORIENTED_EDGE ( 'NONE', *, *, #6577, .T. ) ;
#7007 = DIRECTION ( 'NONE',  ( 1.500757696090238830E-16, 0.000000000000000000, 1.000000000000000000 ) ) ;
#7008 = VECTOR ( 'NONE', #2975, 39.37007874015748143 ) ;
#7009 = ADVANCED_FACE ( 'NONE', ( #543 ), #1836, .T. ) ;
#7010 = ORIENTED_EDGE ( 'NONE', *, *, #1344, .F. ) ;
#7011 = LINE ( 'NONE', #1326, #2901 ) ;
#7012 = EDGE_CURVE ( 'NONE', #2759, #7763, #3163, .T. ) ;
#7013 = CARTESIAN_POINT ( 'NONE',  ( 8.125000000000003553, -6.500000000000000000, 0.7187499999999992228 ) ) ;
#7014 = AXIS2_PLACEMENT_3D ( 'NONE', #3939, #2622, #6564 ) ;
#7015 = ORIENTED_EDGE ( 'NONE', *, *, #4106, .F. ) ;
#7016 = DIRECTION ( 'NONE',  ( 0.000000000000000000, 0.000000000000000000, -1.000000000000000000 ) ) ;
#7017 = ORIENTED_EDGE ( 'NONE', *, *, #7372, .F. ) ;
#7018 = CARTESIAN_POINT ( 'NONE',  ( 9.437500000000001776, -6.499999999999998224, -16.00000000000000000 ) ) ;
#7019 = EDGE_CURVE ( 'NONE', #1087, #6628, #1883, .T. ) ;
#7020 = AXIS2_PLACEMENT_3D ( 'NONE', #7898, #6033, #2991 ) ;
#7021 = ORIENTED_EDGE ( 'NONE', *, *, #8084, .F. ) ;
#7022 = DIRECTION ( 'NONE',  ( 0.000000000000000000, 1.000000000000000000, -0.000000000000000000 ) ) ;
#7023 = DIRECTION ( 'NONE',  ( -0.000000000000000000, 1.000000000000000000, -0.000000000000000000 ) ) ;
#7024 = UNCERTAINTY_MEASURE_WITH_UNIT (LENGTH_MEASURE( 1.000000000000000082E-05 ), #1593, 'distance_accuracy_value', 'NONE');
#7025 = LINE ( 'NONE', #2710, #7162 ) ;
#7026 = CARTESIAN_POINT ( 'NONE',  ( -10.06250000000000355, -14.01562499999999822, -0.7500000000000033307 ) ) ;
#7027 = DIRECTION ( 'NONE',  ( 1.000000000000000000, 0.000000000000000000, 0.000000000000000000 ) ) ;
#7028 = CARTESIAN_POINT ( 'NONE',  ( 0.000000000000000000, -2.812500000000000000, 0.5312499999999991118 ) ) ;
#7029 = EDGE_CURVE ( 'NONE', #6388, #7829, #3081, .T. ) ;
#7030 = VERTEX_POINT ( 'NONE', #706 ) ;
#7031 = DIRECTION ( 'NONE',  ( 0.000000000000000000, 1.000000000000000000, 0.000000000000000000 ) ) ;
#7032 = ORIENTED_EDGE ( 'NONE', *, *, #7660, .T. ) ;
#7033 = DIRECTION ( 'NONE',  ( 0.000000000000000000, 1.000000000000000000, 0.000000000000000000 ) ) ;
#7034 = LINE ( 'NONE', #1389, #4869 ) ;
#7035 = CARTESIAN_POINT ( 'NONE',  ( 8.656250000000007105, -25.00000000000000000, -0.2187500000000011102 ) ) ;
#7036 = EDGE_LOOP ( 'NONE', ( #2289, #7246, #7862, #3274 ) ) ;
#7037 = DIRECTION ( 'NONE',  ( -1.000000000000000000, -1.681137226870315542E-16, 0.000000000000000000 ) ) ;
#7038 = EDGE_CURVE ( 'NONE', #4912, #1650, #3242, .T. ) ;
#7039 = VERTEX_POINT ( 'NONE', #5041 ) ;
#7040 = VERTEX_POINT ( 'NONE', #4340 ) ;
#7041 = CARTESIAN_POINT ( 'NONE',  ( -10.06250000000000355, 0.2500000000000000000, -15.68750000000000000 ) ) ;
#7042 = ORIENTED_EDGE ( 'NONE', *, *, #7050, .F. ) ;
#7043 =( NAMED_UNIT ( * ) SI_UNIT ( $, .STERADIAN. ) SOLID_ANGLE_UNIT ( ) );
#7044 = DIRECTION ( 'NONE',  ( 1.346415657017119838E-16, -1.000000000000000000, -0.000000000000000000 ) ) ;
#7045 = DIRECTION ( 'NONE',  ( -0.000000000000000000, 0.000000000000000000, 1.000000000000000000 ) ) ;
#7046 = FILL_AREA_STYLE ('',( #2019 ) ) ;
#7047 = PLANE ( 'NONE',  #5771 ) ;
#7048 = VERTEX_POINT ( 'NONE', #6859 ) ;
#7049 = CARTESIAN_POINT ( 'NONE',  ( 4.812500000000004441, -6.500000000000000000, 0.4062500000000005551 ) ) ;
#7050 = EDGE_CURVE ( 'NONE', #314, #561, #1301, .T. ) ;
#7051 = ORIENTED_EDGE ( 'NONE', *, *, #5544, .F. ) ;
#7052 = DIRECTION ( 'NONE',  ( -1.000000000000000000, -0.000000000000000000, -0.000000000000000000 ) ) ;
#7053 = CYLINDRICAL_SURFACE ( 'NONE', #127, 0.4375000000000003331 ) ;
#7054 = DIRECTION ( 'NONE',  ( 0.000000000000000000, 1.000000000000000000, 0.000000000000000000 ) ) ;
#7055 = ADVANCED_FACE ( 'NONE', ( #1343 ), #4420, .T. ) ;
#7056 = DIRECTION ( 'NONE',  ( 0.000000000000000000, 0.000000000000000000, 1.000000000000000000 ) ) ;
#7057 = ORIENTED_EDGE ( 'NONE', *, *, #7668, .T. ) ;
#7058 = DIRECTION ( 'NONE',  ( -1.000000000000000000, -0.000000000000000000, -0.000000000000000000 ) ) ;
#7059 = ORIENTED_EDGE ( 'NONE', *, *, #6265, .F. ) ;
#7060 = LINE ( 'NONE', #5159, #660 ) ;
#7061 = CIRCLE ( 'NONE', #1001, 0.4374999999999998890 ) ;
#7062 = CARTESIAN_POINT ( 'NONE',  ( 0.000000000000000000, -5.781250000000000000, 0.000000000000000000 ) ) ;
#7063 = DIRECTION ( 'NONE',  ( 0.000000000000000000, 0.000000000000000000, 1.000000000000000000 ) ) ;
#7064 = FACE_OUTER_BOUND ( 'NONE', #1045, .T. ) ;
#7065 = SURFACE_SIDE_STYLE ('',( #4065 ) ) ;
#7066 = ADVANCED_FACE ( 'NONE', ( #5001 ), #3894, .T. ) ;
#7067 = VECTOR ( 'NONE', #3011, 39.37007874015748143 ) ;
#7068 = DIRECTION ( 'NONE',  ( 0.000000000000000000, 1.000000000000000000, 4.553079989440439314E-17 ) ) ;
#7069 = LINE ( 'NONE', #6487, #4077 ) ;
#7070 = LINE ( 'NONE', #2173, #3180 ) ;
#7071 = VERTEX_POINT ( 'NONE', #1218 ) ;
#7072 = VECTOR ( 'NONE', #4797, 39.37007874015748143 ) ;
#7073 = EDGE_LOOP ( 'NONE', ( #6433, #7687, #7826, #997 ) ) ;
#7074 = LINE ( 'NONE', #7166, #1316 ) ;
#7075 = DIRECTION ( 'NONE',  ( 0.000000000000000000, 1.000000000000000000, -3.642463991552351451E-16 ) ) ;
#7076 = EDGE_CURVE ( 'NONE', #3272, #1076, #3202, .T. ) ;
#7077 = VERTEX_POINT ( 'NONE', #6361 ) ;
#7078 =( GEOMETRIC_REPRESENTATION_CONTEXT ( 3 ) GLOBAL_UNCERTAINTY_ASSIGNED_CONTEXT ( ( #4949 ) ) GLOBAL_UNIT_ASSIGNED_CONTEXT ( ( #5989, #5456, #7286 ) ) REPRESENTATION_CONTEXT ( 'NONE', 'WORKASPACE' ) );
#7079 =( LENGTH_UNIT ( ) NAMED_UNIT ( * ) SI_UNIT ( $, .METRE. ) );
#7080 = APPLICATION_CONTEXT ( 'automotive_design' ) ;
#7081 = EDGE_LOOP ( 'NONE', ( #568, #6862, #6270, #650 ) ) ;
#7082 = ORIENTED_EDGE ( 'NONE', *, *, #4385, .F. ) ;
#7083 = CARTESIAN_POINT ( 'NONE',  ( -8.468750000000001776, -5.781250000000000000, -0.1562500000000008327 ) ) ;
#7084 = EDGE_CURVE ( 'NONE', #2013, #752, #2228, .T. ) ;
#7085 = VECTOR ( 'NONE', #5885, 39.37007874015748143 ) ;
#7086 = COLOUR_RGB ( '',0.5294117647058823595, 0.2627450980392156965, 0.06274509803921568540 ) ;
#7087 = DIRECTION ( 'NONE',  ( -1.000000000000000000, -0.000000000000000000, -0.000000000000000000 ) ) ;
#7088 = LINE ( 'NONE', #2729, #2012 ) ;
#7089 = ADVANCED_FACE ( 'NONE', ( #5118 ), #7531, .F. ) ;
#7090 = DIRECTION ( 'NONE',  ( 7.471721008312515165E-17, 0.000000000000000000, 1.000000000000000000 ) ) ;
#7091 = DIRECTION ( 'NONE',  ( 0.000000000000000000, 0.000000000000000000, -1.000000000000000000 ) ) ;
#7092 = AXIS2_PLACEMENT_3D ( 'NONE', #448, #5359, #5319 ) ;
#7093 = VECTOR ( 'NONE', #7461, 39.37007874015748143 ) ;
#7094 = CARTESIAN_POINT ( 'NONE',  ( 9.437500000000001776, 0.000000000000000000, -16.00000000000000000 ) ) ;
#7095 = VERTEX_POINT ( 'NONE', #3121 ) ;
#7096 = DIRECTION ( 'NONE',  ( -0.000000000000000000, 1.000000000000000000, -0.000000000000000000 ) ) ;
#7097 = ORIENTED_EDGE ( 'NONE', *, *, #7406, .T. ) ;
#7098 = LINE ( 'NONE', #7715, #7754 ) ;
#7099 = SURFACE_STYLE_FILL_AREA ( #4569 ) ;
#7100 = LINE ( 'NONE', #204, #1545 ) ;
#7101 = VECTOR ( 'NONE', #3470, 39.37007874015748143 ) ;
#7102 =( CONVERSION_BASED_UNIT ( 'INCH', #6478 ) LENGTH_UNIT ( ) NAMED_UNIT ( #4708 ) );
#7103 = CARTESIAN_POINT ( 'NONE',  ( -9.625000000000003553, -1.500000000000000222, -14.49999999999999822 ) ) ;
#7104 = VERTEX_POINT ( 'NONE', #2502 ) ;
#7105 = PLANE ( 'NONE',  #2797 ) ;
#7106 = ORIENTED_EDGE ( 'NONE', *, *, #7038, .T. ) ;
#7107 = EDGE_CURVE ( 'NONE', #1120, #5953, #5204, .T. ) ;
#7108 = AXIS2_PLACEMENT_3D ( 'NONE', #4174, #3476, #7876 ) ;
#7109 = CARTESIAN_POINT ( 'NONE',  ( -10.06250000000000355, -14.48437499999999822, -0.7500000000000033307 ) ) ;
#7110 = AXIS2_PLACEMENT_3D ( 'NONE', #2327, #4820, #7346 ) ;
#7111 = CARTESIAN_POINT ( 'NONE',  ( -9.437500000000000000, -6.500000000000000000, -16.00000000000000000 ) ) ;
#7112 = LENGTH_MEASURE_WITH_UNIT ( LENGTH_MEASURE( 0.02539999999999999897 ), #6441 );
#7113 = CARTESIAN_POINT ( 'NONE',  ( -9.312500000000003553, 0.000000000000000000, -11.31249999999999822 ) ) ;
#7114 = LINE ( 'NONE', #7160, #6421 ) ;
#7115 = CARTESIAN_POINT ( 'NONE',  ( -9.625000000000001776, -17.48437500000000000, 0.000000000000000000 ) ) ;
#7116 = AXIS2_PLACEMENT_3D ( 'NONE', #4500, #7022, #3889 ) ;
#7117 = VECTOR ( 'NONE', #6317, 39.37007874015748143 ) ;
#7118 = ORIENTED_EDGE ( 'NONE', *, *, #8156, .F. ) ;
#7119 = FILL_AREA_STYLE ('',( #5954 ) ) ;
#7120 = ADVANCED_FACE ( 'NONE', ( #4669 ), #1553, .T. ) ;
#7121 = ORIENTED_EDGE ( 'NONE', *, *, #3247, .T. ) ;
#7122 = CARTESIAN_POINT ( 'NONE',  ( -10.06250000000000355, 0.2500000000000000000, -0.7500000000000033307 ) ) ;
#7123 = DIRECTION ( 'NONE',  ( 0.000000000000000000, 0.000000000000000000, 1.000000000000000000 ) ) ;
#7124 = DIRECTION ( 'NONE',  ( 0.000000000000000000, 0.000000000000000000, -1.000000000000000000 ) ) ;
#7125 = ORIENTED_EDGE ( 'NONE', *, *, #849, .T. ) ;
#7126 = VECTOR ( 'NONE', #5213, 39.37007874015748143 ) ;
#7127 = DIRECTION ( 'NONE',  ( 1.000000000000000000, -0.000000000000000000, 0.000000000000000000 ) ) ;
#7128 = EDGE_LOOP ( 'NONE', ( #1840, #616 ) ) ;
#7129 = VECTOR ( 'NONE', #2628, 39.37007874015748143 ) ;
#7130 = ORIENTED_EDGE ( 'NONE', *, *, #6900, .T. ) ;
#7131 = DIRECTION ( 'NONE',  ( 1.000000000000000000, 0.000000000000000000, -0.000000000000000000 ) ) ;
#7132 = EDGE_CURVE ( 'NONE', #6213, #7169, #7069, .T. ) ;
#7133 = VECTOR ( 'NONE', #3259, 39.37007874015748143 ) ;
#7134 = DIRECTION ( 'NONE',  ( 1.000000000000000000, 0.000000000000000000, -1.407149067159057392E-16 ) ) ;
#7135 = LINE ( 'NONE', #4045, #3205 ) ;
#7136 = PLANE ( 'NONE',  #1067 ) ;
#7137 = AXIS2_PLACEMENT_3D ( 'NONE', #6313, #3766, #5533 ) ;
#7138 = CARTESIAN_POINT ( 'NONE',  ( 8.000000000000003553, -5.781250000000000000, -14.78125000000000355 ) ) ;
#7139 = EDGE_CURVE ( 'NONE', #4228, #2635, #876, .T. ) ;
#7140 = DIMENSIONAL_EXPONENTS ( 1.000000000000000000, 0.000000000000000000, 0.000000000000000000, 0.000000000000000000, 0.000000000000000000, 0.000000000000000000, 0.000000000000000000 ) ;
#7141 = DIRECTION ( 'NONE',  ( 0.000000000000000000, 0.000000000000000000, -1.000000000000000000 ) ) ;
#7142 = ORIENTED_EDGE ( 'NONE', *, *, #1090, .F. ) ;
#7143 = LINE ( 'NONE', #162, #3848 ) ;
#7144 = VERTEX_POINT ( 'NONE', #2082 ) ;
#7145 = DIRECTION ( 'NONE',  ( 0.000000000000000000, -0.000000000000000000, 1.000000000000000000 ) ) ;
#7146 = ADVANCED_FACE ( 'NONE', ( #4584 ), #3283, .F. ) ;
#7147 = VECTOR ( 'NONE', #200, 39.37007874015748143 ) ;
#7148 = PLANE ( 'NONE',  #6792 ) ;
#7149 = LENGTH_MEASURE_WITH_UNIT ( LENGTH_MEASURE( 0.02539999999999999897 ), #2246 );
#7150 = CARTESIAN_POINT ( 'NONE',  ( -9.312500000000001776, 0.000000000000000000, -7.937499999999999112 ) ) ;
#7151 = FACE_OUTER_BOUND ( 'NONE', #1251, .T. ) ;
#7152 = ORIENTED_EDGE ( 'NONE', *, *, #296, .F. ) ;
#7153 = CARTESIAN_POINT ( 'NONE',  ( -8.656250000000005329, -14.73437500000000178, -14.78125000000000178 ) ) ;
#7154 = ORIENTED_EDGE ( 'NONE', *, *, #400, .T. ) ;
#7155 = EDGE_CURVE ( 'NONE', #2540, #697, #7114, .T. ) ;
#7156 = CARTESIAN_POINT ( 'NONE',  ( -8.968750000000000000, -6.500000000000000000, 0.000000000000000000 ) ) ;
#7157 = SURFACE_STYLE_USAGE ( .BOTH. , #2792 ) ;
#7158 = DIRECTION ( 'NONE',  ( -1.000000000000000000, 0.000000000000000000, 1.500757696090239076E-16 ) ) ;
#7159 = DIRECTION ( 'NONE',  ( 0.000000000000000000, 1.000000000000000000, 0.000000000000000000 ) ) ;
#7160 = CARTESIAN_POINT ( 'NONE',  ( 4.812500000000003553, 0.000000000000000000, 0.5312500000000011102 ) ) ;
#7161 = CARTESIAN_POINT ( 'NONE',  ( -10.06250000000000355, -25.00000000000000000, -0.3125000000000031086 ) ) ;
#7162 = VECTOR ( 'NONE', #4667, 39.37007874015748143 ) ;
#7163 = CARTESIAN_POINT ( 'NONE',  ( 8.000000000000003553, -5.781250000000004441, -14.78125000000000355 ) ) ;
#7164 = VERTEX_POINT ( 'NONE', #5862 ) ;
#7165 = ORIENTED_EDGE ( 'NONE', *, *, #2706, .T. ) ;
#7166 = CARTESIAN_POINT ( 'NONE',  ( -8.468750000000003553, -5.781250000000000000, 0.06250000000000076328 ) ) ;
#7167 = CARTESIAN_POINT ( 'NONE',  ( -10.06250000000000355, -25.00000000000000000, -0.7500000000000033307 ) ) ;
#7168 = CARTESIAN_POINT ( 'NONE',  ( -9.437500000000001776, -6.505936120470312141E-17, -16.00000000000000000 ) ) ;
#7169 = VERTEX_POINT ( 'NONE', #3991 ) ;
#7170 = EDGE_CURVE ( 'NONE', #1803, #6056, #833, .T. ) ;
#7171 = EDGE_LOOP ( 'NONE', ( #462, #7057, #3950, #1965 ) ) ;
#7172 = ORIENTED_EDGE ( 'NONE', *, *, #2576, .T. ) ;
#7173 = CARTESIAN_POINT ( 'NONE',  ( -8.656250000000001776, -17.48437500000000355, -0.2187500000000011102 ) ) ;
#7174 = FACE_OUTER_BOUND ( 'NONE', #8033, .T. ) ;
#7175 = ADVANCED_FACE ( 'NONE', ( #6567 ), #3456, .F. ) ;
#7176 = DIRECTION ( 'NONE',  ( -1.000000000000000000, 0.000000000000000000, 1.290319347560979836E-16 ) ) ;
#7177 = VERTEX_POINT ( 'NONE', #2754 ) ;
#7178 = CARTESIAN_POINT ( 'NONE',  ( 8.000000000000003553, -5.781250000000000000, -0.1562500000000008327 ) ) ;
#7179 = CARTESIAN_POINT ( 'NONE',  ( -4.812500000000004441, -6.500000000000000000, 0.4062500000000005551 ) ) ;
#7180 = ORIENTED_EDGE ( 'NONE', *, *, #128, .T. ) ;
#7181 = DIRECTION ( 'NONE',  ( 0.000000000000000000, 1.000000000000000000, 0.000000000000000000 ) ) ;
#7182 = SURFACE_STYLE_FILL_AREA ( #2827 ) ;
#7183 = CARTESIAN_POINT ( 'NONE',  ( -9.437500000000001776, -6.500000000000000000, -1.500000000000000222 ) ) ;
#7184 = ADVANCED_FACE ( 'NONE', ( #2129 ), #4628, .T. ) ;
#7185 = DIRECTION ( 'NONE',  ( -0.000000000000000000, 1.000000000000000000, -0.000000000000000000 ) ) ;
#7186 = EDGE_LOOP ( 'NONE', ( #2867, #8100, #3982, #7663 ) ) ;
#7187 = CARTESIAN_POINT ( 'NONE',  ( 8.000000000000003553, -5.781250000000000000, -5.977376806650015090E-16 ) ) ;
#7188 = ORIENTED_EDGE ( 'NONE', *, *, #652, .F. ) ;
#7189 = DIMENSIONAL_EXPONENTS ( 1.000000000000000000, 0.000000000000000000, 0.000000000000000000, 0.000000000000000000, 0.000000000000000000, 0.000000000000000000, 0.000000000000000000 ) ;
#7190 = ADVANCED_FACE ( 'NONE', ( #4452 ), #2489, .F. ) ;
#7191 = CARTESIAN_POINT ( 'NONE',  ( 0.000000000000000000, -3.250000000000000000, 1.031249999999999334 ) ) ;
#7192 = PLANE ( 'NONE',  #3832 ) ;
#7193 = LENGTH_MEASURE_WITH_UNIT ( LENGTH_MEASURE( 0.02539999999999999897 ), #5907 );
#7194 = EDGE_CURVE ( 'NONE', #1619, #2703, #5904, .T. ) ;
#7195 = FACE_OUTER_BOUND ( 'NONE', #3089, .T. ) ;
#7196 = CLOSED_SHELL ( 'NONE', ( #3999, #2430, #4421, #3474, #5099, #930, #1961, #3972, #2712, #3445, #8048, #7175, #3493, #5045, #1196, #3394, #5768, #3498 ) ) ;
#7197 = CARTESIAN_POINT ( 'NONE',  ( -9.625000000000001776, -17.48437500000000000, -0.4687500000000009992 ) ) ;
#7198 = ORIENTED_EDGE ( 'NONE', *, *, #3542, .F. ) ;
#7199 =( NAMED_UNIT ( * ) SI_UNIT ( $, .STERADIAN. ) SOLID_ANGLE_UNIT ( ) );
#7200 = ORIENTED_EDGE ( 'NONE', *, *, #6656, .F. ) ;
#7201 = VECTOR ( 'NONE', #7068, 39.37007874015748143 ) ;
#7202 = DIRECTION ( 'NONE',  ( 0.000000000000000000, -0.000000000000000000, 1.000000000000000000 ) ) ;
#7203 = FACE_OUTER_BOUND ( 'NONE', #6141, .T. ) ;
#7204 = ORIENTED_EDGE ( 'NONE', *, *, #7496, .F. ) ;
#7205 = SURFACE_SIDE_STYLE ('',( #3952 ) ) ;
#7206 = VECTOR ( 'NONE', #6844, 39.37007874015748143 ) ;
#7207 = ORIENTED_EDGE ( 'NONE', *, *, #5002, .F. ) ;
#7208 = ORIENTED_EDGE ( 'NONE', *, *, #2637, .F. ) ;
#7209 = CARTESIAN_POINT ( 'NONE',  ( 9.437500000000003553, -6.500000000000000000, -11.18750000000000000 ) ) ;
#7210 = EDGE_CURVE ( 'NONE', #5316, #938, #2070, .T. ) ;
#7211 = COLOUR_RGB ( '',0.5294117647058823595, 0.2627450980392156965, 0.06274509803921568540 ) ;
#7212 = DIRECTION ( 'NONE',  ( 1.000000000000000000, 0.000000000000000000, 0.000000000000000000 ) ) ;
#7213 = FACE_OUTER_BOUND ( 'NONE', #7926, .T. ) ;
#7214 =( GEOMETRIC_REPRESENTATION_CONTEXT ( 3 ) GLOBAL_UNCERTAINTY_ASSIGNED_CONTEXT ( ( #4745 ) ) GLOBAL_UNIT_ASSIGNED_CONTEXT ( ( #956, #4615, #1452 ) ) REPRESENTATION_CONTEXT ( 'NONE', 'WORKASPACE' ) );
#7215 = DIRECTION ( 'NONE',  ( 0.000000000000000000, 1.000000000000000000, 0.000000000000000000 ) ) ;
#7216 = DIRECTION ( 'NONE',  ( 0.000000000000000000, 0.000000000000000000, 1.000000000000000000 ) ) ;
#7217 = VERTEX_POINT ( 'NONE', #4058 ) ;
#7218 = PLANE ( 'NONE',  #2143 ) ;
#7219 = AXIS2_PLACEMENT_3D ( 'NONE', #2563, #7506, #3635 ) ;
#7220 = ORIENTED_EDGE ( 'NONE', *, *, #947, .F. ) ;
#7221 = DIRECTION ( 'NONE',  ( 1.500757696090239076E-16, 0.000000000000000000, 1.000000000000000000 ) ) ;
#7222 = AXIS2_PLACEMENT_3D ( 'NONE', #6164, #8068, #4275 ) ;
#7223 = EDGE_LOOP ( 'NONE', ( #7520, #7198, #6763, #4817 ) ) ;
#7224 = CARTESIAN_POINT ( 'NONE',  ( -8.187500000000003553, -17.48437500000000000, -14.78125000000000178 ) ) ;
#7225 = PLANE ( 'NONE',  #7458 ) ;
#7226 = EDGE_CURVE ( 'NONE', #6822, #3468, #5896, .T. ) ;
#7227 = PRESENTATION_STYLE_ASSIGNMENT (( #3485 ) ) ;
#7228 = UNCERTAINTY_MEASURE_WITH_UNIT (LENGTH_MEASURE( 1.000000000000000082E-05 ), #5689, 'distance_accuracy_value', 'NONE');
#7229 = AXIS2_PLACEMENT_3D ( 'NONE', #3795, #3680, #2564 ) ;
#7230 =( CONVERSION_BASED_UNIT ( 'INCH', #2829 ) LENGTH_UNIT ( ) NAMED_UNIT ( #7982 ) );
#7231 = CARTESIAN_POINT ( 'NONE',  ( -9.437500000000003553, -6.500000000000000000, -8.062500000000000000 ) ) ;
#7232 = ORIENTED_EDGE ( 'NONE', *, *, #3658, .T. ) ;
#7233 = CARTESIAN_POINT ( 'NONE',  ( -8.968750000000000000, -6.031250000000000888, -15.53125000000000000 ) ) ;
#7234 = ORIENTED_EDGE ( 'NONE', *, *, #3424, .T. ) ;
#7235 = LINE ( 'NONE', #4111, #7400 ) ;
#7236 = AXIS2_PLACEMENT_3D ( 'NONE', #1205, #7513, #1867 ) ;
#7237 = AXIS2_PLACEMENT_3D ( 'NONE', #3556, #6637, #6676 ) ;
#7238 = EDGE_CURVE ( 'NONE', #6294, #7763, #171, .T. ) ;
#7239 =( NAMED_UNIT ( * ) PLANE_ANGLE_UNIT ( ) SI_UNIT ( $, .RADIAN. ) );
#7240 = PLANE ( 'NONE',  #1989 ) ;
#7241 = DIRECTION ( 'NONE',  ( 0.000000000000000000, 0.000000000000000000, 1.000000000000000000 ) ) ;
#7242 = FACE_OUTER_BOUND ( 'NONE', #8000, .T. ) ;
#7243 = VECTOR ( 'NONE', #2508, 39.37007874015748143 ) ;
#7244 = ADVANCED_FACE ( 'NONE', ( #1410 ), #3399, .F. ) ;
#7245 = LINE ( 'NONE', #7322, #4755 ) ;
#7246 = ORIENTED_EDGE ( 'NONE', *, *, #7473, .F. ) ;
#7247 = CARTESIAN_POINT ( 'NONE',  ( -10.06250000000000355, -25.00000000000000000, -15.25000000000000000 ) ) ;
#7248 = EDGE_CURVE ( 'NONE', #3662, #7572, #6291, .T. ) ;
#7249 = ADVANCED_FACE ( 'NONE', ( #7151 ), #824, .T. ) ;
#7250 = DIMENSIONAL_EXPONENTS ( 1.000000000000000000, 0.000000000000000000, 0.000000000000000000, 0.000000000000000000, 0.000000000000000000, 0.000000000000000000, 0.000000000000000000 ) ;
#7251 = LINE ( 'NONE', #7325, #1324 ) ;
#7252 = CARTESIAN_POINT ( 'NONE',  ( 9.437500000000001776, 2.311520833390629471E-15, -14.49999999999999822 ) ) ;
#7253 = VERTEX_POINT ( 'NONE', #1501 ) ;
#7254 = CIRCLE ( 'NONE', #5919, 0.4375000000000009992 ) ;
#7255 = CARTESIAN_POINT ( 'NONE',  ( -4.937500000000005329, 0.000000000000000000, 0.4062500000000006106 ) ) ;
#7256 = ORIENTED_EDGE ( 'NONE', *, *, #1098, .T. ) ;
#7257 = EDGE_LOOP ( 'NONE', ( #4693, #7059, #8, #5033 ) ) ;
#7258 = LINE ( 'NONE', #4132, #6566 ) ;
#7259 = DIRECTION ( 'NONE',  ( 0.000000000000000000, -1.000000000000000000, 0.000000000000000000 ) ) ;
#7260 = VECTOR ( 'NONE', #8057, 39.37007874015748143 ) ;
#7261 = CARTESIAN_POINT ( 'NONE',  ( -9.625000000000003553, -6.500000000000000000, -14.49999999999999822 ) ) ;
#7262 = CARTESIAN_POINT ( 'NONE',  ( -9.156250000000003553, -17.48437500000000000, -15.53124999999999467 ) ) ;
#7263 = DIRECTION ( 'NONE',  ( -1.000000000000000000, 0.000000000000000000, 0.000000000000000000 ) ) ;
#7264 = DIRECTION ( 'NONE',  ( 0.000000000000000000, 1.000000000000000000, 0.000000000000000000 ) ) ;
#7265 = COLOUR_RGB ( '',0.5294117647058823595, 0.2627450980392156965, 0.06274509803921568540 ) ;
#7266 = EDGE_LOOP ( 'NONE', ( #5671, #6087, #142, #6347 ) ) ;
#7267 = VECTOR ( 'NONE', #214, 39.37007874015748143 ) ;
#7268 = EDGE_LOOP ( 'NONE', ( #8104, #1788, #1949, #1386 ) ) ;
#7269 = CARTESIAN_POINT ( 'NONE',  ( 9.625000000000001776, -17.48437500000000000, -0.4687500000000009992 ) ) ;
#7270 = ORIENTED_EDGE ( 'NONE', *, *, #7210, .T. ) ;
#7271 = DIRECTION ( 'NONE',  ( -1.000000000000000000, -1.346415657017117373E-16, 0.000000000000000000 ) ) ;
#7272 = PLANE ( 'NONE',  #1925 ) ;
#7273 = VECTOR ( 'NONE', #3273, 39.37007874015748143 ) ;
#7274 =( NAMED_UNIT ( * ) PLANE_ANGLE_UNIT ( ) SI_UNIT ( $, .RADIAN. ) );
#7275 =( NAMED_UNIT ( * ) PLANE_ANGLE_UNIT ( ) SI_UNIT ( $, .RADIAN. ) );
#7276 = DIRECTION ( 'NONE',  ( 0.000000000000000000, 1.000000000000000000, 0.000000000000000000 ) ) ;
#7277 = EDGE_CURVE ( 'NONE', #4904, #1582, #3567, .T. ) ;
#7278 = ADVANCED_FACE ( 'NONE', ( #6685 ), #3636, .F. ) ;
#7279 = ORIENTED_EDGE ( 'NONE', *, *, #2314, .F. ) ;
#7280 = DIRECTION ( 'NONE',  ( 0.000000000000000000, 0.000000000000000000, 1.000000000000000000 ) ) ;
#7281 = EDGE_LOOP ( 'NONE', ( #2095, #5513, #2695, #6354 ) ) ;
#7282 = LINE ( 'NONE', #6609, #1074 ) ;
#7283 = CARTESIAN_POINT ( 'NONE',  ( -8.125000000000003553, 0.000000000000000000, 0.5312500000000000000 ) ) ;
#7284 = PLANE ( 'NONE',  #528 ) ;
#7285 = VECTOR ( 'NONE', #5830, 39.37007874015748143 ) ;
#7286 =( NAMED_UNIT ( * ) SI_UNIT ( $, .STERADIAN. ) SOLID_ANGLE_UNIT ( ) );
#7287 = PLANE ( 'NONE',  #7993 ) ;
#7288 = ADVANCED_FACE ( 'NONE', ( #5484 ), #2865, .T. ) ;
#7289 = DIRECTION ( 'NONE',  ( 0.000000000000000000, 1.000000000000000000, 0.000000000000000000 ) ) ;
#7290 = ORIENTED_EDGE ( 'NONE', *, *, #769, .T. ) ;
#7291 = DIRECTION ( 'NONE',  ( 0.000000000000000000, 0.000000000000000000, 1.000000000000000000 ) ) ;
#7292 = DIRECTION ( 'NONE',  ( -1.000000000000000000, 0.000000000000000000, 0.000000000000000000 ) ) ;
#7293 = LINE ( 'NONE', #1757, #1889 ) ;
#7294 = EDGE_LOOP ( 'NONE', ( #817, #6869, #2996, #4354 ) ) ;
#7295 = COLOUR_RGB ( '',0.5294117647058823595, 0.2627450980392156965, 0.06274509803921568540 ) ;
#7296 = LINE ( 'NONE', #1016, #5895 ) ;
#7297 = EDGE_CURVE ( 'NONE', #4884, #1047, #4792, .T. ) ;
#7298 = VERTEX_POINT ( 'NONE', #2247 ) ;
#7299 = ORIENTED_EDGE ( 'NONE', *, *, #4472, .T. ) ;
#7300 = FACE_OUTER_BOUND ( 'NONE', #6259, .T. ) ;
#7301 = DIRECTION ( 'NONE',  ( 0.000000000000000000, 1.000000000000000000, 0.000000000000000000 ) ) ;
#7302 = CARTESIAN_POINT ( 'NONE',  ( 0.000000000000000000, -14.48437499999999822, 0.000000000000000000 ) ) ;
#7303 = CARTESIAN_POINT ( 'NONE',  ( -8.125000000000003553, -1.499999999999999778, 0.5312499999999997780 ) ) ;
#7304 = VERTEX_POINT ( 'NONE', #996 ) ;
#7305 = ADVANCED_FACE ( 'NONE', ( #7392 ), #8007, .F. ) ;
#7306 = DIMENSIONAL_EXPONENTS ( 1.000000000000000000, 0.000000000000000000, 0.000000000000000000, 0.000000000000000000, 0.000000000000000000, 0.000000000000000000, 0.000000000000000000 ) ;
#7307 = FACE_OUTER_BOUND ( 'NONE', #518, .T. ) ;
#7308 = ORIENTED_EDGE ( 'NONE', *, *, #6026, .F. ) ;
#7309 = FACE_OUTER_BOUND ( 'NONE', #1651, .T. ) ;
#7310 = FACE_OUTER_BOUND ( 'NONE', #1115, .T. ) ;
#7311 = ORIENTED_EDGE ( 'NONE', *, *, #7277, .F. ) ;
#7312 = CARTESIAN_POINT ( 'NONE',  ( -9.437500000000001776, -6.500000000000000000, -14.49999999999999822 ) ) ;
#7313 = DIRECTION ( 'NONE',  ( 0.000000000000000000, -0.000000000000000000, 1.000000000000000000 ) ) ;
#7314 = ORIENTED_EDGE ( 'NONE', *, *, #1364, .F. ) ;
#7315 = DIRECTION ( 'NONE',  ( 1.000000000000000000, 0.000000000000000000, -1.494344201662503279E-16 ) ) ;
#7316 = ORIENTED_EDGE ( 'NONE', *, *, #936, .F. ) ;
#7317 = PLANE ( 'NONE',  #4879 ) ;
#7318 = DIRECTION ( 'NONE',  ( 0.000000000000000000, -1.000000000000000000, 0.000000000000000000 ) ) ;
#7319 = EDGE_CURVE ( 'NONE', #161, #6210, #7889, .T. ) ;
#7320 = LENGTH_MEASURE_WITH_UNIT ( LENGTH_MEASURE( 0.02539999999999999897 ), #300 );
#7321 = LINE ( 'NONE', #1676, #4418 ) ;
#7322 = CARTESIAN_POINT ( 'NONE',  ( 8.187500000000007105, -17.48437500000000000, -1.228745363673883940E-15 ) ) ;
#7323 = ORIENTED_EDGE ( 'NONE', *, *, #567, .F. ) ;
#7324 = EDGE_CURVE ( 'NONE', #2663, #5847, #5327, .T. ) ;
#7325 = CARTESIAN_POINT ( 'NONE',  ( -8.468750000000005329, -0.2499999999999997224, -14.78125000000000178 ) ) ;
#7326 = CARTESIAN_POINT ( 'NONE',  ( 8.468750000000003553, -5.781250000000000000, -15.00000000000000000 ) ) ;
#7327 = CLOSED_SHELL ( 'NONE', ( #3847, #83, #4499, #2840, #6516, #6166, #7996, #4359, #2297, #6099, #7001, #704, #3871, #3319 ) ) ;
#7328 = ORIENTED_EDGE ( 'NONE', *, *, #696, .T. ) ;
#7329 =( CONVERSION_BASED_UNIT ( 'INCH', #4880 ) LENGTH_UNIT ( ) NAMED_UNIT ( #6717 ) );
#7330 =( CONVERSION_BASED_UNIT ( 'INCH', #1762 ) LENGTH_UNIT ( ) NAMED_UNIT ( #918 ) );
#7331 = VERTEX_POINT ( 'NONE', #5449 ) ;
#7332 = CARTESIAN_POINT ( 'NONE',  ( -8.000000000000001776, -25.00000000000000000, -0.1562500000000008327 ) ) ;
#7333 = VECTOR ( 'NONE', #2473, 39.37007874015748143 ) ;
#7334 = CARTESIAN_POINT ( 'NONE',  ( -8.187500000000001776, -14.48437500000000178, -0.2187500000000011102 ) ) ;
#7335 = ADVANCED_FACE ( 'NONE', ( #3604 ), #6104, .T. ) ;
#7336 = LENGTH_MEASURE_WITH_UNIT ( LENGTH_MEASURE( 0.02539999999999999897 ), #2318 );
#7337 = DIRECTION ( 'NONE',  ( 0.000000000000000000, -1.000000000000000000, 0.000000000000000000 ) ) ;
#7338 = VERTEX_POINT ( 'NONE', #4859 ) ;
#7339 = AXIS2_PLACEMENT_3D ( 'NONE', #1887, #135, #6484 ) ;
#7340 = DIRECTION ( 'NONE',  ( 0.000000000000000000, 1.000000000000000000, 0.000000000000000000 ) ) ;
#7341 = EDGE_CURVE ( 'NONE', #7910, #2530, #2951, .T. ) ;
#7342 = VERTEX_POINT ( 'NONE', #6068 ) ;
#7343 = FACE_OUTER_BOUND ( 'NONE', #2587, .T. ) ;
#7344 = PLANE ( 'NONE',  #3802 ) ;
#7345 = ORIENTED_EDGE ( 'NONE', *, *, #3615, .T. ) ;
#7346 = DIRECTION ( 'NONE',  ( 1.000000000000000000, 0.000000000000000000, -3.664752269196856301E-16 ) ) ;
#7347 = EDGE_CURVE ( 'NONE', #2399, #7338, #6021, .T. ) ;
#7348 = MECHANICAL_DESIGN_GEOMETRIC_PRESENTATION_REPRESENTATION (  '', ( #6934 ), #1284 ) ;
#7349 = LINE ( 'NONE', #6725, #3534 ) ;
#7350 = STYLED_ITEM ( 'NONE', ( #1164 ), #6494 ) ;
#7351 = CARTESIAN_POINT ( 'NONE',  ( 9.156249999999994671, -17.48437500000000000, -15.53124999999999645 ) ) ;
#7352 = ORIENTED_EDGE ( 'NONE', *, *, #545, .T. ) ;
#7353 = DIRECTION ( 'NONE',  ( 0.000000000000000000, 1.000000000000000000, 0.000000000000000000 ) ) ;
#7354 = ORIENTED_EDGE ( 'NONE', *, *, #2557, .F. ) ;
#7355 = FACE_OUTER_BOUND ( 'NONE', #2349, .T. ) ;
#7356 = VECTOR ( 'NONE', #468, 39.37007874015748143 ) ;
#7357 = FACE_OUTER_BOUND ( 'NONE', #7186, .T. ) ;
#7358 = DIRECTION ( 'NONE',  ( 0.000000000000000000, -0.000000000000000000, 1.000000000000000000 ) ) ;
#7359 = DIRECTION ( 'NONE',  ( -0.000000000000000000, 1.000000000000000000, -0.000000000000000000 ) ) ;
#7360 = FACE_BOUND ( 'NONE', #5525, .T. ) ;
#7361 = AXIS2_PLACEMENT_3D ( 'NONE', #2194, #5445, #4786 ) ;
#7362 = VECTOR ( 'NONE', #372, 39.37007874015748143 ) ;
#7363 = EDGE_CURVE ( 'NONE', #2515, #161, #4823, .T. ) ;
#7364 = EDGE_LOOP ( 'NONE', ( #7032, #4469, #3093, #7490 ) ) ;
#7365 = VECTOR ( 'NONE', #8154, 39.37007874015748143 ) ;
#7366 = CARTESIAN_POINT ( 'NONE',  ( 9.437500000000003553, -6.500000000000000000, -7.937499999999999112 ) ) ;
#7367 = CARTESIAN_POINT ( 'NONE',  ( -9.312500000000001776, -6.500000000000000000, -11.18750000000000000 ) ) ;
#7368 = VERTEX_POINT ( 'NONE', #7970 ) ;
#7369 = CARTESIAN_POINT ( 'NONE',  ( -9.625000000000001776, -6.500000000000000000, -14.49999999999999822 ) ) ;
#7370 = PLANE ( 'NONE',  #156 ) ;
#7371 = EDGE_CURVE ( 'NONE', #4677, #5051, #2330, .T. ) ;
#7372 = EDGE_CURVE ( 'NONE', #2977, #1047, #1629, .T. ) ;
#7373 = PRESENTATION_LAYER_ASSIGNMENT (  '', '', ( #5115 ) ) ;
#7374 = ORIENTED_EDGE ( 'NONE', *, *, #994, .T. ) ;
#7375 =( NAMED_UNIT ( * ) SI_UNIT ( $, .STERADIAN. ) SOLID_ANGLE_UNIT ( ) );
#7376 = ORIENTED_EDGE ( 'NONE', *, *, #7437, .F. ) ;
#7377 = DIRECTION ( 'NONE',  ( 0.000000000000000000, 0.000000000000000000, -1.000000000000000000 ) ) ;
#7378 = VECTOR ( 'NONE', #2998, 39.37007874015748143 ) ;
#7379 = FILL_AREA_STYLE ('',( #7419 ) ) ;
#7380 = PLANE ( 'NONE',  #2548 ) ;
#7381 = EDGE_LOOP ( 'NONE', ( #5750, #7180 ) ) ;
#7382 = AXIS2_PLACEMENT_3D ( 'NONE', #2685, #1520, #2807 ) ;
#7383 = EDGE_CURVE ( 'NONE', #561, #6336, #2911, .T. ) ;
#7384 = ORIENTED_EDGE ( 'NONE', *, *, #7613, .F. ) ;
#7385 = DIRECTION ( 'NONE',  ( 0.000000000000000000, -1.000000000000000000, 0.000000000000000000 ) ) ;
#7386 = DIRECTION ( 'NONE',  ( 1.000000000000000000, 0.000000000000000000, 0.000000000000000000 ) ) ;
#7387 = AXIS2_PLACEMENT_3D ( 'NONE', #5707, #63, #4388 ) ;
#7388 = ORIENTED_EDGE ( 'NONE', *, *, #1038, .T. ) ;
#7389 = DIRECTION ( 'NONE',  ( 1.346415657017119838E-16, -1.000000000000000000, -0.000000000000000000 ) ) ;
#7390 = EDGE_CURVE ( 'NONE', #4071, #1679, #1083, .T. ) ;
#7391 = LINE ( 'NONE', #7430, #5501 ) ;
#7392 = FACE_OUTER_BOUND ( 'NONE', #306, .T. ) ;
#7393 = ADVANCED_FACE ( 'NONE', ( #959 ), #3486, .T. ) ;
#7394 = ORIENTED_EDGE ( 'NONE', *, *, #1816, .T. ) ;
#7395 = PLANE ( 'NONE',  #2936 ) ;
#7396 = ORIENTED_EDGE ( 'NONE', *, *, #718, .T. ) ;
#7397 = CARTESIAN_POINT ( 'NONE',  ( 0.000000000000000000, -17.48437500000000000, -0.2187500000000011102 ) ) ;
#7398 = VECTOR ( 'NONE', #3886, 39.37007874015748143 ) ;
#7399 = PRODUCT_CONTEXT ( 'NONE', #742, 'mechanical' ) ;
#7400 = VECTOR ( 'NONE', #2206, 39.37007874015748143 ) ;
#7401 = CARTESIAN_POINT ( 'NONE',  ( -8.968750000000000000, -6.500000000000000000, -12.53125000000000000 ) ) ;
#7402 = CARTESIAN_POINT ( 'NONE',  ( -8.656250000000005329, -14.73437499999999645, -14.78125000000000178 ) ) ;
#7403 = PLANE ( 'NONE',  #7020 ) ;
#7404 = CARTESIAN_POINT ( 'NONE',  ( -4.812500000000003553, 0.000000000000000000, 0.5312500000000011102 ) ) ;
#7405 = VECTOR ( 'NONE', #6509, 39.37007874015748143 ) ;
#7406 = EDGE_CURVE ( 'NONE', #7040, #7039, #6300, .T. ) ;
#7407 = CARTESIAN_POINT ( 'NONE',  ( -8.968750000000000000, -6.031250000000000888, 0.000000000000000000 ) ) ;
#7408 = ORIENTED_EDGE ( 'NONE', *, *, #2188, .F. ) ;
#7409 = VECTOR ( 'NONE', #5588, 39.37007874015748143 ) ;
#7410 = CARTESIAN_POINT ( 'NONE',  ( 8.656250000000007105, -17.48437500000000000, -0.4687500000000009992 ) ) ;
#7411 = FACE_OUTER_BOUND ( 'NONE', #4934, .T. ) ;
#7412 = DIRECTION ( 'NONE',  ( 1.407149067159057885E-16, 0.000000000000000000, 1.000000000000000000 ) ) ;
#7413 = ORIENTED_EDGE ( 'NONE', *, *, #4479, .T. ) ;
#7414 = LINE ( 'NONE', #6664, #363 ) ;
#7415 = ORIENTED_EDGE ( 'NONE', *, *, #2306, .F. ) ;
#7416 = SURFACE_SIDE_STYLE ('',( #1886 ) ) ;
#7417 = CARTESIAN_POINT ( 'NONE',  ( -9.312500000000003553, -6.500000000000000000, -11.31249999999999822 ) ) ;
#7418 = AXIS2_PLACEMENT_3D ( 'NONE', #7035, #7658, #64 ) ;
#7419 = FILL_AREA_STYLE_COLOUR ( '', #3014 ) ;
#7420 = CARTESIAN_POINT ( 'NONE',  ( 8.968750000000000000, 2.196710195970565270E-15, -16.00000000000000000 ) ) ;
#7421 = EDGE_CURVE ( 'NONE', #3172, #7892, #2440, .T. ) ;
#7422 = ORIENTED_EDGE ( 'NONE', *, *, #427, .F. ) ;
#7423 = VERTEX_POINT ( 'NONE', #4283 ) ;
#7424 = DIRECTION ( 'NONE',  ( 0.000000000000000000, 0.000000000000000000, 1.000000000000000000 ) ) ;
#7425 = FACE_OUTER_BOUND ( 'NONE', #1097, .T. ) ;
#7426 = ORIENTED_EDGE ( 'NONE', *, *, #1018, .F. ) ;
#7427 = SURFACE_STYLE_FILL_AREA ( #6215 ) ;
#7428 = EDGE_CURVE ( 'NONE', #3545, #3931, #3027, .T. ) ;
#7429 = CARTESIAN_POINT ( 'NONE',  ( 9.437500000000001776, -6.500000000000000000, 0.000000000000000000 ) ) ;
#7430 = CARTESIAN_POINT ( 'NONE',  ( 9.437500000000001776, 0.000000000000000000, -16.00000000000000000 ) ) ;
#7431 = LINE ( 'NONE', #6961, #3421 ) ;
#7432 = ORIENTED_EDGE ( 'NONE', *, *, #1245, .F. ) ;
#7433 = CARTESIAN_POINT ( 'NONE',  ( 9.437500000000001776, -6.500000000000000000, -1.500000000000000222 ) ) ;
#7434 = EDGE_LOOP ( 'NONE', ( #3681, #7207, #5176, #8064 ) ) ;
#7435 = DIRECTION ( 'NONE',  ( -0.000000000000000000, -4.370956789862822136E-16, -1.000000000000000000 ) ) ;
#7436 = SURFACE_SIDE_STYLE ('',( #6887 ) ) ;
#7437 = EDGE_CURVE ( 'NONE', #5732, #4677, #6918, .T. ) ;
#7438 = PLANE ( 'NONE',  #1993 ) ;
#7439 = ORIENTED_EDGE ( 'NONE', *, *, #1364, .T. ) ;
#7440 = EDGE_CURVE ( 'NONE', #2687, #1393, #1778, .T. ) ;
#7441 = ORIENTED_EDGE ( 'NONE', *, *, #7813, .T. ) ;
#7442 = EDGE_CURVE ( 'NONE', #2153, #4071, #7431, .T. ) ;
#7443 = DIRECTION ( 'NONE',  ( 1.000000000000000000, 0.000000000000000000, 0.000000000000000000 ) ) ;
#7444 = DIRECTION ( 'NONE',  ( 1.000000000000000000, 0.000000000000000000, 0.000000000000000000 ) ) ;
#7445 = VERTEX_POINT ( 'NONE', #4933 ) ;
#7446 = DIRECTION ( 'NONE',  ( -0.000000000000000000, 0.000000000000000000, 1.000000000000000000 ) ) ;
#7447 = EDGE_LOOP ( 'NONE', ( #3418, #3746, #1612, #1021 ) ) ;
#7448 = LINE ( 'NONE', #6825, #1932 ) ;
#7449 = LINE ( 'NONE', #1801, #3669 ) ;
#7450 = CARTESIAN_POINT ( 'NONE',  ( -9.625000000000001776, -6.500000000000000000, -1.500000000000000222 ) ) ;
#7451 = ORIENTED_EDGE ( 'NONE', *, *, #1995, .T. ) ;
#7452 = CLOSED_SHELL ( 'NONE', ( #5817, #4504, #7055, #3578, #639, #211 ) ) ;
#7453 = ORIENTED_EDGE ( 'NONE', *, *, #4224, .T. ) ;
#7454 = PLANE ( 'NONE',  #4491 ) ;
#7455 = DIRECTION ( 'NONE',  ( 0.000000000000000000, -1.000000000000000000, 4.370956789862821643E-16 ) ) ;
#7456 = EDGE_CURVE ( 'NONE', #7217, #2572, #566, .T. ) ;
#7457 = ORIENTED_EDGE ( 'NONE', *, *, #1908, .T. ) ;
#7458 = AXIS2_PLACEMENT_3D ( 'NONE', #1626, #6428, #778 ) ;
#7459 = DIRECTION ( 'NONE',  ( 0.000000000000000000, -0.000000000000000000, 1.000000000000000000 ) ) ;
#7460 = SURFACE_SIDE_STYLE ('',( #4976 ) ) ;
#7461 = DIRECTION ( 'NONE',  ( -1.000000000000000000, -0.000000000000000000, -0.000000000000000000 ) ) ;
#7462 = ORIENTED_EDGE ( 'NONE', *, *, #4338, .F. ) ;
#7463 = DIRECTION ( 'NONE',  ( -1.000000000000000000, 0.000000000000000000, -8.741913579725612322E-15 ) ) ;
#7464 = VERTEX_POINT ( 'NONE', #6256 ) ;
#7465 = DIRECTION ( 'NONE',  ( 0.000000000000000000, 0.000000000000000000, 1.000000000000000000 ) ) ;
#7466 = ADVANCED_FACE ( 'NONE', ( #6795 ), #6219, .T. ) ;
#7467 = VECTOR ( 'NONE', #4327, 39.37007874015748143 ) ;
#7468 = CARTESIAN_POINT ( 'NONE',  ( 4.937500000000005329, -6.500000000000000000, 0.4062500000000006106 ) ) ;
#7469 = CARTESIAN_POINT ( 'NONE',  ( 10.06250000000000355, -25.00000000000000000, -0.3125000000000029976 ) ) ;
#7470 = CARTESIAN_POINT ( 'NONE',  ( 8.468750000000003553, -5.781250000000000000, -15.00000000000000000 ) ) ;
#7471 = CYLINDRICAL_SURFACE ( 'NONE', #1206, 0.4375000000000009992 ) ;
#7472 = ORIENTED_EDGE ( 'NONE', *, *, #667, .F. ) ;
#7473 = EDGE_CURVE ( 'NONE', #312, #6549, #1279, .T. ) ;
#7474 = VECTOR ( 'NONE', #5227, 39.37007874015748143 ) ;
#7475 = ORIENTED_EDGE ( 'NONE', *, *, #3058, .F. ) ;
#7476 = VECTOR ( 'NONE', #6879, 39.37007874015748143 ) ;
#7477 = FACE_OUTER_BOUND ( 'NONE', #4443, .T. ) ;
#7478 = DIRECTION ( 'NONE',  ( 0.000000000000000000, 1.000000000000000000, -3.642463991552351451E-16 ) ) ;
#7479 = ADVANCED_FACE ( 'NONE', ( #1155 ), #38, .F. ) ;
#7480 = ORIENTED_EDGE ( 'NONE', *, *, #4263, .F. ) ;
#7481 = VECTOR ( 'NONE', #5233, 39.37007874015748143 ) ;
#7482 = VECTOR ( 'NONE', #5983, 39.37007874015748143 ) ;
#7483 = CARTESIAN_POINT ( 'NONE',  ( 8.656250000000005329, -17.48437499999999645, -15.00000000000000000 ) ) ;
#7484 = DIRECTION ( 'NONE',  ( 0.000000000000000000, 1.000000000000000000, -3.642463991552351451E-16 ) ) ;
#7485 = ADVANCED_FACE ( 'NONE', ( #1935 ), #8043, .T. ) ;
#7486 = EDGE_CURVE ( 'NONE', #3156, #5278, #6838, .T. ) ;
#7487 = ORIENTED_EDGE ( 'NONE', *, *, #6321, .F. ) ;
#7488 = PRESENTATION_STYLE_ASSIGNMENT (( #1065 ) ) ;
#7489 = VECTOR ( 'NONE', #3971, 39.37007874015748143 ) ;
#7490 = ORIENTED_EDGE ( 'NONE', *, *, #8021, .F. ) ;
#7491 = CARTESIAN_POINT ( 'NONE',  ( 10.06250000000000355, 2.834292293426673064E-15, -0.7500000000000033307 ) ) ;
#7492 = LINE ( 'NONE', #1846, #5794 ) ;
#7493 = CARTESIAN_POINT ( 'NONE',  ( 9.437500000000001776, 0.000000000000000000, -16.00000000000000000 ) ) ;
#7494 = VERTEX_POINT ( 'NONE', #4320 ) ;
#7495 = AXIS2_PLACEMENT_3D ( 'NONE', #2892, #232, #4807 ) ;
#7496 = EDGE_CURVE ( 'NONE', #4383, #4706, #6178, .T. ) ;
#7497 = ORIENTED_EDGE ( 'NONE', *, *, #5795, .F. ) ;
#7498 = LINE ( 'NONE', #1190, #7409 ) ;
#7499 = ORIENTED_EDGE ( 'NONE', *, *, #4798, .F. ) ;
#7500 = CARTESIAN_POINT ( 'NONE',  ( -8.468750000000003553, -0.2499999999999997224, -15.00000000000000000 ) ) ;
#7501 = VECTOR ( 'NONE', #6404, 39.37007874015748143 ) ;
#7502 = ORIENTED_EDGE ( 'NONE', *, *, #3902, .F. ) ;
#7503 = VECTOR ( 'NONE', #3245, 39.37007874015748143 ) ;
#7504 = LENGTH_MEASURE_WITH_UNIT ( LENGTH_MEASURE( 0.02539999999999999897 ), #6377 );
#7505 = CARTESIAN_POINT ( 'NONE',  ( -9.437500000000001776, -6.500000000000000000, -1.500000000000000222 ) ) ;
#7506 = DIRECTION ( 'NONE',  ( 1.000000000000000000, 0.000000000000000000, -7.284927983104701916E-16 ) ) ;
#7507 = CARTESIAN_POINT ( 'NONE',  ( 9.625000000000003553, -1.499999999999997558, -1.500000000000000222 ) ) ;
#7508 = AXIS2_PLACEMENT_3D ( 'NONE', #5381, #2843, #974 ) ;
#7509 = VERTEX_POINT ( 'NONE', #529 ) ;
#7510 = CARTESIAN_POINT ( 'NONE',  ( 8.000000000000003553, -0.2499999999999997224, -14.78125000000000355 ) ) ;
#7511 = COLOUR_RGB ( '',0.5294117647058823595, 0.2627450980392156965, 0.06274509803921568540 ) ;
#7512 = VERTEX_POINT ( 'NONE', #1201 ) ;
#7513 = DIRECTION ( 'NONE',  ( 0.000000000000000000, -1.000000000000000000, 0.000000000000000000 ) ) ;
#7514 = CARTESIAN_POINT ( 'NONE',  ( 8.000000000000003553, -5.781250000000000000, -14.53125000000000000 ) ) ;
#7515 = FACE_BOUND ( 'NONE', #1909, .T. ) ;
#7516 = VECTOR ( 'NONE', #7601, 39.37007874015748143 ) ;
#7517 = LENGTH_MEASURE_WITH_UNIT ( LENGTH_MEASURE( 0.02539999999999999897 ), #1331 );
#7518 = EDGE_CURVE ( 'NONE', #7596, #2614, #1863, .T. ) ;
#7519 = CARTESIAN_POINT ( 'NONE',  ( 10.06250000000000355, -14.01562499999999822, -15.25000000000000000 ) ) ;
#7520 = ORIENTED_EDGE ( 'NONE', *, *, #3296, .F. ) ;
#7521 = LINE ( 'NONE', #5067, #5013 ) ;
#7522 = ORIENTED_EDGE ( 'NONE', *, *, #4772, .F. ) ;
#7523 = VERTEX_POINT ( 'NONE', #3064 ) ;
#7524 = CARTESIAN_POINT ( 'NONE',  ( 0.000000000000000000, -17.48437499999999645, 0.000000000000000000 ) ) ;
#7525 = VECTOR ( 'NONE', #7639, 39.37007874015748143 ) ;
#7526 = DIRECTION ( 'NONE',  ( -1.000000000000000000, 0.000000000000000000, -0.000000000000000000 ) ) ;
#7527 = UNCERTAINTY_MEASURE_WITH_UNIT (LENGTH_MEASURE( 1.000000000000000082E-05 ), #3976, 'distance_accuracy_value', 'NONE');
#7528 = DIRECTION ( 'NONE',  ( -1.000000000000000000, -0.000000000000000000, -0.000000000000000000 ) ) ;
#7529 = ADVANCED_FACE ( 'NONE', ( #2527 ), #602, .T. ) ;
#7530 = DIRECTION ( 'NONE',  ( 0.000000000000000000, 0.000000000000000000, -1.000000000000000000 ) ) ;
#7531 = PLANE ( 'NONE',  #1042 ) ;
#7532 = LENGTH_MEASURE_WITH_UNIT ( LENGTH_MEASURE( 0.02539999999999999897 ), #507 );
#7533 = AXIS2_PLACEMENT_3D ( 'NONE', #3285, #835, #6569 ) ;
#7534 = ORIENTED_EDGE ( 'NONE', *, *, #1775, .F. ) ;
#7535 = CARTESIAN_POINT ( 'NONE',  ( 8.968750000000000000, 2.196710195970565270E-15, -16.00000000000000000 ) ) ;
#7536 = FACE_OUTER_BOUND ( 'NONE', #4084, .T. ) ;
#7537 = PLANE ( 'NONE',  #1601 ) ;
#7538 = LINE ( 'NONE', #1891, #3864 ) ;
#7539 = ADVANCED_FACE ( 'NONE', ( #2407 ), #4900, .T. ) ;
#7540 = VERTEX_POINT ( 'NONE', #78 ) ;
#7541 = ORIENTED_EDGE ( 'NONE', *, *, #2966, .T. ) ;
#7542 = VERTEX_POINT ( 'NONE', #5142 ) ;
#7543 = CARTESIAN_POINT ( 'NONE',  ( -8.468750000000005329, -5.781250000000000000, -14.78125000000000178 ) ) ;
#7544 = EDGE_LOOP ( 'NONE', ( #1322, #6382, #7744, #4467 ) ) ;
#7545 = CARTESIAN_POINT ( 'NONE',  ( -8.968750000000000000, -3.500000000000000000, -15.53125000000000000 ) ) ;
#7546 = ADVANCED_FACE ( 'NONE', ( #6469 ), #5886, .T. ) ;
#7547 = DIRECTION ( 'NONE',  ( 0.000000000000000000, -1.000000000000000000, 0.000000000000000000 ) ) ;
#7548 = CARTESIAN_POINT ( 'NONE',  ( -8.468750000000005329, -5.781250000000000000, -14.78125000000000178 ) ) ;
#7549 = CIRCLE ( 'NONE', #3074, 0.4374999999999998890 ) ;
#7550 = ORIENTED_EDGE ( 'NONE', *, *, #2494, .F. ) ;
#7551 = CARTESIAN_POINT ( 'NONE',  ( 0.000000000000000000, 0.000000000000000000, -14.49999999999999822 ) ) ;
#7552 = VERTEX_POINT ( 'NONE', #5098 ) ;
#7553 = CARTESIAN_POINT ( 'NONE',  ( -8.125000000000003553, -6.500000000000000000, 0.7187499999999992228 ) ) ;
#7554 =( NAMED_UNIT ( * ) SI_UNIT ( $, .STERADIAN. ) SOLID_ANGLE_UNIT ( ) );
#7555 = ORIENTED_EDGE ( 'NONE', *, *, #5108, .T. ) ;
#7556 = CARTESIAN_POINT ( 'NONE',  ( 10.06250000000000355, 2.834292293426673064E-15, -15.68750000000000000 ) ) ;
#7557 = ORIENTED_EDGE ( 'NONE', *, *, #5967, .F. ) ;
#7558 = ORIENTED_EDGE ( 'NONE', *, *, #5530, .T. ) ;
#7559 = EDGE_CURVE ( 'NONE', #4185, #2977, #7756, .T. ) ;
#7560 = DIRECTION ( 'NONE',  ( 0.000000000000000000, -1.000000000000000000, 0.000000000000000000 ) ) ;
#7561 = PLANE ( 'NONE',  #927 ) ;
#7562 = DIRECTION ( 'NONE',  ( -0.000000000000000000, 0.000000000000000000, 1.000000000000000000 ) ) ;
#7563 = CARTESIAN_POINT ( 'NONE',  ( 9.312500000000001776, 0.000000000000000000, -11.18750000000000000 ) ) ;
#7564 = CARTESIAN_POINT ( 'NONE',  ( -9.625000000000005329, -6.500000000000000000, -16.00000000000000000 ) ) ;
#7565 = DIRECTION ( 'NONE',  ( 1.000000000000000000, 0.000000000000000000, -0.000000000000000000 ) ) ;
#7566 = ORIENTED_EDGE ( 'NONE', *, *, #1044, .F. ) ;
#7567 = LENGTH_MEASURE_WITH_UNIT ( LENGTH_MEASURE( 0.02539999999999999897 ), #5665 );
#7568 = ADVANCED_FACE ( 'NONE', ( #725 ), #2650, .F. ) ;
#7569 = ORIENTED_EDGE ( 'NONE', *, *, #8132, .F. ) ;
#7570 = FACE_OUTER_BOUND ( 'NONE', #6107, .T. ) ;
#7571 = FACE_OUTER_BOUND ( 'NONE', #3710, .T. ) ;
#7572 = VERTEX_POINT ( 'NONE', #4647 ) ;
#7573 = ORIENTED_EDGE ( 'NONE', *, *, #6326, .T. ) ;
#7574 = ORIENTED_EDGE ( 'NONE', *, *, #1606, .F. ) ;
#7575 = DIRECTION ( 'NONE',  ( 0.000000000000000000, -1.224646799147352961E-16, 1.000000000000000000 ) ) ;
#7576 = ADVANCED_FACE ( 'NONE', ( #239 ), #2733, .T. ) ;
#7577 = ORIENTED_EDGE ( 'NONE', *, *, #4338, .T. ) ;
#7578 = LINE ( 'NONE', #1396, #3271 ) ;
#7579 = DIRECTION ( 'NONE',  ( -1.000000000000000000, -0.000000000000000000, -0.000000000000000000 ) ) ;
#7580 = CARTESIAN_POINT ( 'NONE',  ( -8.125000000000005329, -6.500000000000000000, 0.5312500000000011102 ) ) ;
#7581 = CARTESIAN_POINT ( 'NONE',  ( -10.06250000000000355, -14.01562499999999822, -14.81249999999999822 ) ) ;
#7582 = EDGE_CURVE ( 'NONE', #6411, #2616, #7005, .T. ) ;
#7583 = CIRCLE ( 'NONE', #466, 0.4375000000000003331 ) ;
#7584 = CARTESIAN_POINT ( 'NONE',  ( 9.156249999999994671, -17.48437500000000000, -15.53124999999999645 ) ) ;
#7585 = ORIENTED_EDGE ( 'NONE', *, *, #1492, .F. ) ;
#7586 = CARTESIAN_POINT ( 'NONE',  ( -8.000000000000003553, -5.781250000000000000, -14.53125000000000000 ) ) ;
#7587 = VERTEX_POINT ( 'NONE', #3879 ) ;
#7588 = DIRECTION ( 'NONE',  ( -1.000000000000000000, 0.000000000000000000, 0.000000000000000000 ) ) ;
#7589 = ADVANCED_FACE ( 'NONE', ( #4048 ), #3916, .F. ) ;
#7590 = CARTESIAN_POINT ( 'NONE',  ( -8.968750000000000000, -6.500000000000000000, -12.53125000000000000 ) ) ;
#7591 = AXIS2_PLACEMENT_3D ( 'NONE', #1584, #3316, #5815 ) ;
#7592 = DIRECTION ( 'NONE',  ( 0.000000000000000000, -0.000000000000000000, 1.000000000000000000 ) ) ;
#7593 = MECHANICAL_DESIGN_GEOMETRIC_PRESENTATION_REPRESENTATION (  '', ( #2997 ), #479 ) ;
#7594 = EDGE_LOOP ( 'NONE', ( #7911, #5710, #4776, #3416 ) ) ;
#7595 = CARTESIAN_POINT ( 'NONE',  ( 9.625000000000003553, 2.296212748401287578E-15, -1.500000000000000222 ) ) ;
#7596 = VERTEX_POINT ( 'NONE', #1401 ) ;
#7597 = EDGE_LOOP ( 'NONE', ( #2575, #2274, #3875, #7822 ) ) ;
#7598 = LINE ( 'NONE', #621, #3170 ) ;
#7599 = COLOUR_RGB ( '',0.5294117647058823595, 0.2627450980392156965, 0.06274509803921568540 ) ;
#7600 = VECTOR ( 'NONE', #524, 39.37007874015748143 ) ;
#7601 = DIRECTION ( 'NONE',  ( -6.993530863780540661E-15, 0.000000000000000000, -1.000000000000000000 ) ) ;
#7602 = DIRECTION ( 'NONE',  ( -8.741913579725688053E-15, 0.000000000000000000, -1.000000000000000000 ) ) ;
#7603 = DIRECTION ( 'NONE',  ( -1.000000000000000000, -0.000000000000000000, -0.000000000000000000 ) ) ;
#7604 = EDGE_CURVE ( 'NONE', #4350, #2528, #6422, .T. ) ;
#7605 = CARTESIAN_POINT ( 'NONE',  ( 0.000000000000000000, 0.000000000000000000, 0.000000000000000000 ) ) ;
#7606 = VECTOR ( 'NONE', #3728, 39.37007874015748143 ) ;
#7607 = AXIS2_PLACEMENT_3D ( 'NONE', #4848, #1144, #2896 ) ;
#7608 = ORIENTED_EDGE ( 'NONE', *, *, #2094, .T. ) ;
#7609 = SURFACE_STYLE_USAGE ( .BOTH. , #2585 ) ;
#7610 = VECTOR ( 'NONE', #4770, 39.37007874015748143 ) ;
#7611 = LINE ( 'NONE', #3250, #8063 ) ;
#7612 = ORIENTED_EDGE ( 'NONE', *, *, #6691, .T. ) ;
#7613 = EDGE_CURVE ( 'NONE', #5751, #3896, #3355, .T. ) ;
#7614 = EDGE_CURVE ( 'NONE', #3697, #7030, #3261, .T. ) ;
#7615 = VERTEX_POINT ( 'NONE', #5186 ) ;
#7616 = CIRCLE ( 'NONE', #6559, 0.4375000000000003331 ) ;
#7617 = VECTOR ( 'NONE', #1667, 39.37007874015748143 ) ;
#7618 = ORIENTED_EDGE ( 'NONE', *, *, #3784, .T. ) ;
#7619 = DIRECTION ( 'NONE',  ( 1.000000000000000000, 0.000000000000000000, 0.000000000000000000 ) ) ;
#7620 = ORIENTED_EDGE ( 'NONE', *, *, #6691, .F. ) ;
#7621 = LINE ( 'NONE', #562, #7333 ) ;
#7622 = CARTESIAN_POINT ( 'NONE',  ( 8.656250000000005329, -14.73437499999999645, -14.78125000000000355 ) ) ;
#7623 = CARTESIAN_POINT ( 'NONE',  ( -11.00000000000000000, 0.000000000000000000, -16.00000000000000000 ) ) ;
#7624 = AXIS2_PLACEMENT_3D ( 'NONE', #4641, #892, #3431 ) ;
#7625 = CARTESIAN_POINT ( 'NONE',  ( -10.06250000000000355, -14.01562499999999822, -15.25000000000000000 ) ) ;
#7626 = ADVANCED_FACE ( 'NONE', ( #2603 ), #2777, .F. ) ;
#7627 = CARTESIAN_POINT ( 'NONE',  ( 8.125000000000003553, 0.000000000000000000, 0.000000000000000000 ) ) ;
#7628 = ORIENTED_EDGE ( 'NONE', *, *, #4712, .F. ) ;
#7629 = CARTESIAN_POINT ( 'NONE',  ( -8.968750000000000000, -6.500000000000000000, -16.00000000000000000 ) ) ;
#7630 = ORIENTED_EDGE ( 'NONE', *, *, #2253, .F. ) ;
#7631 = CARTESIAN_POINT ( 'NONE',  ( -10.06250000000000355, -25.00000000000000000, -15.25000000000000000 ) ) ;
#7632 = CIRCLE ( 'NONE', #6045, 0.4375000000000009992 ) ;
#7633 = SURFACE_STYLE_FILL_AREA ( #6308 ) ;
#7634 =( GEOMETRIC_REPRESENTATION_CONTEXT ( 3 ) GLOBAL_UNCERTAINTY_ASSIGNED_CONTEXT ( ( #1915 ) ) GLOBAL_UNIT_ASSIGNED_CONTEXT ( ( #2209, #3492, #3369 ) ) REPRESENTATION_CONTEXT ( 'NONE', 'WORKASPACE' ) );
#7635 = CARTESIAN_POINT ( 'NONE',  ( 9.437500000000003553, 0.000000000000000000, -7.937499999999999112 ) ) ;
#7636 = ADVANCED_FACE ( 'NONE', ( #1491 ), #7047, .T. ) ;
#7637 = MECHANICAL_DESIGN_GEOMETRIC_PRESENTATION_REPRESENTATION (  '', ( #3960 ), #5431 ) ;
#7638 = EDGE_LOOP ( 'NONE', ( #7480, #7931, #8071, #3028 ) ) ;
#7639 = DIRECTION ( 'NONE',  ( 0.000000000000000000, 1.000000000000000000, 0.000000000000000000 ) ) ;
#7640 = ORIENTED_EDGE ( 'NONE', *, *, #2136, .F. ) ;
#7641 = DIRECTION ( 'NONE',  ( 1.000000000000000000, 0.000000000000000000, 0.000000000000000000 ) ) ;
#7642 = ORIENTED_EDGE ( 'NONE', *, *, #5870, .F. ) ;
#7643 = DIRECTION ( 'NONE',  ( -0.000000000000000000, -0.000000000000000000, 1.000000000000000000 ) ) ;
#7644 = VECTOR ( 'NONE', #8135, 39.37007874015748143 ) ;
#7645 = CARTESIAN_POINT ( 'NONE',  ( -9.156250000000003553, -17.48437500000000000, -15.99999999999999822 ) ) ;
#7646 = SURFACE_STYLE_USAGE ( .BOTH. , #3891 ) ;
#7647 = EDGE_CURVE ( 'NONE', #5304, #2495, #6507, .T. ) ;
#7648 = DIRECTION ( 'NONE',  ( -1.000000000000000000, 0.000000000000000000, -0.000000000000000000 ) ) ;
#7649 = CARTESIAN_POINT ( 'NONE',  ( -8.125000000000003553, 0.000000000000000000, 0.000000000000000000 ) ) ;
#7650 = AXIS2_PLACEMENT_3D ( 'NONE', #2503, #2583, #7565 ) ;
#7651 = CARTESIAN_POINT ( 'NONE',  ( 8.468750000000007105, -5.781250000000000000, 0.06249999999999869549 ) ) ;
#7652 = VECTOR ( 'NONE', #5056, 39.37007874015748143 ) ;
#7653 = ORIENTED_EDGE ( 'NONE', *, *, #382, .F. ) ;
#7654 = LINE ( 'NONE', #2678, #1441 ) ;
#7655 = VECTOR ( 'NONE', #418, 39.37007874015748143 ) ;
#7656 = DIRECTION ( 'NONE',  ( 0.000000000000000000, -1.000000000000000000, 0.000000000000000000 ) ) ;
#7657 = CARTESIAN_POINT ( 'NONE',  ( 9.625000000000001776, -6.500000000000000000, -1.500000000000000222 ) ) ;
#7658 = DIRECTION ( 'NONE',  ( 0.000000000000000000, 0.000000000000000000, 1.000000000000000000 ) ) ;
#7659 = ORIENTED_EDGE ( 'NONE', *, *, #8088, .T. ) ;
#7660 = EDGE_CURVE ( 'NONE', #5446, #6042, #2152, .T. ) ;
#7661 = LINE ( 'NONE', #5129, #5263 ) ;
#7662 = VECTOR ( 'NONE', #6013, 39.37007874015748143 ) ;
#7663 = ORIENTED_EDGE ( 'NONE', *, *, #7226, .T. ) ;
#7664 = ORIENTED_EDGE ( 'NONE', *, *, #7238, .F. ) ;
#7665 = FACE_OUTER_BOUND ( 'NONE', #7294, .T. ) ;
#7666 = EDGE_LOOP ( 'NONE', ( #5924, #4889, #2418, #252 ) ) ;
#7667 = CARTESIAN_POINT ( 'NONE',  ( -9.437500000000000000, -6.500000000000000000, -16.00000000000000000 ) ) ;
#7668 = EDGE_CURVE ( 'NONE', #3738, #4139, #4562, .T. ) ;
#7669 = DIRECTION ( 'NONE',  ( -1.000000000000000000, 8.164311994315433722E-17, 0.000000000000000000 ) ) ;
#7670 = LINE ( 'NONE', #5055, #2005 ) ;
#7671 = CARTESIAN_POINT ( 'NONE',  ( 9.625000000000003553, 0.000000000000000000, 0.5312500000000000000 ) ) ;
#7672 = CARTESIAN_POINT ( 'NONE',  ( -9.437500000000001776, -6.505936120470312141E-17, 0.000000000000000000 ) ) ;
#7673 = DIRECTION ( 'NONE',  ( 0.000000000000000000, 0.000000000000000000, -1.000000000000000000 ) ) ;
#7674 = VERTEX_POINT ( 'NONE', #7834 ) ;
#7675 = FACE_OUTER_BOUND ( 'NONE', #1187, .T. ) ;
#7676 = ORIENTED_EDGE ( 'NONE', *, *, #4349, .F. ) ;
#7677 = LINE ( 'NONE', #6348, #1705 ) ;
#7678 = ADVANCED_FACE ( 'NONE', ( #5315 ), #1029, .F. ) ;
#7679 = DIRECTION ( 'NONE',  ( -1.000000000000000000, -0.000000000000000000, -0.000000000000000000 ) ) ;
#7680 = VECTOR ( 'NONE', #1550, 39.37007874015748143 ) ;
#7681 =( NAMED_UNIT ( * ) SI_UNIT ( $, .STERADIAN. ) SOLID_ANGLE_UNIT ( ) );
#7682 = ORIENTED_EDGE ( 'NONE', *, *, #8143, .F. ) ;
#7683 = DIRECTION ( 'NONE',  ( 0.000000000000000000, 0.000000000000000000, -1.000000000000000000 ) ) ;
#7684 = EDGE_LOOP ( 'NONE', ( #1472, #4610, #7522, #6133, #2885, #7152, #1590, #961, #6483, #3185, #7880, #5479, #2676, #4597, #7051, #5244 ) ) ;
#7685 = LINE ( 'NONE', #7811, #3182 ) ;
#7686 = AXIS2_PLACEMENT_3D ( 'NONE', #1597, #4156, #7358 ) ;
#7687 = ORIENTED_EDGE ( 'NONE', *, *, #4182, .F. ) ;
#7688 = EDGE_CURVE ( 'NONE', #81, #2298, #4782, .T. ) ;
#7689 = DIRECTION ( 'NONE',  ( 0.000000000000000000, 1.000000000000000000, 0.000000000000000000 ) ) ;
#7690 = LINE ( 'NONE', #3087, #1411 ) ;
#7691 = CARTESIAN_POINT ( 'NONE',  ( -9.437500000000001776, -6.505936120470312141E-17, -16.00000000000000000 ) ) ;
#7692 = DIRECTION ( 'NONE',  ( -0.000000000000000000, 0.000000000000000000, 1.000000000000000000 ) ) ;
#7693 = PLANE ( 'NONE',  #5205 ) ;
#7694 = ADVANCED_FACE ( 'NONE', ( #2190 ), #5972, .T. ) ;
#7695 = DIRECTION ( 'NONE',  ( -1.000000000000000000, 0.000000000000000000, 0.000000000000000000 ) ) ;
#7696 = LINE ( 'NONE', #5252, #6742 ) ;
#7697 = EDGE_LOOP ( 'NONE', ( #2686, #151, #90, #5342 ) ) ;
#7698 = DIRECTION ( 'NONE',  ( 1.000000000000000000, 0.000000000000000000, 0.000000000000000000 ) ) ;
#7699 = EDGE_CURVE ( 'NONE', #2859, #3201, #3514, .T. ) ;
#7700 = PLANE ( 'NONE',  #2255 ) ;
#7701 = DIRECTION ( 'NONE',  ( 0.000000000000000000, 0.000000000000000000, -1.000000000000000000 ) ) ;
#7702 = CARTESIAN_POINT ( 'NONE',  ( 8.187500000000007105, -17.48437499999999645, -0.2187500000000011102 ) ) ;
#7703 = ORIENTED_EDGE ( 'NONE', *, *, #3147, .F. ) ;
#7704 = CARTESIAN_POINT ( 'NONE',  ( 9.625000000000001776, -17.48437500000000000, -0.4687500000000068279 ) ) ;
#7705 = EDGE_LOOP ( 'NONE', ( #771, #6687 ) ) ;
#7706 = ORIENTED_EDGE ( 'NONE', *, *, #460, .T. ) ;
#7707 = DIRECTION ( 'NONE',  ( -1.494344201662502786E-16, -0.000000000000000000, -1.000000000000000000 ) ) ;
#7708 = DIRECTION ( 'NONE',  ( 0.000000000000000000, 0.000000000000000000, -1.000000000000000000 ) ) ;
#7709 = DIRECTION ( 'NONE',  ( -0.000000000000000000, 0.000000000000000000, -1.000000000000000000 ) ) ;
#7710 = DIRECTION ( 'NONE',  ( 0.000000000000000000, 0.000000000000000000, -1.000000000000000000 ) ) ;
#7711 = DIRECTION ( 'NONE',  ( 1.000000000000000000, 0.000000000000000000, -0.000000000000000000 ) ) ;
#7712 = DIRECTION ( 'NONE',  ( 0.000000000000000000, 1.000000000000000000, 0.000000000000000000 ) ) ;
#7713 = EDGE_CURVE ( 'NONE', #3289, #5711, #4690, .T. ) ;
#7714 = EDGE_LOOP ( 'NONE', ( #4530, #7569, #6962, #5572 ) ) ;
#7715 = CARTESIAN_POINT ( 'NONE',  ( -9.156250000000003553, -17.48437500000000000, -15.99999999999999822 ) ) ;
#7716 =( NAMED_UNIT ( * ) PLANE_ANGLE_UNIT ( ) SI_UNIT ( $, .RADIAN. ) );
#7717 = DIRECTION ( 'NONE',  ( -1.000000000000000000, -1.681137226870315542E-16, 0.000000000000000000 ) ) ;
#7718 = DIRECTION ( 'NONE',  ( -1.000000000000000000, 0.000000000000000000, -0.000000000000000000 ) ) ;
#7719 = SURFACE_SIDE_STYLE ('',( #5151 ) ) ;
#7720 = ADVANCED_FACE ( 'NONE', ( #6055 ), #2236, .T. ) ;
#7721 = ORIENTED_EDGE ( 'NONE', *, *, #6154, .T. ) ;
#7722 = CARTESIAN_POINT ( 'NONE',  ( -8.468750000000003553, -5.781250000000000000, -15.00000000000000000 ) ) ;
#7723 = VERTEX_POINT ( 'NONE', #6545 ) ;
#7724 = VECTOR ( 'NONE', #3550, 39.37007874015748143 ) ;
#7725 = CARTESIAN_POINT ( 'NONE',  ( -8.656250000000005329, -17.48437500000000000, -14.78125000000000178 ) ) ;
#7726 = CARTESIAN_POINT ( 'NONE',  ( -8.125000000000003553, -2.296212748401277249E-17, 0.7187499999999992228 ) ) ;
#7727 =( NAMED_UNIT ( * ) PLANE_ANGLE_UNIT ( ) SI_UNIT ( $, .RADIAN. ) );
#7728 = VECTOR ( 'NONE', #3937, 39.37007874015748143 ) ;
#7729 = LINE ( 'NONE', #2128, #2198 ) ;
#7730 = EDGE_CURVE ( 'NONE', #7572, #3662, #386, .T. ) ;
#7731 = LINE ( 'NONE', #834, #6189 ) ;
#7732 = ORIENTED_EDGE ( 'NONE', *, *, #3602, .F. ) ;
#7733 = CARTESIAN_POINT ( 'NONE',  ( -8.656250000000005329, -17.48437499999999645, -14.78125000000000178 ) ) ;
#7734 = CIRCLE ( 'NONE', #3913, 0.4375000000000002776 ) ;
#7735 = ORIENTED_EDGE ( 'NONE', *, *, #2744, .T. ) ;
#7736 = ADVANCED_FACE ( 'NONE', ( #7307 ), #2902, .T. ) ;
#7737 = DIRECTION ( 'NONE',  ( -1.000000000000000000, 0.000000000000000000, 0.000000000000000000 ) ) ;
#7738 = LINE ( 'NONE', #3422, #3969 ) ;
#7739 = CARTESIAN_POINT ( 'NONE',  ( -10.06250000000000355, -25.00000000000000000, -0.3125000000000031086 ) ) ;
#7740 = EDGE_LOOP ( 'NONE', ( #240, #1355, #1916, #2830 ) ) ;
#7741 = MECHANICAL_DESIGN_GEOMETRIC_PRESENTATION_REPRESENTATION (  '', ( #1945 ), #354 ) ;
#7742 = EDGE_CURVE ( 'NONE', #1588, #3931, #4091, .T. ) ;
#7743 = CARTESIAN_POINT ( 'NONE',  ( -8.000000000000001776, -0.2499999999999997224, -0.1562500000000008327 ) ) ;
#7744 = ORIENTED_EDGE ( 'NONE', *, *, #1245, .T. ) ;
#7745 = ORIENTED_EDGE ( 'NONE', *, *, #6570, .F. ) ;
#7746 = CARTESIAN_POINT ( 'NONE',  ( 8.468750000000005329, -0.2499999999999997224, -14.78125000000000355 ) ) ;
#7747 = COLOUR_RGB ( '',0.8392156862745098200, 0.4666666666666666741, 0.3686274509803921795 ) ;
#7748 = CONICAL_SURFACE ( 'NONE', #7607, 0.1535190178261026106, 0.5165289235275595248 ) ;
#7749 = CARTESIAN_POINT ( 'NONE',  ( 8.656250000000007105, -17.48437500000000000, -1.299093380678113863E-15 ) ) ;
#7750 = DIRECTION ( 'NONE',  ( 0.000000000000000000, 0.000000000000000000, 1.000000000000000000 ) ) ;
#7751 = DIRECTION ( 'NONE',  ( -9.106159978880883558E-17, 0.000000000000000000, -1.000000000000000000 ) ) ;
#7752 = DIRECTION ( 'NONE',  ( 0.000000000000000000, 0.000000000000000000, 1.000000000000000000 ) ) ;
#7753 = ADVANCED_FACE ( 'NONE', ( #2943 ), #1576, .F. ) ;
#7754 = VECTOR ( 'NONE', #2781, 39.37007874015748143 ) ;
#7755 = AXIS2_PLACEMENT_3D ( 'NONE', #3322, #5818, #3978 ) ;
#7756 = LINE ( 'NONE', #118, #5762 ) ;
#7757 = ORIENTED_EDGE ( 'NONE', *, *, #7210, .F. ) ;
#7758 = LINE ( 'NONE', #41, #1481 ) ;
#7759 = DIRECTION ( 'NONE',  ( 0.000000000000000000, 1.000000000000000000, 0.000000000000000000 ) ) ;
#7760 = DIRECTION ( 'NONE',  ( 1.681137226870315542E-16, -1.000000000000000000, 0.000000000000000000 ) ) ;
#7761 = VECTOR ( 'NONE', #4555, 39.37007874015748143 ) ;
#7762 = DIRECTION ( 'NONE',  ( 0.000000000000000000, 1.000000000000000000, 0.000000000000000000 ) ) ;
#7763 = VERTEX_POINT ( 'NONE', #5930 ) ;
#7764 = CARTESIAN_POINT ( 'NONE',  ( 8.125000000000003553, -6.500000000000000000, 0.5312499999999992228 ) ) ;
#7765 =( GEOMETRIC_REPRESENTATION_CONTEXT ( 3 ) GLOBAL_UNCERTAINTY_ASSIGNED_CONTEXT ( ( #4746 ) ) GLOBAL_UNIT_ASSIGNED_CONTEXT ( ( #5298, #3033, #7199 ) ) REPRESENTATION_CONTEXT ( 'NONE', 'WORKASPACE' ) );
#7766 = VERTEX_POINT ( 'NONE', #282 ) ;
#7767 = CARTESIAN_POINT ( 'NONE',  ( 4.812500000000004441, 0.000000000000000000, 0.4062500000000005551 ) ) ;
#7768 = VECTOR ( 'NONE', #6701, 39.37007874015748143 ) ;
#7769 = FILL_AREA_STYLE ('',( #213 ) ) ;
#7770 = ADVANCED_FACE ( 'NONE', ( #4733 ), #4138, .T. ) ;
#7771 = AXIS2_PLACEMENT_3D ( 'NONE', #6016, #2862, #7841 ) ;
#7772 = PLANE ( 'NONE',  #7785 ) ;
#7773 = DIRECTION ( 'NONE',  ( -1.000000000000000000, 0.000000000000000000, 1.500757696090238830E-16 ) ) ;
#7774 = CARTESIAN_POINT ( 'NONE',  ( -9.312500000000003553, -6.500000000000000000, -8.062499999999998224 ) ) ;
#7775 =( GEOMETRIC_REPRESENTATION_CONTEXT ( 3 ) GLOBAL_UNCERTAINTY_ASSIGNED_CONTEXT ( ( #7024 ) ) GLOBAL_UNIT_ASSIGNED_CONTEXT ( ( #1593, #297, #4025 ) ) REPRESENTATION_CONTEXT ( 'NONE', 'WORKASPACE' ) );
#7776 = LINE ( 'NONE', #1895, #20 ) ;
#7777 = VECTOR ( 'NONE', #7701, 39.37007874015748143 ) ;
#7778 = ORIENTED_EDGE ( 'NONE', *, *, #7864, .F. ) ;
#7779 = DIRECTION ( 'NONE',  ( 1.346415657017119838E-16, -1.000000000000000000, -0.000000000000000000 ) ) ;
#7780 = ORIENTED_EDGE ( 'NONE', *, *, #1719, .T. ) ;
#7781 = EDGE_CURVE ( 'NONE', #1229, #1357, #1659, .T. ) ;
#7782 = PLANE ( 'NONE',  #2780 ) ;
#7783 = LINE ( 'NONE', #2681, #1983 ) ;
#7784 = ORIENTED_EDGE ( 'NONE', *, *, #2649, .T. ) ;
#7785 = AXIS2_PLACEMENT_3D ( 'NONE', #7815, #7158, #3279 ) ;
#7786 = CARTESIAN_POINT ( 'NONE',  ( 9.437500000000001776, 0.000000000000000000, -1.500000000000000222 ) ) ;
#7787 = ORIENTED_EDGE ( 'NONE', *, *, #2926, .F. ) ;
#7788 =( GEOMETRIC_REPRESENTATION_CONTEXT ( 3 ) GLOBAL_UNCERTAINTY_ASSIGNED_CONTEXT ( ( #2199 ) ) GLOBAL_UNIT_ASSIGNED_CONTEXT ( ( #7330, #3587, #7989 ) ) REPRESENTATION_CONTEXT ( 'NONE', 'WORKASPACE' ) );
#7789 = ORIENTED_EDGE ( 'NONE', *, *, #1728, .T. ) ;
#7790 = DIRECTION ( 'NONE',  ( 0.000000000000000000, 1.000000000000000000, 0.000000000000000000 ) ) ;
#7791 = VECTOR ( 'NONE', #5113, 39.37007874015748143 ) ;
#7792 = CARTESIAN_POINT ( 'NONE',  ( -8.187500000000001776, -14.48437499999999822, 1.228745363673883546E-15 ) ) ;
#7793 = EDGE_CURVE ( 'NONE', #7368, #5242, #7074, .T. ) ;
#7794 = LINE ( 'NONE', #5350, #5234 ) ;
#7795 = CARTESIAN_POINT ( 'NONE',  ( 0.000000000000000000, -14.73437499999999645, -14.78125000000000178 ) ) ;
#7796 = VECTOR ( 'NONE', #3606, 39.37007874015748143 ) ;
#7797 = DIRECTION ( 'NONE',  ( 0.000000000000000000, 0.000000000000000000, 1.000000000000000000 ) ) ;
#7798 = ADVANCED_FACE ( 'NONE', ( #4633 ), #5257, .T. ) ;
#7799 = VERTEX_POINT ( 'NONE', #3338 ) ;
#7800 = DIRECTION ( 'NONE',  ( 0.000000000000000000, 0.000000000000000000, 1.000000000000000000 ) ) ;
#7801 = LINE ( 'NONE', #5725, #2090 ) ;
#7802 = VECTOR ( 'NONE', #857, 39.37007874015748143 ) ;
#7803 = PLANE ( 'NONE',  #212 ) ;
#7804 = EDGE_CURVE ( 'NONE', #5839, #4545, #1388, .T. ) ;
#7805 = SURFACE_STYLE_USAGE ( .BOTH. , #2533 ) ;
#7806 = CARTESIAN_POINT ( 'NONE',  ( -8.125000000000005329, 0.000000000000000000, 0.5312500000000011102 ) ) ;
#7807 = CARTESIAN_POINT ( 'NONE',  ( -8.468750000000003553, -5.781250000000000000, -15.00000000000000000 ) ) ;
#7808 = ORIENTED_EDGE ( 'NONE', *, *, #7226, .F. ) ;
#7809 = DIRECTION ( 'NONE',  ( 0.000000000000000000, 0.000000000000000000, 1.000000000000000000 ) ) ;
#7810 = ORIENTED_EDGE ( 'NONE', *, *, #7582, .F. ) ;
#7811 = CARTESIAN_POINT ( 'NONE',  ( 9.312500000000003553, 0.000000000000000000, -4.812499999999999112 ) ) ;
#7812 = FILL_AREA_STYLE ('',( #4709 ) ) ;
#7813 = EDGE_CURVE ( 'NONE', #3628, #6663, #3899, .T. ) ;
#7814 = DIRECTION ( 'NONE',  ( -0.000000000000000000, -0.000000000000000000, 1.000000000000000000 ) ) ;
#7815 = CARTESIAN_POINT ( 'NONE',  ( -8.656250000000005329, -25.00000000000000000, -14.78125000000000178 ) ) ;
#7816 = DIRECTION ( 'NONE',  ( 1.000000000000000000, 0.000000000000000000, 0.000000000000000000 ) ) ;
#7817 = CARTESIAN_POINT ( 'NONE',  ( 9.312500000000003553, -6.500000000000000000, -8.062499999999998224 ) ) ;
#7818 = MECHANICAL_DESIGN_GEOMETRIC_PRESENTATION_REPRESENTATION (  '', ( #39 ), #5560 ) ;
#7819 = CARTESIAN_POINT ( 'NONE',  ( -10.06250000000000355, -14.48437499999999822, -1.187500000000003553 ) ) ;
#7820 = EDGE_CURVE ( 'NONE', #4185, #4884, #3290, .T. ) ;
#7821 = VERTEX_POINT ( 'NONE', #187 ) ;
#7822 = ORIENTED_EDGE ( 'NONE', *, *, #2398, .T. ) ;
#7823 = CARTESIAN_POINT ( 'NONE',  ( -9.437500000000001776, -5.000000000000000000, -14.49999999999999822 ) ) ;
#7824 = DIRECTION ( 'NONE',  ( -7.284927983104702902E-16, 0.000000000000000000, -1.000000000000000000 ) ) ;
#7825 = FACE_OUTER_BOUND ( 'NONE', #7913, .T. ) ;
#7826 = ORIENTED_EDGE ( 'NONE', *, *, #1338, .F. ) ;
#7827 = LENGTH_MEASURE_WITH_UNIT ( LENGTH_MEASURE( 0.02539999999999999897 ), #7079 );
#7828 = ADVANCED_FACE ( 'NONE', ( #6450 ), #7782, .T. ) ;
#7829 = VERTEX_POINT ( 'NONE', #7823 ) ;
#7830 = EDGE_LOOP ( 'NONE', ( #803, #5091, #3740, #6901 ) ) ;
#7831 = CARTESIAN_POINT ( 'NONE',  ( 8.468750000000005329, -5.781250000000000000, -14.78125000000000355 ) ) ;
#7832 = CARTESIAN_POINT ( 'NONE',  ( -10.06250000000000355, 1.365923996832131363E-16, -15.68750000000000000 ) ) ;
#7833 = DIRECTION ( 'NONE',  ( 0.000000000000000000, 1.000000000000000000, 0.000000000000000000 ) ) ;
#7834 = CARTESIAN_POINT ( 'NONE',  ( 10.06250000000000355, -14.48437499999999822, -15.68750000000000000 ) ) ;
#7835 = ADVANCED_FACE ( 'NONE', ( #5173 ), #7700, .T. ) ;
#7836 = ORIENTED_EDGE ( 'NONE', *, *, #6000, .T. ) ;
#7837 = DIRECTION ( 'NONE',  ( 0.000000000000000000, 1.000000000000000000, 0.000000000000000000 ) ) ;
#7838 = EDGE_LOOP ( 'NONE', ( #891, #949, #5540, #992 ) ) ;
#7839 = CARTESIAN_POINT ( 'NONE',  ( 9.437500000000001776, -6.500000000000000000, 0.000000000000000000 ) ) ;
#7840 = ORIENTED_EDGE ( 'NONE', *, *, #6767, .F. ) ;
#7841 = DIRECTION ( 'NONE',  ( 0.000000000000000000, 0.000000000000000000, -1.000000000000000000 ) ) ;
#7842 = DIRECTION ( 'NONE',  ( 0.000000000000000000, 0.000000000000000000, 1.000000000000000000 ) ) ;
#7843 = SURFACE_STYLE_USAGE ( .BOTH. , #6018 ) ;
#7844 = EDGE_CURVE ( 'NONE', #2616, #4082, #884, .T. ) ;
#7845 = LINE ( 'NONE', #4221, #2472 ) ;
#7846 = DIRECTION ( 'NONE',  ( 1.000000000000000000, 0.000000000000000000, 0.000000000000000000 ) ) ;
#7847 = EDGE_CURVE ( 'NONE', #1973, #4185, #4075, .T. ) ;
#7848 = ORIENTED_EDGE ( 'NONE', *, *, #7582, .T. ) ;
#7849 = DIRECTION ( 'NONE',  ( 1.000000000000000000, 1.456985596620922437E-15, 0.000000000000000000 ) ) ;
#7850 = ORIENTED_EDGE ( 'NONE', *, *, #6193, .F. ) ;
#7851 = SURFACE_STYLE_USAGE ( .BOTH. , #965 ) ;
#7852 = DIRECTION ( 'NONE',  ( 0.000000000000000000, 1.000000000000000000, 0.000000000000000000 ) ) ;
#7853 = CARTESIAN_POINT ( 'NONE',  ( -8.656250000000001776, -14.48437499999999822, -0.2187500000000011102 ) ) ;
#7854 = FACE_OUTER_BOUND ( 'NONE', #101, .T. ) ;
#7855 = CLOSED_SHELL ( 'NONE', ( #7736, #2408, #7694, #6255, #107, #7636 ) ) ;
#7856 = FACE_OUTER_BOUND ( 'NONE', #2308, .T. ) ;
#7857 = EDGE_LOOP ( 'NONE', ( #2443, #5346 ) ) ;
#7858 = SURFACE_STYLE_FILL_AREA ( #7119 ) ;
#7859 = VECTOR ( 'NONE', #3302, 39.37007874015748143 ) ;
#7860 = DIRECTION ( 'NONE',  ( 1.000000000000000000, 0.000000000000000000, 0.000000000000000000 ) ) ;
#7861 = ADVANCED_FACE ( 'NONE', ( #1561 ), #4673, .F. ) ;
#7862 = ORIENTED_EDGE ( 'NONE', *, *, #2803, .F. ) ;
#7863 = LINE ( 'NONE', #1686, #7 ) ;
#7864 = EDGE_CURVE ( 'NONE', #3866, #757, #6574, .T. ) ;
#7865 = STYLED_ITEM ( 'NONE', ( #2125 ), #893 ) ;
#7866 = ORIENTED_EDGE ( 'NONE', *, *, #1498, .F. ) ;
#7867 = ORIENTED_EDGE ( 'NONE', *, *, #4406, .T. ) ;
#7868 = DIRECTION ( 'NONE',  ( 0.000000000000000000, 0.000000000000000000, 1.000000000000000000 ) ) ;
#7869 = DIRECTION ( 'NONE',  ( 0.000000000000000000, -1.000000000000000000, -1.260852920152736718E-16 ) ) ;
#7870 = PRESENTATION_LAYER_ASSIGNMENT (  '', '', ( #6804 ) ) ;
#7871 = EDGE_CURVE ( 'NONE', #1047, #593, #4547, .T. ) ;
#7872 = LINE ( 'NONE', #2232, #163 ) ;
#7873 = EDGE_CURVE ( 'NONE', #4200, #6221, #5744, .T. ) ;
#7874 = STYLED_ITEM ( 'NONE', ( #5064 ), #1056 ) ;
#7875 = CARTESIAN_POINT ( 'NONE',  ( -9.437500000000003553, -6.500000000000000000, -4.687500000000000000 ) ) ;
#7876 = DIRECTION ( 'NONE',  ( 0.000000000000000000, 0.000000000000000000, 1.000000000000000000 ) ) ;
#7877 = ORIENTED_EDGE ( 'NONE', *, *, #5898, .T. ) ;
#7878 = DIRECTION ( 'NONE',  ( -1.500757696090239076E-16, 0.000000000000000000, -1.000000000000000000 ) ) ;
#7879 = PRESENTATION_LAYER_ASSIGNMENT (  '', '', ( #6554 ) ) ;
#7880 = ORIENTED_EDGE ( 'NONE', *, *, #3351, .F. ) ;
#7881 = AXIS2_PLACEMENT_3D ( 'NONE', #3835, #8113, #114 ) ;
#7882 = ORIENTED_EDGE ( 'NONE', *, *, #2767, .T. ) ;
#7883 = CARTESIAN_POINT ( 'NONE',  ( -8.125000000000003553, -6.500000000000000000, 0.5312499999999992228 ) ) ;
#7884 = DIRECTION ( 'NONE',  ( -1.494344201662503033E-16, -0.000000000000000000, -1.000000000000000000 ) ) ;
#7885 = EDGE_CURVE ( 'NONE', #4478, #5423, #6839, .T. ) ;
#7886 = UNCERTAINTY_MEASURE_WITH_UNIT (LENGTH_MEASURE( 1.000000000000000082E-05 ), #4209, 'distance_accuracy_value', 'NONE');
#7887 = VECTOR ( 'NONE', #7930, 39.37007874015748143 ) ;
#7888 = FACE_OUTER_BOUND ( 'NONE', #5460, .T. ) ;
#7889 = LINE ( 'NONE', #2983, #7482 ) ;
#7890 = EDGE_LOOP ( 'NONE', ( #6080, #404, #7308, #2809 ) ) ;
#7891 = CYLINDRICAL_SURFACE ( 'NONE', #4483, 0.4375000000000003331 ) ;
#7892 = VERTEX_POINT ( 'NONE', #5124 ) ;
#7893 = FACE_OUTER_BOUND ( 'NONE', #446, .T. ) ;
#7894 = AXIS2_PLACEMENT_3D ( 'NONE', #1980, #7797, #4606 ) ;
#7895 = SURFACE_STYLE_USAGE ( .BOTH. , #5200 ) ;
#7896 = EDGE_CURVE ( 'NONE', #2490, #120, #1476, .T. ) ;
#7897 = LINE ( 'NONE', #4155, #5417 ) ;
#7898 = CARTESIAN_POINT ( 'NONE',  ( -8.656250000000001776, -25.00000000000000000, -0.2187500000000011102 ) ) ;
#7899 = DIRECTION ( 'NONE',  ( 0.000000000000000000, 1.000000000000000000, 0.000000000000000000 ) ) ;
#7900 = CIRCLE ( 'NONE', #116, 0.4375000000000009992 ) ;
#7901 = CARTESIAN_POINT ( 'NONE',  ( 11.00000000000000000, -14.48437499999999822, -16.00000000000000000 ) ) ;
#7902 = EDGE_LOOP ( 'NONE', ( #3313, #7432, #5923, #407 ) ) ;
#7903 = EDGE_CURVE ( 'NONE', #4965, #3852, #6493, .T. ) ;
#7904 = CARTESIAN_POINT ( 'NONE',  ( 0.000000000000000000, 0.000000000000000000, -14.49999999999999822 ) ) ;
#7905 = LINE ( 'NONE', #1725, #7950 ) ;
#7906 = VERTEX_POINT ( 'NONE', #5873 ) ;
#7907 = CARTESIAN_POINT ( 'NONE',  ( 11.00000000000000000, -14.48437499999999822, 1.156250000000002220 ) ) ;
#7908 = VECTOR ( 'NONE', #7643, 39.37007874015748143 ) ;
#7909 = FILL_AREA_STYLE_COLOUR ( '', #1986 ) ;
#7910 = VERTEX_POINT ( 'NONE', #2761 ) ;
#7911 = ORIENTED_EDGE ( 'NONE', *, *, #5827, .T. ) ;
#7912 = PLANE ( 'NONE',  #2098 ) ;
#7913 = EDGE_LOOP ( 'NONE', ( #5674, #154, #3749, #1820 ) ) ;
#7914 = CARTESIAN_POINT ( 'NONE',  ( 8.968750000000000000, -6.500000000000000000, -16.00000000000000000 ) ) ;
#7915 = CIRCLE ( 'NONE', #521, 0.7499999999999998890 ) ;
#7916 = LINE ( 'NONE', #4308, #4713 ) ;
#7917 = DIRECTION ( 'NONE',  ( -8.741913579725650188E-15, 0.000000000000000000, -1.000000000000000000 ) ) ;
#7918 = DIRECTION ( 'NONE',  ( 0.000000000000000000, -0.000000000000000000, -1.000000000000000000 ) ) ;
#7919 = DIRECTION ( 'NONE',  ( 0.000000000000000000, 1.000000000000000000, 0.000000000000000000 ) ) ;
#7920 = AXIS2_PLACEMENT_3D ( 'NONE', #4158, #2262, #1094 ) ;
#7921 = ORIENTED_EDGE ( 'NONE', *, *, #6669, .T. ) ;
#7922 = PLANE ( 'NONE',  #2404 ) ;
#7923 = VECTOR ( 'NONE', #3410, 39.37007874015748143 ) ;
#7924 = DIRECTION ( 'NONE',  ( -8.741913579725688053E-15, 0.000000000000000000, 1.000000000000000000 ) ) ;
#7925 = EDGE_CURVE ( 'NONE', #1795, #5123, #6657, .T. ) ;
#7926 = EDGE_LOOP ( 'NONE', ( #4304, #2134, #5963, #3828 ) ) ;
#7927 = DIRECTION ( 'NONE',  ( 1.346415657017119838E-16, -1.000000000000000000, -0.000000000000000000 ) ) ;
#7928 = VECTOR ( 'NONE', #1904, 39.37007874015748143 ) ;
#7929 =( LENGTH_UNIT ( ) NAMED_UNIT ( * ) SI_UNIT ( $, .METRE. ) );
#7930 = DIRECTION ( 'NONE',  ( -8.741913579725688053E-15, -0.000000000000000000, 1.000000000000000000 ) ) ;
#7931 = ORIENTED_EDGE ( 'NONE', *, *, #4890, .F. ) ;
#7932 = FACE_OUTER_BOUND ( 'NONE', #6498, .T. ) ;
#7933 = VECTOR ( 'NONE', #8072, 39.37007874015748143 ) ;
#7934 = ORIENTED_EDGE ( 'NONE', *, *, #2514, .F. ) ;
#7935 = CARTESIAN_POINT ( 'NONE',  ( 9.437500000000001776, 0.000000000000000000, 0.000000000000000000 ) ) ;
#7936 = EDGE_CURVE ( 'NONE', #7906, #3585, #6083, .T. ) ;
#7937 = DIMENSIONAL_EXPONENTS ( 1.000000000000000000, 0.000000000000000000, 0.000000000000000000, 0.000000000000000000, 0.000000000000000000, 0.000000000000000000, 0.000000000000000000 ) ;
#7938 = CARTESIAN_POINT ( 'NONE',  ( 8.468750000000005329, -0.2499999999999997224, -14.78125000000000355 ) ) ;
#7939 = MECHANICAL_DESIGN_GEOMETRIC_PRESENTATION_REPRESENTATION (  '', ( #526 ), #7788 ) ;
#7940 = DIRECTION ( 'NONE',  ( -0.000000000000000000, 1.000000000000000000, -0.000000000000000000 ) ) ;
#7941 = FACE_OUTER_BOUND ( 'NONE', #3217, .T. ) ;
#7942 = CARTESIAN_POINT ( 'NONE',  ( 11.00000000000000000, -14.01562499999999822, 1.156250000000002220 ) ) ;
#7943 = EDGE_CURVE ( 'NONE', #3091, #5622, #1643, .T. ) ;
#7944 = VECTOR ( 'NONE', #985, 39.37007874015748143 ) ;
#7945 = EDGE_LOOP ( 'NONE', ( #7998, #728, #6192, #4651 ) ) ;
#7946 = LINE ( 'NONE', #4125, #648 ) ;
#7947 = FACE_BOUND ( 'NONE', #5360, .T. ) ;
#7948 = EDGE_CURVE ( 'NONE', #3075, #4441, #3537, .T. ) ;
#7949 = ORIENTED_EDGE ( 'NONE', *, *, #7029, .T. ) ;
#7950 = VECTOR ( 'NONE', #345, 39.37007874015748143 ) ;
#7951 = CARTESIAN_POINT ( 'NONE',  ( 9.437500000000003553, 0.000000000000000000, -7.937499999999999112 ) ) ;
#7952 =( LENGTH_UNIT ( ) NAMED_UNIT ( * ) SI_UNIT ( $, .METRE. ) );
#7953 = EDGE_CURVE ( 'NONE', #7298, #3597, #2219, .T. ) ;
#7954 = ORIENTED_EDGE ( 'NONE', *, *, #511, .F. ) ;
#7955 = ORIENTED_EDGE ( 'NONE', *, *, #1758, .F. ) ;
#7956 = CARTESIAN_POINT ( 'NONE',  ( -11.00000000000000000, -14.01562499999999822, 1.156250000000002220 ) ) ;
#7957 = CARTESIAN_POINT ( 'NONE',  ( -8.968750000000000000, 0.000000000000000000, 0.000000000000000000 ) ) ;
#7958 = PRESENTATION_STYLE_ASSIGNMENT (( #4810 ) ) ;
#7959 = LINE ( 'NONE', #1068, #6617 ) ;
#7960 = ORIENTED_EDGE ( 'NONE', *, *, #5929, .F. ) ;
#7961 = DIRECTION ( 'NONE',  ( 0.000000000000000000, -0.000000000000000000, 1.000000000000000000 ) ) ;
#7962 = VERTEX_POINT ( 'NONE', #7410 ) ;
#7963 = CARTESIAN_POINT ( 'NONE',  ( 8.656250000000005329, -17.48437499999999645, -14.78125000000000355 ) ) ;
#7964 = LINE ( 'NONE', #4051, #6290 ) ;
#7965 = EDGE_LOOP ( 'NONE', ( #2449, #5666, #2479, #3324, #1149, #172, #681, #6557, #2097, #1365, #4498, #2481 ) ) ;
#7966 = FACE_OUTER_BOUND ( 'NONE', #4428, .T. ) ;
#7967 =( NAMED_UNIT ( * ) SI_UNIT ( $, .STERADIAN. ) SOLID_ANGLE_UNIT ( ) );
#7968 = UNCERTAINTY_MEASURE_WITH_UNIT (LENGTH_MEASURE( 1.000000000000000082E-05 ), #3659, 'distance_accuracy_value', 'NONE');
#7969 = EDGE_CURVE ( 'NONE', #7980, #4363, #5461, .T. ) ;
#7970 = CARTESIAN_POINT ( 'NONE',  ( -8.468750000000003553, -5.781250000000000000, 0.06250000000000076328 ) ) ;
#7971 = VERTEX_POINT ( 'NONE', #432 ) ;
#7972 = CARTESIAN_POINT ( 'NONE',  ( 9.437500000000001776, -6.500000000000000000, -16.00000000000000000 ) ) ;
#7973 = ORIENTED_EDGE ( 'NONE', *, *, #7371, .F. ) ;
#7974 = CARTESIAN_POINT ( 'NONE',  ( 9.437500000000003553, -4.999999999999998224, -1.500000000000000222 ) ) ;
#7975 = CARTESIAN_POINT ( 'NONE',  ( 8.968750000000000000, -3.500000000000000000, -15.53125000000000000 ) ) ;
#7976 = CYLINDRICAL_SURFACE ( 'NONE', #4512, 0.4375000000000003331 ) ;
#7977 = EDGE_CURVE ( 'NONE', #2298, #2528, #2963, .T. ) ;
#7978 = CARTESIAN_POINT ( 'NONE',  ( 8.468750000000005329, -25.00000000000000000, -14.78125000000000355 ) ) ;
#7979 = LINE ( 'NONE', #5422, #6466 ) ;
#7980 = VERTEX_POINT ( 'NONE', #1723 ) ;
#7981 = CARTESIAN_POINT ( 'NONE',  ( -11.00000000000000000, -14.48437499999999822, 1.156250000000002220 ) ) ;
#7982 = DIMENSIONAL_EXPONENTS ( 1.000000000000000000, 0.000000000000000000, 0.000000000000000000, 0.000000000000000000, 0.000000000000000000, 0.000000000000000000, 0.000000000000000000 ) ;
#7983 = LINE ( 'NONE', #2347, #262 ) ;
#7984 = DIRECTION ( 'NONE',  ( 1.000000000000000000, 0.000000000000000000, -0.000000000000000000 ) ) ;
#7985 = EDGE_CURVE ( 'NONE', #2203, #4110, #4235, .T. ) ;
#7986 = CLOSED_SHELL ( 'NONE', ( #5296, #3100, #2545, #6946, #1700, #2360 ) ) ;
#7987 = ORIENTED_EDGE ( 'NONE', *, *, #1114, .T. ) ;
#7988 = LINE ( 'NONE', #2350, #2084 ) ;
#7989 =( NAMED_UNIT ( * ) SI_UNIT ( $, .STERADIAN. ) SOLID_ANGLE_UNIT ( ) );
#7990 = ORIENTED_EDGE ( 'NONE', *, *, #5980, .F. ) ;
#7991 =( NAMED_UNIT ( * ) PLANE_ANGLE_UNIT ( ) SI_UNIT ( $, .RADIAN. ) );
#7992 = ADVANCED_FACE ( 'NONE', ( #309 ), #5995, .T. ) ;
#7993 = AXIS2_PLACEMENT_3D ( 'NONE', #5494, #7899, #4230 ) ;
#7994 = CARTESIAN_POINT ( 'NONE',  ( 9.437500000000003553, -6.500000000000000000, -4.812500000000000000 ) ) ;
#7995 = LINE ( 'NONE', #6673, #1220 ) ;
#7996 = ADVANCED_FACE ( 'NONE', ( #1377 ), #6894, .F. ) ;
#7997 = ORIENTED_EDGE ( 'NONE', *, *, #6403, .T. ) ;
#7998 = ORIENTED_EDGE ( 'NONE', *, *, #5435, .T. ) ;
#7999 = CARTESIAN_POINT ( 'NONE',  ( 0.000000000000000000, -6.500000000000000000, 0.000000000000000000 ) ) ;
#8000 = EDGE_LOOP ( 'NONE', ( #5722, #5875, #2323, #708 ) ) ;
#8001 = DIRECTION ( 'NONE',  ( 1.000000000000000000, 0.000000000000000000, 0.000000000000000000 ) ) ;
#8002 = ORIENTED_EDGE ( 'NONE', *, *, #62, .T. ) ;
#8003 = MECHANICAL_DESIGN_GEOMETRIC_PRESENTATION_REPRESENTATION (  '', ( #7874 ), #1558 ) ;
#8004 =( CONVERSION_BASED_UNIT ( 'INCH', #1704 ) LENGTH_UNIT ( ) NAMED_UNIT ( #3354 ) );
#8005 = EDGE_CURVE ( 'NONE', #192, #1679, #6933, .T. ) ;
#8006 = CIRCLE ( 'NONE', #2878, 0.4375000000000009992 ) ;
#8007 = PLANE ( 'NONE',  #6038 ) ;
#8008 = VECTOR ( 'NONE', #2231, 39.37007874015748143 ) ;
#8009 = ORIENTED_EDGE ( 'NONE', *, *, #2700, .F. ) ;
#8010 = CARTESIAN_POINT ( 'NONE',  ( 0.000000000000000000, -0.2499999999999997224, -14.78125000000000355 ) ) ;
#8011 = ORIENTED_EDGE ( 'NONE', *, *, #6225, .T. ) ;
#8012 = CARTESIAN_POINT ( 'NONE',  ( 10.06250000000000355, -14.01562499999999822, -14.81249999999999822 ) ) ;
#8013 = CARTESIAN_POINT ( 'NONE',  ( -9.625000000000003553, -1.500000000000000222, -1.500000000000000222 ) ) ;
#8014 = EDGE_CURVE ( 'NONE', #6167, #5048, #3936, .T. ) ;
#8015 = FACE_OUTER_BOUND ( 'NONE', #716, .T. ) ;
#8016 = DIRECTION ( 'NONE',  ( 0.000000000000000000, 1.000000000000000000, 0.000000000000000000 ) ) ;
#8017 = DIRECTION ( 'NONE',  ( 0.000000000000000000, -0.000000000000000000, -1.000000000000000000 ) ) ;
#8018 = VECTOR ( 'NONE', #4970, 39.37007874015748143 ) ;
#8019 = AXIS2_PLACEMENT_3D ( 'NONE', #5785, #4068, #2673 ) ;
#8020 = ORIENTED_EDGE ( 'NONE', *, *, #4659, .T. ) ;
#8021 = EDGE_CURVE ( 'NONE', #5446, #6529, #1998, .T. ) ;
#8022 = VECTOR ( 'NONE', #1689, 39.37007874015748143 ) ;
#8023 = DIRECTION ( 'NONE',  ( -1.000000000000000000, 0.000000000000000000, 0.000000000000000000 ) ) ;
#8024 = FACE_OUTER_BOUND ( 'NONE', #5220, .T. ) ;
#8025 = ORIENTED_EDGE ( 'NONE', *, *, #1752, .T. ) ;
#8026 = DIRECTION ( 'NONE',  ( 0.000000000000000000, 1.000000000000000000, 0.000000000000000000 ) ) ;
#8027 = ORIENTED_EDGE ( 'NONE', *, *, #4269, .F. ) ;
#8028 = CARTESIAN_POINT ( 'NONE',  ( -8.968750000000000000, -6.031250000000000888, -12.53125000000000000 ) ) ;
#8029 = ADVANCED_FACE ( 'NONE', ( #1295 ), #1252, .T. ) ;
#8030 = MECHANICAL_DESIGN_GEOMETRIC_PRESENTATION_REPRESENTATION (  '', ( #3438 ), #7634 ) ;
#8031 = DIRECTION ( 'NONE',  ( -1.000000000000000000, 0.000000000000000000, -0.000000000000000000 ) ) ;
#8032 = CARTESIAN_POINT ( 'NONE',  ( -9.437500000000001776, 0.000000000000000000, -14.49999999999999822 ) ) ;
#8033 = EDGE_LOOP ( 'NONE', ( #928, #5891, #1621, #6912, #1101, #6810, #50, #680, #2072, #8129, #4372, #2771, #8131, #3212, #1515, #8025 ) ) ;
#8034 = ORIENTED_EDGE ( 'NONE', *, *, #4930, .F. ) ;
#8035 = CARTESIAN_POINT ( 'NONE',  ( -10.06250000000000355, -25.00000000000000000, -15.68750000000000000 ) ) ;
#8036 = CARTESIAN_POINT ( 'NONE',  ( -9.625000000000005329, -17.48437500000000000, -15.99999999999999822 ) ) ;
#8037 = EDGE_CURVE ( 'NONE', #1122, #1695, #7254, .T. ) ;
#8038 = AXIS2_PLACEMENT_3D ( 'NONE', #5538, #2220, #3538 ) ;
#8039 = ORIENTED_EDGE ( 'NONE', *, *, #3090, .F. ) ;
#8040 = CARTESIAN_POINT ( 'NONE',  ( -10.06250000000000355, 0.000000000000000000, -0.7500000000000033307 ) ) ;
#8041 = ADVANCED_FACE ( 'NONE', ( #576 ), #6393, .T. ) ;
#8042 = AXIS2_PLACEMENT_3D ( 'NONE', #2406, #4115, #338 ) ;
#8043 = PLANE ( 'NONE',  #2091 ) ;
#8044 = EDGE_LOOP ( 'NONE', ( #1221, #6500, #6128, #4316 ) ) ;
#8045 = PLANE ( 'NONE',  #5287 ) ;
#8046 = ORIENTED_EDGE ( 'NONE', *, *, #2024, .T. ) ;
#8047 = PLANE ( 'NONE',  #3933 ) ;
#8048 = ADVANCED_FACE ( 'NONE', ( #5778 ), #5696, .F. ) ;
#8049 = AXIS2_PLACEMENT_3D ( 'NONE', #6556, #7315, #6646 ) ;
#8050 = DIRECTION ( 'NONE',  ( 0.000000000000000000, 0.000000000000000000, 1.000000000000000000 ) ) ;
#8051 = AXIS2_PLACEMENT_3D ( 'NONE', #279, #7833, #1573 ) ;
#8052 =( NAMED_UNIT ( * ) PLANE_ANGLE_UNIT ( ) SI_UNIT ( $, .RADIAN. ) );
#8053 = PLANE ( 'NONE',  #1555 ) ;
#8054 = VECTOR ( 'NONE', #950, 39.37007874015748143 ) ;
#8055 = DIRECTION ( 'NONE',  ( 1.000000000000000000, 0.000000000000000000, 0.000000000000000000 ) ) ;
#8056 = ORIENTED_EDGE ( 'NONE', *, *, #3707, .F. ) ;
#8057 = DIRECTION ( 'NONE',  ( -0.000000000000000000, 1.000000000000000000, -0.000000000000000000 ) ) ;
#8058 = PLANE ( 'NONE',  #3209 ) ;
#8059 = EDGE_LOOP ( 'NONE', ( #6757, #6159, #3998, #595 ) ) ;
#8060 = CARTESIAN_POINT ( 'NONE',  ( -8.968750000000000000, -6.031250000000000888, -15.53125000000000000 ) ) ;
#8061 = EDGE_CURVE ( 'NONE', #3246, #7039, #133, .T. ) ;
#8062 = SURFACE_STYLE_FILL_AREA ( #19 ) ;
#8063 = VECTOR ( 'NONE', #1922, 39.37007874015748143 ) ;
#8064 = ORIENTED_EDGE ( 'NONE', *, *, #3001, .T. ) ;
#8065 = CARTESIAN_POINT ( 'NONE',  ( 9.625000000000003553, 0.000000000000000000, 0.5312500000000000000 ) ) ;
#8066 = DIRECTION ( 'NONE',  ( -0.000000000000000000, 1.000000000000000000, -0.000000000000000000 ) ) ;
#8067 = AXIS2_PLACEMENT_3D ( 'NONE', #3997, #5259, #5214 ) ;
#8068 = DIRECTION ( 'NONE',  ( 0.000000000000000000, 1.000000000000000000, 0.000000000000000000 ) ) ;
#8069 = ORIENTED_EDGE ( 'NONE', *, *, #5741, .F. ) ;
#8070 = EDGE_CURVE ( 'NONE', #6056, #1842, #5071, .T. ) ;
#8071 = ORIENTED_EDGE ( 'NONE', *, *, #1743, .T. ) ;
#8072 = DIRECTION ( 'NONE',  ( 0.000000000000000000, -1.000000000000000000, 0.000000000000000000 ) ) ;
#8073 = VECTOR ( 'NONE', #2921, 39.37007874015748143 ) ;
#8074 = DIRECTION ( 'NONE',  ( 1.000000000000000000, 0.000000000000000000, 0.000000000000000000 ) ) ;
#8075 = EDGE_LOOP ( 'NONE', ( #4878, #4259, #3384, #6638 ) ) ;
#8076 = LINE ( 'NONE', #1812, #935 ) ;
#8077 = DIRECTION ( 'NONE',  ( 0.000000000000000000, -1.000000000000000000, 0.000000000000000000 ) ) ;
#8078 = EDGE_CURVE ( 'NONE', #715, #913, #701, .T. ) ;
#8079 = DIRECTION ( 'NONE',  ( 0.000000000000000000, -0.000000000000000000, 1.000000000000000000 ) ) ;
#8080 = VERTEX_POINT ( 'NONE', #1954 ) ;
#8081 = LINE ( 'NONE', #2985, #6199 ) ;
#8082 = ORIENTED_EDGE ( 'NONE', *, *, #4451, .T. ) ;
#8083 = CARTESIAN_POINT ( 'NONE',  ( 9.625000000000001776, -17.48437500000000000, -0.4687500000000009992 ) ) ;
#8084 = EDGE_CURVE ( 'NONE', #3765, #3780, #7598, .T. ) ;
#8085 = CARTESIAN_POINT ( 'NONE',  ( -9.437500000000001776, -6.505936120470312141E-17, -16.00000000000000000 ) ) ;
#8086 = FILL_AREA_STYLE ('',( #5569 ) ) ;
#8087 = ADVANCED_FACE ( 'NONE', ( #1878 ), #6977, .F. ) ;
#8088 = EDGE_CURVE ( 'NONE', #7892, #5730, #1339, .T. ) ;
#8089 = DIRECTION ( 'NONE',  ( 1.000000000000000000, 0.000000000000000000, 0.000000000000000000 ) ) ;
#8090 = ORIENTED_EDGE ( 'NONE', *, *, #7873, .F. ) ;
#8091 = ORIENTED_EDGE ( 'NONE', *, *, #4220, .T. ) ;
#8092 = CARTESIAN_POINT ( 'NONE',  ( -9.625000000000003553, 0.000000000000000000, 0.000000000000000000 ) ) ;
#8093 = UNCERTAINTY_MEASURE_WITH_UNIT (LENGTH_MEASURE( 1.000000000000000082E-05 ), #1465, 'distance_accuracy_value', 'NONE');
#8094 = DIRECTION ( 'NONE',  ( 1.500757696090239076E-16, 0.000000000000000000, 1.000000000000000000 ) ) ;
#8095 = PLANE ( 'NONE',  #1539 ) ;
#8096 = DIRECTION ( 'NONE',  ( 1.000000000000000000, 0.000000000000000000, 0.000000000000000000 ) ) ;
#8097 = FILL_AREA_STYLE_COLOUR ( '', #7265 ) ;
#8098 = ORIENTED_EDGE ( 'NONE', *, *, #2760, .F. ) ;
#8099 = PLANE ( 'NONE',  #4083 ) ;
#8100 = ORIENTED_EDGE ( 'NONE', *, *, #7076, .F. ) ;
#8101 = CARTESIAN_POINT ( 'NONE',  ( 9.156249999999998224, -17.48437500000000000, -0.4687500000000068279 ) ) ;
#8102 = CARTESIAN_POINT ( 'NONE',  ( -10.06250000000000355, 0.000000000000000000, -0.3125000000000031086 ) ) ;
#8103 = CARTESIAN_POINT ( 'NONE',  ( -10.06250000000000355, -25.00000000000000000, -15.25000000000000000 ) ) ;
#8104 = ORIENTED_EDGE ( 'NONE', *, *, #1758, .T. ) ;
#8105 = CLOSED_SHELL ( 'NONE', ( #6636, #7992, #3363, #713, #3745, #2636 ) ) ;
#8106 = ORIENTED_EDGE ( 'NONE', *, *, #6999, .F. ) ;
#8107 = CARTESIAN_POINT ( 'NONE',  ( -9.625000000000001776, -14.48437499999999822, -0.4687500000000009992 ) ) ;
#8108 = EDGE_LOOP ( 'NONE', ( #3854, #1755, #3571, #5507 ) ) ;
#8109 = LINE ( 'NONE', #1740, #3555 ) ;
#8110 = ORIENTED_EDGE ( 'NONE', *, *, #4073, .F. ) ;
#8111 = ADVANCED_FACE ( 'NONE', ( #5612 ), #662, .T. ) ;
#8112 = ADVANCED_FACE ( 'NONE', ( #2541 ), #4996, .T. ) ;
#8113 = DIRECTION ( 'NONE',  ( 1.000000000000000000, 0.000000000000000000, -8.741913579725688053E-15 ) ) ;
#8114 = AXIS2_PLACEMENT_3D ( 'NONE', #1732, #4777, #7301 ) ;
#8115 = CARTESIAN_POINT ( 'NONE',  ( 9.437500000000003553, -4.999999999999998224, -14.49999999999999822 ) ) ;
#8116 = DIRECTION ( 'NONE',  ( -1.000000000000000000, -0.000000000000000000, -0.000000000000000000 ) ) ;
#8117 = EDGE_LOOP ( 'NONE', ( #5562, #2286, #3126, #6931 ) ) ;
#8118 = DIRECTION ( 'NONE',  ( -0.000000000000000000, 1.000000000000000000, 0.000000000000000000 ) ) ;
#8119 = ORIENTED_EDGE ( 'NONE', *, *, #5741, .T. ) ;
#8120 = CARTESIAN_POINT ( 'NONE',  ( 9.312500000000003553, 0.000000000000000000, -4.812499999999999112 ) ) ;
#8121 = AXIS2_PLACEMENT_3D ( 'NONE', #5469, #2354, #7377 ) ;
#8122 = CARTESIAN_POINT ( 'NONE',  ( -8.125000000000003553, 0.000000000000000000, 0.7187499999999992228 ) ) ;
#8123 = EDGE_CURVE ( 'NONE', #7298, #4972, #6611, .T. ) ;
#8124 = DIRECTION ( 'NONE',  ( -1.000000000000000000, -0.000000000000000000, -0.000000000000000000 ) ) ;
#8125 = AXIS2_PLACEMENT_3D ( 'NONE', #822, #2162, #1500 ) ;
#8126 = PRESENTATION_LAYER_ASSIGNMENT (  '', '', ( #7874 ) ) ;
#8127 = VERTEX_POINT ( 'NONE', #7156 ) ;
#8128 = CARTESIAN_POINT ( 'NONE',  ( 10.06250000000000355, 2.834292293426673064E-15, -0.3125000000000029976 ) ) ;
#8129 = ORIENTED_EDGE ( 'NONE', *, *, #4385, .T. ) ;
#8130 =( GEOMETRIC_REPRESENTATION_CONTEXT ( 3 ) GLOBAL_UNCERTAINTY_ASSIGNED_CONTEXT ( ( #5038 ) ) GLOBAL_UNIT_ASSIGNED_CONTEXT ( ( #7329, #2313, #4840 ) ) REPRESENTATION_CONTEXT ( 'NONE', 'WORKASPACE' ) );
#8131 = ORIENTED_EDGE ( 'NONE', *, *, #4492, .T. ) ;
#8132 = EDGE_CURVE ( 'NONE', #4037, #3460, #1546, .T. ) ;
#8133 = PRESENTATION_LAYER_ASSIGNMENT (  '', '', ( #1701 ) ) ;
#8134 = CARTESIAN_POINT ( 'NONE',  ( -8.656250000000005329, -17.48437499999999645, -15.00000000000000000 ) ) ;
#8135 = DIRECTION ( 'NONE',  ( -1.000000000000000000, -0.000000000000000000, -0.000000000000000000 ) ) ;
#8136 = CARTESIAN_POINT ( 'NONE',  ( -9.437500000000003553, 0.000000000000000000, -4.812500000000000000 ) ) ;
#8137 = PLANE ( 'NONE',  #5069 ) ;
#8138 = CIRCLE ( 'NONE', #3148, 0.4375000000000002776 ) ;
#8139 = VECTOR ( 'NONE', #4716, 39.37007874015748143 ) ;
#8140 = FACE_OUTER_BOUND ( 'NONE', #5453, .T. ) ;
#8141 = ORIENTED_EDGE ( 'NONE', *, *, #3466, .F. ) ;
#8142 = CARTESIAN_POINT ( 'NONE',  ( -9.625000000000003553, 0.000000000000000000, 0.5312500000000012212 ) ) ;
#8143 = EDGE_CURVE ( 'NONE', #6039, #3156, #4664, .T. ) ;
#8144 = AXIS2_PLACEMENT_3D ( 'NONE', #2364, #4355, #8001 ) ;
#8145 = VERTEX_POINT ( 'NONE', #2872 ) ;
#8146 = CARTESIAN_POINT ( 'NONE',  ( 8.968750000000000000, -3.500000000000000000, -16.00000000000000000 ) ) ;
#8147 = DIRECTION ( 'NONE',  ( 0.000000000000000000, 0.000000000000000000, 1.000000000000000000 ) ) ;
#8148 = CARTESIAN_POINT ( 'NONE',  ( 8.656250000000007105, -17.48437500000000355, -0.2187500000000011102 ) ) ;
#8149 = ORIENTED_EDGE ( 'NONE', *, *, #5897, .T. ) ;
#8150 = MECHANICAL_DESIGN_GEOMETRIC_PRESENTATION_REPRESENTATION (  '', ( #1311 ), #4988 ) ;
#8151 = ORIENTED_EDGE ( 'NONE', *, *, #4175, .F. ) ;
#8152 = LINE ( 'NONE', #5015, #7933 ) ;
#8153 = VERTEX_POINT ( 'NONE', #5290 ) ;
#8154 = DIRECTION ( 'NONE',  ( 0.000000000000000000, 0.000000000000000000, -1.000000000000000000 ) ) ;
#8155 = AXIS2_PLACEMENT_3D ( 'NONE', #5355, #7340, #7961 ) ;
#8156 = EDGE_CURVE ( 'NONE', #5109, #4052, #1506, .T. ) ;
#8157 = ORIENTED_EDGE ( 'NONE', *, *, #2744, .F. ) ;
#8158 = AXIS2_PLACEMENT_3D ( 'NONE', #6642, #2907, #5322 ) ;
#8159 = PRESENTATION_STYLE_ASSIGNMENT (( #2559 ) ) ;
#8160 = LINE ( 'NONE', #4559, #4113 ) ;
#8161 = CARTESIAN_POINT ( 'NONE',  ( 8.968750000000000000, -6.031250000000000888, -3.000000000000000444 ) ) ;
#8162 = CARTESIAN_POINT ( 'NONE',  ( -9.625000000000003553, -6.123233995736796851E-17, -14.49999999999999822 ) ) ;
#8163 = AXIS2_PLACEMENT_3D ( 'NONE', #7062, #6316, #3769 ) ;
#8164 = EDGE_CURVE ( 'NONE', #454, #2155, #1062, .T. ) ;
#8165 = ORIENTED_EDGE ( 'NONE', *, *, #5343, .F. ) ;
#8166 = LINE ( 'NONE', #6884, #7928 ) ;
#8167 = AXIS2_PLACEMENT_3D ( 'NONE', #3653, #3620, #4837 ) ;
#8168 = ORIENTED_EDGE ( 'NONE', *, *, #1163, .F. ) ;
#8169 = DIRECTION ( 'NONE',  ( -1.000000000000000000, 0.000000000000000000, 0.000000000000000000 ) ) ;
ENDSEC;
END-ISO-10303-21;
